$MeshFormat
2.2 0 8
$EndMeshFormat
$PhysicalNames
8
2 1 "back"
2 2 "topleft"
2 3 "gamaH"
2 4 "gamaE"
2 5 "gamaB"
3 6 "core"
3 7 "coil"
3 8 "air"
$EndPhysicalNames
$Nodes
7400
1 0 0 -0
2 0 0.0052 -0
3 0.0026 0.0052 -0
4 0.0026 0 -0
5 0.0078 0 -0
6 0 0.0078 -0
7 0.0104 0 -0
8 0 0.0104 -0
9 0.0234 0.0234 -0
10 0 0.0234 -0
11 0.0234 0 -0
12 0.0026 0 0.0078
13 0 0 0.0078
14 0 0.0052 0.0078
15 0.0026 0.0052 0.0078
16 0 0.0078 0.0078
17 0.0078 0 0.0078
18 0 0.0104 0.0078
19 0.0104 0 0.0078
20 0 0.0234 0.0078
21 0.0234 0.0234 0.0078
22 0.0234 0 0.0078
23 0.0026 0 0.0234
24 0 0 0.0234
25 0 0.0052 0.0234
26 0.0026 0.0052 0.0234
27 0 0.0078 0.0234
28 0.0078 0 0.0234
29 0 0.0104 0.0234
30 0.0104 0 0.0234
31 0 0.0234 0.0234
32 0.0234 0.0234 0.0234
33 0.0234 0 0.0234
34 0 0.0007693418653828532 0
35 0 0.001468743562341211 0
36 0 0.002104563287411596 0
37 0 0.002682581221025159 0
38 0 0.003208052067984386 0
39 0 0.003685752837304612 0
40 0 0.004120026266363525 0
41 0 0.004514820292343809 0
42 0 0.004873723949763605 0
43 0.0005427083535619515 0.0052 0
44 0.001036079585110871 0.0052 0
45 0.001484598886197154 0.0052 0
46 0.001892343705119673 0.0052 0
47 0.002263020812457767 0.0052 0
48 0.0026 0.004873723946267177 0
49 0.0026 0.004514820289116341 0
50 0.0026 0.004120026263493768 0
51 0.0026 0.003685752834896384 0
52 0.0026 0.003208052066158693 0
53 0.0026 0.00268258121992259 0
54 0.0026 0.002104563287195028 0
55 0.0026 0.001468743563198874 0
56 0.0026 0.0007693418675317493 0
57 0.002263020810957527 0 0
58 0.001892343704051481 0 0
59 0.001484598885662422 0 0
60 0.001036079585226972 0 0
61 0.0005427083544643986 0 0
62 0.007762440868043135 0.0007645336945705691 0
63 0.007650125187145198 0.001521704511725798 0
64 0.00746413461871123 0.002264220482584805 0
65 0.007206260353588038 0.002984930772447696 0
66 0.006878985861917171 0.003676894547242778 0
67 0.006485462975959855 0.004333447817552895 0
68 0.006029481536229349 0.004948267616476433 0
69 0.005515432893255071 0.00551543289325507 0
70 0.004948267616476438 0.006029481536229345 0
71 0.004333447817552903 0.006485462975959849 0
72 0.003676894547242783 0.006878985861917169 0
73 0.002984930772447705 0.007206260353588035 0
74 0.002264220482584807 0.007464134618711229 0
75 0.001521704511725803 0.007650125187145196 0
76 0.0007645336945705715 0.007762440868043135 0
77 0.01013925028669097 0.002314217713145668 0
78 0.009370076226185161 0.004512390886822599 0
79 0.008131047417667519 0.006484293939330817 0
80 0.006484293939330844 0.008131047417667497 0
81 0.004512390886822614 0.009370076226185154 0
82 0.00231421771314568 0.01013925028669096 0
83 0.008666666666666668 0 0
84 0.009533333333333333 0 0
85 0 0.008666666666666668 0
86 0 0.009533333333333333 0
87 0.006886970920051449 0 0
88 0.006065244744327913 0 0
89 0.005325691189472142 0 0
90 0.004660092990987927 0 0
91 0.0040610546109065 0 0
92 0.00352192007046846 0 0
93 0.003036698982283373 0 0
94 0 0.005472276716336838 0
95 0 0.00575816726852433 0
96 0 0.006058352347856523 0
97 0 0.006373546680680416 0
98 0 0.006704500729667859 0
99 0 0.0070520024806811 0
100 0 0.007416879319388487 0
101 0.013 0 0
102 0.0156 0 0
103 0.01819999999999999 0 0
104 0.0208 0 0
105 0.0234 0.005849999999999995 0
106 0.0234 0.01169999999999998 0
107 0.0234 0.01754999999999998 0
108 0.01755 0.0234 0
109 0.01170000000000001 0.0234 0
110 0.005850000000000015 0.0234 0
111 0 0.0208 0
112 0 0.0182 0
113 0 0.0156 0
114 0 0.013 0
115 0.0026 0 0.00065
116 0.0026 0 0.0013
117 0.0026 0 0.00195
118 0.0026 0 0.0026
119 0.0026 0 0.00325
120 0.0026 0 0.0039
121 0.0026 0 0.00455
122 0.0026 0 0.0052
123 0.0026 0 0.005849999999999999
124 0.0026 0 0.0065
125 0.0026 0 0.007149999999999999
126 0 0 0.00065
127 0 0 0.0013
128 0 0 0.00195
129 0 0 0.0026
130 0 0 0.00325
131 0 0 0.0039
132 0 0 0.00455
133 0 0 0.0052
134 0 0 0.005849999999999999
135 0 0 0.0065
136 0 0 0.007149999999999999
137 0.002263020810957527 0 0.0078
138 0.001892343704051481 0 0.0078
139 0.001484598885662422 0 0.0078
140 0.001036079585226972 0 0.0078
141 0.0005427083544643986 0 0.0078
142 0 0.0052 0.00065
143 0 0.0052 0.0013
144 0 0.0052 0.00195
145 0 0.0052 0.0026
146 0 0.0052 0.00325
147 0 0.0052 0.0039
148 0 0.0052 0.00455
149 0 0.0052 0.0052
150 0 0.0052 0.005849999999999999
151 0 0.0052 0.0065
152 0 0.0052 0.007149999999999999
153 0 0.0007693418653828532 0.0078
154 0 0.001468743562341211 0.0078
155 0 0.002104563287411596 0.0078
156 0 0.002682581221025159 0.0078
157 0 0.003208052067984386 0.0078
158 0 0.003685752837304612 0.0078
159 0 0.004120026266363525 0.0078
160 0 0.004514820292343809 0.0078
161 0 0.004873723949763605 0.0078
162 0.0026 0.0052 0.00065
163 0.0026 0.0052 0.0013
164 0.0026 0.0052 0.00195
165 0.0026 0.0052 0.0026
166 0.0026 0.0052 0.00325
167 0.0026 0.0052 0.0039
168 0.0026 0.0052 0.00455
169 0.0026 0.0052 0.0052
170 0.0026 0.0052 0.005849999999999999
171 0.0026 0.0052 0.0065
172 0.0026 0.0052 0.007149999999999999
173 0.0005427083535619515 0.0052 0.0078
174 0.001036079585110871 0.0052 0.0078
175 0.001484598886197154 0.0052 0.0078
176 0.001892343705119673 0.0052 0.0078
177 0.002263020812457767 0.0052 0.0078
178 0.0026 0.004873723946267177 0.0078
179 0.0026 0.004514820289116341 0.0078
180 0.0026 0.004120026263493768 0.0078
181 0.0026 0.003685752834896384 0.0078
182 0.0026 0.003208052066158693 0.0078
183 0.0026 0.00268258121992259 0.0078
184 0.0026 0.002104563287195028 0.0078
185 0.0026 0.001468743563198874 0.0078
186 0.0026 0.0007693418675317493 0.0078
187 0 0.0078 0.00065
188 0 0.0078 0.0013
189 0 0.0078 0.00195
190 0 0.0078 0.0026
191 0 0.0078 0.00325
192 0 0.0078 0.0039
193 0 0.0078 0.00455
194 0 0.0078 0.0052
195 0 0.0078 0.005849999999999999
196 0 0.0078 0.0065
197 0 0.0078 0.007149999999999999
198 0 0.005472276716336838 0.0078
199 0 0.00575816726852433 0.0078
200 0 0.006058352347856523 0.0078
201 0 0.006373546680680416 0.0078
202 0 0.006704500729667859 0.0078
203 0 0.0070520024806811 0.0078
204 0 0.007416879319388487 0.0078
205 0.0078 0 0.00065
206 0.0078 0 0.0013
207 0.0078 0 0.00195
208 0.0078 0 0.0026
209 0.0078 0 0.00325
210 0.0078 0 0.0039
211 0.0078 0 0.00455
212 0.0078 0 0.0052
213 0.0078 0 0.005849999999999999
214 0.0078 0 0.0065
215 0.0078 0 0.007149999999999999
216 0.007762440868043135 0.0007645336945705691 0.0078
217 0.007650125187145198 0.001521704511725798 0.0078
218 0.00746413461871123 0.002264220482584805 0.0078
219 0.007206260353588038 0.002984930772447696 0.0078
220 0.006878985861917171 0.003676894547242778 0.0078
221 0.006485462975959855 0.004333447817552895 0.0078
222 0.006029481536229349 0.004948267616476433 0.0078
223 0.005515432893255071 0.00551543289325507 0.0078
224 0.004948267616476438 0.006029481536229345 0.0078
225 0.004333447817552903 0.006485462975959849 0.0078
226 0.003676894547242783 0.006878985861917169 0.0078
227 0.002984930772447705 0.007206260353588035 0.0078
228 0.002264220482584807 0.007464134618711229 0.0078
229 0.001521704511725803 0.007650125187145196 0.0078
230 0.0007645336945705715 0.007762440868043135 0.0078
231 0.006886970920051449 0 0.0078
232 0.006065244744327913 0 0.0078
233 0.005325691189472142 0 0.0078
234 0.004660092990987927 0 0.0078
235 0.0040610546109065 0 0.0078
236 0.00352192007046846 0 0.0078
237 0.003036698982283373 0 0.0078
238 0 0.0104 0.00065
239 0 0.0104 0.0013
240 0 0.0104 0.00195
241 0 0.0104 0.0026
242 0 0.0104 0.00325
243 0 0.0104 0.0039
244 0 0.0104 0.00455
245 0 0.0104 0.0052
246 0 0.0104 0.005849999999999999
247 0 0.0104 0.0065
248 0 0.0104 0.007149999999999999
249 0 0.008666666666666668 0.0078
250 0 0.009533333333333333 0.0078
251 0.0104 0 0.00065
252 0.0104 0 0.0013
253 0.0104 0 0.00195
254 0.0104 0 0.0026
255 0.0104 0 0.00325
256 0.0104 0 0.0039
257 0.0104 0 0.00455
258 0.0104 0 0.0052
259 0.0104 0 0.005849999999999999
260 0.0104 0 0.0065
261 0.0104 0 0.007149999999999999
262 0.01013925028669097 0.002314217713145668 0.0078
263 0.009370076226185161 0.004512390886822599 0.0078
264 0.008131047417667519 0.006484293939330817 0.0078
265 0.006484293939330844 0.008131047417667497 0.0078
266 0.004512390886822614 0.009370076226185154 0.0078
267 0.00231421771314568 0.01013925028669096 0.0078
268 0.008666666666666668 0 0.0078
269 0.009533333333333333 0 0.0078
270 0 0.0234 0.00065
271 0 0.0234 0.0013
272 0 0.0234 0.00195
273 0 0.0234 0.0026
274 0 0.0234 0.00325
275 0 0.0234 0.0039
276 0 0.0234 0.00455
277 0 0.0234 0.0052
278 0 0.0234 0.005849999999999999
279 0 0.0234 0.0065
280 0 0.0234 0.007149999999999999
281 0 0.0208 0.0078
282 0 0.0182 0.0078
283 0 0.0156 0.0078
284 0 0.013 0.0078
285 0.0234 0.0234 0.00065
286 0.0234 0.0234 0.0013
287 0.0234 0.0234 0.00195
288 0.0234 0.0234 0.0026
289 0.0234 0.0234 0.00325
290 0.0234 0.0234 0.0039
291 0.0234 0.0234 0.00455
292 0.0234 0.0234 0.0052
293 0.0234 0.0234 0.005849999999999999
294 0.0234 0.0234 0.0065
295 0.0234 0.0234 0.007149999999999999
296 0.01755 0.0234 0.0078
297 0.01170000000000001 0.0234 0.0078
298 0.005850000000000015 0.0234 0.0078
299 0.0234 0 0.00065
300 0.0234 0 0.0013
301 0.0234 0 0.00195
302 0.0234 0 0.0026
303 0.0234 0 0.00325
304 0.0234 0 0.0039
305 0.0234 0 0.00455
306 0.0234 0 0.0052
307 0.0234 0 0.005849999999999999
308 0.0234 0 0.0065
309 0.0234 0 0.007149999999999999
310 0.0234 0.005849999999999995 0.0078
311 0.0234 0.01169999999999998 0.0078
312 0.0234 0.01754999999999998 0.0078
313 0.013 0 0.0078
314 0.0156 0 0.0078
315 0.01819999999999999 0 0.0078
316 0.0208 0 0.0078
317 0.0026 0 0.008579999999999999
318 0.0026 0 0.00936
319 0.0026 0 0.01053
320 0.0026 0 0.0117
321 0.0026 0 0.01287
322 0.0026 0 0.01404
323 0.0026 0 0.0156
324 0.0026 0 0.01716
325 0.0026 0 0.01872
326 0.0026 0 0.02028
327 0.0026 0 0.02184
328 0 0 0.008579999999999999
329 0 0 0.00936
330 0 0 0.01053
331 0 0 0.0117
332 0 0 0.01287
333 0 0 0.01404
334 0 0 0.0156
335 0 0 0.01716
336 0 0 0.01872
337 0 0 0.02028
338 0 0 0.02184
339 0.002263020810957527 0 0.0234
340 0.001892343704051481 0 0.0234
341 0.001484598885662422 0 0.0234
342 0.001036079585226972 0 0.0234
343 0.0005427083544643986 0 0.0234
344 0 0.0052 0.008579999999999999
345 0 0.0052 0.00936
346 0 0.0052 0.01053
347 0 0.0052 0.0117
348 0 0.0052 0.01287
349 0 0.0052 0.01404
350 0 0.0052 0.0156
351 0 0.0052 0.01716
352 0 0.0052 0.01872
353 0 0.0052 0.02028
354 0 0.0052 0.02184
355 0 0.0007693418653828532 0.0234
356 0 0.001468743562341211 0.0234
357 0 0.002104563287411596 0.0234
358 0 0.002682581221025159 0.0234
359 0 0.003208052067984386 0.0234
360 0 0.003685752837304612 0.0234
361 0 0.004120026266363525 0.0234
362 0 0.004514820292343809 0.0234
363 0 0.004873723949763605 0.0234
364 0.0026 0.0052 0.008579999999999999
365 0.0026 0.0052 0.00936
366 0.0026 0.0052 0.01053
367 0.0026 0.0052 0.0117
368 0.0026 0.0052 0.01287
369 0.0026 0.0052 0.01404
370 0.0026 0.0052 0.0156
371 0.0026 0.0052 0.01716
372 0.0026 0.0052 0.01872
373 0.0026 0.0052 0.02028
374 0.0026 0.0052 0.02184
375 0.0005427083535619515 0.0052 0.0234
376 0.001036079585110871 0.0052 0.0234
377 0.001484598886197154 0.0052 0.0234
378 0.001892343705119673 0.0052 0.0234
379 0.002263020812457767 0.0052 0.0234
380 0.0026 0.004873723946267177 0.0234
381 0.0026 0.004514820289116341 0.0234
382 0.0026 0.004120026263493768 0.0234
383 0.0026 0.003685752834896384 0.0234
384 0.0026 0.003208052066158693 0.0234
385 0.0026 0.00268258121992259 0.0234
386 0.0026 0.002104563287195028 0.0234
387 0.0026 0.001468743563198874 0.0234
388 0.0026 0.0007693418675317493 0.0234
389 0 0.0078 0.008579999999999999
390 0 0.0078 0.00936
391 0 0.0078 0.01053
392 0 0.0078 0.0117
393 0 0.0078 0.01287
394 0 0.0078 0.01404
395 0 0.0078 0.0156
396 0 0.0078 0.01716
397 0 0.0078 0.01872
398 0 0.0078 0.02028
399 0 0.0078 0.02184
400 0 0.005472276716336838 0.0234
401 0 0.00575816726852433 0.0234
402 0 0.006058352347856523 0.0234
403 0 0.006373546680680416 0.0234
404 0 0.006704500729667859 0.0234
405 0 0.0070520024806811 0.0234
406 0 0.007416879319388487 0.0234
407 0.0078 0 0.008579999999999999
408 0.0078 0 0.00936
409 0.0078 0 0.01053
410 0.0078 0 0.0117
411 0.0078 0 0.01287
412 0.0078 0 0.01404
413 0.0078 0 0.0156
414 0.0078 0 0.01716
415 0.0078 0 0.01872
416 0.0078 0 0.02028
417 0.0078 0 0.02184
418 0.007762440868043135 0.0007645336945705691 0.0234
419 0.007650125187145198 0.001521704511725798 0.0234
420 0.00746413461871123 0.002264220482584805 0.0234
421 0.007206260353588038 0.002984930772447696 0.0234
422 0.006878985861917171 0.003676894547242778 0.0234
423 0.006485462975959855 0.004333447817552895 0.0234
424 0.006029481536229349 0.004948267616476433 0.0234
425 0.005515432893255071 0.00551543289325507 0.0234
426 0.004948267616476438 0.006029481536229345 0.0234
427 0.004333447817552903 0.006485462975959849 0.0234
428 0.003676894547242783 0.006878985861917169 0.0234
429 0.002984930772447705 0.007206260353588035 0.0234
430 0.002264220482584807 0.007464134618711229 0.0234
431 0.001521704511725803 0.007650125187145196 0.0234
432 0.0007645336945705715 0.007762440868043135 0.0234
433 0.006886970920051449 0 0.0234
434 0.006065244744327913 0 0.0234
435 0.005325691189472142 0 0.0234
436 0.004660092990987927 0 0.0234
437 0.0040610546109065 0 0.0234
438 0.00352192007046846 0 0.0234
439 0.003036698982283373 0 0.0234
440 0 0.0104 0.008579999999999999
441 0 0.0104 0.00936
442 0 0.0104 0.01053
443 0 0.0104 0.0117
444 0 0.0104 0.01287
445 0 0.0104 0.01404
446 0 0.0104 0.0156
447 0 0.0104 0.01716
448 0 0.0104 0.01872
449 0 0.0104 0.02028
450 0 0.0104 0.02184
451 0 0.008666666666666668 0.0234
452 0 0.009533333333333333 0.0234
453 0.0104 0 0.008579999999999999
454 0.0104 0 0.00936
455 0.0104 0 0.01053
456 0.0104 0 0.0117
457 0.0104 0 0.01287
458 0.0104 0 0.01404
459 0.0104 0 0.0156
460 0.0104 0 0.01716
461 0.0104 0 0.01872
462 0.0104 0 0.02028
463 0.0104 0 0.02184
464 0.01013925028669097 0.002314217713145668 0.0234
465 0.009370076226185161 0.004512390886822599 0.0234
466 0.008131047417667519 0.006484293939330817 0.0234
467 0.006484293939330844 0.008131047417667497 0.0234
468 0.004512390886822614 0.009370076226185154 0.0234
469 0.00231421771314568 0.01013925028669096 0.0234
470 0.008666666666666668 0 0.0234
471 0.009533333333333333 0 0.0234
472 0 0.0234 0.008579999999999999
473 0 0.0234 0.00936
474 0 0.0234 0.01053
475 0 0.0234 0.0117
476 0 0.0234 0.01287
477 0 0.0234 0.01404
478 0 0.0234 0.0156
479 0 0.0234 0.01716
480 0 0.0234 0.01872
481 0 0.0234 0.02028
482 0 0.0234 0.02184
483 0 0.0208 0.0234
484 0 0.0182 0.0234
485 0 0.0156 0.0234
486 0 0.013 0.0234
487 0.0234 0.0234 0.008579999999999999
488 0.0234 0.0234 0.00936
489 0.0234 0.0234 0.01053
490 0.0234 0.0234 0.0117
491 0.0234 0.0234 0.01287
492 0.0234 0.0234 0.01404
493 0.0234 0.0234 0.0156
494 0.0234 0.0234 0.01716
495 0.0234 0.0234 0.01872
496 0.0234 0.0234 0.02028
497 0.0234 0.0234 0.02184
498 0.01755 0.0234 0.0234
499 0.01170000000000001 0.0234 0.0234
500 0.005850000000000015 0.0234 0.0234
501 0.0234 0 0.008579999999999999
502 0.0234 0 0.00936
503 0.0234 0 0.01053
504 0.0234 0 0.0117
505 0.0234 0 0.01287
506 0.0234 0 0.01404
507 0.0234 0 0.0156
508 0.0234 0 0.01716
509 0.0234 0 0.01872
510 0.0234 0 0.02028
511 0.0234 0 0.02184
512 0.0234 0.005849999999999995 0.0234
513 0.0234 0.01169999999999998 0.0234
514 0.0234 0.01754999999999998 0.0234
515 0.013 0 0.0234
516 0.0156 0 0.0234
517 0.01819999999999999 0 0.0234
518 0.0208 0 0.0234
519 0.002263020811179488 0.0007693418672532369 0
520 0.002263020811381271 0.001468743563087715 0
521 0.00226302081156471 0.002104563287223097 0
522 0.002263020811731472 0.002682581220065492 0
523 0.002263020811883075 0.003208052066395316 0
524 0.002263020812020895 0.003685752835208509 0
525 0.002263020812146186 0.00412002626386571 0
526 0.002263020812260087 0.004514820289534645 0
527 0.002263020812363634 0.00487372394672034 0
528 0.00189234370420952 0.0007693418669468726 0
529 0.001892343704353192 0.00146874356296544 0
530 0.001892343704483804 0.002104563287253973 0
531 0.001892343704602541 0.002682581220222683 0
532 0.001892343704710484 0.003208052066655602 0
533 0.001892343704808614 0.003685752835551845 0
534 0.001892343704897823 0.004120026264274846 0
535 0.001892343704978922 0.004514820289994779 0
536 0.001892343705052649 0.00487372394721882 0
537 0.001484598885741536 0.0007693418666098722 0
538 0.001484598885813457 0.001468743562830937 0
539 0.001484598885878841 0.002104563287287936 0
540 0.00148459888593828 0.002682581220395593 0
541 0.001484598885992316 0.003208052066941916 0
542 0.001484598886041439 0.003685752835929515 0
543 0.001484598886086097 0.004120026264724895 0
544 0.001484598886126695 0.004514820290500926 0
545 0.001484598886163602 0.004873723947767147 0
546 0.001036079585209795 0.0007693418662391713 0
547 0.001036079585194179 0.001468743562682983 0
548 0.001036079585179983 0.002104563287325296 0
549 0.001036079585167078 0.002682581220585794 0
550 0.001036079585155345 0.003208052067256862 0
551 0.00103607958514468 0.003685752836344952 0
552 0.001036079585134984 0.004120026265219949 0
553 0.001036079585126169 0.004514820291057688 0
554 0.001036079585118156 0.004873723948370307 0
555 0.0005427083543308811 0.0007693418658314014 0
556 0.0005427083542095017 0.001468743562520234 0
557 0.0005427083540991568 0.002104563287366391 0
558 0.0005427083539988432 0.002682581220795016 0
559 0.0005427083539076491 0.003208052067603302 0
560 0.0005427083538247453 0.003685752836801933 0
561 0.0005427083537493779 0.00412002626576451 0
562 0.0005427083536808625 0.004514820291670127 0
563 0.0005427083536185758 0.004873723949033782 0
564 0.003166380961087624 0.002374372140718514 0
565 0.003035344416529517 0.003888866418619834 0
566 0.004970113501315402 0.0005341881195131864 0
567 0.002903248587653551 0.005023899044166591 0
568 0.0002664671019465522 0.006215949514268469 0
569 0.00609289929026611 0.00361262013685402 0
570 0.001251867860410828 0.005575814957655783 0
571 0.002085024157963013 0.005566847087314117 0
572 0.004803420614120725 0.005288844605647937 0
573 0.003790437901585972 0.0004402233115504183 0
574 0.006965180625398248 0.001753412537113996 0
575 0.002875479012740576 0.005397485633675427 0
576 0.003241655453643428 0.005200969504465384 0
577 0.0003183070349382644 0.006874730232073704 0
578 0.003204960564641446 0.004710690271828372 0
579 0.001609711563510491 0.00691602795283076 0
580 0.003258310467992274 0.005634222670219461 0
581 0.002819566679903969 0.005844653855237789 0
582 0.003623091253122501 0.004957908347715969 0
583 0.00360788856491378 0.004463750910204585 0
584 0.004042679317713752 0.004696197735018236 0
585 0.004003006506753546 0.004161160090782732 0
586 0.004510149588239825 0.004397781579495684 0
587 0.004466959736673399 0.003812263025881117 0
588 0.003920545938630445 0.00360132450083726 0
589 0.004385085813585087 0.003217233673461758 0
590 0.004959265459100702 0.003447402070039285 0
591 0.004882973600871882 0.00281961033124077 0
592 0.004292079360513364 0.002588467319055791 0
593 0.004791727651641921 0.002184782006128246 0
594 0.004143029322250929 0.001939140524620219 0
595 0.005399209405105655 0.002422426892759595 0
596 0.005300850846340183 0.001776747427387737 0
597 0.003104186896751491 0.00116201990488485 0
598 0.006462273205163037 0.0006781568684874765 0
599 0.0002164046095859211 0.005528094050716744 0
600 0.005907619096873782 0.001921576227796148 0
601 0.006068680875538469 0.002662746013989574 0
602 0.005824926433014001 0.001233863104143178 0
603 0.003248990273127347 0.006117990566131605 0
604 0.00380170974838098 0.005856485482833812 0
605 0.002758246871126535 0.006345174120281997 0
606 0.002307766187819113 0.006025802070470428 0
607 0.004103712701890624 0.005271239169141653 0
608 0.003539350377416455 0.003967205409725385 0
609 0.00338655986130759 0.003379905515307751 0
610 0.003852755046596401 0.002997445798244484 0
611 0.003133108678770693 0.001748201294576903 0
612 0.003698837748825131 0.001445421002888653 0
613 0.003023711929400094 0.002977730861869201 0
614 0.0008110213947959345 0.005583340085476652 0
615 0.0009540805551038812 0.005981804508046169 0
616 0.001469546197829478 0.005947795164470884 0
617 0.00126654091288902 0.006335128577331249 0
618 0.0008868730037961377 0.00638866437202781 0
619 0.001043308708426778 0.006770181521766409 0
620 0.0005224588750237309 0.005904518008098417 0
621 0.003753318080332735 0.00243468090496577 0
622 0.005648174857186172 0.0005709143317487947 0
623 0.003287312361534269 0.0003959040346067934 0
624 0.002936102128271446 0.004366063606219319 0
625 0.001684823413588003 0.005562545008272969 0
626 0.002491809475147406 0.005539131441116294 0
627 0.004704874829760134 0.001579396866011207 0
628 0.0043476269680073 0.0004803309005427261 0
629 0.001806562995878545 0.006284232112241893 0
630 0.002236742761464136 0.006645907726232451 0
631 0.00502447639172094 0.004068724262197745 0
632 0.004987559788667018 0.004672538604089728 0
633 0.005652853757185343 0.004336917782999648 0
634 0.005485432789985969 0.003111357099846534 0
635 0.004025587599292247 0.0009314740713998442 0
636 0.00517907892550984 0.00114053356578767 0
637 0.00029367886979425 0.006505690697900389 0
638 0.00187074459061563 0.005877444288554058 0
639 0.007089073594490607 0.00108304055821859 0
640 0.006777096591777175 0.002466363330655582 0
641 0.004398111699684334 0.005786302753962519 0
642 0.004571400435548016 0.001018758656572482 0
643 0.0002971897256107896 0.007324745508571521 0
644 0.006604784594617392 0.00308071096023793 0
645 0.002871972276770678 0.004695572159174194 0
646 0.005462009129475007 0.003711956522904164 0
647 0.003605695925005961 0.005384165034875256 0
648 0.00292912324144744 0.003428061539370373 0
649 0.0002396834647360488 0.005908259808190427 0
650 0.0007002976241558966 0.007042420151242698 0
651 0.006450380403049244 0.001445053835596321 0
652 0.001159607099865735 0.007253843948869503 0
653 0.003610911368399237 0.001953867498669707 0
654 0.004215215278042007 0.001414082399914044 0
655 0.002915741186844587 0.0003799829187460546 0
656 0.003502814136628373 0.0007976321186065945 0
657 0.0006304403876553561 0.006642082714478713 0
658 0.004489504402126389 0.004865320338678648 0
659 0.003173319615261138 0.006626086653184727 0
660 0.003678672663749808 0.006377132941646856 0
661 0.007243613406294266 0.0004751261110951476 0
662 0.003436417325588182 0.002774571778580116 0
663 0.003291084353053211 0.004267706276565838 0
664 0.006433791518527384 0.002049830389030324 0
665 0.002680765348373565 0.00685253063395932 0
666 0.0005807040294061061 0.006249205531784353 0
667 0.00306863149139838 0.0007174786289812596 0
668 0.0005031296283478852 0.005628554253243761 0
669 0.005452114801226913 0.004972205307406801 0
670 0.001210328954351584 0.008375904883100686 0
671 0.008514219545270069 0.001301587342240097 0
672 0.008336961732801148 0.002957355932154506 0
673 0.002792278505126154 0.008486491980290929 0
674 0.007560567024688313 0.004617680952409135 0
675 0.004615377276534817 0.007561947794870058 0
676 0.006152960477457121 0.005699793054066729 0
677 0.001954749112512097 0.008252299173214808 0
678 0.008200167596407779 0.002054035054283424 0
679 0.0007010173159173226 0.009093009010713563 0
680 0.00924780052754906 0.0006700471308590632 0
681 0.00566786407656529 0.006144307894485099 0
682 0.006841071600027415 0.005461732257999724 0
683 0.003716374397634815 0.007900752443370268 0
684 0.007870570239835967 0.003749850618215343 0
685 0.005456026815770437 0.006839859631229029 0
686 0.001746693546399665 0.009229622276909292 0
687 0.006521648658381931 0.006524954595043868 0
688 0.008398225521505787 0.0005472336335339452 0
689 0.000535175992967896 0.008339604285704811 0
690 0.008787877540815028 0.008736919789847478 0
691 0.004051435050493976 0.01208501123673517 0
692 0.01172203486102022 0.004403571538316466 0
693 0.01661988727136338 0.002739829196847201 0
694 0.002426627581036225 0.01698607442500259 0
695 0.01472274386158439 0.018503140938032 0
696 0.01860799506625824 0.008751705395468179 0
697 0.01050091144267296 0.0066979856398664 0
698 0.01176491647685872 0.009294601792771907 0
699 0.009157068969379477 0.01177947244941779 0
700 0.01295637052419653 0.01215723322325961 0
701 0.0132514792368976 0.006660365879216306 0
702 0.01110446358872504 0.01564553016560563 0
703 0.007875632514358679 0.01466531664399963 0
704 0.008360743174706541 0.01778879601650333 0
705 0.01766447009592765 0.01401545965082921 0
706 0.00657137283727378 0.01045827995919852 0
707 0.01418621932656449 0.003975407636794175 0
708 0.002251666049839543 0.0143 0
709 0.02010331454522723 0.002289473285635739 0
710 0.002267168932834336 0.02025042016250301 0
711 0.01838054629159567 0.005127250625195831 0
712 0.005188332836402654 0.01529348992296108 0
713 0.01906818144033694 0.01856529358705875 0
714 0.01232207621385922 0.002102158356715674 0
715 0.004818574504995954 0.018743756105394 0
716 0.01516675455016966 0.009705661745257155 0
717 0.001789477266895276 0.01205051953094665 0
718 0.014448687646832 0.00187907379192572 0
719 0.01402450892460813 0.01516192997813529 0
720 0.01603548029047484 0.006160036746463142 0
721 0.01134032109105273 0.01981484021033815 0
722 0.006413645877819464 0.01275816276989356 0
723 0.002263020810957527 0 0.00065
724 0.002263020810957527 0 0.0013
725 0.002263020810957527 0 0.00195
726 0.002263020810957527 0 0.0026
727 0.002263020810957527 0 0.00325
728 0.002263020810957527 0 0.0039
729 0.002263020810957527 0 0.00455
730 0.002263020810957527 0 0.0052
731 0.002263020810957527 0 0.005849999999999999
732 0.002263020810957527 0 0.0065
733 0.002263020810957527 0 0.007149999999999999
734 0.001892343704051481 0 0.00065
735 0.001892343704051481 0 0.0013
736 0.001892343704051481 0 0.00195
737 0.001892343704051481 0 0.0026
738 0.001892343704051481 0 0.00325
739 0.001892343704051481 0 0.0039
740 0.001892343704051481 0 0.00455
741 0.001892343704051481 0 0.0052
742 0.001892343704051481 0 0.005849999999999999
743 0.001892343704051481 0 0.0065
744 0.001892343704051481 0 0.007149999999999999
745 0.001484598885662422 0 0.00065
746 0.001484598885662422 0 0.0013
747 0.001484598885662422 0 0.00195
748 0.001484598885662422 0 0.0026
749 0.001484598885662422 0 0.00325
750 0.001484598885662422 0 0.0039
751 0.001484598885662422 0 0.00455
752 0.001484598885662422 0 0.0052
753 0.001484598885662422 0 0.005849999999999999
754 0.001484598885662422 0 0.0065
755 0.001484598885662422 0 0.007149999999999999
756 0.001036079585226972 0 0.00065
757 0.001036079585226972 0 0.0013
758 0.001036079585226972 0 0.00195
759 0.001036079585226972 0 0.0026
760 0.001036079585226972 0 0.00325
761 0.001036079585226972 0 0.0039
762 0.001036079585226972 0 0.00455
763 0.001036079585226972 0 0.0052
764 0.001036079585226972 0 0.005849999999999999
765 0.001036079585226972 0 0.0065
766 0.001036079585226972 0 0.007149999999999999
767 0.0005427083544643986 0 0.00065
768 0.0005427083544643986 0 0.0013
769 0.0005427083544643986 0 0.00195
770 0.0005427083544643986 0 0.0026
771 0.0005427083544643986 0 0.00325
772 0.0005427083544643986 0 0.0039
773 0.0005427083544643986 0 0.00455
774 0.0005427083544643986 0 0.0052
775 0.0005427083544643986 0 0.005849999999999999
776 0.0005427083544643986 0 0.0065
777 0.0005427083544643986 0 0.007149999999999999
778 0 0.0007693418653828532 0.00065
779 0 0.0007693418653828532 0.0013
780 0 0.0007693418653828532 0.00195
781 0 0.0007693418653828532 0.0026
782 0 0.0007693418653828532 0.00325
783 0 0.0007693418653828532 0.0039
784 0 0.0007693418653828532 0.00455
785 0 0.0007693418653828532 0.0052
786 0 0.0007693418653828532 0.005849999999999999
787 0 0.0007693418653828532 0.0065
788 0 0.0007693418653828532 0.007149999999999999
789 0 0.001468743562341211 0.00065
790 0 0.001468743562341211 0.0013
791 0 0.001468743562341211 0.00195
792 0 0.001468743562341211 0.0026
793 0 0.001468743562341211 0.00325
794 0 0.001468743562341211 0.0039
795 0 0.001468743562341211 0.00455
796 0 0.001468743562341211 0.0052
797 0 0.001468743562341211 0.005849999999999999
798 0 0.001468743562341211 0.0065
799 0 0.001468743562341211 0.007149999999999999
800 0 0.002104563287411596 0.00065
801 0 0.002104563287411596 0.0013
802 0 0.002104563287411596 0.00195
803 0 0.002104563287411596 0.0026
804 0 0.002104563287411596 0.00325
805 0 0.002104563287411596 0.0039
806 0 0.002104563287411596 0.00455
807 0 0.002104563287411596 0.0052
808 0 0.002104563287411596 0.005849999999999999
809 0 0.002104563287411596 0.0065
810 0 0.002104563287411596 0.007149999999999999
811 0 0.002682581221025159 0.00065
812 0 0.002682581221025159 0.0013
813 0 0.002682581221025159 0.00195
814 0 0.002682581221025159 0.0026
815 0 0.002682581221025159 0.00325
816 0 0.002682581221025159 0.0039
817 0 0.002682581221025159 0.00455
818 0 0.002682581221025159 0.0052
819 0 0.002682581221025159 0.005849999999999999
820 0 0.002682581221025159 0.0065
821 0 0.002682581221025159 0.007149999999999999
822 0 0.003208052067984386 0.00065
823 0 0.003208052067984386 0.0013
824 0 0.003208052067984386 0.00195
825 0 0.003208052067984386 0.0026
826 0 0.003208052067984386 0.00325
827 0 0.003208052067984386 0.0039
828 0 0.003208052067984386 0.00455
829 0 0.003208052067984386 0.0052
830 0 0.003208052067984386 0.005849999999999999
831 0 0.003208052067984386 0.0065
832 0 0.003208052067984386 0.007149999999999999
833 0 0.003685752837304612 0.00065
834 0 0.003685752837304612 0.0013
835 0 0.003685752837304612 0.00195
836 0 0.003685752837304612 0.0026
837 0 0.003685752837304612 0.00325
838 0 0.003685752837304612 0.0039
839 0 0.003685752837304612 0.00455
840 0 0.003685752837304612 0.0052
841 0 0.003685752837304612 0.005849999999999999
842 0 0.003685752837304612 0.0065
843 0 0.003685752837304612 0.007149999999999999
844 0 0.004120026266363525 0.00065
845 0 0.004120026266363525 0.0013
846 0 0.004120026266363525 0.00195
847 0 0.004120026266363525 0.0026
848 0 0.004120026266363525 0.00325
849 0 0.004120026266363525 0.0039
850 0 0.004120026266363525 0.00455
851 0 0.004120026266363525 0.0052
852 0 0.004120026266363525 0.005849999999999999
853 0 0.004120026266363525 0.0065
854 0 0.004120026266363525 0.007149999999999999
855 0 0.004514820292343809 0.00065
856 0 0.004514820292343809 0.0013
857 0 0.004514820292343809 0.00195
858 0 0.004514820292343809 0.0026
859 0 0.004514820292343809 0.00325
860 0 0.004514820292343809 0.0039
861 0 0.004514820292343809 0.00455
862 0 0.004514820292343809 0.0052
863 0 0.004514820292343809 0.005849999999999999
864 0 0.004514820292343809 0.0065
865 0 0.004514820292343809 0.007149999999999999
866 0 0.004873723949763605 0.00065
867 0 0.004873723949763605 0.0013
868 0 0.004873723949763605 0.00195
869 0 0.004873723949763605 0.0026
870 0 0.004873723949763605 0.00325
871 0 0.004873723949763605 0.0039
872 0 0.004873723949763605 0.00455
873 0 0.004873723949763605 0.0052
874 0 0.004873723949763605 0.005849999999999999
875 0 0.004873723949763605 0.0065
876 0 0.004873723949763605 0.007149999999999999
877 0.0005427083535619515 0.0052 0.00065
878 0.0005427083535619515 0.0052 0.0013
879 0.0005427083535619515 0.0052 0.00195
880 0.0005427083535619515 0.0052 0.0026
881 0.0005427083535619515 0.0052 0.00325
882 0.0005427083535619515 0.0052 0.0039
883 0.0005427083535619515 0.0052 0.00455
884 0.0005427083535619515 0.0052 0.0052
885 0.0005427083535619515 0.0052 0.005849999999999999
886 0.0005427083535619515 0.0052 0.0065
887 0.0005427083535619515 0.0052 0.007149999999999999
888 0.001036079585110871 0.0052 0.00065
889 0.001036079585110871 0.0052 0.0013
890 0.001036079585110871 0.0052 0.00195
891 0.001036079585110871 0.0052 0.0026
892 0.001036079585110871 0.0052 0.00325
893 0.001036079585110871 0.0052 0.0039
894 0.001036079585110871 0.0052 0.00455
895 0.001036079585110871 0.0052 0.0052
896 0.001036079585110871 0.0052 0.005849999999999999
897 0.001036079585110871 0.0052 0.0065
898 0.001036079585110871 0.0052 0.007149999999999999
899 0.001484598886197154 0.0052 0.00065
900 0.001484598886197154 0.0052 0.0013
901 0.001484598886197154 0.0052 0.00195
902 0.001484598886197154 0.0052 0.0026
903 0.001484598886197154 0.0052 0.00325
904 0.001484598886197154 0.0052 0.0039
905 0.001484598886197154 0.0052 0.00455
906 0.001484598886197154 0.0052 0.0052
907 0.001484598886197154 0.0052 0.005849999999999999
908 0.001484598886197154 0.0052 0.0065
909 0.001484598886197154 0.0052 0.007149999999999999
910 0.001892343705119673 0.0052 0.00065
911 0.001892343705119673 0.0052 0.0013
912 0.001892343705119673 0.0052 0.00195
913 0.001892343705119673 0.0052 0.0026
914 0.001892343705119673 0.0052 0.00325
915 0.001892343705119673 0.0052 0.0039
916 0.001892343705119673 0.0052 0.00455
917 0.001892343705119673 0.0052 0.0052
918 0.001892343705119673 0.0052 0.005849999999999999
919 0.001892343705119673 0.0052 0.0065
920 0.001892343705119673 0.0052 0.007149999999999999
921 0.002263020812457767 0.0052 0.00065
922 0.002263020812457767 0.0052 0.0013
923 0.002263020812457767 0.0052 0.00195
924 0.002263020812457767 0.0052 0.0026
925 0.002263020812457767 0.0052 0.00325
926 0.002263020812457767 0.0052 0.0039
927 0.002263020812457767 0.0052 0.00455
928 0.002263020812457767 0.0052 0.0052
929 0.002263020812457767 0.0052 0.005849999999999999
930 0.002263020812457767 0.0052 0.0065
931 0.002263020812457767 0.0052 0.007149999999999999
932 0.0026 0.004873723946267177 0.00065
933 0.0026 0.004873723946267177 0.0013
934 0.0026 0.004873723946267177 0.00195
935 0.0026 0.004873723946267177 0.0026
936 0.0026 0.004873723946267177 0.00325
937 0.0026 0.004873723946267177 0.0039
938 0.0026 0.004873723946267177 0.00455
939 0.0026 0.004873723946267177 0.0052
940 0.0026 0.004873723946267177 0.005849999999999999
941 0.0026 0.004873723946267177 0.0065
942 0.0026 0.004873723946267177 0.007149999999999999
943 0.0026 0.004514820289116341 0.00065
944 0.0026 0.004514820289116341 0.0013
945 0.0026 0.004514820289116341 0.00195
946 0.0026 0.004514820289116341 0.0026
947 0.0026 0.004514820289116341 0.00325
948 0.0026 0.004514820289116341 0.0039
949 0.0026 0.004514820289116341 0.00455
950 0.0026 0.004514820289116341 0.0052
951 0.0026 0.004514820289116341 0.005849999999999999
952 0.0026 0.004514820289116341 0.0065
953 0.0026 0.004514820289116341 0.007149999999999999
954 0.0026 0.004120026263493768 0.00065
955 0.0026 0.004120026263493768 0.0013
956 0.0026 0.004120026263493768 0.00195
957 0.0026 0.004120026263493768 0.0026
958 0.0026 0.004120026263493768 0.00325
959 0.0026 0.004120026263493768 0.0039
960 0.0026 0.004120026263493768 0.00455
961 0.0026 0.004120026263493768 0.0052
962 0.0026 0.004120026263493768 0.005849999999999999
963 0.0026 0.004120026263493768 0.0065
964 0.0026 0.004120026263493768 0.007149999999999999
965 0.0026 0.003685752834896384 0.00065
966 0.0026 0.003685752834896384 0.0013
967 0.0026 0.003685752834896384 0.00195
968 0.0026 0.003685752834896384 0.0026
969 0.0026 0.003685752834896384 0.00325
970 0.0026 0.003685752834896384 0.0039
971 0.0026 0.003685752834896384 0.00455
972 0.0026 0.003685752834896384 0.0052
973 0.0026 0.003685752834896384 0.005849999999999999
974 0.0026 0.003685752834896384 0.0065
975 0.0026 0.003685752834896384 0.007149999999999999
976 0.0026 0.003208052066158693 0.00065
977 0.0026 0.003208052066158693 0.0013
978 0.0026 0.003208052066158693 0.00195
979 0.0026 0.003208052066158693 0.0026
980 0.0026 0.003208052066158693 0.00325
981 0.0026 0.003208052066158693 0.0039
982 0.0026 0.003208052066158693 0.00455
983 0.0026 0.003208052066158693 0.0052
984 0.0026 0.003208052066158693 0.005849999999999999
985 0.0026 0.003208052066158693 0.0065
986 0.0026 0.003208052066158693 0.007149999999999999
987 0.0026 0.00268258121992259 0.00065
988 0.0026 0.00268258121992259 0.0013
989 0.0026 0.00268258121992259 0.00195
990 0.0026 0.00268258121992259 0.0026
991 0.0026 0.00268258121992259 0.00325
992 0.0026 0.00268258121992259 0.0039
993 0.0026 0.00268258121992259 0.00455
994 0.0026 0.00268258121992259 0.0052
995 0.0026 0.00268258121992259 0.005849999999999999
996 0.0026 0.00268258121992259 0.0065
997 0.0026 0.00268258121992259 0.007149999999999999
998 0.0026 0.002104563287195028 0.00065
999 0.0026 0.002104563287195028 0.0013
1000 0.0026 0.002104563287195028 0.00195
1001 0.0026 0.002104563287195028 0.0026
1002 0.0026 0.002104563287195028 0.00325
1003 0.0026 0.002104563287195028 0.0039
1004 0.0026 0.002104563287195028 0.00455
1005 0.0026 0.002104563287195028 0.0052
1006 0.0026 0.002104563287195028 0.005849999999999999
1007 0.0026 0.002104563287195028 0.0065
1008 0.0026 0.002104563287195028 0.007149999999999999
1009 0.0026 0.001468743563198874 0.00065
1010 0.0026 0.001468743563198874 0.0013
1011 0.0026 0.001468743563198874 0.00195
1012 0.0026 0.001468743563198874 0.0026
1013 0.0026 0.001468743563198874 0.00325
1014 0.0026 0.001468743563198874 0.0039
1015 0.0026 0.001468743563198874 0.00455
1016 0.0026 0.001468743563198874 0.0052
1017 0.0026 0.001468743563198874 0.005849999999999999
1018 0.0026 0.001468743563198874 0.0065
1019 0.0026 0.001468743563198874 0.007149999999999999
1020 0.0026 0.0007693418675317493 0.00065
1021 0.0026 0.0007693418675317493 0.0013
1022 0.0026 0.0007693418675317493 0.00195
1023 0.0026 0.0007693418675317493 0.0026
1024 0.0026 0.0007693418675317493 0.00325
1025 0.0026 0.0007693418675317493 0.0039
1026 0.0026 0.0007693418675317493 0.00455
1027 0.0026 0.0007693418675317493 0.0052
1028 0.0026 0.0007693418675317493 0.005849999999999999
1029 0.0026 0.0007693418675317493 0.0065
1030 0.0026 0.0007693418675317493 0.007149999999999999
1031 0.002263020811179488 0.0007693418672532369 0.0078
1032 0.002263020811381271 0.001468743563087715 0.0078
1033 0.00226302081156471 0.002104563287223097 0.0078
1034 0.002263020811731472 0.002682581220065492 0.0078
1035 0.002263020811883075 0.003208052066395316 0.0078
1036 0.002263020812020895 0.003685752835208509 0.0078
1037 0.002263020812146186 0.00412002626386571 0.0078
1038 0.002263020812260087 0.004514820289534645 0.0078
1039 0.002263020812363634 0.00487372394672034 0.0078
1040 0.00189234370420952 0.0007693418669468726 0.0078
1041 0.001892343704353192 0.00146874356296544 0.0078
1042 0.001892343704483804 0.002104563287253973 0.0078
1043 0.001892343704602541 0.002682581220222683 0.0078
1044 0.001892343704710484 0.003208052066655602 0.0078
1045 0.001892343704808614 0.003685752835551845 0.0078
1046 0.001892343704897823 0.004120026264274846 0.0078
1047 0.001892343704978922 0.004514820289994779 0.0078
1048 0.001892343705052649 0.00487372394721882 0.0078
1049 0.001484598885741536 0.0007693418666098722 0.0078
1050 0.001484598885813457 0.001468743562830937 0.0078
1051 0.001484598885878841 0.002104563287287936 0.0078
1052 0.00148459888593828 0.002682581220395593 0.0078
1053 0.001484598885992316 0.003208052066941916 0.0078
1054 0.001484598886041439 0.003685752835929515 0.0078
1055 0.001484598886086097 0.004120026264724895 0.0078
1056 0.001484598886126695 0.004514820290500926 0.0078
1057 0.001484598886163602 0.004873723947767147 0.0078
1058 0.001036079585209795 0.0007693418662391713 0.0078
1059 0.001036079585194179 0.001468743562682983 0.0078
1060 0.001036079585179983 0.002104563287325296 0.0078
1061 0.001036079585167078 0.002682581220585794 0.0078
1062 0.001036079585155345 0.003208052067256862 0.0078
1063 0.00103607958514468 0.003685752836344952 0.0078
1064 0.001036079585134984 0.004120026265219949 0.0078
1065 0.001036079585126169 0.004514820291057688 0.0078
1066 0.001036079585118156 0.004873723948370307 0.0078
1067 0.0005427083543308811 0.0007693418658314014 0.0078
1068 0.0005427083542095017 0.001468743562520234 0.0078
1069 0.0005427083540991568 0.002104563287366391 0.0078
1070 0.0005427083539988432 0.002682581220795016 0.0078
1071 0.0005427083539076491 0.003208052067603302 0.0078
1072 0.0005427083538247453 0.003685752836801933 0.0078
1073 0.0005427083537493779 0.00412002626576451 0.0078
1074 0.0005427083536808625 0.004514820291670127 0.0078
1075 0.0005427083536185758 0.004873723949033782 0.0078
1076 0 0.005472276716336838 0.00065
1077 0 0.005472276716336838 0.0013
1078 0 0.005472276716336838 0.00195
1079 0 0.005472276716336838 0.0026
1080 0 0.005472276716336838 0.00325
1081 0 0.005472276716336838 0.0039
1082 0 0.005472276716336838 0.00455
1083 0 0.005472276716336838 0.0052
1084 0 0.005472276716336838 0.005849999999999999
1085 0 0.005472276716336838 0.0065
1086 0 0.005472276716336838 0.007149999999999999
1087 0 0.00575816726852433 0.00065
1088 0 0.00575816726852433 0.0013
1089 0 0.00575816726852433 0.00195
1090 0 0.00575816726852433 0.0026
1091 0 0.00575816726852433 0.00325
1092 0 0.00575816726852433 0.0039
1093 0 0.00575816726852433 0.00455
1094 0 0.00575816726852433 0.0052
1095 0 0.00575816726852433 0.005849999999999999
1096 0 0.00575816726852433 0.0065
1097 0 0.00575816726852433 0.007149999999999999
1098 0 0.006058352347856523 0.00065
1099 0 0.006058352347856523 0.0013
1100 0 0.006058352347856523 0.00195
1101 0 0.006058352347856523 0.0026
1102 0 0.006058352347856523 0.00325
1103 0 0.006058352347856523 0.0039
1104 0 0.006058352347856523 0.00455
1105 0 0.006058352347856523 0.0052
1106 0 0.006058352347856523 0.005849999999999999
1107 0 0.006058352347856523 0.0065
1108 0 0.006058352347856523 0.007149999999999999
1109 0 0.006373546680680416 0.00065
1110 0 0.006373546680680416 0.0013
1111 0 0.006373546680680416 0.00195
1112 0 0.006373546680680416 0.0026
1113 0 0.006373546680680416 0.00325
1114 0 0.006373546680680416 0.0039
1115 0 0.006373546680680416 0.00455
1116 0 0.006373546680680416 0.0052
1117 0 0.006373546680680416 0.005849999999999999
1118 0 0.006373546680680416 0.0065
1119 0 0.006373546680680416 0.007149999999999999
1120 0 0.006704500729667859 0.00065
1121 0 0.006704500729667859 0.0013
1122 0 0.006704500729667859 0.00195
1123 0 0.006704500729667859 0.0026
1124 0 0.006704500729667859 0.00325
1125 0 0.006704500729667859 0.0039
1126 0 0.006704500729667859 0.00455
1127 0 0.006704500729667859 0.0052
1128 0 0.006704500729667859 0.005849999999999999
1129 0 0.006704500729667859 0.0065
1130 0 0.006704500729667859 0.007149999999999999
1131 0 0.0070520024806811 0.00065
1132 0 0.0070520024806811 0.0013
1133 0 0.0070520024806811 0.00195
1134 0 0.0070520024806811 0.0026
1135 0 0.0070520024806811 0.00325
1136 0 0.0070520024806811 0.0039
1137 0 0.0070520024806811 0.00455
1138 0 0.0070520024806811 0.0052
1139 0 0.0070520024806811 0.005849999999999999
1140 0 0.0070520024806811 0.0065
1141 0 0.0070520024806811 0.007149999999999999
1142 0 0.007416879319388487 0.00065
1143 0 0.007416879319388487 0.0013
1144 0 0.007416879319388487 0.00195
1145 0 0.007416879319388487 0.0026
1146 0 0.007416879319388487 0.00325
1147 0 0.007416879319388487 0.0039
1148 0 0.007416879319388487 0.00455
1149 0 0.007416879319388487 0.0052
1150 0 0.007416879319388487 0.005849999999999999
1151 0 0.007416879319388487 0.0065
1152 0 0.007416879319388487 0.007149999999999999
1153 0.007762440868043135 0.0007645336945705691 0.00065
1154 0.007762440868043135 0.0007645336945705691 0.0013
1155 0.007762440868043135 0.0007645336945705691 0.00195
1156 0.007762440868043135 0.0007645336945705691 0.0026
1157 0.007762440868043135 0.0007645336945705691 0.00325
1158 0.007762440868043135 0.0007645336945705691 0.0039
1159 0.007762440868043135 0.0007645336945705691 0.00455
1160 0.007762440868043135 0.0007645336945705691 0.0052
1161 0.007762440868043135 0.0007645336945705691 0.005849999999999999
1162 0.007762440868043135 0.0007645336945705691 0.0065
1163 0.007762440868043135 0.0007645336945705691 0.007149999999999999
1164 0.007650125187145198 0.001521704511725798 0.00065
1165 0.007650125187145198 0.001521704511725798 0.0013
1166 0.007650125187145198 0.001521704511725798 0.00195
1167 0.007650125187145198 0.001521704511725798 0.0026
1168 0.007650125187145198 0.001521704511725798 0.00325
1169 0.007650125187145198 0.001521704511725798 0.0039
1170 0.007650125187145198 0.001521704511725798 0.00455
1171 0.007650125187145198 0.001521704511725798 0.0052
1172 0.007650125187145198 0.001521704511725798 0.005849999999999999
1173 0.007650125187145198 0.001521704511725798 0.0065
1174 0.007650125187145198 0.001521704511725798 0.007149999999999999
1175 0.00746413461871123 0.002264220482584805 0.00065
1176 0.00746413461871123 0.002264220482584805 0.0013
1177 0.00746413461871123 0.002264220482584805 0.00195
1178 0.00746413461871123 0.002264220482584805 0.0026
1179 0.00746413461871123 0.002264220482584805 0.00325
1180 0.00746413461871123 0.002264220482584805 0.0039
1181 0.00746413461871123 0.002264220482584805 0.00455
1182 0.00746413461871123 0.002264220482584805 0.0052
1183 0.00746413461871123 0.002264220482584805 0.005849999999999999
1184 0.00746413461871123 0.002264220482584805 0.0065
1185 0.00746413461871123 0.002264220482584805 0.007149999999999999
1186 0.007206260353588038 0.002984930772447696 0.00065
1187 0.007206260353588038 0.002984930772447696 0.0013
1188 0.007206260353588038 0.002984930772447696 0.00195
1189 0.007206260353588038 0.002984930772447696 0.0026
1190 0.007206260353588038 0.002984930772447696 0.00325
1191 0.007206260353588038 0.002984930772447696 0.0039
1192 0.007206260353588038 0.002984930772447696 0.00455
1193 0.007206260353588038 0.002984930772447696 0.0052
1194 0.007206260353588038 0.002984930772447696 0.005849999999999999
1195 0.007206260353588038 0.002984930772447696 0.0065
1196 0.007206260353588038 0.002984930772447696 0.007149999999999999
1197 0.006878985861917171 0.003676894547242778 0.00065
1198 0.006878985861917171 0.003676894547242778 0.0013
1199 0.006878985861917171 0.003676894547242778 0.00195
1200 0.006878985861917171 0.003676894547242778 0.0026
1201 0.006878985861917171 0.003676894547242778 0.00325
1202 0.006878985861917171 0.003676894547242778 0.0039
1203 0.006878985861917171 0.003676894547242778 0.00455
1204 0.006878985861917171 0.003676894547242778 0.0052
1205 0.006878985861917171 0.003676894547242778 0.005849999999999999
1206 0.006878985861917171 0.003676894547242778 0.0065
1207 0.006878985861917171 0.003676894547242778 0.007149999999999999
1208 0.006485462975959855 0.004333447817552895 0.00065
1209 0.006485462975959855 0.004333447817552895 0.0013
1210 0.006485462975959855 0.004333447817552895 0.00195
1211 0.006485462975959855 0.004333447817552895 0.0026
1212 0.006485462975959855 0.004333447817552895 0.00325
1213 0.006485462975959855 0.004333447817552895 0.0039
1214 0.006485462975959855 0.004333447817552895 0.00455
1215 0.006485462975959855 0.004333447817552895 0.0052
1216 0.006485462975959855 0.004333447817552895 0.005849999999999999
1217 0.006485462975959855 0.004333447817552895 0.0065
1218 0.006485462975959855 0.004333447817552895 0.007149999999999999
1219 0.006029481536229349 0.004948267616476433 0.00065
1220 0.006029481536229349 0.004948267616476433 0.0013
1221 0.006029481536229349 0.004948267616476433 0.00195
1222 0.006029481536229349 0.004948267616476433 0.0026
1223 0.006029481536229349 0.004948267616476433 0.00325
1224 0.006029481536229349 0.004948267616476433 0.0039
1225 0.006029481536229349 0.004948267616476433 0.00455
1226 0.006029481536229349 0.004948267616476433 0.0052
1227 0.006029481536229349 0.004948267616476433 0.005849999999999999
1228 0.006029481536229349 0.004948267616476433 0.0065
1229 0.006029481536229349 0.004948267616476433 0.007149999999999999
1230 0.005515432893255071 0.00551543289325507 0.00065
1231 0.005515432893255071 0.00551543289325507 0.0013
1232 0.005515432893255071 0.00551543289325507 0.00195
1233 0.005515432893255071 0.00551543289325507 0.0026
1234 0.005515432893255071 0.00551543289325507 0.00325
1235 0.005515432893255071 0.00551543289325507 0.0039
1236 0.005515432893255071 0.00551543289325507 0.00455
1237 0.005515432893255071 0.00551543289325507 0.0052
1238 0.005515432893255071 0.00551543289325507 0.005849999999999999
1239 0.005515432893255071 0.00551543289325507 0.0065
1240 0.005515432893255071 0.00551543289325507 0.007149999999999999
1241 0.004948267616476438 0.006029481536229345 0.00065
1242 0.004948267616476438 0.006029481536229345 0.0013
1243 0.004948267616476438 0.006029481536229345 0.00195
1244 0.004948267616476438 0.006029481536229345 0.0026
1245 0.004948267616476438 0.006029481536229345 0.00325
1246 0.004948267616476438 0.006029481536229345 0.0039
1247 0.004948267616476438 0.006029481536229345 0.00455
1248 0.004948267616476438 0.006029481536229345 0.0052
1249 0.004948267616476438 0.006029481536229345 0.005849999999999999
1250 0.004948267616476438 0.006029481536229345 0.0065
1251 0.004948267616476438 0.006029481536229345 0.007149999999999999
1252 0.004333447817552903 0.006485462975959849 0.00065
1253 0.004333447817552903 0.006485462975959849 0.0013
1254 0.004333447817552903 0.006485462975959849 0.00195
1255 0.004333447817552903 0.006485462975959849 0.0026
1256 0.004333447817552903 0.006485462975959849 0.00325
1257 0.004333447817552903 0.006485462975959849 0.0039
1258 0.004333447817552903 0.006485462975959849 0.00455
1259 0.004333447817552903 0.006485462975959849 0.0052
1260 0.004333447817552903 0.006485462975959849 0.005849999999999999
1261 0.004333447817552903 0.006485462975959849 0.0065
1262 0.004333447817552903 0.006485462975959849 0.007149999999999999
1263 0.003676894547242783 0.006878985861917169 0.00065
1264 0.003676894547242783 0.006878985861917169 0.0013
1265 0.003676894547242783 0.006878985861917169 0.00195
1266 0.003676894547242783 0.006878985861917169 0.0026
1267 0.003676894547242783 0.006878985861917169 0.00325
1268 0.003676894547242783 0.006878985861917169 0.0039
1269 0.003676894547242783 0.006878985861917169 0.00455
1270 0.003676894547242783 0.006878985861917169 0.0052
1271 0.003676894547242783 0.006878985861917169 0.005849999999999999
1272 0.003676894547242783 0.006878985861917169 0.0065
1273 0.003676894547242783 0.006878985861917169 0.007149999999999999
1274 0.002984930772447705 0.007206260353588035 0.00065
1275 0.002984930772447705 0.007206260353588035 0.0013
1276 0.002984930772447705 0.007206260353588035 0.00195
1277 0.002984930772447705 0.007206260353588035 0.0026
1278 0.002984930772447705 0.007206260353588035 0.00325
1279 0.002984930772447705 0.007206260353588035 0.0039
1280 0.002984930772447705 0.007206260353588035 0.00455
1281 0.002984930772447705 0.007206260353588035 0.0052
1282 0.002984930772447705 0.007206260353588035 0.005849999999999999
1283 0.002984930772447705 0.007206260353588035 0.0065
1284 0.002984930772447705 0.007206260353588035 0.007149999999999999
1285 0.002264220482584807 0.007464134618711229 0.00065
1286 0.002264220482584807 0.007464134618711229 0.0013
1287 0.002264220482584807 0.007464134618711229 0.00195
1288 0.002264220482584807 0.007464134618711229 0.0026
1289 0.002264220482584807 0.007464134618711229 0.00325
1290 0.002264220482584807 0.007464134618711229 0.0039
1291 0.002264220482584807 0.007464134618711229 0.00455
1292 0.002264220482584807 0.007464134618711229 0.0052
1293 0.002264220482584807 0.007464134618711229 0.005849999999999999
1294 0.002264220482584807 0.007464134618711229 0.0065
1295 0.002264220482584807 0.007464134618711229 0.007149999999999999
1296 0.001521704511725803 0.007650125187145196 0.00065
1297 0.001521704511725803 0.007650125187145196 0.0013
1298 0.001521704511725803 0.007650125187145196 0.00195
1299 0.001521704511725803 0.007650125187145196 0.0026
1300 0.001521704511725803 0.007650125187145196 0.00325
1301 0.001521704511725803 0.007650125187145196 0.0039
1302 0.001521704511725803 0.007650125187145196 0.00455
1303 0.001521704511725803 0.007650125187145196 0.0052
1304 0.001521704511725803 0.007650125187145196 0.005849999999999999
1305 0.001521704511725803 0.007650125187145196 0.0065
1306 0.001521704511725803 0.007650125187145196 0.007149999999999999
1307 0.0007645336945705715 0.007762440868043135 0.00065
1308 0.0007645336945705715 0.007762440868043135 0.0013
1309 0.0007645336945705715 0.007762440868043135 0.00195
1310 0.0007645336945705715 0.007762440868043135 0.0026
1311 0.0007645336945705715 0.007762440868043135 0.00325
1312 0.0007645336945705715 0.007762440868043135 0.0039
1313 0.0007645336945705715 0.007762440868043135 0.00455
1314 0.0007645336945705715 0.007762440868043135 0.0052
1315 0.0007645336945705715 0.007762440868043135 0.005849999999999999
1316 0.0007645336945705715 0.007762440868043135 0.0065
1317 0.0007645336945705715 0.007762440868043135 0.007149999999999999
1318 0.006886970920051449 0 0.00065
1319 0.006886970920051449 0 0.0013
1320 0.006886970920051449 0 0.00195
1321 0.006886970920051449 0 0.0026
1322 0.006886970920051449 0 0.00325
1323 0.006886970920051449 0 0.0039
1324 0.006886970920051449 0 0.00455
1325 0.006886970920051449 0 0.0052
1326 0.006886970920051449 0 0.005849999999999999
1327 0.006886970920051449 0 0.0065
1328 0.006886970920051449 0 0.007149999999999999
1329 0.006065244744327913 0 0.00065
1330 0.006065244744327913 0 0.0013
1331 0.006065244744327913 0 0.00195
1332 0.006065244744327913 0 0.0026
1333 0.006065244744327913 0 0.00325
1334 0.006065244744327913 0 0.0039
1335 0.006065244744327913 0 0.00455
1336 0.006065244744327913 0 0.0052
1337 0.006065244744327913 0 0.005849999999999999
1338 0.006065244744327913 0 0.0065
1339 0.006065244744327913 0 0.007149999999999999
1340 0.005325691189472142 0 0.00065
1341 0.005325691189472142 0 0.0013
1342 0.005325691189472142 0 0.00195
1343 0.005325691189472142 0 0.0026
1344 0.005325691189472142 0 0.00325
1345 0.005325691189472142 0 0.0039
1346 0.005325691189472142 0 0.00455
1347 0.005325691189472142 0 0.0052
1348 0.005325691189472142 0 0.005849999999999999
1349 0.005325691189472142 0 0.0065
1350 0.005325691189472142 0 0.007149999999999999
1351 0.004660092990987927 0 0.00065
1352 0.004660092990987927 0 0.0013
1353 0.004660092990987927 0 0.00195
1354 0.004660092990987927 0 0.0026
1355 0.004660092990987927 0 0.00325
1356 0.004660092990987927 0 0.0039
1357 0.004660092990987927 0 0.00455
1358 0.004660092990987927 0 0.0052
1359 0.004660092990987927 0 0.005849999999999999
1360 0.004660092990987927 0 0.0065
1361 0.004660092990987927 0 0.007149999999999999
1362 0.0040610546109065 0 0.00065
1363 0.0040610546109065 0 0.0013
1364 0.0040610546109065 0 0.00195
1365 0.0040610546109065 0 0.0026
1366 0.0040610546109065 0 0.00325
1367 0.0040610546109065 0 0.0039
1368 0.0040610546109065 0 0.00455
1369 0.0040610546109065 0 0.0052
1370 0.0040610546109065 0 0.005849999999999999
1371 0.0040610546109065 0 0.0065
1372 0.0040610546109065 0 0.007149999999999999
1373 0.00352192007046846 0 0.00065
1374 0.00352192007046846 0 0.0013
1375 0.00352192007046846 0 0.00195
1376 0.00352192007046846 0 0.0026
1377 0.00352192007046846 0 0.00325
1378 0.00352192007046846 0 0.0039
1379 0.00352192007046846 0 0.00455
1380 0.00352192007046846 0 0.0052
1381 0.00352192007046846 0 0.005849999999999999
1382 0.00352192007046846 0 0.0065
1383 0.00352192007046846 0 0.007149999999999999
1384 0.003036698982283373 0 0.00065
1385 0.003036698982283373 0 0.0013
1386 0.003036698982283373 0 0.00195
1387 0.003036698982283373 0 0.0026
1388 0.003036698982283373 0 0.00325
1389 0.003036698982283373 0 0.0039
1390 0.003036698982283373 0 0.00455
1391 0.003036698982283373 0 0.0052
1392 0.003036698982283373 0 0.005849999999999999
1393 0.003036698982283373 0 0.0065
1394 0.003036698982283373 0 0.007149999999999999
1395 0.003166380961087624 0.002374372140718514 0.0078
1396 0.003035344416529517 0.003888866418619834 0.0078
1397 0.004970113501315402 0.0005341881195131864 0.0078
1398 0.002903248587653551 0.005023899044166591 0.0078
1399 0.0002664671019465522 0.006215949514268469 0.0078
1400 0.00609289929026611 0.00361262013685402 0.0078
1401 0.001251867860410828 0.005575814957655783 0.0078
1402 0.002085024157963013 0.005566847087314117 0.0078
1403 0.004803420614120725 0.005288844605647937 0.0078
1404 0.003790437901585972 0.0004402233115504183 0.0078
1405 0.006965180625398248 0.001753412537113996 0.0078
1406 0.002875479012740576 0.005397485633675427 0.0078
1407 0.003241655453643428 0.005200969504465384 0.0078
1408 0.0003183070349382644 0.006874730232073704 0.0078
1409 0.003204960564641446 0.004710690271828372 0.0078
1410 0.001609711563510491 0.00691602795283076 0.0078
1411 0.003258310467992274 0.005634222670219461 0.0078
1412 0.002819566679903969 0.005844653855237789 0.0078
1413 0.003623091253122501 0.004957908347715969 0.0078
1414 0.00360788856491378 0.004463750910204585 0.0078
1415 0.004042679317713752 0.004696197735018236 0.0078
1416 0.004003006506753546 0.004161160090782732 0.0078
1417 0.004510149588239825 0.004397781579495684 0.0078
1418 0.004466959736673399 0.003812263025881117 0.0078
1419 0.003920545938630445 0.00360132450083726 0.0078
1420 0.004385085813585087 0.003217233673461758 0.0078
1421 0.004959265459100702 0.003447402070039285 0.0078
1422 0.004882973600871882 0.00281961033124077 0.0078
1423 0.004292079360513364 0.002588467319055791 0.0078
1424 0.004791727651641921 0.002184782006128246 0.0078
1425 0.004143029322250929 0.001939140524620219 0.0078
1426 0.005399209405105655 0.002422426892759595 0.0078
1427 0.005300850846340183 0.001776747427387737 0.0078
1428 0.003104186896751491 0.00116201990488485 0.0078
1429 0.006462273205163037 0.0006781568684874765 0.0078
1430 0.0002164046095859211 0.005528094050716744 0.0078
1431 0.005907619096873782 0.001921576227796148 0.0078
1432 0.006068680875538469 0.002662746013989574 0.0078
1433 0.005824926433014001 0.001233863104143178 0.0078
1434 0.003248990273127347 0.006117990566131605 0.0078
1435 0.00380170974838098 0.005856485482833812 0.0078
1436 0.002758246871126535 0.006345174120281997 0.0078
1437 0.002307766187819113 0.006025802070470428 0.0078
1438 0.004103712701890624 0.005271239169141653 0.0078
1439 0.003539350377416455 0.003967205409725385 0.0078
1440 0.00338655986130759 0.003379905515307751 0.0078
1441 0.003852755046596401 0.002997445798244484 0.0078
1442 0.003133108678770693 0.001748201294576903 0.0078
1443 0.003698837748825131 0.001445421002888653 0.0078
1444 0.003023711929400094 0.002977730861869201 0.0078
1445 0.0008110213947959345 0.005583340085476652 0.0078
1446 0.0009540805551038812 0.005981804508046169 0.0078
1447 0.001469546197829478 0.005947795164470884 0.0078
1448 0.00126654091288902 0.006335128577331249 0.0078
1449 0.0008868730037961377 0.00638866437202781 0.0078
1450 0.001043308708426778 0.006770181521766409 0.0078
1451 0.0005224588750237309 0.005904518008098417 0.0078
1452 0.003753318080332735 0.00243468090496577 0.0078
1453 0.005648174857186172 0.0005709143317487947 0.0078
1454 0.003287312361534269 0.0003959040346067934 0.0078
1455 0.002936102128271446 0.004366063606219319 0.0078
1456 0.001684823413588003 0.005562545008272969 0.0078
1457 0.002491809475147406 0.005539131441116294 0.0078
1458 0.004704874829760134 0.001579396866011207 0.0078
1459 0.0043476269680073 0.0004803309005427261 0.0078
1460 0.001806562995878545 0.006284232112241893 0.0078
1461 0.002236742761464136 0.006645907726232451 0.0078
1462 0.00502447639172094 0.004068724262197745 0.0078
1463 0.004987559788667018 0.004672538604089728 0.0078
1464 0.005652853757185343 0.004336917782999648 0.0078
1465 0.005485432789985969 0.003111357099846534 0.0078
1466 0.004025587599292247 0.0009314740713998442 0.0078
1467 0.00517907892550984 0.00114053356578767 0.0078
1468 0.00029367886979425 0.006505690697900389 0.0078
1469 0.00187074459061563 0.005877444288554058 0.0078
1470 0.007089073594490607 0.00108304055821859 0.0078
1471 0.006777096591777175 0.002466363330655582 0.0078
1472 0.004398111699684334 0.005786302753962519 0.0078
1473 0.004571400435548016 0.001018758656572482 0.0078
1474 0.0002971897256107896 0.007324745508571521 0.0078
1475 0.006604784594617392 0.00308071096023793 0.0078
1476 0.002871972276770678 0.004695572159174194 0.0078
1477 0.005462009129475007 0.003711956522904164 0.0078
1478 0.003605695925005961 0.005384165034875256 0.0078
1479 0.00292912324144744 0.003428061539370373 0.0078
1480 0.0002396834647360488 0.005908259808190427 0.0078
1481 0.0007002976241558966 0.007042420151242698 0.0078
1482 0.006450380403049244 0.001445053835596321 0.0078
1483 0.001159607099865735 0.007253843948869503 0.0078
1484 0.003610911368399237 0.001953867498669707 0.0078
1485 0.004215215278042007 0.001414082399914044 0.0078
1486 0.002915741186844587 0.0003799829187460546 0.0078
1487 0.003502814136628373 0.0007976321186065945 0.0078
1488 0.0006304403876553561 0.006642082714478713 0.0078
1489 0.004489504402126389 0.004865320338678648 0.0078
1490 0.003173319615261138 0.006626086653184727 0.0078
1491 0.003678672663749808 0.006377132941646856 0.0078
1492 0.007243613406294266 0.0004751261110951476 0.0078
1493 0.003436417325588182 0.002774571778580116 0.0078
1494 0.003291084353053211 0.004267706276565838 0.0078
1495 0.006433791518527384 0.002049830389030324 0.0078
1496 0.002680765348373565 0.00685253063395932 0.0078
1497 0.0005807040294061061 0.006249205531784353 0.0078
1498 0.00306863149139838 0.0007174786289812596 0.0078
1499 0.0005031296283478852 0.005628554253243761 0.0078
1500 0.005452114801226913 0.004972205307406801 0.0078
1501 0 0.008666666666666668 0.00065
1502 0 0.008666666666666668 0.0013
1503 0 0.008666666666666668 0.00195
1504 0 0.008666666666666668 0.0026
1505 0 0.008666666666666668 0.00325
1506 0 0.008666666666666668 0.0039
1507 0 0.008666666666666668 0.00455
1508 0 0.008666666666666668 0.0052
1509 0 0.008666666666666668 0.005849999999999999
1510 0 0.008666666666666668 0.0065
1511 0 0.008666666666666668 0.007149999999999999
1512 0 0.009533333333333333 0.00065
1513 0 0.009533333333333333 0.0013
1514 0 0.009533333333333333 0.00195
1515 0 0.009533333333333333 0.0026
1516 0 0.009533333333333333 0.00325
1517 0 0.009533333333333333 0.0039
1518 0 0.009533333333333333 0.00455
1519 0 0.009533333333333333 0.0052
1520 0 0.009533333333333333 0.005849999999999999
1521 0 0.009533333333333333 0.0065
1522 0 0.009533333333333333 0.007149999999999999
1523 0.01013925028669097 0.002314217713145668 0.00065
1524 0.01013925028669097 0.002314217713145668 0.0013
1525 0.01013925028669097 0.002314217713145668 0.00195
1526 0.01013925028669097 0.002314217713145668 0.0026
1527 0.01013925028669097 0.002314217713145668 0.00325
1528 0.01013925028669097 0.002314217713145668 0.0039
1529 0.01013925028669097 0.002314217713145668 0.00455
1530 0.01013925028669097 0.002314217713145668 0.0052
1531 0.01013925028669097 0.002314217713145668 0.005849999999999999
1532 0.01013925028669097 0.002314217713145668 0.0065
1533 0.01013925028669097 0.002314217713145668 0.007149999999999999
1534 0.009370076226185161 0.004512390886822599 0.00065
1535 0.009370076226185161 0.004512390886822599 0.0013
1536 0.009370076226185161 0.004512390886822599 0.00195
1537 0.009370076226185161 0.004512390886822599 0.0026
1538 0.009370076226185161 0.004512390886822599 0.00325
1539 0.009370076226185161 0.004512390886822599 0.0039
1540 0.009370076226185161 0.004512390886822599 0.00455
1541 0.009370076226185161 0.004512390886822599 0.0052
1542 0.009370076226185161 0.004512390886822599 0.005849999999999999
1543 0.009370076226185161 0.004512390886822599 0.0065
1544 0.009370076226185161 0.004512390886822599 0.007149999999999999
1545 0.008131047417667519 0.006484293939330817 0.00065
1546 0.008131047417667519 0.006484293939330817 0.0013
1547 0.008131047417667519 0.006484293939330817 0.00195
1548 0.008131047417667519 0.006484293939330817 0.0026
1549 0.008131047417667519 0.006484293939330817 0.00325
1550 0.008131047417667519 0.006484293939330817 0.0039
1551 0.008131047417667519 0.006484293939330817 0.00455
1552 0.008131047417667519 0.006484293939330817 0.0052
1553 0.008131047417667519 0.006484293939330817 0.005849999999999999
1554 0.008131047417667519 0.006484293939330817 0.0065
1555 0.008131047417667519 0.006484293939330817 0.007149999999999999
1556 0.006484293939330844 0.008131047417667497 0.00065
1557 0.006484293939330844 0.008131047417667497 0.0013
1558 0.006484293939330844 0.008131047417667497 0.00195
1559 0.006484293939330844 0.008131047417667497 0.0026
1560 0.006484293939330844 0.008131047417667497 0.00325
1561 0.006484293939330844 0.008131047417667497 0.0039
1562 0.006484293939330844 0.008131047417667497 0.00455
1563 0.006484293939330844 0.008131047417667497 0.0052
1564 0.006484293939330844 0.008131047417667497 0.005849999999999999
1565 0.006484293939330844 0.008131047417667497 0.0065
1566 0.006484293939330844 0.008131047417667497 0.007149999999999999
1567 0.004512390886822614 0.009370076226185154 0.00065
1568 0.004512390886822614 0.009370076226185154 0.0013
1569 0.004512390886822614 0.009370076226185154 0.00195
1570 0.004512390886822614 0.009370076226185154 0.0026
1571 0.004512390886822614 0.009370076226185154 0.00325
1572 0.004512390886822614 0.009370076226185154 0.0039
1573 0.004512390886822614 0.009370076226185154 0.00455
1574 0.004512390886822614 0.009370076226185154 0.0052
1575 0.004512390886822614 0.009370076226185154 0.005849999999999999
1576 0.004512390886822614 0.009370076226185154 0.0065
1577 0.004512390886822614 0.009370076226185154 0.007149999999999999
1578 0.00231421771314568 0.01013925028669096 0.00065
1579 0.00231421771314568 0.01013925028669096 0.0013
1580 0.00231421771314568 0.01013925028669096 0.00195
1581 0.00231421771314568 0.01013925028669096 0.0026
1582 0.00231421771314568 0.01013925028669096 0.00325
1583 0.00231421771314568 0.01013925028669096 0.0039
1584 0.00231421771314568 0.01013925028669096 0.00455
1585 0.00231421771314568 0.01013925028669096 0.0052
1586 0.00231421771314568 0.01013925028669096 0.005849999999999999
1587 0.00231421771314568 0.01013925028669096 0.0065
1588 0.00231421771314568 0.01013925028669096 0.007149999999999999
1589 0.008666666666666668 0 0.00065
1590 0.008666666666666668 0 0.0013
1591 0.008666666666666668 0 0.00195
1592 0.008666666666666668 0 0.0026
1593 0.008666666666666668 0 0.00325
1594 0.008666666666666668 0 0.0039
1595 0.008666666666666668 0 0.00455
1596 0.008666666666666668 0 0.0052
1597 0.008666666666666668 0 0.005849999999999999
1598 0.008666666666666668 0 0.0065
1599 0.008666666666666668 0 0.007149999999999999
1600 0.009533333333333333 0 0.00065
1601 0.009533333333333333 0 0.0013
1602 0.009533333333333333 0 0.00195
1603 0.009533333333333333 0 0.0026
1604 0.009533333333333333 0 0.00325
1605 0.009533333333333333 0 0.0039
1606 0.009533333333333333 0 0.00455
1607 0.009533333333333333 0 0.0052
1608 0.009533333333333333 0 0.005849999999999999
1609 0.009533333333333333 0 0.0065
1610 0.009533333333333333 0 0.007149999999999999
1611 0.001210328954351584 0.008375904883100686 0.0078
1612 0.008514219545270069 0.001301587342240097 0.0078
1613 0.008336961732801148 0.002957355932154506 0.0078
1614 0.002792278505126154 0.008486491980290929 0.0078
1615 0.007560567024688313 0.004617680952409135 0.0078
1616 0.004615377276534817 0.007561947794870058 0.0078
1617 0.006152960477457121 0.005699793054066729 0.0078
1618 0.001954749112512097 0.008252299173214808 0.0078
1619 0.008200167596407779 0.002054035054283424 0.0078
1620 0.0007010173159173226 0.009093009010713563 0.0078
1621 0.00924780052754906 0.0006700471308590632 0.0078
1622 0.00566786407656529 0.006144307894485099 0.0078
1623 0.006841071600027415 0.005461732257999724 0.0078
1624 0.003716374397634815 0.007900752443370268 0.0078
1625 0.007870570239835967 0.003749850618215343 0.0078
1626 0.005456026815770437 0.006839859631229029 0.0078
1627 0.001746693546399665 0.009229622276909292 0.0078
1628 0.006521648658381931 0.006524954595043868 0.0078
1629 0.008398225521505787 0.0005472336335339452 0.0078
1630 0.000535175992967896 0.008339604285704811 0.0078
1631 0 0.0208 0.00065
1632 0 0.0208 0.0013
1633 0 0.0208 0.00195
1634 0 0.0208 0.0026
1635 0 0.0208 0.00325
1636 0 0.0208 0.0039
1637 0 0.0208 0.00455
1638 0 0.0208 0.0052
1639 0 0.0208 0.005849999999999999
1640 0 0.0208 0.0065
1641 0 0.0208 0.007149999999999999
1642 0 0.0182 0.00065
1643 0 0.0182 0.0013
1644 0 0.0182 0.00195
1645 0 0.0182 0.0026
1646 0 0.0182 0.00325
1647 0 0.0182 0.0039
1648 0 0.0182 0.00455
1649 0 0.0182 0.0052
1650 0 0.0182 0.005849999999999999
1651 0 0.0182 0.0065
1652 0 0.0182 0.007149999999999999
1653 0 0.0156 0.00065
1654 0 0.0156 0.0013
1655 0 0.0156 0.00195
1656 0 0.0156 0.0026
1657 0 0.0156 0.00325
1658 0 0.0156 0.0039
1659 0 0.0156 0.00455
1660 0 0.0156 0.0052
1661 0 0.0156 0.005849999999999999
1662 0 0.0156 0.0065
1663 0 0.0156 0.007149999999999999
1664 0 0.013 0.00065
1665 0 0.013 0.0013
1666 0 0.013 0.00195
1667 0 0.013 0.0026
1668 0 0.013 0.00325
1669 0 0.013 0.0039
1670 0 0.013 0.00455
1671 0 0.013 0.0052
1672 0 0.013 0.005849999999999999
1673 0 0.013 0.0065
1674 0 0.013 0.007149999999999999
1675 0.01755 0.0234 0.00065
1676 0.01755 0.0234 0.0013
1677 0.01755 0.0234 0.00195
1678 0.01755 0.0234 0.0026
1679 0.01755 0.0234 0.00325
1680 0.01755 0.0234 0.0039
1681 0.01755 0.0234 0.00455
1682 0.01755 0.0234 0.0052
1683 0.01755 0.0234 0.005849999999999999
1684 0.01755 0.0234 0.0065
1685 0.01755 0.0234 0.007149999999999999
1686 0.01170000000000001 0.0234 0.00065
1687 0.01170000000000001 0.0234 0.0013
1688 0.01170000000000001 0.0234 0.00195
1689 0.01170000000000001 0.0234 0.0026
1690 0.01170000000000001 0.0234 0.00325
1691 0.01170000000000001 0.0234 0.0039
1692 0.01170000000000001 0.0234 0.00455
1693 0.01170000000000001 0.0234 0.0052
1694 0.01170000000000001 0.0234 0.005849999999999999
1695 0.01170000000000001 0.0234 0.0065
1696 0.01170000000000001 0.0234 0.007149999999999999
1697 0.005850000000000015 0.0234 0.00065
1698 0.005850000000000015 0.0234 0.0013
1699 0.005850000000000015 0.0234 0.00195
1700 0.005850000000000015 0.0234 0.0026
1701 0.005850000000000015 0.0234 0.00325
1702 0.005850000000000015 0.0234 0.0039
1703 0.005850000000000015 0.0234 0.00455
1704 0.005850000000000015 0.0234 0.0052
1705 0.005850000000000015 0.0234 0.005849999999999999
1706 0.005850000000000015 0.0234 0.0065
1707 0.005850000000000015 0.0234 0.007149999999999999
1708 0.0234 0.005849999999999995 0.00065
1709 0.0234 0.005849999999999995 0.0013
1710 0.0234 0.005849999999999995 0.00195
1711 0.0234 0.005849999999999995 0.0026
1712 0.0234 0.005849999999999995 0.00325
1713 0.0234 0.005849999999999995 0.0039
1714 0.0234 0.005849999999999995 0.00455
1715 0.0234 0.005849999999999995 0.0052
1716 0.0234 0.005849999999999995 0.005849999999999999
1717 0.0234 0.005849999999999995 0.0065
1718 0.0234 0.005849999999999995 0.007149999999999999
1719 0.0234 0.01169999999999998 0.00065
1720 0.0234 0.01169999999999998 0.0013
1721 0.0234 0.01169999999999998 0.00195
1722 0.0234 0.01169999999999998 0.0026
1723 0.0234 0.01169999999999998 0.00325
1724 0.0234 0.01169999999999998 0.0039
1725 0.0234 0.01169999999999998 0.00455
1726 0.0234 0.01169999999999998 0.0052
1727 0.0234 0.01169999999999998 0.005849999999999999
1728 0.0234 0.01169999999999998 0.0065
1729 0.0234 0.01169999999999998 0.007149999999999999
1730 0.0234 0.01754999999999998 0.00065
1731 0.0234 0.01754999999999998 0.0013
1732 0.0234 0.01754999999999998 0.00195
1733 0.0234 0.01754999999999998 0.0026
1734 0.0234 0.01754999999999998 0.00325
1735 0.0234 0.01754999999999998 0.0039
1736 0.0234 0.01754999999999998 0.00455
1737 0.0234 0.01754999999999998 0.0052
1738 0.0234 0.01754999999999998 0.005849999999999999
1739 0.0234 0.01754999999999998 0.0065
1740 0.0234 0.01754999999999998 0.007149999999999999
1741 0.013 0 0.00065
1742 0.013 0 0.0013
1743 0.013 0 0.00195
1744 0.013 0 0.0026
1745 0.013 0 0.00325
1746 0.013 0 0.0039
1747 0.013 0 0.00455
1748 0.013 0 0.0052
1749 0.013 0 0.005849999999999999
1750 0.013 0 0.0065
1751 0.013 0 0.007149999999999999
1752 0.0156 0 0.00065
1753 0.0156 0 0.0013
1754 0.0156 0 0.00195
1755 0.0156 0 0.0026
1756 0.0156 0 0.00325
1757 0.0156 0 0.0039
1758 0.0156 0 0.00455
1759 0.0156 0 0.0052
1760 0.0156 0 0.005849999999999999
1761 0.0156 0 0.0065
1762 0.0156 0 0.007149999999999999
1763 0.01819999999999999 0 0.00065
1764 0.01819999999999999 0 0.0013
1765 0.01819999999999999 0 0.00195
1766 0.01819999999999999 0 0.0026
1767 0.01819999999999999 0 0.00325
1768 0.01819999999999999 0 0.0039
1769 0.01819999999999999 0 0.00455
1770 0.01819999999999999 0 0.0052
1771 0.01819999999999999 0 0.005849999999999999
1772 0.01819999999999999 0 0.0065
1773 0.01819999999999999 0 0.007149999999999999
1774 0.0208 0 0.00065
1775 0.0208 0 0.0013
1776 0.0208 0 0.00195
1777 0.0208 0 0.0026
1778 0.0208 0 0.00325
1779 0.0208 0 0.0039
1780 0.0208 0 0.00455
1781 0.0208 0 0.0052
1782 0.0208 0 0.005849999999999999
1783 0.0208 0 0.0065
1784 0.0208 0 0.007149999999999999
1785 0.008787877540815028 0.008736919789847478 0.0078
1786 0.004051435050493976 0.01208501123673517 0.0078
1787 0.01172203486102022 0.004403571538316466 0.0078
1788 0.01661988727136338 0.002739829196847201 0.0078
1789 0.002426627581036225 0.01698607442500259 0.0078
1790 0.01472274386158439 0.018503140938032 0.0078
1791 0.01860799506625824 0.008751705395468179 0.0078
1792 0.01050091144267296 0.0066979856398664 0.0078
1793 0.01176491647685872 0.009294601792771907 0.0078
1794 0.009157068969379477 0.01177947244941779 0.0078
1795 0.01295637052419653 0.01215723322325961 0.0078
1796 0.0132514792368976 0.006660365879216306 0.0078
1797 0.01110446358872504 0.01564553016560563 0.0078
1798 0.007875632514358679 0.01466531664399963 0.0078
1799 0.008360743174706541 0.01778879601650333 0.0078
1800 0.01766447009592765 0.01401545965082921 0.0078
1801 0.00657137283727378 0.01045827995919852 0.0078
1802 0.01418621932656449 0.003975407636794175 0.0078
1803 0.002251666049839543 0.0143 0.0078
1804 0.02010331454522723 0.002289473285635739 0.0078
1805 0.002267168932834336 0.02025042016250301 0.0078
1806 0.01838054629159567 0.005127250625195831 0.0078
1807 0.005188332836402654 0.01529348992296108 0.0078
1808 0.01906818144033694 0.01856529358705875 0.0078
1809 0.01232207621385922 0.002102158356715674 0.0078
1810 0.004818574504995954 0.018743756105394 0.0078
1811 0.01516675455016966 0.009705661745257155 0.0078
1812 0.001789477266895276 0.01205051953094665 0.0078
1813 0.014448687646832 0.00187907379192572 0.0078
1814 0.01402450892460813 0.01516192997813529 0.0078
1815 0.01603548029047484 0.006160036746463142 0.0078
1816 0.01134032109105273 0.01981484021033815 0.0078
1817 0.006413645877819464 0.01275816276989356 0.0078
1818 0.002263020810957527 0 0.008579999999999999
1819 0.002263020810957527 0 0.00936
1820 0.002263020810957527 0 0.01053
1821 0.002263020810957527 0 0.0117
1822 0.002263020810957527 0 0.01287
1823 0.002263020810957527 0 0.01404
1824 0.002263020810957527 0 0.0156
1825 0.002263020810957527 0 0.01716
1826 0.002263020810957527 0 0.01872
1827 0.002263020810957527 0 0.02028
1828 0.002263020810957527 0 0.02184
1829 0.001892343704051481 0 0.008579999999999999
1830 0.001892343704051481 0 0.00936
1831 0.001892343704051481 0 0.01053
1832 0.001892343704051481 0 0.0117
1833 0.001892343704051481 0 0.01287
1834 0.001892343704051481 0 0.01404
1835 0.001892343704051481 0 0.0156
1836 0.001892343704051481 0 0.01716
1837 0.001892343704051481 0 0.01872
1838 0.001892343704051481 0 0.02028
1839 0.001892343704051481 0 0.02184
1840 0.001484598885662422 0 0.008579999999999999
1841 0.001484598885662422 0 0.00936
1842 0.001484598885662422 0 0.01053
1843 0.001484598885662422 0 0.0117
1844 0.001484598885662422 0 0.01287
1845 0.001484598885662422 0 0.01404
1846 0.001484598885662422 0 0.0156
1847 0.001484598885662422 0 0.01716
1848 0.001484598885662422 0 0.01872
1849 0.001484598885662422 0 0.02028
1850 0.001484598885662422 0 0.02184
1851 0.001036079585226972 0 0.008579999999999999
1852 0.001036079585226972 0 0.00936
1853 0.001036079585226972 0 0.01053
1854 0.001036079585226972 0 0.0117
1855 0.001036079585226972 0 0.01287
1856 0.001036079585226972 0 0.01404
1857 0.001036079585226972 0 0.0156
1858 0.001036079585226972 0 0.01716
1859 0.001036079585226972 0 0.01872
1860 0.001036079585226972 0 0.02028
1861 0.001036079585226972 0 0.02184
1862 0.0005427083544643986 0 0.008579999999999999
1863 0.0005427083544643986 0 0.00936
1864 0.0005427083544643986 0 0.01053
1865 0.0005427083544643986 0 0.0117
1866 0.0005427083544643986 0 0.01287
1867 0.0005427083544643986 0 0.01404
1868 0.0005427083544643986 0 0.0156
1869 0.0005427083544643986 0 0.01716
1870 0.0005427083544643986 0 0.01872
1871 0.0005427083544643986 0 0.02028
1872 0.0005427083544643986 0 0.02184
1873 0 0.0007693418653828532 0.008579999999999999
1874 0 0.0007693418653828532 0.00936
1875 0 0.0007693418653828532 0.01053
1876 0 0.0007693418653828532 0.0117
1877 0 0.0007693418653828532 0.01287
1878 0 0.0007693418653828532 0.01404
1879 0 0.0007693418653828532 0.0156
1880 0 0.0007693418653828532 0.01716
1881 0 0.0007693418653828532 0.01872
1882 0 0.0007693418653828532 0.02028
1883 0 0.0007693418653828532 0.02184
1884 0 0.001468743562341211 0.008579999999999999
1885 0 0.001468743562341211 0.00936
1886 0 0.001468743562341211 0.01053
1887 0 0.001468743562341211 0.0117
1888 0 0.001468743562341211 0.01287
1889 0 0.001468743562341211 0.01404
1890 0 0.001468743562341211 0.0156
1891 0 0.001468743562341211 0.01716
1892 0 0.001468743562341211 0.01872
1893 0 0.001468743562341211 0.02028
1894 0 0.001468743562341211 0.02184
1895 0 0.002104563287411596 0.008579999999999999
1896 0 0.002104563287411596 0.00936
1897 0 0.002104563287411596 0.01053
1898 0 0.002104563287411596 0.0117
1899 0 0.002104563287411596 0.01287
1900 0 0.002104563287411596 0.01404
1901 0 0.002104563287411596 0.0156
1902 0 0.002104563287411596 0.01716
1903 0 0.002104563287411596 0.01872
1904 0 0.002104563287411596 0.02028
1905 0 0.002104563287411596 0.02184
1906 0 0.002682581221025159 0.008579999999999999
1907 0 0.002682581221025159 0.00936
1908 0 0.002682581221025159 0.01053
1909 0 0.002682581221025159 0.0117
1910 0 0.002682581221025159 0.01287
1911 0 0.002682581221025159 0.01404
1912 0 0.002682581221025159 0.0156
1913 0 0.002682581221025159 0.01716
1914 0 0.002682581221025159 0.01872
1915 0 0.002682581221025159 0.02028
1916 0 0.002682581221025159 0.02184
1917 0 0.003208052067984386 0.008579999999999999
1918 0 0.003208052067984386 0.00936
1919 0 0.003208052067984386 0.01053
1920 0 0.003208052067984386 0.0117
1921 0 0.003208052067984386 0.01287
1922 0 0.003208052067984386 0.01404
1923 0 0.003208052067984386 0.0156
1924 0 0.003208052067984386 0.01716
1925 0 0.003208052067984386 0.01872
1926 0 0.003208052067984386 0.02028
1927 0 0.003208052067984386 0.02184
1928 0 0.003685752837304612 0.008579999999999999
1929 0 0.003685752837304612 0.00936
1930 0 0.003685752837304612 0.01053
1931 0 0.003685752837304612 0.0117
1932 0 0.003685752837304612 0.01287
1933 0 0.003685752837304612 0.01404
1934 0 0.003685752837304612 0.0156
1935 0 0.003685752837304612 0.01716
1936 0 0.003685752837304612 0.01872
1937 0 0.003685752837304612 0.02028
1938 0 0.003685752837304612 0.02184
1939 0 0.004120026266363525 0.008579999999999999
1940 0 0.004120026266363525 0.00936
1941 0 0.004120026266363525 0.01053
1942 0 0.004120026266363525 0.0117
1943 0 0.004120026266363525 0.01287
1944 0 0.004120026266363525 0.01404
1945 0 0.004120026266363525 0.0156
1946 0 0.004120026266363525 0.01716
1947 0 0.004120026266363525 0.01872
1948 0 0.004120026266363525 0.02028
1949 0 0.004120026266363525 0.02184
1950 0 0.004514820292343809 0.008579999999999999
1951 0 0.004514820292343809 0.00936
1952 0 0.004514820292343809 0.01053
1953 0 0.004514820292343809 0.0117
1954 0 0.004514820292343809 0.01287
1955 0 0.004514820292343809 0.01404
1956 0 0.004514820292343809 0.0156
1957 0 0.004514820292343809 0.01716
1958 0 0.004514820292343809 0.01872
1959 0 0.004514820292343809 0.02028
1960 0 0.004514820292343809 0.02184
1961 0 0.004873723949763605 0.008579999999999999
1962 0 0.004873723949763605 0.00936
1963 0 0.004873723949763605 0.01053
1964 0 0.004873723949763605 0.0117
1965 0 0.004873723949763605 0.01287
1966 0 0.004873723949763605 0.01404
1967 0 0.004873723949763605 0.0156
1968 0 0.004873723949763605 0.01716
1969 0 0.004873723949763605 0.01872
1970 0 0.004873723949763605 0.02028
1971 0 0.004873723949763605 0.02184
1972 0.0005427083535619515 0.0052 0.008579999999999999
1973 0.0005427083535619515 0.0052 0.00936
1974 0.0005427083535619515 0.0052 0.01053
1975 0.0005427083535619515 0.0052 0.0117
1976 0.0005427083535619515 0.0052 0.01287
1977 0.0005427083535619515 0.0052 0.01404
1978 0.0005427083535619515 0.0052 0.0156
1979 0.0005427083535619515 0.0052 0.01716
1980 0.0005427083535619515 0.0052 0.01872
1981 0.0005427083535619515 0.0052 0.02028
1982 0.0005427083535619515 0.0052 0.02184
1983 0.001036079585110871 0.0052 0.008579999999999999
1984 0.001036079585110871 0.0052 0.00936
1985 0.001036079585110871 0.0052 0.01053
1986 0.001036079585110871 0.0052 0.0117
1987 0.001036079585110871 0.0052 0.01287
1988 0.001036079585110871 0.0052 0.01404
1989 0.001036079585110871 0.0052 0.0156
1990 0.001036079585110871 0.0052 0.01716
1991 0.001036079585110871 0.0052 0.01872
1992 0.001036079585110871 0.0052 0.02028
1993 0.001036079585110871 0.0052 0.02184
1994 0.001484598886197154 0.0052 0.008579999999999999
1995 0.001484598886197154 0.0052 0.00936
1996 0.001484598886197154 0.0052 0.01053
1997 0.001484598886197154 0.0052 0.0117
1998 0.001484598886197154 0.0052 0.01287
1999 0.001484598886197154 0.0052 0.01404
2000 0.001484598886197154 0.0052 0.0156
2001 0.001484598886197154 0.0052 0.01716
2002 0.001484598886197154 0.0052 0.01872
2003 0.001484598886197154 0.0052 0.02028
2004 0.001484598886197154 0.0052 0.02184
2005 0.001892343705119673 0.0052 0.008579999999999999
2006 0.001892343705119673 0.0052 0.00936
2007 0.001892343705119673 0.0052 0.01053
2008 0.001892343705119673 0.0052 0.0117
2009 0.001892343705119673 0.0052 0.01287
2010 0.001892343705119673 0.0052 0.01404
2011 0.001892343705119673 0.0052 0.0156
2012 0.001892343705119673 0.0052 0.01716
2013 0.001892343705119673 0.0052 0.01872
2014 0.001892343705119673 0.0052 0.02028
2015 0.001892343705119673 0.0052 0.02184
2016 0.002263020812457767 0.0052 0.008579999999999999
2017 0.002263020812457767 0.0052 0.00936
2018 0.002263020812457767 0.0052 0.01053
2019 0.002263020812457767 0.0052 0.0117
2020 0.002263020812457767 0.0052 0.01287
2021 0.002263020812457767 0.0052 0.01404
2022 0.002263020812457767 0.0052 0.0156
2023 0.002263020812457767 0.0052 0.01716
2024 0.002263020812457767 0.0052 0.01872
2025 0.002263020812457767 0.0052 0.02028
2026 0.002263020812457767 0.0052 0.02184
2027 0.0026 0.004873723946267177 0.008579999999999999
2028 0.0026 0.004873723946267177 0.00936
2029 0.0026 0.004873723946267177 0.01053
2030 0.0026 0.004873723946267177 0.0117
2031 0.0026 0.004873723946267177 0.01287
2032 0.0026 0.004873723946267177 0.01404
2033 0.0026 0.004873723946267177 0.0156
2034 0.0026 0.004873723946267177 0.01716
2035 0.0026 0.004873723946267177 0.01872
2036 0.0026 0.004873723946267177 0.02028
2037 0.0026 0.004873723946267177 0.02184
2038 0.0026 0.004514820289116341 0.008579999999999999
2039 0.0026 0.004514820289116341 0.00936
2040 0.0026 0.004514820289116341 0.01053
2041 0.0026 0.004514820289116341 0.0117
2042 0.0026 0.004514820289116341 0.01287
2043 0.0026 0.004514820289116341 0.01404
2044 0.0026 0.004514820289116341 0.0156
2045 0.0026 0.004514820289116341 0.01716
2046 0.0026 0.004514820289116341 0.01872
2047 0.0026 0.004514820289116341 0.02028
2048 0.0026 0.004514820289116341 0.02184
2049 0.0026 0.004120026263493768 0.008579999999999999
2050 0.0026 0.004120026263493768 0.00936
2051 0.0026 0.004120026263493768 0.01053
2052 0.0026 0.004120026263493768 0.0117
2053 0.0026 0.004120026263493768 0.01287
2054 0.0026 0.004120026263493768 0.01404
2055 0.0026 0.004120026263493768 0.0156
2056 0.0026 0.004120026263493768 0.01716
2057 0.0026 0.004120026263493768 0.01872
2058 0.0026 0.004120026263493768 0.02028
2059 0.0026 0.004120026263493768 0.02184
2060 0.0026 0.003685752834896384 0.008579999999999999
2061 0.0026 0.003685752834896384 0.00936
2062 0.0026 0.003685752834896384 0.01053
2063 0.0026 0.003685752834896384 0.0117
2064 0.0026 0.003685752834896384 0.01287
2065 0.0026 0.003685752834896384 0.01404
2066 0.0026 0.003685752834896384 0.0156
2067 0.0026 0.003685752834896384 0.01716
2068 0.0026 0.003685752834896384 0.01872
2069 0.0026 0.003685752834896384 0.02028
2070 0.0026 0.003685752834896384 0.02184
2071 0.0026 0.003208052066158693 0.008579999999999999
2072 0.0026 0.003208052066158693 0.00936
2073 0.0026 0.003208052066158693 0.01053
2074 0.0026 0.003208052066158693 0.0117
2075 0.0026 0.003208052066158693 0.01287
2076 0.0026 0.003208052066158693 0.01404
2077 0.0026 0.003208052066158693 0.0156
2078 0.0026 0.003208052066158693 0.01716
2079 0.0026 0.003208052066158693 0.01872
2080 0.0026 0.003208052066158693 0.02028
2081 0.0026 0.003208052066158693 0.02184
2082 0.0026 0.00268258121992259 0.008579999999999999
2083 0.0026 0.00268258121992259 0.00936
2084 0.0026 0.00268258121992259 0.01053
2085 0.0026 0.00268258121992259 0.0117
2086 0.0026 0.00268258121992259 0.01287
2087 0.0026 0.00268258121992259 0.01404
2088 0.0026 0.00268258121992259 0.0156
2089 0.0026 0.00268258121992259 0.01716
2090 0.0026 0.00268258121992259 0.01872
2091 0.0026 0.00268258121992259 0.02028
2092 0.0026 0.00268258121992259 0.02184
2093 0.0026 0.002104563287195028 0.008579999999999999
2094 0.0026 0.002104563287195028 0.00936
2095 0.0026 0.002104563287195028 0.01053
2096 0.0026 0.002104563287195028 0.0117
2097 0.0026 0.002104563287195028 0.01287
2098 0.0026 0.002104563287195028 0.01404
2099 0.0026 0.002104563287195028 0.0156
2100 0.0026 0.002104563287195028 0.01716
2101 0.0026 0.002104563287195028 0.01872
2102 0.0026 0.002104563287195028 0.02028
2103 0.0026 0.002104563287195028 0.02184
2104 0.0026 0.001468743563198874 0.008579999999999999
2105 0.0026 0.001468743563198874 0.00936
2106 0.0026 0.001468743563198874 0.01053
2107 0.0026 0.001468743563198874 0.0117
2108 0.0026 0.001468743563198874 0.01287
2109 0.0026 0.001468743563198874 0.01404
2110 0.0026 0.001468743563198874 0.0156
2111 0.0026 0.001468743563198874 0.01716
2112 0.0026 0.001468743563198874 0.01872
2113 0.0026 0.001468743563198874 0.02028
2114 0.0026 0.001468743563198874 0.02184
2115 0.0026 0.0007693418675317493 0.008579999999999999
2116 0.0026 0.0007693418675317493 0.00936
2117 0.0026 0.0007693418675317493 0.01053
2118 0.0026 0.0007693418675317493 0.0117
2119 0.0026 0.0007693418675317493 0.01287
2120 0.0026 0.0007693418675317493 0.01404
2121 0.0026 0.0007693418675317493 0.0156
2122 0.0026 0.0007693418675317493 0.01716
2123 0.0026 0.0007693418675317493 0.01872
2124 0.0026 0.0007693418675317493 0.02028
2125 0.0026 0.0007693418675317493 0.02184
2126 0.002263020811179488 0.0007693418672532369 0.0234
2127 0.002263020811381271 0.001468743563087715 0.0234
2128 0.00226302081156471 0.002104563287223097 0.0234
2129 0.002263020811731472 0.002682581220065492 0.0234
2130 0.002263020811883075 0.003208052066395316 0.0234
2131 0.002263020812020895 0.003685752835208509 0.0234
2132 0.002263020812146186 0.00412002626386571 0.0234
2133 0.002263020812260087 0.004514820289534645 0.0234
2134 0.002263020812363634 0.00487372394672034 0.0234
2135 0.00189234370420952 0.0007693418669468726 0.0234
2136 0.001892343704353192 0.00146874356296544 0.0234
2137 0.001892343704483804 0.002104563287253973 0.0234
2138 0.001892343704602541 0.002682581220222683 0.0234
2139 0.001892343704710484 0.003208052066655602 0.0234
2140 0.001892343704808614 0.003685752835551845 0.0234
2141 0.001892343704897823 0.004120026264274846 0.0234
2142 0.001892343704978922 0.004514820289994779 0.0234
2143 0.001892343705052649 0.00487372394721882 0.0234
2144 0.001484598885741536 0.0007693418666098722 0.0234
2145 0.001484598885813457 0.001468743562830937 0.0234
2146 0.001484598885878841 0.002104563287287936 0.0234
2147 0.00148459888593828 0.002682581220395593 0.0234
2148 0.001484598885992316 0.003208052066941916 0.0234
2149 0.001484598886041439 0.003685752835929515 0.0234
2150 0.001484598886086097 0.004120026264724895 0.0234
2151 0.001484598886126695 0.004514820290500926 0.0234
2152 0.001484598886163602 0.004873723947767147 0.0234
2153 0.001036079585209795 0.0007693418662391713 0.0234
2154 0.001036079585194179 0.001468743562682983 0.0234
2155 0.001036079585179983 0.002104563287325296 0.0234
2156 0.001036079585167078 0.002682581220585794 0.0234
2157 0.001036079585155345 0.003208052067256862 0.0234
2158 0.00103607958514468 0.003685752836344952 0.0234
2159 0.001036079585134984 0.004120026265219949 0.0234
2160 0.001036079585126169 0.004514820291057688 0.0234
2161 0.001036079585118156 0.004873723948370307 0.0234
2162 0.0005427083543308811 0.0007693418658314014 0.0234
2163 0.0005427083542095017 0.001468743562520234 0.0234
2164 0.0005427083540991568 0.002104563287366391 0.0234
2165 0.0005427083539988432 0.002682581220795016 0.0234
2166 0.0005427083539076491 0.003208052067603302 0.0234
2167 0.0005427083538247453 0.003685752836801933 0.0234
2168 0.0005427083537493779 0.00412002626576451 0.0234
2169 0.0005427083536808625 0.004514820291670127 0.0234
2170 0.0005427083536185758 0.004873723949033782 0.0234
2171 0 0.005472276716336838 0.008579999999999999
2172 0 0.005472276716336838 0.00936
2173 0 0.005472276716336838 0.01053
2174 0 0.005472276716336838 0.0117
2175 0 0.005472276716336838 0.01287
2176 0 0.005472276716336838 0.01404
2177 0 0.005472276716336838 0.0156
2178 0 0.005472276716336838 0.01716
2179 0 0.005472276716336838 0.01872
2180 0 0.005472276716336838 0.02028
2181 0 0.005472276716336838 0.02184
2182 0 0.00575816726852433 0.008579999999999999
2183 0 0.00575816726852433 0.00936
2184 0 0.00575816726852433 0.01053
2185 0 0.00575816726852433 0.0117
2186 0 0.00575816726852433 0.01287
2187 0 0.00575816726852433 0.01404
2188 0 0.00575816726852433 0.0156
2189 0 0.00575816726852433 0.01716
2190 0 0.00575816726852433 0.01872
2191 0 0.00575816726852433 0.02028
2192 0 0.00575816726852433 0.02184
2193 0 0.006058352347856523 0.008579999999999999
2194 0 0.006058352347856523 0.00936
2195 0 0.006058352347856523 0.01053
2196 0 0.006058352347856523 0.0117
2197 0 0.006058352347856523 0.01287
2198 0 0.006058352347856523 0.01404
2199 0 0.006058352347856523 0.0156
2200 0 0.006058352347856523 0.01716
2201 0 0.006058352347856523 0.01872
2202 0 0.006058352347856523 0.02028
2203 0 0.006058352347856523 0.02184
2204 0 0.006373546680680416 0.008579999999999999
2205 0 0.006373546680680416 0.00936
2206 0 0.006373546680680416 0.01053
2207 0 0.006373546680680416 0.0117
2208 0 0.006373546680680416 0.01287
2209 0 0.006373546680680416 0.01404
2210 0 0.006373546680680416 0.0156
2211 0 0.006373546680680416 0.01716
2212 0 0.006373546680680416 0.01872
2213 0 0.006373546680680416 0.02028
2214 0 0.006373546680680416 0.02184
2215 0 0.006704500729667859 0.008579999999999999
2216 0 0.006704500729667859 0.00936
2217 0 0.006704500729667859 0.01053
2218 0 0.006704500729667859 0.0117
2219 0 0.006704500729667859 0.01287
2220 0 0.006704500729667859 0.01404
2221 0 0.006704500729667859 0.0156
2222 0 0.006704500729667859 0.01716
2223 0 0.006704500729667859 0.01872
2224 0 0.006704500729667859 0.02028
2225 0 0.006704500729667859 0.02184
2226 0 0.0070520024806811 0.008579999999999999
2227 0 0.0070520024806811 0.00936
2228 0 0.0070520024806811 0.01053
2229 0 0.0070520024806811 0.0117
2230 0 0.0070520024806811 0.01287
2231 0 0.0070520024806811 0.01404
2232 0 0.0070520024806811 0.0156
2233 0 0.0070520024806811 0.01716
2234 0 0.0070520024806811 0.01872
2235 0 0.0070520024806811 0.02028
2236 0 0.0070520024806811 0.02184
2237 0 0.007416879319388487 0.008579999999999999
2238 0 0.007416879319388487 0.00936
2239 0 0.007416879319388487 0.01053
2240 0 0.007416879319388487 0.0117
2241 0 0.007416879319388487 0.01287
2242 0 0.007416879319388487 0.01404
2243 0 0.007416879319388487 0.0156
2244 0 0.007416879319388487 0.01716
2245 0 0.007416879319388487 0.01872
2246 0 0.007416879319388487 0.02028
2247 0 0.007416879319388487 0.02184
2248 0.007762440868043135 0.0007645336945705691 0.008579999999999999
2249 0.007762440868043135 0.0007645336945705691 0.00936
2250 0.007762440868043135 0.0007645336945705691 0.01053
2251 0.007762440868043135 0.0007645336945705691 0.0117
2252 0.007762440868043135 0.0007645336945705691 0.01287
2253 0.007762440868043135 0.0007645336945705691 0.01404
2254 0.007762440868043135 0.0007645336945705691 0.0156
2255 0.007762440868043135 0.0007645336945705691 0.01716
2256 0.007762440868043135 0.0007645336945705691 0.01872
2257 0.007762440868043135 0.0007645336945705691 0.02028
2258 0.007762440868043135 0.0007645336945705691 0.02184
2259 0.007650125187145198 0.001521704511725798 0.008579999999999999
2260 0.007650125187145198 0.001521704511725798 0.00936
2261 0.007650125187145198 0.001521704511725798 0.01053
2262 0.007650125187145198 0.001521704511725798 0.0117
2263 0.007650125187145198 0.001521704511725798 0.01287
2264 0.007650125187145198 0.001521704511725798 0.01404
2265 0.007650125187145198 0.001521704511725798 0.0156
2266 0.007650125187145198 0.001521704511725798 0.01716
2267 0.007650125187145198 0.001521704511725798 0.01872
2268 0.007650125187145198 0.001521704511725798 0.02028
2269 0.007650125187145198 0.001521704511725798 0.02184
2270 0.00746413461871123 0.002264220482584805 0.008579999999999999
2271 0.00746413461871123 0.002264220482584805 0.00936
2272 0.00746413461871123 0.002264220482584805 0.01053
2273 0.00746413461871123 0.002264220482584805 0.0117
2274 0.00746413461871123 0.002264220482584805 0.01287
2275 0.00746413461871123 0.002264220482584805 0.01404
2276 0.00746413461871123 0.002264220482584805 0.0156
2277 0.00746413461871123 0.002264220482584805 0.01716
2278 0.00746413461871123 0.002264220482584805 0.01872
2279 0.00746413461871123 0.002264220482584805 0.02028
2280 0.00746413461871123 0.002264220482584805 0.02184
2281 0.007206260353588038 0.002984930772447696 0.008579999999999999
2282 0.007206260353588038 0.002984930772447696 0.00936
2283 0.007206260353588038 0.002984930772447696 0.01053
2284 0.007206260353588038 0.002984930772447696 0.0117
2285 0.007206260353588038 0.002984930772447696 0.01287
2286 0.007206260353588038 0.002984930772447696 0.01404
2287 0.007206260353588038 0.002984930772447696 0.0156
2288 0.007206260353588038 0.002984930772447696 0.01716
2289 0.007206260353588038 0.002984930772447696 0.01872
2290 0.007206260353588038 0.002984930772447696 0.02028
2291 0.007206260353588038 0.002984930772447696 0.02184
2292 0.006878985861917171 0.003676894547242778 0.008579999999999999
2293 0.006878985861917171 0.003676894547242778 0.00936
2294 0.006878985861917171 0.003676894547242778 0.01053
2295 0.006878985861917171 0.003676894547242778 0.0117
2296 0.006878985861917171 0.003676894547242778 0.01287
2297 0.006878985861917171 0.003676894547242778 0.01404
2298 0.006878985861917171 0.003676894547242778 0.0156
2299 0.006878985861917171 0.003676894547242778 0.01716
2300 0.006878985861917171 0.003676894547242778 0.01872
2301 0.006878985861917171 0.003676894547242778 0.02028
2302 0.006878985861917171 0.003676894547242778 0.02184
2303 0.006485462975959855 0.004333447817552895 0.008579999999999999
2304 0.006485462975959855 0.004333447817552895 0.00936
2305 0.006485462975959855 0.004333447817552895 0.01053
2306 0.006485462975959855 0.004333447817552895 0.0117
2307 0.006485462975959855 0.004333447817552895 0.01287
2308 0.006485462975959855 0.004333447817552895 0.01404
2309 0.006485462975959855 0.004333447817552895 0.0156
2310 0.006485462975959855 0.004333447817552895 0.01716
2311 0.006485462975959855 0.004333447817552895 0.01872
2312 0.006485462975959855 0.004333447817552895 0.02028
2313 0.006485462975959855 0.004333447817552895 0.02184
2314 0.006029481536229349 0.004948267616476433 0.008579999999999999
2315 0.006029481536229349 0.004948267616476433 0.00936
2316 0.006029481536229349 0.004948267616476433 0.01053
2317 0.006029481536229349 0.004948267616476433 0.0117
2318 0.006029481536229349 0.004948267616476433 0.01287
2319 0.006029481536229349 0.004948267616476433 0.01404
2320 0.006029481536229349 0.004948267616476433 0.0156
2321 0.006029481536229349 0.004948267616476433 0.01716
2322 0.006029481536229349 0.004948267616476433 0.01872
2323 0.006029481536229349 0.004948267616476433 0.02028
2324 0.006029481536229349 0.004948267616476433 0.02184
2325 0.005515432893255071 0.00551543289325507 0.008579999999999999
2326 0.005515432893255071 0.00551543289325507 0.00936
2327 0.005515432893255071 0.00551543289325507 0.01053
2328 0.005515432893255071 0.00551543289325507 0.0117
2329 0.005515432893255071 0.00551543289325507 0.01287
2330 0.005515432893255071 0.00551543289325507 0.01404
2331 0.005515432893255071 0.00551543289325507 0.0156
2332 0.005515432893255071 0.00551543289325507 0.01716
2333 0.005515432893255071 0.00551543289325507 0.01872
2334 0.005515432893255071 0.00551543289325507 0.02028
2335 0.005515432893255071 0.00551543289325507 0.02184
2336 0.004948267616476438 0.006029481536229345 0.008579999999999999
2337 0.004948267616476438 0.006029481536229345 0.00936
2338 0.004948267616476438 0.006029481536229345 0.01053
2339 0.004948267616476438 0.006029481536229345 0.0117
2340 0.004948267616476438 0.006029481536229345 0.01287
2341 0.004948267616476438 0.006029481536229345 0.01404
2342 0.004948267616476438 0.006029481536229345 0.0156
2343 0.004948267616476438 0.006029481536229345 0.01716
2344 0.004948267616476438 0.006029481536229345 0.01872
2345 0.004948267616476438 0.006029481536229345 0.02028
2346 0.004948267616476438 0.006029481536229345 0.02184
2347 0.004333447817552903 0.006485462975959849 0.008579999999999999
2348 0.004333447817552903 0.006485462975959849 0.00936
2349 0.004333447817552903 0.006485462975959849 0.01053
2350 0.004333447817552903 0.006485462975959849 0.0117
2351 0.004333447817552903 0.006485462975959849 0.01287
2352 0.004333447817552903 0.006485462975959849 0.01404
2353 0.004333447817552903 0.006485462975959849 0.0156
2354 0.004333447817552903 0.006485462975959849 0.01716
2355 0.004333447817552903 0.006485462975959849 0.01872
2356 0.004333447817552903 0.006485462975959849 0.02028
2357 0.004333447817552903 0.006485462975959849 0.02184
2358 0.003676894547242783 0.006878985861917169 0.008579999999999999
2359 0.003676894547242783 0.006878985861917169 0.00936
2360 0.003676894547242783 0.006878985861917169 0.01053
2361 0.003676894547242783 0.006878985861917169 0.0117
2362 0.003676894547242783 0.006878985861917169 0.01287
2363 0.003676894547242783 0.006878985861917169 0.01404
2364 0.003676894547242783 0.006878985861917169 0.0156
2365 0.003676894547242783 0.006878985861917169 0.01716
2366 0.003676894547242783 0.006878985861917169 0.01872
2367 0.003676894547242783 0.006878985861917169 0.02028
2368 0.003676894547242783 0.006878985861917169 0.02184
2369 0.002984930772447705 0.007206260353588035 0.008579999999999999
2370 0.002984930772447705 0.007206260353588035 0.00936
2371 0.002984930772447705 0.007206260353588035 0.01053
2372 0.002984930772447705 0.007206260353588035 0.0117
2373 0.002984930772447705 0.007206260353588035 0.01287
2374 0.002984930772447705 0.007206260353588035 0.01404
2375 0.002984930772447705 0.007206260353588035 0.0156
2376 0.002984930772447705 0.007206260353588035 0.01716
2377 0.002984930772447705 0.007206260353588035 0.01872
2378 0.002984930772447705 0.007206260353588035 0.02028
2379 0.002984930772447705 0.007206260353588035 0.02184
2380 0.002264220482584807 0.007464134618711229 0.008579999999999999
2381 0.002264220482584807 0.007464134618711229 0.00936
2382 0.002264220482584807 0.007464134618711229 0.01053
2383 0.002264220482584807 0.007464134618711229 0.0117
2384 0.002264220482584807 0.007464134618711229 0.01287
2385 0.002264220482584807 0.007464134618711229 0.01404
2386 0.002264220482584807 0.007464134618711229 0.0156
2387 0.002264220482584807 0.007464134618711229 0.01716
2388 0.002264220482584807 0.007464134618711229 0.01872
2389 0.002264220482584807 0.007464134618711229 0.02028
2390 0.002264220482584807 0.007464134618711229 0.02184
2391 0.001521704511725803 0.007650125187145196 0.008579999999999999
2392 0.001521704511725803 0.007650125187145196 0.00936
2393 0.001521704511725803 0.007650125187145196 0.01053
2394 0.001521704511725803 0.007650125187145196 0.0117
2395 0.001521704511725803 0.007650125187145196 0.01287
2396 0.001521704511725803 0.007650125187145196 0.01404
2397 0.001521704511725803 0.007650125187145196 0.0156
2398 0.001521704511725803 0.007650125187145196 0.01716
2399 0.001521704511725803 0.007650125187145196 0.01872
2400 0.001521704511725803 0.007650125187145196 0.02028
2401 0.001521704511725803 0.007650125187145196 0.02184
2402 0.0007645336945705715 0.007762440868043135 0.008579999999999999
2403 0.0007645336945705715 0.007762440868043135 0.00936
2404 0.0007645336945705715 0.007762440868043135 0.01053
2405 0.0007645336945705715 0.007762440868043135 0.0117
2406 0.0007645336945705715 0.007762440868043135 0.01287
2407 0.0007645336945705715 0.007762440868043135 0.01404
2408 0.0007645336945705715 0.007762440868043135 0.0156
2409 0.0007645336945705715 0.007762440868043135 0.01716
2410 0.0007645336945705715 0.007762440868043135 0.01872
2411 0.0007645336945705715 0.007762440868043135 0.02028
2412 0.0007645336945705715 0.007762440868043135 0.02184
2413 0.006886970920051449 0 0.008579999999999999
2414 0.006886970920051449 0 0.00936
2415 0.006886970920051449 0 0.01053
2416 0.006886970920051449 0 0.0117
2417 0.006886970920051449 0 0.01287
2418 0.006886970920051449 0 0.01404
2419 0.006886970920051449 0 0.0156
2420 0.006886970920051449 0 0.01716
2421 0.006886970920051449 0 0.01872
2422 0.006886970920051449 0 0.02028
2423 0.006886970920051449 0 0.02184
2424 0.006065244744327913 0 0.008579999999999999
2425 0.006065244744327913 0 0.00936
2426 0.006065244744327913 0 0.01053
2427 0.006065244744327913 0 0.0117
2428 0.006065244744327913 0 0.01287
2429 0.006065244744327913 0 0.01404
2430 0.006065244744327913 0 0.0156
2431 0.006065244744327913 0 0.01716
2432 0.006065244744327913 0 0.01872
2433 0.006065244744327913 0 0.02028
2434 0.006065244744327913 0 0.02184
2435 0.005325691189472142 0 0.008579999999999999
2436 0.005325691189472142 0 0.00936
2437 0.005325691189472142 0 0.01053
2438 0.005325691189472142 0 0.0117
2439 0.005325691189472142 0 0.01287
2440 0.005325691189472142 0 0.01404
2441 0.005325691189472142 0 0.0156
2442 0.005325691189472142 0 0.01716
2443 0.005325691189472142 0 0.01872
2444 0.005325691189472142 0 0.02028
2445 0.005325691189472142 0 0.02184
2446 0.004660092990987927 0 0.008579999999999999
2447 0.004660092990987927 0 0.00936
2448 0.004660092990987927 0 0.01053
2449 0.004660092990987927 0 0.0117
2450 0.004660092990987927 0 0.01287
2451 0.004660092990987927 0 0.01404
2452 0.004660092990987927 0 0.0156
2453 0.004660092990987927 0 0.01716
2454 0.004660092990987927 0 0.01872
2455 0.004660092990987927 0 0.02028
2456 0.004660092990987927 0 0.02184
2457 0.0040610546109065 0 0.008579999999999999
2458 0.0040610546109065 0 0.00936
2459 0.0040610546109065 0 0.01053
2460 0.0040610546109065 0 0.0117
2461 0.0040610546109065 0 0.01287
2462 0.0040610546109065 0 0.01404
2463 0.0040610546109065 0 0.0156
2464 0.0040610546109065 0 0.01716
2465 0.0040610546109065 0 0.01872
2466 0.0040610546109065 0 0.02028
2467 0.0040610546109065 0 0.02184
2468 0.00352192007046846 0 0.008579999999999999
2469 0.00352192007046846 0 0.00936
2470 0.00352192007046846 0 0.01053
2471 0.00352192007046846 0 0.0117
2472 0.00352192007046846 0 0.01287
2473 0.00352192007046846 0 0.01404
2474 0.00352192007046846 0 0.0156
2475 0.00352192007046846 0 0.01716
2476 0.00352192007046846 0 0.01872
2477 0.00352192007046846 0 0.02028
2478 0.00352192007046846 0 0.02184
2479 0.003036698982283373 0 0.008579999999999999
2480 0.003036698982283373 0 0.00936
2481 0.003036698982283373 0 0.01053
2482 0.003036698982283373 0 0.0117
2483 0.003036698982283373 0 0.01287
2484 0.003036698982283373 0 0.01404
2485 0.003036698982283373 0 0.0156
2486 0.003036698982283373 0 0.01716
2487 0.003036698982283373 0 0.01872
2488 0.003036698982283373 0 0.02028
2489 0.003036698982283373 0 0.02184
2490 0.003166380961087624 0.002374372140718514 0.0234
2491 0.003035344416529517 0.003888866418619834 0.0234
2492 0.004970113501315402 0.0005341881195131864 0.0234
2493 0.002903248587653551 0.005023899044166591 0.0234
2494 0.0002664671019465522 0.006215949514268469 0.0234
2495 0.00609289929026611 0.00361262013685402 0.0234
2496 0.001251867860410828 0.005575814957655783 0.0234
2497 0.002085024157963013 0.005566847087314117 0.0234
2498 0.004803420614120725 0.005288844605647937 0.0234
2499 0.003790437901585972 0.0004402233115504183 0.0234
2500 0.006965180625398248 0.001753412537113996 0.0234
2501 0.002875479012740576 0.005397485633675427 0.0234
2502 0.003241655453643428 0.005200969504465384 0.0234
2503 0.0003183070349382644 0.006874730232073704 0.0234
2504 0.003204960564641446 0.004710690271828372 0.0234
2505 0.001609711563510491 0.00691602795283076 0.0234
2506 0.003258310467992274 0.005634222670219461 0.0234
2507 0.002819566679903969 0.005844653855237789 0.0234
2508 0.003623091253122501 0.004957908347715969 0.0234
2509 0.00360788856491378 0.004463750910204585 0.0234
2510 0.004042679317713752 0.004696197735018236 0.0234
2511 0.004003006506753546 0.004161160090782732 0.0234
2512 0.004510149588239825 0.004397781579495684 0.0234
2513 0.004466959736673399 0.003812263025881117 0.0234
2514 0.003920545938630445 0.00360132450083726 0.0234
2515 0.004385085813585087 0.003217233673461758 0.0234
2516 0.004959265459100702 0.003447402070039285 0.0234
2517 0.004882973600871882 0.00281961033124077 0.0234
2518 0.004292079360513364 0.002588467319055791 0.0234
2519 0.004791727651641921 0.002184782006128246 0.0234
2520 0.004143029322250929 0.001939140524620219 0.0234
2521 0.005399209405105655 0.002422426892759595 0.0234
2522 0.005300850846340183 0.001776747427387737 0.0234
2523 0.003104186896751491 0.00116201990488485 0.0234
2524 0.006462273205163037 0.0006781568684874765 0.0234
2525 0.0002164046095859211 0.005528094050716744 0.0234
2526 0.005907619096873782 0.001921576227796148 0.0234
2527 0.006068680875538469 0.002662746013989574 0.0234
2528 0.005824926433014001 0.001233863104143178 0.0234
2529 0.003248990273127347 0.006117990566131605 0.0234
2530 0.00380170974838098 0.005856485482833812 0.0234
2531 0.002758246871126535 0.006345174120281997 0.0234
2532 0.002307766187819113 0.006025802070470428 0.0234
2533 0.004103712701890624 0.005271239169141653 0.0234
2534 0.003539350377416455 0.003967205409725385 0.0234
2535 0.00338655986130759 0.003379905515307751 0.0234
2536 0.003852755046596401 0.002997445798244484 0.0234
2537 0.003133108678770693 0.001748201294576903 0.0234
2538 0.003698837748825131 0.001445421002888653 0.0234
2539 0.003023711929400094 0.002977730861869201 0.0234
2540 0.0008110213947959345 0.005583340085476652 0.0234
2541 0.0009540805551038812 0.005981804508046169 0.0234
2542 0.001469546197829478 0.005947795164470884 0.0234
2543 0.00126654091288902 0.006335128577331249 0.0234
2544 0.0008868730037961377 0.00638866437202781 0.0234
2545 0.001043308708426778 0.006770181521766409 0.0234
2546 0.0005224588750237309 0.005904518008098417 0.0234
2547 0.003753318080332735 0.00243468090496577 0.0234
2548 0.005648174857186172 0.0005709143317487947 0.0234
2549 0.003287312361534269 0.0003959040346067934 0.0234
2550 0.002936102128271446 0.004366063606219319 0.0234
2551 0.001684823413588003 0.005562545008272969 0.0234
2552 0.002491809475147406 0.005539131441116294 0.0234
2553 0.004704874829760134 0.001579396866011207 0.0234
2554 0.0043476269680073 0.0004803309005427261 0.0234
2555 0.001806562995878545 0.006284232112241893 0.0234
2556 0.002236742761464136 0.006645907726232451 0.0234
2557 0.00502447639172094 0.004068724262197745 0.0234
2558 0.004987559788667018 0.004672538604089728 0.0234
2559 0.005652853757185343 0.004336917782999648 0.0234
2560 0.005485432789985969 0.003111357099846534 0.0234
2561 0.004025587599292247 0.0009314740713998442 0.0234
2562 0.00517907892550984 0.00114053356578767 0.0234
2563 0.00029367886979425 0.006505690697900389 0.0234
2564 0.00187074459061563 0.005877444288554058 0.0234
2565 0.007089073594490607 0.00108304055821859 0.0234
2566 0.006777096591777175 0.002466363330655582 0.0234
2567 0.004398111699684334 0.005786302753962519 0.0234
2568 0.004571400435548016 0.001018758656572482 0.0234
2569 0.0002971897256107896 0.007324745508571521 0.0234
2570 0.006604784594617392 0.00308071096023793 0.0234
2571 0.002871972276770678 0.004695572159174194 0.0234
2572 0.005462009129475007 0.003711956522904164 0.0234
2573 0.003605695925005961 0.005384165034875256 0.0234
2574 0.00292912324144744 0.003428061539370373 0.0234
2575 0.0002396834647360488 0.005908259808190427 0.0234
2576 0.0007002976241558966 0.007042420151242698 0.0234
2577 0.006450380403049244 0.001445053835596321 0.0234
2578 0.001159607099865735 0.007253843948869503 0.0234
2579 0.003610911368399237 0.001953867498669707 0.0234
2580 0.004215215278042007 0.001414082399914044 0.0234
2581 0.002915741186844587 0.0003799829187460546 0.0234
2582 0.003502814136628373 0.0007976321186065945 0.0234
2583 0.0006304403876553561 0.006642082714478713 0.0234
2584 0.004489504402126389 0.004865320338678648 0.0234
2585 0.003173319615261138 0.006626086653184727 0.0234
2586 0.003678672663749808 0.006377132941646856 0.0234
2587 0.007243613406294266 0.0004751261110951476 0.0234
2588 0.003436417325588182 0.002774571778580116 0.0234
2589 0.003291084353053211 0.004267706276565838 0.0234
2590 0.006433791518527384 0.002049830389030324 0.0234
2591 0.002680765348373565 0.00685253063395932 0.0234
2592 0.0005807040294061061 0.006249205531784353 0.0234
2593 0.00306863149139838 0.0007174786289812596 0.0234
2594 0.0005031296283478852 0.005628554253243761 0.0234
2595 0.005452114801226913 0.004972205307406801 0.0234
2596 0 0.008666666666666668 0.008579999999999999
2597 0 0.008666666666666668 0.00936
2598 0 0.008666666666666668 0.01053
2599 0 0.008666666666666668 0.0117
2600 0 0.008666666666666668 0.01287
2601 0 0.008666666666666668 0.01404
2602 0 0.008666666666666668 0.0156
2603 0 0.008666666666666668 0.01716
2604 0 0.008666666666666668 0.01872
2605 0 0.008666666666666668 0.02028
2606 0 0.008666666666666668 0.02184
2607 0 0.009533333333333333 0.008579999999999999
2608 0 0.009533333333333333 0.00936
2609 0 0.009533333333333333 0.01053
2610 0 0.009533333333333333 0.0117
2611 0 0.009533333333333333 0.01287
2612 0 0.009533333333333333 0.01404
2613 0 0.009533333333333333 0.0156
2614 0 0.009533333333333333 0.01716
2615 0 0.009533333333333333 0.01872
2616 0 0.009533333333333333 0.02028
2617 0 0.009533333333333333 0.02184
2618 0.01013925028669097 0.002314217713145668 0.008579999999999999
2619 0.01013925028669097 0.002314217713145668 0.00936
2620 0.01013925028669097 0.002314217713145668 0.01053
2621 0.01013925028669097 0.002314217713145668 0.0117
2622 0.01013925028669097 0.002314217713145668 0.01287
2623 0.01013925028669097 0.002314217713145668 0.01404
2624 0.01013925028669097 0.002314217713145668 0.0156
2625 0.01013925028669097 0.002314217713145668 0.01716
2626 0.01013925028669097 0.002314217713145668 0.01872
2627 0.01013925028669097 0.002314217713145668 0.02028
2628 0.01013925028669097 0.002314217713145668 0.02184
2629 0.009370076226185161 0.004512390886822599 0.008579999999999999
2630 0.009370076226185161 0.004512390886822599 0.00936
2631 0.009370076226185161 0.004512390886822599 0.01053
2632 0.009370076226185161 0.004512390886822599 0.0117
2633 0.009370076226185161 0.004512390886822599 0.01287
2634 0.009370076226185161 0.004512390886822599 0.01404
2635 0.009370076226185161 0.004512390886822599 0.0156
2636 0.009370076226185161 0.004512390886822599 0.01716
2637 0.009370076226185161 0.004512390886822599 0.01872
2638 0.009370076226185161 0.004512390886822599 0.02028
2639 0.009370076226185161 0.004512390886822599 0.02184
2640 0.008131047417667519 0.006484293939330817 0.008579999999999999
2641 0.008131047417667519 0.006484293939330817 0.00936
2642 0.008131047417667519 0.006484293939330817 0.01053
2643 0.008131047417667519 0.006484293939330817 0.0117
2644 0.008131047417667519 0.006484293939330817 0.01287
2645 0.008131047417667519 0.006484293939330817 0.01404
2646 0.008131047417667519 0.006484293939330817 0.0156
2647 0.008131047417667519 0.006484293939330817 0.01716
2648 0.008131047417667519 0.006484293939330817 0.01872
2649 0.008131047417667519 0.006484293939330817 0.02028
2650 0.008131047417667519 0.006484293939330817 0.02184
2651 0.006484293939330844 0.008131047417667497 0.008579999999999999
2652 0.006484293939330844 0.008131047417667497 0.00936
2653 0.006484293939330844 0.008131047417667497 0.01053
2654 0.006484293939330844 0.008131047417667497 0.0117
2655 0.006484293939330844 0.008131047417667497 0.01287
2656 0.006484293939330844 0.008131047417667497 0.01404
2657 0.006484293939330844 0.008131047417667497 0.0156
2658 0.006484293939330844 0.008131047417667497 0.01716
2659 0.006484293939330844 0.008131047417667497 0.01872
2660 0.006484293939330844 0.008131047417667497 0.02028
2661 0.006484293939330844 0.008131047417667497 0.02184
2662 0.004512390886822614 0.009370076226185154 0.008579999999999999
2663 0.004512390886822614 0.009370076226185154 0.00936
2664 0.004512390886822614 0.009370076226185154 0.01053
2665 0.004512390886822614 0.009370076226185154 0.0117
2666 0.004512390886822614 0.009370076226185154 0.01287
2667 0.004512390886822614 0.009370076226185154 0.01404
2668 0.004512390886822614 0.009370076226185154 0.0156
2669 0.004512390886822614 0.009370076226185154 0.01716
2670 0.004512390886822614 0.009370076226185154 0.01872
2671 0.004512390886822614 0.009370076226185154 0.02028
2672 0.004512390886822614 0.009370076226185154 0.02184
2673 0.00231421771314568 0.01013925028669096 0.008579999999999999
2674 0.00231421771314568 0.01013925028669096 0.00936
2675 0.00231421771314568 0.01013925028669096 0.01053
2676 0.00231421771314568 0.01013925028669096 0.0117
2677 0.00231421771314568 0.01013925028669096 0.01287
2678 0.00231421771314568 0.01013925028669096 0.01404
2679 0.00231421771314568 0.01013925028669096 0.0156
2680 0.00231421771314568 0.01013925028669096 0.01716
2681 0.00231421771314568 0.01013925028669096 0.01872
2682 0.00231421771314568 0.01013925028669096 0.02028
2683 0.00231421771314568 0.01013925028669096 0.02184
2684 0.008666666666666668 0 0.008579999999999999
2685 0.008666666666666668 0 0.00936
2686 0.008666666666666668 0 0.01053
2687 0.008666666666666668 0 0.0117
2688 0.008666666666666668 0 0.01287
2689 0.008666666666666668 0 0.01404
2690 0.008666666666666668 0 0.0156
2691 0.008666666666666668 0 0.01716
2692 0.008666666666666668 0 0.01872
2693 0.008666666666666668 0 0.02028
2694 0.008666666666666668 0 0.02184
2695 0.009533333333333333 0 0.008579999999999999
2696 0.009533333333333333 0 0.00936
2697 0.009533333333333333 0 0.01053
2698 0.009533333333333333 0 0.0117
2699 0.009533333333333333 0 0.01287
2700 0.009533333333333333 0 0.01404
2701 0.009533333333333333 0 0.0156
2702 0.009533333333333333 0 0.01716
2703 0.009533333333333333 0 0.01872
2704 0.009533333333333333 0 0.02028
2705 0.009533333333333333 0 0.02184
2706 0.001210328954351584 0.008375904883100686 0.0234
2707 0.008514219545270069 0.001301587342240097 0.0234
2708 0.008336961732801148 0.002957355932154506 0.0234
2709 0.002792278505126154 0.008486491980290929 0.0234
2710 0.007560567024688313 0.004617680952409135 0.0234
2711 0.004615377276534817 0.007561947794870058 0.0234
2712 0.006152960477457121 0.005699793054066729 0.0234
2713 0.001954749112512097 0.008252299173214808 0.0234
2714 0.008200167596407779 0.002054035054283424 0.0234
2715 0.0007010173159173226 0.009093009010713563 0.0234
2716 0.00924780052754906 0.0006700471308590632 0.0234
2717 0.00566786407656529 0.006144307894485099 0.0234
2718 0.006841071600027415 0.005461732257999724 0.0234
2719 0.003716374397634815 0.007900752443370268 0.0234
2720 0.007870570239835967 0.003749850618215343 0.0234
2721 0.005456026815770437 0.006839859631229029 0.0234
2722 0.001746693546399665 0.009229622276909292 0.0234
2723 0.006521648658381931 0.006524954595043868 0.0234
2724 0.008398225521505787 0.0005472336335339452 0.0234
2725 0.000535175992967896 0.008339604285704811 0.0234
2726 0 0.0208 0.008579999999999999
2727 0 0.0208 0.00936
2728 0 0.0208 0.01053
2729 0 0.0208 0.0117
2730 0 0.0208 0.01287
2731 0 0.0208 0.01404
2732 0 0.0208 0.0156
2733 0 0.0208 0.01716
2734 0 0.0208 0.01872
2735 0 0.0208 0.02028
2736 0 0.0208 0.02184
2737 0 0.0182 0.008579999999999999
2738 0 0.0182 0.00936
2739 0 0.0182 0.01053
2740 0 0.0182 0.0117
2741 0 0.0182 0.01287
2742 0 0.0182 0.01404
2743 0 0.0182 0.0156
2744 0 0.0182 0.01716
2745 0 0.0182 0.01872
2746 0 0.0182 0.02028
2747 0 0.0182 0.02184
2748 0 0.0156 0.008579999999999999
2749 0 0.0156 0.00936
2750 0 0.0156 0.01053
2751 0 0.0156 0.0117
2752 0 0.0156 0.01287
2753 0 0.0156 0.01404
2754 0 0.0156 0.0156
2755 0 0.0156 0.01716
2756 0 0.0156 0.01872
2757 0 0.0156 0.02028
2758 0 0.0156 0.02184
2759 0 0.013 0.008579999999999999
2760 0 0.013 0.00936
2761 0 0.013 0.01053
2762 0 0.013 0.0117
2763 0 0.013 0.01287
2764 0 0.013 0.01404
2765 0 0.013 0.0156
2766 0 0.013 0.01716
2767 0 0.013 0.01872
2768 0 0.013 0.02028
2769 0 0.013 0.02184
2770 0.01755 0.0234 0.008579999999999999
2771 0.01755 0.0234 0.00936
2772 0.01755 0.0234 0.01053
2773 0.01755 0.0234 0.0117
2774 0.01755 0.0234 0.01287
2775 0.01755 0.0234 0.01404
2776 0.01755 0.0234 0.0156
2777 0.01755 0.0234 0.01716
2778 0.01755 0.0234 0.01872
2779 0.01755 0.0234 0.02028
2780 0.01755 0.0234 0.02184
2781 0.01170000000000001 0.0234 0.008579999999999999
2782 0.01170000000000001 0.0234 0.00936
2783 0.01170000000000001 0.0234 0.01053
2784 0.01170000000000001 0.0234 0.0117
2785 0.01170000000000001 0.0234 0.01287
2786 0.01170000000000001 0.0234 0.01404
2787 0.01170000000000001 0.0234 0.0156
2788 0.01170000000000001 0.0234 0.01716
2789 0.01170000000000001 0.0234 0.01872
2790 0.01170000000000001 0.0234 0.02028
2791 0.01170000000000001 0.0234 0.02184
2792 0.005850000000000015 0.0234 0.008579999999999999
2793 0.005850000000000015 0.0234 0.00936
2794 0.005850000000000015 0.0234 0.01053
2795 0.005850000000000015 0.0234 0.0117
2796 0.005850000000000015 0.0234 0.01287
2797 0.005850000000000015 0.0234 0.01404
2798 0.005850000000000015 0.0234 0.0156
2799 0.005850000000000015 0.0234 0.01716
2800 0.005850000000000015 0.0234 0.01872
2801 0.005850000000000015 0.0234 0.02028
2802 0.005850000000000015 0.0234 0.02184
2803 0.0234 0.005849999999999995 0.008579999999999999
2804 0.0234 0.005849999999999995 0.00936
2805 0.0234 0.005849999999999995 0.01053
2806 0.0234 0.005849999999999995 0.0117
2807 0.0234 0.005849999999999995 0.01287
2808 0.0234 0.005849999999999995 0.01404
2809 0.0234 0.005849999999999995 0.0156
2810 0.0234 0.005849999999999995 0.01716
2811 0.0234 0.005849999999999995 0.01872
2812 0.0234 0.005849999999999995 0.02028
2813 0.0234 0.005849999999999995 0.02184
2814 0.0234 0.01169999999999998 0.008579999999999999
2815 0.0234 0.01169999999999998 0.00936
2816 0.0234 0.01169999999999998 0.01053
2817 0.0234 0.01169999999999998 0.0117
2818 0.0234 0.01169999999999998 0.01287
2819 0.0234 0.01169999999999998 0.01404
2820 0.0234 0.01169999999999998 0.0156
2821 0.0234 0.01169999999999998 0.01716
2822 0.0234 0.01169999999999998 0.01872
2823 0.0234 0.01169999999999998 0.02028
2824 0.0234 0.01169999999999998 0.02184
2825 0.0234 0.01754999999999998 0.008579999999999999
2826 0.0234 0.01754999999999998 0.00936
2827 0.0234 0.01754999999999998 0.01053
2828 0.0234 0.01754999999999998 0.0117
2829 0.0234 0.01754999999999998 0.01287
2830 0.0234 0.01754999999999998 0.01404
2831 0.0234 0.01754999999999998 0.0156
2832 0.0234 0.01754999999999998 0.01716
2833 0.0234 0.01754999999999998 0.01872
2834 0.0234 0.01754999999999998 0.02028
2835 0.0234 0.01754999999999998 0.02184
2836 0.013 0 0.008579999999999999
2837 0.013 0 0.00936
2838 0.013 0 0.01053
2839 0.013 0 0.0117
2840 0.013 0 0.01287
2841 0.013 0 0.01404
2842 0.013 0 0.0156
2843 0.013 0 0.01716
2844 0.013 0 0.01872
2845 0.013 0 0.02028
2846 0.013 0 0.02184
2847 0.0156 0 0.008579999999999999
2848 0.0156 0 0.00936
2849 0.0156 0 0.01053
2850 0.0156 0 0.0117
2851 0.0156 0 0.01287
2852 0.0156 0 0.01404
2853 0.0156 0 0.0156
2854 0.0156 0 0.01716
2855 0.0156 0 0.01872
2856 0.0156 0 0.02028
2857 0.0156 0 0.02184
2858 0.01819999999999999 0 0.008579999999999999
2859 0.01819999999999999 0 0.00936
2860 0.01819999999999999 0 0.01053
2861 0.01819999999999999 0 0.0117
2862 0.01819999999999999 0 0.01287
2863 0.01819999999999999 0 0.01404
2864 0.01819999999999999 0 0.0156
2865 0.01819999999999999 0 0.01716
2866 0.01819999999999999 0 0.01872
2867 0.01819999999999999 0 0.02028
2868 0.01819999999999999 0 0.02184
2869 0.0208 0 0.008579999999999999
2870 0.0208 0 0.00936
2871 0.0208 0 0.01053
2872 0.0208 0 0.0117
2873 0.0208 0 0.01287
2874 0.0208 0 0.01404
2875 0.0208 0 0.0156
2876 0.0208 0 0.01716
2877 0.0208 0 0.01872
2878 0.0208 0 0.02028
2879 0.0208 0 0.02184
2880 0.008787877540815028 0.008736919789847478 0.0234
2881 0.004051435050493976 0.01208501123673517 0.0234
2882 0.01172203486102022 0.004403571538316466 0.0234
2883 0.01661988727136338 0.002739829196847201 0.0234
2884 0.002426627581036225 0.01698607442500259 0.0234
2885 0.01472274386158439 0.018503140938032 0.0234
2886 0.01860799506625824 0.008751705395468179 0.0234
2887 0.01050091144267296 0.0066979856398664 0.0234
2888 0.01176491647685872 0.009294601792771907 0.0234
2889 0.009157068969379477 0.01177947244941779 0.0234
2890 0.01295637052419653 0.01215723322325961 0.0234
2891 0.0132514792368976 0.006660365879216306 0.0234
2892 0.01110446358872504 0.01564553016560563 0.0234
2893 0.007875632514358679 0.01466531664399963 0.0234
2894 0.008360743174706541 0.01778879601650333 0.0234
2895 0.01766447009592765 0.01401545965082921 0.0234
2896 0.00657137283727378 0.01045827995919852 0.0234
2897 0.01418621932656449 0.003975407636794175 0.0234
2898 0.002251666049839543 0.0143 0.0234
2899 0.02010331454522723 0.002289473285635739 0.0234
2900 0.002267168932834336 0.02025042016250301 0.0234
2901 0.01838054629159567 0.005127250625195831 0.0234
2902 0.005188332836402654 0.01529348992296108 0.0234
2903 0.01906818144033694 0.01856529358705875 0.0234
2904 0.01232207621385922 0.002102158356715674 0.0234
2905 0.004818574504995954 0.018743756105394 0.0234
2906 0.01516675455016966 0.009705661745257155 0.0234
2907 0.001789477266895276 0.01205051953094665 0.0234
2908 0.014448687646832 0.00187907379192572 0.0234
2909 0.01402450892460813 0.01516192997813529 0.0234
2910 0.01603548029047484 0.006160036746463142 0.0234
2911 0.01134032109105273 0.01981484021033815 0.0234
2912 0.006413645877819464 0.01275816276989356 0.0234
2913 0.002263020811179488 0.0007693418672532369 0.00065
2914 0.002263020811179488 0.0007693418672532369 0.0013
2915 0.002263020811179488 0.0007693418672532369 0.00195
2916 0.002263020811179488 0.0007693418672532369 0.0026
2917 0.002263020811179488 0.0007693418672532369 0.00325
2918 0.002263020811179488 0.0007693418672532369 0.0039
2919 0.002263020811179488 0.0007693418672532369 0.00455
2920 0.002263020811179488 0.0007693418672532369 0.0052
2921 0.002263020811179488 0.0007693418672532369 0.005849999999999999
2922 0.002263020811179488 0.0007693418672532369 0.0065
2923 0.002263020811179488 0.0007693418672532369 0.007149999999999999
2924 0.002263020811381271 0.001468743563087715 0.00065
2925 0.002263020811381271 0.001468743563087715 0.0013
2926 0.002263020811381271 0.001468743563087715 0.00195
2927 0.002263020811381271 0.001468743563087715 0.0026
2928 0.002263020811381271 0.001468743563087715 0.00325
2929 0.002263020811381271 0.001468743563087715 0.0039
2930 0.002263020811381271 0.001468743563087715 0.00455
2931 0.002263020811381271 0.001468743563087715 0.0052
2932 0.002263020811381271 0.001468743563087715 0.005849999999999999
2933 0.002263020811381271 0.001468743563087715 0.0065
2934 0.002263020811381271 0.001468743563087715 0.007149999999999999
2935 0.00226302081156471 0.002104563287223097 0.00065
2936 0.00226302081156471 0.002104563287223097 0.0013
2937 0.00226302081156471 0.002104563287223097 0.00195
2938 0.00226302081156471 0.002104563287223097 0.0026
2939 0.00226302081156471 0.002104563287223097 0.00325
2940 0.00226302081156471 0.002104563287223097 0.0039
2941 0.00226302081156471 0.002104563287223097 0.00455
2942 0.00226302081156471 0.002104563287223097 0.0052
2943 0.00226302081156471 0.002104563287223097 0.005849999999999999
2944 0.00226302081156471 0.002104563287223097 0.0065
2945 0.00226302081156471 0.002104563287223097 0.007149999999999999
2946 0.002263020811731472 0.002682581220065492 0.00065
2947 0.002263020811731472 0.002682581220065492 0.0013
2948 0.002263020811731472 0.002682581220065492 0.00195
2949 0.002263020811731472 0.002682581220065492 0.0026
2950 0.002263020811731472 0.002682581220065492 0.00325
2951 0.002263020811731472 0.002682581220065492 0.0039
2952 0.002263020811731472 0.002682581220065492 0.00455
2953 0.002263020811731472 0.002682581220065492 0.0052
2954 0.002263020811731472 0.002682581220065492 0.005849999999999999
2955 0.002263020811731472 0.002682581220065492 0.0065
2956 0.002263020811731472 0.002682581220065492 0.007149999999999999
2957 0.002263020811883075 0.003208052066395316 0.00065
2958 0.002263020811883075 0.003208052066395316 0.0013
2959 0.002263020811883075 0.003208052066395316 0.00195
2960 0.002263020811883075 0.003208052066395316 0.0026
2961 0.002263020811883075 0.003208052066395316 0.00325
2962 0.002263020811883075 0.003208052066395316 0.0039
2963 0.002263020811883075 0.003208052066395316 0.00455
2964 0.002263020811883075 0.003208052066395316 0.0052
2965 0.002263020811883075 0.003208052066395316 0.005849999999999999
2966 0.002263020811883075 0.003208052066395316 0.0065
2967 0.002263020811883075 0.003208052066395316 0.007149999999999999
2968 0.002263020812020895 0.003685752835208509 0.00065
2969 0.002263020812020895 0.003685752835208509 0.0013
2970 0.002263020812020895 0.003685752835208509 0.00195
2971 0.002263020812020895 0.003685752835208509 0.0026
2972 0.002263020812020895 0.003685752835208509 0.00325
2973 0.002263020812020895 0.003685752835208509 0.0039
2974 0.002263020812020895 0.003685752835208509 0.00455
2975 0.002263020812020895 0.003685752835208509 0.0052
2976 0.002263020812020895 0.003685752835208509 0.005849999999999999
2977 0.002263020812020895 0.003685752835208509 0.0065
2978 0.002263020812020895 0.003685752835208509 0.007149999999999999
2979 0.002263020812146186 0.00412002626386571 0.00065
2980 0.002263020812146186 0.00412002626386571 0.0013
2981 0.002263020812146186 0.00412002626386571 0.00195
2982 0.002263020812146186 0.00412002626386571 0.0026
2983 0.002263020812146186 0.00412002626386571 0.00325
2984 0.002263020812146186 0.00412002626386571 0.0039
2985 0.002263020812146186 0.00412002626386571 0.00455
2986 0.002263020812146186 0.00412002626386571 0.0052
2987 0.002263020812146186 0.00412002626386571 0.005849999999999999
2988 0.002263020812146186 0.00412002626386571 0.0065
2989 0.002263020812146186 0.00412002626386571 0.007149999999999999
2990 0.002263020812260087 0.004514820289534645 0.00065
2991 0.002263020812260087 0.004514820289534645 0.0013
2992 0.002263020812260087 0.004514820289534645 0.00195
2993 0.002263020812260087 0.004514820289534645 0.0026
2994 0.002263020812260087 0.004514820289534645 0.00325
2995 0.002263020812260087 0.004514820289534645 0.0039
2996 0.002263020812260087 0.004514820289534645 0.00455
2997 0.002263020812260087 0.004514820289534645 0.0052
2998 0.002263020812260087 0.004514820289534645 0.005849999999999999
2999 0.002263020812260087 0.004514820289534645 0.0065
3000 0.002263020812260087 0.004514820289534645 0.007149999999999999
3001 0.002263020812363634 0.00487372394672034 0.00065
3002 0.002263020812363634 0.00487372394672034 0.0013
3003 0.002263020812363634 0.00487372394672034 0.00195
3004 0.002263020812363634 0.00487372394672034 0.0026
3005 0.002263020812363634 0.00487372394672034 0.00325
3006 0.002263020812363634 0.00487372394672034 0.0039
3007 0.002263020812363634 0.00487372394672034 0.00455
3008 0.002263020812363634 0.00487372394672034 0.0052
3009 0.002263020812363634 0.00487372394672034 0.005849999999999999
3010 0.002263020812363634 0.00487372394672034 0.0065
3011 0.002263020812363634 0.00487372394672034 0.007149999999999999
3012 0.00189234370420952 0.0007693418669468726 0.00065
3013 0.00189234370420952 0.0007693418669468726 0.0013
3014 0.00189234370420952 0.0007693418669468726 0.00195
3015 0.00189234370420952 0.0007693418669468726 0.0026
3016 0.00189234370420952 0.0007693418669468726 0.00325
3017 0.00189234370420952 0.0007693418669468726 0.0039
3018 0.00189234370420952 0.0007693418669468726 0.00455
3019 0.00189234370420952 0.0007693418669468726 0.0052
3020 0.00189234370420952 0.0007693418669468726 0.005849999999999999
3021 0.00189234370420952 0.0007693418669468726 0.0065
3022 0.00189234370420952 0.0007693418669468726 0.007149999999999999
3023 0.001892343704353192 0.00146874356296544 0.00065
3024 0.001892343704353192 0.00146874356296544 0.0013
3025 0.001892343704353192 0.00146874356296544 0.00195
3026 0.001892343704353192 0.00146874356296544 0.0026
3027 0.001892343704353192 0.00146874356296544 0.00325
3028 0.001892343704353192 0.00146874356296544 0.0039
3029 0.001892343704353192 0.00146874356296544 0.00455
3030 0.001892343704353192 0.00146874356296544 0.0052
3031 0.001892343704353192 0.00146874356296544 0.005849999999999999
3032 0.001892343704353192 0.00146874356296544 0.0065
3033 0.001892343704353192 0.00146874356296544 0.007149999999999999
3034 0.001892343704483804 0.002104563287253973 0.00065
3035 0.001892343704483804 0.002104563287253973 0.0013
3036 0.001892343704483804 0.002104563287253973 0.00195
3037 0.001892343704483804 0.002104563287253973 0.0026
3038 0.001892343704483804 0.002104563287253973 0.00325
3039 0.001892343704483804 0.002104563287253973 0.0039
3040 0.001892343704483804 0.002104563287253973 0.00455
3041 0.001892343704483804 0.002104563287253973 0.0052
3042 0.001892343704483804 0.002104563287253973 0.005849999999999999
3043 0.001892343704483804 0.002104563287253973 0.0065
3044 0.001892343704483804 0.002104563287253973 0.007149999999999999
3045 0.001892343704602541 0.002682581220222683 0.00065
3046 0.001892343704602541 0.002682581220222683 0.0013
3047 0.001892343704602541 0.002682581220222683 0.00195
3048 0.001892343704602541 0.002682581220222683 0.0026
3049 0.001892343704602541 0.002682581220222683 0.00325
3050 0.001892343704602541 0.002682581220222683 0.0039
3051 0.001892343704602541 0.002682581220222683 0.00455
3052 0.001892343704602541 0.002682581220222683 0.0052
3053 0.001892343704602541 0.002682581220222683 0.005849999999999999
3054 0.001892343704602541 0.002682581220222683 0.0065
3055 0.001892343704602541 0.002682581220222683 0.007149999999999999
3056 0.001892343704710484 0.003208052066655602 0.00065
3057 0.001892343704710484 0.003208052066655602 0.0013
3058 0.001892343704710484 0.003208052066655602 0.00195
3059 0.001892343704710484 0.003208052066655602 0.0026
3060 0.001892343704710484 0.003208052066655602 0.00325
3061 0.001892343704710484 0.003208052066655602 0.0039
3062 0.001892343704710484 0.003208052066655602 0.00455
3063 0.001892343704710484 0.003208052066655602 0.0052
3064 0.001892343704710484 0.003208052066655602 0.005849999999999999
3065 0.001892343704710484 0.003208052066655602 0.0065
3066 0.001892343704710484 0.003208052066655602 0.007149999999999999
3067 0.001892343704808614 0.003685752835551845 0.00065
3068 0.001892343704808614 0.003685752835551845 0.0013
3069 0.001892343704808614 0.003685752835551845 0.00195
3070 0.001892343704808614 0.003685752835551845 0.0026
3071 0.001892343704808614 0.003685752835551845 0.00325
3072 0.001892343704808614 0.003685752835551845 0.0039
3073 0.001892343704808614 0.003685752835551845 0.00455
3074 0.001892343704808614 0.003685752835551845 0.0052
3075 0.001892343704808614 0.003685752835551845 0.005849999999999999
3076 0.001892343704808614 0.003685752835551845 0.0065
3077 0.001892343704808614 0.003685752835551845 0.007149999999999999
3078 0.001892343704897823 0.004120026264274846 0.00065
3079 0.001892343704897823 0.004120026264274846 0.0013
3080 0.001892343704897823 0.004120026264274846 0.00195
3081 0.001892343704897823 0.004120026264274846 0.0026
3082 0.001892343704897823 0.004120026264274846 0.00325
3083 0.001892343704897823 0.004120026264274846 0.0039
3084 0.001892343704897823 0.004120026264274846 0.00455
3085 0.001892343704897823 0.004120026264274846 0.0052
3086 0.001892343704897823 0.004120026264274846 0.005849999999999999
3087 0.001892343704897823 0.004120026264274846 0.0065
3088 0.001892343704897823 0.004120026264274846 0.007149999999999999
3089 0.001892343704978922 0.004514820289994779 0.00065
3090 0.001892343704978922 0.004514820289994779 0.0013
3091 0.001892343704978922 0.004514820289994779 0.00195
3092 0.001892343704978922 0.004514820289994779 0.0026
3093 0.001892343704978922 0.004514820289994779 0.00325
3094 0.001892343704978922 0.004514820289994779 0.0039
3095 0.001892343704978922 0.004514820289994779 0.00455
3096 0.001892343704978922 0.004514820289994779 0.0052
3097 0.001892343704978922 0.004514820289994779 0.005849999999999999
3098 0.001892343704978922 0.004514820289994779 0.0065
3099 0.001892343704978922 0.004514820289994779 0.007149999999999999
3100 0.001892343705052649 0.00487372394721882 0.00065
3101 0.001892343705052649 0.00487372394721882 0.0013
3102 0.001892343705052649 0.00487372394721882 0.00195
3103 0.001892343705052649 0.00487372394721882 0.0026
3104 0.001892343705052649 0.00487372394721882 0.00325
3105 0.001892343705052649 0.00487372394721882 0.0039
3106 0.001892343705052649 0.00487372394721882 0.00455
3107 0.001892343705052649 0.00487372394721882 0.0052
3108 0.001892343705052649 0.00487372394721882 0.005849999999999999
3109 0.001892343705052649 0.00487372394721882 0.0065
3110 0.001892343705052649 0.00487372394721882 0.007149999999999999
3111 0.001484598885741536 0.0007693418666098722 0.00065
3112 0.001484598885741536 0.0007693418666098722 0.0013
3113 0.001484598885741536 0.0007693418666098722 0.00195
3114 0.001484598885741536 0.0007693418666098722 0.0026
3115 0.001484598885741536 0.0007693418666098722 0.00325
3116 0.001484598885741536 0.0007693418666098722 0.0039
3117 0.001484598885741536 0.0007693418666098722 0.00455
3118 0.001484598885741536 0.0007693418666098722 0.0052
3119 0.001484598885741536 0.0007693418666098722 0.005849999999999999
3120 0.001484598885741536 0.0007693418666098722 0.0065
3121 0.001484598885741536 0.0007693418666098722 0.007149999999999999
3122 0.001484598885813457 0.001468743562830937 0.00065
3123 0.001484598885813457 0.001468743562830937 0.0013
3124 0.001484598885813457 0.001468743562830937 0.00195
3125 0.001484598885813457 0.001468743562830937 0.0026
3126 0.001484598885813457 0.001468743562830937 0.00325
3127 0.001484598885813457 0.001468743562830937 0.0039
3128 0.001484598885813457 0.001468743562830937 0.00455
3129 0.001484598885813457 0.001468743562830937 0.0052
3130 0.001484598885813457 0.001468743562830937 0.005849999999999999
3131 0.001484598885813457 0.001468743562830937 0.0065
3132 0.001484598885813457 0.001468743562830937 0.007149999999999999
3133 0.001484598885878841 0.002104563287287936 0.00065
3134 0.001484598885878841 0.002104563287287936 0.0013
3135 0.001484598885878841 0.002104563287287936 0.00195
3136 0.001484598885878841 0.002104563287287936 0.0026
3137 0.001484598885878841 0.002104563287287936 0.00325
3138 0.001484598885878841 0.002104563287287936 0.0039
3139 0.001484598885878841 0.002104563287287936 0.00455
3140 0.001484598885878841 0.002104563287287936 0.0052
3141 0.001484598885878841 0.002104563287287936 0.005849999999999999
3142 0.001484598885878841 0.002104563287287936 0.0065
3143 0.001484598885878841 0.002104563287287936 0.007149999999999999
3144 0.00148459888593828 0.002682581220395593 0.00065
3145 0.00148459888593828 0.002682581220395593 0.0013
3146 0.00148459888593828 0.002682581220395593 0.00195
3147 0.00148459888593828 0.002682581220395593 0.0026
3148 0.00148459888593828 0.002682581220395593 0.00325
3149 0.00148459888593828 0.002682581220395593 0.0039
3150 0.00148459888593828 0.002682581220395593 0.00455
3151 0.00148459888593828 0.002682581220395593 0.0052
3152 0.00148459888593828 0.002682581220395593 0.005849999999999999
3153 0.00148459888593828 0.002682581220395593 0.0065
3154 0.00148459888593828 0.002682581220395593 0.007149999999999999
3155 0.001484598885992316 0.003208052066941916 0.00065
3156 0.001484598885992316 0.003208052066941916 0.0013
3157 0.001484598885992316 0.003208052066941916 0.00195
3158 0.001484598885992316 0.003208052066941916 0.0026
3159 0.001484598885992316 0.003208052066941916 0.00325
3160 0.001484598885992316 0.003208052066941916 0.0039
3161 0.001484598885992316 0.003208052066941916 0.00455
3162 0.001484598885992316 0.003208052066941916 0.0052
3163 0.001484598885992316 0.003208052066941916 0.005849999999999999
3164 0.001484598885992316 0.003208052066941916 0.0065
3165 0.001484598885992316 0.003208052066941916 0.007149999999999999
3166 0.001484598886041439 0.003685752835929515 0.00065
3167 0.001484598886041439 0.003685752835929515 0.0013
3168 0.001484598886041439 0.003685752835929515 0.00195
3169 0.001484598886041439 0.003685752835929515 0.0026
3170 0.001484598886041439 0.003685752835929515 0.00325
3171 0.001484598886041439 0.003685752835929515 0.0039
3172 0.001484598886041439 0.003685752835929515 0.00455
3173 0.001484598886041439 0.003685752835929515 0.0052
3174 0.001484598886041439 0.003685752835929515 0.005849999999999999
3175 0.001484598886041439 0.003685752835929515 0.0065
3176 0.001484598886041439 0.003685752835929515 0.007149999999999999
3177 0.001484598886086097 0.004120026264724895 0.00065
3178 0.001484598886086097 0.004120026264724895 0.0013
3179 0.001484598886086097 0.004120026264724895 0.00195
3180 0.001484598886086097 0.004120026264724895 0.0026
3181 0.001484598886086097 0.004120026264724895 0.00325
3182 0.001484598886086097 0.004120026264724895 0.0039
3183 0.001484598886086097 0.004120026264724895 0.00455
3184 0.001484598886086097 0.004120026264724895 0.0052
3185 0.001484598886086097 0.004120026264724895 0.005849999999999999
3186 0.001484598886086097 0.004120026264724895 0.0065
3187 0.001484598886086097 0.004120026264724895 0.007149999999999999
3188 0.001484598886126695 0.004514820290500926 0.00065
3189 0.001484598886126695 0.004514820290500926 0.0013
3190 0.001484598886126695 0.004514820290500926 0.00195
3191 0.001484598886126695 0.004514820290500926 0.0026
3192 0.001484598886126695 0.004514820290500926 0.00325
3193 0.001484598886126695 0.004514820290500926 0.0039
3194 0.001484598886126695 0.004514820290500926 0.00455
3195 0.001484598886126695 0.004514820290500926 0.0052
3196 0.001484598886126695 0.004514820290500926 0.005849999999999999
3197 0.001484598886126695 0.004514820290500926 0.0065
3198 0.001484598886126695 0.004514820290500926 0.007149999999999999
3199 0.001484598886163602 0.004873723947767147 0.00065
3200 0.001484598886163602 0.004873723947767147 0.0013
3201 0.001484598886163602 0.004873723947767147 0.00195
3202 0.001484598886163602 0.004873723947767147 0.0026
3203 0.001484598886163602 0.004873723947767147 0.00325
3204 0.001484598886163602 0.004873723947767147 0.0039
3205 0.001484598886163602 0.004873723947767147 0.00455
3206 0.001484598886163602 0.004873723947767147 0.0052
3207 0.001484598886163602 0.004873723947767147 0.005849999999999999
3208 0.001484598886163602 0.004873723947767147 0.0065
3209 0.001484598886163602 0.004873723947767147 0.007149999999999999
3210 0.001036079585209795 0.0007693418662391713 0.00065
3211 0.001036079585209795 0.0007693418662391713 0.0013
3212 0.001036079585209795 0.0007693418662391713 0.00195
3213 0.001036079585209795 0.0007693418662391713 0.0026
3214 0.001036079585209795 0.0007693418662391713 0.00325
3215 0.001036079585209795 0.0007693418662391713 0.0039
3216 0.001036079585209795 0.0007693418662391713 0.00455
3217 0.001036079585209795 0.0007693418662391713 0.0052
3218 0.001036079585209795 0.0007693418662391713 0.005849999999999999
3219 0.001036079585209795 0.0007693418662391713 0.0065
3220 0.001036079585209795 0.0007693418662391713 0.007149999999999999
3221 0.001036079585194179 0.001468743562682983 0.00065
3222 0.001036079585194179 0.001468743562682983 0.0013
3223 0.001036079585194179 0.001468743562682983 0.00195
3224 0.001036079585194179 0.001468743562682983 0.0026
3225 0.001036079585194179 0.001468743562682983 0.00325
3226 0.001036079585194179 0.001468743562682983 0.0039
3227 0.001036079585194179 0.001468743562682983 0.00455
3228 0.001036079585194179 0.001468743562682983 0.0052
3229 0.001036079585194179 0.001468743562682983 0.005849999999999999
3230 0.001036079585194179 0.001468743562682983 0.0065
3231 0.001036079585194179 0.001468743562682983 0.007149999999999999
3232 0.001036079585179983 0.002104563287325296 0.00065
3233 0.001036079585179983 0.002104563287325296 0.0013
3234 0.001036079585179983 0.002104563287325296 0.00195
3235 0.001036079585179983 0.002104563287325296 0.0026
3236 0.001036079585179983 0.002104563287325296 0.00325
3237 0.001036079585179983 0.002104563287325296 0.0039
3238 0.001036079585179983 0.002104563287325296 0.00455
3239 0.001036079585179983 0.002104563287325296 0.0052
3240 0.001036079585179983 0.002104563287325296 0.005849999999999999
3241 0.001036079585179983 0.002104563287325296 0.0065
3242 0.001036079585179983 0.002104563287325296 0.007149999999999999
3243 0.001036079585167078 0.002682581220585794 0.00065
3244 0.001036079585167078 0.002682581220585794 0.0013
3245 0.001036079585167078 0.002682581220585794 0.00195
3246 0.001036079585167078 0.002682581220585794 0.0026
3247 0.001036079585167078 0.002682581220585794 0.00325
3248 0.001036079585167078 0.002682581220585794 0.0039
3249 0.001036079585167078 0.002682581220585794 0.00455
3250 0.001036079585167078 0.002682581220585794 0.0052
3251 0.001036079585167078 0.002682581220585794 0.005849999999999999
3252 0.001036079585167078 0.002682581220585794 0.0065
3253 0.001036079585167078 0.002682581220585794 0.007149999999999999
3254 0.001036079585155345 0.003208052067256862 0.00065
3255 0.001036079585155345 0.003208052067256862 0.0013
3256 0.001036079585155345 0.003208052067256862 0.00195
3257 0.001036079585155345 0.003208052067256862 0.0026
3258 0.001036079585155345 0.003208052067256862 0.00325
3259 0.001036079585155345 0.003208052067256862 0.0039
3260 0.001036079585155345 0.003208052067256862 0.00455
3261 0.001036079585155345 0.003208052067256862 0.0052
3262 0.001036079585155345 0.003208052067256862 0.005849999999999999
3263 0.001036079585155345 0.003208052067256862 0.0065
3264 0.001036079585155345 0.003208052067256862 0.007149999999999999
3265 0.00103607958514468 0.003685752836344952 0.00065
3266 0.00103607958514468 0.003685752836344952 0.0013
3267 0.00103607958514468 0.003685752836344952 0.00195
3268 0.00103607958514468 0.003685752836344952 0.0026
3269 0.00103607958514468 0.003685752836344952 0.00325
3270 0.00103607958514468 0.003685752836344952 0.0039
3271 0.00103607958514468 0.003685752836344952 0.00455
3272 0.00103607958514468 0.003685752836344952 0.0052
3273 0.00103607958514468 0.003685752836344952 0.005849999999999999
3274 0.00103607958514468 0.003685752836344952 0.0065
3275 0.00103607958514468 0.003685752836344952 0.007149999999999999
3276 0.001036079585134984 0.004120026265219949 0.00065
3277 0.001036079585134984 0.004120026265219949 0.0013
3278 0.001036079585134984 0.004120026265219949 0.00195
3279 0.001036079585134984 0.004120026265219949 0.0026
3280 0.001036079585134984 0.004120026265219949 0.00325
3281 0.001036079585134984 0.004120026265219949 0.0039
3282 0.001036079585134984 0.004120026265219949 0.00455
3283 0.001036079585134984 0.004120026265219949 0.0052
3284 0.001036079585134984 0.004120026265219949 0.005849999999999999
3285 0.001036079585134984 0.004120026265219949 0.0065
3286 0.001036079585134984 0.004120026265219949 0.007149999999999999
3287 0.001036079585126169 0.004514820291057688 0.00065
3288 0.001036079585126169 0.004514820291057688 0.0013
3289 0.001036079585126169 0.004514820291057688 0.00195
3290 0.001036079585126169 0.004514820291057688 0.0026
3291 0.001036079585126169 0.004514820291057688 0.00325
3292 0.001036079585126169 0.004514820291057688 0.0039
3293 0.001036079585126169 0.004514820291057688 0.00455
3294 0.001036079585126169 0.004514820291057688 0.0052
3295 0.001036079585126169 0.004514820291057688 0.005849999999999999
3296 0.001036079585126169 0.004514820291057688 0.0065
3297 0.001036079585126169 0.004514820291057688 0.007149999999999999
3298 0.001036079585118156 0.004873723948370307 0.00065
3299 0.001036079585118156 0.004873723948370307 0.0013
3300 0.001036079585118156 0.004873723948370307 0.00195
3301 0.001036079585118156 0.004873723948370307 0.0026
3302 0.001036079585118156 0.004873723948370307 0.00325
3303 0.001036079585118156 0.004873723948370307 0.0039
3304 0.001036079585118156 0.004873723948370307 0.00455
3305 0.001036079585118156 0.004873723948370307 0.0052
3306 0.001036079585118156 0.004873723948370307 0.005849999999999999
3307 0.001036079585118156 0.004873723948370307 0.0065
3308 0.001036079585118156 0.004873723948370307 0.007149999999999999
3309 0.0005427083543308811 0.0007693418658314014 0.00065
3310 0.0005427083543308811 0.0007693418658314014 0.0013
3311 0.0005427083543308811 0.0007693418658314014 0.00195
3312 0.0005427083543308811 0.0007693418658314014 0.0026
3313 0.0005427083543308811 0.0007693418658314014 0.00325
3314 0.0005427083543308811 0.0007693418658314014 0.0039
3315 0.0005427083543308811 0.0007693418658314014 0.00455
3316 0.0005427083543308811 0.0007693418658314014 0.0052
3317 0.0005427083543308811 0.0007693418658314014 0.005849999999999999
3318 0.0005427083543308811 0.0007693418658314014 0.0065
3319 0.0005427083543308811 0.0007693418658314014 0.007149999999999999
3320 0.0005427083542095017 0.001468743562520234 0.00065
3321 0.0005427083542095017 0.001468743562520234 0.0013
3322 0.0005427083542095017 0.001468743562520234 0.00195
3323 0.0005427083542095017 0.001468743562520234 0.0026
3324 0.0005427083542095017 0.001468743562520234 0.00325
3325 0.0005427083542095017 0.001468743562520234 0.0039
3326 0.0005427083542095017 0.001468743562520234 0.00455
3327 0.0005427083542095017 0.001468743562520234 0.0052
3328 0.0005427083542095017 0.001468743562520234 0.005849999999999999
3329 0.0005427083542095017 0.001468743562520234 0.0065
3330 0.0005427083542095017 0.001468743562520234 0.007149999999999999
3331 0.0005427083540991568 0.002104563287366391 0.00065
3332 0.0005427083540991568 0.002104563287366391 0.0013
3333 0.0005427083540991568 0.002104563287366391 0.00195
3334 0.0005427083540991568 0.002104563287366391 0.0026
3335 0.0005427083540991568 0.002104563287366391 0.00325
3336 0.0005427083540991568 0.002104563287366391 0.0039
3337 0.0005427083540991568 0.002104563287366391 0.00455
3338 0.0005427083540991568 0.002104563287366391 0.0052
3339 0.0005427083540991568 0.002104563287366391 0.005849999999999999
3340 0.0005427083540991568 0.002104563287366391 0.0065
3341 0.0005427083540991568 0.002104563287366391 0.007149999999999999
3342 0.0005427083539988432 0.002682581220795016 0.00065
3343 0.0005427083539988432 0.002682581220795016 0.0013
3344 0.0005427083539988432 0.002682581220795016 0.00195
3345 0.0005427083539988432 0.002682581220795016 0.0026
3346 0.0005427083539988432 0.002682581220795016 0.00325
3347 0.0005427083539988432 0.002682581220795016 0.0039
3348 0.0005427083539988432 0.002682581220795016 0.00455
3349 0.0005427083539988432 0.002682581220795016 0.0052
3350 0.0005427083539988432 0.002682581220795016 0.005849999999999999
3351 0.0005427083539988432 0.002682581220795016 0.0065
3352 0.0005427083539988432 0.002682581220795016 0.007149999999999999
3353 0.0005427083539076491 0.003208052067603302 0.00065
3354 0.0005427083539076491 0.003208052067603302 0.0013
3355 0.0005427083539076491 0.003208052067603302 0.00195
3356 0.0005427083539076491 0.003208052067603302 0.0026
3357 0.0005427083539076491 0.003208052067603302 0.00325
3358 0.0005427083539076491 0.003208052067603302 0.0039
3359 0.0005427083539076491 0.003208052067603302 0.00455
3360 0.0005427083539076491 0.003208052067603302 0.0052
3361 0.0005427083539076491 0.003208052067603302 0.005849999999999999
3362 0.0005427083539076491 0.003208052067603302 0.0065
3363 0.0005427083539076491 0.003208052067603302 0.007149999999999999
3364 0.0005427083538247453 0.003685752836801933 0.00065
3365 0.0005427083538247453 0.003685752836801933 0.0013
3366 0.0005427083538247453 0.003685752836801933 0.00195
3367 0.0005427083538247453 0.003685752836801933 0.0026
3368 0.0005427083538247453 0.003685752836801933 0.00325
3369 0.0005427083538247453 0.003685752836801933 0.0039
3370 0.0005427083538247453 0.003685752836801933 0.00455
3371 0.0005427083538247453 0.003685752836801933 0.0052
3372 0.0005427083538247453 0.003685752836801933 0.005849999999999999
3373 0.0005427083538247453 0.003685752836801933 0.0065
3374 0.0005427083538247453 0.003685752836801933 0.007149999999999999
3375 0.0005427083537493779 0.00412002626576451 0.00065
3376 0.0005427083537493779 0.00412002626576451 0.0013
3377 0.0005427083537493779 0.00412002626576451 0.00195
3378 0.0005427083537493779 0.00412002626576451 0.0026
3379 0.0005427083537493779 0.00412002626576451 0.00325
3380 0.0005427083537493779 0.00412002626576451 0.0039
3381 0.0005427083537493779 0.00412002626576451 0.00455
3382 0.0005427083537493779 0.00412002626576451 0.0052
3383 0.0005427083537493779 0.00412002626576451 0.005849999999999999
3384 0.0005427083537493779 0.00412002626576451 0.0065
3385 0.0005427083537493779 0.00412002626576451 0.007149999999999999
3386 0.0005427083536808625 0.004514820291670127 0.00065
3387 0.0005427083536808625 0.004514820291670127 0.0013
3388 0.0005427083536808625 0.004514820291670127 0.00195
3389 0.0005427083536808625 0.004514820291670127 0.0026
3390 0.0005427083536808625 0.004514820291670127 0.00325
3391 0.0005427083536808625 0.004514820291670127 0.0039
3392 0.0005427083536808625 0.004514820291670127 0.00455
3393 0.0005427083536808625 0.004514820291670127 0.0052
3394 0.0005427083536808625 0.004514820291670127 0.005849999999999999
3395 0.0005427083536808625 0.004514820291670127 0.0065
3396 0.0005427083536808625 0.004514820291670127 0.007149999999999999
3397 0.0005427083536185758 0.004873723949033782 0.00065
3398 0.0005427083536185758 0.004873723949033782 0.0013
3399 0.0005427083536185758 0.004873723949033782 0.00195
3400 0.0005427083536185758 0.004873723949033782 0.0026
3401 0.0005427083536185758 0.004873723949033782 0.00325
3402 0.0005427083536185758 0.004873723949033782 0.0039
3403 0.0005427083536185758 0.004873723949033782 0.00455
3404 0.0005427083536185758 0.004873723949033782 0.0052
3405 0.0005427083536185758 0.004873723949033782 0.005849999999999999
3406 0.0005427083536185758 0.004873723949033782 0.0065
3407 0.0005427083536185758 0.004873723949033782 0.007149999999999999
3408 0.003166380961087624 0.002374372140718514 0.00065
3409 0.003166380961087624 0.002374372140718514 0.0013
3410 0.003166380961087624 0.002374372140718514 0.00195
3411 0.003166380961087624 0.002374372140718514 0.0026
3412 0.003166380961087624 0.002374372140718514 0.00325
3413 0.003166380961087624 0.002374372140718514 0.0039
3414 0.003166380961087624 0.002374372140718514 0.00455
3415 0.003166380961087624 0.002374372140718514 0.0052
3416 0.003166380961087624 0.002374372140718514 0.005849999999999999
3417 0.003166380961087624 0.002374372140718514 0.0065
3418 0.003166380961087624 0.002374372140718514 0.007149999999999999
3419 0.003035344416529517 0.003888866418619834 0.00065
3420 0.003035344416529517 0.003888866418619834 0.0013
3421 0.003035344416529517 0.003888866418619834 0.00195
3422 0.003035344416529517 0.003888866418619834 0.0026
3423 0.003035344416529517 0.003888866418619834 0.00325
3424 0.003035344416529517 0.003888866418619834 0.0039
3425 0.003035344416529517 0.003888866418619834 0.00455
3426 0.003035344416529517 0.003888866418619834 0.0052
3427 0.003035344416529517 0.003888866418619834 0.005849999999999999
3428 0.003035344416529517 0.003888866418619834 0.0065
3429 0.003035344416529517 0.003888866418619834 0.007149999999999999
3430 0.004970113501315402 0.0005341881195131864 0.00065
3431 0.004970113501315402 0.0005341881195131864 0.0013
3432 0.004970113501315402 0.0005341881195131864 0.00195
3433 0.004970113501315402 0.0005341881195131864 0.0026
3434 0.004970113501315402 0.0005341881195131864 0.00325
3435 0.004970113501315402 0.0005341881195131864 0.0039
3436 0.004970113501315402 0.0005341881195131864 0.00455
3437 0.004970113501315402 0.0005341881195131864 0.0052
3438 0.004970113501315402 0.0005341881195131864 0.005849999999999999
3439 0.004970113501315402 0.0005341881195131864 0.0065
3440 0.004970113501315402 0.0005341881195131864 0.007149999999999999
3441 0.002903248587653551 0.005023899044166591 0.00065
3442 0.002903248587653551 0.005023899044166591 0.0013
3443 0.002903248587653551 0.005023899044166591 0.00195
3444 0.002903248587653551 0.005023899044166591 0.0026
3445 0.002903248587653551 0.005023899044166591 0.00325
3446 0.002903248587653551 0.005023899044166591 0.0039
3447 0.002903248587653551 0.005023899044166591 0.00455
3448 0.002903248587653551 0.005023899044166591 0.0052
3449 0.002903248587653551 0.005023899044166591 0.005849999999999999
3450 0.002903248587653551 0.005023899044166591 0.0065
3451 0.002903248587653551 0.005023899044166591 0.007149999999999999
3452 0.0002664671019465522 0.006215949514268469 0.00065
3453 0.0002664671019465522 0.006215949514268469 0.0013
3454 0.0002664671019465522 0.006215949514268469 0.00195
3455 0.0002664671019465522 0.006215949514268469 0.0026
3456 0.0002664671019465522 0.006215949514268469 0.00325
3457 0.0002664671019465522 0.006215949514268469 0.0039
3458 0.0002664671019465522 0.006215949514268469 0.00455
3459 0.0002664671019465522 0.006215949514268469 0.0052
3460 0.0002664671019465522 0.006215949514268469 0.005849999999999999
3461 0.0002664671019465522 0.006215949514268469 0.0065
3462 0.0002664671019465522 0.006215949514268469 0.007149999999999999
3463 0.00609289929026611 0.00361262013685402 0.00065
3464 0.00609289929026611 0.00361262013685402 0.0013
3465 0.00609289929026611 0.00361262013685402 0.00195
3466 0.00609289929026611 0.00361262013685402 0.0026
3467 0.00609289929026611 0.00361262013685402 0.00325
3468 0.00609289929026611 0.00361262013685402 0.0039
3469 0.00609289929026611 0.00361262013685402 0.00455
3470 0.00609289929026611 0.00361262013685402 0.0052
3471 0.00609289929026611 0.00361262013685402 0.005849999999999999
3472 0.00609289929026611 0.00361262013685402 0.0065
3473 0.00609289929026611 0.00361262013685402 0.007149999999999999
3474 0.001251867860410828 0.005575814957655783 0.00065
3475 0.001251867860410828 0.005575814957655783 0.0013
3476 0.001251867860410828 0.005575814957655783 0.00195
3477 0.001251867860410828 0.005575814957655783 0.0026
3478 0.001251867860410828 0.005575814957655783 0.00325
3479 0.001251867860410828 0.005575814957655783 0.0039
3480 0.001251867860410828 0.005575814957655783 0.00455
3481 0.001251867860410828 0.005575814957655783 0.0052
3482 0.001251867860410828 0.005575814957655783 0.005849999999999999
3483 0.001251867860410828 0.005575814957655783 0.0065
3484 0.001251867860410828 0.005575814957655783 0.007149999999999999
3485 0.002085024157963013 0.005566847087314117 0.00065
3486 0.002085024157963013 0.005566847087314117 0.0013
3487 0.002085024157963013 0.005566847087314117 0.00195
3488 0.002085024157963013 0.005566847087314117 0.0026
3489 0.002085024157963013 0.005566847087314117 0.00325
3490 0.002085024157963013 0.005566847087314117 0.0039
3491 0.002085024157963013 0.005566847087314117 0.00455
3492 0.002085024157963013 0.005566847087314117 0.0052
3493 0.002085024157963013 0.005566847087314117 0.005849999999999999
3494 0.002085024157963013 0.005566847087314117 0.0065
3495 0.002085024157963013 0.005566847087314117 0.007149999999999999
3496 0.004803420614120725 0.005288844605647937 0.00065
3497 0.004803420614120725 0.005288844605647937 0.0013
3498 0.004803420614120725 0.005288844605647937 0.00195
3499 0.004803420614120725 0.005288844605647937 0.0026
3500 0.004803420614120725 0.005288844605647937 0.00325
3501 0.004803420614120725 0.005288844605647937 0.0039
3502 0.004803420614120725 0.005288844605647937 0.00455
3503 0.004803420614120725 0.005288844605647937 0.0052
3504 0.004803420614120725 0.005288844605647937 0.005849999999999999
3505 0.004803420614120725 0.005288844605647937 0.0065
3506 0.004803420614120725 0.005288844605647937 0.007149999999999999
3507 0.003790437901585972 0.0004402233115504183 0.00065
3508 0.003790437901585972 0.0004402233115504183 0.0013
3509 0.003790437901585972 0.0004402233115504183 0.00195
3510 0.003790437901585972 0.0004402233115504183 0.0026
3511 0.003790437901585972 0.0004402233115504183 0.00325
3512 0.003790437901585972 0.0004402233115504183 0.0039
3513 0.003790437901585972 0.0004402233115504183 0.00455
3514 0.003790437901585972 0.0004402233115504183 0.0052
3515 0.003790437901585972 0.0004402233115504183 0.005849999999999999
3516 0.003790437901585972 0.0004402233115504183 0.0065
3517 0.003790437901585972 0.0004402233115504183 0.007149999999999999
3518 0.006965180625398248 0.001753412537113996 0.00065
3519 0.006965180625398248 0.001753412537113996 0.0013
3520 0.006965180625398248 0.001753412537113996 0.00195
3521 0.006965180625398248 0.001753412537113996 0.0026
3522 0.006965180625398248 0.001753412537113996 0.00325
3523 0.006965180625398248 0.001753412537113996 0.0039
3524 0.006965180625398248 0.001753412537113996 0.00455
3525 0.006965180625398248 0.001753412537113996 0.0052
3526 0.006965180625398248 0.001753412537113996 0.005849999999999999
3527 0.006965180625398248 0.001753412537113996 0.0065
3528 0.006965180625398248 0.001753412537113996 0.007149999999999999
3529 0.002875479012740576 0.005397485633675427 0.00065
3530 0.002875479012740576 0.005397485633675427 0.0013
3531 0.002875479012740576 0.005397485633675427 0.00195
3532 0.002875479012740576 0.005397485633675427 0.0026
3533 0.002875479012740576 0.005397485633675427 0.00325
3534 0.002875479012740576 0.005397485633675427 0.0039
3535 0.002875479012740576 0.005397485633675427 0.00455
3536 0.002875479012740576 0.005397485633675427 0.0052
3537 0.002875479012740576 0.005397485633675427 0.005849999999999999
3538 0.002875479012740576 0.005397485633675427 0.0065
3539 0.002875479012740576 0.005397485633675427 0.007149999999999999
3540 0.003241655453643428 0.005200969504465384 0.00065
3541 0.003241655453643428 0.005200969504465384 0.0013
3542 0.003241655453643428 0.005200969504465384 0.00195
3543 0.003241655453643428 0.005200969504465384 0.0026
3544 0.003241655453643428 0.005200969504465384 0.00325
3545 0.003241655453643428 0.005200969504465384 0.0039
3546 0.003241655453643428 0.005200969504465384 0.00455
3547 0.003241655453643428 0.005200969504465384 0.0052
3548 0.003241655453643428 0.005200969504465384 0.005849999999999999
3549 0.003241655453643428 0.005200969504465384 0.0065
3550 0.003241655453643428 0.005200969504465384 0.007149999999999999
3551 0.0003183070349382644 0.006874730232073704 0.00065
3552 0.0003183070349382644 0.006874730232073704 0.0013
3553 0.0003183070349382644 0.006874730232073704 0.00195
3554 0.0003183070349382644 0.006874730232073704 0.0026
3555 0.0003183070349382644 0.006874730232073704 0.00325
3556 0.0003183070349382644 0.006874730232073704 0.0039
3557 0.0003183070349382644 0.006874730232073704 0.00455
3558 0.0003183070349382644 0.006874730232073704 0.0052
3559 0.0003183070349382644 0.006874730232073704 0.005849999999999999
3560 0.0003183070349382644 0.006874730232073704 0.0065
3561 0.0003183070349382644 0.006874730232073704 0.007149999999999999
3562 0.003204960564641446 0.004710690271828372 0.00065
3563 0.003204960564641446 0.004710690271828372 0.0013
3564 0.003204960564641446 0.004710690271828372 0.00195
3565 0.003204960564641446 0.004710690271828372 0.0026
3566 0.003204960564641446 0.004710690271828372 0.00325
3567 0.003204960564641446 0.004710690271828372 0.0039
3568 0.003204960564641446 0.004710690271828372 0.00455
3569 0.003204960564641446 0.004710690271828372 0.0052
3570 0.003204960564641446 0.004710690271828372 0.005849999999999999
3571 0.003204960564641446 0.004710690271828372 0.0065
3572 0.003204960564641446 0.004710690271828372 0.007149999999999999
3573 0.001609711563510491 0.00691602795283076 0.00065
3574 0.001609711563510491 0.00691602795283076 0.0013
3575 0.001609711563510491 0.00691602795283076 0.00195
3576 0.001609711563510491 0.00691602795283076 0.0026
3577 0.001609711563510491 0.00691602795283076 0.00325
3578 0.001609711563510491 0.00691602795283076 0.0039
3579 0.001609711563510491 0.00691602795283076 0.00455
3580 0.001609711563510491 0.00691602795283076 0.0052
3581 0.001609711563510491 0.00691602795283076 0.005849999999999999
3582 0.001609711563510491 0.00691602795283076 0.0065
3583 0.001609711563510491 0.00691602795283076 0.007149999999999999
3584 0.003258310467992274 0.005634222670219461 0.00065
3585 0.003258310467992274 0.005634222670219461 0.0013
3586 0.003258310467992274 0.005634222670219461 0.00195
3587 0.003258310467992274 0.005634222670219461 0.0026
3588 0.003258310467992274 0.005634222670219461 0.00325
3589 0.003258310467992274 0.005634222670219461 0.0039
3590 0.003258310467992274 0.005634222670219461 0.00455
3591 0.003258310467992274 0.005634222670219461 0.0052
3592 0.003258310467992274 0.005634222670219461 0.005849999999999999
3593 0.003258310467992274 0.005634222670219461 0.0065
3594 0.003258310467992274 0.005634222670219461 0.007149999999999999
3595 0.002819566679903969 0.005844653855237789 0.00065
3596 0.002819566679903969 0.005844653855237789 0.0013
3597 0.002819566679903969 0.005844653855237789 0.00195
3598 0.002819566679903969 0.005844653855237789 0.0026
3599 0.002819566679903969 0.005844653855237789 0.00325
3600 0.002819566679903969 0.005844653855237789 0.0039
3601 0.002819566679903969 0.005844653855237789 0.00455
3602 0.002819566679903969 0.005844653855237789 0.0052
3603 0.002819566679903969 0.005844653855237789 0.005849999999999999
3604 0.002819566679903969 0.005844653855237789 0.0065
3605 0.002819566679903969 0.005844653855237789 0.007149999999999999
3606 0.003623091253122501 0.004957908347715969 0.00065
3607 0.003623091253122501 0.004957908347715969 0.0013
3608 0.003623091253122501 0.004957908347715969 0.00195
3609 0.003623091253122501 0.004957908347715969 0.0026
3610 0.003623091253122501 0.004957908347715969 0.00325
3611 0.003623091253122501 0.004957908347715969 0.0039
3612 0.003623091253122501 0.004957908347715969 0.00455
3613 0.003623091253122501 0.004957908347715969 0.0052
3614 0.003623091253122501 0.004957908347715969 0.005849999999999999
3615 0.003623091253122501 0.004957908347715969 0.0065
3616 0.003623091253122501 0.004957908347715969 0.007149999999999999
3617 0.00360788856491378 0.004463750910204585 0.00065
3618 0.00360788856491378 0.004463750910204585 0.0013
3619 0.00360788856491378 0.004463750910204585 0.00195
3620 0.00360788856491378 0.004463750910204585 0.0026
3621 0.00360788856491378 0.004463750910204585 0.00325
3622 0.00360788856491378 0.004463750910204585 0.0039
3623 0.00360788856491378 0.004463750910204585 0.00455
3624 0.00360788856491378 0.004463750910204585 0.0052
3625 0.00360788856491378 0.004463750910204585 0.005849999999999999
3626 0.00360788856491378 0.004463750910204585 0.0065
3627 0.00360788856491378 0.004463750910204585 0.007149999999999999
3628 0.004042679317713752 0.004696197735018236 0.00065
3629 0.004042679317713752 0.004696197735018236 0.0013
3630 0.004042679317713752 0.004696197735018236 0.00195
3631 0.004042679317713752 0.004696197735018236 0.0026
3632 0.004042679317713752 0.004696197735018236 0.00325
3633 0.004042679317713752 0.004696197735018236 0.0039
3634 0.004042679317713752 0.004696197735018236 0.00455
3635 0.004042679317713752 0.004696197735018236 0.0052
3636 0.004042679317713752 0.004696197735018236 0.005849999999999999
3637 0.004042679317713752 0.004696197735018236 0.0065
3638 0.004042679317713752 0.004696197735018236 0.007149999999999999
3639 0.004003006506753546 0.004161160090782732 0.00065
3640 0.004003006506753546 0.004161160090782732 0.0013
3641 0.004003006506753546 0.004161160090782732 0.00195
3642 0.004003006506753546 0.004161160090782732 0.0026
3643 0.004003006506753546 0.004161160090782732 0.00325
3644 0.004003006506753546 0.004161160090782732 0.0039
3645 0.004003006506753546 0.004161160090782732 0.00455
3646 0.004003006506753546 0.004161160090782732 0.0052
3647 0.004003006506753546 0.004161160090782732 0.005849999999999999
3648 0.004003006506753546 0.004161160090782732 0.0065
3649 0.004003006506753546 0.004161160090782732 0.007149999999999999
3650 0.004510149588239825 0.004397781579495684 0.00065
3651 0.004510149588239825 0.004397781579495684 0.0013
3652 0.004510149588239825 0.004397781579495684 0.00195
3653 0.004510149588239825 0.004397781579495684 0.0026
3654 0.004510149588239825 0.004397781579495684 0.00325
3655 0.004510149588239825 0.004397781579495684 0.0039
3656 0.004510149588239825 0.004397781579495684 0.00455
3657 0.004510149588239825 0.004397781579495684 0.0052
3658 0.004510149588239825 0.004397781579495684 0.005849999999999999
3659 0.004510149588239825 0.004397781579495684 0.0065
3660 0.004510149588239825 0.004397781579495684 0.007149999999999999
3661 0.004466959736673399 0.003812263025881117 0.00065
3662 0.004466959736673399 0.003812263025881117 0.0013
3663 0.004466959736673399 0.003812263025881117 0.00195
3664 0.004466959736673399 0.003812263025881117 0.0026
3665 0.004466959736673399 0.003812263025881117 0.00325
3666 0.004466959736673399 0.003812263025881117 0.0039
3667 0.004466959736673399 0.003812263025881117 0.00455
3668 0.004466959736673399 0.003812263025881117 0.0052
3669 0.004466959736673399 0.003812263025881117 0.005849999999999999
3670 0.004466959736673399 0.003812263025881117 0.0065
3671 0.004466959736673399 0.003812263025881117 0.007149999999999999
3672 0.003920545938630445 0.00360132450083726 0.00065
3673 0.003920545938630445 0.00360132450083726 0.0013
3674 0.003920545938630445 0.00360132450083726 0.00195
3675 0.003920545938630445 0.00360132450083726 0.0026
3676 0.003920545938630445 0.00360132450083726 0.00325
3677 0.003920545938630445 0.00360132450083726 0.0039
3678 0.003920545938630445 0.00360132450083726 0.00455
3679 0.003920545938630445 0.00360132450083726 0.0052
3680 0.003920545938630445 0.00360132450083726 0.005849999999999999
3681 0.003920545938630445 0.00360132450083726 0.0065
3682 0.003920545938630445 0.00360132450083726 0.007149999999999999
3683 0.004385085813585087 0.003217233673461758 0.00065
3684 0.004385085813585087 0.003217233673461758 0.0013
3685 0.004385085813585087 0.003217233673461758 0.00195
3686 0.004385085813585087 0.003217233673461758 0.0026
3687 0.004385085813585087 0.003217233673461758 0.00325
3688 0.004385085813585087 0.003217233673461758 0.0039
3689 0.004385085813585087 0.003217233673461758 0.00455
3690 0.004385085813585087 0.003217233673461758 0.0052
3691 0.004385085813585087 0.003217233673461758 0.005849999999999999
3692 0.004385085813585087 0.003217233673461758 0.0065
3693 0.004385085813585087 0.003217233673461758 0.007149999999999999
3694 0.004959265459100702 0.003447402070039285 0.00065
3695 0.004959265459100702 0.003447402070039285 0.0013
3696 0.004959265459100702 0.003447402070039285 0.00195
3697 0.004959265459100702 0.003447402070039285 0.0026
3698 0.004959265459100702 0.003447402070039285 0.00325
3699 0.004959265459100702 0.003447402070039285 0.0039
3700 0.004959265459100702 0.003447402070039285 0.00455
3701 0.004959265459100702 0.003447402070039285 0.0052
3702 0.004959265459100702 0.003447402070039285 0.005849999999999999
3703 0.004959265459100702 0.003447402070039285 0.0065
3704 0.004959265459100702 0.003447402070039285 0.007149999999999999
3705 0.004882973600871882 0.00281961033124077 0.00065
3706 0.004882973600871882 0.00281961033124077 0.0013
3707 0.004882973600871882 0.00281961033124077 0.00195
3708 0.004882973600871882 0.00281961033124077 0.0026
3709 0.004882973600871882 0.00281961033124077 0.00325
3710 0.004882973600871882 0.00281961033124077 0.0039
3711 0.004882973600871882 0.00281961033124077 0.00455
3712 0.004882973600871882 0.00281961033124077 0.0052
3713 0.004882973600871882 0.00281961033124077 0.005849999999999999
3714 0.004882973600871882 0.00281961033124077 0.0065
3715 0.004882973600871882 0.00281961033124077 0.007149999999999999
3716 0.004292079360513364 0.002588467319055791 0.00065
3717 0.004292079360513364 0.002588467319055791 0.0013
3718 0.004292079360513364 0.002588467319055791 0.00195
3719 0.004292079360513364 0.002588467319055791 0.0026
3720 0.004292079360513364 0.002588467319055791 0.00325
3721 0.004292079360513364 0.002588467319055791 0.0039
3722 0.004292079360513364 0.002588467319055791 0.00455
3723 0.004292079360513364 0.002588467319055791 0.0052
3724 0.004292079360513364 0.002588467319055791 0.005849999999999999
3725 0.004292079360513364 0.002588467319055791 0.0065
3726 0.004292079360513364 0.002588467319055791 0.007149999999999999
3727 0.004791727651641921 0.002184782006128246 0.00065
3728 0.004791727651641921 0.002184782006128246 0.0013
3729 0.004791727651641921 0.002184782006128246 0.00195
3730 0.004791727651641921 0.002184782006128246 0.0026
3731 0.004791727651641921 0.002184782006128246 0.00325
3732 0.004791727651641921 0.002184782006128246 0.0039
3733 0.004791727651641921 0.002184782006128246 0.00455
3734 0.004791727651641921 0.002184782006128246 0.0052
3735 0.004791727651641921 0.002184782006128246 0.005849999999999999
3736 0.004791727651641921 0.002184782006128246 0.0065
3737 0.004791727651641921 0.002184782006128246 0.007149999999999999
3738 0.004143029322250929 0.001939140524620219 0.00065
3739 0.004143029322250929 0.001939140524620219 0.0013
3740 0.004143029322250929 0.001939140524620219 0.00195
3741 0.004143029322250929 0.001939140524620219 0.0026
3742 0.004143029322250929 0.001939140524620219 0.00325
3743 0.004143029322250929 0.001939140524620219 0.0039
3744 0.004143029322250929 0.001939140524620219 0.00455
3745 0.004143029322250929 0.001939140524620219 0.0052
3746 0.004143029322250929 0.001939140524620219 0.005849999999999999
3747 0.004143029322250929 0.001939140524620219 0.0065
3748 0.004143029322250929 0.001939140524620219 0.007149999999999999
3749 0.005399209405105655 0.002422426892759595 0.00065
3750 0.005399209405105655 0.002422426892759595 0.0013
3751 0.005399209405105655 0.002422426892759595 0.00195
3752 0.005399209405105655 0.002422426892759595 0.0026
3753 0.005399209405105655 0.002422426892759595 0.00325
3754 0.005399209405105655 0.002422426892759595 0.0039
3755 0.005399209405105655 0.002422426892759595 0.00455
3756 0.005399209405105655 0.002422426892759595 0.0052
3757 0.005399209405105655 0.002422426892759595 0.005849999999999999
3758 0.005399209405105655 0.002422426892759595 0.0065
3759 0.005399209405105655 0.002422426892759595 0.007149999999999999
3760 0.005300850846340183 0.001776747427387737 0.00065
3761 0.005300850846340183 0.001776747427387737 0.0013
3762 0.005300850846340183 0.001776747427387737 0.00195
3763 0.005300850846340183 0.001776747427387737 0.0026
3764 0.005300850846340183 0.001776747427387737 0.00325
3765 0.005300850846340183 0.001776747427387737 0.0039
3766 0.005300850846340183 0.001776747427387737 0.00455
3767 0.005300850846340183 0.001776747427387737 0.0052
3768 0.005300850846340183 0.001776747427387737 0.005849999999999999
3769 0.005300850846340183 0.001776747427387737 0.0065
3770 0.005300850846340183 0.001776747427387737 0.007149999999999999
3771 0.003104186896751491 0.00116201990488485 0.00065
3772 0.003104186896751491 0.00116201990488485 0.0013
3773 0.003104186896751491 0.00116201990488485 0.00195
3774 0.003104186896751491 0.00116201990488485 0.0026
3775 0.003104186896751491 0.00116201990488485 0.00325
3776 0.003104186896751491 0.00116201990488485 0.0039
3777 0.003104186896751491 0.00116201990488485 0.00455
3778 0.003104186896751491 0.00116201990488485 0.0052
3779 0.003104186896751491 0.00116201990488485 0.005849999999999999
3780 0.003104186896751491 0.00116201990488485 0.0065
3781 0.003104186896751491 0.00116201990488485 0.007149999999999999
3782 0.006462273205163037 0.0006781568684874765 0.00065
3783 0.006462273205163037 0.0006781568684874765 0.0013
3784 0.006462273205163037 0.0006781568684874765 0.00195
3785 0.006462273205163037 0.0006781568684874765 0.0026
3786 0.006462273205163037 0.0006781568684874765 0.00325
3787 0.006462273205163037 0.0006781568684874765 0.0039
3788 0.006462273205163037 0.0006781568684874765 0.00455
3789 0.006462273205163037 0.0006781568684874765 0.0052
3790 0.006462273205163037 0.0006781568684874765 0.005849999999999999
3791 0.006462273205163037 0.0006781568684874765 0.0065
3792 0.006462273205163037 0.0006781568684874765 0.007149999999999999
3793 0.0002164046095859211 0.005528094050716744 0.00065
3794 0.0002164046095859211 0.005528094050716744 0.0013
3795 0.0002164046095859211 0.005528094050716744 0.00195
3796 0.0002164046095859211 0.005528094050716744 0.0026
3797 0.0002164046095859211 0.005528094050716744 0.00325
3798 0.0002164046095859211 0.005528094050716744 0.0039
3799 0.0002164046095859211 0.005528094050716744 0.00455
3800 0.0002164046095859211 0.005528094050716744 0.0052
3801 0.0002164046095859211 0.005528094050716744 0.005849999999999999
3802 0.0002164046095859211 0.005528094050716744 0.0065
3803 0.0002164046095859211 0.005528094050716744 0.007149999999999999
3804 0.005907619096873782 0.001921576227796148 0.00065
3805 0.005907619096873782 0.001921576227796148 0.0013
3806 0.005907619096873782 0.001921576227796148 0.00195
3807 0.005907619096873782 0.001921576227796148 0.0026
3808 0.005907619096873782 0.001921576227796148 0.00325
3809 0.005907619096873782 0.001921576227796148 0.0039
3810 0.005907619096873782 0.001921576227796148 0.00455
3811 0.005907619096873782 0.001921576227796148 0.0052
3812 0.005907619096873782 0.001921576227796148 0.005849999999999999
3813 0.005907619096873782 0.001921576227796148 0.0065
3814 0.005907619096873782 0.001921576227796148 0.007149999999999999
3815 0.006068680875538469 0.002662746013989574 0.00065
3816 0.006068680875538469 0.002662746013989574 0.0013
3817 0.006068680875538469 0.002662746013989574 0.00195
3818 0.006068680875538469 0.002662746013989574 0.0026
3819 0.006068680875538469 0.002662746013989574 0.00325
3820 0.006068680875538469 0.002662746013989574 0.0039
3821 0.006068680875538469 0.002662746013989574 0.00455
3822 0.006068680875538469 0.002662746013989574 0.0052
3823 0.006068680875538469 0.002662746013989574 0.005849999999999999
3824 0.006068680875538469 0.002662746013989574 0.0065
3825 0.006068680875538469 0.002662746013989574 0.007149999999999999
3826 0.005824926433014001 0.001233863104143178 0.00065
3827 0.005824926433014001 0.001233863104143178 0.0013
3828 0.005824926433014001 0.001233863104143178 0.00195
3829 0.005824926433014001 0.001233863104143178 0.0026
3830 0.005824926433014001 0.001233863104143178 0.00325
3831 0.005824926433014001 0.001233863104143178 0.0039
3832 0.005824926433014001 0.001233863104143178 0.00455
3833 0.005824926433014001 0.001233863104143178 0.0052
3834 0.005824926433014001 0.001233863104143178 0.005849999999999999
3835 0.005824926433014001 0.001233863104143178 0.0065
3836 0.005824926433014001 0.001233863104143178 0.007149999999999999
3837 0.003248990273127347 0.006117990566131605 0.00065
3838 0.003248990273127347 0.006117990566131605 0.0013
3839 0.003248990273127347 0.006117990566131605 0.00195
3840 0.003248990273127347 0.006117990566131605 0.0026
3841 0.003248990273127347 0.006117990566131605 0.00325
3842 0.003248990273127347 0.006117990566131605 0.0039
3843 0.003248990273127347 0.006117990566131605 0.00455
3844 0.003248990273127347 0.006117990566131605 0.0052
3845 0.003248990273127347 0.006117990566131605 0.005849999999999999
3846 0.003248990273127347 0.006117990566131605 0.0065
3847 0.003248990273127347 0.006117990566131605 0.007149999999999999
3848 0.00380170974838098 0.005856485482833812 0.00065
3849 0.00380170974838098 0.005856485482833812 0.0013
3850 0.00380170974838098 0.005856485482833812 0.00195
3851 0.00380170974838098 0.005856485482833812 0.0026
3852 0.00380170974838098 0.005856485482833812 0.00325
3853 0.00380170974838098 0.005856485482833812 0.0039
3854 0.00380170974838098 0.005856485482833812 0.00455
3855 0.00380170974838098 0.005856485482833812 0.0052
3856 0.00380170974838098 0.005856485482833812 0.005849999999999999
3857 0.00380170974838098 0.005856485482833812 0.0065
3858 0.00380170974838098 0.005856485482833812 0.007149999999999999
3859 0.002758246871126535 0.006345174120281997 0.00065
3860 0.002758246871126535 0.006345174120281997 0.0013
3861 0.002758246871126535 0.006345174120281997 0.00195
3862 0.002758246871126535 0.006345174120281997 0.0026
3863 0.002758246871126535 0.006345174120281997 0.00325
3864 0.002758246871126535 0.006345174120281997 0.0039
3865 0.002758246871126535 0.006345174120281997 0.00455
3866 0.002758246871126535 0.006345174120281997 0.0052
3867 0.002758246871126535 0.006345174120281997 0.005849999999999999
3868 0.002758246871126535 0.006345174120281997 0.0065
3869 0.002758246871126535 0.006345174120281997 0.007149999999999999
3870 0.002307766187819113 0.006025802070470428 0.00065
3871 0.002307766187819113 0.006025802070470428 0.0013
3872 0.002307766187819113 0.006025802070470428 0.00195
3873 0.002307766187819113 0.006025802070470428 0.0026
3874 0.002307766187819113 0.006025802070470428 0.00325
3875 0.002307766187819113 0.006025802070470428 0.0039
3876 0.002307766187819113 0.006025802070470428 0.00455
3877 0.002307766187819113 0.006025802070470428 0.0052
3878 0.002307766187819113 0.006025802070470428 0.005849999999999999
3879 0.002307766187819113 0.006025802070470428 0.0065
3880 0.002307766187819113 0.006025802070470428 0.007149999999999999
3881 0.004103712701890624 0.005271239169141653 0.00065
3882 0.004103712701890624 0.005271239169141653 0.0013
3883 0.004103712701890624 0.005271239169141653 0.00195
3884 0.004103712701890624 0.005271239169141653 0.0026
3885 0.004103712701890624 0.005271239169141653 0.00325
3886 0.004103712701890624 0.005271239169141653 0.0039
3887 0.004103712701890624 0.005271239169141653 0.00455
3888 0.004103712701890624 0.005271239169141653 0.0052
3889 0.004103712701890624 0.005271239169141653 0.005849999999999999
3890 0.004103712701890624 0.005271239169141653 0.0065
3891 0.004103712701890624 0.005271239169141653 0.007149999999999999
3892 0.003539350377416455 0.003967205409725385 0.00065
3893 0.003539350377416455 0.003967205409725385 0.0013
3894 0.003539350377416455 0.003967205409725385 0.00195
3895 0.003539350377416455 0.003967205409725385 0.0026
3896 0.003539350377416455 0.003967205409725385 0.00325
3897 0.003539350377416455 0.003967205409725385 0.0039
3898 0.003539350377416455 0.003967205409725385 0.00455
3899 0.003539350377416455 0.003967205409725385 0.0052
3900 0.003539350377416455 0.003967205409725385 0.005849999999999999
3901 0.003539350377416455 0.003967205409725385 0.0065
3902 0.003539350377416455 0.003967205409725385 0.007149999999999999
3903 0.00338655986130759 0.003379905515307751 0.00065
3904 0.00338655986130759 0.003379905515307751 0.0013
3905 0.00338655986130759 0.003379905515307751 0.00195
3906 0.00338655986130759 0.003379905515307751 0.0026
3907 0.00338655986130759 0.003379905515307751 0.00325
3908 0.00338655986130759 0.003379905515307751 0.0039
3909 0.00338655986130759 0.003379905515307751 0.00455
3910 0.00338655986130759 0.003379905515307751 0.0052
3911 0.00338655986130759 0.003379905515307751 0.005849999999999999
3912 0.00338655986130759 0.003379905515307751 0.0065
3913 0.00338655986130759 0.003379905515307751 0.007149999999999999
3914 0.003852755046596401 0.002997445798244484 0.00065
3915 0.003852755046596401 0.002997445798244484 0.0013
3916 0.003852755046596401 0.002997445798244484 0.00195
3917 0.003852755046596401 0.002997445798244484 0.0026
3918 0.003852755046596401 0.002997445798244484 0.00325
3919 0.003852755046596401 0.002997445798244484 0.0039
3920 0.003852755046596401 0.002997445798244484 0.00455
3921 0.003852755046596401 0.002997445798244484 0.0052
3922 0.003852755046596401 0.002997445798244484 0.005849999999999999
3923 0.003852755046596401 0.002997445798244484 0.0065
3924 0.003852755046596401 0.002997445798244484 0.007149999999999999
3925 0.003133108678770693 0.001748201294576903 0.00065
3926 0.003133108678770693 0.001748201294576903 0.0013
3927 0.003133108678770693 0.001748201294576903 0.00195
3928 0.003133108678770693 0.001748201294576903 0.0026
3929 0.003133108678770693 0.001748201294576903 0.00325
3930 0.003133108678770693 0.001748201294576903 0.0039
3931 0.003133108678770693 0.001748201294576903 0.00455
3932 0.003133108678770693 0.001748201294576903 0.0052
3933 0.003133108678770693 0.001748201294576903 0.005849999999999999
3934 0.003133108678770693 0.001748201294576903 0.0065
3935 0.003133108678770693 0.001748201294576903 0.007149999999999999
3936 0.003698837748825131 0.001445421002888653 0.00065
3937 0.003698837748825131 0.001445421002888653 0.0013
3938 0.003698837748825131 0.001445421002888653 0.00195
3939 0.003698837748825131 0.001445421002888653 0.0026
3940 0.003698837748825131 0.001445421002888653 0.00325
3941 0.003698837748825131 0.001445421002888653 0.0039
3942 0.003698837748825131 0.001445421002888653 0.00455
3943 0.003698837748825131 0.001445421002888653 0.0052
3944 0.003698837748825131 0.001445421002888653 0.005849999999999999
3945 0.003698837748825131 0.001445421002888653 0.0065
3946 0.003698837748825131 0.001445421002888653 0.007149999999999999
3947 0.003023711929400094 0.002977730861869201 0.00065
3948 0.003023711929400094 0.002977730861869201 0.0013
3949 0.003023711929400094 0.002977730861869201 0.00195
3950 0.003023711929400094 0.002977730861869201 0.0026
3951 0.003023711929400094 0.002977730861869201 0.00325
3952 0.003023711929400094 0.002977730861869201 0.0039
3953 0.003023711929400094 0.002977730861869201 0.00455
3954 0.003023711929400094 0.002977730861869201 0.0052
3955 0.003023711929400094 0.002977730861869201 0.005849999999999999
3956 0.003023711929400094 0.002977730861869201 0.0065
3957 0.003023711929400094 0.002977730861869201 0.007149999999999999
3958 0.0008110213947959345 0.005583340085476652 0.00065
3959 0.0008110213947959345 0.005583340085476652 0.0013
3960 0.0008110213947959345 0.005583340085476652 0.00195
3961 0.0008110213947959345 0.005583340085476652 0.0026
3962 0.0008110213947959345 0.005583340085476652 0.00325
3963 0.0008110213947959345 0.005583340085476652 0.0039
3964 0.0008110213947959345 0.005583340085476652 0.00455
3965 0.0008110213947959345 0.005583340085476652 0.0052
3966 0.0008110213947959345 0.005583340085476652 0.005849999999999999
3967 0.0008110213947959345 0.005583340085476652 0.0065
3968 0.0008110213947959345 0.005583340085476652 0.007149999999999999
3969 0.0009540805551038812 0.005981804508046169 0.00065
3970 0.0009540805551038812 0.005981804508046169 0.0013
3971 0.0009540805551038812 0.005981804508046169 0.00195
3972 0.0009540805551038812 0.005981804508046169 0.0026
3973 0.0009540805551038812 0.005981804508046169 0.00325
3974 0.0009540805551038812 0.005981804508046169 0.0039
3975 0.0009540805551038812 0.005981804508046169 0.00455
3976 0.0009540805551038812 0.005981804508046169 0.0052
3977 0.0009540805551038812 0.005981804508046169 0.005849999999999999
3978 0.0009540805551038812 0.005981804508046169 0.0065
3979 0.0009540805551038812 0.005981804508046169 0.007149999999999999
3980 0.001469546197829478 0.005947795164470884 0.00065
3981 0.001469546197829478 0.005947795164470884 0.0013
3982 0.001469546197829478 0.005947795164470884 0.00195
3983 0.001469546197829478 0.005947795164470884 0.0026
3984 0.001469546197829478 0.005947795164470884 0.00325
3985 0.001469546197829478 0.005947795164470884 0.0039
3986 0.001469546197829478 0.005947795164470884 0.00455
3987 0.001469546197829478 0.005947795164470884 0.0052
3988 0.001469546197829478 0.005947795164470884 0.005849999999999999
3989 0.001469546197829478 0.005947795164470884 0.0065
3990 0.001469546197829478 0.005947795164470884 0.007149999999999999
3991 0.00126654091288902 0.006335128577331249 0.00065
3992 0.00126654091288902 0.006335128577331249 0.0013
3993 0.00126654091288902 0.006335128577331249 0.00195
3994 0.00126654091288902 0.006335128577331249 0.0026
3995 0.00126654091288902 0.006335128577331249 0.00325
3996 0.00126654091288902 0.006335128577331249 0.0039
3997 0.00126654091288902 0.006335128577331249 0.00455
3998 0.00126654091288902 0.006335128577331249 0.0052
3999 0.00126654091288902 0.006335128577331249 0.005849999999999999
4000 0.00126654091288902 0.006335128577331249 0.0065
4001 0.00126654091288902 0.006335128577331249 0.007149999999999999
4002 0.0008868730037961377 0.00638866437202781 0.00065
4003 0.0008868730037961377 0.00638866437202781 0.0013
4004 0.0008868730037961377 0.00638866437202781 0.00195
4005 0.0008868730037961377 0.00638866437202781 0.0026
4006 0.0008868730037961377 0.00638866437202781 0.00325
4007 0.0008868730037961377 0.00638866437202781 0.0039
4008 0.0008868730037961377 0.00638866437202781 0.00455
4009 0.0008868730037961377 0.00638866437202781 0.0052
4010 0.0008868730037961377 0.00638866437202781 0.005849999999999999
4011 0.0008868730037961377 0.00638866437202781 0.0065
4012 0.0008868730037961377 0.00638866437202781 0.007149999999999999
4013 0.001043308708426778 0.006770181521766409 0.00065
4014 0.001043308708426778 0.006770181521766409 0.0013
4015 0.001043308708426778 0.006770181521766409 0.00195
4016 0.001043308708426778 0.006770181521766409 0.0026
4017 0.001043308708426778 0.006770181521766409 0.00325
4018 0.001043308708426778 0.006770181521766409 0.0039
4019 0.001043308708426778 0.006770181521766409 0.00455
4020 0.001043308708426778 0.006770181521766409 0.0052
4021 0.001043308708426778 0.006770181521766409 0.005849999999999999
4022 0.001043308708426778 0.006770181521766409 0.0065
4023 0.001043308708426778 0.006770181521766409 0.007149999999999999
4024 0.0005224588750237309 0.005904518008098417 0.00065
4025 0.0005224588750237309 0.005904518008098417 0.0013
4026 0.0005224588750237309 0.005904518008098417 0.00195
4027 0.0005224588750237309 0.005904518008098417 0.0026
4028 0.0005224588750237309 0.005904518008098417 0.00325
4029 0.0005224588750237309 0.005904518008098417 0.0039
4030 0.0005224588750237309 0.005904518008098417 0.00455
4031 0.0005224588750237309 0.005904518008098417 0.0052
4032 0.0005224588750237309 0.005904518008098417 0.005849999999999999
4033 0.0005224588750237309 0.005904518008098417 0.0065
4034 0.0005224588750237309 0.005904518008098417 0.007149999999999999
4035 0.003753318080332735 0.00243468090496577 0.00065
4036 0.003753318080332735 0.00243468090496577 0.0013
4037 0.003753318080332735 0.00243468090496577 0.00195
4038 0.003753318080332735 0.00243468090496577 0.0026
4039 0.003753318080332735 0.00243468090496577 0.00325
4040 0.003753318080332735 0.00243468090496577 0.0039
4041 0.003753318080332735 0.00243468090496577 0.00455
4042 0.003753318080332735 0.00243468090496577 0.0052
4043 0.003753318080332735 0.00243468090496577 0.005849999999999999
4044 0.003753318080332735 0.00243468090496577 0.0065
4045 0.003753318080332735 0.00243468090496577 0.007149999999999999
4046 0.005648174857186172 0.0005709143317487947 0.00065
4047 0.005648174857186172 0.0005709143317487947 0.0013
4048 0.005648174857186172 0.0005709143317487947 0.00195
4049 0.005648174857186172 0.0005709143317487947 0.0026
4050 0.005648174857186172 0.0005709143317487947 0.00325
4051 0.005648174857186172 0.0005709143317487947 0.0039
4052 0.005648174857186172 0.0005709143317487947 0.00455
4053 0.005648174857186172 0.0005709143317487947 0.0052
4054 0.005648174857186172 0.0005709143317487947 0.005849999999999999
4055 0.005648174857186172 0.0005709143317487947 0.0065
4056 0.005648174857186172 0.0005709143317487947 0.007149999999999999
4057 0.003287312361534269 0.0003959040346067934 0.00065
4058 0.003287312361534269 0.0003959040346067934 0.0013
4059 0.003287312361534269 0.0003959040346067934 0.00195
4060 0.003287312361534269 0.0003959040346067934 0.0026
4061 0.003287312361534269 0.0003959040346067934 0.00325
4062 0.003287312361534269 0.0003959040346067934 0.0039
4063 0.003287312361534269 0.0003959040346067934 0.00455
4064 0.003287312361534269 0.0003959040346067934 0.0052
4065 0.003287312361534269 0.0003959040346067934 0.005849999999999999
4066 0.003287312361534269 0.0003959040346067934 0.0065
4067 0.003287312361534269 0.0003959040346067934 0.007149999999999999
4068 0.002936102128271446 0.004366063606219319 0.00065
4069 0.002936102128271446 0.004366063606219319 0.0013
4070 0.002936102128271446 0.004366063606219319 0.00195
4071 0.002936102128271446 0.004366063606219319 0.0026
4072 0.002936102128271446 0.004366063606219319 0.00325
4073 0.002936102128271446 0.004366063606219319 0.0039
4074 0.002936102128271446 0.004366063606219319 0.00455
4075 0.002936102128271446 0.004366063606219319 0.0052
4076 0.002936102128271446 0.004366063606219319 0.005849999999999999
4077 0.002936102128271446 0.004366063606219319 0.0065
4078 0.002936102128271446 0.004366063606219319 0.007149999999999999
4079 0.001684823413588003 0.005562545008272969 0.00065
4080 0.001684823413588003 0.005562545008272969 0.0013
4081 0.001684823413588003 0.005562545008272969 0.00195
4082 0.001684823413588003 0.005562545008272969 0.0026
4083 0.001684823413588003 0.005562545008272969 0.00325
4084 0.001684823413588003 0.005562545008272969 0.0039
4085 0.001684823413588003 0.005562545008272969 0.00455
4086 0.001684823413588003 0.005562545008272969 0.0052
4087 0.001684823413588003 0.005562545008272969 0.005849999999999999
4088 0.001684823413588003 0.005562545008272969 0.0065
4089 0.001684823413588003 0.005562545008272969 0.007149999999999999
4090 0.002491809475147406 0.005539131441116294 0.00065
4091 0.002491809475147406 0.005539131441116294 0.0013
4092 0.002491809475147406 0.005539131441116294 0.00195
4093 0.002491809475147406 0.005539131441116294 0.0026
4094 0.002491809475147406 0.005539131441116294 0.00325
4095 0.002491809475147406 0.005539131441116294 0.0039
4096 0.002491809475147406 0.005539131441116294 0.00455
4097 0.002491809475147406 0.005539131441116294 0.0052
4098 0.002491809475147406 0.005539131441116294 0.005849999999999999
4099 0.002491809475147406 0.005539131441116294 0.0065
4100 0.002491809475147406 0.005539131441116294 0.007149999999999999
4101 0.004704874829760134 0.001579396866011207 0.00065
4102 0.004704874829760134 0.001579396866011207 0.0013
4103 0.004704874829760134 0.001579396866011207 0.00195
4104 0.004704874829760134 0.001579396866011207 0.0026
4105 0.004704874829760134 0.001579396866011207 0.00325
4106 0.004704874829760134 0.001579396866011207 0.0039
4107 0.004704874829760134 0.001579396866011207 0.00455
4108 0.004704874829760134 0.001579396866011207 0.0052
4109 0.004704874829760134 0.001579396866011207 0.005849999999999999
4110 0.004704874829760134 0.001579396866011207 0.0065
4111 0.004704874829760134 0.001579396866011207 0.007149999999999999
4112 0.0043476269680073 0.0004803309005427261 0.00065
4113 0.0043476269680073 0.0004803309005427261 0.0013
4114 0.0043476269680073 0.0004803309005427261 0.00195
4115 0.0043476269680073 0.0004803309005427261 0.0026
4116 0.0043476269680073 0.0004803309005427261 0.00325
4117 0.0043476269680073 0.0004803309005427261 0.0039
4118 0.0043476269680073 0.0004803309005427261 0.00455
4119 0.0043476269680073 0.0004803309005427261 0.0052
4120 0.0043476269680073 0.0004803309005427261 0.005849999999999999
4121 0.0043476269680073 0.0004803309005427261 0.0065
4122 0.0043476269680073 0.0004803309005427261 0.007149999999999999
4123 0.001806562995878545 0.006284232112241893 0.00065
4124 0.001806562995878545 0.006284232112241893 0.0013
4125 0.001806562995878545 0.006284232112241893 0.00195
4126 0.001806562995878545 0.006284232112241893 0.0026
4127 0.001806562995878545 0.006284232112241893 0.00325
4128 0.001806562995878545 0.006284232112241893 0.0039
4129 0.001806562995878545 0.006284232112241893 0.00455
4130 0.001806562995878545 0.006284232112241893 0.0052
4131 0.001806562995878545 0.006284232112241893 0.005849999999999999
4132 0.001806562995878545 0.006284232112241893 0.0065
4133 0.001806562995878545 0.006284232112241893 0.007149999999999999
4134 0.002236742761464136 0.006645907726232451 0.00065
4135 0.002236742761464136 0.006645907726232451 0.0013
4136 0.002236742761464136 0.006645907726232451 0.00195
4137 0.002236742761464136 0.006645907726232451 0.0026
4138 0.002236742761464136 0.006645907726232451 0.00325
4139 0.002236742761464136 0.006645907726232451 0.0039
4140 0.002236742761464136 0.006645907726232451 0.00455
4141 0.002236742761464136 0.006645907726232451 0.0052
4142 0.002236742761464136 0.006645907726232451 0.005849999999999999
4143 0.002236742761464136 0.006645907726232451 0.0065
4144 0.002236742761464136 0.006645907726232451 0.007149999999999999
4145 0.00502447639172094 0.004068724262197745 0.00065
4146 0.00502447639172094 0.004068724262197745 0.0013
4147 0.00502447639172094 0.004068724262197745 0.00195
4148 0.00502447639172094 0.004068724262197745 0.0026
4149 0.00502447639172094 0.004068724262197745 0.00325
4150 0.00502447639172094 0.004068724262197745 0.0039
4151 0.00502447639172094 0.004068724262197745 0.00455
4152 0.00502447639172094 0.004068724262197745 0.0052
4153 0.00502447639172094 0.004068724262197745 0.005849999999999999
4154 0.00502447639172094 0.004068724262197745 0.0065
4155 0.00502447639172094 0.004068724262197745 0.007149999999999999
4156 0.004987559788667018 0.004672538604089728 0.00065
4157 0.004987559788667018 0.004672538604089728 0.0013
4158 0.004987559788667018 0.004672538604089728 0.00195
4159 0.004987559788667018 0.004672538604089728 0.0026
4160 0.004987559788667018 0.004672538604089728 0.00325
4161 0.004987559788667018 0.004672538604089728 0.0039
4162 0.004987559788667018 0.004672538604089728 0.00455
4163 0.004987559788667018 0.004672538604089728 0.0052
4164 0.004987559788667018 0.004672538604089728 0.005849999999999999
4165 0.004987559788667018 0.004672538604089728 0.0065
4166 0.004987559788667018 0.004672538604089728 0.007149999999999999
4167 0.005652853757185343 0.004336917782999648 0.00065
4168 0.005652853757185343 0.004336917782999648 0.0013
4169 0.005652853757185343 0.004336917782999648 0.00195
4170 0.005652853757185343 0.004336917782999648 0.0026
4171 0.005652853757185343 0.004336917782999648 0.00325
4172 0.005652853757185343 0.004336917782999648 0.0039
4173 0.005652853757185343 0.004336917782999648 0.00455
4174 0.005652853757185343 0.004336917782999648 0.0052
4175 0.005652853757185343 0.004336917782999648 0.005849999999999999
4176 0.005652853757185343 0.004336917782999648 0.0065
4177 0.005652853757185343 0.004336917782999648 0.007149999999999999
4178 0.005485432789985969 0.003111357099846534 0.00065
4179 0.005485432789985969 0.003111357099846534 0.0013
4180 0.005485432789985969 0.003111357099846534 0.00195
4181 0.005485432789985969 0.003111357099846534 0.0026
4182 0.005485432789985969 0.003111357099846534 0.00325
4183 0.005485432789985969 0.003111357099846534 0.0039
4184 0.005485432789985969 0.003111357099846534 0.00455
4185 0.005485432789985969 0.003111357099846534 0.0052
4186 0.005485432789985969 0.003111357099846534 0.005849999999999999
4187 0.005485432789985969 0.003111357099846534 0.0065
4188 0.005485432789985969 0.003111357099846534 0.007149999999999999
4189 0.004025587599292247 0.0009314740713998442 0.00065
4190 0.004025587599292247 0.0009314740713998442 0.0013
4191 0.004025587599292247 0.0009314740713998442 0.00195
4192 0.004025587599292247 0.0009314740713998442 0.0026
4193 0.004025587599292247 0.0009314740713998442 0.00325
4194 0.004025587599292247 0.0009314740713998442 0.0039
4195 0.004025587599292247 0.0009314740713998442 0.00455
4196 0.004025587599292247 0.0009314740713998442 0.0052
4197 0.004025587599292247 0.0009314740713998442 0.005849999999999999
4198 0.004025587599292247 0.0009314740713998442 0.0065
4199 0.004025587599292247 0.0009314740713998442 0.007149999999999999
4200 0.00517907892550984 0.00114053356578767 0.00065
4201 0.00517907892550984 0.00114053356578767 0.0013
4202 0.00517907892550984 0.00114053356578767 0.00195
4203 0.00517907892550984 0.00114053356578767 0.0026
4204 0.00517907892550984 0.00114053356578767 0.00325
4205 0.00517907892550984 0.00114053356578767 0.0039
4206 0.00517907892550984 0.00114053356578767 0.00455
4207 0.00517907892550984 0.00114053356578767 0.0052
4208 0.00517907892550984 0.00114053356578767 0.005849999999999999
4209 0.00517907892550984 0.00114053356578767 0.0065
4210 0.00517907892550984 0.00114053356578767 0.007149999999999999
4211 0.00029367886979425 0.006505690697900389 0.00065
4212 0.00029367886979425 0.006505690697900389 0.0013
4213 0.00029367886979425 0.006505690697900389 0.00195
4214 0.00029367886979425 0.006505690697900389 0.0026
4215 0.00029367886979425 0.006505690697900389 0.00325
4216 0.00029367886979425 0.006505690697900389 0.0039
4217 0.00029367886979425 0.006505690697900389 0.00455
4218 0.00029367886979425 0.006505690697900389 0.0052
4219 0.00029367886979425 0.006505690697900389 0.005849999999999999
4220 0.00029367886979425 0.006505690697900389 0.0065
4221 0.00029367886979425 0.006505690697900389 0.007149999999999999
4222 0.00187074459061563 0.005877444288554058 0.00065
4223 0.00187074459061563 0.005877444288554058 0.0013
4224 0.00187074459061563 0.005877444288554058 0.00195
4225 0.00187074459061563 0.005877444288554058 0.0026
4226 0.00187074459061563 0.005877444288554058 0.00325
4227 0.00187074459061563 0.005877444288554058 0.0039
4228 0.00187074459061563 0.005877444288554058 0.00455
4229 0.00187074459061563 0.005877444288554058 0.0052
4230 0.00187074459061563 0.005877444288554058 0.005849999999999999
4231 0.00187074459061563 0.005877444288554058 0.0065
4232 0.00187074459061563 0.005877444288554058 0.007149999999999999
4233 0.007089073594490607 0.00108304055821859 0.00065
4234 0.007089073594490607 0.00108304055821859 0.0013
4235 0.007089073594490607 0.00108304055821859 0.00195
4236 0.007089073594490607 0.00108304055821859 0.0026
4237 0.007089073594490607 0.00108304055821859 0.00325
4238 0.007089073594490607 0.00108304055821859 0.0039
4239 0.007089073594490607 0.00108304055821859 0.00455
4240 0.007089073594490607 0.00108304055821859 0.0052
4241 0.007089073594490607 0.00108304055821859 0.005849999999999999
4242 0.007089073594490607 0.00108304055821859 0.0065
4243 0.007089073594490607 0.00108304055821859 0.007149999999999999
4244 0.006777096591777175 0.002466363330655582 0.00065
4245 0.006777096591777175 0.002466363330655582 0.0013
4246 0.006777096591777175 0.002466363330655582 0.00195
4247 0.006777096591777175 0.002466363330655582 0.0026
4248 0.006777096591777175 0.002466363330655582 0.00325
4249 0.006777096591777175 0.002466363330655582 0.0039
4250 0.006777096591777175 0.002466363330655582 0.00455
4251 0.006777096591777175 0.002466363330655582 0.0052
4252 0.006777096591777175 0.002466363330655582 0.005849999999999999
4253 0.006777096591777175 0.002466363330655582 0.0065
4254 0.006777096591777175 0.002466363330655582 0.007149999999999999
4255 0.004398111699684334 0.005786302753962519 0.00065
4256 0.004398111699684334 0.005786302753962519 0.0013
4257 0.004398111699684334 0.005786302753962519 0.00195
4258 0.004398111699684334 0.005786302753962519 0.0026
4259 0.004398111699684334 0.005786302753962519 0.00325
4260 0.004398111699684334 0.005786302753962519 0.0039
4261 0.004398111699684334 0.005786302753962519 0.00455
4262 0.004398111699684334 0.005786302753962519 0.0052
4263 0.004398111699684334 0.005786302753962519 0.005849999999999999
4264 0.004398111699684334 0.005786302753962519 0.0065
4265 0.004398111699684334 0.005786302753962519 0.007149999999999999
4266 0.004571400435548016 0.001018758656572482 0.00065
4267 0.004571400435548016 0.001018758656572482 0.0013
4268 0.004571400435548016 0.001018758656572482 0.00195
4269 0.004571400435548016 0.001018758656572482 0.0026
4270 0.004571400435548016 0.001018758656572482 0.00325
4271 0.004571400435548016 0.001018758656572482 0.0039
4272 0.004571400435548016 0.001018758656572482 0.00455
4273 0.004571400435548016 0.001018758656572482 0.0052
4274 0.004571400435548016 0.001018758656572482 0.005849999999999999
4275 0.004571400435548016 0.001018758656572482 0.0065
4276 0.004571400435548016 0.001018758656572482 0.007149999999999999
4277 0.0002971897256107896 0.007324745508571521 0.00065
4278 0.0002971897256107896 0.007324745508571521 0.0013
4279 0.0002971897256107896 0.007324745508571521 0.00195
4280 0.0002971897256107896 0.007324745508571521 0.0026
4281 0.0002971897256107896 0.007324745508571521 0.00325
4282 0.0002971897256107896 0.007324745508571521 0.0039
4283 0.0002971897256107896 0.007324745508571521 0.00455
4284 0.0002971897256107896 0.007324745508571521 0.0052
4285 0.0002971897256107896 0.007324745508571521 0.005849999999999999
4286 0.0002971897256107896 0.007324745508571521 0.0065
4287 0.0002971897256107896 0.007324745508571521 0.007149999999999999
4288 0.006604784594617392 0.00308071096023793 0.00065
4289 0.006604784594617392 0.00308071096023793 0.0013
4290 0.006604784594617392 0.00308071096023793 0.00195
4291 0.006604784594617392 0.00308071096023793 0.0026
4292 0.006604784594617392 0.00308071096023793 0.00325
4293 0.006604784594617392 0.00308071096023793 0.0039
4294 0.006604784594617392 0.00308071096023793 0.00455
4295 0.006604784594617392 0.00308071096023793 0.0052
4296 0.006604784594617392 0.00308071096023793 0.005849999999999999
4297 0.006604784594617392 0.00308071096023793 0.0065
4298 0.006604784594617392 0.00308071096023793 0.007149999999999999
4299 0.002871972276770678 0.004695572159174194 0.00065
4300 0.002871972276770678 0.004695572159174194 0.0013
4301 0.002871972276770678 0.004695572159174194 0.00195
4302 0.002871972276770678 0.004695572159174194 0.0026
4303 0.002871972276770678 0.004695572159174194 0.00325
4304 0.002871972276770678 0.004695572159174194 0.0039
4305 0.002871972276770678 0.004695572159174194 0.00455
4306 0.002871972276770678 0.004695572159174194 0.0052
4307 0.002871972276770678 0.004695572159174194 0.005849999999999999
4308 0.002871972276770678 0.004695572159174194 0.0065
4309 0.002871972276770678 0.004695572159174194 0.007149999999999999
4310 0.005462009129475007 0.003711956522904164 0.00065
4311 0.005462009129475007 0.003711956522904164 0.0013
4312 0.005462009129475007 0.003711956522904164 0.00195
4313 0.005462009129475007 0.003711956522904164 0.0026
4314 0.005462009129475007 0.003711956522904164 0.00325
4315 0.005462009129475007 0.003711956522904164 0.0039
4316 0.005462009129475007 0.003711956522904164 0.00455
4317 0.005462009129475007 0.003711956522904164 0.0052
4318 0.005462009129475007 0.003711956522904164 0.005849999999999999
4319 0.005462009129475007 0.003711956522904164 0.0065
4320 0.005462009129475007 0.003711956522904164 0.007149999999999999
4321 0.003605695925005961 0.005384165034875256 0.00065
4322 0.003605695925005961 0.005384165034875256 0.0013
4323 0.003605695925005961 0.005384165034875256 0.00195
4324 0.003605695925005961 0.005384165034875256 0.0026
4325 0.003605695925005961 0.005384165034875256 0.00325
4326 0.003605695925005961 0.005384165034875256 0.0039
4327 0.003605695925005961 0.005384165034875256 0.00455
4328 0.003605695925005961 0.005384165034875256 0.0052
4329 0.003605695925005961 0.005384165034875256 0.005849999999999999
4330 0.003605695925005961 0.005384165034875256 0.0065
4331 0.003605695925005961 0.005384165034875256 0.007149999999999999
4332 0.00292912324144744 0.003428061539370373 0.00065
4333 0.00292912324144744 0.003428061539370373 0.0013
4334 0.00292912324144744 0.003428061539370373 0.00195
4335 0.00292912324144744 0.003428061539370373 0.0026
4336 0.00292912324144744 0.003428061539370373 0.00325
4337 0.00292912324144744 0.003428061539370373 0.0039
4338 0.00292912324144744 0.003428061539370373 0.00455
4339 0.00292912324144744 0.003428061539370373 0.0052
4340 0.00292912324144744 0.003428061539370373 0.005849999999999999
4341 0.00292912324144744 0.003428061539370373 0.0065
4342 0.00292912324144744 0.003428061539370373 0.007149999999999999
4343 0.0002396834647360488 0.005908259808190427 0.00065
4344 0.0002396834647360488 0.005908259808190427 0.0013
4345 0.0002396834647360488 0.005908259808190427 0.00195
4346 0.0002396834647360488 0.005908259808190427 0.0026
4347 0.0002396834647360488 0.005908259808190427 0.00325
4348 0.0002396834647360488 0.005908259808190427 0.0039
4349 0.0002396834647360488 0.005908259808190427 0.00455
4350 0.0002396834647360488 0.005908259808190427 0.0052
4351 0.0002396834647360488 0.005908259808190427 0.005849999999999999
4352 0.0002396834647360488 0.005908259808190427 0.0065
4353 0.0002396834647360488 0.005908259808190427 0.007149999999999999
4354 0.0007002976241558966 0.007042420151242698 0.00065
4355 0.0007002976241558966 0.007042420151242698 0.0013
4356 0.0007002976241558966 0.007042420151242698 0.00195
4357 0.0007002976241558966 0.007042420151242698 0.0026
4358 0.0007002976241558966 0.007042420151242698 0.00325
4359 0.0007002976241558966 0.007042420151242698 0.0039
4360 0.0007002976241558966 0.007042420151242698 0.00455
4361 0.0007002976241558966 0.007042420151242698 0.0052
4362 0.0007002976241558966 0.007042420151242698 0.005849999999999999
4363 0.0007002976241558966 0.007042420151242698 0.0065
4364 0.0007002976241558966 0.007042420151242698 0.007149999999999999
4365 0.006450380403049244 0.001445053835596321 0.00065
4366 0.006450380403049244 0.001445053835596321 0.0013
4367 0.006450380403049244 0.001445053835596321 0.00195
4368 0.006450380403049244 0.001445053835596321 0.0026
4369 0.006450380403049244 0.001445053835596321 0.00325
4370 0.006450380403049244 0.001445053835596321 0.0039
4371 0.006450380403049244 0.001445053835596321 0.00455
4372 0.006450380403049244 0.001445053835596321 0.0052
4373 0.006450380403049244 0.001445053835596321 0.005849999999999999
4374 0.006450380403049244 0.001445053835596321 0.0065
4375 0.006450380403049244 0.001445053835596321 0.007149999999999999
4376 0.001159607099865735 0.007253843948869503 0.00065
4377 0.001159607099865735 0.007253843948869503 0.0013
4378 0.001159607099865735 0.007253843948869503 0.00195
4379 0.001159607099865735 0.007253843948869503 0.0026
4380 0.001159607099865735 0.007253843948869503 0.00325
4381 0.001159607099865735 0.007253843948869503 0.0039
4382 0.001159607099865735 0.007253843948869503 0.00455
4383 0.001159607099865735 0.007253843948869503 0.0052
4384 0.001159607099865735 0.007253843948869503 0.005849999999999999
4385 0.001159607099865735 0.007253843948869503 0.0065
4386 0.001159607099865735 0.007253843948869503 0.007149999999999999
4387 0.003610911368399237 0.001953867498669707 0.00065
4388 0.003610911368399237 0.001953867498669707 0.0013
4389 0.003610911368399237 0.001953867498669707 0.00195
4390 0.003610911368399237 0.001953867498669707 0.0026
4391 0.003610911368399237 0.001953867498669707 0.00325
4392 0.003610911368399237 0.001953867498669707 0.0039
4393 0.003610911368399237 0.001953867498669707 0.00455
4394 0.003610911368399237 0.001953867498669707 0.0052
4395 0.003610911368399237 0.001953867498669707 0.005849999999999999
4396 0.003610911368399237 0.001953867498669707 0.0065
4397 0.003610911368399237 0.001953867498669707 0.007149999999999999
4398 0.004215215278042007 0.001414082399914044 0.00065
4399 0.004215215278042007 0.001414082399914044 0.0013
4400 0.004215215278042007 0.001414082399914044 0.00195
4401 0.004215215278042007 0.001414082399914044 0.0026
4402 0.004215215278042007 0.001414082399914044 0.00325
4403 0.004215215278042007 0.001414082399914044 0.0039
4404 0.004215215278042007 0.001414082399914044 0.00455
4405 0.004215215278042007 0.001414082399914044 0.0052
4406 0.004215215278042007 0.001414082399914044 0.005849999999999999
4407 0.004215215278042007 0.001414082399914044 0.0065
4408 0.004215215278042007 0.001414082399914044 0.007149999999999999
4409 0.002915741186844587 0.0003799829187460546 0.00065
4410 0.002915741186844587 0.0003799829187460546 0.0013
4411 0.002915741186844587 0.0003799829187460546 0.00195
4412 0.002915741186844587 0.0003799829187460546 0.0026
4413 0.002915741186844587 0.0003799829187460546 0.00325
4414 0.002915741186844587 0.0003799829187460546 0.0039
4415 0.002915741186844587 0.0003799829187460546 0.00455
4416 0.002915741186844587 0.0003799829187460546 0.0052
4417 0.002915741186844587 0.0003799829187460546 0.005849999999999999
4418 0.002915741186844587 0.0003799829187460546 0.0065
4419 0.002915741186844587 0.0003799829187460546 0.007149999999999999
4420 0.003502814136628373 0.0007976321186065945 0.00065
4421 0.003502814136628373 0.0007976321186065945 0.0013
4422 0.003502814136628373 0.0007976321186065945 0.00195
4423 0.003502814136628373 0.0007976321186065945 0.0026
4424 0.003502814136628373 0.0007976321186065945 0.00325
4425 0.003502814136628373 0.0007976321186065945 0.0039
4426 0.003502814136628373 0.0007976321186065945 0.00455
4427 0.003502814136628373 0.0007976321186065945 0.0052
4428 0.003502814136628373 0.0007976321186065945 0.005849999999999999
4429 0.003502814136628373 0.0007976321186065945 0.0065
4430 0.003502814136628373 0.0007976321186065945 0.007149999999999999
4431 0.0006304403876553561 0.006642082714478713 0.00065
4432 0.0006304403876553561 0.006642082714478713 0.0013
4433 0.0006304403876553561 0.006642082714478713 0.00195
4434 0.0006304403876553561 0.006642082714478713 0.0026
4435 0.0006304403876553561 0.006642082714478713 0.00325
4436 0.0006304403876553561 0.006642082714478713 0.0039
4437 0.0006304403876553561 0.006642082714478713 0.00455
4438 0.0006304403876553561 0.006642082714478713 0.0052
4439 0.0006304403876553561 0.006642082714478713 0.005849999999999999
4440 0.0006304403876553561 0.006642082714478713 0.0065
4441 0.0006304403876553561 0.006642082714478713 0.007149999999999999
4442 0.004489504402126389 0.004865320338678648 0.00065
4443 0.004489504402126389 0.004865320338678648 0.0013
4444 0.004489504402126389 0.004865320338678648 0.00195
4445 0.004489504402126389 0.004865320338678648 0.0026
4446 0.004489504402126389 0.004865320338678648 0.00325
4447 0.004489504402126389 0.004865320338678648 0.0039
4448 0.004489504402126389 0.004865320338678648 0.00455
4449 0.004489504402126389 0.004865320338678648 0.0052
4450 0.004489504402126389 0.004865320338678648 0.005849999999999999
4451 0.004489504402126389 0.004865320338678648 0.0065
4452 0.004489504402126389 0.004865320338678648 0.007149999999999999
4453 0.003173319615261138 0.006626086653184727 0.00065
4454 0.003173319615261138 0.006626086653184727 0.0013
4455 0.003173319615261138 0.006626086653184727 0.00195
4456 0.003173319615261138 0.006626086653184727 0.0026
4457 0.003173319615261138 0.006626086653184727 0.00325
4458 0.003173319615261138 0.006626086653184727 0.0039
4459 0.003173319615261138 0.006626086653184727 0.00455
4460 0.003173319615261138 0.006626086653184727 0.0052
4461 0.003173319615261138 0.006626086653184727 0.005849999999999999
4462 0.003173319615261138 0.006626086653184727 0.0065
4463 0.003173319615261138 0.006626086653184727 0.007149999999999999
4464 0.003678672663749808 0.006377132941646856 0.00065
4465 0.003678672663749808 0.006377132941646856 0.0013
4466 0.003678672663749808 0.006377132941646856 0.00195
4467 0.003678672663749808 0.006377132941646856 0.0026
4468 0.003678672663749808 0.006377132941646856 0.00325
4469 0.003678672663749808 0.006377132941646856 0.0039
4470 0.003678672663749808 0.006377132941646856 0.00455
4471 0.003678672663749808 0.006377132941646856 0.0052
4472 0.003678672663749808 0.006377132941646856 0.005849999999999999
4473 0.003678672663749808 0.006377132941646856 0.0065
4474 0.003678672663749808 0.006377132941646856 0.007149999999999999
4475 0.007243613406294266 0.0004751261110951476 0.00065
4476 0.007243613406294266 0.0004751261110951476 0.0013
4477 0.007243613406294266 0.0004751261110951476 0.00195
4478 0.007243613406294266 0.0004751261110951476 0.0026
4479 0.007243613406294266 0.0004751261110951476 0.00325
4480 0.007243613406294266 0.0004751261110951476 0.0039
4481 0.007243613406294266 0.0004751261110951476 0.00455
4482 0.007243613406294266 0.0004751261110951476 0.0052
4483 0.007243613406294266 0.0004751261110951476 0.005849999999999999
4484 0.007243613406294266 0.0004751261110951476 0.0065
4485 0.007243613406294266 0.0004751261110951476 0.007149999999999999
4486 0.003436417325588182 0.002774571778580116 0.00065
4487 0.003436417325588182 0.002774571778580116 0.0013
4488 0.003436417325588182 0.002774571778580116 0.00195
4489 0.003436417325588182 0.002774571778580116 0.0026
4490 0.003436417325588182 0.002774571778580116 0.00325
4491 0.003436417325588182 0.002774571778580116 0.0039
4492 0.003436417325588182 0.002774571778580116 0.00455
4493 0.003436417325588182 0.002774571778580116 0.0052
4494 0.003436417325588182 0.002774571778580116 0.005849999999999999
4495 0.003436417325588182 0.002774571778580116 0.0065
4496 0.003436417325588182 0.002774571778580116 0.007149999999999999
4497 0.003291084353053211 0.004267706276565838 0.00065
4498 0.003291084353053211 0.004267706276565838 0.0013
4499 0.003291084353053211 0.004267706276565838 0.00195
4500 0.003291084353053211 0.004267706276565838 0.0026
4501 0.003291084353053211 0.004267706276565838 0.00325
4502 0.003291084353053211 0.004267706276565838 0.0039
4503 0.003291084353053211 0.004267706276565838 0.00455
4504 0.003291084353053211 0.004267706276565838 0.0052
4505 0.003291084353053211 0.004267706276565838 0.005849999999999999
4506 0.003291084353053211 0.004267706276565838 0.0065
4507 0.003291084353053211 0.004267706276565838 0.007149999999999999
4508 0.006433791518527384 0.002049830389030324 0.00065
4509 0.006433791518527384 0.002049830389030324 0.0013
4510 0.006433791518527384 0.002049830389030324 0.00195
4511 0.006433791518527384 0.002049830389030324 0.0026
4512 0.006433791518527384 0.002049830389030324 0.00325
4513 0.006433791518527384 0.002049830389030324 0.0039
4514 0.006433791518527384 0.002049830389030324 0.00455
4515 0.006433791518527384 0.002049830389030324 0.0052
4516 0.006433791518527384 0.002049830389030324 0.005849999999999999
4517 0.006433791518527384 0.002049830389030324 0.0065
4518 0.006433791518527384 0.002049830389030324 0.007149999999999999
4519 0.002680765348373565 0.00685253063395932 0.00065
4520 0.002680765348373565 0.00685253063395932 0.0013
4521 0.002680765348373565 0.00685253063395932 0.00195
4522 0.002680765348373565 0.00685253063395932 0.0026
4523 0.002680765348373565 0.00685253063395932 0.00325
4524 0.002680765348373565 0.00685253063395932 0.0039
4525 0.002680765348373565 0.00685253063395932 0.00455
4526 0.002680765348373565 0.00685253063395932 0.0052
4527 0.002680765348373565 0.00685253063395932 0.005849999999999999
4528 0.002680765348373565 0.00685253063395932 0.0065
4529 0.002680765348373565 0.00685253063395932 0.007149999999999999
4530 0.0005807040294061061 0.006249205531784353 0.00065
4531 0.0005807040294061061 0.006249205531784353 0.0013
4532 0.0005807040294061061 0.006249205531784353 0.00195
4533 0.0005807040294061061 0.006249205531784353 0.0026
4534 0.0005807040294061061 0.006249205531784353 0.00325
4535 0.0005807040294061061 0.006249205531784353 0.0039
4536 0.0005807040294061061 0.006249205531784353 0.00455
4537 0.0005807040294061061 0.006249205531784353 0.0052
4538 0.0005807040294061061 0.006249205531784353 0.005849999999999999
4539 0.0005807040294061061 0.006249205531784353 0.0065
4540 0.0005807040294061061 0.006249205531784353 0.007149999999999999
4541 0.00306863149139838 0.0007174786289812596 0.00065
4542 0.00306863149139838 0.0007174786289812596 0.0013
4543 0.00306863149139838 0.0007174786289812596 0.00195
4544 0.00306863149139838 0.0007174786289812596 0.0026
4545 0.00306863149139838 0.0007174786289812596 0.00325
4546 0.00306863149139838 0.0007174786289812596 0.0039
4547 0.00306863149139838 0.0007174786289812596 0.00455
4548 0.00306863149139838 0.0007174786289812596 0.0052
4549 0.00306863149139838 0.0007174786289812596 0.005849999999999999
4550 0.00306863149139838 0.0007174786289812596 0.0065
4551 0.00306863149139838 0.0007174786289812596 0.007149999999999999
4552 0.0005031296283478852 0.005628554253243761 0.00065
4553 0.0005031296283478852 0.005628554253243761 0.0013
4554 0.0005031296283478852 0.005628554253243761 0.00195
4555 0.0005031296283478852 0.005628554253243761 0.0026
4556 0.0005031296283478852 0.005628554253243761 0.00325
4557 0.0005031296283478852 0.005628554253243761 0.0039
4558 0.0005031296283478852 0.005628554253243761 0.00455
4559 0.0005031296283478852 0.005628554253243761 0.0052
4560 0.0005031296283478852 0.005628554253243761 0.005849999999999999
4561 0.0005031296283478852 0.005628554253243761 0.0065
4562 0.0005031296283478852 0.005628554253243761 0.007149999999999999
4563 0.005452114801226913 0.004972205307406801 0.00065
4564 0.005452114801226913 0.004972205307406801 0.0013
4565 0.005452114801226913 0.004972205307406801 0.00195
4566 0.005452114801226913 0.004972205307406801 0.0026
4567 0.005452114801226913 0.004972205307406801 0.00325
4568 0.005452114801226913 0.004972205307406801 0.0039
4569 0.005452114801226913 0.004972205307406801 0.00455
4570 0.005452114801226913 0.004972205307406801 0.0052
4571 0.005452114801226913 0.004972205307406801 0.005849999999999999
4572 0.005452114801226913 0.004972205307406801 0.0065
4573 0.005452114801226913 0.004972205307406801 0.007149999999999999
4574 0.001210328954351584 0.008375904883100686 0.00065
4575 0.001210328954351584 0.008375904883100686 0.0013
4576 0.001210328954351584 0.008375904883100686 0.00195
4577 0.001210328954351584 0.008375904883100686 0.0026
4578 0.001210328954351584 0.008375904883100686 0.00325
4579 0.001210328954351584 0.008375904883100686 0.0039
4580 0.001210328954351584 0.008375904883100686 0.00455
4581 0.001210328954351584 0.008375904883100686 0.0052
4582 0.001210328954351584 0.008375904883100686 0.005849999999999999
4583 0.001210328954351584 0.008375904883100686 0.0065
4584 0.001210328954351584 0.008375904883100686 0.007149999999999999
4585 0.008514219545270069 0.001301587342240097 0.00065
4586 0.008514219545270069 0.001301587342240097 0.0013
4587 0.008514219545270069 0.001301587342240097 0.00195
4588 0.008514219545270069 0.001301587342240097 0.0026
4589 0.008514219545270069 0.001301587342240097 0.00325
4590 0.008514219545270069 0.001301587342240097 0.0039
4591 0.008514219545270069 0.001301587342240097 0.00455
4592 0.008514219545270069 0.001301587342240097 0.0052
4593 0.008514219545270069 0.001301587342240097 0.005849999999999999
4594 0.008514219545270069 0.001301587342240097 0.0065
4595 0.008514219545270069 0.001301587342240097 0.007149999999999999
4596 0.008336961732801148 0.002957355932154506 0.00065
4597 0.008336961732801148 0.002957355932154506 0.0013
4598 0.008336961732801148 0.002957355932154506 0.00195
4599 0.008336961732801148 0.002957355932154506 0.0026
4600 0.008336961732801148 0.002957355932154506 0.00325
4601 0.008336961732801148 0.002957355932154506 0.0039
4602 0.008336961732801148 0.002957355932154506 0.00455
4603 0.008336961732801148 0.002957355932154506 0.0052
4604 0.008336961732801148 0.002957355932154506 0.005849999999999999
4605 0.008336961732801148 0.002957355932154506 0.0065
4606 0.008336961732801148 0.002957355932154506 0.007149999999999999
4607 0.002792278505126154 0.008486491980290929 0.00065
4608 0.002792278505126154 0.008486491980290929 0.0013
4609 0.002792278505126154 0.008486491980290929 0.00195
4610 0.002792278505126154 0.008486491980290929 0.0026
4611 0.002792278505126154 0.008486491980290929 0.00325
4612 0.002792278505126154 0.008486491980290929 0.0039
4613 0.002792278505126154 0.008486491980290929 0.00455
4614 0.002792278505126154 0.008486491980290929 0.0052
4615 0.002792278505126154 0.008486491980290929 0.005849999999999999
4616 0.002792278505126154 0.008486491980290929 0.0065
4617 0.002792278505126154 0.008486491980290929 0.007149999999999999
4618 0.007560567024688313 0.004617680952409135 0.00065
4619 0.007560567024688313 0.004617680952409135 0.0013
4620 0.007560567024688313 0.004617680952409135 0.00195
4621 0.007560567024688313 0.004617680952409135 0.0026
4622 0.007560567024688313 0.004617680952409135 0.00325
4623 0.007560567024688313 0.004617680952409135 0.0039
4624 0.007560567024688313 0.004617680952409135 0.00455
4625 0.007560567024688313 0.004617680952409135 0.0052
4626 0.007560567024688313 0.004617680952409135 0.005849999999999999
4627 0.007560567024688313 0.004617680952409135 0.0065
4628 0.007560567024688313 0.004617680952409135 0.007149999999999999
4629 0.004615377276534817 0.007561947794870058 0.00065
4630 0.004615377276534817 0.007561947794870058 0.0013
4631 0.004615377276534817 0.007561947794870058 0.00195
4632 0.004615377276534817 0.007561947794870058 0.0026
4633 0.004615377276534817 0.007561947794870058 0.00325
4634 0.004615377276534817 0.007561947794870058 0.0039
4635 0.004615377276534817 0.007561947794870058 0.00455
4636 0.004615377276534817 0.007561947794870058 0.0052
4637 0.004615377276534817 0.007561947794870058 0.005849999999999999
4638 0.004615377276534817 0.007561947794870058 0.0065
4639 0.004615377276534817 0.007561947794870058 0.007149999999999999
4640 0.006152960477457121 0.005699793054066729 0.00065
4641 0.006152960477457121 0.005699793054066729 0.0013
4642 0.006152960477457121 0.005699793054066729 0.00195
4643 0.006152960477457121 0.005699793054066729 0.0026
4644 0.006152960477457121 0.005699793054066729 0.00325
4645 0.006152960477457121 0.005699793054066729 0.0039
4646 0.006152960477457121 0.005699793054066729 0.00455
4647 0.006152960477457121 0.005699793054066729 0.0052
4648 0.006152960477457121 0.005699793054066729 0.005849999999999999
4649 0.006152960477457121 0.005699793054066729 0.0065
4650 0.006152960477457121 0.005699793054066729 0.007149999999999999
4651 0.001954749112512097 0.008252299173214808 0.00065
4652 0.001954749112512097 0.008252299173214808 0.0013
4653 0.001954749112512097 0.008252299173214808 0.00195
4654 0.001954749112512097 0.008252299173214808 0.0026
4655 0.001954749112512097 0.008252299173214808 0.00325
4656 0.001954749112512097 0.008252299173214808 0.0039
4657 0.001954749112512097 0.008252299173214808 0.00455
4658 0.001954749112512097 0.008252299173214808 0.0052
4659 0.001954749112512097 0.008252299173214808 0.005849999999999999
4660 0.001954749112512097 0.008252299173214808 0.0065
4661 0.001954749112512097 0.008252299173214808 0.007149999999999999
4662 0.008200167596407779 0.002054035054283424 0.00065
4663 0.008200167596407779 0.002054035054283424 0.0013
4664 0.008200167596407779 0.002054035054283424 0.00195
4665 0.008200167596407779 0.002054035054283424 0.0026
4666 0.008200167596407779 0.002054035054283424 0.00325
4667 0.008200167596407779 0.002054035054283424 0.0039
4668 0.008200167596407779 0.002054035054283424 0.00455
4669 0.008200167596407779 0.002054035054283424 0.0052
4670 0.008200167596407779 0.002054035054283424 0.005849999999999999
4671 0.008200167596407779 0.002054035054283424 0.0065
4672 0.008200167596407779 0.002054035054283424 0.007149999999999999
4673 0.0007010173159173226 0.009093009010713563 0.00065
4674 0.0007010173159173226 0.009093009010713563 0.0013
4675 0.0007010173159173226 0.009093009010713563 0.00195
4676 0.0007010173159173226 0.009093009010713563 0.0026
4677 0.0007010173159173226 0.009093009010713563 0.00325
4678 0.0007010173159173226 0.009093009010713563 0.0039
4679 0.0007010173159173226 0.009093009010713563 0.00455
4680 0.0007010173159173226 0.009093009010713563 0.0052
4681 0.0007010173159173226 0.009093009010713563 0.005849999999999999
4682 0.0007010173159173226 0.009093009010713563 0.0065
4683 0.0007010173159173226 0.009093009010713563 0.007149999999999999
4684 0.00924780052754906 0.0006700471308590632 0.00065
4685 0.00924780052754906 0.0006700471308590632 0.0013
4686 0.00924780052754906 0.0006700471308590632 0.00195
4687 0.00924780052754906 0.0006700471308590632 0.0026
4688 0.00924780052754906 0.0006700471308590632 0.00325
4689 0.00924780052754906 0.0006700471308590632 0.0039
4690 0.00924780052754906 0.0006700471308590632 0.00455
4691 0.00924780052754906 0.0006700471308590632 0.0052
4692 0.00924780052754906 0.0006700471308590632 0.005849999999999999
4693 0.00924780052754906 0.0006700471308590632 0.0065
4694 0.00924780052754906 0.0006700471308590632 0.007149999999999999
4695 0.00566786407656529 0.006144307894485099 0.00065
4696 0.00566786407656529 0.006144307894485099 0.0013
4697 0.00566786407656529 0.006144307894485099 0.00195
4698 0.00566786407656529 0.006144307894485099 0.0026
4699 0.00566786407656529 0.006144307894485099 0.00325
4700 0.00566786407656529 0.006144307894485099 0.0039
4701 0.00566786407656529 0.006144307894485099 0.00455
4702 0.00566786407656529 0.006144307894485099 0.0052
4703 0.00566786407656529 0.006144307894485099 0.005849999999999999
4704 0.00566786407656529 0.006144307894485099 0.0065
4705 0.00566786407656529 0.006144307894485099 0.007149999999999999
4706 0.006841071600027415 0.005461732257999724 0.00065
4707 0.006841071600027415 0.005461732257999724 0.0013
4708 0.006841071600027415 0.005461732257999724 0.00195
4709 0.006841071600027415 0.005461732257999724 0.0026
4710 0.006841071600027415 0.005461732257999724 0.00325
4711 0.006841071600027415 0.005461732257999724 0.0039
4712 0.006841071600027415 0.005461732257999724 0.00455
4713 0.006841071600027415 0.005461732257999724 0.0052
4714 0.006841071600027415 0.005461732257999724 0.005849999999999999
4715 0.006841071600027415 0.005461732257999724 0.0065
4716 0.006841071600027415 0.005461732257999724 0.007149999999999999
4717 0.003716374397634815 0.007900752443370268 0.00065
4718 0.003716374397634815 0.007900752443370268 0.0013
4719 0.003716374397634815 0.007900752443370268 0.00195
4720 0.003716374397634815 0.007900752443370268 0.0026
4721 0.003716374397634815 0.007900752443370268 0.00325
4722 0.003716374397634815 0.007900752443370268 0.0039
4723 0.003716374397634815 0.007900752443370268 0.00455
4724 0.003716374397634815 0.007900752443370268 0.0052
4725 0.003716374397634815 0.007900752443370268 0.005849999999999999
4726 0.003716374397634815 0.007900752443370268 0.0065
4727 0.003716374397634815 0.007900752443370268 0.007149999999999999
4728 0.007870570239835967 0.003749850618215343 0.00065
4729 0.007870570239835967 0.003749850618215343 0.0013
4730 0.007870570239835967 0.003749850618215343 0.00195
4731 0.007870570239835967 0.003749850618215343 0.0026
4732 0.007870570239835967 0.003749850618215343 0.00325
4733 0.007870570239835967 0.003749850618215343 0.0039
4734 0.007870570239835967 0.003749850618215343 0.00455
4735 0.007870570239835967 0.003749850618215343 0.0052
4736 0.007870570239835967 0.003749850618215343 0.005849999999999999
4737 0.007870570239835967 0.003749850618215343 0.0065
4738 0.007870570239835967 0.003749850618215343 0.007149999999999999
4739 0.005456026815770437 0.006839859631229029 0.00065
4740 0.005456026815770437 0.006839859631229029 0.0013
4741 0.005456026815770437 0.006839859631229029 0.00195
4742 0.005456026815770437 0.006839859631229029 0.0026
4743 0.005456026815770437 0.006839859631229029 0.00325
4744 0.005456026815770437 0.006839859631229029 0.0039
4745 0.005456026815770437 0.006839859631229029 0.00455
4746 0.005456026815770437 0.006839859631229029 0.0052
4747 0.005456026815770437 0.006839859631229029 0.005849999999999999
4748 0.005456026815770437 0.006839859631229029 0.0065
4749 0.005456026815770437 0.006839859631229029 0.007149999999999999
4750 0.001746693546399665 0.009229622276909292 0.00065
4751 0.001746693546399665 0.009229622276909292 0.0013
4752 0.001746693546399665 0.009229622276909292 0.00195
4753 0.001746693546399665 0.009229622276909292 0.0026
4754 0.001746693546399665 0.009229622276909292 0.00325
4755 0.001746693546399665 0.009229622276909292 0.0039
4756 0.001746693546399665 0.009229622276909292 0.00455
4757 0.001746693546399665 0.009229622276909292 0.0052
4758 0.001746693546399665 0.009229622276909292 0.005849999999999999
4759 0.001746693546399665 0.009229622276909292 0.0065
4760 0.001746693546399665 0.009229622276909292 0.007149999999999999
4761 0.006521648658381931 0.006524954595043868 0.00065
4762 0.006521648658381931 0.006524954595043868 0.0013
4763 0.006521648658381931 0.006524954595043868 0.00195
4764 0.006521648658381931 0.006524954595043868 0.0026
4765 0.006521648658381931 0.006524954595043868 0.00325
4766 0.006521648658381931 0.006524954595043868 0.0039
4767 0.006521648658381931 0.006524954595043868 0.00455
4768 0.006521648658381931 0.006524954595043868 0.0052
4769 0.006521648658381931 0.006524954595043868 0.005849999999999999
4770 0.006521648658381931 0.006524954595043868 0.0065
4771 0.006521648658381931 0.006524954595043868 0.007149999999999999
4772 0.008398225521505787 0.0005472336335339452 0.00065
4773 0.008398225521505787 0.0005472336335339452 0.0013
4774 0.008398225521505787 0.0005472336335339452 0.00195
4775 0.008398225521505787 0.0005472336335339452 0.0026
4776 0.008398225521505787 0.0005472336335339452 0.00325
4777 0.008398225521505787 0.0005472336335339452 0.0039
4778 0.008398225521505787 0.0005472336335339452 0.00455
4779 0.008398225521505787 0.0005472336335339452 0.0052
4780 0.008398225521505787 0.0005472336335339452 0.005849999999999999
4781 0.008398225521505787 0.0005472336335339452 0.0065
4782 0.008398225521505787 0.0005472336335339452 0.007149999999999999
4783 0.000535175992967896 0.008339604285704811 0.00065
4784 0.000535175992967896 0.008339604285704811 0.0013
4785 0.000535175992967896 0.008339604285704811 0.00195
4786 0.000535175992967896 0.008339604285704811 0.0026
4787 0.000535175992967896 0.008339604285704811 0.00325
4788 0.000535175992967896 0.008339604285704811 0.0039
4789 0.000535175992967896 0.008339604285704811 0.00455
4790 0.000535175992967896 0.008339604285704811 0.0052
4791 0.000535175992967896 0.008339604285704811 0.005849999999999999
4792 0.000535175992967896 0.008339604285704811 0.0065
4793 0.000535175992967896 0.008339604285704811 0.007149999999999999
4794 0.008787877540815028 0.008736919789847478 0.00065
4795 0.008787877540815028 0.008736919789847478 0.0013
4796 0.008787877540815028 0.008736919789847478 0.00195
4797 0.008787877540815028 0.008736919789847478 0.0026
4798 0.008787877540815028 0.008736919789847478 0.00325
4799 0.008787877540815028 0.008736919789847478 0.0039
4800 0.008787877540815028 0.008736919789847478 0.00455
4801 0.008787877540815028 0.008736919789847478 0.0052
4802 0.008787877540815028 0.008736919789847478 0.005849999999999999
4803 0.008787877540815028 0.008736919789847478 0.0065
4804 0.008787877540815028 0.008736919789847478 0.007149999999999999
4805 0.004051435050493976 0.01208501123673517 0.00065
4806 0.004051435050493976 0.01208501123673517 0.0013
4807 0.004051435050493976 0.01208501123673517 0.00195
4808 0.004051435050493976 0.01208501123673517 0.0026
4809 0.004051435050493976 0.01208501123673517 0.00325
4810 0.004051435050493976 0.01208501123673517 0.0039
4811 0.004051435050493976 0.01208501123673517 0.00455
4812 0.004051435050493976 0.01208501123673517 0.0052
4813 0.004051435050493976 0.01208501123673517 0.005849999999999999
4814 0.004051435050493976 0.01208501123673517 0.0065
4815 0.004051435050493976 0.01208501123673517 0.007149999999999999
4816 0.01172203486102022 0.004403571538316466 0.00065
4817 0.01172203486102022 0.004403571538316466 0.0013
4818 0.01172203486102022 0.004403571538316466 0.00195
4819 0.01172203486102022 0.004403571538316466 0.0026
4820 0.01172203486102022 0.004403571538316466 0.00325
4821 0.01172203486102022 0.004403571538316466 0.0039
4822 0.01172203486102022 0.004403571538316466 0.00455
4823 0.01172203486102022 0.004403571538316466 0.0052
4824 0.01172203486102022 0.004403571538316466 0.005849999999999999
4825 0.01172203486102022 0.004403571538316466 0.0065
4826 0.01172203486102022 0.004403571538316466 0.007149999999999999
4827 0.01661988727136338 0.002739829196847201 0.00065
4828 0.01661988727136338 0.002739829196847201 0.0013
4829 0.01661988727136338 0.002739829196847201 0.00195
4830 0.01661988727136338 0.002739829196847201 0.0026
4831 0.01661988727136338 0.002739829196847201 0.00325
4832 0.01661988727136338 0.002739829196847201 0.0039
4833 0.01661988727136338 0.002739829196847201 0.00455
4834 0.01661988727136338 0.002739829196847201 0.0052
4835 0.01661988727136338 0.002739829196847201 0.005849999999999999
4836 0.01661988727136338 0.002739829196847201 0.0065
4837 0.01661988727136338 0.002739829196847201 0.007149999999999999
4838 0.002426627581036225 0.01698607442500259 0.00065
4839 0.002426627581036225 0.01698607442500259 0.0013
4840 0.002426627581036225 0.01698607442500259 0.00195
4841 0.002426627581036225 0.01698607442500259 0.0026
4842 0.002426627581036225 0.01698607442500259 0.00325
4843 0.002426627581036225 0.01698607442500259 0.0039
4844 0.002426627581036225 0.01698607442500259 0.00455
4845 0.002426627581036225 0.01698607442500259 0.0052
4846 0.002426627581036225 0.01698607442500259 0.005849999999999999
4847 0.002426627581036225 0.01698607442500259 0.0065
4848 0.002426627581036225 0.01698607442500259 0.007149999999999999
4849 0.01472274386158439 0.018503140938032 0.00065
4850 0.01472274386158439 0.018503140938032 0.0013
4851 0.01472274386158439 0.018503140938032 0.00195
4852 0.01472274386158439 0.018503140938032 0.0026
4853 0.01472274386158439 0.018503140938032 0.00325
4854 0.01472274386158439 0.018503140938032 0.0039
4855 0.01472274386158439 0.018503140938032 0.00455
4856 0.01472274386158439 0.018503140938032 0.0052
4857 0.01472274386158439 0.018503140938032 0.005849999999999999
4858 0.01472274386158439 0.018503140938032 0.0065
4859 0.01472274386158439 0.018503140938032 0.007149999999999999
4860 0.01860799506625824 0.008751705395468179 0.00065
4861 0.01860799506625824 0.008751705395468179 0.0013
4862 0.01860799506625824 0.008751705395468179 0.00195
4863 0.01860799506625824 0.008751705395468179 0.0026
4864 0.01860799506625824 0.008751705395468179 0.00325
4865 0.01860799506625824 0.008751705395468179 0.0039
4866 0.01860799506625824 0.008751705395468179 0.00455
4867 0.01860799506625824 0.008751705395468179 0.0052
4868 0.01860799506625824 0.008751705395468179 0.005849999999999999
4869 0.01860799506625824 0.008751705395468179 0.0065
4870 0.01860799506625824 0.008751705395468179 0.007149999999999999
4871 0.01050091144267296 0.0066979856398664 0.00065
4872 0.01050091144267296 0.0066979856398664 0.0013
4873 0.01050091144267296 0.0066979856398664 0.00195
4874 0.01050091144267296 0.0066979856398664 0.0026
4875 0.01050091144267296 0.0066979856398664 0.00325
4876 0.01050091144267296 0.0066979856398664 0.0039
4877 0.01050091144267296 0.0066979856398664 0.00455
4878 0.01050091144267296 0.0066979856398664 0.0052
4879 0.01050091144267296 0.0066979856398664 0.005849999999999999
4880 0.01050091144267296 0.0066979856398664 0.0065
4881 0.01050091144267296 0.0066979856398664 0.007149999999999999
4882 0.01176491647685872 0.009294601792771907 0.00065
4883 0.01176491647685872 0.009294601792771907 0.0013
4884 0.01176491647685872 0.009294601792771907 0.00195
4885 0.01176491647685872 0.009294601792771907 0.0026
4886 0.01176491647685872 0.009294601792771907 0.00325
4887 0.01176491647685872 0.009294601792771907 0.0039
4888 0.01176491647685872 0.009294601792771907 0.00455
4889 0.01176491647685872 0.009294601792771907 0.0052
4890 0.01176491647685872 0.009294601792771907 0.005849999999999999
4891 0.01176491647685872 0.009294601792771907 0.0065
4892 0.01176491647685872 0.009294601792771907 0.007149999999999999
4893 0.009157068969379477 0.01177947244941779 0.00065
4894 0.009157068969379477 0.01177947244941779 0.0013
4895 0.009157068969379477 0.01177947244941779 0.00195
4896 0.009157068969379477 0.01177947244941779 0.0026
4897 0.009157068969379477 0.01177947244941779 0.00325
4898 0.009157068969379477 0.01177947244941779 0.0039
4899 0.009157068969379477 0.01177947244941779 0.00455
4900 0.009157068969379477 0.01177947244941779 0.0052
4901 0.009157068969379477 0.01177947244941779 0.005849999999999999
4902 0.009157068969379477 0.01177947244941779 0.0065
4903 0.009157068969379477 0.01177947244941779 0.007149999999999999
4904 0.01295637052419653 0.01215723322325961 0.00065
4905 0.01295637052419653 0.01215723322325961 0.0013
4906 0.01295637052419653 0.01215723322325961 0.00195
4907 0.01295637052419653 0.01215723322325961 0.0026
4908 0.01295637052419653 0.01215723322325961 0.00325
4909 0.01295637052419653 0.01215723322325961 0.0039
4910 0.01295637052419653 0.01215723322325961 0.00455
4911 0.01295637052419653 0.01215723322325961 0.0052
4912 0.01295637052419653 0.01215723322325961 0.005849999999999999
4913 0.01295637052419653 0.01215723322325961 0.0065
4914 0.01295637052419653 0.01215723322325961 0.007149999999999999
4915 0.0132514792368976 0.006660365879216306 0.00065
4916 0.0132514792368976 0.006660365879216306 0.0013
4917 0.0132514792368976 0.006660365879216306 0.00195
4918 0.0132514792368976 0.006660365879216306 0.0026
4919 0.0132514792368976 0.006660365879216306 0.00325
4920 0.0132514792368976 0.006660365879216306 0.0039
4921 0.0132514792368976 0.006660365879216306 0.00455
4922 0.0132514792368976 0.006660365879216306 0.0052
4923 0.0132514792368976 0.006660365879216306 0.005849999999999999
4924 0.0132514792368976 0.006660365879216306 0.0065
4925 0.0132514792368976 0.006660365879216306 0.007149999999999999
4926 0.01110446358872504 0.01564553016560563 0.00065
4927 0.01110446358872504 0.01564553016560563 0.0013
4928 0.01110446358872504 0.01564553016560563 0.00195
4929 0.01110446358872504 0.01564553016560563 0.0026
4930 0.01110446358872504 0.01564553016560563 0.00325
4931 0.01110446358872504 0.01564553016560563 0.0039
4932 0.01110446358872504 0.01564553016560563 0.00455
4933 0.01110446358872504 0.01564553016560563 0.0052
4934 0.01110446358872504 0.01564553016560563 0.005849999999999999
4935 0.01110446358872504 0.01564553016560563 0.0065
4936 0.01110446358872504 0.01564553016560563 0.007149999999999999
4937 0.007875632514358679 0.01466531664399963 0.00065
4938 0.007875632514358679 0.01466531664399963 0.0013
4939 0.007875632514358679 0.01466531664399963 0.00195
4940 0.007875632514358679 0.01466531664399963 0.0026
4941 0.007875632514358679 0.01466531664399963 0.00325
4942 0.007875632514358679 0.01466531664399963 0.0039
4943 0.007875632514358679 0.01466531664399963 0.00455
4944 0.007875632514358679 0.01466531664399963 0.0052
4945 0.007875632514358679 0.01466531664399963 0.005849999999999999
4946 0.007875632514358679 0.01466531664399963 0.0065
4947 0.007875632514358679 0.01466531664399963 0.007149999999999999
4948 0.008360743174706541 0.01778879601650333 0.00065
4949 0.008360743174706541 0.01778879601650333 0.0013
4950 0.008360743174706541 0.01778879601650333 0.00195
4951 0.008360743174706541 0.01778879601650333 0.0026
4952 0.008360743174706541 0.01778879601650333 0.00325
4953 0.008360743174706541 0.01778879601650333 0.0039
4954 0.008360743174706541 0.01778879601650333 0.00455
4955 0.008360743174706541 0.01778879601650333 0.0052
4956 0.008360743174706541 0.01778879601650333 0.005849999999999999
4957 0.008360743174706541 0.01778879601650333 0.0065
4958 0.008360743174706541 0.01778879601650333 0.007149999999999999
4959 0.01766447009592765 0.01401545965082921 0.00065
4960 0.01766447009592765 0.01401545965082921 0.0013
4961 0.01766447009592765 0.01401545965082921 0.00195
4962 0.01766447009592765 0.01401545965082921 0.0026
4963 0.01766447009592765 0.01401545965082921 0.00325
4964 0.01766447009592765 0.01401545965082921 0.0039
4965 0.01766447009592765 0.01401545965082921 0.00455
4966 0.01766447009592765 0.01401545965082921 0.0052
4967 0.01766447009592765 0.01401545965082921 0.005849999999999999
4968 0.01766447009592765 0.01401545965082921 0.0065
4969 0.01766447009592765 0.01401545965082921 0.007149999999999999
4970 0.00657137283727378 0.01045827995919852 0.00065
4971 0.00657137283727378 0.01045827995919852 0.0013
4972 0.00657137283727378 0.01045827995919852 0.00195
4973 0.00657137283727378 0.01045827995919852 0.0026
4974 0.00657137283727378 0.01045827995919852 0.00325
4975 0.00657137283727378 0.01045827995919852 0.0039
4976 0.00657137283727378 0.01045827995919852 0.00455
4977 0.00657137283727378 0.01045827995919852 0.0052
4978 0.00657137283727378 0.01045827995919852 0.005849999999999999
4979 0.00657137283727378 0.01045827995919852 0.0065
4980 0.00657137283727378 0.01045827995919852 0.007149999999999999
4981 0.01418621932656449 0.003975407636794175 0.00065
4982 0.01418621932656449 0.003975407636794175 0.0013
4983 0.01418621932656449 0.003975407636794175 0.00195
4984 0.01418621932656449 0.003975407636794175 0.0026
4985 0.01418621932656449 0.003975407636794175 0.00325
4986 0.01418621932656449 0.003975407636794175 0.0039
4987 0.01418621932656449 0.003975407636794175 0.00455
4988 0.01418621932656449 0.003975407636794175 0.0052
4989 0.01418621932656449 0.003975407636794175 0.005849999999999999
4990 0.01418621932656449 0.003975407636794175 0.0065
4991 0.01418621932656449 0.003975407636794175 0.007149999999999999
4992 0.002251666049839543 0.0143 0.00065
4993 0.002251666049839543 0.0143 0.0013
4994 0.002251666049839543 0.0143 0.00195
4995 0.002251666049839543 0.0143 0.0026
4996 0.002251666049839543 0.0143 0.00325
4997 0.002251666049839543 0.0143 0.0039
4998 0.002251666049839543 0.0143 0.00455
4999 0.002251666049839543 0.0143 0.0052
5000 0.002251666049839543 0.0143 0.005849999999999999
5001 0.002251666049839543 0.0143 0.0065
5002 0.002251666049839543 0.0143 0.007149999999999999
5003 0.02010331454522723 0.002289473285635739 0.00065
5004 0.02010331454522723 0.002289473285635739 0.0013
5005 0.02010331454522723 0.002289473285635739 0.00195
5006 0.02010331454522723 0.002289473285635739 0.0026
5007 0.02010331454522723 0.002289473285635739 0.00325
5008 0.02010331454522723 0.002289473285635739 0.0039
5009 0.02010331454522723 0.002289473285635739 0.00455
5010 0.02010331454522723 0.002289473285635739 0.0052
5011 0.02010331454522723 0.002289473285635739 0.005849999999999999
5012 0.02010331454522723 0.002289473285635739 0.0065
5013 0.02010331454522723 0.002289473285635739 0.007149999999999999
5014 0.002267168932834336 0.02025042016250301 0.00065
5015 0.002267168932834336 0.02025042016250301 0.0013
5016 0.002267168932834336 0.02025042016250301 0.00195
5017 0.002267168932834336 0.02025042016250301 0.0026
5018 0.002267168932834336 0.02025042016250301 0.00325
5019 0.002267168932834336 0.02025042016250301 0.0039
5020 0.002267168932834336 0.02025042016250301 0.00455
5021 0.002267168932834336 0.02025042016250301 0.0052
5022 0.002267168932834336 0.02025042016250301 0.005849999999999999
5023 0.002267168932834336 0.02025042016250301 0.0065
5024 0.002267168932834336 0.02025042016250301 0.007149999999999999
5025 0.01838054629159567 0.005127250625195831 0.00065
5026 0.01838054629159567 0.005127250625195831 0.0013
5027 0.01838054629159567 0.005127250625195831 0.00195
5028 0.01838054629159567 0.005127250625195831 0.0026
5029 0.01838054629159567 0.005127250625195831 0.00325
5030 0.01838054629159567 0.005127250625195831 0.0039
5031 0.01838054629159567 0.005127250625195831 0.00455
5032 0.01838054629159567 0.005127250625195831 0.0052
5033 0.01838054629159567 0.005127250625195831 0.005849999999999999
5034 0.01838054629159567 0.005127250625195831 0.0065
5035 0.01838054629159567 0.005127250625195831 0.007149999999999999
5036 0.005188332836402654 0.01529348992296108 0.00065
5037 0.005188332836402654 0.01529348992296108 0.0013
5038 0.005188332836402654 0.01529348992296108 0.00195
5039 0.005188332836402654 0.01529348992296108 0.0026
5040 0.005188332836402654 0.01529348992296108 0.00325
5041 0.005188332836402654 0.01529348992296108 0.0039
5042 0.005188332836402654 0.01529348992296108 0.00455
5043 0.005188332836402654 0.01529348992296108 0.0052
5044 0.005188332836402654 0.01529348992296108 0.005849999999999999
5045 0.005188332836402654 0.01529348992296108 0.0065
5046 0.005188332836402654 0.01529348992296108 0.007149999999999999
5047 0.01906818144033694 0.01856529358705875 0.00065
5048 0.01906818144033694 0.01856529358705875 0.0013
5049 0.01906818144033694 0.01856529358705875 0.00195
5050 0.01906818144033694 0.01856529358705875 0.0026
5051 0.01906818144033694 0.01856529358705875 0.00325
5052 0.01906818144033694 0.01856529358705875 0.0039
5053 0.01906818144033694 0.01856529358705875 0.00455
5054 0.01906818144033694 0.01856529358705875 0.0052
5055 0.01906818144033694 0.01856529358705875 0.005849999999999999
5056 0.01906818144033694 0.01856529358705875 0.0065
5057 0.01906818144033694 0.01856529358705875 0.007149999999999999
5058 0.01232207621385922 0.002102158356715674 0.00065
5059 0.01232207621385922 0.002102158356715674 0.0013
5060 0.01232207621385922 0.002102158356715674 0.00195
5061 0.01232207621385922 0.002102158356715674 0.0026
5062 0.01232207621385922 0.002102158356715674 0.00325
5063 0.01232207621385922 0.002102158356715674 0.0039
5064 0.01232207621385922 0.002102158356715674 0.00455
5065 0.01232207621385922 0.002102158356715674 0.0052
5066 0.01232207621385922 0.002102158356715674 0.005849999999999999
5067 0.01232207621385922 0.002102158356715674 0.0065
5068 0.01232207621385922 0.002102158356715674 0.007149999999999999
5069 0.004818574504995954 0.018743756105394 0.00065
5070 0.004818574504995954 0.018743756105394 0.0013
5071 0.004818574504995954 0.018743756105394 0.00195
5072 0.004818574504995954 0.018743756105394 0.0026
5073 0.004818574504995954 0.018743756105394 0.00325
5074 0.004818574504995954 0.018743756105394 0.0039
5075 0.004818574504995954 0.018743756105394 0.00455
5076 0.004818574504995954 0.018743756105394 0.0052
5077 0.004818574504995954 0.018743756105394 0.005849999999999999
5078 0.004818574504995954 0.018743756105394 0.0065
5079 0.004818574504995954 0.018743756105394 0.007149999999999999
5080 0.01516675455016966 0.009705661745257155 0.00065
5081 0.01516675455016966 0.009705661745257155 0.0013
5082 0.01516675455016966 0.009705661745257155 0.00195
5083 0.01516675455016966 0.009705661745257155 0.0026
5084 0.01516675455016966 0.009705661745257155 0.00325
5085 0.01516675455016966 0.009705661745257155 0.0039
5086 0.01516675455016966 0.009705661745257155 0.00455
5087 0.01516675455016966 0.009705661745257155 0.0052
5088 0.01516675455016966 0.009705661745257155 0.005849999999999999
5089 0.01516675455016966 0.009705661745257155 0.0065
5090 0.01516675455016966 0.009705661745257155 0.007149999999999999
5091 0.001789477266895276 0.01205051953094665 0.00065
5092 0.001789477266895276 0.01205051953094665 0.0013
5093 0.001789477266895276 0.01205051953094665 0.00195
5094 0.001789477266895276 0.01205051953094665 0.0026
5095 0.001789477266895276 0.01205051953094665 0.00325
5096 0.001789477266895276 0.01205051953094665 0.0039
5097 0.001789477266895276 0.01205051953094665 0.00455
5098 0.001789477266895276 0.01205051953094665 0.0052
5099 0.001789477266895276 0.01205051953094665 0.005849999999999999
5100 0.001789477266895276 0.01205051953094665 0.0065
5101 0.001789477266895276 0.01205051953094665 0.007149999999999999
5102 0.014448687646832 0.00187907379192572 0.00065
5103 0.014448687646832 0.00187907379192572 0.0013
5104 0.014448687646832 0.00187907379192572 0.00195
5105 0.014448687646832 0.00187907379192572 0.0026
5106 0.014448687646832 0.00187907379192572 0.00325
5107 0.014448687646832 0.00187907379192572 0.0039
5108 0.014448687646832 0.00187907379192572 0.00455
5109 0.014448687646832 0.00187907379192572 0.0052
5110 0.014448687646832 0.00187907379192572 0.005849999999999999
5111 0.014448687646832 0.00187907379192572 0.0065
5112 0.014448687646832 0.00187907379192572 0.007149999999999999
5113 0.01402450892460813 0.01516192997813529 0.00065
5114 0.01402450892460813 0.01516192997813529 0.0013
5115 0.01402450892460813 0.01516192997813529 0.00195
5116 0.01402450892460813 0.01516192997813529 0.0026
5117 0.01402450892460813 0.01516192997813529 0.00325
5118 0.01402450892460813 0.01516192997813529 0.0039
5119 0.01402450892460813 0.01516192997813529 0.00455
5120 0.01402450892460813 0.01516192997813529 0.0052
5121 0.01402450892460813 0.01516192997813529 0.005849999999999999
5122 0.01402450892460813 0.01516192997813529 0.0065
5123 0.01402450892460813 0.01516192997813529 0.007149999999999999
5124 0.01603548029047484 0.006160036746463142 0.00065
5125 0.01603548029047484 0.006160036746463142 0.0013
5126 0.01603548029047484 0.006160036746463142 0.00195
5127 0.01603548029047484 0.006160036746463142 0.0026
5128 0.01603548029047484 0.006160036746463142 0.00325
5129 0.01603548029047484 0.006160036746463142 0.0039
5130 0.01603548029047484 0.006160036746463142 0.00455
5131 0.01603548029047484 0.006160036746463142 0.0052
5132 0.01603548029047484 0.006160036746463142 0.005849999999999999
5133 0.01603548029047484 0.006160036746463142 0.0065
5134 0.01603548029047484 0.006160036746463142 0.007149999999999999
5135 0.01134032109105273 0.01981484021033815 0.00065
5136 0.01134032109105273 0.01981484021033815 0.0013
5137 0.01134032109105273 0.01981484021033815 0.00195
5138 0.01134032109105273 0.01981484021033815 0.0026
5139 0.01134032109105273 0.01981484021033815 0.00325
5140 0.01134032109105273 0.01981484021033815 0.0039
5141 0.01134032109105273 0.01981484021033815 0.00455
5142 0.01134032109105273 0.01981484021033815 0.0052
5143 0.01134032109105273 0.01981484021033815 0.005849999999999999
5144 0.01134032109105273 0.01981484021033815 0.0065
5145 0.01134032109105273 0.01981484021033815 0.007149999999999999
5146 0.006413645877819464 0.01275816276989356 0.00065
5147 0.006413645877819464 0.01275816276989356 0.0013
5148 0.006413645877819464 0.01275816276989356 0.00195
5149 0.006413645877819464 0.01275816276989356 0.0026
5150 0.006413645877819464 0.01275816276989356 0.00325
5151 0.006413645877819464 0.01275816276989356 0.0039
5152 0.006413645877819464 0.01275816276989356 0.00455
5153 0.006413645877819464 0.01275816276989356 0.0052
5154 0.006413645877819464 0.01275816276989356 0.005849999999999999
5155 0.006413645877819464 0.01275816276989356 0.0065
5156 0.006413645877819464 0.01275816276989356 0.007149999999999999
5157 0.002263020811179488 0.0007693418672532369 0.008579999999999999
5158 0.002263020811179488 0.0007693418672532369 0.00936
5159 0.002263020811179488 0.0007693418672532369 0.01053
5160 0.002263020811179488 0.0007693418672532369 0.0117
5161 0.002263020811179488 0.0007693418672532369 0.01287
5162 0.002263020811179488 0.0007693418672532369 0.01404
5163 0.002263020811179488 0.0007693418672532369 0.0156
5164 0.002263020811179488 0.0007693418672532369 0.01716
5165 0.002263020811179488 0.0007693418672532369 0.01872
5166 0.002263020811179488 0.0007693418672532369 0.02028
5167 0.002263020811179488 0.0007693418672532369 0.02184
5168 0.002263020811381271 0.001468743563087715 0.008579999999999999
5169 0.002263020811381271 0.001468743563087715 0.00936
5170 0.002263020811381271 0.001468743563087715 0.01053
5171 0.002263020811381271 0.001468743563087715 0.0117
5172 0.002263020811381271 0.001468743563087715 0.01287
5173 0.002263020811381271 0.001468743563087715 0.01404
5174 0.002263020811381271 0.001468743563087715 0.0156
5175 0.002263020811381271 0.001468743563087715 0.01716
5176 0.002263020811381271 0.001468743563087715 0.01872
5177 0.002263020811381271 0.001468743563087715 0.02028
5178 0.002263020811381271 0.001468743563087715 0.02184
5179 0.00226302081156471 0.002104563287223097 0.008579999999999999
5180 0.00226302081156471 0.002104563287223097 0.00936
5181 0.00226302081156471 0.002104563287223097 0.01053
5182 0.00226302081156471 0.002104563287223097 0.0117
5183 0.00226302081156471 0.002104563287223097 0.01287
5184 0.00226302081156471 0.002104563287223097 0.01404
5185 0.00226302081156471 0.002104563287223097 0.0156
5186 0.00226302081156471 0.002104563287223097 0.01716
5187 0.00226302081156471 0.002104563287223097 0.01872
5188 0.00226302081156471 0.002104563287223097 0.02028
5189 0.00226302081156471 0.002104563287223097 0.02184
5190 0.002263020811731472 0.002682581220065492 0.008579999999999999
5191 0.002263020811731472 0.002682581220065492 0.00936
5192 0.002263020811731472 0.002682581220065492 0.01053
5193 0.002263020811731472 0.002682581220065492 0.0117
5194 0.002263020811731472 0.002682581220065492 0.01287
5195 0.002263020811731472 0.002682581220065492 0.01404
5196 0.002263020811731472 0.002682581220065492 0.0156
5197 0.002263020811731472 0.002682581220065492 0.01716
5198 0.002263020811731472 0.002682581220065492 0.01872
5199 0.002263020811731472 0.002682581220065492 0.02028
5200 0.002263020811731472 0.002682581220065492 0.02184
5201 0.002263020811883075 0.003208052066395316 0.008579999999999999
5202 0.002263020811883075 0.003208052066395316 0.00936
5203 0.002263020811883075 0.003208052066395316 0.01053
5204 0.002263020811883075 0.003208052066395316 0.0117
5205 0.002263020811883075 0.003208052066395316 0.01287
5206 0.002263020811883075 0.003208052066395316 0.01404
5207 0.002263020811883075 0.003208052066395316 0.0156
5208 0.002263020811883075 0.003208052066395316 0.01716
5209 0.002263020811883075 0.003208052066395316 0.01872
5210 0.002263020811883075 0.003208052066395316 0.02028
5211 0.002263020811883075 0.003208052066395316 0.02184
5212 0.002263020812020895 0.003685752835208509 0.008579999999999999
5213 0.002263020812020895 0.003685752835208509 0.00936
5214 0.002263020812020895 0.003685752835208509 0.01053
5215 0.002263020812020895 0.003685752835208509 0.0117
5216 0.002263020812020895 0.003685752835208509 0.01287
5217 0.002263020812020895 0.003685752835208509 0.01404
5218 0.002263020812020895 0.003685752835208509 0.0156
5219 0.002263020812020895 0.003685752835208509 0.01716
5220 0.002263020812020895 0.003685752835208509 0.01872
5221 0.002263020812020895 0.003685752835208509 0.02028
5222 0.002263020812020895 0.003685752835208509 0.02184
5223 0.002263020812146186 0.00412002626386571 0.008579999999999999
5224 0.002263020812146186 0.00412002626386571 0.00936
5225 0.002263020812146186 0.00412002626386571 0.01053
5226 0.002263020812146186 0.00412002626386571 0.0117
5227 0.002263020812146186 0.00412002626386571 0.01287
5228 0.002263020812146186 0.00412002626386571 0.01404
5229 0.002263020812146186 0.00412002626386571 0.0156
5230 0.002263020812146186 0.00412002626386571 0.01716
5231 0.002263020812146186 0.00412002626386571 0.01872
5232 0.002263020812146186 0.00412002626386571 0.02028
5233 0.002263020812146186 0.00412002626386571 0.02184
5234 0.002263020812260087 0.004514820289534645 0.008579999999999999
5235 0.002263020812260087 0.004514820289534645 0.00936
5236 0.002263020812260087 0.004514820289534645 0.01053
5237 0.002263020812260087 0.004514820289534645 0.0117
5238 0.002263020812260087 0.004514820289534645 0.01287
5239 0.002263020812260087 0.004514820289534645 0.01404
5240 0.002263020812260087 0.004514820289534645 0.0156
5241 0.002263020812260087 0.004514820289534645 0.01716
5242 0.002263020812260087 0.004514820289534645 0.01872
5243 0.002263020812260087 0.004514820289534645 0.02028
5244 0.002263020812260087 0.004514820289534645 0.02184
5245 0.002263020812363634 0.00487372394672034 0.008579999999999999
5246 0.002263020812363634 0.00487372394672034 0.00936
5247 0.002263020812363634 0.00487372394672034 0.01053
5248 0.002263020812363634 0.00487372394672034 0.0117
5249 0.002263020812363634 0.00487372394672034 0.01287
5250 0.002263020812363634 0.00487372394672034 0.01404
5251 0.002263020812363634 0.00487372394672034 0.0156
5252 0.002263020812363634 0.00487372394672034 0.01716
5253 0.002263020812363634 0.00487372394672034 0.01872
5254 0.002263020812363634 0.00487372394672034 0.02028
5255 0.002263020812363634 0.00487372394672034 0.02184
5256 0.00189234370420952 0.0007693418669468726 0.008579999999999999
5257 0.00189234370420952 0.0007693418669468726 0.00936
5258 0.00189234370420952 0.0007693418669468726 0.01053
5259 0.00189234370420952 0.0007693418669468726 0.0117
5260 0.00189234370420952 0.0007693418669468726 0.01287
5261 0.00189234370420952 0.0007693418669468726 0.01404
5262 0.00189234370420952 0.0007693418669468726 0.0156
5263 0.00189234370420952 0.0007693418669468726 0.01716
5264 0.00189234370420952 0.0007693418669468726 0.01872
5265 0.00189234370420952 0.0007693418669468726 0.02028
5266 0.00189234370420952 0.0007693418669468726 0.02184
5267 0.001892343704353192 0.00146874356296544 0.008579999999999999
5268 0.001892343704353192 0.00146874356296544 0.00936
5269 0.001892343704353192 0.00146874356296544 0.01053
5270 0.001892343704353192 0.00146874356296544 0.0117
5271 0.001892343704353192 0.00146874356296544 0.01287
5272 0.001892343704353192 0.00146874356296544 0.01404
5273 0.001892343704353192 0.00146874356296544 0.0156
5274 0.001892343704353192 0.00146874356296544 0.01716
5275 0.001892343704353192 0.00146874356296544 0.01872
5276 0.001892343704353192 0.00146874356296544 0.02028
5277 0.001892343704353192 0.00146874356296544 0.02184
5278 0.001892343704483804 0.002104563287253973 0.008579999999999999
5279 0.001892343704483804 0.002104563287253973 0.00936
5280 0.001892343704483804 0.002104563287253973 0.01053
5281 0.001892343704483804 0.002104563287253973 0.0117
5282 0.001892343704483804 0.002104563287253973 0.01287
5283 0.001892343704483804 0.002104563287253973 0.01404
5284 0.001892343704483804 0.002104563287253973 0.0156
5285 0.001892343704483804 0.002104563287253973 0.01716
5286 0.001892343704483804 0.002104563287253973 0.01872
5287 0.001892343704483804 0.002104563287253973 0.02028
5288 0.001892343704483804 0.002104563287253973 0.02184
5289 0.001892343704602541 0.002682581220222683 0.008579999999999999
5290 0.001892343704602541 0.002682581220222683 0.00936
5291 0.001892343704602541 0.002682581220222683 0.01053
5292 0.001892343704602541 0.002682581220222683 0.0117
5293 0.001892343704602541 0.002682581220222683 0.01287
5294 0.001892343704602541 0.002682581220222683 0.01404
5295 0.001892343704602541 0.002682581220222683 0.0156
5296 0.001892343704602541 0.002682581220222683 0.01716
5297 0.001892343704602541 0.002682581220222683 0.01872
5298 0.001892343704602541 0.002682581220222683 0.02028
5299 0.001892343704602541 0.002682581220222683 0.02184
5300 0.001892343704710484 0.003208052066655602 0.008579999999999999
5301 0.001892343704710484 0.003208052066655602 0.00936
5302 0.001892343704710484 0.003208052066655602 0.01053
5303 0.001892343704710484 0.003208052066655602 0.0117
5304 0.001892343704710484 0.003208052066655602 0.01287
5305 0.001892343704710484 0.003208052066655602 0.01404
5306 0.001892343704710484 0.003208052066655602 0.0156
5307 0.001892343704710484 0.003208052066655602 0.01716
5308 0.001892343704710484 0.003208052066655602 0.01872
5309 0.001892343704710484 0.003208052066655602 0.02028
5310 0.001892343704710484 0.003208052066655602 0.02184
5311 0.001892343704808614 0.003685752835551845 0.008579999999999999
5312 0.001892343704808614 0.003685752835551845 0.00936
5313 0.001892343704808614 0.003685752835551845 0.01053
5314 0.001892343704808614 0.003685752835551845 0.0117
5315 0.001892343704808614 0.003685752835551845 0.01287
5316 0.001892343704808614 0.003685752835551845 0.01404
5317 0.001892343704808614 0.003685752835551845 0.0156
5318 0.001892343704808614 0.003685752835551845 0.01716
5319 0.001892343704808614 0.003685752835551845 0.01872
5320 0.001892343704808614 0.003685752835551845 0.02028
5321 0.001892343704808614 0.003685752835551845 0.02184
5322 0.001892343704897823 0.004120026264274846 0.008579999999999999
5323 0.001892343704897823 0.004120026264274846 0.00936
5324 0.001892343704897823 0.004120026264274846 0.01053
5325 0.001892343704897823 0.004120026264274846 0.0117
5326 0.001892343704897823 0.004120026264274846 0.01287
5327 0.001892343704897823 0.004120026264274846 0.01404
5328 0.001892343704897823 0.004120026264274846 0.0156
5329 0.001892343704897823 0.004120026264274846 0.01716
5330 0.001892343704897823 0.004120026264274846 0.01872
5331 0.001892343704897823 0.004120026264274846 0.02028
5332 0.001892343704897823 0.004120026264274846 0.02184
5333 0.001892343704978922 0.004514820289994779 0.008579999999999999
5334 0.001892343704978922 0.004514820289994779 0.00936
5335 0.001892343704978922 0.004514820289994779 0.01053
5336 0.001892343704978922 0.004514820289994779 0.0117
5337 0.001892343704978922 0.004514820289994779 0.01287
5338 0.001892343704978922 0.004514820289994779 0.01404
5339 0.001892343704978922 0.004514820289994779 0.0156
5340 0.001892343704978922 0.004514820289994779 0.01716
5341 0.001892343704978922 0.004514820289994779 0.01872
5342 0.001892343704978922 0.004514820289994779 0.02028
5343 0.001892343704978922 0.004514820289994779 0.02184
5344 0.001892343705052649 0.00487372394721882 0.008579999999999999
5345 0.001892343705052649 0.00487372394721882 0.00936
5346 0.001892343705052649 0.00487372394721882 0.01053
5347 0.001892343705052649 0.00487372394721882 0.0117
5348 0.001892343705052649 0.00487372394721882 0.01287
5349 0.001892343705052649 0.00487372394721882 0.01404
5350 0.001892343705052649 0.00487372394721882 0.0156
5351 0.001892343705052649 0.00487372394721882 0.01716
5352 0.001892343705052649 0.00487372394721882 0.01872
5353 0.001892343705052649 0.00487372394721882 0.02028
5354 0.001892343705052649 0.00487372394721882 0.02184
5355 0.001484598885741536 0.0007693418666098722 0.008579999999999999
5356 0.001484598885741536 0.0007693418666098722 0.00936
5357 0.001484598885741536 0.0007693418666098722 0.01053
5358 0.001484598885741536 0.0007693418666098722 0.0117
5359 0.001484598885741536 0.0007693418666098722 0.01287
5360 0.001484598885741536 0.0007693418666098722 0.01404
5361 0.001484598885741536 0.0007693418666098722 0.0156
5362 0.001484598885741536 0.0007693418666098722 0.01716
5363 0.001484598885741536 0.0007693418666098722 0.01872
5364 0.001484598885741536 0.0007693418666098722 0.02028
5365 0.001484598885741536 0.0007693418666098722 0.02184
5366 0.001484598885813457 0.001468743562830937 0.008579999999999999
5367 0.001484598885813457 0.001468743562830937 0.00936
5368 0.001484598885813457 0.001468743562830937 0.01053
5369 0.001484598885813457 0.001468743562830937 0.0117
5370 0.001484598885813457 0.001468743562830937 0.01287
5371 0.001484598885813457 0.001468743562830937 0.01404
5372 0.001484598885813457 0.001468743562830937 0.0156
5373 0.001484598885813457 0.001468743562830937 0.01716
5374 0.001484598885813457 0.001468743562830937 0.01872
5375 0.001484598885813457 0.001468743562830937 0.02028
5376 0.001484598885813457 0.001468743562830937 0.02184
5377 0.001484598885878841 0.002104563287287936 0.008579999999999999
5378 0.001484598885878841 0.002104563287287936 0.00936
5379 0.001484598885878841 0.002104563287287936 0.01053
5380 0.001484598885878841 0.002104563287287936 0.0117
5381 0.001484598885878841 0.002104563287287936 0.01287
5382 0.001484598885878841 0.002104563287287936 0.01404
5383 0.001484598885878841 0.002104563287287936 0.0156
5384 0.001484598885878841 0.002104563287287936 0.01716
5385 0.001484598885878841 0.002104563287287936 0.01872
5386 0.001484598885878841 0.002104563287287936 0.02028
5387 0.001484598885878841 0.002104563287287936 0.02184
5388 0.00148459888593828 0.002682581220395593 0.008579999999999999
5389 0.00148459888593828 0.002682581220395593 0.00936
5390 0.00148459888593828 0.002682581220395593 0.01053
5391 0.00148459888593828 0.002682581220395593 0.0117
5392 0.00148459888593828 0.002682581220395593 0.01287
5393 0.00148459888593828 0.002682581220395593 0.01404
5394 0.00148459888593828 0.002682581220395593 0.0156
5395 0.00148459888593828 0.002682581220395593 0.01716
5396 0.00148459888593828 0.002682581220395593 0.01872
5397 0.00148459888593828 0.002682581220395593 0.02028
5398 0.00148459888593828 0.002682581220395593 0.02184
5399 0.001484598885992316 0.003208052066941916 0.008579999999999999
5400 0.001484598885992316 0.003208052066941916 0.00936
5401 0.001484598885992316 0.003208052066941916 0.01053
5402 0.001484598885992316 0.003208052066941916 0.0117
5403 0.001484598885992316 0.003208052066941916 0.01287
5404 0.001484598885992316 0.003208052066941916 0.01404
5405 0.001484598885992316 0.003208052066941916 0.0156
5406 0.001484598885992316 0.003208052066941916 0.01716
5407 0.001484598885992316 0.003208052066941916 0.01872
5408 0.001484598885992316 0.003208052066941916 0.02028
5409 0.001484598885992316 0.003208052066941916 0.02184
5410 0.001484598886041439 0.003685752835929515 0.008579999999999999
5411 0.001484598886041439 0.003685752835929515 0.00936
5412 0.001484598886041439 0.003685752835929515 0.01053
5413 0.001484598886041439 0.003685752835929515 0.0117
5414 0.001484598886041439 0.003685752835929515 0.01287
5415 0.001484598886041439 0.003685752835929515 0.01404
5416 0.001484598886041439 0.003685752835929515 0.0156
5417 0.001484598886041439 0.003685752835929515 0.01716
5418 0.001484598886041439 0.003685752835929515 0.01872
5419 0.001484598886041439 0.003685752835929515 0.02028
5420 0.001484598886041439 0.003685752835929515 0.02184
5421 0.001484598886086097 0.004120026264724895 0.008579999999999999
5422 0.001484598886086097 0.004120026264724895 0.00936
5423 0.001484598886086097 0.004120026264724895 0.01053
5424 0.001484598886086097 0.004120026264724895 0.0117
5425 0.001484598886086097 0.004120026264724895 0.01287
5426 0.001484598886086097 0.004120026264724895 0.01404
5427 0.001484598886086097 0.004120026264724895 0.0156
5428 0.001484598886086097 0.004120026264724895 0.01716
5429 0.001484598886086097 0.004120026264724895 0.01872
5430 0.001484598886086097 0.004120026264724895 0.02028
5431 0.001484598886086097 0.004120026264724895 0.02184
5432 0.001484598886126695 0.004514820290500926 0.008579999999999999
5433 0.001484598886126695 0.004514820290500926 0.00936
5434 0.001484598886126695 0.004514820290500926 0.01053
5435 0.001484598886126695 0.004514820290500926 0.0117
5436 0.001484598886126695 0.004514820290500926 0.01287
5437 0.001484598886126695 0.004514820290500926 0.01404
5438 0.001484598886126695 0.004514820290500926 0.0156
5439 0.001484598886126695 0.004514820290500926 0.01716
5440 0.001484598886126695 0.004514820290500926 0.01872
5441 0.001484598886126695 0.004514820290500926 0.02028
5442 0.001484598886126695 0.004514820290500926 0.02184
5443 0.001484598886163602 0.004873723947767147 0.008579999999999999
5444 0.001484598886163602 0.004873723947767147 0.00936
5445 0.001484598886163602 0.004873723947767147 0.01053
5446 0.001484598886163602 0.004873723947767147 0.0117
5447 0.001484598886163602 0.004873723947767147 0.01287
5448 0.001484598886163602 0.004873723947767147 0.01404
5449 0.001484598886163602 0.004873723947767147 0.0156
5450 0.001484598886163602 0.004873723947767147 0.01716
5451 0.001484598886163602 0.004873723947767147 0.01872
5452 0.001484598886163602 0.004873723947767147 0.02028
5453 0.001484598886163602 0.004873723947767147 0.02184
5454 0.001036079585209795 0.0007693418662391713 0.008579999999999999
5455 0.001036079585209795 0.0007693418662391713 0.00936
5456 0.001036079585209795 0.0007693418662391713 0.01053
5457 0.001036079585209795 0.0007693418662391713 0.0117
5458 0.001036079585209795 0.0007693418662391713 0.01287
5459 0.001036079585209795 0.0007693418662391713 0.01404
5460 0.001036079585209795 0.0007693418662391713 0.0156
5461 0.001036079585209795 0.0007693418662391713 0.01716
5462 0.001036079585209795 0.0007693418662391713 0.01872
5463 0.001036079585209795 0.0007693418662391713 0.02028
5464 0.001036079585209795 0.0007693418662391713 0.02184
5465 0.001036079585194179 0.001468743562682983 0.008579999999999999
5466 0.001036079585194179 0.001468743562682983 0.00936
5467 0.001036079585194179 0.001468743562682983 0.01053
5468 0.001036079585194179 0.001468743562682983 0.0117
5469 0.001036079585194179 0.001468743562682983 0.01287
5470 0.001036079585194179 0.001468743562682983 0.01404
5471 0.001036079585194179 0.001468743562682983 0.0156
5472 0.001036079585194179 0.001468743562682983 0.01716
5473 0.001036079585194179 0.001468743562682983 0.01872
5474 0.001036079585194179 0.001468743562682983 0.02028
5475 0.001036079585194179 0.001468743562682983 0.02184
5476 0.001036079585179983 0.002104563287325296 0.008579999999999999
5477 0.001036079585179983 0.002104563287325296 0.00936
5478 0.001036079585179983 0.002104563287325296 0.01053
5479 0.001036079585179983 0.002104563287325296 0.0117
5480 0.001036079585179983 0.002104563287325296 0.01287
5481 0.001036079585179983 0.002104563287325296 0.01404
5482 0.001036079585179983 0.002104563287325296 0.0156
5483 0.001036079585179983 0.002104563287325296 0.01716
5484 0.001036079585179983 0.002104563287325296 0.01872
5485 0.001036079585179983 0.002104563287325296 0.02028
5486 0.001036079585179983 0.002104563287325296 0.02184
5487 0.001036079585167078 0.002682581220585794 0.008579999999999999
5488 0.001036079585167078 0.002682581220585794 0.00936
5489 0.001036079585167078 0.002682581220585794 0.01053
5490 0.001036079585167078 0.002682581220585794 0.0117
5491 0.001036079585167078 0.002682581220585794 0.01287
5492 0.001036079585167078 0.002682581220585794 0.01404
5493 0.001036079585167078 0.002682581220585794 0.0156
5494 0.001036079585167078 0.002682581220585794 0.01716
5495 0.001036079585167078 0.002682581220585794 0.01872
5496 0.001036079585167078 0.002682581220585794 0.02028
5497 0.001036079585167078 0.002682581220585794 0.02184
5498 0.001036079585155345 0.003208052067256862 0.008579999999999999
5499 0.001036079585155345 0.003208052067256862 0.00936
5500 0.001036079585155345 0.003208052067256862 0.01053
5501 0.001036079585155345 0.003208052067256862 0.0117
5502 0.001036079585155345 0.003208052067256862 0.01287
5503 0.001036079585155345 0.003208052067256862 0.01404
5504 0.001036079585155345 0.003208052067256862 0.0156
5505 0.001036079585155345 0.003208052067256862 0.01716
5506 0.001036079585155345 0.003208052067256862 0.01872
5507 0.001036079585155345 0.003208052067256862 0.02028
5508 0.001036079585155345 0.003208052067256862 0.02184
5509 0.00103607958514468 0.003685752836344952 0.008579999999999999
5510 0.00103607958514468 0.003685752836344952 0.00936
5511 0.00103607958514468 0.003685752836344952 0.01053
5512 0.00103607958514468 0.003685752836344952 0.0117
5513 0.00103607958514468 0.003685752836344952 0.01287
5514 0.00103607958514468 0.003685752836344952 0.01404
5515 0.00103607958514468 0.003685752836344952 0.0156
5516 0.00103607958514468 0.003685752836344952 0.01716
5517 0.00103607958514468 0.003685752836344952 0.01872
5518 0.00103607958514468 0.003685752836344952 0.02028
5519 0.00103607958514468 0.003685752836344952 0.02184
5520 0.001036079585134984 0.004120026265219949 0.008579999999999999
5521 0.001036079585134984 0.004120026265219949 0.00936
5522 0.001036079585134984 0.004120026265219949 0.01053
5523 0.001036079585134984 0.004120026265219949 0.0117
5524 0.001036079585134984 0.004120026265219949 0.01287
5525 0.001036079585134984 0.004120026265219949 0.01404
5526 0.001036079585134984 0.004120026265219949 0.0156
5527 0.001036079585134984 0.004120026265219949 0.01716
5528 0.001036079585134984 0.004120026265219949 0.01872
5529 0.001036079585134984 0.004120026265219949 0.02028
5530 0.001036079585134984 0.004120026265219949 0.02184
5531 0.001036079585126169 0.004514820291057688 0.008579999999999999
5532 0.001036079585126169 0.004514820291057688 0.00936
5533 0.001036079585126169 0.004514820291057688 0.01053
5534 0.001036079585126169 0.004514820291057688 0.0117
5535 0.001036079585126169 0.004514820291057688 0.01287
5536 0.001036079585126169 0.004514820291057688 0.01404
5537 0.001036079585126169 0.004514820291057688 0.0156
5538 0.001036079585126169 0.004514820291057688 0.01716
5539 0.001036079585126169 0.004514820291057688 0.01872
5540 0.001036079585126169 0.004514820291057688 0.02028
5541 0.001036079585126169 0.004514820291057688 0.02184
5542 0.001036079585118156 0.004873723948370307 0.008579999999999999
5543 0.001036079585118156 0.004873723948370307 0.00936
5544 0.001036079585118156 0.004873723948370307 0.01053
5545 0.001036079585118156 0.004873723948370307 0.0117
5546 0.001036079585118156 0.004873723948370307 0.01287
5547 0.001036079585118156 0.004873723948370307 0.01404
5548 0.001036079585118156 0.004873723948370307 0.0156
5549 0.001036079585118156 0.004873723948370307 0.01716
5550 0.001036079585118156 0.004873723948370307 0.01872
5551 0.001036079585118156 0.004873723948370307 0.02028
5552 0.001036079585118156 0.004873723948370307 0.02184
5553 0.0005427083543308811 0.0007693418658314014 0.008579999999999999
5554 0.0005427083543308811 0.0007693418658314014 0.00936
5555 0.0005427083543308811 0.0007693418658314014 0.01053
5556 0.0005427083543308811 0.0007693418658314014 0.0117
5557 0.0005427083543308811 0.0007693418658314014 0.01287
5558 0.0005427083543308811 0.0007693418658314014 0.01404
5559 0.0005427083543308811 0.0007693418658314014 0.0156
5560 0.0005427083543308811 0.0007693418658314014 0.01716
5561 0.0005427083543308811 0.0007693418658314014 0.01872
5562 0.0005427083543308811 0.0007693418658314014 0.02028
5563 0.0005427083543308811 0.0007693418658314014 0.02184
5564 0.0005427083542095017 0.001468743562520234 0.008579999999999999
5565 0.0005427083542095017 0.001468743562520234 0.00936
5566 0.0005427083542095017 0.001468743562520234 0.01053
5567 0.0005427083542095017 0.001468743562520234 0.0117
5568 0.0005427083542095017 0.001468743562520234 0.01287
5569 0.0005427083542095017 0.001468743562520234 0.01404
5570 0.0005427083542095017 0.001468743562520234 0.0156
5571 0.0005427083542095017 0.001468743562520234 0.01716
5572 0.0005427083542095017 0.001468743562520234 0.01872
5573 0.0005427083542095017 0.001468743562520234 0.02028
5574 0.0005427083542095017 0.001468743562520234 0.02184
5575 0.0005427083540991568 0.002104563287366391 0.008579999999999999
5576 0.0005427083540991568 0.002104563287366391 0.00936
5577 0.0005427083540991568 0.002104563287366391 0.01053
5578 0.0005427083540991568 0.002104563287366391 0.0117
5579 0.0005427083540991568 0.002104563287366391 0.01287
5580 0.0005427083540991568 0.002104563287366391 0.01404
5581 0.0005427083540991568 0.002104563287366391 0.0156
5582 0.0005427083540991568 0.002104563287366391 0.01716
5583 0.0005427083540991568 0.002104563287366391 0.01872
5584 0.0005427083540991568 0.002104563287366391 0.02028
5585 0.0005427083540991568 0.002104563287366391 0.02184
5586 0.0005427083539988432 0.002682581220795016 0.008579999999999999
5587 0.0005427083539988432 0.002682581220795016 0.00936
5588 0.0005427083539988432 0.002682581220795016 0.01053
5589 0.0005427083539988432 0.002682581220795016 0.0117
5590 0.0005427083539988432 0.002682581220795016 0.01287
5591 0.0005427083539988432 0.002682581220795016 0.01404
5592 0.0005427083539988432 0.002682581220795016 0.0156
5593 0.0005427083539988432 0.002682581220795016 0.01716
5594 0.0005427083539988432 0.002682581220795016 0.01872
5595 0.0005427083539988432 0.002682581220795016 0.02028
5596 0.0005427083539988432 0.002682581220795016 0.02184
5597 0.0005427083539076491 0.003208052067603302 0.008579999999999999
5598 0.0005427083539076491 0.003208052067603302 0.00936
5599 0.0005427083539076491 0.003208052067603302 0.01053
5600 0.0005427083539076491 0.003208052067603302 0.0117
5601 0.0005427083539076491 0.003208052067603302 0.01287
5602 0.0005427083539076491 0.003208052067603302 0.01404
5603 0.0005427083539076491 0.003208052067603302 0.0156
5604 0.0005427083539076491 0.003208052067603302 0.01716
5605 0.0005427083539076491 0.003208052067603302 0.01872
5606 0.0005427083539076491 0.003208052067603302 0.02028
5607 0.0005427083539076491 0.003208052067603302 0.02184
5608 0.0005427083538247453 0.003685752836801933 0.008579999999999999
5609 0.0005427083538247453 0.003685752836801933 0.00936
5610 0.0005427083538247453 0.003685752836801933 0.01053
5611 0.0005427083538247453 0.003685752836801933 0.0117
5612 0.0005427083538247453 0.003685752836801933 0.01287
5613 0.0005427083538247453 0.003685752836801933 0.01404
5614 0.0005427083538247453 0.003685752836801933 0.0156
5615 0.0005427083538247453 0.003685752836801933 0.01716
5616 0.0005427083538247453 0.003685752836801933 0.01872
5617 0.0005427083538247453 0.003685752836801933 0.02028
5618 0.0005427083538247453 0.003685752836801933 0.02184
5619 0.0005427083537493779 0.00412002626576451 0.008579999999999999
5620 0.0005427083537493779 0.00412002626576451 0.00936
5621 0.0005427083537493779 0.00412002626576451 0.01053
5622 0.0005427083537493779 0.00412002626576451 0.0117
5623 0.0005427083537493779 0.00412002626576451 0.01287
5624 0.0005427083537493779 0.00412002626576451 0.01404
5625 0.0005427083537493779 0.00412002626576451 0.0156
5626 0.0005427083537493779 0.00412002626576451 0.01716
5627 0.0005427083537493779 0.00412002626576451 0.01872
5628 0.0005427083537493779 0.00412002626576451 0.02028
5629 0.0005427083537493779 0.00412002626576451 0.02184
5630 0.0005427083536808625 0.004514820291670127 0.008579999999999999
5631 0.0005427083536808625 0.004514820291670127 0.00936
5632 0.0005427083536808625 0.004514820291670127 0.01053
5633 0.0005427083536808625 0.004514820291670127 0.0117
5634 0.0005427083536808625 0.004514820291670127 0.01287
5635 0.0005427083536808625 0.004514820291670127 0.01404
5636 0.0005427083536808625 0.004514820291670127 0.0156
5637 0.0005427083536808625 0.004514820291670127 0.01716
5638 0.0005427083536808625 0.004514820291670127 0.01872
5639 0.0005427083536808625 0.004514820291670127 0.02028
5640 0.0005427083536808625 0.004514820291670127 0.02184
5641 0.0005427083536185758 0.004873723949033782 0.008579999999999999
5642 0.0005427083536185758 0.004873723949033782 0.00936
5643 0.0005427083536185758 0.004873723949033782 0.01053
5644 0.0005427083536185758 0.004873723949033782 0.0117
5645 0.0005427083536185758 0.004873723949033782 0.01287
5646 0.0005427083536185758 0.004873723949033782 0.01404
5647 0.0005427083536185758 0.004873723949033782 0.0156
5648 0.0005427083536185758 0.004873723949033782 0.01716
5649 0.0005427083536185758 0.004873723949033782 0.01872
5650 0.0005427083536185758 0.004873723949033782 0.02028
5651 0.0005427083536185758 0.004873723949033782 0.02184
5652 0.003166380961087624 0.002374372140718514 0.008579999999999999
5653 0.003166380961087624 0.002374372140718514 0.00936
5654 0.003166380961087624 0.002374372140718514 0.01053
5655 0.003166380961087624 0.002374372140718514 0.0117
5656 0.003166380961087624 0.002374372140718514 0.01287
5657 0.003166380961087624 0.002374372140718514 0.01404
5658 0.003166380961087624 0.002374372140718514 0.0156
5659 0.003166380961087624 0.002374372140718514 0.01716
5660 0.003166380961087624 0.002374372140718514 0.01872
5661 0.003166380961087624 0.002374372140718514 0.02028
5662 0.003166380961087624 0.002374372140718514 0.02184
5663 0.003035344416529517 0.003888866418619834 0.008579999999999999
5664 0.003035344416529517 0.003888866418619834 0.00936
5665 0.003035344416529517 0.003888866418619834 0.01053
5666 0.003035344416529517 0.003888866418619834 0.0117
5667 0.003035344416529517 0.003888866418619834 0.01287
5668 0.003035344416529517 0.003888866418619834 0.01404
5669 0.003035344416529517 0.003888866418619834 0.0156
5670 0.003035344416529517 0.003888866418619834 0.01716
5671 0.003035344416529517 0.003888866418619834 0.01872
5672 0.003035344416529517 0.003888866418619834 0.02028
5673 0.003035344416529517 0.003888866418619834 0.02184
5674 0.004970113501315402 0.0005341881195131864 0.008579999999999999
5675 0.004970113501315402 0.0005341881195131864 0.00936
5676 0.004970113501315402 0.0005341881195131864 0.01053
5677 0.004970113501315402 0.0005341881195131864 0.0117
5678 0.004970113501315402 0.0005341881195131864 0.01287
5679 0.004970113501315402 0.0005341881195131864 0.01404
5680 0.004970113501315402 0.0005341881195131864 0.0156
5681 0.004970113501315402 0.0005341881195131864 0.01716
5682 0.004970113501315402 0.0005341881195131864 0.01872
5683 0.004970113501315402 0.0005341881195131864 0.02028
5684 0.004970113501315402 0.0005341881195131864 0.02184
5685 0.002903248587653551 0.005023899044166591 0.008579999999999999
5686 0.002903248587653551 0.005023899044166591 0.00936
5687 0.002903248587653551 0.005023899044166591 0.01053
5688 0.002903248587653551 0.005023899044166591 0.0117
5689 0.002903248587653551 0.005023899044166591 0.01287
5690 0.002903248587653551 0.005023899044166591 0.01404
5691 0.002903248587653551 0.005023899044166591 0.0156
5692 0.002903248587653551 0.005023899044166591 0.01716
5693 0.002903248587653551 0.005023899044166591 0.01872
5694 0.002903248587653551 0.005023899044166591 0.02028
5695 0.002903248587653551 0.005023899044166591 0.02184
5696 0.0002664671019465522 0.006215949514268469 0.008579999999999999
5697 0.0002664671019465522 0.006215949514268469 0.00936
5698 0.0002664671019465522 0.006215949514268469 0.01053
5699 0.0002664671019465522 0.006215949514268469 0.0117
5700 0.0002664671019465522 0.006215949514268469 0.01287
5701 0.0002664671019465522 0.006215949514268469 0.01404
5702 0.0002664671019465522 0.006215949514268469 0.0156
5703 0.0002664671019465522 0.006215949514268469 0.01716
5704 0.0002664671019465522 0.006215949514268469 0.01872
5705 0.0002664671019465522 0.006215949514268469 0.02028
5706 0.0002664671019465522 0.006215949514268469 0.02184
5707 0.00609289929026611 0.00361262013685402 0.008579999999999999
5708 0.00609289929026611 0.00361262013685402 0.00936
5709 0.00609289929026611 0.00361262013685402 0.01053
5710 0.00609289929026611 0.00361262013685402 0.0117
5711 0.00609289929026611 0.00361262013685402 0.01287
5712 0.00609289929026611 0.00361262013685402 0.01404
5713 0.00609289929026611 0.00361262013685402 0.0156
5714 0.00609289929026611 0.00361262013685402 0.01716
5715 0.00609289929026611 0.00361262013685402 0.01872
5716 0.00609289929026611 0.00361262013685402 0.02028
5717 0.00609289929026611 0.00361262013685402 0.02184
5718 0.001251867860410828 0.005575814957655783 0.008579999999999999
5719 0.001251867860410828 0.005575814957655783 0.00936
5720 0.001251867860410828 0.005575814957655783 0.01053
5721 0.001251867860410828 0.005575814957655783 0.0117
5722 0.001251867860410828 0.005575814957655783 0.01287
5723 0.001251867860410828 0.005575814957655783 0.01404
5724 0.001251867860410828 0.005575814957655783 0.0156
5725 0.001251867860410828 0.005575814957655783 0.01716
5726 0.001251867860410828 0.005575814957655783 0.01872
5727 0.001251867860410828 0.005575814957655783 0.02028
5728 0.001251867860410828 0.005575814957655783 0.02184
5729 0.002085024157963013 0.005566847087314117 0.008579999999999999
5730 0.002085024157963013 0.005566847087314117 0.00936
5731 0.002085024157963013 0.005566847087314117 0.01053
5732 0.002085024157963013 0.005566847087314117 0.0117
5733 0.002085024157963013 0.005566847087314117 0.01287
5734 0.002085024157963013 0.005566847087314117 0.01404
5735 0.002085024157963013 0.005566847087314117 0.0156
5736 0.002085024157963013 0.005566847087314117 0.01716
5737 0.002085024157963013 0.005566847087314117 0.01872
5738 0.002085024157963013 0.005566847087314117 0.02028
5739 0.002085024157963013 0.005566847087314117 0.02184
5740 0.004803420614120725 0.005288844605647937 0.008579999999999999
5741 0.004803420614120725 0.005288844605647937 0.00936
5742 0.004803420614120725 0.005288844605647937 0.01053
5743 0.004803420614120725 0.005288844605647937 0.0117
5744 0.004803420614120725 0.005288844605647937 0.01287
5745 0.004803420614120725 0.005288844605647937 0.01404
5746 0.004803420614120725 0.005288844605647937 0.0156
5747 0.004803420614120725 0.005288844605647937 0.01716
5748 0.004803420614120725 0.005288844605647937 0.01872
5749 0.004803420614120725 0.005288844605647937 0.02028
5750 0.004803420614120725 0.005288844605647937 0.02184
5751 0.003790437901585972 0.0004402233115504183 0.008579999999999999
5752 0.003790437901585972 0.0004402233115504183 0.00936
5753 0.003790437901585972 0.0004402233115504183 0.01053
5754 0.003790437901585972 0.0004402233115504183 0.0117
5755 0.003790437901585972 0.0004402233115504183 0.01287
5756 0.003790437901585972 0.0004402233115504183 0.01404
5757 0.003790437901585972 0.0004402233115504183 0.0156
5758 0.003790437901585972 0.0004402233115504183 0.01716
5759 0.003790437901585972 0.0004402233115504183 0.01872
5760 0.003790437901585972 0.0004402233115504183 0.02028
5761 0.003790437901585972 0.0004402233115504183 0.02184
5762 0.006965180625398248 0.001753412537113996 0.008579999999999999
5763 0.006965180625398248 0.001753412537113996 0.00936
5764 0.006965180625398248 0.001753412537113996 0.01053
5765 0.006965180625398248 0.001753412537113996 0.0117
5766 0.006965180625398248 0.001753412537113996 0.01287
5767 0.006965180625398248 0.001753412537113996 0.01404
5768 0.006965180625398248 0.001753412537113996 0.0156
5769 0.006965180625398248 0.001753412537113996 0.01716
5770 0.006965180625398248 0.001753412537113996 0.01872
5771 0.006965180625398248 0.001753412537113996 0.02028
5772 0.006965180625398248 0.001753412537113996 0.02184
5773 0.002875479012740576 0.005397485633675427 0.008579999999999999
5774 0.002875479012740576 0.005397485633675427 0.00936
5775 0.002875479012740576 0.005397485633675427 0.01053
5776 0.002875479012740576 0.005397485633675427 0.0117
5777 0.002875479012740576 0.005397485633675427 0.01287
5778 0.002875479012740576 0.005397485633675427 0.01404
5779 0.002875479012740576 0.005397485633675427 0.0156
5780 0.002875479012740576 0.005397485633675427 0.01716
5781 0.002875479012740576 0.005397485633675427 0.01872
5782 0.002875479012740576 0.005397485633675427 0.02028
5783 0.002875479012740576 0.005397485633675427 0.02184
5784 0.003241655453643428 0.005200969504465384 0.008579999999999999
5785 0.003241655453643428 0.005200969504465384 0.00936
5786 0.003241655453643428 0.005200969504465384 0.01053
5787 0.003241655453643428 0.005200969504465384 0.0117
5788 0.003241655453643428 0.005200969504465384 0.01287
5789 0.003241655453643428 0.005200969504465384 0.01404
5790 0.003241655453643428 0.005200969504465384 0.0156
5791 0.003241655453643428 0.005200969504465384 0.01716
5792 0.003241655453643428 0.005200969504465384 0.01872
5793 0.003241655453643428 0.005200969504465384 0.02028
5794 0.003241655453643428 0.005200969504465384 0.02184
5795 0.0003183070349382644 0.006874730232073704 0.008579999999999999
5796 0.0003183070349382644 0.006874730232073704 0.00936
5797 0.0003183070349382644 0.006874730232073704 0.01053
5798 0.0003183070349382644 0.006874730232073704 0.0117
5799 0.0003183070349382644 0.006874730232073704 0.01287
5800 0.0003183070349382644 0.006874730232073704 0.01404
5801 0.0003183070349382644 0.006874730232073704 0.0156
5802 0.0003183070349382644 0.006874730232073704 0.01716
5803 0.0003183070349382644 0.006874730232073704 0.01872
5804 0.0003183070349382644 0.006874730232073704 0.02028
5805 0.0003183070349382644 0.006874730232073704 0.02184
5806 0.003204960564641446 0.004710690271828372 0.008579999999999999
5807 0.003204960564641446 0.004710690271828372 0.00936
5808 0.003204960564641446 0.004710690271828372 0.01053
5809 0.003204960564641446 0.004710690271828372 0.0117
5810 0.003204960564641446 0.004710690271828372 0.01287
5811 0.003204960564641446 0.004710690271828372 0.01404
5812 0.003204960564641446 0.004710690271828372 0.0156
5813 0.003204960564641446 0.004710690271828372 0.01716
5814 0.003204960564641446 0.004710690271828372 0.01872
5815 0.003204960564641446 0.004710690271828372 0.02028
5816 0.003204960564641446 0.004710690271828372 0.02184
5817 0.001609711563510491 0.00691602795283076 0.008579999999999999
5818 0.001609711563510491 0.00691602795283076 0.00936
5819 0.001609711563510491 0.00691602795283076 0.01053
5820 0.001609711563510491 0.00691602795283076 0.0117
5821 0.001609711563510491 0.00691602795283076 0.01287
5822 0.001609711563510491 0.00691602795283076 0.01404
5823 0.001609711563510491 0.00691602795283076 0.0156
5824 0.001609711563510491 0.00691602795283076 0.01716
5825 0.001609711563510491 0.00691602795283076 0.01872
5826 0.001609711563510491 0.00691602795283076 0.02028
5827 0.001609711563510491 0.00691602795283076 0.02184
5828 0.003258310467992274 0.005634222670219461 0.008579999999999999
5829 0.003258310467992274 0.005634222670219461 0.00936
5830 0.003258310467992274 0.005634222670219461 0.01053
5831 0.003258310467992274 0.005634222670219461 0.0117
5832 0.003258310467992274 0.005634222670219461 0.01287
5833 0.003258310467992274 0.005634222670219461 0.01404
5834 0.003258310467992274 0.005634222670219461 0.0156
5835 0.003258310467992274 0.005634222670219461 0.01716
5836 0.003258310467992274 0.005634222670219461 0.01872
5837 0.003258310467992274 0.005634222670219461 0.02028
5838 0.003258310467992274 0.005634222670219461 0.02184
5839 0.002819566679903969 0.005844653855237789 0.008579999999999999
5840 0.002819566679903969 0.005844653855237789 0.00936
5841 0.002819566679903969 0.005844653855237789 0.01053
5842 0.002819566679903969 0.005844653855237789 0.0117
5843 0.002819566679903969 0.005844653855237789 0.01287
5844 0.002819566679903969 0.005844653855237789 0.01404
5845 0.002819566679903969 0.005844653855237789 0.0156
5846 0.002819566679903969 0.005844653855237789 0.01716
5847 0.002819566679903969 0.005844653855237789 0.01872
5848 0.002819566679903969 0.005844653855237789 0.02028
5849 0.002819566679903969 0.005844653855237789 0.02184
5850 0.003623091253122501 0.004957908347715969 0.008579999999999999
5851 0.003623091253122501 0.004957908347715969 0.00936
5852 0.003623091253122501 0.004957908347715969 0.01053
5853 0.003623091253122501 0.004957908347715969 0.0117
5854 0.003623091253122501 0.004957908347715969 0.01287
5855 0.003623091253122501 0.004957908347715969 0.01404
5856 0.003623091253122501 0.004957908347715969 0.0156
5857 0.003623091253122501 0.004957908347715969 0.01716
5858 0.003623091253122501 0.004957908347715969 0.01872
5859 0.003623091253122501 0.004957908347715969 0.02028
5860 0.003623091253122501 0.004957908347715969 0.02184
5861 0.00360788856491378 0.004463750910204585 0.008579999999999999
5862 0.00360788856491378 0.004463750910204585 0.00936
5863 0.00360788856491378 0.004463750910204585 0.01053
5864 0.00360788856491378 0.004463750910204585 0.0117
5865 0.00360788856491378 0.004463750910204585 0.01287
5866 0.00360788856491378 0.004463750910204585 0.01404
5867 0.00360788856491378 0.004463750910204585 0.0156
5868 0.00360788856491378 0.004463750910204585 0.01716
5869 0.00360788856491378 0.004463750910204585 0.01872
5870 0.00360788856491378 0.004463750910204585 0.02028
5871 0.00360788856491378 0.004463750910204585 0.02184
5872 0.004042679317713752 0.004696197735018236 0.008579999999999999
5873 0.004042679317713752 0.004696197735018236 0.00936
5874 0.004042679317713752 0.004696197735018236 0.01053
5875 0.004042679317713752 0.004696197735018236 0.0117
5876 0.004042679317713752 0.004696197735018236 0.01287
5877 0.004042679317713752 0.004696197735018236 0.01404
5878 0.004042679317713752 0.004696197735018236 0.0156
5879 0.004042679317713752 0.004696197735018236 0.01716
5880 0.004042679317713752 0.004696197735018236 0.01872
5881 0.004042679317713752 0.004696197735018236 0.02028
5882 0.004042679317713752 0.004696197735018236 0.02184
5883 0.004003006506753546 0.004161160090782732 0.008579999999999999
5884 0.004003006506753546 0.004161160090782732 0.00936
5885 0.004003006506753546 0.004161160090782732 0.01053
5886 0.004003006506753546 0.004161160090782732 0.0117
5887 0.004003006506753546 0.004161160090782732 0.01287
5888 0.004003006506753546 0.004161160090782732 0.01404
5889 0.004003006506753546 0.004161160090782732 0.0156
5890 0.004003006506753546 0.004161160090782732 0.01716
5891 0.004003006506753546 0.004161160090782732 0.01872
5892 0.004003006506753546 0.004161160090782732 0.02028
5893 0.004003006506753546 0.004161160090782732 0.02184
5894 0.004510149588239825 0.004397781579495684 0.008579999999999999
5895 0.004510149588239825 0.004397781579495684 0.00936
5896 0.004510149588239825 0.004397781579495684 0.01053
5897 0.004510149588239825 0.004397781579495684 0.0117
5898 0.004510149588239825 0.004397781579495684 0.01287
5899 0.004510149588239825 0.004397781579495684 0.01404
5900 0.004510149588239825 0.004397781579495684 0.0156
5901 0.004510149588239825 0.004397781579495684 0.01716
5902 0.004510149588239825 0.004397781579495684 0.01872
5903 0.004510149588239825 0.004397781579495684 0.02028
5904 0.004510149588239825 0.004397781579495684 0.02184
5905 0.004466959736673399 0.003812263025881117 0.008579999999999999
5906 0.004466959736673399 0.003812263025881117 0.00936
5907 0.004466959736673399 0.003812263025881117 0.01053
5908 0.004466959736673399 0.003812263025881117 0.0117
5909 0.004466959736673399 0.003812263025881117 0.01287
5910 0.004466959736673399 0.003812263025881117 0.01404
5911 0.004466959736673399 0.003812263025881117 0.0156
5912 0.004466959736673399 0.003812263025881117 0.01716
5913 0.004466959736673399 0.003812263025881117 0.01872
5914 0.004466959736673399 0.003812263025881117 0.02028
5915 0.004466959736673399 0.003812263025881117 0.02184
5916 0.003920545938630445 0.00360132450083726 0.008579999999999999
5917 0.003920545938630445 0.00360132450083726 0.00936
5918 0.003920545938630445 0.00360132450083726 0.01053
5919 0.003920545938630445 0.00360132450083726 0.0117
5920 0.003920545938630445 0.00360132450083726 0.01287
5921 0.003920545938630445 0.00360132450083726 0.01404
5922 0.003920545938630445 0.00360132450083726 0.0156
5923 0.003920545938630445 0.00360132450083726 0.01716
5924 0.003920545938630445 0.00360132450083726 0.01872
5925 0.003920545938630445 0.00360132450083726 0.02028
5926 0.003920545938630445 0.00360132450083726 0.02184
5927 0.004385085813585087 0.003217233673461758 0.008579999999999999
5928 0.004385085813585087 0.003217233673461758 0.00936
5929 0.004385085813585087 0.003217233673461758 0.01053
5930 0.004385085813585087 0.003217233673461758 0.0117
5931 0.004385085813585087 0.003217233673461758 0.01287
5932 0.004385085813585087 0.003217233673461758 0.01404
5933 0.004385085813585087 0.003217233673461758 0.0156
5934 0.004385085813585087 0.003217233673461758 0.01716
5935 0.004385085813585087 0.003217233673461758 0.01872
5936 0.004385085813585087 0.003217233673461758 0.02028
5937 0.004385085813585087 0.003217233673461758 0.02184
5938 0.004959265459100702 0.003447402070039285 0.008579999999999999
5939 0.004959265459100702 0.003447402070039285 0.00936
5940 0.004959265459100702 0.003447402070039285 0.01053
5941 0.004959265459100702 0.003447402070039285 0.0117
5942 0.004959265459100702 0.003447402070039285 0.01287
5943 0.004959265459100702 0.003447402070039285 0.01404
5944 0.004959265459100702 0.003447402070039285 0.0156
5945 0.004959265459100702 0.003447402070039285 0.01716
5946 0.004959265459100702 0.003447402070039285 0.01872
5947 0.004959265459100702 0.003447402070039285 0.02028
5948 0.004959265459100702 0.003447402070039285 0.02184
5949 0.004882973600871882 0.00281961033124077 0.008579999999999999
5950 0.004882973600871882 0.00281961033124077 0.00936
5951 0.004882973600871882 0.00281961033124077 0.01053
5952 0.004882973600871882 0.00281961033124077 0.0117
5953 0.004882973600871882 0.00281961033124077 0.01287
5954 0.004882973600871882 0.00281961033124077 0.01404
5955 0.004882973600871882 0.00281961033124077 0.0156
5956 0.004882973600871882 0.00281961033124077 0.01716
5957 0.004882973600871882 0.00281961033124077 0.01872
5958 0.004882973600871882 0.00281961033124077 0.02028
5959 0.004882973600871882 0.00281961033124077 0.02184
5960 0.004292079360513364 0.002588467319055791 0.008579999999999999
5961 0.004292079360513364 0.002588467319055791 0.00936
5962 0.004292079360513364 0.002588467319055791 0.01053
5963 0.004292079360513364 0.002588467319055791 0.0117
5964 0.004292079360513364 0.002588467319055791 0.01287
5965 0.004292079360513364 0.002588467319055791 0.01404
5966 0.004292079360513364 0.002588467319055791 0.0156
5967 0.004292079360513364 0.002588467319055791 0.01716
5968 0.004292079360513364 0.002588467319055791 0.01872
5969 0.004292079360513364 0.002588467319055791 0.02028
5970 0.004292079360513364 0.002588467319055791 0.02184
5971 0.004791727651641921 0.002184782006128246 0.008579999999999999
5972 0.004791727651641921 0.002184782006128246 0.00936
5973 0.004791727651641921 0.002184782006128246 0.01053
5974 0.004791727651641921 0.002184782006128246 0.0117
5975 0.004791727651641921 0.002184782006128246 0.01287
5976 0.004791727651641921 0.002184782006128246 0.01404
5977 0.004791727651641921 0.002184782006128246 0.0156
5978 0.004791727651641921 0.002184782006128246 0.01716
5979 0.004791727651641921 0.002184782006128246 0.01872
5980 0.004791727651641921 0.002184782006128246 0.02028
5981 0.004791727651641921 0.002184782006128246 0.02184
5982 0.004143029322250929 0.001939140524620219 0.008579999999999999
5983 0.004143029322250929 0.001939140524620219 0.00936
5984 0.004143029322250929 0.001939140524620219 0.01053
5985 0.004143029322250929 0.001939140524620219 0.0117
5986 0.004143029322250929 0.001939140524620219 0.01287
5987 0.004143029322250929 0.001939140524620219 0.01404
5988 0.004143029322250929 0.001939140524620219 0.0156
5989 0.004143029322250929 0.001939140524620219 0.01716
5990 0.004143029322250929 0.001939140524620219 0.01872
5991 0.004143029322250929 0.001939140524620219 0.02028
5992 0.004143029322250929 0.001939140524620219 0.02184
5993 0.005399209405105655 0.002422426892759595 0.008579999999999999
5994 0.005399209405105655 0.002422426892759595 0.00936
5995 0.005399209405105655 0.002422426892759595 0.01053
5996 0.005399209405105655 0.002422426892759595 0.0117
5997 0.005399209405105655 0.002422426892759595 0.01287
5998 0.005399209405105655 0.002422426892759595 0.01404
5999 0.005399209405105655 0.002422426892759595 0.0156
6000 0.005399209405105655 0.002422426892759595 0.01716
6001 0.005399209405105655 0.002422426892759595 0.01872
6002 0.005399209405105655 0.002422426892759595 0.02028
6003 0.005399209405105655 0.002422426892759595 0.02184
6004 0.005300850846340183 0.001776747427387737 0.008579999999999999
6005 0.005300850846340183 0.001776747427387737 0.00936
6006 0.005300850846340183 0.001776747427387737 0.01053
6007 0.005300850846340183 0.001776747427387737 0.0117
6008 0.005300850846340183 0.001776747427387737 0.01287
6009 0.005300850846340183 0.001776747427387737 0.01404
6010 0.005300850846340183 0.001776747427387737 0.0156
6011 0.005300850846340183 0.001776747427387737 0.01716
6012 0.005300850846340183 0.001776747427387737 0.01872
6013 0.005300850846340183 0.001776747427387737 0.02028
6014 0.005300850846340183 0.001776747427387737 0.02184
6015 0.003104186896751491 0.00116201990488485 0.008579999999999999
6016 0.003104186896751491 0.00116201990488485 0.00936
6017 0.003104186896751491 0.00116201990488485 0.01053
6018 0.003104186896751491 0.00116201990488485 0.0117
6019 0.003104186896751491 0.00116201990488485 0.01287
6020 0.003104186896751491 0.00116201990488485 0.01404
6021 0.003104186896751491 0.00116201990488485 0.0156
6022 0.003104186896751491 0.00116201990488485 0.01716
6023 0.003104186896751491 0.00116201990488485 0.01872
6024 0.003104186896751491 0.00116201990488485 0.02028
6025 0.003104186896751491 0.00116201990488485 0.02184
6026 0.006462273205163037 0.0006781568684874765 0.008579999999999999
6027 0.006462273205163037 0.0006781568684874765 0.00936
6028 0.006462273205163037 0.0006781568684874765 0.01053
6029 0.006462273205163037 0.0006781568684874765 0.0117
6030 0.006462273205163037 0.0006781568684874765 0.01287
6031 0.006462273205163037 0.0006781568684874765 0.01404
6032 0.006462273205163037 0.0006781568684874765 0.0156
6033 0.006462273205163037 0.0006781568684874765 0.01716
6034 0.006462273205163037 0.0006781568684874765 0.01872
6035 0.006462273205163037 0.0006781568684874765 0.02028
6036 0.006462273205163037 0.0006781568684874765 0.02184
6037 0.0002164046095859211 0.005528094050716744 0.008579999999999999
6038 0.0002164046095859211 0.005528094050716744 0.00936
6039 0.0002164046095859211 0.005528094050716744 0.01053
6040 0.0002164046095859211 0.005528094050716744 0.0117
6041 0.0002164046095859211 0.005528094050716744 0.01287
6042 0.0002164046095859211 0.005528094050716744 0.01404
6043 0.0002164046095859211 0.005528094050716744 0.0156
6044 0.0002164046095859211 0.005528094050716744 0.01716
6045 0.0002164046095859211 0.005528094050716744 0.01872
6046 0.0002164046095859211 0.005528094050716744 0.02028
6047 0.0002164046095859211 0.005528094050716744 0.02184
6048 0.005907619096873782 0.001921576227796148 0.008579999999999999
6049 0.005907619096873782 0.001921576227796148 0.00936
6050 0.005907619096873782 0.001921576227796148 0.01053
6051 0.005907619096873782 0.001921576227796148 0.0117
6052 0.005907619096873782 0.001921576227796148 0.01287
6053 0.005907619096873782 0.001921576227796148 0.01404
6054 0.005907619096873782 0.001921576227796148 0.0156
6055 0.005907619096873782 0.001921576227796148 0.01716
6056 0.005907619096873782 0.001921576227796148 0.01872
6057 0.005907619096873782 0.001921576227796148 0.02028
6058 0.005907619096873782 0.001921576227796148 0.02184
6059 0.006068680875538469 0.002662746013989574 0.008579999999999999
6060 0.006068680875538469 0.002662746013989574 0.00936
6061 0.006068680875538469 0.002662746013989574 0.01053
6062 0.006068680875538469 0.002662746013989574 0.0117
6063 0.006068680875538469 0.002662746013989574 0.01287
6064 0.006068680875538469 0.002662746013989574 0.01404
6065 0.006068680875538469 0.002662746013989574 0.0156
6066 0.006068680875538469 0.002662746013989574 0.01716
6067 0.006068680875538469 0.002662746013989574 0.01872
6068 0.006068680875538469 0.002662746013989574 0.02028
6069 0.006068680875538469 0.002662746013989574 0.02184
6070 0.005824926433014001 0.001233863104143178 0.008579999999999999
6071 0.005824926433014001 0.001233863104143178 0.00936
6072 0.005824926433014001 0.001233863104143178 0.01053
6073 0.005824926433014001 0.001233863104143178 0.0117
6074 0.005824926433014001 0.001233863104143178 0.01287
6075 0.005824926433014001 0.001233863104143178 0.01404
6076 0.005824926433014001 0.001233863104143178 0.0156
6077 0.005824926433014001 0.001233863104143178 0.01716
6078 0.005824926433014001 0.001233863104143178 0.01872
6079 0.005824926433014001 0.001233863104143178 0.02028
6080 0.005824926433014001 0.001233863104143178 0.02184
6081 0.003248990273127347 0.006117990566131605 0.008579999999999999
6082 0.003248990273127347 0.006117990566131605 0.00936
6083 0.003248990273127347 0.006117990566131605 0.01053
6084 0.003248990273127347 0.006117990566131605 0.0117
6085 0.003248990273127347 0.006117990566131605 0.01287
6086 0.003248990273127347 0.006117990566131605 0.01404
6087 0.003248990273127347 0.006117990566131605 0.0156
6088 0.003248990273127347 0.006117990566131605 0.01716
6089 0.003248990273127347 0.006117990566131605 0.01872
6090 0.003248990273127347 0.006117990566131605 0.02028
6091 0.003248990273127347 0.006117990566131605 0.02184
6092 0.00380170974838098 0.005856485482833812 0.008579999999999999
6093 0.00380170974838098 0.005856485482833812 0.00936
6094 0.00380170974838098 0.005856485482833812 0.01053
6095 0.00380170974838098 0.005856485482833812 0.0117
6096 0.00380170974838098 0.005856485482833812 0.01287
6097 0.00380170974838098 0.005856485482833812 0.01404
6098 0.00380170974838098 0.005856485482833812 0.0156
6099 0.00380170974838098 0.005856485482833812 0.01716
6100 0.00380170974838098 0.005856485482833812 0.01872
6101 0.00380170974838098 0.005856485482833812 0.02028
6102 0.00380170974838098 0.005856485482833812 0.02184
6103 0.002758246871126535 0.006345174120281997 0.008579999999999999
6104 0.002758246871126535 0.006345174120281997 0.00936
6105 0.002758246871126535 0.006345174120281997 0.01053
6106 0.002758246871126535 0.006345174120281997 0.0117
6107 0.002758246871126535 0.006345174120281997 0.01287
6108 0.002758246871126535 0.006345174120281997 0.01404
6109 0.002758246871126535 0.006345174120281997 0.0156
6110 0.002758246871126535 0.006345174120281997 0.01716
6111 0.002758246871126535 0.006345174120281997 0.01872
6112 0.002758246871126535 0.006345174120281997 0.02028
6113 0.002758246871126535 0.006345174120281997 0.02184
6114 0.002307766187819113 0.006025802070470428 0.008579999999999999
6115 0.002307766187819113 0.006025802070470428 0.00936
6116 0.002307766187819113 0.006025802070470428 0.01053
6117 0.002307766187819113 0.006025802070470428 0.0117
6118 0.002307766187819113 0.006025802070470428 0.01287
6119 0.002307766187819113 0.006025802070470428 0.01404
6120 0.002307766187819113 0.006025802070470428 0.0156
6121 0.002307766187819113 0.006025802070470428 0.01716
6122 0.002307766187819113 0.006025802070470428 0.01872
6123 0.002307766187819113 0.006025802070470428 0.02028
6124 0.002307766187819113 0.006025802070470428 0.02184
6125 0.004103712701890624 0.005271239169141653 0.008579999999999999
6126 0.004103712701890624 0.005271239169141653 0.00936
6127 0.004103712701890624 0.005271239169141653 0.01053
6128 0.004103712701890624 0.005271239169141653 0.0117
6129 0.004103712701890624 0.005271239169141653 0.01287
6130 0.004103712701890624 0.005271239169141653 0.01404
6131 0.004103712701890624 0.005271239169141653 0.0156
6132 0.004103712701890624 0.005271239169141653 0.01716
6133 0.004103712701890624 0.005271239169141653 0.01872
6134 0.004103712701890624 0.005271239169141653 0.02028
6135 0.004103712701890624 0.005271239169141653 0.02184
6136 0.003539350377416455 0.003967205409725385 0.008579999999999999
6137 0.003539350377416455 0.003967205409725385 0.00936
6138 0.003539350377416455 0.003967205409725385 0.01053
6139 0.003539350377416455 0.003967205409725385 0.0117
6140 0.003539350377416455 0.003967205409725385 0.01287
6141 0.003539350377416455 0.003967205409725385 0.01404
6142 0.003539350377416455 0.003967205409725385 0.0156
6143 0.003539350377416455 0.003967205409725385 0.01716
6144 0.003539350377416455 0.003967205409725385 0.01872
6145 0.003539350377416455 0.003967205409725385 0.02028
6146 0.003539350377416455 0.003967205409725385 0.02184
6147 0.00338655986130759 0.003379905515307751 0.008579999999999999
6148 0.00338655986130759 0.003379905515307751 0.00936
6149 0.00338655986130759 0.003379905515307751 0.01053
6150 0.00338655986130759 0.003379905515307751 0.0117
6151 0.00338655986130759 0.003379905515307751 0.01287
6152 0.00338655986130759 0.003379905515307751 0.01404
6153 0.00338655986130759 0.003379905515307751 0.0156
6154 0.00338655986130759 0.003379905515307751 0.01716
6155 0.00338655986130759 0.003379905515307751 0.01872
6156 0.00338655986130759 0.003379905515307751 0.02028
6157 0.00338655986130759 0.003379905515307751 0.02184
6158 0.003852755046596401 0.002997445798244484 0.008579999999999999
6159 0.003852755046596401 0.002997445798244484 0.00936
6160 0.003852755046596401 0.002997445798244484 0.01053
6161 0.003852755046596401 0.002997445798244484 0.0117
6162 0.003852755046596401 0.002997445798244484 0.01287
6163 0.003852755046596401 0.002997445798244484 0.01404
6164 0.003852755046596401 0.002997445798244484 0.0156
6165 0.003852755046596401 0.002997445798244484 0.01716
6166 0.003852755046596401 0.002997445798244484 0.01872
6167 0.003852755046596401 0.002997445798244484 0.02028
6168 0.003852755046596401 0.002997445798244484 0.02184
6169 0.003133108678770693 0.001748201294576903 0.008579999999999999
6170 0.003133108678770693 0.001748201294576903 0.00936
6171 0.003133108678770693 0.001748201294576903 0.01053
6172 0.003133108678770693 0.001748201294576903 0.0117
6173 0.003133108678770693 0.001748201294576903 0.01287
6174 0.003133108678770693 0.001748201294576903 0.01404
6175 0.003133108678770693 0.001748201294576903 0.0156
6176 0.003133108678770693 0.001748201294576903 0.01716
6177 0.003133108678770693 0.001748201294576903 0.01872
6178 0.003133108678770693 0.001748201294576903 0.02028
6179 0.003133108678770693 0.001748201294576903 0.02184
6180 0.003698837748825131 0.001445421002888653 0.008579999999999999
6181 0.003698837748825131 0.001445421002888653 0.00936
6182 0.003698837748825131 0.001445421002888653 0.01053
6183 0.003698837748825131 0.001445421002888653 0.0117
6184 0.003698837748825131 0.001445421002888653 0.01287
6185 0.003698837748825131 0.001445421002888653 0.01404
6186 0.003698837748825131 0.001445421002888653 0.0156
6187 0.003698837748825131 0.001445421002888653 0.01716
6188 0.003698837748825131 0.001445421002888653 0.01872
6189 0.003698837748825131 0.001445421002888653 0.02028
6190 0.003698837748825131 0.001445421002888653 0.02184
6191 0.003023711929400094 0.002977730861869201 0.008579999999999999
6192 0.003023711929400094 0.002977730861869201 0.00936
6193 0.003023711929400094 0.002977730861869201 0.01053
6194 0.003023711929400094 0.002977730861869201 0.0117
6195 0.003023711929400094 0.002977730861869201 0.01287
6196 0.003023711929400094 0.002977730861869201 0.01404
6197 0.003023711929400094 0.002977730861869201 0.0156
6198 0.003023711929400094 0.002977730861869201 0.01716
6199 0.003023711929400094 0.002977730861869201 0.01872
6200 0.003023711929400094 0.002977730861869201 0.02028
6201 0.003023711929400094 0.002977730861869201 0.02184
6202 0.0008110213947959345 0.005583340085476652 0.008579999999999999
6203 0.0008110213947959345 0.005583340085476652 0.00936
6204 0.0008110213947959345 0.005583340085476652 0.01053
6205 0.0008110213947959345 0.005583340085476652 0.0117
6206 0.0008110213947959345 0.005583340085476652 0.01287
6207 0.0008110213947959345 0.005583340085476652 0.01404
6208 0.0008110213947959345 0.005583340085476652 0.0156
6209 0.0008110213947959345 0.005583340085476652 0.01716
6210 0.0008110213947959345 0.005583340085476652 0.01872
6211 0.0008110213947959345 0.005583340085476652 0.02028
6212 0.0008110213947959345 0.005583340085476652 0.02184
6213 0.0009540805551038812 0.005981804508046169 0.008579999999999999
6214 0.0009540805551038812 0.005981804508046169 0.00936
6215 0.0009540805551038812 0.005981804508046169 0.01053
6216 0.0009540805551038812 0.005981804508046169 0.0117
6217 0.0009540805551038812 0.005981804508046169 0.01287
6218 0.0009540805551038812 0.005981804508046169 0.01404
6219 0.0009540805551038812 0.005981804508046169 0.0156
6220 0.0009540805551038812 0.005981804508046169 0.01716
6221 0.0009540805551038812 0.005981804508046169 0.01872
6222 0.0009540805551038812 0.005981804508046169 0.02028
6223 0.0009540805551038812 0.005981804508046169 0.02184
6224 0.001469546197829478 0.005947795164470884 0.008579999999999999
6225 0.001469546197829478 0.005947795164470884 0.00936
6226 0.001469546197829478 0.005947795164470884 0.01053
6227 0.001469546197829478 0.005947795164470884 0.0117
6228 0.001469546197829478 0.005947795164470884 0.01287
6229 0.001469546197829478 0.005947795164470884 0.01404
6230 0.001469546197829478 0.005947795164470884 0.0156
6231 0.001469546197829478 0.005947795164470884 0.01716
6232 0.001469546197829478 0.005947795164470884 0.01872
6233 0.001469546197829478 0.005947795164470884 0.02028
6234 0.001469546197829478 0.005947795164470884 0.02184
6235 0.00126654091288902 0.006335128577331249 0.008579999999999999
6236 0.00126654091288902 0.006335128577331249 0.00936
6237 0.00126654091288902 0.006335128577331249 0.01053
6238 0.00126654091288902 0.006335128577331249 0.0117
6239 0.00126654091288902 0.006335128577331249 0.01287
6240 0.00126654091288902 0.006335128577331249 0.01404
6241 0.00126654091288902 0.006335128577331249 0.0156
6242 0.00126654091288902 0.006335128577331249 0.01716
6243 0.00126654091288902 0.006335128577331249 0.01872
6244 0.00126654091288902 0.006335128577331249 0.02028
6245 0.00126654091288902 0.006335128577331249 0.02184
6246 0.0008868730037961377 0.00638866437202781 0.008579999999999999
6247 0.0008868730037961377 0.00638866437202781 0.00936
6248 0.0008868730037961377 0.00638866437202781 0.01053
6249 0.0008868730037961377 0.00638866437202781 0.0117
6250 0.0008868730037961377 0.00638866437202781 0.01287
6251 0.0008868730037961377 0.00638866437202781 0.01404
6252 0.0008868730037961377 0.00638866437202781 0.0156
6253 0.0008868730037961377 0.00638866437202781 0.01716
6254 0.0008868730037961377 0.00638866437202781 0.01872
6255 0.0008868730037961377 0.00638866437202781 0.02028
6256 0.0008868730037961377 0.00638866437202781 0.02184
6257 0.001043308708426778 0.006770181521766409 0.008579999999999999
6258 0.001043308708426778 0.006770181521766409 0.00936
6259 0.001043308708426778 0.006770181521766409 0.01053
6260 0.001043308708426778 0.006770181521766409 0.0117
6261 0.001043308708426778 0.006770181521766409 0.01287
6262 0.001043308708426778 0.006770181521766409 0.01404
6263 0.001043308708426778 0.006770181521766409 0.0156
6264 0.001043308708426778 0.006770181521766409 0.01716
6265 0.001043308708426778 0.006770181521766409 0.01872
6266 0.001043308708426778 0.006770181521766409 0.02028
6267 0.001043308708426778 0.006770181521766409 0.02184
6268 0.0005224588750237309 0.005904518008098417 0.008579999999999999
6269 0.0005224588750237309 0.005904518008098417 0.00936
6270 0.0005224588750237309 0.005904518008098417 0.01053
6271 0.0005224588750237309 0.005904518008098417 0.0117
6272 0.0005224588750237309 0.005904518008098417 0.01287
6273 0.0005224588750237309 0.005904518008098417 0.01404
6274 0.0005224588750237309 0.005904518008098417 0.0156
6275 0.0005224588750237309 0.005904518008098417 0.01716
6276 0.0005224588750237309 0.005904518008098417 0.01872
6277 0.0005224588750237309 0.005904518008098417 0.02028
6278 0.0005224588750237309 0.005904518008098417 0.02184
6279 0.003753318080332735 0.00243468090496577 0.008579999999999999
6280 0.003753318080332735 0.00243468090496577 0.00936
6281 0.003753318080332735 0.00243468090496577 0.01053
6282 0.003753318080332735 0.00243468090496577 0.0117
6283 0.003753318080332735 0.00243468090496577 0.01287
6284 0.003753318080332735 0.00243468090496577 0.01404
6285 0.003753318080332735 0.00243468090496577 0.0156
6286 0.003753318080332735 0.00243468090496577 0.01716
6287 0.003753318080332735 0.00243468090496577 0.01872
6288 0.003753318080332735 0.00243468090496577 0.02028
6289 0.003753318080332735 0.00243468090496577 0.02184
6290 0.005648174857186172 0.0005709143317487947 0.008579999999999999
6291 0.005648174857186172 0.0005709143317487947 0.00936
6292 0.005648174857186172 0.0005709143317487947 0.01053
6293 0.005648174857186172 0.0005709143317487947 0.0117
6294 0.005648174857186172 0.0005709143317487947 0.01287
6295 0.005648174857186172 0.0005709143317487947 0.01404
6296 0.005648174857186172 0.0005709143317487947 0.0156
6297 0.005648174857186172 0.0005709143317487947 0.01716
6298 0.005648174857186172 0.0005709143317487947 0.01872
6299 0.005648174857186172 0.0005709143317487947 0.02028
6300 0.005648174857186172 0.0005709143317487947 0.02184
6301 0.003287312361534269 0.0003959040346067934 0.008579999999999999
6302 0.003287312361534269 0.0003959040346067934 0.00936
6303 0.003287312361534269 0.0003959040346067934 0.01053
6304 0.003287312361534269 0.0003959040346067934 0.0117
6305 0.003287312361534269 0.0003959040346067934 0.01287
6306 0.003287312361534269 0.0003959040346067934 0.01404
6307 0.003287312361534269 0.0003959040346067934 0.0156
6308 0.003287312361534269 0.0003959040346067934 0.01716
6309 0.003287312361534269 0.0003959040346067934 0.01872
6310 0.003287312361534269 0.0003959040346067934 0.02028
6311 0.003287312361534269 0.0003959040346067934 0.02184
6312 0.002936102128271446 0.004366063606219319 0.008579999999999999
6313 0.002936102128271446 0.004366063606219319 0.00936
6314 0.002936102128271446 0.004366063606219319 0.01053
6315 0.002936102128271446 0.004366063606219319 0.0117
6316 0.002936102128271446 0.004366063606219319 0.01287
6317 0.002936102128271446 0.004366063606219319 0.01404
6318 0.002936102128271446 0.004366063606219319 0.0156
6319 0.002936102128271446 0.004366063606219319 0.01716
6320 0.002936102128271446 0.004366063606219319 0.01872
6321 0.002936102128271446 0.004366063606219319 0.02028
6322 0.002936102128271446 0.004366063606219319 0.02184
6323 0.001684823413588003 0.005562545008272969 0.008579999999999999
6324 0.001684823413588003 0.005562545008272969 0.00936
6325 0.001684823413588003 0.005562545008272969 0.01053
6326 0.001684823413588003 0.005562545008272969 0.0117
6327 0.001684823413588003 0.005562545008272969 0.01287
6328 0.001684823413588003 0.005562545008272969 0.01404
6329 0.001684823413588003 0.005562545008272969 0.0156
6330 0.001684823413588003 0.005562545008272969 0.01716
6331 0.001684823413588003 0.005562545008272969 0.01872
6332 0.001684823413588003 0.005562545008272969 0.02028
6333 0.001684823413588003 0.005562545008272969 0.02184
6334 0.002491809475147406 0.005539131441116294 0.008579999999999999
6335 0.002491809475147406 0.005539131441116294 0.00936
6336 0.002491809475147406 0.005539131441116294 0.01053
6337 0.002491809475147406 0.005539131441116294 0.0117
6338 0.002491809475147406 0.005539131441116294 0.01287
6339 0.002491809475147406 0.005539131441116294 0.01404
6340 0.002491809475147406 0.005539131441116294 0.0156
6341 0.002491809475147406 0.005539131441116294 0.01716
6342 0.002491809475147406 0.005539131441116294 0.01872
6343 0.002491809475147406 0.005539131441116294 0.02028
6344 0.002491809475147406 0.005539131441116294 0.02184
6345 0.004704874829760134 0.001579396866011207 0.008579999999999999
6346 0.004704874829760134 0.001579396866011207 0.00936
6347 0.004704874829760134 0.001579396866011207 0.01053
6348 0.004704874829760134 0.001579396866011207 0.0117
6349 0.004704874829760134 0.001579396866011207 0.01287
6350 0.004704874829760134 0.001579396866011207 0.01404
6351 0.004704874829760134 0.001579396866011207 0.0156
6352 0.004704874829760134 0.001579396866011207 0.01716
6353 0.004704874829760134 0.001579396866011207 0.01872
6354 0.004704874829760134 0.001579396866011207 0.02028
6355 0.004704874829760134 0.001579396866011207 0.02184
6356 0.0043476269680073 0.0004803309005427261 0.008579999999999999
6357 0.0043476269680073 0.0004803309005427261 0.00936
6358 0.0043476269680073 0.0004803309005427261 0.01053
6359 0.0043476269680073 0.0004803309005427261 0.0117
6360 0.0043476269680073 0.0004803309005427261 0.01287
6361 0.0043476269680073 0.0004803309005427261 0.01404
6362 0.0043476269680073 0.0004803309005427261 0.0156
6363 0.0043476269680073 0.0004803309005427261 0.01716
6364 0.0043476269680073 0.0004803309005427261 0.01872
6365 0.0043476269680073 0.0004803309005427261 0.02028
6366 0.0043476269680073 0.0004803309005427261 0.02184
6367 0.001806562995878545 0.006284232112241893 0.008579999999999999
6368 0.001806562995878545 0.006284232112241893 0.00936
6369 0.001806562995878545 0.006284232112241893 0.01053
6370 0.001806562995878545 0.006284232112241893 0.0117
6371 0.001806562995878545 0.006284232112241893 0.01287
6372 0.001806562995878545 0.006284232112241893 0.01404
6373 0.001806562995878545 0.006284232112241893 0.0156
6374 0.001806562995878545 0.006284232112241893 0.01716
6375 0.001806562995878545 0.006284232112241893 0.01872
6376 0.001806562995878545 0.006284232112241893 0.02028
6377 0.001806562995878545 0.006284232112241893 0.02184
6378 0.002236742761464136 0.006645907726232451 0.008579999999999999
6379 0.002236742761464136 0.006645907726232451 0.00936
6380 0.002236742761464136 0.006645907726232451 0.01053
6381 0.002236742761464136 0.006645907726232451 0.0117
6382 0.002236742761464136 0.006645907726232451 0.01287
6383 0.002236742761464136 0.006645907726232451 0.01404
6384 0.002236742761464136 0.006645907726232451 0.0156
6385 0.002236742761464136 0.006645907726232451 0.01716
6386 0.002236742761464136 0.006645907726232451 0.01872
6387 0.002236742761464136 0.006645907726232451 0.02028
6388 0.002236742761464136 0.006645907726232451 0.02184
6389 0.00502447639172094 0.004068724262197745 0.008579999999999999
6390 0.00502447639172094 0.004068724262197745 0.00936
6391 0.00502447639172094 0.004068724262197745 0.01053
6392 0.00502447639172094 0.004068724262197745 0.0117
6393 0.00502447639172094 0.004068724262197745 0.01287
6394 0.00502447639172094 0.004068724262197745 0.01404
6395 0.00502447639172094 0.004068724262197745 0.0156
6396 0.00502447639172094 0.004068724262197745 0.01716
6397 0.00502447639172094 0.004068724262197745 0.01872
6398 0.00502447639172094 0.004068724262197745 0.02028
6399 0.00502447639172094 0.004068724262197745 0.02184
6400 0.004987559788667018 0.004672538604089728 0.008579999999999999
6401 0.004987559788667018 0.004672538604089728 0.00936
6402 0.004987559788667018 0.004672538604089728 0.01053
6403 0.004987559788667018 0.004672538604089728 0.0117
6404 0.004987559788667018 0.004672538604089728 0.01287
6405 0.004987559788667018 0.004672538604089728 0.01404
6406 0.004987559788667018 0.004672538604089728 0.0156
6407 0.004987559788667018 0.004672538604089728 0.01716
6408 0.004987559788667018 0.004672538604089728 0.01872
6409 0.004987559788667018 0.004672538604089728 0.02028
6410 0.004987559788667018 0.004672538604089728 0.02184
6411 0.005652853757185343 0.004336917782999648 0.008579999999999999
6412 0.005652853757185343 0.004336917782999648 0.00936
6413 0.005652853757185343 0.004336917782999648 0.01053
6414 0.005652853757185343 0.004336917782999648 0.0117
6415 0.005652853757185343 0.004336917782999648 0.01287
6416 0.005652853757185343 0.004336917782999648 0.01404
6417 0.005652853757185343 0.004336917782999648 0.0156
6418 0.005652853757185343 0.004336917782999648 0.01716
6419 0.005652853757185343 0.004336917782999648 0.01872
6420 0.005652853757185343 0.004336917782999648 0.02028
6421 0.005652853757185343 0.004336917782999648 0.02184
6422 0.005485432789985969 0.003111357099846534 0.008579999999999999
6423 0.005485432789985969 0.003111357099846534 0.00936
6424 0.005485432789985969 0.003111357099846534 0.01053
6425 0.005485432789985969 0.003111357099846534 0.0117
6426 0.005485432789985969 0.003111357099846534 0.01287
6427 0.005485432789985969 0.003111357099846534 0.01404
6428 0.005485432789985969 0.003111357099846534 0.0156
6429 0.005485432789985969 0.003111357099846534 0.01716
6430 0.005485432789985969 0.003111357099846534 0.01872
6431 0.005485432789985969 0.003111357099846534 0.02028
6432 0.005485432789985969 0.003111357099846534 0.02184
6433 0.004025587599292247 0.0009314740713998442 0.008579999999999999
6434 0.004025587599292247 0.0009314740713998442 0.00936
6435 0.004025587599292247 0.0009314740713998442 0.01053
6436 0.004025587599292247 0.0009314740713998442 0.0117
6437 0.004025587599292247 0.0009314740713998442 0.01287
6438 0.004025587599292247 0.0009314740713998442 0.01404
6439 0.004025587599292247 0.0009314740713998442 0.0156
6440 0.004025587599292247 0.0009314740713998442 0.01716
6441 0.004025587599292247 0.0009314740713998442 0.01872
6442 0.004025587599292247 0.0009314740713998442 0.02028
6443 0.004025587599292247 0.0009314740713998442 0.02184
6444 0.00517907892550984 0.00114053356578767 0.008579999999999999
6445 0.00517907892550984 0.00114053356578767 0.00936
6446 0.00517907892550984 0.00114053356578767 0.01053
6447 0.00517907892550984 0.00114053356578767 0.0117
6448 0.00517907892550984 0.00114053356578767 0.01287
6449 0.00517907892550984 0.00114053356578767 0.01404
6450 0.00517907892550984 0.00114053356578767 0.0156
6451 0.00517907892550984 0.00114053356578767 0.01716
6452 0.00517907892550984 0.00114053356578767 0.01872
6453 0.00517907892550984 0.00114053356578767 0.02028
6454 0.00517907892550984 0.00114053356578767 0.02184
6455 0.00029367886979425 0.006505690697900389 0.008579999999999999
6456 0.00029367886979425 0.006505690697900389 0.00936
6457 0.00029367886979425 0.006505690697900389 0.01053
6458 0.00029367886979425 0.006505690697900389 0.0117
6459 0.00029367886979425 0.006505690697900389 0.01287
6460 0.00029367886979425 0.006505690697900389 0.01404
6461 0.00029367886979425 0.006505690697900389 0.0156
6462 0.00029367886979425 0.006505690697900389 0.01716
6463 0.00029367886979425 0.006505690697900389 0.01872
6464 0.00029367886979425 0.006505690697900389 0.02028
6465 0.00029367886979425 0.006505690697900389 0.02184
6466 0.00187074459061563 0.005877444288554058 0.008579999999999999
6467 0.00187074459061563 0.005877444288554058 0.00936
6468 0.00187074459061563 0.005877444288554058 0.01053
6469 0.00187074459061563 0.005877444288554058 0.0117
6470 0.00187074459061563 0.005877444288554058 0.01287
6471 0.00187074459061563 0.005877444288554058 0.01404
6472 0.00187074459061563 0.005877444288554058 0.0156
6473 0.00187074459061563 0.005877444288554058 0.01716
6474 0.00187074459061563 0.005877444288554058 0.01872
6475 0.00187074459061563 0.005877444288554058 0.02028
6476 0.00187074459061563 0.005877444288554058 0.02184
6477 0.007089073594490607 0.00108304055821859 0.008579999999999999
6478 0.007089073594490607 0.00108304055821859 0.00936
6479 0.007089073594490607 0.00108304055821859 0.01053
6480 0.007089073594490607 0.00108304055821859 0.0117
6481 0.007089073594490607 0.00108304055821859 0.01287
6482 0.007089073594490607 0.00108304055821859 0.01404
6483 0.007089073594490607 0.00108304055821859 0.0156
6484 0.007089073594490607 0.00108304055821859 0.01716
6485 0.007089073594490607 0.00108304055821859 0.01872
6486 0.007089073594490607 0.00108304055821859 0.02028
6487 0.007089073594490607 0.00108304055821859 0.02184
6488 0.006777096591777175 0.002466363330655582 0.008579999999999999
6489 0.006777096591777175 0.002466363330655582 0.00936
6490 0.006777096591777175 0.002466363330655582 0.01053
6491 0.006777096591777175 0.002466363330655582 0.0117
6492 0.006777096591777175 0.002466363330655582 0.01287
6493 0.006777096591777175 0.002466363330655582 0.01404
6494 0.006777096591777175 0.002466363330655582 0.0156
6495 0.006777096591777175 0.002466363330655582 0.01716
6496 0.006777096591777175 0.002466363330655582 0.01872
6497 0.006777096591777175 0.002466363330655582 0.02028
6498 0.006777096591777175 0.002466363330655582 0.02184
6499 0.004398111699684334 0.005786302753962519 0.008579999999999999
6500 0.004398111699684334 0.005786302753962519 0.00936
6501 0.004398111699684334 0.005786302753962519 0.01053
6502 0.004398111699684334 0.005786302753962519 0.0117
6503 0.004398111699684334 0.005786302753962519 0.01287
6504 0.004398111699684334 0.005786302753962519 0.01404
6505 0.004398111699684334 0.005786302753962519 0.0156
6506 0.004398111699684334 0.005786302753962519 0.01716
6507 0.004398111699684334 0.005786302753962519 0.01872
6508 0.004398111699684334 0.005786302753962519 0.02028
6509 0.004398111699684334 0.005786302753962519 0.02184
6510 0.004571400435548016 0.001018758656572482 0.008579999999999999
6511 0.004571400435548016 0.001018758656572482 0.00936
6512 0.004571400435548016 0.001018758656572482 0.01053
6513 0.004571400435548016 0.001018758656572482 0.0117
6514 0.004571400435548016 0.001018758656572482 0.01287
6515 0.004571400435548016 0.001018758656572482 0.01404
6516 0.004571400435548016 0.001018758656572482 0.0156
6517 0.004571400435548016 0.001018758656572482 0.01716
6518 0.004571400435548016 0.001018758656572482 0.01872
6519 0.004571400435548016 0.001018758656572482 0.02028
6520 0.004571400435548016 0.001018758656572482 0.02184
6521 0.0002971897256107896 0.007324745508571521 0.008579999999999999
6522 0.0002971897256107896 0.007324745508571521 0.00936
6523 0.0002971897256107896 0.007324745508571521 0.01053
6524 0.0002971897256107896 0.007324745508571521 0.0117
6525 0.0002971897256107896 0.007324745508571521 0.01287
6526 0.0002971897256107896 0.007324745508571521 0.01404
6527 0.0002971897256107896 0.007324745508571521 0.0156
6528 0.0002971897256107896 0.007324745508571521 0.01716
6529 0.0002971897256107896 0.007324745508571521 0.01872
6530 0.0002971897256107896 0.007324745508571521 0.02028
6531 0.0002971897256107896 0.007324745508571521 0.02184
6532 0.006604784594617392 0.00308071096023793 0.008579999999999999
6533 0.006604784594617392 0.00308071096023793 0.00936
6534 0.006604784594617392 0.00308071096023793 0.01053
6535 0.006604784594617392 0.00308071096023793 0.0117
6536 0.006604784594617392 0.00308071096023793 0.01287
6537 0.006604784594617392 0.00308071096023793 0.01404
6538 0.006604784594617392 0.00308071096023793 0.0156
6539 0.006604784594617392 0.00308071096023793 0.01716
6540 0.006604784594617392 0.00308071096023793 0.01872
6541 0.006604784594617392 0.00308071096023793 0.02028
6542 0.006604784594617392 0.00308071096023793 0.02184
6543 0.002871972276770678 0.004695572159174194 0.008579999999999999
6544 0.002871972276770678 0.004695572159174194 0.00936
6545 0.002871972276770678 0.004695572159174194 0.01053
6546 0.002871972276770678 0.004695572159174194 0.0117
6547 0.002871972276770678 0.004695572159174194 0.01287
6548 0.002871972276770678 0.004695572159174194 0.01404
6549 0.002871972276770678 0.004695572159174194 0.0156
6550 0.002871972276770678 0.004695572159174194 0.01716
6551 0.002871972276770678 0.004695572159174194 0.01872
6552 0.002871972276770678 0.004695572159174194 0.02028
6553 0.002871972276770678 0.004695572159174194 0.02184
6554 0.005462009129475007 0.003711956522904164 0.008579999999999999
6555 0.005462009129475007 0.003711956522904164 0.00936
6556 0.005462009129475007 0.003711956522904164 0.01053
6557 0.005462009129475007 0.003711956522904164 0.0117
6558 0.005462009129475007 0.003711956522904164 0.01287
6559 0.005462009129475007 0.003711956522904164 0.01404
6560 0.005462009129475007 0.003711956522904164 0.0156
6561 0.005462009129475007 0.003711956522904164 0.01716
6562 0.005462009129475007 0.003711956522904164 0.01872
6563 0.005462009129475007 0.003711956522904164 0.02028
6564 0.005462009129475007 0.003711956522904164 0.02184
6565 0.003605695925005961 0.005384165034875256 0.008579999999999999
6566 0.003605695925005961 0.005384165034875256 0.00936
6567 0.003605695925005961 0.005384165034875256 0.01053
6568 0.003605695925005961 0.005384165034875256 0.0117
6569 0.003605695925005961 0.005384165034875256 0.01287
6570 0.003605695925005961 0.005384165034875256 0.01404
6571 0.003605695925005961 0.005384165034875256 0.0156
6572 0.003605695925005961 0.005384165034875256 0.01716
6573 0.003605695925005961 0.005384165034875256 0.01872
6574 0.003605695925005961 0.005384165034875256 0.02028
6575 0.003605695925005961 0.005384165034875256 0.02184
6576 0.00292912324144744 0.003428061539370373 0.008579999999999999
6577 0.00292912324144744 0.003428061539370373 0.00936
6578 0.00292912324144744 0.003428061539370373 0.01053
6579 0.00292912324144744 0.003428061539370373 0.0117
6580 0.00292912324144744 0.003428061539370373 0.01287
6581 0.00292912324144744 0.003428061539370373 0.01404
6582 0.00292912324144744 0.003428061539370373 0.0156
6583 0.00292912324144744 0.003428061539370373 0.01716
6584 0.00292912324144744 0.003428061539370373 0.01872
6585 0.00292912324144744 0.003428061539370373 0.02028
6586 0.00292912324144744 0.003428061539370373 0.02184
6587 0.0002396834647360488 0.005908259808190427 0.008579999999999999
6588 0.0002396834647360488 0.005908259808190427 0.00936
6589 0.0002396834647360488 0.005908259808190427 0.01053
6590 0.0002396834647360488 0.005908259808190427 0.0117
6591 0.0002396834647360488 0.005908259808190427 0.01287
6592 0.0002396834647360488 0.005908259808190427 0.01404
6593 0.0002396834647360488 0.005908259808190427 0.0156
6594 0.0002396834647360488 0.005908259808190427 0.01716
6595 0.0002396834647360488 0.005908259808190427 0.01872
6596 0.0002396834647360488 0.005908259808190427 0.02028
6597 0.0002396834647360488 0.005908259808190427 0.02184
6598 0.0007002976241558966 0.007042420151242698 0.008579999999999999
6599 0.0007002976241558966 0.007042420151242698 0.00936
6600 0.0007002976241558966 0.007042420151242698 0.01053
6601 0.0007002976241558966 0.007042420151242698 0.0117
6602 0.0007002976241558966 0.007042420151242698 0.01287
6603 0.0007002976241558966 0.007042420151242698 0.01404
6604 0.0007002976241558966 0.007042420151242698 0.0156
6605 0.0007002976241558966 0.007042420151242698 0.01716
6606 0.0007002976241558966 0.007042420151242698 0.01872
6607 0.0007002976241558966 0.007042420151242698 0.02028
6608 0.0007002976241558966 0.007042420151242698 0.02184
6609 0.006450380403049244 0.001445053835596321 0.008579999999999999
6610 0.006450380403049244 0.001445053835596321 0.00936
6611 0.006450380403049244 0.001445053835596321 0.01053
6612 0.006450380403049244 0.001445053835596321 0.0117
6613 0.006450380403049244 0.001445053835596321 0.01287
6614 0.006450380403049244 0.001445053835596321 0.01404
6615 0.006450380403049244 0.001445053835596321 0.0156
6616 0.006450380403049244 0.001445053835596321 0.01716
6617 0.006450380403049244 0.001445053835596321 0.01872
6618 0.006450380403049244 0.001445053835596321 0.02028
6619 0.006450380403049244 0.001445053835596321 0.02184
6620 0.001159607099865735 0.007253843948869503 0.008579999999999999
6621 0.001159607099865735 0.007253843948869503 0.00936
6622 0.001159607099865735 0.007253843948869503 0.01053
6623 0.001159607099865735 0.007253843948869503 0.0117
6624 0.001159607099865735 0.007253843948869503 0.01287
6625 0.001159607099865735 0.007253843948869503 0.01404
6626 0.001159607099865735 0.007253843948869503 0.0156
6627 0.001159607099865735 0.007253843948869503 0.01716
6628 0.001159607099865735 0.007253843948869503 0.01872
6629 0.001159607099865735 0.007253843948869503 0.02028
6630 0.001159607099865735 0.007253843948869503 0.02184
6631 0.003610911368399237 0.001953867498669707 0.008579999999999999
6632 0.003610911368399237 0.001953867498669707 0.00936
6633 0.003610911368399237 0.001953867498669707 0.01053
6634 0.003610911368399237 0.001953867498669707 0.0117
6635 0.003610911368399237 0.001953867498669707 0.01287
6636 0.003610911368399237 0.001953867498669707 0.01404
6637 0.003610911368399237 0.001953867498669707 0.0156
6638 0.003610911368399237 0.001953867498669707 0.01716
6639 0.003610911368399237 0.001953867498669707 0.01872
6640 0.003610911368399237 0.001953867498669707 0.02028
6641 0.003610911368399237 0.001953867498669707 0.02184
6642 0.004215215278042007 0.001414082399914044 0.008579999999999999
6643 0.004215215278042007 0.001414082399914044 0.00936
6644 0.004215215278042007 0.001414082399914044 0.01053
6645 0.004215215278042007 0.001414082399914044 0.0117
6646 0.004215215278042007 0.001414082399914044 0.01287
6647 0.004215215278042007 0.001414082399914044 0.01404
6648 0.004215215278042007 0.001414082399914044 0.0156
6649 0.004215215278042007 0.001414082399914044 0.01716
6650 0.004215215278042007 0.001414082399914044 0.01872
6651 0.004215215278042007 0.001414082399914044 0.02028
6652 0.004215215278042007 0.001414082399914044 0.02184
6653 0.002915741186844587 0.0003799829187460546 0.008579999999999999
6654 0.002915741186844587 0.0003799829187460546 0.00936
6655 0.002915741186844587 0.0003799829187460546 0.01053
6656 0.002915741186844587 0.0003799829187460546 0.0117
6657 0.002915741186844587 0.0003799829187460546 0.01287
6658 0.002915741186844587 0.0003799829187460546 0.01404
6659 0.002915741186844587 0.0003799829187460546 0.0156
6660 0.002915741186844587 0.0003799829187460546 0.01716
6661 0.002915741186844587 0.0003799829187460546 0.01872
6662 0.002915741186844587 0.0003799829187460546 0.02028
6663 0.002915741186844587 0.0003799829187460546 0.02184
6664 0.003502814136628373 0.0007976321186065945 0.008579999999999999
6665 0.003502814136628373 0.0007976321186065945 0.00936
6666 0.003502814136628373 0.0007976321186065945 0.01053
6667 0.003502814136628373 0.0007976321186065945 0.0117
6668 0.003502814136628373 0.0007976321186065945 0.01287
6669 0.003502814136628373 0.0007976321186065945 0.01404
6670 0.003502814136628373 0.0007976321186065945 0.0156
6671 0.003502814136628373 0.0007976321186065945 0.01716
6672 0.003502814136628373 0.0007976321186065945 0.01872
6673 0.003502814136628373 0.0007976321186065945 0.02028
6674 0.003502814136628373 0.0007976321186065945 0.02184
6675 0.0006304403876553561 0.006642082714478713 0.008579999999999999
6676 0.0006304403876553561 0.006642082714478713 0.00936
6677 0.0006304403876553561 0.006642082714478713 0.01053
6678 0.0006304403876553561 0.006642082714478713 0.0117
6679 0.0006304403876553561 0.006642082714478713 0.01287
6680 0.0006304403876553561 0.006642082714478713 0.01404
6681 0.0006304403876553561 0.006642082714478713 0.0156
6682 0.0006304403876553561 0.006642082714478713 0.01716
6683 0.0006304403876553561 0.006642082714478713 0.01872
6684 0.0006304403876553561 0.006642082714478713 0.02028
6685 0.0006304403876553561 0.006642082714478713 0.02184
6686 0.004489504402126389 0.004865320338678648 0.008579999999999999
6687 0.004489504402126389 0.004865320338678648 0.00936
6688 0.004489504402126389 0.004865320338678648 0.01053
6689 0.004489504402126389 0.004865320338678648 0.0117
6690 0.004489504402126389 0.004865320338678648 0.01287
6691 0.004489504402126389 0.004865320338678648 0.01404
6692 0.004489504402126389 0.004865320338678648 0.0156
6693 0.004489504402126389 0.004865320338678648 0.01716
6694 0.004489504402126389 0.004865320338678648 0.01872
6695 0.004489504402126389 0.004865320338678648 0.02028
6696 0.004489504402126389 0.004865320338678648 0.02184
6697 0.003173319615261138 0.006626086653184727 0.008579999999999999
6698 0.003173319615261138 0.006626086653184727 0.00936
6699 0.003173319615261138 0.006626086653184727 0.01053
6700 0.003173319615261138 0.006626086653184727 0.0117
6701 0.003173319615261138 0.006626086653184727 0.01287
6702 0.003173319615261138 0.006626086653184727 0.01404
6703 0.003173319615261138 0.006626086653184727 0.0156
6704 0.003173319615261138 0.006626086653184727 0.01716
6705 0.003173319615261138 0.006626086653184727 0.01872
6706 0.003173319615261138 0.006626086653184727 0.02028
6707 0.003173319615261138 0.006626086653184727 0.02184
6708 0.003678672663749808 0.006377132941646856 0.008579999999999999
6709 0.003678672663749808 0.006377132941646856 0.00936
6710 0.003678672663749808 0.006377132941646856 0.01053
6711 0.003678672663749808 0.006377132941646856 0.0117
6712 0.003678672663749808 0.006377132941646856 0.01287
6713 0.003678672663749808 0.006377132941646856 0.01404
6714 0.003678672663749808 0.006377132941646856 0.0156
6715 0.003678672663749808 0.006377132941646856 0.01716
6716 0.003678672663749808 0.006377132941646856 0.01872
6717 0.003678672663749808 0.006377132941646856 0.02028
6718 0.003678672663749808 0.006377132941646856 0.02184
6719 0.007243613406294266 0.0004751261110951476 0.008579999999999999
6720 0.007243613406294266 0.0004751261110951476 0.00936
6721 0.007243613406294266 0.0004751261110951476 0.01053
6722 0.007243613406294266 0.0004751261110951476 0.0117
6723 0.007243613406294266 0.0004751261110951476 0.01287
6724 0.007243613406294266 0.0004751261110951476 0.01404
6725 0.007243613406294266 0.0004751261110951476 0.0156
6726 0.007243613406294266 0.0004751261110951476 0.01716
6727 0.007243613406294266 0.0004751261110951476 0.01872
6728 0.007243613406294266 0.0004751261110951476 0.02028
6729 0.007243613406294266 0.0004751261110951476 0.02184
6730 0.003436417325588182 0.002774571778580116 0.008579999999999999
6731 0.003436417325588182 0.002774571778580116 0.00936
6732 0.003436417325588182 0.002774571778580116 0.01053
6733 0.003436417325588182 0.002774571778580116 0.0117
6734 0.003436417325588182 0.002774571778580116 0.01287
6735 0.003436417325588182 0.002774571778580116 0.01404
6736 0.003436417325588182 0.002774571778580116 0.0156
6737 0.003436417325588182 0.002774571778580116 0.01716
6738 0.003436417325588182 0.002774571778580116 0.01872
6739 0.003436417325588182 0.002774571778580116 0.02028
6740 0.003436417325588182 0.002774571778580116 0.02184
6741 0.003291084353053211 0.004267706276565838 0.008579999999999999
6742 0.003291084353053211 0.004267706276565838 0.00936
6743 0.003291084353053211 0.004267706276565838 0.01053
6744 0.003291084353053211 0.004267706276565838 0.0117
6745 0.003291084353053211 0.004267706276565838 0.01287
6746 0.003291084353053211 0.004267706276565838 0.01404
6747 0.003291084353053211 0.004267706276565838 0.0156
6748 0.003291084353053211 0.004267706276565838 0.01716
6749 0.003291084353053211 0.004267706276565838 0.01872
6750 0.003291084353053211 0.004267706276565838 0.02028
6751 0.003291084353053211 0.004267706276565838 0.02184
6752 0.006433791518527384 0.002049830389030324 0.008579999999999999
6753 0.006433791518527384 0.002049830389030324 0.00936
6754 0.006433791518527384 0.002049830389030324 0.01053
6755 0.006433791518527384 0.002049830389030324 0.0117
6756 0.006433791518527384 0.002049830389030324 0.01287
6757 0.006433791518527384 0.002049830389030324 0.01404
6758 0.006433791518527384 0.002049830389030324 0.0156
6759 0.006433791518527384 0.002049830389030324 0.01716
6760 0.006433791518527384 0.002049830389030324 0.01872
6761 0.006433791518527384 0.002049830389030324 0.02028
6762 0.006433791518527384 0.002049830389030324 0.02184
6763 0.002680765348373565 0.00685253063395932 0.008579999999999999
6764 0.002680765348373565 0.00685253063395932 0.00936
6765 0.002680765348373565 0.00685253063395932 0.01053
6766 0.002680765348373565 0.00685253063395932 0.0117
6767 0.002680765348373565 0.00685253063395932 0.01287
6768 0.002680765348373565 0.00685253063395932 0.01404
6769 0.002680765348373565 0.00685253063395932 0.0156
6770 0.002680765348373565 0.00685253063395932 0.01716
6771 0.002680765348373565 0.00685253063395932 0.01872
6772 0.002680765348373565 0.00685253063395932 0.02028
6773 0.002680765348373565 0.00685253063395932 0.02184
6774 0.0005807040294061061 0.006249205531784353 0.008579999999999999
6775 0.0005807040294061061 0.006249205531784353 0.00936
6776 0.0005807040294061061 0.006249205531784353 0.01053
6777 0.0005807040294061061 0.006249205531784353 0.0117
6778 0.0005807040294061061 0.006249205531784353 0.01287
6779 0.0005807040294061061 0.006249205531784353 0.01404
6780 0.0005807040294061061 0.006249205531784353 0.0156
6781 0.0005807040294061061 0.006249205531784353 0.01716
6782 0.0005807040294061061 0.006249205531784353 0.01872
6783 0.0005807040294061061 0.006249205531784353 0.02028
6784 0.0005807040294061061 0.006249205531784353 0.02184
6785 0.00306863149139838 0.0007174786289812596 0.008579999999999999
6786 0.00306863149139838 0.0007174786289812596 0.00936
6787 0.00306863149139838 0.0007174786289812596 0.01053
6788 0.00306863149139838 0.0007174786289812596 0.0117
6789 0.00306863149139838 0.0007174786289812596 0.01287
6790 0.00306863149139838 0.0007174786289812596 0.01404
6791 0.00306863149139838 0.0007174786289812596 0.0156
6792 0.00306863149139838 0.0007174786289812596 0.01716
6793 0.00306863149139838 0.0007174786289812596 0.01872
6794 0.00306863149139838 0.0007174786289812596 0.02028
6795 0.00306863149139838 0.0007174786289812596 0.02184
6796 0.0005031296283478852 0.005628554253243761 0.008579999999999999
6797 0.0005031296283478852 0.005628554253243761 0.00936
6798 0.0005031296283478852 0.005628554253243761 0.01053
6799 0.0005031296283478852 0.005628554253243761 0.0117
6800 0.0005031296283478852 0.005628554253243761 0.01287
6801 0.0005031296283478852 0.005628554253243761 0.01404
6802 0.0005031296283478852 0.005628554253243761 0.0156
6803 0.0005031296283478852 0.005628554253243761 0.01716
6804 0.0005031296283478852 0.005628554253243761 0.01872
6805 0.0005031296283478852 0.005628554253243761 0.02028
6806 0.0005031296283478852 0.005628554253243761 0.02184
6807 0.005452114801226913 0.004972205307406801 0.008579999999999999
6808 0.005452114801226913 0.004972205307406801 0.00936
6809 0.005452114801226913 0.004972205307406801 0.01053
6810 0.005452114801226913 0.004972205307406801 0.0117
6811 0.005452114801226913 0.004972205307406801 0.01287
6812 0.005452114801226913 0.004972205307406801 0.01404
6813 0.005452114801226913 0.004972205307406801 0.0156
6814 0.005452114801226913 0.004972205307406801 0.01716
6815 0.005452114801226913 0.004972205307406801 0.01872
6816 0.005452114801226913 0.004972205307406801 0.02028
6817 0.005452114801226913 0.004972205307406801 0.02184
6818 0.001210328954351584 0.008375904883100686 0.008579999999999999
6819 0.001210328954351584 0.008375904883100686 0.00936
6820 0.001210328954351584 0.008375904883100686 0.01053
6821 0.001210328954351584 0.008375904883100686 0.0117
6822 0.001210328954351584 0.008375904883100686 0.01287
6823 0.001210328954351584 0.008375904883100686 0.01404
6824 0.001210328954351584 0.008375904883100686 0.0156
6825 0.001210328954351584 0.008375904883100686 0.01716
6826 0.001210328954351584 0.008375904883100686 0.01872
6827 0.001210328954351584 0.008375904883100686 0.02028
6828 0.001210328954351584 0.008375904883100686 0.02184
6829 0.008514219545270069 0.001301587342240097 0.008579999999999999
6830 0.008514219545270069 0.001301587342240097 0.00936
6831 0.008514219545270069 0.001301587342240097 0.01053
6832 0.008514219545270069 0.001301587342240097 0.0117
6833 0.008514219545270069 0.001301587342240097 0.01287
6834 0.008514219545270069 0.001301587342240097 0.01404
6835 0.008514219545270069 0.001301587342240097 0.0156
6836 0.008514219545270069 0.001301587342240097 0.01716
6837 0.008514219545270069 0.001301587342240097 0.01872
6838 0.008514219545270069 0.001301587342240097 0.02028
6839 0.008514219545270069 0.001301587342240097 0.02184
6840 0.008336961732801148 0.002957355932154506 0.008579999999999999
6841 0.008336961732801148 0.002957355932154506 0.00936
6842 0.008336961732801148 0.002957355932154506 0.01053
6843 0.008336961732801148 0.002957355932154506 0.0117
6844 0.008336961732801148 0.002957355932154506 0.01287
6845 0.008336961732801148 0.002957355932154506 0.01404
6846 0.008336961732801148 0.002957355932154506 0.0156
6847 0.008336961732801148 0.002957355932154506 0.01716
6848 0.008336961732801148 0.002957355932154506 0.01872
6849 0.008336961732801148 0.002957355932154506 0.02028
6850 0.008336961732801148 0.002957355932154506 0.02184
6851 0.002792278505126154 0.008486491980290929 0.008579999999999999
6852 0.002792278505126154 0.008486491980290929 0.00936
6853 0.002792278505126154 0.008486491980290929 0.01053
6854 0.002792278505126154 0.008486491980290929 0.0117
6855 0.002792278505126154 0.008486491980290929 0.01287
6856 0.002792278505126154 0.008486491980290929 0.01404
6857 0.002792278505126154 0.008486491980290929 0.0156
6858 0.002792278505126154 0.008486491980290929 0.01716
6859 0.002792278505126154 0.008486491980290929 0.01872
6860 0.002792278505126154 0.008486491980290929 0.02028
6861 0.002792278505126154 0.008486491980290929 0.02184
6862 0.007560567024688313 0.004617680952409135 0.008579999999999999
6863 0.007560567024688313 0.004617680952409135 0.00936
6864 0.007560567024688313 0.004617680952409135 0.01053
6865 0.007560567024688313 0.004617680952409135 0.0117
6866 0.007560567024688313 0.004617680952409135 0.01287
6867 0.007560567024688313 0.004617680952409135 0.01404
6868 0.007560567024688313 0.004617680952409135 0.0156
6869 0.007560567024688313 0.004617680952409135 0.01716
6870 0.007560567024688313 0.004617680952409135 0.01872
6871 0.007560567024688313 0.004617680952409135 0.02028
6872 0.007560567024688313 0.004617680952409135 0.02184
6873 0.004615377276534817 0.007561947794870058 0.008579999999999999
6874 0.004615377276534817 0.007561947794870058 0.00936
6875 0.004615377276534817 0.007561947794870058 0.01053
6876 0.004615377276534817 0.007561947794870058 0.0117
6877 0.004615377276534817 0.007561947794870058 0.01287
6878 0.004615377276534817 0.007561947794870058 0.01404
6879 0.004615377276534817 0.007561947794870058 0.0156
6880 0.004615377276534817 0.007561947794870058 0.01716
6881 0.004615377276534817 0.007561947794870058 0.01872
6882 0.004615377276534817 0.007561947794870058 0.02028
6883 0.004615377276534817 0.007561947794870058 0.02184
6884 0.006152960477457121 0.005699793054066729 0.008579999999999999
6885 0.006152960477457121 0.005699793054066729 0.00936
6886 0.006152960477457121 0.005699793054066729 0.01053
6887 0.006152960477457121 0.005699793054066729 0.0117
6888 0.006152960477457121 0.005699793054066729 0.01287
6889 0.006152960477457121 0.005699793054066729 0.01404
6890 0.006152960477457121 0.005699793054066729 0.0156
6891 0.006152960477457121 0.005699793054066729 0.01716
6892 0.006152960477457121 0.005699793054066729 0.01872
6893 0.006152960477457121 0.005699793054066729 0.02028
6894 0.006152960477457121 0.005699793054066729 0.02184
6895 0.001954749112512097 0.008252299173214808 0.008579999999999999
6896 0.001954749112512097 0.008252299173214808 0.00936
6897 0.001954749112512097 0.008252299173214808 0.01053
6898 0.001954749112512097 0.008252299173214808 0.0117
6899 0.001954749112512097 0.008252299173214808 0.01287
6900 0.001954749112512097 0.008252299173214808 0.01404
6901 0.001954749112512097 0.008252299173214808 0.0156
6902 0.001954749112512097 0.008252299173214808 0.01716
6903 0.001954749112512097 0.008252299173214808 0.01872
6904 0.001954749112512097 0.008252299173214808 0.02028
6905 0.001954749112512097 0.008252299173214808 0.02184
6906 0.008200167596407779 0.002054035054283424 0.008579999999999999
6907 0.008200167596407779 0.002054035054283424 0.00936
6908 0.008200167596407779 0.002054035054283424 0.01053
6909 0.008200167596407779 0.002054035054283424 0.0117
6910 0.008200167596407779 0.002054035054283424 0.01287
6911 0.008200167596407779 0.002054035054283424 0.01404
6912 0.008200167596407779 0.002054035054283424 0.0156
6913 0.008200167596407779 0.002054035054283424 0.01716
6914 0.008200167596407779 0.002054035054283424 0.01872
6915 0.008200167596407779 0.002054035054283424 0.02028
6916 0.008200167596407779 0.002054035054283424 0.02184
6917 0.0007010173159173226 0.009093009010713563 0.008579999999999999
6918 0.0007010173159173226 0.009093009010713563 0.00936
6919 0.0007010173159173226 0.009093009010713563 0.01053
6920 0.0007010173159173226 0.009093009010713563 0.0117
6921 0.0007010173159173226 0.009093009010713563 0.01287
6922 0.0007010173159173226 0.009093009010713563 0.01404
6923 0.0007010173159173226 0.009093009010713563 0.0156
6924 0.0007010173159173226 0.009093009010713563 0.01716
6925 0.0007010173159173226 0.009093009010713563 0.01872
6926 0.0007010173159173226 0.009093009010713563 0.02028
6927 0.0007010173159173226 0.009093009010713563 0.02184
6928 0.00924780052754906 0.0006700471308590632 0.008579999999999999
6929 0.00924780052754906 0.0006700471308590632 0.00936
6930 0.00924780052754906 0.0006700471308590632 0.01053
6931 0.00924780052754906 0.0006700471308590632 0.0117
6932 0.00924780052754906 0.0006700471308590632 0.01287
6933 0.00924780052754906 0.0006700471308590632 0.01404
6934 0.00924780052754906 0.0006700471308590632 0.0156
6935 0.00924780052754906 0.0006700471308590632 0.01716
6936 0.00924780052754906 0.0006700471308590632 0.01872
6937 0.00924780052754906 0.0006700471308590632 0.02028
6938 0.00924780052754906 0.0006700471308590632 0.02184
6939 0.00566786407656529 0.006144307894485099 0.008579999999999999
6940 0.00566786407656529 0.006144307894485099 0.00936
6941 0.00566786407656529 0.006144307894485099 0.01053
6942 0.00566786407656529 0.006144307894485099 0.0117
6943 0.00566786407656529 0.006144307894485099 0.01287
6944 0.00566786407656529 0.006144307894485099 0.01404
6945 0.00566786407656529 0.006144307894485099 0.0156
6946 0.00566786407656529 0.006144307894485099 0.01716
6947 0.00566786407656529 0.006144307894485099 0.01872
6948 0.00566786407656529 0.006144307894485099 0.02028
6949 0.00566786407656529 0.006144307894485099 0.02184
6950 0.006841071600027415 0.005461732257999724 0.008579999999999999
6951 0.006841071600027415 0.005461732257999724 0.00936
6952 0.006841071600027415 0.005461732257999724 0.01053
6953 0.006841071600027415 0.005461732257999724 0.0117
6954 0.006841071600027415 0.005461732257999724 0.01287
6955 0.006841071600027415 0.005461732257999724 0.01404
6956 0.006841071600027415 0.005461732257999724 0.0156
6957 0.006841071600027415 0.005461732257999724 0.01716
6958 0.006841071600027415 0.005461732257999724 0.01872
6959 0.006841071600027415 0.005461732257999724 0.02028
6960 0.006841071600027415 0.005461732257999724 0.02184
6961 0.003716374397634815 0.007900752443370268 0.008579999999999999
6962 0.003716374397634815 0.007900752443370268 0.00936
6963 0.003716374397634815 0.007900752443370268 0.01053
6964 0.003716374397634815 0.007900752443370268 0.0117
6965 0.003716374397634815 0.007900752443370268 0.01287
6966 0.003716374397634815 0.007900752443370268 0.01404
6967 0.003716374397634815 0.007900752443370268 0.0156
6968 0.003716374397634815 0.007900752443370268 0.01716
6969 0.003716374397634815 0.007900752443370268 0.01872
6970 0.003716374397634815 0.007900752443370268 0.02028
6971 0.003716374397634815 0.007900752443370268 0.02184
6972 0.007870570239835967 0.003749850618215343 0.008579999999999999
6973 0.007870570239835967 0.003749850618215343 0.00936
6974 0.007870570239835967 0.003749850618215343 0.01053
6975 0.007870570239835967 0.003749850618215343 0.0117
6976 0.007870570239835967 0.003749850618215343 0.01287
6977 0.007870570239835967 0.003749850618215343 0.01404
6978 0.007870570239835967 0.003749850618215343 0.0156
6979 0.007870570239835967 0.003749850618215343 0.01716
6980 0.007870570239835967 0.003749850618215343 0.01872
6981 0.007870570239835967 0.003749850618215343 0.02028
6982 0.007870570239835967 0.003749850618215343 0.02184
6983 0.005456026815770437 0.006839859631229029 0.008579999999999999
6984 0.005456026815770437 0.006839859631229029 0.00936
6985 0.005456026815770437 0.006839859631229029 0.01053
6986 0.005456026815770437 0.006839859631229029 0.0117
6987 0.005456026815770437 0.006839859631229029 0.01287
6988 0.005456026815770437 0.006839859631229029 0.01404
6989 0.005456026815770437 0.006839859631229029 0.0156
6990 0.005456026815770437 0.006839859631229029 0.01716
6991 0.005456026815770437 0.006839859631229029 0.01872
6992 0.005456026815770437 0.006839859631229029 0.02028
6993 0.005456026815770437 0.006839859631229029 0.02184
6994 0.001746693546399665 0.009229622276909292 0.008579999999999999
6995 0.001746693546399665 0.009229622276909292 0.00936
6996 0.001746693546399665 0.009229622276909292 0.01053
6997 0.001746693546399665 0.009229622276909292 0.0117
6998 0.001746693546399665 0.009229622276909292 0.01287
6999 0.001746693546399665 0.009229622276909292 0.01404
7000 0.001746693546399665 0.009229622276909292 0.0156
7001 0.001746693546399665 0.009229622276909292 0.01716
7002 0.001746693546399665 0.009229622276909292 0.01872
7003 0.001746693546399665 0.009229622276909292 0.02028
7004 0.001746693546399665 0.009229622276909292 0.02184
7005 0.006521648658381931 0.006524954595043868 0.008579999999999999
7006 0.006521648658381931 0.006524954595043868 0.00936
7007 0.006521648658381931 0.006524954595043868 0.01053
7008 0.006521648658381931 0.006524954595043868 0.0117
7009 0.006521648658381931 0.006524954595043868 0.01287
7010 0.006521648658381931 0.006524954595043868 0.01404
7011 0.006521648658381931 0.006524954595043868 0.0156
7012 0.006521648658381931 0.006524954595043868 0.01716
7013 0.006521648658381931 0.006524954595043868 0.01872
7014 0.006521648658381931 0.006524954595043868 0.02028
7015 0.006521648658381931 0.006524954595043868 0.02184
7016 0.008398225521505787 0.0005472336335339452 0.008579999999999999
7017 0.008398225521505787 0.0005472336335339452 0.00936
7018 0.008398225521505787 0.0005472336335339452 0.01053
7019 0.008398225521505787 0.0005472336335339452 0.0117
7020 0.008398225521505787 0.0005472336335339452 0.01287
7021 0.008398225521505787 0.0005472336335339452 0.01404
7022 0.008398225521505787 0.0005472336335339452 0.0156
7023 0.008398225521505787 0.0005472336335339452 0.01716
7024 0.008398225521505787 0.0005472336335339452 0.01872
7025 0.008398225521505787 0.0005472336335339452 0.02028
7026 0.008398225521505787 0.0005472336335339452 0.02184
7027 0.000535175992967896 0.008339604285704811 0.008579999999999999
7028 0.000535175992967896 0.008339604285704811 0.00936
7029 0.000535175992967896 0.008339604285704811 0.01053
7030 0.000535175992967896 0.008339604285704811 0.0117
7031 0.000535175992967896 0.008339604285704811 0.01287
7032 0.000535175992967896 0.008339604285704811 0.01404
7033 0.000535175992967896 0.008339604285704811 0.0156
7034 0.000535175992967896 0.008339604285704811 0.01716
7035 0.000535175992967896 0.008339604285704811 0.01872
7036 0.000535175992967896 0.008339604285704811 0.02028
7037 0.000535175992967896 0.008339604285704811 0.02184
7038 0.008787877540815028 0.008736919789847478 0.008579999999999999
7039 0.008787877540815028 0.008736919789847478 0.00936
7040 0.008787877540815028 0.008736919789847478 0.01053
7041 0.008787877540815028 0.008736919789847478 0.0117
7042 0.008787877540815028 0.008736919789847478 0.01287
7043 0.008787877540815028 0.008736919789847478 0.01404
7044 0.008787877540815028 0.008736919789847478 0.0156
7045 0.008787877540815028 0.008736919789847478 0.01716
7046 0.008787877540815028 0.008736919789847478 0.01872
7047 0.008787877540815028 0.008736919789847478 0.02028
7048 0.008787877540815028 0.008736919789847478 0.02184
7049 0.004051435050493976 0.01208501123673517 0.008579999999999999
7050 0.004051435050493976 0.01208501123673517 0.00936
7051 0.004051435050493976 0.01208501123673517 0.01053
7052 0.004051435050493976 0.01208501123673517 0.0117
7053 0.004051435050493976 0.01208501123673517 0.01287
7054 0.004051435050493976 0.01208501123673517 0.01404
7055 0.004051435050493976 0.01208501123673517 0.0156
7056 0.004051435050493976 0.01208501123673517 0.01716
7057 0.004051435050493976 0.01208501123673517 0.01872
7058 0.004051435050493976 0.01208501123673517 0.02028
7059 0.004051435050493976 0.01208501123673517 0.02184
7060 0.01172203486102022 0.004403571538316466 0.008579999999999999
7061 0.01172203486102022 0.004403571538316466 0.00936
7062 0.01172203486102022 0.004403571538316466 0.01053
7063 0.01172203486102022 0.004403571538316466 0.0117
7064 0.01172203486102022 0.004403571538316466 0.01287
7065 0.01172203486102022 0.004403571538316466 0.01404
7066 0.01172203486102022 0.004403571538316466 0.0156
7067 0.01172203486102022 0.004403571538316466 0.01716
7068 0.01172203486102022 0.004403571538316466 0.01872
7069 0.01172203486102022 0.004403571538316466 0.02028
7070 0.01172203486102022 0.004403571538316466 0.02184
7071 0.01661988727136338 0.002739829196847201 0.008579999999999999
7072 0.01661988727136338 0.002739829196847201 0.00936
7073 0.01661988727136338 0.002739829196847201 0.01053
7074 0.01661988727136338 0.002739829196847201 0.0117
7075 0.01661988727136338 0.002739829196847201 0.01287
7076 0.01661988727136338 0.002739829196847201 0.01404
7077 0.01661988727136338 0.002739829196847201 0.0156
7078 0.01661988727136338 0.002739829196847201 0.01716
7079 0.01661988727136338 0.002739829196847201 0.01872
7080 0.01661988727136338 0.002739829196847201 0.02028
7081 0.01661988727136338 0.002739829196847201 0.02184
7082 0.002426627581036225 0.01698607442500259 0.008579999999999999
7083 0.002426627581036225 0.01698607442500259 0.00936
7084 0.002426627581036225 0.01698607442500259 0.01053
7085 0.002426627581036225 0.01698607442500259 0.0117
7086 0.002426627581036225 0.01698607442500259 0.01287
7087 0.002426627581036225 0.01698607442500259 0.01404
7088 0.002426627581036225 0.01698607442500259 0.0156
7089 0.002426627581036225 0.01698607442500259 0.01716
7090 0.002426627581036225 0.01698607442500259 0.01872
7091 0.002426627581036225 0.01698607442500259 0.02028
7092 0.002426627581036225 0.01698607442500259 0.02184
7093 0.01472274386158439 0.018503140938032 0.008579999999999999
7094 0.01472274386158439 0.018503140938032 0.00936
7095 0.01472274386158439 0.018503140938032 0.01053
7096 0.01472274386158439 0.018503140938032 0.0117
7097 0.01472274386158439 0.018503140938032 0.01287
7098 0.01472274386158439 0.018503140938032 0.01404
7099 0.01472274386158439 0.018503140938032 0.0156
7100 0.01472274386158439 0.018503140938032 0.01716
7101 0.01472274386158439 0.018503140938032 0.01872
7102 0.01472274386158439 0.018503140938032 0.02028
7103 0.01472274386158439 0.018503140938032 0.02184
7104 0.01860799506625824 0.008751705395468179 0.008579999999999999
7105 0.01860799506625824 0.008751705395468179 0.00936
7106 0.01860799506625824 0.008751705395468179 0.01053
7107 0.01860799506625824 0.008751705395468179 0.0117
7108 0.01860799506625824 0.008751705395468179 0.01287
7109 0.01860799506625824 0.008751705395468179 0.01404
7110 0.01860799506625824 0.008751705395468179 0.0156
7111 0.01860799506625824 0.008751705395468179 0.01716
7112 0.01860799506625824 0.008751705395468179 0.01872
7113 0.01860799506625824 0.008751705395468179 0.02028
7114 0.01860799506625824 0.008751705395468179 0.02184
7115 0.01050091144267296 0.0066979856398664 0.008579999999999999
7116 0.01050091144267296 0.0066979856398664 0.00936
7117 0.01050091144267296 0.0066979856398664 0.01053
7118 0.01050091144267296 0.0066979856398664 0.0117
7119 0.01050091144267296 0.0066979856398664 0.01287
7120 0.01050091144267296 0.0066979856398664 0.01404
7121 0.01050091144267296 0.0066979856398664 0.0156
7122 0.01050091144267296 0.0066979856398664 0.01716
7123 0.01050091144267296 0.0066979856398664 0.01872
7124 0.01050091144267296 0.0066979856398664 0.02028
7125 0.01050091144267296 0.0066979856398664 0.02184
7126 0.01176491647685872 0.009294601792771907 0.008579999999999999
7127 0.01176491647685872 0.009294601792771907 0.00936
7128 0.01176491647685872 0.009294601792771907 0.01053
7129 0.01176491647685872 0.009294601792771907 0.0117
7130 0.01176491647685872 0.009294601792771907 0.01287
7131 0.01176491647685872 0.009294601792771907 0.01404
7132 0.01176491647685872 0.009294601792771907 0.0156
7133 0.01176491647685872 0.009294601792771907 0.01716
7134 0.01176491647685872 0.009294601792771907 0.01872
7135 0.01176491647685872 0.009294601792771907 0.02028
7136 0.01176491647685872 0.009294601792771907 0.02184
7137 0.009157068969379477 0.01177947244941779 0.008579999999999999
7138 0.009157068969379477 0.01177947244941779 0.00936
7139 0.009157068969379477 0.01177947244941779 0.01053
7140 0.009157068969379477 0.01177947244941779 0.0117
7141 0.009157068969379477 0.01177947244941779 0.01287
7142 0.009157068969379477 0.01177947244941779 0.01404
7143 0.009157068969379477 0.01177947244941779 0.0156
7144 0.009157068969379477 0.01177947244941779 0.01716
7145 0.009157068969379477 0.01177947244941779 0.01872
7146 0.009157068969379477 0.01177947244941779 0.02028
7147 0.009157068969379477 0.01177947244941779 0.02184
7148 0.01295637052419653 0.01215723322325961 0.008579999999999999
7149 0.01295637052419653 0.01215723322325961 0.00936
7150 0.01295637052419653 0.01215723322325961 0.01053
7151 0.01295637052419653 0.01215723322325961 0.0117
7152 0.01295637052419653 0.01215723322325961 0.01287
7153 0.01295637052419653 0.01215723322325961 0.01404
7154 0.01295637052419653 0.01215723322325961 0.0156
7155 0.01295637052419653 0.01215723322325961 0.01716
7156 0.01295637052419653 0.01215723322325961 0.01872
7157 0.01295637052419653 0.01215723322325961 0.02028
7158 0.01295637052419653 0.01215723322325961 0.02184
7159 0.0132514792368976 0.006660365879216306 0.008579999999999999
7160 0.0132514792368976 0.006660365879216306 0.00936
7161 0.0132514792368976 0.006660365879216306 0.01053
7162 0.0132514792368976 0.006660365879216306 0.0117
7163 0.0132514792368976 0.006660365879216306 0.01287
7164 0.0132514792368976 0.006660365879216306 0.01404
7165 0.0132514792368976 0.006660365879216306 0.0156
7166 0.0132514792368976 0.006660365879216306 0.01716
7167 0.0132514792368976 0.006660365879216306 0.01872
7168 0.0132514792368976 0.006660365879216306 0.02028
7169 0.0132514792368976 0.006660365879216306 0.02184
7170 0.01110446358872504 0.01564553016560563 0.008579999999999999
7171 0.01110446358872504 0.01564553016560563 0.00936
7172 0.01110446358872504 0.01564553016560563 0.01053
7173 0.01110446358872504 0.01564553016560563 0.0117
7174 0.01110446358872504 0.01564553016560563 0.01287
7175 0.01110446358872504 0.01564553016560563 0.01404
7176 0.01110446358872504 0.01564553016560563 0.0156
7177 0.01110446358872504 0.01564553016560563 0.01716
7178 0.01110446358872504 0.01564553016560563 0.01872
7179 0.01110446358872504 0.01564553016560563 0.02028
7180 0.01110446358872504 0.01564553016560563 0.02184
7181 0.007875632514358679 0.01466531664399963 0.008579999999999999
7182 0.007875632514358679 0.01466531664399963 0.00936
7183 0.007875632514358679 0.01466531664399963 0.01053
7184 0.007875632514358679 0.01466531664399963 0.0117
7185 0.007875632514358679 0.01466531664399963 0.01287
7186 0.007875632514358679 0.01466531664399963 0.01404
7187 0.007875632514358679 0.01466531664399963 0.0156
7188 0.007875632514358679 0.01466531664399963 0.01716
7189 0.007875632514358679 0.01466531664399963 0.01872
7190 0.007875632514358679 0.01466531664399963 0.02028
7191 0.007875632514358679 0.01466531664399963 0.02184
7192 0.008360743174706541 0.01778879601650333 0.008579999999999999
7193 0.008360743174706541 0.01778879601650333 0.00936
7194 0.008360743174706541 0.01778879601650333 0.01053
7195 0.008360743174706541 0.01778879601650333 0.0117
7196 0.008360743174706541 0.01778879601650333 0.01287
7197 0.008360743174706541 0.01778879601650333 0.01404
7198 0.008360743174706541 0.01778879601650333 0.0156
7199 0.008360743174706541 0.01778879601650333 0.01716
7200 0.008360743174706541 0.01778879601650333 0.01872
7201 0.008360743174706541 0.01778879601650333 0.02028
7202 0.008360743174706541 0.01778879601650333 0.02184
7203 0.01766447009592765 0.01401545965082921 0.008579999999999999
7204 0.01766447009592765 0.01401545965082921 0.00936
7205 0.01766447009592765 0.01401545965082921 0.01053
7206 0.01766447009592765 0.01401545965082921 0.0117
7207 0.01766447009592765 0.01401545965082921 0.01287
7208 0.01766447009592765 0.01401545965082921 0.01404
7209 0.01766447009592765 0.01401545965082921 0.0156
7210 0.01766447009592765 0.01401545965082921 0.01716
7211 0.01766447009592765 0.01401545965082921 0.01872
7212 0.01766447009592765 0.01401545965082921 0.02028
7213 0.01766447009592765 0.01401545965082921 0.02184
7214 0.00657137283727378 0.01045827995919852 0.008579999999999999
7215 0.00657137283727378 0.01045827995919852 0.00936
7216 0.00657137283727378 0.01045827995919852 0.01053
7217 0.00657137283727378 0.01045827995919852 0.0117
7218 0.00657137283727378 0.01045827995919852 0.01287
7219 0.00657137283727378 0.01045827995919852 0.01404
7220 0.00657137283727378 0.01045827995919852 0.0156
7221 0.00657137283727378 0.01045827995919852 0.01716
7222 0.00657137283727378 0.01045827995919852 0.01872
7223 0.00657137283727378 0.01045827995919852 0.02028
7224 0.00657137283727378 0.01045827995919852 0.02184
7225 0.01418621932656449 0.003975407636794175 0.008579999999999999
7226 0.01418621932656449 0.003975407636794175 0.00936
7227 0.01418621932656449 0.003975407636794175 0.01053
7228 0.01418621932656449 0.003975407636794175 0.0117
7229 0.01418621932656449 0.003975407636794175 0.01287
7230 0.01418621932656449 0.003975407636794175 0.01404
7231 0.01418621932656449 0.003975407636794175 0.0156
7232 0.01418621932656449 0.003975407636794175 0.01716
7233 0.01418621932656449 0.003975407636794175 0.01872
7234 0.01418621932656449 0.003975407636794175 0.02028
7235 0.01418621932656449 0.003975407636794175 0.02184
7236 0.002251666049839543 0.0143 0.008579999999999999
7237 0.002251666049839543 0.0143 0.00936
7238 0.002251666049839543 0.0143 0.01053
7239 0.002251666049839543 0.0143 0.0117
7240 0.002251666049839543 0.0143 0.01287
7241 0.002251666049839543 0.0143 0.01404
7242 0.002251666049839543 0.0143 0.0156
7243 0.002251666049839543 0.0143 0.01716
7244 0.002251666049839543 0.0143 0.01872
7245 0.002251666049839543 0.0143 0.02028
7246 0.002251666049839543 0.0143 0.02184
7247 0.02010331454522723 0.002289473285635739 0.008579999999999999
7248 0.02010331454522723 0.002289473285635739 0.00936
7249 0.02010331454522723 0.002289473285635739 0.01053
7250 0.02010331454522723 0.002289473285635739 0.0117
7251 0.02010331454522723 0.002289473285635739 0.01287
7252 0.02010331454522723 0.002289473285635739 0.01404
7253 0.02010331454522723 0.002289473285635739 0.0156
7254 0.02010331454522723 0.002289473285635739 0.01716
7255 0.02010331454522723 0.002289473285635739 0.01872
7256 0.02010331454522723 0.002289473285635739 0.02028
7257 0.02010331454522723 0.002289473285635739 0.02184
7258 0.002267168932834336 0.02025042016250301 0.008579999999999999
7259 0.002267168932834336 0.02025042016250301 0.00936
7260 0.002267168932834336 0.02025042016250301 0.01053
7261 0.002267168932834336 0.02025042016250301 0.0117
7262 0.002267168932834336 0.02025042016250301 0.01287
7263 0.002267168932834336 0.02025042016250301 0.01404
7264 0.002267168932834336 0.02025042016250301 0.0156
7265 0.002267168932834336 0.02025042016250301 0.01716
7266 0.002267168932834336 0.02025042016250301 0.01872
7267 0.002267168932834336 0.02025042016250301 0.02028
7268 0.002267168932834336 0.02025042016250301 0.02184
7269 0.01838054629159567 0.005127250625195831 0.008579999999999999
7270 0.01838054629159567 0.005127250625195831 0.00936
7271 0.01838054629159567 0.005127250625195831 0.01053
7272 0.01838054629159567 0.005127250625195831 0.0117
7273 0.01838054629159567 0.005127250625195831 0.01287
7274 0.01838054629159567 0.005127250625195831 0.01404
7275 0.01838054629159567 0.005127250625195831 0.0156
7276 0.01838054629159567 0.005127250625195831 0.01716
7277 0.01838054629159567 0.005127250625195831 0.01872
7278 0.01838054629159567 0.005127250625195831 0.02028
7279 0.01838054629159567 0.005127250625195831 0.02184
7280 0.005188332836402654 0.01529348992296108 0.008579999999999999
7281 0.005188332836402654 0.01529348992296108 0.00936
7282 0.005188332836402654 0.01529348992296108 0.01053
7283 0.005188332836402654 0.01529348992296108 0.0117
7284 0.005188332836402654 0.01529348992296108 0.01287
7285 0.005188332836402654 0.01529348992296108 0.01404
7286 0.005188332836402654 0.01529348992296108 0.0156
7287 0.005188332836402654 0.01529348992296108 0.01716
7288 0.005188332836402654 0.01529348992296108 0.01872
7289 0.005188332836402654 0.01529348992296108 0.02028
7290 0.005188332836402654 0.01529348992296108 0.02184
7291 0.01906818144033694 0.01856529358705875 0.008579999999999999
7292 0.01906818144033694 0.01856529358705875 0.00936
7293 0.01906818144033694 0.01856529358705875 0.01053
7294 0.01906818144033694 0.01856529358705875 0.0117
7295 0.01906818144033694 0.01856529358705875 0.01287
7296 0.01906818144033694 0.01856529358705875 0.01404
7297 0.01906818144033694 0.01856529358705875 0.0156
7298 0.01906818144033694 0.01856529358705875 0.01716
7299 0.01906818144033694 0.01856529358705875 0.01872
7300 0.01906818144033694 0.01856529358705875 0.02028
7301 0.01906818144033694 0.01856529358705875 0.02184
7302 0.01232207621385922 0.002102158356715674 0.008579999999999999
7303 0.01232207621385922 0.002102158356715674 0.00936
7304 0.01232207621385922 0.002102158356715674 0.01053
7305 0.01232207621385922 0.002102158356715674 0.0117
7306 0.01232207621385922 0.002102158356715674 0.01287
7307 0.01232207621385922 0.002102158356715674 0.01404
7308 0.01232207621385922 0.002102158356715674 0.0156
7309 0.01232207621385922 0.002102158356715674 0.01716
7310 0.01232207621385922 0.002102158356715674 0.01872
7311 0.01232207621385922 0.002102158356715674 0.02028
7312 0.01232207621385922 0.002102158356715674 0.02184
7313 0.004818574504995954 0.018743756105394 0.008579999999999999
7314 0.004818574504995954 0.018743756105394 0.00936
7315 0.004818574504995954 0.018743756105394 0.01053
7316 0.004818574504995954 0.018743756105394 0.0117
7317 0.004818574504995954 0.018743756105394 0.01287
7318 0.004818574504995954 0.018743756105394 0.01404
7319 0.004818574504995954 0.018743756105394 0.0156
7320 0.004818574504995954 0.018743756105394 0.01716
7321 0.004818574504995954 0.018743756105394 0.01872
7322 0.004818574504995954 0.018743756105394 0.02028
7323 0.004818574504995954 0.018743756105394 0.02184
7324 0.01516675455016966 0.009705661745257155 0.008579999999999999
7325 0.01516675455016966 0.009705661745257155 0.00936
7326 0.01516675455016966 0.009705661745257155 0.01053
7327 0.01516675455016966 0.009705661745257155 0.0117
7328 0.01516675455016966 0.009705661745257155 0.01287
7329 0.01516675455016966 0.009705661745257155 0.01404
7330 0.01516675455016966 0.009705661745257155 0.0156
7331 0.01516675455016966 0.009705661745257155 0.01716
7332 0.01516675455016966 0.009705661745257155 0.01872
7333 0.01516675455016966 0.009705661745257155 0.02028
7334 0.01516675455016966 0.009705661745257155 0.02184
7335 0.001789477266895276 0.01205051953094665 0.008579999999999999
7336 0.001789477266895276 0.01205051953094665 0.00936
7337 0.001789477266895276 0.01205051953094665 0.01053
7338 0.001789477266895276 0.01205051953094665 0.0117
7339 0.001789477266895276 0.01205051953094665 0.01287
7340 0.001789477266895276 0.01205051953094665 0.01404
7341 0.001789477266895276 0.01205051953094665 0.0156
7342 0.001789477266895276 0.01205051953094665 0.01716
7343 0.001789477266895276 0.01205051953094665 0.01872
7344 0.001789477266895276 0.01205051953094665 0.02028
7345 0.001789477266895276 0.01205051953094665 0.02184
7346 0.014448687646832 0.00187907379192572 0.008579999999999999
7347 0.014448687646832 0.00187907379192572 0.00936
7348 0.014448687646832 0.00187907379192572 0.01053
7349 0.014448687646832 0.00187907379192572 0.0117
7350 0.014448687646832 0.00187907379192572 0.01287
7351 0.014448687646832 0.00187907379192572 0.01404
7352 0.014448687646832 0.00187907379192572 0.0156
7353 0.014448687646832 0.00187907379192572 0.01716
7354 0.014448687646832 0.00187907379192572 0.01872
7355 0.014448687646832 0.00187907379192572 0.02028
7356 0.014448687646832 0.00187907379192572 0.02184
7357 0.01402450892460813 0.01516192997813529 0.008579999999999999
7358 0.01402450892460813 0.01516192997813529 0.00936
7359 0.01402450892460813 0.01516192997813529 0.01053
7360 0.01402450892460813 0.01516192997813529 0.0117
7361 0.01402450892460813 0.01516192997813529 0.01287
7362 0.01402450892460813 0.01516192997813529 0.01404
7363 0.01402450892460813 0.01516192997813529 0.0156
7364 0.01402450892460813 0.01516192997813529 0.01716
7365 0.01402450892460813 0.01516192997813529 0.01872
7366 0.01402450892460813 0.01516192997813529 0.02028
7367 0.01402450892460813 0.01516192997813529 0.02184
7368 0.01603548029047484 0.006160036746463142 0.008579999999999999
7369 0.01603548029047484 0.006160036746463142 0.00936
7370 0.01603548029047484 0.006160036746463142 0.01053
7371 0.01603548029047484 0.006160036746463142 0.0117
7372 0.01603548029047484 0.006160036746463142 0.01287
7373 0.01603548029047484 0.006160036746463142 0.01404
7374 0.01603548029047484 0.006160036746463142 0.0156
7375 0.01603548029047484 0.006160036746463142 0.01716
7376 0.01603548029047484 0.006160036746463142 0.01872
7377 0.01603548029047484 0.006160036746463142 0.02028
7378 0.01603548029047484 0.006160036746463142 0.02184
7379 0.01134032109105273 0.01981484021033815 0.008579999999999999
7380 0.01134032109105273 0.01981484021033815 0.00936
7381 0.01134032109105273 0.01981484021033815 0.01053
7382 0.01134032109105273 0.01981484021033815 0.0117
7383 0.01134032109105273 0.01981484021033815 0.01287
7384 0.01134032109105273 0.01981484021033815 0.01404
7385 0.01134032109105273 0.01981484021033815 0.0156
7386 0.01134032109105273 0.01981484021033815 0.01716
7387 0.01134032109105273 0.01981484021033815 0.01872
7388 0.01134032109105273 0.01981484021033815 0.02028
7389 0.01134032109105273 0.01981484021033815 0.02184
7390 0.006413645877819464 0.01275816276989356 0.008579999999999999
7391 0.006413645877819464 0.01275816276989356 0.00936
7392 0.006413645877819464 0.01275816276989356 0.01053
7393 0.006413645877819464 0.01275816276989356 0.0117
7394 0.006413645877819464 0.01275816276989356 0.01287
7395 0.006413645877819464 0.01275816276989356 0.01404
7396 0.006413645877819464 0.01275816276989356 0.0156
7397 0.006413645877819464 0.01275816276989356 0.01716
7398 0.006413645877819464 0.01275816276989356 0.01872
7399 0.006413645877819464 0.01275816276989356 0.02028
7400 0.006413645877819464 0.01275816276989356 0.02184
$EndNodes
$Elements
13920
1 2 2 3 2 601 634 569
2 2 2 3 2 598 622 602
3 2 2 3 2 620 666 615
4 2 2 3 2 569 644 601
5 2 2 3 2 606 626 571
6 2 2 3 2 617 619 579
7 2 2 3 2 608 609 565
8 2 2 3 2 71 641 604
9 2 2 3 2 614 620 615
10 2 2 3 2 624 645 578
11 2 2 3 2 74 630 579
12 2 2 3 2 581 626 606
13 2 2 3 2 579 629 617
14 2 2 3 2 604 660 71
15 2 2 3 2 602 651 598
16 2 2 3 2 569 633 67
17 2 2 3 2 609 648 565
18 2 2 3 2 615 666 618
19 2 2 3 2 606 638 629
20 2 2 3 2 571 638 606
21 2 2 3 2 578 663 624
22 2 2 3 2 575 626 581
23 2 2 3 2 74 665 630
24 2 2 3 2 604 641 607
25 2 2 3 2 3 626 575
26 2 2 3 2 600 651 602
27 2 2 3 2 44 614 570
28 2 2 3 2 607 647 604
29 2 2 3 2 76 650 643
30 2 2 3 2 88 622 598
31 2 2 3 2 622 636 602
32 2 2 3 2 43 614 44
33 2 2 3 2 634 646 569
34 2 2 3 2 54 611 55
35 2 2 3 2 600 664 651
36 2 2 3 2 564 611 54
37 2 2 3 2 629 630 606
38 2 2 3 2 564 653 611
39 2 2 3 2 599 668 43
40 2 2 3 2 592 610 589
41 2 2 3 2 55 611 597
42 2 2 3 2 592 621 610
43 2 2 3 2 55 597 56
44 2 2 3 2 67 633 68
45 2 2 3 2 614 615 570
46 2 2 3 2 621 653 564
47 2 2 3 2 74 579 75
48 2 2 3 2 594 621 592
49 2 2 3 2 69 572 70
50 2 2 3 2 45 625 46
51 2 2 3 2 619 652 579
52 2 2 3 2 88 598 87
53 2 2 3 2 609 662 613
54 2 2 3 2 657 666 637
55 2 2 3 2 607 641 572
56 2 2 3 2 44 570 45
57 2 2 3 2 611 612 597
58 2 2 3 2 569 646 633
59 2 2 3 2 601 644 640
60 2 2 3 2 640 664 601
61 2 2 3 2 46 625 571
62 2 2 3 2 90 566 89
63 2 2 3 2 566 636 622
64 2 2 3 2 635 656 612
65 2 2 3 2 66 569 67
66 2 2 3 2 588 609 608
67 2 2 3 2 612 653 594
68 2 2 3 2 593 594 592
69 2 2 3 2 63 574 64
70 2 2 3 2 593 627 594
71 2 2 3 2 588 608 585
72 2 2 3 2 581 606 605
73 2 2 3 2 572 658 607
74 2 2 3 2 589 610 588
75 2 2 3 2 610 662 609
76 2 2 3 2 90 628 566
77 2 2 3 2 570 625 45
78 2 2 3 2 587 588 585
79 2 2 3 2 53 564 54
80 2 2 3 2 89 622 88
81 2 2 3 2 591 592 589
82 2 2 3 2 87 661 5
83 2 2 3 2 594 654 612
84 2 2 3 2 52 613 53
85 2 2 3 2 585 608 583
86 2 2 3 2 601 664 600
87 2 2 3 2 596 627 593
88 2 2 3 2 612 656 597
89 2 2 3 2 591 593 592
90 2 2 3 2 613 648 609
91 2 2 3 2 587 589 588
92 2 2 3 2 76 652 650
93 2 2 3 2 50 565 51
94 2 2 3 2 565 663 608
95 2 2 3 2 69 669 572
96 2 2 3 2 93 623 92
97 2 2 3 2 595 596 593
98 2 2 3 2 92 573 91
99 2 2 3 2 615 618 617
100 2 2 3 2 91 628 90
101 2 2 3 2 588 610 609
102 2 2 3 2 46 571 47
103 2 2 3 2 572 669 632
104 2 2 3 2 594 653 621
105 2 2 3 2 637 666 568
106 2 2 3 2 53 613 564
107 2 2 3 2 591 595 593
108 2 2 3 2 600 602 596
109 2 2 3 2 583 663 578
110 2 2 3 2 595 600 596
111 2 2 3 2 590 591 589
112 2 2 3 2 49 624 50
113 2 2 3 2 579 652 75
114 2 2 3 2 620 649 568
115 2 2 3 2 595 601 600
116 2 2 3 2 47 626 3
117 2 2 3 2 602 636 596
118 2 2 3 2 572 641 70
119 2 2 3 2 615 616 570
120 2 2 3 2 574 640 64
121 2 2 3 2 640 644 65
122 2 2 3 2 616 625 570
123 2 2 3 2 70 641 71
124 2 2 3 2 43 668 614
125 2 2 3 2 590 634 591
126 2 2 3 2 63 639 574
127 2 2 3 2 587 590 589
128 2 2 3 2 591 634 595
129 2 2 3 2 586 658 632
130 2 2 3 2 596 636 627
131 2 2 3 2 566 622 89
132 2 2 3 2 586 632 631
133 2 2 3 2 579 630 629
134 2 2 3 2 64 640 65
135 2 2 3 2 52 648 613
136 2 2 3 2 606 630 605
137 2 2 3 2 595 634 601
138 2 2 3 2 618 666 657
139 2 2 3 2 587 631 590
140 2 2 3 2 586 631 587
141 2 2 3 2 62 639 63
142 2 2 3 2 97 568 96
143 2 2 3 2 629 638 616
144 2 2 3 2 586 587 585
145 2 2 3 2 628 642 566
146 2 2 3 2 632 633 631
147 2 2 3 2 624 663 565
148 2 2 3 2 597 667 56
149 2 2 3 2 573 635 628
150 2 2 3 2 48 645 49
151 2 2 3 2 625 638 571
152 2 2 3 2 92 623 573
153 2 2 3 2 51 648 52
154 2 2 3 2 639 661 598
155 2 2 3 2 3 567 48
156 2 2 3 2 65 644 66
157 2 2 3 2 618 619 617
158 2 2 3 2 50 624 565
159 2 2 3 2 616 638 625
160 2 2 3 2 598 651 639
161 2 2 3 2 96 649 95
162 2 2 3 2 598 661 87
163 2 2 3 2 584 585 583
164 2 2 3 2 582 607 584
165 2 2 3 2 582 583 578
166 2 2 3 2 66 644 569
167 2 2 3 2 565 648 51
168 2 2 3 2 573 628 91
169 2 2 3 2 73 665 74
170 2 2 3 2 576 578 567
171 2 2 3 2 584 586 585
172 2 2 3 2 582 584 583
173 2 2 3 2 590 646 634
174 2 2 3 2 632 658 572
175 2 2 3 2 615 617 616
176 2 2 3 2 649 668 599
177 2 2 3 2 571 626 47
178 2 2 3 2 635 642 628
179 2 2 3 2 4 655 93
180 2 2 3 2 636 642 627
181 2 2 3 2 608 663 583
182 2 2 3 2 633 646 631
183 2 2 3 2 639 651 574
184 2 2 3 2 49 645 624
185 2 2 3 2 603 604 580
186 2 2 3 2 98 637 97
187 2 2 3 2 620 668 649
188 2 2 3 2 75 652 76
189 2 2 3 2 564 662 621
190 2 2 3 2 581 605 603
191 2 2 3 2 575 581 580
192 2 2 3 2 566 642 636
193 2 2 3 2 617 629 616
194 2 2 3 2 635 654 642
195 2 2 3 2 5 661 62
196 2 2 3 2 576 582 578
197 2 2 3 2 631 646 590
198 2 2 3 2 568 666 620
199 2 2 3 2 621 662 610
200 2 2 3 2 567 645 48
201 2 2 3 2 573 656 635
202 2 2 3 2 95 599 94
203 2 2 3 2 3 575 567
204 2 2 3 2 568 649 96
205 2 2 3 2 71 660 72
206 2 2 3 2 627 654 594
207 2 2 3 2 642 654 627
208 2 2 3 2 575 576 567
209 2 2 3 2 72 659 73
210 2 2 3 2 99 577 98
211 2 2 3 2 611 653 612
212 2 2 3 2 613 662 564
213 2 2 3 2 614 668 620
214 2 2 3 2 575 580 576
215 2 2 3 2 581 603 580
216 2 2 3 2 582 647 607
217 2 2 3 2 100 643 99
218 2 2 3 2 93 655 623
219 2 2 3 2 578 645 567
220 2 2 3 2 604 647 580
221 2 2 3 2 68 669 69
222 2 2 3 2 633 669 68
223 2 2 3 2 618 657 619
224 2 2 3 2 97 637 568
225 2 2 3 2 632 669 633
226 2 2 3 2 584 658 586
227 2 2 3 2 576 647 582
228 2 2 3 2 612 654 635
229 2 2 3 2 651 664 574
230 2 2 3 2 95 649 599
231 2 2 3 2 650 652 619
232 2 2 3 2 580 647 576
233 2 2 3 2 623 656 573
234 2 2 3 2 607 658 584
235 2 2 3 2 574 664 640
236 2 2 3 2 605 659 603
237 2 2 3 2 62 661 639
238 2 2 3 2 577 637 98
239 2 2 3 2 603 660 604
240 2 2 3 2 643 650 577
241 2 2 3 2 577 657 637
242 2 2 3 2 650 657 577
243 2 2 3 2 605 665 659
244 2 2 3 2 99 643 577
245 2 2 3 2 630 665 605
246 2 2 3 2 659 660 603
247 2 2 3 2 659 665 73
248 2 2 3 2 619 657 650
249 2 2 3 2 623 667 656
250 2 2 3 2 655 667 623
251 2 2 3 2 72 660 659
252 2 2 3 2 656 667 597
253 2 2 3 2 56 667 655
254 2 2 3 2 56 655 4
255 2 2 3 2 2 599 43
256 2 2 3 2 94 599 2
257 2 2 3 2 76 643 6
258 2 2 3 2 6 643 100
259 2 2 3 3 81 683 673
260 2 2 3 3 672 684 78
261 2 2 3 3 77 680 671
262 2 2 3 3 673 686 82
263 2 2 3 3 82 686 8
264 2 2 3 3 671 678 77
265 2 2 3 3 78 684 674
266 2 2 3 3 675 683 81
267 2 2 3 3 685 687 681
268 2 2 3 3 80 675 81
269 2 2 3 3 78 674 79
270 2 2 3 3 77 672 78
271 2 2 3 3 81 673 82
272 2 2 3 3 676 687 682
273 2 2 3 3 80 687 685
274 2 2 3 3 79 687 80
275 2 2 3 3 682 687 79
276 2 2 3 3 86 679 85
277 2 2 3 3 83 680 84
278 2 2 3 3 5 688 83
279 2 2 3 3 85 689 6
280 2 2 3 3 75 677 74
281 2 2 3 3 670 689 679
282 2 2 3 3 680 688 671
283 2 2 3 3 83 688 680
284 2 2 3 3 679 689 85
285 2 2 3 3 76 670 75
286 2 2 3 3 63 671 62
287 2 2 3 3 68 682 67
288 2 2 3 3 73 683 72
289 2 2 3 3 64 678 63
290 2 2 3 3 6 689 76
291 2 2 3 3 62 688 5
292 2 2 3 3 76 689 670
293 2 2 3 3 671 688 62
294 2 2 3 3 69 676 68
295 2 2 3 3 72 675 71
296 2 2 3 3 67 674 66
297 2 2 3 3 74 673 73
298 2 2 3 3 65 672 64
299 2 2 3 3 70 681 69
300 2 2 3 3 66 684 65
301 2 2 3 3 71 685 70
302 2 2 3 3 670 677 75
303 2 2 3 3 63 678 671
304 2 2 3 3 74 677 673
305 2 2 3 3 679 686 670
306 2 2 3 3 676 682 68
307 2 2 3 3 67 682 674
308 2 2 3 3 72 683 675
309 2 2 3 3 673 683 73
310 2 2 3 3 672 678 64
311 2 2 3 3 69 681 676
312 2 2 3 3 674 684 66
313 2 2 3 3 675 685 71
314 2 2 3 3 65 684 672
315 2 2 3 3 70 685 681
316 2 2 3 3 670 686 677
317 2 2 3 3 681 687 676
318 2 2 3 3 7 680 77
319 2 2 3 3 84 680 7
320 2 2 3 3 8 679 86
321 2 2 3 3 8 686 679
322 2 2 3 3 77 678 672
323 2 2 3 3 674 682 79
324 2 2 3 3 80 685 675
325 2 2 3 3 677 686 673
326 2 2 3 4 705 716 700
327 2 2 3 4 708 712 691
328 2 2 3 4 700 719 705
329 2 2 3 4 712 722 691
330 2 2 3 4 704 715 110
331 2 2 3 4 110 721 704
332 2 2 3 4 696 716 705
333 2 2 3 4 709 711 105
334 2 2 3 4 105 711 696
335 2 2 3 4 105 696 106
336 2 2 3 4 696 705 106
337 2 2 3 4 706 722 699
338 2 2 3 4 108 695 109
339 2 2 3 4 705 719 695
340 2 2 3 4 110 715 710
341 2 2 3 4 695 719 702
342 2 2 3 4 9 713 108
343 2 2 3 4 697 701 692
344 2 2 3 4 109 721 110
345 2 2 3 4 691 717 708
346 2 2 3 4 695 721 109
347 2 2 3 4 699 722 703
348 2 2 3 4 690 706 699
349 2 2 3 4 106 705 107
350 2 2 3 4 107 713 9
351 2 2 3 4 699 703 702
352 2 2 3 4 77 714 7
353 2 2 3 4 7 714 101
354 2 2 3 4 702 721 695
355 2 2 3 4 701 707 692
356 2 2 3 4 707 714 692
357 2 2 3 4 8 717 82
358 2 2 3 4 114 717 8
359 2 2 3 4 703 712 704
360 2 2 3 4 695 713 705
361 2 2 3 4 108 713 695
362 2 2 3 4 707 720 693
363 2 2 3 4 113 708 114
364 2 2 3 4 691 706 81
365 2 2 3 4 707 718 714
366 2 2 3 4 78 697 692
367 2 2 3 4 716 720 701
368 2 2 3 4 80 706 690
369 2 2 3 4 78 692 77
370 2 2 3 4 82 691 81
371 2 2 3 4 690 697 79
372 2 2 3 4 696 720 716
373 2 2 3 4 705 713 107
374 2 2 3 4 81 706 80
375 2 2 3 4 704 721 702
376 2 2 3 4 80 690 79
377 2 2 3 4 698 716 701
378 2 2 3 4 712 715 704
379 2 2 3 4 102 693 103
380 2 2 3 4 112 694 113
381 2 2 3 4 79 697 78
382 2 2 3 4 690 698 697
383 2 2 3 4 699 702 700
384 2 2 3 4 703 704 702
385 2 2 3 4 690 699 698
386 2 2 3 4 698 701 697
387 2 2 3 4 694 715 712
388 2 2 3 4 693 720 711
389 2 2 3 4 700 716 698
390 2 2 3 4 101 718 102
391 2 2 3 4 699 700 698
392 2 2 3 4 694 708 113
393 2 2 3 4 103 709 104
394 2 2 3 4 111 710 112
395 2 2 3 4 703 722 712
396 2 2 3 4 710 715 694
397 2 2 3 4 711 720 696
398 2 2 3 4 694 712 708
399 2 2 3 4 82 717 691
400 2 2 3 4 708 717 114
401 2 2 3 4 693 718 707
402 2 2 3 4 692 714 77
403 2 2 3 4 693 711 709
404 2 2 3 4 102 718 693
405 2 2 3 4 714 718 101
406 2 2 3 4 691 722 706
407 2 2 3 4 693 709 103
408 2 2 3 4 112 710 694
409 2 2 3 4 702 719 700
410 2 2 3 4 701 720 707
411 2 2 3 4 110 710 10
412 2 2 3 4 10 710 111
413 2 2 3 4 104 709 11
414 2 2 3 4 11 709 105
415 2 2 5 31 2527 2495 2560
416 2 2 5 31 2524 2528 2548
417 2 2 5 31 2546 2541 2592
418 2 2 5 31 2495 2527 2570
419 2 2 5 31 2532 2497 2552
420 2 2 5 31 2543 2505 2545
421 2 2 5 31 2534 2491 2535
422 2 2 5 31 427 2530 2567
423 2 2 5 31 2540 2541 2546
424 2 2 5 31 2550 2504 2571
425 2 2 5 31 430 2505 2556
426 2 2 5 31 2507 2532 2552
427 2 2 5 31 2505 2543 2555
428 2 2 5 31 2530 427 2586
429 2 2 5 31 2528 2524 2577
430 2 2 5 31 2495 423 2559
431 2 2 5 31 2535 2491 2574
432 2 2 5 31 2541 2544 2592
433 2 2 5 31 2532 2555 2564
434 2 2 5 31 2497 2532 2564
435 2 2 5 31 2504 2550 2589
436 2 2 5 31 2501 2507 2552
437 2 2 5 31 430 2556 2591
438 2 2 5 31 2530 2533 2567
439 2 2 5 31 26 2501 2552
440 2 2 5 31 2526 2528 2577
441 2 2 5 31 376 2496 2540
442 2 2 5 31 2533 2530 2573
443 2 2 5 31 432 2569 2576
444 2 2 5 31 434 2524 2548
445 2 2 5 31 2548 2528 2562
446 2 2 5 31 375 376 2540
447 2 2 5 31 2560 2495 2572
448 2 2 5 31 386 387 2537
449 2 2 5 31 2526 2577 2590
450 2 2 5 31 2490 386 2537
451 2 2 5 31 2555 2532 2556
452 2 2 5 31 2490 2537 2579
453 2 2 5 31 2525 375 2594
454 2 2 5 31 2518 2515 2536
455 2 2 5 31 387 2523 2537
456 2 2 5 31 2518 2536 2547
457 2 2 5 31 387 388 2523
458 2 2 5 31 423 424 2559
459 2 2 5 31 2540 2496 2541
460 2 2 5 31 2547 2490 2579
461 2 2 5 31 430 431 2505
462 2 2 5 31 2520 2518 2547
463 2 2 5 31 425 426 2498
464 2 2 5 31 377 378 2551
465 2 2 5 31 2545 2505 2578
466 2 2 5 31 434 433 2524
467 2 2 5 31 2535 2539 2588
468 2 2 5 31 2583 2563 2592
469 2 2 5 31 2533 2498 2567
470 2 2 5 31 376 377 2496
471 2 2 5 31 2537 2523 2538
472 2 2 5 31 2495 2559 2572
473 2 2 5 31 2527 2566 2570
474 2 2 5 31 2566 2527 2590
475 2 2 5 31 378 2497 2551
476 2 2 5 31 436 435 2492
477 2 2 5 31 2492 2548 2562
478 2 2 5 31 2561 2538 2582
479 2 2 5 31 422 423 2495
480 2 2 5 31 2514 2534 2535
481 2 2 5 31 2538 2520 2579
482 2 2 5 31 2519 2518 2520
483 2 2 5 31 419 420 2500
484 2 2 5 31 2519 2520 2553
485 2 2 5 31 2514 2511 2534
486 2 2 5 31 2507 2531 2532
487 2 2 5 31 2498 2533 2584
488 2 2 5 31 2515 2514 2536
489 2 2 5 31 2536 2535 2588
490 2 2 5 31 436 2492 2554
491 2 2 5 31 2496 377 2551
492 2 2 5 31 2513 2511 2514
493 2 2 5 31 385 386 2490
494 2 2 5 31 435 434 2548
495 2 2 5 31 2517 2515 2518
496 2 2 5 31 433 28 2587
497 2 2 5 31 2520 2538 2580
498 2 2 5 31 384 385 2539
499 2 2 5 31 2511 2509 2534
500 2 2 5 31 2527 2526 2590
501 2 2 5 31 2522 2519 2553
502 2 2 5 31 2538 2523 2582
503 2 2 5 31 2517 2518 2519
504 2 2 5 31 2539 2535 2574
505 2 2 5 31 2513 2514 2515
506 2 2 5 31 432 2576 2578
507 2 2 5 31 382 383 2491
508 2 2 5 31 2491 2534 2589
509 2 2 5 31 425 2498 2595
510 2 2 5 31 439 438 2549
511 2 2 5 31 2521 2519 2522
512 2 2 5 31 438 437 2499
513 2 2 5 31 2541 2543 2544
514 2 2 5 31 437 436 2554
515 2 2 5 31 2514 2535 2536
516 2 2 5 31 378 379 2497
517 2 2 5 31 2498 2558 2595
518 2 2 5 31 2520 2547 2579
519 2 2 5 31 2563 2494 2592
520 2 2 5 31 385 2490 2539
521 2 2 5 31 2517 2519 2521
522 2 2 5 31 2526 2522 2528
523 2 2 5 31 2509 2504 2589
524 2 2 5 31 2521 2522 2526
525 2 2 5 31 2516 2515 2517
526 2 2 5 31 381 382 2550
527 2 2 5 31 2505 431 2578
528 2 2 5 31 2546 2494 2575
529 2 2 5 31 2521 2526 2527
530 2 2 5 31 379 26 2552
531 2 2 5 31 2528 2522 2562
532 2 2 5 31 2498 426 2567
533 2 2 5 31 2541 2496 2542
534 2 2 5 31 2500 420 2566
535 2 2 5 31 2566 421 2570
536 2 2 5 31 2542 2496 2551
537 2 2 5 31 426 427 2567
538 2 2 5 31 375 2540 2594
539 2 2 5 31 2516 2517 2560
540 2 2 5 31 419 2500 2565
541 2 2 5 31 2513 2515 2516
542 2 2 5 31 2517 2521 2560
543 2 2 5 31 2512 2558 2584
544 2 2 5 31 2522 2553 2562
545 2 2 5 31 2492 435 2548
546 2 2 5 31 2512 2557 2558
547 2 2 5 31 2505 2555 2556
548 2 2 5 31 420 421 2566
549 2 2 5 31 384 2539 2574
550 2 2 5 31 2532 2531 2556
551 2 2 5 31 2521 2527 2560
552 2 2 5 31 2544 2583 2592
553 2 2 5 31 2513 2516 2557
554 2 2 5 31 2512 2513 2557
555 2 2 5 31 418 419 2565
556 2 2 5 31 403 402 2494
557 2 2 5 31 2555 2542 2564
558 2 2 5 31 2512 2511 2513
559 2 2 5 31 2554 2492 2568
560 2 2 5 31 2558 2557 2559
561 2 2 5 31 2550 2491 2589
562 2 2 5 31 2523 388 2593
563 2 2 5 31 2499 2554 2561
564 2 2 5 31 380 381 2571
565 2 2 5 31 2551 2497 2564
566 2 2 5 31 438 2499 2549
567 2 2 5 31 383 384 2574
568 2 2 5 31 2565 2524 2587
569 2 2 5 31 26 380 2493
570 2 2 5 31 421 422 2570
571 2 2 5 31 2544 2543 2545
572 2 2 5 31 382 2491 2550
573 2 2 5 31 2542 2551 2564
574 2 2 5 31 2524 2565 2577
575 2 2 5 31 402 401 2575
576 2 2 5 31 2524 433 2587
577 2 2 5 31 2510 2509 2511
578 2 2 5 31 2508 2510 2533
579 2 2 5 31 2508 2504 2509
580 2 2 5 31 422 2495 2570
581 2 2 5 31 2491 383 2574
582 2 2 5 31 2499 437 2554
583 2 2 5 31 429 430 2591
584 2 2 5 31 2502 2493 2504
585 2 2 5 31 2510 2511 2512
586 2 2 5 31 2508 2509 2510
587 2 2 5 31 2516 2560 2572
588 2 2 5 31 2558 2498 2584
589 2 2 5 31 2541 2542 2543
590 2 2 5 31 2575 2525 2594
591 2 2 5 31 2497 379 2552
592 2 2 5 31 2561 2554 2568
593 2 2 5 31 23 439 2581
594 2 2 5 31 2562 2553 2568
595 2 2 5 31 2534 2509 2589
596 2 2 5 31 2559 2557 2572
597 2 2 5 31 2565 2500 2577
598 2 2 5 31 381 2550 2571
599 2 2 5 31 2529 2506 2530
600 2 2 5 31 404 403 2563
601 2 2 5 31 2546 2575 2594
602 2 2 5 31 431 432 2578
603 2 2 5 31 2490 2547 2588
604 2 2 5 31 2507 2529 2531
605 2 2 5 31 2501 2506 2507
606 2 2 5 31 2492 2562 2568
607 2 2 5 31 2543 2542 2555
608 2 2 5 31 2561 2568 2580
609 2 2 5 31 28 418 2587
610 2 2 5 31 2502 2504 2508
611 2 2 5 31 2557 2516 2572
612 2 2 5 31 2494 2546 2592
613 2 2 5 31 2547 2536 2588
614 2 2 5 31 2493 380 2571
615 2 2 5 31 2499 2561 2582
616 2 2 5 31 401 400 2525
617 2 2 5 31 26 2493 2501
618 2 2 5 31 2494 402 2575
619 2 2 5 31 427 428 2586
620 2 2 5 31 2553 2520 2580
621 2 2 5 31 2568 2553 2580
622 2 2 5 31 2501 2493 2502
623 2 2 5 31 428 429 2585
624 2 2 5 31 405 404 2503
625 2 2 5 31 2537 2538 2579
626 2 2 5 31 2539 2490 2588
627 2 2 5 31 2540 2546 2594
628 2 2 5 31 2501 2502 2506
629 2 2 5 31 2507 2506 2529
630 2 2 5 31 2508 2533 2573
631 2 2 5 31 406 405 2569
632 2 2 5 31 439 2549 2581
633 2 2 5 31 2504 2493 2571
634 2 2 5 31 2530 2506 2573
635 2 2 5 31 424 425 2595
636 2 2 5 31 2559 424 2595
637 2 2 5 31 2544 2545 2583
638 2 2 5 31 403 2494 2563
639 2 2 5 31 2558 2559 2595
640 2 2 5 31 2510 2512 2584
641 2 2 5 31 2502 2508 2573
642 2 2 5 31 2538 2561 2580
643 2 2 5 31 2577 2500 2590
644 2 2 5 31 401 2525 2575
645 2 2 5 31 2576 2545 2578
646 2 2 5 31 2506 2502 2573
647 2 2 5 31 2549 2499 2582
648 2 2 5 31 2533 2510 2584
649 2 2 5 31 2500 2566 2590
650 2 2 5 31 2531 2529 2585
651 2 2 5 31 418 2565 2587
652 2 2 5 31 2503 404 2563
653 2 2 5 31 2529 2530 2586
654 2 2 5 31 2569 2503 2576
655 2 2 5 31 2503 2563 2583
656 2 2 5 31 2576 2503 2583
657 2 2 5 31 2531 2585 2591
658 2 2 5 31 405 2503 2569
659 2 2 5 31 2556 2531 2591
660 2 2 5 31 2585 2529 2586
661 2 2 5 31 2585 429 2591
662 2 2 5 31 2545 2576 2583
663 2 2 5 31 2549 2582 2593
664 2 2 5 31 2581 2549 2593
665 2 2 5 31 428 2585 2586
666 2 2 5 31 2582 2523 2593
667 2 2 5 31 388 2581 2593
668 2 2 5 31 388 23 2581
669 2 2 5 31 25 375 2525
670 2 2 5 31 400 25 2525
671 2 2 5 31 432 27 2569
672 2 2 5 31 27 406 2569
673 2 2 5 35 468 2709 2719
674 2 2 5 35 2708 465 2720
675 2 2 5 35 464 2707 2716
676 2 2 5 35 2709 469 2722
677 2 2 5 35 469 29 2722
678 2 2 5 35 2707 464 2714
679 2 2 5 35 465 2710 2720
680 2 2 5 35 2711 468 2719
681 2 2 5 35 2721 2717 2723
682 2 2 5 35 467 468 2711
683 2 2 5 35 465 466 2710
684 2 2 5 35 464 465 2708
685 2 2 5 35 468 469 2709
686 2 2 5 35 2712 2718 2723
687 2 2 5 35 467 2721 2723
688 2 2 5 35 466 467 2723
689 2 2 5 35 2718 466 2723
690 2 2 5 35 452 451 2715
691 2 2 5 35 470 471 2716
692 2 2 5 35 28 470 2724
693 2 2 5 35 451 27 2725
694 2 2 5 35 431 430 2713
695 2 2 5 35 2706 2715 2725
696 2 2 5 35 2716 2707 2724
697 2 2 5 35 470 2716 2724
698 2 2 5 35 2715 451 2725
699 2 2 5 35 432 431 2706
700 2 2 5 35 419 418 2707
701 2 2 5 35 424 423 2718
702 2 2 5 35 429 428 2719
703 2 2 5 35 420 419 2714
704 2 2 5 35 27 432 2725
705 2 2 5 35 418 28 2724
706 2 2 5 35 432 2706 2725
707 2 2 5 35 2707 418 2724
708 2 2 5 35 425 424 2712
709 2 2 5 35 428 427 2711
710 2 2 5 35 423 422 2710
711 2 2 5 35 430 429 2709
712 2 2 5 35 421 420 2708
713 2 2 5 35 426 425 2717
714 2 2 5 35 422 421 2720
715 2 2 5 35 427 426 2721
716 2 2 5 35 2706 431 2713
717 2 2 5 35 419 2707 2714
718 2 2 5 35 430 2709 2713
719 2 2 5 35 2715 2706 2722
720 2 2 5 35 2712 424 2718
721 2 2 5 35 423 2710 2718
722 2 2 5 35 428 2711 2719
723 2 2 5 35 2709 429 2719
724 2 2 5 35 2708 420 2714
725 2 2 5 35 425 2712 2717
726 2 2 5 35 2710 422 2720
727 2 2 5 35 2711 427 2721
728 2 2 5 35 421 2708 2720
729 2 2 5 35 426 2717 2721
730 2 2 5 35 2706 2713 2722
731 2 2 5 35 2717 2712 2723
732 2 2 5 35 30 464 2716
733 2 2 5 35 471 30 2716
734 2 2 5 35 29 452 2715
735 2 2 5 35 29 2715 2722
736 2 2 5 35 464 2708 2714
737 2 2 5 35 2710 466 2718
738 2 2 5 35 467 2711 2721
739 2 2 5 35 2713 2709 2722
740 2 2 5 40 2895 2890 2906
741 2 2 5 40 2898 2881 2902
742 2 2 5 40 2890 2895 2909
743 2 2 5 40 2902 2881 2912
744 2 2 5 40 2894 500 2905
745 2 2 5 40 500 2894 2911
746 2 2 5 40 2886 2895 2906
747 2 2 5 40 2899 512 2901
748 2 2 5 40 512 2886 2901
749 2 2 5 40 512 513 2886
750 2 2 5 40 2886 513 2895
751 2 2 5 40 2896 2889 2912
752 2 2 5 40 498 499 2885
753 2 2 5 40 2895 2885 2909
754 2 2 5 40 500 2900 2905
755 2 2 5 40 2885 2892 2909
756 2 2 5 40 32 498 2903
757 2 2 5 40 2887 2882 2891
758 2 2 5 40 499 500 2911
759 2 2 5 40 2881 2898 2907
760 2 2 5 40 2885 499 2911
761 2 2 5 40 2889 2893 2912
762 2 2 5 40 2880 2889 2896
763 2 2 5 40 513 514 2895
764 2 2 5 40 514 32 2903
765 2 2 5 40 2889 2892 2893
766 2 2 5 40 464 30 2904
767 2 2 5 40 30 515 2904
768 2 2 5 40 2892 2885 2911
769 2 2 5 40 2891 2882 2897
770 2 2 5 40 2897 2882 2904
771 2 2 5 40 29 469 2907
772 2 2 5 40 486 29 2907
773 2 2 5 40 2893 2894 2902
774 2 2 5 40 2885 2895 2903
775 2 2 5 40 498 2885 2903
776 2 2 5 40 2897 2883 2910
777 2 2 5 40 485 486 2898
778 2 2 5 40 2881 468 2896
779 2 2 5 40 2897 2904 2908
780 2 2 5 40 465 2882 2887
781 2 2 5 40 2906 2891 2910
782 2 2 5 40 467 2880 2896
783 2 2 5 40 465 464 2882
784 2 2 5 40 469 468 2881
785 2 2 5 40 2880 466 2887
786 2 2 5 40 2886 2906 2910
787 2 2 5 40 2895 514 2903
788 2 2 5 40 468 467 2896
789 2 2 5 40 2894 2892 2911
790 2 2 5 40 467 466 2880
791 2 2 5 40 2888 2891 2906
792 2 2 5 40 2902 2894 2905
793 2 2 5 40 516 517 2883
794 2 2 5 40 484 485 2884
795 2 2 5 40 466 465 2887
796 2 2 5 40 2880 2887 2888
797 2 2 5 40 2889 2890 2892
798 2 2 5 40 2893 2892 2894
799 2 2 5 40 2880 2888 2889
800 2 2 5 40 2888 2887 2891
801 2 2 5 40 2884 2902 2905
802 2 2 5 40 2883 2901 2910
803 2 2 5 40 2890 2888 2906
804 2 2 5 40 515 516 2908
805 2 2 5 40 2889 2888 2890
806 2 2 5 40 2884 485 2898
807 2 2 5 40 517 518 2899
808 2 2 5 40 483 484 2900
809 2 2 5 40 2893 2902 2912
810 2 2 5 40 2900 2884 2905
811 2 2 5 40 2901 2886 2910
812 2 2 5 40 2884 2898 2902
813 2 2 5 40 469 2881 2907
814 2 2 5 40 2898 486 2907
815 2 2 5 40 2883 2897 2908
816 2 2 5 40 2882 464 2904
817 2 2 5 40 2883 2899 2901
818 2 2 5 40 516 2883 2908
819 2 2 5 40 2904 515 2908
820 2 2 5 40 2881 2896 2912
821 2 2 5 40 2883 517 2899
822 2 2 5 40 484 2884 2900
823 2 2 5 40 2892 2890 2909
824 2 2 5 40 2891 2897 2910
825 2 2 5 40 500 31 2900
826 2 2 5 40 31 483 2900
827 2 2 5 40 518 33 2899
828 2 2 5 40 33 512 2899
829 3 2 3 1 4 57 519 56
830 3 2 3 1 56 519 520 55
831 3 2 3 1 55 520 521 54
832 3 2 3 1 54 521 522 53
833 3 2 3 1 53 522 523 52
834 3 2 3 1 52 523 524 51
835 3 2 3 1 51 524 525 50
836 3 2 3 1 50 525 526 49
837 3 2 3 1 49 526 527 48
838 3 2 3 1 48 527 47 3
839 3 2 3 1 57 58 528 519
840 3 2 3 1 519 528 529 520
841 3 2 3 1 520 529 530 521
842 3 2 3 1 521 530 531 522
843 3 2 3 1 522 531 532 523
844 3 2 3 1 523 532 533 524
845 3 2 3 1 524 533 534 525
846 3 2 3 1 525 534 535 526
847 3 2 3 1 526 535 536 527
848 3 2 3 1 527 536 46 47
849 3 2 3 1 58 59 537 528
850 3 2 3 1 528 537 538 529
851 3 2 3 1 529 538 539 530
852 3 2 3 1 530 539 540 531
853 3 2 3 1 531 540 541 532
854 3 2 3 1 532 541 542 533
855 3 2 3 1 533 542 543 534
856 3 2 3 1 534 543 544 535
857 3 2 3 1 535 544 545 536
858 3 2 3 1 536 545 45 46
859 3 2 3 1 59 60 546 537
860 3 2 3 1 537 546 547 538
861 3 2 3 1 538 547 548 539
862 3 2 3 1 539 548 549 540
863 3 2 3 1 540 549 550 541
864 3 2 3 1 541 550 551 542
865 3 2 3 1 542 551 552 543
866 3 2 3 1 543 552 553 544
867 3 2 3 1 544 553 554 545
868 3 2 3 1 545 554 44 45
869 3 2 3 1 60 61 555 546
870 3 2 3 1 546 555 556 547
871 3 2 3 1 547 556 557 548
872 3 2 3 1 548 557 558 549
873 3 2 3 1 549 558 559 550
874 3 2 3 1 550 559 560 551
875 3 2 3 1 551 560 561 552
876 3 2 3 1 552 561 562 553
877 3 2 3 1 553 562 563 554
878 3 2 3 1 554 563 43 44
879 3 2 3 1 61 1 34 555
880 3 2 3 1 555 34 35 556
881 3 2 3 1 556 35 36 557
882 3 2 3 1 557 36 37 558
883 3 2 3 1 558 37 38 559
884 3 2 3 1 559 38 39 560
885 3 2 3 1 560 39 40 561
886 3 2 3 1 561 40 41 562
887 3 2 3 1 562 41 42 563
888 3 2 3 1 563 42 2 43
889 3 2 4 5 4 115 723 57
890 3 2 4 5 115 116 724 723
891 3 2 4 5 116 117 725 724
892 3 2 4 5 117 118 726 725
893 3 2 4 5 118 119 727 726
894 3 2 4 5 119 120 728 727
895 3 2 4 5 120 121 729 728
896 3 2 4 5 121 122 730 729
897 3 2 4 5 122 123 731 730
898 3 2 4 5 123 124 732 731
899 3 2 4 5 124 125 733 732
900 3 2 4 5 125 12 137 733
901 3 2 4 5 57 723 734 58
902 3 2 4 5 723 724 735 734
903 3 2 4 5 724 725 736 735
904 3 2 4 5 725 726 737 736
905 3 2 4 5 726 727 738 737
906 3 2 4 5 727 728 739 738
907 3 2 4 5 728 729 740 739
908 3 2 4 5 729 730 741 740
909 3 2 4 5 730 731 742 741
910 3 2 4 5 731 732 743 742
911 3 2 4 5 732 733 744 743
912 3 2 4 5 733 137 138 744
913 3 2 4 5 58 734 745 59
914 3 2 4 5 734 735 746 745
915 3 2 4 5 735 736 747 746
916 3 2 4 5 736 737 748 747
917 3 2 4 5 737 738 749 748
918 3 2 4 5 738 739 750 749
919 3 2 4 5 739 740 751 750
920 3 2 4 5 740 741 752 751
921 3 2 4 5 741 742 753 752
922 3 2 4 5 742 743 754 753
923 3 2 4 5 743 744 755 754
924 3 2 4 5 744 138 139 755
925 3 2 4 5 59 745 756 60
926 3 2 4 5 745 746 757 756
927 3 2 4 5 746 747 758 757
928 3 2 4 5 747 748 759 758
929 3 2 4 5 748 749 760 759
930 3 2 4 5 749 750 761 760
931 3 2 4 5 750 751 762 761
932 3 2 4 5 751 752 763 762
933 3 2 4 5 752 753 764 763
934 3 2 4 5 753 754 765 764
935 3 2 4 5 754 755 766 765
936 3 2 4 5 755 139 140 766
937 3 2 4 5 60 756 767 61
938 3 2 4 5 756 757 768 767
939 3 2 4 5 757 758 769 768
940 3 2 4 5 758 759 770 769
941 3 2 4 5 759 760 771 770
942 3 2 4 5 760 761 772 771
943 3 2 4 5 761 762 773 772
944 3 2 4 5 762 763 774 773
945 3 2 4 5 763 764 775 774
946 3 2 4 5 764 765 776 775
947 3 2 4 5 765 766 777 776
948 3 2 4 5 766 140 141 777
949 3 2 4 5 61 767 126 1
950 3 2 4 5 767 768 127 126
951 3 2 4 5 768 769 128 127
952 3 2 4 5 769 770 129 128
953 3 2 4 5 770 771 130 129
954 3 2 4 5 771 772 131 130
955 3 2 4 5 772 773 132 131
956 3 2 4 5 773 774 133 132
957 3 2 4 5 774 775 134 133
958 3 2 4 5 775 776 135 134
959 3 2 4 5 776 777 136 135
960 3 2 4 5 777 141 13 136
961 3 2 5 6 1 126 778 34
962 3 2 5 6 126 127 779 778
963 3 2 5 6 127 128 780 779
964 3 2 5 6 128 129 781 780
965 3 2 5 6 129 130 782 781
966 3 2 5 6 130 131 783 782
967 3 2 5 6 131 132 784 783
968 3 2 5 6 132 133 785 784
969 3 2 5 6 133 134 786 785
970 3 2 5 6 134 135 787 786
971 3 2 5 6 135 136 788 787
972 3 2 5 6 136 13 153 788
973 3 2 5 6 34 778 789 35
974 3 2 5 6 778 779 790 789
975 3 2 5 6 779 780 791 790
976 3 2 5 6 780 781 792 791
977 3 2 5 6 781 782 793 792
978 3 2 5 6 782 783 794 793
979 3 2 5 6 783 784 795 794
980 3 2 5 6 784 785 796 795
981 3 2 5 6 785 786 797 796
982 3 2 5 6 786 787 798 797
983 3 2 5 6 787 788 799 798
984 3 2 5 6 788 153 154 799
985 3 2 5 6 35 789 800 36
986 3 2 5 6 789 790 801 800
987 3 2 5 6 790 791 802 801
988 3 2 5 6 791 792 803 802
989 3 2 5 6 792 793 804 803
990 3 2 5 6 793 794 805 804
991 3 2 5 6 794 795 806 805
992 3 2 5 6 795 796 807 806
993 3 2 5 6 796 797 808 807
994 3 2 5 6 797 798 809 808
995 3 2 5 6 798 799 810 809
996 3 2 5 6 799 154 155 810
997 3 2 5 6 36 800 811 37
998 3 2 5 6 800 801 812 811
999 3 2 5 6 801 802 813 812
1000 3 2 5 6 802 803 814 813
1001 3 2 5 6 803 804 815 814
1002 3 2 5 6 804 805 816 815
1003 3 2 5 6 805 806 817 816
1004 3 2 5 6 806 807 818 817
1005 3 2 5 6 807 808 819 818
1006 3 2 5 6 808 809 820 819
1007 3 2 5 6 809 810 821 820
1008 3 2 5 6 810 155 156 821
1009 3 2 5 6 37 811 822 38
1010 3 2 5 6 811 812 823 822
1011 3 2 5 6 812 813 824 823
1012 3 2 5 6 813 814 825 824
1013 3 2 5 6 814 815 826 825
1014 3 2 5 6 815 816 827 826
1015 3 2 5 6 816 817 828 827
1016 3 2 5 6 817 818 829 828
1017 3 2 5 6 818 819 830 829
1018 3 2 5 6 819 820 831 830
1019 3 2 5 6 820 821 832 831
1020 3 2 5 6 821 156 157 832
1021 3 2 5 6 38 822 833 39
1022 3 2 5 6 822 823 834 833
1023 3 2 5 6 823 824 835 834
1024 3 2 5 6 824 825 836 835
1025 3 2 5 6 825 826 837 836
1026 3 2 5 6 826 827 838 837
1027 3 2 5 6 827 828 839 838
1028 3 2 5 6 828 829 840 839
1029 3 2 5 6 829 830 841 840
1030 3 2 5 6 830 831 842 841
1031 3 2 5 6 831 832 843 842
1032 3 2 5 6 832 157 158 843
1033 3 2 5 6 39 833 844 40
1034 3 2 5 6 833 834 845 844
1035 3 2 5 6 834 835 846 845
1036 3 2 5 6 835 836 847 846
1037 3 2 5 6 836 837 848 847
1038 3 2 5 6 837 838 849 848
1039 3 2 5 6 838 839 850 849
1040 3 2 5 6 839 840 851 850
1041 3 2 5 6 840 841 852 851
1042 3 2 5 6 841 842 853 852
1043 3 2 5 6 842 843 854 853
1044 3 2 5 6 843 158 159 854
1045 3 2 5 6 40 844 855 41
1046 3 2 5 6 844 845 856 855
1047 3 2 5 6 845 846 857 856
1048 3 2 5 6 846 847 858 857
1049 3 2 5 6 847 848 859 858
1050 3 2 5 6 848 849 860 859
1051 3 2 5 6 849 850 861 860
1052 3 2 5 6 850 851 862 861
1053 3 2 5 6 851 852 863 862
1054 3 2 5 6 852 853 864 863
1055 3 2 5 6 853 854 865 864
1056 3 2 5 6 854 159 160 865
1057 3 2 5 6 41 855 866 42
1058 3 2 5 6 855 856 867 866
1059 3 2 5 6 856 857 868 867
1060 3 2 5 6 857 858 869 868
1061 3 2 5 6 858 859 870 869
1062 3 2 5 6 859 860 871 870
1063 3 2 5 6 860 861 872 871
1064 3 2 5 6 861 862 873 872
1065 3 2 5 6 862 863 874 873
1066 3 2 5 6 863 864 875 874
1067 3 2 5 6 864 865 876 875
1068 3 2 5 6 865 160 161 876
1069 3 2 5 6 42 866 142 2
1070 3 2 5 6 866 867 143 142
1071 3 2 5 6 867 868 144 143
1072 3 2 5 6 868 869 145 144
1073 3 2 5 6 869 870 146 145
1074 3 2 5 6 870 871 147 146
1075 3 2 5 6 871 872 148 147
1076 3 2 5 6 872 873 149 148
1077 3 2 5 6 873 874 150 149
1078 3 2 5 6 874 875 151 150
1079 3 2 5 6 875 876 152 151
1080 3 2 5 6 876 161 14 152
1081 3 2 2 7 2 142 877 43
1082 3 2 2 7 142 143 878 877
1083 3 2 2 7 143 144 879 878
1084 3 2 2 7 144 145 880 879
1085 3 2 2 7 145 146 881 880
1086 3 2 2 7 146 147 882 881
1087 3 2 2 7 147 148 883 882
1088 3 2 2 7 148 149 884 883
1089 3 2 2 7 149 150 885 884
1090 3 2 2 7 150 151 886 885
1091 3 2 2 7 151 152 887 886
1092 3 2 2 7 152 14 173 887
1093 3 2 2 7 43 877 888 44
1094 3 2 2 7 877 878 889 888
1095 3 2 2 7 878 879 890 889
1096 3 2 2 7 879 880 891 890
1097 3 2 2 7 880 881 892 891
1098 3 2 2 7 881 882 893 892
1099 3 2 2 7 882 883 894 893
1100 3 2 2 7 883 884 895 894
1101 3 2 2 7 884 885 896 895
1102 3 2 2 7 885 886 897 896
1103 3 2 2 7 886 887 898 897
1104 3 2 2 7 887 173 174 898
1105 3 2 2 7 44 888 899 45
1106 3 2 2 7 888 889 900 899
1107 3 2 2 7 889 890 901 900
1108 3 2 2 7 890 891 902 901
1109 3 2 2 7 891 892 903 902
1110 3 2 2 7 892 893 904 903
1111 3 2 2 7 893 894 905 904
1112 3 2 2 7 894 895 906 905
1113 3 2 2 7 895 896 907 906
1114 3 2 2 7 896 897 908 907
1115 3 2 2 7 897 898 909 908
1116 3 2 2 7 898 174 175 909
1117 3 2 2 7 45 899 910 46
1118 3 2 2 7 899 900 911 910
1119 3 2 2 7 900 901 912 911
1120 3 2 2 7 901 902 913 912
1121 3 2 2 7 902 903 914 913
1122 3 2 2 7 903 904 915 914
1123 3 2 2 7 904 905 916 915
1124 3 2 2 7 905 906 917 916
1125 3 2 2 7 906 907 918 917
1126 3 2 2 7 907 908 919 918
1127 3 2 2 7 908 909 920 919
1128 3 2 2 7 909 175 176 920
1129 3 2 2 7 46 910 921 47
1130 3 2 2 7 910 911 922 921
1131 3 2 2 7 911 912 923 922
1132 3 2 2 7 912 913 924 923
1133 3 2 2 7 913 914 925 924
1134 3 2 2 7 914 915 926 925
1135 3 2 2 7 915 916 927 926
1136 3 2 2 7 916 917 928 927
1137 3 2 2 7 917 918 929 928
1138 3 2 2 7 918 919 930 929
1139 3 2 2 7 919 920 931 930
1140 3 2 2 7 920 176 177 931
1141 3 2 2 7 47 921 162 3
1142 3 2 2 7 921 922 163 162
1143 3 2 2 7 922 923 164 163
1144 3 2 2 7 923 924 165 164
1145 3 2 2 7 924 925 166 165
1146 3 2 2 7 925 926 167 166
1147 3 2 2 7 926 927 168 167
1148 3 2 2 7 927 928 169 168
1149 3 2 2 7 928 929 170 169
1150 3 2 2 7 929 930 171 170
1151 3 2 2 7 930 931 172 171
1152 3 2 2 7 931 177 15 172
1153 3 2 1 8 3 162 932 48
1154 3 2 1 8 162 163 933 932
1155 3 2 1 8 163 164 934 933
1156 3 2 1 8 164 165 935 934
1157 3 2 1 8 165 166 936 935
1158 3 2 1 8 166 167 937 936
1159 3 2 1 8 167 168 938 937
1160 3 2 1 8 168 169 939 938
1161 3 2 1 8 169 170 940 939
1162 3 2 1 8 170 171 941 940
1163 3 2 1 8 171 172 942 941
1164 3 2 1 8 172 15 178 942
1165 3 2 1 8 48 932 943 49
1166 3 2 1 8 932 933 944 943
1167 3 2 1 8 933 934 945 944
1168 3 2 1 8 934 935 946 945
1169 3 2 1 8 935 936 947 946
1170 3 2 1 8 936 937 948 947
1171 3 2 1 8 937 938 949 948
1172 3 2 1 8 938 939 950 949
1173 3 2 1 8 939 940 951 950
1174 3 2 1 8 940 941 952 951
1175 3 2 1 8 941 942 953 952
1176 3 2 1 8 942 178 179 953
1177 3 2 1 8 49 943 954 50
1178 3 2 1 8 943 944 955 954
1179 3 2 1 8 944 945 956 955
1180 3 2 1 8 945 946 957 956
1181 3 2 1 8 946 947 958 957
1182 3 2 1 8 947 948 959 958
1183 3 2 1 8 948 949 960 959
1184 3 2 1 8 949 950 961 960
1185 3 2 1 8 950 951 962 961
1186 3 2 1 8 951 952 963 962
1187 3 2 1 8 952 953 964 963
1188 3 2 1 8 953 179 180 964
1189 3 2 1 8 50 954 965 51
1190 3 2 1 8 954 955 966 965
1191 3 2 1 8 955 956 967 966
1192 3 2 1 8 956 957 968 967
1193 3 2 1 8 957 958 969 968
1194 3 2 1 8 958 959 970 969
1195 3 2 1 8 959 960 971 970
1196 3 2 1 8 960 961 972 971
1197 3 2 1 8 961 962 973 972
1198 3 2 1 8 962 963 974 973
1199 3 2 1 8 963 964 975 974
1200 3 2 1 8 964 180 181 975
1201 3 2 1 8 51 965 976 52
1202 3 2 1 8 965 966 977 976
1203 3 2 1 8 966 967 978 977
1204 3 2 1 8 967 968 979 978
1205 3 2 1 8 968 969 980 979
1206 3 2 1 8 969 970 981 980
1207 3 2 1 8 970 971 982 981
1208 3 2 1 8 971 972 983 982
1209 3 2 1 8 972 973 984 983
1210 3 2 1 8 973 974 985 984
1211 3 2 1 8 974 975 986 985
1212 3 2 1 8 975 181 182 986
1213 3 2 1 8 52 976 987 53
1214 3 2 1 8 976 977 988 987
1215 3 2 1 8 977 978 989 988
1216 3 2 1 8 978 979 990 989
1217 3 2 1 8 979 980 991 990
1218 3 2 1 8 980 981 992 991
1219 3 2 1 8 981 982 993 992
1220 3 2 1 8 982 983 994 993
1221 3 2 1 8 983 984 995 994
1222 3 2 1 8 984 985 996 995
1223 3 2 1 8 985 986 997 996
1224 3 2 1 8 986 182 183 997
1225 3 2 1 8 53 987 998 54
1226 3 2 1 8 987 988 999 998
1227 3 2 1 8 988 989 1000 999
1228 3 2 1 8 989 990 1001 1000
1229 3 2 1 8 990 991 1002 1001
1230 3 2 1 8 991 992 1003 1002
1231 3 2 1 8 992 993 1004 1003
1232 3 2 1 8 993 994 1005 1004
1233 3 2 1 8 994 995 1006 1005
1234 3 2 1 8 995 996 1007 1006
1235 3 2 1 8 996 997 1008 1007
1236 3 2 1 8 997 183 184 1008
1237 3 2 1 8 54 998 1009 55
1238 3 2 1 8 998 999 1010 1009
1239 3 2 1 8 999 1000 1011 1010
1240 3 2 1 8 1000 1001 1012 1011
1241 3 2 1 8 1001 1002 1013 1012
1242 3 2 1 8 1002 1003 1014 1013
1243 3 2 1 8 1003 1004 1015 1014
1244 3 2 1 8 1004 1005 1016 1015
1245 3 2 1 8 1005 1006 1017 1016
1246 3 2 1 8 1006 1007 1018 1017
1247 3 2 1 8 1007 1008 1019 1018
1248 3 2 1 8 1008 184 185 1019
1249 3 2 1 8 55 1009 1020 56
1250 3 2 1 8 1009 1010 1021 1020
1251 3 2 1 8 1010 1011 1022 1021
1252 3 2 1 8 1011 1012 1023 1022
1253 3 2 1 8 1012 1013 1024 1023
1254 3 2 1 8 1013 1014 1025 1024
1255 3 2 1 8 1014 1015 1026 1025
1256 3 2 1 8 1015 1016 1027 1026
1257 3 2 1 8 1016 1017 1028 1027
1258 3 2 1 8 1017 1018 1029 1028
1259 3 2 1 8 1018 1019 1030 1029
1260 3 2 1 8 1019 185 186 1030
1261 3 2 1 8 56 1020 115 4
1262 3 2 1 8 1020 1021 116 115
1263 3 2 1 8 1021 1022 117 116
1264 3 2 1 8 1022 1023 118 117
1265 3 2 1 8 1023 1024 119 118
1266 3 2 1 8 1024 1025 120 119
1267 3 2 1 8 1025 1026 121 120
1268 3 2 1 8 1026 1027 122 121
1269 3 2 1 8 1027 1028 123 122
1270 3 2 1 8 1028 1029 124 123
1271 3 2 1 8 1029 1030 125 124
1272 3 2 1 8 1030 186 12 125
1273 3 2 2 9 12 186 1031 137
1274 3 2 2 9 186 185 1032 1031
1275 3 2 2 9 185 184 1033 1032
1276 3 2 2 9 184 183 1034 1033
1277 3 2 2 9 183 182 1035 1034
1278 3 2 2 9 182 181 1036 1035
1279 3 2 2 9 181 180 1037 1036
1280 3 2 2 9 180 179 1038 1037
1281 3 2 2 9 179 178 1039 1038
1282 3 2 2 9 178 15 177 1039
1283 3 2 2 9 137 1031 1040 138
1284 3 2 2 9 1031 1032 1041 1040
1285 3 2 2 9 1032 1033 1042 1041
1286 3 2 2 9 1033 1034 1043 1042
1287 3 2 2 9 1034 1035 1044 1043
1288 3 2 2 9 1035 1036 1045 1044
1289 3 2 2 9 1036 1037 1046 1045
1290 3 2 2 9 1037 1038 1047 1046
1291 3 2 2 9 1038 1039 1048 1047
1292 3 2 2 9 1039 177 176 1048
1293 3 2 2 9 138 1040 1049 139
1294 3 2 2 9 1040 1041 1050 1049
1295 3 2 2 9 1041 1042 1051 1050
1296 3 2 2 9 1042 1043 1052 1051
1297 3 2 2 9 1043 1044 1053 1052
1298 3 2 2 9 1044 1045 1054 1053
1299 3 2 2 9 1045 1046 1055 1054
1300 3 2 2 9 1046 1047 1056 1055
1301 3 2 2 9 1047 1048 1057 1056
1302 3 2 2 9 1048 176 175 1057
1303 3 2 2 9 139 1049 1058 140
1304 3 2 2 9 1049 1050 1059 1058
1305 3 2 2 9 1050 1051 1060 1059
1306 3 2 2 9 1051 1052 1061 1060
1307 3 2 2 9 1052 1053 1062 1061
1308 3 2 2 9 1053 1054 1063 1062
1309 3 2 2 9 1054 1055 1064 1063
1310 3 2 2 9 1055 1056 1065 1064
1311 3 2 2 9 1056 1057 1066 1065
1312 3 2 2 9 1057 175 174 1066
1313 3 2 2 9 140 1058 1067 141
1314 3 2 2 9 1058 1059 1068 1067
1315 3 2 2 9 1059 1060 1069 1068
1316 3 2 2 9 1060 1061 1070 1069
1317 3 2 2 9 1061 1062 1071 1070
1318 3 2 2 9 1062 1063 1072 1071
1319 3 2 2 9 1063 1064 1073 1072
1320 3 2 2 9 1064 1065 1074 1073
1321 3 2 2 9 1065 1066 1075 1074
1322 3 2 2 9 1066 174 173 1075
1323 3 2 2 9 141 1067 153 13
1324 3 2 2 9 1067 1068 154 153
1325 3 2 2 9 1068 1069 155 154
1326 3 2 2 9 1069 1070 156 155
1327 3 2 2 9 1070 1071 157 156
1328 3 2 2 9 1071 1072 158 157
1329 3 2 2 9 1072 1073 159 158
1330 3 2 2 9 1073 1074 160 159
1331 3 2 2 9 1074 1075 161 160
1332 3 2 2 9 1075 173 14 161
1333 3 2 5 10 2 142 1076 94
1334 3 2 5 10 142 143 1077 1076
1335 3 2 5 10 143 144 1078 1077
1336 3 2 5 10 144 145 1079 1078
1337 3 2 5 10 145 146 1080 1079
1338 3 2 5 10 146 147 1081 1080
1339 3 2 5 10 147 148 1082 1081
1340 3 2 5 10 148 149 1083 1082
1341 3 2 5 10 149 150 1084 1083
1342 3 2 5 10 150 151 1085 1084
1343 3 2 5 10 151 152 1086 1085
1344 3 2 5 10 152 14 198 1086
1345 3 2 5 10 94 1076 1087 95
1346 3 2 5 10 1076 1077 1088 1087
1347 3 2 5 10 1077 1078 1089 1088
1348 3 2 5 10 1078 1079 1090 1089
1349 3 2 5 10 1079 1080 1091 1090
1350 3 2 5 10 1080 1081 1092 1091
1351 3 2 5 10 1081 1082 1093 1092
1352 3 2 5 10 1082 1083 1094 1093
1353 3 2 5 10 1083 1084 1095 1094
1354 3 2 5 10 1084 1085 1096 1095
1355 3 2 5 10 1085 1086 1097 1096
1356 3 2 5 10 1086 198 199 1097
1357 3 2 5 10 95 1087 1098 96
1358 3 2 5 10 1087 1088 1099 1098
1359 3 2 5 10 1088 1089 1100 1099
1360 3 2 5 10 1089 1090 1101 1100
1361 3 2 5 10 1090 1091 1102 1101
1362 3 2 5 10 1091 1092 1103 1102
1363 3 2 5 10 1092 1093 1104 1103
1364 3 2 5 10 1093 1094 1105 1104
1365 3 2 5 10 1094 1095 1106 1105
1366 3 2 5 10 1095 1096 1107 1106
1367 3 2 5 10 1096 1097 1108 1107
1368 3 2 5 10 1097 199 200 1108
1369 3 2 5 10 96 1098 1109 97
1370 3 2 5 10 1098 1099 1110 1109
1371 3 2 5 10 1099 1100 1111 1110
1372 3 2 5 10 1100 1101 1112 1111
1373 3 2 5 10 1101 1102 1113 1112
1374 3 2 5 10 1102 1103 1114 1113
1375 3 2 5 10 1103 1104 1115 1114
1376 3 2 5 10 1104 1105 1116 1115
1377 3 2 5 10 1105 1106 1117 1116
1378 3 2 5 10 1106 1107 1118 1117
1379 3 2 5 10 1107 1108 1119 1118
1380 3 2 5 10 1108 200 201 1119
1381 3 2 5 10 97 1109 1120 98
1382 3 2 5 10 1109 1110 1121 1120
1383 3 2 5 10 1110 1111 1122 1121
1384 3 2 5 10 1111 1112 1123 1122
1385 3 2 5 10 1112 1113 1124 1123
1386 3 2 5 10 1113 1114 1125 1124
1387 3 2 5 10 1114 1115 1126 1125
1388 3 2 5 10 1115 1116 1127 1126
1389 3 2 5 10 1116 1117 1128 1127
1390 3 2 5 10 1117 1118 1129 1128
1391 3 2 5 10 1118 1119 1130 1129
1392 3 2 5 10 1119 201 202 1130
1393 3 2 5 10 98 1120 1131 99
1394 3 2 5 10 1120 1121 1132 1131
1395 3 2 5 10 1121 1122 1133 1132
1396 3 2 5 10 1122 1123 1134 1133
1397 3 2 5 10 1123 1124 1135 1134
1398 3 2 5 10 1124 1125 1136 1135
1399 3 2 5 10 1125 1126 1137 1136
1400 3 2 5 10 1126 1127 1138 1137
1401 3 2 5 10 1127 1128 1139 1138
1402 3 2 5 10 1128 1129 1140 1139
1403 3 2 5 10 1129 1130 1141 1140
1404 3 2 5 10 1130 202 203 1141
1405 3 2 5 10 99 1131 1142 100
1406 3 2 5 10 1131 1132 1143 1142
1407 3 2 5 10 1132 1133 1144 1143
1408 3 2 5 10 1133 1134 1145 1144
1409 3 2 5 10 1134 1135 1146 1145
1410 3 2 5 10 1135 1136 1147 1146
1411 3 2 5 10 1136 1137 1148 1147
1412 3 2 5 10 1137 1138 1149 1148
1413 3 2 5 10 1138 1139 1150 1149
1414 3 2 5 10 1139 1140 1151 1150
1415 3 2 5 10 1140 1141 1152 1151
1416 3 2 5 10 1141 203 204 1152
1417 3 2 5 10 100 1142 187 6
1418 3 2 5 10 1142 1143 188 187
1419 3 2 5 10 1143 1144 189 188
1420 3 2 5 10 1144 1145 190 189
1421 3 2 5 10 1145 1146 191 190
1422 3 2 5 10 1146 1147 192 191
1423 3 2 5 10 1147 1148 193 192
1424 3 2 5 10 1148 1149 194 193
1425 3 2 5 10 1149 1150 195 194
1426 3 2 5 10 1150 1151 196 195
1427 3 2 5 10 1151 1152 197 196
1428 3 2 5 10 1152 204 16 197
1429 3 2 4 12 5 205 1318 87
1430 3 2 4 12 205 206 1319 1318
1431 3 2 4 12 206 207 1320 1319
1432 3 2 4 12 207 208 1321 1320
1433 3 2 4 12 208 209 1322 1321
1434 3 2 4 12 209 210 1323 1322
1435 3 2 4 12 210 211 1324 1323
1436 3 2 4 12 211 212 1325 1324
1437 3 2 4 12 212 213 1326 1325
1438 3 2 4 12 213 214 1327 1326
1439 3 2 4 12 214 215 1328 1327
1440 3 2 4 12 215 17 231 1328
1441 3 2 4 12 87 1318 1329 88
1442 3 2 4 12 1318 1319 1330 1329
1443 3 2 4 12 1319 1320 1331 1330
1444 3 2 4 12 1320 1321 1332 1331
1445 3 2 4 12 1321 1322 1333 1332
1446 3 2 4 12 1322 1323 1334 1333
1447 3 2 4 12 1323 1324 1335 1334
1448 3 2 4 12 1324 1325 1336 1335
1449 3 2 4 12 1325 1326 1337 1336
1450 3 2 4 12 1326 1327 1338 1337
1451 3 2 4 12 1327 1328 1339 1338
1452 3 2 4 12 1328 231 232 1339
1453 3 2 4 12 88 1329 1340 89
1454 3 2 4 12 1329 1330 1341 1340
1455 3 2 4 12 1330 1331 1342 1341
1456 3 2 4 12 1331 1332 1343 1342
1457 3 2 4 12 1332 1333 1344 1343
1458 3 2 4 12 1333 1334 1345 1344
1459 3 2 4 12 1334 1335 1346 1345
1460 3 2 4 12 1335 1336 1347 1346
1461 3 2 4 12 1336 1337 1348 1347
1462 3 2 4 12 1337 1338 1349 1348
1463 3 2 4 12 1338 1339 1350 1349
1464 3 2 4 12 1339 232 233 1350
1465 3 2 4 12 89 1340 1351 90
1466 3 2 4 12 1340 1341 1352 1351
1467 3 2 4 12 1341 1342 1353 1352
1468 3 2 4 12 1342 1343 1354 1353
1469 3 2 4 12 1343 1344 1355 1354
1470 3 2 4 12 1344 1345 1356 1355
1471 3 2 4 12 1345 1346 1357 1356
1472 3 2 4 12 1346 1347 1358 1357
1473 3 2 4 12 1347 1348 1359 1358
1474 3 2 4 12 1348 1349 1360 1359
1475 3 2 4 12 1349 1350 1361 1360
1476 3 2 4 12 1350 233 234 1361
1477 3 2 4 12 90 1351 1362 91
1478 3 2 4 12 1351 1352 1363 1362
1479 3 2 4 12 1352 1353 1364 1363
1480 3 2 4 12 1353 1354 1365 1364
1481 3 2 4 12 1354 1355 1366 1365
1482 3 2 4 12 1355 1356 1367 1366
1483 3 2 4 12 1356 1357 1368 1367
1484 3 2 4 12 1357 1358 1369 1368
1485 3 2 4 12 1358 1359 1370 1369
1486 3 2 4 12 1359 1360 1371 1370
1487 3 2 4 12 1360 1361 1372 1371
1488 3 2 4 12 1361 234 235 1372
1489 3 2 4 12 91 1362 1373 92
1490 3 2 4 12 1362 1363 1374 1373
1491 3 2 4 12 1363 1364 1375 1374
1492 3 2 4 12 1364 1365 1376 1375
1493 3 2 4 12 1365 1366 1377 1376
1494 3 2 4 12 1366 1367 1378 1377
1495 3 2 4 12 1367 1368 1379 1378
1496 3 2 4 12 1368 1369 1380 1379
1497 3 2 4 12 1369 1370 1381 1380
1498 3 2 4 12 1370 1371 1382 1381
1499 3 2 4 12 1371 1372 1383 1382
1500 3 2 4 12 1372 235 236 1383
1501 3 2 4 12 92 1373 1384 93
1502 3 2 4 12 1373 1374 1385 1384
1503 3 2 4 12 1374 1375 1386 1385
1504 3 2 4 12 1375 1376 1387 1386
1505 3 2 4 12 1376 1377 1388 1387
1506 3 2 4 12 1377 1378 1389 1388
1507 3 2 4 12 1378 1379 1390 1389
1508 3 2 4 12 1379 1380 1391 1390
1509 3 2 4 12 1380 1381 1392 1391
1510 3 2 4 12 1381 1382 1393 1392
1511 3 2 4 12 1382 1383 1394 1393
1512 3 2 4 12 1383 236 237 1394
1513 3 2 4 12 93 1384 115 4
1514 3 2 4 12 1384 1385 116 115
1515 3 2 4 12 1385 1386 117 116
1516 3 2 4 12 1386 1387 118 117
1517 3 2 4 12 1387 1388 119 118
1518 3 2 4 12 1388 1389 120 119
1519 3 2 4 12 1389 1390 121 120
1520 3 2 4 12 1390 1391 122 121
1521 3 2 4 12 1391 1392 123 122
1522 3 2 4 12 1392 1393 124 123
1523 3 2 4 12 1393 1394 125 124
1524 3 2 4 12 1394 237 12 125
1525 3 2 5 14 6 187 1501 85
1526 3 2 5 14 187 188 1502 1501
1527 3 2 5 14 188 189 1503 1502
1528 3 2 5 14 189 190 1504 1503
1529 3 2 5 14 190 191 1505 1504
1530 3 2 5 14 191 192 1506 1505
1531 3 2 5 14 192 193 1507 1506
1532 3 2 5 14 193 194 1508 1507
1533 3 2 5 14 194 195 1509 1508
1534 3 2 5 14 195 196 1510 1509
1535 3 2 5 14 196 197 1511 1510
1536 3 2 5 14 197 16 249 1511
1537 3 2 5 14 85 1501 1512 86
1538 3 2 5 14 1501 1502 1513 1512
1539 3 2 5 14 1502 1503 1514 1513
1540 3 2 5 14 1503 1504 1515 1514
1541 3 2 5 14 1504 1505 1516 1515
1542 3 2 5 14 1505 1506 1517 1516
1543 3 2 5 14 1506 1507 1518 1517
1544 3 2 5 14 1507 1508 1519 1518
1545 3 2 5 14 1508 1509 1520 1519
1546 3 2 5 14 1509 1510 1521 1520
1547 3 2 5 14 1510 1511 1522 1521
1548 3 2 5 14 1511 249 250 1522
1549 3 2 5 14 86 1512 238 8
1550 3 2 5 14 1512 1513 239 238
1551 3 2 5 14 1513 1514 240 239
1552 3 2 5 14 1514 1515 241 240
1553 3 2 5 14 1515 1516 242 241
1554 3 2 5 14 1516 1517 243 242
1555 3 2 5 14 1517 1518 244 243
1556 3 2 5 14 1518 1519 245 244
1557 3 2 5 14 1519 1520 246 245
1558 3 2 5 14 1520 1521 247 246
1559 3 2 5 14 1521 1522 248 247
1560 3 2 5 14 1522 250 18 248
1561 3 2 4 16 5 83 1589 205
1562 3 2 4 16 205 1589 1590 206
1563 3 2 4 16 206 1590 1591 207
1564 3 2 4 16 207 1591 1592 208
1565 3 2 4 16 208 1592 1593 209
1566 3 2 4 16 209 1593 1594 210
1567 3 2 4 16 210 1594 1595 211
1568 3 2 4 16 211 1595 1596 212
1569 3 2 4 16 212 1596 1597 213
1570 3 2 4 16 213 1597 1598 214
1571 3 2 4 16 214 1598 1599 215
1572 3 2 4 16 215 1599 268 17
1573 3 2 4 16 83 84 1600 1589
1574 3 2 4 16 1589 1600 1601 1590
1575 3 2 4 16 1590 1601 1602 1591
1576 3 2 4 16 1591 1602 1603 1592
1577 3 2 4 16 1592 1603 1604 1593
1578 3 2 4 16 1593 1604 1605 1594
1579 3 2 4 16 1594 1605 1606 1595
1580 3 2 4 16 1595 1606 1607 1596
1581 3 2 4 16 1596 1607 1608 1597
1582 3 2 4 16 1597 1608 1609 1598
1583 3 2 4 16 1598 1609 1610 1599
1584 3 2 4 16 1599 1610 269 268
1585 3 2 4 16 84 7 251 1600
1586 3 2 4 16 1600 251 252 1601
1587 3 2 4 16 1601 252 253 1602
1588 3 2 4 16 1602 253 254 1603
1589 3 2 4 16 1603 254 255 1604
1590 3 2 4 16 1604 255 256 1605
1591 3 2 4 16 1605 256 257 1606
1592 3 2 4 16 1606 257 258 1607
1593 3 2 4 16 1607 258 259 1608
1594 3 2 4 16 1608 259 260 1609
1595 3 2 4 16 1609 260 261 1610
1596 3 2 4 16 1610 261 19 269
1597 3 2 5 18 10 111 1631 270
1598 3 2 5 18 270 1631 1632 271
1599 3 2 5 18 271 1632 1633 272
1600 3 2 5 18 272 1633 1634 273
1601 3 2 5 18 273 1634 1635 274
1602 3 2 5 18 274 1635 1636 275
1603 3 2 5 18 275 1636 1637 276
1604 3 2 5 18 276 1637 1638 277
1605 3 2 5 18 277 1638 1639 278
1606 3 2 5 18 278 1639 1640 279
1607 3 2 5 18 279 1640 1641 280
1608 3 2 5 18 280 1641 281 20
1609 3 2 5 18 111 112 1642 1631
1610 3 2 5 18 1631 1642 1643 1632
1611 3 2 5 18 1632 1643 1644 1633
1612 3 2 5 18 1633 1644 1645 1634
1613 3 2 5 18 1634 1645 1646 1635
1614 3 2 5 18 1635 1646 1647 1636
1615 3 2 5 18 1636 1647 1648 1637
1616 3 2 5 18 1637 1648 1649 1638
1617 3 2 5 18 1638 1649 1650 1639
1618 3 2 5 18 1639 1650 1651 1640
1619 3 2 5 18 1640 1651 1652 1641
1620 3 2 5 18 1641 1652 282 281
1621 3 2 5 18 112 113 1653 1642
1622 3 2 5 18 1642 1653 1654 1643
1623 3 2 5 18 1643 1654 1655 1644
1624 3 2 5 18 1644 1655 1656 1645
1625 3 2 5 18 1645 1656 1657 1646
1626 3 2 5 18 1646 1657 1658 1647
1627 3 2 5 18 1647 1658 1659 1648
1628 3 2 5 18 1648 1659 1660 1649
1629 3 2 5 18 1649 1660 1661 1650
1630 3 2 5 18 1650 1661 1662 1651
1631 3 2 5 18 1651 1662 1663 1652
1632 3 2 5 18 1652 1663 283 282
1633 3 2 5 18 113 114 1664 1653
1634 3 2 5 18 1653 1664 1665 1654
1635 3 2 5 18 1654 1665 1666 1655
1636 3 2 5 18 1655 1666 1667 1656
1637 3 2 5 18 1656 1667 1668 1657
1638 3 2 5 18 1657 1668 1669 1658
1639 3 2 5 18 1658 1669 1670 1659
1640 3 2 5 18 1659 1670 1671 1660
1641 3 2 5 18 1660 1671 1672 1661
1642 3 2 5 18 1661 1672 1673 1662
1643 3 2 5 18 1662 1673 1674 1663
1644 3 2 5 18 1663 1674 284 283
1645 3 2 5 18 114 8 238 1664
1646 3 2 5 18 1664 238 239 1665
1647 3 2 5 18 1665 239 240 1666
1648 3 2 5 18 1666 240 241 1667
1649 3 2 5 18 1667 241 242 1668
1650 3 2 5 18 1668 242 243 1669
1651 3 2 5 18 1669 243 244 1670
1652 3 2 5 18 1670 244 245 1671
1653 3 2 5 18 1671 245 246 1672
1654 3 2 5 18 1672 246 247 1673
1655 3 2 5 18 1673 247 248 1674
1656 3 2 5 18 1674 248 18 284
1657 3 2 5 19 9 108 1675 285
1658 3 2 5 19 285 1675 1676 286
1659 3 2 5 19 286 1676 1677 287
1660 3 2 5 19 287 1677 1678 288
1661 3 2 5 19 288 1678 1679 289
1662 3 2 5 19 289 1679 1680 290
1663 3 2 5 19 290 1680 1681 291
1664 3 2 5 19 291 1681 1682 292
1665 3 2 5 19 292 1682 1683 293
1666 3 2 5 19 293 1683 1684 294
1667 3 2 5 19 294 1684 1685 295
1668 3 2 5 19 295 1685 296 21
1669 3 2 5 19 108 109 1686 1675
1670 3 2 5 19 1675 1686 1687 1676
1671 3 2 5 19 1676 1687 1688 1677
1672 3 2 5 19 1677 1688 1689 1678
1673 3 2 5 19 1678 1689 1690 1679
1674 3 2 5 19 1679 1690 1691 1680
1675 3 2 5 19 1680 1691 1692 1681
1676 3 2 5 19 1681 1692 1693 1682
1677 3 2 5 19 1682 1693 1694 1683
1678 3 2 5 19 1683 1694 1695 1684
1679 3 2 5 19 1684 1695 1696 1685
1680 3 2 5 19 1685 1696 297 296
1681 3 2 5 19 109 110 1697 1686
1682 3 2 5 19 1686 1697 1698 1687
1683 3 2 5 19 1687 1698 1699 1688
1684 3 2 5 19 1688 1699 1700 1689
1685 3 2 5 19 1689 1700 1701 1690
1686 3 2 5 19 1690 1701 1702 1691
1687 3 2 5 19 1691 1702 1703 1692
1688 3 2 5 19 1692 1703 1704 1693
1689 3 2 5 19 1693 1704 1705 1694
1690 3 2 5 19 1694 1705 1706 1695
1691 3 2 5 19 1695 1706 1707 1696
1692 3 2 5 19 1696 1707 298 297
1693 3 2 5 19 110 10 270 1697
1694 3 2 5 19 1697 270 271 1698
1695 3 2 5 19 1698 271 272 1699
1696 3 2 5 19 1699 272 273 1700
1697 3 2 5 19 1700 273 274 1701
1698 3 2 5 19 1701 274 275 1702
1699 3 2 5 19 1702 275 276 1703
1700 3 2 5 19 1703 276 277 1704
1701 3 2 5 19 1704 277 278 1705
1702 3 2 5 19 1705 278 279 1706
1703 3 2 5 19 1706 279 280 1707
1704 3 2 5 19 1707 280 20 298
1705 3 2 5 20 11 105 1708 299
1706 3 2 5 20 299 1708 1709 300
1707 3 2 5 20 300 1709 1710 301
1708 3 2 5 20 301 1710 1711 302
1709 3 2 5 20 302 1711 1712 303
1710 3 2 5 20 303 1712 1713 304
1711 3 2 5 20 304 1713 1714 305
1712 3 2 5 20 305 1714 1715 306
1713 3 2 5 20 306 1715 1716 307
1714 3 2 5 20 307 1716 1717 308
1715 3 2 5 20 308 1717 1718 309
1716 3 2 5 20 309 1718 310 22
1717 3 2 5 20 105 106 1719 1708
1718 3 2 5 20 1708 1719 1720 1709
1719 3 2 5 20 1709 1720 1721 1710
1720 3 2 5 20 1710 1721 1722 1711
1721 3 2 5 20 1711 1722 1723 1712
1722 3 2 5 20 1712 1723 1724 1713
1723 3 2 5 20 1713 1724 1725 1714
1724 3 2 5 20 1714 1725 1726 1715
1725 3 2 5 20 1715 1726 1727 1716
1726 3 2 5 20 1716 1727 1728 1717
1727 3 2 5 20 1717 1728 1729 1718
1728 3 2 5 20 1718 1729 311 310
1729 3 2 5 20 106 107 1730 1719
1730 3 2 5 20 1719 1730 1731 1720
1731 3 2 5 20 1720 1731 1732 1721
1732 3 2 5 20 1721 1732 1733 1722
1733 3 2 5 20 1722 1733 1734 1723
1734 3 2 5 20 1723 1734 1735 1724
1735 3 2 5 20 1724 1735 1736 1725
1736 3 2 5 20 1725 1736 1737 1726
1737 3 2 5 20 1726 1737 1738 1727
1738 3 2 5 20 1727 1738 1739 1728
1739 3 2 5 20 1728 1739 1740 1729
1740 3 2 5 20 1729 1740 312 311
1741 3 2 5 20 107 9 285 1730
1742 3 2 5 20 1730 285 286 1731
1743 3 2 5 20 1731 286 287 1732
1744 3 2 5 20 1732 287 288 1733
1745 3 2 5 20 1733 288 289 1734
1746 3 2 5 20 1734 289 290 1735
1747 3 2 5 20 1735 290 291 1736
1748 3 2 5 20 1736 291 292 1737
1749 3 2 5 20 1737 292 293 1738
1750 3 2 5 20 1738 293 294 1739
1751 3 2 5 20 1739 294 295 1740
1752 3 2 5 20 1740 295 21 312
1753 3 2 4 21 7 101 1741 251
1754 3 2 4 21 251 1741 1742 252
1755 3 2 4 21 252 1742 1743 253
1756 3 2 4 21 253 1743 1744 254
1757 3 2 4 21 254 1744 1745 255
1758 3 2 4 21 255 1745 1746 256
1759 3 2 4 21 256 1746 1747 257
1760 3 2 4 21 257 1747 1748 258
1761 3 2 4 21 258 1748 1749 259
1762 3 2 4 21 259 1749 1750 260
1763 3 2 4 21 260 1750 1751 261
1764 3 2 4 21 261 1751 313 19
1765 3 2 4 21 101 102 1752 1741
1766 3 2 4 21 1741 1752 1753 1742
1767 3 2 4 21 1742 1753 1754 1743
1768 3 2 4 21 1743 1754 1755 1744
1769 3 2 4 21 1744 1755 1756 1745
1770 3 2 4 21 1745 1756 1757 1746
1771 3 2 4 21 1746 1757 1758 1747
1772 3 2 4 21 1747 1758 1759 1748
1773 3 2 4 21 1748 1759 1760 1749
1774 3 2 4 21 1749 1760 1761 1750
1775 3 2 4 21 1750 1761 1762 1751
1776 3 2 4 21 1751 1762 314 313
1777 3 2 4 21 102 103 1763 1752
1778 3 2 4 21 1752 1763 1764 1753
1779 3 2 4 21 1753 1764 1765 1754
1780 3 2 4 21 1754 1765 1766 1755
1781 3 2 4 21 1755 1766 1767 1756
1782 3 2 4 21 1756 1767 1768 1757
1783 3 2 4 21 1757 1768 1769 1758
1784 3 2 4 21 1758 1769 1770 1759
1785 3 2 4 21 1759 1770 1771 1760
1786 3 2 4 21 1760 1771 1772 1761
1787 3 2 4 21 1761 1772 1773 1762
1788 3 2 4 21 1762 1773 315 314
1789 3 2 4 21 103 104 1774 1763
1790 3 2 4 21 1763 1774 1775 1764
1791 3 2 4 21 1764 1775 1776 1765
1792 3 2 4 21 1765 1776 1777 1766
1793 3 2 4 21 1766 1777 1778 1767
1794 3 2 4 21 1767 1778 1779 1768
1795 3 2 4 21 1768 1779 1780 1769
1796 3 2 4 21 1769 1780 1781 1770
1797 3 2 4 21 1770 1781 1782 1771
1798 3 2 4 21 1771 1782 1783 1772
1799 3 2 4 21 1772 1783 1784 1773
1800 3 2 4 21 1773 1784 316 315
1801 3 2 4 21 104 11 299 1774
1802 3 2 4 21 1774 299 300 1775
1803 3 2 4 21 1775 300 301 1776
1804 3 2 4 21 1776 301 302 1777
1805 3 2 4 21 1777 302 303 1778
1806 3 2 4 21 1778 303 304 1779
1807 3 2 4 21 1779 304 305 1780
1808 3 2 4 21 1780 305 306 1781
1809 3 2 4 21 1781 306 307 1782
1810 3 2 4 21 1782 307 308 1783
1811 3 2 4 21 1783 308 309 1784
1812 3 2 4 21 1784 309 22 316
1813 3 2 4 23 12 317 1818 137
1814 3 2 4 23 317 318 1819 1818
1815 3 2 4 23 318 319 1820 1819
1816 3 2 4 23 319 320 1821 1820
1817 3 2 4 23 320 321 1822 1821
1818 3 2 4 23 321 322 1823 1822
1819 3 2 4 23 322 323 1824 1823
1820 3 2 4 23 323 324 1825 1824
1821 3 2 4 23 324 325 1826 1825
1822 3 2 4 23 325 326 1827 1826
1823 3 2 4 23 326 327 1828 1827
1824 3 2 4 23 327 23 339 1828
1825 3 2 4 23 137 1818 1829 138
1826 3 2 4 23 1818 1819 1830 1829
1827 3 2 4 23 1819 1820 1831 1830
1828 3 2 4 23 1820 1821 1832 1831
1829 3 2 4 23 1821 1822 1833 1832
1830 3 2 4 23 1822 1823 1834 1833
1831 3 2 4 23 1823 1824 1835 1834
1832 3 2 4 23 1824 1825 1836 1835
1833 3 2 4 23 1825 1826 1837 1836
1834 3 2 4 23 1826 1827 1838 1837
1835 3 2 4 23 1827 1828 1839 1838
1836 3 2 4 23 1828 339 340 1839
1837 3 2 4 23 138 1829 1840 139
1838 3 2 4 23 1829 1830 1841 1840
1839 3 2 4 23 1830 1831 1842 1841
1840 3 2 4 23 1831 1832 1843 1842
1841 3 2 4 23 1832 1833 1844 1843
1842 3 2 4 23 1833 1834 1845 1844
1843 3 2 4 23 1834 1835 1846 1845
1844 3 2 4 23 1835 1836 1847 1846
1845 3 2 4 23 1836 1837 1848 1847
1846 3 2 4 23 1837 1838 1849 1848
1847 3 2 4 23 1838 1839 1850 1849
1848 3 2 4 23 1839 340 341 1850
1849 3 2 4 23 139 1840 1851 140
1850 3 2 4 23 1840 1841 1852 1851
1851 3 2 4 23 1841 1842 1853 1852
1852 3 2 4 23 1842 1843 1854 1853
1853 3 2 4 23 1843 1844 1855 1854
1854 3 2 4 23 1844 1845 1856 1855
1855 3 2 4 23 1845 1846 1857 1856
1856 3 2 4 23 1846 1847 1858 1857
1857 3 2 4 23 1847 1848 1859 1858
1858 3 2 4 23 1848 1849 1860 1859
1859 3 2 4 23 1849 1850 1861 1860
1860 3 2 4 23 1850 341 342 1861
1861 3 2 4 23 140 1851 1862 141
1862 3 2 4 23 1851 1852 1863 1862
1863 3 2 4 23 1852 1853 1864 1863
1864 3 2 4 23 1853 1854 1865 1864
1865 3 2 4 23 1854 1855 1866 1865
1866 3 2 4 23 1855 1856 1867 1866
1867 3 2 4 23 1856 1857 1868 1867
1868 3 2 4 23 1857 1858 1869 1868
1869 3 2 4 23 1858 1859 1870 1869
1870 3 2 4 23 1859 1860 1871 1870
1871 3 2 4 23 1860 1861 1872 1871
1872 3 2 4 23 1861 342 343 1872
1873 3 2 4 23 141 1862 328 13
1874 3 2 4 23 1862 1863 329 328
1875 3 2 4 23 1863 1864 330 329
1876 3 2 4 23 1864 1865 331 330
1877 3 2 4 23 1865 1866 332 331
1878 3 2 4 23 1866 1867 333 332
1879 3 2 4 23 1867 1868 334 333
1880 3 2 4 23 1868 1869 335 334
1881 3 2 4 23 1869 1870 336 335
1882 3 2 4 23 1870 1871 337 336
1883 3 2 4 23 1871 1872 338 337
1884 3 2 4 23 1872 343 24 338
1885 3 2 5 24 13 328 1873 153
1886 3 2 5 24 328 329 1874 1873
1887 3 2 5 24 329 330 1875 1874
1888 3 2 5 24 330 331 1876 1875
1889 3 2 5 24 331 332 1877 1876
1890 3 2 5 24 332 333 1878 1877
1891 3 2 5 24 333 334 1879 1878
1892 3 2 5 24 334 335 1880 1879
1893 3 2 5 24 335 336 1881 1880
1894 3 2 5 24 336 337 1882 1881
1895 3 2 5 24 337 338 1883 1882
1896 3 2 5 24 338 24 355 1883
1897 3 2 5 24 153 1873 1884 154
1898 3 2 5 24 1873 1874 1885 1884
1899 3 2 5 24 1874 1875 1886 1885
1900 3 2 5 24 1875 1876 1887 1886
1901 3 2 5 24 1876 1877 1888 1887
1902 3 2 5 24 1877 1878 1889 1888
1903 3 2 5 24 1878 1879 1890 1889
1904 3 2 5 24 1879 1880 1891 1890
1905 3 2 5 24 1880 1881 1892 1891
1906 3 2 5 24 1881 1882 1893 1892
1907 3 2 5 24 1882 1883 1894 1893
1908 3 2 5 24 1883 355 356 1894
1909 3 2 5 24 154 1884 1895 155
1910 3 2 5 24 1884 1885 1896 1895
1911 3 2 5 24 1885 1886 1897 1896
1912 3 2 5 24 1886 1887 1898 1897
1913 3 2 5 24 1887 1888 1899 1898
1914 3 2 5 24 1888 1889 1900 1899
1915 3 2 5 24 1889 1890 1901 1900
1916 3 2 5 24 1890 1891 1902 1901
1917 3 2 5 24 1891 1892 1903 1902
1918 3 2 5 24 1892 1893 1904 1903
1919 3 2 5 24 1893 1894 1905 1904
1920 3 2 5 24 1894 356 357 1905
1921 3 2 5 24 155 1895 1906 156
1922 3 2 5 24 1895 1896 1907 1906
1923 3 2 5 24 1896 1897 1908 1907
1924 3 2 5 24 1897 1898 1909 1908
1925 3 2 5 24 1898 1899 1910 1909
1926 3 2 5 24 1899 1900 1911 1910
1927 3 2 5 24 1900 1901 1912 1911
1928 3 2 5 24 1901 1902 1913 1912
1929 3 2 5 24 1902 1903 1914 1913
1930 3 2 5 24 1903 1904 1915 1914
1931 3 2 5 24 1904 1905 1916 1915
1932 3 2 5 24 1905 357 358 1916
1933 3 2 5 24 156 1906 1917 157
1934 3 2 5 24 1906 1907 1918 1917
1935 3 2 5 24 1907 1908 1919 1918
1936 3 2 5 24 1908 1909 1920 1919
1937 3 2 5 24 1909 1910 1921 1920
1938 3 2 5 24 1910 1911 1922 1921
1939 3 2 5 24 1911 1912 1923 1922
1940 3 2 5 24 1912 1913 1924 1923
1941 3 2 5 24 1913 1914 1925 1924
1942 3 2 5 24 1914 1915 1926 1925
1943 3 2 5 24 1915 1916 1927 1926
1944 3 2 5 24 1916 358 359 1927
1945 3 2 5 24 157 1917 1928 158
1946 3 2 5 24 1917 1918 1929 1928
1947 3 2 5 24 1918 1919 1930 1929
1948 3 2 5 24 1919 1920 1931 1930
1949 3 2 5 24 1920 1921 1932 1931
1950 3 2 5 24 1921 1922 1933 1932
1951 3 2 5 24 1922 1923 1934 1933
1952 3 2 5 24 1923 1924 1935 1934
1953 3 2 5 24 1924 1925 1936 1935
1954 3 2 5 24 1925 1926 1937 1936
1955 3 2 5 24 1926 1927 1938 1937
1956 3 2 5 24 1927 359 360 1938
1957 3 2 5 24 158 1928 1939 159
1958 3 2 5 24 1928 1929 1940 1939
1959 3 2 5 24 1929 1930 1941 1940
1960 3 2 5 24 1930 1931 1942 1941
1961 3 2 5 24 1931 1932 1943 1942
1962 3 2 5 24 1932 1933 1944 1943
1963 3 2 5 24 1933 1934 1945 1944
1964 3 2 5 24 1934 1935 1946 1945
1965 3 2 5 24 1935 1936 1947 1946
1966 3 2 5 24 1936 1937 1948 1947
1967 3 2 5 24 1937 1938 1949 1948
1968 3 2 5 24 1938 360 361 1949
1969 3 2 5 24 159 1939 1950 160
1970 3 2 5 24 1939 1940 1951 1950
1971 3 2 5 24 1940 1941 1952 1951
1972 3 2 5 24 1941 1942 1953 1952
1973 3 2 5 24 1942 1943 1954 1953
1974 3 2 5 24 1943 1944 1955 1954
1975 3 2 5 24 1944 1945 1956 1955
1976 3 2 5 24 1945 1946 1957 1956
1977 3 2 5 24 1946 1947 1958 1957
1978 3 2 5 24 1947 1948 1959 1958
1979 3 2 5 24 1948 1949 1960 1959
1980 3 2 5 24 1949 361 362 1960
1981 3 2 5 24 160 1950 1961 161
1982 3 2 5 24 1950 1951 1962 1961
1983 3 2 5 24 1951 1952 1963 1962
1984 3 2 5 24 1952 1953 1964 1963
1985 3 2 5 24 1953 1954 1965 1964
1986 3 2 5 24 1954 1955 1966 1965
1987 3 2 5 24 1955 1956 1967 1966
1988 3 2 5 24 1956 1957 1968 1967
1989 3 2 5 24 1957 1958 1969 1968
1990 3 2 5 24 1958 1959 1970 1969
1991 3 2 5 24 1959 1960 1971 1970
1992 3 2 5 24 1960 362 363 1971
1993 3 2 5 24 161 1961 344 14
1994 3 2 5 24 1961 1962 345 344
1995 3 2 5 24 1962 1963 346 345
1996 3 2 5 24 1963 1964 347 346
1997 3 2 5 24 1964 1965 348 347
1998 3 2 5 24 1965 1966 349 348
1999 3 2 5 24 1966 1967 350 349
2000 3 2 5 24 1967 1968 351 350
2001 3 2 5 24 1968 1969 352 351
2002 3 2 5 24 1969 1970 353 352
2003 3 2 5 24 1970 1971 354 353
2004 3 2 5 24 1971 363 25 354
2005 3 2 5 27 23 388 2126 339
2006 3 2 5 27 388 387 2127 2126
2007 3 2 5 27 387 386 2128 2127
2008 3 2 5 27 386 385 2129 2128
2009 3 2 5 27 385 384 2130 2129
2010 3 2 5 27 384 383 2131 2130
2011 3 2 5 27 383 382 2132 2131
2012 3 2 5 27 382 381 2133 2132
2013 3 2 5 27 381 380 2134 2133
2014 3 2 5 27 380 26 379 2134
2015 3 2 5 27 339 2126 2135 340
2016 3 2 5 27 2126 2127 2136 2135
2017 3 2 5 27 2127 2128 2137 2136
2018 3 2 5 27 2128 2129 2138 2137
2019 3 2 5 27 2129 2130 2139 2138
2020 3 2 5 27 2130 2131 2140 2139
2021 3 2 5 27 2131 2132 2141 2140
2022 3 2 5 27 2132 2133 2142 2141
2023 3 2 5 27 2133 2134 2143 2142
2024 3 2 5 27 2134 379 378 2143
2025 3 2 5 27 340 2135 2144 341
2026 3 2 5 27 2135 2136 2145 2144
2027 3 2 5 27 2136 2137 2146 2145
2028 3 2 5 27 2137 2138 2147 2146
2029 3 2 5 27 2138 2139 2148 2147
2030 3 2 5 27 2139 2140 2149 2148
2031 3 2 5 27 2140 2141 2150 2149
2032 3 2 5 27 2141 2142 2151 2150
2033 3 2 5 27 2142 2143 2152 2151
2034 3 2 5 27 2143 378 377 2152
2035 3 2 5 27 341 2144 2153 342
2036 3 2 5 27 2144 2145 2154 2153
2037 3 2 5 27 2145 2146 2155 2154
2038 3 2 5 27 2146 2147 2156 2155
2039 3 2 5 27 2147 2148 2157 2156
2040 3 2 5 27 2148 2149 2158 2157
2041 3 2 5 27 2149 2150 2159 2158
2042 3 2 5 27 2150 2151 2160 2159
2043 3 2 5 27 2151 2152 2161 2160
2044 3 2 5 27 2152 377 376 2161
2045 3 2 5 27 342 2153 2162 343
2046 3 2 5 27 2153 2154 2163 2162
2047 3 2 5 27 2154 2155 2164 2163
2048 3 2 5 27 2155 2156 2165 2164
2049 3 2 5 27 2156 2157 2166 2165
2050 3 2 5 27 2157 2158 2167 2166
2051 3 2 5 27 2158 2159 2168 2167
2052 3 2 5 27 2159 2160 2169 2168
2053 3 2 5 27 2160 2161 2170 2169
2054 3 2 5 27 2161 376 375 2170
2055 3 2 5 27 343 2162 355 24
2056 3 2 5 27 2162 2163 356 355
2057 3 2 5 27 2163 2164 357 356
2058 3 2 5 27 2164 2165 358 357
2059 3 2 5 27 2165 2166 359 358
2060 3 2 5 27 2166 2167 360 359
2061 3 2 5 27 2167 2168 361 360
2062 3 2 5 27 2168 2169 362 361
2063 3 2 5 27 2169 2170 363 362
2064 3 2 5 27 2170 375 25 363
2065 3 2 5 28 14 344 2171 198
2066 3 2 5 28 344 345 2172 2171
2067 3 2 5 28 345 346 2173 2172
2068 3 2 5 28 346 347 2174 2173
2069 3 2 5 28 347 348 2175 2174
2070 3 2 5 28 348 349 2176 2175
2071 3 2 5 28 349 350 2177 2176
2072 3 2 5 28 350 351 2178 2177
2073 3 2 5 28 351 352 2179 2178
2074 3 2 5 28 352 353 2180 2179
2075 3 2 5 28 353 354 2181 2180
2076 3 2 5 28 354 25 400 2181
2077 3 2 5 28 198 2171 2182 199
2078 3 2 5 28 2171 2172 2183 2182
2079 3 2 5 28 2172 2173 2184 2183
2080 3 2 5 28 2173 2174 2185 2184
2081 3 2 5 28 2174 2175 2186 2185
2082 3 2 5 28 2175 2176 2187 2186
2083 3 2 5 28 2176 2177 2188 2187
2084 3 2 5 28 2177 2178 2189 2188
2085 3 2 5 28 2178 2179 2190 2189
2086 3 2 5 28 2179 2180 2191 2190
2087 3 2 5 28 2180 2181 2192 2191
2088 3 2 5 28 2181 400 401 2192
2089 3 2 5 28 199 2182 2193 200
2090 3 2 5 28 2182 2183 2194 2193
2091 3 2 5 28 2183 2184 2195 2194
2092 3 2 5 28 2184 2185 2196 2195
2093 3 2 5 28 2185 2186 2197 2196
2094 3 2 5 28 2186 2187 2198 2197
2095 3 2 5 28 2187 2188 2199 2198
2096 3 2 5 28 2188 2189 2200 2199
2097 3 2 5 28 2189 2190 2201 2200
2098 3 2 5 28 2190 2191 2202 2201
2099 3 2 5 28 2191 2192 2203 2202
2100 3 2 5 28 2192 401 402 2203
2101 3 2 5 28 200 2193 2204 201
2102 3 2 5 28 2193 2194 2205 2204
2103 3 2 5 28 2194 2195 2206 2205
2104 3 2 5 28 2195 2196 2207 2206
2105 3 2 5 28 2196 2197 2208 2207
2106 3 2 5 28 2197 2198 2209 2208
2107 3 2 5 28 2198 2199 2210 2209
2108 3 2 5 28 2199 2200 2211 2210
2109 3 2 5 28 2200 2201 2212 2211
2110 3 2 5 28 2201 2202 2213 2212
2111 3 2 5 28 2202 2203 2214 2213
2112 3 2 5 28 2203 402 403 2214
2113 3 2 5 28 201 2204 2215 202
2114 3 2 5 28 2204 2205 2216 2215
2115 3 2 5 28 2205 2206 2217 2216
2116 3 2 5 28 2206 2207 2218 2217
2117 3 2 5 28 2207 2208 2219 2218
2118 3 2 5 28 2208 2209 2220 2219
2119 3 2 5 28 2209 2210 2221 2220
2120 3 2 5 28 2210 2211 2222 2221
2121 3 2 5 28 2211 2212 2223 2222
2122 3 2 5 28 2212 2213 2224 2223
2123 3 2 5 28 2213 2214 2225 2224
2124 3 2 5 28 2214 403 404 2225
2125 3 2 5 28 202 2215 2226 203
2126 3 2 5 28 2215 2216 2227 2226
2127 3 2 5 28 2216 2217 2228 2227
2128 3 2 5 28 2217 2218 2229 2228
2129 3 2 5 28 2218 2219 2230 2229
2130 3 2 5 28 2219 2220 2231 2230
2131 3 2 5 28 2220 2221 2232 2231
2132 3 2 5 28 2221 2222 2233 2232
2133 3 2 5 28 2222 2223 2234 2233
2134 3 2 5 28 2223 2224 2235 2234
2135 3 2 5 28 2224 2225 2236 2235
2136 3 2 5 28 2225 404 405 2236
2137 3 2 5 28 203 2226 2237 204
2138 3 2 5 28 2226 2227 2238 2237
2139 3 2 5 28 2227 2228 2239 2238
2140 3 2 5 28 2228 2229 2240 2239
2141 3 2 5 28 2229 2230 2241 2240
2142 3 2 5 28 2230 2231 2242 2241
2143 3 2 5 28 2231 2232 2243 2242
2144 3 2 5 28 2232 2233 2244 2243
2145 3 2 5 28 2233 2234 2245 2244
2146 3 2 5 28 2234 2235 2246 2245
2147 3 2 5 28 2235 2236 2247 2246
2148 3 2 5 28 2236 405 406 2247
2149 3 2 5 28 204 2237 389 16
2150 3 2 5 28 2237 2238 390 389
2151 3 2 5 28 2238 2239 391 390
2152 3 2 5 28 2239 2240 392 391
2153 3 2 5 28 2240 2241 393 392
2154 3 2 5 28 2241 2242 394 393
2155 3 2 5 28 2242 2243 395 394
2156 3 2 5 28 2243 2244 396 395
2157 3 2 5 28 2244 2245 397 396
2158 3 2 5 28 2245 2246 398 397
2159 3 2 5 28 2246 2247 399 398
2160 3 2 5 28 2247 406 27 399
2161 3 2 4 30 17 407 2413 231
2162 3 2 4 30 407 408 2414 2413
2163 3 2 4 30 408 409 2415 2414
2164 3 2 4 30 409 410 2416 2415
2165 3 2 4 30 410 411 2417 2416
2166 3 2 4 30 411 412 2418 2417
2167 3 2 4 30 412 413 2419 2418
2168 3 2 4 30 413 414 2420 2419
2169 3 2 4 30 414 415 2421 2420
2170 3 2 4 30 415 416 2422 2421
2171 3 2 4 30 416 417 2423 2422
2172 3 2 4 30 417 28 433 2423
2173 3 2 4 30 231 2413 2424 232
2174 3 2 4 30 2413 2414 2425 2424
2175 3 2 4 30 2414 2415 2426 2425
2176 3 2 4 30 2415 2416 2427 2426
2177 3 2 4 30 2416 2417 2428 2427
2178 3 2 4 30 2417 2418 2429 2428
2179 3 2 4 30 2418 2419 2430 2429
2180 3 2 4 30 2419 2420 2431 2430
2181 3 2 4 30 2420 2421 2432 2431
2182 3 2 4 30 2421 2422 2433 2432
2183 3 2 4 30 2422 2423 2434 2433
2184 3 2 4 30 2423 433 434 2434
2185 3 2 4 30 232 2424 2435 233
2186 3 2 4 30 2424 2425 2436 2435
2187 3 2 4 30 2425 2426 2437 2436
2188 3 2 4 30 2426 2427 2438 2437
2189 3 2 4 30 2427 2428 2439 2438
2190 3 2 4 30 2428 2429 2440 2439
2191 3 2 4 30 2429 2430 2441 2440
2192 3 2 4 30 2430 2431 2442 2441
2193 3 2 4 30 2431 2432 2443 2442
2194 3 2 4 30 2432 2433 2444 2443
2195 3 2 4 30 2433 2434 2445 2444
2196 3 2 4 30 2434 434 435 2445
2197 3 2 4 30 233 2435 2446 234
2198 3 2 4 30 2435 2436 2447 2446
2199 3 2 4 30 2436 2437 2448 2447
2200 3 2 4 30 2437 2438 2449 2448
2201 3 2 4 30 2438 2439 2450 2449
2202 3 2 4 30 2439 2440 2451 2450
2203 3 2 4 30 2440 2441 2452 2451
2204 3 2 4 30 2441 2442 2453 2452
2205 3 2 4 30 2442 2443 2454 2453
2206 3 2 4 30 2443 2444 2455 2454
2207 3 2 4 30 2444 2445 2456 2455
2208 3 2 4 30 2445 435 436 2456
2209 3 2 4 30 234 2446 2457 235
2210 3 2 4 30 2446 2447 2458 2457
2211 3 2 4 30 2447 2448 2459 2458
2212 3 2 4 30 2448 2449 2460 2459
2213 3 2 4 30 2449 2450 2461 2460
2214 3 2 4 30 2450 2451 2462 2461
2215 3 2 4 30 2451 2452 2463 2462
2216 3 2 4 30 2452 2453 2464 2463
2217 3 2 4 30 2453 2454 2465 2464
2218 3 2 4 30 2454 2455 2466 2465
2219 3 2 4 30 2455 2456 2467 2466
2220 3 2 4 30 2456 436 437 2467
2221 3 2 4 30 235 2457 2468 236
2222 3 2 4 30 2457 2458 2469 2468
2223 3 2 4 30 2458 2459 2470 2469
2224 3 2 4 30 2459 2460 2471 2470
2225 3 2 4 30 2460 2461 2472 2471
2226 3 2 4 30 2461 2462 2473 2472
2227 3 2 4 30 2462 2463 2474 2473
2228 3 2 4 30 2463 2464 2475 2474
2229 3 2 4 30 2464 2465 2476 2475
2230 3 2 4 30 2465 2466 2477 2476
2231 3 2 4 30 2466 2467 2478 2477
2232 3 2 4 30 2467 437 438 2478
2233 3 2 4 30 236 2468 2479 237
2234 3 2 4 30 2468 2469 2480 2479
2235 3 2 4 30 2469 2470 2481 2480
2236 3 2 4 30 2470 2471 2482 2481
2237 3 2 4 30 2471 2472 2483 2482
2238 3 2 4 30 2472 2473 2484 2483
2239 3 2 4 30 2473 2474 2485 2484
2240 3 2 4 30 2474 2475 2486 2485
2241 3 2 4 30 2475 2476 2487 2486
2242 3 2 4 30 2476 2477 2488 2487
2243 3 2 4 30 2477 2478 2489 2488
2244 3 2 4 30 2478 438 439 2489
2245 3 2 4 30 237 2479 317 12
2246 3 2 4 30 2479 2480 318 317
2247 3 2 4 30 2480 2481 319 318
2248 3 2 4 30 2481 2482 320 319
2249 3 2 4 30 2482 2483 321 320
2250 3 2 4 30 2483 2484 322 321
2251 3 2 4 30 2484 2485 323 322
2252 3 2 4 30 2485 2486 324 323
2253 3 2 4 30 2486 2487 325 324
2254 3 2 4 30 2487 2488 326 325
2255 3 2 4 30 2488 2489 327 326
2256 3 2 4 30 2489 439 23 327
2257 3 2 5 32 16 389 2596 249
2258 3 2 5 32 389 390 2597 2596
2259 3 2 5 32 390 391 2598 2597
2260 3 2 5 32 391 392 2599 2598
2261 3 2 5 32 392 393 2600 2599
2262 3 2 5 32 393 394 2601 2600
2263 3 2 5 32 394 395 2602 2601
2264 3 2 5 32 395 396 2603 2602
2265 3 2 5 32 396 397 2604 2603
2266 3 2 5 32 397 398 2605 2604
2267 3 2 5 32 398 399 2606 2605
2268 3 2 5 32 399 27 451 2606
2269 3 2 5 32 249 2596 2607 250
2270 3 2 5 32 2596 2597 2608 2607
2271 3 2 5 32 2597 2598 2609 2608
2272 3 2 5 32 2598 2599 2610 2609
2273 3 2 5 32 2599 2600 2611 2610
2274 3 2 5 32 2600 2601 2612 2611
2275 3 2 5 32 2601 2602 2613 2612
2276 3 2 5 32 2602 2603 2614 2613
2277 3 2 5 32 2603 2604 2615 2614
2278 3 2 5 32 2604 2605 2616 2615
2279 3 2 5 32 2605 2606 2617 2616
2280 3 2 5 32 2606 451 452 2617
2281 3 2 5 32 250 2607 440 18
2282 3 2 5 32 2607 2608 441 440
2283 3 2 5 32 2608 2609 442 441
2284 3 2 5 32 2609 2610 443 442
2285 3 2 5 32 2610 2611 444 443
2286 3 2 5 32 2611 2612 445 444
2287 3 2 5 32 2612 2613 446 445
2288 3 2 5 32 2613 2614 447 446
2289 3 2 5 32 2614 2615 448 447
2290 3 2 5 32 2615 2616 449 448
2291 3 2 5 32 2616 2617 450 449
2292 3 2 5 32 2617 452 29 450
2293 3 2 4 34 17 268 2684 407
2294 3 2 4 34 407 2684 2685 408
2295 3 2 4 34 408 2685 2686 409
2296 3 2 4 34 409 2686 2687 410
2297 3 2 4 34 410 2687 2688 411
2298 3 2 4 34 411 2688 2689 412
2299 3 2 4 34 412 2689 2690 413
2300 3 2 4 34 413 2690 2691 414
2301 3 2 4 34 414 2691 2692 415
2302 3 2 4 34 415 2692 2693 416
2303 3 2 4 34 416 2693 2694 417
2304 3 2 4 34 417 2694 470 28
2305 3 2 4 34 268 269 2695 2684
2306 3 2 4 34 2684 2695 2696 2685
2307 3 2 4 34 2685 2696 2697 2686
2308 3 2 4 34 2686 2697 2698 2687
2309 3 2 4 34 2687 2698 2699 2688
2310 3 2 4 34 2688 2699 2700 2689
2311 3 2 4 34 2689 2700 2701 2690
2312 3 2 4 34 2690 2701 2702 2691
2313 3 2 4 34 2691 2702 2703 2692
2314 3 2 4 34 2692 2703 2704 2693
2315 3 2 4 34 2693 2704 2705 2694
2316 3 2 4 34 2694 2705 471 470
2317 3 2 4 34 269 19 453 2695
2318 3 2 4 34 2695 453 454 2696
2319 3 2 4 34 2696 454 455 2697
2320 3 2 4 34 2697 455 456 2698
2321 3 2 4 34 2698 456 457 2699
2322 3 2 4 34 2699 457 458 2700
2323 3 2 4 34 2700 458 459 2701
2324 3 2 4 34 2701 459 460 2702
2325 3 2 4 34 2702 460 461 2703
2326 3 2 4 34 2703 461 462 2704
2327 3 2 4 34 2704 462 463 2705
2328 3 2 4 34 2705 463 30 471
2329 3 2 5 36 20 281 2726 472
2330 3 2 5 36 472 2726 2727 473
2331 3 2 5 36 473 2727 2728 474
2332 3 2 5 36 474 2728 2729 475
2333 3 2 5 36 475 2729 2730 476
2334 3 2 5 36 476 2730 2731 477
2335 3 2 5 36 477 2731 2732 478
2336 3 2 5 36 478 2732 2733 479
2337 3 2 5 36 479 2733 2734 480
2338 3 2 5 36 480 2734 2735 481
2339 3 2 5 36 481 2735 2736 482
2340 3 2 5 36 482 2736 483 31
2341 3 2 5 36 281 282 2737 2726
2342 3 2 5 36 2726 2737 2738 2727
2343 3 2 5 36 2727 2738 2739 2728
2344 3 2 5 36 2728 2739 2740 2729
2345 3 2 5 36 2729 2740 2741 2730
2346 3 2 5 36 2730 2741 2742 2731
2347 3 2 5 36 2731 2742 2743 2732
2348 3 2 5 36 2732 2743 2744 2733
2349 3 2 5 36 2733 2744 2745 2734
2350 3 2 5 36 2734 2745 2746 2735
2351 3 2 5 36 2735 2746 2747 2736
2352 3 2 5 36 2736 2747 484 483
2353 3 2 5 36 282 283 2748 2737
2354 3 2 5 36 2737 2748 2749 2738
2355 3 2 5 36 2738 2749 2750 2739
2356 3 2 5 36 2739 2750 2751 2740
2357 3 2 5 36 2740 2751 2752 2741
2358 3 2 5 36 2741 2752 2753 2742
2359 3 2 5 36 2742 2753 2754 2743
2360 3 2 5 36 2743 2754 2755 2744
2361 3 2 5 36 2744 2755 2756 2745
2362 3 2 5 36 2745 2756 2757 2746
2363 3 2 5 36 2746 2757 2758 2747
2364 3 2 5 36 2747 2758 485 484
2365 3 2 5 36 283 284 2759 2748
2366 3 2 5 36 2748 2759 2760 2749
2367 3 2 5 36 2749 2760 2761 2750
2368 3 2 5 36 2750 2761 2762 2751
2369 3 2 5 36 2751 2762 2763 2752
2370 3 2 5 36 2752 2763 2764 2753
2371 3 2 5 36 2753 2764 2765 2754
2372 3 2 5 36 2754 2765 2766 2755
2373 3 2 5 36 2755 2766 2767 2756
2374 3 2 5 36 2756 2767 2768 2757
2375 3 2 5 36 2757 2768 2769 2758
2376 3 2 5 36 2758 2769 486 485
2377 3 2 5 36 284 18 440 2759
2378 3 2 5 36 2759 440 441 2760
2379 3 2 5 36 2760 441 442 2761
2380 3 2 5 36 2761 442 443 2762
2381 3 2 5 36 2762 443 444 2763
2382 3 2 5 36 2763 444 445 2764
2383 3 2 5 36 2764 445 446 2765
2384 3 2 5 36 2765 446 447 2766
2385 3 2 5 36 2766 447 448 2767
2386 3 2 5 36 2767 448 449 2768
2387 3 2 5 36 2768 449 450 2769
2388 3 2 5 36 2769 450 29 486
2389 3 2 5 37 21 296 2770 487
2390 3 2 5 37 487 2770 2771 488
2391 3 2 5 37 488 2771 2772 489
2392 3 2 5 37 489 2772 2773 490
2393 3 2 5 37 490 2773 2774 491
2394 3 2 5 37 491 2774 2775 492
2395 3 2 5 37 492 2775 2776 493
2396 3 2 5 37 493 2776 2777 494
2397 3 2 5 37 494 2777 2778 495
2398 3 2 5 37 495 2778 2779 496
2399 3 2 5 37 496 2779 2780 497
2400 3 2 5 37 497 2780 498 32
2401 3 2 5 37 296 297 2781 2770
2402 3 2 5 37 2770 2781 2782 2771
2403 3 2 5 37 2771 2782 2783 2772
2404 3 2 5 37 2772 2783 2784 2773
2405 3 2 5 37 2773 2784 2785 2774
2406 3 2 5 37 2774 2785 2786 2775
2407 3 2 5 37 2775 2786 2787 2776
2408 3 2 5 37 2776 2787 2788 2777
2409 3 2 5 37 2777 2788 2789 2778
2410 3 2 5 37 2778 2789 2790 2779
2411 3 2 5 37 2779 2790 2791 2780
2412 3 2 5 37 2780 2791 499 498
2413 3 2 5 37 297 298 2792 2781
2414 3 2 5 37 2781 2792 2793 2782
2415 3 2 5 37 2782 2793 2794 2783
2416 3 2 5 37 2783 2794 2795 2784
2417 3 2 5 37 2784 2795 2796 2785
2418 3 2 5 37 2785 2796 2797 2786
2419 3 2 5 37 2786 2797 2798 2787
2420 3 2 5 37 2787 2798 2799 2788
2421 3 2 5 37 2788 2799 2800 2789
2422 3 2 5 37 2789 2800 2801 2790
2423 3 2 5 37 2790 2801 2802 2791
2424 3 2 5 37 2791 2802 500 499
2425 3 2 5 37 298 20 472 2792
2426 3 2 5 37 2792 472 473 2793
2427 3 2 5 37 2793 473 474 2794
2428 3 2 5 37 2794 474 475 2795
2429 3 2 5 37 2795 475 476 2796
2430 3 2 5 37 2796 476 477 2797
2431 3 2 5 37 2797 477 478 2798
2432 3 2 5 37 2798 478 479 2799
2433 3 2 5 37 2799 479 480 2800
2434 3 2 5 37 2800 480 481 2801
2435 3 2 5 37 2801 481 482 2802
2436 3 2 5 37 2802 482 31 500
2437 3 2 5 38 22 310 2803 501
2438 3 2 5 38 501 2803 2804 502
2439 3 2 5 38 502 2804 2805 503
2440 3 2 5 38 503 2805 2806 504
2441 3 2 5 38 504 2806 2807 505
2442 3 2 5 38 505 2807 2808 506
2443 3 2 5 38 506 2808 2809 507
2444 3 2 5 38 507 2809 2810 508
2445 3 2 5 38 508 2810 2811 509
2446 3 2 5 38 509 2811 2812 510
2447 3 2 5 38 510 2812 2813 511
2448 3 2 5 38 511 2813 512 33
2449 3 2 5 38 310 311 2814 2803
2450 3 2 5 38 2803 2814 2815 2804
2451 3 2 5 38 2804 2815 2816 2805
2452 3 2 5 38 2805 2816 2817 2806
2453 3 2 5 38 2806 2817 2818 2807
2454 3 2 5 38 2807 2818 2819 2808
2455 3 2 5 38 2808 2819 2820 2809
2456 3 2 5 38 2809 2820 2821 2810
2457 3 2 5 38 2810 2821 2822 2811
2458 3 2 5 38 2811 2822 2823 2812
2459 3 2 5 38 2812 2823 2824 2813
2460 3 2 5 38 2813 2824 513 512
2461 3 2 5 38 311 312 2825 2814
2462 3 2 5 38 2814 2825 2826 2815
2463 3 2 5 38 2815 2826 2827 2816
2464 3 2 5 38 2816 2827 2828 2817
2465 3 2 5 38 2817 2828 2829 2818
2466 3 2 5 38 2818 2829 2830 2819
2467 3 2 5 38 2819 2830 2831 2820
2468 3 2 5 38 2820 2831 2832 2821
2469 3 2 5 38 2821 2832 2833 2822
2470 3 2 5 38 2822 2833 2834 2823
2471 3 2 5 38 2823 2834 2835 2824
2472 3 2 5 38 2824 2835 514 513
2473 3 2 5 38 312 21 487 2825
2474 3 2 5 38 2825 487 488 2826
2475 3 2 5 38 2826 488 489 2827
2476 3 2 5 38 2827 489 490 2828
2477 3 2 5 38 2828 490 491 2829
2478 3 2 5 38 2829 491 492 2830
2479 3 2 5 38 2830 492 493 2831
2480 3 2 5 38 2831 493 494 2832
2481 3 2 5 38 2832 494 495 2833
2482 3 2 5 38 2833 495 496 2834
2483 3 2 5 38 2834 496 497 2835
2484 3 2 5 38 2835 497 32 514
2485 3 2 4 39 19 313 2836 453
2486 3 2 4 39 453 2836 2837 454
2487 3 2 4 39 454 2837 2838 455
2488 3 2 4 39 455 2838 2839 456
2489 3 2 4 39 456 2839 2840 457
2490 3 2 4 39 457 2840 2841 458
2491 3 2 4 39 458 2841 2842 459
2492 3 2 4 39 459 2842 2843 460
2493 3 2 4 39 460 2843 2844 461
2494 3 2 4 39 461 2844 2845 462
2495 3 2 4 39 462 2845 2846 463
2496 3 2 4 39 463 2846 515 30
2497 3 2 4 39 313 314 2847 2836
2498 3 2 4 39 2836 2847 2848 2837
2499 3 2 4 39 2837 2848 2849 2838
2500 3 2 4 39 2838 2849 2850 2839
2501 3 2 4 39 2839 2850 2851 2840
2502 3 2 4 39 2840 2851 2852 2841
2503 3 2 4 39 2841 2852 2853 2842
2504 3 2 4 39 2842 2853 2854 2843
2505 3 2 4 39 2843 2854 2855 2844
2506 3 2 4 39 2844 2855 2856 2845
2507 3 2 4 39 2845 2856 2857 2846
2508 3 2 4 39 2846 2857 516 515
2509 3 2 4 39 314 315 2858 2847
2510 3 2 4 39 2847 2858 2859 2848
2511 3 2 4 39 2848 2859 2860 2849
2512 3 2 4 39 2849 2860 2861 2850
2513 3 2 4 39 2850 2861 2862 2851
2514 3 2 4 39 2851 2862 2863 2852
2515 3 2 4 39 2852 2863 2864 2853
2516 3 2 4 39 2853 2864 2865 2854
2517 3 2 4 39 2854 2865 2866 2855
2518 3 2 4 39 2855 2866 2867 2856
2519 3 2 4 39 2856 2867 2868 2857
2520 3 2 4 39 2857 2868 517 516
2521 3 2 4 39 315 316 2869 2858
2522 3 2 4 39 2858 2869 2870 2859
2523 3 2 4 39 2859 2870 2871 2860
2524 3 2 4 39 2860 2871 2872 2861
2525 3 2 4 39 2861 2872 2873 2862
2526 3 2 4 39 2862 2873 2874 2863
2527 3 2 4 39 2863 2874 2875 2864
2528 3 2 4 39 2864 2875 2876 2865
2529 3 2 4 39 2865 2876 2877 2866
2530 3 2 4 39 2866 2877 2878 2867
2531 3 2 4 39 2867 2878 2879 2868
2532 3 2 4 39 2868 2879 518 517
2533 3 2 4 39 316 22 501 2869
2534 3 2 4 39 2869 501 502 2870
2535 3 2 4 39 2870 502 503 2871
2536 3 2 4 39 2871 503 504 2872
2537 3 2 4 39 2872 504 505 2873
2538 3 2 4 39 2873 505 506 2874
2539 3 2 4 39 2874 506 507 2875
2540 3 2 4 39 2875 507 508 2876
2541 3 2 4 39 2876 508 509 2877
2542 3 2 4 39 2877 509 510 2878
2543 3 2 4 39 2878 510 511 2879
2544 3 2 4 39 2879 511 33 518
2545 5 2 6 1 519 57 4 56 2913 723 115 1020
2546 5 2 6 1 2913 723 115 1020 2914 724 116 1021
2547 5 2 6 1 2914 724 116 1021 2915 725 117 1022
2548 5 2 6 1 2915 725 117 1022 2916 726 118 1023
2549 5 2 6 1 2916 726 118 1023 2917 727 119 1024
2550 5 2 6 1 2917 727 119 1024 2918 728 120 1025
2551 5 2 6 1 2918 728 120 1025 2919 729 121 1026
2552 5 2 6 1 2919 729 121 1026 2920 730 122 1027
2553 5 2 6 1 2920 730 122 1027 2921 731 123 1028
2554 5 2 6 1 2921 731 123 1028 2922 732 124 1029
2555 5 2 6 1 2922 732 124 1029 2923 733 125 1030
2556 5 2 6 1 2923 733 125 1030 1031 137 12 186
2557 5 2 6 1 520 519 56 55 2924 2913 1020 1009
2558 5 2 6 1 2924 2913 1020 1009 2925 2914 1021 1010
2559 5 2 6 1 2925 2914 1021 1010 2926 2915 1022 1011
2560 5 2 6 1 2926 2915 1022 1011 2927 2916 1023 1012
2561 5 2 6 1 2927 2916 1023 1012 2928 2917 1024 1013
2562 5 2 6 1 2928 2917 1024 1013 2929 2918 1025 1014
2563 5 2 6 1 2929 2918 1025 1014 2930 2919 1026 1015
2564 5 2 6 1 2930 2919 1026 1015 2931 2920 1027 1016
2565 5 2 6 1 2931 2920 1027 1016 2932 2921 1028 1017
2566 5 2 6 1 2932 2921 1028 1017 2933 2922 1029 1018
2567 5 2 6 1 2933 2922 1029 1018 2934 2923 1030 1019
2568 5 2 6 1 2934 2923 1030 1019 1032 1031 186 185
2569 5 2 6 1 521 520 55 54 2935 2924 1009 998
2570 5 2 6 1 2935 2924 1009 998 2936 2925 1010 999
2571 5 2 6 1 2936 2925 1010 999 2937 2926 1011 1000
2572 5 2 6 1 2937 2926 1011 1000 2938 2927 1012 1001
2573 5 2 6 1 2938 2927 1012 1001 2939 2928 1013 1002
2574 5 2 6 1 2939 2928 1013 1002 2940 2929 1014 1003
2575 5 2 6 1 2940 2929 1014 1003 2941 2930 1015 1004
2576 5 2 6 1 2941 2930 1015 1004 2942 2931 1016 1005
2577 5 2 6 1 2942 2931 1016 1005 2943 2932 1017 1006
2578 5 2 6 1 2943 2932 1017 1006 2944 2933 1018 1007
2579 5 2 6 1 2944 2933 1018 1007 2945 2934 1019 1008
2580 5 2 6 1 2945 2934 1019 1008 1033 1032 185 184
2581 5 2 6 1 522 521 54 53 2946 2935 998 987
2582 5 2 6 1 2946 2935 998 987 2947 2936 999 988
2583 5 2 6 1 2947 2936 999 988 2948 2937 1000 989
2584 5 2 6 1 2948 2937 1000 989 2949 2938 1001 990
2585 5 2 6 1 2949 2938 1001 990 2950 2939 1002 991
2586 5 2 6 1 2950 2939 1002 991 2951 2940 1003 992
2587 5 2 6 1 2951 2940 1003 992 2952 2941 1004 993
2588 5 2 6 1 2952 2941 1004 993 2953 2942 1005 994
2589 5 2 6 1 2953 2942 1005 994 2954 2943 1006 995
2590 5 2 6 1 2954 2943 1006 995 2955 2944 1007 996
2591 5 2 6 1 2955 2944 1007 996 2956 2945 1008 997
2592 5 2 6 1 2956 2945 1008 997 1034 1033 184 183
2593 5 2 6 1 523 522 53 52 2957 2946 987 976
2594 5 2 6 1 2957 2946 987 976 2958 2947 988 977
2595 5 2 6 1 2958 2947 988 977 2959 2948 989 978
2596 5 2 6 1 2959 2948 989 978 2960 2949 990 979
2597 5 2 6 1 2960 2949 990 979 2961 2950 991 980
2598 5 2 6 1 2961 2950 991 980 2962 2951 992 981
2599 5 2 6 1 2962 2951 992 981 2963 2952 993 982
2600 5 2 6 1 2963 2952 993 982 2964 2953 994 983
2601 5 2 6 1 2964 2953 994 983 2965 2954 995 984
2602 5 2 6 1 2965 2954 995 984 2966 2955 996 985
2603 5 2 6 1 2966 2955 996 985 2967 2956 997 986
2604 5 2 6 1 2967 2956 997 986 1035 1034 183 182
2605 5 2 6 1 524 523 52 51 2968 2957 976 965
2606 5 2 6 1 2968 2957 976 965 2969 2958 977 966
2607 5 2 6 1 2969 2958 977 966 2970 2959 978 967
2608 5 2 6 1 2970 2959 978 967 2971 2960 979 968
2609 5 2 6 1 2971 2960 979 968 2972 2961 980 969
2610 5 2 6 1 2972 2961 980 969 2973 2962 981 970
2611 5 2 6 1 2973 2962 981 970 2974 2963 982 971
2612 5 2 6 1 2974 2963 982 971 2975 2964 983 972
2613 5 2 6 1 2975 2964 983 972 2976 2965 984 973
2614 5 2 6 1 2976 2965 984 973 2977 2966 985 974
2615 5 2 6 1 2977 2966 985 974 2978 2967 986 975
2616 5 2 6 1 2978 2967 986 975 1036 1035 182 181
2617 5 2 6 1 525 524 51 50 2979 2968 965 954
2618 5 2 6 1 2979 2968 965 954 2980 2969 966 955
2619 5 2 6 1 2980 2969 966 955 2981 2970 967 956
2620 5 2 6 1 2981 2970 967 956 2982 2971 968 957
2621 5 2 6 1 2982 2971 968 957 2983 2972 969 958
2622 5 2 6 1 2983 2972 969 958 2984 2973 970 959
2623 5 2 6 1 2984 2973 970 959 2985 2974 971 960
2624 5 2 6 1 2985 2974 971 960 2986 2975 972 961
2625 5 2 6 1 2986 2975 972 961 2987 2976 973 962
2626 5 2 6 1 2987 2976 973 962 2988 2977 974 963
2627 5 2 6 1 2988 2977 974 963 2989 2978 975 964
2628 5 2 6 1 2989 2978 975 964 1037 1036 181 180
2629 5 2 6 1 526 525 50 49 2990 2979 954 943
2630 5 2 6 1 2990 2979 954 943 2991 2980 955 944
2631 5 2 6 1 2991 2980 955 944 2992 2981 956 945
2632 5 2 6 1 2992 2981 956 945 2993 2982 957 946
2633 5 2 6 1 2993 2982 957 946 2994 2983 958 947
2634 5 2 6 1 2994 2983 958 947 2995 2984 959 948
2635 5 2 6 1 2995 2984 959 948 2996 2985 960 949
2636 5 2 6 1 2996 2985 960 949 2997 2986 961 950
2637 5 2 6 1 2997 2986 961 950 2998 2987 962 951
2638 5 2 6 1 2998 2987 962 951 2999 2988 963 952
2639 5 2 6 1 2999 2988 963 952 3000 2989 964 953
2640 5 2 6 1 3000 2989 964 953 1038 1037 180 179
2641 5 2 6 1 527 526 49 48 3001 2990 943 932
2642 5 2 6 1 3001 2990 943 932 3002 2991 944 933
2643 5 2 6 1 3002 2991 944 933 3003 2992 945 934
2644 5 2 6 1 3003 2992 945 934 3004 2993 946 935
2645 5 2 6 1 3004 2993 946 935 3005 2994 947 936
2646 5 2 6 1 3005 2994 947 936 3006 2995 948 937
2647 5 2 6 1 3006 2995 948 937 3007 2996 949 938
2648 5 2 6 1 3007 2996 949 938 3008 2997 950 939
2649 5 2 6 1 3008 2997 950 939 3009 2998 951 940
2650 5 2 6 1 3009 2998 951 940 3010 2999 952 941
2651 5 2 6 1 3010 2999 952 941 3011 3000 953 942
2652 5 2 6 1 3011 3000 953 942 1039 1038 179 178
2653 5 2 6 1 47 527 48 3 921 3001 932 162
2654 5 2 6 1 921 3001 932 162 922 3002 933 163
2655 5 2 6 1 922 3002 933 163 923 3003 934 164
2656 5 2 6 1 923 3003 934 164 924 3004 935 165
2657 5 2 6 1 924 3004 935 165 925 3005 936 166
2658 5 2 6 1 925 3005 936 166 926 3006 937 167
2659 5 2 6 1 926 3006 937 167 927 3007 938 168
2660 5 2 6 1 927 3007 938 168 928 3008 939 169
2661 5 2 6 1 928 3008 939 169 929 3009 940 170
2662 5 2 6 1 929 3009 940 170 930 3010 941 171
2663 5 2 6 1 930 3010 941 171 931 3011 942 172
2664 5 2 6 1 931 3011 942 172 177 1039 178 15
2665 5 2 6 1 528 58 57 519 3012 734 723 2913
2666 5 2 6 1 3012 734 723 2913 3013 735 724 2914
2667 5 2 6 1 3013 735 724 2914 3014 736 725 2915
2668 5 2 6 1 3014 736 725 2915 3015 737 726 2916
2669 5 2 6 1 3015 737 726 2916 3016 738 727 2917
2670 5 2 6 1 3016 738 727 2917 3017 739 728 2918
2671 5 2 6 1 3017 739 728 2918 3018 740 729 2919
2672 5 2 6 1 3018 740 729 2919 3019 741 730 2920
2673 5 2 6 1 3019 741 730 2920 3020 742 731 2921
2674 5 2 6 1 3020 742 731 2921 3021 743 732 2922
2675 5 2 6 1 3021 743 732 2922 3022 744 733 2923
2676 5 2 6 1 3022 744 733 2923 1040 138 137 1031
2677 5 2 6 1 529 528 519 520 3023 3012 2913 2924
2678 5 2 6 1 3023 3012 2913 2924 3024 3013 2914 2925
2679 5 2 6 1 3024 3013 2914 2925 3025 3014 2915 2926
2680 5 2 6 1 3025 3014 2915 2926 3026 3015 2916 2927
2681 5 2 6 1 3026 3015 2916 2927 3027 3016 2917 2928
2682 5 2 6 1 3027 3016 2917 2928 3028 3017 2918 2929
2683 5 2 6 1 3028 3017 2918 2929 3029 3018 2919 2930
2684 5 2 6 1 3029 3018 2919 2930 3030 3019 2920 2931
2685 5 2 6 1 3030 3019 2920 2931 3031 3020 2921 2932
2686 5 2 6 1 3031 3020 2921 2932 3032 3021 2922 2933
2687 5 2 6 1 3032 3021 2922 2933 3033 3022 2923 2934
2688 5 2 6 1 3033 3022 2923 2934 1041 1040 1031 1032
2689 5 2 6 1 530 529 520 521 3034 3023 2924 2935
2690 5 2 6 1 3034 3023 2924 2935 3035 3024 2925 2936
2691 5 2 6 1 3035 3024 2925 2936 3036 3025 2926 2937
2692 5 2 6 1 3036 3025 2926 2937 3037 3026 2927 2938
2693 5 2 6 1 3037 3026 2927 2938 3038 3027 2928 2939
2694 5 2 6 1 3038 3027 2928 2939 3039 3028 2929 2940
2695 5 2 6 1 3039 3028 2929 2940 3040 3029 2930 2941
2696 5 2 6 1 3040 3029 2930 2941 3041 3030 2931 2942
2697 5 2 6 1 3041 3030 2931 2942 3042 3031 2932 2943
2698 5 2 6 1 3042 3031 2932 2943 3043 3032 2933 2944
2699 5 2 6 1 3043 3032 2933 2944 3044 3033 2934 2945
2700 5 2 6 1 3044 3033 2934 2945 1042 1041 1032 1033
2701 5 2 6 1 531 530 521 522 3045 3034 2935 2946
2702 5 2 6 1 3045 3034 2935 2946 3046 3035 2936 2947
2703 5 2 6 1 3046 3035 2936 2947 3047 3036 2937 2948
2704 5 2 6 1 3047 3036 2937 2948 3048 3037 2938 2949
2705 5 2 6 1 3048 3037 2938 2949 3049 3038 2939 2950
2706 5 2 6 1 3049 3038 2939 2950 3050 3039 2940 2951
2707 5 2 6 1 3050 3039 2940 2951 3051 3040 2941 2952
2708 5 2 6 1 3051 3040 2941 2952 3052 3041 2942 2953
2709 5 2 6 1 3052 3041 2942 2953 3053 3042 2943 2954
2710 5 2 6 1 3053 3042 2943 2954 3054 3043 2944 2955
2711 5 2 6 1 3054 3043 2944 2955 3055 3044 2945 2956
2712 5 2 6 1 3055 3044 2945 2956 1043 1042 1033 1034
2713 5 2 6 1 532 531 522 523 3056 3045 2946 2957
2714 5 2 6 1 3056 3045 2946 2957 3057 3046 2947 2958
2715 5 2 6 1 3057 3046 2947 2958 3058 3047 2948 2959
2716 5 2 6 1 3058 3047 2948 2959 3059 3048 2949 2960
2717 5 2 6 1 3059 3048 2949 2960 3060 3049 2950 2961
2718 5 2 6 1 3060 3049 2950 2961 3061 3050 2951 2962
2719 5 2 6 1 3061 3050 2951 2962 3062 3051 2952 2963
2720 5 2 6 1 3062 3051 2952 2963 3063 3052 2953 2964
2721 5 2 6 1 3063 3052 2953 2964 3064 3053 2954 2965
2722 5 2 6 1 3064 3053 2954 2965 3065 3054 2955 2966
2723 5 2 6 1 3065 3054 2955 2966 3066 3055 2956 2967
2724 5 2 6 1 3066 3055 2956 2967 1044 1043 1034 1035
2725 5 2 6 1 533 532 523 524 3067 3056 2957 2968
2726 5 2 6 1 3067 3056 2957 2968 3068 3057 2958 2969
2727 5 2 6 1 3068 3057 2958 2969 3069 3058 2959 2970
2728 5 2 6 1 3069 3058 2959 2970 3070 3059 2960 2971
2729 5 2 6 1 3070 3059 2960 2971 3071 3060 2961 2972
2730 5 2 6 1 3071 3060 2961 2972 3072 3061 2962 2973
2731 5 2 6 1 3072 3061 2962 2973 3073 3062 2963 2974
2732 5 2 6 1 3073 3062 2963 2974 3074 3063 2964 2975
2733 5 2 6 1 3074 3063 2964 2975 3075 3064 2965 2976
2734 5 2 6 1 3075 3064 2965 2976 3076 3065 2966 2977
2735 5 2 6 1 3076 3065 2966 2977 3077 3066 2967 2978
2736 5 2 6 1 3077 3066 2967 2978 1045 1044 1035 1036
2737 5 2 6 1 534 533 524 525 3078 3067 2968 2979
2738 5 2 6 1 3078 3067 2968 2979 3079 3068 2969 2980
2739 5 2 6 1 3079 3068 2969 2980 3080 3069 2970 2981
2740 5 2 6 1 3080 3069 2970 2981 3081 3070 2971 2982
2741 5 2 6 1 3081 3070 2971 2982 3082 3071 2972 2983
2742 5 2 6 1 3082 3071 2972 2983 3083 3072 2973 2984
2743 5 2 6 1 3083 3072 2973 2984 3084 3073 2974 2985
2744 5 2 6 1 3084 3073 2974 2985 3085 3074 2975 2986
2745 5 2 6 1 3085 3074 2975 2986 3086 3075 2976 2987
2746 5 2 6 1 3086 3075 2976 2987 3087 3076 2977 2988
2747 5 2 6 1 3087 3076 2977 2988 3088 3077 2978 2989
2748 5 2 6 1 3088 3077 2978 2989 1046 1045 1036 1037
2749 5 2 6 1 535 534 525 526 3089 3078 2979 2990
2750 5 2 6 1 3089 3078 2979 2990 3090 3079 2980 2991
2751 5 2 6 1 3090 3079 2980 2991 3091 3080 2981 2992
2752 5 2 6 1 3091 3080 2981 2992 3092 3081 2982 2993
2753 5 2 6 1 3092 3081 2982 2993 3093 3082 2983 2994
2754 5 2 6 1 3093 3082 2983 2994 3094 3083 2984 2995
2755 5 2 6 1 3094 3083 2984 2995 3095 3084 2985 2996
2756 5 2 6 1 3095 3084 2985 2996 3096 3085 2986 2997
2757 5 2 6 1 3096 3085 2986 2997 3097 3086 2987 2998
2758 5 2 6 1 3097 3086 2987 2998 3098 3087 2988 2999
2759 5 2 6 1 3098 3087 2988 2999 3099 3088 2989 3000
2760 5 2 6 1 3099 3088 2989 3000 1047 1046 1037 1038
2761 5 2 6 1 536 535 526 527 3100 3089 2990 3001
2762 5 2 6 1 3100 3089 2990 3001 3101 3090 2991 3002
2763 5 2 6 1 3101 3090 2991 3002 3102 3091 2992 3003
2764 5 2 6 1 3102 3091 2992 3003 3103 3092 2993 3004
2765 5 2 6 1 3103 3092 2993 3004 3104 3093 2994 3005
2766 5 2 6 1 3104 3093 2994 3005 3105 3094 2995 3006
2767 5 2 6 1 3105 3094 2995 3006 3106 3095 2996 3007
2768 5 2 6 1 3106 3095 2996 3007 3107 3096 2997 3008
2769 5 2 6 1 3107 3096 2997 3008 3108 3097 2998 3009
2770 5 2 6 1 3108 3097 2998 3009 3109 3098 2999 3010
2771 5 2 6 1 3109 3098 2999 3010 3110 3099 3000 3011
2772 5 2 6 1 3110 3099 3000 3011 1048 1047 1038 1039
2773 5 2 6 1 46 536 527 47 910 3100 3001 921
2774 5 2 6 1 910 3100 3001 921 911 3101 3002 922
2775 5 2 6 1 911 3101 3002 922 912 3102 3003 923
2776 5 2 6 1 912 3102 3003 923 913 3103 3004 924
2777 5 2 6 1 913 3103 3004 924 914 3104 3005 925
2778 5 2 6 1 914 3104 3005 925 915 3105 3006 926
2779 5 2 6 1 915 3105 3006 926 916 3106 3007 927
2780 5 2 6 1 916 3106 3007 927 917 3107 3008 928
2781 5 2 6 1 917 3107 3008 928 918 3108 3009 929
2782 5 2 6 1 918 3108 3009 929 919 3109 3010 930
2783 5 2 6 1 919 3109 3010 930 920 3110 3011 931
2784 5 2 6 1 920 3110 3011 931 176 1048 1039 177
2785 5 2 6 1 537 59 58 528 3111 745 734 3012
2786 5 2 6 1 3111 745 734 3012 3112 746 735 3013
2787 5 2 6 1 3112 746 735 3013 3113 747 736 3014
2788 5 2 6 1 3113 747 736 3014 3114 748 737 3015
2789 5 2 6 1 3114 748 737 3015 3115 749 738 3016
2790 5 2 6 1 3115 749 738 3016 3116 750 739 3017
2791 5 2 6 1 3116 750 739 3017 3117 751 740 3018
2792 5 2 6 1 3117 751 740 3018 3118 752 741 3019
2793 5 2 6 1 3118 752 741 3019 3119 753 742 3020
2794 5 2 6 1 3119 753 742 3020 3120 754 743 3021
2795 5 2 6 1 3120 754 743 3021 3121 755 744 3022
2796 5 2 6 1 3121 755 744 3022 1049 139 138 1040
2797 5 2 6 1 538 537 528 529 3122 3111 3012 3023
2798 5 2 6 1 3122 3111 3012 3023 3123 3112 3013 3024
2799 5 2 6 1 3123 3112 3013 3024 3124 3113 3014 3025
2800 5 2 6 1 3124 3113 3014 3025 3125 3114 3015 3026
2801 5 2 6 1 3125 3114 3015 3026 3126 3115 3016 3027
2802 5 2 6 1 3126 3115 3016 3027 3127 3116 3017 3028
2803 5 2 6 1 3127 3116 3017 3028 3128 3117 3018 3029
2804 5 2 6 1 3128 3117 3018 3029 3129 3118 3019 3030
2805 5 2 6 1 3129 3118 3019 3030 3130 3119 3020 3031
2806 5 2 6 1 3130 3119 3020 3031 3131 3120 3021 3032
2807 5 2 6 1 3131 3120 3021 3032 3132 3121 3022 3033
2808 5 2 6 1 3132 3121 3022 3033 1050 1049 1040 1041
2809 5 2 6 1 539 538 529 530 3133 3122 3023 3034
2810 5 2 6 1 3133 3122 3023 3034 3134 3123 3024 3035
2811 5 2 6 1 3134 3123 3024 3035 3135 3124 3025 3036
2812 5 2 6 1 3135 3124 3025 3036 3136 3125 3026 3037
2813 5 2 6 1 3136 3125 3026 3037 3137 3126 3027 3038
2814 5 2 6 1 3137 3126 3027 3038 3138 3127 3028 3039
2815 5 2 6 1 3138 3127 3028 3039 3139 3128 3029 3040
2816 5 2 6 1 3139 3128 3029 3040 3140 3129 3030 3041
2817 5 2 6 1 3140 3129 3030 3041 3141 3130 3031 3042
2818 5 2 6 1 3141 3130 3031 3042 3142 3131 3032 3043
2819 5 2 6 1 3142 3131 3032 3043 3143 3132 3033 3044
2820 5 2 6 1 3143 3132 3033 3044 1051 1050 1041 1042
2821 5 2 6 1 540 539 530 531 3144 3133 3034 3045
2822 5 2 6 1 3144 3133 3034 3045 3145 3134 3035 3046
2823 5 2 6 1 3145 3134 3035 3046 3146 3135 3036 3047
2824 5 2 6 1 3146 3135 3036 3047 3147 3136 3037 3048
2825 5 2 6 1 3147 3136 3037 3048 3148 3137 3038 3049
2826 5 2 6 1 3148 3137 3038 3049 3149 3138 3039 3050
2827 5 2 6 1 3149 3138 3039 3050 3150 3139 3040 3051
2828 5 2 6 1 3150 3139 3040 3051 3151 3140 3041 3052
2829 5 2 6 1 3151 3140 3041 3052 3152 3141 3042 3053
2830 5 2 6 1 3152 3141 3042 3053 3153 3142 3043 3054
2831 5 2 6 1 3153 3142 3043 3054 3154 3143 3044 3055
2832 5 2 6 1 3154 3143 3044 3055 1052 1051 1042 1043
2833 5 2 6 1 541 540 531 532 3155 3144 3045 3056
2834 5 2 6 1 3155 3144 3045 3056 3156 3145 3046 3057
2835 5 2 6 1 3156 3145 3046 3057 3157 3146 3047 3058
2836 5 2 6 1 3157 3146 3047 3058 3158 3147 3048 3059
2837 5 2 6 1 3158 3147 3048 3059 3159 3148 3049 3060
2838 5 2 6 1 3159 3148 3049 3060 3160 3149 3050 3061
2839 5 2 6 1 3160 3149 3050 3061 3161 3150 3051 3062
2840 5 2 6 1 3161 3150 3051 3062 3162 3151 3052 3063
2841 5 2 6 1 3162 3151 3052 3063 3163 3152 3053 3064
2842 5 2 6 1 3163 3152 3053 3064 3164 3153 3054 3065
2843 5 2 6 1 3164 3153 3054 3065 3165 3154 3055 3066
2844 5 2 6 1 3165 3154 3055 3066 1053 1052 1043 1044
2845 5 2 6 1 542 541 532 533 3166 3155 3056 3067
2846 5 2 6 1 3166 3155 3056 3067 3167 3156 3057 3068
2847 5 2 6 1 3167 3156 3057 3068 3168 3157 3058 3069
2848 5 2 6 1 3168 3157 3058 3069 3169 3158 3059 3070
2849 5 2 6 1 3169 3158 3059 3070 3170 3159 3060 3071
2850 5 2 6 1 3170 3159 3060 3071 3171 3160 3061 3072
2851 5 2 6 1 3171 3160 3061 3072 3172 3161 3062 3073
2852 5 2 6 1 3172 3161 3062 3073 3173 3162 3063 3074
2853 5 2 6 1 3173 3162 3063 3074 3174 3163 3064 3075
2854 5 2 6 1 3174 3163 3064 3075 3175 3164 3065 3076
2855 5 2 6 1 3175 3164 3065 3076 3176 3165 3066 3077
2856 5 2 6 1 3176 3165 3066 3077 1054 1053 1044 1045
2857 5 2 6 1 543 542 533 534 3177 3166 3067 3078
2858 5 2 6 1 3177 3166 3067 3078 3178 3167 3068 3079
2859 5 2 6 1 3178 3167 3068 3079 3179 3168 3069 3080
2860 5 2 6 1 3179 3168 3069 3080 3180 3169 3070 3081
2861 5 2 6 1 3180 3169 3070 3081 3181 3170 3071 3082
2862 5 2 6 1 3181 3170 3071 3082 3182 3171 3072 3083
2863 5 2 6 1 3182 3171 3072 3083 3183 3172 3073 3084
2864 5 2 6 1 3183 3172 3073 3084 3184 3173 3074 3085
2865 5 2 6 1 3184 3173 3074 3085 3185 3174 3075 3086
2866 5 2 6 1 3185 3174 3075 3086 3186 3175 3076 3087
2867 5 2 6 1 3186 3175 3076 3087 3187 3176 3077 3088
2868 5 2 6 1 3187 3176 3077 3088 1055 1054 1045 1046
2869 5 2 6 1 544 543 534 535 3188 3177 3078 3089
2870 5 2 6 1 3188 3177 3078 3089 3189 3178 3079 3090
2871 5 2 6 1 3189 3178 3079 3090 3190 3179 3080 3091
2872 5 2 6 1 3190 3179 3080 3091 3191 3180 3081 3092
2873 5 2 6 1 3191 3180 3081 3092 3192 3181 3082 3093
2874 5 2 6 1 3192 3181 3082 3093 3193 3182 3083 3094
2875 5 2 6 1 3193 3182 3083 3094 3194 3183 3084 3095
2876 5 2 6 1 3194 3183 3084 3095 3195 3184 3085 3096
2877 5 2 6 1 3195 3184 3085 3096 3196 3185 3086 3097
2878 5 2 6 1 3196 3185 3086 3097 3197 3186 3087 3098
2879 5 2 6 1 3197 3186 3087 3098 3198 3187 3088 3099
2880 5 2 6 1 3198 3187 3088 3099 1056 1055 1046 1047
2881 5 2 6 1 545 544 535 536 3199 3188 3089 3100
2882 5 2 6 1 3199 3188 3089 3100 3200 3189 3090 3101
2883 5 2 6 1 3200 3189 3090 3101 3201 3190 3091 3102
2884 5 2 6 1 3201 3190 3091 3102 3202 3191 3092 3103
2885 5 2 6 1 3202 3191 3092 3103 3203 3192 3093 3104
2886 5 2 6 1 3203 3192 3093 3104 3204 3193 3094 3105
2887 5 2 6 1 3204 3193 3094 3105 3205 3194 3095 3106
2888 5 2 6 1 3205 3194 3095 3106 3206 3195 3096 3107
2889 5 2 6 1 3206 3195 3096 3107 3207 3196 3097 3108
2890 5 2 6 1 3207 3196 3097 3108 3208 3197 3098 3109
2891 5 2 6 1 3208 3197 3098 3109 3209 3198 3099 3110
2892 5 2 6 1 3209 3198 3099 3110 1057 1056 1047 1048
2893 5 2 6 1 45 545 536 46 899 3199 3100 910
2894 5 2 6 1 899 3199 3100 910 900 3200 3101 911
2895 5 2 6 1 900 3200 3101 911 901 3201 3102 912
2896 5 2 6 1 901 3201 3102 912 902 3202 3103 913
2897 5 2 6 1 902 3202 3103 913 903 3203 3104 914
2898 5 2 6 1 903 3203 3104 914 904 3204 3105 915
2899 5 2 6 1 904 3204 3105 915 905 3205 3106 916
2900 5 2 6 1 905 3205 3106 916 906 3206 3107 917
2901 5 2 6 1 906 3206 3107 917 907 3207 3108 918
2902 5 2 6 1 907 3207 3108 918 908 3208 3109 919
2903 5 2 6 1 908 3208 3109 919 909 3209 3110 920
2904 5 2 6 1 909 3209 3110 920 175 1057 1048 176
2905 5 2 6 1 546 60 59 537 3210 756 745 3111
2906 5 2 6 1 3210 756 745 3111 3211 757 746 3112
2907 5 2 6 1 3211 757 746 3112 3212 758 747 3113
2908 5 2 6 1 3212 758 747 3113 3213 759 748 3114
2909 5 2 6 1 3213 759 748 3114 3214 760 749 3115
2910 5 2 6 1 3214 760 749 3115 3215 761 750 3116
2911 5 2 6 1 3215 761 750 3116 3216 762 751 3117
2912 5 2 6 1 3216 762 751 3117 3217 763 752 3118
2913 5 2 6 1 3217 763 752 3118 3218 764 753 3119
2914 5 2 6 1 3218 764 753 3119 3219 765 754 3120
2915 5 2 6 1 3219 765 754 3120 3220 766 755 3121
2916 5 2 6 1 3220 766 755 3121 1058 140 139 1049
2917 5 2 6 1 547 546 537 538 3221 3210 3111 3122
2918 5 2 6 1 3221 3210 3111 3122 3222 3211 3112 3123
2919 5 2 6 1 3222 3211 3112 3123 3223 3212 3113 3124
2920 5 2 6 1 3223 3212 3113 3124 3224 3213 3114 3125
2921 5 2 6 1 3224 3213 3114 3125 3225 3214 3115 3126
2922 5 2 6 1 3225 3214 3115 3126 3226 3215 3116 3127
2923 5 2 6 1 3226 3215 3116 3127 3227 3216 3117 3128
2924 5 2 6 1 3227 3216 3117 3128 3228 3217 3118 3129
2925 5 2 6 1 3228 3217 3118 3129 3229 3218 3119 3130
2926 5 2 6 1 3229 3218 3119 3130 3230 3219 3120 3131
2927 5 2 6 1 3230 3219 3120 3131 3231 3220 3121 3132
2928 5 2 6 1 3231 3220 3121 3132 1059 1058 1049 1050
2929 5 2 6 1 548 547 538 539 3232 3221 3122 3133
2930 5 2 6 1 3232 3221 3122 3133 3233 3222 3123 3134
2931 5 2 6 1 3233 3222 3123 3134 3234 3223 3124 3135
2932 5 2 6 1 3234 3223 3124 3135 3235 3224 3125 3136
2933 5 2 6 1 3235 3224 3125 3136 3236 3225 3126 3137
2934 5 2 6 1 3236 3225 3126 3137 3237 3226 3127 3138
2935 5 2 6 1 3237 3226 3127 3138 3238 3227 3128 3139
2936 5 2 6 1 3238 3227 3128 3139 3239 3228 3129 3140
2937 5 2 6 1 3239 3228 3129 3140 3240 3229 3130 3141
2938 5 2 6 1 3240 3229 3130 3141 3241 3230 3131 3142
2939 5 2 6 1 3241 3230 3131 3142 3242 3231 3132 3143
2940 5 2 6 1 3242 3231 3132 3143 1060 1059 1050 1051
2941 5 2 6 1 549 548 539 540 3243 3232 3133 3144
2942 5 2 6 1 3243 3232 3133 3144 3244 3233 3134 3145
2943 5 2 6 1 3244 3233 3134 3145 3245 3234 3135 3146
2944 5 2 6 1 3245 3234 3135 3146 3246 3235 3136 3147
2945 5 2 6 1 3246 3235 3136 3147 3247 3236 3137 3148
2946 5 2 6 1 3247 3236 3137 3148 3248 3237 3138 3149
2947 5 2 6 1 3248 3237 3138 3149 3249 3238 3139 3150
2948 5 2 6 1 3249 3238 3139 3150 3250 3239 3140 3151
2949 5 2 6 1 3250 3239 3140 3151 3251 3240 3141 3152
2950 5 2 6 1 3251 3240 3141 3152 3252 3241 3142 3153
2951 5 2 6 1 3252 3241 3142 3153 3253 3242 3143 3154
2952 5 2 6 1 3253 3242 3143 3154 1061 1060 1051 1052
2953 5 2 6 1 550 549 540 541 3254 3243 3144 3155
2954 5 2 6 1 3254 3243 3144 3155 3255 3244 3145 3156
2955 5 2 6 1 3255 3244 3145 3156 3256 3245 3146 3157
2956 5 2 6 1 3256 3245 3146 3157 3257 3246 3147 3158
2957 5 2 6 1 3257 3246 3147 3158 3258 3247 3148 3159
2958 5 2 6 1 3258 3247 3148 3159 3259 3248 3149 3160
2959 5 2 6 1 3259 3248 3149 3160 3260 3249 3150 3161
2960 5 2 6 1 3260 3249 3150 3161 3261 3250 3151 3162
2961 5 2 6 1 3261 3250 3151 3162 3262 3251 3152 3163
2962 5 2 6 1 3262 3251 3152 3163 3263 3252 3153 3164
2963 5 2 6 1 3263 3252 3153 3164 3264 3253 3154 3165
2964 5 2 6 1 3264 3253 3154 3165 1062 1061 1052 1053
2965 5 2 6 1 551 550 541 542 3265 3254 3155 3166
2966 5 2 6 1 3265 3254 3155 3166 3266 3255 3156 3167
2967 5 2 6 1 3266 3255 3156 3167 3267 3256 3157 3168
2968 5 2 6 1 3267 3256 3157 3168 3268 3257 3158 3169
2969 5 2 6 1 3268 3257 3158 3169 3269 3258 3159 3170
2970 5 2 6 1 3269 3258 3159 3170 3270 3259 3160 3171
2971 5 2 6 1 3270 3259 3160 3171 3271 3260 3161 3172
2972 5 2 6 1 3271 3260 3161 3172 3272 3261 3162 3173
2973 5 2 6 1 3272 3261 3162 3173 3273 3262 3163 3174
2974 5 2 6 1 3273 3262 3163 3174 3274 3263 3164 3175
2975 5 2 6 1 3274 3263 3164 3175 3275 3264 3165 3176
2976 5 2 6 1 3275 3264 3165 3176 1063 1062 1053 1054
2977 5 2 6 1 552 551 542 543 3276 3265 3166 3177
2978 5 2 6 1 3276 3265 3166 3177 3277 3266 3167 3178
2979 5 2 6 1 3277 3266 3167 3178 3278 3267 3168 3179
2980 5 2 6 1 3278 3267 3168 3179 3279 3268 3169 3180
2981 5 2 6 1 3279 3268 3169 3180 3280 3269 3170 3181
2982 5 2 6 1 3280 3269 3170 3181 3281 3270 3171 3182
2983 5 2 6 1 3281 3270 3171 3182 3282 3271 3172 3183
2984 5 2 6 1 3282 3271 3172 3183 3283 3272 3173 3184
2985 5 2 6 1 3283 3272 3173 3184 3284 3273 3174 3185
2986 5 2 6 1 3284 3273 3174 3185 3285 3274 3175 3186
2987 5 2 6 1 3285 3274 3175 3186 3286 3275 3176 3187
2988 5 2 6 1 3286 3275 3176 3187 1064 1063 1054 1055
2989 5 2 6 1 553 552 543 544 3287 3276 3177 3188
2990 5 2 6 1 3287 3276 3177 3188 3288 3277 3178 3189
2991 5 2 6 1 3288 3277 3178 3189 3289 3278 3179 3190
2992 5 2 6 1 3289 3278 3179 3190 3290 3279 3180 3191
2993 5 2 6 1 3290 3279 3180 3191 3291 3280 3181 3192
2994 5 2 6 1 3291 3280 3181 3192 3292 3281 3182 3193
2995 5 2 6 1 3292 3281 3182 3193 3293 3282 3183 3194
2996 5 2 6 1 3293 3282 3183 3194 3294 3283 3184 3195
2997 5 2 6 1 3294 3283 3184 3195 3295 3284 3185 3196
2998 5 2 6 1 3295 3284 3185 3196 3296 3285 3186 3197
2999 5 2 6 1 3296 3285 3186 3197 3297 3286 3187 3198
3000 5 2 6 1 3297 3286 3187 3198 1065 1064 1055 1056
3001 5 2 6 1 554 553 544 545 3298 3287 3188 3199
3002 5 2 6 1 3298 3287 3188 3199 3299 3288 3189 3200
3003 5 2 6 1 3299 3288 3189 3200 3300 3289 3190 3201
3004 5 2 6 1 3300 3289 3190 3201 3301 3290 3191 3202
3005 5 2 6 1 3301 3290 3191 3202 3302 3291 3192 3203
3006 5 2 6 1 3302 3291 3192 3203 3303 3292 3193 3204
3007 5 2 6 1 3303 3292 3193 3204 3304 3293 3194 3205
3008 5 2 6 1 3304 3293 3194 3205 3305 3294 3195 3206
3009 5 2 6 1 3305 3294 3195 3206 3306 3295 3196 3207
3010 5 2 6 1 3306 3295 3196 3207 3307 3296 3197 3208
3011 5 2 6 1 3307 3296 3197 3208 3308 3297 3198 3209
3012 5 2 6 1 3308 3297 3198 3209 1066 1065 1056 1057
3013 5 2 6 1 44 554 545 45 888 3298 3199 899
3014 5 2 6 1 888 3298 3199 899 889 3299 3200 900
3015 5 2 6 1 889 3299 3200 900 890 3300 3201 901
3016 5 2 6 1 890 3300 3201 901 891 3301 3202 902
3017 5 2 6 1 891 3301 3202 902 892 3302 3203 903
3018 5 2 6 1 892 3302 3203 903 893 3303 3204 904
3019 5 2 6 1 893 3303 3204 904 894 3304 3205 905
3020 5 2 6 1 894 3304 3205 905 895 3305 3206 906
3021 5 2 6 1 895 3305 3206 906 896 3306 3207 907
3022 5 2 6 1 896 3306 3207 907 897 3307 3208 908
3023 5 2 6 1 897 3307 3208 908 898 3308 3209 909
3024 5 2 6 1 898 3308 3209 909 174 1066 1057 175
3025 5 2 6 1 555 61 60 546 3309 767 756 3210
3026 5 2 6 1 3309 767 756 3210 3310 768 757 3211
3027 5 2 6 1 3310 768 757 3211 3311 769 758 3212
3028 5 2 6 1 3311 769 758 3212 3312 770 759 3213
3029 5 2 6 1 3312 770 759 3213 3313 771 760 3214
3030 5 2 6 1 3313 771 760 3214 3314 772 761 3215
3031 5 2 6 1 3314 772 761 3215 3315 773 762 3216
3032 5 2 6 1 3315 773 762 3216 3316 774 763 3217
3033 5 2 6 1 3316 774 763 3217 3317 775 764 3218
3034 5 2 6 1 3317 775 764 3218 3318 776 765 3219
3035 5 2 6 1 3318 776 765 3219 3319 777 766 3220
3036 5 2 6 1 3319 777 766 3220 1067 141 140 1058
3037 5 2 6 1 556 555 546 547 3320 3309 3210 3221
3038 5 2 6 1 3320 3309 3210 3221 3321 3310 3211 3222
3039 5 2 6 1 3321 3310 3211 3222 3322 3311 3212 3223
3040 5 2 6 1 3322 3311 3212 3223 3323 3312 3213 3224
3041 5 2 6 1 3323 3312 3213 3224 3324 3313 3214 3225
3042 5 2 6 1 3324 3313 3214 3225 3325 3314 3215 3226
3043 5 2 6 1 3325 3314 3215 3226 3326 3315 3216 3227
3044 5 2 6 1 3326 3315 3216 3227 3327 3316 3217 3228
3045 5 2 6 1 3327 3316 3217 3228 3328 3317 3218 3229
3046 5 2 6 1 3328 3317 3218 3229 3329 3318 3219 3230
3047 5 2 6 1 3329 3318 3219 3230 3330 3319 3220 3231
3048 5 2 6 1 3330 3319 3220 3231 1068 1067 1058 1059
3049 5 2 6 1 557 556 547 548 3331 3320 3221 3232
3050 5 2 6 1 3331 3320 3221 3232 3332 3321 3222 3233
3051 5 2 6 1 3332 3321 3222 3233 3333 3322 3223 3234
3052 5 2 6 1 3333 3322 3223 3234 3334 3323 3224 3235
3053 5 2 6 1 3334 3323 3224 3235 3335 3324 3225 3236
3054 5 2 6 1 3335 3324 3225 3236 3336 3325 3226 3237
3055 5 2 6 1 3336 3325 3226 3237 3337 3326 3227 3238
3056 5 2 6 1 3337 3326 3227 3238 3338 3327 3228 3239
3057 5 2 6 1 3338 3327 3228 3239 3339 3328 3229 3240
3058 5 2 6 1 3339 3328 3229 3240 3340 3329 3230 3241
3059 5 2 6 1 3340 3329 3230 3241 3341 3330 3231 3242
3060 5 2 6 1 3341 3330 3231 3242 1069 1068 1059 1060
3061 5 2 6 1 558 557 548 549 3342 3331 3232 3243
3062 5 2 6 1 3342 3331 3232 3243 3343 3332 3233 3244
3063 5 2 6 1 3343 3332 3233 3244 3344 3333 3234 3245
3064 5 2 6 1 3344 3333 3234 3245 3345 3334 3235 3246
3065 5 2 6 1 3345 3334 3235 3246 3346 3335 3236 3247
3066 5 2 6 1 3346 3335 3236 3247 3347 3336 3237 3248
3067 5 2 6 1 3347 3336 3237 3248 3348 3337 3238 3249
3068 5 2 6 1 3348 3337 3238 3249 3349 3338 3239 3250
3069 5 2 6 1 3349 3338 3239 3250 3350 3339 3240 3251
3070 5 2 6 1 3350 3339 3240 3251 3351 3340 3241 3252
3071 5 2 6 1 3351 3340 3241 3252 3352 3341 3242 3253
3072 5 2 6 1 3352 3341 3242 3253 1070 1069 1060 1061
3073 5 2 6 1 559 558 549 550 3353 3342 3243 3254
3074 5 2 6 1 3353 3342 3243 3254 3354 3343 3244 3255
3075 5 2 6 1 3354 3343 3244 3255 3355 3344 3245 3256
3076 5 2 6 1 3355 3344 3245 3256 3356 3345 3246 3257
3077 5 2 6 1 3356 3345 3246 3257 3357 3346 3247 3258
3078 5 2 6 1 3357 3346 3247 3258 3358 3347 3248 3259
3079 5 2 6 1 3358 3347 3248 3259 3359 3348 3249 3260
3080 5 2 6 1 3359 3348 3249 3260 3360 3349 3250 3261
3081 5 2 6 1 3360 3349 3250 3261 3361 3350 3251 3262
3082 5 2 6 1 3361 3350 3251 3262 3362 3351 3252 3263
3083 5 2 6 1 3362 3351 3252 3263 3363 3352 3253 3264
3084 5 2 6 1 3363 3352 3253 3264 1071 1070 1061 1062
3085 5 2 6 1 560 559 550 551 3364 3353 3254 3265
3086 5 2 6 1 3364 3353 3254 3265 3365 3354 3255 3266
3087 5 2 6 1 3365 3354 3255 3266 3366 3355 3256 3267
3088 5 2 6 1 3366 3355 3256 3267 3367 3356 3257 3268
3089 5 2 6 1 3367 3356 3257 3268 3368 3357 3258 3269
3090 5 2 6 1 3368 3357 3258 3269 3369 3358 3259 3270
3091 5 2 6 1 3369 3358 3259 3270 3370 3359 3260 3271
3092 5 2 6 1 3370 3359 3260 3271 3371 3360 3261 3272
3093 5 2 6 1 3371 3360 3261 3272 3372 3361 3262 3273
3094 5 2 6 1 3372 3361 3262 3273 3373 3362 3263 3274
3095 5 2 6 1 3373 3362 3263 3274 3374 3363 3264 3275
3096 5 2 6 1 3374 3363 3264 3275 1072 1071 1062 1063
3097 5 2 6 1 561 560 551 552 3375 3364 3265 3276
3098 5 2 6 1 3375 3364 3265 3276 3376 3365 3266 3277
3099 5 2 6 1 3376 3365 3266 3277 3377 3366 3267 3278
3100 5 2 6 1 3377 3366 3267 3278 3378 3367 3268 3279
3101 5 2 6 1 3378 3367 3268 3279 3379 3368 3269 3280
3102 5 2 6 1 3379 3368 3269 3280 3380 3369 3270 3281
3103 5 2 6 1 3380 3369 3270 3281 3381 3370 3271 3282
3104 5 2 6 1 3381 3370 3271 3282 3382 3371 3272 3283
3105 5 2 6 1 3382 3371 3272 3283 3383 3372 3273 3284
3106 5 2 6 1 3383 3372 3273 3284 3384 3373 3274 3285
3107 5 2 6 1 3384 3373 3274 3285 3385 3374 3275 3286
3108 5 2 6 1 3385 3374 3275 3286 1073 1072 1063 1064
3109 5 2 6 1 562 561 552 553 3386 3375 3276 3287
3110 5 2 6 1 3386 3375 3276 3287 3387 3376 3277 3288
3111 5 2 6 1 3387 3376 3277 3288 3388 3377 3278 3289
3112 5 2 6 1 3388 3377 3278 3289 3389 3378 3279 3290
3113 5 2 6 1 3389 3378 3279 3290 3390 3379 3280 3291
3114 5 2 6 1 3390 3379 3280 3291 3391 3380 3281 3292
3115 5 2 6 1 3391 3380 3281 3292 3392 3381 3282 3293
3116 5 2 6 1 3392 3381 3282 3293 3393 3382 3283 3294
3117 5 2 6 1 3393 3382 3283 3294 3394 3383 3284 3295
3118 5 2 6 1 3394 3383 3284 3295 3395 3384 3285 3296
3119 5 2 6 1 3395 3384 3285 3296 3396 3385 3286 3297
3120 5 2 6 1 3396 3385 3286 3297 1074 1073 1064 1065
3121 5 2 6 1 563 562 553 554 3397 3386 3287 3298
3122 5 2 6 1 3397 3386 3287 3298 3398 3387 3288 3299
3123 5 2 6 1 3398 3387 3288 3299 3399 3388 3289 3300
3124 5 2 6 1 3399 3388 3289 3300 3400 3389 3290 3301
3125 5 2 6 1 3400 3389 3290 3301 3401 3390 3291 3302
3126 5 2 6 1 3401 3390 3291 3302 3402 3391 3292 3303
3127 5 2 6 1 3402 3391 3292 3303 3403 3392 3293 3304
3128 5 2 6 1 3403 3392 3293 3304 3404 3393 3294 3305
3129 5 2 6 1 3404 3393 3294 3305 3405 3394 3295 3306
3130 5 2 6 1 3405 3394 3295 3306 3406 3395 3296 3307
3131 5 2 6 1 3406 3395 3296 3307 3407 3396 3297 3308
3132 5 2 6 1 3407 3396 3297 3308 1075 1074 1065 1066
3133 5 2 6 1 43 563 554 44 877 3397 3298 888
3134 5 2 6 1 877 3397 3298 888 878 3398 3299 889
3135 5 2 6 1 878 3398 3299 889 879 3399 3300 890
3136 5 2 6 1 879 3399 3300 890 880 3400 3301 891
3137 5 2 6 1 880 3400 3301 891 881 3401 3302 892
3138 5 2 6 1 881 3401 3302 892 882 3402 3303 893
3139 5 2 6 1 882 3402 3303 893 883 3403 3304 894
3140 5 2 6 1 883 3403 3304 894 884 3404 3305 895
3141 5 2 6 1 884 3404 3305 895 885 3405 3306 896
3142 5 2 6 1 885 3405 3306 896 886 3406 3307 897
3143 5 2 6 1 886 3406 3307 897 887 3407 3308 898
3144 5 2 6 1 887 3407 3308 898 173 1075 1066 174
3145 5 2 6 1 34 1 61 555 778 126 767 3309
3146 5 2 6 1 778 126 767 3309 779 127 768 3310
3147 5 2 6 1 779 127 768 3310 780 128 769 3311
3148 5 2 6 1 780 128 769 3311 781 129 770 3312
3149 5 2 6 1 781 129 770 3312 782 130 771 3313
3150 5 2 6 1 782 130 771 3313 783 131 772 3314
3151 5 2 6 1 783 131 772 3314 784 132 773 3315
3152 5 2 6 1 784 132 773 3315 785 133 774 3316
3153 5 2 6 1 785 133 774 3316 786 134 775 3317
3154 5 2 6 1 786 134 775 3317 787 135 776 3318
3155 5 2 6 1 787 135 776 3318 788 136 777 3319
3156 5 2 6 1 788 136 777 3319 153 13 141 1067
3157 5 2 6 1 35 34 555 556 789 778 3309 3320
3158 5 2 6 1 789 778 3309 3320 790 779 3310 3321
3159 5 2 6 1 790 779 3310 3321 791 780 3311 3322
3160 5 2 6 1 791 780 3311 3322 792 781 3312 3323
3161 5 2 6 1 792 781 3312 3323 793 782 3313 3324
3162 5 2 6 1 793 782 3313 3324 794 783 3314 3325
3163 5 2 6 1 794 783 3314 3325 795 784 3315 3326
3164 5 2 6 1 795 784 3315 3326 796 785 3316 3327
3165 5 2 6 1 796 785 3316 3327 797 786 3317 3328
3166 5 2 6 1 797 786 3317 3328 798 787 3318 3329
3167 5 2 6 1 798 787 3318 3329 799 788 3319 3330
3168 5 2 6 1 799 788 3319 3330 154 153 1067 1068
3169 5 2 6 1 36 35 556 557 800 789 3320 3331
3170 5 2 6 1 800 789 3320 3331 801 790 3321 3332
3171 5 2 6 1 801 790 3321 3332 802 791 3322 3333
3172 5 2 6 1 802 791 3322 3333 803 792 3323 3334
3173 5 2 6 1 803 792 3323 3334 804 793 3324 3335
3174 5 2 6 1 804 793 3324 3335 805 794 3325 3336
3175 5 2 6 1 805 794 3325 3336 806 795 3326 3337
3176 5 2 6 1 806 795 3326 3337 807 796 3327 3338
3177 5 2 6 1 807 796 3327 3338 808 797 3328 3339
3178 5 2 6 1 808 797 3328 3339 809 798 3329 3340
3179 5 2 6 1 809 798 3329 3340 810 799 3330 3341
3180 5 2 6 1 810 799 3330 3341 155 154 1068 1069
3181 5 2 6 1 37 36 557 558 811 800 3331 3342
3182 5 2 6 1 811 800 3331 3342 812 801 3332 3343
3183 5 2 6 1 812 801 3332 3343 813 802 3333 3344
3184 5 2 6 1 813 802 3333 3344 814 803 3334 3345
3185 5 2 6 1 814 803 3334 3345 815 804 3335 3346
3186 5 2 6 1 815 804 3335 3346 816 805 3336 3347
3187 5 2 6 1 816 805 3336 3347 817 806 3337 3348
3188 5 2 6 1 817 806 3337 3348 818 807 3338 3349
3189 5 2 6 1 818 807 3338 3349 819 808 3339 3350
3190 5 2 6 1 819 808 3339 3350 820 809 3340 3351
3191 5 2 6 1 820 809 3340 3351 821 810 3341 3352
3192 5 2 6 1 821 810 3341 3352 156 155 1069 1070
3193 5 2 6 1 38 37 558 559 822 811 3342 3353
3194 5 2 6 1 822 811 3342 3353 823 812 3343 3354
3195 5 2 6 1 823 812 3343 3354 824 813 3344 3355
3196 5 2 6 1 824 813 3344 3355 825 814 3345 3356
3197 5 2 6 1 825 814 3345 3356 826 815 3346 3357
3198 5 2 6 1 826 815 3346 3357 827 816 3347 3358
3199 5 2 6 1 827 816 3347 3358 828 817 3348 3359
3200 5 2 6 1 828 817 3348 3359 829 818 3349 3360
3201 5 2 6 1 829 818 3349 3360 830 819 3350 3361
3202 5 2 6 1 830 819 3350 3361 831 820 3351 3362
3203 5 2 6 1 831 820 3351 3362 832 821 3352 3363
3204 5 2 6 1 832 821 3352 3363 157 156 1070 1071
3205 5 2 6 1 39 38 559 560 833 822 3353 3364
3206 5 2 6 1 833 822 3353 3364 834 823 3354 3365
3207 5 2 6 1 834 823 3354 3365 835 824 3355 3366
3208 5 2 6 1 835 824 3355 3366 836 825 3356 3367
3209 5 2 6 1 836 825 3356 3367 837 826 3357 3368
3210 5 2 6 1 837 826 3357 3368 838 827 3358 3369
3211 5 2 6 1 838 827 3358 3369 839 828 3359 3370
3212 5 2 6 1 839 828 3359 3370 840 829 3360 3371
3213 5 2 6 1 840 829 3360 3371 841 830 3361 3372
3214 5 2 6 1 841 830 3361 3372 842 831 3362 3373
3215 5 2 6 1 842 831 3362 3373 843 832 3363 3374
3216 5 2 6 1 843 832 3363 3374 158 157 1071 1072
3217 5 2 6 1 40 39 560 561 844 833 3364 3375
3218 5 2 6 1 844 833 3364 3375 845 834 3365 3376
3219 5 2 6 1 845 834 3365 3376 846 835 3366 3377
3220 5 2 6 1 846 835 3366 3377 847 836 3367 3378
3221 5 2 6 1 847 836 3367 3378 848 837 3368 3379
3222 5 2 6 1 848 837 3368 3379 849 838 3369 3380
3223 5 2 6 1 849 838 3369 3380 850 839 3370 3381
3224 5 2 6 1 850 839 3370 3381 851 840 3371 3382
3225 5 2 6 1 851 840 3371 3382 852 841 3372 3383
3226 5 2 6 1 852 841 3372 3383 853 842 3373 3384
3227 5 2 6 1 853 842 3373 3384 854 843 3374 3385
3228 5 2 6 1 854 843 3374 3385 159 158 1072 1073
3229 5 2 6 1 41 40 561 562 855 844 3375 3386
3230 5 2 6 1 855 844 3375 3386 856 845 3376 3387
3231 5 2 6 1 856 845 3376 3387 857 846 3377 3388
3232 5 2 6 1 857 846 3377 3388 858 847 3378 3389
3233 5 2 6 1 858 847 3378 3389 859 848 3379 3390
3234 5 2 6 1 859 848 3379 3390 860 849 3380 3391
3235 5 2 6 1 860 849 3380 3391 861 850 3381 3392
3236 5 2 6 1 861 850 3381 3392 862 851 3382 3393
3237 5 2 6 1 862 851 3382 3393 863 852 3383 3394
3238 5 2 6 1 863 852 3383 3394 864 853 3384 3395
3239 5 2 6 1 864 853 3384 3395 865 854 3385 3396
3240 5 2 6 1 865 854 3385 3396 160 159 1073 1074
3241 5 2 6 1 42 41 562 563 866 855 3386 3397
3242 5 2 6 1 866 855 3386 3397 867 856 3387 3398
3243 5 2 6 1 867 856 3387 3398 868 857 3388 3399
3244 5 2 6 1 868 857 3388 3399 869 858 3389 3400
3245 5 2 6 1 869 858 3389 3400 870 859 3390 3401
3246 5 2 6 1 870 859 3390 3401 871 860 3391 3402
3247 5 2 6 1 871 860 3391 3402 872 861 3392 3403
3248 5 2 6 1 872 861 3392 3403 873 862 3393 3404
3249 5 2 6 1 873 862 3393 3404 874 863 3394 3405
3250 5 2 6 1 874 863 3394 3405 875 864 3395 3406
3251 5 2 6 1 875 864 3395 3406 876 865 3396 3407
3252 5 2 6 1 876 865 3396 3407 161 160 1074 1075
3253 5 2 6 1 2 42 563 43 142 866 3397 877
3254 5 2 6 1 142 866 3397 877 143 867 3398 878
3255 5 2 6 1 143 867 3398 878 144 868 3399 879
3256 5 2 6 1 144 868 3399 879 145 869 3400 880
3257 5 2 6 1 145 869 3400 880 146 870 3401 881
3258 5 2 6 1 146 870 3401 881 147 871 3402 882
3259 5 2 6 1 147 871 3402 882 148 872 3403 883
3260 5 2 6 1 148 872 3403 883 149 873 3404 884
3261 5 2 6 1 149 873 3404 884 150 874 3405 885
3262 5 2 6 1 150 874 3405 885 151 875 3406 886
3263 5 2 6 1 151 875 3406 886 152 876 3407 887
3264 5 2 6 1 152 876 3407 887 14 161 1075 173
3265 5 2 8 5 1031 137 12 186 5157 1818 317 2115
3266 5 2 8 5 5157 1818 317 2115 5158 1819 318 2116
3267 5 2 8 5 5158 1819 318 2116 5159 1820 319 2117
3268 5 2 8 5 5159 1820 319 2117 5160 1821 320 2118
3269 5 2 8 5 5160 1821 320 2118 5161 1822 321 2119
3270 5 2 8 5 5161 1822 321 2119 5162 1823 322 2120
3271 5 2 8 5 5162 1823 322 2120 5163 1824 323 2121
3272 5 2 8 5 5163 1824 323 2121 5164 1825 324 2122
3273 5 2 8 5 5164 1825 324 2122 5165 1826 325 2123
3274 5 2 8 5 5165 1826 325 2123 5166 1827 326 2124
3275 5 2 8 5 5166 1827 326 2124 5167 1828 327 2125
3276 5 2 8 5 5167 1828 327 2125 2126 339 23 388
3277 5 2 8 5 1032 1031 186 185 5168 5157 2115 2104
3278 5 2 8 5 5168 5157 2115 2104 5169 5158 2116 2105
3279 5 2 8 5 5169 5158 2116 2105 5170 5159 2117 2106
3280 5 2 8 5 5170 5159 2117 2106 5171 5160 2118 2107
3281 5 2 8 5 5171 5160 2118 2107 5172 5161 2119 2108
3282 5 2 8 5 5172 5161 2119 2108 5173 5162 2120 2109
3283 5 2 8 5 5173 5162 2120 2109 5174 5163 2121 2110
3284 5 2 8 5 5174 5163 2121 2110 5175 5164 2122 2111
3285 5 2 8 5 5175 5164 2122 2111 5176 5165 2123 2112
3286 5 2 8 5 5176 5165 2123 2112 5177 5166 2124 2113
3287 5 2 8 5 5177 5166 2124 2113 5178 5167 2125 2114
3288 5 2 8 5 5178 5167 2125 2114 2127 2126 388 387
3289 5 2 8 5 1033 1032 185 184 5179 5168 2104 2093
3290 5 2 8 5 5179 5168 2104 2093 5180 5169 2105 2094
3291 5 2 8 5 5180 5169 2105 2094 5181 5170 2106 2095
3292 5 2 8 5 5181 5170 2106 2095 5182 5171 2107 2096
3293 5 2 8 5 5182 5171 2107 2096 5183 5172 2108 2097
3294 5 2 8 5 5183 5172 2108 2097 5184 5173 2109 2098
3295 5 2 8 5 5184 5173 2109 2098 5185 5174 2110 2099
3296 5 2 8 5 5185 5174 2110 2099 5186 5175 2111 2100
3297 5 2 8 5 5186 5175 2111 2100 5187 5176 2112 2101
3298 5 2 8 5 5187 5176 2112 2101 5188 5177 2113 2102
3299 5 2 8 5 5188 5177 2113 2102 5189 5178 2114 2103
3300 5 2 8 5 5189 5178 2114 2103 2128 2127 387 386
3301 5 2 8 5 1034 1033 184 183 5190 5179 2093 2082
3302 5 2 8 5 5190 5179 2093 2082 5191 5180 2094 2083
3303 5 2 8 5 5191 5180 2094 2083 5192 5181 2095 2084
3304 5 2 8 5 5192 5181 2095 2084 5193 5182 2096 2085
3305 5 2 8 5 5193 5182 2096 2085 5194 5183 2097 2086
3306 5 2 8 5 5194 5183 2097 2086 5195 5184 2098 2087
3307 5 2 8 5 5195 5184 2098 2087 5196 5185 2099 2088
3308 5 2 8 5 5196 5185 2099 2088 5197 5186 2100 2089
3309 5 2 8 5 5197 5186 2100 2089 5198 5187 2101 2090
3310 5 2 8 5 5198 5187 2101 2090 5199 5188 2102 2091
3311 5 2 8 5 5199 5188 2102 2091 5200 5189 2103 2092
3312 5 2 8 5 5200 5189 2103 2092 2129 2128 386 385
3313 5 2 8 5 1035 1034 183 182 5201 5190 2082 2071
3314 5 2 8 5 5201 5190 2082 2071 5202 5191 2083 2072
3315 5 2 8 5 5202 5191 2083 2072 5203 5192 2084 2073
3316 5 2 8 5 5203 5192 2084 2073 5204 5193 2085 2074
3317 5 2 8 5 5204 5193 2085 2074 5205 5194 2086 2075
3318 5 2 8 5 5205 5194 2086 2075 5206 5195 2087 2076
3319 5 2 8 5 5206 5195 2087 2076 5207 5196 2088 2077
3320 5 2 8 5 5207 5196 2088 2077 5208 5197 2089 2078
3321 5 2 8 5 5208 5197 2089 2078 5209 5198 2090 2079
3322 5 2 8 5 5209 5198 2090 2079 5210 5199 2091 2080
3323 5 2 8 5 5210 5199 2091 2080 5211 5200 2092 2081
3324 5 2 8 5 5211 5200 2092 2081 2130 2129 385 384
3325 5 2 8 5 1036 1035 182 181 5212 5201 2071 2060
3326 5 2 8 5 5212 5201 2071 2060 5213 5202 2072 2061
3327 5 2 8 5 5213 5202 2072 2061 5214 5203 2073 2062
3328 5 2 8 5 5214 5203 2073 2062 5215 5204 2074 2063
3329 5 2 8 5 5215 5204 2074 2063 5216 5205 2075 2064
3330 5 2 8 5 5216 5205 2075 2064 5217 5206 2076 2065
3331 5 2 8 5 5217 5206 2076 2065 5218 5207 2077 2066
3332 5 2 8 5 5218 5207 2077 2066 5219 5208 2078 2067
3333 5 2 8 5 5219 5208 2078 2067 5220 5209 2079 2068
3334 5 2 8 5 5220 5209 2079 2068 5221 5210 2080 2069
3335 5 2 8 5 5221 5210 2080 2069 5222 5211 2081 2070
3336 5 2 8 5 5222 5211 2081 2070 2131 2130 384 383
3337 5 2 8 5 1037 1036 181 180 5223 5212 2060 2049
3338 5 2 8 5 5223 5212 2060 2049 5224 5213 2061 2050
3339 5 2 8 5 5224 5213 2061 2050 5225 5214 2062 2051
3340 5 2 8 5 5225 5214 2062 2051 5226 5215 2063 2052
3341 5 2 8 5 5226 5215 2063 2052 5227 5216 2064 2053
3342 5 2 8 5 5227 5216 2064 2053 5228 5217 2065 2054
3343 5 2 8 5 5228 5217 2065 2054 5229 5218 2066 2055
3344 5 2 8 5 5229 5218 2066 2055 5230 5219 2067 2056
3345 5 2 8 5 5230 5219 2067 2056 5231 5220 2068 2057
3346 5 2 8 5 5231 5220 2068 2057 5232 5221 2069 2058
3347 5 2 8 5 5232 5221 2069 2058 5233 5222 2070 2059
3348 5 2 8 5 5233 5222 2070 2059 2132 2131 383 382
3349 5 2 8 5 1038 1037 180 179 5234 5223 2049 2038
3350 5 2 8 5 5234 5223 2049 2038 5235 5224 2050 2039
3351 5 2 8 5 5235 5224 2050 2039 5236 5225 2051 2040
3352 5 2 8 5 5236 5225 2051 2040 5237 5226 2052 2041
3353 5 2 8 5 5237 5226 2052 2041 5238 5227 2053 2042
3354 5 2 8 5 5238 5227 2053 2042 5239 5228 2054 2043
3355 5 2 8 5 5239 5228 2054 2043 5240 5229 2055 2044
3356 5 2 8 5 5240 5229 2055 2044 5241 5230 2056 2045
3357 5 2 8 5 5241 5230 2056 2045 5242 5231 2057 2046
3358 5 2 8 5 5242 5231 2057 2046 5243 5232 2058 2047
3359 5 2 8 5 5243 5232 2058 2047 5244 5233 2059 2048
3360 5 2 8 5 5244 5233 2059 2048 2133 2132 382 381
3361 5 2 8 5 1039 1038 179 178 5245 5234 2038 2027
3362 5 2 8 5 5245 5234 2038 2027 5246 5235 2039 2028
3363 5 2 8 5 5246 5235 2039 2028 5247 5236 2040 2029
3364 5 2 8 5 5247 5236 2040 2029 5248 5237 2041 2030
3365 5 2 8 5 5248 5237 2041 2030 5249 5238 2042 2031
3366 5 2 8 5 5249 5238 2042 2031 5250 5239 2043 2032
3367 5 2 8 5 5250 5239 2043 2032 5251 5240 2044 2033
3368 5 2 8 5 5251 5240 2044 2033 5252 5241 2045 2034
3369 5 2 8 5 5252 5241 2045 2034 5253 5242 2046 2035
3370 5 2 8 5 5253 5242 2046 2035 5254 5243 2047 2036
3371 5 2 8 5 5254 5243 2047 2036 5255 5244 2048 2037
3372 5 2 8 5 5255 5244 2048 2037 2134 2133 381 380
3373 5 2 8 5 177 1039 178 15 2016 5245 2027 364
3374 5 2 8 5 2016 5245 2027 364 2017 5246 2028 365
3375 5 2 8 5 2017 5246 2028 365 2018 5247 2029 366
3376 5 2 8 5 2018 5247 2029 366 2019 5248 2030 367
3377 5 2 8 5 2019 5248 2030 367 2020 5249 2031 368
3378 5 2 8 5 2020 5249 2031 368 2021 5250 2032 369
3379 5 2 8 5 2021 5250 2032 369 2022 5251 2033 370
3380 5 2 8 5 2022 5251 2033 370 2023 5252 2034 371
3381 5 2 8 5 2023 5252 2034 371 2024 5253 2035 372
3382 5 2 8 5 2024 5253 2035 372 2025 5254 2036 373
3383 5 2 8 5 2025 5254 2036 373 2026 5255 2037 374
3384 5 2 8 5 2026 5255 2037 374 379 2134 380 26
3385 5 2 8 5 1040 138 137 1031 5256 1829 1818 5157
3386 5 2 8 5 5256 1829 1818 5157 5257 1830 1819 5158
3387 5 2 8 5 5257 1830 1819 5158 5258 1831 1820 5159
3388 5 2 8 5 5258 1831 1820 5159 5259 1832 1821 5160
3389 5 2 8 5 5259 1832 1821 5160 5260 1833 1822 5161
3390 5 2 8 5 5260 1833 1822 5161 5261 1834 1823 5162
3391 5 2 8 5 5261 1834 1823 5162 5262 1835 1824 5163
3392 5 2 8 5 5262 1835 1824 5163 5263 1836 1825 5164
3393 5 2 8 5 5263 1836 1825 5164 5264 1837 1826 5165
3394 5 2 8 5 5264 1837 1826 5165 5265 1838 1827 5166
3395 5 2 8 5 5265 1838 1827 5166 5266 1839 1828 5167
3396 5 2 8 5 5266 1839 1828 5167 2135 340 339 2126
3397 5 2 8 5 1041 1040 1031 1032 5267 5256 5157 5168
3398 5 2 8 5 5267 5256 5157 5168 5268 5257 5158 5169
3399 5 2 8 5 5268 5257 5158 5169 5269 5258 5159 5170
3400 5 2 8 5 5269 5258 5159 5170 5270 5259 5160 5171
3401 5 2 8 5 5270 5259 5160 5171 5271 5260 5161 5172
3402 5 2 8 5 5271 5260 5161 5172 5272 5261 5162 5173
3403 5 2 8 5 5272 5261 5162 5173 5273 5262 5163 5174
3404 5 2 8 5 5273 5262 5163 5174 5274 5263 5164 5175
3405 5 2 8 5 5274 5263 5164 5175 5275 5264 5165 5176
3406 5 2 8 5 5275 5264 5165 5176 5276 5265 5166 5177
3407 5 2 8 5 5276 5265 5166 5177 5277 5266 5167 5178
3408 5 2 8 5 5277 5266 5167 5178 2136 2135 2126 2127
3409 5 2 8 5 1042 1041 1032 1033 5278 5267 5168 5179
3410 5 2 8 5 5278 5267 5168 5179 5279 5268 5169 5180
3411 5 2 8 5 5279 5268 5169 5180 5280 5269 5170 5181
3412 5 2 8 5 5280 5269 5170 5181 5281 5270 5171 5182
3413 5 2 8 5 5281 5270 5171 5182 5282 5271 5172 5183
3414 5 2 8 5 5282 5271 5172 5183 5283 5272 5173 5184
3415 5 2 8 5 5283 5272 5173 5184 5284 5273 5174 5185
3416 5 2 8 5 5284 5273 5174 5185 5285 5274 5175 5186
3417 5 2 8 5 5285 5274 5175 5186 5286 5275 5176 5187
3418 5 2 8 5 5286 5275 5176 5187 5287 5276 5177 5188
3419 5 2 8 5 5287 5276 5177 5188 5288 5277 5178 5189
3420 5 2 8 5 5288 5277 5178 5189 2137 2136 2127 2128
3421 5 2 8 5 1043 1042 1033 1034 5289 5278 5179 5190
3422 5 2 8 5 5289 5278 5179 5190 5290 5279 5180 5191
3423 5 2 8 5 5290 5279 5180 5191 5291 5280 5181 5192
3424 5 2 8 5 5291 5280 5181 5192 5292 5281 5182 5193
3425 5 2 8 5 5292 5281 5182 5193 5293 5282 5183 5194
3426 5 2 8 5 5293 5282 5183 5194 5294 5283 5184 5195
3427 5 2 8 5 5294 5283 5184 5195 5295 5284 5185 5196
3428 5 2 8 5 5295 5284 5185 5196 5296 5285 5186 5197
3429 5 2 8 5 5296 5285 5186 5197 5297 5286 5187 5198
3430 5 2 8 5 5297 5286 5187 5198 5298 5287 5188 5199
3431 5 2 8 5 5298 5287 5188 5199 5299 5288 5189 5200
3432 5 2 8 5 5299 5288 5189 5200 2138 2137 2128 2129
3433 5 2 8 5 1044 1043 1034 1035 5300 5289 5190 5201
3434 5 2 8 5 5300 5289 5190 5201 5301 5290 5191 5202
3435 5 2 8 5 5301 5290 5191 5202 5302 5291 5192 5203
3436 5 2 8 5 5302 5291 5192 5203 5303 5292 5193 5204
3437 5 2 8 5 5303 5292 5193 5204 5304 5293 5194 5205
3438 5 2 8 5 5304 5293 5194 5205 5305 5294 5195 5206
3439 5 2 8 5 5305 5294 5195 5206 5306 5295 5196 5207
3440 5 2 8 5 5306 5295 5196 5207 5307 5296 5197 5208
3441 5 2 8 5 5307 5296 5197 5208 5308 5297 5198 5209
3442 5 2 8 5 5308 5297 5198 5209 5309 5298 5199 5210
3443 5 2 8 5 5309 5298 5199 5210 5310 5299 5200 5211
3444 5 2 8 5 5310 5299 5200 5211 2139 2138 2129 2130
3445 5 2 8 5 1045 1044 1035 1036 5311 5300 5201 5212
3446 5 2 8 5 5311 5300 5201 5212 5312 5301 5202 5213
3447 5 2 8 5 5312 5301 5202 5213 5313 5302 5203 5214
3448 5 2 8 5 5313 5302 5203 5214 5314 5303 5204 5215
3449 5 2 8 5 5314 5303 5204 5215 5315 5304 5205 5216
3450 5 2 8 5 5315 5304 5205 5216 5316 5305 5206 5217
3451 5 2 8 5 5316 5305 5206 5217 5317 5306 5207 5218
3452 5 2 8 5 5317 5306 5207 5218 5318 5307 5208 5219
3453 5 2 8 5 5318 5307 5208 5219 5319 5308 5209 5220
3454 5 2 8 5 5319 5308 5209 5220 5320 5309 5210 5221
3455 5 2 8 5 5320 5309 5210 5221 5321 5310 5211 5222
3456 5 2 8 5 5321 5310 5211 5222 2140 2139 2130 2131
3457 5 2 8 5 1046 1045 1036 1037 5322 5311 5212 5223
3458 5 2 8 5 5322 5311 5212 5223 5323 5312 5213 5224
3459 5 2 8 5 5323 5312 5213 5224 5324 5313 5214 5225
3460 5 2 8 5 5324 5313 5214 5225 5325 5314 5215 5226
3461 5 2 8 5 5325 5314 5215 5226 5326 5315 5216 5227
3462 5 2 8 5 5326 5315 5216 5227 5327 5316 5217 5228
3463 5 2 8 5 5327 5316 5217 5228 5328 5317 5218 5229
3464 5 2 8 5 5328 5317 5218 5229 5329 5318 5219 5230
3465 5 2 8 5 5329 5318 5219 5230 5330 5319 5220 5231
3466 5 2 8 5 5330 5319 5220 5231 5331 5320 5221 5232
3467 5 2 8 5 5331 5320 5221 5232 5332 5321 5222 5233
3468 5 2 8 5 5332 5321 5222 5233 2141 2140 2131 2132
3469 5 2 8 5 1047 1046 1037 1038 5333 5322 5223 5234
3470 5 2 8 5 5333 5322 5223 5234 5334 5323 5224 5235
3471 5 2 8 5 5334 5323 5224 5235 5335 5324 5225 5236
3472 5 2 8 5 5335 5324 5225 5236 5336 5325 5226 5237
3473 5 2 8 5 5336 5325 5226 5237 5337 5326 5227 5238
3474 5 2 8 5 5337 5326 5227 5238 5338 5327 5228 5239
3475 5 2 8 5 5338 5327 5228 5239 5339 5328 5229 5240
3476 5 2 8 5 5339 5328 5229 5240 5340 5329 5230 5241
3477 5 2 8 5 5340 5329 5230 5241 5341 5330 5231 5242
3478 5 2 8 5 5341 5330 5231 5242 5342 5331 5232 5243
3479 5 2 8 5 5342 5331 5232 5243 5343 5332 5233 5244
3480 5 2 8 5 5343 5332 5233 5244 2142 2141 2132 2133
3481 5 2 8 5 1048 1047 1038 1039 5344 5333 5234 5245
3482 5 2 8 5 5344 5333 5234 5245 5345 5334 5235 5246
3483 5 2 8 5 5345 5334 5235 5246 5346 5335 5236 5247
3484 5 2 8 5 5346 5335 5236 5247 5347 5336 5237 5248
3485 5 2 8 5 5347 5336 5237 5248 5348 5337 5238 5249
3486 5 2 8 5 5348 5337 5238 5249 5349 5338 5239 5250
3487 5 2 8 5 5349 5338 5239 5250 5350 5339 5240 5251
3488 5 2 8 5 5350 5339 5240 5251 5351 5340 5241 5252
3489 5 2 8 5 5351 5340 5241 5252 5352 5341 5242 5253
3490 5 2 8 5 5352 5341 5242 5253 5353 5342 5243 5254
3491 5 2 8 5 5353 5342 5243 5254 5354 5343 5244 5255
3492 5 2 8 5 5354 5343 5244 5255 2143 2142 2133 2134
3493 5 2 8 5 176 1048 1039 177 2005 5344 5245 2016
3494 5 2 8 5 2005 5344 5245 2016 2006 5345 5246 2017
3495 5 2 8 5 2006 5345 5246 2017 2007 5346 5247 2018
3496 5 2 8 5 2007 5346 5247 2018 2008 5347 5248 2019
3497 5 2 8 5 2008 5347 5248 2019 2009 5348 5249 2020
3498 5 2 8 5 2009 5348 5249 2020 2010 5349 5250 2021
3499 5 2 8 5 2010 5349 5250 2021 2011 5350 5251 2022
3500 5 2 8 5 2011 5350 5251 2022 2012 5351 5252 2023
3501 5 2 8 5 2012 5351 5252 2023 2013 5352 5253 2024
3502 5 2 8 5 2013 5352 5253 2024 2014 5353 5254 2025
3503 5 2 8 5 2014 5353 5254 2025 2015 5354 5255 2026
3504 5 2 8 5 2015 5354 5255 2026 378 2143 2134 379
3505 5 2 8 5 1049 139 138 1040 5355 1840 1829 5256
3506 5 2 8 5 5355 1840 1829 5256 5356 1841 1830 5257
3507 5 2 8 5 5356 1841 1830 5257 5357 1842 1831 5258
3508 5 2 8 5 5357 1842 1831 5258 5358 1843 1832 5259
3509 5 2 8 5 5358 1843 1832 5259 5359 1844 1833 5260
3510 5 2 8 5 5359 1844 1833 5260 5360 1845 1834 5261
3511 5 2 8 5 5360 1845 1834 5261 5361 1846 1835 5262
3512 5 2 8 5 5361 1846 1835 5262 5362 1847 1836 5263
3513 5 2 8 5 5362 1847 1836 5263 5363 1848 1837 5264
3514 5 2 8 5 5363 1848 1837 5264 5364 1849 1838 5265
3515 5 2 8 5 5364 1849 1838 5265 5365 1850 1839 5266
3516 5 2 8 5 5365 1850 1839 5266 2144 341 340 2135
3517 5 2 8 5 1050 1049 1040 1041 5366 5355 5256 5267
3518 5 2 8 5 5366 5355 5256 5267 5367 5356 5257 5268
3519 5 2 8 5 5367 5356 5257 5268 5368 5357 5258 5269
3520 5 2 8 5 5368 5357 5258 5269 5369 5358 5259 5270
3521 5 2 8 5 5369 5358 5259 5270 5370 5359 5260 5271
3522 5 2 8 5 5370 5359 5260 5271 5371 5360 5261 5272
3523 5 2 8 5 5371 5360 5261 5272 5372 5361 5262 5273
3524 5 2 8 5 5372 5361 5262 5273 5373 5362 5263 5274
3525 5 2 8 5 5373 5362 5263 5274 5374 5363 5264 5275
3526 5 2 8 5 5374 5363 5264 5275 5375 5364 5265 5276
3527 5 2 8 5 5375 5364 5265 5276 5376 5365 5266 5277
3528 5 2 8 5 5376 5365 5266 5277 2145 2144 2135 2136
3529 5 2 8 5 1051 1050 1041 1042 5377 5366 5267 5278
3530 5 2 8 5 5377 5366 5267 5278 5378 5367 5268 5279
3531 5 2 8 5 5378 5367 5268 5279 5379 5368 5269 5280
3532 5 2 8 5 5379 5368 5269 5280 5380 5369 5270 5281
3533 5 2 8 5 5380 5369 5270 5281 5381 5370 5271 5282
3534 5 2 8 5 5381 5370 5271 5282 5382 5371 5272 5283
3535 5 2 8 5 5382 5371 5272 5283 5383 5372 5273 5284
3536 5 2 8 5 5383 5372 5273 5284 5384 5373 5274 5285
3537 5 2 8 5 5384 5373 5274 5285 5385 5374 5275 5286
3538 5 2 8 5 5385 5374 5275 5286 5386 5375 5276 5287
3539 5 2 8 5 5386 5375 5276 5287 5387 5376 5277 5288
3540 5 2 8 5 5387 5376 5277 5288 2146 2145 2136 2137
3541 5 2 8 5 1052 1051 1042 1043 5388 5377 5278 5289
3542 5 2 8 5 5388 5377 5278 5289 5389 5378 5279 5290
3543 5 2 8 5 5389 5378 5279 5290 5390 5379 5280 5291
3544 5 2 8 5 5390 5379 5280 5291 5391 5380 5281 5292
3545 5 2 8 5 5391 5380 5281 5292 5392 5381 5282 5293
3546 5 2 8 5 5392 5381 5282 5293 5393 5382 5283 5294
3547 5 2 8 5 5393 5382 5283 5294 5394 5383 5284 5295
3548 5 2 8 5 5394 5383 5284 5295 5395 5384 5285 5296
3549 5 2 8 5 5395 5384 5285 5296 5396 5385 5286 5297
3550 5 2 8 5 5396 5385 5286 5297 5397 5386 5287 5298
3551 5 2 8 5 5397 5386 5287 5298 5398 5387 5288 5299
3552 5 2 8 5 5398 5387 5288 5299 2147 2146 2137 2138
3553 5 2 8 5 1053 1052 1043 1044 5399 5388 5289 5300
3554 5 2 8 5 5399 5388 5289 5300 5400 5389 5290 5301
3555 5 2 8 5 5400 5389 5290 5301 5401 5390 5291 5302
3556 5 2 8 5 5401 5390 5291 5302 5402 5391 5292 5303
3557 5 2 8 5 5402 5391 5292 5303 5403 5392 5293 5304
3558 5 2 8 5 5403 5392 5293 5304 5404 5393 5294 5305
3559 5 2 8 5 5404 5393 5294 5305 5405 5394 5295 5306
3560 5 2 8 5 5405 5394 5295 5306 5406 5395 5296 5307
3561 5 2 8 5 5406 5395 5296 5307 5407 5396 5297 5308
3562 5 2 8 5 5407 5396 5297 5308 5408 5397 5298 5309
3563 5 2 8 5 5408 5397 5298 5309 5409 5398 5299 5310
3564 5 2 8 5 5409 5398 5299 5310 2148 2147 2138 2139
3565 5 2 8 5 1054 1053 1044 1045 5410 5399 5300 5311
3566 5 2 8 5 5410 5399 5300 5311 5411 5400 5301 5312
3567 5 2 8 5 5411 5400 5301 5312 5412 5401 5302 5313
3568 5 2 8 5 5412 5401 5302 5313 5413 5402 5303 5314
3569 5 2 8 5 5413 5402 5303 5314 5414 5403 5304 5315
3570 5 2 8 5 5414 5403 5304 5315 5415 5404 5305 5316
3571 5 2 8 5 5415 5404 5305 5316 5416 5405 5306 5317
3572 5 2 8 5 5416 5405 5306 5317 5417 5406 5307 5318
3573 5 2 8 5 5417 5406 5307 5318 5418 5407 5308 5319
3574 5 2 8 5 5418 5407 5308 5319 5419 5408 5309 5320
3575 5 2 8 5 5419 5408 5309 5320 5420 5409 5310 5321
3576 5 2 8 5 5420 5409 5310 5321 2149 2148 2139 2140
3577 5 2 8 5 1055 1054 1045 1046 5421 5410 5311 5322
3578 5 2 8 5 5421 5410 5311 5322 5422 5411 5312 5323
3579 5 2 8 5 5422 5411 5312 5323 5423 5412 5313 5324
3580 5 2 8 5 5423 5412 5313 5324 5424 5413 5314 5325
3581 5 2 8 5 5424 5413 5314 5325 5425 5414 5315 5326
3582 5 2 8 5 5425 5414 5315 5326 5426 5415 5316 5327
3583 5 2 8 5 5426 5415 5316 5327 5427 5416 5317 5328
3584 5 2 8 5 5427 5416 5317 5328 5428 5417 5318 5329
3585 5 2 8 5 5428 5417 5318 5329 5429 5418 5319 5330
3586 5 2 8 5 5429 5418 5319 5330 5430 5419 5320 5331
3587 5 2 8 5 5430 5419 5320 5331 5431 5420 5321 5332
3588 5 2 8 5 5431 5420 5321 5332 2150 2149 2140 2141
3589 5 2 8 5 1056 1055 1046 1047 5432 5421 5322 5333
3590 5 2 8 5 5432 5421 5322 5333 5433 5422 5323 5334
3591 5 2 8 5 5433 5422 5323 5334 5434 5423 5324 5335
3592 5 2 8 5 5434 5423 5324 5335 5435 5424 5325 5336
3593 5 2 8 5 5435 5424 5325 5336 5436 5425 5326 5337
3594 5 2 8 5 5436 5425 5326 5337 5437 5426 5327 5338
3595 5 2 8 5 5437 5426 5327 5338 5438 5427 5328 5339
3596 5 2 8 5 5438 5427 5328 5339 5439 5428 5329 5340
3597 5 2 8 5 5439 5428 5329 5340 5440 5429 5330 5341
3598 5 2 8 5 5440 5429 5330 5341 5441 5430 5331 5342
3599 5 2 8 5 5441 5430 5331 5342 5442 5431 5332 5343
3600 5 2 8 5 5442 5431 5332 5343 2151 2150 2141 2142
3601 5 2 8 5 1057 1056 1047 1048 5443 5432 5333 5344
3602 5 2 8 5 5443 5432 5333 5344 5444 5433 5334 5345
3603 5 2 8 5 5444 5433 5334 5345 5445 5434 5335 5346
3604 5 2 8 5 5445 5434 5335 5346 5446 5435 5336 5347
3605 5 2 8 5 5446 5435 5336 5347 5447 5436 5337 5348
3606 5 2 8 5 5447 5436 5337 5348 5448 5437 5338 5349
3607 5 2 8 5 5448 5437 5338 5349 5449 5438 5339 5350
3608 5 2 8 5 5449 5438 5339 5350 5450 5439 5340 5351
3609 5 2 8 5 5450 5439 5340 5351 5451 5440 5341 5352
3610 5 2 8 5 5451 5440 5341 5352 5452 5441 5342 5353
3611 5 2 8 5 5452 5441 5342 5353 5453 5442 5343 5354
3612 5 2 8 5 5453 5442 5343 5354 2152 2151 2142 2143
3613 5 2 8 5 175 1057 1048 176 1994 5443 5344 2005
3614 5 2 8 5 1994 5443 5344 2005 1995 5444 5345 2006
3615 5 2 8 5 1995 5444 5345 2006 1996 5445 5346 2007
3616 5 2 8 5 1996 5445 5346 2007 1997 5446 5347 2008
3617 5 2 8 5 1997 5446 5347 2008 1998 5447 5348 2009
3618 5 2 8 5 1998 5447 5348 2009 1999 5448 5349 2010
3619 5 2 8 5 1999 5448 5349 2010 2000 5449 5350 2011
3620 5 2 8 5 2000 5449 5350 2011 2001 5450 5351 2012
3621 5 2 8 5 2001 5450 5351 2012 2002 5451 5352 2013
3622 5 2 8 5 2002 5451 5352 2013 2003 5452 5353 2014
3623 5 2 8 5 2003 5452 5353 2014 2004 5453 5354 2015
3624 5 2 8 5 2004 5453 5354 2015 377 2152 2143 378
3625 5 2 8 5 1058 140 139 1049 5454 1851 1840 5355
3626 5 2 8 5 5454 1851 1840 5355 5455 1852 1841 5356
3627 5 2 8 5 5455 1852 1841 5356 5456 1853 1842 5357
3628 5 2 8 5 5456 1853 1842 5357 5457 1854 1843 5358
3629 5 2 8 5 5457 1854 1843 5358 5458 1855 1844 5359
3630 5 2 8 5 5458 1855 1844 5359 5459 1856 1845 5360
3631 5 2 8 5 5459 1856 1845 5360 5460 1857 1846 5361
3632 5 2 8 5 5460 1857 1846 5361 5461 1858 1847 5362
3633 5 2 8 5 5461 1858 1847 5362 5462 1859 1848 5363
3634 5 2 8 5 5462 1859 1848 5363 5463 1860 1849 5364
3635 5 2 8 5 5463 1860 1849 5364 5464 1861 1850 5365
3636 5 2 8 5 5464 1861 1850 5365 2153 342 341 2144
3637 5 2 8 5 1059 1058 1049 1050 5465 5454 5355 5366
3638 5 2 8 5 5465 5454 5355 5366 5466 5455 5356 5367
3639 5 2 8 5 5466 5455 5356 5367 5467 5456 5357 5368
3640 5 2 8 5 5467 5456 5357 5368 5468 5457 5358 5369
3641 5 2 8 5 5468 5457 5358 5369 5469 5458 5359 5370
3642 5 2 8 5 5469 5458 5359 5370 5470 5459 5360 5371
3643 5 2 8 5 5470 5459 5360 5371 5471 5460 5361 5372
3644 5 2 8 5 5471 5460 5361 5372 5472 5461 5362 5373
3645 5 2 8 5 5472 5461 5362 5373 5473 5462 5363 5374
3646 5 2 8 5 5473 5462 5363 5374 5474 5463 5364 5375
3647 5 2 8 5 5474 5463 5364 5375 5475 5464 5365 5376
3648 5 2 8 5 5475 5464 5365 5376 2154 2153 2144 2145
3649 5 2 8 5 1060 1059 1050 1051 5476 5465 5366 5377
3650 5 2 8 5 5476 5465 5366 5377 5477 5466 5367 5378
3651 5 2 8 5 5477 5466 5367 5378 5478 5467 5368 5379
3652 5 2 8 5 5478 5467 5368 5379 5479 5468 5369 5380
3653 5 2 8 5 5479 5468 5369 5380 5480 5469 5370 5381
3654 5 2 8 5 5480 5469 5370 5381 5481 5470 5371 5382
3655 5 2 8 5 5481 5470 5371 5382 5482 5471 5372 5383
3656 5 2 8 5 5482 5471 5372 5383 5483 5472 5373 5384
3657 5 2 8 5 5483 5472 5373 5384 5484 5473 5374 5385
3658 5 2 8 5 5484 5473 5374 5385 5485 5474 5375 5386
3659 5 2 8 5 5485 5474 5375 5386 5486 5475 5376 5387
3660 5 2 8 5 5486 5475 5376 5387 2155 2154 2145 2146
3661 5 2 8 5 1061 1060 1051 1052 5487 5476 5377 5388
3662 5 2 8 5 5487 5476 5377 5388 5488 5477 5378 5389
3663 5 2 8 5 5488 5477 5378 5389 5489 5478 5379 5390
3664 5 2 8 5 5489 5478 5379 5390 5490 5479 5380 5391
3665 5 2 8 5 5490 5479 5380 5391 5491 5480 5381 5392
3666 5 2 8 5 5491 5480 5381 5392 5492 5481 5382 5393
3667 5 2 8 5 5492 5481 5382 5393 5493 5482 5383 5394
3668 5 2 8 5 5493 5482 5383 5394 5494 5483 5384 5395
3669 5 2 8 5 5494 5483 5384 5395 5495 5484 5385 5396
3670 5 2 8 5 5495 5484 5385 5396 5496 5485 5386 5397
3671 5 2 8 5 5496 5485 5386 5397 5497 5486 5387 5398
3672 5 2 8 5 5497 5486 5387 5398 2156 2155 2146 2147
3673 5 2 8 5 1062 1061 1052 1053 5498 5487 5388 5399
3674 5 2 8 5 5498 5487 5388 5399 5499 5488 5389 5400
3675 5 2 8 5 5499 5488 5389 5400 5500 5489 5390 5401
3676 5 2 8 5 5500 5489 5390 5401 5501 5490 5391 5402
3677 5 2 8 5 5501 5490 5391 5402 5502 5491 5392 5403
3678 5 2 8 5 5502 5491 5392 5403 5503 5492 5393 5404
3679 5 2 8 5 5503 5492 5393 5404 5504 5493 5394 5405
3680 5 2 8 5 5504 5493 5394 5405 5505 5494 5395 5406
3681 5 2 8 5 5505 5494 5395 5406 5506 5495 5396 5407
3682 5 2 8 5 5506 5495 5396 5407 5507 5496 5397 5408
3683 5 2 8 5 5507 5496 5397 5408 5508 5497 5398 5409
3684 5 2 8 5 5508 5497 5398 5409 2157 2156 2147 2148
3685 5 2 8 5 1063 1062 1053 1054 5509 5498 5399 5410
3686 5 2 8 5 5509 5498 5399 5410 5510 5499 5400 5411
3687 5 2 8 5 5510 5499 5400 5411 5511 5500 5401 5412
3688 5 2 8 5 5511 5500 5401 5412 5512 5501 5402 5413
3689 5 2 8 5 5512 5501 5402 5413 5513 5502 5403 5414
3690 5 2 8 5 5513 5502 5403 5414 5514 5503 5404 5415
3691 5 2 8 5 5514 5503 5404 5415 5515 5504 5405 5416
3692 5 2 8 5 5515 5504 5405 5416 5516 5505 5406 5417
3693 5 2 8 5 5516 5505 5406 5417 5517 5506 5407 5418
3694 5 2 8 5 5517 5506 5407 5418 5518 5507 5408 5419
3695 5 2 8 5 5518 5507 5408 5419 5519 5508 5409 5420
3696 5 2 8 5 5519 5508 5409 5420 2158 2157 2148 2149
3697 5 2 8 5 1064 1063 1054 1055 5520 5509 5410 5421
3698 5 2 8 5 5520 5509 5410 5421 5521 5510 5411 5422
3699 5 2 8 5 5521 5510 5411 5422 5522 5511 5412 5423
3700 5 2 8 5 5522 5511 5412 5423 5523 5512 5413 5424
3701 5 2 8 5 5523 5512 5413 5424 5524 5513 5414 5425
3702 5 2 8 5 5524 5513 5414 5425 5525 5514 5415 5426
3703 5 2 8 5 5525 5514 5415 5426 5526 5515 5416 5427
3704 5 2 8 5 5526 5515 5416 5427 5527 5516 5417 5428
3705 5 2 8 5 5527 5516 5417 5428 5528 5517 5418 5429
3706 5 2 8 5 5528 5517 5418 5429 5529 5518 5419 5430
3707 5 2 8 5 5529 5518 5419 5430 5530 5519 5420 5431
3708 5 2 8 5 5530 5519 5420 5431 2159 2158 2149 2150
3709 5 2 8 5 1065 1064 1055 1056 5531 5520 5421 5432
3710 5 2 8 5 5531 5520 5421 5432 5532 5521 5422 5433
3711 5 2 8 5 5532 5521 5422 5433 5533 5522 5423 5434
3712 5 2 8 5 5533 5522 5423 5434 5534 5523 5424 5435
3713 5 2 8 5 5534 5523 5424 5435 5535 5524 5425 5436
3714 5 2 8 5 5535 5524 5425 5436 5536 5525 5426 5437
3715 5 2 8 5 5536 5525 5426 5437 5537 5526 5427 5438
3716 5 2 8 5 5537 5526 5427 5438 5538 5527 5428 5439
3717 5 2 8 5 5538 5527 5428 5439 5539 5528 5429 5440
3718 5 2 8 5 5539 5528 5429 5440 5540 5529 5430 5441
3719 5 2 8 5 5540 5529 5430 5441 5541 5530 5431 5442
3720 5 2 8 5 5541 5530 5431 5442 2160 2159 2150 2151
3721 5 2 8 5 1066 1065 1056 1057 5542 5531 5432 5443
3722 5 2 8 5 5542 5531 5432 5443 5543 5532 5433 5444
3723 5 2 8 5 5543 5532 5433 5444 5544 5533 5434 5445
3724 5 2 8 5 5544 5533 5434 5445 5545 5534 5435 5446
3725 5 2 8 5 5545 5534 5435 5446 5546 5535 5436 5447
3726 5 2 8 5 5546 5535 5436 5447 5547 5536 5437 5448
3727 5 2 8 5 5547 5536 5437 5448 5548 5537 5438 5449
3728 5 2 8 5 5548 5537 5438 5449 5549 5538 5439 5450
3729 5 2 8 5 5549 5538 5439 5450 5550 5539 5440 5451
3730 5 2 8 5 5550 5539 5440 5451 5551 5540 5441 5452
3731 5 2 8 5 5551 5540 5441 5452 5552 5541 5442 5453
3732 5 2 8 5 5552 5541 5442 5453 2161 2160 2151 2152
3733 5 2 8 5 174 1066 1057 175 1983 5542 5443 1994
3734 5 2 8 5 1983 5542 5443 1994 1984 5543 5444 1995
3735 5 2 8 5 1984 5543 5444 1995 1985 5544 5445 1996
3736 5 2 8 5 1985 5544 5445 1996 1986 5545 5446 1997
3737 5 2 8 5 1986 5545 5446 1997 1987 5546 5447 1998
3738 5 2 8 5 1987 5546 5447 1998 1988 5547 5448 1999
3739 5 2 8 5 1988 5547 5448 1999 1989 5548 5449 2000
3740 5 2 8 5 1989 5548 5449 2000 1990 5549 5450 2001
3741 5 2 8 5 1990 5549 5450 2001 1991 5550 5451 2002
3742 5 2 8 5 1991 5550 5451 2002 1992 5551 5452 2003
3743 5 2 8 5 1992 5551 5452 2003 1993 5552 5453 2004
3744 5 2 8 5 1993 5552 5453 2004 376 2161 2152 377
3745 5 2 8 5 1067 141 140 1058 5553 1862 1851 5454
3746 5 2 8 5 5553 1862 1851 5454 5554 1863 1852 5455
3747 5 2 8 5 5554 1863 1852 5455 5555 1864 1853 5456
3748 5 2 8 5 5555 1864 1853 5456 5556 1865 1854 5457
3749 5 2 8 5 5556 1865 1854 5457 5557 1866 1855 5458
3750 5 2 8 5 5557 1866 1855 5458 5558 1867 1856 5459
3751 5 2 8 5 5558 1867 1856 5459 5559 1868 1857 5460
3752 5 2 8 5 5559 1868 1857 5460 5560 1869 1858 5461
3753 5 2 8 5 5560 1869 1858 5461 5561 1870 1859 5462
3754 5 2 8 5 5561 1870 1859 5462 5562 1871 1860 5463
3755 5 2 8 5 5562 1871 1860 5463 5563 1872 1861 5464
3756 5 2 8 5 5563 1872 1861 5464 2162 343 342 2153
3757 5 2 8 5 1068 1067 1058 1059 5564 5553 5454 5465
3758 5 2 8 5 5564 5553 5454 5465 5565 5554 5455 5466
3759 5 2 8 5 5565 5554 5455 5466 5566 5555 5456 5467
3760 5 2 8 5 5566 5555 5456 5467 5567 5556 5457 5468
3761 5 2 8 5 5567 5556 5457 5468 5568 5557 5458 5469
3762 5 2 8 5 5568 5557 5458 5469 5569 5558 5459 5470
3763 5 2 8 5 5569 5558 5459 5470 5570 5559 5460 5471
3764 5 2 8 5 5570 5559 5460 5471 5571 5560 5461 5472
3765 5 2 8 5 5571 5560 5461 5472 5572 5561 5462 5473
3766 5 2 8 5 5572 5561 5462 5473 5573 5562 5463 5474
3767 5 2 8 5 5573 5562 5463 5474 5574 5563 5464 5475
3768 5 2 8 5 5574 5563 5464 5475 2163 2162 2153 2154
3769 5 2 8 5 1069 1068 1059 1060 5575 5564 5465 5476
3770 5 2 8 5 5575 5564 5465 5476 5576 5565 5466 5477
3771 5 2 8 5 5576 5565 5466 5477 5577 5566 5467 5478
3772 5 2 8 5 5577 5566 5467 5478 5578 5567 5468 5479
3773 5 2 8 5 5578 5567 5468 5479 5579 5568 5469 5480
3774 5 2 8 5 5579 5568 5469 5480 5580 5569 5470 5481
3775 5 2 8 5 5580 5569 5470 5481 5581 5570 5471 5482
3776 5 2 8 5 5581 5570 5471 5482 5582 5571 5472 5483
3777 5 2 8 5 5582 5571 5472 5483 5583 5572 5473 5484
3778 5 2 8 5 5583 5572 5473 5484 5584 5573 5474 5485
3779 5 2 8 5 5584 5573 5474 5485 5585 5574 5475 5486
3780 5 2 8 5 5585 5574 5475 5486 2164 2163 2154 2155
3781 5 2 8 5 1070 1069 1060 1061 5586 5575 5476 5487
3782 5 2 8 5 5586 5575 5476 5487 5587 5576 5477 5488
3783 5 2 8 5 5587 5576 5477 5488 5588 5577 5478 5489
3784 5 2 8 5 5588 5577 5478 5489 5589 5578 5479 5490
3785 5 2 8 5 5589 5578 5479 5490 5590 5579 5480 5491
3786 5 2 8 5 5590 5579 5480 5491 5591 5580 5481 5492
3787 5 2 8 5 5591 5580 5481 5492 5592 5581 5482 5493
3788 5 2 8 5 5592 5581 5482 5493 5593 5582 5483 5494
3789 5 2 8 5 5593 5582 5483 5494 5594 5583 5484 5495
3790 5 2 8 5 5594 5583 5484 5495 5595 5584 5485 5496
3791 5 2 8 5 5595 5584 5485 5496 5596 5585 5486 5497
3792 5 2 8 5 5596 5585 5486 5497 2165 2164 2155 2156
3793 5 2 8 5 1071 1070 1061 1062 5597 5586 5487 5498
3794 5 2 8 5 5597 5586 5487 5498 5598 5587 5488 5499
3795 5 2 8 5 5598 5587 5488 5499 5599 5588 5489 5500
3796 5 2 8 5 5599 5588 5489 5500 5600 5589 5490 5501
3797 5 2 8 5 5600 5589 5490 5501 5601 5590 5491 5502
3798 5 2 8 5 5601 5590 5491 5502 5602 5591 5492 5503
3799 5 2 8 5 5602 5591 5492 5503 5603 5592 5493 5504
3800 5 2 8 5 5603 5592 5493 5504 5604 5593 5494 5505
3801 5 2 8 5 5604 5593 5494 5505 5605 5594 5495 5506
3802 5 2 8 5 5605 5594 5495 5506 5606 5595 5496 5507
3803 5 2 8 5 5606 5595 5496 5507 5607 5596 5497 5508
3804 5 2 8 5 5607 5596 5497 5508 2166 2165 2156 2157
3805 5 2 8 5 1072 1071 1062 1063 5608 5597 5498 5509
3806 5 2 8 5 5608 5597 5498 5509 5609 5598 5499 5510
3807 5 2 8 5 5609 5598 5499 5510 5610 5599 5500 5511
3808 5 2 8 5 5610 5599 5500 5511 5611 5600 5501 5512
3809 5 2 8 5 5611 5600 5501 5512 5612 5601 5502 5513
3810 5 2 8 5 5612 5601 5502 5513 5613 5602 5503 5514
3811 5 2 8 5 5613 5602 5503 5514 5614 5603 5504 5515
3812 5 2 8 5 5614 5603 5504 5515 5615 5604 5505 5516
3813 5 2 8 5 5615 5604 5505 5516 5616 5605 5506 5517
3814 5 2 8 5 5616 5605 5506 5517 5617 5606 5507 5518
3815 5 2 8 5 5617 5606 5507 5518 5618 5607 5508 5519
3816 5 2 8 5 5618 5607 5508 5519 2167 2166 2157 2158
3817 5 2 8 5 1073 1072 1063 1064 5619 5608 5509 5520
3818 5 2 8 5 5619 5608 5509 5520 5620 5609 5510 5521
3819 5 2 8 5 5620 5609 5510 5521 5621 5610 5511 5522
3820 5 2 8 5 5621 5610 5511 5522 5622 5611 5512 5523
3821 5 2 8 5 5622 5611 5512 5523 5623 5612 5513 5524
3822 5 2 8 5 5623 5612 5513 5524 5624 5613 5514 5525
3823 5 2 8 5 5624 5613 5514 5525 5625 5614 5515 5526
3824 5 2 8 5 5625 5614 5515 5526 5626 5615 5516 5527
3825 5 2 8 5 5626 5615 5516 5527 5627 5616 5517 5528
3826 5 2 8 5 5627 5616 5517 5528 5628 5617 5518 5529
3827 5 2 8 5 5628 5617 5518 5529 5629 5618 5519 5530
3828 5 2 8 5 5629 5618 5519 5530 2168 2167 2158 2159
3829 5 2 8 5 1074 1073 1064 1065 5630 5619 5520 5531
3830 5 2 8 5 5630 5619 5520 5531 5631 5620 5521 5532
3831 5 2 8 5 5631 5620 5521 5532 5632 5621 5522 5533
3832 5 2 8 5 5632 5621 5522 5533 5633 5622 5523 5534
3833 5 2 8 5 5633 5622 5523 5534 5634 5623 5524 5535
3834 5 2 8 5 5634 5623 5524 5535 5635 5624 5525 5536
3835 5 2 8 5 5635 5624 5525 5536 5636 5625 5526 5537
3836 5 2 8 5 5636 5625 5526 5537 5637 5626 5527 5538
3837 5 2 8 5 5637 5626 5527 5538 5638 5627 5528 5539
3838 5 2 8 5 5638 5627 5528 5539 5639 5628 5529 5540
3839 5 2 8 5 5639 5628 5529 5540 5640 5629 5530 5541
3840 5 2 8 5 5640 5629 5530 5541 2169 2168 2159 2160
3841 5 2 8 5 1075 1074 1065 1066 5641 5630 5531 5542
3842 5 2 8 5 5641 5630 5531 5542 5642 5631 5532 5543
3843 5 2 8 5 5642 5631 5532 5543 5643 5632 5533 5544
3844 5 2 8 5 5643 5632 5533 5544 5644 5633 5534 5545
3845 5 2 8 5 5644 5633 5534 5545 5645 5634 5535 5546
3846 5 2 8 5 5645 5634 5535 5546 5646 5635 5536 5547
3847 5 2 8 5 5646 5635 5536 5547 5647 5636 5537 5548
3848 5 2 8 5 5647 5636 5537 5548 5648 5637 5538 5549
3849 5 2 8 5 5648 5637 5538 5549 5649 5638 5539 5550
3850 5 2 8 5 5649 5638 5539 5550 5650 5639 5540 5551
3851 5 2 8 5 5650 5639 5540 5551 5651 5640 5541 5552
3852 5 2 8 5 5651 5640 5541 5552 2170 2169 2160 2161
3853 5 2 8 5 173 1075 1066 174 1972 5641 5542 1983
3854 5 2 8 5 1972 5641 5542 1983 1973 5642 5543 1984
3855 5 2 8 5 1973 5642 5543 1984 1974 5643 5544 1985
3856 5 2 8 5 1974 5643 5544 1985 1975 5644 5545 1986
3857 5 2 8 5 1975 5644 5545 1986 1976 5645 5546 1987
3858 5 2 8 5 1976 5645 5546 1987 1977 5646 5547 1988
3859 5 2 8 5 1977 5646 5547 1988 1978 5647 5548 1989
3860 5 2 8 5 1978 5647 5548 1989 1979 5648 5549 1990
3861 5 2 8 5 1979 5648 5549 1990 1980 5649 5550 1991
3862 5 2 8 5 1980 5649 5550 1991 1981 5650 5551 1992
3863 5 2 8 5 1981 5650 5551 1992 1982 5651 5552 1993
3864 5 2 8 5 1982 5651 5552 1993 375 2170 2161 376
3865 5 2 8 5 153 13 141 1067 1873 328 1862 5553
3866 5 2 8 5 1873 328 1862 5553 1874 329 1863 5554
3867 5 2 8 5 1874 329 1863 5554 1875 330 1864 5555
3868 5 2 8 5 1875 330 1864 5555 1876 331 1865 5556
3869 5 2 8 5 1876 331 1865 5556 1877 332 1866 5557
3870 5 2 8 5 1877 332 1866 5557 1878 333 1867 5558
3871 5 2 8 5 1878 333 1867 5558 1879 334 1868 5559
3872 5 2 8 5 1879 334 1868 5559 1880 335 1869 5560
3873 5 2 8 5 1880 335 1869 5560 1881 336 1870 5561
3874 5 2 8 5 1881 336 1870 5561 1882 337 1871 5562
3875 5 2 8 5 1882 337 1871 5562 1883 338 1872 5563
3876 5 2 8 5 1883 338 1872 5563 355 24 343 2162
3877 5 2 8 5 154 153 1067 1068 1884 1873 5553 5564
3878 5 2 8 5 1884 1873 5553 5564 1885 1874 5554 5565
3879 5 2 8 5 1885 1874 5554 5565 1886 1875 5555 5566
3880 5 2 8 5 1886 1875 5555 5566 1887 1876 5556 5567
3881 5 2 8 5 1887 1876 5556 5567 1888 1877 5557 5568
3882 5 2 8 5 1888 1877 5557 5568 1889 1878 5558 5569
3883 5 2 8 5 1889 1878 5558 5569 1890 1879 5559 5570
3884 5 2 8 5 1890 1879 5559 5570 1891 1880 5560 5571
3885 5 2 8 5 1891 1880 5560 5571 1892 1881 5561 5572
3886 5 2 8 5 1892 1881 5561 5572 1893 1882 5562 5573
3887 5 2 8 5 1893 1882 5562 5573 1894 1883 5563 5574
3888 5 2 8 5 1894 1883 5563 5574 356 355 2162 2163
3889 5 2 8 5 155 154 1068 1069 1895 1884 5564 5575
3890 5 2 8 5 1895 1884 5564 5575 1896 1885 5565 5576
3891 5 2 8 5 1896 1885 5565 5576 1897 1886 5566 5577
3892 5 2 8 5 1897 1886 5566 5577 1898 1887 5567 5578
3893 5 2 8 5 1898 1887 5567 5578 1899 1888 5568 5579
3894 5 2 8 5 1899 1888 5568 5579 1900 1889 5569 5580
3895 5 2 8 5 1900 1889 5569 5580 1901 1890 5570 5581
3896 5 2 8 5 1901 1890 5570 5581 1902 1891 5571 5582
3897 5 2 8 5 1902 1891 5571 5582 1903 1892 5572 5583
3898 5 2 8 5 1903 1892 5572 5583 1904 1893 5573 5584
3899 5 2 8 5 1904 1893 5573 5584 1905 1894 5574 5585
3900 5 2 8 5 1905 1894 5574 5585 357 356 2163 2164
3901 5 2 8 5 156 155 1069 1070 1906 1895 5575 5586
3902 5 2 8 5 1906 1895 5575 5586 1907 1896 5576 5587
3903 5 2 8 5 1907 1896 5576 5587 1908 1897 5577 5588
3904 5 2 8 5 1908 1897 5577 5588 1909 1898 5578 5589
3905 5 2 8 5 1909 1898 5578 5589 1910 1899 5579 5590
3906 5 2 8 5 1910 1899 5579 5590 1911 1900 5580 5591
3907 5 2 8 5 1911 1900 5580 5591 1912 1901 5581 5592
3908 5 2 8 5 1912 1901 5581 5592 1913 1902 5582 5593
3909 5 2 8 5 1913 1902 5582 5593 1914 1903 5583 5594
3910 5 2 8 5 1914 1903 5583 5594 1915 1904 5584 5595
3911 5 2 8 5 1915 1904 5584 5595 1916 1905 5585 5596
3912 5 2 8 5 1916 1905 5585 5596 358 357 2164 2165
3913 5 2 8 5 157 156 1070 1071 1917 1906 5586 5597
3914 5 2 8 5 1917 1906 5586 5597 1918 1907 5587 5598
3915 5 2 8 5 1918 1907 5587 5598 1919 1908 5588 5599
3916 5 2 8 5 1919 1908 5588 5599 1920 1909 5589 5600
3917 5 2 8 5 1920 1909 5589 5600 1921 1910 5590 5601
3918 5 2 8 5 1921 1910 5590 5601 1922 1911 5591 5602
3919 5 2 8 5 1922 1911 5591 5602 1923 1912 5592 5603
3920 5 2 8 5 1923 1912 5592 5603 1924 1913 5593 5604
3921 5 2 8 5 1924 1913 5593 5604 1925 1914 5594 5605
3922 5 2 8 5 1925 1914 5594 5605 1926 1915 5595 5606
3923 5 2 8 5 1926 1915 5595 5606 1927 1916 5596 5607
3924 5 2 8 5 1927 1916 5596 5607 359 358 2165 2166
3925 5 2 8 5 158 157 1071 1072 1928 1917 5597 5608
3926 5 2 8 5 1928 1917 5597 5608 1929 1918 5598 5609
3927 5 2 8 5 1929 1918 5598 5609 1930 1919 5599 5610
3928 5 2 8 5 1930 1919 5599 5610 1931 1920 5600 5611
3929 5 2 8 5 1931 1920 5600 5611 1932 1921 5601 5612
3930 5 2 8 5 1932 1921 5601 5612 1933 1922 5602 5613
3931 5 2 8 5 1933 1922 5602 5613 1934 1923 5603 5614
3932 5 2 8 5 1934 1923 5603 5614 1935 1924 5604 5615
3933 5 2 8 5 1935 1924 5604 5615 1936 1925 5605 5616
3934 5 2 8 5 1936 1925 5605 5616 1937 1926 5606 5617
3935 5 2 8 5 1937 1926 5606 5617 1938 1927 5607 5618
3936 5 2 8 5 1938 1927 5607 5618 360 359 2166 2167
3937 5 2 8 5 159 158 1072 1073 1939 1928 5608 5619
3938 5 2 8 5 1939 1928 5608 5619 1940 1929 5609 5620
3939 5 2 8 5 1940 1929 5609 5620 1941 1930 5610 5621
3940 5 2 8 5 1941 1930 5610 5621 1942 1931 5611 5622
3941 5 2 8 5 1942 1931 5611 5622 1943 1932 5612 5623
3942 5 2 8 5 1943 1932 5612 5623 1944 1933 5613 5624
3943 5 2 8 5 1944 1933 5613 5624 1945 1934 5614 5625
3944 5 2 8 5 1945 1934 5614 5625 1946 1935 5615 5626
3945 5 2 8 5 1946 1935 5615 5626 1947 1936 5616 5627
3946 5 2 8 5 1947 1936 5616 5627 1948 1937 5617 5628
3947 5 2 8 5 1948 1937 5617 5628 1949 1938 5618 5629
3948 5 2 8 5 1949 1938 5618 5629 361 360 2167 2168
3949 5 2 8 5 160 159 1073 1074 1950 1939 5619 5630
3950 5 2 8 5 1950 1939 5619 5630 1951 1940 5620 5631
3951 5 2 8 5 1951 1940 5620 5631 1952 1941 5621 5632
3952 5 2 8 5 1952 1941 5621 5632 1953 1942 5622 5633
3953 5 2 8 5 1953 1942 5622 5633 1954 1943 5623 5634
3954 5 2 8 5 1954 1943 5623 5634 1955 1944 5624 5635
3955 5 2 8 5 1955 1944 5624 5635 1956 1945 5625 5636
3956 5 2 8 5 1956 1945 5625 5636 1957 1946 5626 5637
3957 5 2 8 5 1957 1946 5626 5637 1958 1947 5627 5638
3958 5 2 8 5 1958 1947 5627 5638 1959 1948 5628 5639
3959 5 2 8 5 1959 1948 5628 5639 1960 1949 5629 5640
3960 5 2 8 5 1960 1949 5629 5640 362 361 2168 2169
3961 5 2 8 5 161 160 1074 1075 1961 1950 5630 5641
3962 5 2 8 5 1961 1950 5630 5641 1962 1951 5631 5642
3963 5 2 8 5 1962 1951 5631 5642 1963 1952 5632 5643
3964 5 2 8 5 1963 1952 5632 5643 1964 1953 5633 5644
3965 5 2 8 5 1964 1953 5633 5644 1965 1954 5634 5645
3966 5 2 8 5 1965 1954 5634 5645 1966 1955 5635 5646
3967 5 2 8 5 1966 1955 5635 5646 1967 1956 5636 5647
3968 5 2 8 5 1967 1956 5636 5647 1968 1957 5637 5648
3969 5 2 8 5 1968 1957 5637 5648 1969 1958 5638 5649
3970 5 2 8 5 1969 1958 5638 5649 1970 1959 5639 5650
3971 5 2 8 5 1970 1959 5639 5650 1971 1960 5640 5651
3972 5 2 8 5 1971 1960 5640 5651 363 362 2169 2170
3973 5 2 8 5 14 161 1075 173 344 1961 5641 1972
3974 5 2 8 5 344 1961 5641 1972 345 1962 5642 1973
3975 5 2 8 5 345 1962 5642 1973 346 1963 5643 1974
3976 5 2 8 5 346 1963 5643 1974 347 1964 5644 1975
3977 5 2 8 5 347 1964 5644 1975 348 1965 5645 1976
3978 5 2 8 5 348 1965 5645 1976 349 1966 5646 1977
3979 5 2 8 5 349 1966 5646 1977 350 1967 5647 1978
3980 5 2 8 5 350 1967 5647 1978 351 1968 5648 1979
3981 5 2 8 5 351 1968 5648 1979 352 1969 5649 1980
3982 5 2 8 5 352 1969 5649 1980 353 1970 5650 1981
3983 5 2 8 5 353 1970 5650 1981 354 1971 5651 1982
3984 5 2 8 5 354 1971 5651 1982 25 363 2170 375
3985 6 2 8 2 601 569 634 3815 3463 4178
3986 6 2 8 2 3815 3463 4178 3816 3464 4179
3987 6 2 8 2 3816 3464 4179 3817 3465 4180
3988 6 2 8 2 3817 3465 4180 3818 3466 4181
3989 6 2 8 2 3818 3466 4181 3819 3467 4182
3990 6 2 8 2 3819 3467 4182 3820 3468 4183
3991 6 2 8 2 3820 3468 4183 3821 3469 4184
3992 6 2 8 2 3821 3469 4184 3822 3470 4185
3993 6 2 8 2 3822 3470 4185 3823 3471 4186
3994 6 2 8 2 3823 3471 4186 3824 3472 4187
3995 6 2 8 2 3824 3472 4187 3825 3473 4188
3996 6 2 8 2 3825 3473 4188 1432 1400 1465
3997 6 2 8 2 598 602 622 3782 3826 4046
3998 6 2 8 2 3782 3826 4046 3783 3827 4047
3999 6 2 8 2 3783 3827 4047 3784 3828 4048
4000 6 2 8 2 3784 3828 4048 3785 3829 4049
4001 6 2 8 2 3785 3829 4049 3786 3830 4050
4002 6 2 8 2 3786 3830 4050 3787 3831 4051
4003 6 2 8 2 3787 3831 4051 3788 3832 4052
4004 6 2 8 2 3788 3832 4052 3789 3833 4053
4005 6 2 8 2 3789 3833 4053 3790 3834 4054
4006 6 2 8 2 3790 3834 4054 3791 3835 4055
4007 6 2 8 2 3791 3835 4055 3792 3836 4056
4008 6 2 8 2 3792 3836 4056 1429 1433 1453
4009 6 2 8 2 620 615 666 4024 3969 4530
4010 6 2 8 2 4024 3969 4530 4025 3970 4531
4011 6 2 8 2 4025 3970 4531 4026 3971 4532
4012 6 2 8 2 4026 3971 4532 4027 3972 4533
4013 6 2 8 2 4027 3972 4533 4028 3973 4534
4014 6 2 8 2 4028 3973 4534 4029 3974 4535
4015 6 2 8 2 4029 3974 4535 4030 3975 4536
4016 6 2 8 2 4030 3975 4536 4031 3976 4537
4017 6 2 8 2 4031 3976 4537 4032 3977 4538
4018 6 2 8 2 4032 3977 4538 4033 3978 4539
4019 6 2 8 2 4033 3978 4539 4034 3979 4540
4020 6 2 8 2 4034 3979 4540 1451 1446 1497
4021 6 2 8 2 569 601 644 3463 3815 4288
4022 6 2 8 2 3463 3815 4288 3464 3816 4289
4023 6 2 8 2 3464 3816 4289 3465 3817 4290
4024 6 2 8 2 3465 3817 4290 3466 3818 4291
4025 6 2 8 2 3466 3818 4291 3467 3819 4292
4026 6 2 8 2 3467 3819 4292 3468 3820 4293
4027 6 2 8 2 3468 3820 4293 3469 3821 4294
4028 6 2 8 2 3469 3821 4294 3470 3822 4295
4029 6 2 8 2 3470 3822 4295 3471 3823 4296
4030 6 2 8 2 3471 3823 4296 3472 3824 4297
4031 6 2 8 2 3472 3824 4297 3473 3825 4298
4032 6 2 8 2 3473 3825 4298 1400 1432 1475
4033 6 2 8 2 606 571 626 3870 3485 4090
4034 6 2 8 2 3870 3485 4090 3871 3486 4091
4035 6 2 8 2 3871 3486 4091 3872 3487 4092
4036 6 2 8 2 3872 3487 4092 3873 3488 4093
4037 6 2 8 2 3873 3488 4093 3874 3489 4094
4038 6 2 8 2 3874 3489 4094 3875 3490 4095
4039 6 2 8 2 3875 3490 4095 3876 3491 4096
4040 6 2 8 2 3876 3491 4096 3877 3492 4097
4041 6 2 8 2 3877 3492 4097 3878 3493 4098
4042 6 2 8 2 3878 3493 4098 3879 3494 4099
4043 6 2 8 2 3879 3494 4099 3880 3495 4100
4044 6 2 8 2 3880 3495 4100 1437 1402 1457
4045 6 2 8 2 617 579 619 3991 3573 4013
4046 6 2 8 2 3991 3573 4013 3992 3574 4014
4047 6 2 8 2 3992 3574 4014 3993 3575 4015
4048 6 2 8 2 3993 3575 4015 3994 3576 4016
4049 6 2 8 2 3994 3576 4016 3995 3577 4017
4050 6 2 8 2 3995 3577 4017 3996 3578 4018
4051 6 2 8 2 3996 3578 4018 3997 3579 4019
4052 6 2 8 2 3997 3579 4019 3998 3580 4020
4053 6 2 8 2 3998 3580 4020 3999 3581 4021
4054 6 2 8 2 3999 3581 4021 4000 3582 4022
4055 6 2 8 2 4000 3582 4022 4001 3583 4023
4056 6 2 8 2 4001 3583 4023 1448 1410 1450
4057 6 2 8 2 608 565 609 3892 3419 3903
4058 6 2 8 2 3892 3419 3903 3893 3420 3904
4059 6 2 8 2 3893 3420 3904 3894 3421 3905
4060 6 2 8 2 3894 3421 3905 3895 3422 3906
4061 6 2 8 2 3895 3422 3906 3896 3423 3907
4062 6 2 8 2 3896 3423 3907 3897 3424 3908
4063 6 2 8 2 3897 3424 3908 3898 3425 3909
4064 6 2 8 2 3898 3425 3909 3899 3426 3910
4065 6 2 8 2 3899 3426 3910 3900 3427 3911
4066 6 2 8 2 3900 3427 3911 3901 3428 3912
4067 6 2 8 2 3901 3428 3912 3902 3429 3913
4068 6 2 8 2 3902 3429 3913 1439 1396 1440
4069 6 2 8 2 71 604 641 1252 3848 4255
4070 6 2 8 2 1252 3848 4255 1253 3849 4256
4071 6 2 8 2 1253 3849 4256 1254 3850 4257
4072 6 2 8 2 1254 3850 4257 1255 3851 4258
4073 6 2 8 2 1255 3851 4258 1256 3852 4259
4074 6 2 8 2 1256 3852 4259 1257 3853 4260
4075 6 2 8 2 1257 3853 4260 1258 3854 4261
4076 6 2 8 2 1258 3854 4261 1259 3855 4262
4077 6 2 8 2 1259 3855 4262 1260 3856 4263
4078 6 2 8 2 1260 3856 4263 1261 3857 4264
4079 6 2 8 2 1261 3857 4264 1262 3858 4265
4080 6 2 8 2 1262 3858 4265 225 1435 1472
4081 6 2 8 2 614 615 620 3958 3969 4024
4082 6 2 8 2 3958 3969 4024 3959 3970 4025
4083 6 2 8 2 3959 3970 4025 3960 3971 4026
4084 6 2 8 2 3960 3971 4026 3961 3972 4027
4085 6 2 8 2 3961 3972 4027 3962 3973 4028
4086 6 2 8 2 3962 3973 4028 3963 3974 4029
4087 6 2 8 2 3963 3974 4029 3964 3975 4030
4088 6 2 8 2 3964 3975 4030 3965 3976 4031
4089 6 2 8 2 3965 3976 4031 3966 3977 4032
4090 6 2 8 2 3966 3977 4032 3967 3978 4033
4091 6 2 8 2 3967 3978 4033 3968 3979 4034
4092 6 2 8 2 3968 3979 4034 1445 1446 1451
4093 6 2 8 2 624 578 645 4068 3562 4299
4094 6 2 8 2 4068 3562 4299 4069 3563 4300
4095 6 2 8 2 4069 3563 4300 4070 3564 4301
4096 6 2 8 2 4070 3564 4301 4071 3565 4302
4097 6 2 8 2 4071 3565 4302 4072 3566 4303
4098 6 2 8 2 4072 3566 4303 4073 3567 4304
4099 6 2 8 2 4073 3567 4304 4074 3568 4305
4100 6 2 8 2 4074 3568 4305 4075 3569 4306
4101 6 2 8 2 4075 3569 4306 4076 3570 4307
4102 6 2 8 2 4076 3570 4307 4077 3571 4308
4103 6 2 8 2 4077 3571 4308 4078 3572 4309
4104 6 2 8 2 4078 3572 4309 1455 1409 1476
4105 6 2 8 2 74 579 630 1285 3573 4134
4106 6 2 8 2 1285 3573 4134 1286 3574 4135
4107 6 2 8 2 1286 3574 4135 1287 3575 4136
4108 6 2 8 2 1287 3575 4136 1288 3576 4137
4109 6 2 8 2 1288 3576 4137 1289 3577 4138
4110 6 2 8 2 1289 3577 4138 1290 3578 4139
4111 6 2 8 2 1290 3578 4139 1291 3579 4140
4112 6 2 8 2 1291 3579 4140 1292 3580 4141
4113 6 2 8 2 1292 3580 4141 1293 3581 4142
4114 6 2 8 2 1293 3581 4142 1294 3582 4143
4115 6 2 8 2 1294 3582 4143 1295 3583 4144
4116 6 2 8 2 1295 3583 4144 228 1410 1461
4117 6 2 8 2 581 606 626 3595 3870 4090
4118 6 2 8 2 3595 3870 4090 3596 3871 4091
4119 6 2 8 2 3596 3871 4091 3597 3872 4092
4120 6 2 8 2 3597 3872 4092 3598 3873 4093
4121 6 2 8 2 3598 3873 4093 3599 3874 4094
4122 6 2 8 2 3599 3874 4094 3600 3875 4095
4123 6 2 8 2 3600 3875 4095 3601 3876 4096
4124 6 2 8 2 3601 3876 4096 3602 3877 4097
4125 6 2 8 2 3602 3877 4097 3603 3878 4098
4126 6 2 8 2 3603 3878 4098 3604 3879 4099
4127 6 2 8 2 3604 3879 4099 3605 3880 4100
4128 6 2 8 2 3605 3880 4100 1412 1437 1457
4129 6 2 8 2 579 617 629 3573 3991 4123
4130 6 2 8 2 3573 3991 4123 3574 3992 4124
4131 6 2 8 2 3574 3992 4124 3575 3993 4125
4132 6 2 8 2 3575 3993 4125 3576 3994 4126
4133 6 2 8 2 3576 3994 4126 3577 3995 4127
4134 6 2 8 2 3577 3995 4127 3578 3996 4128
4135 6 2 8 2 3578 3996 4128 3579 3997 4129
4136 6 2 8 2 3579 3997 4129 3580 3998 4130
4137 6 2 8 2 3580 3998 4130 3581 3999 4131
4138 6 2 8 2 3581 3999 4131 3582 4000 4132
4139 6 2 8 2 3582 4000 4132 3583 4001 4133
4140 6 2 8 2 3583 4001 4133 1410 1448 1460
4141 6 2 8 2 604 71 660 3848 1252 4464
4142 6 2 8 2 3848 1252 4464 3849 1253 4465
4143 6 2 8 2 3849 1253 4465 3850 1254 4466
4144 6 2 8 2 3850 1254 4466 3851 1255 4467
4145 6 2 8 2 3851 1255 4467 3852 1256 4468
4146 6 2 8 2 3852 1256 4468 3853 1257 4469
4147 6 2 8 2 3853 1257 4469 3854 1258 4470
4148 6 2 8 2 3854 1258 4470 3855 1259 4471
4149 6 2 8 2 3855 1259 4471 3856 1260 4472
4150 6 2 8 2 3856 1260 4472 3857 1261 4473
4151 6 2 8 2 3857 1261 4473 3858 1262 4474
4152 6 2 8 2 3858 1262 4474 1435 225 1491
4153 6 2 8 2 602 598 651 3826 3782 4365
4154 6 2 8 2 3826 3782 4365 3827 3783 4366
4155 6 2 8 2 3827 3783 4366 3828 3784 4367
4156 6 2 8 2 3828 3784 4367 3829 3785 4368
4157 6 2 8 2 3829 3785 4368 3830 3786 4369
4158 6 2 8 2 3830 3786 4369 3831 3787 4370
4159 6 2 8 2 3831 3787 4370 3832 3788 4371
4160 6 2 8 2 3832 3788 4371 3833 3789 4372
4161 6 2 8 2 3833 3789 4372 3834 3790 4373
4162 6 2 8 2 3834 3790 4373 3835 3791 4374
4163 6 2 8 2 3835 3791 4374 3836 3792 4375
4164 6 2 8 2 3836 3792 4375 1433 1429 1482
4165 6 2 8 2 569 67 633 3463 1208 4167
4166 6 2 8 2 3463 1208 4167 3464 1209 4168
4167 6 2 8 2 3464 1209 4168 3465 1210 4169
4168 6 2 8 2 3465 1210 4169 3466 1211 4170
4169 6 2 8 2 3466 1211 4170 3467 1212 4171
4170 6 2 8 2 3467 1212 4171 3468 1213 4172
4171 6 2 8 2 3468 1213 4172 3469 1214 4173
4172 6 2 8 2 3469 1214 4173 3470 1215 4174
4173 6 2 8 2 3470 1215 4174 3471 1216 4175
4174 6 2 8 2 3471 1216 4175 3472 1217 4176
4175 6 2 8 2 3472 1217 4176 3473 1218 4177
4176 6 2 8 2 3473 1218 4177 1400 221 1464
4177 6 2 8 2 609 565 648 3903 3419 4332
4178 6 2 8 2 3903 3419 4332 3904 3420 4333
4179 6 2 8 2 3904 3420 4333 3905 3421 4334
4180 6 2 8 2 3905 3421 4334 3906 3422 4335
4181 6 2 8 2 3906 3422 4335 3907 3423 4336
4182 6 2 8 2 3907 3423 4336 3908 3424 4337
4183 6 2 8 2 3908 3424 4337 3909 3425 4338
4184 6 2 8 2 3909 3425 4338 3910 3426 4339
4185 6 2 8 2 3910 3426 4339 3911 3427 4340
4186 6 2 8 2 3911 3427 4340 3912 3428 4341
4187 6 2 8 2 3912 3428 4341 3913 3429 4342
4188 6 2 8 2 3913 3429 4342 1440 1396 1479
4189 6 2 8 2 615 618 666 3969 4002 4530
4190 6 2 8 2 3969 4002 4530 3970 4003 4531
4191 6 2 8 2 3970 4003 4531 3971 4004 4532
4192 6 2 8 2 3971 4004 4532 3972 4005 4533
4193 6 2 8 2 3972 4005 4533 3973 4006 4534
4194 6 2 8 2 3973 4006 4534 3974 4007 4535
4195 6 2 8 2 3974 4007 4535 3975 4008 4536
4196 6 2 8 2 3975 4008 4536 3976 4009 4537
4197 6 2 8 2 3976 4009 4537 3977 4010 4538
4198 6 2 8 2 3977 4010 4538 3978 4011 4539
4199 6 2 8 2 3978 4011 4539 3979 4012 4540
4200 6 2 8 2 3979 4012 4540 1446 1449 1497
4201 6 2 8 2 606 629 638 3870 4123 4222
4202 6 2 8 2 3870 4123 4222 3871 4124 4223
4203 6 2 8 2 3871 4124 4223 3872 4125 4224
4204 6 2 8 2 3872 4125 4224 3873 4126 4225
4205 6 2 8 2 3873 4126 4225 3874 4127 4226
4206 6 2 8 2 3874 4127 4226 3875 4128 4227
4207 6 2 8 2 3875 4128 4227 3876 4129 4228
4208 6 2 8 2 3876 4129 4228 3877 4130 4229
4209 6 2 8 2 3877 4130 4229 3878 4131 4230
4210 6 2 8 2 3878 4131 4230 3879 4132 4231
4211 6 2 8 2 3879 4132 4231 3880 4133 4232
4212 6 2 8 2 3880 4133 4232 1437 1460 1469
4213 6 2 8 2 571 606 638 3485 3870 4222
4214 6 2 8 2 3485 3870 4222 3486 3871 4223
4215 6 2 8 2 3486 3871 4223 3487 3872 4224
4216 6 2 8 2 3487 3872 4224 3488 3873 4225
4217 6 2 8 2 3488 3873 4225 3489 3874 4226
4218 6 2 8 2 3489 3874 4226 3490 3875 4227
4219 6 2 8 2 3490 3875 4227 3491 3876 4228
4220 6 2 8 2 3491 3876 4228 3492 3877 4229
4221 6 2 8 2 3492 3877 4229 3493 3878 4230
4222 6 2 8 2 3493 3878 4230 3494 3879 4231
4223 6 2 8 2 3494 3879 4231 3495 3880 4232
4224 6 2 8 2 3495 3880 4232 1402 1437 1469
4225 6 2 8 2 578 624 663 3562 4068 4497
4226 6 2 8 2 3562 4068 4497 3563 4069 4498
4227 6 2 8 2 3563 4069 4498 3564 4070 4499
4228 6 2 8 2 3564 4070 4499 3565 4071 4500
4229 6 2 8 2 3565 4071 4500 3566 4072 4501
4230 6 2 8 2 3566 4072 4501 3567 4073 4502
4231 6 2 8 2 3567 4073 4502 3568 4074 4503
4232 6 2 8 2 3568 4074 4503 3569 4075 4504
4233 6 2 8 2 3569 4075 4504 3570 4076 4505
4234 6 2 8 2 3570 4076 4505 3571 4077 4506
4235 6 2 8 2 3571 4077 4506 3572 4078 4507
4236 6 2 8 2 3572 4078 4507 1409 1455 1494
4237 6 2 8 2 575 581 626 3529 3595 4090
4238 6 2 8 2 3529 3595 4090 3530 3596 4091
4239 6 2 8 2 3530 3596 4091 3531 3597 4092
4240 6 2 8 2 3531 3597 4092 3532 3598 4093
4241 6 2 8 2 3532 3598 4093 3533 3599 4094
4242 6 2 8 2 3533 3599 4094 3534 3600 4095
4243 6 2 8 2 3534 3600 4095 3535 3601 4096
4244 6 2 8 2 3535 3601 4096 3536 3602 4097
4245 6 2 8 2 3536 3602 4097 3537 3603 4098
4246 6 2 8 2 3537 3603 4098 3538 3604 4099
4247 6 2 8 2 3538 3604 4099 3539 3605 4100
4248 6 2 8 2 3539 3605 4100 1406 1412 1457
4249 6 2 8 2 74 630 665 1285 4134 4519
4250 6 2 8 2 1285 4134 4519 1286 4135 4520
4251 6 2 8 2 1286 4135 4520 1287 4136 4521
4252 6 2 8 2 1287 4136 4521 1288 4137 4522
4253 6 2 8 2 1288 4137 4522 1289 4138 4523
4254 6 2 8 2 1289 4138 4523 1290 4139 4524
4255 6 2 8 2 1290 4139 4524 1291 4140 4525
4256 6 2 8 2 1291 4140 4525 1292 4141 4526
4257 6 2 8 2 1292 4141 4526 1293 4142 4527
4258 6 2 8 2 1293 4142 4527 1294 4143 4528
4259 6 2 8 2 1294 4143 4528 1295 4144 4529
4260 6 2 8 2 1295 4144 4529 228 1461 1496
4261 6 2 8 2 604 607 641 3848 3881 4255
4262 6 2 8 2 3848 3881 4255 3849 3882 4256
4263 6 2 8 2 3849 3882 4256 3850 3883 4257
4264 6 2 8 2 3850 3883 4257 3851 3884 4258
4265 6 2 8 2 3851 3884 4258 3852 3885 4259
4266 6 2 8 2 3852 3885 4259 3853 3886 4260
4267 6 2 8 2 3853 3886 4260 3854 3887 4261
4268 6 2 8 2 3854 3887 4261 3855 3888 4262
4269 6 2 8 2 3855 3888 4262 3856 3889 4263
4270 6 2 8 2 3856 3889 4263 3857 3890 4264
4271 6 2 8 2 3857 3890 4264 3858 3891 4265
4272 6 2 8 2 3858 3891 4265 1435 1438 1472
4273 6 2 8 2 3 575 626 162 3529 4090
4274 6 2 8 2 162 3529 4090 163 3530 4091
4275 6 2 8 2 163 3530 4091 164 3531 4092
4276 6 2 8 2 164 3531 4092 165 3532 4093
4277 6 2 8 2 165 3532 4093 166 3533 4094
4278 6 2 8 2 166 3533 4094 167 3534 4095
4279 6 2 8 2 167 3534 4095 168 3535 4096
4280 6 2 8 2 168 3535 4096 169 3536 4097
4281 6 2 8 2 169 3536 4097 170 3537 4098
4282 6 2 8 2 170 3537 4098 171 3538 4099
4283 6 2 8 2 171 3538 4099 172 3539 4100
4284 6 2 8 2 172 3539 4100 15 1406 1457
4285 6 2 8 2 600 602 651 3804 3826 4365
4286 6 2 8 2 3804 3826 4365 3805 3827 4366
4287 6 2 8 2 3805 3827 4366 3806 3828 4367
4288 6 2 8 2 3806 3828 4367 3807 3829 4368
4289 6 2 8 2 3807 3829 4368 3808 3830 4369
4290 6 2 8 2 3808 3830 4369 3809 3831 4370
4291 6 2 8 2 3809 3831 4370 3810 3832 4371
4292 6 2 8 2 3810 3832 4371 3811 3833 4372
4293 6 2 8 2 3811 3833 4372 3812 3834 4373
4294 6 2 8 2 3812 3834 4373 3813 3835 4374
4295 6 2 8 2 3813 3835 4374 3814 3836 4375
4296 6 2 8 2 3814 3836 4375 1431 1433 1482
4297 6 2 8 2 44 570 614 888 3474 3958
4298 6 2 8 2 888 3474 3958 889 3475 3959
4299 6 2 8 2 889 3475 3959 890 3476 3960
4300 6 2 8 2 890 3476 3960 891 3477 3961
4301 6 2 8 2 891 3477 3961 892 3478 3962
4302 6 2 8 2 892 3478 3962 893 3479 3963
4303 6 2 8 2 893 3479 3963 894 3480 3964
4304 6 2 8 2 894 3480 3964 895 3481 3965
4305 6 2 8 2 895 3481 3965 896 3482 3966
4306 6 2 8 2 896 3482 3966 897 3483 3967
4307 6 2 8 2 897 3483 3967 898 3484 3968
4308 6 2 8 2 898 3484 3968 174 1401 1445
4309 6 2 8 2 607 604 647 3881 3848 4321
4310 6 2 8 2 3881 3848 4321 3882 3849 4322
4311 6 2 8 2 3882 3849 4322 3883 3850 4323
4312 6 2 8 2 3883 3850 4323 3884 3851 4324
4313 6 2 8 2 3884 3851 4324 3885 3852 4325
4314 6 2 8 2 3885 3852 4325 3886 3853 4326
4315 6 2 8 2 3886 3853 4326 3887 3854 4327
4316 6 2 8 2 3887 3854 4327 3888 3855 4328
4317 6 2 8 2 3888 3855 4328 3889 3856 4329
4318 6 2 8 2 3889 3856 4329 3890 3857 4330
4319 6 2 8 2 3890 3857 4330 3891 3858 4331
4320 6 2 8 2 3891 3858 4331 1438 1435 1478
4321 6 2 8 2 76 643 650 1307 4277 4354
4322 6 2 8 2 1307 4277 4354 1308 4278 4355
4323 6 2 8 2 1308 4278 4355 1309 4279 4356
4324 6 2 8 2 1309 4279 4356 1310 4280 4357
4325 6 2 8 2 1310 4280 4357 1311 4281 4358
4326 6 2 8 2 1311 4281 4358 1312 4282 4359
4327 6 2 8 2 1312 4282 4359 1313 4283 4360
4328 6 2 8 2 1313 4283 4360 1314 4284 4361
4329 6 2 8 2 1314 4284 4361 1315 4285 4362
4330 6 2 8 2 1315 4285 4362 1316 4286 4363
4331 6 2 8 2 1316 4286 4363 1317 4287 4364
4332 6 2 8 2 1317 4287 4364 230 1474 1481
4333 6 2 8 2 88 598 622 1329 3782 4046
4334 6 2 8 2 1329 3782 4046 1330 3783 4047
4335 6 2 8 2 1330 3783 4047 1331 3784 4048
4336 6 2 8 2 1331 3784 4048 1332 3785 4049
4337 6 2 8 2 1332 3785 4049 1333 3786 4050
4338 6 2 8 2 1333 3786 4050 1334 3787 4051
4339 6 2 8 2 1334 3787 4051 1335 3788 4052
4340 6 2 8 2 1335 3788 4052 1336 3789 4053
4341 6 2 8 2 1336 3789 4053 1337 3790 4054
4342 6 2 8 2 1337 3790 4054 1338 3791 4055
4343 6 2 8 2 1338 3791 4055 1339 3792 4056
4344 6 2 8 2 1339 3792 4056 232 1429 1453
4345 6 2 8 2 622 602 636 4046 3826 4200
4346 6 2 8 2 4046 3826 4200 4047 3827 4201
4347 6 2 8 2 4047 3827 4201 4048 3828 4202
4348 6 2 8 2 4048 3828 4202 4049 3829 4203
4349 6 2 8 2 4049 3829 4203 4050 3830 4204
4350 6 2 8 2 4050 3830 4204 4051 3831 4205
4351 6 2 8 2 4051 3831 4205 4052 3832 4206
4352 6 2 8 2 4052 3832 4206 4053 3833 4207
4353 6 2 8 2 4053 3833 4207 4054 3834 4208
4354 6 2 8 2 4054 3834 4208 4055 3835 4209
4355 6 2 8 2 4055 3835 4209 4056 3836 4210
4356 6 2 8 2 4056 3836 4210 1453 1433 1467
4357 6 2 8 2 43 44 614 877 888 3958
4358 6 2 8 2 877 888 3958 878 889 3959
4359 6 2 8 2 878 889 3959 879 890 3960
4360 6 2 8 2 879 890 3960 880 891 3961
4361 6 2 8 2 880 891 3961 881 892 3962
4362 6 2 8 2 881 892 3962 882 893 3963
4363 6 2 8 2 882 893 3963 883 894 3964
4364 6 2 8 2 883 894 3964 884 895 3965
4365 6 2 8 2 884 895 3965 885 896 3966
4366 6 2 8 2 885 896 3966 886 897 3967
4367 6 2 8 2 886 897 3967 887 898 3968
4368 6 2 8 2 887 898 3968 173 174 1445
4369 6 2 8 2 634 569 646 4178 3463 4310
4370 6 2 8 2 4178 3463 4310 4179 3464 4311
4371 6 2 8 2 4179 3464 4311 4180 3465 4312
4372 6 2 8 2 4180 3465 4312 4181 3466 4313
4373 6 2 8 2 4181 3466 4313 4182 3467 4314
4374 6 2 8 2 4182 3467 4314 4183 3468 4315
4375 6 2 8 2 4183 3468 4315 4184 3469 4316
4376 6 2 8 2 4184 3469 4316 4185 3470 4317
4377 6 2 8 2 4185 3470 4317 4186 3471 4318
4378 6 2 8 2 4186 3471 4318 4187 3472 4319
4379 6 2 8 2 4187 3472 4319 4188 3473 4320
4380 6 2 8 2 4188 3473 4320 1465 1400 1477
4381 6 2 8 2 54 55 611 998 1009 3925
4382 6 2 8 2 998 1009 3925 999 1010 3926
4383 6 2 8 2 999 1010 3926 1000 1011 3927
4384 6 2 8 2 1000 1011 3927 1001 1012 3928
4385 6 2 8 2 1001 1012 3928 1002 1013 3929
4386 6 2 8 2 1002 1013 3929 1003 1014 3930
4387 6 2 8 2 1003 1014 3930 1004 1015 3931
4388 6 2 8 2 1004 1015 3931 1005 1016 3932
4389 6 2 8 2 1005 1016 3932 1006 1017 3933
4390 6 2 8 2 1006 1017 3933 1007 1018 3934
4391 6 2 8 2 1007 1018 3934 1008 1019 3935
4392 6 2 8 2 1008 1019 3935 184 185 1442
4393 6 2 8 2 600 651 664 3804 4365 4508
4394 6 2 8 2 3804 4365 4508 3805 4366 4509
4395 6 2 8 2 3805 4366 4509 3806 4367 4510
4396 6 2 8 2 3806 4367 4510 3807 4368 4511
4397 6 2 8 2 3807 4368 4511 3808 4369 4512
4398 6 2 8 2 3808 4369 4512 3809 4370 4513
4399 6 2 8 2 3809 4370 4513 3810 4371 4514
4400 6 2 8 2 3810 4371 4514 3811 4372 4515
4401 6 2 8 2 3811 4372 4515 3812 4373 4516
4402 6 2 8 2 3812 4373 4516 3813 4374 4517
4403 6 2 8 2 3813 4374 4517 3814 4375 4518
4404 6 2 8 2 3814 4375 4518 1431 1482 1495
4405 6 2 8 2 564 54 611 3408 998 3925
4406 6 2 8 2 3408 998 3925 3409 999 3926
4407 6 2 8 2 3409 999 3926 3410 1000 3927
4408 6 2 8 2 3410 1000 3927 3411 1001 3928
4409 6 2 8 2 3411 1001 3928 3412 1002 3929
4410 6 2 8 2 3412 1002 3929 3413 1003 3930
4411 6 2 8 2 3413 1003 3930 3414 1004 3931
4412 6 2 8 2 3414 1004 3931 3415 1005 3932
4413 6 2 8 2 3415 1005 3932 3416 1006 3933
4414 6 2 8 2 3416 1006 3933 3417 1007 3934
4415 6 2 8 2 3417 1007 3934 3418 1008 3935
4416 6 2 8 2 3418 1008 3935 1395 184 1442
4417 6 2 8 2 629 606 630 4123 3870 4134
4418 6 2 8 2 4123 3870 4134 4124 3871 4135
4419 6 2 8 2 4124 3871 4135 4125 3872 4136
4420 6 2 8 2 4125 3872 4136 4126 3873 4137
4421 6 2 8 2 4126 3873 4137 4127 3874 4138
4422 6 2 8 2 4127 3874 4138 4128 3875 4139
4423 6 2 8 2 4128 3875 4139 4129 3876 4140
4424 6 2 8 2 4129 3876 4140 4130 3877 4141
4425 6 2 8 2 4130 3877 4141 4131 3878 4142
4426 6 2 8 2 4131 3878 4142 4132 3879 4143
4427 6 2 8 2 4132 3879 4143 4133 3880 4144
4428 6 2 8 2 4133 3880 4144 1460 1437 1461
4429 6 2 8 2 564 611 653 3408 3925 4387
4430 6 2 8 2 3408 3925 4387 3409 3926 4388
4431 6 2 8 2 3409 3926 4388 3410 3927 4389
4432 6 2 8 2 3410 3927 4389 3411 3928 4390
4433 6 2 8 2 3411 3928 4390 3412 3929 4391
4434 6 2 8 2 3412 3929 4391 3413 3930 4392
4435 6 2 8 2 3413 3930 4392 3414 3931 4393
4436 6 2 8 2 3414 3931 4393 3415 3932 4394
4437 6 2 8 2 3415 3932 4394 3416 3933 4395
4438 6 2 8 2 3416 3933 4395 3417 3934 4396
4439 6 2 8 2 3417 3934 4396 3418 3935 4397
4440 6 2 8 2 3418 3935 4397 1395 1442 1484
4441 6 2 8 2 599 43 668 3793 877 4552
4442 6 2 8 2 3793 877 4552 3794 878 4553
4443 6 2 8 2 3794 878 4553 3795 879 4554
4444 6 2 8 2 3795 879 4554 3796 880 4555
4445 6 2 8 2 3796 880 4555 3797 881 4556
4446 6 2 8 2 3797 881 4556 3798 882 4557
4447 6 2 8 2 3798 882 4557 3799 883 4558
4448 6 2 8 2 3799 883 4558 3800 884 4559
4449 6 2 8 2 3800 884 4559 3801 885 4560
4450 6 2 8 2 3801 885 4560 3802 886 4561
4451 6 2 8 2 3802 886 4561 3803 887 4562
4452 6 2 8 2 3803 887 4562 1430 173 1499
4453 6 2 8 2 592 589 610 3716 3683 3914
4454 6 2 8 2 3716 3683 3914 3717 3684 3915
4455 6 2 8 2 3717 3684 3915 3718 3685 3916
4456 6 2 8 2 3718 3685 3916 3719 3686 3917
4457 6 2 8 2 3719 3686 3917 3720 3687 3918
4458 6 2 8 2 3720 3687 3918 3721 3688 3919
4459 6 2 8 2 3721 3688 3919 3722 3689 3920
4460 6 2 8 2 3722 3689 3920 3723 3690 3921
4461 6 2 8 2 3723 3690 3921 3724 3691 3922
4462 6 2 8 2 3724 3691 3922 3725 3692 3923
4463 6 2 8 2 3725 3692 3923 3726 3693 3924
4464 6 2 8 2 3726 3693 3924 1423 1420 1441
4465 6 2 8 2 55 597 611 1009 3771 3925
4466 6 2 8 2 1009 3771 3925 1010 3772 3926
4467 6 2 8 2 1010 3772 3926 1011 3773 3927
4468 6 2 8 2 1011 3773 3927 1012 3774 3928
4469 6 2 8 2 1012 3774 3928 1013 3775 3929
4470 6 2 8 2 1013 3775 3929 1014 3776 3930
4471 6 2 8 2 1014 3776 3930 1015 3777 3931
4472 6 2 8 2 1015 3777 3931 1016 3778 3932
4473 6 2 8 2 1016 3778 3932 1017 3779 3933
4474 6 2 8 2 1017 3779 3933 1018 3780 3934
4475 6 2 8 2 1018 3780 3934 1019 3781 3935
4476 6 2 8 2 1019 3781 3935 185 1428 1442
4477 6 2 8 2 592 610 621 3716 3914 4035
4478 6 2 8 2 3716 3914 4035 3717 3915 4036
4479 6 2 8 2 3717 3915 4036 3718 3916 4037
4480 6 2 8 2 3718 3916 4037 3719 3917 4038
4481 6 2 8 2 3719 3917 4038 3720 3918 4039
4482 6 2 8 2 3720 3918 4039 3721 3919 4040
4483 6 2 8 2 3721 3919 4040 3722 3920 4041
4484 6 2 8 2 3722 3920 4041 3723 3921 4042
4485 6 2 8 2 3723 3921 4042 3724 3922 4043
4486 6 2 8 2 3724 3922 4043 3725 3923 4044
4487 6 2 8 2 3725 3923 4044 3726 3924 4045
4488 6 2 8 2 3726 3924 4045 1423 1441 1452
4489 6 2 8 2 55 56 597 1009 1020 3771
4490 6 2 8 2 1009 1020 3771 1010 1021 3772
4491 6 2 8 2 1010 1021 3772 1011 1022 3773
4492 6 2 8 2 1011 1022 3773 1012 1023 3774
4493 6 2 8 2 1012 1023 3774 1013 1024 3775
4494 6 2 8 2 1013 1024 3775 1014 1025 3776
4495 6 2 8 2 1014 1025 3776 1015 1026 3777
4496 6 2 8 2 1015 1026 3777 1016 1027 3778
4497 6 2 8 2 1016 1027 3778 1017 1028 3779
4498 6 2 8 2 1017 1028 3779 1018 1029 3780
4499 6 2 8 2 1018 1029 3780 1019 1030 3781
4500 6 2 8 2 1019 1030 3781 185 186 1428
4501 6 2 8 2 67 68 633 1208 1219 4167
4502 6 2 8 2 1208 1219 4167 1209 1220 4168
4503 6 2 8 2 1209 1220 4168 1210 1221 4169
4504 6 2 8 2 1210 1221 4169 1211 1222 4170
4505 6 2 8 2 1211 1222 4170 1212 1223 4171
4506 6 2 8 2 1212 1223 4171 1213 1224 4172
4507 6 2 8 2 1213 1224 4172 1214 1225 4173
4508 6 2 8 2 1214 1225 4173 1215 1226 4174
4509 6 2 8 2 1215 1226 4174 1216 1227 4175
4510 6 2 8 2 1216 1227 4175 1217 1228 4176
4511 6 2 8 2 1217 1228 4176 1218 1229 4177
4512 6 2 8 2 1218 1229 4177 221 222 1464
4513 6 2 8 2 614 570 615 3958 3474 3969
4514 6 2 8 2 3958 3474 3969 3959 3475 3970
4515 6 2 8 2 3959 3475 3970 3960 3476 3971
4516 6 2 8 2 3960 3476 3971 3961 3477 3972
4517 6 2 8 2 3961 3477 3972 3962 3478 3973
4518 6 2 8 2 3962 3478 3973 3963 3479 3974
4519 6 2 8 2 3963 3479 3974 3964 3480 3975
4520 6 2 8 2 3964 3480 3975 3965 3481 3976
4521 6 2 8 2 3965 3481 3976 3966 3482 3977
4522 6 2 8 2 3966 3482 3977 3967 3483 3978
4523 6 2 8 2 3967 3483 3978 3968 3484 3979
4524 6 2 8 2 3968 3484 3979 1445 1401 1446
4525 6 2 8 2 621 564 653 4035 3408 4387
4526 6 2 8 2 4035 3408 4387 4036 3409 4388
4527 6 2 8 2 4036 3409 4388 4037 3410 4389
4528 6 2 8 2 4037 3410 4389 4038 3411 4390
4529 6 2 8 2 4038 3411 4390 4039 3412 4391
4530 6 2 8 2 4039 3412 4391 4040 3413 4392
4531 6 2 8 2 4040 3413 4392 4041 3414 4393
4532 6 2 8 2 4041 3414 4393 4042 3415 4394
4533 6 2 8 2 4042 3415 4394 4043 3416 4395
4534 6 2 8 2 4043 3416 4395 4044 3417 4396
4535 6 2 8 2 4044 3417 4396 4045 3418 4397
4536 6 2 8 2 4045 3418 4397 1452 1395 1484
4537 6 2 8 2 74 75 579 1285 1296 3573
4538 6 2 8 2 1285 1296 3573 1286 1297 3574
4539 6 2 8 2 1286 1297 3574 1287 1298 3575
4540 6 2 8 2 1287 1298 3575 1288 1299 3576
4541 6 2 8 2 1288 1299 3576 1289 1300 3577
4542 6 2 8 2 1289 1300 3577 1290 1301 3578
4543 6 2 8 2 1290 1301 3578 1291 1302 3579
4544 6 2 8 2 1291 1302 3579 1292 1303 3580
4545 6 2 8 2 1292 1303 3580 1293 1304 3581
4546 6 2 8 2 1293 1304 3581 1294 1305 3582
4547 6 2 8 2 1294 1305 3582 1295 1306 3583
4548 6 2 8 2 1295 1306 3583 228 229 1410
4549 6 2 8 2 594 592 621 3738 3716 4035
4550 6 2 8 2 3738 3716 4035 3739 3717 4036
4551 6 2 8 2 3739 3717 4036 3740 3718 4037
4552 6 2 8 2 3740 3718 4037 3741 3719 4038
4553 6 2 8 2 3741 3719 4038 3742 3720 4039
4554 6 2 8 2 3742 3720 4039 3743 3721 4040
4555 6 2 8 2 3743 3721 4040 3744 3722 4041
4556 6 2 8 2 3744 3722 4041 3745 3723 4042
4557 6 2 8 2 3745 3723 4042 3746 3724 4043
4558 6 2 8 2 3746 3724 4043 3747 3725 4044
4559 6 2 8 2 3747 3725 4044 3748 3726 4045
4560 6 2 8 2 3748 3726 4045 1425 1423 1452
4561 6 2 8 2 69 70 572 1230 1241 3496
4562 6 2 8 2 1230 1241 3496 1231 1242 3497
4563 6 2 8 2 1231 1242 3497 1232 1243 3498
4564 6 2 8 2 1232 1243 3498 1233 1244 3499
4565 6 2 8 2 1233 1244 3499 1234 1245 3500
4566 6 2 8 2 1234 1245 3500 1235 1246 3501
4567 6 2 8 2 1235 1246 3501 1236 1247 3502
4568 6 2 8 2 1236 1247 3502 1237 1248 3503
4569 6 2 8 2 1237 1248 3503 1238 1249 3504
4570 6 2 8 2 1238 1249 3504 1239 1250 3505
4571 6 2 8 2 1239 1250 3505 1240 1251 3506
4572 6 2 8 2 1240 1251 3506 223 224 1403
4573 6 2 8 2 45 46 625 899 910 4079
4574 6 2 8 2 899 910 4079 900 911 4080
4575 6 2 8 2 900 911 4080 901 912 4081
4576 6 2 8 2 901 912 4081 902 913 4082
4577 6 2 8 2 902 913 4082 903 914 4083
4578 6 2 8 2 903 914 4083 904 915 4084
4579 6 2 8 2 904 915 4084 905 916 4085
4580 6 2 8 2 905 916 4085 906 917 4086
4581 6 2 8 2 906 917 4086 907 918 4087
4582 6 2 8 2 907 918 4087 908 919 4088
4583 6 2 8 2 908 919 4088 909 920 4089
4584 6 2 8 2 909 920 4089 175 176 1456
4585 6 2 8 2 619 579 652 4013 3573 4376
4586 6 2 8 2 4013 3573 4376 4014 3574 4377
4587 6 2 8 2 4014 3574 4377 4015 3575 4378
4588 6 2 8 2 4015 3575 4378 4016 3576 4379
4589 6 2 8 2 4016 3576 4379 4017 3577 4380
4590 6 2 8 2 4017 3577 4380 4018 3578 4381
4591 6 2 8 2 4018 3578 4381 4019 3579 4382
4592 6 2 8 2 4019 3579 4382 4020 3580 4383
4593 6 2 8 2 4020 3580 4383 4021 3581 4384
4594 6 2 8 2 4021 3581 4384 4022 3582 4385
4595 6 2 8 2 4022 3582 4385 4023 3583 4386
4596 6 2 8 2 4023 3583 4386 1450 1410 1483
4597 6 2 8 2 88 87 598 1329 1318 3782
4598 6 2 8 2 1329 1318 3782 1330 1319 3783
4599 6 2 8 2 1330 1319 3783 1331 1320 3784
4600 6 2 8 2 1331 1320 3784 1332 1321 3785
4601 6 2 8 2 1332 1321 3785 1333 1322 3786
4602 6 2 8 2 1333 1322 3786 1334 1323 3787
4603 6 2 8 2 1334 1323 3787 1335 1324 3788
4604 6 2 8 2 1335 1324 3788 1336 1325 3789
4605 6 2 8 2 1336 1325 3789 1337 1326 3790
4606 6 2 8 2 1337 1326 3790 1338 1327 3791
4607 6 2 8 2 1338 1327 3791 1339 1328 3792
4608 6 2 8 2 1339 1328 3792 232 231 1429
4609 6 2 8 2 609 613 662 3903 3947 4486
4610 6 2 8 2 3903 3947 4486 3904 3948 4487
4611 6 2 8 2 3904 3948 4487 3905 3949 4488
4612 6 2 8 2 3905 3949 4488 3906 3950 4489
4613 6 2 8 2 3906 3950 4489 3907 3951 4490
4614 6 2 8 2 3907 3951 4490 3908 3952 4491
4615 6 2 8 2 3908 3952 4491 3909 3953 4492
4616 6 2 8 2 3909 3953 4492 3910 3954 4493
4617 6 2 8 2 3910 3954 4493 3911 3955 4494
4618 6 2 8 2 3911 3955 4494 3912 3956 4495
4619 6 2 8 2 3912 3956 4495 3913 3957 4496
4620 6 2 8 2 3913 3957 4496 1440 1444 1493
4621 6 2 8 2 657 637 666 4431 4211 4530
4622 6 2 8 2 4431 4211 4530 4432 4212 4531
4623 6 2 8 2 4432 4212 4531 4433 4213 4532
4624 6 2 8 2 4433 4213 4532 4434 4214 4533
4625 6 2 8 2 4434 4214 4533 4435 4215 4534
4626 6 2 8 2 4435 4215 4534 4436 4216 4535
4627 6 2 8 2 4436 4216 4535 4437 4217 4536
4628 6 2 8 2 4437 4217 4536 4438 4218 4537
4629 6 2 8 2 4438 4218 4537 4439 4219 4538
4630 6 2 8 2 4439 4219 4538 4440 4220 4539
4631 6 2 8 2 4440 4220 4539 4441 4221 4540
4632 6 2 8 2 4441 4221 4540 1488 1468 1497
4633 6 2 8 2 607 572 641 3881 3496 4255
4634 6 2 8 2 3881 3496 4255 3882 3497 4256
4635 6 2 8 2 3882 3497 4256 3883 3498 4257
4636 6 2 8 2 3883 3498 4257 3884 3499 4258
4637 6 2 8 2 3884 3499 4258 3885 3500 4259
4638 6 2 8 2 3885 3500 4259 3886 3501 4260
4639 6 2 8 2 3886 3501 4260 3887 3502 4261
4640 6 2 8 2 3887 3502 4261 3888 3503 4262
4641 6 2 8 2 3888 3503 4262 3889 3504 4263
4642 6 2 8 2 3889 3504 4263 3890 3505 4264
4643 6 2 8 2 3890 3505 4264 3891 3506 4265
4644 6 2 8 2 3891 3506 4265 1438 1403 1472
4645 6 2 8 2 44 45 570 888 899 3474
4646 6 2 8 2 888 899 3474 889 900 3475
4647 6 2 8 2 889 900 3475 890 901 3476
4648 6 2 8 2 890 901 3476 891 902 3477
4649 6 2 8 2 891 902 3477 892 903 3478
4650 6 2 8 2 892 903 3478 893 904 3479
4651 6 2 8 2 893 904 3479 894 905 3480
4652 6 2 8 2 894 905 3480 895 906 3481
4653 6 2 8 2 895 906 3481 896 907 3482
4654 6 2 8 2 896 907 3482 897 908 3483
4655 6 2 8 2 897 908 3483 898 909 3484
4656 6 2 8 2 898 909 3484 174 175 1401
4657 6 2 8 2 611 597 612 3925 3771 3936
4658 6 2 8 2 3925 3771 3936 3926 3772 3937
4659 6 2 8 2 3926 3772 3937 3927 3773 3938
4660 6 2 8 2 3927 3773 3938 3928 3774 3939
4661 6 2 8 2 3928 3774 3939 3929 3775 3940
4662 6 2 8 2 3929 3775 3940 3930 3776 3941
4663 6 2 8 2 3930 3776 3941 3931 3777 3942
4664 6 2 8 2 3931 3777 3942 3932 3778 3943
4665 6 2 8 2 3932 3778 3943 3933 3779 3944
4666 6 2 8 2 3933 3779 3944 3934 3780 3945
4667 6 2 8 2 3934 3780 3945 3935 3781 3946
4668 6 2 8 2 3935 3781 3946 1442 1428 1443
4669 6 2 8 2 569 633 646 3463 4167 4310
4670 6 2 8 2 3463 4167 4310 3464 4168 4311
4671 6 2 8 2 3464 4168 4311 3465 4169 4312
4672 6 2 8 2 3465 4169 4312 3466 4170 4313
4673 6 2 8 2 3466 4170 4313 3467 4171 4314
4674 6 2 8 2 3467 4171 4314 3468 4172 4315
4675 6 2 8 2 3468 4172 4315 3469 4173 4316
4676 6 2 8 2 3469 4173 4316 3470 4174 4317
4677 6 2 8 2 3470 4174 4317 3471 4175 4318
4678 6 2 8 2 3471 4175 4318 3472 4176 4319
4679 6 2 8 2 3472 4176 4319 3473 4177 4320
4680 6 2 8 2 3473 4177 4320 1400 1464 1477
4681 6 2 8 2 601 640 644 3815 4244 4288
4682 6 2 8 2 3815 4244 4288 3816 4245 4289
4683 6 2 8 2 3816 4245 4289 3817 4246 4290
4684 6 2 8 2 3817 4246 4290 3818 4247 4291
4685 6 2 8 2 3818 4247 4291 3819 4248 4292
4686 6 2 8 2 3819 4248 4292 3820 4249 4293
4687 6 2 8 2 3820 4249 4293 3821 4250 4294
4688 6 2 8 2 3821 4250 4294 3822 4251 4295
4689 6 2 8 2 3822 4251 4295 3823 4252 4296
4690 6 2 8 2 3823 4252 4296 3824 4253 4297
4691 6 2 8 2 3824 4253 4297 3825 4254 4298
4692 6 2 8 2 3825 4254 4298 1432 1471 1475
4693 6 2 8 2 640 601 664 4244 3815 4508
4694 6 2 8 2 4244 3815 4508 4245 3816 4509
4695 6 2 8 2 4245 3816 4509 4246 3817 4510
4696 6 2 8 2 4246 3817 4510 4247 3818 4511
4697 6 2 8 2 4247 3818 4511 4248 3819 4512
4698 6 2 8 2 4248 3819 4512 4249 3820 4513
4699 6 2 8 2 4249 3820 4513 4250 3821 4514
4700 6 2 8 2 4250 3821 4514 4251 3822 4515
4701 6 2 8 2 4251 3822 4515 4252 3823 4516
4702 6 2 8 2 4252 3823 4516 4253 3824 4517
4703 6 2 8 2 4253 3824 4517 4254 3825 4518
4704 6 2 8 2 4254 3825 4518 1471 1432 1495
4705 6 2 8 2 46 571 625 910 3485 4079
4706 6 2 8 2 910 3485 4079 911 3486 4080
4707 6 2 8 2 911 3486 4080 912 3487 4081
4708 6 2 8 2 912 3487 4081 913 3488 4082
4709 6 2 8 2 913 3488 4082 914 3489 4083
4710 6 2 8 2 914 3489 4083 915 3490 4084
4711 6 2 8 2 915 3490 4084 916 3491 4085
4712 6 2 8 2 916 3491 4085 917 3492 4086
4713 6 2 8 2 917 3492 4086 918 3493 4087
4714 6 2 8 2 918 3493 4087 919 3494 4088
4715 6 2 8 2 919 3494 4088 920 3495 4089
4716 6 2 8 2 920 3495 4089 176 1402 1456
4717 6 2 8 2 90 89 566 1351 1340 3430
4718 6 2 8 2 1351 1340 3430 1352 1341 3431
4719 6 2 8 2 1352 1341 3431 1353 1342 3432
4720 6 2 8 2 1353 1342 3432 1354 1343 3433
4721 6 2 8 2 1354 1343 3433 1355 1344 3434
4722 6 2 8 2 1355 1344 3434 1356 1345 3435
4723 6 2 8 2 1356 1345 3435 1357 1346 3436
4724 6 2 8 2 1357 1346 3436 1358 1347 3437
4725 6 2 8 2 1358 1347 3437 1359 1348 3438
4726 6 2 8 2 1359 1348 3438 1360 1349 3439
4727 6 2 8 2 1360 1349 3439 1361 1350 3440
4728 6 2 8 2 1361 1350 3440 234 233 1397
4729 6 2 8 2 566 622 636 3430 4046 4200
4730 6 2 8 2 3430 4046 4200 3431 4047 4201
4731 6 2 8 2 3431 4047 4201 3432 4048 4202
4732 6 2 8 2 3432 4048 4202 3433 4049 4203
4733 6 2 8 2 3433 4049 4203 3434 4050 4204
4734 6 2 8 2 3434 4050 4204 3435 4051 4205
4735 6 2 8 2 3435 4051 4205 3436 4052 4206
4736 6 2 8 2 3436 4052 4206 3437 4053 4207
4737 6 2 8 2 3437 4053 4207 3438 4054 4208
4738 6 2 8 2 3438 4054 4208 3439 4055 4209
4739 6 2 8 2 3439 4055 4209 3440 4056 4210
4740 6 2 8 2 3440 4056 4210 1397 1453 1467
4741 6 2 8 2 635 612 656 4189 3936 4420
4742 6 2 8 2 4189 3936 4420 4190 3937 4421
4743 6 2 8 2 4190 3937 4421 4191 3938 4422
4744 6 2 8 2 4191 3938 4422 4192 3939 4423
4745 6 2 8 2 4192 3939 4423 4193 3940 4424
4746 6 2 8 2 4193 3940 4424 4194 3941 4425
4747 6 2 8 2 4194 3941 4425 4195 3942 4426
4748 6 2 8 2 4195 3942 4426 4196 3943 4427
4749 6 2 8 2 4196 3943 4427 4197 3944 4428
4750 6 2 8 2 4197 3944 4428 4198 3945 4429
4751 6 2 8 2 4198 3945 4429 4199 3946 4430
4752 6 2 8 2 4199 3946 4430 1466 1443 1487
4753 6 2 8 2 66 67 569 1197 1208 3463
4754 6 2 8 2 1197 1208 3463 1198 1209 3464
4755 6 2 8 2 1198 1209 3464 1199 1210 3465
4756 6 2 8 2 1199 1210 3465 1200 1211 3466
4757 6 2 8 2 1200 1211 3466 1201 1212 3467
4758 6 2 8 2 1201 1212 3467 1202 1213 3468
4759 6 2 8 2 1202 1213 3468 1203 1214 3469
4760 6 2 8 2 1203 1214 3469 1204 1215 3470
4761 6 2 8 2 1204 1215 3470 1205 1216 3471
4762 6 2 8 2 1205 1216 3471 1206 1217 3472
4763 6 2 8 2 1206 1217 3472 1207 1218 3473
4764 6 2 8 2 1207 1218 3473 220 221 1400
4765 6 2 8 2 588 608 609 3672 3892 3903
4766 6 2 8 2 3672 3892 3903 3673 3893 3904
4767 6 2 8 2 3673 3893 3904 3674 3894 3905
4768 6 2 8 2 3674 3894 3905 3675 3895 3906
4769 6 2 8 2 3675 3895 3906 3676 3896 3907
4770 6 2 8 2 3676 3896 3907 3677 3897 3908
4771 6 2 8 2 3677 3897 3908 3678 3898 3909
4772 6 2 8 2 3678 3898 3909 3679 3899 3910
4773 6 2 8 2 3679 3899 3910 3680 3900 3911
4774 6 2 8 2 3680 3900 3911 3681 3901 3912
4775 6 2 8 2 3681 3901 3912 3682 3902 3913
4776 6 2 8 2 3682 3902 3913 1419 1439 1440
4777 6 2 8 2 612 594 653 3936 3738 4387
4778 6 2 8 2 3936 3738 4387 3937 3739 4388
4779 6 2 8 2 3937 3739 4388 3938 3740 4389
4780 6 2 8 2 3938 3740 4389 3939 3741 4390
4781 6 2 8 2 3939 3741 4390 3940 3742 4391
4782 6 2 8 2 3940 3742 4391 3941 3743 4392
4783 6 2 8 2 3941 3743 4392 3942 3744 4393
4784 6 2 8 2 3942 3744 4393 3943 3745 4394
4785 6 2 8 2 3943 3745 4394 3944 3746 4395
4786 6 2 8 2 3944 3746 4395 3945 3747 4396
4787 6 2 8 2 3945 3747 4396 3946 3748 4397
4788 6 2 8 2 3946 3748 4397 1443 1425 1484
4789 6 2 8 2 593 592 594 3727 3716 3738
4790 6 2 8 2 3727 3716 3738 3728 3717 3739
4791 6 2 8 2 3728 3717 3739 3729 3718 3740
4792 6 2 8 2 3729 3718 3740 3730 3719 3741
4793 6 2 8 2 3730 3719 3741 3731 3720 3742
4794 6 2 8 2 3731 3720 3742 3732 3721 3743
4795 6 2 8 2 3732 3721 3743 3733 3722 3744
4796 6 2 8 2 3733 3722 3744 3734 3723 3745
4797 6 2 8 2 3734 3723 3745 3735 3724 3746
4798 6 2 8 2 3735 3724 3746 3736 3725 3747
4799 6 2 8 2 3736 3725 3747 3737 3726 3748
4800 6 2 8 2 3737 3726 3748 1424 1423 1425
4801 6 2 8 2 63 64 574 1164 1175 3518
4802 6 2 8 2 1164 1175 3518 1165 1176 3519
4803 6 2 8 2 1165 1176 3519 1166 1177 3520
4804 6 2 8 2 1166 1177 3520 1167 1178 3521
4805 6 2 8 2 1167 1178 3521 1168 1179 3522
4806 6 2 8 2 1168 1179 3522 1169 1180 3523
4807 6 2 8 2 1169 1180 3523 1170 1181 3524
4808 6 2 8 2 1170 1181 3524 1171 1182 3525
4809 6 2 8 2 1171 1182 3525 1172 1183 3526
4810 6 2 8 2 1172 1183 3526 1173 1184 3527
4811 6 2 8 2 1173 1184 3527 1174 1185 3528
4812 6 2 8 2 1174 1185 3528 217 218 1405
4813 6 2 8 2 593 594 627 3727 3738 4101
4814 6 2 8 2 3727 3738 4101 3728 3739 4102
4815 6 2 8 2 3728 3739 4102 3729 3740 4103
4816 6 2 8 2 3729 3740 4103 3730 3741 4104
4817 6 2 8 2 3730 3741 4104 3731 3742 4105
4818 6 2 8 2 3731 3742 4105 3732 3743 4106
4819 6 2 8 2 3732 3743 4106 3733 3744 4107
4820 6 2 8 2 3733 3744 4107 3734 3745 4108
4821 6 2 8 2 3734 3745 4108 3735 3746 4109
4822 6 2 8 2 3735 3746 4109 3736 3747 4110
4823 6 2 8 2 3736 3747 4110 3737 3748 4111
4824 6 2 8 2 3737 3748 4111 1424 1425 1458
4825 6 2 8 2 588 585 608 3672 3639 3892
4826 6 2 8 2 3672 3639 3892 3673 3640 3893
4827 6 2 8 2 3673 3640 3893 3674 3641 3894
4828 6 2 8 2 3674 3641 3894 3675 3642 3895
4829 6 2 8 2 3675 3642 3895 3676 3643 3896
4830 6 2 8 2 3676 3643 3896 3677 3644 3897
4831 6 2 8 2 3677 3644 3897 3678 3645 3898
4832 6 2 8 2 3678 3645 3898 3679 3646 3899
4833 6 2 8 2 3679 3646 3899 3680 3647 3900
4834 6 2 8 2 3680 3647 3900 3681 3648 3901
4835 6 2 8 2 3681 3648 3901 3682 3649 3902
4836 6 2 8 2 3682 3649 3902 1419 1416 1439
4837 6 2 8 2 581 605 606 3595 3859 3870
4838 6 2 8 2 3595 3859 3870 3596 3860 3871
4839 6 2 8 2 3596 3860 3871 3597 3861 3872
4840 6 2 8 2 3597 3861 3872 3598 3862 3873
4841 6 2 8 2 3598 3862 3873 3599 3863 3874
4842 6 2 8 2 3599 3863 3874 3600 3864 3875
4843 6 2 8 2 3600 3864 3875 3601 3865 3876
4844 6 2 8 2 3601 3865 3876 3602 3866 3877
4845 6 2 8 2 3602 3866 3877 3603 3867 3878
4846 6 2 8 2 3603 3867 3878 3604 3868 3879
4847 6 2 8 2 3604 3868 3879 3605 3869 3880
4848 6 2 8 2 3605 3869 3880 1412 1436 1437
4849 6 2 8 2 572 607 658 3496 3881 4442
4850 6 2 8 2 3496 3881 4442 3497 3882 4443
4851 6 2 8 2 3497 3882 4443 3498 3883 4444
4852 6 2 8 2 3498 3883 4444 3499 3884 4445
4853 6 2 8 2 3499 3884 4445 3500 3885 4446
4854 6 2 8 2 3500 3885 4446 3501 3886 4447
4855 6 2 8 2 3501 3886 4447 3502 3887 4448
4856 6 2 8 2 3502 3887 4448 3503 3888 4449
4857 6 2 8 2 3503 3888 4449 3504 3889 4450
4858 6 2 8 2 3504 3889 4450 3505 3890 4451
4859 6 2 8 2 3505 3890 4451 3506 3891 4452
4860 6 2 8 2 3506 3891 4452 1403 1438 1489
4861 6 2 8 2 589 588 610 3683 3672 3914
4862 6 2 8 2 3683 3672 3914 3684 3673 3915
4863 6 2 8 2 3684 3673 3915 3685 3674 3916
4864 6 2 8 2 3685 3674 3916 3686 3675 3917
4865 6 2 8 2 3686 3675 3917 3687 3676 3918
4866 6 2 8 2 3687 3676 3918 3688 3677 3919
4867 6 2 8 2 3688 3677 3919 3689 3678 3920
4868 6 2 8 2 3689 3678 3920 3690 3679 3921
4869 6 2 8 2 3690 3679 3921 3691 3680 3922
4870 6 2 8 2 3691 3680 3922 3692 3681 3923
4871 6 2 8 2 3692 3681 3923 3693 3682 3924
4872 6 2 8 2 3693 3682 3924 1420 1419 1441
4873 6 2 8 2 610 609 662 3914 3903 4486
4874 6 2 8 2 3914 3903 4486 3915 3904 4487
4875 6 2 8 2 3915 3904 4487 3916 3905 4488
4876 6 2 8 2 3916 3905 4488 3917 3906 4489
4877 6 2 8 2 3917 3906 4489 3918 3907 4490
4878 6 2 8 2 3918 3907 4490 3919 3908 4491
4879 6 2 8 2 3919 3908 4491 3920 3909 4492
4880 6 2 8 2 3920 3909 4492 3921 3910 4493
4881 6 2 8 2 3921 3910 4493 3922 3911 4494
4882 6 2 8 2 3922 3911 4494 3923 3912 4495
4883 6 2 8 2 3923 3912 4495 3924 3913 4496
4884 6 2 8 2 3924 3913 4496 1441 1440 1493
4885 6 2 8 2 90 566 628 1351 3430 4112
4886 6 2 8 2 1351 3430 4112 1352 3431 4113
4887 6 2 8 2 1352 3431 4113 1353 3432 4114
4888 6 2 8 2 1353 3432 4114 1354 3433 4115
4889 6 2 8 2 1354 3433 4115 1355 3434 4116
4890 6 2 8 2 1355 3434 4116 1356 3435 4117
4891 6 2 8 2 1356 3435 4117 1357 3436 4118
4892 6 2 8 2 1357 3436 4118 1358 3437 4119
4893 6 2 8 2 1358 3437 4119 1359 3438 4120
4894 6 2 8 2 1359 3438 4120 1360 3439 4121
4895 6 2 8 2 1360 3439 4121 1361 3440 4122
4896 6 2 8 2 1361 3440 4122 234 1397 1459
4897 6 2 8 2 570 45 625 3474 899 4079
4898 6 2 8 2 3474 899 4079 3475 900 4080
4899 6 2 8 2 3475 900 4080 3476 901 4081
4900 6 2 8 2 3476 901 4081 3477 902 4082
4901 6 2 8 2 3477 902 4082 3478 903 4083
4902 6 2 8 2 3478 903 4083 3479 904 4084
4903 6 2 8 2 3479 904 4084 3480 905 4085
4904 6 2 8 2 3480 905 4085 3481 906 4086
4905 6 2 8 2 3481 906 4086 3482 907 4087
4906 6 2 8 2 3482 907 4087 3483 908 4088
4907 6 2 8 2 3483 908 4088 3484 909 4089
4908 6 2 8 2 3484 909 4089 1401 175 1456
4909 6 2 8 2 587 585 588 3661 3639 3672
4910 6 2 8 2 3661 3639 3672 3662 3640 3673
4911 6 2 8 2 3662 3640 3673 3663 3641 3674
4912 6 2 8 2 3663 3641 3674 3664 3642 3675
4913 6 2 8 2 3664 3642 3675 3665 3643 3676
4914 6 2 8 2 3665 3643 3676 3666 3644 3677
4915 6 2 8 2 3666 3644 3677 3667 3645 3678
4916 6 2 8 2 3667 3645 3678 3668 3646 3679
4917 6 2 8 2 3668 3646 3679 3669 3647 3680
4918 6 2 8 2 3669 3647 3680 3670 3648 3681
4919 6 2 8 2 3670 3648 3681 3671 3649 3682
4920 6 2 8 2 3671 3649 3682 1418 1416 1419
4921 6 2 8 2 53 54 564 987 998 3408
4922 6 2 8 2 987 998 3408 988 999 3409
4923 6 2 8 2 988 999 3409 989 1000 3410
4924 6 2 8 2 989 1000 3410 990 1001 3411
4925 6 2 8 2 990 1001 3411 991 1002 3412
4926 6 2 8 2 991 1002 3412 992 1003 3413
4927 6 2 8 2 992 1003 3413 993 1004 3414
4928 6 2 8 2 993 1004 3414 994 1005 3415
4929 6 2 8 2 994 1005 3415 995 1006 3416
4930 6 2 8 2 995 1006 3416 996 1007 3417
4931 6 2 8 2 996 1007 3417 997 1008 3418
4932 6 2 8 2 997 1008 3418 183 184 1395
4933 6 2 8 2 89 88 622 1340 1329 4046
4934 6 2 8 2 1340 1329 4046 1341 1330 4047
4935 6 2 8 2 1341 1330 4047 1342 1331 4048
4936 6 2 8 2 1342 1331 4048 1343 1332 4049
4937 6 2 8 2 1343 1332 4049 1344 1333 4050
4938 6 2 8 2 1344 1333 4050 1345 1334 4051
4939 6 2 8 2 1345 1334 4051 1346 1335 4052
4940 6 2 8 2 1346 1335 4052 1347 1336 4053
4941 6 2 8 2 1347 1336 4053 1348 1337 4054
4942 6 2 8 2 1348 1337 4054 1349 1338 4055
4943 6 2 8 2 1349 1338 4055 1350 1339 4056
4944 6 2 8 2 1350 1339 4056 233 232 1453
4945 6 2 8 2 591 589 592 3705 3683 3716
4946 6 2 8 2 3705 3683 3716 3706 3684 3717
4947 6 2 8 2 3706 3684 3717 3707 3685 3718
4948 6 2 8 2 3707 3685 3718 3708 3686 3719
4949 6 2 8 2 3708 3686 3719 3709 3687 3720
4950 6 2 8 2 3709 3687 3720 3710 3688 3721
4951 6 2 8 2 3710 3688 3721 3711 3689 3722
4952 6 2 8 2 3711 3689 3722 3712 3690 3723
4953 6 2 8 2 3712 3690 3723 3713 3691 3724
4954 6 2 8 2 3713 3691 3724 3714 3692 3725
4955 6 2 8 2 3714 3692 3725 3715 3693 3726
4956 6 2 8 2 3715 3693 3726 1422 1420 1423
4957 6 2 8 2 87 5 661 1318 205 4475
4958 6 2 8 2 1318 205 4475 1319 206 4476
4959 6 2 8 2 1319 206 4476 1320 207 4477
4960 6 2 8 2 1320 207 4477 1321 208 4478
4961 6 2 8 2 1321 208 4478 1322 209 4479
4962 6 2 8 2 1322 209 4479 1323 210 4480
4963 6 2 8 2 1323 210 4480 1324 211 4481
4964 6 2 8 2 1324 211 4481 1325 212 4482
4965 6 2 8 2 1325 212 4482 1326 213 4483
4966 6 2 8 2 1326 213 4483 1327 214 4484
4967 6 2 8 2 1327 214 4484 1328 215 4485
4968 6 2 8 2 1328 215 4485 231 17 1492
4969 6 2 8 2 594 612 654 3738 3936 4398
4970 6 2 8 2 3738 3936 4398 3739 3937 4399
4971 6 2 8 2 3739 3937 4399 3740 3938 4400
4972 6 2 8 2 3740 3938 4400 3741 3939 4401
4973 6 2 8 2 3741 3939 4401 3742 3940 4402
4974 6 2 8 2 3742 3940 4402 3743 3941 4403
4975 6 2 8 2 3743 3941 4403 3744 3942 4404
4976 6 2 8 2 3744 3942 4404 3745 3943 4405
4977 6 2 8 2 3745 3943 4405 3746 3944 4406
4978 6 2 8 2 3746 3944 4406 3747 3945 4407
4979 6 2 8 2 3747 3945 4407 3748 3946 4408
4980 6 2 8 2 3748 3946 4408 1425 1443 1485
4981 6 2 8 2 52 53 613 976 987 3947
4982 6 2 8 2 976 987 3947 977 988 3948
4983 6 2 8 2 977 988 3948 978 989 3949
4984 6 2 8 2 978 989 3949 979 990 3950
4985 6 2 8 2 979 990 3950 980 991 3951
4986 6 2 8 2 980 991 3951 981 992 3952
4987 6 2 8 2 981 992 3952 982 993 3953
4988 6 2 8 2 982 993 3953 983 994 3954
4989 6 2 8 2 983 994 3954 984 995 3955
4990 6 2 8 2 984 995 3955 985 996 3956
4991 6 2 8 2 985 996 3956 986 997 3957
4992 6 2 8 2 986 997 3957 182 183 1444
4993 6 2 8 2 585 583 608 3639 3617 3892
4994 6 2 8 2 3639 3617 3892 3640 3618 3893
4995 6 2 8 2 3640 3618 3893 3641 3619 3894
4996 6 2 8 2 3641 3619 3894 3642 3620 3895
4997 6 2 8 2 3642 3620 3895 3643 3621 3896
4998 6 2 8 2 3643 3621 3896 3644 3622 3897
4999 6 2 8 2 3644 3622 3897 3645 3623 3898
5000 6 2 8 2 3645 3623 3898 3646 3624 3899
5001 6 2 8 2 3646 3624 3899 3647 3625 3900
5002 6 2 8 2 3647 3625 3900 3648 3626 3901
5003 6 2 8 2 3648 3626 3901 3649 3627 3902
5004 6 2 8 2 3649 3627 3902 1416 1414 1439
5005 6 2 8 2 601 600 664 3815 3804 4508
5006 6 2 8 2 3815 3804 4508 3816 3805 4509
5007 6 2 8 2 3816 3805 4509 3817 3806 4510
5008 6 2 8 2 3817 3806 4510 3818 3807 4511
5009 6 2 8 2 3818 3807 4511 3819 3808 4512
5010 6 2 8 2 3819 3808 4512 3820 3809 4513
5011 6 2 8 2 3820 3809 4513 3821 3810 4514
5012 6 2 8 2 3821 3810 4514 3822 3811 4515
5013 6 2 8 2 3822 3811 4515 3823 3812 4516
5014 6 2 8 2 3823 3812 4516 3824 3813 4517
5015 6 2 8 2 3824 3813 4517 3825 3814 4518
5016 6 2 8 2 3825 3814 4518 1432 1431 1495
5017 6 2 8 2 596 593 627 3760 3727 4101
5018 6 2 8 2 3760 3727 4101 3761 3728 4102
5019 6 2 8 2 3761 3728 4102 3762 3729 4103
5020 6 2 8 2 3762 3729 4103 3763 3730 4104
5021 6 2 8 2 3763 3730 4104 3764 3731 4105
5022 6 2 8 2 3764 3731 4105 3765 3732 4106
5023 6 2 8 2 3765 3732 4106 3766 3733 4107
5024 6 2 8 2 3766 3733 4107 3767 3734 4108
5025 6 2 8 2 3767 3734 4108 3768 3735 4109
5026 6 2 8 2 3768 3735 4109 3769 3736 4110
5027 6 2 8 2 3769 3736 4110 3770 3737 4111
5028 6 2 8 2 3770 3737 4111 1427 1424 1458
5029 6 2 8 2 612 597 656 3936 3771 4420
5030 6 2 8 2 3936 3771 4420 3937 3772 4421
5031 6 2 8 2 3937 3772 4421 3938 3773 4422
5032 6 2 8 2 3938 3773 4422 3939 3774 4423
5033 6 2 8 2 3939 3774 4423 3940 3775 4424
5034 6 2 8 2 3940 3775 4424 3941 3776 4425
5035 6 2 8 2 3941 3776 4425 3942 3777 4426
5036 6 2 8 2 3942 3777 4426 3943 3778 4427
5037 6 2 8 2 3943 3778 4427 3944 3779 4428
5038 6 2 8 2 3944 3779 4428 3945 3780 4429
5039 6 2 8 2 3945 3780 4429 3946 3781 4430
5040 6 2 8 2 3946 3781 4430 1443 1428 1487
5041 6 2 8 2 591 592 593 3705 3716 3727
5042 6 2 8 2 3705 3716 3727 3706 3717 3728
5043 6 2 8 2 3706 3717 3728 3707 3718 3729
5044 6 2 8 2 3707 3718 3729 3708 3719 3730
5045 6 2 8 2 3708 3719 3730 3709 3720 3731
5046 6 2 8 2 3709 3720 3731 3710 3721 3732
5047 6 2 8 2 3710 3721 3732 3711 3722 3733
5048 6 2 8 2 3711 3722 3733 3712 3723 3734
5049 6 2 8 2 3712 3723 3734 3713 3724 3735
5050 6 2 8 2 3713 3724 3735 3714 3725 3736
5051 6 2 8 2 3714 3725 3736 3715 3726 3737
5052 6 2 8 2 3715 3726 3737 1422 1423 1424
5053 6 2 8 2 613 609 648 3947 3903 4332
5054 6 2 8 2 3947 3903 4332 3948 3904 4333
5055 6 2 8 2 3948 3904 4333 3949 3905 4334
5056 6 2 8 2 3949 3905 4334 3950 3906 4335
5057 6 2 8 2 3950 3906 4335 3951 3907 4336
5058 6 2 8 2 3951 3907 4336 3952 3908 4337
5059 6 2 8 2 3952 3908 4337 3953 3909 4338
5060 6 2 8 2 3953 3909 4338 3954 3910 4339
5061 6 2 8 2 3954 3910 4339 3955 3911 4340
5062 6 2 8 2 3955 3911 4340 3956 3912 4341
5063 6 2 8 2 3956 3912 4341 3957 3913 4342
5064 6 2 8 2 3957 3913 4342 1444 1440 1479
5065 6 2 8 2 587 588 589 3661 3672 3683
5066 6 2 8 2 3661 3672 3683 3662 3673 3684
5067 6 2 8 2 3662 3673 3684 3663 3674 3685
5068 6 2 8 2 3663 3674 3685 3664 3675 3686
5069 6 2 8 2 3664 3675 3686 3665 3676 3687
5070 6 2 8 2 3665 3676 3687 3666 3677 3688
5071 6 2 8 2 3666 3677 3688 3667 3678 3689
5072 6 2 8 2 3667 3678 3689 3668 3679 3690
5073 6 2 8 2 3668 3679 3690 3669 3680 3691
5074 6 2 8 2 3669 3680 3691 3670 3681 3692
5075 6 2 8 2 3670 3681 3692 3671 3682 3693
5076 6 2 8 2 3671 3682 3693 1418 1419 1420
5077 6 2 8 2 76 650 652 1307 4354 4376
5078 6 2 8 2 1307 4354 4376 1308 4355 4377
5079 6 2 8 2 1308 4355 4377 1309 4356 4378
5080 6 2 8 2 1309 4356 4378 1310 4357 4379
5081 6 2 8 2 1310 4357 4379 1311 4358 4380
5082 6 2 8 2 1311 4358 4380 1312 4359 4381
5083 6 2 8 2 1312 4359 4381 1313 4360 4382
5084 6 2 8 2 1313 4360 4382 1314 4361 4383
5085 6 2 8 2 1314 4361 4383 1315 4362 4384
5086 6 2 8 2 1315 4362 4384 1316 4363 4385
5087 6 2 8 2 1316 4363 4385 1317 4364 4386
5088 6 2 8 2 1317 4364 4386 230 1481 1483
5089 6 2 8 2 50 51 565 954 965 3419
5090 6 2 8 2 954 965 3419 955 966 3420
5091 6 2 8 2 955 966 3420 956 967 3421
5092 6 2 8 2 956 967 3421 957 968 3422
5093 6 2 8 2 957 968 3422 958 969 3423
5094 6 2 8 2 958 969 3423 959 970 3424
5095 6 2 8 2 959 970 3424 960 971 3425
5096 6 2 8 2 960 971 3425 961 972 3426
5097 6 2 8 2 961 972 3426 962 973 3427
5098 6 2 8 2 962 973 3427 963 974 3428
5099 6 2 8 2 963 974 3428 964 975 3429
5100 6 2 8 2 964 975 3429 180 181 1396
5101 6 2 8 2 565 608 663 3419 3892 4497
5102 6 2 8 2 3419 3892 4497 3420 3893 4498
5103 6 2 8 2 3420 3893 4498 3421 3894 4499
5104 6 2 8 2 3421 3894 4499 3422 3895 4500
5105 6 2 8 2 3422 3895 4500 3423 3896 4501
5106 6 2 8 2 3423 3896 4501 3424 3897 4502
5107 6 2 8 2 3424 3897 4502 3425 3898 4503
5108 6 2 8 2 3425 3898 4503 3426 3899 4504
5109 6 2 8 2 3426 3899 4504 3427 3900 4505
5110 6 2 8 2 3427 3900 4505 3428 3901 4506
5111 6 2 8 2 3428 3901 4506 3429 3902 4507
5112 6 2 8 2 3429 3902 4507 1396 1439 1494
5113 6 2 8 2 69 572 669 1230 3496 4563
5114 6 2 8 2 1230 3496 4563 1231 3497 4564
5115 6 2 8 2 1231 3497 4564 1232 3498 4565
5116 6 2 8 2 1232 3498 4565 1233 3499 4566
5117 6 2 8 2 1233 3499 4566 1234 3500 4567
5118 6 2 8 2 1234 3500 4567 1235 3501 4568
5119 6 2 8 2 1235 3501 4568 1236 3502 4569
5120 6 2 8 2 1236 3502 4569 1237 3503 4570
5121 6 2 8 2 1237 3503 4570 1238 3504 4571
5122 6 2 8 2 1238 3504 4571 1239 3505 4572
5123 6 2 8 2 1239 3505 4572 1240 3506 4573
5124 6 2 8 2 1240 3506 4573 223 1403 1500
5125 6 2 8 2 93 92 623 1384 1373 4057
5126 6 2 8 2 1384 1373 4057 1385 1374 4058
5127 6 2 8 2 1385 1374 4058 1386 1375 4059
5128 6 2 8 2 1386 1375 4059 1387 1376 4060
5129 6 2 8 2 1387 1376 4060 1388 1377 4061
5130 6 2 8 2 1388 1377 4061 1389 1378 4062
5131 6 2 8 2 1389 1378 4062 1390 1379 4063
5132 6 2 8 2 1390 1379 4063 1391 1380 4064
5133 6 2 8 2 1391 1380 4064 1392 1381 4065
5134 6 2 8 2 1392 1381 4065 1393 1382 4066
5135 6 2 8 2 1393 1382 4066 1394 1383 4067
5136 6 2 8 2 1394 1383 4067 237 236 1454
5137 6 2 8 2 595 593 596 3749 3727 3760
5138 6 2 8 2 3749 3727 3760 3750 3728 3761
5139 6 2 8 2 3750 3728 3761 3751 3729 3762
5140 6 2 8 2 3751 3729 3762 3752 3730 3763
5141 6 2 8 2 3752 3730 3763 3753 3731 3764
5142 6 2 8 2 3753 3731 3764 3754 3732 3765
5143 6 2 8 2 3754 3732 3765 3755 3733 3766
5144 6 2 8 2 3755 3733 3766 3756 3734 3767
5145 6 2 8 2 3756 3734 3767 3757 3735 3768
5146 6 2 8 2 3757 3735 3768 3758 3736 3769
5147 6 2 8 2 3758 3736 3769 3759 3737 3770
5148 6 2 8 2 3759 3737 3770 1426 1424 1427
5149 6 2 8 2 92 91 573 1373 1362 3507
5150 6 2 8 2 1373 1362 3507 1374 1363 3508
5151 6 2 8 2 1374 1363 3508 1375 1364 3509
5152 6 2 8 2 1375 1364 3509 1376 1365 3510
5153 6 2 8 2 1376 1365 3510 1377 1366 3511
5154 6 2 8 2 1377 1366 3511 1378 1367 3512
5155 6 2 8 2 1378 1367 3512 1379 1368 3513
5156 6 2 8 2 1379 1368 3513 1380 1369 3514
5157 6 2 8 2 1380 1369 3514 1381 1370 3515
5158 6 2 8 2 1381 1370 3515 1382 1371 3516
5159 6 2 8 2 1382 1371 3516 1383 1372 3517
5160 6 2 8 2 1383 1372 3517 236 235 1404
5161 6 2 8 2 615 617 618 3969 3991 4002
5162 6 2 8 2 3969 3991 4002 3970 3992 4003
5163 6 2 8 2 3970 3992 4003 3971 3993 4004
5164 6 2 8 2 3971 3993 4004 3972 3994 4005
5165 6 2 8 2 3972 3994 4005 3973 3995 4006
5166 6 2 8 2 3973 3995 4006 3974 3996 4007
5167 6 2 8 2 3974 3996 4007 3975 3997 4008
5168 6 2 8 2 3975 3997 4008 3976 3998 4009
5169 6 2 8 2 3976 3998 4009 3977 3999 4010
5170 6 2 8 2 3977 3999 4010 3978 4000 4011
5171 6 2 8 2 3978 4000 4011 3979 4001 4012
5172 6 2 8 2 3979 4001 4012 1446 1448 1449
5173 6 2 8 2 91 90 628 1362 1351 4112
5174 6 2 8 2 1362 1351 4112 1363 1352 4113
5175 6 2 8 2 1363 1352 4113 1364 1353 4114
5176 6 2 8 2 1364 1353 4114 1365 1354 4115
5177 6 2 8 2 1365 1354 4115 1366 1355 4116
5178 6 2 8 2 1366 1355 4116 1367 1356 4117
5179 6 2 8 2 1367 1356 4117 1368 1357 4118
5180 6 2 8 2 1368 1357 4118 1369 1358 4119
5181 6 2 8 2 1369 1358 4119 1370 1359 4120
5182 6 2 8 2 1370 1359 4120 1371 1360 4121
5183 6 2 8 2 1371 1360 4121 1372 1361 4122
5184 6 2 8 2 1372 1361 4122 235 234 1459
5185 6 2 8 2 588 609 610 3672 3903 3914
5186 6 2 8 2 3672 3903 3914 3673 3904 3915
5187 6 2 8 2 3673 3904 3915 3674 3905 3916
5188 6 2 8 2 3674 3905 3916 3675 3906 3917
5189 6 2 8 2 3675 3906 3917 3676 3907 3918
5190 6 2 8 2 3676 3907 3918 3677 3908 3919
5191 6 2 8 2 3677 3908 3919 3678 3909 3920
5192 6 2 8 2 3678 3909 3920 3679 3910 3921
5193 6 2 8 2 3679 3910 3921 3680 3911 3922
5194 6 2 8 2 3680 3911 3922 3681 3912 3923
5195 6 2 8 2 3681 3912 3923 3682 3913 3924
5196 6 2 8 2 3682 3913 3924 1419 1440 1441
5197 6 2 8 2 46 47 571 910 921 3485
5198 6 2 8 2 910 921 3485 911 922 3486
5199 6 2 8 2 911 922 3486 912 923 3487
5200 6 2 8 2 912 923 3487 913 924 3488
5201 6 2 8 2 913 924 3488 914 925 3489
5202 6 2 8 2 914 925 3489 915 926 3490
5203 6 2 8 2 915 926 3490 916 927 3491
5204 6 2 8 2 916 927 3491 917 928 3492
5205 6 2 8 2 917 928 3492 918 929 3493
5206 6 2 8 2 918 929 3493 919 930 3494
5207 6 2 8 2 919 930 3494 920 931 3495
5208 6 2 8 2 920 931 3495 176 177 1402
5209 6 2 8 2 572 632 669 3496 4156 4563
5210 6 2 8 2 3496 4156 4563 3497 4157 4564
5211 6 2 8 2 3497 4157 4564 3498 4158 4565
5212 6 2 8 2 3498 4158 4565 3499 4159 4566
5213 6 2 8 2 3499 4159 4566 3500 4160 4567
5214 6 2 8 2 3500 4160 4567 3501 4161 4568
5215 6 2 8 2 3501 4161 4568 3502 4162 4569
5216 6 2 8 2 3502 4162 4569 3503 4163 4570
5217 6 2 8 2 3503 4163 4570 3504 4164 4571
5218 6 2 8 2 3504 4164 4571 3505 4165 4572
5219 6 2 8 2 3505 4165 4572 3506 4166 4573
5220 6 2 8 2 3506 4166 4573 1403 1463 1500
5221 6 2 8 2 594 621 653 3738 4035 4387
5222 6 2 8 2 3738 4035 4387 3739 4036 4388
5223 6 2 8 2 3739 4036 4388 3740 4037 4389
5224 6 2 8 2 3740 4037 4389 3741 4038 4390
5225 6 2 8 2 3741 4038 4390 3742 4039 4391
5226 6 2 8 2 3742 4039 4391 3743 4040 4392
5227 6 2 8 2 3743 4040 4392 3744 4041 4393
5228 6 2 8 2 3744 4041 4393 3745 4042 4394
5229 6 2 8 2 3745 4042 4394 3746 4043 4395
5230 6 2 8 2 3746 4043 4395 3747 4044 4396
5231 6 2 8 2 3747 4044 4396 3748 4045 4397
5232 6 2 8 2 3748 4045 4397 1425 1452 1484
5233 6 2 8 2 637 568 666 4211 3452 4530
5234 6 2 8 2 4211 3452 4530 4212 3453 4531
5235 6 2 8 2 4212 3453 4531 4213 3454 4532
5236 6 2 8 2 4213 3454 4532 4214 3455 4533
5237 6 2 8 2 4214 3455 4533 4215 3456 4534
5238 6 2 8 2 4215 3456 4534 4216 3457 4535
5239 6 2 8 2 4216 3457 4535 4217 3458 4536
5240 6 2 8 2 4217 3458 4536 4218 3459 4537
5241 6 2 8 2 4218 3459 4537 4219 3460 4538
5242 6 2 8 2 4219 3460 4538 4220 3461 4539
5243 6 2 8 2 4220 3461 4539 4221 3462 4540
5244 6 2 8 2 4221 3462 4540 1468 1399 1497
5245 6 2 8 2 53 564 613 987 3408 3947
5246 6 2 8 2 987 3408 3947 988 3409 3948
5247 6 2 8 2 988 3409 3948 989 3410 3949
5248 6 2 8 2 989 3410 3949 990 3411 3950
5249 6 2 8 2 990 3411 3950 991 3412 3951
5250 6 2 8 2 991 3412 3951 992 3413 3952
5251 6 2 8 2 992 3413 3952 993 3414 3953
5252 6 2 8 2 993 3414 3953 994 3415 3954
5253 6 2 8 2 994 3415 3954 995 3416 3955
5254 6 2 8 2 995 3416 3955 996 3417 3956
5255 6 2 8 2 996 3417 3956 997 3418 3957
5256 6 2 8 2 997 3418 3957 183 1395 1444
5257 6 2 8 2 591 593 595 3705 3727 3749
5258 6 2 8 2 3705 3727 3749 3706 3728 3750
5259 6 2 8 2 3706 3728 3750 3707 3729 3751
5260 6 2 8 2 3707 3729 3751 3708 3730 3752
5261 6 2 8 2 3708 3730 3752 3709 3731 3753
5262 6 2 8 2 3709 3731 3753 3710 3732 3754
5263 6 2 8 2 3710 3732 3754 3711 3733 3755
5264 6 2 8 2 3711 3733 3755 3712 3734 3756
5265 6 2 8 2 3712 3734 3756 3713 3735 3757
5266 6 2 8 2 3713 3735 3757 3714 3736 3758
5267 6 2 8 2 3714 3736 3758 3715 3737 3759
5268 6 2 8 2 3715 3737 3759 1422 1424 1426
5269 6 2 8 2 600 596 602 3804 3760 3826
5270 6 2 8 2 3804 3760 3826 3805 3761 3827
5271 6 2 8 2 3805 3761 3827 3806 3762 3828
5272 6 2 8 2 3806 3762 3828 3807 3763 3829
5273 6 2 8 2 3807 3763 3829 3808 3764 3830
5274 6 2 8 2 3808 3764 3830 3809 3765 3831
5275 6 2 8 2 3809 3765 3831 3810 3766 3832
5276 6 2 8 2 3810 3766 3832 3811 3767 3833
5277 6 2 8 2 3811 3767 3833 3812 3768 3834
5278 6 2 8 2 3812 3768 3834 3813 3769 3835
5279 6 2 8 2 3813 3769 3835 3814 3770 3836
5280 6 2 8 2 3814 3770 3836 1431 1427 1433
5281 6 2 8 2 583 578 663 3617 3562 4497
5282 6 2 8 2 3617 3562 4497 3618 3563 4498
5283 6 2 8 2 3618 3563 4498 3619 3564 4499
5284 6 2 8 2 3619 3564 4499 3620 3565 4500
5285 6 2 8 2 3620 3565 4500 3621 3566 4501
5286 6 2 8 2 3621 3566 4501 3622 3567 4502
5287 6 2 8 2 3622 3567 4502 3623 3568 4503
5288 6 2 8 2 3623 3568 4503 3624 3569 4504
5289 6 2 8 2 3624 3569 4504 3625 3570 4505
5290 6 2 8 2 3625 3570 4505 3626 3571 4506
5291 6 2 8 2 3626 3571 4506 3627 3572 4507
5292 6 2 8 2 3627 3572 4507 1414 1409 1494
5293 6 2 8 2 595 596 600 3749 3760 3804
5294 6 2 8 2 3749 3760 3804 3750 3761 3805
5295 6 2 8 2 3750 3761 3805 3751 3762 3806
5296 6 2 8 2 3751 3762 3806 3752 3763 3807
5297 6 2 8 2 3752 3763 3807 3753 3764 3808
5298 6 2 8 2 3753 3764 3808 3754 3765 3809
5299 6 2 8 2 3754 3765 3809 3755 3766 3810
5300 6 2 8 2 3755 3766 3810 3756 3767 3811
5301 6 2 8 2 3756 3767 3811 3757 3768 3812
5302 6 2 8 2 3757 3768 3812 3758 3769 3813
5303 6 2 8 2 3758 3769 3813 3759 3770 3814
5304 6 2 8 2 3759 3770 3814 1426 1427 1431
5305 6 2 8 2 590 589 591 3694 3683 3705
5306 6 2 8 2 3694 3683 3705 3695 3684 3706
5307 6 2 8 2 3695 3684 3706 3696 3685 3707
5308 6 2 8 2 3696 3685 3707 3697 3686 3708
5309 6 2 8 2 3697 3686 3708 3698 3687 3709
5310 6 2 8 2 3698 3687 3709 3699 3688 3710
5311 6 2 8 2 3699 3688 3710 3700 3689 3711
5312 6 2 8 2 3700 3689 3711 3701 3690 3712
5313 6 2 8 2 3701 3690 3712 3702 3691 3713
5314 6 2 8 2 3702 3691 3713 3703 3692 3714
5315 6 2 8 2 3703 3692 3714 3704 3693 3715
5316 6 2 8 2 3704 3693 3715 1421 1420 1422
5317 6 2 8 2 49 50 624 943 954 4068
5318 6 2 8 2 943 954 4068 944 955 4069
5319 6 2 8 2 944 955 4069 945 956 4070
5320 6 2 8 2 945 956 4070 946 957 4071
5321 6 2 8 2 946 957 4071 947 958 4072
5322 6 2 8 2 947 958 4072 948 959 4073
5323 6 2 8 2 948 959 4073 949 960 4074
5324 6 2 8 2 949 960 4074 950 961 4075
5325 6 2 8 2 950 961 4075 951 962 4076
5326 6 2 8 2 951 962 4076 952 963 4077
5327 6 2 8 2 952 963 4077 953 964 4078
5328 6 2 8 2 953 964 4078 179 180 1455
5329 6 2 8 2 579 75 652 3573 1296 4376
5330 6 2 8 2 3573 1296 4376 3574 1297 4377
5331 6 2 8 2 3574 1297 4377 3575 1298 4378
5332 6 2 8 2 3575 1298 4378 3576 1299 4379
5333 6 2 8 2 3576 1299 4379 3577 1300 4380
5334 6 2 8 2 3577 1300 4380 3578 1301 4381
5335 6 2 8 2 3578 1301 4381 3579 1302 4382
5336 6 2 8 2 3579 1302 4382 3580 1303 4383
5337 6 2 8 2 3580 1303 4383 3581 1304 4384
5338 6 2 8 2 3581 1304 4384 3582 1305 4385
5339 6 2 8 2 3582 1305 4385 3583 1306 4386
5340 6 2 8 2 3583 1306 4386 1410 229 1483
5341 6 2 8 2 620 568 649 4024 3452 4343
5342 6 2 8 2 4024 3452 4343 4025 3453 4344
5343 6 2 8 2 4025 3453 4344 4026 3454 4345
5344 6 2 8 2 4026 3454 4345 4027 3455 4346
5345 6 2 8 2 4027 3455 4346 4028 3456 4347
5346 6 2 8 2 4028 3456 4347 4029 3457 4348
5347 6 2 8 2 4029 3457 4348 4030 3458 4349
5348 6 2 8 2 4030 3458 4349 4031 3459 4350
5349 6 2 8 2 4031 3459 4350 4032 3460 4351
5350 6 2 8 2 4032 3460 4351 4033 3461 4352
5351 6 2 8 2 4033 3461 4352 4034 3462 4353
5352 6 2 8 2 4034 3462 4353 1451 1399 1480
5353 6 2 8 2 595 600 601 3749 3804 3815
5354 6 2 8 2 3749 3804 3815 3750 3805 3816
5355 6 2 8 2 3750 3805 3816 3751 3806 3817
5356 6 2 8 2 3751 3806 3817 3752 3807 3818
5357 6 2 8 2 3752 3807 3818 3753 3808 3819
5358 6 2 8 2 3753 3808 3819 3754 3809 3820
5359 6 2 8 2 3754 3809 3820 3755 3810 3821
5360 6 2 8 2 3755 3810 3821 3756 3811 3822
5361 6 2 8 2 3756 3811 3822 3757 3812 3823
5362 6 2 8 2 3757 3812 3823 3758 3813 3824
5363 6 2 8 2 3758 3813 3824 3759 3814 3825
5364 6 2 8 2 3759 3814 3825 1426 1431 1432
5365 6 2 8 2 47 3 626 921 162 4090
5366 6 2 8 2 921 162 4090 922 163 4091
5367 6 2 8 2 922 163 4091 923 164 4092
5368 6 2 8 2 923 164 4092 924 165 4093
5369 6 2 8 2 924 165 4093 925 166 4094
5370 6 2 8 2 925 166 4094 926 167 4095
5371 6 2 8 2 926 167 4095 927 168 4096
5372 6 2 8 2 927 168 4096 928 169 4097
5373 6 2 8 2 928 169 4097 929 170 4098
5374 6 2 8 2 929 170 4098 930 171 4099
5375 6 2 8 2 930 171 4099 931 172 4100
5376 6 2 8 2 931 172 4100 177 15 1457
5377 6 2 8 2 602 596 636 3826 3760 4200
5378 6 2 8 2 3826 3760 4200 3827 3761 4201
5379 6 2 8 2 3827 3761 4201 3828 3762 4202
5380 6 2 8 2 3828 3762 4202 3829 3763 4203
5381 6 2 8 2 3829 3763 4203 3830 3764 4204
5382 6 2 8 2 3830 3764 4204 3831 3765 4205
5383 6 2 8 2 3831 3765 4205 3832 3766 4206
5384 6 2 8 2 3832 3766 4206 3833 3767 4207
5385 6 2 8 2 3833 3767 4207 3834 3768 4208
5386 6 2 8 2 3834 3768 4208 3835 3769 4209
5387 6 2 8 2 3835 3769 4209 3836 3770 4210
5388 6 2 8 2 3836 3770 4210 1433 1427 1467
5389 6 2 8 2 572 70 641 3496 1241 4255
5390 6 2 8 2 3496 1241 4255 3497 1242 4256
5391 6 2 8 2 3497 1242 4256 3498 1243 4257
5392 6 2 8 2 3498 1243 4257 3499 1244 4258
5393 6 2 8 2 3499 1244 4258 3500 1245 4259
5394 6 2 8 2 3500 1245 4259 3501 1246 4260
5395 6 2 8 2 3501 1246 4260 3502 1247 4261
5396 6 2 8 2 3502 1247 4261 3503 1248 4262
5397 6 2 8 2 3503 1248 4262 3504 1249 4263
5398 6 2 8 2 3504 1249 4263 3505 1250 4264
5399 6 2 8 2 3505 1250 4264 3506 1251 4265
5400 6 2 8 2 3506 1251 4265 1403 224 1472
5401 6 2 8 2 615 570 616 3969 3474 3980
5402 6 2 8 2 3969 3474 3980 3970 3475 3981
5403 6 2 8 2 3970 3475 3981 3971 3476 3982
5404 6 2 8 2 3971 3476 3982 3972 3477 3983
5405 6 2 8 2 3972 3477 3983 3973 3478 3984
5406 6 2 8 2 3973 3478 3984 3974 3479 3985
5407 6 2 8 2 3974 3479 3985 3975 3480 3986
5408 6 2 8 2 3975 3480 3986 3976 3481 3987
5409 6 2 8 2 3976 3481 3987 3977 3482 3988
5410 6 2 8 2 3977 3482 3988 3978 3483 3989
5411 6 2 8 2 3978 3483 3989 3979 3484 3990
5412 6 2 8 2 3979 3484 3990 1446 1401 1447
5413 6 2 8 2 574 64 640 3518 1175 4244
5414 6 2 8 2 3518 1175 4244 3519 1176 4245
5415 6 2 8 2 3519 1176 4245 3520 1177 4246
5416 6 2 8 2 3520 1177 4246 3521 1178 4247
5417 6 2 8 2 3521 1178 4247 3522 1179 4248
5418 6 2 8 2 3522 1179 4248 3523 1180 4249
5419 6 2 8 2 3523 1180 4249 3524 1181 4250
5420 6 2 8 2 3524 1181 4250 3525 1182 4251
5421 6 2 8 2 3525 1182 4251 3526 1183 4252
5422 6 2 8 2 3526 1183 4252 3527 1184 4253
5423 6 2 8 2 3527 1184 4253 3528 1185 4254
5424 6 2 8 2 3528 1185 4254 1405 218 1471
5425 6 2 8 2 640 65 644 4244 1186 4288
5426 6 2 8 2 4244 1186 4288 4245 1187 4289
5427 6 2 8 2 4245 1187 4289 4246 1188 4290
5428 6 2 8 2 4246 1188 4290 4247 1189 4291
5429 6 2 8 2 4247 1189 4291 4248 1190 4292
5430 6 2 8 2 4248 1190 4292 4249 1191 4293
5431 6 2 8 2 4249 1191 4293 4250 1192 4294
5432 6 2 8 2 4250 1192 4294 4251 1193 4295
5433 6 2 8 2 4251 1193 4295 4252 1194 4296
5434 6 2 8 2 4252 1194 4296 4253 1195 4297
5435 6 2 8 2 4253 1195 4297 4254 1196 4298
5436 6 2 8 2 4254 1196 4298 1471 219 1475
5437 6 2 8 2 616 570 625 3980 3474 4079
5438 6 2 8 2 3980 3474 4079 3981 3475 4080
5439 6 2 8 2 3981 3475 4080 3982 3476 4081
5440 6 2 8 2 3982 3476 4081 3983 3477 4082
5441 6 2 8 2 3983 3477 4082 3984 3478 4083
5442 6 2 8 2 3984 3478 4083 3985 3479 4084
5443 6 2 8 2 3985 3479 4084 3986 3480 4085
5444 6 2 8 2 3986 3480 4085 3987 3481 4086
5445 6 2 8 2 3987 3481 4086 3988 3482 4087
5446 6 2 8 2 3988 3482 4087 3989 3483 4088
5447 6 2 8 2 3989 3483 4088 3990 3484 4089
5448 6 2 8 2 3990 3484 4089 1447 1401 1456
5449 6 2 8 2 70 71 641 1241 1252 4255
5450 6 2 8 2 1241 1252 4255 1242 1253 4256
5451 6 2 8 2 1242 1253 4256 1243 1254 4257
5452 6 2 8 2 1243 1254 4257 1244 1255 4258
5453 6 2 8 2 1244 1255 4258 1245 1256 4259
5454 6 2 8 2 1245 1256 4259 1246 1257 4260
5455 6 2 8 2 1246 1257 4260 1247 1258 4261
5456 6 2 8 2 1247 1258 4261 1248 1259 4262
5457 6 2 8 2 1248 1259 4262 1249 1260 4263
5458 6 2 8 2 1249 1260 4263 1250 1261 4264
5459 6 2 8 2 1250 1261 4264 1251 1262 4265
5460 6 2 8 2 1251 1262 4265 224 225 1472
5461 6 2 8 2 43 614 668 877 3958 4552
5462 6 2 8 2 877 3958 4552 878 3959 4553
5463 6 2 8 2 878 3959 4553 879 3960 4554
5464 6 2 8 2 879 3960 4554 880 3961 4555
5465 6 2 8 2 880 3961 4555 881 3962 4556
5466 6 2 8 2 881 3962 4556 882 3963 4557
5467 6 2 8 2 882 3963 4557 883 3964 4558
5468 6 2 8 2 883 3964 4558 884 3965 4559
5469 6 2 8 2 884 3965 4559 885 3966 4560
5470 6 2 8 2 885 3966 4560 886 3967 4561
5471 6 2 8 2 886 3967 4561 887 3968 4562
5472 6 2 8 2 887 3968 4562 173 1445 1499
5473 6 2 8 2 590 591 634 3694 3705 4178
5474 6 2 8 2 3694 3705 4178 3695 3706 4179
5475 6 2 8 2 3695 3706 4179 3696 3707 4180
5476 6 2 8 2 3696 3707 4180 3697 3708 4181
5477 6 2 8 2 3697 3708 4181 3698 3709 4182
5478 6 2 8 2 3698 3709 4182 3699 3710 4183
5479 6 2 8 2 3699 3710 4183 3700 3711 4184
5480 6 2 8 2 3700 3711 4184 3701 3712 4185
5481 6 2 8 2 3701 3712 4185 3702 3713 4186
5482 6 2 8 2 3702 3713 4186 3703 3714 4187
5483 6 2 8 2 3703 3714 4187 3704 3715 4188
5484 6 2 8 2 3704 3715 4188 1421 1422 1465
5485 6 2 8 2 63 574 639 1164 3518 4233
5486 6 2 8 2 1164 3518 4233 1165 3519 4234
5487 6 2 8 2 1165 3519 4234 1166 3520 4235
5488 6 2 8 2 1166 3520 4235 1167 3521 4236
5489 6 2 8 2 1167 3521 4236 1168 3522 4237
5490 6 2 8 2 1168 3522 4237 1169 3523 4238
5491 6 2 8 2 1169 3523 4238 1170 3524 4239
5492 6 2 8 2 1170 3524 4239 1171 3525 4240
5493 6 2 8 2 1171 3525 4240 1172 3526 4241
5494 6 2 8 2 1172 3526 4241 1173 3527 4242
5495 6 2 8 2 1173 3527 4242 1174 3528 4243
5496 6 2 8 2 1174 3528 4243 217 1405 1470
5497 6 2 8 2 587 589 590 3661 3683 3694
5498 6 2 8 2 3661 3683 3694 3662 3684 3695
5499 6 2 8 2 3662 3684 3695 3663 3685 3696
5500 6 2 8 2 3663 3685 3696 3664 3686 3697
5501 6 2 8 2 3664 3686 3697 3665 3687 3698
5502 6 2 8 2 3665 3687 3698 3666 3688 3699
5503 6 2 8 2 3666 3688 3699 3667 3689 3700
5504 6 2 8 2 3667 3689 3700 3668 3690 3701
5505 6 2 8 2 3668 3690 3701 3669 3691 3702
5506 6 2 8 2 3669 3691 3702 3670 3692 3703
5507 6 2 8 2 3670 3692 3703 3671 3693 3704
5508 6 2 8 2 3671 3693 3704 1418 1420 1421
5509 6 2 8 2 591 595 634 3705 3749 4178
5510 6 2 8 2 3705 3749 4178 3706 3750 4179
5511 6 2 8 2 3706 3750 4179 3707 3751 4180
5512 6 2 8 2 3707 3751 4180 3708 3752 4181
5513 6 2 8 2 3708 3752 4181 3709 3753 4182
5514 6 2 8 2 3709 3753 4182 3710 3754 4183
5515 6 2 8 2 3710 3754 4183 3711 3755 4184
5516 6 2 8 2 3711 3755 4184 3712 3756 4185
5517 6 2 8 2 3712 3756 4185 3713 3757 4186
5518 6 2 8 2 3713 3757 4186 3714 3758 4187
5519 6 2 8 2 3714 3758 4187 3715 3759 4188
5520 6 2 8 2 3715 3759 4188 1422 1426 1465
5521 6 2 8 2 586 632 658 3650 4156 4442
5522 6 2 8 2 3650 4156 4442 3651 4157 4443
5523 6 2 8 2 3651 4157 4443 3652 4158 4444
5524 6 2 8 2 3652 4158 4444 3653 4159 4445
5525 6 2 8 2 3653 4159 4445 3654 4160 4446
5526 6 2 8 2 3654 4160 4446 3655 4161 4447
5527 6 2 8 2 3655 4161 4447 3656 4162 4448
5528 6 2 8 2 3656 4162 4448 3657 4163 4449
5529 6 2 8 2 3657 4163 4449 3658 4164 4450
5530 6 2 8 2 3658 4164 4450 3659 4165 4451
5531 6 2 8 2 3659 4165 4451 3660 4166 4452
5532 6 2 8 2 3660 4166 4452 1417 1463 1489
5533 6 2 8 2 596 627 636 3760 4101 4200
5534 6 2 8 2 3760 4101 4200 3761 4102 4201
5535 6 2 8 2 3761 4102 4201 3762 4103 4202
5536 6 2 8 2 3762 4103 4202 3763 4104 4203
5537 6 2 8 2 3763 4104 4203 3764 4105 4204
5538 6 2 8 2 3764 4105 4204 3765 4106 4205
5539 6 2 8 2 3765 4106 4205 3766 4107 4206
5540 6 2 8 2 3766 4107 4206 3767 4108 4207
5541 6 2 8 2 3767 4108 4207 3768 4109 4208
5542 6 2 8 2 3768 4109 4208 3769 4110 4209
5543 6 2 8 2 3769 4110 4209 3770 4111 4210
5544 6 2 8 2 3770 4111 4210 1427 1458 1467
5545 6 2 8 2 566 89 622 3430 1340 4046
5546 6 2 8 2 3430 1340 4046 3431 1341 4047
5547 6 2 8 2 3431 1341 4047 3432 1342 4048
5548 6 2 8 2 3432 1342 4048 3433 1343 4049
5549 6 2 8 2 3433 1343 4049 3434 1344 4050
5550 6 2 8 2 3434 1344 4050 3435 1345 4051
5551 6 2 8 2 3435 1345 4051 3436 1346 4052
5552 6 2 8 2 3436 1346 4052 3437 1347 4053
5553 6 2 8 2 3437 1347 4053 3438 1348 4054
5554 6 2 8 2 3438 1348 4054 3439 1349 4055
5555 6 2 8 2 3439 1349 4055 3440 1350 4056
5556 6 2 8 2 3440 1350 4056 1397 233 1453
5557 6 2 8 2 586 631 632 3650 4145 4156
5558 6 2 8 2 3650 4145 4156 3651 4146 4157
5559 6 2 8 2 3651 4146 4157 3652 4147 4158
5560 6 2 8 2 3652 4147 4158 3653 4148 4159
5561 6 2 8 2 3653 4148 4159 3654 4149 4160
5562 6 2 8 2 3654 4149 4160 3655 4150 4161
5563 6 2 8 2 3655 4150 4161 3656 4151 4162
5564 6 2 8 2 3656 4151 4162 3657 4152 4163
5565 6 2 8 2 3657 4152 4163 3658 4153 4164
5566 6 2 8 2 3658 4153 4164 3659 4154 4165
5567 6 2 8 2 3659 4154 4165 3660 4155 4166
5568 6 2 8 2 3660 4155 4166 1417 1462 1463
5569 6 2 8 2 579 629 630 3573 4123 4134
5570 6 2 8 2 3573 4123 4134 3574 4124 4135
5571 6 2 8 2 3574 4124 4135 3575 4125 4136
5572 6 2 8 2 3575 4125 4136 3576 4126 4137
5573 6 2 8 2 3576 4126 4137 3577 4127 4138
5574 6 2 8 2 3577 4127 4138 3578 4128 4139
5575 6 2 8 2 3578 4128 4139 3579 4129 4140
5576 6 2 8 2 3579 4129 4140 3580 4130 4141
5577 6 2 8 2 3580 4130 4141 3581 4131 4142
5578 6 2 8 2 3581 4131 4142 3582 4132 4143
5579 6 2 8 2 3582 4132 4143 3583 4133 4144
5580 6 2 8 2 3583 4133 4144 1410 1460 1461
5581 6 2 8 2 64 65 640 1175 1186 4244
5582 6 2 8 2 1175 1186 4244 1176 1187 4245
5583 6 2 8 2 1176 1187 4245 1177 1188 4246
5584 6 2 8 2 1177 1188 4246 1178 1189 4247
5585 6 2 8 2 1178 1189 4247 1179 1190 4248
5586 6 2 8 2 1179 1190 4248 1180 1191 4249
5587 6 2 8 2 1180 1191 4249 1181 1192 4250
5588 6 2 8 2 1181 1192 4250 1182 1193 4251
5589 6 2 8 2 1182 1193 4251 1183 1194 4252
5590 6 2 8 2 1183 1194 4252 1184 1195 4253
5591 6 2 8 2 1184 1195 4253 1185 1196 4254
5592 6 2 8 2 1185 1196 4254 218 219 1471
5593 6 2 8 2 52 613 648 976 3947 4332
5594 6 2 8 2 976 3947 4332 977 3948 4333
5595 6 2 8 2 977 3948 4333 978 3949 4334
5596 6 2 8 2 978 3949 4334 979 3950 4335
5597 6 2 8 2 979 3950 4335 980 3951 4336
5598 6 2 8 2 980 3951 4336 981 3952 4337
5599 6 2 8 2 981 3952 4337 982 3953 4338
5600 6 2 8 2 982 3953 4338 983 3954 4339
5601 6 2 8 2 983 3954 4339 984 3955 4340
5602 6 2 8 2 984 3955 4340 985 3956 4341
5603 6 2 8 2 985 3956 4341 986 3957 4342
5604 6 2 8 2 986 3957 4342 182 1444 1479
5605 6 2 8 2 606 605 630 3870 3859 4134
5606 6 2 8 2 3870 3859 4134 3871 3860 4135
5607 6 2 8 2 3871 3860 4135 3872 3861 4136
5608 6 2 8 2 3872 3861 4136 3873 3862 4137
5609 6 2 8 2 3873 3862 4137 3874 3863 4138
5610 6 2 8 2 3874 3863 4138 3875 3864 4139
5611 6 2 8 2 3875 3864 4139 3876 3865 4140
5612 6 2 8 2 3876 3865 4140 3877 3866 4141
5613 6 2 8 2 3877 3866 4141 3878 3867 4142
5614 6 2 8 2 3878 3867 4142 3879 3868 4143
5615 6 2 8 2 3879 3868 4143 3880 3869 4144
5616 6 2 8 2 3880 3869 4144 1437 1436 1461
5617 6 2 8 2 595 601 634 3749 3815 4178
5618 6 2 8 2 3749 3815 4178 3750 3816 4179
5619 6 2 8 2 3750 3816 4179 3751 3817 4180
5620 6 2 8 2 3751 3817 4180 3752 3818 4181
5621 6 2 8 2 3752 3818 4181 3753 3819 4182
5622 6 2 8 2 3753 3819 4182 3754 3820 4183
5623 6 2 8 2 3754 3820 4183 3755 3821 4184
5624 6 2 8 2 3755 3821 4184 3756 3822 4185
5625 6 2 8 2 3756 3822 4185 3757 3823 4186
5626 6 2 8 2 3757 3823 4186 3758 3824 4187
5627 6 2 8 2 3758 3824 4187 3759 3825 4188
5628 6 2 8 2 3759 3825 4188 1426 1432 1465
5629 6 2 8 2 618 657 666 4002 4431 4530
5630 6 2 8 2 4002 4431 4530 4003 4432 4531
5631 6 2 8 2 4003 4432 4531 4004 4433 4532
5632 6 2 8 2 4004 4433 4532 4005 4434 4533
5633 6 2 8 2 4005 4434 4533 4006 4435 4534
5634 6 2 8 2 4006 4435 4534 4007 4436 4535
5635 6 2 8 2 4007 4436 4535 4008 4437 4536
5636 6 2 8 2 4008 4437 4536 4009 4438 4537
5637 6 2 8 2 4009 4438 4537 4010 4439 4538
5638 6 2 8 2 4010 4439 4538 4011 4440 4539
5639 6 2 8 2 4011 4440 4539 4012 4441 4540
5640 6 2 8 2 4012 4441 4540 1449 1488 1497
5641 6 2 8 2 587 590 631 3661 3694 4145
5642 6 2 8 2 3661 3694 4145 3662 3695 4146
5643 6 2 8 2 3662 3695 4146 3663 3696 4147
5644 6 2 8 2 3663 3696 4147 3664 3697 4148
5645 6 2 8 2 3664 3697 4148 3665 3698 4149
5646 6 2 8 2 3665 3698 4149 3666 3699 4150
5647 6 2 8 2 3666 3699 4150 3667 3700 4151
5648 6 2 8 2 3667 3700 4151 3668 3701 4152
5649 6 2 8 2 3668 3701 4152 3669 3702 4153
5650 6 2 8 2 3669 3702 4153 3670 3703 4154
5651 6 2 8 2 3670 3703 4154 3671 3704 4155
5652 6 2 8 2 3671 3704 4155 1418 1421 1462
5653 6 2 8 2 586 587 631 3650 3661 4145
5654 6 2 8 2 3650 3661 4145 3651 3662 4146
5655 6 2 8 2 3651 3662 4146 3652 3663 4147
5656 6 2 8 2 3652 3663 4147 3653 3664 4148
5657 6 2 8 2 3653 3664 4148 3654 3665 4149
5658 6 2 8 2 3654 3665 4149 3655 3666 4150
5659 6 2 8 2 3655 3666 4150 3656 3667 4151
5660 6 2 8 2 3656 3667 4151 3657 3668 4152
5661 6 2 8 2 3657 3668 4152 3658 3669 4153
5662 6 2 8 2 3658 3669 4153 3659 3670 4154
5663 6 2 8 2 3659 3670 4154 3660 3671 4155
5664 6 2 8 2 3660 3671 4155 1417 1418 1462
5665 6 2 8 2 62 63 639 1153 1164 4233
5666 6 2 8 2 1153 1164 4233 1154 1165 4234
5667 6 2 8 2 1154 1165 4234 1155 1166 4235
5668 6 2 8 2 1155 1166 4235 1156 1167 4236
5669 6 2 8 2 1156 1167 4236 1157 1168 4237
5670 6 2 8 2 1157 1168 4237 1158 1169 4238
5671 6 2 8 2 1158 1169 4238 1159 1170 4239
5672 6 2 8 2 1159 1170 4239 1160 1171 4240
5673 6 2 8 2 1160 1171 4240 1161 1172 4241
5674 6 2 8 2 1161 1172 4241 1162 1173 4242
5675 6 2 8 2 1162 1173 4242 1163 1174 4243
5676 6 2 8 2 1163 1174 4243 216 217 1470
5677 6 2 8 2 97 96 568 1109 1098 3452
5678 6 2 8 2 1109 1098 3452 1110 1099 3453
5679 6 2 8 2 1110 1099 3453 1111 1100 3454
5680 6 2 8 2 1111 1100 3454 1112 1101 3455
5681 6 2 8 2 1112 1101 3455 1113 1102 3456
5682 6 2 8 2 1113 1102 3456 1114 1103 3457
5683 6 2 8 2 1114 1103 3457 1115 1104 3458
5684 6 2 8 2 1115 1104 3458 1116 1105 3459
5685 6 2 8 2 1116 1105 3459 1117 1106 3460
5686 6 2 8 2 1117 1106 3460 1118 1107 3461
5687 6 2 8 2 1118 1107 3461 1119 1108 3462
5688 6 2 8 2 1119 1108 3462 201 200 1399
5689 6 2 8 2 629 616 638 4123 3980 4222
5690 6 2 8 2 4123 3980 4222 4124 3981 4223
5691 6 2 8 2 4124 3981 4223 4125 3982 4224
5692 6 2 8 2 4125 3982 4224 4126 3983 4225
5693 6 2 8 2 4126 3983 4225 4127 3984 4226
5694 6 2 8 2 4127 3984 4226 4128 3985 4227
5695 6 2 8 2 4128 3985 4227 4129 3986 4228
5696 6 2 8 2 4129 3986 4228 4130 3987 4229
5697 6 2 8 2 4130 3987 4229 4131 3988 4230
5698 6 2 8 2 4131 3988 4230 4132 3989 4231
5699 6 2 8 2 4132 3989 4231 4133 3990 4232
5700 6 2 8 2 4133 3990 4232 1460 1447 1469
5701 6 2 8 2 586 585 587 3650 3639 3661
5702 6 2 8 2 3650 3639 3661 3651 3640 3662
5703 6 2 8 2 3651 3640 3662 3652 3641 3663
5704 6 2 8 2 3652 3641 3663 3653 3642 3664
5705 6 2 8 2 3653 3642 3664 3654 3643 3665
5706 6 2 8 2 3654 3643 3665 3655 3644 3666
5707 6 2 8 2 3655 3644 3666 3656 3645 3667
5708 6 2 8 2 3656 3645 3667 3657 3646 3668
5709 6 2 8 2 3657 3646 3668 3658 3647 3669
5710 6 2 8 2 3658 3647 3669 3659 3648 3670
5711 6 2 8 2 3659 3648 3670 3660 3649 3671
5712 6 2 8 2 3660 3649 3671 1417 1416 1418
5713 6 2 8 2 628 566 642 4112 3430 4266
5714 6 2 8 2 4112 3430 4266 4113 3431 4267
5715 6 2 8 2 4113 3431 4267 4114 3432 4268
5716 6 2 8 2 4114 3432 4268 4115 3433 4269
5717 6 2 8 2 4115 3433 4269 4116 3434 4270
5718 6 2 8 2 4116 3434 4270 4117 3435 4271
5719 6 2 8 2 4117 3435 4271 4118 3436 4272
5720 6 2 8 2 4118 3436 4272 4119 3437 4273
5721 6 2 8 2 4119 3437 4273 4120 3438 4274
5722 6 2 8 2 4120 3438 4274 4121 3439 4275
5723 6 2 8 2 4121 3439 4275 4122 3440 4276
5724 6 2 8 2 4122 3440 4276 1459 1397 1473
5725 6 2 8 2 632 631 633 4156 4145 4167
5726 6 2 8 2 4156 4145 4167 4157 4146 4168
5727 6 2 8 2 4157 4146 4168 4158 4147 4169
5728 6 2 8 2 4158 4147 4169 4159 4148 4170
5729 6 2 8 2 4159 4148 4170 4160 4149 4171
5730 6 2 8 2 4160 4149 4171 4161 4150 4172
5731 6 2 8 2 4161 4150 4172 4162 4151 4173
5732 6 2 8 2 4162 4151 4173 4163 4152 4174
5733 6 2 8 2 4163 4152 4174 4164 4153 4175
5734 6 2 8 2 4164 4153 4175 4165 4154 4176
5735 6 2 8 2 4165 4154 4176 4166 4155 4177
5736 6 2 8 2 4166 4155 4177 1463 1462 1464
5737 6 2 8 2 624 565 663 4068 3419 4497
5738 6 2 8 2 4068 3419 4497 4069 3420 4498
5739 6 2 8 2 4069 3420 4498 4070 3421 4499
5740 6 2 8 2 4070 3421 4499 4071 3422 4500
5741 6 2 8 2 4071 3422 4500 4072 3423 4501
5742 6 2 8 2 4072 3423 4501 4073 3424 4502
5743 6 2 8 2 4073 3424 4502 4074 3425 4503
5744 6 2 8 2 4074 3425 4503 4075 3426 4504
5745 6 2 8 2 4075 3426 4504 4076 3427 4505
5746 6 2 8 2 4076 3427 4505 4077 3428 4506
5747 6 2 8 2 4077 3428 4506 4078 3429 4507
5748 6 2 8 2 4078 3429 4507 1455 1396 1494
5749 6 2 8 2 597 56 667 3771 1020 4541
5750 6 2 8 2 3771 1020 4541 3772 1021 4542
5751 6 2 8 2 3772 1021 4542 3773 1022 4543
5752 6 2 8 2 3773 1022 4543 3774 1023 4544
5753 6 2 8 2 3774 1023 4544 3775 1024 4545
5754 6 2 8 2 3775 1024 4545 3776 1025 4546
5755 6 2 8 2 3776 1025 4546 3777 1026 4547
5756 6 2 8 2 3777 1026 4547 3778 1027 4548
5757 6 2 8 2 3778 1027 4548 3779 1028 4549
5758 6 2 8 2 3779 1028 4549 3780 1029 4550
5759 6 2 8 2 3780 1029 4550 3781 1030 4551
5760 6 2 8 2 3781 1030 4551 1428 186 1498
5761 6 2 8 2 573 628 635 3507 4112 4189
5762 6 2 8 2 3507 4112 4189 3508 4113 4190
5763 6 2 8 2 3508 4113 4190 3509 4114 4191
5764 6 2 8 2 3509 4114 4191 3510 4115 4192
5765 6 2 8 2 3510 4115 4192 3511 4116 4193
5766 6 2 8 2 3511 4116 4193 3512 4117 4194
5767 6 2 8 2 3512 4117 4194 3513 4118 4195
5768 6 2 8 2 3513 4118 4195 3514 4119 4196
5769 6 2 8 2 3514 4119 4196 3515 4120 4197
5770 6 2 8 2 3515 4120 4197 3516 4121 4198
5771 6 2 8 2 3516 4121 4198 3517 4122 4199
5772 6 2 8 2 3517 4122 4199 1404 1459 1466
5773 6 2 8 2 48 49 645 932 943 4299
5774 6 2 8 2 932 943 4299 933 944 4300
5775 6 2 8 2 933 944 4300 934 945 4301
5776 6 2 8 2 934 945 4301 935 946 4302
5777 6 2 8 2 935 946 4302 936 947 4303
5778 6 2 8 2 936 947 4303 937 948 4304
5779 6 2 8 2 937 948 4304 938 949 4305
5780 6 2 8 2 938 949 4305 939 950 4306
5781 6 2 8 2 939 950 4306 940 951 4307
5782 6 2 8 2 940 951 4307 941 952 4308
5783 6 2 8 2 941 952 4308 942 953 4309
5784 6 2 8 2 942 953 4309 178 179 1476
5785 6 2 8 2 625 571 638 4079 3485 4222
5786 6 2 8 2 4079 3485 4222 4080 3486 4223
5787 6 2 8 2 4080 3486 4223 4081 3487 4224
5788 6 2 8 2 4081 3487 4224 4082 3488 4225
5789 6 2 8 2 4082 3488 4225 4083 3489 4226
5790 6 2 8 2 4083 3489 4226 4084 3490 4227
5791 6 2 8 2 4084 3490 4227 4085 3491 4228
5792 6 2 8 2 4085 3491 4228 4086 3492 4229
5793 6 2 8 2 4086 3492 4229 4087 3493 4230
5794 6 2 8 2 4087 3493 4230 4088 3494 4231
5795 6 2 8 2 4088 3494 4231 4089 3495 4232
5796 6 2 8 2 4089 3495 4232 1456 1402 1469
5797 6 2 8 2 92 573 623 1373 3507 4057
5798 6 2 8 2 1373 3507 4057 1374 3508 4058
5799 6 2 8 2 1374 3508 4058 1375 3509 4059
5800 6 2 8 2 1375 3509 4059 1376 3510 4060
5801 6 2 8 2 1376 3510 4060 1377 3511 4061
5802 6 2 8 2 1377 3511 4061 1378 3512 4062
5803 6 2 8 2 1378 3512 4062 1379 3513 4063
5804 6 2 8 2 1379 3513 4063 1380 3514 4064
5805 6 2 8 2 1380 3514 4064 1381 3515 4065
5806 6 2 8 2 1381 3515 4065 1382 3516 4066
5807 6 2 8 2 1382 3516 4066 1383 3517 4067
5808 6 2 8 2 1383 3517 4067 236 1404 1454
5809 6 2 8 2 51 52 648 965 976 4332
5810 6 2 8 2 965 976 4332 966 977 4333
5811 6 2 8 2 966 977 4333 967 978 4334
5812 6 2 8 2 967 978 4334 968 979 4335
5813 6 2 8 2 968 979 4335 969 980 4336
5814 6 2 8 2 969 980 4336 970 981 4337
5815 6 2 8 2 970 981 4337 971 982 4338
5816 6 2 8 2 971 982 4338 972 983 4339
5817 6 2 8 2 972 983 4339 973 984 4340
5818 6 2 8 2 973 984 4340 974 985 4341
5819 6 2 8 2 974 985 4341 975 986 4342
5820 6 2 8 2 975 986 4342 181 182 1479
5821 6 2 8 2 639 598 661 4233 3782 4475
5822 6 2 8 2 4233 3782 4475 4234 3783 4476
5823 6 2 8 2 4234 3783 4476 4235 3784 4477
5824 6 2 8 2 4235 3784 4477 4236 3785 4478
5825 6 2 8 2 4236 3785 4478 4237 3786 4479
5826 6 2 8 2 4237 3786 4479 4238 3787 4480
5827 6 2 8 2 4238 3787 4480 4239 3788 4481
5828 6 2 8 2 4239 3788 4481 4240 3789 4482
5829 6 2 8 2 4240 3789 4482 4241 3790 4483
5830 6 2 8 2 4241 3790 4483 4242 3791 4484
5831 6 2 8 2 4242 3791 4484 4243 3792 4485
5832 6 2 8 2 4243 3792 4485 1470 1429 1492
5833 6 2 8 2 3 48 567 162 932 3441
5834 6 2 8 2 162 932 3441 163 933 3442
5835 6 2 8 2 163 933 3442 164 934 3443
5836 6 2 8 2 164 934 3443 165 935 3444
5837 6 2 8 2 165 935 3444 166 936 3445
5838 6 2 8 2 166 936 3445 167 937 3446
5839 6 2 8 2 167 937 3446 168 938 3447
5840 6 2 8 2 168 938 3447 169 939 3448
5841 6 2 8 2 169 939 3448 170 940 3449
5842 6 2 8 2 170 940 3449 171 941 3450
5843 6 2 8 2 171 941 3450 172 942 3451
5844 6 2 8 2 172 942 3451 15 178 1398
5845 6 2 8 2 65 66 644 1186 1197 4288
5846 6 2 8 2 1186 1197 4288 1187 1198 4289
5847 6 2 8 2 1187 1198 4289 1188 1199 4290
5848 6 2 8 2 1188 1199 4290 1189 1200 4291
5849 6 2 8 2 1189 1200 4291 1190 1201 4292
5850 6 2 8 2 1190 1201 4292 1191 1202 4293
5851 6 2 8 2 1191 1202 4293 1192 1203 4294
5852 6 2 8 2 1192 1203 4294 1193 1204 4295
5853 6 2 8 2 1193 1204 4295 1194 1205 4296
5854 6 2 8 2 1194 1205 4296 1195 1206 4297
5855 6 2 8 2 1195 1206 4297 1196 1207 4298
5856 6 2 8 2 1196 1207 4298 219 220 1475
5857 6 2 8 2 618 617 619 4002 3991 4013
5858 6 2 8 2 4002 3991 4013 4003 3992 4014
5859 6 2 8 2 4003 3992 4014 4004 3993 4015
5860 6 2 8 2 4004 3993 4015 4005 3994 4016
5861 6 2 8 2 4005 3994 4016 4006 3995 4017
5862 6 2 8 2 4006 3995 4017 4007 3996 4018
5863 6 2 8 2 4007 3996 4018 4008 3997 4019
5864 6 2 8 2 4008 3997 4019 4009 3998 4020
5865 6 2 8 2 4009 3998 4020 4010 3999 4021
5866 6 2 8 2 4010 3999 4021 4011 4000 4022
5867 6 2 8 2 4011 4000 4022 4012 4001 4023
5868 6 2 8 2 4012 4001 4023 1449 1448 1450
5869 6 2 8 2 50 565 624 954 3419 4068
5870 6 2 8 2 954 3419 4068 955 3420 4069
5871 6 2 8 2 955 3420 4069 956 3421 4070
5872 6 2 8 2 956 3421 4070 957 3422 4071
5873 6 2 8 2 957 3422 4071 958 3423 4072
5874 6 2 8 2 958 3423 4072 959 3424 4073
5875 6 2 8 2 959 3424 4073 960 3425 4074
5876 6 2 8 2 960 3425 4074 961 3426 4075
5877 6 2 8 2 961 3426 4075 962 3427 4076
5878 6 2 8 2 962 3427 4076 963 3428 4077
5879 6 2 8 2 963 3428 4077 964 3429 4078
5880 6 2 8 2 964 3429 4078 180 1396 1455
5881 6 2 8 2 616 625 638 3980 4079 4222
5882 6 2 8 2 3980 4079 4222 3981 4080 4223
5883 6 2 8 2 3981 4080 4223 3982 4081 4224
5884 6 2 8 2 3982 4081 4224 3983 4082 4225
5885 6 2 8 2 3983 4082 4225 3984 4083 4226
5886 6 2 8 2 3984 4083 4226 3985 4084 4227
5887 6 2 8 2 3985 4084 4227 3986 4085 4228
5888 6 2 8 2 3986 4085 4228 3987 4086 4229
5889 6 2 8 2 3987 4086 4229 3988 4087 4230
5890 6 2 8 2 3988 4087 4230 3989 4088 4231
5891 6 2 8 2 3989 4088 4231 3990 4089 4232
5892 6 2 8 2 3990 4089 4232 1447 1456 1469
5893 6 2 8 2 598 639 651 3782 4233 4365
5894 6 2 8 2 3782 4233 4365 3783 4234 4366
5895 6 2 8 2 3783 4234 4366 3784 4235 4367
5896 6 2 8 2 3784 4235 4367 3785 4236 4368
5897 6 2 8 2 3785 4236 4368 3786 4237 4369
5898 6 2 8 2 3786 4237 4369 3787 4238 4370
5899 6 2 8 2 3787 4238 4370 3788 4239 4371
5900 6 2 8 2 3788 4239 4371 3789 4240 4372
5901 6 2 8 2 3789 4240 4372 3790 4241 4373
5902 6 2 8 2 3790 4241 4373 3791 4242 4374
5903 6 2 8 2 3791 4242 4374 3792 4243 4375
5904 6 2 8 2 3792 4243 4375 1429 1470 1482
5905 6 2 8 2 96 95 649 1098 1087 4343
5906 6 2 8 2 1098 1087 4343 1099 1088 4344
5907 6 2 8 2 1099 1088 4344 1100 1089 4345
5908 6 2 8 2 1100 1089 4345 1101 1090 4346
5909 6 2 8 2 1101 1090 4346 1102 1091 4347
5910 6 2 8 2 1102 1091 4347 1103 1092 4348
5911 6 2 8 2 1103 1092 4348 1104 1093 4349
5912 6 2 8 2 1104 1093 4349 1105 1094 4350
5913 6 2 8 2 1105 1094 4350 1106 1095 4351
5914 6 2 8 2 1106 1095 4351 1107 1096 4352
5915 6 2 8 2 1107 1096 4352 1108 1097 4353
5916 6 2 8 2 1108 1097 4353 200 199 1480
5917 6 2 8 2 598 87 661 3782 1318 4475
5918 6 2 8 2 3782 1318 4475 3783 1319 4476
5919 6 2 8 2 3783 1319 4476 3784 1320 4477
5920 6 2 8 2 3784 1320 4477 3785 1321 4478
5921 6 2 8 2 3785 1321 4478 3786 1322 4479
5922 6 2 8 2 3786 1322 4479 3787 1323 4480
5923 6 2 8 2 3787 1323 4480 3788 1324 4481
5924 6 2 8 2 3788 1324 4481 3789 1325 4482
5925 6 2 8 2 3789 1325 4482 3790 1326 4483
5926 6 2 8 2 3790 1326 4483 3791 1327 4484
5927 6 2 8 2 3791 1327 4484 3792 1328 4485
5928 6 2 8 2 3792 1328 4485 1429 231 1492
5929 6 2 8 2 584 583 585 3628 3617 3639
5930 6 2 8 2 3628 3617 3639 3629 3618 3640
5931 6 2 8 2 3629 3618 3640 3630 3619 3641
5932 6 2 8 2 3630 3619 3641 3631 3620 3642
5933 6 2 8 2 3631 3620 3642 3632 3621 3643
5934 6 2 8 2 3632 3621 3643 3633 3622 3644
5935 6 2 8 2 3633 3622 3644 3634 3623 3645
5936 6 2 8 2 3634 3623 3645 3635 3624 3646
5937 6 2 8 2 3635 3624 3646 3636 3625 3647
5938 6 2 8 2 3636 3625 3647 3637 3626 3648
5939 6 2 8 2 3637 3626 3648 3638 3627 3649
5940 6 2 8 2 3638 3627 3649 1415 1414 1416
5941 6 2 8 2 582 584 607 3606 3628 3881
5942 6 2 8 2 3606 3628 3881 3607 3629 3882
5943 6 2 8 2 3607 3629 3882 3608 3630 3883
5944 6 2 8 2 3608 3630 3883 3609 3631 3884
5945 6 2 8 2 3609 3631 3884 3610 3632 3885
5946 6 2 8 2 3610 3632 3885 3611 3633 3886
5947 6 2 8 2 3611 3633 3886 3612 3634 3887
5948 6 2 8 2 3612 3634 3887 3613 3635 3888
5949 6 2 8 2 3613 3635 3888 3614 3636 3889
5950 6 2 8 2 3614 3636 3889 3615 3637 3890
5951 6 2 8 2 3615 3637 3890 3616 3638 3891
5952 6 2 8 2 3616 3638 3891 1413 1415 1438
5953 6 2 8 2 582 578 583 3606 3562 3617
5954 6 2 8 2 3606 3562 3617 3607 3563 3618
5955 6 2 8 2 3607 3563 3618 3608 3564 3619
5956 6 2 8 2 3608 3564 3619 3609 3565 3620
5957 6 2 8 2 3609 3565 3620 3610 3566 3621
5958 6 2 8 2 3610 3566 3621 3611 3567 3622
5959 6 2 8 2 3611 3567 3622 3612 3568 3623
5960 6 2 8 2 3612 3568 3623 3613 3569 3624
5961 6 2 8 2 3613 3569 3624 3614 3570 3625
5962 6 2 8 2 3614 3570 3625 3615 3571 3626
5963 6 2 8 2 3615 3571 3626 3616 3572 3627
5964 6 2 8 2 3616 3572 3627 1413 1409 1414
5965 6 2 8 2 66 569 644 1197 3463 4288
5966 6 2 8 2 1197 3463 4288 1198 3464 4289
5967 6 2 8 2 1198 3464 4289 1199 3465 4290
5968 6 2 8 2 1199 3465 4290 1200 3466 4291
5969 6 2 8 2 1200 3466 4291 1201 3467 4292
5970 6 2 8 2 1201 3467 4292 1202 3468 4293
5971 6 2 8 2 1202 3468 4293 1203 3469 4294
5972 6 2 8 2 1203 3469 4294 1204 3470 4295
5973 6 2 8 2 1204 3470 4295 1205 3471 4296
5974 6 2 8 2 1205 3471 4296 1206 3472 4297
5975 6 2 8 2 1206 3472 4297 1207 3473 4298
5976 6 2 8 2 1207 3473 4298 220 1400 1475
5977 6 2 8 2 565 51 648 3419 965 4332
5978 6 2 8 2 3419 965 4332 3420 966 4333
5979 6 2 8 2 3420 966 4333 3421 967 4334
5980 6 2 8 2 3421 967 4334 3422 968 4335
5981 6 2 8 2 3422 968 4335 3423 969 4336
5982 6 2 8 2 3423 969 4336 3424 970 4337
5983 6 2 8 2 3424 970 4337 3425 971 4338
5984 6 2 8 2 3425 971 4338 3426 972 4339
5985 6 2 8 2 3426 972 4339 3427 973 4340
5986 6 2 8 2 3427 973 4340 3428 974 4341
5987 6 2 8 2 3428 974 4341 3429 975 4342
5988 6 2 8 2 3429 975 4342 1396 181 1479
5989 6 2 8 2 573 91 628 3507 1362 4112
5990 6 2 8 2 3507 1362 4112 3508 1363 4113
5991 6 2 8 2 3508 1363 4113 3509 1364 4114
5992 6 2 8 2 3509 1364 4114 3510 1365 4115
5993 6 2 8 2 3510 1365 4115 3511 1366 4116
5994 6 2 8 2 3511 1366 4116 3512 1367 4117
5995 6 2 8 2 3512 1367 4117 3513 1368 4118
5996 6 2 8 2 3513 1368 4118 3514 1369 4119
5997 6 2 8 2 3514 1369 4119 3515 1370 4120
5998 6 2 8 2 3515 1370 4120 3516 1371 4121
5999 6 2 8 2 3516 1371 4121 3517 1372 4122
6000 6 2 8 2 3517 1372 4122 1404 235 1459
6001 6 2 8 2 73 74 665 1274 1285 4519
6002 6 2 8 2 1274 1285 4519 1275 1286 4520
6003 6 2 8 2 1275 1286 4520 1276 1287 4521
6004 6 2 8 2 1276 1287 4521 1277 1288 4522
6005 6 2 8 2 1277 1288 4522 1278 1289 4523
6006 6 2 8 2 1278 1289 4523 1279 1290 4524
6007 6 2 8 2 1279 1290 4524 1280 1291 4525
6008 6 2 8 2 1280 1291 4525 1281 1292 4526
6009 6 2 8 2 1281 1292 4526 1282 1293 4527
6010 6 2 8 2 1282 1293 4527 1283 1294 4528
6011 6 2 8 2 1283 1294 4528 1284 1295 4529
6012 6 2 8 2 1284 1295 4529 227 228 1496
6013 6 2 8 2 576 567 578 3540 3441 3562
6014 6 2 8 2 3540 3441 3562 3541 3442 3563
6015 6 2 8 2 3541 3442 3563 3542 3443 3564
6016 6 2 8 2 3542 3443 3564 3543 3444 3565
6017 6 2 8 2 3543 3444 3565 3544 3445 3566
6018 6 2 8 2 3544 3445 3566 3545 3446 3567
6019 6 2 8 2 3545 3446 3567 3546 3447 3568
6020 6 2 8 2 3546 3447 3568 3547 3448 3569
6021 6 2 8 2 3547 3448 3569 3548 3449 3570
6022 6 2 8 2 3548 3449 3570 3549 3450 3571
6023 6 2 8 2 3549 3450 3571 3550 3451 3572
6024 6 2 8 2 3550 3451 3572 1407 1398 1409
6025 6 2 8 2 584 585 586 3628 3639 3650
6026 6 2 8 2 3628 3639 3650 3629 3640 3651
6027 6 2 8 2 3629 3640 3651 3630 3641 3652
6028 6 2 8 2 3630 3641 3652 3631 3642 3653
6029 6 2 8 2 3631 3642 3653 3632 3643 3654
6030 6 2 8 2 3632 3643 3654 3633 3644 3655
6031 6 2 8 2 3633 3644 3655 3634 3645 3656
6032 6 2 8 2 3634 3645 3656 3635 3646 3657
6033 6 2 8 2 3635 3646 3657 3636 3647 3658
6034 6 2 8 2 3636 3647 3658 3637 3648 3659
6035 6 2 8 2 3637 3648 3659 3638 3649 3660
6036 6 2 8 2 3638 3649 3660 1415 1416 1417
6037 6 2 8 2 582 583 584 3606 3617 3628
6038 6 2 8 2 3606 3617 3628 3607 3618 3629
6039 6 2 8 2 3607 3618 3629 3608 3619 3630
6040 6 2 8 2 3608 3619 3630 3609 3620 3631
6041 6 2 8 2 3609 3620 3631 3610 3621 3632
6042 6 2 8 2 3610 3621 3632 3611 3622 3633
6043 6 2 8 2 3611 3622 3633 3612 3623 3634
6044 6 2 8 2 3612 3623 3634 3613 3624 3635
6045 6 2 8 2 3613 3624 3635 3614 3625 3636
6046 6 2 8 2 3614 3625 3636 3615 3626 3637
6047 6 2 8 2 3615 3626 3637 3616 3627 3638
6048 6 2 8 2 3616 3627 3638 1413 1414 1415
6049 6 2 8 2 590 634 646 3694 4178 4310
6050 6 2 8 2 3694 4178 4310 3695 4179 4311
6051 6 2 8 2 3695 4179 4311 3696 4180 4312
6052 6 2 8 2 3696 4180 4312 3697 4181 4313
6053 6 2 8 2 3697 4181 4313 3698 4182 4314
6054 6 2 8 2 3698 4182 4314 3699 4183 4315
6055 6 2 8 2 3699 4183 4315 3700 4184 4316
6056 6 2 8 2 3700 4184 4316 3701 4185 4317
6057 6 2 8 2 3701 4185 4317 3702 4186 4318
6058 6 2 8 2 3702 4186 4318 3703 4187 4319
6059 6 2 8 2 3703 4187 4319 3704 4188 4320
6060 6 2 8 2 3704 4188 4320 1421 1465 1477
6061 6 2 8 2 632 572 658 4156 3496 4442
6062 6 2 8 2 4156 3496 4442 4157 3497 4443
6063 6 2 8 2 4157 3497 4443 4158 3498 4444
6064 6 2 8 2 4158 3498 4444 4159 3499 4445
6065 6 2 8 2 4159 3499 4445 4160 3500 4446
6066 6 2 8 2 4160 3500 4446 4161 3501 4447
6067 6 2 8 2 4161 3501 4447 4162 3502 4448
6068 6 2 8 2 4162 3502 4448 4163 3503 4449
6069 6 2 8 2 4163 3503 4449 4164 3504 4450
6070 6 2 8 2 4164 3504 4450 4165 3505 4451
6071 6 2 8 2 4165 3505 4451 4166 3506 4452
6072 6 2 8 2 4166 3506 4452 1463 1403 1489
6073 6 2 8 2 615 616 617 3969 3980 3991
6074 6 2 8 2 3969 3980 3991 3970 3981 3992
6075 6 2 8 2 3970 3981 3992 3971 3982 3993
6076 6 2 8 2 3971 3982 3993 3972 3983 3994
6077 6 2 8 2 3972 3983 3994 3973 3984 3995
6078 6 2 8 2 3973 3984 3995 3974 3985 3996
6079 6 2 8 2 3974 3985 3996 3975 3986 3997
6080 6 2 8 2 3975 3986 3997 3976 3987 3998
6081 6 2 8 2 3976 3987 3998 3977 3988 3999
6082 6 2 8 2 3977 3988 3999 3978 3989 4000
6083 6 2 8 2 3978 3989 4000 3979 3990 4001
6084 6 2 8 2 3979 3990 4001 1446 1447 1448
6085 6 2 8 2 649 599 668 4343 3793 4552
6086 6 2 8 2 4343 3793 4552 4344 3794 4553
6087 6 2 8 2 4344 3794 4553 4345 3795 4554
6088 6 2 8 2 4345 3795 4554 4346 3796 4555
6089 6 2 8 2 4346 3796 4555 4347 3797 4556
6090 6 2 8 2 4347 3797 4556 4348 3798 4557
6091 6 2 8 2 4348 3798 4557 4349 3799 4558
6092 6 2 8 2 4349 3799 4558 4350 3800 4559
6093 6 2 8 2 4350 3800 4559 4351 3801 4560
6094 6 2 8 2 4351 3801 4560 4352 3802 4561
6095 6 2 8 2 4352 3802 4561 4353 3803 4562
6096 6 2 8 2 4353 3803 4562 1480 1430 1499
6097 6 2 8 2 571 47 626 3485 921 4090
6098 6 2 8 2 3485 921 4090 3486 922 4091
6099 6 2 8 2 3486 922 4091 3487 923 4092
6100 6 2 8 2 3487 923 4092 3488 924 4093
6101 6 2 8 2 3488 924 4093 3489 925 4094
6102 6 2 8 2 3489 925 4094 3490 926 4095
6103 6 2 8 2 3490 926 4095 3491 927 4096
6104 6 2 8 2 3491 927 4096 3492 928 4097
6105 6 2 8 2 3492 928 4097 3493 929 4098
6106 6 2 8 2 3493 929 4098 3494 930 4099
6107 6 2 8 2 3494 930 4099 3495 931 4100
6108 6 2 8 2 3495 931 4100 1402 177 1457
6109 6 2 8 2 635 628 642 4189 4112 4266
6110 6 2 8 2 4189 4112 4266 4190 4113 4267
6111 6 2 8 2 4190 4113 4267 4191 4114 4268
6112 6 2 8 2 4191 4114 4268 4192 4115 4269
6113 6 2 8 2 4192 4115 4269 4193 4116 4270
6114 6 2 8 2 4193 4116 4270 4194 4117 4271
6115 6 2 8 2 4194 4117 4271 4195 4118 4272
6116 6 2 8 2 4195 4118 4272 4196 4119 4273
6117 6 2 8 2 4196 4119 4273 4197 4120 4274
6118 6 2 8 2 4197 4120 4274 4198 4121 4275
6119 6 2 8 2 4198 4121 4275 4199 4122 4276
6120 6 2 8 2 4199 4122 4276 1466 1459 1473
6121 6 2 8 2 4 93 655 115 1384 4409
6122 6 2 8 2 115 1384 4409 116 1385 4410
6123 6 2 8 2 116 1385 4410 117 1386 4411
6124 6 2 8 2 117 1386 4411 118 1387 4412
6125 6 2 8 2 118 1387 4412 119 1388 4413
6126 6 2 8 2 119 1388 4413 120 1389 4414
6127 6 2 8 2 120 1389 4414 121 1390 4415
6128 6 2 8 2 121 1390 4415 122 1391 4416
6129 6 2 8 2 122 1391 4416 123 1392 4417
6130 6 2 8 2 123 1392 4417 124 1393 4418
6131 6 2 8 2 124 1393 4418 125 1394 4419
6132 6 2 8 2 125 1394 4419 12 237 1486
6133 6 2 8 2 636 627 642 4200 4101 4266
6134 6 2 8 2 4200 4101 4266 4201 4102 4267
6135 6 2 8 2 4201 4102 4267 4202 4103 4268
6136 6 2 8 2 4202 4103 4268 4203 4104 4269
6137 6 2 8 2 4203 4104 4269 4204 4105 4270
6138 6 2 8 2 4204 4105 4270 4205 4106 4271
6139 6 2 8 2 4205 4106 4271 4206 4107 4272
6140 6 2 8 2 4206 4107 4272 4207 4108 4273
6141 6 2 8 2 4207 4108 4273 4208 4109 4274
6142 6 2 8 2 4208 4109 4274 4209 4110 4275
6143 6 2 8 2 4209 4110 4275 4210 4111 4276
6144 6 2 8 2 4210 4111 4276 1467 1458 1473
6145 6 2 8 2 608 583 663 3892 3617 4497
6146 6 2 8 2 3892 3617 4497 3893 3618 4498
6147 6 2 8 2 3893 3618 4498 3894 3619 4499
6148 6 2 8 2 3894 3619 4499 3895 3620 4500
6149 6 2 8 2 3895 3620 4500 3896 3621 4501
6150 6 2 8 2 3896 3621 4501 3897 3622 4502
6151 6 2 8 2 3897 3622 4502 3898 3623 4503
6152 6 2 8 2 3898 3623 4503 3899 3624 4504
6153 6 2 8 2 3899 3624 4504 3900 3625 4505
6154 6 2 8 2 3900 3625 4505 3901 3626 4506
6155 6 2 8 2 3901 3626 4506 3902 3627 4507
6156 6 2 8 2 3902 3627 4507 1439 1414 1494
6157 6 2 8 2 633 631 646 4167 4145 4310
6158 6 2 8 2 4167 4145 4310 4168 4146 4311
6159 6 2 8 2 4168 4146 4311 4169 4147 4312
6160 6 2 8 2 4169 4147 4312 4170 4148 4313
6161 6 2 8 2 4170 4148 4313 4171 4149 4314
6162 6 2 8 2 4171 4149 4314 4172 4150 4315
6163 6 2 8 2 4172 4150 4315 4173 4151 4316
6164 6 2 8 2 4173 4151 4316 4174 4152 4317
6165 6 2 8 2 4174 4152 4317 4175 4153 4318
6166 6 2 8 2 4175 4153 4318 4176 4154 4319
6167 6 2 8 2 4176 4154 4319 4177 4155 4320
6168 6 2 8 2 4177 4155 4320 1464 1462 1477
6169 6 2 8 2 639 574 651 4233 3518 4365
6170 6 2 8 2 4233 3518 4365 4234 3519 4366
6171 6 2 8 2 4234 3519 4366 4235 3520 4367
6172 6 2 8 2 4235 3520 4367 4236 3521 4368
6173 6 2 8 2 4236 3521 4368 4237 3522 4369
6174 6 2 8 2 4237 3522 4369 4238 3523 4370
6175 6 2 8 2 4238 3523 4370 4239 3524 4371
6176 6 2 8 2 4239 3524 4371 4240 3525 4372
6177 6 2 8 2 4240 3525 4372 4241 3526 4373
6178 6 2 8 2 4241 3526 4373 4242 3527 4374
6179 6 2 8 2 4242 3527 4374 4243 3528 4375
6180 6 2 8 2 4243 3528 4375 1470 1405 1482
6181 6 2 8 2 49 624 645 943 4068 4299
6182 6 2 8 2 943 4068 4299 944 4069 4300
6183 6 2 8 2 944 4069 4300 945 4070 4301
6184 6 2 8 2 945 4070 4301 946 4071 4302
6185 6 2 8 2 946 4071 4302 947 4072 4303
6186 6 2 8 2 947 4072 4303 948 4073 4304
6187 6 2 8 2 948 4073 4304 949 4074 4305
6188 6 2 8 2 949 4074 4305 950 4075 4306
6189 6 2 8 2 950 4075 4306 951 4076 4307
6190 6 2 8 2 951 4076 4307 952 4077 4308
6191 6 2 8 2 952 4077 4308 953 4078 4309
6192 6 2 8 2 953 4078 4309 179 1455 1476
6193 6 2 8 2 603 580 604 3837 3584 3848
6194 6 2 8 2 3837 3584 3848 3838 3585 3849
6195 6 2 8 2 3838 3585 3849 3839 3586 3850
6196 6 2 8 2 3839 3586 3850 3840 3587 3851
6197 6 2 8 2 3840 3587 3851 3841 3588 3852
6198 6 2 8 2 3841 3588 3852 3842 3589 3853
6199 6 2 8 2 3842 3589 3853 3843 3590 3854
6200 6 2 8 2 3843 3590 3854 3844 3591 3855
6201 6 2 8 2 3844 3591 3855 3845 3592 3856
6202 6 2 8 2 3845 3592 3856 3846 3593 3857
6203 6 2 8 2 3846 3593 3857 3847 3594 3858
6204 6 2 8 2 3847 3594 3858 1434 1411 1435
6205 6 2 8 2 98 97 637 1120 1109 4211
6206 6 2 8 2 1120 1109 4211 1121 1110 4212
6207 6 2 8 2 1121 1110 4212 1122 1111 4213
6208 6 2 8 2 1122 1111 4213 1123 1112 4214
6209 6 2 8 2 1123 1112 4214 1124 1113 4215
6210 6 2 8 2 1124 1113 4215 1125 1114 4216
6211 6 2 8 2 1125 1114 4216 1126 1115 4217
6212 6 2 8 2 1126 1115 4217 1127 1116 4218
6213 6 2 8 2 1127 1116 4218 1128 1117 4219
6214 6 2 8 2 1128 1117 4219 1129 1118 4220
6215 6 2 8 2 1129 1118 4220 1130 1119 4221
6216 6 2 8 2 1130 1119 4221 202 201 1468
6217 6 2 8 2 620 649 668 4024 4343 4552
6218 6 2 8 2 4024 4343 4552 4025 4344 4553
6219 6 2 8 2 4025 4344 4553 4026 4345 4554
6220 6 2 8 2 4026 4345 4554 4027 4346 4555
6221 6 2 8 2 4027 4346 4555 4028 4347 4556
6222 6 2 8 2 4028 4347 4556 4029 4348 4557
6223 6 2 8 2 4029 4348 4557 4030 4349 4558
6224 6 2 8 2 4030 4349 4558 4031 4350 4559
6225 6 2 8 2 4031 4350 4559 4032 4351 4560
6226 6 2 8 2 4032 4351 4560 4033 4352 4561
6227 6 2 8 2 4033 4352 4561 4034 4353 4562
6228 6 2 8 2 4034 4353 4562 1451 1480 1499
6229 6 2 8 2 75 76 652 1296 1307 4376
6230 6 2 8 2 1296 1307 4376 1297 1308 4377
6231 6 2 8 2 1297 1308 4377 1298 1309 4378
6232 6 2 8 2 1298 1309 4378 1299 1310 4379
6233 6 2 8 2 1299 1310 4379 1300 1311 4380
6234 6 2 8 2 1300 1311 4380 1301 1312 4381
6235 6 2 8 2 1301 1312 4381 1302 1313 4382
6236 6 2 8 2 1302 1313 4382 1303 1314 4383
6237 6 2 8 2 1303 1314 4383 1304 1315 4384
6238 6 2 8 2 1304 1315 4384 1305 1316 4385
6239 6 2 8 2 1305 1316 4385 1306 1317 4386
6240 6 2 8 2 1306 1317 4386 229 230 1483
6241 6 2 8 2 564 621 662 3408 4035 4486
6242 6 2 8 2 3408 4035 4486 3409 4036 4487
6243 6 2 8 2 3409 4036 4487 3410 4037 4488
6244 6 2 8 2 3410 4037 4488 3411 4038 4489
6245 6 2 8 2 3411 4038 4489 3412 4039 4490
6246 6 2 8 2 3412 4039 4490 3413 4040 4491
6247 6 2 8 2 3413 4040 4491 3414 4041 4492
6248 6 2 8 2 3414 4041 4492 3415 4042 4493
6249 6 2 8 2 3415 4042 4493 3416 4043 4494
6250 6 2 8 2 3416 4043 4494 3417 4044 4495
6251 6 2 8 2 3417 4044 4495 3418 4045 4496
6252 6 2 8 2 3418 4045 4496 1395 1452 1493
6253 6 2 8 2 581 603 605 3595 3837 3859
6254 6 2 8 2 3595 3837 3859 3596 3838 3860
6255 6 2 8 2 3596 3838 3860 3597 3839 3861
6256 6 2 8 2 3597 3839 3861 3598 3840 3862
6257 6 2 8 2 3598 3840 3862 3599 3841 3863
6258 6 2 8 2 3599 3841 3863 3600 3842 3864
6259 6 2 8 2 3600 3842 3864 3601 3843 3865
6260 6 2 8 2 3601 3843 3865 3602 3844 3866
6261 6 2 8 2 3602 3844 3866 3603 3845 3867
6262 6 2 8 2 3603 3845 3867 3604 3846 3868
6263 6 2 8 2 3604 3846 3868 3605 3847 3869
6264 6 2 8 2 3605 3847 3869 1412 1434 1436
6265 6 2 8 2 575 580 581 3529 3584 3595
6266 6 2 8 2 3529 3584 3595 3530 3585 3596
6267 6 2 8 2 3530 3585 3596 3531 3586 3597
6268 6 2 8 2 3531 3586 3597 3532 3587 3598
6269 6 2 8 2 3532 3587 3598 3533 3588 3599
6270 6 2 8 2 3533 3588 3599 3534 3589 3600
6271 6 2 8 2 3534 3589 3600 3535 3590 3601
6272 6 2 8 2 3535 3590 3601 3536 3591 3602
6273 6 2 8 2 3536 3591 3602 3537 3592 3603
6274 6 2 8 2 3537 3592 3603 3538 3593 3604
6275 6 2 8 2 3538 3593 3604 3539 3594 3605
6276 6 2 8 2 3539 3594 3605 1406 1411 1412
6277 6 2 8 2 566 636 642 3430 4200 4266
6278 6 2 8 2 3430 4200 4266 3431 4201 4267
6279 6 2 8 2 3431 4201 4267 3432 4202 4268
6280 6 2 8 2 3432 4202 4268 3433 4203 4269
6281 6 2 8 2 3433 4203 4269 3434 4204 4270
6282 6 2 8 2 3434 4204 4270 3435 4205 4271
6283 6 2 8 2 3435 4205 4271 3436 4206 4272
6284 6 2 8 2 3436 4206 4272 3437 4207 4273
6285 6 2 8 2 3437 4207 4273 3438 4208 4274
6286 6 2 8 2 3438 4208 4274 3439 4209 4275
6287 6 2 8 2 3439 4209 4275 3440 4210 4276
6288 6 2 8 2 3440 4210 4276 1397 1467 1473
6289 6 2 8 2 617 616 629 3991 3980 4123
6290 6 2 8 2 3991 3980 4123 3992 3981 4124
6291 6 2 8 2 3992 3981 4124 3993 3982 4125
6292 6 2 8 2 3993 3982 4125 3994 3983 4126
6293 6 2 8 2 3994 3983 4126 3995 3984 4127
6294 6 2 8 2 3995 3984 4127 3996 3985 4128
6295 6 2 8 2 3996 3985 4128 3997 3986 4129
6296 6 2 8 2 3997 3986 4129 3998 3987 4130
6297 6 2 8 2 3998 3987 4130 3999 3988 4131
6298 6 2 8 2 3999 3988 4131 4000 3989 4132
6299 6 2 8 2 4000 3989 4132 4001 3990 4133
6300 6 2 8 2 4001 3990 4133 1448 1447 1460
6301 6 2 8 2 635 642 654 4189 4266 4398
6302 6 2 8 2 4189 4266 4398 4190 4267 4399
6303 6 2 8 2 4190 4267 4399 4191 4268 4400
6304 6 2 8 2 4191 4268 4400 4192 4269 4401
6305 6 2 8 2 4192 4269 4401 4193 4270 4402
6306 6 2 8 2 4193 4270 4402 4194 4271 4403
6307 6 2 8 2 4194 4271 4403 4195 4272 4404
6308 6 2 8 2 4195 4272 4404 4196 4273 4405
6309 6 2 8 2 4196 4273 4405 4197 4274 4406
6310 6 2 8 2 4197 4274 4406 4198 4275 4407
6311 6 2 8 2 4198 4275 4407 4199 4276 4408
6312 6 2 8 2 4199 4276 4408 1466 1473 1485
6313 6 2 8 2 5 62 661 205 1153 4475
6314 6 2 8 2 205 1153 4475 206 1154 4476
6315 6 2 8 2 206 1154 4476 207 1155 4477
6316 6 2 8 2 207 1155 4477 208 1156 4478
6317 6 2 8 2 208 1156 4478 209 1157 4479
6318 6 2 8 2 209 1157 4479 210 1158 4480
6319 6 2 8 2 210 1158 4480 211 1159 4481
6320 6 2 8 2 211 1159 4481 212 1160 4482
6321 6 2 8 2 212 1160 4482 213 1161 4483
6322 6 2 8 2 213 1161 4483 214 1162 4484
6323 6 2 8 2 214 1162 4484 215 1163 4485
6324 6 2 8 2 215 1163 4485 17 216 1492
6325 6 2 8 2 576 578 582 3540 3562 3606
6326 6 2 8 2 3540 3562 3606 3541 3563 3607
6327 6 2 8 2 3541 3563 3607 3542 3564 3608
6328 6 2 8 2 3542 3564 3608 3543 3565 3609
6329 6 2 8 2 3543 3565 3609 3544 3566 3610
6330 6 2 8 2 3544 3566 3610 3545 3567 3611
6331 6 2 8 2 3545 3567 3611 3546 3568 3612
6332 6 2 8 2 3546 3568 3612 3547 3569 3613
6333 6 2 8 2 3547 3569 3613 3548 3570 3614
6334 6 2 8 2 3548 3570 3614 3549 3571 3615
6335 6 2 8 2 3549 3571 3615 3550 3572 3616
6336 6 2 8 2 3550 3572 3616 1407 1409 1413
6337 6 2 8 2 631 590 646 4145 3694 4310
6338 6 2 8 2 4145 3694 4310 4146 3695 4311
6339 6 2 8 2 4146 3695 4311 4147 3696 4312
6340 6 2 8 2 4147 3696 4312 4148 3697 4313
6341 6 2 8 2 4148 3697 4313 4149 3698 4314
6342 6 2 8 2 4149 3698 4314 4150 3699 4315
6343 6 2 8 2 4150 3699 4315 4151 3700 4316
6344 6 2 8 2 4151 3700 4316 4152 3701 4317
6345 6 2 8 2 4152 3701 4317 4153 3702 4318
6346 6 2 8 2 4153 3702 4318 4154 3703 4319
6347 6 2 8 2 4154 3703 4319 4155 3704 4320
6348 6 2 8 2 4155 3704 4320 1462 1421 1477
6349 6 2 8 2 568 620 666 3452 4024 4530
6350 6 2 8 2 3452 4024 4530 3453 4025 4531
6351 6 2 8 2 3453 4025 4531 3454 4026 4532
6352 6 2 8 2 3454 4026 4532 3455 4027 4533
6353 6 2 8 2 3455 4027 4533 3456 4028 4534
6354 6 2 8 2 3456 4028 4534 3457 4029 4535
6355 6 2 8 2 3457 4029 4535 3458 4030 4536
6356 6 2 8 2 3458 4030 4536 3459 4031 4537
6357 6 2 8 2 3459 4031 4537 3460 4032 4538
6358 6 2 8 2 3460 4032 4538 3461 4033 4539
6359 6 2 8 2 3461 4033 4539 3462 4034 4540
6360 6 2 8 2 3462 4034 4540 1399 1451 1497
6361 6 2 8 2 621 610 662 4035 3914 4486
6362 6 2 8 2 4035 3914 4486 4036 3915 4487
6363 6 2 8 2 4036 3915 4487 4037 3916 4488
6364 6 2 8 2 4037 3916 4488 4038 3917 4489
6365 6 2 8 2 4038 3917 4489 4039 3918 4490
6366 6 2 8 2 4039 3918 4490 4040 3919 4491
6367 6 2 8 2 4040 3919 4491 4041 3920 4492
6368 6 2 8 2 4041 3920 4492 4042 3921 4493
6369 6 2 8 2 4042 3921 4493 4043 3922 4494
6370 6 2 8 2 4043 3922 4494 4044 3923 4495
6371 6 2 8 2 4044 3923 4495 4045 3924 4496
6372 6 2 8 2 4045 3924 4496 1452 1441 1493
6373 6 2 8 2 567 48 645 3441 932 4299
6374 6 2 8 2 3441 932 4299 3442 933 4300
6375 6 2 8 2 3442 933 4300 3443 934 4301
6376 6 2 8 2 3443 934 4301 3444 935 4302
6377 6 2 8 2 3444 935 4302 3445 936 4303
6378 6 2 8 2 3445 936 4303 3446 937 4304
6379 6 2 8 2 3446 937 4304 3447 938 4305
6380 6 2 8 2 3447 938 4305 3448 939 4306
6381 6 2 8 2 3448 939 4306 3449 940 4307
6382 6 2 8 2 3449 940 4307 3450 941 4308
6383 6 2 8 2 3450 941 4308 3451 942 4309
6384 6 2 8 2 3451 942 4309 1398 178 1476
6385 6 2 8 2 573 635 656 3507 4189 4420
6386 6 2 8 2 3507 4189 4420 3508 4190 4421
6387 6 2 8 2 3508 4190 4421 3509 4191 4422
6388 6 2 8 2 3509 4191 4422 3510 4192 4423
6389 6 2 8 2 3510 4192 4423 3511 4193 4424
6390 6 2 8 2 3511 4193 4424 3512 4194 4425
6391 6 2 8 2 3512 4194 4425 3513 4195 4426
6392 6 2 8 2 3513 4195 4426 3514 4196 4427
6393 6 2 8 2 3514 4196 4427 3515 4197 4428
6394 6 2 8 2 3515 4197 4428 3516 4198 4429
6395 6 2 8 2 3516 4198 4429 3517 4199 4430
6396 6 2 8 2 3517 4199 4430 1404 1466 1487
6397 6 2 8 2 95 94 599 1087 1076 3793
6398 6 2 8 2 1087 1076 3793 1088 1077 3794
6399 6 2 8 2 1088 1077 3794 1089 1078 3795
6400 6 2 8 2 1089 1078 3795 1090 1079 3796
6401 6 2 8 2 1090 1079 3796 1091 1080 3797
6402 6 2 8 2 1091 1080 3797 1092 1081 3798
6403 6 2 8 2 1092 1081 3798 1093 1082 3799
6404 6 2 8 2 1093 1082 3799 1094 1083 3800
6405 6 2 8 2 1094 1083 3800 1095 1084 3801
6406 6 2 8 2 1095 1084 3801 1096 1085 3802
6407 6 2 8 2 1096 1085 3802 1097 1086 3803
6408 6 2 8 2 1097 1086 3803 199 198 1430
6409 6 2 8 2 3 567 575 162 3441 3529
6410 6 2 8 2 162 3441 3529 163 3442 3530
6411 6 2 8 2 163 3442 3530 164 3443 3531
6412 6 2 8 2 164 3443 3531 165 3444 3532
6413 6 2 8 2 165 3444 3532 166 3445 3533
6414 6 2 8 2 166 3445 3533 167 3446 3534
6415 6 2 8 2 167 3446 3534 168 3447 3535
6416 6 2 8 2 168 3447 3535 169 3448 3536
6417 6 2 8 2 169 3448 3536 170 3449 3537
6418 6 2 8 2 170 3449 3537 171 3450 3538
6419 6 2 8 2 171 3450 3538 172 3451 3539
6420 6 2 8 2 172 3451 3539 15 1398 1406
6421 6 2 8 2 568 96 649 3452 1098 4343
6422 6 2 8 2 3452 1098 4343 3453 1099 4344
6423 6 2 8 2 3453 1099 4344 3454 1100 4345
6424 6 2 8 2 3454 1100 4345 3455 1101 4346
6425 6 2 8 2 3455 1101 4346 3456 1102 4347
6426 6 2 8 2 3456 1102 4347 3457 1103 4348
6427 6 2 8 2 3457 1103 4348 3458 1104 4349
6428 6 2 8 2 3458 1104 4349 3459 1105 4350
6429 6 2 8 2 3459 1105 4350 3460 1106 4351
6430 6 2 8 2 3460 1106 4351 3461 1107 4352
6431 6 2 8 2 3461 1107 4352 3462 1108 4353
6432 6 2 8 2 3462 1108 4353 1399 200 1480
6433 6 2 8 2 71 72 660 1252 1263 4464
6434 6 2 8 2 1252 1263 4464 1253 1264 4465
6435 6 2 8 2 1253 1264 4465 1254 1265 4466
6436 6 2 8 2 1254 1265 4466 1255 1266 4467
6437 6 2 8 2 1255 1266 4467 1256 1267 4468
6438 6 2 8 2 1256 1267 4468 1257 1268 4469
6439 6 2 8 2 1257 1268 4469 1258 1269 4470
6440 6 2 8 2 1258 1269 4470 1259 1270 4471
6441 6 2 8 2 1259 1270 4471 1260 1271 4472
6442 6 2 8 2 1260 1271 4472 1261 1272 4473
6443 6 2 8 2 1261 1272 4473 1262 1273 4474
6444 6 2 8 2 1262 1273 4474 225 226 1491
6445 6 2 8 2 627 594 654 4101 3738 4398
6446 6 2 8 2 4101 3738 4398 4102 3739 4399
6447 6 2 8 2 4102 3739 4399 4103 3740 4400
6448 6 2 8 2 4103 3740 4400 4104 3741 4401
6449 6 2 8 2 4104 3741 4401 4105 3742 4402
6450 6 2 8 2 4105 3742 4402 4106 3743 4403
6451 6 2 8 2 4106 3743 4403 4107 3744 4404
6452 6 2 8 2 4107 3744 4404 4108 3745 4405
6453 6 2 8 2 4108 3745 4405 4109 3746 4406
6454 6 2 8 2 4109 3746 4406 4110 3747 4407
6455 6 2 8 2 4110 3747 4407 4111 3748 4408
6456 6 2 8 2 4111 3748 4408 1458 1425 1485
6457 6 2 8 2 642 627 654 4266 4101 4398
6458 6 2 8 2 4266 4101 4398 4267 4102 4399
6459 6 2 8 2 4267 4102 4399 4268 4103 4400
6460 6 2 8 2 4268 4103 4400 4269 4104 4401
6461 6 2 8 2 4269 4104 4401 4270 4105 4402
6462 6 2 8 2 4270 4105 4402 4271 4106 4403
6463 6 2 8 2 4271 4106 4403 4272 4107 4404
6464 6 2 8 2 4272 4107 4404 4273 4108 4405
6465 6 2 8 2 4273 4108 4405 4274 4109 4406
6466 6 2 8 2 4274 4109 4406 4275 4110 4407
6467 6 2 8 2 4275 4110 4407 4276 4111 4408
6468 6 2 8 2 4276 4111 4408 1473 1458 1485
6469 6 2 8 2 575 567 576 3529 3441 3540
6470 6 2 8 2 3529 3441 3540 3530 3442 3541
6471 6 2 8 2 3530 3442 3541 3531 3443 3542
6472 6 2 8 2 3531 3443 3542 3532 3444 3543
6473 6 2 8 2 3532 3444 3543 3533 3445 3544
6474 6 2 8 2 3533 3445 3544 3534 3446 3545
6475 6 2 8 2 3534 3446 3545 3535 3447 3546
6476 6 2 8 2 3535 3447 3546 3536 3448 3547
6477 6 2 8 2 3536 3448 3547 3537 3449 3548
6478 6 2 8 2 3537 3449 3548 3538 3450 3549
6479 6 2 8 2 3538 3450 3549 3539 3451 3550
6480 6 2 8 2 3539 3451 3550 1406 1398 1407
6481 6 2 8 2 72 73 659 1263 1274 4453
6482 6 2 8 2 1263 1274 4453 1264 1275 4454
6483 6 2 8 2 1264 1275 4454 1265 1276 4455
6484 6 2 8 2 1265 1276 4455 1266 1277 4456
6485 6 2 8 2 1266 1277 4456 1267 1278 4457
6486 6 2 8 2 1267 1278 4457 1268 1279 4458
6487 6 2 8 2 1268 1279 4458 1269 1280 4459
6488 6 2 8 2 1269 1280 4459 1270 1281 4460
6489 6 2 8 2 1270 1281 4460 1271 1282 4461
6490 6 2 8 2 1271 1282 4461 1272 1283 4462
6491 6 2 8 2 1272 1283 4462 1273 1284 4463
6492 6 2 8 2 1273 1284 4463 226 227 1490
6493 6 2 8 2 99 98 577 1131 1120 3551
6494 6 2 8 2 1131 1120 3551 1132 1121 3552
6495 6 2 8 2 1132 1121 3552 1133 1122 3553
6496 6 2 8 2 1133 1122 3553 1134 1123 3554
6497 6 2 8 2 1134 1123 3554 1135 1124 3555
6498 6 2 8 2 1135 1124 3555 1136 1125 3556
6499 6 2 8 2 1136 1125 3556 1137 1126 3557
6500 6 2 8 2 1137 1126 3557 1138 1127 3558
6501 6 2 8 2 1138 1127 3558 1139 1128 3559
6502 6 2 8 2 1139 1128 3559 1140 1129 3560
6503 6 2 8 2 1140 1129 3560 1141 1130 3561
6504 6 2 8 2 1141 1130 3561 203 202 1408
6505 6 2 8 2 611 612 653 3925 3936 4387
6506 6 2 8 2 3925 3936 4387 3926 3937 4388
6507 6 2 8 2 3926 3937 4388 3927 3938 4389
6508 6 2 8 2 3927 3938 4389 3928 3939 4390
6509 6 2 8 2 3928 3939 4390 3929 3940 4391
6510 6 2 8 2 3929 3940 4391 3930 3941 4392
6511 6 2 8 2 3930 3941 4392 3931 3942 4393
6512 6 2 8 2 3931 3942 4393 3932 3943 4394
6513 6 2 8 2 3932 3943 4394 3933 3944 4395
6514 6 2 8 2 3933 3944 4395 3934 3945 4396
6515 6 2 8 2 3934 3945 4396 3935 3946 4397
6516 6 2 8 2 3935 3946 4397 1442 1443 1484
6517 6 2 8 2 613 564 662 3947 3408 4486
6518 6 2 8 2 3947 3408 4486 3948 3409 4487
6519 6 2 8 2 3948 3409 4487 3949 3410 4488
6520 6 2 8 2 3949 3410 4488 3950 3411 4489
6521 6 2 8 2 3950 3411 4489 3951 3412 4490
6522 6 2 8 2 3951 3412 4490 3952 3413 4491
6523 6 2 8 2 3952 3413 4491 3953 3414 4492
6524 6 2 8 2 3953 3414 4492 3954 3415 4493
6525 6 2 8 2 3954 3415 4493 3955 3416 4494
6526 6 2 8 2 3955 3416 4494 3956 3417 4495
6527 6 2 8 2 3956 3417 4495 3957 3418 4496
6528 6 2 8 2 3957 3418 4496 1444 1395 1493
6529 6 2 8 2 614 620 668 3958 4024 4552
6530 6 2 8 2 3958 4024 4552 3959 4025 4553
6531 6 2 8 2 3959 4025 4553 3960 4026 4554
6532 6 2 8 2 3960 4026 4554 3961 4027 4555
6533 6 2 8 2 3961 4027 4555 3962 4028 4556
6534 6 2 8 2 3962 4028 4556 3963 4029 4557
6535 6 2 8 2 3963 4029 4557 3964 4030 4558
6536 6 2 8 2 3964 4030 4558 3965 4031 4559
6537 6 2 8 2 3965 4031 4559 3966 4032 4560
6538 6 2 8 2 3966 4032 4560 3967 4033 4561
6539 6 2 8 2 3967 4033 4561 3968 4034 4562
6540 6 2 8 2 3968 4034 4562 1445 1451 1499
6541 6 2 8 2 575 576 580 3529 3540 3584
6542 6 2 8 2 3529 3540 3584 3530 3541 3585
6543 6 2 8 2 3530 3541 3585 3531 3542 3586
6544 6 2 8 2 3531 3542 3586 3532 3543 3587
6545 6 2 8 2 3532 3543 3587 3533 3544 3588
6546 6 2 8 2 3533 3544 3588 3534 3545 3589
6547 6 2 8 2 3534 3545 3589 3535 3546 3590
6548 6 2 8 2 3535 3546 3590 3536 3547 3591
6549 6 2 8 2 3536 3547 3591 3537 3548 3592
6550 6 2 8 2 3537 3548 3592 3538 3549 3593
6551 6 2 8 2 3538 3549 3593 3539 3550 3594
6552 6 2 8 2 3539 3550 3594 1406 1407 1411
6553 6 2 8 2 581 580 603 3595 3584 3837
6554 6 2 8 2 3595 3584 3837 3596 3585 3838
6555 6 2 8 2 3596 3585 3838 3597 3586 3839
6556 6 2 8 2 3597 3586 3839 3598 3587 3840
6557 6 2 8 2 3598 3587 3840 3599 3588 3841
6558 6 2 8 2 3599 3588 3841 3600 3589 3842
6559 6 2 8 2 3600 3589 3842 3601 3590 3843
6560 6 2 8 2 3601 3590 3843 3602 3591 3844
6561 6 2 8 2 3602 3591 3844 3603 3592 3845
6562 6 2 8 2 3603 3592 3845 3604 3593 3846
6563 6 2 8 2 3604 3593 3846 3605 3594 3847
6564 6 2 8 2 3605 3594 3847 1412 1411 1434
6565 6 2 8 2 582 607 647 3606 3881 4321
6566 6 2 8 2 3606 3881 4321 3607 3882 4322
6567 6 2 8 2 3607 3882 4322 3608 3883 4323
6568 6 2 8 2 3608 3883 4323 3609 3884 4324
6569 6 2 8 2 3609 3884 4324 3610 3885 4325
6570 6 2 8 2 3610 3885 4325 3611 3886 4326
6571 6 2 8 2 3611 3886 4326 3612 3887 4327
6572 6 2 8 2 3612 3887 4327 3613 3888 4328
6573 6 2 8 2 3613 3888 4328 3614 3889 4329
6574 6 2 8 2 3614 3889 4329 3615 3890 4330
6575 6 2 8 2 3615 3890 4330 3616 3891 4331
6576 6 2 8 2 3616 3891 4331 1413 1438 1478
6577 6 2 8 2 100 99 643 1142 1131 4277
6578 6 2 8 2 1142 1131 4277 1143 1132 4278
6579 6 2 8 2 1143 1132 4278 1144 1133 4279
6580 6 2 8 2 1144 1133 4279 1145 1134 4280
6581 6 2 8 2 1145 1134 4280 1146 1135 4281
6582 6 2 8 2 1146 1135 4281 1147 1136 4282
6583 6 2 8 2 1147 1136 4282 1148 1137 4283
6584 6 2 8 2 1148 1137 4283 1149 1138 4284
6585 6 2 8 2 1149 1138 4284 1150 1139 4285
6586 6 2 8 2 1150 1139 4285 1151 1140 4286
6587 6 2 8 2 1151 1140 4286 1152 1141 4287
6588 6 2 8 2 1152 1141 4287 204 203 1474
6589 6 2 8 2 93 623 655 1384 4057 4409
6590 6 2 8 2 1384 4057 4409 1385 4058 4410
6591 6 2 8 2 1385 4058 4410 1386 4059 4411
6592 6 2 8 2 1386 4059 4411 1387 4060 4412
6593 6 2 8 2 1387 4060 4412 1388 4061 4413
6594 6 2 8 2 1388 4061 4413 1389 4062 4414
6595 6 2 8 2 1389 4062 4414 1390 4063 4415
6596 6 2 8 2 1390 4063 4415 1391 4064 4416
6597 6 2 8 2 1391 4064 4416 1392 4065 4417
6598 6 2 8 2 1392 4065 4417 1393 4066 4418
6599 6 2 8 2 1393 4066 4418 1394 4067 4419
6600 6 2 8 2 1394 4067 4419 237 1454 1486
6601 6 2 8 2 578 567 645 3562 3441 4299
6602 6 2 8 2 3562 3441 4299 3563 3442 4300
6603 6 2 8 2 3563 3442 4300 3564 3443 4301
6604 6 2 8 2 3564 3443 4301 3565 3444 4302
6605 6 2 8 2 3565 3444 4302 3566 3445 4303
6606 6 2 8 2 3566 3445 4303 3567 3446 4304
6607 6 2 8 2 3567 3446 4304 3568 3447 4305
6608 6 2 8 2 3568 3447 4305 3569 3448 4306
6609 6 2 8 2 3569 3448 4306 3570 3449 4307
6610 6 2 8 2 3570 3449 4307 3571 3450 4308
6611 6 2 8 2 3571 3450 4308 3572 3451 4309
6612 6 2 8 2 3572 3451 4309 1409 1398 1476
6613 6 2 8 2 604 580 647 3848 3584 4321
6614 6 2 8 2 3848 3584 4321 3849 3585 4322
6615 6 2 8 2 3849 3585 4322 3850 3586 4323
6616 6 2 8 2 3850 3586 4323 3851 3587 4324
6617 6 2 8 2 3851 3587 4324 3852 3588 4325
6618 6 2 8 2 3852 3588 4325 3853 3589 4326
6619 6 2 8 2 3853 3589 4326 3854 3590 4327
6620 6 2 8 2 3854 3590 4327 3855 3591 4328
6621 6 2 8 2 3855 3591 4328 3856 3592 4329
6622 6 2 8 2 3856 3592 4329 3857 3593 4330
6623 6 2 8 2 3857 3593 4330 3858 3594 4331
6624 6 2 8 2 3858 3594 4331 1435 1411 1478
6625 6 2 8 2 68 69 669 1219 1230 4563
6626 6 2 8 2 1219 1230 4563 1220 1231 4564
6627 6 2 8 2 1220 1231 4564 1221 1232 4565
6628 6 2 8 2 1221 1232 4565 1222 1233 4566
6629 6 2 8 2 1222 1233 4566 1223 1234 4567
6630 6 2 8 2 1223 1234 4567 1224 1235 4568
6631 6 2 8 2 1224 1235 4568 1225 1236 4569
6632 6 2 8 2 1225 1236 4569 1226 1237 4570
6633 6 2 8 2 1226 1237 4570 1227 1238 4571
6634 6 2 8 2 1227 1238 4571 1228 1239 4572
6635 6 2 8 2 1228 1239 4572 1229 1240 4573
6636 6 2 8 2 1229 1240 4573 222 223 1500
6637 6 2 8 2 633 68 669 4167 1219 4563
6638 6 2 8 2 4167 1219 4563 4168 1220 4564
6639 6 2 8 2 4168 1220 4564 4169 1221 4565
6640 6 2 8 2 4169 1221 4565 4170 1222 4566
6641 6 2 8 2 4170 1222 4566 4171 1223 4567
6642 6 2 8 2 4171 1223 4567 4172 1224 4568
6643 6 2 8 2 4172 1224 4568 4173 1225 4569
6644 6 2 8 2 4173 1225 4569 4174 1226 4570
6645 6 2 8 2 4174 1226 4570 4175 1227 4571
6646 6 2 8 2 4175 1227 4571 4176 1228 4572
6647 6 2 8 2 4176 1228 4572 4177 1229 4573
6648 6 2 8 2 4177 1229 4573 1464 222 1500
6649 6 2 8 2 618 619 657 4002 4013 4431
6650 6 2 8 2 4002 4013 4431 4003 4014 4432
6651 6 2 8 2 4003 4014 4432 4004 4015 4433
6652 6 2 8 2 4004 4015 4433 4005 4016 4434
6653 6 2 8 2 4005 4016 4434 4006 4017 4435
6654 6 2 8 2 4006 4017 4435 4007 4018 4436
6655 6 2 8 2 4007 4018 4436 4008 4019 4437
6656 6 2 8 2 4008 4019 4437 4009 4020 4438
6657 6 2 8 2 4009 4020 4438 4010 4021 4439
6658 6 2 8 2 4010 4021 4439 4011 4022 4440
6659 6 2 8 2 4011 4022 4440 4012 4023 4441
6660 6 2 8 2 4012 4023 4441 1449 1450 1488
6661 6 2 8 2 97 568 637 1109 3452 4211
6662 6 2 8 2 1109 3452 4211 1110 3453 4212
6663 6 2 8 2 1110 3453 4212 1111 3454 4213
6664 6 2 8 2 1111 3454 4213 1112 3455 4214
6665 6 2 8 2 1112 3455 4214 1113 3456 4215
6666 6 2 8 2 1113 3456 4215 1114 3457 4216
6667 6 2 8 2 1114 3457 4216 1115 3458 4217
6668 6 2 8 2 1115 3458 4217 1116 3459 4218
6669 6 2 8 2 1116 3459 4218 1117 3460 4219
6670 6 2 8 2 1117 3460 4219 1118 3461 4220
6671 6 2 8 2 1118 3461 4220 1119 3462 4221
6672 6 2 8 2 1119 3462 4221 201 1399 1468
6673 6 2 8 2 632 633 669 4156 4167 4563
6674 6 2 8 2 4156 4167 4563 4157 4168 4564
6675 6 2 8 2 4157 4168 4564 4158 4169 4565
6676 6 2 8 2 4158 4169 4565 4159 4170 4566
6677 6 2 8 2 4159 4170 4566 4160 4171 4567
6678 6 2 8 2 4160 4171 4567 4161 4172 4568
6679 6 2 8 2 4161 4172 4568 4162 4173 4569
6680 6 2 8 2 4162 4173 4569 4163 4174 4570
6681 6 2 8 2 4163 4174 4570 4164 4175 4571
6682 6 2 8 2 4164 4175 4571 4165 4176 4572
6683 6 2 8 2 4165 4176 4572 4166 4177 4573
6684 6 2 8 2 4166 4177 4573 1463 1464 1500
6685 6 2 8 2 584 586 658 3628 3650 4442
6686 6 2 8 2 3628 3650 4442 3629 3651 4443
6687 6 2 8 2 3629 3651 4443 3630 3652 4444
6688 6 2 8 2 3630 3652 4444 3631 3653 4445
6689 6 2 8 2 3631 3653 4445 3632 3654 4446
6690 6 2 8 2 3632 3654 4446 3633 3655 4447
6691 6 2 8 2 3633 3655 4447 3634 3656 4448
6692 6 2 8 2 3634 3656 4448 3635 3657 4449
6693 6 2 8 2 3635 3657 4449 3636 3658 4450
6694 6 2 8 2 3636 3658 4450 3637 3659 4451
6695 6 2 8 2 3637 3659 4451 3638 3660 4452
6696 6 2 8 2 3638 3660 4452 1415 1417 1489
6697 6 2 8 2 576 582 647 3540 3606 4321
6698 6 2 8 2 3540 3606 4321 3541 3607 4322
6699 6 2 8 2 3541 3607 4322 3542 3608 4323
6700 6 2 8 2 3542 3608 4323 3543 3609 4324
6701 6 2 8 2 3543 3609 4324 3544 3610 4325
6702 6 2 8 2 3544 3610 4325 3545 3611 4326
6703 6 2 8 2 3545 3611 4326 3546 3612 4327
6704 6 2 8 2 3546 3612 4327 3547 3613 4328
6705 6 2 8 2 3547 3613 4328 3548 3614 4329
6706 6 2 8 2 3548 3614 4329 3549 3615 4330
6707 6 2 8 2 3549 3615 4330 3550 3616 4331
6708 6 2 8 2 3550 3616 4331 1407 1413 1478
6709 6 2 8 2 612 635 654 3936 4189 4398
6710 6 2 8 2 3936 4189 4398 3937 4190 4399
6711 6 2 8 2 3937 4190 4399 3938 4191 4400
6712 6 2 8 2 3938 4191 4400 3939 4192 4401
6713 6 2 8 2 3939 4192 4401 3940 4193 4402
6714 6 2 8 2 3940 4193 4402 3941 4194 4403
6715 6 2 8 2 3941 4194 4403 3942 4195 4404
6716 6 2 8 2 3942 4195 4404 3943 4196 4405
6717 6 2 8 2 3943 4196 4405 3944 4197 4406
6718 6 2 8 2 3944 4197 4406 3945 4198 4407
6719 6 2 8 2 3945 4198 4407 3946 4199 4408
6720 6 2 8 2 3946 4199 4408 1443 1466 1485
6721 6 2 8 2 651 574 664 4365 3518 4508
6722 6 2 8 2 4365 3518 4508 4366 3519 4509
6723 6 2 8 2 4366 3519 4509 4367 3520 4510
6724 6 2 8 2 4367 3520 4510 4368 3521 4511
6725 6 2 8 2 4368 3521 4511 4369 3522 4512
6726 6 2 8 2 4369 3522 4512 4370 3523 4513
6727 6 2 8 2 4370 3523 4513 4371 3524 4514
6728 6 2 8 2 4371 3524 4514 4372 3525 4515
6729 6 2 8 2 4372 3525 4515 4373 3526 4516
6730 6 2 8 2 4373 3526 4516 4374 3527 4517
6731 6 2 8 2 4374 3527 4517 4375 3528 4518
6732 6 2 8 2 4375 3528 4518 1482 1405 1495
6733 6 2 8 2 95 599 649 1087 3793 4343
6734 6 2 8 2 1087 3793 4343 1088 3794 4344
6735 6 2 8 2 1088 3794 4344 1089 3795 4345
6736 6 2 8 2 1089 3795 4345 1090 3796 4346
6737 6 2 8 2 1090 3796 4346 1091 3797 4347
6738 6 2 8 2 1091 3797 4347 1092 3798 4348
6739 6 2 8 2 1092 3798 4348 1093 3799 4349
6740 6 2 8 2 1093 3799 4349 1094 3800 4350
6741 6 2 8 2 1094 3800 4350 1095 3801 4351
6742 6 2 8 2 1095 3801 4351 1096 3802 4352
6743 6 2 8 2 1096 3802 4352 1097 3803 4353
6744 6 2 8 2 1097 3803 4353 199 1430 1480
6745 6 2 8 2 650 619 652 4354 4013 4376
6746 6 2 8 2 4354 4013 4376 4355 4014 4377
6747 6 2 8 2 4355 4014 4377 4356 4015 4378
6748 6 2 8 2 4356 4015 4378 4357 4016 4379
6749 6 2 8 2 4357 4016 4379 4358 4017 4380
6750 6 2 8 2 4358 4017 4380 4359 4018 4381
6751 6 2 8 2 4359 4018 4381 4360 4019 4382
6752 6 2 8 2 4360 4019 4382 4361 4020 4383
6753 6 2 8 2 4361 4020 4383 4362 4021 4384
6754 6 2 8 2 4362 4021 4384 4363 4022 4385
6755 6 2 8 2 4363 4022 4385 4364 4023 4386
6756 6 2 8 2 4364 4023 4386 1481 1450 1483
6757 6 2 8 2 580 576 647 3584 3540 4321
6758 6 2 8 2 3584 3540 4321 3585 3541 4322
6759 6 2 8 2 3585 3541 4322 3586 3542 4323
6760 6 2 8 2 3586 3542 4323 3587 3543 4324
6761 6 2 8 2 3587 3543 4324 3588 3544 4325
6762 6 2 8 2 3588 3544 4325 3589 3545 4326
6763 6 2 8 2 3589 3545 4326 3590 3546 4327
6764 6 2 8 2 3590 3546 4327 3591 3547 4328
6765 6 2 8 2 3591 3547 4328 3592 3548 4329
6766 6 2 8 2 3592 3548 4329 3593 3549 4330
6767 6 2 8 2 3593 3549 4330 3594 3550 4331
6768 6 2 8 2 3594 3550 4331 1411 1407 1478
6769 6 2 8 2 623 573 656 4057 3507 4420
6770 6 2 8 2 4057 3507 4420 4058 3508 4421
6771 6 2 8 2 4058 3508 4421 4059 3509 4422
6772 6 2 8 2 4059 3509 4422 4060 3510 4423
6773 6 2 8 2 4060 3510 4423 4061 3511 4424
6774 6 2 8 2 4061 3511 4424 4062 3512 4425
6775 6 2 8 2 4062 3512 4425 4063 3513 4426
6776 6 2 8 2 4063 3513 4426 4064 3514 4427
6777 6 2 8 2 4064 3514 4427 4065 3515 4428
6778 6 2 8 2 4065 3515 4428 4066 3516 4429
6779 6 2 8 2 4066 3516 4429 4067 3517 4430
6780 6 2 8 2 4067 3517 4430 1454 1404 1487
6781 6 2 8 2 607 584 658 3881 3628 4442
6782 6 2 8 2 3881 3628 4442 3882 3629 4443
6783 6 2 8 2 3882 3629 4443 3883 3630 4444
6784 6 2 8 2 3883 3630 4444 3884 3631 4445
6785 6 2 8 2 3884 3631 4445 3885 3632 4446
6786 6 2 8 2 3885 3632 4446 3886 3633 4447
6787 6 2 8 2 3886 3633 4447 3887 3634 4448
6788 6 2 8 2 3887 3634 4448 3888 3635 4449
6789 6 2 8 2 3888 3635 4449 3889 3636 4450
6790 6 2 8 2 3889 3636 4450 3890 3637 4451
6791 6 2 8 2 3890 3637 4451 3891 3638 4452
6792 6 2 8 2 3891 3638 4452 1438 1415 1489
6793 6 2 8 2 574 640 664 3518 4244 4508
6794 6 2 8 2 3518 4244 4508 3519 4245 4509
6795 6 2 8 2 3519 4245 4509 3520 4246 4510
6796 6 2 8 2 3520 4246 4510 3521 4247 4511
6797 6 2 8 2 3521 4247 4511 3522 4248 4512
6798 6 2 8 2 3522 4248 4512 3523 4249 4513
6799 6 2 8 2 3523 4249 4513 3524 4250 4514
6800 6 2 8 2 3524 4250 4514 3525 4251 4515
6801 6 2 8 2 3525 4251 4515 3526 4252 4516
6802 6 2 8 2 3526 4252 4516 3527 4253 4517
6803 6 2 8 2 3527 4253 4517 3528 4254 4518
6804 6 2 8 2 3528 4254 4518 1405 1471 1495
6805 6 2 8 2 605 603 659 3859 3837 4453
6806 6 2 8 2 3859 3837 4453 3860 3838 4454
6807 6 2 8 2 3860 3838 4454 3861 3839 4455
6808 6 2 8 2 3861 3839 4455 3862 3840 4456
6809 6 2 8 2 3862 3840 4456 3863 3841 4457
6810 6 2 8 2 3863 3841 4457 3864 3842 4458
6811 6 2 8 2 3864 3842 4458 3865 3843 4459
6812 6 2 8 2 3865 3843 4459 3866 3844 4460
6813 6 2 8 2 3866 3844 4460 3867 3845 4461
6814 6 2 8 2 3867 3845 4461 3868 3846 4462
6815 6 2 8 2 3868 3846 4462 3869 3847 4463
6816 6 2 8 2 3869 3847 4463 1436 1434 1490
6817 6 2 8 2 62 639 661 1153 4233 4475
6818 6 2 8 2 1153 4233 4475 1154 4234 4476
6819 6 2 8 2 1154 4234 4476 1155 4235 4477
6820 6 2 8 2 1155 4235 4477 1156 4236 4478
6821 6 2 8 2 1156 4236 4478 1157 4237 4479
6822 6 2 8 2 1157 4237 4479 1158 4238 4480
6823 6 2 8 2 1158 4238 4480 1159 4239 4481
6824 6 2 8 2 1159 4239 4481 1160 4240 4482
6825 6 2 8 2 1160 4240 4482 1161 4241 4483
6826 6 2 8 2 1161 4241 4483 1162 4242 4484
6827 6 2 8 2 1162 4242 4484 1163 4243 4485
6828 6 2 8 2 1163 4243 4485 216 1470 1492
6829 6 2 8 2 577 98 637 3551 1120 4211
6830 6 2 8 2 3551 1120 4211 3552 1121 4212
6831 6 2 8 2 3552 1121 4212 3553 1122 4213
6832 6 2 8 2 3553 1122 4213 3554 1123 4214
6833 6 2 8 2 3554 1123 4214 3555 1124 4215
6834 6 2 8 2 3555 1124 4215 3556 1125 4216
6835 6 2 8 2 3556 1125 4216 3557 1126 4217
6836 6 2 8 2 3557 1126 4217 3558 1127 4218
6837 6 2 8 2 3558 1127 4218 3559 1128 4219
6838 6 2 8 2 3559 1128 4219 3560 1129 4220
6839 6 2 8 2 3560 1129 4220 3561 1130 4221
6840 6 2 8 2 3561 1130 4221 1408 202 1468
6841 6 2 8 2 603 604 660 3837 3848 4464
6842 6 2 8 2 3837 3848 4464 3838 3849 4465
6843 6 2 8 2 3838 3849 4465 3839 3850 4466
6844 6 2 8 2 3839 3850 4466 3840 3851 4467
6845 6 2 8 2 3840 3851 4467 3841 3852 4468
6846 6 2 8 2 3841 3852 4468 3842 3853 4469
6847 6 2 8 2 3842 3853 4469 3843 3854 4470
6848 6 2 8 2 3843 3854 4470 3844 3855 4471
6849 6 2 8 2 3844 3855 4471 3845 3856 4472
6850 6 2 8 2 3845 3856 4472 3846 3857 4473
6851 6 2 8 2 3846 3857 4473 3847 3858 4474
6852 6 2 8 2 3847 3858 4474 1434 1435 1491
6853 6 2 8 2 643 577 650 4277 3551 4354
6854 6 2 8 2 4277 3551 4354 4278 3552 4355
6855 6 2 8 2 4278 3552 4355 4279 3553 4356
6856 6 2 8 2 4279 3553 4356 4280 3554 4357
6857 6 2 8 2 4280 3554 4357 4281 3555 4358
6858 6 2 8 2 4281 3555 4358 4282 3556 4359
6859 6 2 8 2 4282 3556 4359 4283 3557 4360
6860 6 2 8 2 4283 3557 4360 4284 3558 4361
6861 6 2 8 2 4284 3558 4361 4285 3559 4362
6862 6 2 8 2 4285 3559 4362 4286 3560 4363
6863 6 2 8 2 4286 3560 4363 4287 3561 4364
6864 6 2 8 2 4287 3561 4364 1474 1408 1481
6865 6 2 8 2 577 637 657 3551 4211 4431
6866 6 2 8 2 3551 4211 4431 3552 4212 4432
6867 6 2 8 2 3552 4212 4432 3553 4213 4433
6868 6 2 8 2 3553 4213 4433 3554 4214 4434
6869 6 2 8 2 3554 4214 4434 3555 4215 4435
6870 6 2 8 2 3555 4215 4435 3556 4216 4436
6871 6 2 8 2 3556 4216 4436 3557 4217 4437
6872 6 2 8 2 3557 4217 4437 3558 4218 4438
6873 6 2 8 2 3558 4218 4438 3559 4219 4439
6874 6 2 8 2 3559 4219 4439 3560 4220 4440
6875 6 2 8 2 3560 4220 4440 3561 4221 4441
6876 6 2 8 2 3561 4221 4441 1408 1468 1488
6877 6 2 8 2 650 577 657 4354 3551 4431
6878 6 2 8 2 4354 3551 4431 4355 3552 4432
6879 6 2 8 2 4355 3552 4432 4356 3553 4433
6880 6 2 8 2 4356 3553 4433 4357 3554 4434
6881 6 2 8 2 4357 3554 4434 4358 3555 4435
6882 6 2 8 2 4358 3555 4435 4359 3556 4436
6883 6 2 8 2 4359 3556 4436 4360 3557 4437
6884 6 2 8 2 4360 3557 4437 4361 3558 4438
6885 6 2 8 2 4361 3558 4438 4362 3559 4439
6886 6 2 8 2 4362 3559 4439 4363 3560 4440
6887 6 2 8 2 4363 3560 4440 4364 3561 4441
6888 6 2 8 2 4364 3561 4441 1481 1408 1488
6889 6 2 8 2 605 659 665 3859 4453 4519
6890 6 2 8 2 3859 4453 4519 3860 4454 4520
6891 6 2 8 2 3860 4454 4520 3861 4455 4521
6892 6 2 8 2 3861 4455 4521 3862 4456 4522
6893 6 2 8 2 3862 4456 4522 3863 4457 4523
6894 6 2 8 2 3863 4457 4523 3864 4458 4524
6895 6 2 8 2 3864 4458 4524 3865 4459 4525
6896 6 2 8 2 3865 4459 4525 3866 4460 4526
6897 6 2 8 2 3866 4460 4526 3867 4461 4527
6898 6 2 8 2 3867 4461 4527 3868 4462 4528
6899 6 2 8 2 3868 4462 4528 3869 4463 4529
6900 6 2 8 2 3869 4463 4529 1436 1490 1496
6901 6 2 8 2 99 577 643 1131 3551 4277
6902 6 2 8 2 1131 3551 4277 1132 3552 4278
6903 6 2 8 2 1132 3552 4278 1133 3553 4279
6904 6 2 8 2 1133 3553 4279 1134 3554 4280
6905 6 2 8 2 1134 3554 4280 1135 3555 4281
6906 6 2 8 2 1135 3555 4281 1136 3556 4282
6907 6 2 8 2 1136 3556 4282 1137 3557 4283
6908 6 2 8 2 1137 3557 4283 1138 3558 4284
6909 6 2 8 2 1138 3558 4284 1139 3559 4285
6910 6 2 8 2 1139 3559 4285 1140 3560 4286
6911 6 2 8 2 1140 3560 4286 1141 3561 4287
6912 6 2 8 2 1141 3561 4287 203 1408 1474
6913 6 2 8 2 630 605 665 4134 3859 4519
6914 6 2 8 2 4134 3859 4519 4135 3860 4520
6915 6 2 8 2 4135 3860 4520 4136 3861 4521
6916 6 2 8 2 4136 3861 4521 4137 3862 4522
6917 6 2 8 2 4137 3862 4522 4138 3863 4523
6918 6 2 8 2 4138 3863 4523 4139 3864 4524
6919 6 2 8 2 4139 3864 4524 4140 3865 4525
6920 6 2 8 2 4140 3865 4525 4141 3866 4526
6921 6 2 8 2 4141 3866 4526 4142 3867 4527
6922 6 2 8 2 4142 3867 4527 4143 3868 4528
6923 6 2 8 2 4143 3868 4528 4144 3869 4529
6924 6 2 8 2 4144 3869 4529 1461 1436 1496
6925 6 2 8 2 659 603 660 4453 3837 4464
6926 6 2 8 2 4453 3837 4464 4454 3838 4465
6927 6 2 8 2 4454 3838 4465 4455 3839 4466
6928 6 2 8 2 4455 3839 4466 4456 3840 4467
6929 6 2 8 2 4456 3840 4467 4457 3841 4468
6930 6 2 8 2 4457 3841 4468 4458 3842 4469
6931 6 2 8 2 4458 3842 4469 4459 3843 4470
6932 6 2 8 2 4459 3843 4470 4460 3844 4471
6933 6 2 8 2 4460 3844 4471 4461 3845 4472
6934 6 2 8 2 4461 3845 4472 4462 3846 4473
6935 6 2 8 2 4462 3846 4473 4463 3847 4474
6936 6 2 8 2 4463 3847 4474 1490 1434 1491
6937 6 2 8 2 659 73 665 4453 1274 4519
6938 6 2 8 2 4453 1274 4519 4454 1275 4520
6939 6 2 8 2 4454 1275 4520 4455 1276 4521
6940 6 2 8 2 4455 1276 4521 4456 1277 4522
6941 6 2 8 2 4456 1277 4522 4457 1278 4523
6942 6 2 8 2 4457 1278 4523 4458 1279 4524
6943 6 2 8 2 4458 1279 4524 4459 1280 4525
6944 6 2 8 2 4459 1280 4525 4460 1281 4526
6945 6 2 8 2 4460 1281 4526 4461 1282 4527
6946 6 2 8 2 4461 1282 4527 4462 1283 4528
6947 6 2 8 2 4462 1283 4528 4463 1284 4529
6948 6 2 8 2 4463 1284 4529 1490 227 1496
6949 6 2 8 2 619 650 657 4013 4354 4431
6950 6 2 8 2 4013 4354 4431 4014 4355 4432
6951 6 2 8 2 4014 4355 4432 4015 4356 4433
6952 6 2 8 2 4015 4356 4433 4016 4357 4434
6953 6 2 8 2 4016 4357 4434 4017 4358 4435
6954 6 2 8 2 4017 4358 4435 4018 4359 4436
6955 6 2 8 2 4018 4359 4436 4019 4360 4437
6956 6 2 8 2 4019 4360 4437 4020 4361 4438
6957 6 2 8 2 4020 4361 4438 4021 4362 4439
6958 6 2 8 2 4021 4362 4439 4022 4363 4440
6959 6 2 8 2 4022 4363 4440 4023 4364 4441
6960 6 2 8 2 4023 4364 4441 1450 1481 1488
6961 6 2 8 2 623 656 667 4057 4420 4541
6962 6 2 8 2 4057 4420 4541 4058 4421 4542
6963 6 2 8 2 4058 4421 4542 4059 4422 4543
6964 6 2 8 2 4059 4422 4543 4060 4423 4544
6965 6 2 8 2 4060 4423 4544 4061 4424 4545
6966 6 2 8 2 4061 4424 4545 4062 4425 4546
6967 6 2 8 2 4062 4425 4546 4063 4426 4547
6968 6 2 8 2 4063 4426 4547 4064 4427 4548
6969 6 2 8 2 4064 4427 4548 4065 4428 4549
6970 6 2 8 2 4065 4428 4549 4066 4429 4550
6971 6 2 8 2 4066 4429 4550 4067 4430 4551
6972 6 2 8 2 4067 4430 4551 1454 1487 1498
6973 6 2 8 2 655 623 667 4409 4057 4541
6974 6 2 8 2 4409 4057 4541 4410 4058 4542
6975 6 2 8 2 4410 4058 4542 4411 4059 4543
6976 6 2 8 2 4411 4059 4543 4412 4060 4544
6977 6 2 8 2 4412 4060 4544 4413 4061 4545
6978 6 2 8 2 4413 4061 4545 4414 4062 4546
6979 6 2 8 2 4414 4062 4546 4415 4063 4547
6980 6 2 8 2 4415 4063 4547 4416 4064 4548
6981 6 2 8 2 4416 4064 4548 4417 4065 4549
6982 6 2 8 2 4417 4065 4549 4418 4066 4550
6983 6 2 8 2 4418 4066 4550 4419 4067 4551
6984 6 2 8 2 4419 4067 4551 1486 1454 1498
6985 6 2 8 2 72 659 660 1263 4453 4464
6986 6 2 8 2 1263 4453 4464 1264 4454 4465
6987 6 2 8 2 1264 4454 4465 1265 4455 4466
6988 6 2 8 2 1265 4455 4466 1266 4456 4467
6989 6 2 8 2 1266 4456 4467 1267 4457 4468
6990 6 2 8 2 1267 4457 4468 1268 4458 4469
6991 6 2 8 2 1268 4458 4469 1269 4459 4470
6992 6 2 8 2 1269 4459 4470 1270 4460 4471
6993 6 2 8 2 1270 4460 4471 1271 4461 4472
6994 6 2 8 2 1271 4461 4472 1272 4462 4473
6995 6 2 8 2 1272 4462 4473 1273 4463 4474
6996 6 2 8 2 1273 4463 4474 226 1490 1491
6997 6 2 8 2 656 597 667 4420 3771 4541
6998 6 2 8 2 4420 3771 4541 4421 3772 4542
6999 6 2 8 2 4421 3772 4542 4422 3773 4543
7000 6 2 8 2 4422 3773 4543 4423 3774 4544
7001 6 2 8 2 4423 3774 4544 4424 3775 4545
7002 6 2 8 2 4424 3775 4545 4425 3776 4546
7003 6 2 8 2 4425 3776 4546 4426 3777 4547
7004 6 2 8 2 4426 3777 4547 4427 3778 4548
7005 6 2 8 2 4427 3778 4548 4428 3779 4549
7006 6 2 8 2 4428 3779 4549 4429 3780 4550
7007 6 2 8 2 4429 3780 4550 4430 3781 4551
7008 6 2 8 2 4430 3781 4551 1487 1428 1498
7009 6 2 8 2 56 655 667 1020 4409 4541
7010 6 2 8 2 1020 4409 4541 1021 4410 4542
7011 6 2 8 2 1021 4410 4542 1022 4411 4543
7012 6 2 8 2 1022 4411 4543 1023 4412 4544
7013 6 2 8 2 1023 4412 4544 1024 4413 4545
7014 6 2 8 2 1024 4413 4545 1025 4414 4546
7015 6 2 8 2 1025 4414 4546 1026 4415 4547
7016 6 2 8 2 1026 4415 4547 1027 4416 4548
7017 6 2 8 2 1027 4416 4548 1028 4417 4549
7018 6 2 8 2 1028 4417 4549 1029 4418 4550
7019 6 2 8 2 1029 4418 4550 1030 4419 4551
7020 6 2 8 2 1030 4419 4551 186 1486 1498
7021 6 2 8 2 56 4 655 1020 115 4409
7022 6 2 8 2 1020 115 4409 1021 116 4410
7023 6 2 8 2 1021 116 4410 1022 117 4411
7024 6 2 8 2 1022 117 4411 1023 118 4412
7025 6 2 8 2 1023 118 4412 1024 119 4413
7026 6 2 8 2 1024 119 4413 1025 120 4414
7027 6 2 8 2 1025 120 4414 1026 121 4415
7028 6 2 8 2 1026 121 4415 1027 122 4416
7029 6 2 8 2 1027 122 4416 1028 123 4417
7030 6 2 8 2 1028 123 4417 1029 124 4418
7031 6 2 8 2 1029 124 4418 1030 125 4419
7032 6 2 8 2 1030 125 4419 186 12 1486
7033 6 2 8 2 2 43 599 142 877 3793
7034 6 2 8 2 142 877 3793 143 878 3794
7035 6 2 8 2 143 878 3794 144 879 3795
7036 6 2 8 2 144 879 3795 145 880 3796
7037 6 2 8 2 145 880 3796 146 881 3797
7038 6 2 8 2 146 881 3797 147 882 3798
7039 6 2 8 2 147 882 3798 148 883 3799
7040 6 2 8 2 148 883 3799 149 884 3800
7041 6 2 8 2 149 884 3800 150 885 3801
7042 6 2 8 2 150 885 3801 151 886 3802
7043 6 2 8 2 151 886 3802 152 887 3803
7044 6 2 8 2 152 887 3803 14 173 1430
7045 6 2 8 2 94 2 599 1076 142 3793
7046 6 2 8 2 1076 142 3793 1077 143 3794
7047 6 2 8 2 1077 143 3794 1078 144 3795
7048 6 2 8 2 1078 144 3795 1079 145 3796
7049 6 2 8 2 1079 145 3796 1080 146 3797
7050 6 2 8 2 1080 146 3797 1081 147 3798
7051 6 2 8 2 1081 147 3798 1082 148 3799
7052 6 2 8 2 1082 148 3799 1083 149 3800
7053 6 2 8 2 1083 149 3800 1084 150 3801
7054 6 2 8 2 1084 150 3801 1085 151 3802
7055 6 2 8 2 1085 151 3802 1086 152 3803
7056 6 2 8 2 1086 152 3803 198 14 1430
7057 6 2 8 2 76 6 643 1307 187 4277
7058 6 2 8 2 1307 187 4277 1308 188 4278
7059 6 2 8 2 1308 188 4278 1309 189 4279
7060 6 2 8 2 1309 189 4279 1310 190 4280
7061 6 2 8 2 1310 190 4280 1311 191 4281
7062 6 2 8 2 1311 191 4281 1312 192 4282
7063 6 2 8 2 1312 192 4282 1313 193 4283
7064 6 2 8 2 1313 193 4283 1314 194 4284
7065 6 2 8 2 1314 194 4284 1315 195 4285
7066 6 2 8 2 1315 195 4285 1316 196 4286
7067 6 2 8 2 1316 196 4286 1317 197 4287
7068 6 2 8 2 1317 197 4287 230 16 1474
7069 6 2 8 2 6 100 643 187 1142 4277
7070 6 2 8 2 187 1142 4277 188 1143 4278
7071 6 2 8 2 188 1143 4278 189 1144 4279
7072 6 2 8 2 189 1144 4279 190 1145 4280
7073 6 2 8 2 190 1145 4280 191 1146 4281
7074 6 2 8 2 191 1146 4281 192 1147 4282
7075 6 2 8 2 192 1147 4282 193 1148 4283
7076 6 2 8 2 193 1148 4283 194 1149 4284
7077 6 2 8 2 194 1149 4284 195 1150 4285
7078 6 2 8 2 195 1150 4285 196 1151 4286
7079 6 2 8 2 196 1151 4286 197 1152 4287
7080 6 2 8 2 197 1152 4287 16 204 1474
7081 6 2 7 3 81 673 683 1567 4607 4717
7082 6 2 7 3 1567 4607 4717 1568 4608 4718
7083 6 2 7 3 1568 4608 4718 1569 4609 4719
7084 6 2 7 3 1569 4609 4719 1570 4610 4720
7085 6 2 7 3 1570 4610 4720 1571 4611 4721
7086 6 2 7 3 1571 4611 4721 1572 4612 4722
7087 6 2 7 3 1572 4612 4722 1573 4613 4723
7088 6 2 7 3 1573 4613 4723 1574 4614 4724
7089 6 2 7 3 1574 4614 4724 1575 4615 4725
7090 6 2 7 3 1575 4615 4725 1576 4616 4726
7091 6 2 7 3 1576 4616 4726 1577 4617 4727
7092 6 2 7 3 1577 4617 4727 266 1614 1624
7093 6 2 7 3 672 78 684 4596 1534 4728
7094 6 2 7 3 4596 1534 4728 4597 1535 4729
7095 6 2 7 3 4597 1535 4729 4598 1536 4730
7096 6 2 7 3 4598 1536 4730 4599 1537 4731
7097 6 2 7 3 4599 1537 4731 4600 1538 4732
7098 6 2 7 3 4600 1538 4732 4601 1539 4733
7099 6 2 7 3 4601 1539 4733 4602 1540 4734
7100 6 2 7 3 4602 1540 4734 4603 1541 4735
7101 6 2 7 3 4603 1541 4735 4604 1542 4736
7102 6 2 7 3 4604 1542 4736 4605 1543 4737
7103 6 2 7 3 4605 1543 4737 4606 1544 4738
7104 6 2 7 3 4606 1544 4738 1613 263 1625
7105 6 2 7 3 77 671 680 1523 4585 4684
7106 6 2 7 3 1523 4585 4684 1524 4586 4685
7107 6 2 7 3 1524 4586 4685 1525 4587 4686
7108 6 2 7 3 1525 4587 4686 1526 4588 4687
7109 6 2 7 3 1526 4588 4687 1527 4589 4688
7110 6 2 7 3 1527 4589 4688 1528 4590 4689
7111 6 2 7 3 1528 4590 4689 1529 4591 4690
7112 6 2 7 3 1529 4591 4690 1530 4592 4691
7113 6 2 7 3 1530 4592 4691 1531 4593 4692
7114 6 2 7 3 1531 4593 4692 1532 4594 4693
7115 6 2 7 3 1532 4594 4693 1533 4595 4694
7116 6 2 7 3 1533 4595 4694 262 1612 1621
7117 6 2 7 3 673 82 686 4607 1578 4750
7118 6 2 7 3 4607 1578 4750 4608 1579 4751
7119 6 2 7 3 4608 1579 4751 4609 1580 4752
7120 6 2 7 3 4609 1580 4752 4610 1581 4753
7121 6 2 7 3 4610 1581 4753 4611 1582 4754
7122 6 2 7 3 4611 1582 4754 4612 1583 4755
7123 6 2 7 3 4612 1583 4755 4613 1584 4756
7124 6 2 7 3 4613 1584 4756 4614 1585 4757
7125 6 2 7 3 4614 1585 4757 4615 1586 4758
7126 6 2 7 3 4615 1586 4758 4616 1587 4759
7127 6 2 7 3 4616 1587 4759 4617 1588 4760
7128 6 2 7 3 4617 1588 4760 1614 267 1627
7129 6 2 7 3 82 8 686 1578 238 4750
7130 6 2 7 3 1578 238 4750 1579 239 4751
7131 6 2 7 3 1579 239 4751 1580 240 4752
7132 6 2 7 3 1580 240 4752 1581 241 4753
7133 6 2 7 3 1581 241 4753 1582 242 4754
7134 6 2 7 3 1582 242 4754 1583 243 4755
7135 6 2 7 3 1583 243 4755 1584 244 4756
7136 6 2 7 3 1584 244 4756 1585 245 4757
7137 6 2 7 3 1585 245 4757 1586 246 4758
7138 6 2 7 3 1586 246 4758 1587 247 4759
7139 6 2 7 3 1587 247 4759 1588 248 4760
7140 6 2 7 3 1588 248 4760 267 18 1627
7141 6 2 7 3 671 77 678 4585 1523 4662
7142 6 2 7 3 4585 1523 4662 4586 1524 4663
7143 6 2 7 3 4586 1524 4663 4587 1525 4664
7144 6 2 7 3 4587 1525 4664 4588 1526 4665
7145 6 2 7 3 4588 1526 4665 4589 1527 4666
7146 6 2 7 3 4589 1527 4666 4590 1528 4667
7147 6 2 7 3 4590 1528 4667 4591 1529 4668
7148 6 2 7 3 4591 1529 4668 4592 1530 4669
7149 6 2 7 3 4592 1530 4669 4593 1531 4670
7150 6 2 7 3 4593 1531 4670 4594 1532 4671
7151 6 2 7 3 4594 1532 4671 4595 1533 4672
7152 6 2 7 3 4595 1533 4672 1612 262 1619
7153 6 2 7 3 78 674 684 1534 4618 4728
7154 6 2 7 3 1534 4618 4728 1535 4619 4729
7155 6 2 7 3 1535 4619 4729 1536 4620 4730
7156 6 2 7 3 1536 4620 4730 1537 4621 4731
7157 6 2 7 3 1537 4621 4731 1538 4622 4732
7158 6 2 7 3 1538 4622 4732 1539 4623 4733
7159 6 2 7 3 1539 4623 4733 1540 4624 4734
7160 6 2 7 3 1540 4624 4734 1541 4625 4735
7161 6 2 7 3 1541 4625 4735 1542 4626 4736
7162 6 2 7 3 1542 4626 4736 1543 4627 4737
7163 6 2 7 3 1543 4627 4737 1544 4628 4738
7164 6 2 7 3 1544 4628 4738 263 1615 1625
7165 6 2 7 3 675 81 683 4629 1567 4717
7166 6 2 7 3 4629 1567 4717 4630 1568 4718
7167 6 2 7 3 4630 1568 4718 4631 1569 4719
7168 6 2 7 3 4631 1569 4719 4632 1570 4720
7169 6 2 7 3 4632 1570 4720 4633 1571 4721
7170 6 2 7 3 4633 1571 4721 4634 1572 4722
7171 6 2 7 3 4634 1572 4722 4635 1573 4723
7172 6 2 7 3 4635 1573 4723 4636 1574 4724
7173 6 2 7 3 4636 1574 4724 4637 1575 4725
7174 6 2 7 3 4637 1575 4725 4638 1576 4726
7175 6 2 7 3 4638 1576 4726 4639 1577 4727
7176 6 2 7 3 4639 1577 4727 1616 266 1624
7177 6 2 7 3 685 681 687 4739 4695 4761
7178 6 2 7 3 4739 4695 4761 4740 4696 4762
7179 6 2 7 3 4740 4696 4762 4741 4697 4763
7180 6 2 7 3 4741 4697 4763 4742 4698 4764
7181 6 2 7 3 4742 4698 4764 4743 4699 4765
7182 6 2 7 3 4743 4699 4765 4744 4700 4766
7183 6 2 7 3 4744 4700 4766 4745 4701 4767
7184 6 2 7 3 4745 4701 4767 4746 4702 4768
7185 6 2 7 3 4746 4702 4768 4747 4703 4769
7186 6 2 7 3 4747 4703 4769 4748 4704 4770
7187 6 2 7 3 4748 4704 4770 4749 4705 4771
7188 6 2 7 3 4749 4705 4771 1626 1622 1628
7189 6 2 7 3 80 81 675 1556 1567 4629
7190 6 2 7 3 1556 1567 4629 1557 1568 4630
7191 6 2 7 3 1557 1568 4630 1558 1569 4631
7192 6 2 7 3 1558 1569 4631 1559 1570 4632
7193 6 2 7 3 1559 1570 4632 1560 1571 4633
7194 6 2 7 3 1560 1571 4633 1561 1572 4634
7195 6 2 7 3 1561 1572 4634 1562 1573 4635
7196 6 2 7 3 1562 1573 4635 1563 1574 4636
7197 6 2 7 3 1563 1574 4636 1564 1575 4637
7198 6 2 7 3 1564 1575 4637 1565 1576 4638
7199 6 2 7 3 1565 1576 4638 1566 1577 4639
7200 6 2 7 3 1566 1577 4639 265 266 1616
7201 6 2 7 3 78 79 674 1534 1545 4618
7202 6 2 7 3 1534 1545 4618 1535 1546 4619
7203 6 2 7 3 1535 1546 4619 1536 1547 4620
7204 6 2 7 3 1536 1547 4620 1537 1548 4621
7205 6 2 7 3 1537 1548 4621 1538 1549 4622
7206 6 2 7 3 1538 1549 4622 1539 1550 4623
7207 6 2 7 3 1539 1550 4623 1540 1551 4624
7208 6 2 7 3 1540 1551 4624 1541 1552 4625
7209 6 2 7 3 1541 1552 4625 1542 1553 4626
7210 6 2 7 3 1542 1553 4626 1543 1554 4627
7211 6 2 7 3 1543 1554 4627 1544 1555 4628
7212 6 2 7 3 1544 1555 4628 263 264 1615
7213 6 2 7 3 77 78 672 1523 1534 4596
7214 6 2 7 3 1523 1534 4596 1524 1535 4597
7215 6 2 7 3 1524 1535 4597 1525 1536 4598
7216 6 2 7 3 1525 1536 4598 1526 1537 4599
7217 6 2 7 3 1526 1537 4599 1527 1538 4600
7218 6 2 7 3 1527 1538 4600 1528 1539 4601
7219 6 2 7 3 1528 1539 4601 1529 1540 4602
7220 6 2 7 3 1529 1540 4602 1530 1541 4603
7221 6 2 7 3 1530 1541 4603 1531 1542 4604
7222 6 2 7 3 1531 1542 4604 1532 1543 4605
7223 6 2 7 3 1532 1543 4605 1533 1544 4606
7224 6 2 7 3 1533 1544 4606 262 263 1613
7225 6 2 7 3 81 82 673 1567 1578 4607
7226 6 2 7 3 1567 1578 4607 1568 1579 4608
7227 6 2 7 3 1568 1579 4608 1569 1580 4609
7228 6 2 7 3 1569 1580 4609 1570 1581 4610
7229 6 2 7 3 1570 1581 4610 1571 1582 4611
7230 6 2 7 3 1571 1582 4611 1572 1583 4612
7231 6 2 7 3 1572 1583 4612 1573 1584 4613
7232 6 2 7 3 1573 1584 4613 1574 1585 4614
7233 6 2 7 3 1574 1585 4614 1575 1586 4615
7234 6 2 7 3 1575 1586 4615 1576 1587 4616
7235 6 2 7 3 1576 1587 4616 1577 1588 4617
7236 6 2 7 3 1577 1588 4617 266 267 1614
7237 6 2 7 3 676 682 687 4640 4706 4761
7238 6 2 7 3 4640 4706 4761 4641 4707 4762
7239 6 2 7 3 4641 4707 4762 4642 4708 4763
7240 6 2 7 3 4642 4708 4763 4643 4709 4764
7241 6 2 7 3 4643 4709 4764 4644 4710 4765
7242 6 2 7 3 4644 4710 4765 4645 4711 4766
7243 6 2 7 3 4645 4711 4766 4646 4712 4767
7244 6 2 7 3 4646 4712 4767 4647 4713 4768
7245 6 2 7 3 4647 4713 4768 4648 4714 4769
7246 6 2 7 3 4648 4714 4769 4649 4715 4770
7247 6 2 7 3 4649 4715 4770 4650 4716 4771
7248 6 2 7 3 4650 4716 4771 1617 1623 1628
7249 6 2 7 3 80 685 687 1556 4739 4761
7250 6 2 7 3 1556 4739 4761 1557 4740 4762
7251 6 2 7 3 1557 4740 4762 1558 4741 4763
7252 6 2 7 3 1558 4741 4763 1559 4742 4764
7253 6 2 7 3 1559 4742 4764 1560 4743 4765
7254 6 2 7 3 1560 4743 4765 1561 4744 4766
7255 6 2 7 3 1561 4744 4766 1562 4745 4767
7256 6 2 7 3 1562 4745 4767 1563 4746 4768
7257 6 2 7 3 1563 4746 4768 1564 4747 4769
7258 6 2 7 3 1564 4747 4769 1565 4748 4770
7259 6 2 7 3 1565 4748 4770 1566 4749 4771
7260 6 2 7 3 1566 4749 4771 265 1626 1628
7261 6 2 7 3 79 80 687 1545 1556 4761
7262 6 2 7 3 1545 1556 4761 1546 1557 4762
7263 6 2 7 3 1546 1557 4762 1547 1558 4763
7264 6 2 7 3 1547 1558 4763 1548 1559 4764
7265 6 2 7 3 1548 1559 4764 1549 1560 4765
7266 6 2 7 3 1549 1560 4765 1550 1561 4766
7267 6 2 7 3 1550 1561 4766 1551 1562 4767
7268 6 2 7 3 1551 1562 4767 1552 1563 4768
7269 6 2 7 3 1552 1563 4768 1553 1564 4769
7270 6 2 7 3 1553 1564 4769 1554 1565 4770
7271 6 2 7 3 1554 1565 4770 1555 1566 4771
7272 6 2 7 3 1555 1566 4771 264 265 1628
7273 6 2 7 3 682 79 687 4706 1545 4761
7274 6 2 7 3 4706 1545 4761 4707 1546 4762
7275 6 2 7 3 4707 1546 4762 4708 1547 4763
7276 6 2 7 3 4708 1547 4763 4709 1548 4764
7277 6 2 7 3 4709 1548 4764 4710 1549 4765
7278 6 2 7 3 4710 1549 4765 4711 1550 4766
7279 6 2 7 3 4711 1550 4766 4712 1551 4767
7280 6 2 7 3 4712 1551 4767 4713 1552 4768
7281 6 2 7 3 4713 1552 4768 4714 1553 4769
7282 6 2 7 3 4714 1553 4769 4715 1554 4770
7283 6 2 7 3 4715 1554 4770 4716 1555 4771
7284 6 2 7 3 4716 1555 4771 1623 264 1628
7285 6 2 7 3 86 85 679 1512 1501 4673
7286 6 2 7 3 1512 1501 4673 1513 1502 4674
7287 6 2 7 3 1513 1502 4674 1514 1503 4675
7288 6 2 7 3 1514 1503 4675 1515 1504 4676
7289 6 2 7 3 1515 1504 4676 1516 1505 4677
7290 6 2 7 3 1516 1505 4677 1517 1506 4678
7291 6 2 7 3 1517 1506 4678 1518 1507 4679
7292 6 2 7 3 1518 1507 4679 1519 1508 4680
7293 6 2 7 3 1519 1508 4680 1520 1509 4681
7294 6 2 7 3 1520 1509 4681 1521 1510 4682
7295 6 2 7 3 1521 1510 4682 1522 1511 4683
7296 6 2 7 3 1522 1511 4683 250 249 1620
7297 6 2 7 3 83 84 680 1589 1600 4684
7298 6 2 7 3 1589 1600 4684 1590 1601 4685
7299 6 2 7 3 1590 1601 4685 1591 1602 4686
7300 6 2 7 3 1591 1602 4686 1592 1603 4687
7301 6 2 7 3 1592 1603 4687 1593 1604 4688
7302 6 2 7 3 1593 1604 4688 1594 1605 4689
7303 6 2 7 3 1594 1605 4689 1595 1606 4690
7304 6 2 7 3 1595 1606 4690 1596 1607 4691
7305 6 2 7 3 1596 1607 4691 1597 1608 4692
7306 6 2 7 3 1597 1608 4692 1598 1609 4693
7307 6 2 7 3 1598 1609 4693 1599 1610 4694
7308 6 2 7 3 1599 1610 4694 268 269 1621
7309 6 2 7 3 5 83 688 205 1589 4772
7310 6 2 7 3 205 1589 4772 206 1590 4773
7311 6 2 7 3 206 1590 4773 207 1591 4774
7312 6 2 7 3 207 1591 4774 208 1592 4775
7313 6 2 7 3 208 1592 4775 209 1593 4776
7314 6 2 7 3 209 1593 4776 210 1594 4777
7315 6 2 7 3 210 1594 4777 211 1595 4778
7316 6 2 7 3 211 1595 4778 212 1596 4779
7317 6 2 7 3 212 1596 4779 213 1597 4780
7318 6 2 7 3 213 1597 4780 214 1598 4781
7319 6 2 7 3 214 1598 4781 215 1599 4782
7320 6 2 7 3 215 1599 4782 17 268 1629
7321 6 2 7 3 85 6 689 1501 187 4783
7322 6 2 7 3 1501 187 4783 1502 188 4784
7323 6 2 7 3 1502 188 4784 1503 189 4785
7324 6 2 7 3 1503 189 4785 1504 190 4786
7325 6 2 7 3 1504 190 4786 1505 191 4787
7326 6 2 7 3 1505 191 4787 1506 192 4788
7327 6 2 7 3 1506 192 4788 1507 193 4789
7328 6 2 7 3 1507 193 4789 1508 194 4790
7329 6 2 7 3 1508 194 4790 1509 195 4791
7330 6 2 7 3 1509 195 4791 1510 196 4792
7331 6 2 7 3 1510 196 4792 1511 197 4793
7332 6 2 7 3 1511 197 4793 249 16 1630
7333 6 2 7 3 75 74 677 1296 1285 4651
7334 6 2 7 3 1296 1285 4651 1297 1286 4652
7335 6 2 7 3 1297 1286 4652 1298 1287 4653
7336 6 2 7 3 1298 1287 4653 1299 1288 4654
7337 6 2 7 3 1299 1288 4654 1300 1289 4655
7338 6 2 7 3 1300 1289 4655 1301 1290 4656
7339 6 2 7 3 1301 1290 4656 1302 1291 4657
7340 6 2 7 3 1302 1291 4657 1303 1292 4658
7341 6 2 7 3 1303 1292 4658 1304 1293 4659
7342 6 2 7 3 1304 1293 4659 1305 1294 4660
7343 6 2 7 3 1305 1294 4660 1306 1295 4661
7344 6 2 7 3 1306 1295 4661 229 228 1618
7345 6 2 7 3 670 679 689 4574 4673 4783
7346 6 2 7 3 4574 4673 4783 4575 4674 4784
7347 6 2 7 3 4575 4674 4784 4576 4675 4785
7348 6 2 7 3 4576 4675 4785 4577 4676 4786
7349 6 2 7 3 4577 4676 4786 4578 4677 4787
7350 6 2 7 3 4578 4677 4787 4579 4678 4788
7351 6 2 7 3 4579 4678 4788 4580 4679 4789
7352 6 2 7 3 4580 4679 4789 4581 4680 4790
7353 6 2 7 3 4581 4680 4790 4582 4681 4791
7354 6 2 7 3 4582 4681 4791 4583 4682 4792
7355 6 2 7 3 4583 4682 4792 4584 4683 4793
7356 6 2 7 3 4584 4683 4793 1611 1620 1630
7357 6 2 7 3 680 671 688 4684 4585 4772
7358 6 2 7 3 4684 4585 4772 4685 4586 4773
7359 6 2 7 3 4685 4586 4773 4686 4587 4774
7360 6 2 7 3 4686 4587 4774 4687 4588 4775
7361 6 2 7 3 4687 4588 4775 4688 4589 4776
7362 6 2 7 3 4688 4589 4776 4689 4590 4777
7363 6 2 7 3 4689 4590 4777 4690 4591 4778
7364 6 2 7 3 4690 4591 4778 4691 4592 4779
7365 6 2 7 3 4691 4592 4779 4692 4593 4780
7366 6 2 7 3 4692 4593 4780 4693 4594 4781
7367 6 2 7 3 4693 4594 4781 4694 4595 4782
7368 6 2 7 3 4694 4595 4782 1621 1612 1629
7369 6 2 7 3 83 680 688 1589 4684 4772
7370 6 2 7 3 1589 4684 4772 1590 4685 4773
7371 6 2 7 3 1590 4685 4773 1591 4686 4774
7372 6 2 7 3 1591 4686 4774 1592 4687 4775
7373 6 2 7 3 1592 4687 4775 1593 4688 4776
7374 6 2 7 3 1593 4688 4776 1594 4689 4777
7375 6 2 7 3 1594 4689 4777 1595 4690 4778
7376 6 2 7 3 1595 4690 4778 1596 4691 4779
7377 6 2 7 3 1596 4691 4779 1597 4692 4780
7378 6 2 7 3 1597 4692 4780 1598 4693 4781
7379 6 2 7 3 1598 4693 4781 1599 4694 4782
7380 6 2 7 3 1599 4694 4782 268 1621 1629
7381 6 2 7 3 679 85 689 4673 1501 4783
7382 6 2 7 3 4673 1501 4783 4674 1502 4784
7383 6 2 7 3 4674 1502 4784 4675 1503 4785
7384 6 2 7 3 4675 1503 4785 4676 1504 4786
7385 6 2 7 3 4676 1504 4786 4677 1505 4787
7386 6 2 7 3 4677 1505 4787 4678 1506 4788
7387 6 2 7 3 4678 1506 4788 4679 1507 4789
7388 6 2 7 3 4679 1507 4789 4680 1508 4790
7389 6 2 7 3 4680 1508 4790 4681 1509 4791
7390 6 2 7 3 4681 1509 4791 4682 1510 4792
7391 6 2 7 3 4682 1510 4792 4683 1511 4793
7392 6 2 7 3 4683 1511 4793 1620 249 1630
7393 6 2 7 3 76 75 670 1307 1296 4574
7394 6 2 7 3 1307 1296 4574 1308 1297 4575
7395 6 2 7 3 1308 1297 4575 1309 1298 4576
7396 6 2 7 3 1309 1298 4576 1310 1299 4577
7397 6 2 7 3 1310 1299 4577 1311 1300 4578
7398 6 2 7 3 1311 1300 4578 1312 1301 4579
7399 6 2 7 3 1312 1301 4579 1313 1302 4580
7400 6 2 7 3 1313 1302 4580 1314 1303 4581
7401 6 2 7 3 1314 1303 4581 1315 1304 4582
7402 6 2 7 3 1315 1304 4582 1316 1305 4583
7403 6 2 7 3 1316 1305 4583 1317 1306 4584
7404 6 2 7 3 1317 1306 4584 230 229 1611
7405 6 2 7 3 63 62 671 1164 1153 4585
7406 6 2 7 3 1164 1153 4585 1165 1154 4586
7407 6 2 7 3 1165 1154 4586 1166 1155 4587
7408 6 2 7 3 1166 1155 4587 1167 1156 4588
7409 6 2 7 3 1167 1156 4588 1168 1157 4589
7410 6 2 7 3 1168 1157 4589 1169 1158 4590
7411 6 2 7 3 1169 1158 4590 1170 1159 4591
7412 6 2 7 3 1170 1159 4591 1171 1160 4592
7413 6 2 7 3 1171 1160 4592 1172 1161 4593
7414 6 2 7 3 1172 1161 4593 1173 1162 4594
7415 6 2 7 3 1173 1162 4594 1174 1163 4595
7416 6 2 7 3 1174 1163 4595 217 216 1612
7417 6 2 7 3 68 67 682 1219 1208 4706
7418 6 2 7 3 1219 1208 4706 1220 1209 4707
7419 6 2 7 3 1220 1209 4707 1221 1210 4708
7420 6 2 7 3 1221 1210 4708 1222 1211 4709
7421 6 2 7 3 1222 1211 4709 1223 1212 4710
7422 6 2 7 3 1223 1212 4710 1224 1213 4711
7423 6 2 7 3 1224 1213 4711 1225 1214 4712
7424 6 2 7 3 1225 1214 4712 1226 1215 4713
7425 6 2 7 3 1226 1215 4713 1227 1216 4714
7426 6 2 7 3 1227 1216 4714 1228 1217 4715
7427 6 2 7 3 1228 1217 4715 1229 1218 4716
7428 6 2 7 3 1229 1218 4716 222 221 1623
7429 6 2 7 3 73 72 683 1274 1263 4717
7430 6 2 7 3 1274 1263 4717 1275 1264 4718
7431 6 2 7 3 1275 1264 4718 1276 1265 4719
7432 6 2 7 3 1276 1265 4719 1277 1266 4720
7433 6 2 7 3 1277 1266 4720 1278 1267 4721
7434 6 2 7 3 1278 1267 4721 1279 1268 4722
7435 6 2 7 3 1279 1268 4722 1280 1269 4723
7436 6 2 7 3 1280 1269 4723 1281 1270 4724
7437 6 2 7 3 1281 1270 4724 1282 1271 4725
7438 6 2 7 3 1282 1271 4725 1283 1272 4726
7439 6 2 7 3 1283 1272 4726 1284 1273 4727
7440 6 2 7 3 1284 1273 4727 227 226 1624
7441 6 2 7 3 64 63 678 1175 1164 4662
7442 6 2 7 3 1175 1164 4662 1176 1165 4663
7443 6 2 7 3 1176 1165 4663 1177 1166 4664
7444 6 2 7 3 1177 1166 4664 1178 1167 4665
7445 6 2 7 3 1178 1167 4665 1179 1168 4666
7446 6 2 7 3 1179 1168 4666 1180 1169 4667
7447 6 2 7 3 1180 1169 4667 1181 1170 4668
7448 6 2 7 3 1181 1170 4668 1182 1171 4669
7449 6 2 7 3 1182 1171 4669 1183 1172 4670
7450 6 2 7 3 1183 1172 4670 1184 1173 4671
7451 6 2 7 3 1184 1173 4671 1185 1174 4672
7452 6 2 7 3 1185 1174 4672 218 217 1619
7453 6 2 7 3 6 76 689 187 1307 4783
7454 6 2 7 3 187 1307 4783 188 1308 4784
7455 6 2 7 3 188 1308 4784 189 1309 4785
7456 6 2 7 3 189 1309 4785 190 1310 4786
7457 6 2 7 3 190 1310 4786 191 1311 4787
7458 6 2 7 3 191 1311 4787 192 1312 4788
7459 6 2 7 3 192 1312 4788 193 1313 4789
7460 6 2 7 3 193 1313 4789 194 1314 4790
7461 6 2 7 3 194 1314 4790 195 1315 4791
7462 6 2 7 3 195 1315 4791 196 1316 4792
7463 6 2 7 3 196 1316 4792 197 1317 4793
7464 6 2 7 3 197 1317 4793 16 230 1630
7465 6 2 7 3 62 5 688 1153 205 4772
7466 6 2 7 3 1153 205 4772 1154 206 4773
7467 6 2 7 3 1154 206 4773 1155 207 4774
7468 6 2 7 3 1155 207 4774 1156 208 4775
7469 6 2 7 3 1156 208 4775 1157 209 4776
7470 6 2 7 3 1157 209 4776 1158 210 4777
7471 6 2 7 3 1158 210 4777 1159 211 4778
7472 6 2 7 3 1159 211 4778 1160 212 4779
7473 6 2 7 3 1160 212 4779 1161 213 4780
7474 6 2 7 3 1161 213 4780 1162 214 4781
7475 6 2 7 3 1162 214 4781 1163 215 4782
7476 6 2 7 3 1163 215 4782 216 17 1629
7477 6 2 7 3 76 670 689 1307 4574 4783
7478 6 2 7 3 1307 4574 4783 1308 4575 4784
7479 6 2 7 3 1308 4575 4784 1309 4576 4785
7480 6 2 7 3 1309 4576 4785 1310 4577 4786
7481 6 2 7 3 1310 4577 4786 1311 4578 4787
7482 6 2 7 3 1311 4578 4787 1312 4579 4788
7483 6 2 7 3 1312 4579 4788 1313 4580 4789
7484 6 2 7 3 1313 4580 4789 1314 4581 4790
7485 6 2 7 3 1314 4581 4790 1315 4582 4791
7486 6 2 7 3 1315 4582 4791 1316 4583 4792
7487 6 2 7 3 1316 4583 4792 1317 4584 4793
7488 6 2 7 3 1317 4584 4793 230 1611 1630
7489 6 2 7 3 671 62 688 4585 1153 4772
7490 6 2 7 3 4585 1153 4772 4586 1154 4773
7491 6 2 7 3 4586 1154 4773 4587 1155 4774
7492 6 2 7 3 4587 1155 4774 4588 1156 4775
7493 6 2 7 3 4588 1156 4775 4589 1157 4776
7494 6 2 7 3 4589 1157 4776 4590 1158 4777
7495 6 2 7 3 4590 1158 4777 4591 1159 4778
7496 6 2 7 3 4591 1159 4778 4592 1160 4779
7497 6 2 7 3 4592 1160 4779 4593 1161 4780
7498 6 2 7 3 4593 1161 4780 4594 1162 4781
7499 6 2 7 3 4594 1162 4781 4595 1163 4782
7500 6 2 7 3 4595 1163 4782 1612 216 1629
7501 6 2 7 3 69 68 676 1230 1219 4640
7502 6 2 7 3 1230 1219 4640 1231 1220 4641
7503 6 2 7 3 1231 1220 4641 1232 1221 4642
7504 6 2 7 3 1232 1221 4642 1233 1222 4643
7505 6 2 7 3 1233 1222 4643 1234 1223 4644
7506 6 2 7 3 1234 1223 4644 1235 1224 4645
7507 6 2 7 3 1235 1224 4645 1236 1225 4646
7508 6 2 7 3 1236 1225 4646 1237 1226 4647
7509 6 2 7 3 1237 1226 4647 1238 1227 4648
7510 6 2 7 3 1238 1227 4648 1239 1228 4649
7511 6 2 7 3 1239 1228 4649 1240 1229 4650
7512 6 2 7 3 1240 1229 4650 223 222 1617
7513 6 2 7 3 72 71 675 1263 1252 4629
7514 6 2 7 3 1263 1252 4629 1264 1253 4630
7515 6 2 7 3 1264 1253 4630 1265 1254 4631
7516 6 2 7 3 1265 1254 4631 1266 1255 4632
7517 6 2 7 3 1266 1255 4632 1267 1256 4633
7518 6 2 7 3 1267 1256 4633 1268 1257 4634
7519 6 2 7 3 1268 1257 4634 1269 1258 4635
7520 6 2 7 3 1269 1258 4635 1270 1259 4636
7521 6 2 7 3 1270 1259 4636 1271 1260 4637
7522 6 2 7 3 1271 1260 4637 1272 1261 4638
7523 6 2 7 3 1272 1261 4638 1273 1262 4639
7524 6 2 7 3 1273 1262 4639 226 225 1616
7525 6 2 7 3 67 66 674 1208 1197 4618
7526 6 2 7 3 1208 1197 4618 1209 1198 4619
7527 6 2 7 3 1209 1198 4619 1210 1199 4620
7528 6 2 7 3 1210 1199 4620 1211 1200 4621
7529 6 2 7 3 1211 1200 4621 1212 1201 4622
7530 6 2 7 3 1212 1201 4622 1213 1202 4623
7531 6 2 7 3 1213 1202 4623 1214 1203 4624
7532 6 2 7 3 1214 1203 4624 1215 1204 4625
7533 6 2 7 3 1215 1204 4625 1216 1205 4626
7534 6 2 7 3 1216 1205 4626 1217 1206 4627
7535 6 2 7 3 1217 1206 4627 1218 1207 4628
7536 6 2 7 3 1218 1207 4628 221 220 1615
7537 6 2 7 3 74 73 673 1285 1274 4607
7538 6 2 7 3 1285 1274 4607 1286 1275 4608
7539 6 2 7 3 1286 1275 4608 1287 1276 4609
7540 6 2 7 3 1287 1276 4609 1288 1277 4610
7541 6 2 7 3 1288 1277 4610 1289 1278 4611
7542 6 2 7 3 1289 1278 4611 1290 1279 4612
7543 6 2 7 3 1290 1279 4612 1291 1280 4613
7544 6 2 7 3 1291 1280 4613 1292 1281 4614
7545 6 2 7 3 1292 1281 4614 1293 1282 4615
7546 6 2 7 3 1293 1282 4615 1294 1283 4616
7547 6 2 7 3 1294 1283 4616 1295 1284 4617
7548 6 2 7 3 1295 1284 4617 228 227 1614
7549 6 2 7 3 65 64 672 1186 1175 4596
7550 6 2 7 3 1186 1175 4596 1187 1176 4597
7551 6 2 7 3 1187 1176 4597 1188 1177 4598
7552 6 2 7 3 1188 1177 4598 1189 1178 4599
7553 6 2 7 3 1189 1178 4599 1190 1179 4600
7554 6 2 7 3 1190 1179 4600 1191 1180 4601
7555 6 2 7 3 1191 1180 4601 1192 1181 4602
7556 6 2 7 3 1192 1181 4602 1193 1182 4603
7557 6 2 7 3 1193 1182 4603 1194 1183 4604
7558 6 2 7 3 1194 1183 4604 1195 1184 4605
7559 6 2 7 3 1195 1184 4605 1196 1185 4606
7560 6 2 7 3 1196 1185 4606 219 218 1613
7561 6 2 7 3 70 69 681 1241 1230 4695
7562 6 2 7 3 1241 1230 4695 1242 1231 4696
7563 6 2 7 3 1242 1231 4696 1243 1232 4697
7564 6 2 7 3 1243 1232 4697 1244 1233 4698
7565 6 2 7 3 1244 1233 4698 1245 1234 4699
7566 6 2 7 3 1245 1234 4699 1246 1235 4700
7567 6 2 7 3 1246 1235 4700 1247 1236 4701
7568 6 2 7 3 1247 1236 4701 1248 1237 4702
7569 6 2 7 3 1248 1237 4702 1249 1238 4703
7570 6 2 7 3 1249 1238 4703 1250 1239 4704
7571 6 2 7 3 1250 1239 4704 1251 1240 4705
7572 6 2 7 3 1251 1240 4705 224 223 1622
7573 6 2 7 3 66 65 684 1197 1186 4728
7574 6 2 7 3 1197 1186 4728 1198 1187 4729
7575 6 2 7 3 1198 1187 4729 1199 1188 4730
7576 6 2 7 3 1199 1188 4730 1200 1189 4731
7577 6 2 7 3 1200 1189 4731 1201 1190 4732
7578 6 2 7 3 1201 1190 4732 1202 1191 4733
7579 6 2 7 3 1202 1191 4733 1203 1192 4734
7580 6 2 7 3 1203 1192 4734 1204 1193 4735
7581 6 2 7 3 1204 1193 4735 1205 1194 4736
7582 6 2 7 3 1205 1194 4736 1206 1195 4737
7583 6 2 7 3 1206 1195 4737 1207 1196 4738
7584 6 2 7 3 1207 1196 4738 220 219 1625
7585 6 2 7 3 71 70 685 1252 1241 4739
7586 6 2 7 3 1252 1241 4739 1253 1242 4740
7587 6 2 7 3 1253 1242 4740 1254 1243 4741
7588 6 2 7 3 1254 1243 4741 1255 1244 4742
7589 6 2 7 3 1255 1244 4742 1256 1245 4743
7590 6 2 7 3 1256 1245 4743 1257 1246 4744
7591 6 2 7 3 1257 1246 4744 1258 1247 4745
7592 6 2 7 3 1258 1247 4745 1259 1248 4746
7593 6 2 7 3 1259 1248 4746 1260 1249 4747
7594 6 2 7 3 1260 1249 4747 1261 1250 4748
7595 6 2 7 3 1261 1250 4748 1262 1251 4749
7596 6 2 7 3 1262 1251 4749 225 224 1626
7597 6 2 7 3 670 75 677 4574 1296 4651
7598 6 2 7 3 4574 1296 4651 4575 1297 4652
7599 6 2 7 3 4575 1297 4652 4576 1298 4653
7600 6 2 7 3 4576 1298 4653 4577 1299 4654
7601 6 2 7 3 4577 1299 4654 4578 1300 4655
7602 6 2 7 3 4578 1300 4655 4579 1301 4656
7603 6 2 7 3 4579 1301 4656 4580 1302 4657
7604 6 2 7 3 4580 1302 4657 4581 1303 4658
7605 6 2 7 3 4581 1303 4658 4582 1304 4659
7606 6 2 7 3 4582 1304 4659 4583 1305 4660
7607 6 2 7 3 4583 1305 4660 4584 1306 4661
7608 6 2 7 3 4584 1306 4661 1611 229 1618
7609 6 2 7 3 63 671 678 1164 4585 4662
7610 6 2 7 3 1164 4585 4662 1165 4586 4663
7611 6 2 7 3 1165 4586 4663 1166 4587 4664
7612 6 2 7 3 1166 4587 4664 1167 4588 4665
7613 6 2 7 3 1167 4588 4665 1168 4589 4666
7614 6 2 7 3 1168 4589 4666 1169 4590 4667
7615 6 2 7 3 1169 4590 4667 1170 4591 4668
7616 6 2 7 3 1170 4591 4668 1171 4592 4669
7617 6 2 7 3 1171 4592 4669 1172 4593 4670
7618 6 2 7 3 1172 4593 4670 1173 4594 4671
7619 6 2 7 3 1173 4594 4671 1174 4595 4672
7620 6 2 7 3 1174 4595 4672 217 1612 1619
7621 6 2 7 3 74 673 677 1285 4607 4651
7622 6 2 7 3 1285 4607 4651 1286 4608 4652
7623 6 2 7 3 1286 4608 4652 1287 4609 4653
7624 6 2 7 3 1287 4609 4653 1288 4610 4654
7625 6 2 7 3 1288 4610 4654 1289 4611 4655
7626 6 2 7 3 1289 4611 4655 1290 4612 4656
7627 6 2 7 3 1290 4612 4656 1291 4613 4657
7628 6 2 7 3 1291 4613 4657 1292 4614 4658
7629 6 2 7 3 1292 4614 4658 1293 4615 4659
7630 6 2 7 3 1293 4615 4659 1294 4616 4660
7631 6 2 7 3 1294 4616 4660 1295 4617 4661
7632 6 2 7 3 1295 4617 4661 228 1614 1618
7633 6 2 7 3 679 670 686 4673 4574 4750
7634 6 2 7 3 4673 4574 4750 4674 4575 4751
7635 6 2 7 3 4674 4575 4751 4675 4576 4752
7636 6 2 7 3 4675 4576 4752 4676 4577 4753
7637 6 2 7 3 4676 4577 4753 4677 4578 4754
7638 6 2 7 3 4677 4578 4754 4678 4579 4755
7639 6 2 7 3 4678 4579 4755 4679 4580 4756
7640 6 2 7 3 4679 4580 4756 4680 4581 4757
7641 6 2 7 3 4680 4581 4757 4681 4582 4758
7642 6 2 7 3 4681 4582 4758 4682 4583 4759
7643 6 2 7 3 4682 4583 4759 4683 4584 4760
7644 6 2 7 3 4683 4584 4760 1620 1611 1627
7645 6 2 7 3 676 68 682 4640 1219 4706
7646 6 2 7 3 4640 1219 4706 4641 1220 4707
7647 6 2 7 3 4641 1220 4707 4642 1221 4708
7648 6 2 7 3 4642 1221 4708 4643 1222 4709
7649 6 2 7 3 4643 1222 4709 4644 1223 4710
7650 6 2 7 3 4644 1223 4710 4645 1224 4711
7651 6 2 7 3 4645 1224 4711 4646 1225 4712
7652 6 2 7 3 4646 1225 4712 4647 1226 4713
7653 6 2 7 3 4647 1226 4713 4648 1227 4714
7654 6 2 7 3 4648 1227 4714 4649 1228 4715
7655 6 2 7 3 4649 1228 4715 4650 1229 4716
7656 6 2 7 3 4650 1229 4716 1617 222 1623
7657 6 2 7 3 67 674 682 1208 4618 4706
7658 6 2 7 3 1208 4618 4706 1209 4619 4707
7659 6 2 7 3 1209 4619 4707 1210 4620 4708
7660 6 2 7 3 1210 4620 4708 1211 4621 4709
7661 6 2 7 3 1211 4621 4709 1212 4622 4710
7662 6 2 7 3 1212 4622 4710 1213 4623 4711
7663 6 2 7 3 1213 4623 4711 1214 4624 4712
7664 6 2 7 3 1214 4624 4712 1215 4625 4713
7665 6 2 7 3 1215 4625 4713 1216 4626 4714
7666 6 2 7 3 1216 4626 4714 1217 4627 4715
7667 6 2 7 3 1217 4627 4715 1218 4628 4716
7668 6 2 7 3 1218 4628 4716 221 1615 1623
7669 6 2 7 3 72 675 683 1263 4629 4717
7670 6 2 7 3 1263 4629 4717 1264 4630 4718
7671 6 2 7 3 1264 4630 4718 1265 4631 4719
7672 6 2 7 3 1265 4631 4719 1266 4632 4720
7673 6 2 7 3 1266 4632 4720 1267 4633 4721
7674 6 2 7 3 1267 4633 4721 1268 4634 4722
7675 6 2 7 3 1268 4634 4722 1269 4635 4723
7676 6 2 7 3 1269 4635 4723 1270 4636 4724
7677 6 2 7 3 1270 4636 4724 1271 4637 4725
7678 6 2 7 3 1271 4637 4725 1272 4638 4726
7679 6 2 7 3 1272 4638 4726 1273 4639 4727
7680 6 2 7 3 1273 4639 4727 226 1616 1624
7681 6 2 7 3 673 73 683 4607 1274 4717
7682 6 2 7 3 4607 1274 4717 4608 1275 4718
7683 6 2 7 3 4608 1275 4718 4609 1276 4719
7684 6 2 7 3 4609 1276 4719 4610 1277 4720
7685 6 2 7 3 4610 1277 4720 4611 1278 4721
7686 6 2 7 3 4611 1278 4721 4612 1279 4722
7687 6 2 7 3 4612 1279 4722 4613 1280 4723
7688 6 2 7 3 4613 1280 4723 4614 1281 4724
7689 6 2 7 3 4614 1281 4724 4615 1282 4725
7690 6 2 7 3 4615 1282 4725 4616 1283 4726
7691 6 2 7 3 4616 1283 4726 4617 1284 4727
7692 6 2 7 3 4617 1284 4727 1614 227 1624
7693 6 2 7 3 672 64 678 4596 1175 4662
7694 6 2 7 3 4596 1175 4662 4597 1176 4663
7695 6 2 7 3 4597 1176 4663 4598 1177 4664
7696 6 2 7 3 4598 1177 4664 4599 1178 4665
7697 6 2 7 3 4599 1178 4665 4600 1179 4666
7698 6 2 7 3 4600 1179 4666 4601 1180 4667
7699 6 2 7 3 4601 1180 4667 4602 1181 4668
7700 6 2 7 3 4602 1181 4668 4603 1182 4669
7701 6 2 7 3 4603 1182 4669 4604 1183 4670
7702 6 2 7 3 4604 1183 4670 4605 1184 4671
7703 6 2 7 3 4605 1184 4671 4606 1185 4672
7704 6 2 7 3 4606 1185 4672 1613 218 1619
7705 6 2 7 3 69 676 681 1230 4640 4695
7706 6 2 7 3 1230 4640 4695 1231 4641 4696
7707 6 2 7 3 1231 4641 4696 1232 4642 4697
7708 6 2 7 3 1232 4642 4697 1233 4643 4698
7709 6 2 7 3 1233 4643 4698 1234 4644 4699
7710 6 2 7 3 1234 4644 4699 1235 4645 4700
7711 6 2 7 3 1235 4645 4700 1236 4646 4701
7712 6 2 7 3 1236 4646 4701 1237 4647 4702
7713 6 2 7 3 1237 4647 4702 1238 4648 4703
7714 6 2 7 3 1238 4648 4703 1239 4649 4704
7715 6 2 7 3 1239 4649 4704 1240 4650 4705
7716 6 2 7 3 1240 4650 4705 223 1617 1622
7717 6 2 7 3 674 66 684 4618 1197 4728
7718 6 2 7 3 4618 1197 4728 4619 1198 4729
7719 6 2 7 3 4619 1198 4729 4620 1199 4730
7720 6 2 7 3 4620 1199 4730 4621 1200 4731
7721 6 2 7 3 4621 1200 4731 4622 1201 4732
7722 6 2 7 3 4622 1201 4732 4623 1202 4733
7723 6 2 7 3 4623 1202 4733 4624 1203 4734
7724 6 2 7 3 4624 1203 4734 4625 1204 4735
7725 6 2 7 3 4625 1204 4735 4626 1205 4736
7726 6 2 7 3 4626 1205 4736 4627 1206 4737
7727 6 2 7 3 4627 1206 4737 4628 1207 4738
7728 6 2 7 3 4628 1207 4738 1615 220 1625
7729 6 2 7 3 675 71 685 4629 1252 4739
7730 6 2 7 3 4629 1252 4739 4630 1253 4740
7731 6 2 7 3 4630 1253 4740 4631 1254 4741
7732 6 2 7 3 4631 1254 4741 4632 1255 4742
7733 6 2 7 3 4632 1255 4742 4633 1256 4743
7734 6 2 7 3 4633 1256 4743 4634 1257 4744
7735 6 2 7 3 4634 1257 4744 4635 1258 4745
7736 6 2 7 3 4635 1258 4745 4636 1259 4746
7737 6 2 7 3 4636 1259 4746 4637 1260 4747
7738 6 2 7 3 4637 1260 4747 4638 1261 4748
7739 6 2 7 3 4638 1261 4748 4639 1262 4749
7740 6 2 7 3 4639 1262 4749 1616 225 1626
7741 6 2 7 3 65 672 684 1186 4596 4728
7742 6 2 7 3 1186 4596 4728 1187 4597 4729
7743 6 2 7 3 1187 4597 4729 1188 4598 4730
7744 6 2 7 3 1188 4598 4730 1189 4599 4731
7745 6 2 7 3 1189 4599 4731 1190 4600 4732
7746 6 2 7 3 1190 4600 4732 1191 4601 4733
7747 6 2 7 3 1191 4601 4733 1192 4602 4734
7748 6 2 7 3 1192 4602 4734 1193 4603 4735
7749 6 2 7 3 1193 4603 4735 1194 4604 4736
7750 6 2 7 3 1194 4604 4736 1195 4605 4737
7751 6 2 7 3 1195 4605 4737 1196 4606 4738
7752 6 2 7 3 1196 4606 4738 219 1613 1625
7753 6 2 7 3 70 681 685 1241 4695 4739
7754 6 2 7 3 1241 4695 4739 1242 4696 4740
7755 6 2 7 3 1242 4696 4740 1243 4697 4741
7756 6 2 7 3 1243 4697 4741 1244 4698 4742
7757 6 2 7 3 1244 4698 4742 1245 4699 4743
7758 6 2 7 3 1245 4699 4743 1246 4700 4744
7759 6 2 7 3 1246 4700 4744 1247 4701 4745
7760 6 2 7 3 1247 4701 4745 1248 4702 4746
7761 6 2 7 3 1248 4702 4746 1249 4703 4747
7762 6 2 7 3 1249 4703 4747 1250 4704 4748
7763 6 2 7 3 1250 4704 4748 1251 4705 4749
7764 6 2 7 3 1251 4705 4749 224 1622 1626
7765 6 2 7 3 670 677 686 4574 4651 4750
7766 6 2 7 3 4574 4651 4750 4575 4652 4751
7767 6 2 7 3 4575 4652 4751 4576 4653 4752
7768 6 2 7 3 4576 4653 4752 4577 4654 4753
7769 6 2 7 3 4577 4654 4753 4578 4655 4754
7770 6 2 7 3 4578 4655 4754 4579 4656 4755
7771 6 2 7 3 4579 4656 4755 4580 4657 4756
7772 6 2 7 3 4580 4657 4756 4581 4658 4757
7773 6 2 7 3 4581 4658 4757 4582 4659 4758
7774 6 2 7 3 4582 4659 4758 4583 4660 4759
7775 6 2 7 3 4583 4660 4759 4584 4661 4760
7776 6 2 7 3 4584 4661 4760 1611 1618 1627
7777 6 2 7 3 681 676 687 4695 4640 4761
7778 6 2 7 3 4695 4640 4761 4696 4641 4762
7779 6 2 7 3 4696 4641 4762 4697 4642 4763
7780 6 2 7 3 4697 4642 4763 4698 4643 4764
7781 6 2 7 3 4698 4643 4764 4699 4644 4765
7782 6 2 7 3 4699 4644 4765 4700 4645 4766
7783 6 2 7 3 4700 4645 4766 4701 4646 4767
7784 6 2 7 3 4701 4646 4767 4702 4647 4768
7785 6 2 7 3 4702 4647 4768 4703 4648 4769
7786 6 2 7 3 4703 4648 4769 4704 4649 4770
7787 6 2 7 3 4704 4649 4770 4705 4650 4771
7788 6 2 7 3 4705 4650 4771 1622 1617 1628
7789 6 2 7 3 7 77 680 251 1523 4684
7790 6 2 7 3 251 1523 4684 252 1524 4685
7791 6 2 7 3 252 1524 4685 253 1525 4686
7792 6 2 7 3 253 1525 4686 254 1526 4687
7793 6 2 7 3 254 1526 4687 255 1527 4688
7794 6 2 7 3 255 1527 4688 256 1528 4689
7795 6 2 7 3 256 1528 4689 257 1529 4690
7796 6 2 7 3 257 1529 4690 258 1530 4691
7797 6 2 7 3 258 1530 4691 259 1531 4692
7798 6 2 7 3 259 1531 4692 260 1532 4693
7799 6 2 7 3 260 1532 4693 261 1533 4694
7800 6 2 7 3 261 1533 4694 19 262 1621
7801 6 2 7 3 84 7 680 1600 251 4684
7802 6 2 7 3 1600 251 4684 1601 252 4685
7803 6 2 7 3 1601 252 4685 1602 253 4686
7804 6 2 7 3 1602 253 4686 1603 254 4687
7805 6 2 7 3 1603 254 4687 1604 255 4688
7806 6 2 7 3 1604 255 4688 1605 256 4689
7807 6 2 7 3 1605 256 4689 1606 257 4690
7808 6 2 7 3 1606 257 4690 1607 258 4691
7809 6 2 7 3 1607 258 4691 1608 259 4692
7810 6 2 7 3 1608 259 4692 1609 260 4693
7811 6 2 7 3 1609 260 4693 1610 261 4694
7812 6 2 7 3 1610 261 4694 269 19 1621
7813 6 2 7 3 8 86 679 238 1512 4673
7814 6 2 7 3 238 1512 4673 239 1513 4674
7815 6 2 7 3 239 1513 4674 240 1514 4675
7816 6 2 7 3 240 1514 4675 241 1515 4676
7817 6 2 7 3 241 1515 4676 242 1516 4677
7818 6 2 7 3 242 1516 4677 243 1517 4678
7819 6 2 7 3 243 1517 4678 244 1518 4679
7820 6 2 7 3 244 1518 4679 245 1519 4680
7821 6 2 7 3 245 1519 4680 246 1520 4681
7822 6 2 7 3 246 1520 4681 247 1521 4682
7823 6 2 7 3 247 1521 4682 248 1522 4683
7824 6 2 7 3 248 1522 4683 18 250 1620
7825 6 2 7 3 8 679 686 238 4673 4750
7826 6 2 7 3 238 4673 4750 239 4674 4751
7827 6 2 7 3 239 4674 4751 240 4675 4752
7828 6 2 7 3 240 4675 4752 241 4676 4753
7829 6 2 7 3 241 4676 4753 242 4677 4754
7830 6 2 7 3 242 4677 4754 243 4678 4755
7831 6 2 7 3 243 4678 4755 244 4679 4756
7832 6 2 7 3 244 4679 4756 245 4680 4757
7833 6 2 7 3 245 4680 4757 246 4681 4758
7834 6 2 7 3 246 4681 4758 247 4682 4759
7835 6 2 7 3 247 4682 4759 248 4683 4760
7836 6 2 7 3 248 4683 4760 18 1620 1627
7837 6 2 7 3 77 672 678 1523 4596 4662
7838 6 2 7 3 1523 4596 4662 1524 4597 4663
7839 6 2 7 3 1524 4597 4663 1525 4598 4664
7840 6 2 7 3 1525 4598 4664 1526 4599 4665
7841 6 2 7 3 1526 4599 4665 1527 4600 4666
7842 6 2 7 3 1527 4600 4666 1528 4601 4667
7843 6 2 7 3 1528 4601 4667 1529 4602 4668
7844 6 2 7 3 1529 4602 4668 1530 4603 4669
7845 6 2 7 3 1530 4603 4669 1531 4604 4670
7846 6 2 7 3 1531 4604 4670 1532 4605 4671
7847 6 2 7 3 1532 4605 4671 1533 4606 4672
7848 6 2 7 3 1533 4606 4672 262 1613 1619
7849 6 2 7 3 674 79 682 4618 1545 4706
7850 6 2 7 3 4618 1545 4706 4619 1546 4707
7851 6 2 7 3 4619 1546 4707 4620 1547 4708
7852 6 2 7 3 4620 1547 4708 4621 1548 4709
7853 6 2 7 3 4621 1548 4709 4622 1549 4710
7854 6 2 7 3 4622 1549 4710 4623 1550 4711
7855 6 2 7 3 4623 1550 4711 4624 1551 4712
7856 6 2 7 3 4624 1551 4712 4625 1552 4713
7857 6 2 7 3 4625 1552 4713 4626 1553 4714
7858 6 2 7 3 4626 1553 4714 4627 1554 4715
7859 6 2 7 3 4627 1554 4715 4628 1555 4716
7860 6 2 7 3 4628 1555 4716 1615 264 1623
7861 6 2 7 3 80 675 685 1556 4629 4739
7862 6 2 7 3 1556 4629 4739 1557 4630 4740
7863 6 2 7 3 1557 4630 4740 1558 4631 4741
7864 6 2 7 3 1558 4631 4741 1559 4632 4742
7865 6 2 7 3 1559 4632 4742 1560 4633 4743
7866 6 2 7 3 1560 4633 4743 1561 4634 4744
7867 6 2 7 3 1561 4634 4744 1562 4635 4745
7868 6 2 7 3 1562 4635 4745 1563 4636 4746
7869 6 2 7 3 1563 4636 4746 1564 4637 4747
7870 6 2 7 3 1564 4637 4747 1565 4638 4748
7871 6 2 7 3 1565 4638 4748 1566 4639 4749
7872 6 2 7 3 1566 4639 4749 265 1616 1626
7873 6 2 7 3 677 673 686 4651 4607 4750
7874 6 2 7 3 4651 4607 4750 4652 4608 4751
7875 6 2 7 3 4652 4608 4751 4653 4609 4752
7876 6 2 7 3 4653 4609 4752 4654 4610 4753
7877 6 2 7 3 4654 4610 4753 4655 4611 4754
7878 6 2 7 3 4655 4611 4754 4656 4612 4755
7879 6 2 7 3 4656 4612 4755 4657 4613 4756
7880 6 2 7 3 4657 4613 4756 4658 4614 4757
7881 6 2 7 3 4658 4614 4757 4659 4615 4758
7882 6 2 7 3 4659 4615 4758 4660 4616 4759
7883 6 2 7 3 4660 4616 4759 4661 4617 4760
7884 6 2 7 3 4661 4617 4760 1618 1614 1627
7885 6 2 8 4 705 700 716 4959 4904 5080
7886 6 2 8 4 4959 4904 5080 4960 4905 5081
7887 6 2 8 4 4960 4905 5081 4961 4906 5082
7888 6 2 8 4 4961 4906 5082 4962 4907 5083
7889 6 2 8 4 4962 4907 5083 4963 4908 5084
7890 6 2 8 4 4963 4908 5084 4964 4909 5085
7891 6 2 8 4 4964 4909 5085 4965 4910 5086
7892 6 2 8 4 4965 4910 5086 4966 4911 5087
7893 6 2 8 4 4966 4911 5087 4967 4912 5088
7894 6 2 8 4 4967 4912 5088 4968 4913 5089
7895 6 2 8 4 4968 4913 5089 4969 4914 5090
7896 6 2 8 4 4969 4914 5090 1800 1795 1811
7897 6 2 8 4 708 691 712 4992 4805 5036
7898 6 2 8 4 4992 4805 5036 4993 4806 5037
7899 6 2 8 4 4993 4806 5037 4994 4807 5038
7900 6 2 8 4 4994 4807 5038 4995 4808 5039
7901 6 2 8 4 4995 4808 5039 4996 4809 5040
7902 6 2 8 4 4996 4809 5040 4997 4810 5041
7903 6 2 8 4 4997 4810 5041 4998 4811 5042
7904 6 2 8 4 4998 4811 5042 4999 4812 5043
7905 6 2 8 4 4999 4812 5043 5000 4813 5044
7906 6 2 8 4 5000 4813 5044 5001 4814 5045
7907 6 2 8 4 5001 4814 5045 5002 4815 5046
7908 6 2 8 4 5002 4815 5046 1803 1786 1807
7909 6 2 8 4 700 705 719 4904 4959 5113
7910 6 2 8 4 4904 4959 5113 4905 4960 5114
7911 6 2 8 4 4905 4960 5114 4906 4961 5115
7912 6 2 8 4 4906 4961 5115 4907 4962 5116
7913 6 2 8 4 4907 4962 5116 4908 4963 5117
7914 6 2 8 4 4908 4963 5117 4909 4964 5118
7915 6 2 8 4 4909 4964 5118 4910 4965 5119
7916 6 2 8 4 4910 4965 5119 4911 4966 5120
7917 6 2 8 4 4911 4966 5120 4912 4967 5121
7918 6 2 8 4 4912 4967 5121 4913 4968 5122
7919 6 2 8 4 4913 4968 5122 4914 4969 5123
7920 6 2 8 4 4914 4969 5123 1795 1800 1814
7921 6 2 8 4 712 691 722 5036 4805 5146
7922 6 2 8 4 5036 4805 5146 5037 4806 5147
7923 6 2 8 4 5037 4806 5147 5038 4807 5148
7924 6 2 8 4 5038 4807 5148 5039 4808 5149
7925 6 2 8 4 5039 4808 5149 5040 4809 5150
7926 6 2 8 4 5040 4809 5150 5041 4810 5151
7927 6 2 8 4 5041 4810 5151 5042 4811 5152
7928 6 2 8 4 5042 4811 5152 5043 4812 5153
7929 6 2 8 4 5043 4812 5153 5044 4813 5154
7930 6 2 8 4 5044 4813 5154 5045 4814 5155
7931 6 2 8 4 5045 4814 5155 5046 4815 5156
7932 6 2 8 4 5046 4815 5156 1807 1786 1817
7933 6 2 8 4 704 110 715 4948 1697 5069
7934 6 2 8 4 4948 1697 5069 4949 1698 5070
7935 6 2 8 4 4949 1698 5070 4950 1699 5071
7936 6 2 8 4 4950 1699 5071 4951 1700 5072
7937 6 2 8 4 4951 1700 5072 4952 1701 5073
7938 6 2 8 4 4952 1701 5073 4953 1702 5074
7939 6 2 8 4 4953 1702 5074 4954 1703 5075
7940 6 2 8 4 4954 1703 5075 4955 1704 5076
7941 6 2 8 4 4955 1704 5076 4956 1705 5077
7942 6 2 8 4 4956 1705 5077 4957 1706 5078
7943 6 2 8 4 4957 1706 5078 4958 1707 5079
7944 6 2 8 4 4958 1707 5079 1799 298 1810
7945 6 2 8 4 110 704 721 1697 4948 5135
7946 6 2 8 4 1697 4948 5135 1698 4949 5136
7947 6 2 8 4 1698 4949 5136 1699 4950 5137
7948 6 2 8 4 1699 4950 5137 1700 4951 5138
7949 6 2 8 4 1700 4951 5138 1701 4952 5139
7950 6 2 8 4 1701 4952 5139 1702 4953 5140
7951 6 2 8 4 1702 4953 5140 1703 4954 5141
7952 6 2 8 4 1703 4954 5141 1704 4955 5142
7953 6 2 8 4 1704 4955 5142 1705 4956 5143
7954 6 2 8 4 1705 4956 5143 1706 4957 5144
7955 6 2 8 4 1706 4957 5144 1707 4958 5145
7956 6 2 8 4 1707 4958 5145 298 1799 1816
7957 6 2 8 4 696 705 716 4860 4959 5080
7958 6 2 8 4 4860 4959 5080 4861 4960 5081
7959 6 2 8 4 4861 4960 5081 4862 4961 5082
7960 6 2 8 4 4862 4961 5082 4863 4962 5083
7961 6 2 8 4 4863 4962 5083 4864 4963 5084
7962 6 2 8 4 4864 4963 5084 4865 4964 5085
7963 6 2 8 4 4865 4964 5085 4866 4965 5086
7964 6 2 8 4 4866 4965 5086 4867 4966 5087
7965 6 2 8 4 4867 4966 5087 4868 4967 5088
7966 6 2 8 4 4868 4967 5088 4869 4968 5089
7967 6 2 8 4 4869 4968 5089 4870 4969 5090
7968 6 2 8 4 4870 4969 5090 1791 1800 1811
7969 6 2 8 4 709 105 711 5003 1708 5025
7970 6 2 8 4 5003 1708 5025 5004 1709 5026
7971 6 2 8 4 5004 1709 5026 5005 1710 5027
7972 6 2 8 4 5005 1710 5027 5006 1711 5028
7973 6 2 8 4 5006 1711 5028 5007 1712 5029
7974 6 2 8 4 5007 1712 5029 5008 1713 5030
7975 6 2 8 4 5008 1713 5030 5009 1714 5031
7976 6 2 8 4 5009 1714 5031 5010 1715 5032
7977 6 2 8 4 5010 1715 5032 5011 1716 5033
7978 6 2 8 4 5011 1716 5033 5012 1717 5034
7979 6 2 8 4 5012 1717 5034 5013 1718 5035
7980 6 2 8 4 5013 1718 5035 1804 310 1806
7981 6 2 8 4 105 696 711 1708 4860 5025
7982 6 2 8 4 1708 4860 5025 1709 4861 5026
7983 6 2 8 4 1709 4861 5026 1710 4862 5027
7984 6 2 8 4 1710 4862 5027 1711 4863 5028
7985 6 2 8 4 1711 4863 5028 1712 4864 5029
7986 6 2 8 4 1712 4864 5029 1713 4865 5030
7987 6 2 8 4 1713 4865 5030 1714 4866 5031
7988 6 2 8 4 1714 4866 5031 1715 4867 5032
7989 6 2 8 4 1715 4867 5032 1716 4868 5033
7990 6 2 8 4 1716 4868 5033 1717 4869 5034
7991 6 2 8 4 1717 4869 5034 1718 4870 5035
7992 6 2 8 4 1718 4870 5035 310 1791 1806
7993 6 2 8 4 105 106 696 1708 1719 4860
7994 6 2 8 4 1708 1719 4860 1709 1720 4861
7995 6 2 8 4 1709 1720 4861 1710 1721 4862
7996 6 2 8 4 1710 1721 4862 1711 1722 4863
7997 6 2 8 4 1711 1722 4863 1712 1723 4864
7998 6 2 8 4 1712 1723 4864 1713 1724 4865
7999 6 2 8 4 1713 1724 4865 1714 1725 4866
8000 6 2 8 4 1714 1725 4866 1715 1726 4867
8001 6 2 8 4 1715 1726 4867 1716 1727 4868
8002 6 2 8 4 1716 1727 4868 1717 1728 4869
8003 6 2 8 4 1717 1728 4869 1718 1729 4870
8004 6 2 8 4 1718 1729 4870 310 311 1791
8005 6 2 8 4 696 106 705 4860 1719 4959
8006 6 2 8 4 4860 1719 4959 4861 1720 4960
8007 6 2 8 4 4861 1720 4960 4862 1721 4961
8008 6 2 8 4 4862 1721 4961 4863 1722 4962
8009 6 2 8 4 4863 1722 4962 4864 1723 4963
8010 6 2 8 4 4864 1723 4963 4865 1724 4964
8011 6 2 8 4 4865 1724 4964 4866 1725 4965
8012 6 2 8 4 4866 1725 4965 4867 1726 4966
8013 6 2 8 4 4867 1726 4966 4868 1727 4967
8014 6 2 8 4 4868 1727 4967 4869 1728 4968
8015 6 2 8 4 4869 1728 4968 4870 1729 4969
8016 6 2 8 4 4870 1729 4969 1791 311 1800
8017 6 2 8 4 706 699 722 4970 4893 5146
8018 6 2 8 4 4970 4893 5146 4971 4894 5147
8019 6 2 8 4 4971 4894 5147 4972 4895 5148
8020 6 2 8 4 4972 4895 5148 4973 4896 5149
8021 6 2 8 4 4973 4896 5149 4974 4897 5150
8022 6 2 8 4 4974 4897 5150 4975 4898 5151
8023 6 2 8 4 4975 4898 5151 4976 4899 5152
8024 6 2 8 4 4976 4899 5152 4977 4900 5153
8025 6 2 8 4 4977 4900 5153 4978 4901 5154
8026 6 2 8 4 4978 4901 5154 4979 4902 5155
8027 6 2 8 4 4979 4902 5155 4980 4903 5156
8028 6 2 8 4 4980 4903 5156 1801 1794 1817
8029 6 2 8 4 108 109 695 1675 1686 4849
8030 6 2 8 4 1675 1686 4849 1676 1687 4850
8031 6 2 8 4 1676 1687 4850 1677 1688 4851
8032 6 2 8 4 1677 1688 4851 1678 1689 4852
8033 6 2 8 4 1678 1689 4852 1679 1690 4853
8034 6 2 8 4 1679 1690 4853 1680 1691 4854
8035 6 2 8 4 1680 1691 4854 1681 1692 4855
8036 6 2 8 4 1681 1692 4855 1682 1693 4856
8037 6 2 8 4 1682 1693 4856 1683 1694 4857
8038 6 2 8 4 1683 1694 4857 1684 1695 4858
8039 6 2 8 4 1684 1695 4858 1685 1696 4859
8040 6 2 8 4 1685 1696 4859 296 297 1790
8041 6 2 8 4 705 695 719 4959 4849 5113
8042 6 2 8 4 4959 4849 5113 4960 4850 5114
8043 6 2 8 4 4960 4850 5114 4961 4851 5115
8044 6 2 8 4 4961 4851 5115 4962 4852 5116
8045 6 2 8 4 4962 4852 5116 4963 4853 5117
8046 6 2 8 4 4963 4853 5117 4964 4854 5118
8047 6 2 8 4 4964 4854 5118 4965 4855 5119
8048 6 2 8 4 4965 4855 5119 4966 4856 5120
8049 6 2 8 4 4966 4856 5120 4967 4857 5121
8050 6 2 8 4 4967 4857 5121 4968 4858 5122
8051 6 2 8 4 4968 4858 5122 4969 4859 5123
8052 6 2 8 4 4969 4859 5123 1800 1790 1814
8053 6 2 8 4 110 710 715 1697 5014 5069
8054 6 2 8 4 1697 5014 5069 1698 5015 5070
8055 6 2 8 4 1698 5015 5070 1699 5016 5071
8056 6 2 8 4 1699 5016 5071 1700 5017 5072
8057 6 2 8 4 1700 5017 5072 1701 5018 5073
8058 6 2 8 4 1701 5018 5073 1702 5019 5074
8059 6 2 8 4 1702 5019 5074 1703 5020 5075
8060 6 2 8 4 1703 5020 5075 1704 5021 5076
8061 6 2 8 4 1704 5021 5076 1705 5022 5077
8062 6 2 8 4 1705 5022 5077 1706 5023 5078
8063 6 2 8 4 1706 5023 5078 1707 5024 5079
8064 6 2 8 4 1707 5024 5079 298 1805 1810
8065 6 2 8 4 695 702 719 4849 4926 5113
8066 6 2 8 4 4849 4926 5113 4850 4927 5114
8067 6 2 8 4 4850 4927 5114 4851 4928 5115
8068 6 2 8 4 4851 4928 5115 4852 4929 5116
8069 6 2 8 4 4852 4929 5116 4853 4930 5117
8070 6 2 8 4 4853 4930 5117 4854 4931 5118
8071 6 2 8 4 4854 4931 5118 4855 4932 5119
8072 6 2 8 4 4855 4932 5119 4856 4933 5120
8073 6 2 8 4 4856 4933 5120 4857 4934 5121
8074 6 2 8 4 4857 4934 5121 4858 4935 5122
8075 6 2 8 4 4858 4935 5122 4859 4936 5123
8076 6 2 8 4 4859 4936 5123 1790 1797 1814
8077 6 2 8 4 9 108 713 285 1675 5047
8078 6 2 8 4 285 1675 5047 286 1676 5048
8079 6 2 8 4 286 1676 5048 287 1677 5049
8080 6 2 8 4 287 1677 5049 288 1678 5050
8081 6 2 8 4 288 1678 5050 289 1679 5051
8082 6 2 8 4 289 1679 5051 290 1680 5052
8083 6 2 8 4 290 1680 5052 291 1681 5053
8084 6 2 8 4 291 1681 5053 292 1682 5054
8085 6 2 8 4 292 1682 5054 293 1683 5055
8086 6 2 8 4 293 1683 5055 294 1684 5056
8087 6 2 8 4 294 1684 5056 295 1685 5057
8088 6 2 8 4 295 1685 5057 21 296 1808
8089 6 2 8 4 697 692 701 4871 4816 4915
8090 6 2 8 4 4871 4816 4915 4872 4817 4916
8091 6 2 8 4 4872 4817 4916 4873 4818 4917
8092 6 2 8 4 4873 4818 4917 4874 4819 4918
8093 6 2 8 4 4874 4819 4918 4875 4820 4919
8094 6 2 8 4 4875 4820 4919 4876 4821 4920
8095 6 2 8 4 4876 4821 4920 4877 4822 4921
8096 6 2 8 4 4877 4822 4921 4878 4823 4922
8097 6 2 8 4 4878 4823 4922 4879 4824 4923
8098 6 2 8 4 4879 4824 4923 4880 4825 4924
8099 6 2 8 4 4880 4825 4924 4881 4826 4925
8100 6 2 8 4 4881 4826 4925 1792 1787 1796
8101 6 2 8 4 109 110 721 1686 1697 5135
8102 6 2 8 4 1686 1697 5135 1687 1698 5136
8103 6 2 8 4 1687 1698 5136 1688 1699 5137
8104 6 2 8 4 1688 1699 5137 1689 1700 5138
8105 6 2 8 4 1689 1700 5138 1690 1701 5139
8106 6 2 8 4 1690 1701 5139 1691 1702 5140
8107 6 2 8 4 1691 1702 5140 1692 1703 5141
8108 6 2 8 4 1692 1703 5141 1693 1704 5142
8109 6 2 8 4 1693 1704 5142 1694 1705 5143
8110 6 2 8 4 1694 1705 5143 1695 1706 5144
8111 6 2 8 4 1695 1706 5144 1696 1707 5145
8112 6 2 8 4 1696 1707 5145 297 298 1816
8113 6 2 8 4 691 708 717 4805 4992 5091
8114 6 2 8 4 4805 4992 5091 4806 4993 5092
8115 6 2 8 4 4806 4993 5092 4807 4994 5093
8116 6 2 8 4 4807 4994 5093 4808 4995 5094
8117 6 2 8 4 4808 4995 5094 4809 4996 5095
8118 6 2 8 4 4809 4996 5095 4810 4997 5096
8119 6 2 8 4 4810 4997 5096 4811 4998 5097
8120 6 2 8 4 4811 4998 5097 4812 4999 5098
8121 6 2 8 4 4812 4999 5098 4813 5000 5099
8122 6 2 8 4 4813 5000 5099 4814 5001 5100
8123 6 2 8 4 4814 5001 5100 4815 5002 5101
8124 6 2 8 4 4815 5002 5101 1786 1803 1812
8125 6 2 8 4 695 109 721 4849 1686 5135
8126 6 2 8 4 4849 1686 5135 4850 1687 5136
8127 6 2 8 4 4850 1687 5136 4851 1688 5137
8128 6 2 8 4 4851 1688 5137 4852 1689 5138
8129 6 2 8 4 4852 1689 5138 4853 1690 5139
8130 6 2 8 4 4853 1690 5139 4854 1691 5140
8131 6 2 8 4 4854 1691 5140 4855 1692 5141
8132 6 2 8 4 4855 1692 5141 4856 1693 5142
8133 6 2 8 4 4856 1693 5142 4857 1694 5143
8134 6 2 8 4 4857 1694 5143 4858 1695 5144
8135 6 2 8 4 4858 1695 5144 4859 1696 5145
8136 6 2 8 4 4859 1696 5145 1790 297 1816
8137 6 2 8 4 699 703 722 4893 4937 5146
8138 6 2 8 4 4893 4937 5146 4894 4938 5147
8139 6 2 8 4 4894 4938 5147 4895 4939 5148
8140 6 2 8 4 4895 4939 5148 4896 4940 5149
8141 6 2 8 4 4896 4940 5149 4897 4941 5150
8142 6 2 8 4 4897 4941 5150 4898 4942 5151
8143 6 2 8 4 4898 4942 5151 4899 4943 5152
8144 6 2 8 4 4899 4943 5152 4900 4944 5153
8145 6 2 8 4 4900 4944 5153 4901 4945 5154
8146 6 2 8 4 4901 4945 5154 4902 4946 5155
8147 6 2 8 4 4902 4946 5155 4903 4947 5156
8148 6 2 8 4 4903 4947 5156 1794 1798 1817
8149 6 2 8 4 690 699 706 4794 4893 4970
8150 6 2 8 4 4794 4893 4970 4795 4894 4971
8151 6 2 8 4 4795 4894 4971 4796 4895 4972
8152 6 2 8 4 4796 4895 4972 4797 4896 4973
8153 6 2 8 4 4797 4896 4973 4798 4897 4974
8154 6 2 8 4 4798 4897 4974 4799 4898 4975
8155 6 2 8 4 4799 4898 4975 4800 4899 4976
8156 6 2 8 4 4800 4899 4976 4801 4900 4977
8157 6 2 8 4 4801 4900 4977 4802 4901 4978
8158 6 2 8 4 4802 4901 4978 4803 4902 4979
8159 6 2 8 4 4803 4902 4979 4804 4903 4980
8160 6 2 8 4 4804 4903 4980 1785 1794 1801
8161 6 2 8 4 106 107 705 1719 1730 4959
8162 6 2 8 4 1719 1730 4959 1720 1731 4960
8163 6 2 8 4 1720 1731 4960 1721 1732 4961
8164 6 2 8 4 1721 1732 4961 1722 1733 4962
8165 6 2 8 4 1722 1733 4962 1723 1734 4963
8166 6 2 8 4 1723 1734 4963 1724 1735 4964
8167 6 2 8 4 1724 1735 4964 1725 1736 4965
8168 6 2 8 4 1725 1736 4965 1726 1737 4966
8169 6 2 8 4 1726 1737 4966 1727 1738 4967
8170 6 2 8 4 1727 1738 4967 1728 1739 4968
8171 6 2 8 4 1728 1739 4968 1729 1740 4969
8172 6 2 8 4 1729 1740 4969 311 312 1800
8173 6 2 8 4 107 9 713 1730 285 5047
8174 6 2 8 4 1730 285 5047 1731 286 5048
8175 6 2 8 4 1731 286 5048 1732 287 5049
8176 6 2 8 4 1732 287 5049 1733 288 5050
8177 6 2 8 4 1733 288 5050 1734 289 5051
8178 6 2 8 4 1734 289 5051 1735 290 5052
8179 6 2 8 4 1735 290 5052 1736 291 5053
8180 6 2 8 4 1736 291 5053 1737 292 5054
8181 6 2 8 4 1737 292 5054 1738 293 5055
8182 6 2 8 4 1738 293 5055 1739 294 5056
8183 6 2 8 4 1739 294 5056 1740 295 5057
8184 6 2 8 4 1740 295 5057 312 21 1808
8185 6 2 8 4 699 702 703 4893 4926 4937
8186 6 2 8 4 4893 4926 4937 4894 4927 4938
8187 6 2 8 4 4894 4927 4938 4895 4928 4939
8188 6 2 8 4 4895 4928 4939 4896 4929 4940
8189 6 2 8 4 4896 4929 4940 4897 4930 4941
8190 6 2 8 4 4897 4930 4941 4898 4931 4942
8191 6 2 8 4 4898 4931 4942 4899 4932 4943
8192 6 2 8 4 4899 4932 4943 4900 4933 4944
8193 6 2 8 4 4900 4933 4944 4901 4934 4945
8194 6 2 8 4 4901 4934 4945 4902 4935 4946
8195 6 2 8 4 4902 4935 4946 4903 4936 4947
8196 6 2 8 4 4903 4936 4947 1794 1797 1798
8197 6 2 8 4 77 7 714 1523 251 5058
8198 6 2 8 4 1523 251 5058 1524 252 5059
8199 6 2 8 4 1524 252 5059 1525 253 5060
8200 6 2 8 4 1525 253 5060 1526 254 5061
8201 6 2 8 4 1526 254 5061 1527 255 5062
8202 6 2 8 4 1527 255 5062 1528 256 5063
8203 6 2 8 4 1528 256 5063 1529 257 5064
8204 6 2 8 4 1529 257 5064 1530 258 5065
8205 6 2 8 4 1530 258 5065 1531 259 5066
8206 6 2 8 4 1531 259 5066 1532 260 5067
8207 6 2 8 4 1532 260 5067 1533 261 5068
8208 6 2 8 4 1533 261 5068 262 19 1809
8209 6 2 8 4 7 101 714 251 1741 5058
8210 6 2 8 4 251 1741 5058 252 1742 5059
8211 6 2 8 4 252 1742 5059 253 1743 5060
8212 6 2 8 4 253 1743 5060 254 1744 5061
8213 6 2 8 4 254 1744 5061 255 1745 5062
8214 6 2 8 4 255 1745 5062 256 1746 5063
8215 6 2 8 4 256 1746 5063 257 1747 5064
8216 6 2 8 4 257 1747 5064 258 1748 5065
8217 6 2 8 4 258 1748 5065 259 1749 5066
8218 6 2 8 4 259 1749 5066 260 1750 5067
8219 6 2 8 4 260 1750 5067 261 1751 5068
8220 6 2 8 4 261 1751 5068 19 313 1809
8221 6 2 8 4 702 695 721 4926 4849 5135
8222 6 2 8 4 4926 4849 5135 4927 4850 5136
8223 6 2 8 4 4927 4850 5136 4928 4851 5137
8224 6 2 8 4 4928 4851 5137 4929 4852 5138
8225 6 2 8 4 4929 4852 5138 4930 4853 5139
8226 6 2 8 4 4930 4853 5139 4931 4854 5140
8227 6 2 8 4 4931 4854 5140 4932 4855 5141
8228 6 2 8 4 4932 4855 5141 4933 4856 5142
8229 6 2 8 4 4933 4856 5142 4934 4857 5143
8230 6 2 8 4 4934 4857 5143 4935 4858 5144
8231 6 2 8 4 4935 4858 5144 4936 4859 5145
8232 6 2 8 4 4936 4859 5145 1797 1790 1816
8233 6 2 8 4 701 692 707 4915 4816 4981
8234 6 2 8 4 4915 4816 4981 4916 4817 4982
8235 6 2 8 4 4916 4817 4982 4917 4818 4983
8236 6 2 8 4 4917 4818 4983 4918 4819 4984
8237 6 2 8 4 4918 4819 4984 4919 4820 4985
8238 6 2 8 4 4919 4820 4985 4920 4821 4986
8239 6 2 8 4 4920 4821 4986 4921 4822 4987
8240 6 2 8 4 4921 4822 4987 4922 4823 4988
8241 6 2 8 4 4922 4823 4988 4923 4824 4989
8242 6 2 8 4 4923 4824 4989 4924 4825 4990
8243 6 2 8 4 4924 4825 4990 4925 4826 4991
8244 6 2 8 4 4925 4826 4991 1796 1787 1802
8245 6 2 8 4 707 692 714 4981 4816 5058
8246 6 2 8 4 4981 4816 5058 4982 4817 5059
8247 6 2 8 4 4982 4817 5059 4983 4818 5060
8248 6 2 8 4 4983 4818 5060 4984 4819 5061
8249 6 2 8 4 4984 4819 5061 4985 4820 5062
8250 6 2 8 4 4985 4820 5062 4986 4821 5063
8251 6 2 8 4 4986 4821 5063 4987 4822 5064
8252 6 2 8 4 4987 4822 5064 4988 4823 5065
8253 6 2 8 4 4988 4823 5065 4989 4824 5066
8254 6 2 8 4 4989 4824 5066 4990 4825 5067
8255 6 2 8 4 4990 4825 5067 4991 4826 5068
8256 6 2 8 4 4991 4826 5068 1802 1787 1809
8257 6 2 8 4 8 82 717 238 1578 5091
8258 6 2 8 4 238 1578 5091 239 1579 5092
8259 6 2 8 4 239 1579 5092 240 1580 5093
8260 6 2 8 4 240 1580 5093 241 1581 5094
8261 6 2 8 4 241 1581 5094 242 1582 5095
8262 6 2 8 4 242 1582 5095 243 1583 5096
8263 6 2 8 4 243 1583 5096 244 1584 5097
8264 6 2 8 4 244 1584 5097 245 1585 5098
8265 6 2 8 4 245 1585 5098 246 1586 5099
8266 6 2 8 4 246 1586 5099 247 1587 5100
8267 6 2 8 4 247 1587 5100 248 1588 5101
8268 6 2 8 4 248 1588 5101 18 267 1812
8269 6 2 8 4 114 8 717 1664 238 5091
8270 6 2 8 4 1664 238 5091 1665 239 5092
8271 6 2 8 4 1665 239 5092 1666 240 5093
8272 6 2 8 4 1666 240 5093 1667 241 5094
8273 6 2 8 4 1667 241 5094 1668 242 5095
8274 6 2 8 4 1668 242 5095 1669 243 5096
8275 6 2 8 4 1669 243 5096 1670 244 5097
8276 6 2 8 4 1670 244 5097 1671 245 5098
8277 6 2 8 4 1671 245 5098 1672 246 5099
8278 6 2 8 4 1672 246 5099 1673 247 5100
8279 6 2 8 4 1673 247 5100 1674 248 5101
8280 6 2 8 4 1674 248 5101 284 18 1812
8281 6 2 8 4 703 704 712 4937 4948 5036
8282 6 2 8 4 4937 4948 5036 4938 4949 5037
8283 6 2 8 4 4938 4949 5037 4939 4950 5038
8284 6 2 8 4 4939 4950 5038 4940 4951 5039
8285 6 2 8 4 4940 4951 5039 4941 4952 5040
8286 6 2 8 4 4941 4952 5040 4942 4953 5041
8287 6 2 8 4 4942 4953 5041 4943 4954 5042
8288 6 2 8 4 4943 4954 5042 4944 4955 5043
8289 6 2 8 4 4944 4955 5043 4945 4956 5044
8290 6 2 8 4 4945 4956 5044 4946 4957 5045
8291 6 2 8 4 4946 4957 5045 4947 4958 5046
8292 6 2 8 4 4947 4958 5046 1798 1799 1807
8293 6 2 8 4 695 705 713 4849 4959 5047
8294 6 2 8 4 4849 4959 5047 4850 4960 5048
8295 6 2 8 4 4850 4960 5048 4851 4961 5049
8296 6 2 8 4 4851 4961 5049 4852 4962 5050
8297 6 2 8 4 4852 4962 5050 4853 4963 5051
8298 6 2 8 4 4853 4963 5051 4854 4964 5052
8299 6 2 8 4 4854 4964 5052 4855 4965 5053
8300 6 2 8 4 4855 4965 5053 4856 4966 5054
8301 6 2 8 4 4856 4966 5054 4857 4967 5055
8302 6 2 8 4 4857 4967 5055 4858 4968 5056
8303 6 2 8 4 4858 4968 5056 4859 4969 5057
8304 6 2 8 4 4859 4969 5057 1790 1800 1808
8305 6 2 8 4 108 695 713 1675 4849 5047
8306 6 2 8 4 1675 4849 5047 1676 4850 5048
8307 6 2 8 4 1676 4850 5048 1677 4851 5049
8308 6 2 8 4 1677 4851 5049 1678 4852 5050
8309 6 2 8 4 1678 4852 5050 1679 4853 5051
8310 6 2 8 4 1679 4853 5051 1680 4854 5052
8311 6 2 8 4 1680 4854 5052 1681 4855 5053
8312 6 2 8 4 1681 4855 5053 1682 4856 5054
8313 6 2 8 4 1682 4856 5054 1683 4857 5055
8314 6 2 8 4 1683 4857 5055 1684 4858 5056
8315 6 2 8 4 1684 4858 5056 1685 4859 5057
8316 6 2 8 4 1685 4859 5057 296 1790 1808
8317 6 2 8 4 707 693 720 4981 4827 5124
8318 6 2 8 4 4981 4827 5124 4982 4828 5125
8319 6 2 8 4 4982 4828 5125 4983 4829 5126
8320 6 2 8 4 4983 4829 5126 4984 4830 5127
8321 6 2 8 4 4984 4830 5127 4985 4831 5128
8322 6 2 8 4 4985 4831 5128 4986 4832 5129
8323 6 2 8 4 4986 4832 5129 4987 4833 5130
8324 6 2 8 4 4987 4833 5130 4988 4834 5131
8325 6 2 8 4 4988 4834 5131 4989 4835 5132
8326 6 2 8 4 4989 4835 5132 4990 4836 5133
8327 6 2 8 4 4990 4836 5133 4991 4837 5134
8328 6 2 8 4 4991 4837 5134 1802 1788 1815
8329 6 2 8 4 113 114 708 1653 1664 4992
8330 6 2 8 4 1653 1664 4992 1654 1665 4993
8331 6 2 8 4 1654 1665 4993 1655 1666 4994
8332 6 2 8 4 1655 1666 4994 1656 1667 4995
8333 6 2 8 4 1656 1667 4995 1657 1668 4996
8334 6 2 8 4 1657 1668 4996 1658 1669 4997
8335 6 2 8 4 1658 1669 4997 1659 1670 4998
8336 6 2 8 4 1659 1670 4998 1660 1671 4999
8337 6 2 8 4 1660 1671 4999 1661 1672 5000
8338 6 2 8 4 1661 1672 5000 1662 1673 5001
8339 6 2 8 4 1662 1673 5001 1663 1674 5002
8340 6 2 8 4 1663 1674 5002 283 284 1803
8341 6 2 8 4 691 81 706 4805 1567 4970
8342 6 2 8 4 4805 1567 4970 4806 1568 4971
8343 6 2 8 4 4806 1568 4971 4807 1569 4972
8344 6 2 8 4 4807 1569 4972 4808 1570 4973
8345 6 2 8 4 4808 1570 4973 4809 1571 4974
8346 6 2 8 4 4809 1571 4974 4810 1572 4975
8347 6 2 8 4 4810 1572 4975 4811 1573 4976
8348 6 2 8 4 4811 1573 4976 4812 1574 4977
8349 6 2 8 4 4812 1574 4977 4813 1575 4978
8350 6 2 8 4 4813 1575 4978 4814 1576 4979
8351 6 2 8 4 4814 1576 4979 4815 1577 4980
8352 6 2 8 4 4815 1577 4980 1786 266 1801
8353 6 2 8 4 707 714 718 4981 5058 5102
8354 6 2 8 4 4981 5058 5102 4982 5059 5103
8355 6 2 8 4 4982 5059 5103 4983 5060 5104
8356 6 2 8 4 4983 5060 5104 4984 5061 5105
8357 6 2 8 4 4984 5061 5105 4985 5062 5106
8358 6 2 8 4 4985 5062 5106 4986 5063 5107
8359 6 2 8 4 4986 5063 5107 4987 5064 5108
8360 6 2 8 4 4987 5064 5108 4988 5065 5109
8361 6 2 8 4 4988 5065 5109 4989 5066 5110
8362 6 2 8 4 4989 5066 5110 4990 5067 5111
8363 6 2 8 4 4990 5067 5111 4991 5068 5112
8364 6 2 8 4 4991 5068 5112 1802 1809 1813
8365 6 2 8 4 78 692 697 1534 4816 4871
8366 6 2 8 4 1534 4816 4871 1535 4817 4872
8367 6 2 8 4 1535 4817 4872 1536 4818 4873
8368 6 2 8 4 1536 4818 4873 1537 4819 4874
8369 6 2 8 4 1537 4819 4874 1538 4820 4875
8370 6 2 8 4 1538 4820 4875 1539 4821 4876
8371 6 2 8 4 1539 4821 4876 1540 4822 4877
8372 6 2 8 4 1540 4822 4877 1541 4823 4878
8373 6 2 8 4 1541 4823 4878 1542 4824 4879
8374 6 2 8 4 1542 4824 4879 1543 4825 4880
8375 6 2 8 4 1543 4825 4880 1544 4826 4881
8376 6 2 8 4 1544 4826 4881 263 1787 1792
8377 6 2 8 4 716 701 720 5080 4915 5124
8378 6 2 8 4 5080 4915 5124 5081 4916 5125
8379 6 2 8 4 5081 4916 5125 5082 4917 5126
8380 6 2 8 4 5082 4917 5126 5083 4918 5127
8381 6 2 8 4 5083 4918 5127 5084 4919 5128
8382 6 2 8 4 5084 4919 5128 5085 4920 5129
8383 6 2 8 4 5085 4920 5129 5086 4921 5130
8384 6 2 8 4 5086 4921 5130 5087 4922 5131
8385 6 2 8 4 5087 4922 5131 5088 4923 5132
8386 6 2 8 4 5088 4923 5132 5089 4924 5133
8387 6 2 8 4 5089 4924 5133 5090 4925 5134
8388 6 2 8 4 5090 4925 5134 1811 1796 1815
8389 6 2 8 4 80 690 706 1556 4794 4970
8390 6 2 8 4 1556 4794 4970 1557 4795 4971
8391 6 2 8 4 1557 4795 4971 1558 4796 4972
8392 6 2 8 4 1558 4796 4972 1559 4797 4973
8393 6 2 8 4 1559 4797 4973 1560 4798 4974
8394 6 2 8 4 1560 4798 4974 1561 4799 4975
8395 6 2 8 4 1561 4799 4975 1562 4800 4976
8396 6 2 8 4 1562 4800 4976 1563 4801 4977
8397 6 2 8 4 1563 4801 4977 1564 4802 4978
8398 6 2 8 4 1564 4802 4978 1565 4803 4979
8399 6 2 8 4 1565 4803 4979 1566 4804 4980
8400 6 2 8 4 1566 4804 4980 265 1785 1801
8401 6 2 8 4 78 77 692 1534 1523 4816
8402 6 2 8 4 1534 1523 4816 1535 1524 4817
8403 6 2 8 4 1535 1524 4817 1536 1525 4818
8404 6 2 8 4 1536 1525 4818 1537 1526 4819
8405 6 2 8 4 1537 1526 4819 1538 1527 4820
8406 6 2 8 4 1538 1527 4820 1539 1528 4821
8407 6 2 8 4 1539 1528 4821 1540 1529 4822
8408 6 2 8 4 1540 1529 4822 1541 1530 4823
8409 6 2 8 4 1541 1530 4823 1542 1531 4824
8410 6 2 8 4 1542 1531 4824 1543 1532 4825
8411 6 2 8 4 1543 1532 4825 1544 1533 4826
8412 6 2 8 4 1544 1533 4826 263 262 1787
8413 6 2 8 4 82 81 691 1578 1567 4805
8414 6 2 8 4 1578 1567 4805 1579 1568 4806
8415 6 2 8 4 1579 1568 4806 1580 1569 4807
8416 6 2 8 4 1580 1569 4807 1581 1570 4808
8417 6 2 8 4 1581 1570 4808 1582 1571 4809
8418 6 2 8 4 1582 1571 4809 1583 1572 4810
8419 6 2 8 4 1583 1572 4810 1584 1573 4811
8420 6 2 8 4 1584 1573 4811 1585 1574 4812
8421 6 2 8 4 1585 1574 4812 1586 1575 4813
8422 6 2 8 4 1586 1575 4813 1587 1576 4814
8423 6 2 8 4 1587 1576 4814 1588 1577 4815
8424 6 2 8 4 1588 1577 4815 267 266 1786
8425 6 2 8 4 690 79 697 4794 1545 4871
8426 6 2 8 4 4794 1545 4871 4795 1546 4872
8427 6 2 8 4 4795 1546 4872 4796 1547 4873
8428 6 2 8 4 4796 1547 4873 4797 1548 4874
8429 6 2 8 4 4797 1548 4874 4798 1549 4875
8430 6 2 8 4 4798 1549 4875 4799 1550 4876
8431 6 2 8 4 4799 1550 4876 4800 1551 4877
8432 6 2 8 4 4800 1551 4877 4801 1552 4878
8433 6 2 8 4 4801 1552 4878 4802 1553 4879
8434 6 2 8 4 4802 1553 4879 4803 1554 4880
8435 6 2 8 4 4803 1554 4880 4804 1555 4881
8436 6 2 8 4 4804 1555 4881 1785 264 1792
8437 6 2 8 4 696 716 720 4860 5080 5124
8438 6 2 8 4 4860 5080 5124 4861 5081 5125
8439 6 2 8 4 4861 5081 5125 4862 5082 5126
8440 6 2 8 4 4862 5082 5126 4863 5083 5127
8441 6 2 8 4 4863 5083 5127 4864 5084 5128
8442 6 2 8 4 4864 5084 5128 4865 5085 5129
8443 6 2 8 4 4865 5085 5129 4866 5086 5130
8444 6 2 8 4 4866 5086 5130 4867 5087 5131
8445 6 2 8 4 4867 5087 5131 4868 5088 5132
8446 6 2 8 4 4868 5088 5132 4869 5089 5133
8447 6 2 8 4 4869 5089 5133 4870 5090 5134
8448 6 2 8 4 4870 5090 5134 1791 1811 1815
8449 6 2 8 4 705 107 713 4959 1730 5047
8450 6 2 8 4 4959 1730 5047 4960 1731 5048
8451 6 2 8 4 4960 1731 5048 4961 1732 5049
8452 6 2 8 4 4961 1732 5049 4962 1733 5050
8453 6 2 8 4 4962 1733 5050 4963 1734 5051
8454 6 2 8 4 4963 1734 5051 4964 1735 5052
8455 6 2 8 4 4964 1735 5052 4965 1736 5053
8456 6 2 8 4 4965 1736 5053 4966 1737 5054
8457 6 2 8 4 4966 1737 5054 4967 1738 5055
8458 6 2 8 4 4967 1738 5055 4968 1739 5056
8459 6 2 8 4 4968 1739 5056 4969 1740 5057
8460 6 2 8 4 4969 1740 5057 1800 312 1808
8461 6 2 8 4 81 80 706 1567 1556 4970
8462 6 2 8 4 1567 1556 4970 1568 1557 4971
8463 6 2 8 4 1568 1557 4971 1569 1558 4972
8464 6 2 8 4 1569 1558 4972 1570 1559 4973
8465 6 2 8 4 1570 1559 4973 1571 1560 4974
8466 6 2 8 4 1571 1560 4974 1572 1561 4975
8467 6 2 8 4 1572 1561 4975 1573 1562 4976
8468 6 2 8 4 1573 1562 4976 1574 1563 4977
8469 6 2 8 4 1574 1563 4977 1575 1564 4978
8470 6 2 8 4 1575 1564 4978 1576 1565 4979
8471 6 2 8 4 1576 1565 4979 1577 1566 4980
8472 6 2 8 4 1577 1566 4980 266 265 1801
8473 6 2 8 4 704 702 721 4948 4926 5135
8474 6 2 8 4 4948 4926 5135 4949 4927 5136
8475 6 2 8 4 4949 4927 5136 4950 4928 5137
8476 6 2 8 4 4950 4928 5137 4951 4929 5138
8477 6 2 8 4 4951 4929 5138 4952 4930 5139
8478 6 2 8 4 4952 4930 5139 4953 4931 5140
8479 6 2 8 4 4953 4931 5140 4954 4932 5141
8480 6 2 8 4 4954 4932 5141 4955 4933 5142
8481 6 2 8 4 4955 4933 5142 4956 4934 5143
8482 6 2 8 4 4956 4934 5143 4957 4935 5144
8483 6 2 8 4 4957 4935 5144 4958 4936 5145
8484 6 2 8 4 4958 4936 5145 1799 1797 1816
8485 6 2 8 4 80 79 690 1556 1545 4794
8486 6 2 8 4 1556 1545 4794 1557 1546 4795
8487 6 2 8 4 1557 1546 4795 1558 1547 4796
8488 6 2 8 4 1558 1547 4796 1559 1548 4797
8489 6 2 8 4 1559 1548 4797 1560 1549 4798
8490 6 2 8 4 1560 1549 4798 1561 1550 4799
8491 6 2 8 4 1561 1550 4799 1562 1551 4800
8492 6 2 8 4 1562 1551 4800 1563 1552 4801
8493 6 2 8 4 1563 1552 4801 1564 1553 4802
8494 6 2 8 4 1564 1553 4802 1565 1554 4803
8495 6 2 8 4 1565 1554 4803 1566 1555 4804
8496 6 2 8 4 1566 1555 4804 265 264 1785
8497 6 2 8 4 698 701 716 4882 4915 5080
8498 6 2 8 4 4882 4915 5080 4883 4916 5081
8499 6 2 8 4 4883 4916 5081 4884 4917 5082
8500 6 2 8 4 4884 4917 5082 4885 4918 5083
8501 6 2 8 4 4885 4918 5083 4886 4919 5084
8502 6 2 8 4 4886 4919 5084 4887 4920 5085
8503 6 2 8 4 4887 4920 5085 4888 4921 5086
8504 6 2 8 4 4888 4921 5086 4889 4922 5087
8505 6 2 8 4 4889 4922 5087 4890 4923 5088
8506 6 2 8 4 4890 4923 5088 4891 4924 5089
8507 6 2 8 4 4891 4924 5089 4892 4925 5090
8508 6 2 8 4 4892 4925 5090 1793 1796 1811
8509 6 2 8 4 712 704 715 5036 4948 5069
8510 6 2 8 4 5036 4948 5069 5037 4949 5070
8511 6 2 8 4 5037 4949 5070 5038 4950 5071
8512 6 2 8 4 5038 4950 5071 5039 4951 5072
8513 6 2 8 4 5039 4951 5072 5040 4952 5073
8514 6 2 8 4 5040 4952 5073 5041 4953 5074
8515 6 2 8 4 5041 4953 5074 5042 4954 5075
8516 6 2 8 4 5042 4954 5075 5043 4955 5076
8517 6 2 8 4 5043 4955 5076 5044 4956 5077
8518 6 2 8 4 5044 4956 5077 5045 4957 5078
8519 6 2 8 4 5045 4957 5078 5046 4958 5079
8520 6 2 8 4 5046 4958 5079 1807 1799 1810
8521 6 2 8 4 102 103 693 1752 1763 4827
8522 6 2 8 4 1752 1763 4827 1753 1764 4828
8523 6 2 8 4 1753 1764 4828 1754 1765 4829
8524 6 2 8 4 1754 1765 4829 1755 1766 4830
8525 6 2 8 4 1755 1766 4830 1756 1767 4831
8526 6 2 8 4 1756 1767 4831 1757 1768 4832
8527 6 2 8 4 1757 1768 4832 1758 1769 4833
8528 6 2 8 4 1758 1769 4833 1759 1770 4834
8529 6 2 8 4 1759 1770 4834 1760 1771 4835
8530 6 2 8 4 1760 1771 4835 1761 1772 4836
8531 6 2 8 4 1761 1772 4836 1762 1773 4837
8532 6 2 8 4 1762 1773 4837 314 315 1788
8533 6 2 8 4 112 113 694 1642 1653 4838
8534 6 2 8 4 1642 1653 4838 1643 1654 4839
8535 6 2 8 4 1643 1654 4839 1644 1655 4840
8536 6 2 8 4 1644 1655 4840 1645 1656 4841
8537 6 2 8 4 1645 1656 4841 1646 1657 4842
8538 6 2 8 4 1646 1657 4842 1647 1658 4843
8539 6 2 8 4 1647 1658 4843 1648 1659 4844
8540 6 2 8 4 1648 1659 4844 1649 1660 4845
8541 6 2 8 4 1649 1660 4845 1650 1661 4846
8542 6 2 8 4 1650 1661 4846 1651 1662 4847
8543 6 2 8 4 1651 1662 4847 1652 1663 4848
8544 6 2 8 4 1652 1663 4848 282 283 1789
8545 6 2 8 4 79 78 697 1545 1534 4871
8546 6 2 8 4 1545 1534 4871 1546 1535 4872
8547 6 2 8 4 1546 1535 4872 1547 1536 4873
8548 6 2 8 4 1547 1536 4873 1548 1537 4874
8549 6 2 8 4 1548 1537 4874 1549 1538 4875
8550 6 2 8 4 1549 1538 4875 1550 1539 4876
8551 6 2 8 4 1550 1539 4876 1551 1540 4877
8552 6 2 8 4 1551 1540 4877 1552 1541 4878
8553 6 2 8 4 1552 1541 4878 1553 1542 4879
8554 6 2 8 4 1553 1542 4879 1554 1543 4880
8555 6 2 8 4 1554 1543 4880 1555 1544 4881
8556 6 2 8 4 1555 1544 4881 264 263 1792
8557 6 2 8 4 690 697 698 4794 4871 4882
8558 6 2 8 4 4794 4871 4882 4795 4872 4883
8559 6 2 8 4 4795 4872 4883 4796 4873 4884
8560 6 2 8 4 4796 4873 4884 4797 4874 4885
8561 6 2 8 4 4797 4874 4885 4798 4875 4886
8562 6 2 8 4 4798 4875 4886 4799 4876 4887
8563 6 2 8 4 4799 4876 4887 4800 4877 4888
8564 6 2 8 4 4800 4877 4888 4801 4878 4889
8565 6 2 8 4 4801 4878 4889 4802 4879 4890
8566 6 2 8 4 4802 4879 4890 4803 4880 4891
8567 6 2 8 4 4803 4880 4891 4804 4881 4892
8568 6 2 8 4 4804 4881 4892 1785 1792 1793
8569 6 2 8 4 699 700 702 4893 4904 4926
8570 6 2 8 4 4893 4904 4926 4894 4905 4927
8571 6 2 8 4 4894 4905 4927 4895 4906 4928
8572 6 2 8 4 4895 4906 4928 4896 4907 4929
8573 6 2 8 4 4896 4907 4929 4897 4908 4930
8574 6 2 8 4 4897 4908 4930 4898 4909 4931
8575 6 2 8 4 4898 4909 4931 4899 4910 4932
8576 6 2 8 4 4899 4910 4932 4900 4911 4933
8577 6 2 8 4 4900 4911 4933 4901 4912 4934
8578 6 2 8 4 4901 4912 4934 4902 4913 4935
8579 6 2 8 4 4902 4913 4935 4903 4914 4936
8580 6 2 8 4 4903 4914 4936 1794 1795 1797
8581 6 2 8 4 703 702 704 4937 4926 4948
8582 6 2 8 4 4937 4926 4948 4938 4927 4949
8583 6 2 8 4 4938 4927 4949 4939 4928 4950
8584 6 2 8 4 4939 4928 4950 4940 4929 4951
8585 6 2 8 4 4940 4929 4951 4941 4930 4952
8586 6 2 8 4 4941 4930 4952 4942 4931 4953
8587 6 2 8 4 4942 4931 4953 4943 4932 4954
8588 6 2 8 4 4943 4932 4954 4944 4933 4955
8589 6 2 8 4 4944 4933 4955 4945 4934 4956
8590 6 2 8 4 4945 4934 4956 4946 4935 4957
8591 6 2 8 4 4946 4935 4957 4947 4936 4958
8592 6 2 8 4 4947 4936 4958 1798 1797 1799
8593 6 2 8 4 690 698 699 4794 4882 4893
8594 6 2 8 4 4794 4882 4893 4795 4883 4894
8595 6 2 8 4 4795 4883 4894 4796 4884 4895
8596 6 2 8 4 4796 4884 4895 4797 4885 4896
8597 6 2 8 4 4797 4885 4896 4798 4886 4897
8598 6 2 8 4 4798 4886 4897 4799 4887 4898
8599 6 2 8 4 4799 4887 4898 4800 4888 4899
8600 6 2 8 4 4800 4888 4899 4801 4889 4900
8601 6 2 8 4 4801 4889 4900 4802 4890 4901
8602 6 2 8 4 4802 4890 4901 4803 4891 4902
8603 6 2 8 4 4803 4891 4902 4804 4892 4903
8604 6 2 8 4 4804 4892 4903 1785 1793 1794
8605 6 2 8 4 698 697 701 4882 4871 4915
8606 6 2 8 4 4882 4871 4915 4883 4872 4916
8607 6 2 8 4 4883 4872 4916 4884 4873 4917
8608 6 2 8 4 4884 4873 4917 4885 4874 4918
8609 6 2 8 4 4885 4874 4918 4886 4875 4919
8610 6 2 8 4 4886 4875 4919 4887 4876 4920
8611 6 2 8 4 4887 4876 4920 4888 4877 4921
8612 6 2 8 4 4888 4877 4921 4889 4878 4922
8613 6 2 8 4 4889 4878 4922 4890 4879 4923
8614 6 2 8 4 4890 4879 4923 4891 4880 4924
8615 6 2 8 4 4891 4880 4924 4892 4881 4925
8616 6 2 8 4 4892 4881 4925 1793 1792 1796
8617 6 2 8 4 694 712 715 4838 5036 5069
8618 6 2 8 4 4838 5036 5069 4839 5037 5070
8619 6 2 8 4 4839 5037 5070 4840 5038 5071
8620 6 2 8 4 4840 5038 5071 4841 5039 5072
8621 6 2 8 4 4841 5039 5072 4842 5040 5073
8622 6 2 8 4 4842 5040 5073 4843 5041 5074
8623 6 2 8 4 4843 5041 5074 4844 5042 5075
8624 6 2 8 4 4844 5042 5075 4845 5043 5076
8625 6 2 8 4 4845 5043 5076 4846 5044 5077
8626 6 2 8 4 4846 5044 5077 4847 5045 5078
8627 6 2 8 4 4847 5045 5078 4848 5046 5079
8628 6 2 8 4 4848 5046 5079 1789 1807 1810
8629 6 2 8 4 693 711 720 4827 5025 5124
8630 6 2 8 4 4827 5025 5124 4828 5026 5125
8631 6 2 8 4 4828 5026 5125 4829 5027 5126
8632 6 2 8 4 4829 5027 5126 4830 5028 5127
8633 6 2 8 4 4830 5028 5127 4831 5029 5128
8634 6 2 8 4 4831 5029 5128 4832 5030 5129
8635 6 2 8 4 4832 5030 5129 4833 5031 5130
8636 6 2 8 4 4833 5031 5130 4834 5032 5131
8637 6 2 8 4 4834 5032 5131 4835 5033 5132
8638 6 2 8 4 4835 5033 5132 4836 5034 5133
8639 6 2 8 4 4836 5034 5133 4837 5035 5134
8640 6 2 8 4 4837 5035 5134 1788 1806 1815
8641 6 2 8 4 700 698 716 4904 4882 5080
8642 6 2 8 4 4904 4882 5080 4905 4883 5081
8643 6 2 8 4 4905 4883 5081 4906 4884 5082
8644 6 2 8 4 4906 4884 5082 4907 4885 5083
8645 6 2 8 4 4907 4885 5083 4908 4886 5084
8646 6 2 8 4 4908 4886 5084 4909 4887 5085
8647 6 2 8 4 4909 4887 5085 4910 4888 5086
8648 6 2 8 4 4910 4888 5086 4911 4889 5087
8649 6 2 8 4 4911 4889 5087 4912 4890 5088
8650 6 2 8 4 4912 4890 5088 4913 4891 5089
8651 6 2 8 4 4913 4891 5089 4914 4892 5090
8652 6 2 8 4 4914 4892 5090 1795 1793 1811
8653 6 2 8 4 101 102 718 1741 1752 5102
8654 6 2 8 4 1741 1752 5102 1742 1753 5103
8655 6 2 8 4 1742 1753 5103 1743 1754 5104
8656 6 2 8 4 1743 1754 5104 1744 1755 5105
8657 6 2 8 4 1744 1755 5105 1745 1756 5106
8658 6 2 8 4 1745 1756 5106 1746 1757 5107
8659 6 2 8 4 1746 1757 5107 1747 1758 5108
8660 6 2 8 4 1747 1758 5108 1748 1759 5109
8661 6 2 8 4 1748 1759 5109 1749 1760 5110
8662 6 2 8 4 1749 1760 5110 1750 1761 5111
8663 6 2 8 4 1750 1761 5111 1751 1762 5112
8664 6 2 8 4 1751 1762 5112 313 314 1813
8665 6 2 8 4 699 698 700 4893 4882 4904
8666 6 2 8 4 4893 4882 4904 4894 4883 4905
8667 6 2 8 4 4894 4883 4905 4895 4884 4906
8668 6 2 8 4 4895 4884 4906 4896 4885 4907
8669 6 2 8 4 4896 4885 4907 4897 4886 4908
8670 6 2 8 4 4897 4886 4908 4898 4887 4909
8671 6 2 8 4 4898 4887 4909 4899 4888 4910
8672 6 2 8 4 4899 4888 4910 4900 4889 4911
8673 6 2 8 4 4900 4889 4911 4901 4890 4912
8674 6 2 8 4 4901 4890 4912 4902 4891 4913
8675 6 2 8 4 4902 4891 4913 4903 4892 4914
8676 6 2 8 4 4903 4892 4914 1794 1793 1795
8677 6 2 8 4 694 113 708 4838 1653 4992
8678 6 2 8 4 4838 1653 4992 4839 1654 4993
8679 6 2 8 4 4839 1654 4993 4840 1655 4994
8680 6 2 8 4 4840 1655 4994 4841 1656 4995
8681 6 2 8 4 4841 1656 4995 4842 1657 4996
8682 6 2 8 4 4842 1657 4996 4843 1658 4997
8683 6 2 8 4 4843 1658 4997 4844 1659 4998
8684 6 2 8 4 4844 1659 4998 4845 1660 4999
8685 6 2 8 4 4845 1660 4999 4846 1661 5000
8686 6 2 8 4 4846 1661 5000 4847 1662 5001
8687 6 2 8 4 4847 1662 5001 4848 1663 5002
8688 6 2 8 4 4848 1663 5002 1789 283 1803
8689 6 2 8 4 103 104 709 1763 1774 5003
8690 6 2 8 4 1763 1774 5003 1764 1775 5004
8691 6 2 8 4 1764 1775 5004 1765 1776 5005
8692 6 2 8 4 1765 1776 5005 1766 1777 5006
8693 6 2 8 4 1766 1777 5006 1767 1778 5007
8694 6 2 8 4 1767 1778 5007 1768 1779 5008
8695 6 2 8 4 1768 1779 5008 1769 1780 5009
8696 6 2 8 4 1769 1780 5009 1770 1781 5010
8697 6 2 8 4 1770 1781 5010 1771 1782 5011
8698 6 2 8 4 1771 1782 5011 1772 1783 5012
8699 6 2 8 4 1772 1783 5012 1773 1784 5013
8700 6 2 8 4 1773 1784 5013 315 316 1804
8701 6 2 8 4 111 112 710 1631 1642 5014
8702 6 2 8 4 1631 1642 5014 1632 1643 5015
8703 6 2 8 4 1632 1643 5015 1633 1644 5016
8704 6 2 8 4 1633 1644 5016 1634 1645 5017
8705 6 2 8 4 1634 1645 5017 1635 1646 5018
8706 6 2 8 4 1635 1646 5018 1636 1647 5019
8707 6 2 8 4 1636 1647 5019 1637 1648 5020
8708 6 2 8 4 1637 1648 5020 1638 1649 5021
8709 6 2 8 4 1638 1649 5021 1639 1650 5022
8710 6 2 8 4 1639 1650 5022 1640 1651 5023
8711 6 2 8 4 1640 1651 5023 1641 1652 5024
8712 6 2 8 4 1641 1652 5024 281 282 1805
8713 6 2 8 4 703 712 722 4937 5036 5146
8714 6 2 8 4 4937 5036 5146 4938 5037 5147
8715 6 2 8 4 4938 5037 5147 4939 5038 5148
8716 6 2 8 4 4939 5038 5148 4940 5039 5149
8717 6 2 8 4 4940 5039 5149 4941 5040 5150
8718 6 2 8 4 4941 5040 5150 4942 5041 5151
8719 6 2 8 4 4942 5041 5151 4943 5042 5152
8720 6 2 8 4 4943 5042 5152 4944 5043 5153
8721 6 2 8 4 4944 5043 5153 4945 5044 5154
8722 6 2 8 4 4945 5044 5154 4946 5045 5155
8723 6 2 8 4 4946 5045 5155 4947 5046 5156
8724 6 2 8 4 4947 5046 5156 1798 1807 1817
8725 6 2 8 4 710 694 715 5014 4838 5069
8726 6 2 8 4 5014 4838 5069 5015 4839 5070
8727 6 2 8 4 5015 4839 5070 5016 4840 5071
8728 6 2 8 4 5016 4840 5071 5017 4841 5072
8729 6 2 8 4 5017 4841 5072 5018 4842 5073
8730 6 2 8 4 5018 4842 5073 5019 4843 5074
8731 6 2 8 4 5019 4843 5074 5020 4844 5075
8732 6 2 8 4 5020 4844 5075 5021 4845 5076
8733 6 2 8 4 5021 4845 5076 5022 4846 5077
8734 6 2 8 4 5022 4846 5077 5023 4847 5078
8735 6 2 8 4 5023 4847 5078 5024 4848 5079
8736 6 2 8 4 5024 4848 5079 1805 1789 1810
8737 6 2 8 4 711 696 720 5025 4860 5124
8738 6 2 8 4 5025 4860 5124 5026 4861 5125
8739 6 2 8 4 5026 4861 5125 5027 4862 5126
8740 6 2 8 4 5027 4862 5126 5028 4863 5127
8741 6 2 8 4 5028 4863 5127 5029 4864 5128
8742 6 2 8 4 5029 4864 5128 5030 4865 5129
8743 6 2 8 4 5030 4865 5129 5031 4866 5130
8744 6 2 8 4 5031 4866 5130 5032 4867 5131
8745 6 2 8 4 5032 4867 5131 5033 4868 5132
8746 6 2 8 4 5033 4868 5132 5034 4869 5133
8747 6 2 8 4 5034 4869 5133 5035 4870 5134
8748 6 2 8 4 5035 4870 5134 1806 1791 1815
8749 6 2 8 4 694 708 712 4838 4992 5036
8750 6 2 8 4 4838 4992 5036 4839 4993 5037
8751 6 2 8 4 4839 4993 5037 4840 4994 5038
8752 6 2 8 4 4840 4994 5038 4841 4995 5039
8753 6 2 8 4 4841 4995 5039 4842 4996 5040
8754 6 2 8 4 4842 4996 5040 4843 4997 5041
8755 6 2 8 4 4843 4997 5041 4844 4998 5042
8756 6 2 8 4 4844 4998 5042 4845 4999 5043
8757 6 2 8 4 4845 4999 5043 4846 5000 5044
8758 6 2 8 4 4846 5000 5044 4847 5001 5045
8759 6 2 8 4 4847 5001 5045 4848 5002 5046
8760 6 2 8 4 4848 5002 5046 1789 1803 1807
8761 6 2 8 4 82 691 717 1578 4805 5091
8762 6 2 8 4 1578 4805 5091 1579 4806 5092
8763 6 2 8 4 1579 4806 5092 1580 4807 5093
8764 6 2 8 4 1580 4807 5093 1581 4808 5094
8765 6 2 8 4 1581 4808 5094 1582 4809 5095
8766 6 2 8 4 1582 4809 5095 1583 4810 5096
8767 6 2 8 4 1583 4810 5096 1584 4811 5097
8768 6 2 8 4 1584 4811 5097 1585 4812 5098
8769 6 2 8 4 1585 4812 5098 1586 4813 5099
8770 6 2 8 4 1586 4813 5099 1587 4814 5100
8771 6 2 8 4 1587 4814 5100 1588 4815 5101
8772 6 2 8 4 1588 4815 5101 267 1786 1812
8773 6 2 8 4 708 114 717 4992 1664 5091
8774 6 2 8 4 4992 1664 5091 4993 1665 5092
8775 6 2 8 4 4993 1665 5092 4994 1666 5093
8776 6 2 8 4 4994 1666 5093 4995 1667 5094
8777 6 2 8 4 4995 1667 5094 4996 1668 5095
8778 6 2 8 4 4996 1668 5095 4997 1669 5096
8779 6 2 8 4 4997 1669 5096 4998 1670 5097
8780 6 2 8 4 4998 1670 5097 4999 1671 5098
8781 6 2 8 4 4999 1671 5098 5000 1672 5099
8782 6 2 8 4 5000 1672 5099 5001 1673 5100
8783 6 2 8 4 5001 1673 5100 5002 1674 5101
8784 6 2 8 4 5002 1674 5101 1803 284 1812
8785 6 2 8 4 693 707 718 4827 4981 5102
8786 6 2 8 4 4827 4981 5102 4828 4982 5103
8787 6 2 8 4 4828 4982 5103 4829 4983 5104
8788 6 2 8 4 4829 4983 5104 4830 4984 5105
8789 6 2 8 4 4830 4984 5105 4831 4985 5106
8790 6 2 8 4 4831 4985 5106 4832 4986 5107
8791 6 2 8 4 4832 4986 5107 4833 4987 5108
8792 6 2 8 4 4833 4987 5108 4834 4988 5109
8793 6 2 8 4 4834 4988 5109 4835 4989 5110
8794 6 2 8 4 4835 4989 5110 4836 4990 5111
8795 6 2 8 4 4836 4990 5111 4837 4991 5112
8796 6 2 8 4 4837 4991 5112 1788 1802 1813
8797 6 2 8 4 692 77 714 4816 1523 5058
8798 6 2 8 4 4816 1523 5058 4817 1524 5059
8799 6 2 8 4 4817 1524 5059 4818 1525 5060
8800 6 2 8 4 4818 1525 5060 4819 1526 5061
8801 6 2 8 4 4819 1526 5061 4820 1527 5062
8802 6 2 8 4 4820 1527 5062 4821 1528 5063
8803 6 2 8 4 4821 1528 5063 4822 1529 5064
8804 6 2 8 4 4822 1529 5064 4823 1530 5065
8805 6 2 8 4 4823 1530 5065 4824 1531 5066
8806 6 2 8 4 4824 1531 5066 4825 1532 5067
8807 6 2 8 4 4825 1532 5067 4826 1533 5068
8808 6 2 8 4 4826 1533 5068 1787 262 1809
8809 6 2 8 4 693 709 711 4827 5003 5025
8810 6 2 8 4 4827 5003 5025 4828 5004 5026
8811 6 2 8 4 4828 5004 5026 4829 5005 5027
8812 6 2 8 4 4829 5005 5027 4830 5006 5028
8813 6 2 8 4 4830 5006 5028 4831 5007 5029
8814 6 2 8 4 4831 5007 5029 4832 5008 5030
8815 6 2 8 4 4832 5008 5030 4833 5009 5031
8816 6 2 8 4 4833 5009 5031 4834 5010 5032
8817 6 2 8 4 4834 5010 5032 4835 5011 5033
8818 6 2 8 4 4835 5011 5033 4836 5012 5034
8819 6 2 8 4 4836 5012 5034 4837 5013 5035
8820 6 2 8 4 4837 5013 5035 1788 1804 1806
8821 6 2 8 4 102 693 718 1752 4827 5102
8822 6 2 8 4 1752 4827 5102 1753 4828 5103
8823 6 2 8 4 1753 4828 5103 1754 4829 5104
8824 6 2 8 4 1754 4829 5104 1755 4830 5105
8825 6 2 8 4 1755 4830 5105 1756 4831 5106
8826 6 2 8 4 1756 4831 5106 1757 4832 5107
8827 6 2 8 4 1757 4832 5107 1758 4833 5108
8828 6 2 8 4 1758 4833 5108 1759 4834 5109
8829 6 2 8 4 1759 4834 5109 1760 4835 5110
8830 6 2 8 4 1760 4835 5110 1761 4836 5111
8831 6 2 8 4 1761 4836 5111 1762 4837 5112
8832 6 2 8 4 1762 4837 5112 314 1788 1813
8833 6 2 8 4 714 101 718 5058 1741 5102
8834 6 2 8 4 5058 1741 5102 5059 1742 5103
8835 6 2 8 4 5059 1742 5103 5060 1743 5104
8836 6 2 8 4 5060 1743 5104 5061 1744 5105
8837 6 2 8 4 5061 1744 5105 5062 1745 5106
8838 6 2 8 4 5062 1745 5106 5063 1746 5107
8839 6 2 8 4 5063 1746 5107 5064 1747 5108
8840 6 2 8 4 5064 1747 5108 5065 1748 5109
8841 6 2 8 4 5065 1748 5109 5066 1749 5110
8842 6 2 8 4 5066 1749 5110 5067 1750 5111
8843 6 2 8 4 5067 1750 5111 5068 1751 5112
8844 6 2 8 4 5068 1751 5112 1809 313 1813
8845 6 2 8 4 691 706 722 4805 4970 5146
8846 6 2 8 4 4805 4970 5146 4806 4971 5147
8847 6 2 8 4 4806 4971 5147 4807 4972 5148
8848 6 2 8 4 4807 4972 5148 4808 4973 5149
8849 6 2 8 4 4808 4973 5149 4809 4974 5150
8850 6 2 8 4 4809 4974 5150 4810 4975 5151
8851 6 2 8 4 4810 4975 5151 4811 4976 5152
8852 6 2 8 4 4811 4976 5152 4812 4977 5153
8853 6 2 8 4 4812 4977 5153 4813 4978 5154
8854 6 2 8 4 4813 4978 5154 4814 4979 5155
8855 6 2 8 4 4814 4979 5155 4815 4980 5156
8856 6 2 8 4 4815 4980 5156 1786 1801 1817
8857 6 2 8 4 693 103 709 4827 1763 5003
8858 6 2 8 4 4827 1763 5003 4828 1764 5004
8859 6 2 8 4 4828 1764 5004 4829 1765 5005
8860 6 2 8 4 4829 1765 5005 4830 1766 5006
8861 6 2 8 4 4830 1766 5006 4831 1767 5007
8862 6 2 8 4 4831 1767 5007 4832 1768 5008
8863 6 2 8 4 4832 1768 5008 4833 1769 5009
8864 6 2 8 4 4833 1769 5009 4834 1770 5010
8865 6 2 8 4 4834 1770 5010 4835 1771 5011
8866 6 2 8 4 4835 1771 5011 4836 1772 5012
8867 6 2 8 4 4836 1772 5012 4837 1773 5013
8868 6 2 8 4 4837 1773 5013 1788 315 1804
8869 6 2 8 4 112 694 710 1642 4838 5014
8870 6 2 8 4 1642 4838 5014 1643 4839 5015
8871 6 2 8 4 1643 4839 5015 1644 4840 5016
8872 6 2 8 4 1644 4840 5016 1645 4841 5017
8873 6 2 8 4 1645 4841 5017 1646 4842 5018
8874 6 2 8 4 1646 4842 5018 1647 4843 5019
8875 6 2 8 4 1647 4843 5019 1648 4844 5020
8876 6 2 8 4 1648 4844 5020 1649 4845 5021
8877 6 2 8 4 1649 4845 5021 1650 4846 5022
8878 6 2 8 4 1650 4846 5022 1651 4847 5023
8879 6 2 8 4 1651 4847 5023 1652 4848 5024
8880 6 2 8 4 1652 4848 5024 282 1789 1805
8881 6 2 8 4 702 700 719 4926 4904 5113
8882 6 2 8 4 4926 4904 5113 4927 4905 5114
8883 6 2 8 4 4927 4905 5114 4928 4906 5115
8884 6 2 8 4 4928 4906 5115 4929 4907 5116
8885 6 2 8 4 4929 4907 5116 4930 4908 5117
8886 6 2 8 4 4930 4908 5117 4931 4909 5118
8887 6 2 8 4 4931 4909 5118 4932 4910 5119
8888 6 2 8 4 4932 4910 5119 4933 4911 5120
8889 6 2 8 4 4933 4911 5120 4934 4912 5121
8890 6 2 8 4 4934 4912 5121 4935 4913 5122
8891 6 2 8 4 4935 4913 5122 4936 4914 5123
8892 6 2 8 4 4936 4914 5123 1797 1795 1814
8893 6 2 8 4 701 707 720 4915 4981 5124
8894 6 2 8 4 4915 4981 5124 4916 4982 5125
8895 6 2 8 4 4916 4982 5125 4917 4983 5126
8896 6 2 8 4 4917 4983 5126 4918 4984 5127
8897 6 2 8 4 4918 4984 5127 4919 4985 5128
8898 6 2 8 4 4919 4985 5128 4920 4986 5129
8899 6 2 8 4 4920 4986 5129 4921 4987 5130
8900 6 2 8 4 4921 4987 5130 4922 4988 5131
8901 6 2 8 4 4922 4988 5131 4923 4989 5132
8902 6 2 8 4 4923 4989 5132 4924 4990 5133
8903 6 2 8 4 4924 4990 5133 4925 4991 5134
8904 6 2 8 4 4925 4991 5134 1796 1802 1815
8905 6 2 8 4 110 10 710 1697 270 5014
8906 6 2 8 4 1697 270 5014 1698 271 5015
8907 6 2 8 4 1698 271 5015 1699 272 5016
8908 6 2 8 4 1699 272 5016 1700 273 5017
8909 6 2 8 4 1700 273 5017 1701 274 5018
8910 6 2 8 4 1701 274 5018 1702 275 5019
8911 6 2 8 4 1702 275 5019 1703 276 5020
8912 6 2 8 4 1703 276 5020 1704 277 5021
8913 6 2 8 4 1704 277 5021 1705 278 5022
8914 6 2 8 4 1705 278 5022 1706 279 5023
8915 6 2 8 4 1706 279 5023 1707 280 5024
8916 6 2 8 4 1707 280 5024 298 20 1805
8917 6 2 8 4 10 111 710 270 1631 5014
8918 6 2 8 4 270 1631 5014 271 1632 5015
8919 6 2 8 4 271 1632 5015 272 1633 5016
8920 6 2 8 4 272 1633 5016 273 1634 5017
8921 6 2 8 4 273 1634 5017 274 1635 5018
8922 6 2 8 4 274 1635 5018 275 1636 5019
8923 6 2 8 4 275 1636 5019 276 1637 5020
8924 6 2 8 4 276 1637 5020 277 1638 5021
8925 6 2 8 4 277 1638 5021 278 1639 5022
8926 6 2 8 4 278 1639 5022 279 1640 5023
8927 6 2 8 4 279 1640 5023 280 1641 5024
8928 6 2 8 4 280 1641 5024 20 281 1805
8929 6 2 8 4 104 11 709 1774 299 5003
8930 6 2 8 4 1774 299 5003 1775 300 5004
8931 6 2 8 4 1775 300 5004 1776 301 5005
8932 6 2 8 4 1776 301 5005 1777 302 5006
8933 6 2 8 4 1777 302 5006 1778 303 5007
8934 6 2 8 4 1778 303 5007 1779 304 5008
8935 6 2 8 4 1779 304 5008 1780 305 5009
8936 6 2 8 4 1780 305 5009 1781 306 5010
8937 6 2 8 4 1781 306 5010 1782 307 5011
8938 6 2 8 4 1782 307 5011 1783 308 5012
8939 6 2 8 4 1783 308 5012 1784 309 5013
8940 6 2 8 4 1784 309 5013 316 22 1804
8941 6 2 8 4 11 105 709 299 1708 5003
8942 6 2 8 4 299 1708 5003 300 1709 5004
8943 6 2 8 4 300 1709 5004 301 1710 5005
8944 6 2 8 4 301 1710 5005 302 1711 5006
8945 6 2 8 4 302 1711 5006 303 1712 5007
8946 6 2 8 4 303 1712 5007 304 1713 5008
8947 6 2 8 4 304 1713 5008 305 1714 5009
8948 6 2 8 4 305 1714 5009 306 1715 5010
8949 6 2 8 4 306 1715 5010 307 1716 5011
8950 6 2 8 4 307 1716 5011 308 1717 5012
8951 6 2 8 4 308 1717 5012 309 1718 5013
8952 6 2 8 4 309 1718 5013 22 310 1804
8953 6 2 8 6 1432 1400 1465 6059 5707 6422
8954 6 2 8 6 6059 5707 6422 6060 5708 6423
8955 6 2 8 6 6060 5708 6423 6061 5709 6424
8956 6 2 8 6 6061 5709 6424 6062 5710 6425
8957 6 2 8 6 6062 5710 6425 6063 5711 6426
8958 6 2 8 6 6063 5711 6426 6064 5712 6427
8959 6 2 8 6 6064 5712 6427 6065 5713 6428
8960 6 2 8 6 6065 5713 6428 6066 5714 6429
8961 6 2 8 6 6066 5714 6429 6067 5715 6430
8962 6 2 8 6 6067 5715 6430 6068 5716 6431
8963 6 2 8 6 6068 5716 6431 6069 5717 6432
8964 6 2 8 6 6069 5717 6432 2527 2495 2560
8965 6 2 8 6 1429 1433 1453 6026 6070 6290
8966 6 2 8 6 6026 6070 6290 6027 6071 6291
8967 6 2 8 6 6027 6071 6291 6028 6072 6292
8968 6 2 8 6 6028 6072 6292 6029 6073 6293
8969 6 2 8 6 6029 6073 6293 6030 6074 6294
8970 6 2 8 6 6030 6074 6294 6031 6075 6295
8971 6 2 8 6 6031 6075 6295 6032 6076 6296
8972 6 2 8 6 6032 6076 6296 6033 6077 6297
8973 6 2 8 6 6033 6077 6297 6034 6078 6298
8974 6 2 8 6 6034 6078 6298 6035 6079 6299
8975 6 2 8 6 6035 6079 6299 6036 6080 6300
8976 6 2 8 6 6036 6080 6300 2524 2528 2548
8977 6 2 8 6 1451 1446 1497 6268 6213 6774
8978 6 2 8 6 6268 6213 6774 6269 6214 6775
8979 6 2 8 6 6269 6214 6775 6270 6215 6776
8980 6 2 8 6 6270 6215 6776 6271 6216 6777
8981 6 2 8 6 6271 6216 6777 6272 6217 6778
8982 6 2 8 6 6272 6217 6778 6273 6218 6779
8983 6 2 8 6 6273 6218 6779 6274 6219 6780
8984 6 2 8 6 6274 6219 6780 6275 6220 6781
8985 6 2 8 6 6275 6220 6781 6276 6221 6782
8986 6 2 8 6 6276 6221 6782 6277 6222 6783
8987 6 2 8 6 6277 6222 6783 6278 6223 6784
8988 6 2 8 6 6278 6223 6784 2546 2541 2592
8989 6 2 8 6 1400 1432 1475 5707 6059 6532
8990 6 2 8 6 5707 6059 6532 5708 6060 6533
8991 6 2 8 6 5708 6060 6533 5709 6061 6534
8992 6 2 8 6 5709 6061 6534 5710 6062 6535
8993 6 2 8 6 5710 6062 6535 5711 6063 6536
8994 6 2 8 6 5711 6063 6536 5712 6064 6537
8995 6 2 8 6 5712 6064 6537 5713 6065 6538
8996 6 2 8 6 5713 6065 6538 5714 6066 6539
8997 6 2 8 6 5714 6066 6539 5715 6067 6540
8998 6 2 8 6 5715 6067 6540 5716 6068 6541
8999 6 2 8 6 5716 6068 6541 5717 6069 6542
9000 6 2 8 6 5717 6069 6542 2495 2527 2570
9001 6 2 8 6 1437 1402 1457 6114 5729 6334
9002 6 2 8 6 6114 5729 6334 6115 5730 6335
9003 6 2 8 6 6115 5730 6335 6116 5731 6336
9004 6 2 8 6 6116 5731 6336 6117 5732 6337
9005 6 2 8 6 6117 5732 6337 6118 5733 6338
9006 6 2 8 6 6118 5733 6338 6119 5734 6339
9007 6 2 8 6 6119 5734 6339 6120 5735 6340
9008 6 2 8 6 6120 5735 6340 6121 5736 6341
9009 6 2 8 6 6121 5736 6341 6122 5737 6342
9010 6 2 8 6 6122 5737 6342 6123 5738 6343
9011 6 2 8 6 6123 5738 6343 6124 5739 6344
9012 6 2 8 6 6124 5739 6344 2532 2497 2552
9013 6 2 8 6 1448 1410 1450 6235 5817 6257
9014 6 2 8 6 6235 5817 6257 6236 5818 6258
9015 6 2 8 6 6236 5818 6258 6237 5819 6259
9016 6 2 8 6 6237 5819 6259 6238 5820 6260
9017 6 2 8 6 6238 5820 6260 6239 5821 6261
9018 6 2 8 6 6239 5821 6261 6240 5822 6262
9019 6 2 8 6 6240 5822 6262 6241 5823 6263
9020 6 2 8 6 6241 5823 6263 6242 5824 6264
9021 6 2 8 6 6242 5824 6264 6243 5825 6265
9022 6 2 8 6 6243 5825 6265 6244 5826 6266
9023 6 2 8 6 6244 5826 6266 6245 5827 6267
9024 6 2 8 6 6245 5827 6267 2543 2505 2545
9025 6 2 8 6 1439 1396 1440 6136 5663 6147
9026 6 2 8 6 6136 5663 6147 6137 5664 6148
9027 6 2 8 6 6137 5664 6148 6138 5665 6149
9028 6 2 8 6 6138 5665 6149 6139 5666 6150
9029 6 2 8 6 6139 5666 6150 6140 5667 6151
9030 6 2 8 6 6140 5667 6151 6141 5668 6152
9031 6 2 8 6 6141 5668 6152 6142 5669 6153
9032 6 2 8 6 6142 5669 6153 6143 5670 6154
9033 6 2 8 6 6143 5670 6154 6144 5671 6155
9034 6 2 8 6 6144 5671 6155 6145 5672 6156
9035 6 2 8 6 6145 5672 6156 6146 5673 6157
9036 6 2 8 6 6146 5673 6157 2534 2491 2535
9037 6 2 8 6 225 1435 1472 2347 6092 6499
9038 6 2 8 6 2347 6092 6499 2348 6093 6500
9039 6 2 8 6 2348 6093 6500 2349 6094 6501
9040 6 2 8 6 2349 6094 6501 2350 6095 6502
9041 6 2 8 6 2350 6095 6502 2351 6096 6503
9042 6 2 8 6 2351 6096 6503 2352 6097 6504
9043 6 2 8 6 2352 6097 6504 2353 6098 6505
9044 6 2 8 6 2353 6098 6505 2354 6099 6506
9045 6 2 8 6 2354 6099 6506 2355 6100 6507
9046 6 2 8 6 2355 6100 6507 2356 6101 6508
9047 6 2 8 6 2356 6101 6508 2357 6102 6509
9048 6 2 8 6 2357 6102 6509 427 2530 2567
9049 6 2 8 6 1445 1446 1451 6202 6213 6268
9050 6 2 8 6 6202 6213 6268 6203 6214 6269
9051 6 2 8 6 6203 6214 6269 6204 6215 6270
9052 6 2 8 6 6204 6215 6270 6205 6216 6271
9053 6 2 8 6 6205 6216 6271 6206 6217 6272
9054 6 2 8 6 6206 6217 6272 6207 6218 6273
9055 6 2 8 6 6207 6218 6273 6208 6219 6274
9056 6 2 8 6 6208 6219 6274 6209 6220 6275
9057 6 2 8 6 6209 6220 6275 6210 6221 6276
9058 6 2 8 6 6210 6221 6276 6211 6222 6277
9059 6 2 8 6 6211 6222 6277 6212 6223 6278
9060 6 2 8 6 6212 6223 6278 2540 2541 2546
9061 6 2 8 6 1455 1409 1476 6312 5806 6543
9062 6 2 8 6 6312 5806 6543 6313 5807 6544
9063 6 2 8 6 6313 5807 6544 6314 5808 6545
9064 6 2 8 6 6314 5808 6545 6315 5809 6546
9065 6 2 8 6 6315 5809 6546 6316 5810 6547
9066 6 2 8 6 6316 5810 6547 6317 5811 6548
9067 6 2 8 6 6317 5811 6548 6318 5812 6549
9068 6 2 8 6 6318 5812 6549 6319 5813 6550
9069 6 2 8 6 6319 5813 6550 6320 5814 6551
9070 6 2 8 6 6320 5814 6551 6321 5815 6552
9071 6 2 8 6 6321 5815 6552 6322 5816 6553
9072 6 2 8 6 6322 5816 6553 2550 2504 2571
9073 6 2 8 6 228 1410 1461 2380 5817 6378
9074 6 2 8 6 2380 5817 6378 2381 5818 6379
9075 6 2 8 6 2381 5818 6379 2382 5819 6380
9076 6 2 8 6 2382 5819 6380 2383 5820 6381
9077 6 2 8 6 2383 5820 6381 2384 5821 6382
9078 6 2 8 6 2384 5821 6382 2385 5822 6383
9079 6 2 8 6 2385 5822 6383 2386 5823 6384
9080 6 2 8 6 2386 5823 6384 2387 5824 6385
9081 6 2 8 6 2387 5824 6385 2388 5825 6386
9082 6 2 8 6 2388 5825 6386 2389 5826 6387
9083 6 2 8 6 2389 5826 6387 2390 5827 6388
9084 6 2 8 6 2390 5827 6388 430 2505 2556
9085 6 2 8 6 1412 1437 1457 5839 6114 6334
9086 6 2 8 6 5839 6114 6334 5840 6115 6335
9087 6 2 8 6 5840 6115 6335 5841 6116 6336
9088 6 2 8 6 5841 6116 6336 5842 6117 6337
9089 6 2 8 6 5842 6117 6337 5843 6118 6338
9090 6 2 8 6 5843 6118 6338 5844 6119 6339
9091 6 2 8 6 5844 6119 6339 5845 6120 6340
9092 6 2 8 6 5845 6120 6340 5846 6121 6341
9093 6 2 8 6 5846 6121 6341 5847 6122 6342
9094 6 2 8 6 5847 6122 6342 5848 6123 6343
9095 6 2 8 6 5848 6123 6343 5849 6124 6344
9096 6 2 8 6 5849 6124 6344 2507 2532 2552
9097 6 2 8 6 1410 1448 1460 5817 6235 6367
9098 6 2 8 6 5817 6235 6367 5818 6236 6368
9099 6 2 8 6 5818 6236 6368 5819 6237 6369
9100 6 2 8 6 5819 6237 6369 5820 6238 6370
9101 6 2 8 6 5820 6238 6370 5821 6239 6371
9102 6 2 8 6 5821 6239 6371 5822 6240 6372
9103 6 2 8 6 5822 6240 6372 5823 6241 6373
9104 6 2 8 6 5823 6241 6373 5824 6242 6374
9105 6 2 8 6 5824 6242 6374 5825 6243 6375
9106 6 2 8 6 5825 6243 6375 5826 6244 6376
9107 6 2 8 6 5826 6244 6376 5827 6245 6377
9108 6 2 8 6 5827 6245 6377 2505 2543 2555
9109 6 2 8 6 1435 225 1491 6092 2347 6708
9110 6 2 8 6 6092 2347 6708 6093 2348 6709
9111 6 2 8 6 6093 2348 6709 6094 2349 6710
9112 6 2 8 6 6094 2349 6710 6095 2350 6711
9113 6 2 8 6 6095 2350 6711 6096 2351 6712
9114 6 2 8 6 6096 2351 6712 6097 2352 6713
9115 6 2 8 6 6097 2352 6713 6098 2353 6714
9116 6 2 8 6 6098 2353 6714 6099 2354 6715
9117 6 2 8 6 6099 2354 6715 6100 2355 6716
9118 6 2 8 6 6100 2355 6716 6101 2356 6717
9119 6 2 8 6 6101 2356 6717 6102 2357 6718
9120 6 2 8 6 6102 2357 6718 2530 427 2586
9121 6 2 8 6 1433 1429 1482 6070 6026 6609
9122 6 2 8 6 6070 6026 6609 6071 6027 6610
9123 6 2 8 6 6071 6027 6610 6072 6028 6611
9124 6 2 8 6 6072 6028 6611 6073 6029 6612
9125 6 2 8 6 6073 6029 6612 6074 6030 6613
9126 6 2 8 6 6074 6030 6613 6075 6031 6614
9127 6 2 8 6 6075 6031 6614 6076 6032 6615
9128 6 2 8 6 6076 6032 6615 6077 6033 6616
9129 6 2 8 6 6077 6033 6616 6078 6034 6617
9130 6 2 8 6 6078 6034 6617 6079 6035 6618
9131 6 2 8 6 6079 6035 6618 6080 6036 6619
9132 6 2 8 6 6080 6036 6619 2528 2524 2577
9133 6 2 8 6 1400 221 1464 5707 2303 6411
9134 6 2 8 6 5707 2303 6411 5708 2304 6412
9135 6 2 8 6 5708 2304 6412 5709 2305 6413
9136 6 2 8 6 5709 2305 6413 5710 2306 6414
9137 6 2 8 6 5710 2306 6414 5711 2307 6415
9138 6 2 8 6 5711 2307 6415 5712 2308 6416
9139 6 2 8 6 5712 2308 6416 5713 2309 6417
9140 6 2 8 6 5713 2309 6417 5714 2310 6418
9141 6 2 8 6 5714 2310 6418 5715 2311 6419
9142 6 2 8 6 5715 2311 6419 5716 2312 6420
9143 6 2 8 6 5716 2312 6420 5717 2313 6421
9144 6 2 8 6 5717 2313 6421 2495 423 2559
9145 6 2 8 6 1440 1396 1479 6147 5663 6576
9146 6 2 8 6 6147 5663 6576 6148 5664 6577
9147 6 2 8 6 6148 5664 6577 6149 5665 6578
9148 6 2 8 6 6149 5665 6578 6150 5666 6579
9149 6 2 8 6 6150 5666 6579 6151 5667 6580
9150 6 2 8 6 6151 5667 6580 6152 5668 6581
9151 6 2 8 6 6152 5668 6581 6153 5669 6582
9152 6 2 8 6 6153 5669 6582 6154 5670 6583
9153 6 2 8 6 6154 5670 6583 6155 5671 6584
9154 6 2 8 6 6155 5671 6584 6156 5672 6585
9155 6 2 8 6 6156 5672 6585 6157 5673 6586
9156 6 2 8 6 6157 5673 6586 2535 2491 2574
9157 6 2 8 6 1446 1449 1497 6213 6246 6774
9158 6 2 8 6 6213 6246 6774 6214 6247 6775
9159 6 2 8 6 6214 6247 6775 6215 6248 6776
9160 6 2 8 6 6215 6248 6776 6216 6249 6777
9161 6 2 8 6 6216 6249 6777 6217 6250 6778
9162 6 2 8 6 6217 6250 6778 6218 6251 6779
9163 6 2 8 6 6218 6251 6779 6219 6252 6780
9164 6 2 8 6 6219 6252 6780 6220 6253 6781
9165 6 2 8 6 6220 6253 6781 6221 6254 6782
9166 6 2 8 6 6221 6254 6782 6222 6255 6783
9167 6 2 8 6 6222 6255 6783 6223 6256 6784
9168 6 2 8 6 6223 6256 6784 2541 2544 2592
9169 6 2 8 6 1437 1460 1469 6114 6367 6466
9170 6 2 8 6 6114 6367 6466 6115 6368 6467
9171 6 2 8 6 6115 6368 6467 6116 6369 6468
9172 6 2 8 6 6116 6369 6468 6117 6370 6469
9173 6 2 8 6 6117 6370 6469 6118 6371 6470
9174 6 2 8 6 6118 6371 6470 6119 6372 6471
9175 6 2 8 6 6119 6372 6471 6120 6373 6472
9176 6 2 8 6 6120 6373 6472 6121 6374 6473
9177 6 2 8 6 6121 6374 6473 6122 6375 6474
9178 6 2 8 6 6122 6375 6474 6123 6376 6475
9179 6 2 8 6 6123 6376 6475 6124 6377 6476
9180 6 2 8 6 6124 6377 6476 2532 2555 2564
9181 6 2 8 6 1402 1437 1469 5729 6114 6466
9182 6 2 8 6 5729 6114 6466 5730 6115 6467
9183 6 2 8 6 5730 6115 6467 5731 6116 6468
9184 6 2 8 6 5731 6116 6468 5732 6117 6469
9185 6 2 8 6 5732 6117 6469 5733 6118 6470
9186 6 2 8 6 5733 6118 6470 5734 6119 6471
9187 6 2 8 6 5734 6119 6471 5735 6120 6472
9188 6 2 8 6 5735 6120 6472 5736 6121 6473
9189 6 2 8 6 5736 6121 6473 5737 6122 6474
9190 6 2 8 6 5737 6122 6474 5738 6123 6475
9191 6 2 8 6 5738 6123 6475 5739 6124 6476
9192 6 2 8 6 5739 6124 6476 2497 2532 2564
9193 6 2 8 6 1409 1455 1494 5806 6312 6741
9194 6 2 8 6 5806 6312 6741 5807 6313 6742
9195 6 2 8 6 5807 6313 6742 5808 6314 6743
9196 6 2 8 6 5808 6314 6743 5809 6315 6744
9197 6 2 8 6 5809 6315 6744 5810 6316 6745
9198 6 2 8 6 5810 6316 6745 5811 6317 6746
9199 6 2 8 6 5811 6317 6746 5812 6318 6747
9200 6 2 8 6 5812 6318 6747 5813 6319 6748
9201 6 2 8 6 5813 6319 6748 5814 6320 6749
9202 6 2 8 6 5814 6320 6749 5815 6321 6750
9203 6 2 8 6 5815 6321 6750 5816 6322 6751
9204 6 2 8 6 5816 6322 6751 2504 2550 2589
9205 6 2 8 6 1406 1412 1457 5773 5839 6334
9206 6 2 8 6 5773 5839 6334 5774 5840 6335
9207 6 2 8 6 5774 5840 6335 5775 5841 6336
9208 6 2 8 6 5775 5841 6336 5776 5842 6337
9209 6 2 8 6 5776 5842 6337 5777 5843 6338
9210 6 2 8 6 5777 5843 6338 5778 5844 6339
9211 6 2 8 6 5778 5844 6339 5779 5845 6340
9212 6 2 8 6 5779 5845 6340 5780 5846 6341
9213 6 2 8 6 5780 5846 6341 5781 5847 6342
9214 6 2 8 6 5781 5847 6342 5782 5848 6343
9215 6 2 8 6 5782 5848 6343 5783 5849 6344
9216 6 2 8 6 5783 5849 6344 2501 2507 2552
9217 6 2 8 6 228 1461 1496 2380 6378 6763
9218 6 2 8 6 2380 6378 6763 2381 6379 6764
9219 6 2 8 6 2381 6379 6764 2382 6380 6765
9220 6 2 8 6 2382 6380 6765 2383 6381 6766
9221 6 2 8 6 2383 6381 6766 2384 6382 6767
9222 6 2 8 6 2384 6382 6767 2385 6383 6768
9223 6 2 8 6 2385 6383 6768 2386 6384 6769
9224 6 2 8 6 2386 6384 6769 2387 6385 6770
9225 6 2 8 6 2387 6385 6770 2388 6386 6771
9226 6 2 8 6 2388 6386 6771 2389 6387 6772
9227 6 2 8 6 2389 6387 6772 2390 6388 6773
9228 6 2 8 6 2390 6388 6773 430 2556 2591
9229 6 2 8 6 1435 1438 1472 6092 6125 6499
9230 6 2 8 6 6092 6125 6499 6093 6126 6500
9231 6 2 8 6 6093 6126 6500 6094 6127 6501
9232 6 2 8 6 6094 6127 6501 6095 6128 6502
9233 6 2 8 6 6095 6128 6502 6096 6129 6503
9234 6 2 8 6 6096 6129 6503 6097 6130 6504
9235 6 2 8 6 6097 6130 6504 6098 6131 6505
9236 6 2 8 6 6098 6131 6505 6099 6132 6506
9237 6 2 8 6 6099 6132 6506 6100 6133 6507
9238 6 2 8 6 6100 6133 6507 6101 6134 6508
9239 6 2 8 6 6101 6134 6508 6102 6135 6509
9240 6 2 8 6 6102 6135 6509 2530 2533 2567
9241 6 2 8 6 15 1406 1457 364 5773 6334
9242 6 2 8 6 364 5773 6334 365 5774 6335
9243 6 2 8 6 365 5774 6335 366 5775 6336
9244 6 2 8 6 366 5775 6336 367 5776 6337
9245 6 2 8 6 367 5776 6337 368 5777 6338
9246 6 2 8 6 368 5777 6338 369 5778 6339
9247 6 2 8 6 369 5778 6339 370 5779 6340
9248 6 2 8 6 370 5779 6340 371 5780 6341
9249 6 2 8 6 371 5780 6341 372 5781 6342
9250 6 2 8 6 372 5781 6342 373 5782 6343
9251 6 2 8 6 373 5782 6343 374 5783 6344
9252 6 2 8 6 374 5783 6344 26 2501 2552
9253 6 2 8 6 1431 1433 1482 6048 6070 6609
9254 6 2 8 6 6048 6070 6609 6049 6071 6610
9255 6 2 8 6 6049 6071 6610 6050 6072 6611
9256 6 2 8 6 6050 6072 6611 6051 6073 6612
9257 6 2 8 6 6051 6073 6612 6052 6074 6613
9258 6 2 8 6 6052 6074 6613 6053 6075 6614
9259 6 2 8 6 6053 6075 6614 6054 6076 6615
9260 6 2 8 6 6054 6076 6615 6055 6077 6616
9261 6 2 8 6 6055 6077 6616 6056 6078 6617
9262 6 2 8 6 6056 6078 6617 6057 6079 6618
9263 6 2 8 6 6057 6079 6618 6058 6080 6619
9264 6 2 8 6 6058 6080 6619 2526 2528 2577
9265 6 2 8 6 174 1401 1445 1983 5718 6202
9266 6 2 8 6 1983 5718 6202 1984 5719 6203
9267 6 2 8 6 1984 5719 6203 1985 5720 6204
9268 6 2 8 6 1985 5720 6204 1986 5721 6205
9269 6 2 8 6 1986 5721 6205 1987 5722 6206
9270 6 2 8 6 1987 5722 6206 1988 5723 6207
9271 6 2 8 6 1988 5723 6207 1989 5724 6208
9272 6 2 8 6 1989 5724 6208 1990 5725 6209
9273 6 2 8 6 1990 5725 6209 1991 5726 6210
9274 6 2 8 6 1991 5726 6210 1992 5727 6211
9275 6 2 8 6 1992 5727 6211 1993 5728 6212
9276 6 2 8 6 1993 5728 6212 376 2496 2540
9277 6 2 8 6 1438 1435 1478 6125 6092 6565
9278 6 2 8 6 6125 6092 6565 6126 6093 6566
9279 6 2 8 6 6126 6093 6566 6127 6094 6567
9280 6 2 8 6 6127 6094 6567 6128 6095 6568
9281 6 2 8 6 6128 6095 6568 6129 6096 6569
9282 6 2 8 6 6129 6096 6569 6130 6097 6570
9283 6 2 8 6 6130 6097 6570 6131 6098 6571
9284 6 2 8 6 6131 6098 6571 6132 6099 6572
9285 6 2 8 6 6132 6099 6572 6133 6100 6573
9286 6 2 8 6 6133 6100 6573 6134 6101 6574
9287 6 2 8 6 6134 6101 6574 6135 6102 6575
9288 6 2 8 6 6135 6102 6575 2533 2530 2573
9289 6 2 8 6 230 1474 1481 2402 6521 6598
9290 6 2 8 6 2402 6521 6598 2403 6522 6599
9291 6 2 8 6 2403 6522 6599 2404 6523 6600
9292 6 2 8 6 2404 6523 6600 2405 6524 6601
9293 6 2 8 6 2405 6524 6601 2406 6525 6602
9294 6 2 8 6 2406 6525 6602 2407 6526 6603
9295 6 2 8 6 2407 6526 6603 2408 6527 6604
9296 6 2 8 6 2408 6527 6604 2409 6528 6605
9297 6 2 8 6 2409 6528 6605 2410 6529 6606
9298 6 2 8 6 2410 6529 6606 2411 6530 6607
9299 6 2 8 6 2411 6530 6607 2412 6531 6608
9300 6 2 8 6 2412 6531 6608 432 2569 2576
9301 6 2 8 6 232 1429 1453 2424 6026 6290
9302 6 2 8 6 2424 6026 6290 2425 6027 6291
9303 6 2 8 6 2425 6027 6291 2426 6028 6292
9304 6 2 8 6 2426 6028 6292 2427 6029 6293
9305 6 2 8 6 2427 6029 6293 2428 6030 6294
9306 6 2 8 6 2428 6030 6294 2429 6031 6295
9307 6 2 8 6 2429 6031 6295 2430 6032 6296
9308 6 2 8 6 2430 6032 6296 2431 6033 6297
9309 6 2 8 6 2431 6033 6297 2432 6034 6298
9310 6 2 8 6 2432 6034 6298 2433 6035 6299
9311 6 2 8 6 2433 6035 6299 2434 6036 6300
9312 6 2 8 6 2434 6036 6300 434 2524 2548
9313 6 2 8 6 1453 1433 1467 6290 6070 6444
9314 6 2 8 6 6290 6070 6444 6291 6071 6445
9315 6 2 8 6 6291 6071 6445 6292 6072 6446
9316 6 2 8 6 6292 6072 6446 6293 6073 6447
9317 6 2 8 6 6293 6073 6447 6294 6074 6448
9318 6 2 8 6 6294 6074 6448 6295 6075 6449
9319 6 2 8 6 6295 6075 6449 6296 6076 6450
9320 6 2 8 6 6296 6076 6450 6297 6077 6451
9321 6 2 8 6 6297 6077 6451 6298 6078 6452
9322 6 2 8 6 6298 6078 6452 6299 6079 6453
9323 6 2 8 6 6299 6079 6453 6300 6080 6454
9324 6 2 8 6 6300 6080 6454 2548 2528 2562
9325 6 2 8 6 173 174 1445 1972 1983 6202
9326 6 2 8 6 1972 1983 6202 1973 1984 6203
9327 6 2 8 6 1973 1984 6203 1974 1985 6204
9328 6 2 8 6 1974 1985 6204 1975 1986 6205
9329 6 2 8 6 1975 1986 6205 1976 1987 6206
9330 6 2 8 6 1976 1987 6206 1977 1988 6207
9331 6 2 8 6 1977 1988 6207 1978 1989 6208
9332 6 2 8 6 1978 1989 6208 1979 1990 6209
9333 6 2 8 6 1979 1990 6209 1980 1991 6210
9334 6 2 8 6 1980 1991 6210 1981 1992 6211
9335 6 2 8 6 1981 1992 6211 1982 1993 6212
9336 6 2 8 6 1982 1993 6212 375 376 2540
9337 6 2 8 6 1465 1400 1477 6422 5707 6554
9338 6 2 8 6 6422 5707 6554 6423 5708 6555
9339 6 2 8 6 6423 5708 6555 6424 5709 6556
9340 6 2 8 6 6424 5709 6556 6425 5710 6557
9341 6 2 8 6 6425 5710 6557 6426 5711 6558
9342 6 2 8 6 6426 5711 6558 6427 5712 6559
9343 6 2 8 6 6427 5712 6559 6428 5713 6560
9344 6 2 8 6 6428 5713 6560 6429 5714 6561
9345 6 2 8 6 6429 5714 6561 6430 5715 6562
9346 6 2 8 6 6430 5715 6562 6431 5716 6563
9347 6 2 8 6 6431 5716 6563 6432 5717 6564
9348 6 2 8 6 6432 5717 6564 2560 2495 2572
9349 6 2 8 6 184 185 1442 2093 2104 6169
9350 6 2 8 6 2093 2104 6169 2094 2105 6170
9351 6 2 8 6 2094 2105 6170 2095 2106 6171
9352 6 2 8 6 2095 2106 6171 2096 2107 6172
9353 6 2 8 6 2096 2107 6172 2097 2108 6173
9354 6 2 8 6 2097 2108 6173 2098 2109 6174
9355 6 2 8 6 2098 2109 6174 2099 2110 6175
9356 6 2 8 6 2099 2110 6175 2100 2111 6176
9357 6 2 8 6 2100 2111 6176 2101 2112 6177
9358 6 2 8 6 2101 2112 6177 2102 2113 6178
9359 6 2 8 6 2102 2113 6178 2103 2114 6179
9360 6 2 8 6 2103 2114 6179 386 387 2537
9361 6 2 8 6 1431 1482 1495 6048 6609 6752
9362 6 2 8 6 6048 6609 6752 6049 6610 6753
9363 6 2 8 6 6049 6610 6753 6050 6611 6754
9364 6 2 8 6 6050 6611 6754 6051 6612 6755
9365 6 2 8 6 6051 6612 6755 6052 6613 6756
9366 6 2 8 6 6052 6613 6756 6053 6614 6757
9367 6 2 8 6 6053 6614 6757 6054 6615 6758
9368 6 2 8 6 6054 6615 6758 6055 6616 6759
9369 6 2 8 6 6055 6616 6759 6056 6617 6760
9370 6 2 8 6 6056 6617 6760 6057 6618 6761
9371 6 2 8 6 6057 6618 6761 6058 6619 6762
9372 6 2 8 6 6058 6619 6762 2526 2577 2590
9373 6 2 8 6 1395 184 1442 5652 2093 6169
9374 6 2 8 6 5652 2093 6169 5653 2094 6170
9375 6 2 8 6 5653 2094 6170 5654 2095 6171
9376 6 2 8 6 5654 2095 6171 5655 2096 6172
9377 6 2 8 6 5655 2096 6172 5656 2097 6173
9378 6 2 8 6 5656 2097 6173 5657 2098 6174
9379 6 2 8 6 5657 2098 6174 5658 2099 6175
9380 6 2 8 6 5658 2099 6175 5659 2100 6176
9381 6 2 8 6 5659 2100 6176 5660 2101 6177
9382 6 2 8 6 5660 2101 6177 5661 2102 6178
9383 6 2 8 6 5661 2102 6178 5662 2103 6179
9384 6 2 8 6 5662 2103 6179 2490 386 2537
9385 6 2 8 6 1460 1437 1461 6367 6114 6378
9386 6 2 8 6 6367 6114 6378 6368 6115 6379
9387 6 2 8 6 6368 6115 6379 6369 6116 6380
9388 6 2 8 6 6369 6116 6380 6370 6117 6381
9389 6 2 8 6 6370 6117 6381 6371 6118 6382
9390 6 2 8 6 6371 6118 6382 6372 6119 6383
9391 6 2 8 6 6372 6119 6383 6373 6120 6384
9392 6 2 8 6 6373 6120 6384 6374 6121 6385
9393 6 2 8 6 6374 6121 6385 6375 6122 6386
9394 6 2 8 6 6375 6122 6386 6376 6123 6387
9395 6 2 8 6 6376 6123 6387 6377 6124 6388
9396 6 2 8 6 6377 6124 6388 2555 2532 2556
9397 6 2 8 6 1395 1442 1484 5652 6169 6631
9398 6 2 8 6 5652 6169 6631 5653 6170 6632
9399 6 2 8 6 5653 6170 6632 5654 6171 6633
9400 6 2 8 6 5654 6171 6633 5655 6172 6634
9401 6 2 8 6 5655 6172 6634 5656 6173 6635
9402 6 2 8 6 5656 6173 6635 5657 6174 6636
9403 6 2 8 6 5657 6174 6636 5658 6175 6637
9404 6 2 8 6 5658 6175 6637 5659 6176 6638
9405 6 2 8 6 5659 6176 6638 5660 6177 6639
9406 6 2 8 6 5660 6177 6639 5661 6178 6640
9407 6 2 8 6 5661 6178 6640 5662 6179 6641
9408 6 2 8 6 5662 6179 6641 2490 2537 2579
9409 6 2 8 6 1430 173 1499 6037 1972 6796
9410 6 2 8 6 6037 1972 6796 6038 1973 6797
9411 6 2 8 6 6038 1973 6797 6039 1974 6798
9412 6 2 8 6 6039 1974 6798 6040 1975 6799
9413 6 2 8 6 6040 1975 6799 6041 1976 6800
9414 6 2 8 6 6041 1976 6800 6042 1977 6801
9415 6 2 8 6 6042 1977 6801 6043 1978 6802
9416 6 2 8 6 6043 1978 6802 6044 1979 6803
9417 6 2 8 6 6044 1979 6803 6045 1980 6804
9418 6 2 8 6 6045 1980 6804 6046 1981 6805
9419 6 2 8 6 6046 1981 6805 6047 1982 6806
9420 6 2 8 6 6047 1982 6806 2525 375 2594
9421 6 2 8 6 1423 1420 1441 5960 5927 6158
9422 6 2 8 6 5960 5927 6158 5961 5928 6159
9423 6 2 8 6 5961 5928 6159 5962 5929 6160
9424 6 2 8 6 5962 5929 6160 5963 5930 6161
9425 6 2 8 6 5963 5930 6161 5964 5931 6162
9426 6 2 8 6 5964 5931 6162 5965 5932 6163
9427 6 2 8 6 5965 5932 6163 5966 5933 6164
9428 6 2 8 6 5966 5933 6164 5967 5934 6165
9429 6 2 8 6 5967 5934 6165 5968 5935 6166
9430 6 2 8 6 5968 5935 6166 5969 5936 6167
9431 6 2 8 6 5969 5936 6167 5970 5937 6168
9432 6 2 8 6 5970 5937 6168 2518 2515 2536
9433 6 2 8 6 185 1428 1442 2104 6015 6169
9434 6 2 8 6 2104 6015 6169 2105 6016 6170
9435 6 2 8 6 2105 6016 6170 2106 6017 6171
9436 6 2 8 6 2106 6017 6171 2107 6018 6172
9437 6 2 8 6 2107 6018 6172 2108 6019 6173
9438 6 2 8 6 2108 6019 6173 2109 6020 6174
9439 6 2 8 6 2109 6020 6174 2110 6021 6175
9440 6 2 8 6 2110 6021 6175 2111 6022 6176
9441 6 2 8 6 2111 6022 6176 2112 6023 6177
9442 6 2 8 6 2112 6023 6177 2113 6024 6178
9443 6 2 8 6 2113 6024 6178 2114 6025 6179
9444 6 2 8 6 2114 6025 6179 387 2523 2537
9445 6 2 8 6 1423 1441 1452 5960 6158 6279
9446 6 2 8 6 5960 6158 6279 5961 6159 6280
9447 6 2 8 6 5961 6159 6280 5962 6160 6281
9448 6 2 8 6 5962 6160 6281 5963 6161 6282
9449 6 2 8 6 5963 6161 6282 5964 6162 6283
9450 6 2 8 6 5964 6162 6283 5965 6163 6284
9451 6 2 8 6 5965 6163 6284 5966 6164 6285
9452 6 2 8 6 5966 6164 6285 5967 6165 6286
9453 6 2 8 6 5967 6165 6286 5968 6166 6287
9454 6 2 8 6 5968 6166 6287 5969 6167 6288
9455 6 2 8 6 5969 6167 6288 5970 6168 6289
9456 6 2 8 6 5970 6168 6289 2518 2536 2547
9457 6 2 8 6 185 186 1428 2104 2115 6015
9458 6 2 8 6 2104 2115 6015 2105 2116 6016
9459 6 2 8 6 2105 2116 6016 2106 2117 6017
9460 6 2 8 6 2106 2117 6017 2107 2118 6018
9461 6 2 8 6 2107 2118 6018 2108 2119 6019
9462 6 2 8 6 2108 2119 6019 2109 2120 6020
9463 6 2 8 6 2109 2120 6020 2110 2121 6021
9464 6 2 8 6 2110 2121 6021 2111 2122 6022
9465 6 2 8 6 2111 2122 6022 2112 2123 6023
9466 6 2 8 6 2112 2123 6023 2113 2124 6024
9467 6 2 8 6 2113 2124 6024 2114 2125 6025
9468 6 2 8 6 2114 2125 6025 387 388 2523
9469 6 2 8 6 221 222 1464 2303 2314 6411
9470 6 2 8 6 2303 2314 6411 2304 2315 6412
9471 6 2 8 6 2304 2315 6412 2305 2316 6413
9472 6 2 8 6 2305 2316 6413 2306 2317 6414
9473 6 2 8 6 2306 2317 6414 2307 2318 6415
9474 6 2 8 6 2307 2318 6415 2308 2319 6416
9475 6 2 8 6 2308 2319 6416 2309 2320 6417
9476 6 2 8 6 2309 2320 6417 2310 2321 6418
9477 6 2 8 6 2310 2321 6418 2311 2322 6419
9478 6 2 8 6 2311 2322 6419 2312 2323 6420
9479 6 2 8 6 2312 2323 6420 2313 2324 6421
9480 6 2 8 6 2313 2324 6421 423 424 2559
9481 6 2 8 6 1445 1401 1446 6202 5718 6213
9482 6 2 8 6 6202 5718 6213 6203 5719 6214
9483 6 2 8 6 6203 5719 6214 6204 5720 6215
9484 6 2 8 6 6204 5720 6215 6205 5721 6216
9485 6 2 8 6 6205 5721 6216 6206 5722 6217
9486 6 2 8 6 6206 5722 6217 6207 5723 6218
9487 6 2 8 6 6207 5723 6218 6208 5724 6219
9488 6 2 8 6 6208 5724 6219 6209 5725 6220
9489 6 2 8 6 6209 5725 6220 6210 5726 6221
9490 6 2 8 6 6210 5726 6221 6211 5727 6222
9491 6 2 8 6 6211 5727 6222 6212 5728 6223
9492 6 2 8 6 6212 5728 6223 2540 2496 2541
9493 6 2 8 6 1452 1395 1484 6279 5652 6631
9494 6 2 8 6 6279 5652 6631 6280 5653 6632
9495 6 2 8 6 6280 5653 6632 6281 5654 6633
9496 6 2 8 6 6281 5654 6633 6282 5655 6634
9497 6 2 8 6 6282 5655 6634 6283 5656 6635
9498 6 2 8 6 6283 5656 6635 6284 5657 6636
9499 6 2 8 6 6284 5657 6636 6285 5658 6637
9500 6 2 8 6 6285 5658 6637 6286 5659 6638
9501 6 2 8 6 6286 5659 6638 6287 5660 6639
9502 6 2 8 6 6287 5660 6639 6288 5661 6640
9503 6 2 8 6 6288 5661 6640 6289 5662 6641
9504 6 2 8 6 6289 5662 6641 2547 2490 2579
9505 6 2 8 6 228 229 1410 2380 2391 5817
9506 6 2 8 6 2380 2391 5817 2381 2392 5818
9507 6 2 8 6 2381 2392 5818 2382 2393 5819
9508 6 2 8 6 2382 2393 5819 2383 2394 5820
9509 6 2 8 6 2383 2394 5820 2384 2395 5821
9510 6 2 8 6 2384 2395 5821 2385 2396 5822
9511 6 2 8 6 2385 2396 5822 2386 2397 5823
9512 6 2 8 6 2386 2397 5823 2387 2398 5824
9513 6 2 8 6 2387 2398 5824 2388 2399 5825
9514 6 2 8 6 2388 2399 5825 2389 2400 5826
9515 6 2 8 6 2389 2400 5826 2390 2401 5827
9516 6 2 8 6 2390 2401 5827 430 431 2505
9517 6 2 8 6 1425 1423 1452 5982 5960 6279
9518 6 2 8 6 5982 5960 6279 5983 5961 6280
9519 6 2 8 6 5983 5961 6280 5984 5962 6281
9520 6 2 8 6 5984 5962 6281 5985 5963 6282
9521 6 2 8 6 5985 5963 6282 5986 5964 6283
9522 6 2 8 6 5986 5964 6283 5987 5965 6284
9523 6 2 8 6 5987 5965 6284 5988 5966 6285
9524 6 2 8 6 5988 5966 6285 5989 5967 6286
9525 6 2 8 6 5989 5967 6286 5990 5968 6287
9526 6 2 8 6 5990 5968 6287 5991 5969 6288
9527 6 2 8 6 5991 5969 6288 5992 5970 6289
9528 6 2 8 6 5992 5970 6289 2520 2518 2547
9529 6 2 8 6 223 224 1403 2325 2336 5740
9530 6 2 8 6 2325 2336 5740 2326 2337 5741
9531 6 2 8 6 2326 2337 5741 2327 2338 5742
9532 6 2 8 6 2327 2338 5742 2328 2339 5743
9533 6 2 8 6 2328 2339 5743 2329 2340 5744
9534 6 2 8 6 2329 2340 5744 2330 2341 5745
9535 6 2 8 6 2330 2341 5745 2331 2342 5746
9536 6 2 8 6 2331 2342 5746 2332 2343 5747
9537 6 2 8 6 2332 2343 5747 2333 2344 5748
9538 6 2 8 6 2333 2344 5748 2334 2345 5749
9539 6 2 8 6 2334 2345 5749 2335 2346 5750
9540 6 2 8 6 2335 2346 5750 425 426 2498
9541 6 2 8 6 175 176 1456 1994 2005 6323
9542 6 2 8 6 1994 2005 6323 1995 2006 6324
9543 6 2 8 6 1995 2006 6324 1996 2007 6325
9544 6 2 8 6 1996 2007 6325 1997 2008 6326
9545 6 2 8 6 1997 2008 6326 1998 2009 6327
9546 6 2 8 6 1998 2009 6327 1999 2010 6328
9547 6 2 8 6 1999 2010 6328 2000 2011 6329
9548 6 2 8 6 2000 2011 6329 2001 2012 6330
9549 6 2 8 6 2001 2012 6330 2002 2013 6331
9550 6 2 8 6 2002 2013 6331 2003 2014 6332
9551 6 2 8 6 2003 2014 6332 2004 2015 6333
9552 6 2 8 6 2004 2015 6333 377 378 2551
9553 6 2 8 6 1450 1410 1483 6257 5817 6620
9554 6 2 8 6 6257 5817 6620 6258 5818 6621
9555 6 2 8 6 6258 5818 6621 6259 5819 6622
9556 6 2 8 6 6259 5819 6622 6260 5820 6623
9557 6 2 8 6 6260 5820 6623 6261 5821 6624
9558 6 2 8 6 6261 5821 6624 6262 5822 6625
9559 6 2 8 6 6262 5822 6625 6263 5823 6626
9560 6 2 8 6 6263 5823 6626 6264 5824 6627
9561 6 2 8 6 6264 5824 6627 6265 5825 6628
9562 6 2 8 6 6265 5825 6628 6266 5826 6629
9563 6 2 8 6 6266 5826 6629 6267 5827 6630
9564 6 2 8 6 6267 5827 6630 2545 2505 2578
9565 6 2 8 6 232 231 1429 2424 2413 6026
9566 6 2 8 6 2424 2413 6026 2425 2414 6027
9567 6 2 8 6 2425 2414 6027 2426 2415 6028
9568 6 2 8 6 2426 2415 6028 2427 2416 6029
9569 6 2 8 6 2427 2416 6029 2428 2417 6030
9570 6 2 8 6 2428 2417 6030 2429 2418 6031
9571 6 2 8 6 2429 2418 6031 2430 2419 6032
9572 6 2 8 6 2430 2419 6032 2431 2420 6033
9573 6 2 8 6 2431 2420 6033 2432 2421 6034
9574 6 2 8 6 2432 2421 6034 2433 2422 6035
9575 6 2 8 6 2433 2422 6035 2434 2423 6036
9576 6 2 8 6 2434 2423 6036 434 433 2524
9577 6 2 8 6 1440 1444 1493 6147 6191 6730
9578 6 2 8 6 6147 6191 6730 6148 6192 6731
9579 6 2 8 6 6148 6192 6731 6149 6193 6732
9580 6 2 8 6 6149 6193 6732 6150 6194 6733
9581 6 2 8 6 6150 6194 6733 6151 6195 6734
9582 6 2 8 6 6151 6195 6734 6152 6196 6735
9583 6 2 8 6 6152 6196 6735 6153 6197 6736
9584 6 2 8 6 6153 6197 6736 6154 6198 6737
9585 6 2 8 6 6154 6198 6737 6155 6199 6738
9586 6 2 8 6 6155 6199 6738 6156 6200 6739
9587 6 2 8 6 6156 6200 6739 6157 6201 6740
9588 6 2 8 6 6157 6201 6740 2535 2539 2588
9589 6 2 8 6 1488 1468 1497 6675 6455 6774
9590 6 2 8 6 6675 6455 6774 6676 6456 6775
9591 6 2 8 6 6676 6456 6775 6677 6457 6776
9592 6 2 8 6 6677 6457 6776 6678 6458 6777
9593 6 2 8 6 6678 6458 6777 6679 6459 6778
9594 6 2 8 6 6679 6459 6778 6680 6460 6779
9595 6 2 8 6 6680 6460 6779 6681 6461 6780
9596 6 2 8 6 6681 6461 6780 6682 6462 6781
9597 6 2 8 6 6682 6462 6781 6683 6463 6782
9598 6 2 8 6 6683 6463 6782 6684 6464 6783
9599 6 2 8 6 6684 6464 6783 6685 6465 6784
9600 6 2 8 6 6685 6465 6784 2583 2563 2592
9601 6 2 8 6 1438 1403 1472 6125 5740 6499
9602 6 2 8 6 6125 5740 6499 6126 5741 6500
9603 6 2 8 6 6126 5741 6500 6127 5742 6501
9604 6 2 8 6 6127 5742 6501 6128 5743 6502
9605 6 2 8 6 6128 5743 6502 6129 5744 6503
9606 6 2 8 6 6129 5744 6503 6130 5745 6504
9607 6 2 8 6 6130 5745 6504 6131 5746 6505
9608 6 2 8 6 6131 5746 6505 6132 5747 6506
9609 6 2 8 6 6132 5747 6506 6133 5748 6507
9610 6 2 8 6 6133 5748 6507 6134 5749 6508
9611 6 2 8 6 6134 5749 6508 6135 5750 6509
9612 6 2 8 6 6135 5750 6509 2533 2498 2567
9613 6 2 8 6 174 175 1401 1983 1994 5718
9614 6 2 8 6 1983 1994 5718 1984 1995 5719
9615 6 2 8 6 1984 1995 5719 1985 1996 5720
9616 6 2 8 6 1985 1996 5720 1986 1997 5721
9617 6 2 8 6 1986 1997 5721 1987 1998 5722
9618 6 2 8 6 1987 1998 5722 1988 1999 5723
9619 6 2 8 6 1988 1999 5723 1989 2000 5724
9620 6 2 8 6 1989 2000 5724 1990 2001 5725
9621 6 2 8 6 1990 2001 5725 1991 2002 5726
9622 6 2 8 6 1991 2002 5726 1992 2003 5727
9623 6 2 8 6 1992 2003 5727 1993 2004 5728
9624 6 2 8 6 1993 2004 5728 376 377 2496
9625 6 2 8 6 1442 1428 1443 6169 6015 6180
9626 6 2 8 6 6169 6015 6180 6170 6016 6181
9627 6 2 8 6 6170 6016 6181 6171 6017 6182
9628 6 2 8 6 6171 6017 6182 6172 6018 6183
9629 6 2 8 6 6172 6018 6183 6173 6019 6184
9630 6 2 8 6 6173 6019 6184 6174 6020 6185
9631 6 2 8 6 6174 6020 6185 6175 6021 6186
9632 6 2 8 6 6175 6021 6186 6176 6022 6187
9633 6 2 8 6 6176 6022 6187 6177 6023 6188
9634 6 2 8 6 6177 6023 6188 6178 6024 6189
9635 6 2 8 6 6178 6024 6189 6179 6025 6190
9636 6 2 8 6 6179 6025 6190 2537 2523 2538
9637 6 2 8 6 1400 1464 1477 5707 6411 6554
9638 6 2 8 6 5707 6411 6554 5708 6412 6555
9639 6 2 8 6 5708 6412 6555 5709 6413 6556
9640 6 2 8 6 5709 6413 6556 5710 6414 6557
9641 6 2 8 6 5710 6414 6557 5711 6415 6558
9642 6 2 8 6 5711 6415 6558 5712 6416 6559
9643 6 2 8 6 5712 6416 6559 5713 6417 6560
9644 6 2 8 6 5713 6417 6560 5714 6418 6561
9645 6 2 8 6 5714 6418 6561 5715 6419 6562
9646 6 2 8 6 5715 6419 6562 5716 6420 6563
9647 6 2 8 6 5716 6420 6563 5717 6421 6564
9648 6 2 8 6 5717 6421 6564 2495 2559 2572
9649 6 2 8 6 1432 1471 1475 6059 6488 6532
9650 6 2 8 6 6059 6488 6532 6060 6489 6533
9651 6 2 8 6 6060 6489 6533 6061 6490 6534
9652 6 2 8 6 6061 6490 6534 6062 6491 6535
9653 6 2 8 6 6062 6491 6535 6063 6492 6536
9654 6 2 8 6 6063 6492 6536 6064 6493 6537
9655 6 2 8 6 6064 6493 6537 6065 6494 6538
9656 6 2 8 6 6065 6494 6538 6066 6495 6539
9657 6 2 8 6 6066 6495 6539 6067 6496 6540
9658 6 2 8 6 6067 6496 6540 6068 6497 6541
9659 6 2 8 6 6068 6497 6541 6069 6498 6542
9660 6 2 8 6 6069 6498 6542 2527 2566 2570
9661 6 2 8 6 1471 1432 1495 6488 6059 6752
9662 6 2 8 6 6488 6059 6752 6489 6060 6753
9663 6 2 8 6 6489 6060 6753 6490 6061 6754
9664 6 2 8 6 6490 6061 6754 6491 6062 6755
9665 6 2 8 6 6491 6062 6755 6492 6063 6756
9666 6 2 8 6 6492 6063 6756 6493 6064 6757
9667 6 2 8 6 6493 6064 6757 6494 6065 6758
9668 6 2 8 6 6494 6065 6758 6495 6066 6759
9669 6 2 8 6 6495 6066 6759 6496 6067 6760
9670 6 2 8 6 6496 6067 6760 6497 6068 6761
9671 6 2 8 6 6497 6068 6761 6498 6069 6762
9672 6 2 8 6 6498 6069 6762 2566 2527 2590
9673 6 2 8 6 176 1402 1456 2005 5729 6323
9674 6 2 8 6 2005 5729 6323 2006 5730 6324
9675 6 2 8 6 2006 5730 6324 2007 5731 6325
9676 6 2 8 6 2007 5731 6325 2008 5732 6326
9677 6 2 8 6 2008 5732 6326 2009 5733 6327
9678 6 2 8 6 2009 5733 6327 2010 5734 6328
9679 6 2 8 6 2010 5734 6328 2011 5735 6329
9680 6 2 8 6 2011 5735 6329 2012 5736 6330
9681 6 2 8 6 2012 5736 6330 2013 5737 6331
9682 6 2 8 6 2013 5737 6331 2014 5738 6332
9683 6 2 8 6 2014 5738 6332 2015 5739 6333
9684 6 2 8 6 2015 5739 6333 378 2497 2551
9685 6 2 8 6 234 233 1397 2446 2435 5674
9686 6 2 8 6 2446 2435 5674 2447 2436 5675
9687 6 2 8 6 2447 2436 5675 2448 2437 5676
9688 6 2 8 6 2448 2437 5676 2449 2438 5677
9689 6 2 8 6 2449 2438 5677 2450 2439 5678
9690 6 2 8 6 2450 2439 5678 2451 2440 5679
9691 6 2 8 6 2451 2440 5679 2452 2441 5680
9692 6 2 8 6 2452 2441 5680 2453 2442 5681
9693 6 2 8 6 2453 2442 5681 2454 2443 5682
9694 6 2 8 6 2454 2443 5682 2455 2444 5683
9695 6 2 8 6 2455 2444 5683 2456 2445 5684
9696 6 2 8 6 2456 2445 5684 436 435 2492
9697 6 2 8 6 1397 1453 1467 5674 6290 6444
9698 6 2 8 6 5674 6290 6444 5675 6291 6445
9699 6 2 8 6 5675 6291 6445 5676 6292 6446
9700 6 2 8 6 5676 6292 6446 5677 6293 6447
9701 6 2 8 6 5677 6293 6447 5678 6294 6448
9702 6 2 8 6 5678 6294 6448 5679 6295 6449
9703 6 2 8 6 5679 6295 6449 5680 6296 6450
9704 6 2 8 6 5680 6296 6450 5681 6297 6451
9705 6 2 8 6 5681 6297 6451 5682 6298 6452
9706 6 2 8 6 5682 6298 6452 5683 6299 6453
9707 6 2 8 6 5683 6299 6453 5684 6300 6454
9708 6 2 8 6 5684 6300 6454 2492 2548 2562
9709 6 2 8 6 1466 1443 1487 6433 6180 6664
9710 6 2 8 6 6433 6180 6664 6434 6181 6665
9711 6 2 8 6 6434 6181 6665 6435 6182 6666
9712 6 2 8 6 6435 6182 6666 6436 6183 6667
9713 6 2 8 6 6436 6183 6667 6437 6184 6668
9714 6 2 8 6 6437 6184 6668 6438 6185 6669
9715 6 2 8 6 6438 6185 6669 6439 6186 6670
9716 6 2 8 6 6439 6186 6670 6440 6187 6671
9717 6 2 8 6 6440 6187 6671 6441 6188 6672
9718 6 2 8 6 6441 6188 6672 6442 6189 6673
9719 6 2 8 6 6442 6189 6673 6443 6190 6674
9720 6 2 8 6 6443 6190 6674 2561 2538 2582
9721 6 2 8 6 220 221 1400 2292 2303 5707
9722 6 2 8 6 2292 2303 5707 2293 2304 5708
9723 6 2 8 6 2293 2304 5708 2294 2305 5709
9724 6 2 8 6 2294 2305 5709 2295 2306 5710
9725 6 2 8 6 2295 2306 5710 2296 2307 5711
9726 6 2 8 6 2296 2307 5711 2297 2308 5712
9727 6 2 8 6 2297 2308 5712 2298 2309 5713
9728 6 2 8 6 2298 2309 5713 2299 2310 5714
9729 6 2 8 6 2299 2310 5714 2300 2311 5715
9730 6 2 8 6 2300 2311 5715 2301 2312 5716
9731 6 2 8 6 2301 2312 5716 2302 2313 5717
9732 6 2 8 6 2302 2313 5717 422 423 2495
9733 6 2 8 6 1419 1439 1440 5916 6136 6147
9734 6 2 8 6 5916 6136 6147 5917 6137 6148
9735 6 2 8 6 5917 6137 6148 5918 6138 6149
9736 6 2 8 6 5918 6138 6149 5919 6139 6150
9737 6 2 8 6 5919 6139 6150 5920 6140 6151
9738 6 2 8 6 5920 6140 6151 5921 6141 6152
9739 6 2 8 6 5921 6141 6152 5922 6142 6153
9740 6 2 8 6 5922 6142 6153 5923 6143 6154
9741 6 2 8 6 5923 6143 6154 5924 6144 6155
9742 6 2 8 6 5924 6144 6155 5925 6145 6156
9743 6 2 8 6 5925 6145 6156 5926 6146 6157
9744 6 2 8 6 5926 6146 6157 2514 2534 2535
9745 6 2 8 6 1443 1425 1484 6180 5982 6631
9746 6 2 8 6 6180 5982 6631 6181 5983 6632
9747 6 2 8 6 6181 5983 6632 6182 5984 6633
9748 6 2 8 6 6182 5984 6633 6183 5985 6634
9749 6 2 8 6 6183 5985 6634 6184 5986 6635
9750 6 2 8 6 6184 5986 6635 6185 5987 6636
9751 6 2 8 6 6185 5987 6636 6186 5988 6637
9752 6 2 8 6 6186 5988 6637 6187 5989 6638
9753 6 2 8 6 6187 5989 6638 6188 5990 6639
9754 6 2 8 6 6188 5990 6639 6189 5991 6640
9755 6 2 8 6 6189 5991 6640 6190 5992 6641
9756 6 2 8 6 6190 5992 6641 2538 2520 2579
9757 6 2 8 6 1424 1423 1425 5971 5960 5982
9758 6 2 8 6 5971 5960 5982 5972 5961 5983
9759 6 2 8 6 5972 5961 5983 5973 5962 5984
9760 6 2 8 6 5973 5962 5984 5974 5963 5985
9761 6 2 8 6 5974 5963 5985 5975 5964 5986
9762 6 2 8 6 5975 5964 5986 5976 5965 5987
9763 6 2 8 6 5976 5965 5987 5977 5966 5988
9764 6 2 8 6 5977 5966 5988 5978 5967 5989
9765 6 2 8 6 5978 5967 5989 5979 5968 5990
9766 6 2 8 6 5979 5968 5990 5980 5969 5991
9767 6 2 8 6 5980 5969 5991 5981 5970 5992
9768 6 2 8 6 5981 5970 5992 2519 2518 2520
9769 6 2 8 6 217 218 1405 2259 2270 5762
9770 6 2 8 6 2259 2270 5762 2260 2271 5763
9771 6 2 8 6 2260 2271 5763 2261 2272 5764
9772 6 2 8 6 2261 2272 5764 2262 2273 5765
9773 6 2 8 6 2262 2273 5765 2263 2274 5766
9774 6 2 8 6 2263 2274 5766 2264 2275 5767
9775 6 2 8 6 2264 2275 5767 2265 2276 5768
9776 6 2 8 6 2265 2276 5768 2266 2277 5769
9777 6 2 8 6 2266 2277 5769 2267 2278 5770
9778 6 2 8 6 2267 2278 5770 2268 2279 5771
9779 6 2 8 6 2268 2279 5771 2269 2280 5772
9780 6 2 8 6 2269 2280 5772 419 420 2500
9781 6 2 8 6 1424 1425 1458 5971 5982 6345
9782 6 2 8 6 5971 5982 6345 5972 5983 6346
9783 6 2 8 6 5972 5983 6346 5973 5984 6347
9784 6 2 8 6 5973 5984 6347 5974 5985 6348
9785 6 2 8 6 5974 5985 6348 5975 5986 6349
9786 6 2 8 6 5975 5986 6349 5976 5987 6350
9787 6 2 8 6 5976 5987 6350 5977 5988 6351
9788 6 2 8 6 5977 5988 6351 5978 5989 6352
9789 6 2 8 6 5978 5989 6352 5979 5990 6353
9790 6 2 8 6 5979 5990 6353 5980 5991 6354
9791 6 2 8 6 5980 5991 6354 5981 5992 6355
9792 6 2 8 6 5981 5992 6355 2519 2520 2553
9793 6 2 8 6 1419 1416 1439 5916 5883 6136
9794 6 2 8 6 5916 5883 6136 5917 5884 6137
9795 6 2 8 6 5917 5884 6137 5918 5885 6138
9796 6 2 8 6 5918 5885 6138 5919 5886 6139
9797 6 2 8 6 5919 5886 6139 5920 5887 6140
9798 6 2 8 6 5920 5887 6140 5921 5888 6141
9799 6 2 8 6 5921 5888 6141 5922 5889 6142
9800 6 2 8 6 5922 5889 6142 5923 5890 6143
9801 6 2 8 6 5923 5890 6143 5924 5891 6144
9802 6 2 8 6 5924 5891 6144 5925 5892 6145
9803 6 2 8 6 5925 5892 6145 5926 5893 6146
9804 6 2 8 6 5926 5893 6146 2514 2511 2534
9805 6 2 8 6 1412 1436 1437 5839 6103 6114
9806 6 2 8 6 5839 6103 6114 5840 6104 6115
9807 6 2 8 6 5840 6104 6115 5841 6105 6116
9808 6 2 8 6 5841 6105 6116 5842 6106 6117
9809 6 2 8 6 5842 6106 6117 5843 6107 6118
9810 6 2 8 6 5843 6107 6118 5844 6108 6119
9811 6 2 8 6 5844 6108 6119 5845 6109 6120
9812 6 2 8 6 5845 6109 6120 5846 6110 6121
9813 6 2 8 6 5846 6110 6121 5847 6111 6122
9814 6 2 8 6 5847 6111 6122 5848 6112 6123
9815 6 2 8 6 5848 6112 6123 5849 6113 6124
9816 6 2 8 6 5849 6113 6124 2507 2531 2532
9817 6 2 8 6 1403 1438 1489 5740 6125 6686
9818 6 2 8 6 5740 6125 6686 5741 6126 6687
9819 6 2 8 6 5741 6126 6687 5742 6127 6688
9820 6 2 8 6 5742 6127 6688 5743 6128 6689
9821 6 2 8 6 5743 6128 6689 5744 6129 6690
9822 6 2 8 6 5744 6129 6690 5745 6130 6691
9823 6 2 8 6 5745 6130 6691 5746 6131 6692
9824 6 2 8 6 5746 6131 6692 5747 6132 6693
9825 6 2 8 6 5747 6132 6693 5748 6133 6694
9826 6 2 8 6 5748 6133 6694 5749 6134 6695
9827 6 2 8 6 5749 6134 6695 5750 6135 6696
9828 6 2 8 6 5750 6135 6696 2498 2533 2584
9829 6 2 8 6 1420 1419 1441 5927 5916 6158
9830 6 2 8 6 5927 5916 6158 5928 5917 6159
9831 6 2 8 6 5928 5917 6159 5929 5918 6160
9832 6 2 8 6 5929 5918 6160 5930 5919 6161
9833 6 2 8 6 5930 5919 6161 5931 5920 6162
9834 6 2 8 6 5931 5920 6162 5932 5921 6163
9835 6 2 8 6 5932 5921 6163 5933 5922 6164
9836 6 2 8 6 5933 5922 6164 5934 5923 6165
9837 6 2 8 6 5934 5923 6165 5935 5924 6166
9838 6 2 8 6 5935 5924 6166 5936 5925 6167
9839 6 2 8 6 5936 5925 6167 5937 5926 6168
9840 6 2 8 6 5937 5926 6168 2515 2514 2536
9841 6 2 8 6 1441 1440 1493 6158 6147 6730
9842 6 2 8 6 6158 6147 6730 6159 6148 6731
9843 6 2 8 6 6159 6148 6731 6160 6149 6732
9844 6 2 8 6 6160 6149 6732 6161 6150 6733
9845 6 2 8 6 6161 6150 6733 6162 6151 6734
9846 6 2 8 6 6162 6151 6734 6163 6152 6735
9847 6 2 8 6 6163 6152 6735 6164 6153 6736
9848 6 2 8 6 6164 6153 6736 6165 6154 6737
9849 6 2 8 6 6165 6154 6737 6166 6155 6738
9850 6 2 8 6 6166 6155 6738 6167 6156 6739
9851 6 2 8 6 6167 6156 6739 6168 6157 6740
9852 6 2 8 6 6168 6157 6740 2536 2535 2588
9853 6 2 8 6 234 1397 1459 2446 5674 6356
9854 6 2 8 6 2446 5674 6356 2447 5675 6357
9855 6 2 8 6 2447 5675 6357 2448 5676 6358
9856 6 2 8 6 2448 5676 6358 2449 5677 6359
9857 6 2 8 6 2449 5677 6359 2450 5678 6360
9858 6 2 8 6 2450 5678 6360 2451 5679 6361
9859 6 2 8 6 2451 5679 6361 2452 5680 6362
9860 6 2 8 6 2452 5680 6362 2453 5681 6363
9861 6 2 8 6 2453 5681 6363 2454 5682 6364
9862 6 2 8 6 2454 5682 6364 2455 5683 6365
9863 6 2 8 6 2455 5683 6365 2456 5684 6366
9864 6 2 8 6 2456 5684 6366 436 2492 2554
9865 6 2 8 6 1401 175 1456 5718 1994 6323
9866 6 2 8 6 5718 1994 6323 5719 1995 6324
9867 6 2 8 6 5719 1995 6324 5720 1996 6325
9868 6 2 8 6 5720 1996 6325 5721 1997 6326
9869 6 2 8 6 5721 1997 6326 5722 1998 6327
9870 6 2 8 6 5722 1998 6327 5723 1999 6328
9871 6 2 8 6 5723 1999 6328 5724 2000 6329
9872 6 2 8 6 5724 2000 6329 5725 2001 6330
9873 6 2 8 6 5725 2001 6330 5726 2002 6331
9874 6 2 8 6 5726 2002 6331 5727 2003 6332
9875 6 2 8 6 5727 2003 6332 5728 2004 6333
9876 6 2 8 6 5728 2004 6333 2496 377 2551
9877 6 2 8 6 1418 1416 1419 5905 5883 5916
9878 6 2 8 6 5905 5883 5916 5906 5884 5917
9879 6 2 8 6 5906 5884 5917 5907 5885 5918
9880 6 2 8 6 5907 5885 5918 5908 5886 5919
9881 6 2 8 6 5908 5886 5919 5909 5887 5920
9882 6 2 8 6 5909 5887 5920 5910 5888 5921
9883 6 2 8 6 5910 5888 5921 5911 5889 5922
9884 6 2 8 6 5911 5889 5922 5912 5890 5923
9885 6 2 8 6 5912 5890 5923 5913 5891 5924
9886 6 2 8 6 5913 5891 5924 5914 5892 5925
9887 6 2 8 6 5914 5892 5925 5915 5893 5926
9888 6 2 8 6 5915 5893 5926 2513 2511 2514
9889 6 2 8 6 183 184 1395 2082 2093 5652
9890 6 2 8 6 2082 2093 5652 2083 2094 5653
9891 6 2 8 6 2083 2094 5653 2084 2095 5654
9892 6 2 8 6 2084 2095 5654 2085 2096 5655
9893 6 2 8 6 2085 2096 5655 2086 2097 5656
9894 6 2 8 6 2086 2097 5656 2087 2098 5657
9895 6 2 8 6 2087 2098 5657 2088 2099 5658
9896 6 2 8 6 2088 2099 5658 2089 2100 5659
9897 6 2 8 6 2089 2100 5659 2090 2101 5660
9898 6 2 8 6 2090 2101 5660 2091 2102 5661
9899 6 2 8 6 2091 2102 5661 2092 2103 5662
9900 6 2 8 6 2092 2103 5662 385 386 2490
9901 6 2 8 6 233 232 1453 2435 2424 6290
9902 6 2 8 6 2435 2424 6290 2436 2425 6291
9903 6 2 8 6 2436 2425 6291 2437 2426 6292
9904 6 2 8 6 2437 2426 6292 2438 2427 6293
9905 6 2 8 6 2438 2427 6293 2439 2428 6294
9906 6 2 8 6 2439 2428 6294 2440 2429 6295
9907 6 2 8 6 2440 2429 6295 2441 2430 6296
9908 6 2 8 6 2441 2430 6296 2442 2431 6297
9909 6 2 8 6 2442 2431 6297 2443 2432 6298
9910 6 2 8 6 2443 2432 6298 2444 2433 6299
9911 6 2 8 6 2444 2433 6299 2445 2434 6300
9912 6 2 8 6 2445 2434 6300 435 434 2548
9913 6 2 8 6 1422 1420 1423 5949 5927 5960
9914 6 2 8 6 5949 5927 5960 5950 5928 5961
9915 6 2 8 6 5950 5928 5961 5951 5929 5962
9916 6 2 8 6 5951 5929 5962 5952 5930 5963
9917 6 2 8 6 5952 5930 5963 5953 5931 5964
9918 6 2 8 6 5953 5931 5964 5954 5932 5965
9919 6 2 8 6 5954 5932 5965 5955 5933 5966
9920 6 2 8 6 5955 5933 5966 5956 5934 5967
9921 6 2 8 6 5956 5934 5967 5957 5935 5968
9922 6 2 8 6 5957 5935 5968 5958 5936 5969
9923 6 2 8 6 5958 5936 5969 5959 5937 5970
9924 6 2 8 6 5959 5937 5970 2517 2515 2518
9925 6 2 8 6 231 17 1492 2413 407 6719
9926 6 2 8 6 2413 407 6719 2414 408 6720
9927 6 2 8 6 2414 408 6720 2415 409 6721
9928 6 2 8 6 2415 409 6721 2416 410 6722
9929 6 2 8 6 2416 410 6722 2417 411 6723
9930 6 2 8 6 2417 411 6723 2418 412 6724
9931 6 2 8 6 2418 412 6724 2419 413 6725
9932 6 2 8 6 2419 413 6725 2420 414 6726
9933 6 2 8 6 2420 414 6726 2421 415 6727
9934 6 2 8 6 2421 415 6727 2422 416 6728
9935 6 2 8 6 2422 416 6728 2423 417 6729
9936 6 2 8 6 2423 417 6729 433 28 2587
9937 6 2 8 6 1425 1443 1485 5982 6180 6642
9938 6 2 8 6 5982 6180 6642 5983 6181 6643
9939 6 2 8 6 5983 6181 6643 5984 6182 6644
9940 6 2 8 6 5984 6182 6644 5985 6183 6645
9941 6 2 8 6 5985 6183 6645 5986 6184 6646
9942 6 2 8 6 5986 6184 6646 5987 6185 6647
9943 6 2 8 6 5987 6185 6647 5988 6186 6648
9944 6 2 8 6 5988 6186 6648 5989 6187 6649
9945 6 2 8 6 5989 6187 6649 5990 6188 6650
9946 6 2 8 6 5990 6188 6650 5991 6189 6651
9947 6 2 8 6 5991 6189 6651 5992 6190 6652
9948 6 2 8 6 5992 6190 6652 2520 2538 2580
9949 6 2 8 6 182 183 1444 2071 2082 6191
9950 6 2 8 6 2071 2082 6191 2072 2083 6192
9951 6 2 8 6 2072 2083 6192 2073 2084 6193
9952 6 2 8 6 2073 2084 6193 2074 2085 6194
9953 6 2 8 6 2074 2085 6194 2075 2086 6195
9954 6 2 8 6 2075 2086 6195 2076 2087 6196
9955 6 2 8 6 2076 2087 6196 2077 2088 6197
9956 6 2 8 6 2077 2088 6197 2078 2089 6198
9957 6 2 8 6 2078 2089 6198 2079 2090 6199
9958 6 2 8 6 2079 2090 6199 2080 2091 6200
9959 6 2 8 6 2080 2091 6200 2081 2092 6201
9960 6 2 8 6 2081 2092 6201 384 385 2539
9961 6 2 8 6 1416 1414 1439 5883 5861 6136
9962 6 2 8 6 5883 5861 6136 5884 5862 6137
9963 6 2 8 6 5884 5862 6137 5885 5863 6138
9964 6 2 8 6 5885 5863 6138 5886 5864 6139
9965 6 2 8 6 5886 5864 6139 5887 5865 6140
9966 6 2 8 6 5887 5865 6140 5888 5866 6141
9967 6 2 8 6 5888 5866 6141 5889 5867 6142
9968 6 2 8 6 5889 5867 6142 5890 5868 6143
9969 6 2 8 6 5890 5868 6143 5891 5869 6144
9970 6 2 8 6 5891 5869 6144 5892 5870 6145
9971 6 2 8 6 5892 5870 6145 5893 5871 6146
9972 6 2 8 6 5893 5871 6146 2511 2509 2534
9973 6 2 8 6 1432 1431 1495 6059 6048 6752
9974 6 2 8 6 6059 6048 6752 6060 6049 6753
9975 6 2 8 6 6060 6049 6753 6061 6050 6754
9976 6 2 8 6 6061 6050 6754 6062 6051 6755
9977 6 2 8 6 6062 6051 6755 6063 6052 6756
9978 6 2 8 6 6063 6052 6756 6064 6053 6757
9979 6 2 8 6 6064 6053 6757 6065 6054 6758
9980 6 2 8 6 6065 6054 6758 6066 6055 6759
9981 6 2 8 6 6066 6055 6759 6067 6056 6760
9982 6 2 8 6 6067 6056 6760 6068 6057 6761
9983 6 2 8 6 6068 6057 6761 6069 6058 6762
9984 6 2 8 6 6069 6058 6762 2527 2526 2590
9985 6 2 8 6 1427 1424 1458 6004 5971 6345
9986 6 2 8 6 6004 5971 6345 6005 5972 6346
9987 6 2 8 6 6005 5972 6346 6006 5973 6347
9988 6 2 8 6 6006 5973 6347 6007 5974 6348
9989 6 2 8 6 6007 5974 6348 6008 5975 6349
9990 6 2 8 6 6008 5975 6349 6009 5976 6350
9991 6 2 8 6 6009 5976 6350 6010 5977 6351
9992 6 2 8 6 6010 5977 6351 6011 5978 6352
9993 6 2 8 6 6011 5978 6352 6012 5979 6353
9994 6 2 8 6 6012 5979 6353 6013 5980 6354
9995 6 2 8 6 6013 5980 6354 6014 5981 6355
9996 6 2 8 6 6014 5981 6355 2522 2519 2553
9997 6 2 8 6 1443 1428 1487 6180 6015 6664
9998 6 2 8 6 6180 6015 6664 6181 6016 6665
9999 6 2 8 6 6181 6016 6665 6182 6017 6666
10000 6 2 8 6 6182 6017 6666 6183 6018 6667
10001 6 2 8 6 6183 6018 6667 6184 6019 6668
10002 6 2 8 6 6184 6019 6668 6185 6020 6669
10003 6 2 8 6 6185 6020 6669 6186 6021 6670
10004 6 2 8 6 6186 6021 6670 6187 6022 6671
10005 6 2 8 6 6187 6022 6671 6188 6023 6672
10006 6 2 8 6 6188 6023 6672 6189 6024 6673
10007 6 2 8 6 6189 6024 6673 6190 6025 6674
10008 6 2 8 6 6190 6025 6674 2538 2523 2582
10009 6 2 8 6 1422 1423 1424 5949 5960 5971
10010 6 2 8 6 5949 5960 5971 5950 5961 5972
10011 6 2 8 6 5950 5961 5972 5951 5962 5973
10012 6 2 8 6 5951 5962 5973 5952 5963 5974
10013 6 2 8 6 5952 5963 5974 5953 5964 5975
10014 6 2 8 6 5953 5964 5975 5954 5965 5976
10015 6 2 8 6 5954 5965 5976 5955 5966 5977
10016 6 2 8 6 5955 5966 5977 5956 5967 5978
10017 6 2 8 6 5956 5967 5978 5957 5968 5979
10018 6 2 8 6 5957 5968 5979 5958 5969 5980
10019 6 2 8 6 5958 5969 5980 5959 5970 5981
10020 6 2 8 6 5959 5970 5981 2517 2518 2519
10021 6 2 8 6 1444 1440 1479 6191 6147 6576
10022 6 2 8 6 6191 6147 6576 6192 6148 6577
10023 6 2 8 6 6192 6148 6577 6193 6149 6578
10024 6 2 8 6 6193 6149 6578 6194 6150 6579
10025 6 2 8 6 6194 6150 6579 6195 6151 6580
10026 6 2 8 6 6195 6151 6580 6196 6152 6581
10027 6 2 8 6 6196 6152 6581 6197 6153 6582
10028 6 2 8 6 6197 6153 6582 6198 6154 6583
10029 6 2 8 6 6198 6154 6583 6199 6155 6584
10030 6 2 8 6 6199 6155 6584 6200 6156 6585
10031 6 2 8 6 6200 6156 6585 6201 6157 6586
10032 6 2 8 6 6201 6157 6586 2539 2535 2574
10033 6 2 8 6 1418 1419 1420 5905 5916 5927
10034 6 2 8 6 5905 5916 5927 5906 5917 5928
10035 6 2 8 6 5906 5917 5928 5907 5918 5929
10036 6 2 8 6 5907 5918 5929 5908 5919 5930
10037 6 2 8 6 5908 5919 5930 5909 5920 5931
10038 6 2 8 6 5909 5920 5931 5910 5921 5932
10039 6 2 8 6 5910 5921 5932 5911 5922 5933
10040 6 2 8 6 5911 5922 5933 5912 5923 5934
10041 6 2 8 6 5912 5923 5934 5913 5924 5935
10042 6 2 8 6 5913 5924 5935 5914 5925 5936
10043 6 2 8 6 5914 5925 5936 5915 5926 5937
10044 6 2 8 6 5915 5926 5937 2513 2514 2515
10045 6 2 8 6 230 1481 1483 2402 6598 6620
10046 6 2 8 6 2402 6598 6620 2403 6599 6621
10047 6 2 8 6 2403 6599 6621 2404 6600 6622
10048 6 2 8 6 2404 6600 6622 2405 6601 6623
10049 6 2 8 6 2405 6601 6623 2406 6602 6624
10050 6 2 8 6 2406 6602 6624 2407 6603 6625
10051 6 2 8 6 2407 6603 6625 2408 6604 6626
10052 6 2 8 6 2408 6604 6626 2409 6605 6627
10053 6 2 8 6 2409 6605 6627 2410 6606 6628
10054 6 2 8 6 2410 6606 6628 2411 6607 6629
10055 6 2 8 6 2411 6607 6629 2412 6608 6630
10056 6 2 8 6 2412 6608 6630 432 2576 2578
10057 6 2 8 6 180 181 1396 2049 2060 5663
10058 6 2 8 6 2049 2060 5663 2050 2061 5664
10059 6 2 8 6 2050 2061 5664 2051 2062 5665
10060 6 2 8 6 2051 2062 5665 2052 2063 5666
10061 6 2 8 6 2052 2063 5666 2053 2064 5667
10062 6 2 8 6 2053 2064 5667 2054 2065 5668
10063 6 2 8 6 2054 2065 5668 2055 2066 5669
10064 6 2 8 6 2055 2066 5669 2056 2067 5670
10065 6 2 8 6 2056 2067 5670 2057 2068 5671
10066 6 2 8 6 2057 2068 5671 2058 2069 5672
10067 6 2 8 6 2058 2069 5672 2059 2070 5673
10068 6 2 8 6 2059 2070 5673 382 383 2491
10069 6 2 8 6 1396 1439 1494 5663 6136 6741
10070 6 2 8 6 5663 6136 6741 5664 6137 6742
10071 6 2 8 6 5664 6137 6742 5665 6138 6743
10072 6 2 8 6 5665 6138 6743 5666 6139 6744
10073 6 2 8 6 5666 6139 6744 5667 6140 6745
10074 6 2 8 6 5667 6140 6745 5668 6141 6746
10075 6 2 8 6 5668 6141 6746 5669 6142 6747
10076 6 2 8 6 5669 6142 6747 5670 6143 6748
10077 6 2 8 6 5670 6143 6748 5671 6144 6749
10078 6 2 8 6 5671 6144 6749 5672 6145 6750
10079 6 2 8 6 5672 6145 6750 5673 6146 6751
10080 6 2 8 6 5673 6146 6751 2491 2534 2589
10081 6 2 8 6 223 1403 1500 2325 5740 6807
10082 6 2 8 6 2325 5740 6807 2326 5741 6808
10083 6 2 8 6 2326 5741 6808 2327 5742 6809
10084 6 2 8 6 2327 5742 6809 2328 5743 6810
10085 6 2 8 6 2328 5743 6810 2329 5744 6811
10086 6 2 8 6 2329 5744 6811 2330 5745 6812
10087 6 2 8 6 2330 5745 6812 2331 5746 6813
10088 6 2 8 6 2331 5746 6813 2332 5747 6814
10089 6 2 8 6 2332 5747 6814 2333 5748 6815
10090 6 2 8 6 2333 5748 6815 2334 5749 6816
10091 6 2 8 6 2334 5749 6816 2335 5750 6817
10092 6 2 8 6 2335 5750 6817 425 2498 2595
10093 6 2 8 6 237 236 1454 2479 2468 6301
10094 6 2 8 6 2479 2468 6301 2480 2469 6302
10095 6 2 8 6 2480 2469 6302 2481 2470 6303
10096 6 2 8 6 2481 2470 6303 2482 2471 6304
10097 6 2 8 6 2482 2471 6304 2483 2472 6305
10098 6 2 8 6 2483 2472 6305 2484 2473 6306
10099 6 2 8 6 2484 2473 6306 2485 2474 6307
10100 6 2 8 6 2485 2474 6307 2486 2475 6308
10101 6 2 8 6 2486 2475 6308 2487 2476 6309
10102 6 2 8 6 2487 2476 6309 2488 2477 6310
10103 6 2 8 6 2488 2477 6310 2489 2478 6311
10104 6 2 8 6 2489 2478 6311 439 438 2549
10105 6 2 8 6 1426 1424 1427 5993 5971 6004
10106 6 2 8 6 5993 5971 6004 5994 5972 6005
10107 6 2 8 6 5994 5972 6005 5995 5973 6006
10108 6 2 8 6 5995 5973 6006 5996 5974 6007
10109 6 2 8 6 5996 5974 6007 5997 5975 6008
10110 6 2 8 6 5997 5975 6008 5998 5976 6009
10111 6 2 8 6 5998 5976 6009 5999 5977 6010
10112 6 2 8 6 5999 5977 6010 6000 5978 6011
10113 6 2 8 6 6000 5978 6011 6001 5979 6012
10114 6 2 8 6 6001 5979 6012 6002 5980 6013
10115 6 2 8 6 6002 5980 6013 6003 5981 6014
10116 6 2 8 6 6003 5981 6014 2521 2519 2522
10117 6 2 8 6 236 235 1404 2468 2457 5751
10118 6 2 8 6 2468 2457 5751 2469 2458 5752
10119 6 2 8 6 2469 2458 5752 2470 2459 5753
10120 6 2 8 6 2470 2459 5753 2471 2460 5754
10121 6 2 8 6 2471 2460 5754 2472 2461 5755
10122 6 2 8 6 2472 2461 5755 2473 2462 5756
10123 6 2 8 6 2473 2462 5756 2474 2463 5757
10124 6 2 8 6 2474 2463 5757 2475 2464 5758
10125 6 2 8 6 2475 2464 5758 2476 2465 5759
10126 6 2 8 6 2476 2465 5759 2477 2466 5760
10127 6 2 8 6 2477 2466 5760 2478 2467 5761
10128 6 2 8 6 2478 2467 5761 438 437 2499
10129 6 2 8 6 1446 1448 1449 6213 6235 6246
10130 6 2 8 6 6213 6235 6246 6214 6236 6247
10131 6 2 8 6 6214 6236 6247 6215 6237 6248
10132 6 2 8 6 6215 6237 6248 6216 6238 6249
10133 6 2 8 6 6216 6238 6249 6217 6239 6250
10134 6 2 8 6 6217 6239 6250 6218 6240 6251
10135 6 2 8 6 6218 6240 6251 6219 6241 6252
10136 6 2 8 6 6219 6241 6252 6220 6242 6253
10137 6 2 8 6 6220 6242 6253 6221 6243 6254
10138 6 2 8 6 6221 6243 6254 6222 6244 6255
10139 6 2 8 6 6222 6244 6255 6223 6245 6256
10140 6 2 8 6 6223 6245 6256 2541 2543 2544
10141 6 2 8 6 235 234 1459 2457 2446 6356
10142 6 2 8 6 2457 2446 6356 2458 2447 6357
10143 6 2 8 6 2458 2447 6357 2459 2448 6358
10144 6 2 8 6 2459 2448 6358 2460 2449 6359
10145 6 2 8 6 2460 2449 6359 2461 2450 6360
10146 6 2 8 6 2461 2450 6360 2462 2451 6361
10147 6 2 8 6 2462 2451 6361 2463 2452 6362
10148 6 2 8 6 2463 2452 6362 2464 2453 6363
10149 6 2 8 6 2464 2453 6363 2465 2454 6364
10150 6 2 8 6 2465 2454 6364 2466 2455 6365
10151 6 2 8 6 2466 2455 6365 2467 2456 6366
10152 6 2 8 6 2467 2456 6366 437 436 2554
10153 6 2 8 6 1419 1440 1441 5916 6147 6158
10154 6 2 8 6 5916 6147 6158 5917 6148 6159
10155 6 2 8 6 5917 6148 6159 5918 6149 6160
10156 6 2 8 6 5918 6149 6160 5919 6150 6161
10157 6 2 8 6 5919 6150 6161 5920 6151 6162
10158 6 2 8 6 5920 6151 6162 5921 6152 6163
10159 6 2 8 6 5921 6152 6163 5922 6153 6164
10160 6 2 8 6 5922 6153 6164 5923 6154 6165
10161 6 2 8 6 5923 6154 6165 5924 6155 6166
10162 6 2 8 6 5924 6155 6166 5925 6156 6167
10163 6 2 8 6 5925 6156 6167 5926 6157 6168
10164 6 2 8 6 5926 6157 6168 2514 2535 2536
10165 6 2 8 6 176 177 1402 2005 2016 5729
10166 6 2 8 6 2005 2016 5729 2006 2017 5730
10167 6 2 8 6 2006 2017 5730 2007 2018 5731
10168 6 2 8 6 2007 2018 5731 2008 2019 5732
10169 6 2 8 6 2008 2019 5732 2009 2020 5733
10170 6 2 8 6 2009 2020 5733 2010 2021 5734
10171 6 2 8 6 2010 2021 5734 2011 2022 5735
10172 6 2 8 6 2011 2022 5735 2012 2023 5736
10173 6 2 8 6 2012 2023 5736 2013 2024 5737
10174 6 2 8 6 2013 2024 5737 2014 2025 5738
10175 6 2 8 6 2014 2025 5738 2015 2026 5739
10176 6 2 8 6 2015 2026 5739 378 379 2497
10177 6 2 8 6 1403 1463 1500 5740 6400 6807
10178 6 2 8 6 5740 6400 6807 5741 6401 6808
10179 6 2 8 6 5741 6401 6808 5742 6402 6809
10180 6 2 8 6 5742 6402 6809 5743 6403 6810
10181 6 2 8 6 5743 6403 6810 5744 6404 6811
10182 6 2 8 6 5744 6404 6811 5745 6405 6812
10183 6 2 8 6 5745 6405 6812 5746 6406 6813
10184 6 2 8 6 5746 6406 6813 5747 6407 6814
10185 6 2 8 6 5747 6407 6814 5748 6408 6815
10186 6 2 8 6 5748 6408 6815 5749 6409 6816
10187 6 2 8 6 5749 6409 6816 5750 6410 6817
10188 6 2 8 6 5750 6410 6817 2498 2558 2595
10189 6 2 8 6 1425 1452 1484 5982 6279 6631
10190 6 2 8 6 5982 6279 6631 5983 6280 6632
10191 6 2 8 6 5983 6280 6632 5984 6281 6633
10192 6 2 8 6 5984 6281 6633 5985 6282 6634
10193 6 2 8 6 5985 6282 6634 5986 6283 6635
10194 6 2 8 6 5986 6283 6635 5987 6284 6636
10195 6 2 8 6 5987 6284 6636 5988 6285 6637
10196 6 2 8 6 5988 6285 6637 5989 6286 6638
10197 6 2 8 6 5989 6286 6638 5990 6287 6639
10198 6 2 8 6 5990 6287 6639 5991 6288 6640
10199 6 2 8 6 5991 6288 6640 5992 6289 6641
10200 6 2 8 6 5992 6289 6641 2520 2547 2579
10201 6 2 8 6 1468 1399 1497 6455 5696 6774
10202 6 2 8 6 6455 5696 6774 6456 5697 6775
10203 6 2 8 6 6456 5697 6775 6457 5698 6776
10204 6 2 8 6 6457 5698 6776 6458 5699 6777
10205 6 2 8 6 6458 5699 6777 6459 5700 6778
10206 6 2 8 6 6459 5700 6778 6460 5701 6779
10207 6 2 8 6 6460 5701 6779 6461 5702 6780
10208 6 2 8 6 6461 5702 6780 6462 5703 6781
10209 6 2 8 6 6462 5703 6781 6463 5704 6782
10210 6 2 8 6 6463 5704 6782 6464 5705 6783
10211 6 2 8 6 6464 5705 6783 6465 5706 6784
10212 6 2 8 6 6465 5706 6784 2563 2494 2592
10213 6 2 8 6 183 1395 1444 2082 5652 6191
10214 6 2 8 6 2082 5652 6191 2083 5653 6192
10215 6 2 8 6 2083 5653 6192 2084 5654 6193
10216 6 2 8 6 2084 5654 6193 2085 5655 6194
10217 6 2 8 6 2085 5655 6194 2086 5656 6195
10218 6 2 8 6 2086 5656 6195 2087 5657 6196
10219 6 2 8 6 2087 5657 6196 2088 5658 6197
10220 6 2 8 6 2088 5658 6197 2089 5659 6198
10221 6 2 8 6 2089 5659 6198 2090 5660 6199
10222 6 2 8 6 2090 5660 6199 2091 5661 6200
10223 6 2 8 6 2091 5661 6200 2092 5662 6201
10224 6 2 8 6 2092 5662 6201 385 2490 2539
10225 6 2 8 6 1422 1424 1426 5949 5971 5993
10226 6 2 8 6 5949 5971 5993 5950 5972 5994
10227 6 2 8 6 5950 5972 5994 5951 5973 5995
10228 6 2 8 6 5951 5973 5995 5952 5974 5996
10229 6 2 8 6 5952 5974 5996 5953 5975 5997
10230 6 2 8 6 5953 5975 5997 5954 5976 5998
10231 6 2 8 6 5954 5976 5998 5955 5977 5999
10232 6 2 8 6 5955 5977 5999 5956 5978 6000
10233 6 2 8 6 5956 5978 6000 5957 5979 6001
10234 6 2 8 6 5957 5979 6001 5958 5980 6002
10235 6 2 8 6 5958 5980 6002 5959 5981 6003
10236 6 2 8 6 5959 5981 6003 2517 2519 2521
10237 6 2 8 6 1431 1427 1433 6048 6004 6070
10238 6 2 8 6 6048 6004 6070 6049 6005 6071
10239 6 2 8 6 6049 6005 6071 6050 6006 6072
10240 6 2 8 6 6050 6006 6072 6051 6007 6073
10241 6 2 8 6 6051 6007 6073 6052 6008 6074
10242 6 2 8 6 6052 6008 6074 6053 6009 6075
10243 6 2 8 6 6053 6009 6075 6054 6010 6076
10244 6 2 8 6 6054 6010 6076 6055 6011 6077
10245 6 2 8 6 6055 6011 6077 6056 6012 6078
10246 6 2 8 6 6056 6012 6078 6057 6013 6079
10247 6 2 8 6 6057 6013 6079 6058 6014 6080
10248 6 2 8 6 6058 6014 6080 2526 2522 2528
10249 6 2 8 6 1414 1409 1494 5861 5806 6741
10250 6 2 8 6 5861 5806 6741 5862 5807 6742
10251 6 2 8 6 5862 5807 6742 5863 5808 6743
10252 6 2 8 6 5863 5808 6743 5864 5809 6744
10253 6 2 8 6 5864 5809 6744 5865 5810 6745
10254 6 2 8 6 5865 5810 6745 5866 5811 6746
10255 6 2 8 6 5866 5811 6746 5867 5812 6747
10256 6 2 8 6 5867 5812 6747 5868 5813 6748
10257 6 2 8 6 5868 5813 6748 5869 5814 6749
10258 6 2 8 6 5869 5814 6749 5870 5815 6750
10259 6 2 8 6 5870 5815 6750 5871 5816 6751
10260 6 2 8 6 5871 5816 6751 2509 2504 2589
10261 6 2 8 6 1426 1427 1431 5993 6004 6048
10262 6 2 8 6 5993 6004 6048 5994 6005 6049
10263 6 2 8 6 5994 6005 6049 5995 6006 6050
10264 6 2 8 6 5995 6006 6050 5996 6007 6051
10265 6 2 8 6 5996 6007 6051 5997 6008 6052
10266 6 2 8 6 5997 6008 6052 5998 6009 6053
10267 6 2 8 6 5998 6009 6053 5999 6010 6054
10268 6 2 8 6 5999 6010 6054 6000 6011 6055
10269 6 2 8 6 6000 6011 6055 6001 6012 6056
10270 6 2 8 6 6001 6012 6056 6002 6013 6057
10271 6 2 8 6 6002 6013 6057 6003 6014 6058
10272 6 2 8 6 6003 6014 6058 2521 2522 2526
10273 6 2 8 6 1421 1420 1422 5938 5927 5949
10274 6 2 8 6 5938 5927 5949 5939 5928 5950
10275 6 2 8 6 5939 5928 5950 5940 5929 5951
10276 6 2 8 6 5940 5929 5951 5941 5930 5952
10277 6 2 8 6 5941 5930 5952 5942 5931 5953
10278 6 2 8 6 5942 5931 5953 5943 5932 5954
10279 6 2 8 6 5943 5932 5954 5944 5933 5955
10280 6 2 8 6 5944 5933 5955 5945 5934 5956
10281 6 2 8 6 5945 5934 5956 5946 5935 5957
10282 6 2 8 6 5946 5935 5957 5947 5936 5958
10283 6 2 8 6 5947 5936 5958 5948 5937 5959
10284 6 2 8 6 5948 5937 5959 2516 2515 2517
10285 6 2 8 6 179 180 1455 2038 2049 6312
10286 6 2 8 6 2038 2049 6312 2039 2050 6313
10287 6 2 8 6 2039 2050 6313 2040 2051 6314
10288 6 2 8 6 2040 2051 6314 2041 2052 6315
10289 6 2 8 6 2041 2052 6315 2042 2053 6316
10290 6 2 8 6 2042 2053 6316 2043 2054 6317
10291 6 2 8 6 2043 2054 6317 2044 2055 6318
10292 6 2 8 6 2044 2055 6318 2045 2056 6319
10293 6 2 8 6 2045 2056 6319 2046 2057 6320
10294 6 2 8 6 2046 2057 6320 2047 2058 6321
10295 6 2 8 6 2047 2058 6321 2048 2059 6322
10296 6 2 8 6 2048 2059 6322 381 382 2550
10297 6 2 8 6 1410 229 1483 5817 2391 6620
10298 6 2 8 6 5817 2391 6620 5818 2392 6621
10299 6 2 8 6 5818 2392 6621 5819 2393 6622
10300 6 2 8 6 5819 2393 6622 5820 2394 6623
10301 6 2 8 6 5820 2394 6623 5821 2395 6624
10302 6 2 8 6 5821 2395 6624 5822 2396 6625
10303 6 2 8 6 5822 2396 6625 5823 2397 6626
10304 6 2 8 6 5823 2397 6626 5824 2398 6627
10305 6 2 8 6 5824 2398 6627 5825 2399 6628
10306 6 2 8 6 5825 2399 6628 5826 2400 6629
10307 6 2 8 6 5826 2400 6629 5827 2401 6630
10308 6 2 8 6 5827 2401 6630 2505 431 2578
10309 6 2 8 6 1451 1399 1480 6268 5696 6587
10310 6 2 8 6 6268 5696 6587 6269 5697 6588
10311 6 2 8 6 6269 5697 6588 6270 5698 6589
10312 6 2 8 6 6270 5698 6589 6271 5699 6590
10313 6 2 8 6 6271 5699 6590 6272 5700 6591
10314 6 2 8 6 6272 5700 6591 6273 5701 6592
10315 6 2 8 6 6273 5701 6592 6274 5702 6593
10316 6 2 8 6 6274 5702 6593 6275 5703 6594
10317 6 2 8 6 6275 5703 6594 6276 5704 6595
10318 6 2 8 6 6276 5704 6595 6277 5705 6596
10319 6 2 8 6 6277 5705 6596 6278 5706 6597
10320 6 2 8 6 6278 5706 6597 2546 2494 2575
10321 6 2 8 6 1426 1431 1432 5993 6048 6059
10322 6 2 8 6 5993 6048 6059 5994 6049 6060
10323 6 2 8 6 5994 6049 6060 5995 6050 6061
10324 6 2 8 6 5995 6050 6061 5996 6051 6062
10325 6 2 8 6 5996 6051 6062 5997 6052 6063
10326 6 2 8 6 5997 6052 6063 5998 6053 6064
10327 6 2 8 6 5998 6053 6064 5999 6054 6065
10328 6 2 8 6 5999 6054 6065 6000 6055 6066
10329 6 2 8 6 6000 6055 6066 6001 6056 6067
10330 6 2 8 6 6001 6056 6067 6002 6057 6068
10331 6 2 8 6 6002 6057 6068 6003 6058 6069
10332 6 2 8 6 6003 6058 6069 2521 2526 2527
10333 6 2 8 6 177 15 1457 2016 364 6334
10334 6 2 8 6 2016 364 6334 2017 365 6335
10335 6 2 8 6 2017 365 6335 2018 366 6336
10336 6 2 8 6 2018 366 6336 2019 367 6337
10337 6 2 8 6 2019 367 6337 2020 368 6338
10338 6 2 8 6 2020 368 6338 2021 369 6339
10339 6 2 8 6 2021 369 6339 2022 370 6340
10340 6 2 8 6 2022 370 6340 2023 371 6341
10341 6 2 8 6 2023 371 6341 2024 372 6342
10342 6 2 8 6 2024 372 6342 2025 373 6343
10343 6 2 8 6 2025 373 6343 2026 374 6344
10344 6 2 8 6 2026 374 6344 379 26 2552
10345 6 2 8 6 1433 1427 1467 6070 6004 6444
10346 6 2 8 6 6070 6004 6444 6071 6005 6445
10347 6 2 8 6 6071 6005 6445 6072 6006 6446
10348 6 2 8 6 6072 6006 6446 6073 6007 6447
10349 6 2 8 6 6073 6007 6447 6074 6008 6448
10350 6 2 8 6 6074 6008 6448 6075 6009 6449
10351 6 2 8 6 6075 6009 6449 6076 6010 6450
10352 6 2 8 6 6076 6010 6450 6077 6011 6451
10353 6 2 8 6 6077 6011 6451 6078 6012 6452
10354 6 2 8 6 6078 6012 6452 6079 6013 6453
10355 6 2 8 6 6079 6013 6453 6080 6014 6454
10356 6 2 8 6 6080 6014 6454 2528 2522 2562
10357 6 2 8 6 1403 224 1472 5740 2336 6499
10358 6 2 8 6 5740 2336 6499 5741 2337 6500
10359 6 2 8 6 5741 2337 6500 5742 2338 6501
10360 6 2 8 6 5742 2338 6501 5743 2339 6502
10361 6 2 8 6 5743 2339 6502 5744 2340 6503
10362 6 2 8 6 5744 2340 6503 5745 2341 6504
10363 6 2 8 6 5745 2341 6504 5746 2342 6505
10364 6 2 8 6 5746 2342 6505 5747 2343 6506
10365 6 2 8 6 5747 2343 6506 5748 2344 6507
10366 6 2 8 6 5748 2344 6507 5749 2345 6508
10367 6 2 8 6 5749 2345 6508 5750 2346 6509
10368 6 2 8 6 5750 2346 6509 2498 426 2567
10369 6 2 8 6 1446 1401 1447 6213 5718 6224
10370 6 2 8 6 6213 5718 6224 6214 5719 6225
10371 6 2 8 6 6214 5719 6225 6215 5720 6226
10372 6 2 8 6 6215 5720 6226 6216 5721 6227
10373 6 2 8 6 6216 5721 6227 6217 5722 6228
10374 6 2 8 6 6217 5722 6228 6218 5723 6229
10375 6 2 8 6 6218 5723 6229 6219 5724 6230
10376 6 2 8 6 6219 5724 6230 6220 5725 6231
10377 6 2 8 6 6220 5725 6231 6221 5726 6232
10378 6 2 8 6 6221 5726 6232 6222 5727 6233
10379 6 2 8 6 6222 5727 6233 6223 5728 6234
10380 6 2 8 6 6223 5728 6234 2541 2496 2542
10381 6 2 8 6 1405 218 1471 5762 2270 6488
10382 6 2 8 6 5762 2270 6488 5763 2271 6489
10383 6 2 8 6 5763 2271 6489 5764 2272 6490
10384 6 2 8 6 5764 2272 6490 5765 2273 6491
10385 6 2 8 6 5765 2273 6491 5766 2274 6492
10386 6 2 8 6 5766 2274 6492 5767 2275 6493
10387 6 2 8 6 5767 2275 6493 5768 2276 6494
10388 6 2 8 6 5768 2276 6494 5769 2277 6495
10389 6 2 8 6 5769 2277 6495 5770 2278 6496
10390 6 2 8 6 5770 2278 6496 5771 2279 6497
10391 6 2 8 6 5771 2279 6497 5772 2280 6498
10392 6 2 8 6 5772 2280 6498 2500 420 2566
10393 6 2 8 6 1471 219 1475 6488 2281 6532
10394 6 2 8 6 6488 2281 6532 6489 2282 6533
10395 6 2 8 6 6489 2282 6533 6490 2283 6534
10396 6 2 8 6 6490 2283 6534 6491 2284 6535
10397 6 2 8 6 6491 2284 6535 6492 2285 6536
10398 6 2 8 6 6492 2285 6536 6493 2286 6537
10399 6 2 8 6 6493 2286 6537 6494 2287 6538
10400 6 2 8 6 6494 2287 6538 6495 2288 6539
10401 6 2 8 6 6495 2288 6539 6496 2289 6540
10402 6 2 8 6 6496 2289 6540 6497 2290 6541
10403 6 2 8 6 6497 2290 6541 6498 2291 6542
10404 6 2 8 6 6498 2291 6542 2566 421 2570
10405 6 2 8 6 1447 1401 1456 6224 5718 6323
10406 6 2 8 6 6224 5718 6323 6225 5719 6324
10407 6 2 8 6 6225 5719 6324 6226 5720 6325
10408 6 2 8 6 6226 5720 6325 6227 5721 6326
10409 6 2 8 6 6227 5721 6326 6228 5722 6327
10410 6 2 8 6 6228 5722 6327 6229 5723 6328
10411 6 2 8 6 6229 5723 6328 6230 5724 6329
10412 6 2 8 6 6230 5724 6329 6231 5725 6330
10413 6 2 8 6 6231 5725 6330 6232 5726 6331
10414 6 2 8 6 6232 5726 6331 6233 5727 6332
10415 6 2 8 6 6233 5727 6332 6234 5728 6333
10416 6 2 8 6 6234 5728 6333 2542 2496 2551
10417 6 2 8 6 224 225 1472 2336 2347 6499
10418 6 2 8 6 2336 2347 6499 2337 2348 6500
10419 6 2 8 6 2337 2348 6500 2338 2349 6501
10420 6 2 8 6 2338 2349 6501 2339 2350 6502
10421 6 2 8 6 2339 2350 6502 2340 2351 6503
10422 6 2 8 6 2340 2351 6503 2341 2352 6504
10423 6 2 8 6 2341 2352 6504 2342 2353 6505
10424 6 2 8 6 2342 2353 6505 2343 2354 6506
10425 6 2 8 6 2343 2354 6506 2344 2355 6507
10426 6 2 8 6 2344 2355 6507 2345 2356 6508
10427 6 2 8 6 2345 2356 6508 2346 2357 6509
10428 6 2 8 6 2346 2357 6509 426 427 2567
10429 6 2 8 6 173 1445 1499 1972 6202 6796
10430 6 2 8 6 1972 6202 6796 1973 6203 6797
10431 6 2 8 6 1973 6203 6797 1974 6204 6798
10432 6 2 8 6 1974 6204 6798 1975 6205 6799
10433 6 2 8 6 1975 6205 6799 1976 6206 6800
10434 6 2 8 6 1976 6206 6800 1977 6207 6801
10435 6 2 8 6 1977 6207 6801 1978 6208 6802
10436 6 2 8 6 1978 6208 6802 1979 6209 6803
10437 6 2 8 6 1979 6209 6803 1980 6210 6804
10438 6 2 8 6 1980 6210 6804 1981 6211 6805
10439 6 2 8 6 1981 6211 6805 1982 6212 6806
10440 6 2 8 6 1982 6212 6806 375 2540 2594
10441 6 2 8 6 1421 1422 1465 5938 5949 6422
10442 6 2 8 6 5938 5949 6422 5939 5950 6423
10443 6 2 8 6 5939 5950 6423 5940 5951 6424
10444 6 2 8 6 5940 5951 6424 5941 5952 6425
10445 6 2 8 6 5941 5952 6425 5942 5953 6426
10446 6 2 8 6 5942 5953 6426 5943 5954 6427
10447 6 2 8 6 5943 5954 6427 5944 5955 6428
10448 6 2 8 6 5944 5955 6428 5945 5956 6429
10449 6 2 8 6 5945 5956 6429 5946 5957 6430
10450 6 2 8 6 5946 5957 6430 5947 5958 6431
10451 6 2 8 6 5947 5958 6431 5948 5959 6432
10452 6 2 8 6 5948 5959 6432 2516 2517 2560
10453 6 2 8 6 217 1405 1470 2259 5762 6477
10454 6 2 8 6 2259 5762 6477 2260 5763 6478
10455 6 2 8 6 2260 5763 6478 2261 5764 6479
10456 6 2 8 6 2261 5764 6479 2262 5765 6480
10457 6 2 8 6 2262 5765 6480 2263 5766 6481
10458 6 2 8 6 2263 5766 6481 2264 5767 6482
10459 6 2 8 6 2264 5767 6482 2265 5768 6483
10460 6 2 8 6 2265 5768 6483 2266 5769 6484
10461 6 2 8 6 2266 5769 6484 2267 5770 6485
10462 6 2 8 6 2267 5770 6485 2268 5771 6486
10463 6 2 8 6 2268 5771 6486 2269 5772 6487
10464 6 2 8 6 2269 5772 6487 419 2500 2565
10465 6 2 8 6 1418 1420 1421 5905 5927 5938
10466 6 2 8 6 5905 5927 5938 5906 5928 5939
10467 6 2 8 6 5906 5928 5939 5907 5929 5940
10468 6 2 8 6 5907 5929 5940 5908 5930 5941
10469 6 2 8 6 5908 5930 5941 5909 5931 5942
10470 6 2 8 6 5909 5931 5942 5910 5932 5943
10471 6 2 8 6 5910 5932 5943 5911 5933 5944
10472 6 2 8 6 5911 5933 5944 5912 5934 5945
10473 6 2 8 6 5912 5934 5945 5913 5935 5946
10474 6 2 8 6 5913 5935 5946 5914 5936 5947
10475 6 2 8 6 5914 5936 5947 5915 5937 5948
10476 6 2 8 6 5915 5937 5948 2513 2515 2516
10477 6 2 8 6 1422 1426 1465 5949 5993 6422
10478 6 2 8 6 5949 5993 6422 5950 5994 6423
10479 6 2 8 6 5950 5994 6423 5951 5995 6424
10480 6 2 8 6 5951 5995 6424 5952 5996 6425
10481 6 2 8 6 5952 5996 6425 5953 5997 6426
10482 6 2 8 6 5953 5997 6426 5954 5998 6427
10483 6 2 8 6 5954 5998 6427 5955 5999 6428
10484 6 2 8 6 5955 5999 6428 5956 6000 6429
10485 6 2 8 6 5956 6000 6429 5957 6001 6430
10486 6 2 8 6 5957 6001 6430 5958 6002 6431
10487 6 2 8 6 5958 6002 6431 5959 6003 6432
10488 6 2 8 6 5959 6003 6432 2517 2521 2560
10489 6 2 8 6 1417 1463 1489 5894 6400 6686
10490 6 2 8 6 5894 6400 6686 5895 6401 6687
10491 6 2 8 6 5895 6401 6687 5896 6402 6688
10492 6 2 8 6 5896 6402 6688 5897 6403 6689
10493 6 2 8 6 5897 6403 6689 5898 6404 6690
10494 6 2 8 6 5898 6404 6690 5899 6405 6691
10495 6 2 8 6 5899 6405 6691 5900 6406 6692
10496 6 2 8 6 5900 6406 6692 5901 6407 6693
10497 6 2 8 6 5901 6407 6693 5902 6408 6694
10498 6 2 8 6 5902 6408 6694 5903 6409 6695
10499 6 2 8 6 5903 6409 6695 5904 6410 6696
10500 6 2 8 6 5904 6410 6696 2512 2558 2584
10501 6 2 8 6 1427 1458 1467 6004 6345 6444
10502 6 2 8 6 6004 6345 6444 6005 6346 6445
10503 6 2 8 6 6005 6346 6445 6006 6347 6446
10504 6 2 8 6 6006 6347 6446 6007 6348 6447
10505 6 2 8 6 6007 6348 6447 6008 6349 6448
10506 6 2 8 6 6008 6349 6448 6009 6350 6449
10507 6 2 8 6 6009 6350 6449 6010 6351 6450
10508 6 2 8 6 6010 6351 6450 6011 6352 6451
10509 6 2 8 6 6011 6352 6451 6012 6353 6452
10510 6 2 8 6 6012 6353 6452 6013 6354 6453
10511 6 2 8 6 6013 6354 6453 6014 6355 6454
10512 6 2 8 6 6014 6355 6454 2522 2553 2562
10513 6 2 8 6 1397 233 1453 5674 2435 6290
10514 6 2 8 6 5674 2435 6290 5675 2436 6291
10515 6 2 8 6 5675 2436 6291 5676 2437 6292
10516 6 2 8 6 5676 2437 6292 5677 2438 6293
10517 6 2 8 6 5677 2438 6293 5678 2439 6294
10518 6 2 8 6 5678 2439 6294 5679 2440 6295
10519 6 2 8 6 5679 2440 6295 5680 2441 6296
10520 6 2 8 6 5680 2441 6296 5681 2442 6297
10521 6 2 8 6 5681 2442 6297 5682 2443 6298
10522 6 2 8 6 5682 2443 6298 5683 2444 6299
10523 6 2 8 6 5683 2444 6299 5684 2445 6300
10524 6 2 8 6 5684 2445 6300 2492 435 2548
10525 6 2 8 6 1417 1462 1463 5894 6389 6400
10526 6 2 8 6 5894 6389 6400 5895 6390 6401
10527 6 2 8 6 5895 6390 6401 5896 6391 6402
10528 6 2 8 6 5896 6391 6402 5897 6392 6403
10529 6 2 8 6 5897 6392 6403 5898 6393 6404
10530 6 2 8 6 5898 6393 6404 5899 6394 6405
10531 6 2 8 6 5899 6394 6405 5900 6395 6406
10532 6 2 8 6 5900 6395 6406 5901 6396 6407
10533 6 2 8 6 5901 6396 6407 5902 6397 6408
10534 6 2 8 6 5902 6397 6408 5903 6398 6409
10535 6 2 8 6 5903 6398 6409 5904 6399 6410
10536 6 2 8 6 5904 6399 6410 2512 2557 2558
10537 6 2 8 6 1410 1460 1461 5817 6367 6378
10538 6 2 8 6 5817 6367 6378 5818 6368 6379
10539 6 2 8 6 5818 6368 6379 5819 6369 6380
10540 6 2 8 6 5819 6369 6380 5820 6370 6381
10541 6 2 8 6 5820 6370 6381 5821 6371 6382
10542 6 2 8 6 5821 6371 6382 5822 6372 6383
10543 6 2 8 6 5822 6372 6383 5823 6373 6384
10544 6 2 8 6 5823 6373 6384 5824 6374 6385
10545 6 2 8 6 5824 6374 6385 5825 6375 6386
10546 6 2 8 6 5825 6375 6386 5826 6376 6387
10547 6 2 8 6 5826 6376 6387 5827 6377 6388
10548 6 2 8 6 5827 6377 6388 2505 2555 2556
10549 6 2 8 6 218 219 1471 2270 2281 6488
10550 6 2 8 6 2270 2281 6488 2271 2282 6489
10551 6 2 8 6 2271 2282 6489 2272 2283 6490
10552 6 2 8 6 2272 2283 6490 2273 2284 6491
10553 6 2 8 6 2273 2284 6491 2274 2285 6492
10554 6 2 8 6 2274 2285 6492 2275 2286 6493
10555 6 2 8 6 2275 2286 6493 2276 2287 6494
10556 6 2 8 6 2276 2287 6494 2277 2288 6495
10557 6 2 8 6 2277 2288 6495 2278 2289 6496
10558 6 2 8 6 2278 2289 6496 2279 2290 6497
10559 6 2 8 6 2279 2290 6497 2280 2291 6498
10560 6 2 8 6 2280 2291 6498 420 421 2566
10561 6 2 8 6 182 1444 1479 2071 6191 6576
10562 6 2 8 6 2071 6191 6576 2072 6192 6577
10563 6 2 8 6 2072 6192 6577 2073 6193 6578
10564 6 2 8 6 2073 6193 6578 2074 6194 6579
10565 6 2 8 6 2074 6194 6579 2075 6195 6580
10566 6 2 8 6 2075 6195 6580 2076 6196 6581
10567 6 2 8 6 2076 6196 6581 2077 6197 6582
10568 6 2 8 6 2077 6197 6582 2078 6198 6583
10569 6 2 8 6 2078 6198 6583 2079 6199 6584
10570 6 2 8 6 2079 6199 6584 2080 6200 6585
10571 6 2 8 6 2080 6200 6585 2081 6201 6586
10572 6 2 8 6 2081 6201 6586 384 2539 2574
10573 6 2 8 6 1437 1436 1461 6114 6103 6378
10574 6 2 8 6 6114 6103 6378 6115 6104 6379
10575 6 2 8 6 6115 6104 6379 6116 6105 6380
10576 6 2 8 6 6116 6105 6380 6117 6106 6381
10577 6 2 8 6 6117 6106 6381 6118 6107 6382
10578 6 2 8 6 6118 6107 6382 6119 6108 6383
10579 6 2 8 6 6119 6108 6383 6120 6109 6384
10580 6 2 8 6 6120 6109 6384 6121 6110 6385
10581 6 2 8 6 6121 6110 6385 6122 6111 6386
10582 6 2 8 6 6122 6111 6386 6123 6112 6387
10583 6 2 8 6 6123 6112 6387 6124 6113 6388
10584 6 2 8 6 6124 6113 6388 2532 2531 2556
10585 6 2 8 6 1426 1432 1465 5993 6059 6422
10586 6 2 8 6 5993 6059 6422 5994 6060 6423
10587 6 2 8 6 5994 6060 6423 5995 6061 6424
10588 6 2 8 6 5995 6061 6424 5996 6062 6425
10589 6 2 8 6 5996 6062 6425 5997 6063 6426
10590 6 2 8 6 5997 6063 6426 5998 6064 6427
10591 6 2 8 6 5998 6064 6427 5999 6065 6428
10592 6 2 8 6 5999 6065 6428 6000 6066 6429
10593 6 2 8 6 6000 6066 6429 6001 6067 6430
10594 6 2 8 6 6001 6067 6430 6002 6068 6431
10595 6 2 8 6 6002 6068 6431 6003 6069 6432
10596 6 2 8 6 6003 6069 6432 2521 2527 2560
10597 6 2 8 6 1449 1488 1497 6246 6675 6774
10598 6 2 8 6 6246 6675 6774 6247 6676 6775
10599 6 2 8 6 6247 6676 6775 6248 6677 6776
10600 6 2 8 6 6248 6677 6776 6249 6678 6777
10601 6 2 8 6 6249 6678 6777 6250 6679 6778
10602 6 2 8 6 6250 6679 6778 6251 6680 6779
10603 6 2 8 6 6251 6680 6779 6252 6681 6780
10604 6 2 8 6 6252 6681 6780 6253 6682 6781
10605 6 2 8 6 6253 6682 6781 6254 6683 6782
10606 6 2 8 6 6254 6683 6782 6255 6684 6783
10607 6 2 8 6 6255 6684 6783 6256 6685 6784
10608 6 2 8 6 6256 6685 6784 2544 2583 2592
10609 6 2 8 6 1418 1421 1462 5905 5938 6389
10610 6 2 8 6 5905 5938 6389 5906 5939 6390
10611 6 2 8 6 5906 5939 6390 5907 5940 6391
10612 6 2 8 6 5907 5940 6391 5908 5941 6392
10613 6 2 8 6 5908 5941 6392 5909 5942 6393
10614 6 2 8 6 5909 5942 6393 5910 5943 6394
10615 6 2 8 6 5910 5943 6394 5911 5944 6395
10616 6 2 8 6 5911 5944 6395 5912 5945 6396
10617 6 2 8 6 5912 5945 6396 5913 5946 6397
10618 6 2 8 6 5913 5946 6397 5914 5947 6398
10619 6 2 8 6 5914 5947 6398 5915 5948 6399
10620 6 2 8 6 5915 5948 6399 2513 2516 2557
10621 6 2 8 6 1417 1418 1462 5894 5905 6389
10622 6 2 8 6 5894 5905 6389 5895 5906 6390
10623 6 2 8 6 5895 5906 6390 5896 5907 6391
10624 6 2 8 6 5896 5907 6391 5897 5908 6392
10625 6 2 8 6 5897 5908 6392 5898 5909 6393
10626 6 2 8 6 5898 5909 6393 5899 5910 6394
10627 6 2 8 6 5899 5910 6394 5900 5911 6395
10628 6 2 8 6 5900 5911 6395 5901 5912 6396
10629 6 2 8 6 5901 5912 6396 5902 5913 6397
10630 6 2 8 6 5902 5913 6397 5903 5914 6398
10631 6 2 8 6 5903 5914 6398 5904 5915 6399
10632 6 2 8 6 5904 5915 6399 2512 2513 2557
10633 6 2 8 6 216 217 1470 2248 2259 6477
10634 6 2 8 6 2248 2259 6477 2249 2260 6478
10635 6 2 8 6 2249 2260 6478 2250 2261 6479
10636 6 2 8 6 2250 2261 6479 2251 2262 6480
10637 6 2 8 6 2251 2262 6480 2252 2263 6481
10638 6 2 8 6 2252 2263 6481 2253 2264 6482
10639 6 2 8 6 2253 2264 6482 2254 2265 6483
10640 6 2 8 6 2254 2265 6483 2255 2266 6484
10641 6 2 8 6 2255 2266 6484 2256 2267 6485
10642 6 2 8 6 2256 2267 6485 2257 2268 6486
10643 6 2 8 6 2257 2268 6486 2258 2269 6487
10644 6 2 8 6 2258 2269 6487 418 419 2565
10645 6 2 8 6 201 200 1399 2204 2193 5696
10646 6 2 8 6 2204 2193 5696 2205 2194 5697
10647 6 2 8 6 2205 2194 5697 2206 2195 5698
10648 6 2 8 6 2206 2195 5698 2207 2196 5699
10649 6 2 8 6 2207 2196 5699 2208 2197 5700
10650 6 2 8 6 2208 2197 5700 2209 2198 5701
10651 6 2 8 6 2209 2198 5701 2210 2199 5702
10652 6 2 8 6 2210 2199 5702 2211 2200 5703
10653 6 2 8 6 2211 2200 5703 2212 2201 5704
10654 6 2 8 6 2212 2201 5704 2213 2202 5705
10655 6 2 8 6 2213 2202 5705 2214 2203 5706
10656 6 2 8 6 2214 2203 5706 403 402 2494
10657 6 2 8 6 1460 1447 1469 6367 6224 6466
10658 6 2 8 6 6367 6224 6466 6368 6225 6467
10659 6 2 8 6 6368 6225 6467 6369 6226 6468
10660 6 2 8 6 6369 6226 6468 6370 6227 6469
10661 6 2 8 6 6370 6227 6469 6371 6228 6470
10662 6 2 8 6 6371 6228 6470 6372 6229 6471
10663 6 2 8 6 6372 6229 6471 6373 6230 6472
10664 6 2 8 6 6373 6230 6472 6374 6231 6473
10665 6 2 8 6 6374 6231 6473 6375 6232 6474
10666 6 2 8 6 6375 6232 6474 6376 6233 6475
10667 6 2 8 6 6376 6233 6475 6377 6234 6476
10668 6 2 8 6 6377 6234 6476 2555 2542 2564
10669 6 2 8 6 1417 1416 1418 5894 5883 5905
10670 6 2 8 6 5894 5883 5905 5895 5884 5906
10671 6 2 8 6 5895 5884 5906 5896 5885 5907
10672 6 2 8 6 5896 5885 5907 5897 5886 5908
10673 6 2 8 6 5897 5886 5908 5898 5887 5909
10674 6 2 8 6 5898 5887 5909 5899 5888 5910
10675 6 2 8 6 5899 5888 5910 5900 5889 5911
10676 6 2 8 6 5900 5889 5911 5901 5890 5912
10677 6 2 8 6 5901 5890 5912 5902 5891 5913
10678 6 2 8 6 5902 5891 5913 5903 5892 5914
10679 6 2 8 6 5903 5892 5914 5904 5893 5915
10680 6 2 8 6 5904 5893 5915 2512 2511 2513
10681 6 2 8 6 1459 1397 1473 6356 5674 6510
10682 6 2 8 6 6356 5674 6510 6357 5675 6511
10683 6 2 8 6 6357 5675 6511 6358 5676 6512
10684 6 2 8 6 6358 5676 6512 6359 5677 6513
10685 6 2 8 6 6359 5677 6513 6360 5678 6514
10686 6 2 8 6 6360 5678 6514 6361 5679 6515
10687 6 2 8 6 6361 5679 6515 6362 5680 6516
10688 6 2 8 6 6362 5680 6516 6363 5681 6517
10689 6 2 8 6 6363 5681 6517 6364 5682 6518
10690 6 2 8 6 6364 5682 6518 6365 5683 6519
10691 6 2 8 6 6365 5683 6519 6366 5684 6520
10692 6 2 8 6 6366 5684 6520 2554 2492 2568
10693 6 2 8 6 1463 1462 1464 6400 6389 6411
10694 6 2 8 6 6400 6389 6411 6401 6390 6412
10695 6 2 8 6 6401 6390 6412 6402 6391 6413
10696 6 2 8 6 6402 6391 6413 6403 6392 6414
10697 6 2 8 6 6403 6392 6414 6404 6393 6415
10698 6 2 8 6 6404 6393 6415 6405 6394 6416
10699 6 2 8 6 6405 6394 6416 6406 6395 6417
10700 6 2 8 6 6406 6395 6417 6407 6396 6418
10701 6 2 8 6 6407 6396 6418 6408 6397 6419
10702 6 2 8 6 6408 6397 6419 6409 6398 6420
10703 6 2 8 6 6409 6398 6420 6410 6399 6421
10704 6 2 8 6 6410 6399 6421 2558 2557 2559
10705 6 2 8 6 1455 1396 1494 6312 5663 6741
10706 6 2 8 6 6312 5663 6741 6313 5664 6742
10707 6 2 8 6 6313 5664 6742 6314 5665 6743
10708 6 2 8 6 6314 5665 6743 6315 5666 6744
10709 6 2 8 6 6315 5666 6744 6316 5667 6745
10710 6 2 8 6 6316 5667 6745 6317 5668 6746
10711 6 2 8 6 6317 5668 6746 6318 5669 6747
10712 6 2 8 6 6318 5669 6747 6319 5670 6748
10713 6 2 8 6 6319 5670 6748 6320 5671 6749
10714 6 2 8 6 6320 5671 6749 6321 5672 6750
10715 6 2 8 6 6321 5672 6750 6322 5673 6751
10716 6 2 8 6 6322 5673 6751 2550 2491 2589
10717 6 2 8 6 1428 186 1498 6015 2115 6785
10718 6 2 8 6 6015 2115 6785 6016 2116 6786
10719 6 2 8 6 6016 2116 6786 6017 2117 6787
10720 6 2 8 6 6017 2117 6787 6018 2118 6788
10721 6 2 8 6 6018 2118 6788 6019 2119 6789
10722 6 2 8 6 6019 2119 6789 6020 2120 6790
10723 6 2 8 6 6020 2120 6790 6021 2121 6791
10724 6 2 8 6 6021 2121 6791 6022 2122 6792
10725 6 2 8 6 6022 2122 6792 6023 2123 6793
10726 6 2 8 6 6023 2123 6793 6024 2124 6794
10727 6 2 8 6 6024 2124 6794 6025 2125 6795
10728 6 2 8 6 6025 2125 6795 2523 388 2593
10729 6 2 8 6 1404 1459 1466 5751 6356 6433
10730 6 2 8 6 5751 6356 6433 5752 6357 6434
10731 6 2 8 6 5752 6357 6434 5753 6358 6435
10732 6 2 8 6 5753 6358 6435 5754 6359 6436
10733 6 2 8 6 5754 6359 6436 5755 6360 6437
10734 6 2 8 6 5755 6360 6437 5756 6361 6438
10735 6 2 8 6 5756 6361 6438 5757 6362 6439
10736 6 2 8 6 5757 6362 6439 5758 6363 6440
10737 6 2 8 6 5758 6363 6440 5759 6364 6441
10738 6 2 8 6 5759 6364 6441 5760 6365 6442
10739 6 2 8 6 5760 6365 6442 5761 6366 6443
10740 6 2 8 6 5761 6366 6443 2499 2554 2561
10741 6 2 8 6 178 179 1476 2027 2038 6543
10742 6 2 8 6 2027 2038 6543 2028 2039 6544
10743 6 2 8 6 2028 2039 6544 2029 2040 6545
10744 6 2 8 6 2029 2040 6545 2030 2041 6546
10745 6 2 8 6 2030 2041 6546 2031 2042 6547
10746 6 2 8 6 2031 2042 6547 2032 2043 6548
10747 6 2 8 6 2032 2043 6548 2033 2044 6549
10748 6 2 8 6 2033 2044 6549 2034 2045 6550
10749 6 2 8 6 2034 2045 6550 2035 2046 6551
10750 6 2 8 6 2035 2046 6551 2036 2047 6552
10751 6 2 8 6 2036 2047 6552 2037 2048 6553
10752 6 2 8 6 2037 2048 6553 380 381 2571
10753 6 2 8 6 1456 1402 1469 6323 5729 6466
10754 6 2 8 6 6323 5729 6466 6324 5730 6467
10755 6 2 8 6 6324 5730 6467 6325 5731 6468
10756 6 2 8 6 6325 5731 6468 6326 5732 6469
10757 6 2 8 6 6326 5732 6469 6327 5733 6470
10758 6 2 8 6 6327 5733 6470 6328 5734 6471
10759 6 2 8 6 6328 5734 6471 6329 5735 6472
10760 6 2 8 6 6329 5735 6472 6330 5736 6473
10761 6 2 8 6 6330 5736 6473 6331 5737 6474
10762 6 2 8 6 6331 5737 6474 6332 5738 6475
10763 6 2 8 6 6332 5738 6475 6333 5739 6476
10764 6 2 8 6 6333 5739 6476 2551 2497 2564
10765 6 2 8 6 236 1404 1454 2468 5751 6301
10766 6 2 8 6 2468 5751 6301 2469 5752 6302
10767 6 2 8 6 2469 5752 6302 2470 5753 6303
10768 6 2 8 6 2470 5753 6303 2471 5754 6304
10769 6 2 8 6 2471 5754 6304 2472 5755 6305
10770 6 2 8 6 2472 5755 6305 2473 5756 6306
10771 6 2 8 6 2473 5756 6306 2474 5757 6307
10772 6 2 8 6 2474 5757 6307 2475 5758 6308
10773 6 2 8 6 2475 5758 6308 2476 5759 6309
10774 6 2 8 6 2476 5759 6309 2477 5760 6310
10775 6 2 8 6 2477 5760 6310 2478 5761 6311
10776 6 2 8 6 2478 5761 6311 438 2499 2549
10777 6 2 8 6 181 182 1479 2060 2071 6576
10778 6 2 8 6 2060 2071 6576 2061 2072 6577
10779 6 2 8 6 2061 2072 6577 2062 2073 6578
10780 6 2 8 6 2062 2073 6578 2063 2074 6579
10781 6 2 8 6 2063 2074 6579 2064 2075 6580
10782 6 2 8 6 2064 2075 6580 2065 2076 6581
10783 6 2 8 6 2065 2076 6581 2066 2077 6582
10784 6 2 8 6 2066 2077 6582 2067 2078 6583
10785 6 2 8 6 2067 2078 6583 2068 2079 6584
10786 6 2 8 6 2068 2079 6584 2069 2080 6585
10787 6 2 8 6 2069 2080 6585 2070 2081 6586
10788 6 2 8 6 2070 2081 6586 383 384 2574
10789 6 2 8 6 1470 1429 1492 6477 6026 6719
10790 6 2 8 6 6477 6026 6719 6478 6027 6720
10791 6 2 8 6 6478 6027 6720 6479 6028 6721
10792 6 2 8 6 6479 6028 6721 6480 6029 6722
10793 6 2 8 6 6480 6029 6722 6481 6030 6723
10794 6 2 8 6 6481 6030 6723 6482 6031 6724
10795 6 2 8 6 6482 6031 6724 6483 6032 6725
10796 6 2 8 6 6483 6032 6725 6484 6033 6726
10797 6 2 8 6 6484 6033 6726 6485 6034 6727
10798 6 2 8 6 6485 6034 6727 6486 6035 6728
10799 6 2 8 6 6486 6035 6728 6487 6036 6729
10800 6 2 8 6 6487 6036 6729 2565 2524 2587
10801 6 2 8 6 15 178 1398 364 2027 5685
10802 6 2 8 6 364 2027 5685 365 2028 5686
10803 6 2 8 6 365 2028 5686 366 2029 5687
10804 6 2 8 6 366 2029 5687 367 2030 5688
10805 6 2 8 6 367 2030 5688 368 2031 5689
10806 6 2 8 6 368 2031 5689 369 2032 5690
10807 6 2 8 6 369 2032 5690 370 2033 5691
10808 6 2 8 6 370 2033 5691 371 2034 5692
10809 6 2 8 6 371 2034 5692 372 2035 5693
10810 6 2 8 6 372 2035 5693 373 2036 5694
10811 6 2 8 6 373 2036 5694 374 2037 5695
10812 6 2 8 6 374 2037 5695 26 380 2493
10813 6 2 8 6 219 220 1475 2281 2292 6532
10814 6 2 8 6 2281 2292 6532 2282 2293 6533
10815 6 2 8 6 2282 2293 6533 2283 2294 6534
10816 6 2 8 6 2283 2294 6534 2284 2295 6535
10817 6 2 8 6 2284 2295 6535 2285 2296 6536
10818 6 2 8 6 2285 2296 6536 2286 2297 6537
10819 6 2 8 6 2286 2297 6537 2287 2298 6538
10820 6 2 8 6 2287 2298 6538 2288 2299 6539
10821 6 2 8 6 2288 2299 6539 2289 2300 6540
10822 6 2 8 6 2289 2300 6540 2290 2301 6541
10823 6 2 8 6 2290 2301 6541 2291 2302 6542
10824 6 2 8 6 2291 2302 6542 421 422 2570
10825 6 2 8 6 1449 1448 1450 6246 6235 6257
10826 6 2 8 6 6246 6235 6257 6247 6236 6258
10827 6 2 8 6 6247 6236 6258 6248 6237 6259
10828 6 2 8 6 6248 6237 6259 6249 6238 6260
10829 6 2 8 6 6249 6238 6260 6250 6239 6261
10830 6 2 8 6 6250 6239 6261 6251 6240 6262
10831 6 2 8 6 6251 6240 6262 6252 6241 6263
10832 6 2 8 6 6252 6241 6263 6253 6242 6264
10833 6 2 8 6 6253 6242 6264 6254 6243 6265
10834 6 2 8 6 6254 6243 6265 6255 6244 6266
10835 6 2 8 6 6255 6244 6266 6256 6245 6267
10836 6 2 8 6 6256 6245 6267 2544 2543 2545
10837 6 2 8 6 180 1396 1455 2049 5663 6312
10838 6 2 8 6 2049 5663 6312 2050 5664 6313
10839 6 2 8 6 2050 5664 6313 2051 5665 6314
10840 6 2 8 6 2051 5665 6314 2052 5666 6315
10841 6 2 8 6 2052 5666 6315 2053 5667 6316
10842 6 2 8 6 2053 5667 6316 2054 5668 6317
10843 6 2 8 6 2054 5668 6317 2055 5669 6318
10844 6 2 8 6 2055 5669 6318 2056 5670 6319
10845 6 2 8 6 2056 5670 6319 2057 5671 6320
10846 6 2 8 6 2057 5671 6320 2058 5672 6321
10847 6 2 8 6 2058 5672 6321 2059 5673 6322
10848 6 2 8 6 2059 5673 6322 382 2491 2550
10849 6 2 8 6 1447 1456 1469 6224 6323 6466
10850 6 2 8 6 6224 6323 6466 6225 6324 6467
10851 6 2 8 6 6225 6324 6467 6226 6325 6468
10852 6 2 8 6 6226 6325 6468 6227 6326 6469
10853 6 2 8 6 6227 6326 6469 6228 6327 6470
10854 6 2 8 6 6228 6327 6470 6229 6328 6471
10855 6 2 8 6 6229 6328 6471 6230 6329 6472
10856 6 2 8 6 6230 6329 6472 6231 6330 6473
10857 6 2 8 6 6231 6330 6473 6232 6331 6474
10858 6 2 8 6 6232 6331 6474 6233 6332 6475
10859 6 2 8 6 6233 6332 6475 6234 6333 6476
10860 6 2 8 6 6234 6333 6476 2542 2551 2564
10861 6 2 8 6 1429 1470 1482 6026 6477 6609
10862 6 2 8 6 6026 6477 6609 6027 6478 6610
10863 6 2 8 6 6027 6478 6610 6028 6479 6611
10864 6 2 8 6 6028 6479 6611 6029 6480 6612
10865 6 2 8 6 6029 6480 6612 6030 6481 6613
10866 6 2 8 6 6030 6481 6613 6031 6482 6614
10867 6 2 8 6 6031 6482 6614 6032 6483 6615
10868 6 2 8 6 6032 6483 6615 6033 6484 6616
10869 6 2 8 6 6033 6484 6616 6034 6485 6617
10870 6 2 8 6 6034 6485 6617 6035 6486 6618
10871 6 2 8 6 6035 6486 6618 6036 6487 6619
10872 6 2 8 6 6036 6487 6619 2524 2565 2577
10873 6 2 8 6 200 199 1480 2193 2182 6587
10874 6 2 8 6 2193 2182 6587 2194 2183 6588
10875 6 2 8 6 2194 2183 6588 2195 2184 6589
10876 6 2 8 6 2195 2184 6589 2196 2185 6590
10877 6 2 8 6 2196 2185 6590 2197 2186 6591
10878 6 2 8 6 2197 2186 6591 2198 2187 6592
10879 6 2 8 6 2198 2187 6592 2199 2188 6593
10880 6 2 8 6 2199 2188 6593 2200 2189 6594
10881 6 2 8 6 2200 2189 6594 2201 2190 6595
10882 6 2 8 6 2201 2190 6595 2202 2191 6596
10883 6 2 8 6 2202 2191 6596 2203 2192 6597
10884 6 2 8 6 2203 2192 6597 402 401 2575
10885 6 2 8 6 1429 231 1492 6026 2413 6719
10886 6 2 8 6 6026 2413 6719 6027 2414 6720
10887 6 2 8 6 6027 2414 6720 6028 2415 6721
10888 6 2 8 6 6028 2415 6721 6029 2416 6722
10889 6 2 8 6 6029 2416 6722 6030 2417 6723
10890 6 2 8 6 6030 2417 6723 6031 2418 6724
10891 6 2 8 6 6031 2418 6724 6032 2419 6725
10892 6 2 8 6 6032 2419 6725 6033 2420 6726
10893 6 2 8 6 6033 2420 6726 6034 2421 6727
10894 6 2 8 6 6034 2421 6727 6035 2422 6728
10895 6 2 8 6 6035 2422 6728 6036 2423 6729
10896 6 2 8 6 6036 2423 6729 2524 433 2587
10897 6 2 8 6 1415 1414 1416 5872 5861 5883
10898 6 2 8 6 5872 5861 5883 5873 5862 5884
10899 6 2 8 6 5873 5862 5884 5874 5863 5885
10900 6 2 8 6 5874 5863 5885 5875 5864 5886
10901 6 2 8 6 5875 5864 5886 5876 5865 5887
10902 6 2 8 6 5876 5865 5887 5877 5866 5888
10903 6 2 8 6 5877 5866 5888 5878 5867 5889
10904 6 2 8 6 5878 5867 5889 5879 5868 5890
10905 6 2 8 6 5879 5868 5890 5880 5869 5891
10906 6 2 8 6 5880 5869 5891 5881 5870 5892
10907 6 2 8 6 5881 5870 5892 5882 5871 5893
10908 6 2 8 6 5882 5871 5893 2510 2509 2511
10909 6 2 8 6 1413 1415 1438 5850 5872 6125
10910 6 2 8 6 5850 5872 6125 5851 5873 6126
10911 6 2 8 6 5851 5873 6126 5852 5874 6127
10912 6 2 8 6 5852 5874 6127 5853 5875 6128
10913 6 2 8 6 5853 5875 6128 5854 5876 6129
10914 6 2 8 6 5854 5876 6129 5855 5877 6130
10915 6 2 8 6 5855 5877 6130 5856 5878 6131
10916 6 2 8 6 5856 5878 6131 5857 5879 6132
10917 6 2 8 6 5857 5879 6132 5858 5880 6133
10918 6 2 8 6 5858 5880 6133 5859 5881 6134
10919 6 2 8 6 5859 5881 6134 5860 5882 6135
10920 6 2 8 6 5860 5882 6135 2508 2510 2533
10921 6 2 8 6 1413 1409 1414 5850 5806 5861
10922 6 2 8 6 5850 5806 5861 5851 5807 5862
10923 6 2 8 6 5851 5807 5862 5852 5808 5863
10924 6 2 8 6 5852 5808 5863 5853 5809 5864
10925 6 2 8 6 5853 5809 5864 5854 5810 5865
10926 6 2 8 6 5854 5810 5865 5855 5811 5866
10927 6 2 8 6 5855 5811 5866 5856 5812 5867
10928 6 2 8 6 5856 5812 5867 5857 5813 5868
10929 6 2 8 6 5857 5813 5868 5858 5814 5869
10930 6 2 8 6 5858 5814 5869 5859 5815 5870
10931 6 2 8 6 5859 5815 5870 5860 5816 5871
10932 6 2 8 6 5860 5816 5871 2508 2504 2509
10933 6 2 8 6 220 1400 1475 2292 5707 6532
10934 6 2 8 6 2292 5707 6532 2293 5708 6533
10935 6 2 8 6 2293 5708 6533 2294 5709 6534
10936 6 2 8 6 2294 5709 6534 2295 5710 6535
10937 6 2 8 6 2295 5710 6535 2296 5711 6536
10938 6 2 8 6 2296 5711 6536 2297 5712 6537
10939 6 2 8 6 2297 5712 6537 2298 5713 6538
10940 6 2 8 6 2298 5713 6538 2299 5714 6539
10941 6 2 8 6 2299 5714 6539 2300 5715 6540
10942 6 2 8 6 2300 5715 6540 2301 5716 6541
10943 6 2 8 6 2301 5716 6541 2302 5717 6542
10944 6 2 8 6 2302 5717 6542 422 2495 2570
10945 6 2 8 6 1396 181 1479 5663 2060 6576
10946 6 2 8 6 5663 2060 6576 5664 2061 6577
10947 6 2 8 6 5664 2061 6577 5665 2062 6578
10948 6 2 8 6 5665 2062 6578 5666 2063 6579
10949 6 2 8 6 5666 2063 6579 5667 2064 6580
10950 6 2 8 6 5667 2064 6580 5668 2065 6581
10951 6 2 8 6 5668 2065 6581 5669 2066 6582
10952 6 2 8 6 5669 2066 6582 5670 2067 6583
10953 6 2 8 6 5670 2067 6583 5671 2068 6584
10954 6 2 8 6 5671 2068 6584 5672 2069 6585
10955 6 2 8 6 5672 2069 6585 5673 2070 6586
10956 6 2 8 6 5673 2070 6586 2491 383 2574
10957 6 2 8 6 1404 235 1459 5751 2457 6356
10958 6 2 8 6 5751 2457 6356 5752 2458 6357
10959 6 2 8 6 5752 2458 6357 5753 2459 6358
10960 6 2 8 6 5753 2459 6358 5754 2460 6359
10961 6 2 8 6 5754 2460 6359 5755 2461 6360
10962 6 2 8 6 5755 2461 6360 5756 2462 6361
10963 6 2 8 6 5756 2462 6361 5757 2463 6362
10964 6 2 8 6 5757 2463 6362 5758 2464 6363
10965 6 2 8 6 5758 2464 6363 5759 2465 6364
10966 6 2 8 6 5759 2465 6364 5760 2466 6365
10967 6 2 8 6 5760 2466 6365 5761 2467 6366
10968 6 2 8 6 5761 2467 6366 2499 437 2554
10969 6 2 8 6 227 228 1496 2369 2380 6763
10970 6 2 8 6 2369 2380 6763 2370 2381 6764
10971 6 2 8 6 2370 2381 6764 2371 2382 6765
10972 6 2 8 6 2371 2382 6765 2372 2383 6766
10973 6 2 8 6 2372 2383 6766 2373 2384 6767
10974 6 2 8 6 2373 2384 6767 2374 2385 6768
10975 6 2 8 6 2374 2385 6768 2375 2386 6769
10976 6 2 8 6 2375 2386 6769 2376 2387 6770
10977 6 2 8 6 2376 2387 6770 2377 2388 6771
10978 6 2 8 6 2377 2388 6771 2378 2389 6772
10979 6 2 8 6 2378 2389 6772 2379 2390 6773
10980 6 2 8 6 2379 2390 6773 429 430 2591
10981 6 2 8 6 1407 1398 1409 5784 5685 5806
10982 6 2 8 6 5784 5685 5806 5785 5686 5807
10983 6 2 8 6 5785 5686 5807 5786 5687 5808
10984 6 2 8 6 5786 5687 5808 5787 5688 5809
10985 6 2 8 6 5787 5688 5809 5788 5689 5810
10986 6 2 8 6 5788 5689 5810 5789 5690 5811
10987 6 2 8 6 5789 5690 5811 5790 5691 5812
10988 6 2 8 6 5790 5691 5812 5791 5692 5813
10989 6 2 8 6 5791 5692 5813 5792 5693 5814
10990 6 2 8 6 5792 5693 5814 5793 5694 5815
10991 6 2 8 6 5793 5694 5815 5794 5695 5816
10992 6 2 8 6 5794 5695 5816 2502 2493 2504
10993 6 2 8 6 1415 1416 1417 5872 5883 5894
10994 6 2 8 6 5872 5883 5894 5873 5884 5895
10995 6 2 8 6 5873 5884 5895 5874 5885 5896
10996 6 2 8 6 5874 5885 5896 5875 5886 5897
10997 6 2 8 6 5875 5886 5897 5876 5887 5898
10998 6 2 8 6 5876 5887 5898 5877 5888 5899
10999 6 2 8 6 5877 5888 5899 5878 5889 5900
11000 6 2 8 6 5878 5889 5900 5879 5890 5901
11001 6 2 8 6 5879 5890 5901 5880 5891 5902
11002 6 2 8 6 5880 5891 5902 5881 5892 5903
11003 6 2 8 6 5881 5892 5903 5882 5893 5904
11004 6 2 8 6 5882 5893 5904 2510 2511 2512
11005 6 2 8 6 1413 1414 1415 5850 5861 5872
11006 6 2 8 6 5850 5861 5872 5851 5862 5873
11007 6 2 8 6 5851 5862 5873 5852 5863 5874
11008 6 2 8 6 5852 5863 5874 5853 5864 5875
11009 6 2 8 6 5853 5864 5875 5854 5865 5876
11010 6 2 8 6 5854 5865 5876 5855 5866 5877
11011 6 2 8 6 5855 5866 5877 5856 5867 5878
11012 6 2 8 6 5856 5867 5878 5857 5868 5879
11013 6 2 8 6 5857 5868 5879 5858 5869 5880
11014 6 2 8 6 5858 5869 5880 5859 5870 5881
11015 6 2 8 6 5859 5870 5881 5860 5871 5882
11016 6 2 8 6 5860 5871 5882 2508 2509 2510
11017 6 2 8 6 1421 1465 1477 5938 6422 6554
11018 6 2 8 6 5938 6422 6554 5939 6423 6555
11019 6 2 8 6 5939 6423 6555 5940 6424 6556
11020 6 2 8 6 5940 6424 6556 5941 6425 6557
11021 6 2 8 6 5941 6425 6557 5942 6426 6558
11022 6 2 8 6 5942 6426 6558 5943 6427 6559
11023 6 2 8 6 5943 6427 6559 5944 6428 6560
11024 6 2 8 6 5944 6428 6560 5945 6429 6561
11025 6 2 8 6 5945 6429 6561 5946 6430 6562
11026 6 2 8 6 5946 6430 6562 5947 6431 6563
11027 6 2 8 6 5947 6431 6563 5948 6432 6564
11028 6 2 8 6 5948 6432 6564 2516 2560 2572
11029 6 2 8 6 1463 1403 1489 6400 5740 6686
11030 6 2 8 6 6400 5740 6686 6401 5741 6687
11031 6 2 8 6 6401 5741 6687 6402 5742 6688
11032 6 2 8 6 6402 5742 6688 6403 5743 6689
11033 6 2 8 6 6403 5743 6689 6404 5744 6690
11034 6 2 8 6 6404 5744 6690 6405 5745 6691
11035 6 2 8 6 6405 5745 6691 6406 5746 6692
11036 6 2 8 6 6406 5746 6692 6407 5747 6693
11037 6 2 8 6 6407 5747 6693 6408 5748 6694
11038 6 2 8 6 6408 5748 6694 6409 5749 6695
11039 6 2 8 6 6409 5749 6695 6410 5750 6696
11040 6 2 8 6 6410 5750 6696 2558 2498 2584
11041 6 2 8 6 1446 1447 1448 6213 6224 6235
11042 6 2 8 6 6213 6224 6235 6214 6225 6236
11043 6 2 8 6 6214 6225 6236 6215 6226 6237
11044 6 2 8 6 6215 6226 6237 6216 6227 6238
11045 6 2 8 6 6216 6227 6238 6217 6228 6239
11046 6 2 8 6 6217 6228 6239 6218 6229 6240
11047 6 2 8 6 6218 6229 6240 6219 6230 6241
11048 6 2 8 6 6219 6230 6241 6220 6231 6242
11049 6 2 8 6 6220 6231 6242 6221 6232 6243
11050 6 2 8 6 6221 6232 6243 6222 6233 6244
11051 6 2 8 6 6222 6233 6244 6223 6234 6245
11052 6 2 8 6 6223 6234 6245 2541 2542 2543
11053 6 2 8 6 1480 1430 1499 6587 6037 6796
11054 6 2 8 6 6587 6037 6796 6588 6038 6797
11055 6 2 8 6 6588 6038 6797 6589 6039 6798
11056 6 2 8 6 6589 6039 6798 6590 6040 6799
11057 6 2 8 6 6590 6040 6799 6591 6041 6800
11058 6 2 8 6 6591 6041 6800 6592 6042 6801
11059 6 2 8 6 6592 6042 6801 6593 6043 6802
11060 6 2 8 6 6593 6043 6802 6594 6044 6803
11061 6 2 8 6 6594 6044 6803 6595 6045 6804
11062 6 2 8 6 6595 6045 6804 6596 6046 6805
11063 6 2 8 6 6596 6046 6805 6597 6047 6806
11064 6 2 8 6 6597 6047 6806 2575 2525 2594
11065 6 2 8 6 1402 177 1457 5729 2016 6334
11066 6 2 8 6 5729 2016 6334 5730 2017 6335
11067 6 2 8 6 5730 2017 6335 5731 2018 6336
11068 6 2 8 6 5731 2018 6336 5732 2019 6337
11069 6 2 8 6 5732 2019 6337 5733 2020 6338
11070 6 2 8 6 5733 2020 6338 5734 2021 6339
11071 6 2 8 6 5734 2021 6339 5735 2022 6340
11072 6 2 8 6 5735 2022 6340 5736 2023 6341
11073 6 2 8 6 5736 2023 6341 5737 2024 6342
11074 6 2 8 6 5737 2024 6342 5738 2025 6343
11075 6 2 8 6 5738 2025 6343 5739 2026 6344
11076 6 2 8 6 5739 2026 6344 2497 379 2552
11077 6 2 8 6 1466 1459 1473 6433 6356 6510
11078 6 2 8 6 6433 6356 6510 6434 6357 6511
11079 6 2 8 6 6434 6357 6511 6435 6358 6512
11080 6 2 8 6 6435 6358 6512 6436 6359 6513
11081 6 2 8 6 6436 6359 6513 6437 6360 6514
11082 6 2 8 6 6437 6360 6514 6438 6361 6515
11083 6 2 8 6 6438 6361 6515 6439 6362 6516
11084 6 2 8 6 6439 6362 6516 6440 6363 6517
11085 6 2 8 6 6440 6363 6517 6441 6364 6518
11086 6 2 8 6 6441 6364 6518 6442 6365 6519
11087 6 2 8 6 6442 6365 6519 6443 6366 6520
11088 6 2 8 6 6443 6366 6520 2561 2554 2568
11089 6 2 8 6 12 237 1486 317 2479 6653
11090 6 2 8 6 317 2479 6653 318 2480 6654
11091 6 2 8 6 318 2480 6654 319 2481 6655
11092 6 2 8 6 319 2481 6655 320 2482 6656
11093 6 2 8 6 320 2482 6656 321 2483 6657
11094 6 2 8 6 321 2483 6657 322 2484 6658
11095 6 2 8 6 322 2484 6658 323 2485 6659
11096 6 2 8 6 323 2485 6659 324 2486 6660
11097 6 2 8 6 324 2486 6660 325 2487 6661
11098 6 2 8 6 325 2487 6661 326 2488 6662
11099 6 2 8 6 326 2488 6662 327 2489 6663
11100 6 2 8 6 327 2489 6663 23 439 2581
11101 6 2 8 6 1467 1458 1473 6444 6345 6510
11102 6 2 8 6 6444 6345 6510 6445 6346 6511
11103 6 2 8 6 6445 6346 6511 6446 6347 6512
11104 6 2 8 6 6446 6347 6512 6447 6348 6513
11105 6 2 8 6 6447 6348 6513 6448 6349 6514
11106 6 2 8 6 6448 6349 6514 6449 6350 6515
11107 6 2 8 6 6449 6350 6515 6450 6351 6516
11108 6 2 8 6 6450 6351 6516 6451 6352 6517
11109 6 2 8 6 6451 6352 6517 6452 6353 6518
11110 6 2 8 6 6452 6353 6518 6453 6354 6519
11111 6 2 8 6 6453 6354 6519 6454 6355 6520
11112 6 2 8 6 6454 6355 6520 2562 2553 2568
11113 6 2 8 6 1439 1414 1494 6136 5861 6741
11114 6 2 8 6 6136 5861 6741 6137 5862 6742
11115 6 2 8 6 6137 5862 6742 6138 5863 6743
11116 6 2 8 6 6138 5863 6743 6139 5864 6744
11117 6 2 8 6 6139 5864 6744 6140 5865 6745
11118 6 2 8 6 6140 5865 6745 6141 5866 6746
11119 6 2 8 6 6141 5866 6746 6142 5867 6747
11120 6 2 8 6 6142 5867 6747 6143 5868 6748
11121 6 2 8 6 6143 5868 6748 6144 5869 6749
11122 6 2 8 6 6144 5869 6749 6145 5870 6750
11123 6 2 8 6 6145 5870 6750 6146 5871 6751
11124 6 2 8 6 6146 5871 6751 2534 2509 2589
11125 6 2 8 6 1464 1462 1477 6411 6389 6554
11126 6 2 8 6 6411 6389 6554 6412 6390 6555
11127 6 2 8 6 6412 6390 6555 6413 6391 6556
11128 6 2 8 6 6413 6391 6556 6414 6392 6557
11129 6 2 8 6 6414 6392 6557 6415 6393 6558
11130 6 2 8 6 6415 6393 6558 6416 6394 6559
11131 6 2 8 6 6416 6394 6559 6417 6395 6560
11132 6 2 8 6 6417 6395 6560 6418 6396 6561
11133 6 2 8 6 6418 6396 6561 6419 6397 6562
11134 6 2 8 6 6419 6397 6562 6420 6398 6563
11135 6 2 8 6 6420 6398 6563 6421 6399 6564
11136 6 2 8 6 6421 6399 6564 2559 2557 2572
11137 6 2 8 6 1470 1405 1482 6477 5762 6609
11138 6 2 8 6 6477 5762 6609 6478 5763 6610
11139 6 2 8 6 6478 5763 6610 6479 5764 6611
11140 6 2 8 6 6479 5764 6611 6480 5765 6612
11141 6 2 8 6 6480 5765 6612 6481 5766 6613
11142 6 2 8 6 6481 5766 6613 6482 5767 6614
11143 6 2 8 6 6482 5767 6614 6483 5768 6615
11144 6 2 8 6 6483 5768 6615 6484 5769 6616
11145 6 2 8 6 6484 5769 6616 6485 5770 6617
11146 6 2 8 6 6485 5770 6617 6486 5771 6618
11147 6 2 8 6 6486 5771 6618 6487 5772 6619
11148 6 2 8 6 6487 5772 6619 2565 2500 2577
11149 6 2 8 6 179 1455 1476 2038 6312 6543
11150 6 2 8 6 2038 6312 6543 2039 6313 6544
11151 6 2 8 6 2039 6313 6544 2040 6314 6545
11152 6 2 8 6 2040 6314 6545 2041 6315 6546
11153 6 2 8 6 2041 6315 6546 2042 6316 6547
11154 6 2 8 6 2042 6316 6547 2043 6317 6548
11155 6 2 8 6 2043 6317 6548 2044 6318 6549
11156 6 2 8 6 2044 6318 6549 2045 6319 6550
11157 6 2 8 6 2045 6319 6550 2046 6320 6551
11158 6 2 8 6 2046 6320 6551 2047 6321 6552
11159 6 2 8 6 2047 6321 6552 2048 6322 6553
11160 6 2 8 6 2048 6322 6553 381 2550 2571
11161 6 2 8 6 1434 1411 1435 6081 5828 6092
11162 6 2 8 6 6081 5828 6092 6082 5829 6093
11163 6 2 8 6 6082 5829 6093 6083 5830 6094
11164 6 2 8 6 6083 5830 6094 6084 5831 6095
11165 6 2 8 6 6084 5831 6095 6085 5832 6096
11166 6 2 8 6 6085 5832 6096 6086 5833 6097
11167 6 2 8 6 6086 5833 6097 6087 5834 6098
11168 6 2 8 6 6087 5834 6098 6088 5835 6099
11169 6 2 8 6 6088 5835 6099 6089 5836 6100
11170 6 2 8 6 6089 5836 6100 6090 5837 6101
11171 6 2 8 6 6090 5837 6101 6091 5838 6102
11172 6 2 8 6 6091 5838 6102 2529 2506 2530
11173 6 2 8 6 202 201 1468 2215 2204 6455
11174 6 2 8 6 2215 2204 6455 2216 2205 6456
11175 6 2 8 6 2216 2205 6456 2217 2206 6457
11176 6 2 8 6 2217 2206 6457 2218 2207 6458
11177 6 2 8 6 2218 2207 6458 2219 2208 6459
11178 6 2 8 6 2219 2208 6459 2220 2209 6460
11179 6 2 8 6 2220 2209 6460 2221 2210 6461
11180 6 2 8 6 2221 2210 6461 2222 2211 6462
11181 6 2 8 6 2222 2211 6462 2223 2212 6463
11182 6 2 8 6 2223 2212 6463 2224 2213 6464
11183 6 2 8 6 2224 2213 6464 2225 2214 6465
11184 6 2 8 6 2225 2214 6465 404 403 2563
11185 6 2 8 6 1451 1480 1499 6268 6587 6796
11186 6 2 8 6 6268 6587 6796 6269 6588 6797
11187 6 2 8 6 6269 6588 6797 6270 6589 6798
11188 6 2 8 6 6270 6589 6798 6271 6590 6799
11189 6 2 8 6 6271 6590 6799 6272 6591 6800
11190 6 2 8 6 6272 6591 6800 6273 6592 6801
11191 6 2 8 6 6273 6592 6801 6274 6593 6802
11192 6 2 8 6 6274 6593 6802 6275 6594 6803
11193 6 2 8 6 6275 6594 6803 6276 6595 6804
11194 6 2 8 6 6276 6595 6804 6277 6596 6805
11195 6 2 8 6 6277 6596 6805 6278 6597 6806
11196 6 2 8 6 6278 6597 6806 2546 2575 2594
11197 6 2 8 6 229 230 1483 2391 2402 6620
11198 6 2 8 6 2391 2402 6620 2392 2403 6621
11199 6 2 8 6 2392 2403 6621 2393 2404 6622
11200 6 2 8 6 2393 2404 6622 2394 2405 6623
11201 6 2 8 6 2394 2405 6623 2395 2406 6624
11202 6 2 8 6 2395 2406 6624 2396 2407 6625
11203 6 2 8 6 2396 2407 6625 2397 2408 6626
11204 6 2 8 6 2397 2408 6626 2398 2409 6627
11205 6 2 8 6 2398 2409 6627 2399 2410 6628
11206 6 2 8 6 2399 2410 6628 2400 2411 6629
11207 6 2 8 6 2400 2411 6629 2401 2412 6630
11208 6 2 8 6 2401 2412 6630 431 432 2578
11209 6 2 8 6 1395 1452 1493 5652 6279 6730
11210 6 2 8 6 5652 6279 6730 5653 6280 6731
11211 6 2 8 6 5653 6280 6731 5654 6281 6732
11212 6 2 8 6 5654 6281 6732 5655 6282 6733
11213 6 2 8 6 5655 6282 6733 5656 6283 6734
11214 6 2 8 6 5656 6283 6734 5657 6284 6735
11215 6 2 8 6 5657 6284 6735 5658 6285 6736
11216 6 2 8 6 5658 6285 6736 5659 6286 6737
11217 6 2 8 6 5659 6286 6737 5660 6287 6738
11218 6 2 8 6 5660 6287 6738 5661 6288 6739
11219 6 2 8 6 5661 6288 6739 5662 6289 6740
11220 6 2 8 6 5662 6289 6740 2490 2547 2588
11221 6 2 8 6 1412 1434 1436 5839 6081 6103
11222 6 2 8 6 5839 6081 6103 5840 6082 6104
11223 6 2 8 6 5840 6082 6104 5841 6083 6105
11224 6 2 8 6 5841 6083 6105 5842 6084 6106
11225 6 2 8 6 5842 6084 6106 5843 6085 6107
11226 6 2 8 6 5843 6085 6107 5844 6086 6108
11227 6 2 8 6 5844 6086 6108 5845 6087 6109
11228 6 2 8 6 5845 6087 6109 5846 6088 6110
11229 6 2 8 6 5846 6088 6110 5847 6089 6111
11230 6 2 8 6 5847 6089 6111 5848 6090 6112
11231 6 2 8 6 5848 6090 6112 5849 6091 6113
11232 6 2 8 6 5849 6091 6113 2507 2529 2531
11233 6 2 8 6 1406 1411 1412 5773 5828 5839
11234 6 2 8 6 5773 5828 5839 5774 5829 5840
11235 6 2 8 6 5774 5829 5840 5775 5830 5841
11236 6 2 8 6 5775 5830 5841 5776 5831 5842
11237 6 2 8 6 5776 5831 5842 5777 5832 5843
11238 6 2 8 6 5777 5832 5843 5778 5833 5844
11239 6 2 8 6 5778 5833 5844 5779 5834 5845
11240 6 2 8 6 5779 5834 5845 5780 5835 5846
11241 6 2 8 6 5780 5835 5846 5781 5836 5847
11242 6 2 8 6 5781 5836 5847 5782 5837 5848
11243 6 2 8 6 5782 5837 5848 5783 5838 5849
11244 6 2 8 6 5783 5838 5849 2501 2506 2507
11245 6 2 8 6 1397 1467 1473 5674 6444 6510
11246 6 2 8 6 5674 6444 6510 5675 6445 6511
11247 6 2 8 6 5675 6445 6511 5676 6446 6512
11248 6 2 8 6 5676 6446 6512 5677 6447 6513
11249 6 2 8 6 5677 6447 6513 5678 6448 6514
11250 6 2 8 6 5678 6448 6514 5679 6449 6515
11251 6 2 8 6 5679 6449 6515 5680 6450 6516
11252 6 2 8 6 5680 6450 6516 5681 6451 6517
11253 6 2 8 6 5681 6451 6517 5682 6452 6518
11254 6 2 8 6 5682 6452 6518 5683 6453 6519
11255 6 2 8 6 5683 6453 6519 5684 6454 6520
11256 6 2 8 6 5684 6454 6520 2492 2562 2568
11257 6 2 8 6 1448 1447 1460 6235 6224 6367
11258 6 2 8 6 6235 6224 6367 6236 6225 6368
11259 6 2 8 6 6236 6225 6368 6237 6226 6369
11260 6 2 8 6 6237 6226 6369 6238 6227 6370
11261 6 2 8 6 6238 6227 6370 6239 6228 6371
11262 6 2 8 6 6239 6228 6371 6240 6229 6372
11263 6 2 8 6 6240 6229 6372 6241 6230 6373
11264 6 2 8 6 6241 6230 6373 6242 6231 6374
11265 6 2 8 6 6242 6231 6374 6243 6232 6375
11266 6 2 8 6 6243 6232 6375 6244 6233 6376
11267 6 2 8 6 6244 6233 6376 6245 6234 6377
11268 6 2 8 6 6245 6234 6377 2543 2542 2555
11269 6 2 8 6 1466 1473 1485 6433 6510 6642
11270 6 2 8 6 6433 6510 6642 6434 6511 6643
11271 6 2 8 6 6434 6511 6643 6435 6512 6644
11272 6 2 8 6 6435 6512 6644 6436 6513 6645
11273 6 2 8 6 6436 6513 6645 6437 6514 6646
11274 6 2 8 6 6437 6514 6646 6438 6515 6647
11275 6 2 8 6 6438 6515 6647 6439 6516 6648
11276 6 2 8 6 6439 6516 6648 6440 6517 6649
11277 6 2 8 6 6440 6517 6649 6441 6518 6650
11278 6 2 8 6 6441 6518 6650 6442 6519 6651
11279 6 2 8 6 6442 6519 6651 6443 6520 6652
11280 6 2 8 6 6443 6520 6652 2561 2568 2580
11281 6 2 8 6 17 216 1492 407 2248 6719
11282 6 2 8 6 407 2248 6719 408 2249 6720
11283 6 2 8 6 408 2249 6720 409 2250 6721
11284 6 2 8 6 409 2250 6721 410 2251 6722
11285 6 2 8 6 410 2251 6722 411 2252 6723
11286 6 2 8 6 411 2252 6723 412 2253 6724
11287 6 2 8 6 412 2253 6724 413 2254 6725
11288 6 2 8 6 413 2254 6725 414 2255 6726
11289 6 2 8 6 414 2255 6726 415 2256 6727
11290 6 2 8 6 415 2256 6727 416 2257 6728
11291 6 2 8 6 416 2257 6728 417 2258 6729
11292 6 2 8 6 417 2258 6729 28 418 2587
11293 6 2 8 6 1407 1409 1413 5784 5806 5850
11294 6 2 8 6 5784 5806 5850 5785 5807 5851
11295 6 2 8 6 5785 5807 5851 5786 5808 5852
11296 6 2 8 6 5786 5808 5852 5787 5809 5853
11297 6 2 8 6 5787 5809 5853 5788 5810 5854
11298 6 2 8 6 5788 5810 5854 5789 5811 5855
11299 6 2 8 6 5789 5811 5855 5790 5812 5856
11300 6 2 8 6 5790 5812 5856 5791 5813 5857
11301 6 2 8 6 5791 5813 5857 5792 5814 5858
11302 6 2 8 6 5792 5814 5858 5793 5815 5859
11303 6 2 8 6 5793 5815 5859 5794 5816 5860
11304 6 2 8 6 5794 5816 5860 2502 2504 2508
11305 6 2 8 6 1462 1421 1477 6389 5938 6554
11306 6 2 8 6 6389 5938 6554 6390 5939 6555
11307 6 2 8 6 6390 5939 6555 6391 5940 6556
11308 6 2 8 6 6391 5940 6556 6392 5941 6557
11309 6 2 8 6 6392 5941 6557 6393 5942 6558
11310 6 2 8 6 6393 5942 6558 6394 5943 6559
11311 6 2 8 6 6394 5943 6559 6395 5944 6560
11312 6 2 8 6 6395 5944 6560 6396 5945 6561
11313 6 2 8 6 6396 5945 6561 6397 5946 6562
11314 6 2 8 6 6397 5946 6562 6398 5947 6563
11315 6 2 8 6 6398 5947 6563 6399 5948 6564
11316 6 2 8 6 6399 5948 6564 2557 2516 2572
11317 6 2 8 6 1399 1451 1497 5696 6268 6774
11318 6 2 8 6 5696 6268 6774 5697 6269 6775
11319 6 2 8 6 5697 6269 6775 5698 6270 6776
11320 6 2 8 6 5698 6270 6776 5699 6271 6777
11321 6 2 8 6 5699 6271 6777 5700 6272 6778
11322 6 2 8 6 5700 6272 6778 5701 6273 6779
11323 6 2 8 6 5701 6273 6779 5702 6274 6780
11324 6 2 8 6 5702 6274 6780 5703 6275 6781
11325 6 2 8 6 5703 6275 6781 5704 6276 6782
11326 6 2 8 6 5704 6276 6782 5705 6277 6783
11327 6 2 8 6 5705 6277 6783 5706 6278 6784
11328 6 2 8 6 5706 6278 6784 2494 2546 2592
11329 6 2 8 6 1452 1441 1493 6279 6158 6730
11330 6 2 8 6 6279 6158 6730 6280 6159 6731
11331 6 2 8 6 6280 6159 6731 6281 6160 6732
11332 6 2 8 6 6281 6160 6732 6282 6161 6733
11333 6 2 8 6 6282 6161 6733 6283 6162 6734
11334 6 2 8 6 6283 6162 6734 6284 6163 6735
11335 6 2 8 6 6284 6163 6735 6285 6164 6736
11336 6 2 8 6 6285 6164 6736 6286 6165 6737
11337 6 2 8 6 6286 6165 6737 6287 6166 6738
11338 6 2 8 6 6287 6166 6738 6288 6167 6739
11339 6 2 8 6 6288 6167 6739 6289 6168 6740
11340 6 2 8 6 6289 6168 6740 2547 2536 2588
11341 6 2 8 6 1398 178 1476 5685 2027 6543
11342 6 2 8 6 5685 2027 6543 5686 2028 6544
11343 6 2 8 6 5686 2028 6544 5687 2029 6545
11344 6 2 8 6 5687 2029 6545 5688 2030 6546
11345 6 2 8 6 5688 2030 6546 5689 2031 6547
11346 6 2 8 6 5689 2031 6547 5690 2032 6548
11347 6 2 8 6 5690 2032 6548 5691 2033 6549
11348 6 2 8 6 5691 2033 6549 5692 2034 6550
11349 6 2 8 6 5692 2034 6550 5693 2035 6551
11350 6 2 8 6 5693 2035 6551 5694 2036 6552
11351 6 2 8 6 5694 2036 6552 5695 2037 6553
11352 6 2 8 6 5695 2037 6553 2493 380 2571
11353 6 2 8 6 1404 1466 1487 5751 6433 6664
11354 6 2 8 6 5751 6433 6664 5752 6434 6665
11355 6 2 8 6 5752 6434 6665 5753 6435 6666
11356 6 2 8 6 5753 6435 6666 5754 6436 6667
11357 6 2 8 6 5754 6436 6667 5755 6437 6668
11358 6 2 8 6 5755 6437 6668 5756 6438 6669
11359 6 2 8 6 5756 6438 6669 5757 6439 6670
11360 6 2 8 6 5757 6439 6670 5758 6440 6671
11361 6 2 8 6 5758 6440 6671 5759 6441 6672
11362 6 2 8 6 5759 6441 6672 5760 6442 6673
11363 6 2 8 6 5760 6442 6673 5761 6443 6674
11364 6 2 8 6 5761 6443 6674 2499 2561 2582
11365 6 2 8 6 199 198 1430 2182 2171 6037
11366 6 2 8 6 2182 2171 6037 2183 2172 6038
11367 6 2 8 6 2183 2172 6038 2184 2173 6039
11368 6 2 8 6 2184 2173 6039 2185 2174 6040
11369 6 2 8 6 2185 2174 6040 2186 2175 6041
11370 6 2 8 6 2186 2175 6041 2187 2176 6042
11371 6 2 8 6 2187 2176 6042 2188 2177 6043
11372 6 2 8 6 2188 2177 6043 2189 2178 6044
11373 6 2 8 6 2189 2178 6044 2190 2179 6045
11374 6 2 8 6 2190 2179 6045 2191 2180 6046
11375 6 2 8 6 2191 2180 6046 2192 2181 6047
11376 6 2 8 6 2192 2181 6047 401 400 2525
11377 6 2 8 6 15 1398 1406 364 5685 5773
11378 6 2 8 6 364 5685 5773 365 5686 5774
11379 6 2 8 6 365 5686 5774 366 5687 5775
11380 6 2 8 6 366 5687 5775 367 5688 5776
11381 6 2 8 6 367 5688 5776 368 5689 5777
11382 6 2 8 6 368 5689 5777 369 5690 5778
11383 6 2 8 6 369 5690 5778 370 5691 5779
11384 6 2 8 6 370 5691 5779 371 5692 5780
11385 6 2 8 6 371 5692 5780 372 5693 5781
11386 6 2 8 6 372 5693 5781 373 5694 5782
11387 6 2 8 6 373 5694 5782 374 5695 5783
11388 6 2 8 6 374 5695 5783 26 2493 2501
11389 6 2 8 6 1399 200 1480 5696 2193 6587
11390 6 2 8 6 5696 2193 6587 5697 2194 6588
11391 6 2 8 6 5697 2194 6588 5698 2195 6589
11392 6 2 8 6 5698 2195 6589 5699 2196 6590
11393 6 2 8 6 5699 2196 6590 5700 2197 6591
11394 6 2 8 6 5700 2197 6591 5701 2198 6592
11395 6 2 8 6 5701 2198 6592 5702 2199 6593
11396 6 2 8 6 5702 2199 6593 5703 2200 6594
11397 6 2 8 6 5703 2200 6594 5704 2201 6595
11398 6 2 8 6 5704 2201 6595 5705 2202 6596
11399 6 2 8 6 5705 2202 6596 5706 2203 6597
11400 6 2 8 6 5706 2203 6597 2494 402 2575
11401 6 2 8 6 225 226 1491 2347 2358 6708
11402 6 2 8 6 2347 2358 6708 2348 2359 6709
11403 6 2 8 6 2348 2359 6709 2349 2360 6710
11404 6 2 8 6 2349 2360 6710 2350 2361 6711
11405 6 2 8 6 2350 2361 6711 2351 2362 6712
11406 6 2 8 6 2351 2362 6712 2352 2363 6713
11407 6 2 8 6 2352 2363 6713 2353 2364 6714
11408 6 2 8 6 2353 2364 6714 2354 2365 6715
11409 6 2 8 6 2354 2365 6715 2355 2366 6716
11410 6 2 8 6 2355 2366 6716 2356 2367 6717
11411 6 2 8 6 2356 2367 6717 2357 2368 6718
11412 6 2 8 6 2357 2368 6718 427 428 2586
11413 6 2 8 6 1458 1425 1485 6345 5982 6642
11414 6 2 8 6 6345 5982 6642 6346 5983 6643
11415 6 2 8 6 6346 5983 6643 6347 5984 6644
11416 6 2 8 6 6347 5984 6644 6348 5985 6645
11417 6 2 8 6 6348 5985 6645 6349 5986 6646
11418 6 2 8 6 6349 5986 6646 6350 5987 6647
11419 6 2 8 6 6350 5987 6647 6351 5988 6648
11420 6 2 8 6 6351 5988 6648 6352 5989 6649
11421 6 2 8 6 6352 5989 6649 6353 5990 6650
11422 6 2 8 6 6353 5990 6650 6354 5991 6651
11423 6 2 8 6 6354 5991 6651 6355 5992 6652
11424 6 2 8 6 6355 5992 6652 2553 2520 2580
11425 6 2 8 6 1473 1458 1485 6510 6345 6642
11426 6 2 8 6 6510 6345 6642 6511 6346 6643
11427 6 2 8 6 6511 6346 6643 6512 6347 6644
11428 6 2 8 6 6512 6347 6644 6513 6348 6645
11429 6 2 8 6 6513 6348 6645 6514 6349 6646
11430 6 2 8 6 6514 6349 6646 6515 6350 6647
11431 6 2 8 6 6515 6350 6647 6516 6351 6648
11432 6 2 8 6 6516 6351 6648 6517 6352 6649
11433 6 2 8 6 6517 6352 6649 6518 6353 6650
11434 6 2 8 6 6518 6353 6650 6519 6354 6651
11435 6 2 8 6 6519 6354 6651 6520 6355 6652
11436 6 2 8 6 6520 6355 6652 2568 2553 2580
11437 6 2 8 6 1406 1398 1407 5773 5685 5784
11438 6 2 8 6 5773 5685 5784 5774 5686 5785
11439 6 2 8 6 5774 5686 5785 5775 5687 5786
11440 6 2 8 6 5775 5687 5786 5776 5688 5787
11441 6 2 8 6 5776 5688 5787 5777 5689 5788
11442 6 2 8 6 5777 5689 5788 5778 5690 5789
11443 6 2 8 6 5778 5690 5789 5779 5691 5790
11444 6 2 8 6 5779 5691 5790 5780 5692 5791
11445 6 2 8 6 5780 5692 5791 5781 5693 5792
11446 6 2 8 6 5781 5693 5792 5782 5694 5793
11447 6 2 8 6 5782 5694 5793 5783 5695 5794
11448 6 2 8 6 5783 5695 5794 2501 2493 2502
11449 6 2 8 6 226 227 1490 2358 2369 6697
11450 6 2 8 6 2358 2369 6697 2359 2370 6698
11451 6 2 8 6 2359 2370 6698 2360 2371 6699
11452 6 2 8 6 2360 2371 6699 2361 2372 6700
11453 6 2 8 6 2361 2372 6700 2362 2373 6701
11454 6 2 8 6 2362 2373 6701 2363 2374 6702
11455 6 2 8 6 2363 2374 6702 2364 2375 6703
11456 6 2 8 6 2364 2375 6703 2365 2376 6704
11457 6 2 8 6 2365 2376 6704 2366 2377 6705
11458 6 2 8 6 2366 2377 6705 2367 2378 6706
11459 6 2 8 6 2367 2378 6706 2368 2379 6707
11460 6 2 8 6 2368 2379 6707 428 429 2585
11461 6 2 8 6 203 202 1408 2226 2215 5795
11462 6 2 8 6 2226 2215 5795 2227 2216 5796
11463 6 2 8 6 2227 2216 5796 2228 2217 5797
11464 6 2 8 6 2228 2217 5797 2229 2218 5798
11465 6 2 8 6 2229 2218 5798 2230 2219 5799
11466 6 2 8 6 2230 2219 5799 2231 2220 5800
11467 6 2 8 6 2231 2220 5800 2232 2221 5801
11468 6 2 8 6 2232 2221 5801 2233 2222 5802
11469 6 2 8 6 2233 2222 5802 2234 2223 5803
11470 6 2 8 6 2234 2223 5803 2235 2224 5804
11471 6 2 8 6 2235 2224 5804 2236 2225 5805
11472 6 2 8 6 2236 2225 5805 405 404 2503
11473 6 2 8 6 1442 1443 1484 6169 6180 6631
11474 6 2 8 6 6169 6180 6631 6170 6181 6632
11475 6 2 8 6 6170 6181 6632 6171 6182 6633
11476 6 2 8 6 6171 6182 6633 6172 6183 6634
11477 6 2 8 6 6172 6183 6634 6173 6184 6635
11478 6 2 8 6 6173 6184 6635 6174 6185 6636
11479 6 2 8 6 6174 6185 6636 6175 6186 6637
11480 6 2 8 6 6175 6186 6637 6176 6187 6638
11481 6 2 8 6 6176 6187 6638 6177 6188 6639
11482 6 2 8 6 6177 6188 6639 6178 6189 6640
11483 6 2 8 6 6178 6189 6640 6179 6190 6641
11484 6 2 8 6 6179 6190 6641 2537 2538 2579
11485 6 2 8 6 1444 1395 1493 6191 5652 6730
11486 6 2 8 6 6191 5652 6730 6192 5653 6731
11487 6 2 8 6 6192 5653 6731 6193 5654 6732
11488 6 2 8 6 6193 5654 6732 6194 5655 6733
11489 6 2 8 6 6194 5655 6733 6195 5656 6734
11490 6 2 8 6 6195 5656 6734 6196 5657 6735
11491 6 2 8 6 6196 5657 6735 6197 5658 6736
11492 6 2 8 6 6197 5658 6736 6198 5659 6737
11493 6 2 8 6 6198 5659 6737 6199 5660 6738
11494 6 2 8 6 6199 5660 6738 6200 5661 6739
11495 6 2 8 6 6200 5661 6739 6201 5662 6740
11496 6 2 8 6 6201 5662 6740 2539 2490 2588
11497 6 2 8 6 1445 1451 1499 6202 6268 6796
11498 6 2 8 6 6202 6268 6796 6203 6269 6797
11499 6 2 8 6 6203 6269 6797 6204 6270 6798
11500 6 2 8 6 6204 6270 6798 6205 6271 6799
11501 6 2 8 6 6205 6271 6799 6206 6272 6800
11502 6 2 8 6 6206 6272 6800 6207 6273 6801
11503 6 2 8 6 6207 6273 6801 6208 6274 6802
11504 6 2 8 6 6208 6274 6802 6209 6275 6803
11505 6 2 8 6 6209 6275 6803 6210 6276 6804
11506 6 2 8 6 6210 6276 6804 6211 6277 6805
11507 6 2 8 6 6211 6277 6805 6212 6278 6806
11508 6 2 8 6 6212 6278 6806 2540 2546 2594
11509 6 2 8 6 1406 1407 1411 5773 5784 5828
11510 6 2 8 6 5773 5784 5828 5774 5785 5829
11511 6 2 8 6 5774 5785 5829 5775 5786 5830
11512 6 2 8 6 5775 5786 5830 5776 5787 5831
11513 6 2 8 6 5776 5787 5831 5777 5788 5832
11514 6 2 8 6 5777 5788 5832 5778 5789 5833
11515 6 2 8 6 5778 5789 5833 5779 5790 5834
11516 6 2 8 6 5779 5790 5834 5780 5791 5835
11517 6 2 8 6 5780 5791 5835 5781 5792 5836
11518 6 2 8 6 5781 5792 5836 5782 5793 5837
11519 6 2 8 6 5782 5793 5837 5783 5794 5838
11520 6 2 8 6 5783 5794 5838 2501 2502 2506
11521 6 2 8 6 1412 1411 1434 5839 5828 6081
11522 6 2 8 6 5839 5828 6081 5840 5829 6082
11523 6 2 8 6 5840 5829 6082 5841 5830 6083
11524 6 2 8 6 5841 5830 6083 5842 5831 6084
11525 6 2 8 6 5842 5831 6084 5843 5832 6085
11526 6 2 8 6 5843 5832 6085 5844 5833 6086
11527 6 2 8 6 5844 5833 6086 5845 5834 6087
11528 6 2 8 6 5845 5834 6087 5846 5835 6088
11529 6 2 8 6 5846 5835 6088 5847 5836 6089
11530 6 2 8 6 5847 5836 6089 5848 5837 6090
11531 6 2 8 6 5848 5837 6090 5849 5838 6091
11532 6 2 8 6 5849 5838 6091 2507 2506 2529
11533 6 2 8 6 1413 1438 1478 5850 6125 6565
11534 6 2 8 6 5850 6125 6565 5851 6126 6566
11535 6 2 8 6 5851 6126 6566 5852 6127 6567
11536 6 2 8 6 5852 6127 6567 5853 6128 6568
11537 6 2 8 6 5853 6128 6568 5854 6129 6569
11538 6 2 8 6 5854 6129 6569 5855 6130 6570
11539 6 2 8 6 5855 6130 6570 5856 6131 6571
11540 6 2 8 6 5856 6131 6571 5857 6132 6572
11541 6 2 8 6 5857 6132 6572 5858 6133 6573
11542 6 2 8 6 5858 6133 6573 5859 6134 6574
11543 6 2 8 6 5859 6134 6574 5860 6135 6575
11544 6 2 8 6 5860 6135 6575 2508 2533 2573
11545 6 2 8 6 204 203 1474 2237 2226 6521
11546 6 2 8 6 2237 2226 6521 2238 2227 6522
11547 6 2 8 6 2238 2227 6522 2239 2228 6523
11548 6 2 8 6 2239 2228 6523 2240 2229 6524
11549 6 2 8 6 2240 2229 6524 2241 2230 6525
11550 6 2 8 6 2241 2230 6525 2242 2231 6526
11551 6 2 8 6 2242 2231 6526 2243 2232 6527
11552 6 2 8 6 2243 2232 6527 2244 2233 6528
11553 6 2 8 6 2244 2233 6528 2245 2234 6529
11554 6 2 8 6 2245 2234 6529 2246 2235 6530
11555 6 2 8 6 2246 2235 6530 2247 2236 6531
11556 6 2 8 6 2247 2236 6531 406 405 2569
11557 6 2 8 6 237 1454 1486 2479 6301 6653
11558 6 2 8 6 2479 6301 6653 2480 6302 6654
11559 6 2 8 6 2480 6302 6654 2481 6303 6655
11560 6 2 8 6 2481 6303 6655 2482 6304 6656
11561 6 2 8 6 2482 6304 6656 2483 6305 6657
11562 6 2 8 6 2483 6305 6657 2484 6306 6658
11563 6 2 8 6 2484 6306 6658 2485 6307 6659
11564 6 2 8 6 2485 6307 6659 2486 6308 6660
11565 6 2 8 6 2486 6308 6660 2487 6309 6661
11566 6 2 8 6 2487 6309 6661 2488 6310 6662
11567 6 2 8 6 2488 6310 6662 2489 6311 6663
11568 6 2 8 6 2489 6311 6663 439 2549 2581
11569 6 2 8 6 1409 1398 1476 5806 5685 6543
11570 6 2 8 6 5806 5685 6543 5807 5686 6544
11571 6 2 8 6 5807 5686 6544 5808 5687 6545
11572 6 2 8 6 5808 5687 6545 5809 5688 6546
11573 6 2 8 6 5809 5688 6546 5810 5689 6547
11574 6 2 8 6 5810 5689 6547 5811 5690 6548
11575 6 2 8 6 5811 5690 6548 5812 5691 6549
11576 6 2 8 6 5812 5691 6549 5813 5692 6550
11577 6 2 8 6 5813 5692 6550 5814 5693 6551
11578 6 2 8 6 5814 5693 6551 5815 5694 6552
11579 6 2 8 6 5815 5694 6552 5816 5695 6553
11580 6 2 8 6 5816 5695 6553 2504 2493 2571
11581 6 2 8 6 1435 1411 1478 6092 5828 6565
11582 6 2 8 6 6092 5828 6565 6093 5829 6566
11583 6 2 8 6 6093 5829 6566 6094 5830 6567
11584 6 2 8 6 6094 5830 6567 6095 5831 6568
11585 6 2 8 6 6095 5831 6568 6096 5832 6569
11586 6 2 8 6 6096 5832 6569 6097 5833 6570
11587 6 2 8 6 6097 5833 6570 6098 5834 6571
11588 6 2 8 6 6098 5834 6571 6099 5835 6572
11589 6 2 8 6 6099 5835 6572 6100 5836 6573
11590 6 2 8 6 6100 5836 6573 6101 5837 6574
11591 6 2 8 6 6101 5837 6574 6102 5838 6575
11592 6 2 8 6 6102 5838 6575 2530 2506 2573
11593 6 2 8 6 222 223 1500 2314 2325 6807
11594 6 2 8 6 2314 2325 6807 2315 2326 6808
11595 6 2 8 6 2315 2326 6808 2316 2327 6809
11596 6 2 8 6 2316 2327 6809 2317 2328 6810
11597 6 2 8 6 2317 2328 6810 2318 2329 6811
11598 6 2 8 6 2318 2329 6811 2319 2330 6812
11599 6 2 8 6 2319 2330 6812 2320 2331 6813
11600 6 2 8 6 2320 2331 6813 2321 2332 6814
11601 6 2 8 6 2321 2332 6814 2322 2333 6815
11602 6 2 8 6 2322 2333 6815 2323 2334 6816
11603 6 2 8 6 2323 2334 6816 2324 2335 6817
11604 6 2 8 6 2324 2335 6817 424 425 2595
11605 6 2 8 6 1464 222 1500 6411 2314 6807
11606 6 2 8 6 6411 2314 6807 6412 2315 6808
11607 6 2 8 6 6412 2315 6808 6413 2316 6809
11608 6 2 8 6 6413 2316 6809 6414 2317 6810
11609 6 2 8 6 6414 2317 6810 6415 2318 6811
11610 6 2 8 6 6415 2318 6811 6416 2319 6812
11611 6 2 8 6 6416 2319 6812 6417 2320 6813
11612 6 2 8 6 6417 2320 6813 6418 2321 6814
11613 6 2 8 6 6418 2321 6814 6419 2322 6815
11614 6 2 8 6 6419 2322 6815 6420 2323 6816
11615 6 2 8 6 6420 2323 6816 6421 2324 6817
11616 6 2 8 6 6421 2324 6817 2559 424 2595
11617 6 2 8 6 1449 1450 1488 6246 6257 6675
11618 6 2 8 6 6246 6257 6675 6247 6258 6676
11619 6 2 8 6 6247 6258 6676 6248 6259 6677
11620 6 2 8 6 6248 6259 6677 6249 6260 6678
11621 6 2 8 6 6249 6260 6678 6250 6261 6679
11622 6 2 8 6 6250 6261 6679 6251 6262 6680
11623 6 2 8 6 6251 6262 6680 6252 6263 6681
11624 6 2 8 6 6252 6263 6681 6253 6264 6682
11625 6 2 8 6 6253 6264 6682 6254 6265 6683
11626 6 2 8 6 6254 6265 6683 6255 6266 6684
11627 6 2 8 6 6255 6266 6684 6256 6267 6685
11628 6 2 8 6 6256 6267 6685 2544 2545 2583
11629 6 2 8 6 201 1399 1468 2204 5696 6455
11630 6 2 8 6 2204 5696 6455 2205 5697 6456
11631 6 2 8 6 2205 5697 6456 2206 5698 6457
11632 6 2 8 6 2206 5698 6457 2207 5699 6458
11633 6 2 8 6 2207 5699 6458 2208 5700 6459
11634 6 2 8 6 2208 5700 6459 2209 5701 6460
11635 6 2 8 6 2209 5701 6460 2210 5702 6461
11636 6 2 8 6 2210 5702 6461 2211 5703 6462
11637 6 2 8 6 2211 5703 6462 2212 5704 6463
11638 6 2 8 6 2212 5704 6463 2213 5705 6464
11639 6 2 8 6 2213 5705 6464 2214 5706 6465
11640 6 2 8 6 2214 5706 6465 403 2494 2563
11641 6 2 8 6 1463 1464 1500 6400 6411 6807
11642 6 2 8 6 6400 6411 6807 6401 6412 6808
11643 6 2 8 6 6401 6412 6808 6402 6413 6809
11644 6 2 8 6 6402 6413 6809 6403 6414 6810
11645 6 2 8 6 6403 6414 6810 6404 6415 6811
11646 6 2 8 6 6404 6415 6811 6405 6416 6812
11647 6 2 8 6 6405 6416 6812 6406 6417 6813
11648 6 2 8 6 6406 6417 6813 6407 6418 6814
11649 6 2 8 6 6407 6418 6814 6408 6419 6815
11650 6 2 8 6 6408 6419 6815 6409 6420 6816
11651 6 2 8 6 6409 6420 6816 6410 6421 6817
11652 6 2 8 6 6410 6421 6817 2558 2559 2595
11653 6 2 8 6 1415 1417 1489 5872 5894 6686
11654 6 2 8 6 5872 5894 6686 5873 5895 6687
11655 6 2 8 6 5873 5895 6687 5874 5896 6688
11656 6 2 8 6 5874 5896 6688 5875 5897 6689
11657 6 2 8 6 5875 5897 6689 5876 5898 6690
11658 6 2 8 6 5876 5898 6690 5877 5899 6691
11659 6 2 8 6 5877 5899 6691 5878 5900 6692
11660 6 2 8 6 5878 5900 6692 5879 5901 6693
11661 6 2 8 6 5879 5901 6693 5880 5902 6694
11662 6 2 8 6 5880 5902 6694 5881 5903 6695
11663 6 2 8 6 5881 5903 6695 5882 5904 6696
11664 6 2 8 6 5882 5904 6696 2510 2512 2584
11665 6 2 8 6 1407 1413 1478 5784 5850 6565
11666 6 2 8 6 5784 5850 6565 5785 5851 6566
11667 6 2 8 6 5785 5851 6566 5786 5852 6567
11668 6 2 8 6 5786 5852 6567 5787 5853 6568
11669 6 2 8 6 5787 5853 6568 5788 5854 6569
11670 6 2 8 6 5788 5854 6569 5789 5855 6570
11671 6 2 8 6 5789 5855 6570 5790 5856 6571
11672 6 2 8 6 5790 5856 6571 5791 5857 6572
11673 6 2 8 6 5791 5857 6572 5792 5858 6573
11674 6 2 8 6 5792 5858 6573 5793 5859 6574
11675 6 2 8 6 5793 5859 6574 5794 5860 6575
11676 6 2 8 6 5794 5860 6575 2502 2508 2573
11677 6 2 8 6 1443 1466 1485 6180 6433 6642
11678 6 2 8 6 6180 6433 6642 6181 6434 6643
11679 6 2 8 6 6181 6434 6643 6182 6435 6644
11680 6 2 8 6 6182 6435 6644 6183 6436 6645
11681 6 2 8 6 6183 6436 6645 6184 6437 6646
11682 6 2 8 6 6184 6437 6646 6185 6438 6647
11683 6 2 8 6 6185 6438 6647 6186 6439 6648
11684 6 2 8 6 6186 6439 6648 6187 6440 6649
11685 6 2 8 6 6187 6440 6649 6188 6441 6650
11686 6 2 8 6 6188 6441 6650 6189 6442 6651
11687 6 2 8 6 6189 6442 6651 6190 6443 6652
11688 6 2 8 6 6190 6443 6652 2538 2561 2580
11689 6 2 8 6 1482 1405 1495 6609 5762 6752
11690 6 2 8 6 6609 5762 6752 6610 5763 6753
11691 6 2 8 6 6610 5763 6753 6611 5764 6754
11692 6 2 8 6 6611 5764 6754 6612 5765 6755
11693 6 2 8 6 6612 5765 6755 6613 5766 6756
11694 6 2 8 6 6613 5766 6756 6614 5767 6757
11695 6 2 8 6 6614 5767 6757 6615 5768 6758
11696 6 2 8 6 6615 5768 6758 6616 5769 6759
11697 6 2 8 6 6616 5769 6759 6617 5770 6760
11698 6 2 8 6 6617 5770 6760 6618 5771 6761
11699 6 2 8 6 6618 5771 6761 6619 5772 6762
11700 6 2 8 6 6619 5772 6762 2577 2500 2590
11701 6 2 8 6 199 1430 1480 2182 6037 6587
11702 6 2 8 6 2182 6037 6587 2183 6038 6588
11703 6 2 8 6 2183 6038 6588 2184 6039 6589
11704 6 2 8 6 2184 6039 6589 2185 6040 6590
11705 6 2 8 6 2185 6040 6590 2186 6041 6591
11706 6 2 8 6 2186 6041 6591 2187 6042 6592
11707 6 2 8 6 2187 6042 6592 2188 6043 6593
11708 6 2 8 6 2188 6043 6593 2189 6044 6594
11709 6 2 8 6 2189 6044 6594 2190 6045 6595
11710 6 2 8 6 2190 6045 6595 2191 6046 6596
11711 6 2 8 6 2191 6046 6596 2192 6047 6597
11712 6 2 8 6 2192 6047 6597 401 2525 2575
11713 6 2 8 6 1481 1450 1483 6598 6257 6620
11714 6 2 8 6 6598 6257 6620 6599 6258 6621
11715 6 2 8 6 6599 6258 6621 6600 6259 6622
11716 6 2 8 6 6600 6259 6622 6601 6260 6623
11717 6 2 8 6 6601 6260 6623 6602 6261 6624
11718 6 2 8 6 6602 6261 6624 6603 6262 6625
11719 6 2 8 6 6603 6262 6625 6604 6263 6626
11720 6 2 8 6 6604 6263 6626 6605 6264 6627
11721 6 2 8 6 6605 6264 6627 6606 6265 6628
11722 6 2 8 6 6606 6265 6628 6607 6266 6629
11723 6 2 8 6 6607 6266 6629 6608 6267 6630
11724 6 2 8 6 6608 6267 6630 2576 2545 2578
11725 6 2 8 6 1411 1407 1478 5828 5784 6565
11726 6 2 8 6 5828 5784 6565 5829 5785 6566
11727 6 2 8 6 5829 5785 6566 5830 5786 6567
11728 6 2 8 6 5830 5786 6567 5831 5787 6568
11729 6 2 8 6 5831 5787 6568 5832 5788 6569
11730 6 2 8 6 5832 5788 6569 5833 5789 6570
11731 6 2 8 6 5833 5789 6570 5834 5790 6571
11732 6 2 8 6 5834 5790 6571 5835 5791 6572
11733 6 2 8 6 5835 5791 6572 5836 5792 6573
11734 6 2 8 6 5836 5792 6573 5837 5793 6574
11735 6 2 8 6 5837 5793 6574 5838 5794 6575
11736 6 2 8 6 5838 5794 6575 2506 2502 2573
11737 6 2 8 6 1454 1404 1487 6301 5751 6664
11738 6 2 8 6 6301 5751 6664 6302 5752 6665
11739 6 2 8 6 6302 5752 6665 6303 5753 6666
11740 6 2 8 6 6303 5753 6666 6304 5754 6667
11741 6 2 8 6 6304 5754 6667 6305 5755 6668
11742 6 2 8 6 6305 5755 6668 6306 5756 6669
11743 6 2 8 6 6306 5756 6669 6307 5757 6670
11744 6 2 8 6 6307 5757 6670 6308 5758 6671
11745 6 2 8 6 6308 5758 6671 6309 5759 6672
11746 6 2 8 6 6309 5759 6672 6310 5760 6673
11747 6 2 8 6 6310 5760 6673 6311 5761 6674
11748 6 2 8 6 6311 5761 6674 2549 2499 2582
11749 6 2 8 6 1438 1415 1489 6125 5872 6686
11750 6 2 8 6 6125 5872 6686 6126 5873 6687
11751 6 2 8 6 6126 5873 6687 6127 5874 6688
11752 6 2 8 6 6127 5874 6688 6128 5875 6689
11753 6 2 8 6 6128 5875 6689 6129 5876 6690
11754 6 2 8 6 6129 5876 6690 6130 5877 6691
11755 6 2 8 6 6130 5877 6691 6131 5878 6692
11756 6 2 8 6 6131 5878 6692 6132 5879 6693
11757 6 2 8 6 6132 5879 6693 6133 5880 6694
11758 6 2 8 6 6133 5880 6694 6134 5881 6695
11759 6 2 8 6 6134 5881 6695 6135 5882 6696
11760 6 2 8 6 6135 5882 6696 2533 2510 2584
11761 6 2 8 6 1405 1471 1495 5762 6488 6752
11762 6 2 8 6 5762 6488 6752 5763 6489 6753
11763 6 2 8 6 5763 6489 6753 5764 6490 6754
11764 6 2 8 6 5764 6490 6754 5765 6491 6755
11765 6 2 8 6 5765 6491 6755 5766 6492 6756
11766 6 2 8 6 5766 6492 6756 5767 6493 6757
11767 6 2 8 6 5767 6493 6757 5768 6494 6758
11768 6 2 8 6 5768 6494 6758 5769 6495 6759
11769 6 2 8 6 5769 6495 6759 5770 6496 6760
11770 6 2 8 6 5770 6496 6760 5771 6497 6761
11771 6 2 8 6 5771 6497 6761 5772 6498 6762
11772 6 2 8 6 5772 6498 6762 2500 2566 2590
11773 6 2 8 6 1436 1434 1490 6103 6081 6697
11774 6 2 8 6 6103 6081 6697 6104 6082 6698
11775 6 2 8 6 6104 6082 6698 6105 6083 6699
11776 6 2 8 6 6105 6083 6699 6106 6084 6700
11777 6 2 8 6 6106 6084 6700 6107 6085 6701
11778 6 2 8 6 6107 6085 6701 6108 6086 6702
11779 6 2 8 6 6108 6086 6702 6109 6087 6703
11780 6 2 8 6 6109 6087 6703 6110 6088 6704
11781 6 2 8 6 6110 6088 6704 6111 6089 6705
11782 6 2 8 6 6111 6089 6705 6112 6090 6706
11783 6 2 8 6 6112 6090 6706 6113 6091 6707
11784 6 2 8 6 6113 6091 6707 2531 2529 2585
11785 6 2 8 6 216 1470 1492 2248 6477 6719
11786 6 2 8 6 2248 6477 6719 2249 6478 6720
11787 6 2 8 6 2249 6478 6720 2250 6479 6721
11788 6 2 8 6 2250 6479 6721 2251 6480 6722
11789 6 2 8 6 2251 6480 6722 2252 6481 6723
11790 6 2 8 6 2252 6481 6723 2253 6482 6724
11791 6 2 8 6 2253 6482 6724 2254 6483 6725
11792 6 2 8 6 2254 6483 6725 2255 6484 6726
11793 6 2 8 6 2255 6484 6726 2256 6485 6727
11794 6 2 8 6 2256 6485 6727 2257 6486 6728
11795 6 2 8 6 2257 6486 6728 2258 6487 6729
11796 6 2 8 6 2258 6487 6729 418 2565 2587
11797 6 2 8 6 1408 202 1468 5795 2215 6455
11798 6 2 8 6 5795 2215 6455 5796 2216 6456
11799 6 2 8 6 5796 2216 6456 5797 2217 6457
11800 6 2 8 6 5797 2217 6457 5798 2218 6458
11801 6 2 8 6 5798 2218 6458 5799 2219 6459
11802 6 2 8 6 5799 2219 6459 5800 2220 6460
11803 6 2 8 6 5800 2220 6460 5801 2221 6461
11804 6 2 8 6 5801 2221 6461 5802 2222 6462
11805 6 2 8 6 5802 2222 6462 5803 2223 6463
11806 6 2 8 6 5803 2223 6463 5804 2224 6464
11807 6 2 8 6 5804 2224 6464 5805 2225 6465
11808 6 2 8 6 5805 2225 6465 2503 404 2563
11809 6 2 8 6 1434 1435 1491 6081 6092 6708
11810 6 2 8 6 6081 6092 6708 6082 6093 6709
11811 6 2 8 6 6082 6093 6709 6083 6094 6710
11812 6 2 8 6 6083 6094 6710 6084 6095 6711
11813 6 2 8 6 6084 6095 6711 6085 6096 6712
11814 6 2 8 6 6085 6096 6712 6086 6097 6713
11815 6 2 8 6 6086 6097 6713 6087 6098 6714
11816 6 2 8 6 6087 6098 6714 6088 6099 6715
11817 6 2 8 6 6088 6099 6715 6089 6100 6716
11818 6 2 8 6 6089 6100 6716 6090 6101 6717
11819 6 2 8 6 6090 6101 6717 6091 6102 6718
11820 6 2 8 6 6091 6102 6718 2529 2530 2586
11821 6 2 8 6 1474 1408 1481 6521 5795 6598
11822 6 2 8 6 6521 5795 6598 6522 5796 6599
11823 6 2 8 6 6522 5796 6599 6523 5797 6600
11824 6 2 8 6 6523 5797 6600 6524 5798 6601
11825 6 2 8 6 6524 5798 6601 6525 5799 6602
11826 6 2 8 6 6525 5799 6602 6526 5800 6603
11827 6 2 8 6 6526 5800 6603 6527 5801 6604
11828 6 2 8 6 6527 5801 6604 6528 5802 6605
11829 6 2 8 6 6528 5802 6605 6529 5803 6606
11830 6 2 8 6 6529 5803 6606 6530 5804 6607
11831 6 2 8 6 6530 5804 6607 6531 5805 6608
11832 6 2 8 6 6531 5805 6608 2569 2503 2576
11833 6 2 8 6 1408 1468 1488 5795 6455 6675
11834 6 2 8 6 5795 6455 6675 5796 6456 6676
11835 6 2 8 6 5796 6456 6676 5797 6457 6677
11836 6 2 8 6 5797 6457 6677 5798 6458 6678
11837 6 2 8 6 5798 6458 6678 5799 6459 6679
11838 6 2 8 6 5799 6459 6679 5800 6460 6680
11839 6 2 8 6 5800 6460 6680 5801 6461 6681
11840 6 2 8 6 5801 6461 6681 5802 6462 6682
11841 6 2 8 6 5802 6462 6682 5803 6463 6683
11842 6 2 8 6 5803 6463 6683 5804 6464 6684
11843 6 2 8 6 5804 6464 6684 5805 6465 6685
11844 6 2 8 6 5805 6465 6685 2503 2563 2583
11845 6 2 8 6 1481 1408 1488 6598 5795 6675
11846 6 2 8 6 6598 5795 6675 6599 5796 6676
11847 6 2 8 6 6599 5796 6676 6600 5797 6677
11848 6 2 8 6 6600 5797 6677 6601 5798 6678
11849 6 2 8 6 6601 5798 6678 6602 5799 6679
11850 6 2 8 6 6602 5799 6679 6603 5800 6680
11851 6 2 8 6 6603 5800 6680 6604 5801 6681
11852 6 2 8 6 6604 5801 6681 6605 5802 6682
11853 6 2 8 6 6605 5802 6682 6606 5803 6683
11854 6 2 8 6 6606 5803 6683 6607 5804 6684
11855 6 2 8 6 6607 5804 6684 6608 5805 6685
11856 6 2 8 6 6608 5805 6685 2576 2503 2583
11857 6 2 8 6 1436 1490 1496 6103 6697 6763
11858 6 2 8 6 6103 6697 6763 6104 6698 6764
11859 6 2 8 6 6104 6698 6764 6105 6699 6765
11860 6 2 8 6 6105 6699 6765 6106 6700 6766
11861 6 2 8 6 6106 6700 6766 6107 6701 6767
11862 6 2 8 6 6107 6701 6767 6108 6702 6768
11863 6 2 8 6 6108 6702 6768 6109 6703 6769
11864 6 2 8 6 6109 6703 6769 6110 6704 6770
11865 6 2 8 6 6110 6704 6770 6111 6705 6771
11866 6 2 8 6 6111 6705 6771 6112 6706 6772
11867 6 2 8 6 6112 6706 6772 6113 6707 6773
11868 6 2 8 6 6113 6707 6773 2531 2585 2591
11869 6 2 8 6 203 1408 1474 2226 5795 6521
11870 6 2 8 6 2226 5795 6521 2227 5796 6522
11871 6 2 8 6 2227 5796 6522 2228 5797 6523
11872 6 2 8 6 2228 5797 6523 2229 5798 6524
11873 6 2 8 6 2229 5798 6524 2230 5799 6525
11874 6 2 8 6 2230 5799 6525 2231 5800 6526
11875 6 2 8 6 2231 5800 6526 2232 5801 6527
11876 6 2 8 6 2232 5801 6527 2233 5802 6528
11877 6 2 8 6 2233 5802 6528 2234 5803 6529
11878 6 2 8 6 2234 5803 6529 2235 5804 6530
11879 6 2 8 6 2235 5804 6530 2236 5805 6531
11880 6 2 8 6 2236 5805 6531 405 2503 2569
11881 6 2 8 6 1461 1436 1496 6378 6103 6763
11882 6 2 8 6 6378 6103 6763 6379 6104 6764
11883 6 2 8 6 6379 6104 6764 6380 6105 6765
11884 6 2 8 6 6380 6105 6765 6381 6106 6766
11885 6 2 8 6 6381 6106 6766 6382 6107 6767
11886 6 2 8 6 6382 6107 6767 6383 6108 6768
11887 6 2 8 6 6383 6108 6768 6384 6109 6769
11888 6 2 8 6 6384 6109 6769 6385 6110 6770
11889 6 2 8 6 6385 6110 6770 6386 6111 6771
11890 6 2 8 6 6386 6111 6771 6387 6112 6772
11891 6 2 8 6 6387 6112 6772 6388 6113 6773
11892 6 2 8 6 6388 6113 6773 2556 2531 2591
11893 6 2 8 6 1490 1434 1491 6697 6081 6708
11894 6 2 8 6 6697 6081 6708 6698 6082 6709
11895 6 2 8 6 6698 6082 6709 6699 6083 6710
11896 6 2 8 6 6699 6083 6710 6700 6084 6711
11897 6 2 8 6 6700 6084 6711 6701 6085 6712
11898 6 2 8 6 6701 6085 6712 6702 6086 6713
11899 6 2 8 6 6702 6086 6713 6703 6087 6714
11900 6 2 8 6 6703 6087 6714 6704 6088 6715
11901 6 2 8 6 6704 6088 6715 6705 6089 6716
11902 6 2 8 6 6705 6089 6716 6706 6090 6717
11903 6 2 8 6 6706 6090 6717 6707 6091 6718
11904 6 2 8 6 6707 6091 6718 2585 2529 2586
11905 6 2 8 6 1490 227 1496 6697 2369 6763
11906 6 2 8 6 6697 2369 6763 6698 2370 6764
11907 6 2 8 6 6698 2370 6764 6699 2371 6765
11908 6 2 8 6 6699 2371 6765 6700 2372 6766
11909 6 2 8 6 6700 2372 6766 6701 2373 6767
11910 6 2 8 6 6701 2373 6767 6702 2374 6768
11911 6 2 8 6 6702 2374 6768 6703 2375 6769
11912 6 2 8 6 6703 2375 6769 6704 2376 6770
11913 6 2 8 6 6704 2376 6770 6705 2377 6771
11914 6 2 8 6 6705 2377 6771 6706 2378 6772
11915 6 2 8 6 6706 2378 6772 6707 2379 6773
11916 6 2 8 6 6707 2379 6773 2585 429 2591
11917 6 2 8 6 1450 1481 1488 6257 6598 6675
11918 6 2 8 6 6257 6598 6675 6258 6599 6676
11919 6 2 8 6 6258 6599 6676 6259 6600 6677
11920 6 2 8 6 6259 6600 6677 6260 6601 6678
11921 6 2 8 6 6260 6601 6678 6261 6602 6679
11922 6 2 8 6 6261 6602 6679 6262 6603 6680
11923 6 2 8 6 6262 6603 6680 6263 6604 6681
11924 6 2 8 6 6263 6604 6681 6264 6605 6682
11925 6 2 8 6 6264 6605 6682 6265 6606 6683
11926 6 2 8 6 6265 6606 6683 6266 6607 6684
11927 6 2 8 6 6266 6607 6684 6267 6608 6685
11928 6 2 8 6 6267 6608 6685 2545 2576 2583
11929 6 2 8 6 1454 1487 1498 6301 6664 6785
11930 6 2 8 6 6301 6664 6785 6302 6665 6786
11931 6 2 8 6 6302 6665 6786 6303 6666 6787
11932 6 2 8 6 6303 6666 6787 6304 6667 6788
11933 6 2 8 6 6304 6667 6788 6305 6668 6789
11934 6 2 8 6 6305 6668 6789 6306 6669 6790
11935 6 2 8 6 6306 6669 6790 6307 6670 6791
11936 6 2 8 6 6307 6670 6791 6308 6671 6792
11937 6 2 8 6 6308 6671 6792 6309 6672 6793
11938 6 2 8 6 6309 6672 6793 6310 6673 6794
11939 6 2 8 6 6310 6673 6794 6311 6674 6795
11940 6 2 8 6 6311 6674 6795 2549 2582 2593
11941 6 2 8 6 1486 1454 1498 6653 6301 6785
11942 6 2 8 6 6653 6301 6785 6654 6302 6786
11943 6 2 8 6 6654 6302 6786 6655 6303 6787
11944 6 2 8 6 6655 6303 6787 6656 6304 6788
11945 6 2 8 6 6656 6304 6788 6657 6305 6789
11946 6 2 8 6 6657 6305 6789 6658 6306 6790
11947 6 2 8 6 6658 6306 6790 6659 6307 6791
11948 6 2 8 6 6659 6307 6791 6660 6308 6792
11949 6 2 8 6 6660 6308 6792 6661 6309 6793
11950 6 2 8 6 6661 6309 6793 6662 6310 6794
11951 6 2 8 6 6662 6310 6794 6663 6311 6795
11952 6 2 8 6 6663 6311 6795 2581 2549 2593
11953 6 2 8 6 226 1490 1491 2358 6697 6708
11954 6 2 8 6 2358 6697 6708 2359 6698 6709
11955 6 2 8 6 2359 6698 6709 2360 6699 6710
11956 6 2 8 6 2360 6699 6710 2361 6700 6711
11957 6 2 8 6 2361 6700 6711 2362 6701 6712
11958 6 2 8 6 2362 6701 6712 2363 6702 6713
11959 6 2 8 6 2363 6702 6713 2364 6703 6714
11960 6 2 8 6 2364 6703 6714 2365 6704 6715
11961 6 2 8 6 2365 6704 6715 2366 6705 6716
11962 6 2 8 6 2366 6705 6716 2367 6706 6717
11963 6 2 8 6 2367 6706 6717 2368 6707 6718
11964 6 2 8 6 2368 6707 6718 428 2585 2586
11965 6 2 8 6 1487 1428 1498 6664 6015 6785
11966 6 2 8 6 6664 6015 6785 6665 6016 6786
11967 6 2 8 6 6665 6016 6786 6666 6017 6787
11968 6 2 8 6 6666 6017 6787 6667 6018 6788
11969 6 2 8 6 6667 6018 6788 6668 6019 6789
11970 6 2 8 6 6668 6019 6789 6669 6020 6790
11971 6 2 8 6 6669 6020 6790 6670 6021 6791
11972 6 2 8 6 6670 6021 6791 6671 6022 6792
11973 6 2 8 6 6671 6022 6792 6672 6023 6793
11974 6 2 8 6 6672 6023 6793 6673 6024 6794
11975 6 2 8 6 6673 6024 6794 6674 6025 6795
11976 6 2 8 6 6674 6025 6795 2582 2523 2593
11977 6 2 8 6 186 1486 1498 2115 6653 6785
11978 6 2 8 6 2115 6653 6785 2116 6654 6786
11979 6 2 8 6 2116 6654 6786 2117 6655 6787
11980 6 2 8 6 2117 6655 6787 2118 6656 6788
11981 6 2 8 6 2118 6656 6788 2119 6657 6789
11982 6 2 8 6 2119 6657 6789 2120 6658 6790
11983 6 2 8 6 2120 6658 6790 2121 6659 6791
11984 6 2 8 6 2121 6659 6791 2122 6660 6792
11985 6 2 8 6 2122 6660 6792 2123 6661 6793
11986 6 2 8 6 2123 6661 6793 2124 6662 6794
11987 6 2 8 6 2124 6662 6794 2125 6663 6795
11988 6 2 8 6 2125 6663 6795 388 2581 2593
11989 6 2 8 6 186 12 1486 2115 317 6653
11990 6 2 8 6 2115 317 6653 2116 318 6654
11991 6 2 8 6 2116 318 6654 2117 319 6655
11992 6 2 8 6 2117 319 6655 2118 320 6656
11993 6 2 8 6 2118 320 6656 2119 321 6657
11994 6 2 8 6 2119 321 6657 2120 322 6658
11995 6 2 8 6 2120 322 6658 2121 323 6659
11996 6 2 8 6 2121 323 6659 2122 324 6660
11997 6 2 8 6 2122 324 6660 2123 325 6661
11998 6 2 8 6 2123 325 6661 2124 326 6662
11999 6 2 8 6 2124 326 6662 2125 327 6663
12000 6 2 8 6 2125 327 6663 388 23 2581
12001 6 2 8 6 14 173 1430 344 1972 6037
12002 6 2 8 6 344 1972 6037 345 1973 6038
12003 6 2 8 6 345 1973 6038 346 1974 6039
12004 6 2 8 6 346 1974 6039 347 1975 6040
12005 6 2 8 6 347 1975 6040 348 1976 6041
12006 6 2 8 6 348 1976 6041 349 1977 6042
12007 6 2 8 6 349 1977 6042 350 1978 6043
12008 6 2 8 6 350 1978 6043 351 1979 6044
12009 6 2 8 6 351 1979 6044 352 1980 6045
12010 6 2 8 6 352 1980 6045 353 1981 6046
12011 6 2 8 6 353 1981 6046 354 1982 6047
12012 6 2 8 6 354 1982 6047 25 375 2525
12013 6 2 8 6 198 14 1430 2171 344 6037
12014 6 2 8 6 2171 344 6037 2172 345 6038
12015 6 2 8 6 2172 345 6038 2173 346 6039
12016 6 2 8 6 2173 346 6039 2174 347 6040
12017 6 2 8 6 2174 347 6040 2175 348 6041
12018 6 2 8 6 2175 348 6041 2176 349 6042
12019 6 2 8 6 2176 349 6042 2177 350 6043
12020 6 2 8 6 2177 350 6043 2178 351 6044
12021 6 2 8 6 2178 351 6044 2179 352 6045
12022 6 2 8 6 2179 352 6045 2180 353 6046
12023 6 2 8 6 2180 353 6046 2181 354 6047
12024 6 2 8 6 2181 354 6047 400 25 2525
12025 6 2 8 6 230 16 1474 2402 389 6521
12026 6 2 8 6 2402 389 6521 2403 390 6522
12027 6 2 8 6 2403 390 6522 2404 391 6523
12028 6 2 8 6 2404 391 6523 2405 392 6524
12029 6 2 8 6 2405 392 6524 2406 393 6525
12030 6 2 8 6 2406 393 6525 2407 394 6526
12031 6 2 8 6 2407 394 6526 2408 395 6527
12032 6 2 8 6 2408 395 6527 2409 396 6528
12033 6 2 8 6 2409 396 6528 2410 397 6529
12034 6 2 8 6 2410 397 6529 2411 398 6530
12035 6 2 8 6 2411 398 6530 2412 399 6531
12036 6 2 8 6 2412 399 6531 432 27 2569
12037 6 2 8 6 16 204 1474 389 2237 6521
12038 6 2 8 6 389 2237 6521 390 2238 6522
12039 6 2 8 6 390 2238 6522 391 2239 6523
12040 6 2 8 6 391 2239 6523 392 2240 6524
12041 6 2 8 6 392 2240 6524 393 2241 6525
12042 6 2 8 6 393 2241 6525 394 2242 6526
12043 6 2 8 6 394 2242 6526 395 2243 6527
12044 6 2 8 6 395 2243 6527 396 2244 6528
12045 6 2 8 6 396 2244 6528 397 2245 6529
12046 6 2 8 6 397 2245 6529 398 2246 6530
12047 6 2 8 6 398 2246 6530 399 2247 6531
12048 6 2 8 6 399 2247 6531 27 406 2569
12049 6 2 8 7 266 1614 1624 2662 6851 6961
12050 6 2 8 7 2662 6851 6961 2663 6852 6962
12051 6 2 8 7 2663 6852 6962 2664 6853 6963
12052 6 2 8 7 2664 6853 6963 2665 6854 6964
12053 6 2 8 7 2665 6854 6964 2666 6855 6965
12054 6 2 8 7 2666 6855 6965 2667 6856 6966
12055 6 2 8 7 2667 6856 6966 2668 6857 6967
12056 6 2 8 7 2668 6857 6967 2669 6858 6968
12057 6 2 8 7 2669 6858 6968 2670 6859 6969
12058 6 2 8 7 2670 6859 6969 2671 6860 6970
12059 6 2 8 7 2671 6860 6970 2672 6861 6971
12060 6 2 8 7 2672 6861 6971 468 2709 2719
12061 6 2 8 7 1613 263 1625 6840 2629 6972
12062 6 2 8 7 6840 2629 6972 6841 2630 6973
12063 6 2 8 7 6841 2630 6973 6842 2631 6974
12064 6 2 8 7 6842 2631 6974 6843 2632 6975
12065 6 2 8 7 6843 2632 6975 6844 2633 6976
12066 6 2 8 7 6844 2633 6976 6845 2634 6977
12067 6 2 8 7 6845 2634 6977 6846 2635 6978
12068 6 2 8 7 6846 2635 6978 6847 2636 6979
12069 6 2 8 7 6847 2636 6979 6848 2637 6980
12070 6 2 8 7 6848 2637 6980 6849 2638 6981
12071 6 2 8 7 6849 2638 6981 6850 2639 6982
12072 6 2 8 7 6850 2639 6982 2708 465 2720
12073 6 2 8 7 262 1612 1621 2618 6829 6928
12074 6 2 8 7 2618 6829 6928 2619 6830 6929
12075 6 2 8 7 2619 6830 6929 2620 6831 6930
12076 6 2 8 7 2620 6831 6930 2621 6832 6931
12077 6 2 8 7 2621 6832 6931 2622 6833 6932
12078 6 2 8 7 2622 6833 6932 2623 6834 6933
12079 6 2 8 7 2623 6834 6933 2624 6835 6934
12080 6 2 8 7 2624 6835 6934 2625 6836 6935
12081 6 2 8 7 2625 6836 6935 2626 6837 6936
12082 6 2 8 7 2626 6837 6936 2627 6838 6937
12083 6 2 8 7 2627 6838 6937 2628 6839 6938
12084 6 2 8 7 2628 6839 6938 464 2707 2716
12085 6 2 8 7 1614 267 1627 6851 2673 6994
12086 6 2 8 7 6851 2673 6994 6852 2674 6995
12087 6 2 8 7 6852 2674 6995 6853 2675 6996
12088 6 2 8 7 6853 2675 6996 6854 2676 6997
12089 6 2 8 7 6854 2676 6997 6855 2677 6998
12090 6 2 8 7 6855 2677 6998 6856 2678 6999
12091 6 2 8 7 6856 2678 6999 6857 2679 7000
12092 6 2 8 7 6857 2679 7000 6858 2680 7001
12093 6 2 8 7 6858 2680 7001 6859 2681 7002
12094 6 2 8 7 6859 2681 7002 6860 2682 7003
12095 6 2 8 7 6860 2682 7003 6861 2683 7004
12096 6 2 8 7 6861 2683 7004 2709 469 2722
12097 6 2 8 7 267 18 1627 2673 440 6994
12098 6 2 8 7 2673 440 6994 2674 441 6995
12099 6 2 8 7 2674 441 6995 2675 442 6996
12100 6 2 8 7 2675 442 6996 2676 443 6997
12101 6 2 8 7 2676 443 6997 2677 444 6998
12102 6 2 8 7 2677 444 6998 2678 445 6999
12103 6 2 8 7 2678 445 6999 2679 446 7000
12104 6 2 8 7 2679 446 7000 2680 447 7001
12105 6 2 8 7 2680 447 7001 2681 448 7002
12106 6 2 8 7 2681 448 7002 2682 449 7003
12107 6 2 8 7 2682 449 7003 2683 450 7004
12108 6 2 8 7 2683 450 7004 469 29 2722
12109 6 2 8 7 1612 262 1619 6829 2618 6906
12110 6 2 8 7 6829 2618 6906 6830 2619 6907
12111 6 2 8 7 6830 2619 6907 6831 2620 6908
12112 6 2 8 7 6831 2620 6908 6832 2621 6909
12113 6 2 8 7 6832 2621 6909 6833 2622 6910
12114 6 2 8 7 6833 2622 6910 6834 2623 6911
12115 6 2 8 7 6834 2623 6911 6835 2624 6912
12116 6 2 8 7 6835 2624 6912 6836 2625 6913
12117 6 2 8 7 6836 2625 6913 6837 2626 6914
12118 6 2 8 7 6837 2626 6914 6838 2627 6915
12119 6 2 8 7 6838 2627 6915 6839 2628 6916
12120 6 2 8 7 6839 2628 6916 2707 464 2714
12121 6 2 8 7 263 1615 1625 2629 6862 6972
12122 6 2 8 7 2629 6862 6972 2630 6863 6973
12123 6 2 8 7 2630 6863 6973 2631 6864 6974
12124 6 2 8 7 2631 6864 6974 2632 6865 6975
12125 6 2 8 7 2632 6865 6975 2633 6866 6976
12126 6 2 8 7 2633 6866 6976 2634 6867 6977
12127 6 2 8 7 2634 6867 6977 2635 6868 6978
12128 6 2 8 7 2635 6868 6978 2636 6869 6979
12129 6 2 8 7 2636 6869 6979 2637 6870 6980
12130 6 2 8 7 2637 6870 6980 2638 6871 6981
12131 6 2 8 7 2638 6871 6981 2639 6872 6982
12132 6 2 8 7 2639 6872 6982 465 2710 2720
12133 6 2 8 7 1616 266 1624 6873 2662 6961
12134 6 2 8 7 6873 2662 6961 6874 2663 6962
12135 6 2 8 7 6874 2663 6962 6875 2664 6963
12136 6 2 8 7 6875 2664 6963 6876 2665 6964
12137 6 2 8 7 6876 2665 6964 6877 2666 6965
12138 6 2 8 7 6877 2666 6965 6878 2667 6966
12139 6 2 8 7 6878 2667 6966 6879 2668 6967
12140 6 2 8 7 6879 2668 6967 6880 2669 6968
12141 6 2 8 7 6880 2669 6968 6881 2670 6969
12142 6 2 8 7 6881 2670 6969 6882 2671 6970
12143 6 2 8 7 6882 2671 6970 6883 2672 6971
12144 6 2 8 7 6883 2672 6971 2711 468 2719
12145 6 2 8 7 1626 1622 1628 6983 6939 7005
12146 6 2 8 7 6983 6939 7005 6984 6940 7006
12147 6 2 8 7 6984 6940 7006 6985 6941 7007
12148 6 2 8 7 6985 6941 7007 6986 6942 7008
12149 6 2 8 7 6986 6942 7008 6987 6943 7009
12150 6 2 8 7 6987 6943 7009 6988 6944 7010
12151 6 2 8 7 6988 6944 7010 6989 6945 7011
12152 6 2 8 7 6989 6945 7011 6990 6946 7012
12153 6 2 8 7 6990 6946 7012 6991 6947 7013
12154 6 2 8 7 6991 6947 7013 6992 6948 7014
12155 6 2 8 7 6992 6948 7014 6993 6949 7015
12156 6 2 8 7 6993 6949 7015 2721 2717 2723
12157 6 2 8 7 265 266 1616 2651 2662 6873
12158 6 2 8 7 2651 2662 6873 2652 2663 6874
12159 6 2 8 7 2652 2663 6874 2653 2664 6875
12160 6 2 8 7 2653 2664 6875 2654 2665 6876
12161 6 2 8 7 2654 2665 6876 2655 2666 6877
12162 6 2 8 7 2655 2666 6877 2656 2667 6878
12163 6 2 8 7 2656 2667 6878 2657 2668 6879
12164 6 2 8 7 2657 2668 6879 2658 2669 6880
12165 6 2 8 7 2658 2669 6880 2659 2670 6881
12166 6 2 8 7 2659 2670 6881 2660 2671 6882
12167 6 2 8 7 2660 2671 6882 2661 2672 6883
12168 6 2 8 7 2661 2672 6883 467 468 2711
12169 6 2 8 7 263 264 1615 2629 2640 6862
12170 6 2 8 7 2629 2640 6862 2630 2641 6863
12171 6 2 8 7 2630 2641 6863 2631 2642 6864
12172 6 2 8 7 2631 2642 6864 2632 2643 6865
12173 6 2 8 7 2632 2643 6865 2633 2644 6866
12174 6 2 8 7 2633 2644 6866 2634 2645 6867
12175 6 2 8 7 2634 2645 6867 2635 2646 6868
12176 6 2 8 7 2635 2646 6868 2636 2647 6869
12177 6 2 8 7 2636 2647 6869 2637 2648 6870
12178 6 2 8 7 2637 2648 6870 2638 2649 6871
12179 6 2 8 7 2638 2649 6871 2639 2650 6872
12180 6 2 8 7 2639 2650 6872 465 466 2710
12181 6 2 8 7 262 263 1613 2618 2629 6840
12182 6 2 8 7 2618 2629 6840 2619 2630 6841
12183 6 2 8 7 2619 2630 6841 2620 2631 6842
12184 6 2 8 7 2620 2631 6842 2621 2632 6843
12185 6 2 8 7 2621 2632 6843 2622 2633 6844
12186 6 2 8 7 2622 2633 6844 2623 2634 6845
12187 6 2 8 7 2623 2634 6845 2624 2635 6846
12188 6 2 8 7 2624 2635 6846 2625 2636 6847
12189 6 2 8 7 2625 2636 6847 2626 2637 6848
12190 6 2 8 7 2626 2637 6848 2627 2638 6849
12191 6 2 8 7 2627 2638 6849 2628 2639 6850
12192 6 2 8 7 2628 2639 6850 464 465 2708
12193 6 2 8 7 266 267 1614 2662 2673 6851
12194 6 2 8 7 2662 2673 6851 2663 2674 6852
12195 6 2 8 7 2663 2674 6852 2664 2675 6853
12196 6 2 8 7 2664 2675 6853 2665 2676 6854
12197 6 2 8 7 2665 2676 6854 2666 2677 6855
12198 6 2 8 7 2666 2677 6855 2667 2678 6856
12199 6 2 8 7 2667 2678 6856 2668 2679 6857
12200 6 2 8 7 2668 2679 6857 2669 2680 6858
12201 6 2 8 7 2669 2680 6858 2670 2681 6859
12202 6 2 8 7 2670 2681 6859 2671 2682 6860
12203 6 2 8 7 2671 2682 6860 2672 2683 6861
12204 6 2 8 7 2672 2683 6861 468 469 2709
12205 6 2 8 7 1617 1623 1628 6884 6950 7005
12206 6 2 8 7 6884 6950 7005 6885 6951 7006
12207 6 2 8 7 6885 6951 7006 6886 6952 7007
12208 6 2 8 7 6886 6952 7007 6887 6953 7008
12209 6 2 8 7 6887 6953 7008 6888 6954 7009
12210 6 2 8 7 6888 6954 7009 6889 6955 7010
12211 6 2 8 7 6889 6955 7010 6890 6956 7011
12212 6 2 8 7 6890 6956 7011 6891 6957 7012
12213 6 2 8 7 6891 6957 7012 6892 6958 7013
12214 6 2 8 7 6892 6958 7013 6893 6959 7014
12215 6 2 8 7 6893 6959 7014 6894 6960 7015
12216 6 2 8 7 6894 6960 7015 2712 2718 2723
12217 6 2 8 7 265 1626 1628 2651 6983 7005
12218 6 2 8 7 2651 6983 7005 2652 6984 7006
12219 6 2 8 7 2652 6984 7006 2653 6985 7007
12220 6 2 8 7 2653 6985 7007 2654 6986 7008
12221 6 2 8 7 2654 6986 7008 2655 6987 7009
12222 6 2 8 7 2655 6987 7009 2656 6988 7010
12223 6 2 8 7 2656 6988 7010 2657 6989 7011
12224 6 2 8 7 2657 6989 7011 2658 6990 7012
12225 6 2 8 7 2658 6990 7012 2659 6991 7013
12226 6 2 8 7 2659 6991 7013 2660 6992 7014
12227 6 2 8 7 2660 6992 7014 2661 6993 7015
12228 6 2 8 7 2661 6993 7015 467 2721 2723
12229 6 2 8 7 264 265 1628 2640 2651 7005
12230 6 2 8 7 2640 2651 7005 2641 2652 7006
12231 6 2 8 7 2641 2652 7006 2642 2653 7007
12232 6 2 8 7 2642 2653 7007 2643 2654 7008
12233 6 2 8 7 2643 2654 7008 2644 2655 7009
12234 6 2 8 7 2644 2655 7009 2645 2656 7010
12235 6 2 8 7 2645 2656 7010 2646 2657 7011
12236 6 2 8 7 2646 2657 7011 2647 2658 7012
12237 6 2 8 7 2647 2658 7012 2648 2659 7013
12238 6 2 8 7 2648 2659 7013 2649 2660 7014
12239 6 2 8 7 2649 2660 7014 2650 2661 7015
12240 6 2 8 7 2650 2661 7015 466 467 2723
12241 6 2 8 7 1623 264 1628 6950 2640 7005
12242 6 2 8 7 6950 2640 7005 6951 2641 7006
12243 6 2 8 7 6951 2641 7006 6952 2642 7007
12244 6 2 8 7 6952 2642 7007 6953 2643 7008
12245 6 2 8 7 6953 2643 7008 6954 2644 7009
12246 6 2 8 7 6954 2644 7009 6955 2645 7010
12247 6 2 8 7 6955 2645 7010 6956 2646 7011
12248 6 2 8 7 6956 2646 7011 6957 2647 7012
12249 6 2 8 7 6957 2647 7012 6958 2648 7013
12250 6 2 8 7 6958 2648 7013 6959 2649 7014
12251 6 2 8 7 6959 2649 7014 6960 2650 7015
12252 6 2 8 7 6960 2650 7015 2718 466 2723
12253 6 2 8 7 250 249 1620 2607 2596 6917
12254 6 2 8 7 2607 2596 6917 2608 2597 6918
12255 6 2 8 7 2608 2597 6918 2609 2598 6919
12256 6 2 8 7 2609 2598 6919 2610 2599 6920
12257 6 2 8 7 2610 2599 6920 2611 2600 6921
12258 6 2 8 7 2611 2600 6921 2612 2601 6922
12259 6 2 8 7 2612 2601 6922 2613 2602 6923
12260 6 2 8 7 2613 2602 6923 2614 2603 6924
12261 6 2 8 7 2614 2603 6924 2615 2604 6925
12262 6 2 8 7 2615 2604 6925 2616 2605 6926
12263 6 2 8 7 2616 2605 6926 2617 2606 6927
12264 6 2 8 7 2617 2606 6927 452 451 2715
12265 6 2 8 7 268 269 1621 2684 2695 6928
12266 6 2 8 7 2684 2695 6928 2685 2696 6929
12267 6 2 8 7 2685 2696 6929 2686 2697 6930
12268 6 2 8 7 2686 2697 6930 2687 2698 6931
12269 6 2 8 7 2687 2698 6931 2688 2699 6932
12270 6 2 8 7 2688 2699 6932 2689 2700 6933
12271 6 2 8 7 2689 2700 6933 2690 2701 6934
12272 6 2 8 7 2690 2701 6934 2691 2702 6935
12273 6 2 8 7 2691 2702 6935 2692 2703 6936
12274 6 2 8 7 2692 2703 6936 2693 2704 6937
12275 6 2 8 7 2693 2704 6937 2694 2705 6938
12276 6 2 8 7 2694 2705 6938 470 471 2716
12277 6 2 8 7 17 268 1629 407 2684 7016
12278 6 2 8 7 407 2684 7016 408 2685 7017
12279 6 2 8 7 408 2685 7017 409 2686 7018
12280 6 2 8 7 409 2686 7018 410 2687 7019
12281 6 2 8 7 410 2687 7019 411 2688 7020
12282 6 2 8 7 411 2688 7020 412 2689 7021
12283 6 2 8 7 412 2689 7021 413 2690 7022
12284 6 2 8 7 413 2690 7022 414 2691 7023
12285 6 2 8 7 414 2691 7023 415 2692 7024
12286 6 2 8 7 415 2692 7024 416 2693 7025
12287 6 2 8 7 416 2693 7025 417 2694 7026
12288 6 2 8 7 417 2694 7026 28 470 2724
12289 6 2 8 7 249 16 1630 2596 389 7027
12290 6 2 8 7 2596 389 7027 2597 390 7028
12291 6 2 8 7 2597 390 7028 2598 391 7029
12292 6 2 8 7 2598 391 7029 2599 392 7030
12293 6 2 8 7 2599 392 7030 2600 393 7031
12294 6 2 8 7 2600 393 7031 2601 394 7032
12295 6 2 8 7 2601 394 7032 2602 395 7033
12296 6 2 8 7 2602 395 7033 2603 396 7034
12297 6 2 8 7 2603 396 7034 2604 397 7035
12298 6 2 8 7 2604 397 7035 2605 398 7036
12299 6 2 8 7 2605 398 7036 2606 399 7037
12300 6 2 8 7 2606 399 7037 451 27 2725
12301 6 2 8 7 229 228 1618 2391 2380 6895
12302 6 2 8 7 2391 2380 6895 2392 2381 6896
12303 6 2 8 7 2392 2381 6896 2393 2382 6897
12304 6 2 8 7 2393 2382 6897 2394 2383 6898
12305 6 2 8 7 2394 2383 6898 2395 2384 6899
12306 6 2 8 7 2395 2384 6899 2396 2385 6900
12307 6 2 8 7 2396 2385 6900 2397 2386 6901
12308 6 2 8 7 2397 2386 6901 2398 2387 6902
12309 6 2 8 7 2398 2387 6902 2399 2388 6903
12310 6 2 8 7 2399 2388 6903 2400 2389 6904
12311 6 2 8 7 2400 2389 6904 2401 2390 6905
12312 6 2 8 7 2401 2390 6905 431 430 2713
12313 6 2 8 7 1611 1620 1630 6818 6917 7027
12314 6 2 8 7 6818 6917 7027 6819 6918 7028
12315 6 2 8 7 6819 6918 7028 6820 6919 7029
12316 6 2 8 7 6820 6919 7029 6821 6920 7030
12317 6 2 8 7 6821 6920 7030 6822 6921 7031
12318 6 2 8 7 6822 6921 7031 6823 6922 7032
12319 6 2 8 7 6823 6922 7032 6824 6923 7033
12320 6 2 8 7 6824 6923 7033 6825 6924 7034
12321 6 2 8 7 6825 6924 7034 6826 6925 7035
12322 6 2 8 7 6826 6925 7035 6827 6926 7036
12323 6 2 8 7 6827 6926 7036 6828 6927 7037
12324 6 2 8 7 6828 6927 7037 2706 2715 2725
12325 6 2 8 7 1621 1612 1629 6928 6829 7016
12326 6 2 8 7 6928 6829 7016 6929 6830 7017
12327 6 2 8 7 6929 6830 7017 6930 6831 7018
12328 6 2 8 7 6930 6831 7018 6931 6832 7019
12329 6 2 8 7 6931 6832 7019 6932 6833 7020
12330 6 2 8 7 6932 6833 7020 6933 6834 7021
12331 6 2 8 7 6933 6834 7021 6934 6835 7022
12332 6 2 8 7 6934 6835 7022 6935 6836 7023
12333 6 2 8 7 6935 6836 7023 6936 6837 7024
12334 6 2 8 7 6936 6837 7024 6937 6838 7025
12335 6 2 8 7 6937 6838 7025 6938 6839 7026
12336 6 2 8 7 6938 6839 7026 2716 2707 2724
12337 6 2 8 7 268 1621 1629 2684 6928 7016
12338 6 2 8 7 2684 6928 7016 2685 6929 7017
12339 6 2 8 7 2685 6929 7017 2686 6930 7018
12340 6 2 8 7 2686 6930 7018 2687 6931 7019
12341 6 2 8 7 2687 6931 7019 2688 6932 7020
12342 6 2 8 7 2688 6932 7020 2689 6933 7021
12343 6 2 8 7 2689 6933 7021 2690 6934 7022
12344 6 2 8 7 2690 6934 7022 2691 6935 7023
12345 6 2 8 7 2691 6935 7023 2692 6936 7024
12346 6 2 8 7 2692 6936 7024 2693 6937 7025
12347 6 2 8 7 2693 6937 7025 2694 6938 7026
12348 6 2 8 7 2694 6938 7026 470 2716 2724
12349 6 2 8 7 1620 249 1630 6917 2596 7027
12350 6 2 8 7 6917 2596 7027 6918 2597 7028
12351 6 2 8 7 6918 2597 7028 6919 2598 7029
12352 6 2 8 7 6919 2598 7029 6920 2599 7030
12353 6 2 8 7 6920 2599 7030 6921 2600 7031
12354 6 2 8 7 6921 2600 7031 6922 2601 7032
12355 6 2 8 7 6922 2601 7032 6923 2602 7033
12356 6 2 8 7 6923 2602 7033 6924 2603 7034
12357 6 2 8 7 6924 2603 7034 6925 2604 7035
12358 6 2 8 7 6925 2604 7035 6926 2605 7036
12359 6 2 8 7 6926 2605 7036 6927 2606 7037
12360 6 2 8 7 6927 2606 7037 2715 451 2725
12361 6 2 8 7 230 229 1611 2402 2391 6818
12362 6 2 8 7 2402 2391 6818 2403 2392 6819
12363 6 2 8 7 2403 2392 6819 2404 2393 6820
12364 6 2 8 7 2404 2393 6820 2405 2394 6821
12365 6 2 8 7 2405 2394 6821 2406 2395 6822
12366 6 2 8 7 2406 2395 6822 2407 2396 6823
12367 6 2 8 7 2407 2396 6823 2408 2397 6824
12368 6 2 8 7 2408 2397 6824 2409 2398 6825
12369 6 2 8 7 2409 2398 6825 2410 2399 6826
12370 6 2 8 7 2410 2399 6826 2411 2400 6827
12371 6 2 8 7 2411 2400 6827 2412 2401 6828
12372 6 2 8 7 2412 2401 6828 432 431 2706
12373 6 2 8 7 217 216 1612 2259 2248 6829
12374 6 2 8 7 2259 2248 6829 2260 2249 6830
12375 6 2 8 7 2260 2249 6830 2261 2250 6831
12376 6 2 8 7 2261 2250 6831 2262 2251 6832
12377 6 2 8 7 2262 2251 6832 2263 2252 6833
12378 6 2 8 7 2263 2252 6833 2264 2253 6834
12379 6 2 8 7 2264 2253 6834 2265 2254 6835
12380 6 2 8 7 2265 2254 6835 2266 2255 6836
12381 6 2 8 7 2266 2255 6836 2267 2256 6837
12382 6 2 8 7 2267 2256 6837 2268 2257 6838
12383 6 2 8 7 2268 2257 6838 2269 2258 6839
12384 6 2 8 7 2269 2258 6839 419 418 2707
12385 6 2 8 7 222 221 1623 2314 2303 6950
12386 6 2 8 7 2314 2303 6950 2315 2304 6951
12387 6 2 8 7 2315 2304 6951 2316 2305 6952
12388 6 2 8 7 2316 2305 6952 2317 2306 6953
12389 6 2 8 7 2317 2306 6953 2318 2307 6954
12390 6 2 8 7 2318 2307 6954 2319 2308 6955
12391 6 2 8 7 2319 2308 6955 2320 2309 6956
12392 6 2 8 7 2320 2309 6956 2321 2310 6957
12393 6 2 8 7 2321 2310 6957 2322 2311 6958
12394 6 2 8 7 2322 2311 6958 2323 2312 6959
12395 6 2 8 7 2323 2312 6959 2324 2313 6960
12396 6 2 8 7 2324 2313 6960 424 423 2718
12397 6 2 8 7 227 226 1624 2369 2358 6961
12398 6 2 8 7 2369 2358 6961 2370 2359 6962
12399 6 2 8 7 2370 2359 6962 2371 2360 6963
12400 6 2 8 7 2371 2360 6963 2372 2361 6964
12401 6 2 8 7 2372 2361 6964 2373 2362 6965
12402 6 2 8 7 2373 2362 6965 2374 2363 6966
12403 6 2 8 7 2374 2363 6966 2375 2364 6967
12404 6 2 8 7 2375 2364 6967 2376 2365 6968
12405 6 2 8 7 2376 2365 6968 2377 2366 6969
12406 6 2 8 7 2377 2366 6969 2378 2367 6970
12407 6 2 8 7 2378 2367 6970 2379 2368 6971
12408 6 2 8 7 2379 2368 6971 429 428 2719
12409 6 2 8 7 218 217 1619 2270 2259 6906
12410 6 2 8 7 2270 2259 6906 2271 2260 6907
12411 6 2 8 7 2271 2260 6907 2272 2261 6908
12412 6 2 8 7 2272 2261 6908 2273 2262 6909
12413 6 2 8 7 2273 2262 6909 2274 2263 6910
12414 6 2 8 7 2274 2263 6910 2275 2264 6911
12415 6 2 8 7 2275 2264 6911 2276 2265 6912
12416 6 2 8 7 2276 2265 6912 2277 2266 6913
12417 6 2 8 7 2277 2266 6913 2278 2267 6914
12418 6 2 8 7 2278 2267 6914 2279 2268 6915
12419 6 2 8 7 2279 2268 6915 2280 2269 6916
12420 6 2 8 7 2280 2269 6916 420 419 2714
12421 6 2 8 7 16 230 1630 389 2402 7027
12422 6 2 8 7 389 2402 7027 390 2403 7028
12423 6 2 8 7 390 2403 7028 391 2404 7029
12424 6 2 8 7 391 2404 7029 392 2405 7030
12425 6 2 8 7 392 2405 7030 393 2406 7031
12426 6 2 8 7 393 2406 7031 394 2407 7032
12427 6 2 8 7 394 2407 7032 395 2408 7033
12428 6 2 8 7 395 2408 7033 396 2409 7034
12429 6 2 8 7 396 2409 7034 397 2410 7035
12430 6 2 8 7 397 2410 7035 398 2411 7036
12431 6 2 8 7 398 2411 7036 399 2412 7037
12432 6 2 8 7 399 2412 7037 27 432 2725
12433 6 2 8 7 216 17 1629 2248 407 7016
12434 6 2 8 7 2248 407 7016 2249 408 7017
12435 6 2 8 7 2249 408 7017 2250 409 7018
12436 6 2 8 7 2250 409 7018 2251 410 7019
12437 6 2 8 7 2251 410 7019 2252 411 7020
12438 6 2 8 7 2252 411 7020 2253 412 7021
12439 6 2 8 7 2253 412 7021 2254 413 7022
12440 6 2 8 7 2254 413 7022 2255 414 7023
12441 6 2 8 7 2255 414 7023 2256 415 7024
12442 6 2 8 7 2256 415 7024 2257 416 7025
12443 6 2 8 7 2257 416 7025 2258 417 7026
12444 6 2 8 7 2258 417 7026 418 28 2724
12445 6 2 8 7 230 1611 1630 2402 6818 7027
12446 6 2 8 7 2402 6818 7027 2403 6819 7028
12447 6 2 8 7 2403 6819 7028 2404 6820 7029
12448 6 2 8 7 2404 6820 7029 2405 6821 7030
12449 6 2 8 7 2405 6821 7030 2406 6822 7031
12450 6 2 8 7 2406 6822 7031 2407 6823 7032
12451 6 2 8 7 2407 6823 7032 2408 6824 7033
12452 6 2 8 7 2408 6824 7033 2409 6825 7034
12453 6 2 8 7 2409 6825 7034 2410 6826 7035
12454 6 2 8 7 2410 6826 7035 2411 6827 7036
12455 6 2 8 7 2411 6827 7036 2412 6828 7037
12456 6 2 8 7 2412 6828 7037 432 2706 2725
12457 6 2 8 7 1612 216 1629 6829 2248 7016
12458 6 2 8 7 6829 2248 7016 6830 2249 7017
12459 6 2 8 7 6830 2249 7017 6831 2250 7018
12460 6 2 8 7 6831 2250 7018 6832 2251 7019
12461 6 2 8 7 6832 2251 7019 6833 2252 7020
12462 6 2 8 7 6833 2252 7020 6834 2253 7021
12463 6 2 8 7 6834 2253 7021 6835 2254 7022
12464 6 2 8 7 6835 2254 7022 6836 2255 7023
12465 6 2 8 7 6836 2255 7023 6837 2256 7024
12466 6 2 8 7 6837 2256 7024 6838 2257 7025
12467 6 2 8 7 6838 2257 7025 6839 2258 7026
12468 6 2 8 7 6839 2258 7026 2707 418 2724
12469 6 2 8 7 223 222 1617 2325 2314 6884
12470 6 2 8 7 2325 2314 6884 2326 2315 6885
12471 6 2 8 7 2326 2315 6885 2327 2316 6886
12472 6 2 8 7 2327 2316 6886 2328 2317 6887
12473 6 2 8 7 2328 2317 6887 2329 2318 6888
12474 6 2 8 7 2329 2318 6888 2330 2319 6889
12475 6 2 8 7 2330 2319 6889 2331 2320 6890
12476 6 2 8 7 2331 2320 6890 2332 2321 6891
12477 6 2 8 7 2332 2321 6891 2333 2322 6892
12478 6 2 8 7 2333 2322 6892 2334 2323 6893
12479 6 2 8 7 2334 2323 6893 2335 2324 6894
12480 6 2 8 7 2335 2324 6894 425 424 2712
12481 6 2 8 7 226 225 1616 2358 2347 6873
12482 6 2 8 7 2358 2347 6873 2359 2348 6874
12483 6 2 8 7 2359 2348 6874 2360 2349 6875
12484 6 2 8 7 2360 2349 6875 2361 2350 6876
12485 6 2 8 7 2361 2350 6876 2362 2351 6877
12486 6 2 8 7 2362 2351 6877 2363 2352 6878
12487 6 2 8 7 2363 2352 6878 2364 2353 6879
12488 6 2 8 7 2364 2353 6879 2365 2354 6880
12489 6 2 8 7 2365 2354 6880 2366 2355 6881
12490 6 2 8 7 2366 2355 6881 2367 2356 6882
12491 6 2 8 7 2367 2356 6882 2368 2357 6883
12492 6 2 8 7 2368 2357 6883 428 427 2711
12493 6 2 8 7 221 220 1615 2303 2292 6862
12494 6 2 8 7 2303 2292 6862 2304 2293 6863
12495 6 2 8 7 2304 2293 6863 2305 2294 6864
12496 6 2 8 7 2305 2294 6864 2306 2295 6865
12497 6 2 8 7 2306 2295 6865 2307 2296 6866
12498 6 2 8 7 2307 2296 6866 2308 2297 6867
12499 6 2 8 7 2308 2297 6867 2309 2298 6868
12500 6 2 8 7 2309 2298 6868 2310 2299 6869
12501 6 2 8 7 2310 2299 6869 2311 2300 6870
12502 6 2 8 7 2311 2300 6870 2312 2301 6871
12503 6 2 8 7 2312 2301 6871 2313 2302 6872
12504 6 2 8 7 2313 2302 6872 423 422 2710
12505 6 2 8 7 228 227 1614 2380 2369 6851
12506 6 2 8 7 2380 2369 6851 2381 2370 6852
12507 6 2 8 7 2381 2370 6852 2382 2371 6853
12508 6 2 8 7 2382 2371 6853 2383 2372 6854
12509 6 2 8 7 2383 2372 6854 2384 2373 6855
12510 6 2 8 7 2384 2373 6855 2385 2374 6856
12511 6 2 8 7 2385 2374 6856 2386 2375 6857
12512 6 2 8 7 2386 2375 6857 2387 2376 6858
12513 6 2 8 7 2387 2376 6858 2388 2377 6859
12514 6 2 8 7 2388 2377 6859 2389 2378 6860
12515 6 2 8 7 2389 2378 6860 2390 2379 6861
12516 6 2 8 7 2390 2379 6861 430 429 2709
12517 6 2 8 7 219 218 1613 2281 2270 6840
12518 6 2 8 7 2281 2270 6840 2282 2271 6841
12519 6 2 8 7 2282 2271 6841 2283 2272 6842
12520 6 2 8 7 2283 2272 6842 2284 2273 6843
12521 6 2 8 7 2284 2273 6843 2285 2274 6844
12522 6 2 8 7 2285 2274 6844 2286 2275 6845
12523 6 2 8 7 2286 2275 6845 2287 2276 6846
12524 6 2 8 7 2287 2276 6846 2288 2277 6847
12525 6 2 8 7 2288 2277 6847 2289 2278 6848
12526 6 2 8 7 2289 2278 6848 2290 2279 6849
12527 6 2 8 7 2290 2279 6849 2291 2280 6850
12528 6 2 8 7 2291 2280 6850 421 420 2708
12529 6 2 8 7 224 223 1622 2336 2325 6939
12530 6 2 8 7 2336 2325 6939 2337 2326 6940
12531 6 2 8 7 2337 2326 6940 2338 2327 6941
12532 6 2 8 7 2338 2327 6941 2339 2328 6942
12533 6 2 8 7 2339 2328 6942 2340 2329 6943
12534 6 2 8 7 2340 2329 6943 2341 2330 6944
12535 6 2 8 7 2341 2330 6944 2342 2331 6945
12536 6 2 8 7 2342 2331 6945 2343 2332 6946
12537 6 2 8 7 2343 2332 6946 2344 2333 6947
12538 6 2 8 7 2344 2333 6947 2345 2334 6948
12539 6 2 8 7 2345 2334 6948 2346 2335 6949
12540 6 2 8 7 2346 2335 6949 426 425 2717
12541 6 2 8 7 220 219 1625 2292 2281 6972
12542 6 2 8 7 2292 2281 6972 2293 2282 6973
12543 6 2 8 7 2293 2282 6973 2294 2283 6974
12544 6 2 8 7 2294 2283 6974 2295 2284 6975
12545 6 2 8 7 2295 2284 6975 2296 2285 6976
12546 6 2 8 7 2296 2285 6976 2297 2286 6977
12547 6 2 8 7 2297 2286 6977 2298 2287 6978
12548 6 2 8 7 2298 2287 6978 2299 2288 6979
12549 6 2 8 7 2299 2288 6979 2300 2289 6980
12550 6 2 8 7 2300 2289 6980 2301 2290 6981
12551 6 2 8 7 2301 2290 6981 2302 2291 6982
12552 6 2 8 7 2302 2291 6982 422 421 2720
12553 6 2 8 7 225 224 1626 2347 2336 6983
12554 6 2 8 7 2347 2336 6983 2348 2337 6984
12555 6 2 8 7 2348 2337 6984 2349 2338 6985
12556 6 2 8 7 2349 2338 6985 2350 2339 6986
12557 6 2 8 7 2350 2339 6986 2351 2340 6987
12558 6 2 8 7 2351 2340 6987 2352 2341 6988
12559 6 2 8 7 2352 2341 6988 2353 2342 6989
12560 6 2 8 7 2353 2342 6989 2354 2343 6990
12561 6 2 8 7 2354 2343 6990 2355 2344 6991
12562 6 2 8 7 2355 2344 6991 2356 2345 6992
12563 6 2 8 7 2356 2345 6992 2357 2346 6993
12564 6 2 8 7 2357 2346 6993 427 426 2721
12565 6 2 8 7 1611 229 1618 6818 2391 6895
12566 6 2 8 7 6818 2391 6895 6819 2392 6896
12567 6 2 8 7 6819 2392 6896 6820 2393 6897
12568 6 2 8 7 6820 2393 6897 6821 2394 6898
12569 6 2 8 7 6821 2394 6898 6822 2395 6899
12570 6 2 8 7 6822 2395 6899 6823 2396 6900
12571 6 2 8 7 6823 2396 6900 6824 2397 6901
12572 6 2 8 7 6824 2397 6901 6825 2398 6902
12573 6 2 8 7 6825 2398 6902 6826 2399 6903
12574 6 2 8 7 6826 2399 6903 6827 2400 6904
12575 6 2 8 7 6827 2400 6904 6828 2401 6905
12576 6 2 8 7 6828 2401 6905 2706 431 2713
12577 6 2 8 7 217 1612 1619 2259 6829 6906
12578 6 2 8 7 2259 6829 6906 2260 6830 6907
12579 6 2 8 7 2260 6830 6907 2261 6831 6908
12580 6 2 8 7 2261 6831 6908 2262 6832 6909
12581 6 2 8 7 2262 6832 6909 2263 6833 6910
12582 6 2 8 7 2263 6833 6910 2264 6834 6911
12583 6 2 8 7 2264 6834 6911 2265 6835 6912
12584 6 2 8 7 2265 6835 6912 2266 6836 6913
12585 6 2 8 7 2266 6836 6913 2267 6837 6914
12586 6 2 8 7 2267 6837 6914 2268 6838 6915
12587 6 2 8 7 2268 6838 6915 2269 6839 6916
12588 6 2 8 7 2269 6839 6916 419 2707 2714
12589 6 2 8 7 228 1614 1618 2380 6851 6895
12590 6 2 8 7 2380 6851 6895 2381 6852 6896
12591 6 2 8 7 2381 6852 6896 2382 6853 6897
12592 6 2 8 7 2382 6853 6897 2383 6854 6898
12593 6 2 8 7 2383 6854 6898 2384 6855 6899
12594 6 2 8 7 2384 6855 6899 2385 6856 6900
12595 6 2 8 7 2385 6856 6900 2386 6857 6901
12596 6 2 8 7 2386 6857 6901 2387 6858 6902
12597 6 2 8 7 2387 6858 6902 2388 6859 6903
12598 6 2 8 7 2388 6859 6903 2389 6860 6904
12599 6 2 8 7 2389 6860 6904 2390 6861 6905
12600 6 2 8 7 2390 6861 6905 430 2709 2713
12601 6 2 8 7 1620 1611 1627 6917 6818 6994
12602 6 2 8 7 6917 6818 6994 6918 6819 6995
12603 6 2 8 7 6918 6819 6995 6919 6820 6996
12604 6 2 8 7 6919 6820 6996 6920 6821 6997
12605 6 2 8 7 6920 6821 6997 6921 6822 6998
12606 6 2 8 7 6921 6822 6998 6922 6823 6999
12607 6 2 8 7 6922 6823 6999 6923 6824 7000
12608 6 2 8 7 6923 6824 7000 6924 6825 7001
12609 6 2 8 7 6924 6825 7001 6925 6826 7002
12610 6 2 8 7 6925 6826 7002 6926 6827 7003
12611 6 2 8 7 6926 6827 7003 6927 6828 7004
12612 6 2 8 7 6927 6828 7004 2715 2706 2722
12613 6 2 8 7 1617 222 1623 6884 2314 6950
12614 6 2 8 7 6884 2314 6950 6885 2315 6951
12615 6 2 8 7 6885 2315 6951 6886 2316 6952
12616 6 2 8 7 6886 2316 6952 6887 2317 6953
12617 6 2 8 7 6887 2317 6953 6888 2318 6954
12618 6 2 8 7 6888 2318 6954 6889 2319 6955
12619 6 2 8 7 6889 2319 6955 6890 2320 6956
12620 6 2 8 7 6890 2320 6956 6891 2321 6957
12621 6 2 8 7 6891 2321 6957 6892 2322 6958
12622 6 2 8 7 6892 2322 6958 6893 2323 6959
12623 6 2 8 7 6893 2323 6959 6894 2324 6960
12624 6 2 8 7 6894 2324 6960 2712 424 2718
12625 6 2 8 7 221 1615 1623 2303 6862 6950
12626 6 2 8 7 2303 6862 6950 2304 6863 6951
12627 6 2 8 7 2304 6863 6951 2305 6864 6952
12628 6 2 8 7 2305 6864 6952 2306 6865 6953
12629 6 2 8 7 2306 6865 6953 2307 6866 6954
12630 6 2 8 7 2307 6866 6954 2308 6867 6955
12631 6 2 8 7 2308 6867 6955 2309 6868 6956
12632 6 2 8 7 2309 6868 6956 2310 6869 6957
12633 6 2 8 7 2310 6869 6957 2311 6870 6958
12634 6 2 8 7 2311 6870 6958 2312 6871 6959
12635 6 2 8 7 2312 6871 6959 2313 6872 6960
12636 6 2 8 7 2313 6872 6960 423 2710 2718
12637 6 2 8 7 226 1616 1624 2358 6873 6961
12638 6 2 8 7 2358 6873 6961 2359 6874 6962
12639 6 2 8 7 2359 6874 6962 2360 6875 6963
12640 6 2 8 7 2360 6875 6963 2361 6876 6964
12641 6 2 8 7 2361 6876 6964 2362 6877 6965
12642 6 2 8 7 2362 6877 6965 2363 6878 6966
12643 6 2 8 7 2363 6878 6966 2364 6879 6967
12644 6 2 8 7 2364 6879 6967 2365 6880 6968
12645 6 2 8 7 2365 6880 6968 2366 6881 6969
12646 6 2 8 7 2366 6881 6969 2367 6882 6970
12647 6 2 8 7 2367 6882 6970 2368 6883 6971
12648 6 2 8 7 2368 6883 6971 428 2711 2719
12649 6 2 8 7 1614 227 1624 6851 2369 6961
12650 6 2 8 7 6851 2369 6961 6852 2370 6962
12651 6 2 8 7 6852 2370 6962 6853 2371 6963
12652 6 2 8 7 6853 2371 6963 6854 2372 6964
12653 6 2 8 7 6854 2372 6964 6855 2373 6965
12654 6 2 8 7 6855 2373 6965 6856 2374 6966
12655 6 2 8 7 6856 2374 6966 6857 2375 6967
12656 6 2 8 7 6857 2375 6967 6858 2376 6968
12657 6 2 8 7 6858 2376 6968 6859 2377 6969
12658 6 2 8 7 6859 2377 6969 6860 2378 6970
12659 6 2 8 7 6860 2378 6970 6861 2379 6971
12660 6 2 8 7 6861 2379 6971 2709 429 2719
12661 6 2 8 7 1613 218 1619 6840 2270 6906
12662 6 2 8 7 6840 2270 6906 6841 2271 6907
12663 6 2 8 7 6841 2271 6907 6842 2272 6908
12664 6 2 8 7 6842 2272 6908 6843 2273 6909
12665 6 2 8 7 6843 2273 6909 6844 2274 6910
12666 6 2 8 7 6844 2274 6910 6845 2275 6911
12667 6 2 8 7 6845 2275 6911 6846 2276 6912
12668 6 2 8 7 6846 2276 6912 6847 2277 6913
12669 6 2 8 7 6847 2277 6913 6848 2278 6914
12670 6 2 8 7 6848 2278 6914 6849 2279 6915
12671 6 2 8 7 6849 2279 6915 6850 2280 6916
12672 6 2 8 7 6850 2280 6916 2708 420 2714
12673 6 2 8 7 223 1617 1622 2325 6884 6939
12674 6 2 8 7 2325 6884 6939 2326 6885 6940
12675 6 2 8 7 2326 6885 6940 2327 6886 6941
12676 6 2 8 7 2327 6886 6941 2328 6887 6942
12677 6 2 8 7 2328 6887 6942 2329 6888 6943
12678 6 2 8 7 2329 6888 6943 2330 6889 6944
12679 6 2 8 7 2330 6889 6944 2331 6890 6945
12680 6 2 8 7 2331 6890 6945 2332 6891 6946
12681 6 2 8 7 2332 6891 6946 2333 6892 6947
12682 6 2 8 7 2333 6892 6947 2334 6893 6948
12683 6 2 8 7 2334 6893 6948 2335 6894 6949
12684 6 2 8 7 2335 6894 6949 425 2712 2717
12685 6 2 8 7 1615 220 1625 6862 2292 6972
12686 6 2 8 7 6862 2292 6972 6863 2293 6973
12687 6 2 8 7 6863 2293 6973 6864 2294 6974
12688 6 2 8 7 6864 2294 6974 6865 2295 6975
12689 6 2 8 7 6865 2295 6975 6866 2296 6976
12690 6 2 8 7 6866 2296 6976 6867 2297 6977
12691 6 2 8 7 6867 2297 6977 6868 2298 6978
12692 6 2 8 7 6868 2298 6978 6869 2299 6979
12693 6 2 8 7 6869 2299 6979 6870 2300 6980
12694 6 2 8 7 6870 2300 6980 6871 2301 6981
12695 6 2 8 7 6871 2301 6981 6872 2302 6982
12696 6 2 8 7 6872 2302 6982 2710 422 2720
12697 6 2 8 7 1616 225 1626 6873 2347 6983
12698 6 2 8 7 6873 2347 6983 6874 2348 6984
12699 6 2 8 7 6874 2348 6984 6875 2349 6985
12700 6 2 8 7 6875 2349 6985 6876 2350 6986
12701 6 2 8 7 6876 2350 6986 6877 2351 6987
12702 6 2 8 7 6877 2351 6987 6878 2352 6988
12703 6 2 8 7 6878 2352 6988 6879 2353 6989
12704 6 2 8 7 6879 2353 6989 6880 2354 6990
12705 6 2 8 7 6880 2354 6990 6881 2355 6991
12706 6 2 8 7 6881 2355 6991 6882 2356 6992
12707 6 2 8 7 6882 2356 6992 6883 2357 6993
12708 6 2 8 7 6883 2357 6993 2711 427 2721
12709 6 2 8 7 219 1613 1625 2281 6840 6972
12710 6 2 8 7 2281 6840 6972 2282 6841 6973
12711 6 2 8 7 2282 6841 6973 2283 6842 6974
12712 6 2 8 7 2283 6842 6974 2284 6843 6975
12713 6 2 8 7 2284 6843 6975 2285 6844 6976
12714 6 2 8 7 2285 6844 6976 2286 6845 6977
12715 6 2 8 7 2286 6845 6977 2287 6846 6978
12716 6 2 8 7 2287 6846 6978 2288 6847 6979
12717 6 2 8 7 2288 6847 6979 2289 6848 6980
12718 6 2 8 7 2289 6848 6980 2290 6849 6981
12719 6 2 8 7 2290 6849 6981 2291 6850 6982
12720 6 2 8 7 2291 6850 6982 421 2708 2720
12721 6 2 8 7 224 1622 1626 2336 6939 6983
12722 6 2 8 7 2336 6939 6983 2337 6940 6984
12723 6 2 8 7 2337 6940 6984 2338 6941 6985
12724 6 2 8 7 2338 6941 6985 2339 6942 6986
12725 6 2 8 7 2339 6942 6986 2340 6943 6987
12726 6 2 8 7 2340 6943 6987 2341 6944 6988
12727 6 2 8 7 2341 6944 6988 2342 6945 6989
12728 6 2 8 7 2342 6945 6989 2343 6946 6990
12729 6 2 8 7 2343 6946 6990 2344 6947 6991
12730 6 2 8 7 2344 6947 6991 2345 6948 6992
12731 6 2 8 7 2345 6948 6992 2346 6949 6993
12732 6 2 8 7 2346 6949 6993 426 2717 2721
12733 6 2 8 7 1611 1618 1627 6818 6895 6994
12734 6 2 8 7 6818 6895 6994 6819 6896 6995
12735 6 2 8 7 6819 6896 6995 6820 6897 6996
12736 6 2 8 7 6820 6897 6996 6821 6898 6997
12737 6 2 8 7 6821 6898 6997 6822 6899 6998
12738 6 2 8 7 6822 6899 6998 6823 6900 6999
12739 6 2 8 7 6823 6900 6999 6824 6901 7000
12740 6 2 8 7 6824 6901 7000 6825 6902 7001
12741 6 2 8 7 6825 6902 7001 6826 6903 7002
12742 6 2 8 7 6826 6903 7002 6827 6904 7003
12743 6 2 8 7 6827 6904 7003 6828 6905 7004
12744 6 2 8 7 6828 6905 7004 2706 2713 2722
12745 6 2 8 7 1622 1617 1628 6939 6884 7005
12746 6 2 8 7 6939 6884 7005 6940 6885 7006
12747 6 2 8 7 6940 6885 7006 6941 6886 7007
12748 6 2 8 7 6941 6886 7007 6942 6887 7008
12749 6 2 8 7 6942 6887 7008 6943 6888 7009
12750 6 2 8 7 6943 6888 7009 6944 6889 7010
12751 6 2 8 7 6944 6889 7010 6945 6890 7011
12752 6 2 8 7 6945 6890 7011 6946 6891 7012
12753 6 2 8 7 6946 6891 7012 6947 6892 7013
12754 6 2 8 7 6947 6892 7013 6948 6893 7014
12755 6 2 8 7 6948 6893 7014 6949 6894 7015
12756 6 2 8 7 6949 6894 7015 2717 2712 2723
12757 6 2 8 7 19 262 1621 453 2618 6928
12758 6 2 8 7 453 2618 6928 454 2619 6929
12759 6 2 8 7 454 2619 6929 455 2620 6930
12760 6 2 8 7 455 2620 6930 456 2621 6931
12761 6 2 8 7 456 2621 6931 457 2622 6932
12762 6 2 8 7 457 2622 6932 458 2623 6933
12763 6 2 8 7 458 2623 6933 459 2624 6934
12764 6 2 8 7 459 2624 6934 460 2625 6935
12765 6 2 8 7 460 2625 6935 461 2626 6936
12766 6 2 8 7 461 2626 6936 462 2627 6937
12767 6 2 8 7 462 2627 6937 463 2628 6938
12768 6 2 8 7 463 2628 6938 30 464 2716
12769 6 2 8 7 269 19 1621 2695 453 6928
12770 6 2 8 7 2695 453 6928 2696 454 6929
12771 6 2 8 7 2696 454 6929 2697 455 6930
12772 6 2 8 7 2697 455 6930 2698 456 6931
12773 6 2 8 7 2698 456 6931 2699 457 6932
12774 6 2 8 7 2699 457 6932 2700 458 6933
12775 6 2 8 7 2700 458 6933 2701 459 6934
12776 6 2 8 7 2701 459 6934 2702 460 6935
12777 6 2 8 7 2702 460 6935 2703 461 6936
12778 6 2 8 7 2703 461 6936 2704 462 6937
12779 6 2 8 7 2704 462 6937 2705 463 6938
12780 6 2 8 7 2705 463 6938 471 30 2716
12781 6 2 8 7 18 250 1620 440 2607 6917
12782 6 2 8 7 440 2607 6917 441 2608 6918
12783 6 2 8 7 441 2608 6918 442 2609 6919
12784 6 2 8 7 442 2609 6919 443 2610 6920
12785 6 2 8 7 443 2610 6920 444 2611 6921
12786 6 2 8 7 444 2611 6921 445 2612 6922
12787 6 2 8 7 445 2612 6922 446 2613 6923
12788 6 2 8 7 446 2613 6923 447 2614 6924
12789 6 2 8 7 447 2614 6924 448 2615 6925
12790 6 2 8 7 448 2615 6925 449 2616 6926
12791 6 2 8 7 449 2616 6926 450 2617 6927
12792 6 2 8 7 450 2617 6927 29 452 2715
12793 6 2 8 7 18 1620 1627 440 6917 6994
12794 6 2 8 7 440 6917 6994 441 6918 6995
12795 6 2 8 7 441 6918 6995 442 6919 6996
12796 6 2 8 7 442 6919 6996 443 6920 6997
12797 6 2 8 7 443 6920 6997 444 6921 6998
12798 6 2 8 7 444 6921 6998 445 6922 6999
12799 6 2 8 7 445 6922 6999 446 6923 7000
12800 6 2 8 7 446 6923 7000 447 6924 7001
12801 6 2 8 7 447 6924 7001 448 6925 7002
12802 6 2 8 7 448 6925 7002 449 6926 7003
12803 6 2 8 7 449 6926 7003 450 6927 7004
12804 6 2 8 7 450 6927 7004 29 2715 2722
12805 6 2 8 7 262 1613 1619 2618 6840 6906
12806 6 2 8 7 2618 6840 6906 2619 6841 6907
12807 6 2 8 7 2619 6841 6907 2620 6842 6908
12808 6 2 8 7 2620 6842 6908 2621 6843 6909
12809 6 2 8 7 2621 6843 6909 2622 6844 6910
12810 6 2 8 7 2622 6844 6910 2623 6845 6911
12811 6 2 8 7 2623 6845 6911 2624 6846 6912
12812 6 2 8 7 2624 6846 6912 2625 6847 6913
12813 6 2 8 7 2625 6847 6913 2626 6848 6914
12814 6 2 8 7 2626 6848 6914 2627 6849 6915
12815 6 2 8 7 2627 6849 6915 2628 6850 6916
12816 6 2 8 7 2628 6850 6916 464 2708 2714
12817 6 2 8 7 1615 264 1623 6862 2640 6950
12818 6 2 8 7 6862 2640 6950 6863 2641 6951
12819 6 2 8 7 6863 2641 6951 6864 2642 6952
12820 6 2 8 7 6864 2642 6952 6865 2643 6953
12821 6 2 8 7 6865 2643 6953 6866 2644 6954
12822 6 2 8 7 6866 2644 6954 6867 2645 6955
12823 6 2 8 7 6867 2645 6955 6868 2646 6956
12824 6 2 8 7 6868 2646 6956 6869 2647 6957
12825 6 2 8 7 6869 2647 6957 6870 2648 6958
12826 6 2 8 7 6870 2648 6958 6871 2649 6959
12827 6 2 8 7 6871 2649 6959 6872 2650 6960
12828 6 2 8 7 6872 2650 6960 2710 466 2718
12829 6 2 8 7 265 1616 1626 2651 6873 6983
12830 6 2 8 7 2651 6873 6983 2652 6874 6984
12831 6 2 8 7 2652 6874 6984 2653 6875 6985
12832 6 2 8 7 2653 6875 6985 2654 6876 6986
12833 6 2 8 7 2654 6876 6986 2655 6877 6987
12834 6 2 8 7 2655 6877 6987 2656 6878 6988
12835 6 2 8 7 2656 6878 6988 2657 6879 6989
12836 6 2 8 7 2657 6879 6989 2658 6880 6990
12837 6 2 8 7 2658 6880 6990 2659 6881 6991
12838 6 2 8 7 2659 6881 6991 2660 6882 6992
12839 6 2 8 7 2660 6882 6992 2661 6883 6993
12840 6 2 8 7 2661 6883 6993 467 2711 2721
12841 6 2 8 7 1618 1614 1627 6895 6851 6994
12842 6 2 8 7 6895 6851 6994 6896 6852 6995
12843 6 2 8 7 6896 6852 6995 6897 6853 6996
12844 6 2 8 7 6897 6853 6996 6898 6854 6997
12845 6 2 8 7 6898 6854 6997 6899 6855 6998
12846 6 2 8 7 6899 6855 6998 6900 6856 6999
12847 6 2 8 7 6900 6856 6999 6901 6857 7000
12848 6 2 8 7 6901 6857 7000 6902 6858 7001
12849 6 2 8 7 6902 6858 7001 6903 6859 7002
12850 6 2 8 7 6903 6859 7002 6904 6860 7003
12851 6 2 8 7 6904 6860 7003 6905 6861 7004
12852 6 2 8 7 6905 6861 7004 2713 2709 2722
12853 6 2 8 8 1800 1795 1811 7203 7148 7324
12854 6 2 8 8 7203 7148 7324 7204 7149 7325
12855 6 2 8 8 7204 7149 7325 7205 7150 7326
12856 6 2 8 8 7205 7150 7326 7206 7151 7327
12857 6 2 8 8 7206 7151 7327 7207 7152 7328
12858 6 2 8 8 7207 7152 7328 7208 7153 7329
12859 6 2 8 8 7208 7153 7329 7209 7154 7330
12860 6 2 8 8 7209 7154 7330 7210 7155 7331
12861 6 2 8 8 7210 7155 7331 7211 7156 7332
12862 6 2 8 8 7211 7156 7332 7212 7157 7333
12863 6 2 8 8 7212 7157 7333 7213 7158 7334
12864 6 2 8 8 7213 7158 7334 2895 2890 2906
12865 6 2 8 8 1803 1786 1807 7236 7049 7280
12866 6 2 8 8 7236 7049 7280 7237 7050 7281
12867 6 2 8 8 7237 7050 7281 7238 7051 7282
12868 6 2 8 8 7238 7051 7282 7239 7052 7283
12869 6 2 8 8 7239 7052 7283 7240 7053 7284
12870 6 2 8 8 7240 7053 7284 7241 7054 7285
12871 6 2 8 8 7241 7054 7285 7242 7055 7286
12872 6 2 8 8 7242 7055 7286 7243 7056 7287
12873 6 2 8 8 7243 7056 7287 7244 7057 7288
12874 6 2 8 8 7244 7057 7288 7245 7058 7289
12875 6 2 8 8 7245 7058 7289 7246 7059 7290
12876 6 2 8 8 7246 7059 7290 2898 2881 2902
12877 6 2 8 8 1795 1800 1814 7148 7203 7357
12878 6 2 8 8 7148 7203 7357 7149 7204 7358
12879 6 2 8 8 7149 7204 7358 7150 7205 7359
12880 6 2 8 8 7150 7205 7359 7151 7206 7360
12881 6 2 8 8 7151 7206 7360 7152 7207 7361
12882 6 2 8 8 7152 7207 7361 7153 7208 7362
12883 6 2 8 8 7153 7208 7362 7154 7209 7363
12884 6 2 8 8 7154 7209 7363 7155 7210 7364
12885 6 2 8 8 7155 7210 7364 7156 7211 7365
12886 6 2 8 8 7156 7211 7365 7157 7212 7366
12887 6 2 8 8 7157 7212 7366 7158 7213 7367
12888 6 2 8 8 7158 7213 7367 2890 2895 2909
12889 6 2 8 8 1807 1786 1817 7280 7049 7390
12890 6 2 8 8 7280 7049 7390 7281 7050 7391
12891 6 2 8 8 7281 7050 7391 7282 7051 7392
12892 6 2 8 8 7282 7051 7392 7283 7052 7393
12893 6 2 8 8 7283 7052 7393 7284 7053 7394
12894 6 2 8 8 7284 7053 7394 7285 7054 7395
12895 6 2 8 8 7285 7054 7395 7286 7055 7396
12896 6 2 8 8 7286 7055 7396 7287 7056 7397
12897 6 2 8 8 7287 7056 7397 7288 7057 7398
12898 6 2 8 8 7288 7057 7398 7289 7058 7399
12899 6 2 8 8 7289 7058 7399 7290 7059 7400
12900 6 2 8 8 7290 7059 7400 2902 2881 2912
12901 6 2 8 8 1799 298 1810 7192 2792 7313
12902 6 2 8 8 7192 2792 7313 7193 2793 7314
12903 6 2 8 8 7193 2793 7314 7194 2794 7315
12904 6 2 8 8 7194 2794 7315 7195 2795 7316
12905 6 2 8 8 7195 2795 7316 7196 2796 7317
12906 6 2 8 8 7196 2796 7317 7197 2797 7318
12907 6 2 8 8 7197 2797 7318 7198 2798 7319
12908 6 2 8 8 7198 2798 7319 7199 2799 7320
12909 6 2 8 8 7199 2799 7320 7200 2800 7321
12910 6 2 8 8 7200 2800 7321 7201 2801 7322
12911 6 2 8 8 7201 2801 7322 7202 2802 7323
12912 6 2 8 8 7202 2802 7323 2894 500 2905
12913 6 2 8 8 298 1799 1816 2792 7192 7379
12914 6 2 8 8 2792 7192 7379 2793 7193 7380
12915 6 2 8 8 2793 7193 7380 2794 7194 7381
12916 6 2 8 8 2794 7194 7381 2795 7195 7382
12917 6 2 8 8 2795 7195 7382 2796 7196 7383
12918 6 2 8 8 2796 7196 7383 2797 7197 7384
12919 6 2 8 8 2797 7197 7384 2798 7198 7385
12920 6 2 8 8 2798 7198 7385 2799 7199 7386
12921 6 2 8 8 2799 7199 7386 2800 7200 7387
12922 6 2 8 8 2800 7200 7387 2801 7201 7388
12923 6 2 8 8 2801 7201 7388 2802 7202 7389
12924 6 2 8 8 2802 7202 7389 500 2894 2911
12925 6 2 8 8 1791 1800 1811 7104 7203 7324
12926 6 2 8 8 7104 7203 7324 7105 7204 7325
12927 6 2 8 8 7105 7204 7325 7106 7205 7326
12928 6 2 8 8 7106 7205 7326 7107 7206 7327
12929 6 2 8 8 7107 7206 7327 7108 7207 7328
12930 6 2 8 8 7108 7207 7328 7109 7208 7329
12931 6 2 8 8 7109 7208 7329 7110 7209 7330
12932 6 2 8 8 7110 7209 7330 7111 7210 7331
12933 6 2 8 8 7111 7210 7331 7112 7211 7332
12934 6 2 8 8 7112 7211 7332 7113 7212 7333
12935 6 2 8 8 7113 7212 7333 7114 7213 7334
12936 6 2 8 8 7114 7213 7334 2886 2895 2906
12937 6 2 8 8 1804 310 1806 7247 2803 7269
12938 6 2 8 8 7247 2803 7269 7248 2804 7270
12939 6 2 8 8 7248 2804 7270 7249 2805 7271
12940 6 2 8 8 7249 2805 7271 7250 2806 7272
12941 6 2 8 8 7250 2806 7272 7251 2807 7273
12942 6 2 8 8 7251 2807 7273 7252 2808 7274
12943 6 2 8 8 7252 2808 7274 7253 2809 7275
12944 6 2 8 8 7253 2809 7275 7254 2810 7276
12945 6 2 8 8 7254 2810 7276 7255 2811 7277
12946 6 2 8 8 7255 2811 7277 7256 2812 7278
12947 6 2 8 8 7256 2812 7278 7257 2813 7279
12948 6 2 8 8 7257 2813 7279 2899 512 2901
12949 6 2 8 8 310 1791 1806 2803 7104 7269
12950 6 2 8 8 2803 7104 7269 2804 7105 7270
12951 6 2 8 8 2804 7105 7270 2805 7106 7271
12952 6 2 8 8 2805 7106 7271 2806 7107 7272
12953 6 2 8 8 2806 7107 7272 2807 7108 7273
12954 6 2 8 8 2807 7108 7273 2808 7109 7274
12955 6 2 8 8 2808 7109 7274 2809 7110 7275
12956 6 2 8 8 2809 7110 7275 2810 7111 7276
12957 6 2 8 8 2810 7111 7276 2811 7112 7277
12958 6 2 8 8 2811 7112 7277 2812 7113 7278
12959 6 2 8 8 2812 7113 7278 2813 7114 7279
12960 6 2 8 8 2813 7114 7279 512 2886 2901
12961 6 2 8 8 310 311 1791 2803 2814 7104
12962 6 2 8 8 2803 2814 7104 2804 2815 7105
12963 6 2 8 8 2804 2815 7105 2805 2816 7106
12964 6 2 8 8 2805 2816 7106 2806 2817 7107
12965 6 2 8 8 2806 2817 7107 2807 2818 7108
12966 6 2 8 8 2807 2818 7108 2808 2819 7109
12967 6 2 8 8 2808 2819 7109 2809 2820 7110
12968 6 2 8 8 2809 2820 7110 2810 2821 7111
12969 6 2 8 8 2810 2821 7111 2811 2822 7112
12970 6 2 8 8 2811 2822 7112 2812 2823 7113
12971 6 2 8 8 2812 2823 7113 2813 2824 7114
12972 6 2 8 8 2813 2824 7114 512 513 2886
12973 6 2 8 8 1791 311 1800 7104 2814 7203
12974 6 2 8 8 7104 2814 7203 7105 2815 7204
12975 6 2 8 8 7105 2815 7204 7106 2816 7205
12976 6 2 8 8 7106 2816 7205 7107 2817 7206
12977 6 2 8 8 7107 2817 7206 7108 2818 7207
12978 6 2 8 8 7108 2818 7207 7109 2819 7208
12979 6 2 8 8 7109 2819 7208 7110 2820 7209
12980 6 2 8 8 7110 2820 7209 7111 2821 7210
12981 6 2 8 8 7111 2821 7210 7112 2822 7211
12982 6 2 8 8 7112 2822 7211 7113 2823 7212
12983 6 2 8 8 7113 2823 7212 7114 2824 7213
12984 6 2 8 8 7114 2824 7213 2886 513 2895
12985 6 2 8 8 1801 1794 1817 7214 7137 7390
12986 6 2 8 8 7214 7137 7390 7215 7138 7391
12987 6 2 8 8 7215 7138 7391 7216 7139 7392
12988 6 2 8 8 7216 7139 7392 7217 7140 7393
12989 6 2 8 8 7217 7140 7393 7218 7141 7394
12990 6 2 8 8 7218 7141 7394 7219 7142 7395
12991 6 2 8 8 7219 7142 7395 7220 7143 7396
12992 6 2 8 8 7220 7143 7396 7221 7144 7397
12993 6 2 8 8 7221 7144 7397 7222 7145 7398
12994 6 2 8 8 7222 7145 7398 7223 7146 7399
12995 6 2 8 8 7223 7146 7399 7224 7147 7400
12996 6 2 8 8 7224 7147 7400 2896 2889 2912
12997 6 2 8 8 296 297 1790 2770 2781 7093
12998 6 2 8 8 2770 2781 7093 2771 2782 7094
12999 6 2 8 8 2771 2782 7094 2772 2783 7095
13000 6 2 8 8 2772 2783 7095 2773 2784 7096
13001 6 2 8 8 2773 2784 7096 2774 2785 7097
13002 6 2 8 8 2774 2785 7097 2775 2786 7098
13003 6 2 8 8 2775 2786 7098 2776 2787 7099
13004 6 2 8 8 2776 2787 7099 2777 2788 7100
13005 6 2 8 8 2777 2788 7100 2778 2789 7101
13006 6 2 8 8 2778 2789 7101 2779 2790 7102
13007 6 2 8 8 2779 2790 7102 2780 2791 7103
13008 6 2 8 8 2780 2791 7103 498 499 2885
13009 6 2 8 8 1800 1790 1814 7203 7093 7357
13010 6 2 8 8 7203 7093 7357 7204 7094 7358
13011 6 2 8 8 7204 7094 7358 7205 7095 7359
13012 6 2 8 8 7205 7095 7359 7206 7096 7360
13013 6 2 8 8 7206 7096 7360 7207 7097 7361
13014 6 2 8 8 7207 7097 7361 7208 7098 7362
13015 6 2 8 8 7208 7098 7362 7209 7099 7363
13016 6 2 8 8 7209 7099 7363 7210 7100 7364
13017 6 2 8 8 7210 7100 7364 7211 7101 7365
13018 6 2 8 8 7211 7101 7365 7212 7102 7366
13019 6 2 8 8 7212 7102 7366 7213 7103 7367
13020 6 2 8 8 7213 7103 7367 2895 2885 2909
13021 6 2 8 8 298 1805 1810 2792 7258 7313
13022 6 2 8 8 2792 7258 7313 2793 7259 7314
13023 6 2 8 8 2793 7259 7314 2794 7260 7315
13024 6 2 8 8 2794 7260 7315 2795 7261 7316
13025 6 2 8 8 2795 7261 7316 2796 7262 7317
13026 6 2 8 8 2796 7262 7317 2797 7263 7318
13027 6 2 8 8 2797 7263 7318 2798 7264 7319
13028 6 2 8 8 2798 7264 7319 2799 7265 7320
13029 6 2 8 8 2799 7265 7320 2800 7266 7321
13030 6 2 8 8 2800 7266 7321 2801 7267 7322
13031 6 2 8 8 2801 7267 7322 2802 7268 7323
13032 6 2 8 8 2802 7268 7323 500 2900 2905
13033 6 2 8 8 1790 1797 1814 7093 7170 7357
13034 6 2 8 8 7093 7170 7357 7094 7171 7358
13035 6 2 8 8 7094 7171 7358 7095 7172 7359
13036 6 2 8 8 7095 7172 7359 7096 7173 7360
13037 6 2 8 8 7096 7173 7360 7097 7174 7361
13038 6 2 8 8 7097 7174 7361 7098 7175 7362
13039 6 2 8 8 7098 7175 7362 7099 7176 7363
13040 6 2 8 8 7099 7176 7363 7100 7177 7364
13041 6 2 8 8 7100 7177 7364 7101 7178 7365
13042 6 2 8 8 7101 7178 7365 7102 7179 7366
13043 6 2 8 8 7102 7179 7366 7103 7180 7367
13044 6 2 8 8 7103 7180 7367 2885 2892 2909
13045 6 2 8 8 21 296 1808 487 2770 7291
13046 6 2 8 8 487 2770 7291 488 2771 7292
13047 6 2 8 8 488 2771 7292 489 2772 7293
13048 6 2 8 8 489 2772 7293 490 2773 7294
13049 6 2 8 8 490 2773 7294 491 2774 7295
13050 6 2 8 8 491 2774 7295 492 2775 7296
13051 6 2 8 8 492 2775 7296 493 2776 7297
13052 6 2 8 8 493 2776 7297 494 2777 7298
13053 6 2 8 8 494 2777 7298 495 2778 7299
13054 6 2 8 8 495 2778 7299 496 2779 7300
13055 6 2 8 8 496 2779 7300 497 2780 7301
13056 6 2 8 8 497 2780 7301 32 498 2903
13057 6 2 8 8 1792 1787 1796 7115 7060 7159
13058 6 2 8 8 7115 7060 7159 7116 7061 7160
13059 6 2 8 8 7116 7061 7160 7117 7062 7161
13060 6 2 8 8 7117 7062 7161 7118 7063 7162
13061 6 2 8 8 7118 7063 7162 7119 7064 7163
13062 6 2 8 8 7119 7064 7163 7120 7065 7164
13063 6 2 8 8 7120 7065 7164 7121 7066 7165
13064 6 2 8 8 7121 7066 7165 7122 7067 7166
13065 6 2 8 8 7122 7067 7166 7123 7068 7167
13066 6 2 8 8 7123 7068 7167 7124 7069 7168
13067 6 2 8 8 7124 7069 7168 7125 7070 7169
13068 6 2 8 8 7125 7070 7169 2887 2882 2891
13069 6 2 8 8 297 298 1816 2781 2792 7379
13070 6 2 8 8 2781 2792 7379 2782 2793 7380
13071 6 2 8 8 2782 2793 7380 2783 2794 7381
13072 6 2 8 8 2783 2794 7381 2784 2795 7382
13073 6 2 8 8 2784 2795 7382 2785 2796 7383
13074 6 2 8 8 2785 2796 7383 2786 2797 7384
13075 6 2 8 8 2786 2797 7384 2787 2798 7385
13076 6 2 8 8 2787 2798 7385 2788 2799 7386
13077 6 2 8 8 2788 2799 7386 2789 2800 7387
13078 6 2 8 8 2789 2800 7387 2790 2801 7388
13079 6 2 8 8 2790 2801 7388 2791 2802 7389
13080 6 2 8 8 2791 2802 7389 499 500 2911
13081 6 2 8 8 1786 1803 1812 7049 7236 7335
13082 6 2 8 8 7049 7236 7335 7050 7237 7336
13083 6 2 8 8 7050 7237 7336 7051 7238 7337
13084 6 2 8 8 7051 7238 7337 7052 7239 7338
13085 6 2 8 8 7052 7239 7338 7053 7240 7339
13086 6 2 8 8 7053 7240 7339 7054 7241 7340
13087 6 2 8 8 7054 7241 7340 7055 7242 7341
13088 6 2 8 8 7055 7242 7341 7056 7243 7342
13089 6 2 8 8 7056 7243 7342 7057 7244 7343
13090 6 2 8 8 7057 7244 7343 7058 7245 7344
13091 6 2 8 8 7058 7245 7344 7059 7246 7345
13092 6 2 8 8 7059 7246 7345 2881 2898 2907
13093 6 2 8 8 1790 297 1816 7093 2781 7379
13094 6 2 8 8 7093 2781 7379 7094 2782 7380
13095 6 2 8 8 7094 2782 7380 7095 2783 7381
13096 6 2 8 8 7095 2783 7381 7096 2784 7382
13097 6 2 8 8 7096 2784 7382 7097 2785 7383
13098 6 2 8 8 7097 2785 7383 7098 2786 7384
13099 6 2 8 8 7098 2786 7384 7099 2787 7385
13100 6 2 8 8 7099 2787 7385 7100 2788 7386
13101 6 2 8 8 7100 2788 7386 7101 2789 7387
13102 6 2 8 8 7101 2789 7387 7102 2790 7388
13103 6 2 8 8 7102 2790 7388 7103 2791 7389
13104 6 2 8 8 7103 2791 7389 2885 499 2911
13105 6 2 8 8 1794 1798 1817 7137 7181 7390
13106 6 2 8 8 7137 7181 7390 7138 7182 7391
13107 6 2 8 8 7138 7182 7391 7139 7183 7392
13108 6 2 8 8 7139 7183 7392 7140 7184 7393
13109 6 2 8 8 7140 7184 7393 7141 7185 7394
13110 6 2 8 8 7141 7185 7394 7142 7186 7395
13111 6 2 8 8 7142 7186 7395 7143 7187 7396
13112 6 2 8 8 7143 7187 7396 7144 7188 7397
13113 6 2 8 8 7144 7188 7397 7145 7189 7398
13114 6 2 8 8 7145 7189 7398 7146 7190 7399
13115 6 2 8 8 7146 7190 7399 7147 7191 7400
13116 6 2 8 8 7147 7191 7400 2889 2893 2912
13117 6 2 8 8 1785 1794 1801 7038 7137 7214
13118 6 2 8 8 7038 7137 7214 7039 7138 7215
13119 6 2 8 8 7039 7138 7215 7040 7139 7216
13120 6 2 8 8 7040 7139 7216 7041 7140 7217
13121 6 2 8 8 7041 7140 7217 7042 7141 7218
13122 6 2 8 8 7042 7141 7218 7043 7142 7219
13123 6 2 8 8 7043 7142 7219 7044 7143 7220
13124 6 2 8 8 7044 7143 7220 7045 7144 7221
13125 6 2 8 8 7045 7144 7221 7046 7145 7222
13126 6 2 8 8 7046 7145 7222 7047 7146 7223
13127 6 2 8 8 7047 7146 7223 7048 7147 7224
13128 6 2 8 8 7048 7147 7224 2880 2889 2896
13129 6 2 8 8 311 312 1800 2814 2825 7203
13130 6 2 8 8 2814 2825 7203 2815 2826 7204
13131 6 2 8 8 2815 2826 7204 2816 2827 7205
13132 6 2 8 8 2816 2827 7205 2817 2828 7206
13133 6 2 8 8 2817 2828 7206 2818 2829 7207
13134 6 2 8 8 2818 2829 7207 2819 2830 7208
13135 6 2 8 8 2819 2830 7208 2820 2831 7209
13136 6 2 8 8 2820 2831 7209 2821 2832 7210
13137 6 2 8 8 2821 2832 7210 2822 2833 7211
13138 6 2 8 8 2822 2833 7211 2823 2834 7212
13139 6 2 8 8 2823 2834 7212 2824 2835 7213
13140 6 2 8 8 2824 2835 7213 513 514 2895
13141 6 2 8 8 312 21 1808 2825 487 7291
13142 6 2 8 8 2825 487 7291 2826 488 7292
13143 6 2 8 8 2826 488 7292 2827 489 7293
13144 6 2 8 8 2827 489 7293 2828 490 7294
13145 6 2 8 8 2828 490 7294 2829 491 7295
13146 6 2 8 8 2829 491 7295 2830 492 7296
13147 6 2 8 8 2830 492 7296 2831 493 7297
13148 6 2 8 8 2831 493 7297 2832 494 7298
13149 6 2 8 8 2832 494 7298 2833 495 7299
13150 6 2 8 8 2833 495 7299 2834 496 7300
13151 6 2 8 8 2834 496 7300 2835 497 7301
13152 6 2 8 8 2835 497 7301 514 32 2903
13153 6 2 8 8 1794 1797 1798 7137 7170 7181
13154 6 2 8 8 7137 7170 7181 7138 7171 7182
13155 6 2 8 8 7138 7171 7182 7139 7172 7183
13156 6 2 8 8 7139 7172 7183 7140 7173 7184
13157 6 2 8 8 7140 7173 7184 7141 7174 7185
13158 6 2 8 8 7141 7174 7185 7142 7175 7186
13159 6 2 8 8 7142 7175 7186 7143 7176 7187
13160 6 2 8 8 7143 7176 7187 7144 7177 7188
13161 6 2 8 8 7144 7177 7188 7145 7178 7189
13162 6 2 8 8 7145 7178 7189 7146 7179 7190
13163 6 2 8 8 7146 7179 7190 7147 7180 7191
13164 6 2 8 8 7147 7180 7191 2889 2892 2893
13165 6 2 8 8 262 19 1809 2618 453 7302
13166 6 2 8 8 2618 453 7302 2619 454 7303
13167 6 2 8 8 2619 454 7303 2620 455 7304
13168 6 2 8 8 2620 455 7304 2621 456 7305
13169 6 2 8 8 2621 456 7305 2622 457 7306
13170 6 2 8 8 2622 457 7306 2623 458 7307
13171 6 2 8 8 2623 458 7307 2624 459 7308
13172 6 2 8 8 2624 459 7308 2625 460 7309
13173 6 2 8 8 2625 460 7309 2626 461 7310
13174 6 2 8 8 2626 461 7310 2627 462 7311
13175 6 2 8 8 2627 462 7311 2628 463 7312
13176 6 2 8 8 2628 463 7312 464 30 2904
13177 6 2 8 8 19 313 1809 453 2836 7302
13178 6 2 8 8 453 2836 7302 454 2837 7303
13179 6 2 8 8 454 2837 7303 455 2838 7304
13180 6 2 8 8 455 2838 7304 456 2839 7305
13181 6 2 8 8 456 2839 7305 457 2840 7306
13182 6 2 8 8 457 2840 7306 458 2841 7307
13183 6 2 8 8 458 2841 7307 459 2842 7308
13184 6 2 8 8 459 2842 7308 460 2843 7309
13185 6 2 8 8 460 2843 7309 461 2844 7310
13186 6 2 8 8 461 2844 7310 462 2845 7311
13187 6 2 8 8 462 2845 7311 463 2846 7312
13188 6 2 8 8 463 2846 7312 30 515 2904
13189 6 2 8 8 1797 1790 1816 7170 7093 7379
13190 6 2 8 8 7170 7093 7379 7171 7094 7380
13191 6 2 8 8 7171 7094 7380 7172 7095 7381
13192 6 2 8 8 7172 7095 7381 7173 7096 7382
13193 6 2 8 8 7173 7096 7382 7174 7097 7383
13194 6 2 8 8 7174 7097 7383 7175 7098 7384
13195 6 2 8 8 7175 7098 7384 7176 7099 7385
13196 6 2 8 8 7176 7099 7385 7177 7100 7386
13197 6 2 8 8 7177 7100 7386 7178 7101 7387
13198 6 2 8 8 7178 7101 7387 7179 7102 7388
13199 6 2 8 8 7179 7102 7388 7180 7103 7389
13200 6 2 8 8 7180 7103 7389 2892 2885 2911
13201 6 2 8 8 1796 1787 1802 7159 7060 7225
13202 6 2 8 8 7159 7060 7225 7160 7061 7226
13203 6 2 8 8 7160 7061 7226 7161 7062 7227
13204 6 2 8 8 7161 7062 7227 7162 7063 7228
13205 6 2 8 8 7162 7063 7228 7163 7064 7229
13206 6 2 8 8 7163 7064 7229 7164 7065 7230
13207 6 2 8 8 7164 7065 7230 7165 7066 7231
13208 6 2 8 8 7165 7066 7231 7166 7067 7232
13209 6 2 8 8 7166 7067 7232 7167 7068 7233
13210 6 2 8 8 7167 7068 7233 7168 7069 7234
13211 6 2 8 8 7168 7069 7234 7169 7070 7235
13212 6 2 8 8 7169 7070 7235 2891 2882 2897
13213 6 2 8 8 1802 1787 1809 7225 7060 7302
13214 6 2 8 8 7225 7060 7302 7226 7061 7303
13215 6 2 8 8 7226 7061 7303 7227 7062 7304
13216 6 2 8 8 7227 7062 7304 7228 7063 7305
13217 6 2 8 8 7228 7063 7305 7229 7064 7306
13218 6 2 8 8 7229 7064 7306 7230 7065 7307
13219 6 2 8 8 7230 7065 7307 7231 7066 7308
13220 6 2 8 8 7231 7066 7308 7232 7067 7309
13221 6 2 8 8 7232 7067 7309 7233 7068 7310
13222 6 2 8 8 7233 7068 7310 7234 7069 7311
13223 6 2 8 8 7234 7069 7311 7235 7070 7312
13224 6 2 8 8 7235 7070 7312 2897 2882 2904
13225 6 2 8 8 18 267 1812 440 2673 7335
13226 6 2 8 8 440 2673 7335 441 2674 7336
13227 6 2 8 8 441 2674 7336 442 2675 7337
13228 6 2 8 8 442 2675 7337 443 2676 7338
13229 6 2 8 8 443 2676 7338 444 2677 7339
13230 6 2 8 8 444 2677 7339 445 2678 7340
13231 6 2 8 8 445 2678 7340 446 2679 7341
13232 6 2 8 8 446 2679 7341 447 2680 7342
13233 6 2 8 8 447 2680 7342 448 2681 7343
13234 6 2 8 8 448 2681 7343 449 2682 7344
13235 6 2 8 8 449 2682 7344 450 2683 7345
13236 6 2 8 8 450 2683 7345 29 469 2907
13237 6 2 8 8 284 18 1812 2759 440 7335
13238 6 2 8 8 2759 440 7335 2760 441 7336
13239 6 2 8 8 2760 441 7336 2761 442 7337
13240 6 2 8 8 2761 442 7337 2762 443 7338
13241 6 2 8 8 2762 443 7338 2763 444 7339
13242 6 2 8 8 2763 444 7339 2764 445 7340
13243 6 2 8 8 2764 445 7340 2765 446 7341
13244 6 2 8 8 2765 446 7341 2766 447 7342
13245 6 2 8 8 2766 447 7342 2767 448 7343
13246 6 2 8 8 2767 448 7343 2768 449 7344
13247 6 2 8 8 2768 449 7344 2769 450 7345
13248 6 2 8 8 2769 450 7345 486 29 2907
13249 6 2 8 8 1798 1799 1807 7181 7192 7280
13250 6 2 8 8 7181 7192 7280 7182 7193 7281
13251 6 2 8 8 7182 7193 7281 7183 7194 7282
13252 6 2 8 8 7183 7194 7282 7184 7195 7283
13253 6 2 8 8 7184 7195 7283 7185 7196 7284
13254 6 2 8 8 7185 7196 7284 7186 7197 7285
13255 6 2 8 8 7186 7197 7285 7187 7198 7286
13256 6 2 8 8 7187 7198 7286 7188 7199 7287
13257 6 2 8 8 7188 7199 7287 7189 7200 7288
13258 6 2 8 8 7189 7200 7288 7190 7201 7289
13259 6 2 8 8 7190 7201 7289 7191 7202 7290
13260 6 2 8 8 7191 7202 7290 2893 2894 2902
13261 6 2 8 8 1790 1800 1808 7093 7203 7291
13262 6 2 8 8 7093 7203 7291 7094 7204 7292
13263 6 2 8 8 7094 7204 7292 7095 7205 7293
13264 6 2 8 8 7095 7205 7293 7096 7206 7294
13265 6 2 8 8 7096 7206 7294 7097 7207 7295
13266 6 2 8 8 7097 7207 7295 7098 7208 7296
13267 6 2 8 8 7098 7208 7296 7099 7209 7297
13268 6 2 8 8 7099 7209 7297 7100 7210 7298
13269 6 2 8 8 7100 7210 7298 7101 7211 7299
13270 6 2 8 8 7101 7211 7299 7102 7212 7300
13271 6 2 8 8 7102 7212 7300 7103 7213 7301
13272 6 2 8 8 7103 7213 7301 2885 2895 2903
13273 6 2 8 8 296 1790 1808 2770 7093 7291
13274 6 2 8 8 2770 7093 7291 2771 7094 7292
13275 6 2 8 8 2771 7094 7292 2772 7095 7293
13276 6 2 8 8 2772 7095 7293 2773 7096 7294
13277 6 2 8 8 2773 7096 7294 2774 7097 7295
13278 6 2 8 8 2774 7097 7295 2775 7098 7296
13279 6 2 8 8 2775 7098 7296 2776 7099 7297
13280 6 2 8 8 2776 7099 7297 2777 7100 7298
13281 6 2 8 8 2777 7100 7298 2778 7101 7299
13282 6 2 8 8 2778 7101 7299 2779 7102 7300
13283 6 2 8 8 2779 7102 7300 2780 7103 7301
13284 6 2 8 8 2780 7103 7301 498 2885 2903
13285 6 2 8 8 1802 1788 1815 7225 7071 7368
13286 6 2 8 8 7225 7071 7368 7226 7072 7369
13287 6 2 8 8 7226 7072 7369 7227 7073 7370
13288 6 2 8 8 7227 7073 7370 7228 7074 7371
13289 6 2 8 8 7228 7074 7371 7229 7075 7372
13290 6 2 8 8 7229 7075 7372 7230 7076 7373
13291 6 2 8 8 7230 7076 7373 7231 7077 7374
13292 6 2 8 8 7231 7077 7374 7232 7078 7375
13293 6 2 8 8 7232 7078 7375 7233 7079 7376
13294 6 2 8 8 7233 7079 7376 7234 7080 7377
13295 6 2 8 8 7234 7080 7377 7235 7081 7378
13296 6 2 8 8 7235 7081 7378 2897 2883 2910
13297 6 2 8 8 283 284 1803 2748 2759 7236
13298 6 2 8 8 2748 2759 7236 2749 2760 7237
13299 6 2 8 8 2749 2760 7237 2750 2761 7238
13300 6 2 8 8 2750 2761 7238 2751 2762 7239
13301 6 2 8 8 2751 2762 7239 2752 2763 7240
13302 6 2 8 8 2752 2763 7240 2753 2764 7241
13303 6 2 8 8 2753 2764 7241 2754 2765 7242
13304 6 2 8 8 2754 2765 7242 2755 2766 7243
13305 6 2 8 8 2755 2766 7243 2756 2767 7244
13306 6 2 8 8 2756 2767 7244 2757 2768 7245
13307 6 2 8 8 2757 2768 7245 2758 2769 7246
13308 6 2 8 8 2758 2769 7246 485 486 2898
13309 6 2 8 8 1786 266 1801 7049 2662 7214
13310 6 2 8 8 7049 2662 7214 7050 2663 7215
13311 6 2 8 8 7050 2663 7215 7051 2664 7216
13312 6 2 8 8 7051 2664 7216 7052 2665 7217
13313 6 2 8 8 7052 2665 7217 7053 2666 7218
13314 6 2 8 8 7053 2666 7218 7054 2667 7219
13315 6 2 8 8 7054 2667 7219 7055 2668 7220
13316 6 2 8 8 7055 2668 7220 7056 2669 7221
13317 6 2 8 8 7056 2669 7221 7057 2670 7222
13318 6 2 8 8 7057 2670 7222 7058 2671 7223
13319 6 2 8 8 7058 2671 7223 7059 2672 7224
13320 6 2 8 8 7059 2672 7224 2881 468 2896
13321 6 2 8 8 1802 1809 1813 7225 7302 7346
13322 6 2 8 8 7225 7302 7346 7226 7303 7347
13323 6 2 8 8 7226 7303 7347 7227 7304 7348
13324 6 2 8 8 7227 7304 7348 7228 7305 7349
13325 6 2 8 8 7228 7305 7349 7229 7306 7350
13326 6 2 8 8 7229 7306 7350 7230 7307 7351
13327 6 2 8 8 7230 7307 7351 7231 7308 7352
13328 6 2 8 8 7231 7308 7352 7232 7309 7353
13329 6 2 8 8 7232 7309 7353 7233 7310 7354
13330 6 2 8 8 7233 7310 7354 7234 7311 7355
13331 6 2 8 8 7234 7311 7355 7235 7312 7356
13332 6 2 8 8 7235 7312 7356 2897 2904 2908
13333 6 2 8 8 263 1787 1792 2629 7060 7115
13334 6 2 8 8 2629 7060 7115 2630 7061 7116
13335 6 2 8 8 2630 7061 7116 2631 7062 7117
13336 6 2 8 8 2631 7062 7117 2632 7063 7118
13337 6 2 8 8 2632 7063 7118 2633 7064 7119
13338 6 2 8 8 2633 7064 7119 2634 7065 7120
13339 6 2 8 8 2634 7065 7120 2635 7066 7121
13340 6 2 8 8 2635 7066 7121 2636 7067 7122
13341 6 2 8 8 2636 7067 7122 2637 7068 7123
13342 6 2 8 8 2637 7068 7123 2638 7069 7124
13343 6 2 8 8 2638 7069 7124 2639 7070 7125
13344 6 2 8 8 2639 7070 7125 465 2882 2887
13345 6 2 8 8 1811 1796 1815 7324 7159 7368
13346 6 2 8 8 7324 7159 7368 7325 7160 7369
13347 6 2 8 8 7325 7160 7369 7326 7161 7370
13348 6 2 8 8 7326 7161 7370 7327 7162 7371
13349 6 2 8 8 7327 7162 7371 7328 7163 7372
13350 6 2 8 8 7328 7163 7372 7329 7164 7373
13351 6 2 8 8 7329 7164 7373 7330 7165 7374
13352 6 2 8 8 7330 7165 7374 7331 7166 7375
13353 6 2 8 8 7331 7166 7375 7332 7167 7376
13354 6 2 8 8 7332 7167 7376 7333 7168 7377
13355 6 2 8 8 7333 7168 7377 7334 7169 7378
13356 6 2 8 8 7334 7169 7378 2906 2891 2910
13357 6 2 8 8 265 1785 1801 2651 7038 7214
13358 6 2 8 8 2651 7038 7214 2652 7039 7215
13359 6 2 8 8 2652 7039 7215 2653 7040 7216
13360 6 2 8 8 2653 7040 7216 2654 7041 7217
13361 6 2 8 8 2654 7041 7217 2655 7042 7218
13362 6 2 8 8 2655 7042 7218 2656 7043 7219
13363 6 2 8 8 2656 7043 7219 2657 7044 7220
13364 6 2 8 8 2657 7044 7220 2658 7045 7221
13365 6 2 8 8 2658 7045 7221 2659 7046 7222
13366 6 2 8 8 2659 7046 7222 2660 7047 7223
13367 6 2 8 8 2660 7047 7223 2661 7048 7224
13368 6 2 8 8 2661 7048 7224 467 2880 2896
13369 6 2 8 8 263 262 1787 2629 2618 7060
13370 6 2 8 8 2629 2618 7060 2630 2619 7061
13371 6 2 8 8 2630 2619 7061 2631 2620 7062
13372 6 2 8 8 2631 2620 7062 2632 2621 7063
13373 6 2 8 8 2632 2621 7063 2633 2622 7064
13374 6 2 8 8 2633 2622 7064 2634 2623 7065
13375 6 2 8 8 2634 2623 7065 2635 2624 7066
13376 6 2 8 8 2635 2624 7066 2636 2625 7067
13377 6 2 8 8 2636 2625 7067 2637 2626 7068
13378 6 2 8 8 2637 2626 7068 2638 2627 7069
13379 6 2 8 8 2638 2627 7069 2639 2628 7070
13380 6 2 8 8 2639 2628 7070 465 464 2882
13381 6 2 8 8 267 266 1786 2673 2662 7049
13382 6 2 8 8 2673 2662 7049 2674 2663 7050
13383 6 2 8 8 2674 2663 7050 2675 2664 7051
13384 6 2 8 8 2675 2664 7051 2676 2665 7052
13385 6 2 8 8 2676 2665 7052 2677 2666 7053
13386 6 2 8 8 2677 2666 7053 2678 2667 7054
13387 6 2 8 8 2678 2667 7054 2679 2668 7055
13388 6 2 8 8 2679 2668 7055 2680 2669 7056
13389 6 2 8 8 2680 2669 7056 2681 2670 7057
13390 6 2 8 8 2681 2670 7057 2682 2671 7058
13391 6 2 8 8 2682 2671 7058 2683 2672 7059
13392 6 2 8 8 2683 2672 7059 469 468 2881
13393 6 2 8 8 1785 264 1792 7038 2640 7115
13394 6 2 8 8 7038 2640 7115 7039 2641 7116
13395 6 2 8 8 7039 2641 7116 7040 2642 7117
13396 6 2 8 8 7040 2642 7117 7041 2643 7118
13397 6 2 8 8 7041 2643 7118 7042 2644 7119
13398 6 2 8 8 7042 2644 7119 7043 2645 7120
13399 6 2 8 8 7043 2645 7120 7044 2646 7121
13400 6 2 8 8 7044 2646 7121 7045 2647 7122
13401 6 2 8 8 7045 2647 7122 7046 2648 7123
13402 6 2 8 8 7046 2648 7123 7047 2649 7124
13403 6 2 8 8 7047 2649 7124 7048 2650 7125
13404 6 2 8 8 7048 2650 7125 2880 466 2887
13405 6 2 8 8 1791 1811 1815 7104 7324 7368
13406 6 2 8 8 7104 7324 7368 7105 7325 7369
13407 6 2 8 8 7105 7325 7369 7106 7326 7370
13408 6 2 8 8 7106 7326 7370 7107 7327 7371
13409 6 2 8 8 7107 7327 7371 7108 7328 7372
13410 6 2 8 8 7108 7328 7372 7109 7329 7373
13411 6 2 8 8 7109 7329 7373 7110 7330 7374
13412 6 2 8 8 7110 7330 7374 7111 7331 7375
13413 6 2 8 8 7111 7331 7375 7112 7332 7376
13414 6 2 8 8 7112 7332 7376 7113 7333 7377
13415 6 2 8 8 7113 7333 7377 7114 7334 7378
13416 6 2 8 8 7114 7334 7378 2886 2906 2910
13417 6 2 8 8 1800 312 1808 7203 2825 7291
13418 6 2 8 8 7203 2825 7291 7204 2826 7292
13419 6 2 8 8 7204 2826 7292 7205 2827 7293
13420 6 2 8 8 7205 2827 7293 7206 2828 7294
13421 6 2 8 8 7206 2828 7294 7207 2829 7295
13422 6 2 8 8 7207 2829 7295 7208 2830 7296
13423 6 2 8 8 7208 2830 7296 7209 2831 7297
13424 6 2 8 8 7209 2831 7297 7210 2832 7298
13425 6 2 8 8 7210 2832 7298 7211 2833 7299
13426 6 2 8 8 7211 2833 7299 7212 2834 7300
13427 6 2 8 8 7212 2834 7300 7213 2835 7301
13428 6 2 8 8 7213 2835 7301 2895 514 2903
13429 6 2 8 8 266 265 1801 2662 2651 7214
13430 6 2 8 8 2662 2651 7214 2663 2652 7215
13431 6 2 8 8 2663 2652 7215 2664 2653 7216
13432 6 2 8 8 2664 2653 7216 2665 2654 7217
13433 6 2 8 8 2665 2654 7217 2666 2655 7218
13434 6 2 8 8 2666 2655 7218 2667 2656 7219
13435 6 2 8 8 2667 2656 7219 2668 2657 7220
13436 6 2 8 8 2668 2657 7220 2669 2658 7221
13437 6 2 8 8 2669 2658 7221 2670 2659 7222
13438 6 2 8 8 2670 2659 7222 2671 2660 7223
13439 6 2 8 8 2671 2660 7223 2672 2661 7224
13440 6 2 8 8 2672 2661 7224 468 467 2896
13441 6 2 8 8 1799 1797 1816 7192 7170 7379
13442 6 2 8 8 7192 7170 7379 7193 7171 7380
13443 6 2 8 8 7193 7171 7380 7194 7172 7381
13444 6 2 8 8 7194 7172 7381 7195 7173 7382
13445 6 2 8 8 7195 7173 7382 7196 7174 7383
13446 6 2 8 8 7196 7174 7383 7197 7175 7384
13447 6 2 8 8 7197 7175 7384 7198 7176 7385
13448 6 2 8 8 7198 7176 7385 7199 7177 7386
13449 6 2 8 8 7199 7177 7386 7200 7178 7387
13450 6 2 8 8 7200 7178 7387 7201 7179 7388
13451 6 2 8 8 7201 7179 7388 7202 7180 7389
13452 6 2 8 8 7202 7180 7389 2894 2892 2911
13453 6 2 8 8 265 264 1785 2651 2640 7038
13454 6 2 8 8 2651 2640 7038 2652 2641 7039
13455 6 2 8 8 2652 2641 7039 2653 2642 7040
13456 6 2 8 8 2653 2642 7040 2654 2643 7041
13457 6 2 8 8 2654 2643 7041 2655 2644 7042
13458 6 2 8 8 2655 2644 7042 2656 2645 7043
13459 6 2 8 8 2656 2645 7043 2657 2646 7044
13460 6 2 8 8 2657 2646 7044 2658 2647 7045
13461 6 2 8 8 2658 2647 7045 2659 2648 7046
13462 6 2 8 8 2659 2648 7046 2660 2649 7047
13463 6 2 8 8 2660 2649 7047 2661 2650 7048
13464 6 2 8 8 2661 2650 7048 467 466 2880
13465 6 2 8 8 1793 1796 1811 7126 7159 7324
13466 6 2 8 8 7126 7159 7324 7127 7160 7325
13467 6 2 8 8 7127 7160 7325 7128 7161 7326
13468 6 2 8 8 7128 7161 7326 7129 7162 7327
13469 6 2 8 8 7129 7162 7327 7130 7163 7328
13470 6 2 8 8 7130 7163 7328 7131 7164 7329
13471 6 2 8 8 7131 7164 7329 7132 7165 7330
13472 6 2 8 8 7132 7165 7330 7133 7166 7331
13473 6 2 8 8 7133 7166 7331 7134 7167 7332
13474 6 2 8 8 7134 7167 7332 7135 7168 7333
13475 6 2 8 8 7135 7168 7333 7136 7169 7334
13476 6 2 8 8 7136 7169 7334 2888 2891 2906
13477 6 2 8 8 1807 1799 1810 7280 7192 7313
13478 6 2 8 8 7280 7192 7313 7281 7193 7314
13479 6 2 8 8 7281 7193 7314 7282 7194 7315
13480 6 2 8 8 7282 7194 7315 7283 7195 7316
13481 6 2 8 8 7283 7195 7316 7284 7196 7317
13482 6 2 8 8 7284 7196 7317 7285 7197 7318
13483 6 2 8 8 7285 7197 7318 7286 7198 7319
13484 6 2 8 8 7286 7198 7319 7287 7199 7320
13485 6 2 8 8 7287 7199 7320 7288 7200 7321
13486 6 2 8 8 7288 7200 7321 7289 7201 7322
13487 6 2 8 8 7289 7201 7322 7290 7202 7323
13488 6 2 8 8 7290 7202 7323 2902 2894 2905
13489 6 2 8 8 314 315 1788 2847 2858 7071
13490 6 2 8 8 2847 2858 7071 2848 2859 7072
13491 6 2 8 8 2848 2859 7072 2849 2860 7073
13492 6 2 8 8 2849 2860 7073 2850 2861 7074
13493 6 2 8 8 2850 2861 7074 2851 2862 7075
13494 6 2 8 8 2851 2862 7075 2852 2863 7076
13495 6 2 8 8 2852 2863 7076 2853 2864 7077
13496 6 2 8 8 2853 2864 7077 2854 2865 7078
13497 6 2 8 8 2854 2865 7078 2855 2866 7079
13498 6 2 8 8 2855 2866 7079 2856 2867 7080
13499 6 2 8 8 2856 2867 7080 2857 2868 7081
13500 6 2 8 8 2857 2868 7081 516 517 2883
13501 6 2 8 8 282 283 1789 2737 2748 7082
13502 6 2 8 8 2737 2748 7082 2738 2749 7083
13503 6 2 8 8 2738 2749 7083 2739 2750 7084
13504 6 2 8 8 2739 2750 7084 2740 2751 7085
13505 6 2 8 8 2740 2751 7085 2741 2752 7086
13506 6 2 8 8 2741 2752 7086 2742 2753 7087
13507 6 2 8 8 2742 2753 7087 2743 2754 7088
13508 6 2 8 8 2743 2754 7088 2744 2755 7089
13509 6 2 8 8 2744 2755 7089 2745 2756 7090
13510 6 2 8 8 2745 2756 7090 2746 2757 7091
13511 6 2 8 8 2746 2757 7091 2747 2758 7092
13512 6 2 8 8 2747 2758 7092 484 485 2884
13513 6 2 8 8 264 263 1792 2640 2629 7115
13514 6 2 8 8 2640 2629 7115 2641 2630 7116
13515 6 2 8 8 2641 2630 7116 2642 2631 7117
13516 6 2 8 8 2642 2631 7117 2643 2632 7118
13517 6 2 8 8 2643 2632 7118 2644 2633 7119
13518 6 2 8 8 2644 2633 7119 2645 2634 7120
13519 6 2 8 8 2645 2634 7120 2646 2635 7121
13520 6 2 8 8 2646 2635 7121 2647 2636 7122
13521 6 2 8 8 2647 2636 7122 2648 2637 7123
13522 6 2 8 8 2648 2637 7123 2649 2638 7124
13523 6 2 8 8 2649 2638 7124 2650 2639 7125
13524 6 2 8 8 2650 2639 7125 466 465 2887
13525 6 2 8 8 1785 1792 1793 7038 7115 7126
13526 6 2 8 8 7038 7115 7126 7039 7116 7127
13527 6 2 8 8 7039 7116 7127 7040 7117 7128
13528 6 2 8 8 7040 7117 7128 7041 7118 7129
13529 6 2 8 8 7041 7118 7129 7042 7119 7130
13530 6 2 8 8 7042 7119 7130 7043 7120 7131
13531 6 2 8 8 7043 7120 7131 7044 7121 7132
13532 6 2 8 8 7044 7121 7132 7045 7122 7133
13533 6 2 8 8 7045 7122 7133 7046 7123 7134
13534 6 2 8 8 7046 7123 7134 7047 7124 7135
13535 6 2 8 8 7047 7124 7135 7048 7125 7136
13536 6 2 8 8 7048 7125 7136 2880 2887 2888
13537 6 2 8 8 1794 1795 1797 7137 7148 7170
13538 6 2 8 8 7137 7148 7170 7138 7149 7171
13539 6 2 8 8 7138 7149 7171 7139 7150 7172
13540 6 2 8 8 7139 7150 7172 7140 7151 7173
13541 6 2 8 8 7140 7151 7173 7141 7152 7174
13542 6 2 8 8 7141 7152 7174 7142 7153 7175
13543 6 2 8 8 7142 7153 7175 7143 7154 7176
13544 6 2 8 8 7143 7154 7176 7144 7155 7177
13545 6 2 8 8 7144 7155 7177 7145 7156 7178
13546 6 2 8 8 7145 7156 7178 7146 7157 7179
13547 6 2 8 8 7146 7157 7179 7147 7158 7180
13548 6 2 8 8 7147 7158 7180 2889 2890 2892
13549 6 2 8 8 1798 1797 1799 7181 7170 7192
13550 6 2 8 8 7181 7170 7192 7182 7171 7193
13551 6 2 8 8 7182 7171 7193 7183 7172 7194
13552 6 2 8 8 7183 7172 7194 7184 7173 7195
13553 6 2 8 8 7184 7173 7195 7185 7174 7196
13554 6 2 8 8 7185 7174 7196 7186 7175 7197
13555 6 2 8 8 7186 7175 7197 7187 7176 7198
13556 6 2 8 8 7187 7176 7198 7188 7177 7199
13557 6 2 8 8 7188 7177 7199 7189 7178 7200
13558 6 2 8 8 7189 7178 7200 7190 7179 7201
13559 6 2 8 8 7190 7179 7201 7191 7180 7202
13560 6 2 8 8 7191 7180 7202 2893 2892 2894
13561 6 2 8 8 1785 1793 1794 7038 7126 7137
13562 6 2 8 8 7038 7126 7137 7039 7127 7138
13563 6 2 8 8 7039 7127 7138 7040 7128 7139
13564 6 2 8 8 7040 7128 7139 7041 7129 7140
13565 6 2 8 8 7041 7129 7140 7042 7130 7141
13566 6 2 8 8 7042 7130 7141 7043 7131 7142
13567 6 2 8 8 7043 7131 7142 7044 7132 7143
13568 6 2 8 8 7044 7132 7143 7045 7133 7144
13569 6 2 8 8 7045 7133 7144 7046 7134 7145
13570 6 2 8 8 7046 7134 7145 7047 7135 7146
13571 6 2 8 8 7047 7135 7146 7048 7136 7147
13572 6 2 8 8 7048 7136 7147 2880 2888 2889
13573 6 2 8 8 1793 1792 1796 7126 7115 7159
13574 6 2 8 8 7126 7115 7159 7127 7116 7160
13575 6 2 8 8 7127 7116 7160 7128 7117 7161
13576 6 2 8 8 7128 7117 7161 7129 7118 7162
13577 6 2 8 8 7129 7118 7162 7130 7119 7163
13578 6 2 8 8 7130 7119 7163 7131 7120 7164
13579 6 2 8 8 7131 7120 7164 7132 7121 7165
13580 6 2 8 8 7132 7121 7165 7133 7122 7166
13581 6 2 8 8 7133 7122 7166 7134 7123 7167
13582 6 2 8 8 7134 7123 7167 7135 7124 7168
13583 6 2 8 8 7135 7124 7168 7136 7125 7169
13584 6 2 8 8 7136 7125 7169 2888 2887 2891
13585 6 2 8 8 1789 1807 1810 7082 7280 7313
13586 6 2 8 8 7082 7280 7313 7083 7281 7314
13587 6 2 8 8 7083 7281 7314 7084 7282 7315
13588 6 2 8 8 7084 7282 7315 7085 7283 7316
13589 6 2 8 8 7085 7283 7316 7086 7284 7317
13590 6 2 8 8 7086 7284 7317 7087 7285 7318
13591 6 2 8 8 7087 7285 7318 7088 7286 7319
13592 6 2 8 8 7088 7286 7319 7089 7287 7320
13593 6 2 8 8 7089 7287 7320 7090 7288 7321
13594 6 2 8 8 7090 7288 7321 7091 7289 7322
13595 6 2 8 8 7091 7289 7322 7092 7290 7323
13596 6 2 8 8 7092 7290 7323 2884 2902 2905
13597 6 2 8 8 1788 1806 1815 7071 7269 7368
13598 6 2 8 8 7071 7269 7368 7072 7270 7369
13599 6 2 8 8 7072 7270 7369 7073 7271 7370
13600 6 2 8 8 7073 7271 7370 7074 7272 7371
13601 6 2 8 8 7074 7272 7371 7075 7273 7372
13602 6 2 8 8 7075 7273 7372 7076 7274 7373
13603 6 2 8 8 7076 7274 7373 7077 7275 7374
13604 6 2 8 8 7077 7275 7374 7078 7276 7375
13605 6 2 8 8 7078 7276 7375 7079 7277 7376
13606 6 2 8 8 7079 7277 7376 7080 7278 7377
13607 6 2 8 8 7080 7278 7377 7081 7279 7378
13608 6 2 8 8 7081 7279 7378 2883 2901 2910
13609 6 2 8 8 1795 1793 1811 7148 7126 7324
13610 6 2 8 8 7148 7126 7324 7149 7127 7325
13611 6 2 8 8 7149 7127 7325 7150 7128 7326
13612 6 2 8 8 7150 7128 7326 7151 7129 7327
13613 6 2 8 8 7151 7129 7327 7152 7130 7328
13614 6 2 8 8 7152 7130 7328 7153 7131 7329
13615 6 2 8 8 7153 7131 7329 7154 7132 7330
13616 6 2 8 8 7154 7132 7330 7155 7133 7331
13617 6 2 8 8 7155 7133 7331 7156 7134 7332
13618 6 2 8 8 7156 7134 7332 7157 7135 7333
13619 6 2 8 8 7157 7135 7333 7158 7136 7334
13620 6 2 8 8 7158 7136 7334 2890 2888 2906
13621 6 2 8 8 313 314 1813 2836 2847 7346
13622 6 2 8 8 2836 2847 7346 2837 2848 7347
13623 6 2 8 8 2837 2848 7347 2838 2849 7348
13624 6 2 8 8 2838 2849 7348 2839 2850 7349
13625 6 2 8 8 2839 2850 7349 2840 2851 7350
13626 6 2 8 8 2840 2851 7350 2841 2852 7351
13627 6 2 8 8 2841 2852 7351 2842 2853 7352
13628 6 2 8 8 2842 2853 7352 2843 2854 7353
13629 6 2 8 8 2843 2854 7353 2844 2855 7354
13630 6 2 8 8 2844 2855 7354 2845 2856 7355
13631 6 2 8 8 2845 2856 7355 2846 2857 7356
13632 6 2 8 8 2846 2857 7356 515 516 2908
13633 6 2 8 8 1794 1793 1795 7137 7126 7148
13634 6 2 8 8 7137 7126 7148 7138 7127 7149
13635 6 2 8 8 7138 7127 7149 7139 7128 7150
13636 6 2 8 8 7139 7128 7150 7140 7129 7151
13637 6 2 8 8 7140 7129 7151 7141 7130 7152
13638 6 2 8 8 7141 7130 7152 7142 7131 7153
13639 6 2 8 8 7142 7131 7153 7143 7132 7154
13640 6 2 8 8 7143 7132 7154 7144 7133 7155
13641 6 2 8 8 7144 7133 7155 7145 7134 7156
13642 6 2 8 8 7145 7134 7156 7146 7135 7157
13643 6 2 8 8 7146 7135 7157 7147 7136 7158
13644 6 2 8 8 7147 7136 7158 2889 2888 2890
13645 6 2 8 8 1789 283 1803 7082 2748 7236
13646 6 2 8 8 7082 2748 7236 7083 2749 7237
13647 6 2 8 8 7083 2749 7237 7084 2750 7238
13648 6 2 8 8 7084 2750 7238 7085 2751 7239
13649 6 2 8 8 7085 2751 7239 7086 2752 7240
13650 6 2 8 8 7086 2752 7240 7087 2753 7241
13651 6 2 8 8 7087 2753 7241 7088 2754 7242
13652 6 2 8 8 7088 2754 7242 7089 2755 7243
13653 6 2 8 8 7089 2755 7243 7090 2756 7244
13654 6 2 8 8 7090 2756 7244 7091 2757 7245
13655 6 2 8 8 7091 2757 7245 7092 2758 7246
13656 6 2 8 8 7092 2758 7246 2884 485 2898
13657 6 2 8 8 315 316 1804 2858 2869 7247
13658 6 2 8 8 2858 2869 7247 2859 2870 7248
13659 6 2 8 8 2859 2870 7248 2860 2871 7249
13660 6 2 8 8 2860 2871 7249 2861 2872 7250
13661 6 2 8 8 2861 2872 7250 2862 2873 7251
13662 6 2 8 8 2862 2873 7251 2863 2874 7252
13663 6 2 8 8 2863 2874 7252 2864 2875 7253
13664 6 2 8 8 2864 2875 7253 2865 2876 7254
13665 6 2 8 8 2865 2876 7254 2866 2877 7255
13666 6 2 8 8 2866 2877 7255 2867 2878 7256
13667 6 2 8 8 2867 2878 7256 2868 2879 7257
13668 6 2 8 8 2868 2879 7257 517 518 2899
13669 6 2 8 8 281 282 1805 2726 2737 7258
13670 6 2 8 8 2726 2737 7258 2727 2738 7259
13671 6 2 8 8 2727 2738 7259 2728 2739 7260
13672 6 2 8 8 2728 2739 7260 2729 2740 7261
13673 6 2 8 8 2729 2740 7261 2730 2741 7262
13674 6 2 8 8 2730 2741 7262 2731 2742 7263
13675 6 2 8 8 2731 2742 7263 2732 2743 7264
13676 6 2 8 8 2732 2743 7264 2733 2744 7265
13677 6 2 8 8 2733 2744 7265 2734 2745 7266
13678 6 2 8 8 2734 2745 7266 2735 2746 7267
13679 6 2 8 8 2735 2746 7267 2736 2747 7268
13680 6 2 8 8 2736 2747 7268 483 484 2900
13681 6 2 8 8 1798 1807 1817 7181 7280 7390
13682 6 2 8 8 7181 7280 7390 7182 7281 7391
13683 6 2 8 8 7182 7281 7391 7183 7282 7392
13684 6 2 8 8 7183 7282 7392 7184 7283 7393
13685 6 2 8 8 7184 7283 7393 7185 7284 7394
13686 6 2 8 8 7185 7284 7394 7186 7285 7395
13687 6 2 8 8 7186 7285 7395 7187 7286 7396
13688 6 2 8 8 7187 7286 7396 7188 7287 7397
13689 6 2 8 8 7188 7287 7397 7189 7288 7398
13690 6 2 8 8 7189 7288 7398 7190 7289 7399
13691 6 2 8 8 7190 7289 7399 7191 7290 7400
13692 6 2 8 8 7191 7290 7400 2893 2902 2912
13693 6 2 8 8 1805 1789 1810 7258 7082 7313
13694 6 2 8 8 7258 7082 7313 7259 7083 7314
13695 6 2 8 8 7259 7083 7314 7260 7084 7315
13696 6 2 8 8 7260 7084 7315 7261 7085 7316
13697 6 2 8 8 7261 7085 7316 7262 7086 7317
13698 6 2 8 8 7262 7086 7317 7263 7087 7318
13699 6 2 8 8 7263 7087 7318 7264 7088 7319
13700 6 2 8 8 7264 7088 7319 7265 7089 7320
13701 6 2 8 8 7265 7089 7320 7266 7090 7321
13702 6 2 8 8 7266 7090 7321 7267 7091 7322
13703 6 2 8 8 7267 7091 7322 7268 7092 7323
13704 6 2 8 8 7268 7092 7323 2900 2884 2905
13705 6 2 8 8 1806 1791 1815 7269 7104 7368
13706 6 2 8 8 7269 7104 7368 7270 7105 7369
13707 6 2 8 8 7270 7105 7369 7271 7106 7370
13708 6 2 8 8 7271 7106 7370 7272 7107 7371
13709 6 2 8 8 7272 7107 7371 7273 7108 7372
13710 6 2 8 8 7273 7108 7372 7274 7109 7373
13711 6 2 8 8 7274 7109 7373 7275 7110 7374
13712 6 2 8 8 7275 7110 7374 7276 7111 7375
13713 6 2 8 8 7276 7111 7375 7277 7112 7376
13714 6 2 8 8 7277 7112 7376 7278 7113 7377
13715 6 2 8 8 7278 7113 7377 7279 7114 7378
13716 6 2 8 8 7279 7114 7378 2901 2886 2910
13717 6 2 8 8 1789 1803 1807 7082 7236 7280
13718 6 2 8 8 7082 7236 7280 7083 7237 7281
13719 6 2 8 8 7083 7237 7281 7084 7238 7282
13720 6 2 8 8 7084 7238 7282 7085 7239 7283
13721 6 2 8 8 7085 7239 7283 7086 7240 7284
13722 6 2 8 8 7086 7240 7284 7087 7241 7285
13723 6 2 8 8 7087 7241 7285 7088 7242 7286
13724 6 2 8 8 7088 7242 7286 7089 7243 7287
13725 6 2 8 8 7089 7243 7287 7090 7244 7288
13726 6 2 8 8 7090 7244 7288 7091 7245 7289
13727 6 2 8 8 7091 7245 7289 7092 7246 7290
13728 6 2 8 8 7092 7246 7290 2884 2898 2902
13729 6 2 8 8 267 1786 1812 2673 7049 7335
13730 6 2 8 8 2673 7049 7335 2674 7050 7336
13731 6 2 8 8 2674 7050 7336 2675 7051 7337
13732 6 2 8 8 2675 7051 7337 2676 7052 7338
13733 6 2 8 8 2676 7052 7338 2677 7053 7339
13734 6 2 8 8 2677 7053 7339 2678 7054 7340
13735 6 2 8 8 2678 7054 7340 2679 7055 7341
13736 6 2 8 8 2679 7055 7341 2680 7056 7342
13737 6 2 8 8 2680 7056 7342 2681 7057 7343
13738 6 2 8 8 2681 7057 7343 2682 7058 7344
13739 6 2 8 8 2682 7058 7344 2683 7059 7345
13740 6 2 8 8 2683 7059 7345 469 2881 2907
13741 6 2 8 8 1803 284 1812 7236 2759 7335
13742 6 2 8 8 7236 2759 7335 7237 2760 7336
13743 6 2 8 8 7237 2760 7336 7238 2761 7337
13744 6 2 8 8 7238 2761 7337 7239 2762 7338
13745 6 2 8 8 7239 2762 7338 7240 2763 7339
13746 6 2 8 8 7240 2763 7339 7241 2764 7340
13747 6 2 8 8 7241 2764 7340 7242 2765 7341
13748 6 2 8 8 7242 2765 7341 7243 2766 7342
13749 6 2 8 8 7243 2766 7342 7244 2767 7343
13750 6 2 8 8 7244 2767 7343 7245 2768 7344
13751 6 2 8 8 7245 2768 7344 7246 2769 7345
13752 6 2 8 8 7246 2769 7345 2898 486 2907
13753 6 2 8 8 1788 1802 1813 7071 7225 7346
13754 6 2 8 8 7071 7225 7346 7072 7226 7347
13755 6 2 8 8 7072 7226 7347 7073 7227 7348
13756 6 2 8 8 7073 7227 7348 7074 7228 7349
13757 6 2 8 8 7074 7228 7349 7075 7229 7350
13758 6 2 8 8 7075 7229 7350 7076 7230 7351
13759 6 2 8 8 7076 7230 7351 7077 7231 7352
13760 6 2 8 8 7077 7231 7352 7078 7232 7353
13761 6 2 8 8 7078 7232 7353 7079 7233 7354
13762 6 2 8 8 7079 7233 7354 7080 7234 7355
13763 6 2 8 8 7080 7234 7355 7081 7235 7356
13764 6 2 8 8 7081 7235 7356 2883 2897 2908
13765 6 2 8 8 1787 262 1809 7060 2618 7302
13766 6 2 8 8 7060 2618 7302 7061 2619 7303
13767 6 2 8 8 7061 2619 7303 7062 2620 7304
13768 6 2 8 8 7062 2620 7304 7063 2621 7305
13769 6 2 8 8 7063 2621 7305 7064 2622 7306
13770 6 2 8 8 7064 2622 7306 7065 2623 7307
13771 6 2 8 8 7065 2623 7307 7066 2624 7308
13772 6 2 8 8 7066 2624 7308 7067 2625 7309
13773 6 2 8 8 7067 2625 7309 7068 2626 7310
13774 6 2 8 8 7068 2626 7310 7069 2627 7311
13775 6 2 8 8 7069 2627 7311 7070 2628 7312
13776 6 2 8 8 7070 2628 7312 2882 464 2904
13777 6 2 8 8 1788 1804 1806 7071 7247 7269
13778 6 2 8 8 7071 7247 7269 7072 7248 7270
13779 6 2 8 8 7072 7248 7270 7073 7249 7271
13780 6 2 8 8 7073 7249 7271 7074 7250 7272
13781 6 2 8 8 7074 7250 7272 7075 7251 7273
13782 6 2 8 8 7075 7251 7273 7076 7252 7274
13783 6 2 8 8 7076 7252 7274 7077 7253 7275
13784 6 2 8 8 7077 7253 7275 7078 7254 7276
13785 6 2 8 8 7078 7254 7276 7079 7255 7277
13786 6 2 8 8 7079 7255 7277 7080 7256 7278
13787 6 2 8 8 7080 7256 7278 7081 7257 7279
13788 6 2 8 8 7081 7257 7279 2883 2899 2901
13789 6 2 8 8 314 1788 1813 2847 7071 7346
13790 6 2 8 8 2847 7071 7346 2848 7072 7347
13791 6 2 8 8 2848 7072 7347 2849 7073 7348
13792 6 2 8 8 2849 7073 7348 2850 7074 7349
13793 6 2 8 8 2850 7074 7349 2851 7075 7350
13794 6 2 8 8 2851 7075 7350 2852 7076 7351
13795 6 2 8 8 2852 7076 7351 2853 7077 7352
13796 6 2 8 8 2853 7077 7352 2854 7078 7353
13797 6 2 8 8 2854 7078 7353 2855 7079 7354
13798 6 2 8 8 2855 7079 7354 2856 7080 7355
13799 6 2 8 8 2856 7080 7355 2857 7081 7356
13800 6 2 8 8 2857 7081 7356 516 2883 2908
13801 6 2 8 8 1809 313 1813 7302 2836 7346
13802 6 2 8 8 7302 2836 7346 7303 2837 7347
13803 6 2 8 8 7303 2837 7347 7304 2838 7348
13804 6 2 8 8 7304 2838 7348 7305 2839 7349
13805 6 2 8 8 7305 2839 7349 7306 2840 7350
13806 6 2 8 8 7306 2840 7350 7307 2841 7351
13807 6 2 8 8 7307 2841 7351 7308 2842 7352
13808 6 2 8 8 7308 2842 7352 7309 2843 7353
13809 6 2 8 8 7309 2843 7353 7310 2844 7354
13810 6 2 8 8 7310 2844 7354 7311 2845 7355
13811 6 2 8 8 7311 2845 7355 7312 2846 7356
13812 6 2 8 8 7312 2846 7356 2904 515 2908
13813 6 2 8 8 1786 1801 1817 7049 7214 7390
13814 6 2 8 8 7049 7214 7390 7050 7215 7391
13815 6 2 8 8 7050 7215 7391 7051 7216 7392
13816 6 2 8 8 7051 7216 7392 7052 7217 7393
13817 6 2 8 8 7052 7217 7393 7053 7218 7394
13818 6 2 8 8 7053 7218 7394 7054 7219 7395
13819 6 2 8 8 7054 7219 7395 7055 7220 7396
13820 6 2 8 8 7055 7220 7396 7056 7221 7397
13821 6 2 8 8 7056 7221 7397 7057 7222 7398
13822 6 2 8 8 7057 7222 7398 7058 7223 7399
13823 6 2 8 8 7058 7223 7399 7059 7224 7400
13824 6 2 8 8 7059 7224 7400 2881 2896 2912
13825 6 2 8 8 1788 315 1804 7071 2858 7247
13826 6 2 8 8 7071 2858 7247 7072 2859 7248
13827 6 2 8 8 7072 2859 7248 7073 2860 7249
13828 6 2 8 8 7073 2860 7249 7074 2861 7250
13829 6 2 8 8 7074 2861 7250 7075 2862 7251
13830 6 2 8 8 7075 2862 7251 7076 2863 7252
13831 6 2 8 8 7076 2863 7252 7077 2864 7253
13832 6 2 8 8 7077 2864 7253 7078 2865 7254
13833 6 2 8 8 7078 2865 7254 7079 2866 7255
13834 6 2 8 8 7079 2866 7255 7080 2867 7256
13835 6 2 8 8 7080 2867 7256 7081 2868 7257
13836 6 2 8 8 7081 2868 7257 2883 517 2899
13837 6 2 8 8 282 1789 1805 2737 7082 7258
13838 6 2 8 8 2737 7082 7258 2738 7083 7259
13839 6 2 8 8 2738 7083 7259 2739 7084 7260
13840 6 2 8 8 2739 7084 7260 2740 7085 7261
13841 6 2 8 8 2740 7085 7261 2741 7086 7262
13842 6 2 8 8 2741 7086 7262 2742 7087 7263
13843 6 2 8 8 2742 7087 7263 2743 7088 7264
13844 6 2 8 8 2743 7088 7264 2744 7089 7265
13845 6 2 8 8 2744 7089 7265 2745 7090 7266
13846 6 2 8 8 2745 7090 7266 2746 7091 7267
13847 6 2 8 8 2746 7091 7267 2747 7092 7268
13848 6 2 8 8 2747 7092 7268 484 2884 2900
13849 6 2 8 8 1797 1795 1814 7170 7148 7357
13850 6 2 8 8 7170 7148 7357 7171 7149 7358
13851 6 2 8 8 7171 7149 7358 7172 7150 7359
13852 6 2 8 8 7172 7150 7359 7173 7151 7360
13853 6 2 8 8 7173 7151 7360 7174 7152 7361
13854 6 2 8 8 7174 7152 7361 7175 7153 7362
13855 6 2 8 8 7175 7153 7362 7176 7154 7363
13856 6 2 8 8 7176 7154 7363 7177 7155 7364
13857 6 2 8 8 7177 7155 7364 7178 7156 7365
13858 6 2 8 8 7178 7156 7365 7179 7157 7366
13859 6 2 8 8 7179 7157 7366 7180 7158 7367
13860 6 2 8 8 7180 7158 7367 2892 2890 2909
13861 6 2 8 8 1796 1802 1815 7159 7225 7368
13862 6 2 8 8 7159 7225 7368 7160 7226 7369
13863 6 2 8 8 7160 7226 7369 7161 7227 7370
13864 6 2 8 8 7161 7227 7370 7162 7228 7371
13865 6 2 8 8 7162 7228 7371 7163 7229 7372
13866 6 2 8 8 7163 7229 7372 7164 7230 7373
13867 6 2 8 8 7164 7230 7373 7165 7231 7374
13868 6 2 8 8 7165 7231 7374 7166 7232 7375
13869 6 2 8 8 7166 7232 7375 7167 7233 7376
13870 6 2 8 8 7167 7233 7376 7168 7234 7377
13871 6 2 8 8 7168 7234 7377 7169 7235 7378
13872 6 2 8 8 7169 7235 7378 2891 2897 2910
13873 6 2 8 8 298 20 1805 2792 472 7258
13874 6 2 8 8 2792 472 7258 2793 473 7259
13875 6 2 8 8 2793 473 7259 2794 474 7260
13876 6 2 8 8 2794 474 7260 2795 475 7261
13877 6 2 8 8 2795 475 7261 2796 476 7262
13878 6 2 8 8 2796 476 7262 2797 477 7263
13879 6 2 8 8 2797 477 7263 2798 478 7264
13880 6 2 8 8 2798 478 7264 2799 479 7265
13881 6 2 8 8 2799 479 7265 2800 480 7266
13882 6 2 8 8 2800 480 7266 2801 481 7267
13883 6 2 8 8 2801 481 7267 2802 482 7268
13884 6 2 8 8 2802 482 7268 500 31 2900
13885 6 2 8 8 20 281 1805 472 2726 7258
13886 6 2 8 8 472 2726 7258 473 2727 7259
13887 6 2 8 8 473 2727 7259 474 2728 7260
13888 6 2 8 8 474 2728 7260 475 2729 7261
13889 6 2 8 8 475 2729 7261 476 2730 7262
13890 6 2 8 8 476 2730 7262 477 2731 7263
13891 6 2 8 8 477 2731 7263 478 2732 7264
13892 6 2 8 8 478 2732 7264 479 2733 7265
13893 6 2 8 8 479 2733 7265 480 2734 7266
13894 6 2 8 8 480 2734 7266 481 2735 7267
13895 6 2 8 8 481 2735 7267 482 2736 7268
13896 6 2 8 8 482 2736 7268 31 483 2900
13897 6 2 8 8 316 22 1804 2869 501 7247
13898 6 2 8 8 2869 501 7247 2870 502 7248
13899 6 2 8 8 2870 502 7248 2871 503 7249
13900 6 2 8 8 2871 503 7249 2872 504 7250
13901 6 2 8 8 2872 504 7250 2873 505 7251
13902 6 2 8 8 2873 505 7251 2874 506 7252
13903 6 2 8 8 2874 506 7252 2875 507 7253
13904 6 2 8 8 2875 507 7253 2876 508 7254
13905 6 2 8 8 2876 508 7254 2877 509 7255
13906 6 2 8 8 2877 509 7255 2878 510 7256
13907 6 2 8 8 2878 510 7256 2879 511 7257
13908 6 2 8 8 2879 511 7257 518 33 2899
13909 6 2 8 8 22 310 1804 501 2803 7247
13910 6 2 8 8 501 2803 7247 502 2804 7248
13911 6 2 8 8 502 2804 7248 503 2805 7249
13912 6 2 8 8 503 2805 7249 504 2806 7250
13913 6 2 8 8 504 2806 7250 505 2807 7251
13914 6 2 8 8 505 2807 7251 506 2808 7252
13915 6 2 8 8 506 2808 7252 507 2809 7253
13916 6 2 8 8 507 2809 7253 508 2810 7254
13917 6 2 8 8 508 2810 7254 509 2811 7255
13918 6 2 8 8 509 2811 7255 510 2812 7256
13919 6 2 8 8 510 2812 7256 511 2813 7257
13920 6 2 8 8 511 2813 7257 33 512 2899
$EndElements
