$MeshFormat
2.2 0 8
$EndMeshFormat
$PhysicalNames
12
2 1 "right"
2 2 "back"
2 3 "front"
2 4 "bottom"
2 5 "topleft"
2 6 "gamaH"
2 7 "gamaE"
2 8 "gamaB"
2 9 "coil_r1_r2_up"
3 10 "core"
3 11 "coil"
3 12 "air"
$EndPhysicalNames
$Nodes
6092
1 0 0 -0
2 0 0.0052 -0
3 0.0026 0.0052 -0
4 0.0026 0 -0
5 0.0078 0 -0
6 0 0.0078 -0
7 0.0104 0 -0
8 0 0.0104 -0
9 0.0234 0.0234 -0
10 0 0.0234 -0
11 0.0234 0 -0
12 0.0026 0 0.0078
13 0 0 0.0078
14 0 0.0052 0.0078
15 0.0026 0.0052 0.0078
16 0.0078 0 0.0078
17 0 0.0078 0.0078
18 0 0.0104 0.0078
19 0.0104 0 0.0078
20 0 0.0052 0.0078
21 0 0.0078 0.0078
22 0.0078 0 0.0078
23 0.0026 0 0.0078
24 0.0026 0.0052 0.0078
25 0.0234 0.0234 0.0078
26 0 0.0234 0.0078
27 0 0.0104 0.0078
28 0.0104 0 0.0078
29 0.0234 0 0.0078
30 0.0026 0 0.0234
31 0 0 0.0234
32 0 0.0052 0.0234
33 0.0026 0.0052 0.0234
34 0.0078 0 0.0234
35 0 0.0078 0.0234
36 0 0.0104 0.0234
37 0.0104 0 0.0234
38 0 0.0052 0.0234
39 0 0.0078 0.0234
40 0.0078 0 0.0234
41 0.0026 0 0.0234
42 0.0026 0.0052 0.0234
43 0.0234 0.0234 0.0234
44 0 0.0234 0.0234
45 0 0.0104 0.0234
46 0.0104 0 0.0234
47 0.0234 0 0.0234
48 0 0.0007428571428571443 0
49 0 0.001485714285714288 0
50 0 0.002228571428571432 0
51 0 0.002971428571428574 0
52 0 0.003714285714285715 0
53 0 0.004457142857142858 0
54 0.0004333333333333341 0.0052 0
55 0.000866666666666668 0.0052 0
56 0.001300000000000002 0.0052 0
57 0.001733333333333334 0.0052 0
58 0.002166666666666667 0.0052 0
59 0.0026 0.004457142857142856 0
60 0.0026 0.003714285714285712 0
61 0.0026 0.002971428571428568 0
62 0.0026 0.002228571428571426 0
63 0.0026 0.001485714285714285 0
64 0.0026 0.0007428571428571415 0
65 0.002166666666666666 0 0
66 0.001733333333333332 0 0
67 0.001299999999999998 0 0
68 0.000866666666666666 0 0
69 0.0004333333333333333 0 0
70 0.0026 0 0.00065
71 0.0026 0 0.0013
72 0.0026 0 0.00195
73 0.0026 0 0.0026
74 0.0026 0 0.00325
75 0.0026 0 0.0039
76 0.0026 0 0.00455
77 0.0026 0 0.0052
78 0.0026 0 0.005849999999999999
79 0.0026 0 0.0065
80 0.0026 0 0.007149999999999999
81 0 0 0.00065
82 0 0 0.0013
83 0 0 0.00195
84 0 0 0.0026
85 0 0 0.00325
86 0 0 0.0039
87 0 0 0.00455
88 0 0 0.0052
89 0 0 0.005849999999999999
90 0 0 0.0065
91 0 0 0.007149999999999999
92 0.002166666666666666 0 0.0078
93 0.001733333333333332 0 0.0078
94 0.001299999999999998 0 0.0078
95 0.000866666666666666 0 0.0078
96 0.0004333333333333333 0 0.0078
97 0 0.0052 0.00065
98 0 0.0052 0.0013
99 0 0.0052 0.00195
100 0 0.0052 0.0026
101 0 0.0052 0.00325
102 0 0.0052 0.0039
103 0 0.0052 0.00455
104 0 0.0052 0.0052
105 0 0.0052 0.005849999999999999
106 0 0.0052 0.0065
107 0 0.0052 0.007149999999999999
108 0 0.0007428571428571443 0.0078
109 0 0.001485714285714288 0.0078
110 0 0.002228571428571432 0.0078
111 0 0.002971428571428574 0.0078
112 0 0.003714285714285715 0.0078
113 0 0.004457142857142858 0.0078
114 0.0026 0.0052 0.00065
115 0.0026 0.0052 0.0013
116 0.0026 0.0052 0.00195
117 0.0026 0.0052 0.0026
118 0.0026 0.0052 0.00325
119 0.0026 0.0052 0.0039
120 0.0026 0.0052 0.00455
121 0.0026 0.0052 0.0052
122 0.0026 0.0052 0.005849999999999999
123 0.0026 0.0052 0.0065
124 0.0026 0.0052 0.007149999999999999
125 0.0004333333333333341 0.0052 0.0078
126 0.000866666666666668 0.0052 0.0078
127 0.001300000000000002 0.0052 0.0078
128 0.001733333333333334 0.0052 0.0078
129 0.002166666666666667 0.0052 0.0078
130 0.0026 0.004457142857142856 0.0078
131 0.0026 0.003714285714285712 0.0078
132 0.0026 0.002971428571428568 0.0078
133 0.0026 0.002228571428571426 0.0078
134 0.0026 0.001485714285714285 0.0078
135 0.0026 0.0007428571428571415 0.0078
136 0.007720607246671275 0.001110055738531622 0
137 0.00748404519419308 0.002197513943363149 0
138 0.007095129563765244 0.003240237101414711 0
139 0.006561777556083215 0.004216998376153658 0
140 0.005894846679963215 0.005107913724773223 0
141 0.005107913724773227 0.00589484667996321 0
142 0.004216998376153666 0.006561777556083209 0
143 0.003240237101414719 0.00709512956376524 0
144 0.002197513943363152 0.007484045194193079 0
145 0.001110055738531625 0.007720607246671275 0
146 0.01004562859340631 0.002691718069066212 0
147 0.009006664199358168 0.005199999999999989 0
148 0.007353910524340109 0.007353910524340079 0
149 0.005200000000000013 0.009006664199358154 0
150 0.002691718069066224 0.01004562859340631 0
151 0.0078 0 0.00065
152 0.0078 0 0.0013
153 0.0078 0 0.00195
154 0.0078 0 0.0026
155 0.0078 0 0.00325
156 0.0078 0 0.0039
157 0.0078 0 0.00455
158 0.0078 0 0.0052
159 0.0078 0 0.005849999999999999
160 0.0078 0 0.0065
161 0.0078 0 0.007149999999999999
162 0 0.0078 0.00065
163 0 0.0078 0.0013
164 0 0.0078 0.00195
165 0 0.0078 0.0026
166 0 0.0078 0.00325
167 0 0.0078 0.0039
168 0 0.0078 0.00455
169 0 0.0078 0.0052
170 0 0.0078 0.005849999999999999
171 0 0.0078 0.0065
172 0 0.0078 0.007149999999999999
173 0.007720607246671275 0.001110055738531622 0.0078
174 0.00748404519419308 0.002197513943363149 0.0078
175 0.007095129563765244 0.003240237101414711 0.0078
176 0.006561777556083215 0.004216998376153658 0.0078
177 0.005894846679963215 0.005107913724773223 0.0078
178 0.005107913724773227 0.00589484667996321 0.0078
179 0.004216998376153666 0.006561777556083209 0.0078
180 0.003240237101414719 0.00709512956376524 0.0078
181 0.002197513943363152 0.007484045194193079 0.0078
182 0.001110055738531625 0.007720607246671275 0.0078
183 0 0.0104 0.00065
184 0 0.0104 0.0013
185 0 0.0104 0.00195
186 0 0.0104 0.0026
187 0 0.0104 0.00325
188 0 0.0104 0.0039
189 0 0.0104 0.00455
190 0 0.0104 0.0052
191 0 0.0104 0.005849999999999999
192 0 0.0104 0.0065
193 0 0.0104 0.007149999999999999
194 0.0104 0 0.00065
195 0.0104 0 0.0013
196 0.0104 0 0.00195
197 0.0104 0 0.0026
198 0.0104 0 0.00325
199 0.0104 0 0.0039
200 0.0104 0 0.00455
201 0.0104 0 0.0052
202 0.0104 0 0.005849999999999999
203 0.0104 0 0.0065
204 0.0104 0 0.007149999999999999
205 0.01004562859340631 0.002691718069066212 0.0078
206 0.009006664199358168 0.005199999999999989 0.0078
207 0.007353910524340109 0.007353910524340079 0.0078
208 0.005200000000000013 0.009006664199358154 0.0078
209 0.002691718069066224 0.01004562859340631 0.0078
210 0.003466666666666668 0 0
211 0.004333333333333336 0 0
212 0.005200000000000003 0 0
213 0.006066666666666668 0 0
214 0.006933333333333333 0 0
215 0 0.005850000000000001 0
216 0 0.006500000000000001 0
217 0 0.00715 0
218 0 0.0052 0.00065
219 0 0.0052 0.0013
220 0 0.0052 0.00195
221 0 0.0052 0.0026
222 0 0.0052 0.00325
223 0 0.0052 0.0039
224 0 0.0052 0.00455
225 0 0.0052 0.0052
226 0 0.0052 0.005849999999999999
227 0 0.0052 0.0065
228 0 0.0052 0.007149999999999999
229 0 0.0078 0.00065
230 0 0.0078 0.0013
231 0 0.0078 0.00195
232 0 0.0078 0.0026
233 0 0.0078 0.00325
234 0 0.0078 0.0039
235 0 0.0078 0.00455
236 0 0.0078 0.0052
237 0 0.0078 0.005849999999999999
238 0 0.0078 0.0065
239 0 0.0078 0.007149999999999999
240 0 0.005850000000000001 0.0078
241 0 0.006500000000000001 0.0078
242 0 0.00715 0.0078
243 0.0078 0 0.00065
244 0.0078 0 0.0013
245 0.0078 0 0.00195
246 0.0078 0 0.0026
247 0.0078 0 0.00325
248 0.0078 0 0.0039
249 0.0078 0 0.00455
250 0.0078 0 0.0052
251 0.0078 0 0.005849999999999999
252 0.0078 0 0.0065
253 0.0078 0 0.007149999999999999
254 0.007720607246671275 0.001110055738531622 0.0078
255 0.00748404519419308 0.002197513943363149 0.0078
256 0.007095129563765244 0.003240237101414711 0.0078
257 0.006561777556083215 0.004216998376153658 0.0078
258 0.005894846679963215 0.005107913724773223 0.0078
259 0.005107913724773227 0.00589484667996321 0.0078
260 0.004216998376153666 0.006561777556083209 0.0078
261 0.003240237101414719 0.00709512956376524 0.0078
262 0.002197513943363152 0.007484045194193079 0.0078
263 0.001110055738531625 0.007720607246671275 0.0078
264 0.0026 0 0.00065
265 0.0026 0 0.0013
266 0.0026 0 0.00195
267 0.0026 0 0.0026
268 0.0026 0 0.00325
269 0.0026 0 0.0039
270 0.0026 0 0.00455
271 0.0026 0 0.0052
272 0.0026 0 0.005849999999999999
273 0.0026 0 0.0065
274 0.0026 0 0.007149999999999999
275 0.003466666666666668 0 0.0078
276 0.004333333333333336 0 0.0078
277 0.005200000000000003 0 0.0078
278 0.006066666666666668 0 0.0078
279 0.006933333333333333 0 0.0078
280 0.0026 0.0052 0.00065
281 0.0026 0.0052 0.0013
282 0.0026 0.0052 0.00195
283 0.0026 0.0052 0.0026
284 0.0026 0.0052 0.00325
285 0.0026 0.0052 0.0039
286 0.0026 0.0052 0.00455
287 0.0026 0.0052 0.0052
288 0.0026 0.0052 0.005849999999999999
289 0.0026 0.0052 0.0065
290 0.0026 0.0052 0.007149999999999999
291 0.0026 0.004457142857142856 0.0078
292 0.0026 0.003714285714285712 0.0078
293 0.0026 0.002971428571428568 0.0078
294 0.0026 0.002228571428571426 0.0078
295 0.0026 0.001485714285714285 0.0078
296 0.0026 0.0007428571428571415 0.0078
297 0.0004333333333333341 0.0052 0.0078
298 0.000866666666666668 0.0052 0.0078
299 0.001300000000000002 0.0052 0.0078
300 0.001733333333333334 0.0052 0.0078
301 0.002166666666666667 0.0052 0.0078
302 0.01256666666666666 0 0
303 0.01473333333333333 0 0
304 0.01689999999999999 0 0
305 0.01906666666666666 0 0
306 0.02123333333333333 0 0
307 0.0234 0.003899999999999997 0
308 0.0234 0.007799999999999991 0
309 0.0234 0.01169999999999998 0
310 0.0234 0.01559999999999998 0
311 0.0234 0.01949999999999999 0
312 0.0195 0.0234 0
313 0.01560000000000001 0.0234 0
314 0.01170000000000001 0.0234 0
315 0.007800000000000017 0.0234 0
316 0.003900000000000011 0.0234 0
317 0 0.02123333333333333 0
318 0 0.01906666666666667 0
319 0 0.0169 0
320 0 0.01473333333333333 0
321 0 0.01256666666666667 0
322 0.0234 0.0234 0.00065
323 0.0234 0.0234 0.0013
324 0.0234 0.0234 0.00195
325 0.0234 0.0234 0.0026
326 0.0234 0.0234 0.00325
327 0.0234 0.0234 0.0039
328 0.0234 0.0234 0.00455
329 0.0234 0.0234 0.0052
330 0.0234 0.0234 0.005849999999999999
331 0.0234 0.0234 0.0065
332 0.0234 0.0234 0.007149999999999999
333 0 0.0234 0.00065
334 0 0.0234 0.0013
335 0 0.0234 0.00195
336 0 0.0234 0.0026
337 0 0.0234 0.00325
338 0 0.0234 0.0039
339 0 0.0234 0.00455
340 0 0.0234 0.0052
341 0 0.0234 0.005849999999999999
342 0 0.0234 0.0065
343 0 0.0234 0.007149999999999999
344 0.0195 0.0234 0.0078
345 0.01560000000000001 0.0234 0.0078
346 0.01170000000000001 0.0234 0.0078
347 0.007800000000000017 0.0234 0.0078
348 0.003900000000000011 0.0234 0.0078
349 0 0.0104 0.00065
350 0 0.0104 0.0013
351 0 0.0104 0.00195
352 0 0.0104 0.0026
353 0 0.0104 0.00325
354 0 0.0104 0.0039
355 0 0.0104 0.00455
356 0 0.0104 0.0052
357 0 0.0104 0.005849999999999999
358 0 0.0104 0.0065
359 0 0.0104 0.007149999999999999
360 0 0.02123333333333333 0.0078
361 0 0.01906666666666667 0.0078
362 0 0.0169 0.0078
363 0 0.01473333333333333 0.0078
364 0 0.01256666666666667 0.0078
365 0.0104 0 0.00065
366 0.0104 0 0.0013
367 0.0104 0 0.00195
368 0.0104 0 0.0026
369 0.0104 0 0.00325
370 0.0104 0 0.0039
371 0.0104 0 0.00455
372 0.0104 0 0.0052
373 0.0104 0 0.005849999999999999
374 0.0104 0 0.0065
375 0.0104 0 0.007149999999999999
376 0.01004562859340631 0.002691718069066212 0.0078
377 0.009006664199358168 0.005199999999999989 0.0078
378 0.007353910524340109 0.007353910524340079 0.0078
379 0.005200000000000013 0.009006664199358154 0.0078
380 0.002691718069066224 0.01004562859340631 0.0078
381 0.0234 0 0.00065
382 0.0234 0 0.0013
383 0.0234 0 0.00195
384 0.0234 0 0.0026
385 0.0234 0 0.00325
386 0.0234 0 0.0039
387 0.0234 0 0.00455
388 0.0234 0 0.0052
389 0.0234 0 0.005849999999999999
390 0.0234 0 0.0065
391 0.0234 0 0.007149999999999999
392 0.01256666666666666 0 0.0078
393 0.01473333333333333 0 0.0078
394 0.01689999999999999 0 0.0078
395 0.01906666666666666 0 0.0078
396 0.02123333333333333 0 0.0078
397 0.0234 0.003899999999999997 0.0078
398 0.0234 0.007799999999999991 0.0078
399 0.0234 0.01169999999999998 0.0078
400 0.0234 0.01559999999999998 0.0078
401 0.0234 0.01949999999999999 0.0078
402 0.0026 0 0.008579999999999999
403 0.0026 0 0.00936
404 0.0026 0 0.01014
405 0.0026 0 0.01092
406 0.0026 0 0.01248
407 0.0026 0 0.01404
408 0.0026 0 0.0156
409 0.0026 0 0.01716
410 0.0026 0 0.01872
411 0.0026 0 0.02028
412 0.0026 0 0.02184
413 0 0 0.008579999999999999
414 0 0 0.00936
415 0 0 0.01014
416 0 0 0.01092
417 0 0 0.01248
418 0 0 0.01404
419 0 0 0.0156
420 0 0 0.01716
421 0 0 0.01872
422 0 0 0.02028
423 0 0 0.02184
424 0.002166666666666666 0 0.0234
425 0.001733333333333332 0 0.0234
426 0.001299999999999998 0 0.0234
427 0.000866666666666666 0 0.0234
428 0.0004333333333333333 0 0.0234
429 0 0.0052 0.008579999999999999
430 0 0.0052 0.00936
431 0 0.0052 0.01014
432 0 0.0052 0.01092
433 0 0.0052 0.01248
434 0 0.0052 0.01404
435 0 0.0052 0.0156
436 0 0.0052 0.01716
437 0 0.0052 0.01872
438 0 0.0052 0.02028
439 0 0.0052 0.02184
440 0 0.0007428571428571443 0.0234
441 0 0.001485714285714288 0.0234
442 0 0.002228571428571432 0.0234
443 0 0.002971428571428574 0.0234
444 0 0.003714285714285715 0.0234
445 0 0.004457142857142858 0.0234
446 0.0026 0.0052 0.008579999999999999
447 0.0026 0.0052 0.00936
448 0.0026 0.0052 0.01014
449 0.0026 0.0052 0.01092
450 0.0026 0.0052 0.01248
451 0.0026 0.0052 0.01404
452 0.0026 0.0052 0.0156
453 0.0026 0.0052 0.01716
454 0.0026 0.0052 0.01872
455 0.0026 0.0052 0.02028
456 0.0026 0.0052 0.02184
457 0.0004333333333333341 0.0052 0.0234
458 0.000866666666666668 0.0052 0.0234
459 0.001300000000000002 0.0052 0.0234
460 0.001733333333333334 0.0052 0.0234
461 0.002166666666666667 0.0052 0.0234
462 0.0026 0.004457142857142856 0.0234
463 0.0026 0.003714285714285712 0.0234
464 0.0026 0.002971428571428568 0.0234
465 0.0026 0.002228571428571426 0.0234
466 0.0026 0.001485714285714285 0.0234
467 0.0026 0.0007428571428571415 0.0234
468 0.0078 0 0.008579999999999999
469 0.0078 0 0.00936
470 0.0078 0 0.01014
471 0.0078 0 0.01092
472 0.0078 0 0.01248
473 0.0078 0 0.01404
474 0.0078 0 0.0156
475 0.0078 0 0.01716
476 0.0078 0 0.01872
477 0.0078 0 0.02028
478 0.0078 0 0.02184
479 0 0.0078 0.008579999999999999
480 0 0.0078 0.00936
481 0 0.0078 0.01014
482 0 0.0078 0.01092
483 0 0.0078 0.01248
484 0 0.0078 0.01404
485 0 0.0078 0.0156
486 0 0.0078 0.01716
487 0 0.0078 0.01872
488 0 0.0078 0.02028
489 0 0.0078 0.02184
490 0.007720607246671275 0.001110055738531622 0.0234
491 0.00748404519419308 0.002197513943363149 0.0234
492 0.007095129563765244 0.003240237101414711 0.0234
493 0.006561777556083215 0.004216998376153658 0.0234
494 0.005894846679963215 0.005107913724773223 0.0234
495 0.005107913724773227 0.00589484667996321 0.0234
496 0.004216998376153666 0.006561777556083209 0.0234
497 0.003240237101414719 0.00709512956376524 0.0234
498 0.002197513943363152 0.007484045194193079 0.0234
499 0.001110055738531625 0.007720607246671275 0.0234
500 0 0.0104 0.008579999999999999
501 0 0.0104 0.00936
502 0 0.0104 0.01014
503 0 0.0104 0.01092
504 0 0.0104 0.01248
505 0 0.0104 0.01404
506 0 0.0104 0.0156
507 0 0.0104 0.01716
508 0 0.0104 0.01872
509 0 0.0104 0.02028
510 0 0.0104 0.02184
511 0.0104 0 0.008579999999999999
512 0.0104 0 0.00936
513 0.0104 0 0.01014
514 0.0104 0 0.01092
515 0.0104 0 0.01248
516 0.0104 0 0.01404
517 0.0104 0 0.0156
518 0.0104 0 0.01716
519 0.0104 0 0.01872
520 0.0104 0 0.02028
521 0.0104 0 0.02184
522 0.01004562859340631 0.002691718069066212 0.0234
523 0.009006664199358168 0.005199999999999989 0.0234
524 0.007353910524340109 0.007353910524340079 0.0234
525 0.005200000000000013 0.009006664199358154 0.0234
526 0.002691718069066224 0.01004562859340631 0.0234
527 0 0.0052 0.008579999999999999
528 0 0.0052 0.00936
529 0 0.0052 0.01014
530 0 0.0052 0.01092
531 0 0.0052 0.01248
532 0 0.0052 0.01404
533 0 0.0052 0.0156
534 0 0.0052 0.01716
535 0 0.0052 0.01872
536 0 0.0052 0.02028
537 0 0.0052 0.02184
538 0 0.0078 0.008579999999999999
539 0 0.0078 0.00936
540 0 0.0078 0.01014
541 0 0.0078 0.01092
542 0 0.0078 0.01248
543 0 0.0078 0.01404
544 0 0.0078 0.0156
545 0 0.0078 0.01716
546 0 0.0078 0.01872
547 0 0.0078 0.02028
548 0 0.0078 0.02184
549 0 0.005850000000000001 0.0234
550 0 0.006500000000000001 0.0234
551 0 0.00715 0.0234
552 0.0078 0 0.008579999999999999
553 0.0078 0 0.00936
554 0.0078 0 0.01014
555 0.0078 0 0.01092
556 0.0078 0 0.01248
557 0.0078 0 0.01404
558 0.0078 0 0.0156
559 0.0078 0 0.01716
560 0.0078 0 0.01872
561 0.0078 0 0.02028
562 0.0078 0 0.02184
563 0.007720607246671275 0.001110055738531622 0.0234
564 0.00748404519419308 0.002197513943363149 0.0234
565 0.007095129563765244 0.003240237101414711 0.0234
566 0.006561777556083215 0.004216998376153658 0.0234
567 0.005894846679963215 0.005107913724773223 0.0234
568 0.005107913724773227 0.00589484667996321 0.0234
569 0.004216998376153666 0.006561777556083209 0.0234
570 0.003240237101414719 0.00709512956376524 0.0234
571 0.002197513943363152 0.007484045194193079 0.0234
572 0.001110055738531625 0.007720607246671275 0.0234
573 0.0026 0 0.008579999999999999
574 0.0026 0 0.00936
575 0.0026 0 0.01014
576 0.0026 0 0.01092
577 0.0026 0 0.01248
578 0.0026 0 0.01404
579 0.0026 0 0.0156
580 0.0026 0 0.01716
581 0.0026 0 0.01872
582 0.0026 0 0.02028
583 0.0026 0 0.02184
584 0.003466666666666668 0 0.0234
585 0.004333333333333336 0 0.0234
586 0.005200000000000003 0 0.0234
587 0.006066666666666668 0 0.0234
588 0.006933333333333333 0 0.0234
589 0.0026 0.0052 0.008579999999999999
590 0.0026 0.0052 0.00936
591 0.0026 0.0052 0.01014
592 0.0026 0.0052 0.01092
593 0.0026 0.0052 0.01248
594 0.0026 0.0052 0.01404
595 0.0026 0.0052 0.0156
596 0.0026 0.0052 0.01716
597 0.0026 0.0052 0.01872
598 0.0026 0.0052 0.02028
599 0.0026 0.0052 0.02184
600 0.0026 0.004457142857142856 0.0234
601 0.0026 0.003714285714285712 0.0234
602 0.0026 0.002971428571428568 0.0234
603 0.0026 0.002228571428571426 0.0234
604 0.0026 0.001485714285714285 0.0234
605 0.0026 0.0007428571428571415 0.0234
606 0.0004333333333333341 0.0052 0.0234
607 0.000866666666666668 0.0052 0.0234
608 0.001300000000000002 0.0052 0.0234
609 0.001733333333333334 0.0052 0.0234
610 0.002166666666666667 0.0052 0.0234
611 0.0234 0.0234 0.008579999999999999
612 0.0234 0.0234 0.00936
613 0.0234 0.0234 0.01014
614 0.0234 0.0234 0.01092
615 0.0234 0.0234 0.01248
616 0.0234 0.0234 0.01404
617 0.0234 0.0234 0.0156
618 0.0234 0.0234 0.01716
619 0.0234 0.0234 0.01872
620 0.0234 0.0234 0.02028
621 0.0234 0.0234 0.02184
622 0 0.0234 0.008579999999999999
623 0 0.0234 0.00936
624 0 0.0234 0.01014
625 0 0.0234 0.01092
626 0 0.0234 0.01248
627 0 0.0234 0.01404
628 0 0.0234 0.0156
629 0 0.0234 0.01716
630 0 0.0234 0.01872
631 0 0.0234 0.02028
632 0 0.0234 0.02184
633 0.0195 0.0234 0.0234
634 0.01560000000000001 0.0234 0.0234
635 0.01170000000000001 0.0234 0.0234
636 0.007800000000000017 0.0234 0.0234
637 0.003900000000000011 0.0234 0.0234
638 0 0.0104 0.008579999999999999
639 0 0.0104 0.00936
640 0 0.0104 0.01014
641 0 0.0104 0.01092
642 0 0.0104 0.01248
643 0 0.0104 0.01404
644 0 0.0104 0.0156
645 0 0.0104 0.01716
646 0 0.0104 0.01872
647 0 0.0104 0.02028
648 0 0.0104 0.02184
649 0 0.02123333333333333 0.0234
650 0 0.01906666666666667 0.0234
651 0 0.0169 0.0234
652 0 0.01473333333333333 0.0234
653 0 0.01256666666666667 0.0234
654 0.0104 0 0.008579999999999999
655 0.0104 0 0.00936
656 0.0104 0 0.01014
657 0.0104 0 0.01092
658 0.0104 0 0.01248
659 0.0104 0 0.01404
660 0.0104 0 0.0156
661 0.0104 0 0.01716
662 0.0104 0 0.01872
663 0.0104 0 0.02028
664 0.0104 0 0.02184
665 0.01004562859340631 0.002691718069066212 0.0234
666 0.009006664199358168 0.005199999999999989 0.0234
667 0.007353910524340109 0.007353910524340079 0.0234
668 0.005200000000000013 0.009006664199358154 0.0234
669 0.002691718069066224 0.01004562859340631 0.0234
670 0.0234 0 0.008579999999999999
671 0.0234 0 0.00936
672 0.0234 0 0.01014
673 0.0234 0 0.01092
674 0.0234 0 0.01248
675 0.0234 0 0.01404
676 0.0234 0 0.0156
677 0.0234 0 0.01716
678 0.0234 0 0.01872
679 0.0234 0 0.02028
680 0.0234 0 0.02184
681 0.01256666666666666 0 0.0234
682 0.01473333333333333 0 0.0234
683 0.01689999999999999 0 0.0234
684 0.01906666666666666 0 0.0234
685 0.02123333333333333 0 0.0234
686 0.0234 0.003899999999999997 0.0234
687 0.0234 0.007799999999999991 0.0234
688 0.0234 0.01169999999999998 0.0234
689 0.0234 0.01559999999999998 0.0234
690 0.0234 0.01949999999999999 0.0234
691 0.002166666666666666 0.0007428571428571419 0
692 0.002166666666666666 0.001485714285714285 0
693 0.002166666666666666 0.002228571428571427 0
694 0.002166666666666666 0.002971428571428569 0
695 0.002166666666666667 0.003714285714285713 0
696 0.002166666666666667 0.004457142857142856 0
697 0.001733333333333332 0.0007428571428571421 0
698 0.001733333333333332 0.001485714285714286 0
699 0.001733333333333333 0.002228571428571428 0
700 0.001733333333333333 0.00297142857142857 0
701 0.001733333333333333 0.003714285714285713 0
702 0.001733333333333334 0.004457142857142856 0
703 0.001299999999999999 0.000742857142857143 0
704 0.001299999999999999 0.001485714285714287 0
705 0.0013 0.002228571428571429 0
706 0.0013 0.002971428571428571 0
707 0.001300000000000001 0.003714285714285713 0
708 0.001300000000000001 0.004457142857142857 0
709 0.0008666666666666664 0.0007428571428571436 0
710 0.0008666666666666666 0.001485714285714286 0
711 0.0008666666666666668 0.00222857142857143 0
712 0.0008666666666666673 0.002971428571428572 0
713 0.0008666666666666675 0.003714285714285714 0
714 0.0008666666666666678 0.004457142857142857 0
715 0.0004333333333333334 0.0007428571428571438 0
716 0.0004333333333333334 0.001485714285714287 0
717 0.0004333333333333335 0.002228571428571431 0
718 0.0004333333333333337 0.002971428571428573 0
719 0.0004333333333333337 0.003714285714285714 0
720 0.0004333333333333339 0.004457142857142857 0
721 0.002166666666666666 0 0.00065
722 0.002166666666666666 0 0.0013
723 0.002166666666666666 0 0.00195
724 0.002166666666666666 0 0.0026
725 0.002166666666666666 0 0.00325
726 0.002166666666666666 0 0.0039
727 0.002166666666666666 0 0.00455
728 0.002166666666666666 0 0.0052
729 0.002166666666666666 0 0.005849999999999999
730 0.002166666666666666 0 0.0065
731 0.002166666666666666 0 0.007149999999999999
732 0.001733333333333332 0 0.00065
733 0.001733333333333332 0 0.0013
734 0.001733333333333332 0 0.00195
735 0.001733333333333332 0 0.0026
736 0.001733333333333332 0 0.00325
737 0.001733333333333332 0 0.0039
738 0.001733333333333332 0 0.00455
739 0.001733333333333332 0 0.0052
740 0.001733333333333332 0 0.005849999999999999
741 0.001733333333333332 0 0.0065
742 0.001733333333333332 0 0.007149999999999999
743 0.001299999999999998 0 0.00065
744 0.001299999999999998 0 0.0013
745 0.001299999999999998 0 0.00195
746 0.001299999999999998 0 0.0026
747 0.001299999999999998 0 0.00325
748 0.001299999999999998 0 0.0039
749 0.001299999999999998 0 0.00455
750 0.001299999999999998 0 0.0052
751 0.001299999999999998 0 0.005849999999999999
752 0.001299999999999998 0 0.0065
753 0.001299999999999998 0 0.007149999999999999
754 0.000866666666666666 0 0.00065
755 0.000866666666666666 0 0.0013
756 0.000866666666666666 0 0.00195
757 0.000866666666666666 0 0.0026
758 0.000866666666666666 0 0.00325
759 0.000866666666666666 0 0.0039
760 0.000866666666666666 0 0.00455
761 0.000866666666666666 0 0.0052
762 0.000866666666666666 0 0.005849999999999999
763 0.000866666666666666 0 0.0065
764 0.000866666666666666 0 0.007149999999999999
765 0.0004333333333333333 0 0.00065
766 0.0004333333333333333 0 0.0013
767 0.0004333333333333333 0 0.00195
768 0.0004333333333333333 0 0.0026
769 0.0004333333333333333 0 0.00325
770 0.0004333333333333333 0 0.0039
771 0.0004333333333333333 0 0.00455
772 0.0004333333333333333 0 0.0052
773 0.0004333333333333333 0 0.005849999999999999
774 0.0004333333333333333 0 0.0065
775 0.0004333333333333333 0 0.007149999999999999
776 0 0.0007428571428571443 0.00065
777 0 0.0007428571428571443 0.0013
778 0 0.0007428571428571443 0.00195
779 0 0.0007428571428571443 0.0026
780 0 0.0007428571428571443 0.00325
781 0 0.0007428571428571443 0.0039
782 0 0.0007428571428571443 0.00455
783 0 0.0007428571428571443 0.0052
784 0 0.0007428571428571443 0.005849999999999999
785 0 0.0007428571428571443 0.0065
786 0 0.0007428571428571443 0.007149999999999999
787 0 0.001485714285714288 0.00065
788 0 0.001485714285714288 0.0013
789 0 0.001485714285714288 0.00195
790 0 0.001485714285714288 0.0026
791 0 0.001485714285714288 0.00325
792 0 0.001485714285714288 0.0039
793 0 0.001485714285714288 0.00455
794 0 0.001485714285714288 0.0052
795 0 0.001485714285714288 0.005849999999999999
796 0 0.001485714285714288 0.0065
797 0 0.001485714285714288 0.007149999999999999
798 0 0.002228571428571432 0.00065
799 0 0.002228571428571432 0.0013
800 0 0.002228571428571432 0.00195
801 0 0.002228571428571432 0.0026
802 0 0.002228571428571432 0.00325
803 0 0.002228571428571432 0.0039
804 0 0.002228571428571432 0.00455
805 0 0.002228571428571432 0.0052
806 0 0.002228571428571432 0.005849999999999999
807 0 0.002228571428571432 0.0065
808 0 0.002228571428571432 0.007149999999999999
809 0 0.002971428571428574 0.00065
810 0 0.002971428571428574 0.0013
811 0 0.002971428571428574 0.00195
812 0 0.002971428571428574 0.0026
813 0 0.002971428571428574 0.00325
814 0 0.002971428571428574 0.0039
815 0 0.002971428571428574 0.00455
816 0 0.002971428571428574 0.0052
817 0 0.002971428571428574 0.005849999999999999
818 0 0.002971428571428574 0.0065
819 0 0.002971428571428574 0.007149999999999999
820 0 0.003714285714285715 0.00065
821 0 0.003714285714285715 0.0013
822 0 0.003714285714285715 0.00195
823 0 0.003714285714285715 0.0026
824 0 0.003714285714285715 0.00325
825 0 0.003714285714285715 0.0039
826 0 0.003714285714285715 0.00455
827 0 0.003714285714285715 0.0052
828 0 0.003714285714285715 0.005849999999999999
829 0 0.003714285714285715 0.0065
830 0 0.003714285714285715 0.007149999999999999
831 0 0.004457142857142858 0.00065
832 0 0.004457142857142858 0.0013
833 0 0.004457142857142858 0.00195
834 0 0.004457142857142858 0.0026
835 0 0.004457142857142858 0.00325
836 0 0.004457142857142858 0.0039
837 0 0.004457142857142858 0.00455
838 0 0.004457142857142858 0.0052
839 0 0.004457142857142858 0.005849999999999999
840 0 0.004457142857142858 0.0065
841 0 0.004457142857142858 0.007149999999999999
842 0.0004333333333333341 0.0052 0.00065
843 0.0004333333333333341 0.0052 0.0013
844 0.0004333333333333341 0.0052 0.00195
845 0.0004333333333333341 0.0052 0.0026
846 0.0004333333333333341 0.0052 0.00325
847 0.0004333333333333341 0.0052 0.0039
848 0.0004333333333333341 0.0052 0.00455
849 0.0004333333333333341 0.0052 0.0052
850 0.0004333333333333341 0.0052 0.005849999999999999
851 0.0004333333333333341 0.0052 0.0065
852 0.0004333333333333341 0.0052 0.007149999999999999
853 0.000866666666666668 0.0052 0.00065
854 0.000866666666666668 0.0052 0.0013
855 0.000866666666666668 0.0052 0.00195
856 0.000866666666666668 0.0052 0.0026
857 0.000866666666666668 0.0052 0.00325
858 0.000866666666666668 0.0052 0.0039
859 0.000866666666666668 0.0052 0.00455
860 0.000866666666666668 0.0052 0.0052
861 0.000866666666666668 0.0052 0.005849999999999999
862 0.000866666666666668 0.0052 0.0065
863 0.000866666666666668 0.0052 0.007149999999999999
864 0.001300000000000002 0.0052 0.00065
865 0.001300000000000002 0.0052 0.0013
866 0.001300000000000002 0.0052 0.00195
867 0.001300000000000002 0.0052 0.0026
868 0.001300000000000002 0.0052 0.00325
869 0.001300000000000002 0.0052 0.0039
870 0.001300000000000002 0.0052 0.00455
871 0.001300000000000002 0.0052 0.0052
872 0.001300000000000002 0.0052 0.005849999999999999
873 0.001300000000000002 0.0052 0.0065
874 0.001300000000000002 0.0052 0.007149999999999999
875 0.001733333333333334 0.0052 0.00065
876 0.001733333333333334 0.0052 0.0013
877 0.001733333333333334 0.0052 0.00195
878 0.001733333333333334 0.0052 0.0026
879 0.001733333333333334 0.0052 0.00325
880 0.001733333333333334 0.0052 0.0039
881 0.001733333333333334 0.0052 0.00455
882 0.001733333333333334 0.0052 0.0052
883 0.001733333333333334 0.0052 0.005849999999999999
884 0.001733333333333334 0.0052 0.0065
885 0.001733333333333334 0.0052 0.007149999999999999
886 0.002166666666666667 0.0052 0.00065
887 0.002166666666666667 0.0052 0.0013
888 0.002166666666666667 0.0052 0.00195
889 0.002166666666666667 0.0052 0.0026
890 0.002166666666666667 0.0052 0.00325
891 0.002166666666666667 0.0052 0.0039
892 0.002166666666666667 0.0052 0.00455
893 0.002166666666666667 0.0052 0.0052
894 0.002166666666666667 0.0052 0.005849999999999999
895 0.002166666666666667 0.0052 0.0065
896 0.002166666666666667 0.0052 0.007149999999999999
897 0.0026 0.004457142857142856 0.00065
898 0.0026 0.004457142857142856 0.0013
899 0.0026 0.004457142857142856 0.00195
900 0.0026 0.004457142857142856 0.0026
901 0.0026 0.004457142857142856 0.00325
902 0.0026 0.004457142857142856 0.0039
903 0.0026 0.004457142857142856 0.00455
904 0.0026 0.004457142857142856 0.0052
905 0.0026 0.004457142857142856 0.005849999999999999
906 0.0026 0.004457142857142856 0.0065
907 0.0026 0.004457142857142856 0.007149999999999999
908 0.0026 0.003714285714285712 0.00065
909 0.0026 0.003714285714285712 0.0013
910 0.0026 0.003714285714285712 0.00195
911 0.0026 0.003714285714285712 0.0026
912 0.0026 0.003714285714285712 0.00325
913 0.0026 0.003714285714285712 0.0039
914 0.0026 0.003714285714285712 0.00455
915 0.0026 0.003714285714285712 0.0052
916 0.0026 0.003714285714285712 0.005849999999999999
917 0.0026 0.003714285714285712 0.0065
918 0.0026 0.003714285714285712 0.007149999999999999
919 0.0026 0.002971428571428568 0.00065
920 0.0026 0.002971428571428568 0.0013
921 0.0026 0.002971428571428568 0.00195
922 0.0026 0.002971428571428568 0.0026
923 0.0026 0.002971428571428568 0.00325
924 0.0026 0.002971428571428568 0.0039
925 0.0026 0.002971428571428568 0.00455
926 0.0026 0.002971428571428568 0.0052
927 0.0026 0.002971428571428568 0.005849999999999999
928 0.0026 0.002971428571428568 0.0065
929 0.0026 0.002971428571428568 0.007149999999999999
930 0.0026 0.002228571428571426 0.00065
931 0.0026 0.002228571428571426 0.0013
932 0.0026 0.002228571428571426 0.00195
933 0.0026 0.002228571428571426 0.0026
934 0.0026 0.002228571428571426 0.00325
935 0.0026 0.002228571428571426 0.0039
936 0.0026 0.002228571428571426 0.00455
937 0.0026 0.002228571428571426 0.0052
938 0.0026 0.002228571428571426 0.005849999999999999
939 0.0026 0.002228571428571426 0.0065
940 0.0026 0.002228571428571426 0.007149999999999999
941 0.0026 0.001485714285714285 0.00065
942 0.0026 0.001485714285714285 0.0013
943 0.0026 0.001485714285714285 0.00195
944 0.0026 0.001485714285714285 0.0026
945 0.0026 0.001485714285714285 0.00325
946 0.0026 0.001485714285714285 0.0039
947 0.0026 0.001485714285714285 0.00455
948 0.0026 0.001485714285714285 0.0052
949 0.0026 0.001485714285714285 0.005849999999999999
950 0.0026 0.001485714285714285 0.0065
951 0.0026 0.001485714285714285 0.007149999999999999
952 0.0026 0.0007428571428571415 0.00065
953 0.0026 0.0007428571428571415 0.0013
954 0.0026 0.0007428571428571415 0.00195
955 0.0026 0.0007428571428571415 0.0026
956 0.0026 0.0007428571428571415 0.00325
957 0.0026 0.0007428571428571415 0.0039
958 0.0026 0.0007428571428571415 0.00455
959 0.0026 0.0007428571428571415 0.0052
960 0.0026 0.0007428571428571415 0.005849999999999999
961 0.0026 0.0007428571428571415 0.0065
962 0.0026 0.0007428571428571415 0.007149999999999999
963 0.002166666666666666 0.0007428571428571419 0.0078
964 0.002166666666666666 0.001485714285714285 0.0078
965 0.002166666666666666 0.002228571428571427 0.0078
966 0.002166666666666666 0.002971428571428569 0.0078
967 0.002166666666666667 0.003714285714285713 0.0078
968 0.002166666666666667 0.004457142857142856 0.0078
969 0.001733333333333332 0.0007428571428571421 0.0078
970 0.001733333333333332 0.001485714285714286 0.0078
971 0.001733333333333333 0.002228571428571428 0.0078
972 0.001733333333333333 0.00297142857142857 0.0078
973 0.001733333333333333 0.003714285714285713 0.0078
974 0.001733333333333334 0.004457142857142856 0.0078
975 0.001299999999999999 0.000742857142857143 0.0078
976 0.001299999999999999 0.001485714285714287 0.0078
977 0.0013 0.002228571428571429 0.0078
978 0.0013 0.002971428571428571 0.0078
979 0.001300000000000001 0.003714285714285713 0.0078
980 0.001300000000000001 0.004457142857142857 0.0078
981 0.0008666666666666664 0.0007428571428571436 0.0078
982 0.0008666666666666666 0.001485714285714286 0.0078
983 0.0008666666666666668 0.00222857142857143 0.0078
984 0.0008666666666666673 0.002971428571428572 0.0078
985 0.0008666666666666675 0.003714285714285714 0.0078
986 0.0008666666666666678 0.004457142857142857 0.0078
987 0.0004333333333333334 0.0007428571428571438 0.0078
988 0.0004333333333333334 0.001485714285714287 0.0078
989 0.0004333333333333335 0.002228571428571431 0.0078
990 0.0004333333333333337 0.002971428571428573 0.0078
991 0.0004333333333333337 0.003714285714285714 0.0078
992 0.0004333333333333339 0.004457142857142857 0.0078
993 0.007160398678336732 0.005411296925369648 0
994 0.005396783680358532 0.007133819654552264 0
995 0.007637365149417139 0.004237543266199584 0
996 0.004221941099239042 0.007598000619345003 0
997 0.003235010633508007 0.008295593470239646 0
998 0.006182770657554363 0.006180357501799685 0
999 0.001539049730744835 0.008624312417418383 0
1000 0.008362855749542335 0.003119183928059913 0
1001 0.008635522797302167 0.001519745279836816 0
1002 0.007720607246671275 0.001110055738531622 0.00065
1003 0.007720607246671275 0.001110055738531622 0.0013
1004 0.007720607246671275 0.001110055738531622 0.00195
1005 0.007720607246671275 0.001110055738531622 0.0026
1006 0.007720607246671275 0.001110055738531622 0.00325
1007 0.007720607246671275 0.001110055738531622 0.0039
1008 0.007720607246671275 0.001110055738531622 0.00455
1009 0.007720607246671275 0.001110055738531622 0.0052
1010 0.007720607246671275 0.001110055738531622 0.005849999999999999
1011 0.007720607246671275 0.001110055738531622 0.0065
1012 0.007720607246671275 0.001110055738531622 0.007149999999999999
1013 0.00748404519419308 0.002197513943363149 0.00065
1014 0.00748404519419308 0.002197513943363149 0.0013
1015 0.00748404519419308 0.002197513943363149 0.00195
1016 0.00748404519419308 0.002197513943363149 0.0026
1017 0.00748404519419308 0.002197513943363149 0.00325
1018 0.00748404519419308 0.002197513943363149 0.0039
1019 0.00748404519419308 0.002197513943363149 0.00455
1020 0.00748404519419308 0.002197513943363149 0.0052
1021 0.00748404519419308 0.002197513943363149 0.005849999999999999
1022 0.00748404519419308 0.002197513943363149 0.0065
1023 0.00748404519419308 0.002197513943363149 0.007149999999999999
1024 0.007095129563765244 0.003240237101414711 0.00065
1025 0.007095129563765244 0.003240237101414711 0.0013
1026 0.007095129563765244 0.003240237101414711 0.00195
1027 0.007095129563765244 0.003240237101414711 0.0026
1028 0.007095129563765244 0.003240237101414711 0.00325
1029 0.007095129563765244 0.003240237101414711 0.0039
1030 0.007095129563765244 0.003240237101414711 0.00455
1031 0.007095129563765244 0.003240237101414711 0.0052
1032 0.007095129563765244 0.003240237101414711 0.005849999999999999
1033 0.007095129563765244 0.003240237101414711 0.0065
1034 0.007095129563765244 0.003240237101414711 0.007149999999999999
1035 0.006561777556083215 0.004216998376153658 0.00065
1036 0.006561777556083215 0.004216998376153658 0.0013
1037 0.006561777556083215 0.004216998376153658 0.00195
1038 0.006561777556083215 0.004216998376153658 0.0026
1039 0.006561777556083215 0.004216998376153658 0.00325
1040 0.006561777556083215 0.004216998376153658 0.0039
1041 0.006561777556083215 0.004216998376153658 0.00455
1042 0.006561777556083215 0.004216998376153658 0.0052
1043 0.006561777556083215 0.004216998376153658 0.005849999999999999
1044 0.006561777556083215 0.004216998376153658 0.0065
1045 0.006561777556083215 0.004216998376153658 0.007149999999999999
1046 0.005894846679963215 0.005107913724773223 0.00065
1047 0.005894846679963215 0.005107913724773223 0.0013
1048 0.005894846679963215 0.005107913724773223 0.00195
1049 0.005894846679963215 0.005107913724773223 0.0026
1050 0.005894846679963215 0.005107913724773223 0.00325
1051 0.005894846679963215 0.005107913724773223 0.0039
1052 0.005894846679963215 0.005107913724773223 0.00455
1053 0.005894846679963215 0.005107913724773223 0.0052
1054 0.005894846679963215 0.005107913724773223 0.005849999999999999
1055 0.005894846679963215 0.005107913724773223 0.0065
1056 0.005894846679963215 0.005107913724773223 0.007149999999999999
1057 0.005107913724773227 0.00589484667996321 0.00065
1058 0.005107913724773227 0.00589484667996321 0.0013
1059 0.005107913724773227 0.00589484667996321 0.00195
1060 0.005107913724773227 0.00589484667996321 0.0026
1061 0.005107913724773227 0.00589484667996321 0.00325
1062 0.005107913724773227 0.00589484667996321 0.0039
1063 0.005107913724773227 0.00589484667996321 0.00455
1064 0.005107913724773227 0.00589484667996321 0.0052
1065 0.005107913724773227 0.00589484667996321 0.005849999999999999
1066 0.005107913724773227 0.00589484667996321 0.0065
1067 0.005107913724773227 0.00589484667996321 0.007149999999999999
1068 0.004216998376153666 0.006561777556083209 0.00065
1069 0.004216998376153666 0.006561777556083209 0.0013
1070 0.004216998376153666 0.006561777556083209 0.00195
1071 0.004216998376153666 0.006561777556083209 0.0026
1072 0.004216998376153666 0.006561777556083209 0.00325
1073 0.004216998376153666 0.006561777556083209 0.0039
1074 0.004216998376153666 0.006561777556083209 0.00455
1075 0.004216998376153666 0.006561777556083209 0.0052
1076 0.004216998376153666 0.006561777556083209 0.005849999999999999
1077 0.004216998376153666 0.006561777556083209 0.0065
1078 0.004216998376153666 0.006561777556083209 0.007149999999999999
1079 0.003240237101414719 0.00709512956376524 0.00065
1080 0.003240237101414719 0.00709512956376524 0.0013
1081 0.003240237101414719 0.00709512956376524 0.00195
1082 0.003240237101414719 0.00709512956376524 0.0026
1083 0.003240237101414719 0.00709512956376524 0.00325
1084 0.003240237101414719 0.00709512956376524 0.0039
1085 0.003240237101414719 0.00709512956376524 0.00455
1086 0.003240237101414719 0.00709512956376524 0.0052
1087 0.003240237101414719 0.00709512956376524 0.005849999999999999
1088 0.003240237101414719 0.00709512956376524 0.0065
1089 0.003240237101414719 0.00709512956376524 0.007149999999999999
1090 0.002197513943363152 0.007484045194193079 0.00065
1091 0.002197513943363152 0.007484045194193079 0.0013
1092 0.002197513943363152 0.007484045194193079 0.00195
1093 0.002197513943363152 0.007484045194193079 0.0026
1094 0.002197513943363152 0.007484045194193079 0.00325
1095 0.002197513943363152 0.007484045194193079 0.0039
1096 0.002197513943363152 0.007484045194193079 0.00455
1097 0.002197513943363152 0.007484045194193079 0.0052
1098 0.002197513943363152 0.007484045194193079 0.005849999999999999
1099 0.002197513943363152 0.007484045194193079 0.0065
1100 0.002197513943363152 0.007484045194193079 0.007149999999999999
1101 0.001110055738531625 0.007720607246671275 0.00065
1102 0.001110055738531625 0.007720607246671275 0.0013
1103 0.001110055738531625 0.007720607246671275 0.00195
1104 0.001110055738531625 0.007720607246671275 0.0026
1105 0.001110055738531625 0.007720607246671275 0.00325
1106 0.001110055738531625 0.007720607246671275 0.0039
1107 0.001110055738531625 0.007720607246671275 0.00455
1108 0.001110055738531625 0.007720607246671275 0.0052
1109 0.001110055738531625 0.007720607246671275 0.005849999999999999
1110 0.001110055738531625 0.007720607246671275 0.0065
1111 0.001110055738531625 0.007720607246671275 0.007149999999999999
1112 0.01004562859340631 0.002691718069066212 0.00065
1113 0.01004562859340631 0.002691718069066212 0.0013
1114 0.01004562859340631 0.002691718069066212 0.00195
1115 0.01004562859340631 0.002691718069066212 0.0026
1116 0.01004562859340631 0.002691718069066212 0.00325
1117 0.01004562859340631 0.002691718069066212 0.0039
1118 0.01004562859340631 0.002691718069066212 0.00455
1119 0.01004562859340631 0.002691718069066212 0.0052
1120 0.01004562859340631 0.002691718069066212 0.005849999999999999
1121 0.01004562859340631 0.002691718069066212 0.0065
1122 0.01004562859340631 0.002691718069066212 0.007149999999999999
1123 0.009006664199358168 0.005199999999999989 0.00065
1124 0.009006664199358168 0.005199999999999989 0.0013
1125 0.009006664199358168 0.005199999999999989 0.00195
1126 0.009006664199358168 0.005199999999999989 0.0026
1127 0.009006664199358168 0.005199999999999989 0.00325
1128 0.009006664199358168 0.005199999999999989 0.0039
1129 0.009006664199358168 0.005199999999999989 0.00455
1130 0.009006664199358168 0.005199999999999989 0.0052
1131 0.009006664199358168 0.005199999999999989 0.005849999999999999
1132 0.009006664199358168 0.005199999999999989 0.0065
1133 0.009006664199358168 0.005199999999999989 0.007149999999999999
1134 0.007353910524340109 0.007353910524340079 0.00065
1135 0.007353910524340109 0.007353910524340079 0.0013
1136 0.007353910524340109 0.007353910524340079 0.00195
1137 0.007353910524340109 0.007353910524340079 0.0026
1138 0.007353910524340109 0.007353910524340079 0.00325
1139 0.007353910524340109 0.007353910524340079 0.0039
1140 0.007353910524340109 0.007353910524340079 0.00455
1141 0.007353910524340109 0.007353910524340079 0.0052
1142 0.007353910524340109 0.007353910524340079 0.005849999999999999
1143 0.007353910524340109 0.007353910524340079 0.0065
1144 0.007353910524340109 0.007353910524340079 0.007149999999999999
1145 0.005200000000000013 0.009006664199358154 0.00065
1146 0.005200000000000013 0.009006664199358154 0.0013
1147 0.005200000000000013 0.009006664199358154 0.00195
1148 0.005200000000000013 0.009006664199358154 0.0026
1149 0.005200000000000013 0.009006664199358154 0.00325
1150 0.005200000000000013 0.009006664199358154 0.0039
1151 0.005200000000000013 0.009006664199358154 0.00455
1152 0.005200000000000013 0.009006664199358154 0.0052
1153 0.005200000000000013 0.009006664199358154 0.005849999999999999
1154 0.005200000000000013 0.009006664199358154 0.0065
1155 0.005200000000000013 0.009006664199358154 0.007149999999999999
1156 0.002691718069066224 0.01004562859340631 0.00065
1157 0.002691718069066224 0.01004562859340631 0.0013
1158 0.002691718069066224 0.01004562859340631 0.00195
1159 0.002691718069066224 0.01004562859340631 0.0026
1160 0.002691718069066224 0.01004562859340631 0.00325
1161 0.002691718069066224 0.01004562859340631 0.0039
1162 0.002691718069066224 0.01004562859340631 0.00455
1163 0.002691718069066224 0.01004562859340631 0.0052
1164 0.002691718069066224 0.01004562859340631 0.005849999999999999
1165 0.002691718069066224 0.01004562859340631 0.0065
1166 0.002691718069066224 0.01004562859340631 0.007149999999999999
1167 0.007160398678336732 0.005411296925369648 0.0078
1168 0.005396783680358532 0.007133819654552264 0.0078
1169 0.007637365149417139 0.004237543266199584 0.0078
1170 0.004221941099239042 0.007598000619345003 0.0078
1171 0.003235010633508007 0.008295593470239646 0.0078
1172 0.006182770657554363 0.006180357501799685 0.0078
1173 0.001539049730744835 0.008624312417418383 0.0078
1174 0.008362855749542335 0.003119183928059913 0.0078
1175 0.008635522797302167 0.001519745279836816 0.0078
1176 0.00324333315709701 0.002599999999999996 0
1177 0.001099086825008403 0.005540703013113366 0
1178 0.001950000000000001 0.005575277674973256 0
1179 0.003224998491380606 0.004115955333342659 0
1180 0.00480835054745081 0.0007630990532414622 0
1181 0.00598255348256743 0.003266721350972114 0
1182 0.00406094506026889 0.005473384486855208 0
1183 0.00324099387247593 0.001127213313441087 0
1184 0.006776098704140678 0.001559071165665222 0
1185 0.001522076879545829 0.006799546381766264 0
1186 0.0004319473284725376 0.006071372898432263 0
1187 0.003160252299538886 0.004804997648188422 0
1188 0.003131979563697979 0.005394558209389633 0
1189 0.002710094708969707 0.005723542242668599 0
1190 0.003927326721296231 0.004679723983983502 0
1191 0.003999904871407971 0.003804779559979307 0
1192 0.004629267222642121 0.004247386727046031 0
1193 0.004889180585399983 0.003492155956381529 0
1194 0.003287799294730544 0.006137796422570421 0
1195 0.004065172713170015 0.002869991654285229 0
1196 0.005059308170869999 0.002614791959068133 0
1197 0.004415032794665039 0.002044124115546503 0
1198 0.005182961400710923 0.001620349328137789 0
1199 0.002405965732698493 0.006499870136825335 0
1200 0.0007043634563764444 0.006732414373748354 0
1201 0.005624127866730352 0.0007495222814637818 0
1202 0.005531290843094649 0.004158461465724999 0
1203 0.005920643089295255 0.002281080753366863 0
1204 0.003219476433705897 0.001851750435051215 0
1205 0.0032889015388426 0.003346073472220245 0
1206 0.003922208179373891 0.0007479555528297358 0
1207 0.0006500000000000008 0.005575277674973255 0
1208 0.001496309047230625 0.00561753667685987 0
1209 0.001799591114702051 0.006108016054977943 0
1210 0.003849689897869798 0.001564456262211709 0
1211 0.006415683864314833 0.0007367516916290187 0
1212 0.001100482093047985 0.006063552439124473 0
1213 0.00225815346779504 0.005972245953098257 0
1214 0.004839017596744873 0.005059463165976491 0
1215 0.005940702967043309 0.001426671922579355 0
1216 0.003602351930550913 0.005092266928360411 0
1217 0.004470491299963192 0.001359175681089683 0
1218 0.0003030561323611744 0.005579330114681104 0
1219 0.00670140197640716 0.002506774860024955 0
1220 0.003758540999301552 0.00218606449341893 0
1221 0.002350225930014012 0.005529840652801288 0
1222 0.003165973743703298 0.000523605201825593 0
1223 0.007129144629692024 0.0006811757191651727 0
1224 0 0.005850000000000001 0.00065
1225 0 0.005850000000000001 0.0013
1226 0 0.005850000000000001 0.00195
1227 0 0.005850000000000001 0.0026
1228 0 0.005850000000000001 0.00325
1229 0 0.005850000000000001 0.0039
1230 0 0.005850000000000001 0.00455
1231 0 0.005850000000000001 0.0052
1232 0 0.005850000000000001 0.005849999999999999
1233 0 0.005850000000000001 0.0065
1234 0 0.005850000000000001 0.007149999999999999
1235 0 0.006500000000000001 0.00065
1236 0 0.006500000000000001 0.0013
1237 0 0.006500000000000001 0.00195
1238 0 0.006500000000000001 0.0026
1239 0 0.006500000000000001 0.00325
1240 0 0.006500000000000001 0.0039
1241 0 0.006500000000000001 0.00455
1242 0 0.006500000000000001 0.0052
1243 0 0.006500000000000001 0.005849999999999999
1244 0 0.006500000000000001 0.0065
1245 0 0.006500000000000001 0.007149999999999999
1246 0 0.00715 0.00065
1247 0 0.00715 0.0013
1248 0 0.00715 0.00195
1249 0 0.00715 0.0026
1250 0 0.00715 0.00325
1251 0 0.00715 0.0039
1252 0 0.00715 0.00455
1253 0 0.00715 0.0052
1254 0 0.00715 0.005849999999999999
1255 0 0.00715 0.0065
1256 0 0.00715 0.007149999999999999
1257 0.007720607246671275 0.001110055738531622 0.00065
1258 0.007720607246671275 0.001110055738531622 0.0013
1259 0.007720607246671275 0.001110055738531622 0.00195
1260 0.007720607246671275 0.001110055738531622 0.0026
1261 0.007720607246671275 0.001110055738531622 0.00325
1262 0.007720607246671275 0.001110055738531622 0.0039
1263 0.007720607246671275 0.001110055738531622 0.00455
1264 0.007720607246671275 0.001110055738531622 0.0052
1265 0.007720607246671275 0.001110055738531622 0.005849999999999999
1266 0.007720607246671275 0.001110055738531622 0.0065
1267 0.007720607246671275 0.001110055738531622 0.007149999999999999
1268 0.00748404519419308 0.002197513943363149 0.00065
1269 0.00748404519419308 0.002197513943363149 0.0013
1270 0.00748404519419308 0.002197513943363149 0.00195
1271 0.00748404519419308 0.002197513943363149 0.0026
1272 0.00748404519419308 0.002197513943363149 0.00325
1273 0.00748404519419308 0.002197513943363149 0.0039
1274 0.00748404519419308 0.002197513943363149 0.00455
1275 0.00748404519419308 0.002197513943363149 0.0052
1276 0.00748404519419308 0.002197513943363149 0.005849999999999999
1277 0.00748404519419308 0.002197513943363149 0.0065
1278 0.00748404519419308 0.002197513943363149 0.007149999999999999
1279 0.007095129563765244 0.003240237101414711 0.00065
1280 0.007095129563765244 0.003240237101414711 0.0013
1281 0.007095129563765244 0.003240237101414711 0.00195
1282 0.007095129563765244 0.003240237101414711 0.0026
1283 0.007095129563765244 0.003240237101414711 0.00325
1284 0.007095129563765244 0.003240237101414711 0.0039
1285 0.007095129563765244 0.003240237101414711 0.00455
1286 0.007095129563765244 0.003240237101414711 0.0052
1287 0.007095129563765244 0.003240237101414711 0.005849999999999999
1288 0.007095129563765244 0.003240237101414711 0.0065
1289 0.007095129563765244 0.003240237101414711 0.007149999999999999
1290 0.006561777556083215 0.004216998376153658 0.00065
1291 0.006561777556083215 0.004216998376153658 0.0013
1292 0.006561777556083215 0.004216998376153658 0.00195
1293 0.006561777556083215 0.004216998376153658 0.0026
1294 0.006561777556083215 0.004216998376153658 0.00325
1295 0.006561777556083215 0.004216998376153658 0.0039
1296 0.006561777556083215 0.004216998376153658 0.00455
1297 0.006561777556083215 0.004216998376153658 0.0052
1298 0.006561777556083215 0.004216998376153658 0.005849999999999999
1299 0.006561777556083215 0.004216998376153658 0.0065
1300 0.006561777556083215 0.004216998376153658 0.007149999999999999
1301 0.005894846679963215 0.005107913724773223 0.00065
1302 0.005894846679963215 0.005107913724773223 0.0013
1303 0.005894846679963215 0.005107913724773223 0.00195
1304 0.005894846679963215 0.005107913724773223 0.0026
1305 0.005894846679963215 0.005107913724773223 0.00325
1306 0.005894846679963215 0.005107913724773223 0.0039
1307 0.005894846679963215 0.005107913724773223 0.00455
1308 0.005894846679963215 0.005107913724773223 0.0052
1309 0.005894846679963215 0.005107913724773223 0.005849999999999999
1310 0.005894846679963215 0.005107913724773223 0.0065
1311 0.005894846679963215 0.005107913724773223 0.007149999999999999
1312 0.005107913724773227 0.00589484667996321 0.00065
1313 0.005107913724773227 0.00589484667996321 0.0013
1314 0.005107913724773227 0.00589484667996321 0.00195
1315 0.005107913724773227 0.00589484667996321 0.0026
1316 0.005107913724773227 0.00589484667996321 0.00325
1317 0.005107913724773227 0.00589484667996321 0.0039
1318 0.005107913724773227 0.00589484667996321 0.00455
1319 0.005107913724773227 0.00589484667996321 0.0052
1320 0.005107913724773227 0.00589484667996321 0.005849999999999999
1321 0.005107913724773227 0.00589484667996321 0.0065
1322 0.005107913724773227 0.00589484667996321 0.007149999999999999
1323 0.004216998376153666 0.006561777556083209 0.00065
1324 0.004216998376153666 0.006561777556083209 0.0013
1325 0.004216998376153666 0.006561777556083209 0.00195
1326 0.004216998376153666 0.006561777556083209 0.0026
1327 0.004216998376153666 0.006561777556083209 0.00325
1328 0.004216998376153666 0.006561777556083209 0.0039
1329 0.004216998376153666 0.006561777556083209 0.00455
1330 0.004216998376153666 0.006561777556083209 0.0052
1331 0.004216998376153666 0.006561777556083209 0.005849999999999999
1332 0.004216998376153666 0.006561777556083209 0.0065
1333 0.004216998376153666 0.006561777556083209 0.007149999999999999
1334 0.003240237101414719 0.00709512956376524 0.00065
1335 0.003240237101414719 0.00709512956376524 0.0013
1336 0.003240237101414719 0.00709512956376524 0.00195
1337 0.003240237101414719 0.00709512956376524 0.0026
1338 0.003240237101414719 0.00709512956376524 0.00325
1339 0.003240237101414719 0.00709512956376524 0.0039
1340 0.003240237101414719 0.00709512956376524 0.00455
1341 0.003240237101414719 0.00709512956376524 0.0052
1342 0.003240237101414719 0.00709512956376524 0.005849999999999999
1343 0.003240237101414719 0.00709512956376524 0.0065
1344 0.003240237101414719 0.00709512956376524 0.007149999999999999
1345 0.002197513943363152 0.007484045194193079 0.00065
1346 0.002197513943363152 0.007484045194193079 0.0013
1347 0.002197513943363152 0.007484045194193079 0.00195
1348 0.002197513943363152 0.007484045194193079 0.0026
1349 0.002197513943363152 0.007484045194193079 0.00325
1350 0.002197513943363152 0.007484045194193079 0.0039
1351 0.002197513943363152 0.007484045194193079 0.00455
1352 0.002197513943363152 0.007484045194193079 0.0052
1353 0.002197513943363152 0.007484045194193079 0.005849999999999999
1354 0.002197513943363152 0.007484045194193079 0.0065
1355 0.002197513943363152 0.007484045194193079 0.007149999999999999
1356 0.001110055738531625 0.007720607246671275 0.00065
1357 0.001110055738531625 0.007720607246671275 0.0013
1358 0.001110055738531625 0.007720607246671275 0.00195
1359 0.001110055738531625 0.007720607246671275 0.0026
1360 0.001110055738531625 0.007720607246671275 0.00325
1361 0.001110055738531625 0.007720607246671275 0.0039
1362 0.001110055738531625 0.007720607246671275 0.00455
1363 0.001110055738531625 0.007720607246671275 0.0052
1364 0.001110055738531625 0.007720607246671275 0.005849999999999999
1365 0.001110055738531625 0.007720607246671275 0.0065
1366 0.001110055738531625 0.007720607246671275 0.007149999999999999
1367 0.003466666666666668 0 0.00065
1368 0.003466666666666668 0 0.0013
1369 0.003466666666666668 0 0.00195
1370 0.003466666666666668 0 0.0026
1371 0.003466666666666668 0 0.00325
1372 0.003466666666666668 0 0.0039
1373 0.003466666666666668 0 0.00455
1374 0.003466666666666668 0 0.0052
1375 0.003466666666666668 0 0.005849999999999999
1376 0.003466666666666668 0 0.0065
1377 0.003466666666666668 0 0.007149999999999999
1378 0.004333333333333336 0 0.00065
1379 0.004333333333333336 0 0.0013
1380 0.004333333333333336 0 0.00195
1381 0.004333333333333336 0 0.0026
1382 0.004333333333333336 0 0.00325
1383 0.004333333333333336 0 0.0039
1384 0.004333333333333336 0 0.00455
1385 0.004333333333333336 0 0.0052
1386 0.004333333333333336 0 0.005849999999999999
1387 0.004333333333333336 0 0.0065
1388 0.004333333333333336 0 0.007149999999999999
1389 0.005200000000000003 0 0.00065
1390 0.005200000000000003 0 0.0013
1391 0.005200000000000003 0 0.00195
1392 0.005200000000000003 0 0.0026
1393 0.005200000000000003 0 0.00325
1394 0.005200000000000003 0 0.0039
1395 0.005200000000000003 0 0.00455
1396 0.005200000000000003 0 0.0052
1397 0.005200000000000003 0 0.005849999999999999
1398 0.005200000000000003 0 0.0065
1399 0.005200000000000003 0 0.007149999999999999
1400 0.006066666666666668 0 0.00065
1401 0.006066666666666668 0 0.0013
1402 0.006066666666666668 0 0.00195
1403 0.006066666666666668 0 0.0026
1404 0.006066666666666668 0 0.00325
1405 0.006066666666666668 0 0.0039
1406 0.006066666666666668 0 0.00455
1407 0.006066666666666668 0 0.0052
1408 0.006066666666666668 0 0.005849999999999999
1409 0.006066666666666668 0 0.0065
1410 0.006066666666666668 0 0.007149999999999999
1411 0.006933333333333333 0 0.00065
1412 0.006933333333333333 0 0.0013
1413 0.006933333333333333 0 0.00195
1414 0.006933333333333333 0 0.0026
1415 0.006933333333333333 0 0.00325
1416 0.006933333333333333 0 0.0039
1417 0.006933333333333333 0 0.00455
1418 0.006933333333333333 0 0.0052
1419 0.006933333333333333 0 0.005849999999999999
1420 0.006933333333333333 0 0.0065
1421 0.006933333333333333 0 0.007149999999999999
1422 0.0026 0.004457142857142856 0.00065
1423 0.0026 0.004457142857142856 0.0013
1424 0.0026 0.004457142857142856 0.00195
1425 0.0026 0.004457142857142856 0.0026
1426 0.0026 0.004457142857142856 0.00325
1427 0.0026 0.004457142857142856 0.0039
1428 0.0026 0.004457142857142856 0.00455
1429 0.0026 0.004457142857142856 0.0052
1430 0.0026 0.004457142857142856 0.005849999999999999
1431 0.0026 0.004457142857142856 0.0065
1432 0.0026 0.004457142857142856 0.007149999999999999
1433 0.0026 0.003714285714285712 0.00065
1434 0.0026 0.003714285714285712 0.0013
1435 0.0026 0.003714285714285712 0.00195
1436 0.0026 0.003714285714285712 0.0026
1437 0.0026 0.003714285714285712 0.00325
1438 0.0026 0.003714285714285712 0.0039
1439 0.0026 0.003714285714285712 0.00455
1440 0.0026 0.003714285714285712 0.0052
1441 0.0026 0.003714285714285712 0.005849999999999999
1442 0.0026 0.003714285714285712 0.0065
1443 0.0026 0.003714285714285712 0.007149999999999999
1444 0.0026 0.002971428571428568 0.00065
1445 0.0026 0.002971428571428568 0.0013
1446 0.0026 0.002971428571428568 0.00195
1447 0.0026 0.002971428571428568 0.0026
1448 0.0026 0.002971428571428568 0.00325
1449 0.0026 0.002971428571428568 0.0039
1450 0.0026 0.002971428571428568 0.00455
1451 0.0026 0.002971428571428568 0.0052
1452 0.0026 0.002971428571428568 0.005849999999999999
1453 0.0026 0.002971428571428568 0.0065
1454 0.0026 0.002971428571428568 0.007149999999999999
1455 0.0026 0.002228571428571426 0.00065
1456 0.0026 0.002228571428571426 0.0013
1457 0.0026 0.002228571428571426 0.00195
1458 0.0026 0.002228571428571426 0.0026
1459 0.0026 0.002228571428571426 0.00325
1460 0.0026 0.002228571428571426 0.0039
1461 0.0026 0.002228571428571426 0.00455
1462 0.0026 0.002228571428571426 0.0052
1463 0.0026 0.002228571428571426 0.005849999999999999
1464 0.0026 0.002228571428571426 0.0065
1465 0.0026 0.002228571428571426 0.007149999999999999
1466 0.0026 0.001485714285714285 0.00065
1467 0.0026 0.001485714285714285 0.0013
1468 0.0026 0.001485714285714285 0.00195
1469 0.0026 0.001485714285714285 0.0026
1470 0.0026 0.001485714285714285 0.00325
1471 0.0026 0.001485714285714285 0.0039
1472 0.0026 0.001485714285714285 0.00455
1473 0.0026 0.001485714285714285 0.0052
1474 0.0026 0.001485714285714285 0.005849999999999999
1475 0.0026 0.001485714285714285 0.0065
1476 0.0026 0.001485714285714285 0.007149999999999999
1477 0.0026 0.0007428571428571415 0.00065
1478 0.0026 0.0007428571428571415 0.0013
1479 0.0026 0.0007428571428571415 0.00195
1480 0.0026 0.0007428571428571415 0.0026
1481 0.0026 0.0007428571428571415 0.00325
1482 0.0026 0.0007428571428571415 0.0039
1483 0.0026 0.0007428571428571415 0.00455
1484 0.0026 0.0007428571428571415 0.0052
1485 0.0026 0.0007428571428571415 0.005849999999999999
1486 0.0026 0.0007428571428571415 0.0065
1487 0.0026 0.0007428571428571415 0.007149999999999999
1488 0.0004333333333333341 0.0052 0.00065
1489 0.0004333333333333341 0.0052 0.0013
1490 0.0004333333333333341 0.0052 0.00195
1491 0.0004333333333333341 0.0052 0.0026
1492 0.0004333333333333341 0.0052 0.00325
1493 0.0004333333333333341 0.0052 0.0039
1494 0.0004333333333333341 0.0052 0.00455
1495 0.0004333333333333341 0.0052 0.0052
1496 0.0004333333333333341 0.0052 0.005849999999999999
1497 0.0004333333333333341 0.0052 0.0065
1498 0.0004333333333333341 0.0052 0.007149999999999999
1499 0.000866666666666668 0.0052 0.00065
1500 0.000866666666666668 0.0052 0.0013
1501 0.000866666666666668 0.0052 0.00195
1502 0.000866666666666668 0.0052 0.0026
1503 0.000866666666666668 0.0052 0.00325
1504 0.000866666666666668 0.0052 0.0039
1505 0.000866666666666668 0.0052 0.00455
1506 0.000866666666666668 0.0052 0.0052
1507 0.000866666666666668 0.0052 0.005849999999999999
1508 0.000866666666666668 0.0052 0.0065
1509 0.000866666666666668 0.0052 0.007149999999999999
1510 0.001300000000000002 0.0052 0.00065
1511 0.001300000000000002 0.0052 0.0013
1512 0.001300000000000002 0.0052 0.00195
1513 0.001300000000000002 0.0052 0.0026
1514 0.001300000000000002 0.0052 0.00325
1515 0.001300000000000002 0.0052 0.0039
1516 0.001300000000000002 0.0052 0.00455
1517 0.001300000000000002 0.0052 0.0052
1518 0.001300000000000002 0.0052 0.005849999999999999
1519 0.001300000000000002 0.0052 0.0065
1520 0.001300000000000002 0.0052 0.007149999999999999
1521 0.001733333333333334 0.0052 0.00065
1522 0.001733333333333334 0.0052 0.0013
1523 0.001733333333333334 0.0052 0.00195
1524 0.001733333333333334 0.0052 0.0026
1525 0.001733333333333334 0.0052 0.00325
1526 0.001733333333333334 0.0052 0.0039
1527 0.001733333333333334 0.0052 0.00455
1528 0.001733333333333334 0.0052 0.0052
1529 0.001733333333333334 0.0052 0.005849999999999999
1530 0.001733333333333334 0.0052 0.0065
1531 0.001733333333333334 0.0052 0.007149999999999999
1532 0.002166666666666667 0.0052 0.00065
1533 0.002166666666666667 0.0052 0.0013
1534 0.002166666666666667 0.0052 0.00195
1535 0.002166666666666667 0.0052 0.0026
1536 0.002166666666666667 0.0052 0.00325
1537 0.002166666666666667 0.0052 0.0039
1538 0.002166666666666667 0.0052 0.00455
1539 0.002166666666666667 0.0052 0.0052
1540 0.002166666666666667 0.0052 0.005849999999999999
1541 0.002166666666666667 0.0052 0.0065
1542 0.002166666666666667 0.0052 0.007149999999999999
1543 0.00324333315709701 0.002599999999999996 0.0078
1544 0.001099086825008403 0.005540703013113366 0.0078
1545 0.001950000000000001 0.005575277674973256 0.0078
1546 0.003224998491380606 0.004115955333342659 0.0078
1547 0.00480835054745081 0.0007630990532414622 0.0078
1548 0.00598255348256743 0.003266721350972114 0.0078
1549 0.00406094506026889 0.005473384486855208 0.0078
1550 0.00324099387247593 0.001127213313441087 0.0078
1551 0.006776098704140678 0.001559071165665222 0.0078
1552 0.001522076879545829 0.006799546381766264 0.0078
1553 0.0004319473284725376 0.006071372898432263 0.0078
1554 0.003160252299538886 0.004804997648188422 0.0078
1555 0.003131979563697979 0.005394558209389633 0.0078
1556 0.002710094708969707 0.005723542242668599 0.0078
1557 0.003927326721296231 0.004679723983983502 0.0078
1558 0.003999904871407971 0.003804779559979307 0.0078
1559 0.004629267222642121 0.004247386727046031 0.0078
1560 0.004889180585399983 0.003492155956381529 0.0078
1561 0.003287799294730544 0.006137796422570421 0.0078
1562 0.004065172713170015 0.002869991654285229 0.0078
1563 0.005059308170869999 0.002614791959068133 0.0078
1564 0.004415032794665039 0.002044124115546503 0.0078
1565 0.005182961400710923 0.001620349328137789 0.0078
1566 0.002405965732698493 0.006499870136825335 0.0078
1567 0.0007043634563764444 0.006732414373748354 0.0078
1568 0.005624127866730352 0.0007495222814637818 0.0078
1569 0.005531290843094649 0.004158461465724999 0.0078
1570 0.005920643089295255 0.002281080753366863 0.0078
1571 0.003219476433705897 0.001851750435051215 0.0078
1572 0.0032889015388426 0.003346073472220245 0.0078
1573 0.003922208179373891 0.0007479555528297358 0.0078
1574 0.0006500000000000008 0.005575277674973255 0.0078
1575 0.001496309047230625 0.00561753667685987 0.0078
1576 0.001799591114702051 0.006108016054977943 0.0078
1577 0.003849689897869798 0.001564456262211709 0.0078
1578 0.006415683864314833 0.0007367516916290187 0.0078
1579 0.001100482093047985 0.006063552439124473 0.0078
1580 0.00225815346779504 0.005972245953098257 0.0078
1581 0.004839017596744873 0.005059463165976491 0.0078
1582 0.005940702967043309 0.001426671922579355 0.0078
1583 0.003602351930550913 0.005092266928360411 0.0078
1584 0.004470491299963192 0.001359175681089683 0.0078
1585 0.0003030561323611744 0.005579330114681104 0.0078
1586 0.00670140197640716 0.002506774860024955 0.0078
1587 0.003758540999301552 0.00218606449341893 0.0078
1588 0.002350225930014012 0.005529840652801288 0.0078
1589 0.003165973743703298 0.000523605201825593 0.0078
1590 0.007129144629692024 0.0006811757191651727 0.0078
1591 0.001943908754770221 0.01573808326795257 0
1592 0.01594768592682722 0.001434232471749451 0
1593 0.0072417055104794 0.01010969214968992 0
1594 0.01971747911783842 0.01405841909838295 0
1595 0.009530158488064228 0.01961796171220181 0
1596 0.01164369743044229 0.004862132914182221 0
1597 0.0198888572942233 0.00604199935000546 0
1598 0.01742045497024886 0.01994835078720254 0
1599 0.01062202104057759 0.007286339069211179 0
1600 0.01339639395802355 0.007018317734945669 0
1601 0.0124131493175523 0.009671644223469861 0
1602 0.01525628468219473 0.009306395927164734 0
1603 0.01415320452184807 0.01222622062583588 0
1604 0.01119727747518481 0.01251436484998366 0
1605 0.01288310917770261 0.01520054198688977 0
1606 0.00552434325872959 0.01177087663025088 0
1607 0.00218414027113102 0.02044130965598676 0
1608 0.0096086433354312 0.01570768158313721 0
1609 0.02042221770869856 0.002211568749703224 0
1610 0.002972843154056267 0.01306396702843609 0
1611 0.005276384441133407 0.01438991748919611 0
1612 0.02025902033152263 0.01001117812407835 0
1613 0.01605951864268692 0.01466102089155419 0
1614 0.01637000808774499 0.006144227102873038 0
1615 0.01809744613677956 0.003932415983288253 0
1616 0.0134247311863531 0.0202542713572419 0
1617 0.005650577731129394 0.02032684480782044 0
1618 0.003795719050561768 0.01798333333333333 0
1619 0.006508660579604298 0.01702915224796929 0
1620 0.01248207843249929 0.002488873915852645 0
1621 0.01400232347936326 0.004323575196540917 0
1622 0.02032364124520495 0.01781309910719078 0
1623 0.008023406654162043 0.01271767323175361 0
1624 0.01720628654846633 0.01148309242007422 0
1625 0.001662390790180475 0.01800504009427953 0
1626 0.01798333333333333 0.001743262847355336 0
1627 0.01189333651192252 0.01766804251986837 0
1628 0.01485667700359584 0.01749317507497244 0
1629 0.009731826211814596 0.009770287393054425 0
1630 0.001453738305738717 0.01171900635597031 0
1631 0.02054500185048138 0.02054500185048138 0
1632 0.0177960913888304 0.008597378584839159 0
1633 0.007335720571594056 0.01495078890080895 0
1634 0.001274098042913041 0.0135642113304718 0
1635 0.01429718795091331 0.002006849552683369 0
1636 0.003950676617594035 0.01586163699364423 0
1637 0.01751530539544059 0.01711436718154235 0
1638 0.01148333333333333 0.001232663044120105 0
1639 0.01607483394564218 0.003601149743299947 0
1640 0.0195 0.0234 0.00065
1641 0.0195 0.0234 0.0013
1642 0.0195 0.0234 0.00195
1643 0.0195 0.0234 0.0026
1644 0.0195 0.0234 0.00325
1645 0.0195 0.0234 0.0039
1646 0.0195 0.0234 0.00455
1647 0.0195 0.0234 0.0052
1648 0.0195 0.0234 0.005849999999999999
1649 0.0195 0.0234 0.0065
1650 0.0195 0.0234 0.007149999999999999
1651 0.01560000000000001 0.0234 0.00065
1652 0.01560000000000001 0.0234 0.0013
1653 0.01560000000000001 0.0234 0.00195
1654 0.01560000000000001 0.0234 0.0026
1655 0.01560000000000001 0.0234 0.00325
1656 0.01560000000000001 0.0234 0.0039
1657 0.01560000000000001 0.0234 0.00455
1658 0.01560000000000001 0.0234 0.0052
1659 0.01560000000000001 0.0234 0.005849999999999999
1660 0.01560000000000001 0.0234 0.0065
1661 0.01560000000000001 0.0234 0.007149999999999999
1662 0.01170000000000001 0.0234 0.00065
1663 0.01170000000000001 0.0234 0.0013
1664 0.01170000000000001 0.0234 0.00195
1665 0.01170000000000001 0.0234 0.0026
1666 0.01170000000000001 0.0234 0.00325
1667 0.01170000000000001 0.0234 0.0039
1668 0.01170000000000001 0.0234 0.00455
1669 0.01170000000000001 0.0234 0.0052
1670 0.01170000000000001 0.0234 0.005849999999999999
1671 0.01170000000000001 0.0234 0.0065
1672 0.01170000000000001 0.0234 0.007149999999999999
1673 0.007800000000000017 0.0234 0.00065
1674 0.007800000000000017 0.0234 0.0013
1675 0.007800000000000017 0.0234 0.00195
1676 0.007800000000000017 0.0234 0.0026
1677 0.007800000000000017 0.0234 0.00325
1678 0.007800000000000017 0.0234 0.0039
1679 0.007800000000000017 0.0234 0.00455
1680 0.007800000000000017 0.0234 0.0052
1681 0.007800000000000017 0.0234 0.005849999999999999
1682 0.007800000000000017 0.0234 0.0065
1683 0.007800000000000017 0.0234 0.007149999999999999
1684 0.003900000000000011 0.0234 0.00065
1685 0.003900000000000011 0.0234 0.0013
1686 0.003900000000000011 0.0234 0.00195
1687 0.003900000000000011 0.0234 0.0026
1688 0.003900000000000011 0.0234 0.00325
1689 0.003900000000000011 0.0234 0.0039
1690 0.003900000000000011 0.0234 0.00455
1691 0.003900000000000011 0.0234 0.0052
1692 0.003900000000000011 0.0234 0.005849999999999999
1693 0.003900000000000011 0.0234 0.0065
1694 0.003900000000000011 0.0234 0.007149999999999999
1695 0 0.02123333333333333 0.00065
1696 0 0.02123333333333333 0.0013
1697 0 0.02123333333333333 0.00195
1698 0 0.02123333333333333 0.0026
1699 0 0.02123333333333333 0.00325
1700 0 0.02123333333333333 0.0039
1701 0 0.02123333333333333 0.00455
1702 0 0.02123333333333333 0.0052
1703 0 0.02123333333333333 0.005849999999999999
1704 0 0.02123333333333333 0.0065
1705 0 0.02123333333333333 0.007149999999999999
1706 0 0.01906666666666667 0.00065
1707 0 0.01906666666666667 0.0013
1708 0 0.01906666666666667 0.00195
1709 0 0.01906666666666667 0.0026
1710 0 0.01906666666666667 0.00325
1711 0 0.01906666666666667 0.0039
1712 0 0.01906666666666667 0.00455
1713 0 0.01906666666666667 0.0052
1714 0 0.01906666666666667 0.005849999999999999
1715 0 0.01906666666666667 0.0065
1716 0 0.01906666666666667 0.007149999999999999
1717 0 0.0169 0.00065
1718 0 0.0169 0.0013
1719 0 0.0169 0.00195
1720 0 0.0169 0.0026
1721 0 0.0169 0.00325
1722 0 0.0169 0.0039
1723 0 0.0169 0.00455
1724 0 0.0169 0.0052
1725 0 0.0169 0.005849999999999999
1726 0 0.0169 0.0065
1727 0 0.0169 0.007149999999999999
1728 0 0.01473333333333333 0.00065
1729 0 0.01473333333333333 0.0013
1730 0 0.01473333333333333 0.00195
1731 0 0.01473333333333333 0.0026
1732 0 0.01473333333333333 0.00325
1733 0 0.01473333333333333 0.0039
1734 0 0.01473333333333333 0.00455
1735 0 0.01473333333333333 0.0052
1736 0 0.01473333333333333 0.005849999999999999
1737 0 0.01473333333333333 0.0065
1738 0 0.01473333333333333 0.007149999999999999
1739 0 0.01256666666666667 0.00065
1740 0 0.01256666666666667 0.0013
1741 0 0.01256666666666667 0.00195
1742 0 0.01256666666666667 0.0026
1743 0 0.01256666666666667 0.00325
1744 0 0.01256666666666667 0.0039
1745 0 0.01256666666666667 0.00455
1746 0 0.01256666666666667 0.0052
1747 0 0.01256666666666667 0.005849999999999999
1748 0 0.01256666666666667 0.0065
1749 0 0.01256666666666667 0.007149999999999999
1750 0.01004562859340631 0.002691718069066212 0.00065
1751 0.01004562859340631 0.002691718069066212 0.0013
1752 0.01004562859340631 0.002691718069066212 0.00195
1753 0.01004562859340631 0.002691718069066212 0.0026
1754 0.01004562859340631 0.002691718069066212 0.00325
1755 0.01004562859340631 0.002691718069066212 0.0039
1756 0.01004562859340631 0.002691718069066212 0.00455
1757 0.01004562859340631 0.002691718069066212 0.0052
1758 0.01004562859340631 0.002691718069066212 0.005849999999999999
1759 0.01004562859340631 0.002691718069066212 0.0065
1760 0.01004562859340631 0.002691718069066212 0.007149999999999999
1761 0.009006664199358168 0.005199999999999989 0.00065
1762 0.009006664199358168 0.005199999999999989 0.0013
1763 0.009006664199358168 0.005199999999999989 0.00195
1764 0.009006664199358168 0.005199999999999989 0.0026
1765 0.009006664199358168 0.005199999999999989 0.00325
1766 0.009006664199358168 0.005199999999999989 0.0039
1767 0.009006664199358168 0.005199999999999989 0.00455
1768 0.009006664199358168 0.005199999999999989 0.0052
1769 0.009006664199358168 0.005199999999999989 0.005849999999999999
1770 0.009006664199358168 0.005199999999999989 0.0065
1771 0.009006664199358168 0.005199999999999989 0.007149999999999999
1772 0.007353910524340109 0.007353910524340079 0.00065
1773 0.007353910524340109 0.007353910524340079 0.0013
1774 0.007353910524340109 0.007353910524340079 0.00195
1775 0.007353910524340109 0.007353910524340079 0.0026
1776 0.007353910524340109 0.007353910524340079 0.00325
1777 0.007353910524340109 0.007353910524340079 0.0039
1778 0.007353910524340109 0.007353910524340079 0.00455
1779 0.007353910524340109 0.007353910524340079 0.0052
1780 0.007353910524340109 0.007353910524340079 0.005849999999999999
1781 0.007353910524340109 0.007353910524340079 0.0065
1782 0.007353910524340109 0.007353910524340079 0.007149999999999999
1783 0.005200000000000013 0.009006664199358154 0.00065
1784 0.005200000000000013 0.009006664199358154 0.0013
1785 0.005200000000000013 0.009006664199358154 0.00195
1786 0.005200000000000013 0.009006664199358154 0.0026
1787 0.005200000000000013 0.009006664199358154 0.00325
1788 0.005200000000000013 0.009006664199358154 0.0039
1789 0.005200000000000013 0.009006664199358154 0.00455
1790 0.005200000000000013 0.009006664199358154 0.0052
1791 0.005200000000000013 0.009006664199358154 0.005849999999999999
1792 0.005200000000000013 0.009006664199358154 0.0065
1793 0.005200000000000013 0.009006664199358154 0.007149999999999999
1794 0.002691718069066224 0.01004562859340631 0.00065
1795 0.002691718069066224 0.01004562859340631 0.0013
1796 0.002691718069066224 0.01004562859340631 0.00195
1797 0.002691718069066224 0.01004562859340631 0.0026
1798 0.002691718069066224 0.01004562859340631 0.00325
1799 0.002691718069066224 0.01004562859340631 0.0039
1800 0.002691718069066224 0.01004562859340631 0.00455
1801 0.002691718069066224 0.01004562859340631 0.0052
1802 0.002691718069066224 0.01004562859340631 0.005849999999999999
1803 0.002691718069066224 0.01004562859340631 0.0065
1804 0.002691718069066224 0.01004562859340631 0.007149999999999999
1805 0.01256666666666666 0 0.00065
1806 0.01256666666666666 0 0.0013
1807 0.01256666666666666 0 0.00195
1808 0.01256666666666666 0 0.0026
1809 0.01256666666666666 0 0.00325
1810 0.01256666666666666 0 0.0039
1811 0.01256666666666666 0 0.00455
1812 0.01256666666666666 0 0.0052
1813 0.01256666666666666 0 0.005849999999999999
1814 0.01256666666666666 0 0.0065
1815 0.01256666666666666 0 0.007149999999999999
1816 0.01473333333333333 0 0.00065
1817 0.01473333333333333 0 0.0013
1818 0.01473333333333333 0 0.00195
1819 0.01473333333333333 0 0.0026
1820 0.01473333333333333 0 0.00325
1821 0.01473333333333333 0 0.0039
1822 0.01473333333333333 0 0.00455
1823 0.01473333333333333 0 0.0052
1824 0.01473333333333333 0 0.005849999999999999
1825 0.01473333333333333 0 0.0065
1826 0.01473333333333333 0 0.007149999999999999
1827 0.01689999999999999 0 0.00065
1828 0.01689999999999999 0 0.0013
1829 0.01689999999999999 0 0.00195
1830 0.01689999999999999 0 0.0026
1831 0.01689999999999999 0 0.00325
1832 0.01689999999999999 0 0.0039
1833 0.01689999999999999 0 0.00455
1834 0.01689999999999999 0 0.0052
1835 0.01689999999999999 0 0.005849999999999999
1836 0.01689999999999999 0 0.0065
1837 0.01689999999999999 0 0.007149999999999999
1838 0.01906666666666666 0 0.00065
1839 0.01906666666666666 0 0.0013
1840 0.01906666666666666 0 0.00195
1841 0.01906666666666666 0 0.0026
1842 0.01906666666666666 0 0.00325
1843 0.01906666666666666 0 0.0039
1844 0.01906666666666666 0 0.00455
1845 0.01906666666666666 0 0.0052
1846 0.01906666666666666 0 0.005849999999999999
1847 0.01906666666666666 0 0.0065
1848 0.01906666666666666 0 0.007149999999999999
1849 0.02123333333333333 0 0.00065
1850 0.02123333333333333 0 0.0013
1851 0.02123333333333333 0 0.00195
1852 0.02123333333333333 0 0.0026
1853 0.02123333333333333 0 0.00325
1854 0.02123333333333333 0 0.0039
1855 0.02123333333333333 0 0.00455
1856 0.02123333333333333 0 0.0052
1857 0.02123333333333333 0 0.005849999999999999
1858 0.02123333333333333 0 0.0065
1859 0.02123333333333333 0 0.007149999999999999
1860 0.0234 0.003899999999999997 0.00065
1861 0.0234 0.003899999999999997 0.0013
1862 0.0234 0.003899999999999997 0.00195
1863 0.0234 0.003899999999999997 0.0026
1864 0.0234 0.003899999999999997 0.00325
1865 0.0234 0.003899999999999997 0.0039
1866 0.0234 0.003899999999999997 0.00455
1867 0.0234 0.003899999999999997 0.0052
1868 0.0234 0.003899999999999997 0.005849999999999999
1869 0.0234 0.003899999999999997 0.0065
1870 0.0234 0.003899999999999997 0.007149999999999999
1871 0.0234 0.007799999999999991 0.00065
1872 0.0234 0.007799999999999991 0.0013
1873 0.0234 0.007799999999999991 0.00195
1874 0.0234 0.007799999999999991 0.0026
1875 0.0234 0.007799999999999991 0.00325
1876 0.0234 0.007799999999999991 0.0039
1877 0.0234 0.007799999999999991 0.00455
1878 0.0234 0.007799999999999991 0.0052
1879 0.0234 0.007799999999999991 0.005849999999999999
1880 0.0234 0.007799999999999991 0.0065
1881 0.0234 0.007799999999999991 0.007149999999999999
1882 0.0234 0.01169999999999998 0.00065
1883 0.0234 0.01169999999999998 0.0013
1884 0.0234 0.01169999999999998 0.00195
1885 0.0234 0.01169999999999998 0.0026
1886 0.0234 0.01169999999999998 0.00325
1887 0.0234 0.01169999999999998 0.0039
1888 0.0234 0.01169999999999998 0.00455
1889 0.0234 0.01169999999999998 0.0052
1890 0.0234 0.01169999999999998 0.005849999999999999
1891 0.0234 0.01169999999999998 0.0065
1892 0.0234 0.01169999999999998 0.007149999999999999
1893 0.0234 0.01559999999999998 0.00065
1894 0.0234 0.01559999999999998 0.0013
1895 0.0234 0.01559999999999998 0.00195
1896 0.0234 0.01559999999999998 0.0026
1897 0.0234 0.01559999999999998 0.00325
1898 0.0234 0.01559999999999998 0.0039
1899 0.0234 0.01559999999999998 0.00455
1900 0.0234 0.01559999999999998 0.0052
1901 0.0234 0.01559999999999998 0.005849999999999999
1902 0.0234 0.01559999999999998 0.0065
1903 0.0234 0.01559999999999998 0.007149999999999999
1904 0.0234 0.01949999999999999 0.00065
1905 0.0234 0.01949999999999999 0.0013
1906 0.0234 0.01949999999999999 0.00195
1907 0.0234 0.01949999999999999 0.0026
1908 0.0234 0.01949999999999999 0.00325
1909 0.0234 0.01949999999999999 0.0039
1910 0.0234 0.01949999999999999 0.00455
1911 0.0234 0.01949999999999999 0.0052
1912 0.0234 0.01949999999999999 0.005849999999999999
1913 0.0234 0.01949999999999999 0.0065
1914 0.0234 0.01949999999999999 0.007149999999999999
1915 0.001943908754770221 0.01573808326795257 0.0078
1916 0.01594768592682722 0.001434232471749451 0.0078
1917 0.0072417055104794 0.01010969214968992 0.0078
1918 0.01971747911783842 0.01405841909838295 0.0078
1919 0.009530158488064228 0.01961796171220181 0.0078
1920 0.01164369743044229 0.004862132914182221 0.0078
1921 0.0198888572942233 0.00604199935000546 0.0078
1922 0.01742045497024886 0.01994835078720254 0.0078
1923 0.01062202104057759 0.007286339069211179 0.0078
1924 0.01339639395802355 0.007018317734945669 0.0078
1925 0.0124131493175523 0.009671644223469861 0.0078
1926 0.01525628468219473 0.009306395927164734 0.0078
1927 0.01415320452184807 0.01222622062583588 0.0078
1928 0.01119727747518481 0.01251436484998366 0.0078
1929 0.01288310917770261 0.01520054198688977 0.0078
1930 0.00552434325872959 0.01177087663025088 0.0078
1931 0.00218414027113102 0.02044130965598676 0.0078
1932 0.0096086433354312 0.01570768158313721 0.0078
1933 0.02042221770869856 0.002211568749703224 0.0078
1934 0.002972843154056267 0.01306396702843609 0.0078
1935 0.005276384441133407 0.01438991748919611 0.0078
1936 0.02025902033152263 0.01001117812407835 0.0078
1937 0.01605951864268692 0.01466102089155419 0.0078
1938 0.01637000808774499 0.006144227102873038 0.0078
1939 0.01809744613677956 0.003932415983288253 0.0078
1940 0.0134247311863531 0.0202542713572419 0.0078
1941 0.005650577731129394 0.02032684480782044 0.0078
1942 0.003795719050561768 0.01798333333333333 0.0078
1943 0.006508660579604298 0.01702915224796929 0.0078
1944 0.01248207843249929 0.002488873915852645 0.0078
1945 0.01400232347936326 0.004323575196540917 0.0078
1946 0.02032364124520495 0.01781309910719078 0.0078
1947 0.008023406654162043 0.01271767323175361 0.0078
1948 0.01720628654846633 0.01148309242007422 0.0078
1949 0.001662390790180475 0.01800504009427953 0.0078
1950 0.01798333333333333 0.001743262847355336 0.0078
1951 0.01189333651192252 0.01766804251986837 0.0078
1952 0.01485667700359584 0.01749317507497244 0.0078
1953 0.009731826211814596 0.009770287393054425 0.0078
1954 0.001453738305738717 0.01171900635597031 0.0078
1955 0.02054500185048138 0.02054500185048138 0.0078
1956 0.0177960913888304 0.008597378584839159 0.0078
1957 0.007335720571594056 0.01495078890080895 0.0078
1958 0.001274098042913041 0.0135642113304718 0.0078
1959 0.01429718795091331 0.002006849552683369 0.0078
1960 0.003950676617594035 0.01586163699364423 0.0078
1961 0.01751530539544059 0.01711436718154235 0.0078
1962 0.01148333333333333 0.001232663044120105 0.0078
1963 0.01607483394564218 0.003601149743299947 0.0078
1964 0.002166666666666666 0 0.008579999999999999
1965 0.002166666666666666 0 0.00936
1966 0.002166666666666666 0 0.01014
1967 0.002166666666666666 0 0.01092
1968 0.002166666666666666 0 0.01248
1969 0.002166666666666666 0 0.01404
1970 0.002166666666666666 0 0.0156
1971 0.002166666666666666 0 0.01716
1972 0.002166666666666666 0 0.01872
1973 0.002166666666666666 0 0.02028
1974 0.002166666666666666 0 0.02184
1975 0.001733333333333332 0 0.008579999999999999
1976 0.001733333333333332 0 0.00936
1977 0.001733333333333332 0 0.01014
1978 0.001733333333333332 0 0.01092
1979 0.001733333333333332 0 0.01248
1980 0.001733333333333332 0 0.01404
1981 0.001733333333333332 0 0.0156
1982 0.001733333333333332 0 0.01716
1983 0.001733333333333332 0 0.01872
1984 0.001733333333333332 0 0.02028
1985 0.001733333333333332 0 0.02184
1986 0.001299999999999998 0 0.008579999999999999
1987 0.001299999999999998 0 0.00936
1988 0.001299999999999998 0 0.01014
1989 0.001299999999999998 0 0.01092
1990 0.001299999999999998 0 0.01248
1991 0.001299999999999998 0 0.01404
1992 0.001299999999999998 0 0.0156
1993 0.001299999999999998 0 0.01716
1994 0.001299999999999998 0 0.01872
1995 0.001299999999999998 0 0.02028
1996 0.001299999999999998 0 0.02184
1997 0.000866666666666666 0 0.008579999999999999
1998 0.000866666666666666 0 0.00936
1999 0.000866666666666666 0 0.01014
2000 0.000866666666666666 0 0.01092
2001 0.000866666666666666 0 0.01248
2002 0.000866666666666666 0 0.01404
2003 0.000866666666666666 0 0.0156
2004 0.000866666666666666 0 0.01716
2005 0.000866666666666666 0 0.01872
2006 0.000866666666666666 0 0.02028
2007 0.000866666666666666 0 0.02184
2008 0.0004333333333333333 0 0.008579999999999999
2009 0.0004333333333333333 0 0.00936
2010 0.0004333333333333333 0 0.01014
2011 0.0004333333333333333 0 0.01092
2012 0.0004333333333333333 0 0.01248
2013 0.0004333333333333333 0 0.01404
2014 0.0004333333333333333 0 0.0156
2015 0.0004333333333333333 0 0.01716
2016 0.0004333333333333333 0 0.01872
2017 0.0004333333333333333 0 0.02028
2018 0.0004333333333333333 0 0.02184
2019 0 0.0007428571428571443 0.008579999999999999
2020 0 0.0007428571428571443 0.00936
2021 0 0.0007428571428571443 0.01014
2022 0 0.0007428571428571443 0.01092
2023 0 0.0007428571428571443 0.01248
2024 0 0.0007428571428571443 0.01404
2025 0 0.0007428571428571443 0.0156
2026 0 0.0007428571428571443 0.01716
2027 0 0.0007428571428571443 0.01872
2028 0 0.0007428571428571443 0.02028
2029 0 0.0007428571428571443 0.02184
2030 0 0.001485714285714288 0.008579999999999999
2031 0 0.001485714285714288 0.00936
2032 0 0.001485714285714288 0.01014
2033 0 0.001485714285714288 0.01092
2034 0 0.001485714285714288 0.01248
2035 0 0.001485714285714288 0.01404
2036 0 0.001485714285714288 0.0156
2037 0 0.001485714285714288 0.01716
2038 0 0.001485714285714288 0.01872
2039 0 0.001485714285714288 0.02028
2040 0 0.001485714285714288 0.02184
2041 0 0.002228571428571432 0.008579999999999999
2042 0 0.002228571428571432 0.00936
2043 0 0.002228571428571432 0.01014
2044 0 0.002228571428571432 0.01092
2045 0 0.002228571428571432 0.01248
2046 0 0.002228571428571432 0.01404
2047 0 0.002228571428571432 0.0156
2048 0 0.002228571428571432 0.01716
2049 0 0.002228571428571432 0.01872
2050 0 0.002228571428571432 0.02028
2051 0 0.002228571428571432 0.02184
2052 0 0.002971428571428574 0.008579999999999999
2053 0 0.002971428571428574 0.00936
2054 0 0.002971428571428574 0.01014
2055 0 0.002971428571428574 0.01092
2056 0 0.002971428571428574 0.01248
2057 0 0.002971428571428574 0.01404
2058 0 0.002971428571428574 0.0156
2059 0 0.002971428571428574 0.01716
2060 0 0.002971428571428574 0.01872
2061 0 0.002971428571428574 0.02028
2062 0 0.002971428571428574 0.02184
2063 0 0.003714285714285715 0.008579999999999999
2064 0 0.003714285714285715 0.00936
2065 0 0.003714285714285715 0.01014
2066 0 0.003714285714285715 0.01092
2067 0 0.003714285714285715 0.01248
2068 0 0.003714285714285715 0.01404
2069 0 0.003714285714285715 0.0156
2070 0 0.003714285714285715 0.01716
2071 0 0.003714285714285715 0.01872
2072 0 0.003714285714285715 0.02028
2073 0 0.003714285714285715 0.02184
2074 0 0.004457142857142858 0.008579999999999999
2075 0 0.004457142857142858 0.00936
2076 0 0.004457142857142858 0.01014
2077 0 0.004457142857142858 0.01092
2078 0 0.004457142857142858 0.01248
2079 0 0.004457142857142858 0.01404
2080 0 0.004457142857142858 0.0156
2081 0 0.004457142857142858 0.01716
2082 0 0.004457142857142858 0.01872
2083 0 0.004457142857142858 0.02028
2084 0 0.004457142857142858 0.02184
2085 0.0004333333333333341 0.0052 0.008579999999999999
2086 0.0004333333333333341 0.0052 0.00936
2087 0.0004333333333333341 0.0052 0.01014
2088 0.0004333333333333341 0.0052 0.01092
2089 0.0004333333333333341 0.0052 0.01248
2090 0.0004333333333333341 0.0052 0.01404
2091 0.0004333333333333341 0.0052 0.0156
2092 0.0004333333333333341 0.0052 0.01716
2093 0.0004333333333333341 0.0052 0.01872
2094 0.0004333333333333341 0.0052 0.02028
2095 0.0004333333333333341 0.0052 0.02184
2096 0.000866666666666668 0.0052 0.008579999999999999
2097 0.000866666666666668 0.0052 0.00936
2098 0.000866666666666668 0.0052 0.01014
2099 0.000866666666666668 0.0052 0.01092
2100 0.000866666666666668 0.0052 0.01248
2101 0.000866666666666668 0.0052 0.01404
2102 0.000866666666666668 0.0052 0.0156
2103 0.000866666666666668 0.0052 0.01716
2104 0.000866666666666668 0.0052 0.01872
2105 0.000866666666666668 0.0052 0.02028
2106 0.000866666666666668 0.0052 0.02184
2107 0.001300000000000002 0.0052 0.008579999999999999
2108 0.001300000000000002 0.0052 0.00936
2109 0.001300000000000002 0.0052 0.01014
2110 0.001300000000000002 0.0052 0.01092
2111 0.001300000000000002 0.0052 0.01248
2112 0.001300000000000002 0.0052 0.01404
2113 0.001300000000000002 0.0052 0.0156
2114 0.001300000000000002 0.0052 0.01716
2115 0.001300000000000002 0.0052 0.01872
2116 0.001300000000000002 0.0052 0.02028
2117 0.001300000000000002 0.0052 0.02184
2118 0.001733333333333334 0.0052 0.008579999999999999
2119 0.001733333333333334 0.0052 0.00936
2120 0.001733333333333334 0.0052 0.01014
2121 0.001733333333333334 0.0052 0.01092
2122 0.001733333333333334 0.0052 0.01248
2123 0.001733333333333334 0.0052 0.01404
2124 0.001733333333333334 0.0052 0.0156
2125 0.001733333333333334 0.0052 0.01716
2126 0.001733333333333334 0.0052 0.01872
2127 0.001733333333333334 0.0052 0.02028
2128 0.001733333333333334 0.0052 0.02184
2129 0.002166666666666667 0.0052 0.008579999999999999
2130 0.002166666666666667 0.0052 0.00936
2131 0.002166666666666667 0.0052 0.01014
2132 0.002166666666666667 0.0052 0.01092
2133 0.002166666666666667 0.0052 0.01248
2134 0.002166666666666667 0.0052 0.01404
2135 0.002166666666666667 0.0052 0.0156
2136 0.002166666666666667 0.0052 0.01716
2137 0.002166666666666667 0.0052 0.01872
2138 0.002166666666666667 0.0052 0.02028
2139 0.002166666666666667 0.0052 0.02184
2140 0.0026 0.004457142857142856 0.008579999999999999
2141 0.0026 0.004457142857142856 0.00936
2142 0.0026 0.004457142857142856 0.01014
2143 0.0026 0.004457142857142856 0.01092
2144 0.0026 0.004457142857142856 0.01248
2145 0.0026 0.004457142857142856 0.01404
2146 0.0026 0.004457142857142856 0.0156
2147 0.0026 0.004457142857142856 0.01716
2148 0.0026 0.004457142857142856 0.01872
2149 0.0026 0.004457142857142856 0.02028
2150 0.0026 0.004457142857142856 0.02184
2151 0.0026 0.003714285714285712 0.008579999999999999
2152 0.0026 0.003714285714285712 0.00936
2153 0.0026 0.003714285714285712 0.01014
2154 0.0026 0.003714285714285712 0.01092
2155 0.0026 0.003714285714285712 0.01248
2156 0.0026 0.003714285714285712 0.01404
2157 0.0026 0.003714285714285712 0.0156
2158 0.0026 0.003714285714285712 0.01716
2159 0.0026 0.003714285714285712 0.01872
2160 0.0026 0.003714285714285712 0.02028
2161 0.0026 0.003714285714285712 0.02184
2162 0.0026 0.002971428571428568 0.008579999999999999
2163 0.0026 0.002971428571428568 0.00936
2164 0.0026 0.002971428571428568 0.01014
2165 0.0026 0.002971428571428568 0.01092
2166 0.0026 0.002971428571428568 0.01248
2167 0.0026 0.002971428571428568 0.01404
2168 0.0026 0.002971428571428568 0.0156
2169 0.0026 0.002971428571428568 0.01716
2170 0.0026 0.002971428571428568 0.01872
2171 0.0026 0.002971428571428568 0.02028
2172 0.0026 0.002971428571428568 0.02184
2173 0.0026 0.002228571428571426 0.008579999999999999
2174 0.0026 0.002228571428571426 0.00936
2175 0.0026 0.002228571428571426 0.01014
2176 0.0026 0.002228571428571426 0.01092
2177 0.0026 0.002228571428571426 0.01248
2178 0.0026 0.002228571428571426 0.01404
2179 0.0026 0.002228571428571426 0.0156
2180 0.0026 0.002228571428571426 0.01716
2181 0.0026 0.002228571428571426 0.01872
2182 0.0026 0.002228571428571426 0.02028
2183 0.0026 0.002228571428571426 0.02184
2184 0.0026 0.001485714285714285 0.008579999999999999
2185 0.0026 0.001485714285714285 0.00936
2186 0.0026 0.001485714285714285 0.01014
2187 0.0026 0.001485714285714285 0.01092
2188 0.0026 0.001485714285714285 0.01248
2189 0.0026 0.001485714285714285 0.01404
2190 0.0026 0.001485714285714285 0.0156
2191 0.0026 0.001485714285714285 0.01716
2192 0.0026 0.001485714285714285 0.01872
2193 0.0026 0.001485714285714285 0.02028
2194 0.0026 0.001485714285714285 0.02184
2195 0.0026 0.0007428571428571415 0.008579999999999999
2196 0.0026 0.0007428571428571415 0.00936
2197 0.0026 0.0007428571428571415 0.01014
2198 0.0026 0.0007428571428571415 0.01092
2199 0.0026 0.0007428571428571415 0.01248
2200 0.0026 0.0007428571428571415 0.01404
2201 0.0026 0.0007428571428571415 0.0156
2202 0.0026 0.0007428571428571415 0.01716
2203 0.0026 0.0007428571428571415 0.01872
2204 0.0026 0.0007428571428571415 0.02028
2205 0.0026 0.0007428571428571415 0.02184
2206 0.002166666666666666 0.0007428571428571419 0.0234
2207 0.002166666666666666 0.001485714285714285 0.0234
2208 0.002166666666666666 0.002228571428571427 0.0234
2209 0.002166666666666666 0.002971428571428569 0.0234
2210 0.002166666666666667 0.003714285714285713 0.0234
2211 0.002166666666666667 0.004457142857142856 0.0234
2212 0.001733333333333332 0.0007428571428571421 0.0234
2213 0.001733333333333332 0.001485714285714286 0.0234
2214 0.001733333333333333 0.002228571428571428 0.0234
2215 0.001733333333333333 0.00297142857142857 0.0234
2216 0.001733333333333333 0.003714285714285713 0.0234
2217 0.001733333333333334 0.004457142857142856 0.0234
2218 0.001299999999999999 0.000742857142857143 0.0234
2219 0.001299999999999999 0.001485714285714287 0.0234
2220 0.0013 0.002228571428571429 0.0234
2221 0.0013 0.002971428571428571 0.0234
2222 0.001300000000000001 0.003714285714285713 0.0234
2223 0.001300000000000001 0.004457142857142857 0.0234
2224 0.0008666666666666664 0.0007428571428571436 0.0234
2225 0.0008666666666666666 0.001485714285714286 0.0234
2226 0.0008666666666666668 0.00222857142857143 0.0234
2227 0.0008666666666666673 0.002971428571428572 0.0234
2228 0.0008666666666666675 0.003714285714285714 0.0234
2229 0.0008666666666666678 0.004457142857142857 0.0234
2230 0.0004333333333333334 0.0007428571428571438 0.0234
2231 0.0004333333333333334 0.001485714285714287 0.0234
2232 0.0004333333333333335 0.002228571428571431 0.0234
2233 0.0004333333333333337 0.002971428571428573 0.0234
2234 0.0004333333333333337 0.003714285714285714 0.0234
2235 0.0004333333333333339 0.004457142857142857 0.0234
2236 0.007720607246671275 0.001110055738531622 0.008579999999999999
2237 0.007720607246671275 0.001110055738531622 0.00936
2238 0.007720607246671275 0.001110055738531622 0.01014
2239 0.007720607246671275 0.001110055738531622 0.01092
2240 0.007720607246671275 0.001110055738531622 0.01248
2241 0.007720607246671275 0.001110055738531622 0.01404
2242 0.007720607246671275 0.001110055738531622 0.0156
2243 0.007720607246671275 0.001110055738531622 0.01716
2244 0.007720607246671275 0.001110055738531622 0.01872
2245 0.007720607246671275 0.001110055738531622 0.02028
2246 0.007720607246671275 0.001110055738531622 0.02184
2247 0.00748404519419308 0.002197513943363149 0.008579999999999999
2248 0.00748404519419308 0.002197513943363149 0.00936
2249 0.00748404519419308 0.002197513943363149 0.01014
2250 0.00748404519419308 0.002197513943363149 0.01092
2251 0.00748404519419308 0.002197513943363149 0.01248
2252 0.00748404519419308 0.002197513943363149 0.01404
2253 0.00748404519419308 0.002197513943363149 0.0156
2254 0.00748404519419308 0.002197513943363149 0.01716
2255 0.00748404519419308 0.002197513943363149 0.01872
2256 0.00748404519419308 0.002197513943363149 0.02028
2257 0.00748404519419308 0.002197513943363149 0.02184
2258 0.007095129563765244 0.003240237101414711 0.008579999999999999
2259 0.007095129563765244 0.003240237101414711 0.00936
2260 0.007095129563765244 0.003240237101414711 0.01014
2261 0.007095129563765244 0.003240237101414711 0.01092
2262 0.007095129563765244 0.003240237101414711 0.01248
2263 0.007095129563765244 0.003240237101414711 0.01404
2264 0.007095129563765244 0.003240237101414711 0.0156
2265 0.007095129563765244 0.003240237101414711 0.01716
2266 0.007095129563765244 0.003240237101414711 0.01872
2267 0.007095129563765244 0.003240237101414711 0.02028
2268 0.007095129563765244 0.003240237101414711 0.02184
2269 0.006561777556083215 0.004216998376153658 0.008579999999999999
2270 0.006561777556083215 0.004216998376153658 0.00936
2271 0.006561777556083215 0.004216998376153658 0.01014
2272 0.006561777556083215 0.004216998376153658 0.01092
2273 0.006561777556083215 0.004216998376153658 0.01248
2274 0.006561777556083215 0.004216998376153658 0.01404
2275 0.006561777556083215 0.004216998376153658 0.0156
2276 0.006561777556083215 0.004216998376153658 0.01716
2277 0.006561777556083215 0.004216998376153658 0.01872
2278 0.006561777556083215 0.004216998376153658 0.02028
2279 0.006561777556083215 0.004216998376153658 0.02184
2280 0.005894846679963215 0.005107913724773223 0.008579999999999999
2281 0.005894846679963215 0.005107913724773223 0.00936
2282 0.005894846679963215 0.005107913724773223 0.01014
2283 0.005894846679963215 0.005107913724773223 0.01092
2284 0.005894846679963215 0.005107913724773223 0.01248
2285 0.005894846679963215 0.005107913724773223 0.01404
2286 0.005894846679963215 0.005107913724773223 0.0156
2287 0.005894846679963215 0.005107913724773223 0.01716
2288 0.005894846679963215 0.005107913724773223 0.01872
2289 0.005894846679963215 0.005107913724773223 0.02028
2290 0.005894846679963215 0.005107913724773223 0.02184
2291 0.005107913724773227 0.00589484667996321 0.008579999999999999
2292 0.005107913724773227 0.00589484667996321 0.00936
2293 0.005107913724773227 0.00589484667996321 0.01014
2294 0.005107913724773227 0.00589484667996321 0.01092
2295 0.005107913724773227 0.00589484667996321 0.01248
2296 0.005107913724773227 0.00589484667996321 0.01404
2297 0.005107913724773227 0.00589484667996321 0.0156
2298 0.005107913724773227 0.00589484667996321 0.01716
2299 0.005107913724773227 0.00589484667996321 0.01872
2300 0.005107913724773227 0.00589484667996321 0.02028
2301 0.005107913724773227 0.00589484667996321 0.02184
2302 0.004216998376153666 0.006561777556083209 0.008579999999999999
2303 0.004216998376153666 0.006561777556083209 0.00936
2304 0.004216998376153666 0.006561777556083209 0.01014
2305 0.004216998376153666 0.006561777556083209 0.01092
2306 0.004216998376153666 0.006561777556083209 0.01248
2307 0.004216998376153666 0.006561777556083209 0.01404
2308 0.004216998376153666 0.006561777556083209 0.0156
2309 0.004216998376153666 0.006561777556083209 0.01716
2310 0.004216998376153666 0.006561777556083209 0.01872
2311 0.004216998376153666 0.006561777556083209 0.02028
2312 0.004216998376153666 0.006561777556083209 0.02184
2313 0.003240237101414719 0.00709512956376524 0.008579999999999999
2314 0.003240237101414719 0.00709512956376524 0.00936
2315 0.003240237101414719 0.00709512956376524 0.01014
2316 0.003240237101414719 0.00709512956376524 0.01092
2317 0.003240237101414719 0.00709512956376524 0.01248
2318 0.003240237101414719 0.00709512956376524 0.01404
2319 0.003240237101414719 0.00709512956376524 0.0156
2320 0.003240237101414719 0.00709512956376524 0.01716
2321 0.003240237101414719 0.00709512956376524 0.01872
2322 0.003240237101414719 0.00709512956376524 0.02028
2323 0.003240237101414719 0.00709512956376524 0.02184
2324 0.002197513943363152 0.007484045194193079 0.008579999999999999
2325 0.002197513943363152 0.007484045194193079 0.00936
2326 0.002197513943363152 0.007484045194193079 0.01014
2327 0.002197513943363152 0.007484045194193079 0.01092
2328 0.002197513943363152 0.007484045194193079 0.01248
2329 0.002197513943363152 0.007484045194193079 0.01404
2330 0.002197513943363152 0.007484045194193079 0.0156
2331 0.002197513943363152 0.007484045194193079 0.01716
2332 0.002197513943363152 0.007484045194193079 0.01872
2333 0.002197513943363152 0.007484045194193079 0.02028
2334 0.002197513943363152 0.007484045194193079 0.02184
2335 0.001110055738531625 0.007720607246671275 0.008579999999999999
2336 0.001110055738531625 0.007720607246671275 0.00936
2337 0.001110055738531625 0.007720607246671275 0.01014
2338 0.001110055738531625 0.007720607246671275 0.01092
2339 0.001110055738531625 0.007720607246671275 0.01248
2340 0.001110055738531625 0.007720607246671275 0.01404
2341 0.001110055738531625 0.007720607246671275 0.0156
2342 0.001110055738531625 0.007720607246671275 0.01716
2343 0.001110055738531625 0.007720607246671275 0.01872
2344 0.001110055738531625 0.007720607246671275 0.02028
2345 0.001110055738531625 0.007720607246671275 0.02184
2346 0.01004562859340631 0.002691718069066212 0.008579999999999999
2347 0.01004562859340631 0.002691718069066212 0.00936
2348 0.01004562859340631 0.002691718069066212 0.01014
2349 0.01004562859340631 0.002691718069066212 0.01092
2350 0.01004562859340631 0.002691718069066212 0.01248
2351 0.01004562859340631 0.002691718069066212 0.01404
2352 0.01004562859340631 0.002691718069066212 0.0156
2353 0.01004562859340631 0.002691718069066212 0.01716
2354 0.01004562859340631 0.002691718069066212 0.01872
2355 0.01004562859340631 0.002691718069066212 0.02028
2356 0.01004562859340631 0.002691718069066212 0.02184
2357 0.009006664199358168 0.005199999999999989 0.008579999999999999
2358 0.009006664199358168 0.005199999999999989 0.00936
2359 0.009006664199358168 0.005199999999999989 0.01014
2360 0.009006664199358168 0.005199999999999989 0.01092
2361 0.009006664199358168 0.005199999999999989 0.01248
2362 0.009006664199358168 0.005199999999999989 0.01404
2363 0.009006664199358168 0.005199999999999989 0.0156
2364 0.009006664199358168 0.005199999999999989 0.01716
2365 0.009006664199358168 0.005199999999999989 0.01872
2366 0.009006664199358168 0.005199999999999989 0.02028
2367 0.009006664199358168 0.005199999999999989 0.02184
2368 0.007353910524340109 0.007353910524340079 0.008579999999999999
2369 0.007353910524340109 0.007353910524340079 0.00936
2370 0.007353910524340109 0.007353910524340079 0.01014
2371 0.007353910524340109 0.007353910524340079 0.01092
2372 0.007353910524340109 0.007353910524340079 0.01248
2373 0.007353910524340109 0.007353910524340079 0.01404
2374 0.007353910524340109 0.007353910524340079 0.0156
2375 0.007353910524340109 0.007353910524340079 0.01716
2376 0.007353910524340109 0.007353910524340079 0.01872
2377 0.007353910524340109 0.007353910524340079 0.02028
2378 0.007353910524340109 0.007353910524340079 0.02184
2379 0.005200000000000013 0.009006664199358154 0.008579999999999999
2380 0.005200000000000013 0.009006664199358154 0.00936
2381 0.005200000000000013 0.009006664199358154 0.01014
2382 0.005200000000000013 0.009006664199358154 0.01092
2383 0.005200000000000013 0.009006664199358154 0.01248
2384 0.005200000000000013 0.009006664199358154 0.01404
2385 0.005200000000000013 0.009006664199358154 0.0156
2386 0.005200000000000013 0.009006664199358154 0.01716
2387 0.005200000000000013 0.009006664199358154 0.01872
2388 0.005200000000000013 0.009006664199358154 0.02028
2389 0.005200000000000013 0.009006664199358154 0.02184
2390 0.002691718069066224 0.01004562859340631 0.008579999999999999
2391 0.002691718069066224 0.01004562859340631 0.00936
2392 0.002691718069066224 0.01004562859340631 0.01014
2393 0.002691718069066224 0.01004562859340631 0.01092
2394 0.002691718069066224 0.01004562859340631 0.01248
2395 0.002691718069066224 0.01004562859340631 0.01404
2396 0.002691718069066224 0.01004562859340631 0.0156
2397 0.002691718069066224 0.01004562859340631 0.01716
2398 0.002691718069066224 0.01004562859340631 0.01872
2399 0.002691718069066224 0.01004562859340631 0.02028
2400 0.002691718069066224 0.01004562859340631 0.02184
2401 0.007160398678336732 0.005411296925369648 0.0234
2402 0.005396783680358532 0.007133819654552264 0.0234
2403 0.007637365149417139 0.004237543266199584 0.0234
2404 0.004221941099239042 0.007598000619345003 0.0234
2405 0.003235010633508007 0.008295593470239646 0.0234
2406 0.006182770657554363 0.006180357501799685 0.0234
2407 0.001539049730744835 0.008624312417418383 0.0234
2408 0.008362855749542335 0.003119183928059913 0.0234
2409 0.008635522797302167 0.001519745279836816 0.0234
2410 0 0.005850000000000001 0.008579999999999999
2411 0 0.005850000000000001 0.00936
2412 0 0.005850000000000001 0.01014
2413 0 0.005850000000000001 0.01092
2414 0 0.005850000000000001 0.01248
2415 0 0.005850000000000001 0.01404
2416 0 0.005850000000000001 0.0156
2417 0 0.005850000000000001 0.01716
2418 0 0.005850000000000001 0.01872
2419 0 0.005850000000000001 0.02028
2420 0 0.005850000000000001 0.02184
2421 0 0.006500000000000001 0.008579999999999999
2422 0 0.006500000000000001 0.00936
2423 0 0.006500000000000001 0.01014
2424 0 0.006500000000000001 0.01092
2425 0 0.006500000000000001 0.01248
2426 0 0.006500000000000001 0.01404
2427 0 0.006500000000000001 0.0156
2428 0 0.006500000000000001 0.01716
2429 0 0.006500000000000001 0.01872
2430 0 0.006500000000000001 0.02028
2431 0 0.006500000000000001 0.02184
2432 0 0.00715 0.008579999999999999
2433 0 0.00715 0.00936
2434 0 0.00715 0.01014
2435 0 0.00715 0.01092
2436 0 0.00715 0.01248
2437 0 0.00715 0.01404
2438 0 0.00715 0.0156
2439 0 0.00715 0.01716
2440 0 0.00715 0.01872
2441 0 0.00715 0.02028
2442 0 0.00715 0.02184
2443 0.007720607246671275 0.001110055738531622 0.008579999999999999
2444 0.007720607246671275 0.001110055738531622 0.00936
2445 0.007720607246671275 0.001110055738531622 0.01014
2446 0.007720607246671275 0.001110055738531622 0.01092
2447 0.007720607246671275 0.001110055738531622 0.01248
2448 0.007720607246671275 0.001110055738531622 0.01404
2449 0.007720607246671275 0.001110055738531622 0.0156
2450 0.007720607246671275 0.001110055738531622 0.01716
2451 0.007720607246671275 0.001110055738531622 0.01872
2452 0.007720607246671275 0.001110055738531622 0.02028
2453 0.007720607246671275 0.001110055738531622 0.02184
2454 0.00748404519419308 0.002197513943363149 0.008579999999999999
2455 0.00748404519419308 0.002197513943363149 0.00936
2456 0.00748404519419308 0.002197513943363149 0.01014
2457 0.00748404519419308 0.002197513943363149 0.01092
2458 0.00748404519419308 0.002197513943363149 0.01248
2459 0.00748404519419308 0.002197513943363149 0.01404
2460 0.00748404519419308 0.002197513943363149 0.0156
2461 0.00748404519419308 0.002197513943363149 0.01716
2462 0.00748404519419308 0.002197513943363149 0.01872
2463 0.00748404519419308 0.002197513943363149 0.02028
2464 0.00748404519419308 0.002197513943363149 0.02184
2465 0.007095129563765244 0.003240237101414711 0.008579999999999999
2466 0.007095129563765244 0.003240237101414711 0.00936
2467 0.007095129563765244 0.003240237101414711 0.01014
2468 0.007095129563765244 0.003240237101414711 0.01092
2469 0.007095129563765244 0.003240237101414711 0.01248
2470 0.007095129563765244 0.003240237101414711 0.01404
2471 0.007095129563765244 0.003240237101414711 0.0156
2472 0.007095129563765244 0.003240237101414711 0.01716
2473 0.007095129563765244 0.003240237101414711 0.01872
2474 0.007095129563765244 0.003240237101414711 0.02028
2475 0.007095129563765244 0.003240237101414711 0.02184
2476 0.006561777556083215 0.004216998376153658 0.008579999999999999
2477 0.006561777556083215 0.004216998376153658 0.00936
2478 0.006561777556083215 0.004216998376153658 0.01014
2479 0.006561777556083215 0.004216998376153658 0.01092
2480 0.006561777556083215 0.004216998376153658 0.01248
2481 0.006561777556083215 0.004216998376153658 0.01404
2482 0.006561777556083215 0.004216998376153658 0.0156
2483 0.006561777556083215 0.004216998376153658 0.01716
2484 0.006561777556083215 0.004216998376153658 0.01872
2485 0.006561777556083215 0.004216998376153658 0.02028
2486 0.006561777556083215 0.004216998376153658 0.02184
2487 0.005894846679963215 0.005107913724773223 0.008579999999999999
2488 0.005894846679963215 0.005107913724773223 0.00936
2489 0.005894846679963215 0.005107913724773223 0.01014
2490 0.005894846679963215 0.005107913724773223 0.01092
2491 0.005894846679963215 0.005107913724773223 0.01248
2492 0.005894846679963215 0.005107913724773223 0.01404
2493 0.005894846679963215 0.005107913724773223 0.0156
2494 0.005894846679963215 0.005107913724773223 0.01716
2495 0.005894846679963215 0.005107913724773223 0.01872
2496 0.005894846679963215 0.005107913724773223 0.02028
2497 0.005894846679963215 0.005107913724773223 0.02184
2498 0.005107913724773227 0.00589484667996321 0.008579999999999999
2499 0.005107913724773227 0.00589484667996321 0.00936
2500 0.005107913724773227 0.00589484667996321 0.01014
2501 0.005107913724773227 0.00589484667996321 0.01092
2502 0.005107913724773227 0.00589484667996321 0.01248
2503 0.005107913724773227 0.00589484667996321 0.01404
2504 0.005107913724773227 0.00589484667996321 0.0156
2505 0.005107913724773227 0.00589484667996321 0.01716
2506 0.005107913724773227 0.00589484667996321 0.01872
2507 0.005107913724773227 0.00589484667996321 0.02028
2508 0.005107913724773227 0.00589484667996321 0.02184
2509 0.004216998376153666 0.006561777556083209 0.008579999999999999
2510 0.004216998376153666 0.006561777556083209 0.00936
2511 0.004216998376153666 0.006561777556083209 0.01014
2512 0.004216998376153666 0.006561777556083209 0.01092
2513 0.004216998376153666 0.006561777556083209 0.01248
2514 0.004216998376153666 0.006561777556083209 0.01404
2515 0.004216998376153666 0.006561777556083209 0.0156
2516 0.004216998376153666 0.006561777556083209 0.01716
2517 0.004216998376153666 0.006561777556083209 0.01872
2518 0.004216998376153666 0.006561777556083209 0.02028
2519 0.004216998376153666 0.006561777556083209 0.02184
2520 0.003240237101414719 0.00709512956376524 0.008579999999999999
2521 0.003240237101414719 0.00709512956376524 0.00936
2522 0.003240237101414719 0.00709512956376524 0.01014
2523 0.003240237101414719 0.00709512956376524 0.01092
2524 0.003240237101414719 0.00709512956376524 0.01248
2525 0.003240237101414719 0.00709512956376524 0.01404
2526 0.003240237101414719 0.00709512956376524 0.0156
2527 0.003240237101414719 0.00709512956376524 0.01716
2528 0.003240237101414719 0.00709512956376524 0.01872
2529 0.003240237101414719 0.00709512956376524 0.02028
2530 0.003240237101414719 0.00709512956376524 0.02184
2531 0.002197513943363152 0.007484045194193079 0.008579999999999999
2532 0.002197513943363152 0.007484045194193079 0.00936
2533 0.002197513943363152 0.007484045194193079 0.01014
2534 0.002197513943363152 0.007484045194193079 0.01092
2535 0.002197513943363152 0.007484045194193079 0.01248
2536 0.002197513943363152 0.007484045194193079 0.01404
2537 0.002197513943363152 0.007484045194193079 0.0156
2538 0.002197513943363152 0.007484045194193079 0.01716
2539 0.002197513943363152 0.007484045194193079 0.01872
2540 0.002197513943363152 0.007484045194193079 0.02028
2541 0.002197513943363152 0.007484045194193079 0.02184
2542 0.001110055738531625 0.007720607246671275 0.008579999999999999
2543 0.001110055738531625 0.007720607246671275 0.00936
2544 0.001110055738531625 0.007720607246671275 0.01014
2545 0.001110055738531625 0.007720607246671275 0.01092
2546 0.001110055738531625 0.007720607246671275 0.01248
2547 0.001110055738531625 0.007720607246671275 0.01404
2548 0.001110055738531625 0.007720607246671275 0.0156
2549 0.001110055738531625 0.007720607246671275 0.01716
2550 0.001110055738531625 0.007720607246671275 0.01872
2551 0.001110055738531625 0.007720607246671275 0.02028
2552 0.001110055738531625 0.007720607246671275 0.02184
2553 0.003466666666666668 0 0.008579999999999999
2554 0.003466666666666668 0 0.00936
2555 0.003466666666666668 0 0.01014
2556 0.003466666666666668 0 0.01092
2557 0.003466666666666668 0 0.01248
2558 0.003466666666666668 0 0.01404
2559 0.003466666666666668 0 0.0156
2560 0.003466666666666668 0 0.01716
2561 0.003466666666666668 0 0.01872
2562 0.003466666666666668 0 0.02028
2563 0.003466666666666668 0 0.02184
2564 0.004333333333333336 0 0.008579999999999999
2565 0.004333333333333336 0 0.00936
2566 0.004333333333333336 0 0.01014
2567 0.004333333333333336 0 0.01092
2568 0.004333333333333336 0 0.01248
2569 0.004333333333333336 0 0.01404
2570 0.004333333333333336 0 0.0156
2571 0.004333333333333336 0 0.01716
2572 0.004333333333333336 0 0.01872
2573 0.004333333333333336 0 0.02028
2574 0.004333333333333336 0 0.02184
2575 0.005200000000000003 0 0.008579999999999999
2576 0.005200000000000003 0 0.00936
2577 0.005200000000000003 0 0.01014
2578 0.005200000000000003 0 0.01092
2579 0.005200000000000003 0 0.01248
2580 0.005200000000000003 0 0.01404
2581 0.005200000000000003 0 0.0156
2582 0.005200000000000003 0 0.01716
2583 0.005200000000000003 0 0.01872
2584 0.005200000000000003 0 0.02028
2585 0.005200000000000003 0 0.02184
2586 0.006066666666666668 0 0.008579999999999999
2587 0.006066666666666668 0 0.00936
2588 0.006066666666666668 0 0.01014
2589 0.006066666666666668 0 0.01092
2590 0.006066666666666668 0 0.01248
2591 0.006066666666666668 0 0.01404
2592 0.006066666666666668 0 0.0156
2593 0.006066666666666668 0 0.01716
2594 0.006066666666666668 0 0.01872
2595 0.006066666666666668 0 0.02028
2596 0.006066666666666668 0 0.02184
2597 0.006933333333333333 0 0.008579999999999999
2598 0.006933333333333333 0 0.00936
2599 0.006933333333333333 0 0.01014
2600 0.006933333333333333 0 0.01092
2601 0.006933333333333333 0 0.01248
2602 0.006933333333333333 0 0.01404
2603 0.006933333333333333 0 0.0156
2604 0.006933333333333333 0 0.01716
2605 0.006933333333333333 0 0.01872
2606 0.006933333333333333 0 0.02028
2607 0.006933333333333333 0 0.02184
2608 0.0026 0.004457142857142856 0.008579999999999999
2609 0.0026 0.004457142857142856 0.00936
2610 0.0026 0.004457142857142856 0.01014
2611 0.0026 0.004457142857142856 0.01092
2612 0.0026 0.004457142857142856 0.01248
2613 0.0026 0.004457142857142856 0.01404
2614 0.0026 0.004457142857142856 0.0156
2615 0.0026 0.004457142857142856 0.01716
2616 0.0026 0.004457142857142856 0.01872
2617 0.0026 0.004457142857142856 0.02028
2618 0.0026 0.004457142857142856 0.02184
2619 0.0026 0.003714285714285712 0.008579999999999999
2620 0.0026 0.003714285714285712 0.00936
2621 0.0026 0.003714285714285712 0.01014
2622 0.0026 0.003714285714285712 0.01092
2623 0.0026 0.003714285714285712 0.01248
2624 0.0026 0.003714285714285712 0.01404
2625 0.0026 0.003714285714285712 0.0156
2626 0.0026 0.003714285714285712 0.01716
2627 0.0026 0.003714285714285712 0.01872
2628 0.0026 0.003714285714285712 0.02028
2629 0.0026 0.003714285714285712 0.02184
2630 0.0026 0.002971428571428568 0.008579999999999999
2631 0.0026 0.002971428571428568 0.00936
2632 0.0026 0.002971428571428568 0.01014
2633 0.0026 0.002971428571428568 0.01092
2634 0.0026 0.002971428571428568 0.01248
2635 0.0026 0.002971428571428568 0.01404
2636 0.0026 0.002971428571428568 0.0156
2637 0.0026 0.002971428571428568 0.01716
2638 0.0026 0.002971428571428568 0.01872
2639 0.0026 0.002971428571428568 0.02028
2640 0.0026 0.002971428571428568 0.02184
2641 0.0026 0.002228571428571426 0.008579999999999999
2642 0.0026 0.002228571428571426 0.00936
2643 0.0026 0.002228571428571426 0.01014
2644 0.0026 0.002228571428571426 0.01092
2645 0.0026 0.002228571428571426 0.01248
2646 0.0026 0.002228571428571426 0.01404
2647 0.0026 0.002228571428571426 0.0156
2648 0.0026 0.002228571428571426 0.01716
2649 0.0026 0.002228571428571426 0.01872
2650 0.0026 0.002228571428571426 0.02028
2651 0.0026 0.002228571428571426 0.02184
2652 0.0026 0.001485714285714285 0.008579999999999999
2653 0.0026 0.001485714285714285 0.00936
2654 0.0026 0.001485714285714285 0.01014
2655 0.0026 0.001485714285714285 0.01092
2656 0.0026 0.001485714285714285 0.01248
2657 0.0026 0.001485714285714285 0.01404
2658 0.0026 0.001485714285714285 0.0156
2659 0.0026 0.001485714285714285 0.01716
2660 0.0026 0.001485714285714285 0.01872
2661 0.0026 0.001485714285714285 0.02028
2662 0.0026 0.001485714285714285 0.02184
2663 0.0026 0.0007428571428571415 0.008579999999999999
2664 0.0026 0.0007428571428571415 0.00936
2665 0.0026 0.0007428571428571415 0.01014
2666 0.0026 0.0007428571428571415 0.01092
2667 0.0026 0.0007428571428571415 0.01248
2668 0.0026 0.0007428571428571415 0.01404
2669 0.0026 0.0007428571428571415 0.0156
2670 0.0026 0.0007428571428571415 0.01716
2671 0.0026 0.0007428571428571415 0.01872
2672 0.0026 0.0007428571428571415 0.02028
2673 0.0026 0.0007428571428571415 0.02184
2674 0.0004333333333333341 0.0052 0.008579999999999999
2675 0.0004333333333333341 0.0052 0.00936
2676 0.0004333333333333341 0.0052 0.01014
2677 0.0004333333333333341 0.0052 0.01092
2678 0.0004333333333333341 0.0052 0.01248
2679 0.0004333333333333341 0.0052 0.01404
2680 0.0004333333333333341 0.0052 0.0156
2681 0.0004333333333333341 0.0052 0.01716
2682 0.0004333333333333341 0.0052 0.01872
2683 0.0004333333333333341 0.0052 0.02028
2684 0.0004333333333333341 0.0052 0.02184
2685 0.000866666666666668 0.0052 0.008579999999999999
2686 0.000866666666666668 0.0052 0.00936
2687 0.000866666666666668 0.0052 0.01014
2688 0.000866666666666668 0.0052 0.01092
2689 0.000866666666666668 0.0052 0.01248
2690 0.000866666666666668 0.0052 0.01404
2691 0.000866666666666668 0.0052 0.0156
2692 0.000866666666666668 0.0052 0.01716
2693 0.000866666666666668 0.0052 0.01872
2694 0.000866666666666668 0.0052 0.02028
2695 0.000866666666666668 0.0052 0.02184
2696 0.001300000000000002 0.0052 0.008579999999999999
2697 0.001300000000000002 0.0052 0.00936
2698 0.001300000000000002 0.0052 0.01014
2699 0.001300000000000002 0.0052 0.01092
2700 0.001300000000000002 0.0052 0.01248
2701 0.001300000000000002 0.0052 0.01404
2702 0.001300000000000002 0.0052 0.0156
2703 0.001300000000000002 0.0052 0.01716
2704 0.001300000000000002 0.0052 0.01872
2705 0.001300000000000002 0.0052 0.02028
2706 0.001300000000000002 0.0052 0.02184
2707 0.001733333333333334 0.0052 0.008579999999999999
2708 0.001733333333333334 0.0052 0.00936
2709 0.001733333333333334 0.0052 0.01014
2710 0.001733333333333334 0.0052 0.01092
2711 0.001733333333333334 0.0052 0.01248
2712 0.001733333333333334 0.0052 0.01404
2713 0.001733333333333334 0.0052 0.0156
2714 0.001733333333333334 0.0052 0.01716
2715 0.001733333333333334 0.0052 0.01872
2716 0.001733333333333334 0.0052 0.02028
2717 0.001733333333333334 0.0052 0.02184
2718 0.002166666666666667 0.0052 0.008579999999999999
2719 0.002166666666666667 0.0052 0.00936
2720 0.002166666666666667 0.0052 0.01014
2721 0.002166666666666667 0.0052 0.01092
2722 0.002166666666666667 0.0052 0.01248
2723 0.002166666666666667 0.0052 0.01404
2724 0.002166666666666667 0.0052 0.0156
2725 0.002166666666666667 0.0052 0.01716
2726 0.002166666666666667 0.0052 0.01872
2727 0.002166666666666667 0.0052 0.02028
2728 0.002166666666666667 0.0052 0.02184
2729 0.00324333315709701 0.002599999999999996 0.0234
2730 0.001099086825008403 0.005540703013113366 0.0234
2731 0.001950000000000001 0.005575277674973256 0.0234
2732 0.003224998491380606 0.004115955333342659 0.0234
2733 0.00480835054745081 0.0007630990532414622 0.0234
2734 0.00598255348256743 0.003266721350972114 0.0234
2735 0.00406094506026889 0.005473384486855208 0.0234
2736 0.00324099387247593 0.001127213313441087 0.0234
2737 0.006776098704140678 0.001559071165665222 0.0234
2738 0.001522076879545829 0.006799546381766264 0.0234
2739 0.0004319473284725376 0.006071372898432263 0.0234
2740 0.003160252299538886 0.004804997648188422 0.0234
2741 0.003131979563697979 0.005394558209389633 0.0234
2742 0.002710094708969707 0.005723542242668599 0.0234
2743 0.003927326721296231 0.004679723983983502 0.0234
2744 0.003999904871407971 0.003804779559979307 0.0234
2745 0.004629267222642121 0.004247386727046031 0.0234
2746 0.004889180585399983 0.003492155956381529 0.0234
2747 0.003287799294730544 0.006137796422570421 0.0234
2748 0.004065172713170015 0.002869991654285229 0.0234
2749 0.005059308170869999 0.002614791959068133 0.0234
2750 0.004415032794665039 0.002044124115546503 0.0234
2751 0.005182961400710923 0.001620349328137789 0.0234
2752 0.002405965732698493 0.006499870136825335 0.0234
2753 0.0007043634563764444 0.006732414373748354 0.0234
2754 0.005624127866730352 0.0007495222814637818 0.0234
2755 0.005531290843094649 0.004158461465724999 0.0234
2756 0.005920643089295255 0.002281080753366863 0.0234
2757 0.003219476433705897 0.001851750435051215 0.0234
2758 0.0032889015388426 0.003346073472220245 0.0234
2759 0.003922208179373891 0.0007479555528297358 0.0234
2760 0.0006500000000000008 0.005575277674973255 0.0234
2761 0.001496309047230625 0.00561753667685987 0.0234
2762 0.001799591114702051 0.006108016054977943 0.0234
2763 0.003849689897869798 0.001564456262211709 0.0234
2764 0.006415683864314833 0.0007367516916290187 0.0234
2765 0.001100482093047985 0.006063552439124473 0.0234
2766 0.00225815346779504 0.005972245953098257 0.0234
2767 0.004839017596744873 0.005059463165976491 0.0234
2768 0.005940702967043309 0.001426671922579355 0.0234
2769 0.003602351930550913 0.005092266928360411 0.0234
2770 0.004470491299963192 0.001359175681089683 0.0234
2771 0.0003030561323611744 0.005579330114681104 0.0234
2772 0.00670140197640716 0.002506774860024955 0.0234
2773 0.003758540999301552 0.00218606449341893 0.0234
2774 0.002350225930014012 0.005529840652801288 0.0234
2775 0.003165973743703298 0.000523605201825593 0.0234
2776 0.007129144629692024 0.0006811757191651727 0.0234
2777 0.0195 0.0234 0.008579999999999999
2778 0.0195 0.0234 0.00936
2779 0.0195 0.0234 0.01014
2780 0.0195 0.0234 0.01092
2781 0.0195 0.0234 0.01248
2782 0.0195 0.0234 0.01404
2783 0.0195 0.0234 0.0156
2784 0.0195 0.0234 0.01716
2785 0.0195 0.0234 0.01872
2786 0.0195 0.0234 0.02028
2787 0.0195 0.0234 0.02184
2788 0.01560000000000001 0.0234 0.008579999999999999
2789 0.01560000000000001 0.0234 0.00936
2790 0.01560000000000001 0.0234 0.01014
2791 0.01560000000000001 0.0234 0.01092
2792 0.01560000000000001 0.0234 0.01248
2793 0.01560000000000001 0.0234 0.01404
2794 0.01560000000000001 0.0234 0.0156
2795 0.01560000000000001 0.0234 0.01716
2796 0.01560000000000001 0.0234 0.01872
2797 0.01560000000000001 0.0234 0.02028
2798 0.01560000000000001 0.0234 0.02184
2799 0.01170000000000001 0.0234 0.008579999999999999
2800 0.01170000000000001 0.0234 0.00936
2801 0.01170000000000001 0.0234 0.01014
2802 0.01170000000000001 0.0234 0.01092
2803 0.01170000000000001 0.0234 0.01248
2804 0.01170000000000001 0.0234 0.01404
2805 0.01170000000000001 0.0234 0.0156
2806 0.01170000000000001 0.0234 0.01716
2807 0.01170000000000001 0.0234 0.01872
2808 0.01170000000000001 0.0234 0.02028
2809 0.01170000000000001 0.0234 0.02184
2810 0.007800000000000017 0.0234 0.008579999999999999
2811 0.007800000000000017 0.0234 0.00936
2812 0.007800000000000017 0.0234 0.01014
2813 0.007800000000000017 0.0234 0.01092
2814 0.007800000000000017 0.0234 0.01248
2815 0.007800000000000017 0.0234 0.01404
2816 0.007800000000000017 0.0234 0.0156
2817 0.007800000000000017 0.0234 0.01716
2818 0.007800000000000017 0.0234 0.01872
2819 0.007800000000000017 0.0234 0.02028
2820 0.007800000000000017 0.0234 0.02184
2821 0.003900000000000011 0.0234 0.008579999999999999
2822 0.003900000000000011 0.0234 0.00936
2823 0.003900000000000011 0.0234 0.01014
2824 0.003900000000000011 0.0234 0.01092
2825 0.003900000000000011 0.0234 0.01248
2826 0.003900000000000011 0.0234 0.01404
2827 0.003900000000000011 0.0234 0.0156
2828 0.003900000000000011 0.0234 0.01716
2829 0.003900000000000011 0.0234 0.01872
2830 0.003900000000000011 0.0234 0.02028
2831 0.003900000000000011 0.0234 0.02184
2832 0 0.02123333333333333 0.008579999999999999
2833 0 0.02123333333333333 0.00936
2834 0 0.02123333333333333 0.01014
2835 0 0.02123333333333333 0.01092
2836 0 0.02123333333333333 0.01248
2837 0 0.02123333333333333 0.01404
2838 0 0.02123333333333333 0.0156
2839 0 0.02123333333333333 0.01716
2840 0 0.02123333333333333 0.01872
2841 0 0.02123333333333333 0.02028
2842 0 0.02123333333333333 0.02184
2843 0 0.01906666666666667 0.008579999999999999
2844 0 0.01906666666666667 0.00936
2845 0 0.01906666666666667 0.01014
2846 0 0.01906666666666667 0.01092
2847 0 0.01906666666666667 0.01248
2848 0 0.01906666666666667 0.01404
2849 0 0.01906666666666667 0.0156
2850 0 0.01906666666666667 0.01716
2851 0 0.01906666666666667 0.01872
2852 0 0.01906666666666667 0.02028
2853 0 0.01906666666666667 0.02184
2854 0 0.0169 0.008579999999999999
2855 0 0.0169 0.00936
2856 0 0.0169 0.01014
2857 0 0.0169 0.01092
2858 0 0.0169 0.01248
2859 0 0.0169 0.01404
2860 0 0.0169 0.0156
2861 0 0.0169 0.01716
2862 0 0.0169 0.01872
2863 0 0.0169 0.02028
2864 0 0.0169 0.02184
2865 0 0.01473333333333333 0.008579999999999999
2866 0 0.01473333333333333 0.00936
2867 0 0.01473333333333333 0.01014
2868 0 0.01473333333333333 0.01092
2869 0 0.01473333333333333 0.01248
2870 0 0.01473333333333333 0.01404
2871 0 0.01473333333333333 0.0156
2872 0 0.01473333333333333 0.01716
2873 0 0.01473333333333333 0.01872
2874 0 0.01473333333333333 0.02028
2875 0 0.01473333333333333 0.02184
2876 0 0.01256666666666667 0.008579999999999999
2877 0 0.01256666666666667 0.00936
2878 0 0.01256666666666667 0.01014
2879 0 0.01256666666666667 0.01092
2880 0 0.01256666666666667 0.01248
2881 0 0.01256666666666667 0.01404
2882 0 0.01256666666666667 0.0156
2883 0 0.01256666666666667 0.01716
2884 0 0.01256666666666667 0.01872
2885 0 0.01256666666666667 0.02028
2886 0 0.01256666666666667 0.02184
2887 0.01004562859340631 0.002691718069066212 0.008579999999999999
2888 0.01004562859340631 0.002691718069066212 0.00936
2889 0.01004562859340631 0.002691718069066212 0.01014
2890 0.01004562859340631 0.002691718069066212 0.01092
2891 0.01004562859340631 0.002691718069066212 0.01248
2892 0.01004562859340631 0.002691718069066212 0.01404
2893 0.01004562859340631 0.002691718069066212 0.0156
2894 0.01004562859340631 0.002691718069066212 0.01716
2895 0.01004562859340631 0.002691718069066212 0.01872
2896 0.01004562859340631 0.002691718069066212 0.02028
2897 0.01004562859340631 0.002691718069066212 0.02184
2898 0.009006664199358168 0.005199999999999989 0.008579999999999999
2899 0.009006664199358168 0.005199999999999989 0.00936
2900 0.009006664199358168 0.005199999999999989 0.01014
2901 0.009006664199358168 0.005199999999999989 0.01092
2902 0.009006664199358168 0.005199999999999989 0.01248
2903 0.009006664199358168 0.005199999999999989 0.01404
2904 0.009006664199358168 0.005199999999999989 0.0156
2905 0.009006664199358168 0.005199999999999989 0.01716
2906 0.009006664199358168 0.005199999999999989 0.01872
2907 0.009006664199358168 0.005199999999999989 0.02028
2908 0.009006664199358168 0.005199999999999989 0.02184
2909 0.007353910524340109 0.007353910524340079 0.008579999999999999
2910 0.007353910524340109 0.007353910524340079 0.00936
2911 0.007353910524340109 0.007353910524340079 0.01014
2912 0.007353910524340109 0.007353910524340079 0.01092
2913 0.007353910524340109 0.007353910524340079 0.01248
2914 0.007353910524340109 0.007353910524340079 0.01404
2915 0.007353910524340109 0.007353910524340079 0.0156
2916 0.007353910524340109 0.007353910524340079 0.01716
2917 0.007353910524340109 0.007353910524340079 0.01872
2918 0.007353910524340109 0.007353910524340079 0.02028
2919 0.007353910524340109 0.007353910524340079 0.02184
2920 0.005200000000000013 0.009006664199358154 0.008579999999999999
2921 0.005200000000000013 0.009006664199358154 0.00936
2922 0.005200000000000013 0.009006664199358154 0.01014
2923 0.005200000000000013 0.009006664199358154 0.01092
2924 0.005200000000000013 0.009006664199358154 0.01248
2925 0.005200000000000013 0.009006664199358154 0.01404
2926 0.005200000000000013 0.009006664199358154 0.0156
2927 0.005200000000000013 0.009006664199358154 0.01716
2928 0.005200000000000013 0.009006664199358154 0.01872
2929 0.005200000000000013 0.009006664199358154 0.02028
2930 0.005200000000000013 0.009006664199358154 0.02184
2931 0.002691718069066224 0.01004562859340631 0.008579999999999999
2932 0.002691718069066224 0.01004562859340631 0.00936
2933 0.002691718069066224 0.01004562859340631 0.01014
2934 0.002691718069066224 0.01004562859340631 0.01092
2935 0.002691718069066224 0.01004562859340631 0.01248
2936 0.002691718069066224 0.01004562859340631 0.01404
2937 0.002691718069066224 0.01004562859340631 0.0156
2938 0.002691718069066224 0.01004562859340631 0.01716
2939 0.002691718069066224 0.01004562859340631 0.01872
2940 0.002691718069066224 0.01004562859340631 0.02028
2941 0.002691718069066224 0.01004562859340631 0.02184
2942 0.01256666666666666 0 0.008579999999999999
2943 0.01256666666666666 0 0.00936
2944 0.01256666666666666 0 0.01014
2945 0.01256666666666666 0 0.01092
2946 0.01256666666666666 0 0.01248
2947 0.01256666666666666 0 0.01404
2948 0.01256666666666666 0 0.0156
2949 0.01256666666666666 0 0.01716
2950 0.01256666666666666 0 0.01872
2951 0.01256666666666666 0 0.02028
2952 0.01256666666666666 0 0.02184
2953 0.01473333333333333 0 0.008579999999999999
2954 0.01473333333333333 0 0.00936
2955 0.01473333333333333 0 0.01014
2956 0.01473333333333333 0 0.01092
2957 0.01473333333333333 0 0.01248
2958 0.01473333333333333 0 0.01404
2959 0.01473333333333333 0 0.0156
2960 0.01473333333333333 0 0.01716
2961 0.01473333333333333 0 0.01872
2962 0.01473333333333333 0 0.02028
2963 0.01473333333333333 0 0.02184
2964 0.01689999999999999 0 0.008579999999999999
2965 0.01689999999999999 0 0.00936
2966 0.01689999999999999 0 0.01014
2967 0.01689999999999999 0 0.01092
2968 0.01689999999999999 0 0.01248
2969 0.01689999999999999 0 0.01404
2970 0.01689999999999999 0 0.0156
2971 0.01689999999999999 0 0.01716
2972 0.01689999999999999 0 0.01872
2973 0.01689999999999999 0 0.02028
2974 0.01689999999999999 0 0.02184
2975 0.01906666666666666 0 0.008579999999999999
2976 0.01906666666666666 0 0.00936
2977 0.01906666666666666 0 0.01014
2978 0.01906666666666666 0 0.01092
2979 0.01906666666666666 0 0.01248
2980 0.01906666666666666 0 0.01404
2981 0.01906666666666666 0 0.0156
2982 0.01906666666666666 0 0.01716
2983 0.01906666666666666 0 0.01872
2984 0.01906666666666666 0 0.02028
2985 0.01906666666666666 0 0.02184
2986 0.02123333333333333 0 0.008579999999999999
2987 0.02123333333333333 0 0.00936
2988 0.02123333333333333 0 0.01014
2989 0.02123333333333333 0 0.01092
2990 0.02123333333333333 0 0.01248
2991 0.02123333333333333 0 0.01404
2992 0.02123333333333333 0 0.0156
2993 0.02123333333333333 0 0.01716
2994 0.02123333333333333 0 0.01872
2995 0.02123333333333333 0 0.02028
2996 0.02123333333333333 0 0.02184
2997 0.0234 0.003899999999999997 0.008579999999999999
2998 0.0234 0.003899999999999997 0.00936
2999 0.0234 0.003899999999999997 0.01014
3000 0.0234 0.003899999999999997 0.01092
3001 0.0234 0.003899999999999997 0.01248
3002 0.0234 0.003899999999999997 0.01404
3003 0.0234 0.003899999999999997 0.0156
3004 0.0234 0.003899999999999997 0.01716
3005 0.0234 0.003899999999999997 0.01872
3006 0.0234 0.003899999999999997 0.02028
3007 0.0234 0.003899999999999997 0.02184
3008 0.0234 0.007799999999999991 0.008579999999999999
3009 0.0234 0.007799999999999991 0.00936
3010 0.0234 0.007799999999999991 0.01014
3011 0.0234 0.007799999999999991 0.01092
3012 0.0234 0.007799999999999991 0.01248
3013 0.0234 0.007799999999999991 0.01404
3014 0.0234 0.007799999999999991 0.0156
3015 0.0234 0.007799999999999991 0.01716
3016 0.0234 0.007799999999999991 0.01872
3017 0.0234 0.007799999999999991 0.02028
3018 0.0234 0.007799999999999991 0.02184
3019 0.0234 0.01169999999999998 0.008579999999999999
3020 0.0234 0.01169999999999998 0.00936
3021 0.0234 0.01169999999999998 0.01014
3022 0.0234 0.01169999999999998 0.01092
3023 0.0234 0.01169999999999998 0.01248
3024 0.0234 0.01169999999999998 0.01404
3025 0.0234 0.01169999999999998 0.0156
3026 0.0234 0.01169999999999998 0.01716
3027 0.0234 0.01169999999999998 0.01872
3028 0.0234 0.01169999999999998 0.02028
3029 0.0234 0.01169999999999998 0.02184
3030 0.0234 0.01559999999999998 0.008579999999999999
3031 0.0234 0.01559999999999998 0.00936
3032 0.0234 0.01559999999999998 0.01014
3033 0.0234 0.01559999999999998 0.01092
3034 0.0234 0.01559999999999998 0.01248
3035 0.0234 0.01559999999999998 0.01404
3036 0.0234 0.01559999999999998 0.0156
3037 0.0234 0.01559999999999998 0.01716
3038 0.0234 0.01559999999999998 0.01872
3039 0.0234 0.01559999999999998 0.02028
3040 0.0234 0.01559999999999998 0.02184
3041 0.0234 0.01949999999999999 0.008579999999999999
3042 0.0234 0.01949999999999999 0.00936
3043 0.0234 0.01949999999999999 0.01014
3044 0.0234 0.01949999999999999 0.01092
3045 0.0234 0.01949999999999999 0.01248
3046 0.0234 0.01949999999999999 0.01404
3047 0.0234 0.01949999999999999 0.0156
3048 0.0234 0.01949999999999999 0.01716
3049 0.0234 0.01949999999999999 0.01872
3050 0.0234 0.01949999999999999 0.02028
3051 0.0234 0.01949999999999999 0.02184
3052 0.001943908754770221 0.01573808326795257 0.0234
3053 0.01594768592682722 0.001434232471749451 0.0234
3054 0.0072417055104794 0.01010969214968992 0.0234
3055 0.01971747911783842 0.01405841909838295 0.0234
3056 0.009530158488064228 0.01961796171220181 0.0234
3057 0.01164369743044229 0.004862132914182221 0.0234
3058 0.0198888572942233 0.00604199935000546 0.0234
3059 0.01742045497024886 0.01994835078720254 0.0234
3060 0.01062202104057759 0.007286339069211179 0.0234
3061 0.01339639395802355 0.007018317734945669 0.0234
3062 0.0124131493175523 0.009671644223469861 0.0234
3063 0.01525628468219473 0.009306395927164734 0.0234
3064 0.01415320452184807 0.01222622062583588 0.0234
3065 0.01119727747518481 0.01251436484998366 0.0234
3066 0.01288310917770261 0.01520054198688977 0.0234
3067 0.00552434325872959 0.01177087663025088 0.0234
3068 0.00218414027113102 0.02044130965598676 0.0234
3069 0.0096086433354312 0.01570768158313721 0.0234
3070 0.02042221770869856 0.002211568749703224 0.0234
3071 0.002972843154056267 0.01306396702843609 0.0234
3072 0.005276384441133407 0.01438991748919611 0.0234
3073 0.02025902033152263 0.01001117812407835 0.0234
3074 0.01605951864268692 0.01466102089155419 0.0234
3075 0.01637000808774499 0.006144227102873038 0.0234
3076 0.01809744613677956 0.003932415983288253 0.0234
3077 0.0134247311863531 0.0202542713572419 0.0234
3078 0.005650577731129394 0.02032684480782044 0.0234
3079 0.003795719050561768 0.01798333333333333 0.0234
3080 0.006508660579604298 0.01702915224796929 0.0234
3081 0.01248207843249929 0.002488873915852645 0.0234
3082 0.01400232347936326 0.004323575196540917 0.0234
3083 0.02032364124520495 0.01781309910719078 0.0234
3084 0.008023406654162043 0.01271767323175361 0.0234
3085 0.01720628654846633 0.01148309242007422 0.0234
3086 0.001662390790180475 0.01800504009427953 0.0234
3087 0.01798333333333333 0.001743262847355336 0.0234
3088 0.01189333651192252 0.01766804251986837 0.0234
3089 0.01485667700359584 0.01749317507497244 0.0234
3090 0.009731826211814596 0.009770287393054425 0.0234
3091 0.001453738305738717 0.01171900635597031 0.0234
3092 0.02054500185048138 0.02054500185048138 0.0234
3093 0.0177960913888304 0.008597378584839159 0.0234
3094 0.007335720571594056 0.01495078890080895 0.0234
3095 0.001274098042913041 0.0135642113304718 0.0234
3096 0.01429718795091331 0.002006849552683369 0.0234
3097 0.003950676617594035 0.01586163699364423 0.0234
3098 0.01751530539544059 0.01711436718154235 0.0234
3099 0.01148333333333333 0.001232663044120105 0.0234
3100 0.01607483394564218 0.003601149743299947 0.0234
3101 0.002166666666666666 0.0007428571428571419 0.00065
3102 0.002166666666666666 0.0007428571428571419 0.0013
3103 0.002166666666666666 0.0007428571428571419 0.00195
3104 0.002166666666666666 0.0007428571428571419 0.0026
3105 0.002166666666666666 0.0007428571428571419 0.00325
3106 0.002166666666666666 0.0007428571428571419 0.0039
3107 0.002166666666666666 0.0007428571428571419 0.00455
3108 0.002166666666666666 0.0007428571428571419 0.0052
3109 0.002166666666666666 0.0007428571428571419 0.005849999999999999
3110 0.002166666666666666 0.0007428571428571419 0.0065
3111 0.002166666666666666 0.0007428571428571419 0.007149999999999999
3112 0.002166666666666666 0.001485714285714285 0.00065
3113 0.002166666666666666 0.001485714285714285 0.0013
3114 0.002166666666666666 0.001485714285714285 0.00195
3115 0.002166666666666666 0.001485714285714285 0.0026
3116 0.002166666666666666 0.001485714285714285 0.00325
3117 0.002166666666666666 0.001485714285714285 0.0039
3118 0.002166666666666666 0.001485714285714285 0.00455
3119 0.002166666666666666 0.001485714285714285 0.0052
3120 0.002166666666666666 0.001485714285714285 0.005849999999999999
3121 0.002166666666666666 0.001485714285714285 0.0065
3122 0.002166666666666666 0.001485714285714285 0.007149999999999999
3123 0.002166666666666666 0.002228571428571427 0.00065
3124 0.002166666666666666 0.002228571428571427 0.0013
3125 0.002166666666666666 0.002228571428571427 0.00195
3126 0.002166666666666666 0.002228571428571427 0.0026
3127 0.002166666666666666 0.002228571428571427 0.00325
3128 0.002166666666666666 0.002228571428571427 0.0039
3129 0.002166666666666666 0.002228571428571427 0.00455
3130 0.002166666666666666 0.002228571428571427 0.0052
3131 0.002166666666666666 0.002228571428571427 0.005849999999999999
3132 0.002166666666666666 0.002228571428571427 0.0065
3133 0.002166666666666666 0.002228571428571427 0.007149999999999999
3134 0.002166666666666666 0.002971428571428569 0.00065
3135 0.002166666666666666 0.002971428571428569 0.0013
3136 0.002166666666666666 0.002971428571428569 0.00195
3137 0.002166666666666666 0.002971428571428569 0.0026
3138 0.002166666666666666 0.002971428571428569 0.00325
3139 0.002166666666666666 0.002971428571428569 0.0039
3140 0.002166666666666666 0.002971428571428569 0.00455
3141 0.002166666666666666 0.002971428571428569 0.0052
3142 0.002166666666666666 0.002971428571428569 0.005849999999999999
3143 0.002166666666666666 0.002971428571428569 0.0065
3144 0.002166666666666666 0.002971428571428569 0.007149999999999999
3145 0.002166666666666667 0.003714285714285713 0.00065
3146 0.002166666666666667 0.003714285714285713 0.0013
3147 0.002166666666666667 0.003714285714285713 0.00195
3148 0.002166666666666667 0.003714285714285713 0.0026
3149 0.002166666666666667 0.003714285714285713 0.00325
3150 0.002166666666666667 0.003714285714285713 0.0039
3151 0.002166666666666667 0.003714285714285713 0.00455
3152 0.002166666666666667 0.003714285714285713 0.0052
3153 0.002166666666666667 0.003714285714285713 0.005849999999999999
3154 0.002166666666666667 0.003714285714285713 0.0065
3155 0.002166666666666667 0.003714285714285713 0.007149999999999999
3156 0.002166666666666667 0.004457142857142856 0.00065
3157 0.002166666666666667 0.004457142857142856 0.0013
3158 0.002166666666666667 0.004457142857142856 0.00195
3159 0.002166666666666667 0.004457142857142856 0.0026
3160 0.002166666666666667 0.004457142857142856 0.00325
3161 0.002166666666666667 0.004457142857142856 0.0039
3162 0.002166666666666667 0.004457142857142856 0.00455
3163 0.002166666666666667 0.004457142857142856 0.0052
3164 0.002166666666666667 0.004457142857142856 0.005849999999999999
3165 0.002166666666666667 0.004457142857142856 0.0065
3166 0.002166666666666667 0.004457142857142856 0.007149999999999999
3167 0.001733333333333332 0.0007428571428571421 0.00065
3168 0.001733333333333332 0.0007428571428571421 0.0013
3169 0.001733333333333332 0.0007428571428571421 0.00195
3170 0.001733333333333332 0.0007428571428571421 0.0026
3171 0.001733333333333332 0.0007428571428571421 0.00325
3172 0.001733333333333332 0.0007428571428571421 0.0039
3173 0.001733333333333332 0.0007428571428571421 0.00455
3174 0.001733333333333332 0.0007428571428571421 0.0052
3175 0.001733333333333332 0.0007428571428571421 0.005849999999999999
3176 0.001733333333333332 0.0007428571428571421 0.0065
3177 0.001733333333333332 0.0007428571428571421 0.007149999999999999
3178 0.001733333333333332 0.001485714285714286 0.00065
3179 0.001733333333333332 0.001485714285714286 0.0013
3180 0.001733333333333332 0.001485714285714286 0.00195
3181 0.001733333333333332 0.001485714285714286 0.0026
3182 0.001733333333333332 0.001485714285714286 0.00325
3183 0.001733333333333332 0.001485714285714286 0.0039
3184 0.001733333333333332 0.001485714285714286 0.00455
3185 0.001733333333333332 0.001485714285714286 0.0052
3186 0.001733333333333332 0.001485714285714286 0.005849999999999999
3187 0.001733333333333332 0.001485714285714286 0.0065
3188 0.001733333333333332 0.001485714285714286 0.007149999999999999
3189 0.001733333333333333 0.002228571428571428 0.00065
3190 0.001733333333333333 0.002228571428571428 0.0013
3191 0.001733333333333333 0.002228571428571428 0.00195
3192 0.001733333333333333 0.002228571428571428 0.0026
3193 0.001733333333333333 0.002228571428571428 0.00325
3194 0.001733333333333333 0.002228571428571428 0.0039
3195 0.001733333333333333 0.002228571428571428 0.00455
3196 0.001733333333333333 0.002228571428571428 0.0052
3197 0.001733333333333333 0.002228571428571428 0.005849999999999999
3198 0.001733333333333333 0.002228571428571428 0.0065
3199 0.001733333333333333 0.002228571428571428 0.007149999999999999
3200 0.001733333333333333 0.00297142857142857 0.00065
3201 0.001733333333333333 0.00297142857142857 0.0013
3202 0.001733333333333333 0.00297142857142857 0.00195
3203 0.001733333333333333 0.00297142857142857 0.0026
3204 0.001733333333333333 0.00297142857142857 0.00325
3205 0.001733333333333333 0.00297142857142857 0.0039
3206 0.001733333333333333 0.00297142857142857 0.00455
3207 0.001733333333333333 0.00297142857142857 0.0052
3208 0.001733333333333333 0.00297142857142857 0.005849999999999999
3209 0.001733333333333333 0.00297142857142857 0.0065
3210 0.001733333333333333 0.00297142857142857 0.007149999999999999
3211 0.001733333333333333 0.003714285714285713 0.00065
3212 0.001733333333333333 0.003714285714285713 0.0013
3213 0.001733333333333333 0.003714285714285713 0.00195
3214 0.001733333333333333 0.003714285714285713 0.0026
3215 0.001733333333333333 0.003714285714285713 0.00325
3216 0.001733333333333333 0.003714285714285713 0.0039
3217 0.001733333333333333 0.003714285714285713 0.00455
3218 0.001733333333333333 0.003714285714285713 0.0052
3219 0.001733333333333333 0.003714285714285713 0.005849999999999999
3220 0.001733333333333333 0.003714285714285713 0.0065
3221 0.001733333333333333 0.003714285714285713 0.007149999999999999
3222 0.001733333333333334 0.004457142857142856 0.00065
3223 0.001733333333333334 0.004457142857142856 0.0013
3224 0.001733333333333334 0.004457142857142856 0.00195
3225 0.001733333333333334 0.004457142857142856 0.0026
3226 0.001733333333333334 0.004457142857142856 0.00325
3227 0.001733333333333334 0.004457142857142856 0.0039
3228 0.001733333333333334 0.004457142857142856 0.00455
3229 0.001733333333333334 0.004457142857142856 0.0052
3230 0.001733333333333334 0.004457142857142856 0.005849999999999999
3231 0.001733333333333334 0.004457142857142856 0.0065
3232 0.001733333333333334 0.004457142857142856 0.007149999999999999
3233 0.001299999999999999 0.000742857142857143 0.00065
3234 0.001299999999999999 0.000742857142857143 0.0013
3235 0.001299999999999999 0.000742857142857143 0.00195
3236 0.001299999999999999 0.000742857142857143 0.0026
3237 0.001299999999999999 0.000742857142857143 0.00325
3238 0.001299999999999999 0.000742857142857143 0.0039
3239 0.001299999999999999 0.000742857142857143 0.00455
3240 0.001299999999999999 0.000742857142857143 0.0052
3241 0.001299999999999999 0.000742857142857143 0.005849999999999999
3242 0.001299999999999999 0.000742857142857143 0.0065
3243 0.001299999999999999 0.000742857142857143 0.007149999999999999
3244 0.001299999999999999 0.001485714285714287 0.00065
3245 0.001299999999999999 0.001485714285714287 0.0013
3246 0.001299999999999999 0.001485714285714287 0.00195
3247 0.001299999999999999 0.001485714285714287 0.0026
3248 0.001299999999999999 0.001485714285714287 0.00325
3249 0.001299999999999999 0.001485714285714287 0.0039
3250 0.001299999999999999 0.001485714285714287 0.00455
3251 0.001299999999999999 0.001485714285714287 0.0052
3252 0.001299999999999999 0.001485714285714287 0.005849999999999999
3253 0.001299999999999999 0.001485714285714287 0.0065
3254 0.001299999999999999 0.001485714285714287 0.007149999999999999
3255 0.0013 0.002228571428571429 0.00065
3256 0.0013 0.002228571428571429 0.0013
3257 0.0013 0.002228571428571429 0.00195
3258 0.0013 0.002228571428571429 0.0026
3259 0.0013 0.002228571428571429 0.00325
3260 0.0013 0.002228571428571429 0.0039
3261 0.0013 0.002228571428571429 0.00455
3262 0.0013 0.002228571428571429 0.0052
3263 0.0013 0.002228571428571429 0.005849999999999999
3264 0.0013 0.002228571428571429 0.0065
3265 0.0013 0.002228571428571429 0.007149999999999999
3266 0.0013 0.002971428571428571 0.00065
3267 0.0013 0.002971428571428571 0.0013
3268 0.0013 0.002971428571428571 0.00195
3269 0.0013 0.002971428571428571 0.0026
3270 0.0013 0.002971428571428571 0.00325
3271 0.0013 0.002971428571428571 0.0039
3272 0.0013 0.002971428571428571 0.00455
3273 0.0013 0.002971428571428571 0.0052
3274 0.0013 0.002971428571428571 0.005849999999999999
3275 0.0013 0.002971428571428571 0.0065
3276 0.0013 0.002971428571428571 0.007149999999999999
3277 0.001300000000000001 0.003714285714285713 0.00065
3278 0.001300000000000001 0.003714285714285713 0.0013
3279 0.001300000000000001 0.003714285714285713 0.00195
3280 0.001300000000000001 0.003714285714285713 0.0026
3281 0.001300000000000001 0.003714285714285713 0.00325
3282 0.001300000000000001 0.003714285714285713 0.0039
3283 0.001300000000000001 0.003714285714285713 0.00455
3284 0.001300000000000001 0.003714285714285713 0.0052
3285 0.001300000000000001 0.003714285714285713 0.005849999999999999
3286 0.001300000000000001 0.003714285714285713 0.0065
3287 0.001300000000000001 0.003714285714285713 0.007149999999999999
3288 0.001300000000000001 0.004457142857142857 0.00065
3289 0.001300000000000001 0.004457142857142857 0.0013
3290 0.001300000000000001 0.004457142857142857 0.00195
3291 0.001300000000000001 0.004457142857142857 0.0026
3292 0.001300000000000001 0.004457142857142857 0.00325
3293 0.001300000000000001 0.004457142857142857 0.0039
3294 0.001300000000000001 0.004457142857142857 0.00455
3295 0.001300000000000001 0.004457142857142857 0.0052
3296 0.001300000000000001 0.004457142857142857 0.005849999999999999
3297 0.001300000000000001 0.004457142857142857 0.0065
3298 0.001300000000000001 0.004457142857142857 0.007149999999999999
3299 0.0008666666666666664 0.0007428571428571436 0.00065
3300 0.0008666666666666664 0.0007428571428571436 0.0013
3301 0.0008666666666666664 0.0007428571428571436 0.00195
3302 0.0008666666666666664 0.0007428571428571436 0.0026
3303 0.0008666666666666664 0.0007428571428571436 0.00325
3304 0.0008666666666666664 0.0007428571428571436 0.0039
3305 0.0008666666666666664 0.0007428571428571436 0.00455
3306 0.0008666666666666664 0.0007428571428571436 0.0052
3307 0.0008666666666666664 0.0007428571428571436 0.005849999999999999
3308 0.0008666666666666664 0.0007428571428571436 0.0065
3309 0.0008666666666666664 0.0007428571428571436 0.007149999999999999
3310 0.0008666666666666666 0.001485714285714286 0.00065
3311 0.0008666666666666666 0.001485714285714286 0.0013
3312 0.0008666666666666666 0.001485714285714286 0.00195
3313 0.0008666666666666666 0.001485714285714286 0.0026
3314 0.0008666666666666666 0.001485714285714286 0.00325
3315 0.0008666666666666666 0.001485714285714286 0.0039
3316 0.0008666666666666666 0.001485714285714286 0.00455
3317 0.0008666666666666666 0.001485714285714286 0.0052
3318 0.0008666666666666666 0.001485714285714286 0.005849999999999999
3319 0.0008666666666666666 0.001485714285714286 0.0065
3320 0.0008666666666666666 0.001485714285714286 0.007149999999999999
3321 0.0008666666666666668 0.00222857142857143 0.00065
3322 0.0008666666666666668 0.00222857142857143 0.0013
3323 0.0008666666666666668 0.00222857142857143 0.00195
3324 0.0008666666666666668 0.00222857142857143 0.0026
3325 0.0008666666666666668 0.00222857142857143 0.00325
3326 0.0008666666666666668 0.00222857142857143 0.0039
3327 0.0008666666666666668 0.00222857142857143 0.00455
3328 0.0008666666666666668 0.00222857142857143 0.0052
3329 0.0008666666666666668 0.00222857142857143 0.005849999999999999
3330 0.0008666666666666668 0.00222857142857143 0.0065
3331 0.0008666666666666668 0.00222857142857143 0.007149999999999999
3332 0.0008666666666666673 0.002971428571428572 0.00065
3333 0.0008666666666666673 0.002971428571428572 0.0013
3334 0.0008666666666666673 0.002971428571428572 0.00195
3335 0.0008666666666666673 0.002971428571428572 0.0026
3336 0.0008666666666666673 0.002971428571428572 0.00325
3337 0.0008666666666666673 0.002971428571428572 0.0039
3338 0.0008666666666666673 0.002971428571428572 0.00455
3339 0.0008666666666666673 0.002971428571428572 0.0052
3340 0.0008666666666666673 0.002971428571428572 0.005849999999999999
3341 0.0008666666666666673 0.002971428571428572 0.0065
3342 0.0008666666666666673 0.002971428571428572 0.007149999999999999
3343 0.0008666666666666675 0.003714285714285714 0.00065
3344 0.0008666666666666675 0.003714285714285714 0.0013
3345 0.0008666666666666675 0.003714285714285714 0.00195
3346 0.0008666666666666675 0.003714285714285714 0.0026
3347 0.0008666666666666675 0.003714285714285714 0.00325
3348 0.0008666666666666675 0.003714285714285714 0.0039
3349 0.0008666666666666675 0.003714285714285714 0.00455
3350 0.0008666666666666675 0.003714285714285714 0.0052
3351 0.0008666666666666675 0.003714285714285714 0.005849999999999999
3352 0.0008666666666666675 0.003714285714285714 0.0065
3353 0.0008666666666666675 0.003714285714285714 0.007149999999999999
3354 0.0008666666666666678 0.004457142857142857 0.00065
3355 0.0008666666666666678 0.004457142857142857 0.0013
3356 0.0008666666666666678 0.004457142857142857 0.00195
3357 0.0008666666666666678 0.004457142857142857 0.0026
3358 0.0008666666666666678 0.004457142857142857 0.00325
3359 0.0008666666666666678 0.004457142857142857 0.0039
3360 0.0008666666666666678 0.004457142857142857 0.00455
3361 0.0008666666666666678 0.004457142857142857 0.0052
3362 0.0008666666666666678 0.004457142857142857 0.005849999999999999
3363 0.0008666666666666678 0.004457142857142857 0.0065
3364 0.0008666666666666678 0.004457142857142857 0.007149999999999999
3365 0.0004333333333333334 0.0007428571428571438 0.00065
3366 0.0004333333333333334 0.0007428571428571438 0.0013
3367 0.0004333333333333334 0.0007428571428571438 0.00195
3368 0.0004333333333333334 0.0007428571428571438 0.0026
3369 0.0004333333333333334 0.0007428571428571438 0.00325
3370 0.0004333333333333334 0.0007428571428571438 0.0039
3371 0.0004333333333333334 0.0007428571428571438 0.00455
3372 0.0004333333333333334 0.0007428571428571438 0.0052
3373 0.0004333333333333334 0.0007428571428571438 0.005849999999999999
3374 0.0004333333333333334 0.0007428571428571438 0.0065
3375 0.0004333333333333334 0.0007428571428571438 0.007149999999999999
3376 0.0004333333333333334 0.001485714285714287 0.00065
3377 0.0004333333333333334 0.001485714285714287 0.0013
3378 0.0004333333333333334 0.001485714285714287 0.00195
3379 0.0004333333333333334 0.001485714285714287 0.0026
3380 0.0004333333333333334 0.001485714285714287 0.00325
3381 0.0004333333333333334 0.001485714285714287 0.0039
3382 0.0004333333333333334 0.001485714285714287 0.00455
3383 0.0004333333333333334 0.001485714285714287 0.0052
3384 0.0004333333333333334 0.001485714285714287 0.005849999999999999
3385 0.0004333333333333334 0.001485714285714287 0.0065
3386 0.0004333333333333334 0.001485714285714287 0.007149999999999999
3387 0.0004333333333333335 0.002228571428571431 0.00065
3388 0.0004333333333333335 0.002228571428571431 0.0013
3389 0.0004333333333333335 0.002228571428571431 0.00195
3390 0.0004333333333333335 0.002228571428571431 0.0026
3391 0.0004333333333333335 0.002228571428571431 0.00325
3392 0.0004333333333333335 0.002228571428571431 0.0039
3393 0.0004333333333333335 0.002228571428571431 0.00455
3394 0.0004333333333333335 0.002228571428571431 0.0052
3395 0.0004333333333333335 0.002228571428571431 0.005849999999999999
3396 0.0004333333333333335 0.002228571428571431 0.0065
3397 0.0004333333333333335 0.002228571428571431 0.007149999999999999
3398 0.0004333333333333337 0.002971428571428573 0.00065
3399 0.0004333333333333337 0.002971428571428573 0.0013
3400 0.0004333333333333337 0.002971428571428573 0.00195
3401 0.0004333333333333337 0.002971428571428573 0.0026
3402 0.0004333333333333337 0.002971428571428573 0.00325
3403 0.0004333333333333337 0.002971428571428573 0.0039
3404 0.0004333333333333337 0.002971428571428573 0.00455
3405 0.0004333333333333337 0.002971428571428573 0.0052
3406 0.0004333333333333337 0.002971428571428573 0.005849999999999999
3407 0.0004333333333333337 0.002971428571428573 0.0065
3408 0.0004333333333333337 0.002971428571428573 0.007149999999999999
3409 0.0004333333333333337 0.003714285714285714 0.00065
3410 0.0004333333333333337 0.003714285714285714 0.0013
3411 0.0004333333333333337 0.003714285714285714 0.00195
3412 0.0004333333333333337 0.003714285714285714 0.0026
3413 0.0004333333333333337 0.003714285714285714 0.00325
3414 0.0004333333333333337 0.003714285714285714 0.0039
3415 0.0004333333333333337 0.003714285714285714 0.00455
3416 0.0004333333333333337 0.003714285714285714 0.0052
3417 0.0004333333333333337 0.003714285714285714 0.005849999999999999
3418 0.0004333333333333337 0.003714285714285714 0.0065
3419 0.0004333333333333337 0.003714285714285714 0.007149999999999999
3420 0.0004333333333333339 0.004457142857142857 0.00065
3421 0.0004333333333333339 0.004457142857142857 0.0013
3422 0.0004333333333333339 0.004457142857142857 0.00195
3423 0.0004333333333333339 0.004457142857142857 0.0026
3424 0.0004333333333333339 0.004457142857142857 0.00325
3425 0.0004333333333333339 0.004457142857142857 0.0039
3426 0.0004333333333333339 0.004457142857142857 0.00455
3427 0.0004333333333333339 0.004457142857142857 0.0052
3428 0.0004333333333333339 0.004457142857142857 0.005849999999999999
3429 0.0004333333333333339 0.004457142857142857 0.0065
3430 0.0004333333333333339 0.004457142857142857 0.007149999999999999
3431 0.007160398678336732 0.005411296925369648 0.00065
3432 0.007160398678336732 0.005411296925369648 0.0013
3433 0.007160398678336732 0.005411296925369648 0.00195
3434 0.007160398678336732 0.005411296925369648 0.0026
3435 0.007160398678336732 0.005411296925369648 0.00325
3436 0.007160398678336732 0.005411296925369648 0.0039
3437 0.007160398678336732 0.005411296925369648 0.00455
3438 0.007160398678336732 0.005411296925369648 0.0052
3439 0.007160398678336732 0.005411296925369648 0.005849999999999999
3440 0.007160398678336732 0.005411296925369648 0.0065
3441 0.007160398678336732 0.005411296925369648 0.007149999999999999
3442 0.005396783680358532 0.007133819654552264 0.00065
3443 0.005396783680358532 0.007133819654552264 0.0013
3444 0.005396783680358532 0.007133819654552264 0.00195
3445 0.005396783680358532 0.007133819654552264 0.0026
3446 0.005396783680358532 0.007133819654552264 0.00325
3447 0.005396783680358532 0.007133819654552264 0.0039
3448 0.005396783680358532 0.007133819654552264 0.00455
3449 0.005396783680358532 0.007133819654552264 0.0052
3450 0.005396783680358532 0.007133819654552264 0.005849999999999999
3451 0.005396783680358532 0.007133819654552264 0.0065
3452 0.005396783680358532 0.007133819654552264 0.007149999999999999
3453 0.007637365149417139 0.004237543266199584 0.00065
3454 0.007637365149417139 0.004237543266199584 0.0013
3455 0.007637365149417139 0.004237543266199584 0.00195
3456 0.007637365149417139 0.004237543266199584 0.0026
3457 0.007637365149417139 0.004237543266199584 0.00325
3458 0.007637365149417139 0.004237543266199584 0.0039
3459 0.007637365149417139 0.004237543266199584 0.00455
3460 0.007637365149417139 0.004237543266199584 0.0052
3461 0.007637365149417139 0.004237543266199584 0.005849999999999999
3462 0.007637365149417139 0.004237543266199584 0.0065
3463 0.007637365149417139 0.004237543266199584 0.007149999999999999
3464 0.004221941099239042 0.007598000619345003 0.00065
3465 0.004221941099239042 0.007598000619345003 0.0013
3466 0.004221941099239042 0.007598000619345003 0.00195
3467 0.004221941099239042 0.007598000619345003 0.0026
3468 0.004221941099239042 0.007598000619345003 0.00325
3469 0.004221941099239042 0.007598000619345003 0.0039
3470 0.004221941099239042 0.007598000619345003 0.00455
3471 0.004221941099239042 0.007598000619345003 0.0052
3472 0.004221941099239042 0.007598000619345003 0.005849999999999999
3473 0.004221941099239042 0.007598000619345003 0.0065
3474 0.004221941099239042 0.007598000619345003 0.007149999999999999
3475 0.003235010633508007 0.008295593470239646 0.00065
3476 0.003235010633508007 0.008295593470239646 0.0013
3477 0.003235010633508007 0.008295593470239646 0.00195
3478 0.003235010633508007 0.008295593470239646 0.0026
3479 0.003235010633508007 0.008295593470239646 0.00325
3480 0.003235010633508007 0.008295593470239646 0.0039
3481 0.003235010633508007 0.008295593470239646 0.00455
3482 0.003235010633508007 0.008295593470239646 0.0052
3483 0.003235010633508007 0.008295593470239646 0.005849999999999999
3484 0.003235010633508007 0.008295593470239646 0.0065
3485 0.003235010633508007 0.008295593470239646 0.007149999999999999
3486 0.006182770657554363 0.006180357501799685 0.00065
3487 0.006182770657554363 0.006180357501799685 0.0013
3488 0.006182770657554363 0.006180357501799685 0.00195
3489 0.006182770657554363 0.006180357501799685 0.0026
3490 0.006182770657554363 0.006180357501799685 0.00325
3491 0.006182770657554363 0.006180357501799685 0.0039
3492 0.006182770657554363 0.006180357501799685 0.00455
3493 0.006182770657554363 0.006180357501799685 0.0052
3494 0.006182770657554363 0.006180357501799685 0.005849999999999999
3495 0.006182770657554363 0.006180357501799685 0.0065
3496 0.006182770657554363 0.006180357501799685 0.007149999999999999
3497 0.001539049730744835 0.008624312417418383 0.00065
3498 0.001539049730744835 0.008624312417418383 0.0013
3499 0.001539049730744835 0.008624312417418383 0.00195
3500 0.001539049730744835 0.008624312417418383 0.0026
3501 0.001539049730744835 0.008624312417418383 0.00325
3502 0.001539049730744835 0.008624312417418383 0.0039
3503 0.001539049730744835 0.008624312417418383 0.00455
3504 0.001539049730744835 0.008624312417418383 0.0052
3505 0.001539049730744835 0.008624312417418383 0.005849999999999999
3506 0.001539049730744835 0.008624312417418383 0.0065
3507 0.001539049730744835 0.008624312417418383 0.007149999999999999
3508 0.008362855749542335 0.003119183928059913 0.00065
3509 0.008362855749542335 0.003119183928059913 0.0013
3510 0.008362855749542335 0.003119183928059913 0.00195
3511 0.008362855749542335 0.003119183928059913 0.0026
3512 0.008362855749542335 0.003119183928059913 0.00325
3513 0.008362855749542335 0.003119183928059913 0.0039
3514 0.008362855749542335 0.003119183928059913 0.00455
3515 0.008362855749542335 0.003119183928059913 0.0052
3516 0.008362855749542335 0.003119183928059913 0.005849999999999999
3517 0.008362855749542335 0.003119183928059913 0.0065
3518 0.008362855749542335 0.003119183928059913 0.007149999999999999
3519 0.008635522797302167 0.001519745279836816 0.00065
3520 0.008635522797302167 0.001519745279836816 0.0013
3521 0.008635522797302167 0.001519745279836816 0.00195
3522 0.008635522797302167 0.001519745279836816 0.0026
3523 0.008635522797302167 0.001519745279836816 0.00325
3524 0.008635522797302167 0.001519745279836816 0.0039
3525 0.008635522797302167 0.001519745279836816 0.00455
3526 0.008635522797302167 0.001519745279836816 0.0052
3527 0.008635522797302167 0.001519745279836816 0.005849999999999999
3528 0.008635522797302167 0.001519745279836816 0.0065
3529 0.008635522797302167 0.001519745279836816 0.007149999999999999
3530 0.00324333315709701 0.002599999999999996 0.00065
3531 0.00324333315709701 0.002599999999999996 0.0013
3532 0.00324333315709701 0.002599999999999996 0.00195
3533 0.00324333315709701 0.002599999999999996 0.0026
3534 0.00324333315709701 0.002599999999999996 0.00325
3535 0.00324333315709701 0.002599999999999996 0.0039
3536 0.00324333315709701 0.002599999999999996 0.00455
3537 0.00324333315709701 0.002599999999999996 0.0052
3538 0.00324333315709701 0.002599999999999996 0.005849999999999999
3539 0.00324333315709701 0.002599999999999996 0.0065
3540 0.00324333315709701 0.002599999999999996 0.007149999999999999
3541 0.001099086825008403 0.005540703013113366 0.00065
3542 0.001099086825008403 0.005540703013113366 0.0013
3543 0.001099086825008403 0.005540703013113366 0.00195
3544 0.001099086825008403 0.005540703013113366 0.0026
3545 0.001099086825008403 0.005540703013113366 0.00325
3546 0.001099086825008403 0.005540703013113366 0.0039
3547 0.001099086825008403 0.005540703013113366 0.00455
3548 0.001099086825008403 0.005540703013113366 0.0052
3549 0.001099086825008403 0.005540703013113366 0.005849999999999999
3550 0.001099086825008403 0.005540703013113366 0.0065
3551 0.001099086825008403 0.005540703013113366 0.007149999999999999
3552 0.001950000000000001 0.005575277674973256 0.00065
3553 0.001950000000000001 0.005575277674973256 0.0013
3554 0.001950000000000001 0.005575277674973256 0.00195
3555 0.001950000000000001 0.005575277674973256 0.0026
3556 0.001950000000000001 0.005575277674973256 0.00325
3557 0.001950000000000001 0.005575277674973256 0.0039
3558 0.001950000000000001 0.005575277674973256 0.00455
3559 0.001950000000000001 0.005575277674973256 0.0052
3560 0.001950000000000001 0.005575277674973256 0.005849999999999999
3561 0.001950000000000001 0.005575277674973256 0.0065
3562 0.001950000000000001 0.005575277674973256 0.007149999999999999
3563 0.003224998491380606 0.004115955333342659 0.00065
3564 0.003224998491380606 0.004115955333342659 0.0013
3565 0.003224998491380606 0.004115955333342659 0.00195
3566 0.003224998491380606 0.004115955333342659 0.0026
3567 0.003224998491380606 0.004115955333342659 0.00325
3568 0.003224998491380606 0.004115955333342659 0.0039
3569 0.003224998491380606 0.004115955333342659 0.00455
3570 0.003224998491380606 0.004115955333342659 0.0052
3571 0.003224998491380606 0.004115955333342659 0.005849999999999999
3572 0.003224998491380606 0.004115955333342659 0.0065
3573 0.003224998491380606 0.004115955333342659 0.007149999999999999
3574 0.00480835054745081 0.0007630990532414622 0.00065
3575 0.00480835054745081 0.0007630990532414622 0.0013
3576 0.00480835054745081 0.0007630990532414622 0.00195
3577 0.00480835054745081 0.0007630990532414622 0.0026
3578 0.00480835054745081 0.0007630990532414622 0.00325
3579 0.00480835054745081 0.0007630990532414622 0.0039
3580 0.00480835054745081 0.0007630990532414622 0.00455
3581 0.00480835054745081 0.0007630990532414622 0.0052
3582 0.00480835054745081 0.0007630990532414622 0.005849999999999999
3583 0.00480835054745081 0.0007630990532414622 0.0065
3584 0.00480835054745081 0.0007630990532414622 0.007149999999999999
3585 0.00598255348256743 0.003266721350972114 0.00065
3586 0.00598255348256743 0.003266721350972114 0.0013
3587 0.00598255348256743 0.003266721350972114 0.00195
3588 0.00598255348256743 0.003266721350972114 0.0026
3589 0.00598255348256743 0.003266721350972114 0.00325
3590 0.00598255348256743 0.003266721350972114 0.0039
3591 0.00598255348256743 0.003266721350972114 0.00455
3592 0.00598255348256743 0.003266721350972114 0.0052
3593 0.00598255348256743 0.003266721350972114 0.005849999999999999
3594 0.00598255348256743 0.003266721350972114 0.0065
3595 0.00598255348256743 0.003266721350972114 0.007149999999999999
3596 0.00406094506026889 0.005473384486855208 0.00065
3597 0.00406094506026889 0.005473384486855208 0.0013
3598 0.00406094506026889 0.005473384486855208 0.00195
3599 0.00406094506026889 0.005473384486855208 0.0026
3600 0.00406094506026889 0.005473384486855208 0.00325
3601 0.00406094506026889 0.005473384486855208 0.0039
3602 0.00406094506026889 0.005473384486855208 0.00455
3603 0.00406094506026889 0.005473384486855208 0.0052
3604 0.00406094506026889 0.005473384486855208 0.005849999999999999
3605 0.00406094506026889 0.005473384486855208 0.0065
3606 0.00406094506026889 0.005473384486855208 0.007149999999999999
3607 0.00324099387247593 0.001127213313441087 0.00065
3608 0.00324099387247593 0.001127213313441087 0.0013
3609 0.00324099387247593 0.001127213313441087 0.00195
3610 0.00324099387247593 0.001127213313441087 0.0026
3611 0.00324099387247593 0.001127213313441087 0.00325
3612 0.00324099387247593 0.001127213313441087 0.0039
3613 0.00324099387247593 0.001127213313441087 0.00455
3614 0.00324099387247593 0.001127213313441087 0.0052
3615 0.00324099387247593 0.001127213313441087 0.005849999999999999
3616 0.00324099387247593 0.001127213313441087 0.0065
3617 0.00324099387247593 0.001127213313441087 0.007149999999999999
3618 0.006776098704140678 0.001559071165665222 0.00065
3619 0.006776098704140678 0.001559071165665222 0.0013
3620 0.006776098704140678 0.001559071165665222 0.00195
3621 0.006776098704140678 0.001559071165665222 0.0026
3622 0.006776098704140678 0.001559071165665222 0.00325
3623 0.006776098704140678 0.001559071165665222 0.0039
3624 0.006776098704140678 0.001559071165665222 0.00455
3625 0.006776098704140678 0.001559071165665222 0.0052
3626 0.006776098704140678 0.001559071165665222 0.005849999999999999
3627 0.006776098704140678 0.001559071165665222 0.0065
3628 0.006776098704140678 0.001559071165665222 0.007149999999999999
3629 0.001522076879545829 0.006799546381766264 0.00065
3630 0.001522076879545829 0.006799546381766264 0.0013
3631 0.001522076879545829 0.006799546381766264 0.00195
3632 0.001522076879545829 0.006799546381766264 0.0026
3633 0.001522076879545829 0.006799546381766264 0.00325
3634 0.001522076879545829 0.006799546381766264 0.0039
3635 0.001522076879545829 0.006799546381766264 0.00455
3636 0.001522076879545829 0.006799546381766264 0.0052
3637 0.001522076879545829 0.006799546381766264 0.005849999999999999
3638 0.001522076879545829 0.006799546381766264 0.0065
3639 0.001522076879545829 0.006799546381766264 0.007149999999999999
3640 0.0004319473284725376 0.006071372898432263 0.00065
3641 0.0004319473284725376 0.006071372898432263 0.0013
3642 0.0004319473284725376 0.006071372898432263 0.00195
3643 0.0004319473284725376 0.006071372898432263 0.0026
3644 0.0004319473284725376 0.006071372898432263 0.00325
3645 0.0004319473284725376 0.006071372898432263 0.0039
3646 0.0004319473284725376 0.006071372898432263 0.00455
3647 0.0004319473284725376 0.006071372898432263 0.0052
3648 0.0004319473284725376 0.006071372898432263 0.005849999999999999
3649 0.0004319473284725376 0.006071372898432263 0.0065
3650 0.0004319473284725376 0.006071372898432263 0.007149999999999999
3651 0.003160252299538886 0.004804997648188422 0.00065
3652 0.003160252299538886 0.004804997648188422 0.0013
3653 0.003160252299538886 0.004804997648188422 0.00195
3654 0.003160252299538886 0.004804997648188422 0.0026
3655 0.003160252299538886 0.004804997648188422 0.00325
3656 0.003160252299538886 0.004804997648188422 0.0039
3657 0.003160252299538886 0.004804997648188422 0.00455
3658 0.003160252299538886 0.004804997648188422 0.0052
3659 0.003160252299538886 0.004804997648188422 0.005849999999999999
3660 0.003160252299538886 0.004804997648188422 0.0065
3661 0.003160252299538886 0.004804997648188422 0.007149999999999999
3662 0.003131979563697979 0.005394558209389633 0.00065
3663 0.003131979563697979 0.005394558209389633 0.0013
3664 0.003131979563697979 0.005394558209389633 0.00195
3665 0.003131979563697979 0.005394558209389633 0.0026
3666 0.003131979563697979 0.005394558209389633 0.00325
3667 0.003131979563697979 0.005394558209389633 0.0039
3668 0.003131979563697979 0.005394558209389633 0.00455
3669 0.003131979563697979 0.005394558209389633 0.0052
3670 0.003131979563697979 0.005394558209389633 0.005849999999999999
3671 0.003131979563697979 0.005394558209389633 0.0065
3672 0.003131979563697979 0.005394558209389633 0.007149999999999999
3673 0.002710094708969707 0.005723542242668599 0.00065
3674 0.002710094708969707 0.005723542242668599 0.0013
3675 0.002710094708969707 0.005723542242668599 0.00195
3676 0.002710094708969707 0.005723542242668599 0.0026
3677 0.002710094708969707 0.005723542242668599 0.00325
3678 0.002710094708969707 0.005723542242668599 0.0039
3679 0.002710094708969707 0.005723542242668599 0.00455
3680 0.002710094708969707 0.005723542242668599 0.0052
3681 0.002710094708969707 0.005723542242668599 0.005849999999999999
3682 0.002710094708969707 0.005723542242668599 0.0065
3683 0.002710094708969707 0.005723542242668599 0.007149999999999999
3684 0.003927326721296231 0.004679723983983502 0.00065
3685 0.003927326721296231 0.004679723983983502 0.0013
3686 0.003927326721296231 0.004679723983983502 0.00195
3687 0.003927326721296231 0.004679723983983502 0.0026
3688 0.003927326721296231 0.004679723983983502 0.00325
3689 0.003927326721296231 0.004679723983983502 0.0039
3690 0.003927326721296231 0.004679723983983502 0.00455
3691 0.003927326721296231 0.004679723983983502 0.0052
3692 0.003927326721296231 0.004679723983983502 0.005849999999999999
3693 0.003927326721296231 0.004679723983983502 0.0065
3694 0.003927326721296231 0.004679723983983502 0.007149999999999999
3695 0.003999904871407971 0.003804779559979307 0.00065
3696 0.003999904871407971 0.003804779559979307 0.0013
3697 0.003999904871407971 0.003804779559979307 0.00195
3698 0.003999904871407971 0.003804779559979307 0.0026
3699 0.003999904871407971 0.003804779559979307 0.00325
3700 0.003999904871407971 0.003804779559979307 0.0039
3701 0.003999904871407971 0.003804779559979307 0.00455
3702 0.003999904871407971 0.003804779559979307 0.0052
3703 0.003999904871407971 0.003804779559979307 0.005849999999999999
3704 0.003999904871407971 0.003804779559979307 0.0065
3705 0.003999904871407971 0.003804779559979307 0.007149999999999999
3706 0.004629267222642121 0.004247386727046031 0.00065
3707 0.004629267222642121 0.004247386727046031 0.0013
3708 0.004629267222642121 0.004247386727046031 0.00195
3709 0.004629267222642121 0.004247386727046031 0.0026
3710 0.004629267222642121 0.004247386727046031 0.00325
3711 0.004629267222642121 0.004247386727046031 0.0039
3712 0.004629267222642121 0.004247386727046031 0.00455
3713 0.004629267222642121 0.004247386727046031 0.0052
3714 0.004629267222642121 0.004247386727046031 0.005849999999999999
3715 0.004629267222642121 0.004247386727046031 0.0065
3716 0.004629267222642121 0.004247386727046031 0.007149999999999999
3717 0.004889180585399983 0.003492155956381529 0.00065
3718 0.004889180585399983 0.003492155956381529 0.0013
3719 0.004889180585399983 0.003492155956381529 0.00195
3720 0.004889180585399983 0.003492155956381529 0.0026
3721 0.004889180585399983 0.003492155956381529 0.00325
3722 0.004889180585399983 0.003492155956381529 0.0039
3723 0.004889180585399983 0.003492155956381529 0.00455
3724 0.004889180585399983 0.003492155956381529 0.0052
3725 0.004889180585399983 0.003492155956381529 0.005849999999999999
3726 0.004889180585399983 0.003492155956381529 0.0065
3727 0.004889180585399983 0.003492155956381529 0.007149999999999999
3728 0.003287799294730544 0.006137796422570421 0.00065
3729 0.003287799294730544 0.006137796422570421 0.0013
3730 0.003287799294730544 0.006137796422570421 0.00195
3731 0.003287799294730544 0.006137796422570421 0.0026
3732 0.003287799294730544 0.006137796422570421 0.00325
3733 0.003287799294730544 0.006137796422570421 0.0039
3734 0.003287799294730544 0.006137796422570421 0.00455
3735 0.003287799294730544 0.006137796422570421 0.0052
3736 0.003287799294730544 0.006137796422570421 0.005849999999999999
3737 0.003287799294730544 0.006137796422570421 0.0065
3738 0.003287799294730544 0.006137796422570421 0.007149999999999999
3739 0.004065172713170015 0.002869991654285229 0.00065
3740 0.004065172713170015 0.002869991654285229 0.0013
3741 0.004065172713170015 0.002869991654285229 0.00195
3742 0.004065172713170015 0.002869991654285229 0.0026
3743 0.004065172713170015 0.002869991654285229 0.00325
3744 0.004065172713170015 0.002869991654285229 0.0039
3745 0.004065172713170015 0.002869991654285229 0.00455
3746 0.004065172713170015 0.002869991654285229 0.0052
3747 0.004065172713170015 0.002869991654285229 0.005849999999999999
3748 0.004065172713170015 0.002869991654285229 0.0065
3749 0.004065172713170015 0.002869991654285229 0.007149999999999999
3750 0.005059308170869999 0.002614791959068133 0.00065
3751 0.005059308170869999 0.002614791959068133 0.0013
3752 0.005059308170869999 0.002614791959068133 0.00195
3753 0.005059308170869999 0.002614791959068133 0.0026
3754 0.005059308170869999 0.002614791959068133 0.00325
3755 0.005059308170869999 0.002614791959068133 0.0039
3756 0.005059308170869999 0.002614791959068133 0.00455
3757 0.005059308170869999 0.002614791959068133 0.0052
3758 0.005059308170869999 0.002614791959068133 0.005849999999999999
3759 0.005059308170869999 0.002614791959068133 0.0065
3760 0.005059308170869999 0.002614791959068133 0.007149999999999999
3761 0.004415032794665039 0.002044124115546503 0.00065
3762 0.004415032794665039 0.002044124115546503 0.0013
3763 0.004415032794665039 0.002044124115546503 0.00195
3764 0.004415032794665039 0.002044124115546503 0.0026
3765 0.004415032794665039 0.002044124115546503 0.00325
3766 0.004415032794665039 0.002044124115546503 0.0039
3767 0.004415032794665039 0.002044124115546503 0.00455
3768 0.004415032794665039 0.002044124115546503 0.0052
3769 0.004415032794665039 0.002044124115546503 0.005849999999999999
3770 0.004415032794665039 0.002044124115546503 0.0065
3771 0.004415032794665039 0.002044124115546503 0.007149999999999999
3772 0.005182961400710923 0.001620349328137789 0.00065
3773 0.005182961400710923 0.001620349328137789 0.0013
3774 0.005182961400710923 0.001620349328137789 0.00195
3775 0.005182961400710923 0.001620349328137789 0.0026
3776 0.005182961400710923 0.001620349328137789 0.00325
3777 0.005182961400710923 0.001620349328137789 0.0039
3778 0.005182961400710923 0.001620349328137789 0.00455
3779 0.005182961400710923 0.001620349328137789 0.0052
3780 0.005182961400710923 0.001620349328137789 0.005849999999999999
3781 0.005182961400710923 0.001620349328137789 0.0065
3782 0.005182961400710923 0.001620349328137789 0.007149999999999999
3783 0.002405965732698493 0.006499870136825335 0.00065
3784 0.002405965732698493 0.006499870136825335 0.0013
3785 0.002405965732698493 0.006499870136825335 0.00195
3786 0.002405965732698493 0.006499870136825335 0.0026
3787 0.002405965732698493 0.006499870136825335 0.00325
3788 0.002405965732698493 0.006499870136825335 0.0039
3789 0.002405965732698493 0.006499870136825335 0.00455
3790 0.002405965732698493 0.006499870136825335 0.0052
3791 0.002405965732698493 0.006499870136825335 0.005849999999999999
3792 0.002405965732698493 0.006499870136825335 0.0065
3793 0.002405965732698493 0.006499870136825335 0.007149999999999999
3794 0.0007043634563764444 0.006732414373748354 0.00065
3795 0.0007043634563764444 0.006732414373748354 0.0013
3796 0.0007043634563764444 0.006732414373748354 0.00195
3797 0.0007043634563764444 0.006732414373748354 0.0026
3798 0.0007043634563764444 0.006732414373748354 0.00325
3799 0.0007043634563764444 0.006732414373748354 0.0039
3800 0.0007043634563764444 0.006732414373748354 0.00455
3801 0.0007043634563764444 0.006732414373748354 0.0052
3802 0.0007043634563764444 0.006732414373748354 0.005849999999999999
3803 0.0007043634563764444 0.006732414373748354 0.0065
3804 0.0007043634563764444 0.006732414373748354 0.007149999999999999
3805 0.005624127866730352 0.0007495222814637818 0.00065
3806 0.005624127866730352 0.0007495222814637818 0.0013
3807 0.005624127866730352 0.0007495222814637818 0.00195
3808 0.005624127866730352 0.0007495222814637818 0.0026
3809 0.005624127866730352 0.0007495222814637818 0.00325
3810 0.005624127866730352 0.0007495222814637818 0.0039
3811 0.005624127866730352 0.0007495222814637818 0.00455
3812 0.005624127866730352 0.0007495222814637818 0.0052
3813 0.005624127866730352 0.0007495222814637818 0.005849999999999999
3814 0.005624127866730352 0.0007495222814637818 0.0065
3815 0.005624127866730352 0.0007495222814637818 0.007149999999999999
3816 0.005531290843094649 0.004158461465724999 0.00065
3817 0.005531290843094649 0.004158461465724999 0.0013
3818 0.005531290843094649 0.004158461465724999 0.00195
3819 0.005531290843094649 0.004158461465724999 0.0026
3820 0.005531290843094649 0.004158461465724999 0.00325
3821 0.005531290843094649 0.004158461465724999 0.0039
3822 0.005531290843094649 0.004158461465724999 0.00455
3823 0.005531290843094649 0.004158461465724999 0.0052
3824 0.005531290843094649 0.004158461465724999 0.005849999999999999
3825 0.005531290843094649 0.004158461465724999 0.0065
3826 0.005531290843094649 0.004158461465724999 0.007149999999999999
3827 0.005920643089295255 0.002281080753366863 0.00065
3828 0.005920643089295255 0.002281080753366863 0.0013
3829 0.005920643089295255 0.002281080753366863 0.00195
3830 0.005920643089295255 0.002281080753366863 0.0026
3831 0.005920643089295255 0.002281080753366863 0.00325
3832 0.005920643089295255 0.002281080753366863 0.0039
3833 0.005920643089295255 0.002281080753366863 0.00455
3834 0.005920643089295255 0.002281080753366863 0.0052
3835 0.005920643089295255 0.002281080753366863 0.005849999999999999
3836 0.005920643089295255 0.002281080753366863 0.0065
3837 0.005920643089295255 0.002281080753366863 0.007149999999999999
3838 0.003219476433705897 0.001851750435051215 0.00065
3839 0.003219476433705897 0.001851750435051215 0.0013
3840 0.003219476433705897 0.001851750435051215 0.00195
3841 0.003219476433705897 0.001851750435051215 0.0026
3842 0.003219476433705897 0.001851750435051215 0.00325
3843 0.003219476433705897 0.001851750435051215 0.0039
3844 0.003219476433705897 0.001851750435051215 0.00455
3845 0.003219476433705897 0.001851750435051215 0.0052
3846 0.003219476433705897 0.001851750435051215 0.005849999999999999
3847 0.003219476433705897 0.001851750435051215 0.0065
3848 0.003219476433705897 0.001851750435051215 0.007149999999999999
3849 0.0032889015388426 0.003346073472220245 0.00065
3850 0.0032889015388426 0.003346073472220245 0.0013
3851 0.0032889015388426 0.003346073472220245 0.00195
3852 0.0032889015388426 0.003346073472220245 0.0026
3853 0.0032889015388426 0.003346073472220245 0.00325
3854 0.0032889015388426 0.003346073472220245 0.0039
3855 0.0032889015388426 0.003346073472220245 0.00455
3856 0.0032889015388426 0.003346073472220245 0.0052
3857 0.0032889015388426 0.003346073472220245 0.005849999999999999
3858 0.0032889015388426 0.003346073472220245 0.0065
3859 0.0032889015388426 0.003346073472220245 0.007149999999999999
3860 0.003922208179373891 0.0007479555528297358 0.00065
3861 0.003922208179373891 0.0007479555528297358 0.0013
3862 0.003922208179373891 0.0007479555528297358 0.00195
3863 0.003922208179373891 0.0007479555528297358 0.0026
3864 0.003922208179373891 0.0007479555528297358 0.00325
3865 0.003922208179373891 0.0007479555528297358 0.0039
3866 0.003922208179373891 0.0007479555528297358 0.00455
3867 0.003922208179373891 0.0007479555528297358 0.0052
3868 0.003922208179373891 0.0007479555528297358 0.005849999999999999
3869 0.003922208179373891 0.0007479555528297358 0.0065
3870 0.003922208179373891 0.0007479555528297358 0.007149999999999999
3871 0.0006500000000000008 0.005575277674973255 0.00065
3872 0.0006500000000000008 0.005575277674973255 0.0013
3873 0.0006500000000000008 0.005575277674973255 0.00195
3874 0.0006500000000000008 0.005575277674973255 0.0026
3875 0.0006500000000000008 0.005575277674973255 0.00325
3876 0.0006500000000000008 0.005575277674973255 0.0039
3877 0.0006500000000000008 0.005575277674973255 0.00455
3878 0.0006500000000000008 0.005575277674973255 0.0052
3879 0.0006500000000000008 0.005575277674973255 0.005849999999999999
3880 0.0006500000000000008 0.005575277674973255 0.0065
3881 0.0006500000000000008 0.005575277674973255 0.007149999999999999
3882 0.001496309047230625 0.00561753667685987 0.00065
3883 0.001496309047230625 0.00561753667685987 0.0013
3884 0.001496309047230625 0.00561753667685987 0.00195
3885 0.001496309047230625 0.00561753667685987 0.0026
3886 0.001496309047230625 0.00561753667685987 0.00325
3887 0.001496309047230625 0.00561753667685987 0.0039
3888 0.001496309047230625 0.00561753667685987 0.00455
3889 0.001496309047230625 0.00561753667685987 0.0052
3890 0.001496309047230625 0.00561753667685987 0.005849999999999999
3891 0.001496309047230625 0.00561753667685987 0.0065
3892 0.001496309047230625 0.00561753667685987 0.007149999999999999
3893 0.001799591114702051 0.006108016054977943 0.00065
3894 0.001799591114702051 0.006108016054977943 0.0013
3895 0.001799591114702051 0.006108016054977943 0.00195
3896 0.001799591114702051 0.006108016054977943 0.0026
3897 0.001799591114702051 0.006108016054977943 0.00325
3898 0.001799591114702051 0.006108016054977943 0.0039
3899 0.001799591114702051 0.006108016054977943 0.00455
3900 0.001799591114702051 0.006108016054977943 0.0052
3901 0.001799591114702051 0.006108016054977943 0.005849999999999999
3902 0.001799591114702051 0.006108016054977943 0.0065
3903 0.001799591114702051 0.006108016054977943 0.007149999999999999
3904 0.003849689897869798 0.001564456262211709 0.00065
3905 0.003849689897869798 0.001564456262211709 0.0013
3906 0.003849689897869798 0.001564456262211709 0.00195
3907 0.003849689897869798 0.001564456262211709 0.0026
3908 0.003849689897869798 0.001564456262211709 0.00325
3909 0.003849689897869798 0.001564456262211709 0.0039
3910 0.003849689897869798 0.001564456262211709 0.00455
3911 0.003849689897869798 0.001564456262211709 0.0052
3912 0.003849689897869798 0.001564456262211709 0.005849999999999999
3913 0.003849689897869798 0.001564456262211709 0.0065
3914 0.003849689897869798 0.001564456262211709 0.007149999999999999
3915 0.006415683864314833 0.0007367516916290187 0.00065
3916 0.006415683864314833 0.0007367516916290187 0.0013
3917 0.006415683864314833 0.0007367516916290187 0.00195
3918 0.006415683864314833 0.0007367516916290187 0.0026
3919 0.006415683864314833 0.0007367516916290187 0.00325
3920 0.006415683864314833 0.0007367516916290187 0.0039
3921 0.006415683864314833 0.0007367516916290187 0.00455
3922 0.006415683864314833 0.0007367516916290187 0.0052
3923 0.006415683864314833 0.0007367516916290187 0.005849999999999999
3924 0.006415683864314833 0.0007367516916290187 0.0065
3925 0.006415683864314833 0.0007367516916290187 0.007149999999999999
3926 0.001100482093047985 0.006063552439124473 0.00065
3927 0.001100482093047985 0.006063552439124473 0.0013
3928 0.001100482093047985 0.006063552439124473 0.00195
3929 0.001100482093047985 0.006063552439124473 0.0026
3930 0.001100482093047985 0.006063552439124473 0.00325
3931 0.001100482093047985 0.006063552439124473 0.0039
3932 0.001100482093047985 0.006063552439124473 0.00455
3933 0.001100482093047985 0.006063552439124473 0.0052
3934 0.001100482093047985 0.006063552439124473 0.005849999999999999
3935 0.001100482093047985 0.006063552439124473 0.0065
3936 0.001100482093047985 0.006063552439124473 0.007149999999999999
3937 0.00225815346779504 0.005972245953098257 0.00065
3938 0.00225815346779504 0.005972245953098257 0.0013
3939 0.00225815346779504 0.005972245953098257 0.00195
3940 0.00225815346779504 0.005972245953098257 0.0026
3941 0.00225815346779504 0.005972245953098257 0.00325
3942 0.00225815346779504 0.005972245953098257 0.0039
3943 0.00225815346779504 0.005972245953098257 0.00455
3944 0.00225815346779504 0.005972245953098257 0.0052
3945 0.00225815346779504 0.005972245953098257 0.005849999999999999
3946 0.00225815346779504 0.005972245953098257 0.0065
3947 0.00225815346779504 0.005972245953098257 0.007149999999999999
3948 0.004839017596744873 0.005059463165976491 0.00065
3949 0.004839017596744873 0.005059463165976491 0.0013
3950 0.004839017596744873 0.005059463165976491 0.00195
3951 0.004839017596744873 0.005059463165976491 0.0026
3952 0.004839017596744873 0.005059463165976491 0.00325
3953 0.004839017596744873 0.005059463165976491 0.0039
3954 0.004839017596744873 0.005059463165976491 0.00455
3955 0.004839017596744873 0.005059463165976491 0.0052
3956 0.004839017596744873 0.005059463165976491 0.005849999999999999
3957 0.004839017596744873 0.005059463165976491 0.0065
3958 0.004839017596744873 0.005059463165976491 0.007149999999999999
3959 0.005940702967043309 0.001426671922579355 0.00065
3960 0.005940702967043309 0.001426671922579355 0.0013
3961 0.005940702967043309 0.001426671922579355 0.00195
3962 0.005940702967043309 0.001426671922579355 0.0026
3963 0.005940702967043309 0.001426671922579355 0.00325
3964 0.005940702967043309 0.001426671922579355 0.0039
3965 0.005940702967043309 0.001426671922579355 0.00455
3966 0.005940702967043309 0.001426671922579355 0.0052
3967 0.005940702967043309 0.001426671922579355 0.005849999999999999
3968 0.005940702967043309 0.001426671922579355 0.0065
3969 0.005940702967043309 0.001426671922579355 0.007149999999999999
3970 0.003602351930550913 0.005092266928360411 0.00065
3971 0.003602351930550913 0.005092266928360411 0.0013
3972 0.003602351930550913 0.005092266928360411 0.00195
3973 0.003602351930550913 0.005092266928360411 0.0026
3974 0.003602351930550913 0.005092266928360411 0.00325
3975 0.003602351930550913 0.005092266928360411 0.0039
3976 0.003602351930550913 0.005092266928360411 0.00455
3977 0.003602351930550913 0.005092266928360411 0.0052
3978 0.003602351930550913 0.005092266928360411 0.005849999999999999
3979 0.003602351930550913 0.005092266928360411 0.0065
3980 0.003602351930550913 0.005092266928360411 0.007149999999999999
3981 0.004470491299963192 0.001359175681089683 0.00065
3982 0.004470491299963192 0.001359175681089683 0.0013
3983 0.004470491299963192 0.001359175681089683 0.00195
3984 0.004470491299963192 0.001359175681089683 0.0026
3985 0.004470491299963192 0.001359175681089683 0.00325
3986 0.004470491299963192 0.001359175681089683 0.0039
3987 0.004470491299963192 0.001359175681089683 0.00455
3988 0.004470491299963192 0.001359175681089683 0.0052
3989 0.004470491299963192 0.001359175681089683 0.005849999999999999
3990 0.004470491299963192 0.001359175681089683 0.0065
3991 0.004470491299963192 0.001359175681089683 0.007149999999999999
3992 0.0003030561323611744 0.005579330114681104 0.00065
3993 0.0003030561323611744 0.005579330114681104 0.0013
3994 0.0003030561323611744 0.005579330114681104 0.00195
3995 0.0003030561323611744 0.005579330114681104 0.0026
3996 0.0003030561323611744 0.005579330114681104 0.00325
3997 0.0003030561323611744 0.005579330114681104 0.0039
3998 0.0003030561323611744 0.005579330114681104 0.00455
3999 0.0003030561323611744 0.005579330114681104 0.0052
4000 0.0003030561323611744 0.005579330114681104 0.005849999999999999
4001 0.0003030561323611744 0.005579330114681104 0.0065
4002 0.0003030561323611744 0.005579330114681104 0.007149999999999999
4003 0.00670140197640716 0.002506774860024955 0.00065
4004 0.00670140197640716 0.002506774860024955 0.0013
4005 0.00670140197640716 0.002506774860024955 0.00195
4006 0.00670140197640716 0.002506774860024955 0.0026
4007 0.00670140197640716 0.002506774860024955 0.00325
4008 0.00670140197640716 0.002506774860024955 0.0039
4009 0.00670140197640716 0.002506774860024955 0.00455
4010 0.00670140197640716 0.002506774860024955 0.0052
4011 0.00670140197640716 0.002506774860024955 0.005849999999999999
4012 0.00670140197640716 0.002506774860024955 0.0065
4013 0.00670140197640716 0.002506774860024955 0.007149999999999999
4014 0.003758540999301552 0.00218606449341893 0.00065
4015 0.003758540999301552 0.00218606449341893 0.0013
4016 0.003758540999301552 0.00218606449341893 0.00195
4017 0.003758540999301552 0.00218606449341893 0.0026
4018 0.003758540999301552 0.00218606449341893 0.00325
4019 0.003758540999301552 0.00218606449341893 0.0039
4020 0.003758540999301552 0.00218606449341893 0.00455
4021 0.003758540999301552 0.00218606449341893 0.0052
4022 0.003758540999301552 0.00218606449341893 0.005849999999999999
4023 0.003758540999301552 0.00218606449341893 0.0065
4024 0.003758540999301552 0.00218606449341893 0.007149999999999999
4025 0.002350225930014012 0.005529840652801288 0.00065
4026 0.002350225930014012 0.005529840652801288 0.0013
4027 0.002350225930014012 0.005529840652801288 0.00195
4028 0.002350225930014012 0.005529840652801288 0.0026
4029 0.002350225930014012 0.005529840652801288 0.00325
4030 0.002350225930014012 0.005529840652801288 0.0039
4031 0.002350225930014012 0.005529840652801288 0.00455
4032 0.002350225930014012 0.005529840652801288 0.0052
4033 0.002350225930014012 0.005529840652801288 0.005849999999999999
4034 0.002350225930014012 0.005529840652801288 0.0065
4035 0.002350225930014012 0.005529840652801288 0.007149999999999999
4036 0.003165973743703298 0.000523605201825593 0.00065
4037 0.003165973743703298 0.000523605201825593 0.0013
4038 0.003165973743703298 0.000523605201825593 0.00195
4039 0.003165973743703298 0.000523605201825593 0.0026
4040 0.003165973743703298 0.000523605201825593 0.00325
4041 0.003165973743703298 0.000523605201825593 0.0039
4042 0.003165973743703298 0.000523605201825593 0.00455
4043 0.003165973743703298 0.000523605201825593 0.0052
4044 0.003165973743703298 0.000523605201825593 0.005849999999999999
4045 0.003165973743703298 0.000523605201825593 0.0065
4046 0.003165973743703298 0.000523605201825593 0.007149999999999999
4047 0.007129144629692024 0.0006811757191651727 0.00065
4048 0.007129144629692024 0.0006811757191651727 0.0013
4049 0.007129144629692024 0.0006811757191651727 0.00195
4050 0.007129144629692024 0.0006811757191651727 0.0026
4051 0.007129144629692024 0.0006811757191651727 0.00325
4052 0.007129144629692024 0.0006811757191651727 0.0039
4053 0.007129144629692024 0.0006811757191651727 0.00455
4054 0.007129144629692024 0.0006811757191651727 0.0052
4055 0.007129144629692024 0.0006811757191651727 0.005849999999999999
4056 0.007129144629692024 0.0006811757191651727 0.0065
4057 0.007129144629692024 0.0006811757191651727 0.007149999999999999
4058 0.001943908754770221 0.01573808326795257 0.00065
4059 0.001943908754770221 0.01573808326795257 0.0013
4060 0.001943908754770221 0.01573808326795257 0.00195
4061 0.001943908754770221 0.01573808326795257 0.0026
4062 0.001943908754770221 0.01573808326795257 0.00325
4063 0.001943908754770221 0.01573808326795257 0.0039
4064 0.001943908754770221 0.01573808326795257 0.00455
4065 0.001943908754770221 0.01573808326795257 0.0052
4066 0.001943908754770221 0.01573808326795257 0.005849999999999999
4067 0.001943908754770221 0.01573808326795257 0.0065
4068 0.001943908754770221 0.01573808326795257 0.007149999999999999
4069 0.01594768592682722 0.001434232471749451 0.00065
4070 0.01594768592682722 0.001434232471749451 0.0013
4071 0.01594768592682722 0.001434232471749451 0.00195
4072 0.01594768592682722 0.001434232471749451 0.0026
4073 0.01594768592682722 0.001434232471749451 0.00325
4074 0.01594768592682722 0.001434232471749451 0.0039
4075 0.01594768592682722 0.001434232471749451 0.00455
4076 0.01594768592682722 0.001434232471749451 0.0052
4077 0.01594768592682722 0.001434232471749451 0.005849999999999999
4078 0.01594768592682722 0.001434232471749451 0.0065
4079 0.01594768592682722 0.001434232471749451 0.007149999999999999
4080 0.0072417055104794 0.01010969214968992 0.00065
4081 0.0072417055104794 0.01010969214968992 0.0013
4082 0.0072417055104794 0.01010969214968992 0.00195
4083 0.0072417055104794 0.01010969214968992 0.0026
4084 0.0072417055104794 0.01010969214968992 0.00325
4085 0.0072417055104794 0.01010969214968992 0.0039
4086 0.0072417055104794 0.01010969214968992 0.00455
4087 0.0072417055104794 0.01010969214968992 0.0052
4088 0.0072417055104794 0.01010969214968992 0.005849999999999999
4089 0.0072417055104794 0.01010969214968992 0.0065
4090 0.0072417055104794 0.01010969214968992 0.007149999999999999
4091 0.01971747911783842 0.01405841909838295 0.00065
4092 0.01971747911783842 0.01405841909838295 0.0013
4093 0.01971747911783842 0.01405841909838295 0.00195
4094 0.01971747911783842 0.01405841909838295 0.0026
4095 0.01971747911783842 0.01405841909838295 0.00325
4096 0.01971747911783842 0.01405841909838295 0.0039
4097 0.01971747911783842 0.01405841909838295 0.00455
4098 0.01971747911783842 0.01405841909838295 0.0052
4099 0.01971747911783842 0.01405841909838295 0.005849999999999999
4100 0.01971747911783842 0.01405841909838295 0.0065
4101 0.01971747911783842 0.01405841909838295 0.007149999999999999
4102 0.009530158488064228 0.01961796171220181 0.00065
4103 0.009530158488064228 0.01961796171220181 0.0013
4104 0.009530158488064228 0.01961796171220181 0.00195
4105 0.009530158488064228 0.01961796171220181 0.0026
4106 0.009530158488064228 0.01961796171220181 0.00325
4107 0.009530158488064228 0.01961796171220181 0.0039
4108 0.009530158488064228 0.01961796171220181 0.00455
4109 0.009530158488064228 0.01961796171220181 0.0052
4110 0.009530158488064228 0.01961796171220181 0.005849999999999999
4111 0.009530158488064228 0.01961796171220181 0.0065
4112 0.009530158488064228 0.01961796171220181 0.007149999999999999
4113 0.01164369743044229 0.004862132914182221 0.00065
4114 0.01164369743044229 0.004862132914182221 0.0013
4115 0.01164369743044229 0.004862132914182221 0.00195
4116 0.01164369743044229 0.004862132914182221 0.0026
4117 0.01164369743044229 0.004862132914182221 0.00325
4118 0.01164369743044229 0.004862132914182221 0.0039
4119 0.01164369743044229 0.004862132914182221 0.00455
4120 0.01164369743044229 0.004862132914182221 0.0052
4121 0.01164369743044229 0.004862132914182221 0.005849999999999999
4122 0.01164369743044229 0.004862132914182221 0.0065
4123 0.01164369743044229 0.004862132914182221 0.007149999999999999
4124 0.0198888572942233 0.00604199935000546 0.00065
4125 0.0198888572942233 0.00604199935000546 0.0013
4126 0.0198888572942233 0.00604199935000546 0.00195
4127 0.0198888572942233 0.00604199935000546 0.0026
4128 0.0198888572942233 0.00604199935000546 0.00325
4129 0.0198888572942233 0.00604199935000546 0.0039
4130 0.0198888572942233 0.00604199935000546 0.00455
4131 0.0198888572942233 0.00604199935000546 0.0052
4132 0.0198888572942233 0.00604199935000546 0.005849999999999999
4133 0.0198888572942233 0.00604199935000546 0.0065
4134 0.0198888572942233 0.00604199935000546 0.007149999999999999
4135 0.01742045497024886 0.01994835078720254 0.00065
4136 0.01742045497024886 0.01994835078720254 0.0013
4137 0.01742045497024886 0.01994835078720254 0.00195
4138 0.01742045497024886 0.01994835078720254 0.0026
4139 0.01742045497024886 0.01994835078720254 0.00325
4140 0.01742045497024886 0.01994835078720254 0.0039
4141 0.01742045497024886 0.01994835078720254 0.00455
4142 0.01742045497024886 0.01994835078720254 0.0052
4143 0.01742045497024886 0.01994835078720254 0.005849999999999999
4144 0.01742045497024886 0.01994835078720254 0.0065
4145 0.01742045497024886 0.01994835078720254 0.007149999999999999
4146 0.01062202104057759 0.007286339069211179 0.00065
4147 0.01062202104057759 0.007286339069211179 0.0013
4148 0.01062202104057759 0.007286339069211179 0.00195
4149 0.01062202104057759 0.007286339069211179 0.0026
4150 0.01062202104057759 0.007286339069211179 0.00325
4151 0.01062202104057759 0.007286339069211179 0.0039
4152 0.01062202104057759 0.007286339069211179 0.00455
4153 0.01062202104057759 0.007286339069211179 0.0052
4154 0.01062202104057759 0.007286339069211179 0.005849999999999999
4155 0.01062202104057759 0.007286339069211179 0.0065
4156 0.01062202104057759 0.007286339069211179 0.007149999999999999
4157 0.01339639395802355 0.007018317734945669 0.00065
4158 0.01339639395802355 0.007018317734945669 0.0013
4159 0.01339639395802355 0.007018317734945669 0.00195
4160 0.01339639395802355 0.007018317734945669 0.0026
4161 0.01339639395802355 0.007018317734945669 0.00325
4162 0.01339639395802355 0.007018317734945669 0.0039
4163 0.01339639395802355 0.007018317734945669 0.00455
4164 0.01339639395802355 0.007018317734945669 0.0052
4165 0.01339639395802355 0.007018317734945669 0.005849999999999999
4166 0.01339639395802355 0.007018317734945669 0.0065
4167 0.01339639395802355 0.007018317734945669 0.007149999999999999
4168 0.0124131493175523 0.009671644223469861 0.00065
4169 0.0124131493175523 0.009671644223469861 0.0013
4170 0.0124131493175523 0.009671644223469861 0.00195
4171 0.0124131493175523 0.009671644223469861 0.0026
4172 0.0124131493175523 0.009671644223469861 0.00325
4173 0.0124131493175523 0.009671644223469861 0.0039
4174 0.0124131493175523 0.009671644223469861 0.00455
4175 0.0124131493175523 0.009671644223469861 0.0052
4176 0.0124131493175523 0.009671644223469861 0.005849999999999999
4177 0.0124131493175523 0.009671644223469861 0.0065
4178 0.0124131493175523 0.009671644223469861 0.007149999999999999
4179 0.01525628468219473 0.009306395927164734 0.00065
4180 0.01525628468219473 0.009306395927164734 0.0013
4181 0.01525628468219473 0.009306395927164734 0.00195
4182 0.01525628468219473 0.009306395927164734 0.0026
4183 0.01525628468219473 0.009306395927164734 0.00325
4184 0.01525628468219473 0.009306395927164734 0.0039
4185 0.01525628468219473 0.009306395927164734 0.00455
4186 0.01525628468219473 0.009306395927164734 0.0052
4187 0.01525628468219473 0.009306395927164734 0.005849999999999999
4188 0.01525628468219473 0.009306395927164734 0.0065
4189 0.01525628468219473 0.009306395927164734 0.007149999999999999
4190 0.01415320452184807 0.01222622062583588 0.00065
4191 0.01415320452184807 0.01222622062583588 0.0013
4192 0.01415320452184807 0.01222622062583588 0.00195
4193 0.01415320452184807 0.01222622062583588 0.0026
4194 0.01415320452184807 0.01222622062583588 0.00325
4195 0.01415320452184807 0.01222622062583588 0.0039
4196 0.01415320452184807 0.01222622062583588 0.00455
4197 0.01415320452184807 0.01222622062583588 0.0052
4198 0.01415320452184807 0.01222622062583588 0.005849999999999999
4199 0.01415320452184807 0.01222622062583588 0.0065
4200 0.01415320452184807 0.01222622062583588 0.007149999999999999
4201 0.01119727747518481 0.01251436484998366 0.00065
4202 0.01119727747518481 0.01251436484998366 0.0013
4203 0.01119727747518481 0.01251436484998366 0.00195
4204 0.01119727747518481 0.01251436484998366 0.0026
4205 0.01119727747518481 0.01251436484998366 0.00325
4206 0.01119727747518481 0.01251436484998366 0.0039
4207 0.01119727747518481 0.01251436484998366 0.00455
4208 0.01119727747518481 0.01251436484998366 0.0052
4209 0.01119727747518481 0.01251436484998366 0.005849999999999999
4210 0.01119727747518481 0.01251436484998366 0.0065
4211 0.01119727747518481 0.01251436484998366 0.007149999999999999
4212 0.01288310917770261 0.01520054198688977 0.00065
4213 0.01288310917770261 0.01520054198688977 0.0013
4214 0.01288310917770261 0.01520054198688977 0.00195
4215 0.01288310917770261 0.01520054198688977 0.0026
4216 0.01288310917770261 0.01520054198688977 0.00325
4217 0.01288310917770261 0.01520054198688977 0.0039
4218 0.01288310917770261 0.01520054198688977 0.00455
4219 0.01288310917770261 0.01520054198688977 0.0052
4220 0.01288310917770261 0.01520054198688977 0.005849999999999999
4221 0.01288310917770261 0.01520054198688977 0.0065
4222 0.01288310917770261 0.01520054198688977 0.007149999999999999
4223 0.00552434325872959 0.01177087663025088 0.00065
4224 0.00552434325872959 0.01177087663025088 0.0013
4225 0.00552434325872959 0.01177087663025088 0.00195
4226 0.00552434325872959 0.01177087663025088 0.0026
4227 0.00552434325872959 0.01177087663025088 0.00325
4228 0.00552434325872959 0.01177087663025088 0.0039
4229 0.00552434325872959 0.01177087663025088 0.00455
4230 0.00552434325872959 0.01177087663025088 0.0052
4231 0.00552434325872959 0.01177087663025088 0.005849999999999999
4232 0.00552434325872959 0.01177087663025088 0.0065
4233 0.00552434325872959 0.01177087663025088 0.007149999999999999
4234 0.00218414027113102 0.02044130965598676 0.00065
4235 0.00218414027113102 0.02044130965598676 0.0013
4236 0.00218414027113102 0.02044130965598676 0.00195
4237 0.00218414027113102 0.02044130965598676 0.0026
4238 0.00218414027113102 0.02044130965598676 0.00325
4239 0.00218414027113102 0.02044130965598676 0.0039
4240 0.00218414027113102 0.02044130965598676 0.00455
4241 0.00218414027113102 0.02044130965598676 0.0052
4242 0.00218414027113102 0.02044130965598676 0.005849999999999999
4243 0.00218414027113102 0.02044130965598676 0.0065
4244 0.00218414027113102 0.02044130965598676 0.007149999999999999
4245 0.0096086433354312 0.01570768158313721 0.00065
4246 0.0096086433354312 0.01570768158313721 0.0013
4247 0.0096086433354312 0.01570768158313721 0.00195
4248 0.0096086433354312 0.01570768158313721 0.0026
4249 0.0096086433354312 0.01570768158313721 0.00325
4250 0.0096086433354312 0.01570768158313721 0.0039
4251 0.0096086433354312 0.01570768158313721 0.00455
4252 0.0096086433354312 0.01570768158313721 0.0052
4253 0.0096086433354312 0.01570768158313721 0.005849999999999999
4254 0.0096086433354312 0.01570768158313721 0.0065
4255 0.0096086433354312 0.01570768158313721 0.007149999999999999
4256 0.02042221770869856 0.002211568749703224 0.00065
4257 0.02042221770869856 0.002211568749703224 0.0013
4258 0.02042221770869856 0.002211568749703224 0.00195
4259 0.02042221770869856 0.002211568749703224 0.0026
4260 0.02042221770869856 0.002211568749703224 0.00325
4261 0.02042221770869856 0.002211568749703224 0.0039
4262 0.02042221770869856 0.002211568749703224 0.00455
4263 0.02042221770869856 0.002211568749703224 0.0052
4264 0.02042221770869856 0.002211568749703224 0.005849999999999999
4265 0.02042221770869856 0.002211568749703224 0.0065
4266 0.02042221770869856 0.002211568749703224 0.007149999999999999
4267 0.002972843154056267 0.01306396702843609 0.00065
4268 0.002972843154056267 0.01306396702843609 0.0013
4269 0.002972843154056267 0.01306396702843609 0.00195
4270 0.002972843154056267 0.01306396702843609 0.0026
4271 0.002972843154056267 0.01306396702843609 0.00325
4272 0.002972843154056267 0.01306396702843609 0.0039
4273 0.002972843154056267 0.01306396702843609 0.00455
4274 0.002972843154056267 0.01306396702843609 0.0052
4275 0.002972843154056267 0.01306396702843609 0.005849999999999999
4276 0.002972843154056267 0.01306396702843609 0.0065
4277 0.002972843154056267 0.01306396702843609 0.007149999999999999
4278 0.005276384441133407 0.01438991748919611 0.00065
4279 0.005276384441133407 0.01438991748919611 0.0013
4280 0.005276384441133407 0.01438991748919611 0.00195
4281 0.005276384441133407 0.01438991748919611 0.0026
4282 0.005276384441133407 0.01438991748919611 0.00325
4283 0.005276384441133407 0.01438991748919611 0.0039
4284 0.005276384441133407 0.01438991748919611 0.00455
4285 0.005276384441133407 0.01438991748919611 0.0052
4286 0.005276384441133407 0.01438991748919611 0.005849999999999999
4287 0.005276384441133407 0.01438991748919611 0.0065
4288 0.005276384441133407 0.01438991748919611 0.007149999999999999
4289 0.02025902033152263 0.01001117812407835 0.00065
4290 0.02025902033152263 0.01001117812407835 0.0013
4291 0.02025902033152263 0.01001117812407835 0.00195
4292 0.02025902033152263 0.01001117812407835 0.0026
4293 0.02025902033152263 0.01001117812407835 0.00325
4294 0.02025902033152263 0.01001117812407835 0.0039
4295 0.02025902033152263 0.01001117812407835 0.00455
4296 0.02025902033152263 0.01001117812407835 0.0052
4297 0.02025902033152263 0.01001117812407835 0.005849999999999999
4298 0.02025902033152263 0.01001117812407835 0.0065
4299 0.02025902033152263 0.01001117812407835 0.007149999999999999
4300 0.01605951864268692 0.01466102089155419 0.00065
4301 0.01605951864268692 0.01466102089155419 0.0013
4302 0.01605951864268692 0.01466102089155419 0.00195
4303 0.01605951864268692 0.01466102089155419 0.0026
4304 0.01605951864268692 0.01466102089155419 0.00325
4305 0.01605951864268692 0.01466102089155419 0.0039
4306 0.01605951864268692 0.01466102089155419 0.00455
4307 0.01605951864268692 0.01466102089155419 0.0052
4308 0.01605951864268692 0.01466102089155419 0.005849999999999999
4309 0.01605951864268692 0.01466102089155419 0.0065
4310 0.01605951864268692 0.01466102089155419 0.007149999999999999
4311 0.01637000808774499 0.006144227102873038 0.00065
4312 0.01637000808774499 0.006144227102873038 0.0013
4313 0.01637000808774499 0.006144227102873038 0.00195
4314 0.01637000808774499 0.006144227102873038 0.0026
4315 0.01637000808774499 0.006144227102873038 0.00325
4316 0.01637000808774499 0.006144227102873038 0.0039
4317 0.01637000808774499 0.006144227102873038 0.00455
4318 0.01637000808774499 0.006144227102873038 0.0052
4319 0.01637000808774499 0.006144227102873038 0.005849999999999999
4320 0.01637000808774499 0.006144227102873038 0.0065
4321 0.01637000808774499 0.006144227102873038 0.007149999999999999
4322 0.01809744613677956 0.003932415983288253 0.00065
4323 0.01809744613677956 0.003932415983288253 0.0013
4324 0.01809744613677956 0.003932415983288253 0.00195
4325 0.01809744613677956 0.003932415983288253 0.0026
4326 0.01809744613677956 0.003932415983288253 0.00325
4327 0.01809744613677956 0.003932415983288253 0.0039
4328 0.01809744613677956 0.003932415983288253 0.00455
4329 0.01809744613677956 0.003932415983288253 0.0052
4330 0.01809744613677956 0.003932415983288253 0.005849999999999999
4331 0.01809744613677956 0.003932415983288253 0.0065
4332 0.01809744613677956 0.003932415983288253 0.007149999999999999
4333 0.0134247311863531 0.0202542713572419 0.00065
4334 0.0134247311863531 0.0202542713572419 0.0013
4335 0.0134247311863531 0.0202542713572419 0.00195
4336 0.0134247311863531 0.0202542713572419 0.0026
4337 0.0134247311863531 0.0202542713572419 0.00325
4338 0.0134247311863531 0.0202542713572419 0.0039
4339 0.0134247311863531 0.0202542713572419 0.00455
4340 0.0134247311863531 0.0202542713572419 0.0052
4341 0.0134247311863531 0.0202542713572419 0.005849999999999999
4342 0.0134247311863531 0.0202542713572419 0.0065
4343 0.0134247311863531 0.0202542713572419 0.007149999999999999
4344 0.005650577731129394 0.02032684480782044 0.00065
4345 0.005650577731129394 0.02032684480782044 0.0013
4346 0.005650577731129394 0.02032684480782044 0.00195
4347 0.005650577731129394 0.02032684480782044 0.0026
4348 0.005650577731129394 0.02032684480782044 0.00325
4349 0.005650577731129394 0.02032684480782044 0.0039
4350 0.005650577731129394 0.02032684480782044 0.00455
4351 0.005650577731129394 0.02032684480782044 0.0052
4352 0.005650577731129394 0.02032684480782044 0.005849999999999999
4353 0.005650577731129394 0.02032684480782044 0.0065
4354 0.005650577731129394 0.02032684480782044 0.007149999999999999
4355 0.003795719050561768 0.01798333333333333 0.00065
4356 0.003795719050561768 0.01798333333333333 0.0013
4357 0.003795719050561768 0.01798333333333333 0.00195
4358 0.003795719050561768 0.01798333333333333 0.0026
4359 0.003795719050561768 0.01798333333333333 0.00325
4360 0.003795719050561768 0.01798333333333333 0.0039
4361 0.003795719050561768 0.01798333333333333 0.00455
4362 0.003795719050561768 0.01798333333333333 0.0052
4363 0.003795719050561768 0.01798333333333333 0.005849999999999999
4364 0.003795719050561768 0.01798333333333333 0.0065
4365 0.003795719050561768 0.01798333333333333 0.007149999999999999
4366 0.006508660579604298 0.01702915224796929 0.00065
4367 0.006508660579604298 0.01702915224796929 0.0013
4368 0.006508660579604298 0.01702915224796929 0.00195
4369 0.006508660579604298 0.01702915224796929 0.0026
4370 0.006508660579604298 0.01702915224796929 0.00325
4371 0.006508660579604298 0.01702915224796929 0.0039
4372 0.006508660579604298 0.01702915224796929 0.00455
4373 0.006508660579604298 0.01702915224796929 0.0052
4374 0.006508660579604298 0.01702915224796929 0.005849999999999999
4375 0.006508660579604298 0.01702915224796929 0.0065
4376 0.006508660579604298 0.01702915224796929 0.007149999999999999
4377 0.01248207843249929 0.002488873915852645 0.00065
4378 0.01248207843249929 0.002488873915852645 0.0013
4379 0.01248207843249929 0.002488873915852645 0.00195
4380 0.01248207843249929 0.002488873915852645 0.0026
4381 0.01248207843249929 0.002488873915852645 0.00325
4382 0.01248207843249929 0.002488873915852645 0.0039
4383 0.01248207843249929 0.002488873915852645 0.00455
4384 0.01248207843249929 0.002488873915852645 0.0052
4385 0.01248207843249929 0.002488873915852645 0.005849999999999999
4386 0.01248207843249929 0.002488873915852645 0.0065
4387 0.01248207843249929 0.002488873915852645 0.007149999999999999
4388 0.01400232347936326 0.004323575196540917 0.00065
4389 0.01400232347936326 0.004323575196540917 0.0013
4390 0.01400232347936326 0.004323575196540917 0.00195
4391 0.01400232347936326 0.004323575196540917 0.0026
4392 0.01400232347936326 0.004323575196540917 0.00325
4393 0.01400232347936326 0.004323575196540917 0.0039
4394 0.01400232347936326 0.004323575196540917 0.00455
4395 0.01400232347936326 0.004323575196540917 0.0052
4396 0.01400232347936326 0.004323575196540917 0.005849999999999999
4397 0.01400232347936326 0.004323575196540917 0.0065
4398 0.01400232347936326 0.004323575196540917 0.007149999999999999
4399 0.02032364124520495 0.01781309910719078 0.00065
4400 0.02032364124520495 0.01781309910719078 0.0013
4401 0.02032364124520495 0.01781309910719078 0.00195
4402 0.02032364124520495 0.01781309910719078 0.0026
4403 0.02032364124520495 0.01781309910719078 0.00325
4404 0.02032364124520495 0.01781309910719078 0.0039
4405 0.02032364124520495 0.01781309910719078 0.00455
4406 0.02032364124520495 0.01781309910719078 0.0052
4407 0.02032364124520495 0.01781309910719078 0.005849999999999999
4408 0.02032364124520495 0.01781309910719078 0.0065
4409 0.02032364124520495 0.01781309910719078 0.007149999999999999
4410 0.008023406654162043 0.01271767323175361 0.00065
4411 0.008023406654162043 0.01271767323175361 0.0013
4412 0.008023406654162043 0.01271767323175361 0.00195
4413 0.008023406654162043 0.01271767323175361 0.0026
4414 0.008023406654162043 0.01271767323175361 0.00325
4415 0.008023406654162043 0.01271767323175361 0.0039
4416 0.008023406654162043 0.01271767323175361 0.00455
4417 0.008023406654162043 0.01271767323175361 0.0052
4418 0.008023406654162043 0.01271767323175361 0.005849999999999999
4419 0.008023406654162043 0.01271767323175361 0.0065
4420 0.008023406654162043 0.01271767323175361 0.007149999999999999
4421 0.01720628654846633 0.01148309242007422 0.00065
4422 0.01720628654846633 0.01148309242007422 0.0013
4423 0.01720628654846633 0.01148309242007422 0.00195
4424 0.01720628654846633 0.01148309242007422 0.0026
4425 0.01720628654846633 0.01148309242007422 0.00325
4426 0.01720628654846633 0.01148309242007422 0.0039
4427 0.01720628654846633 0.01148309242007422 0.00455
4428 0.01720628654846633 0.01148309242007422 0.0052
4429 0.01720628654846633 0.01148309242007422 0.005849999999999999
4430 0.01720628654846633 0.01148309242007422 0.0065
4431 0.01720628654846633 0.01148309242007422 0.007149999999999999
4432 0.001662390790180475 0.01800504009427953 0.00065
4433 0.001662390790180475 0.01800504009427953 0.0013
4434 0.001662390790180475 0.01800504009427953 0.00195
4435 0.001662390790180475 0.01800504009427953 0.0026
4436 0.001662390790180475 0.01800504009427953 0.00325
4437 0.001662390790180475 0.01800504009427953 0.0039
4438 0.001662390790180475 0.01800504009427953 0.00455
4439 0.001662390790180475 0.01800504009427953 0.0052
4440 0.001662390790180475 0.01800504009427953 0.005849999999999999
4441 0.001662390790180475 0.01800504009427953 0.0065
4442 0.001662390790180475 0.01800504009427953 0.007149999999999999
4443 0.01798333333333333 0.001743262847355336 0.00065
4444 0.01798333333333333 0.001743262847355336 0.0013
4445 0.01798333333333333 0.001743262847355336 0.00195
4446 0.01798333333333333 0.001743262847355336 0.0026
4447 0.01798333333333333 0.001743262847355336 0.00325
4448 0.01798333333333333 0.001743262847355336 0.0039
4449 0.01798333333333333 0.001743262847355336 0.00455
4450 0.01798333333333333 0.001743262847355336 0.0052
4451 0.01798333333333333 0.001743262847355336 0.005849999999999999
4452 0.01798333333333333 0.001743262847355336 0.0065
4453 0.01798333333333333 0.001743262847355336 0.007149999999999999
4454 0.01189333651192252 0.01766804251986837 0.00065
4455 0.01189333651192252 0.01766804251986837 0.0013
4456 0.01189333651192252 0.01766804251986837 0.00195
4457 0.01189333651192252 0.01766804251986837 0.0026
4458 0.01189333651192252 0.01766804251986837 0.00325
4459 0.01189333651192252 0.01766804251986837 0.0039
4460 0.01189333651192252 0.01766804251986837 0.00455
4461 0.01189333651192252 0.01766804251986837 0.0052
4462 0.01189333651192252 0.01766804251986837 0.005849999999999999
4463 0.01189333651192252 0.01766804251986837 0.0065
4464 0.01189333651192252 0.01766804251986837 0.007149999999999999
4465 0.01485667700359584 0.01749317507497244 0.00065
4466 0.01485667700359584 0.01749317507497244 0.0013
4467 0.01485667700359584 0.01749317507497244 0.00195
4468 0.01485667700359584 0.01749317507497244 0.0026
4469 0.01485667700359584 0.01749317507497244 0.00325
4470 0.01485667700359584 0.01749317507497244 0.0039
4471 0.01485667700359584 0.01749317507497244 0.00455
4472 0.01485667700359584 0.01749317507497244 0.0052
4473 0.01485667700359584 0.01749317507497244 0.005849999999999999
4474 0.01485667700359584 0.01749317507497244 0.0065
4475 0.01485667700359584 0.01749317507497244 0.007149999999999999
4476 0.009731826211814596 0.009770287393054425 0.00065
4477 0.009731826211814596 0.009770287393054425 0.0013
4478 0.009731826211814596 0.009770287393054425 0.00195
4479 0.009731826211814596 0.009770287393054425 0.0026
4480 0.009731826211814596 0.009770287393054425 0.00325
4481 0.009731826211814596 0.009770287393054425 0.0039
4482 0.009731826211814596 0.009770287393054425 0.00455
4483 0.009731826211814596 0.009770287393054425 0.0052
4484 0.009731826211814596 0.009770287393054425 0.005849999999999999
4485 0.009731826211814596 0.009770287393054425 0.0065
4486 0.009731826211814596 0.009770287393054425 0.007149999999999999
4487 0.001453738305738717 0.01171900635597031 0.00065
4488 0.001453738305738717 0.01171900635597031 0.0013
4489 0.001453738305738717 0.01171900635597031 0.00195
4490 0.001453738305738717 0.01171900635597031 0.0026
4491 0.001453738305738717 0.01171900635597031 0.00325
4492 0.001453738305738717 0.01171900635597031 0.0039
4493 0.001453738305738717 0.01171900635597031 0.00455
4494 0.001453738305738717 0.01171900635597031 0.0052
4495 0.001453738305738717 0.01171900635597031 0.005849999999999999
4496 0.001453738305738717 0.01171900635597031 0.0065
4497 0.001453738305738717 0.01171900635597031 0.007149999999999999
4498 0.02054500185048138 0.02054500185048138 0.00065
4499 0.02054500185048138 0.02054500185048138 0.0013
4500 0.02054500185048138 0.02054500185048138 0.00195
4501 0.02054500185048138 0.02054500185048138 0.0026
4502 0.02054500185048138 0.02054500185048138 0.00325
4503 0.02054500185048138 0.02054500185048138 0.0039
4504 0.02054500185048138 0.02054500185048138 0.00455
4505 0.02054500185048138 0.02054500185048138 0.0052
4506 0.02054500185048138 0.02054500185048138 0.005849999999999999
4507 0.02054500185048138 0.02054500185048138 0.0065
4508 0.02054500185048138 0.02054500185048138 0.007149999999999999
4509 0.0177960913888304 0.008597378584839159 0.00065
4510 0.0177960913888304 0.008597378584839159 0.0013
4511 0.0177960913888304 0.008597378584839159 0.00195
4512 0.0177960913888304 0.008597378584839159 0.0026
4513 0.0177960913888304 0.008597378584839159 0.00325
4514 0.0177960913888304 0.008597378584839159 0.0039
4515 0.0177960913888304 0.008597378584839159 0.00455
4516 0.0177960913888304 0.008597378584839159 0.0052
4517 0.0177960913888304 0.008597378584839159 0.005849999999999999
4518 0.0177960913888304 0.008597378584839159 0.0065
4519 0.0177960913888304 0.008597378584839159 0.007149999999999999
4520 0.007335720571594056 0.01495078890080895 0.00065
4521 0.007335720571594056 0.01495078890080895 0.0013
4522 0.007335720571594056 0.01495078890080895 0.00195
4523 0.007335720571594056 0.01495078890080895 0.0026
4524 0.007335720571594056 0.01495078890080895 0.00325
4525 0.007335720571594056 0.01495078890080895 0.0039
4526 0.007335720571594056 0.01495078890080895 0.00455
4527 0.007335720571594056 0.01495078890080895 0.0052
4528 0.007335720571594056 0.01495078890080895 0.005849999999999999
4529 0.007335720571594056 0.01495078890080895 0.0065
4530 0.007335720571594056 0.01495078890080895 0.007149999999999999
4531 0.001274098042913041 0.0135642113304718 0.00065
4532 0.001274098042913041 0.0135642113304718 0.0013
4533 0.001274098042913041 0.0135642113304718 0.00195
4534 0.001274098042913041 0.0135642113304718 0.0026
4535 0.001274098042913041 0.0135642113304718 0.00325
4536 0.001274098042913041 0.0135642113304718 0.0039
4537 0.001274098042913041 0.0135642113304718 0.00455
4538 0.001274098042913041 0.0135642113304718 0.0052
4539 0.001274098042913041 0.0135642113304718 0.005849999999999999
4540 0.001274098042913041 0.0135642113304718 0.0065
4541 0.001274098042913041 0.0135642113304718 0.007149999999999999
4542 0.01429718795091331 0.002006849552683369 0.00065
4543 0.01429718795091331 0.002006849552683369 0.0013
4544 0.01429718795091331 0.002006849552683369 0.00195
4545 0.01429718795091331 0.002006849552683369 0.0026
4546 0.01429718795091331 0.002006849552683369 0.00325
4547 0.01429718795091331 0.002006849552683369 0.0039
4548 0.01429718795091331 0.002006849552683369 0.00455
4549 0.01429718795091331 0.002006849552683369 0.0052
4550 0.01429718795091331 0.002006849552683369 0.005849999999999999
4551 0.01429718795091331 0.002006849552683369 0.0065
4552 0.01429718795091331 0.002006849552683369 0.007149999999999999
4553 0.003950676617594035 0.01586163699364423 0.00065
4554 0.003950676617594035 0.01586163699364423 0.0013
4555 0.003950676617594035 0.01586163699364423 0.00195
4556 0.003950676617594035 0.01586163699364423 0.0026
4557 0.003950676617594035 0.01586163699364423 0.00325
4558 0.003950676617594035 0.01586163699364423 0.0039
4559 0.003950676617594035 0.01586163699364423 0.00455
4560 0.003950676617594035 0.01586163699364423 0.0052
4561 0.003950676617594035 0.01586163699364423 0.005849999999999999
4562 0.003950676617594035 0.01586163699364423 0.0065
4563 0.003950676617594035 0.01586163699364423 0.007149999999999999
4564 0.01751530539544059 0.01711436718154235 0.00065
4565 0.01751530539544059 0.01711436718154235 0.0013
4566 0.01751530539544059 0.01711436718154235 0.00195
4567 0.01751530539544059 0.01711436718154235 0.0026
4568 0.01751530539544059 0.01711436718154235 0.00325
4569 0.01751530539544059 0.01711436718154235 0.0039
4570 0.01751530539544059 0.01711436718154235 0.00455
4571 0.01751530539544059 0.01711436718154235 0.0052
4572 0.01751530539544059 0.01711436718154235 0.005849999999999999
4573 0.01751530539544059 0.01711436718154235 0.0065
4574 0.01751530539544059 0.01711436718154235 0.007149999999999999
4575 0.01148333333333333 0.001232663044120105 0.00065
4576 0.01148333333333333 0.001232663044120105 0.0013
4577 0.01148333333333333 0.001232663044120105 0.00195
4578 0.01148333333333333 0.001232663044120105 0.0026
4579 0.01148333333333333 0.001232663044120105 0.00325
4580 0.01148333333333333 0.001232663044120105 0.0039
4581 0.01148333333333333 0.001232663044120105 0.00455
4582 0.01148333333333333 0.001232663044120105 0.0052
4583 0.01148333333333333 0.001232663044120105 0.005849999999999999
4584 0.01148333333333333 0.001232663044120105 0.0065
4585 0.01148333333333333 0.001232663044120105 0.007149999999999999
4586 0.01607483394564218 0.003601149743299947 0.00065
4587 0.01607483394564218 0.003601149743299947 0.0013
4588 0.01607483394564218 0.003601149743299947 0.00195
4589 0.01607483394564218 0.003601149743299947 0.0026
4590 0.01607483394564218 0.003601149743299947 0.00325
4591 0.01607483394564218 0.003601149743299947 0.0039
4592 0.01607483394564218 0.003601149743299947 0.00455
4593 0.01607483394564218 0.003601149743299947 0.0052
4594 0.01607483394564218 0.003601149743299947 0.005849999999999999
4595 0.01607483394564218 0.003601149743299947 0.0065
4596 0.01607483394564218 0.003601149743299947 0.007149999999999999
4597 0.002166666666666666 0.0007428571428571419 0.008579999999999999
4598 0.002166666666666666 0.0007428571428571419 0.00936
4599 0.002166666666666666 0.0007428571428571419 0.01014
4600 0.002166666666666666 0.0007428571428571419 0.01092
4601 0.002166666666666666 0.0007428571428571419 0.01248
4602 0.002166666666666666 0.0007428571428571419 0.01404
4603 0.002166666666666666 0.0007428571428571419 0.0156
4604 0.002166666666666666 0.0007428571428571419 0.01716
4605 0.002166666666666666 0.0007428571428571419 0.01872
4606 0.002166666666666666 0.0007428571428571419 0.02028
4607 0.002166666666666666 0.0007428571428571419 0.02184
4608 0.002166666666666666 0.001485714285714285 0.008579999999999999
4609 0.002166666666666666 0.001485714285714285 0.00936
4610 0.002166666666666666 0.001485714285714285 0.01014
4611 0.002166666666666666 0.001485714285714285 0.01092
4612 0.002166666666666666 0.001485714285714285 0.01248
4613 0.002166666666666666 0.001485714285714285 0.01404
4614 0.002166666666666666 0.001485714285714285 0.0156
4615 0.002166666666666666 0.001485714285714285 0.01716
4616 0.002166666666666666 0.001485714285714285 0.01872
4617 0.002166666666666666 0.001485714285714285 0.02028
4618 0.002166666666666666 0.001485714285714285 0.02184
4619 0.002166666666666666 0.002228571428571427 0.008579999999999999
4620 0.002166666666666666 0.002228571428571427 0.00936
4621 0.002166666666666666 0.002228571428571427 0.01014
4622 0.002166666666666666 0.002228571428571427 0.01092
4623 0.002166666666666666 0.002228571428571427 0.01248
4624 0.002166666666666666 0.002228571428571427 0.01404
4625 0.002166666666666666 0.002228571428571427 0.0156
4626 0.002166666666666666 0.002228571428571427 0.01716
4627 0.002166666666666666 0.002228571428571427 0.01872
4628 0.002166666666666666 0.002228571428571427 0.02028
4629 0.002166666666666666 0.002228571428571427 0.02184
4630 0.002166666666666666 0.002971428571428569 0.008579999999999999
4631 0.002166666666666666 0.002971428571428569 0.00936
4632 0.002166666666666666 0.002971428571428569 0.01014
4633 0.002166666666666666 0.002971428571428569 0.01092
4634 0.002166666666666666 0.002971428571428569 0.01248
4635 0.002166666666666666 0.002971428571428569 0.01404
4636 0.002166666666666666 0.002971428571428569 0.0156
4637 0.002166666666666666 0.002971428571428569 0.01716
4638 0.002166666666666666 0.002971428571428569 0.01872
4639 0.002166666666666666 0.002971428571428569 0.02028
4640 0.002166666666666666 0.002971428571428569 0.02184
4641 0.002166666666666667 0.003714285714285713 0.008579999999999999
4642 0.002166666666666667 0.003714285714285713 0.00936
4643 0.002166666666666667 0.003714285714285713 0.01014
4644 0.002166666666666667 0.003714285714285713 0.01092
4645 0.002166666666666667 0.003714285714285713 0.01248
4646 0.002166666666666667 0.003714285714285713 0.01404
4647 0.002166666666666667 0.003714285714285713 0.0156
4648 0.002166666666666667 0.003714285714285713 0.01716
4649 0.002166666666666667 0.003714285714285713 0.01872
4650 0.002166666666666667 0.003714285714285713 0.02028
4651 0.002166666666666667 0.003714285714285713 0.02184
4652 0.002166666666666667 0.004457142857142856 0.008579999999999999
4653 0.002166666666666667 0.004457142857142856 0.00936
4654 0.002166666666666667 0.004457142857142856 0.01014
4655 0.002166666666666667 0.004457142857142856 0.01092
4656 0.002166666666666667 0.004457142857142856 0.01248
4657 0.002166666666666667 0.004457142857142856 0.01404
4658 0.002166666666666667 0.004457142857142856 0.0156
4659 0.002166666666666667 0.004457142857142856 0.01716
4660 0.002166666666666667 0.004457142857142856 0.01872
4661 0.002166666666666667 0.004457142857142856 0.02028
4662 0.002166666666666667 0.004457142857142856 0.02184
4663 0.001733333333333332 0.0007428571428571421 0.008579999999999999
4664 0.001733333333333332 0.0007428571428571421 0.00936
4665 0.001733333333333332 0.0007428571428571421 0.01014
4666 0.001733333333333332 0.0007428571428571421 0.01092
4667 0.001733333333333332 0.0007428571428571421 0.01248
4668 0.001733333333333332 0.0007428571428571421 0.01404
4669 0.001733333333333332 0.0007428571428571421 0.0156
4670 0.001733333333333332 0.0007428571428571421 0.01716
4671 0.001733333333333332 0.0007428571428571421 0.01872
4672 0.001733333333333332 0.0007428571428571421 0.02028
4673 0.001733333333333332 0.0007428571428571421 0.02184
4674 0.001733333333333332 0.001485714285714286 0.008579999999999999
4675 0.001733333333333332 0.001485714285714286 0.00936
4676 0.001733333333333332 0.001485714285714286 0.01014
4677 0.001733333333333332 0.001485714285714286 0.01092
4678 0.001733333333333332 0.001485714285714286 0.01248
4679 0.001733333333333332 0.001485714285714286 0.01404
4680 0.001733333333333332 0.001485714285714286 0.0156
4681 0.001733333333333332 0.001485714285714286 0.01716
4682 0.001733333333333332 0.001485714285714286 0.01872
4683 0.001733333333333332 0.001485714285714286 0.02028
4684 0.001733333333333332 0.001485714285714286 0.02184
4685 0.001733333333333333 0.002228571428571428 0.008579999999999999
4686 0.001733333333333333 0.002228571428571428 0.00936
4687 0.001733333333333333 0.002228571428571428 0.01014
4688 0.001733333333333333 0.002228571428571428 0.01092
4689 0.001733333333333333 0.002228571428571428 0.01248
4690 0.001733333333333333 0.002228571428571428 0.01404
4691 0.001733333333333333 0.002228571428571428 0.0156
4692 0.001733333333333333 0.002228571428571428 0.01716
4693 0.001733333333333333 0.002228571428571428 0.01872
4694 0.001733333333333333 0.002228571428571428 0.02028
4695 0.001733333333333333 0.002228571428571428 0.02184
4696 0.001733333333333333 0.00297142857142857 0.008579999999999999
4697 0.001733333333333333 0.00297142857142857 0.00936
4698 0.001733333333333333 0.00297142857142857 0.01014
4699 0.001733333333333333 0.00297142857142857 0.01092
4700 0.001733333333333333 0.00297142857142857 0.01248
4701 0.001733333333333333 0.00297142857142857 0.01404
4702 0.001733333333333333 0.00297142857142857 0.0156
4703 0.001733333333333333 0.00297142857142857 0.01716
4704 0.001733333333333333 0.00297142857142857 0.01872
4705 0.001733333333333333 0.00297142857142857 0.02028
4706 0.001733333333333333 0.00297142857142857 0.02184
4707 0.001733333333333333 0.003714285714285713 0.008579999999999999
4708 0.001733333333333333 0.003714285714285713 0.00936
4709 0.001733333333333333 0.003714285714285713 0.01014
4710 0.001733333333333333 0.003714285714285713 0.01092
4711 0.001733333333333333 0.003714285714285713 0.01248
4712 0.001733333333333333 0.003714285714285713 0.01404
4713 0.001733333333333333 0.003714285714285713 0.0156
4714 0.001733333333333333 0.003714285714285713 0.01716
4715 0.001733333333333333 0.003714285714285713 0.01872
4716 0.001733333333333333 0.003714285714285713 0.02028
4717 0.001733333333333333 0.003714285714285713 0.02184
4718 0.001733333333333334 0.004457142857142856 0.008579999999999999
4719 0.001733333333333334 0.004457142857142856 0.00936
4720 0.001733333333333334 0.004457142857142856 0.01014
4721 0.001733333333333334 0.004457142857142856 0.01092
4722 0.001733333333333334 0.004457142857142856 0.01248
4723 0.001733333333333334 0.004457142857142856 0.01404
4724 0.001733333333333334 0.004457142857142856 0.0156
4725 0.001733333333333334 0.004457142857142856 0.01716
4726 0.001733333333333334 0.004457142857142856 0.01872
4727 0.001733333333333334 0.004457142857142856 0.02028
4728 0.001733333333333334 0.004457142857142856 0.02184
4729 0.001299999999999999 0.000742857142857143 0.008579999999999999
4730 0.001299999999999999 0.000742857142857143 0.00936
4731 0.001299999999999999 0.000742857142857143 0.01014
4732 0.001299999999999999 0.000742857142857143 0.01092
4733 0.001299999999999999 0.000742857142857143 0.01248
4734 0.001299999999999999 0.000742857142857143 0.01404
4735 0.001299999999999999 0.000742857142857143 0.0156
4736 0.001299999999999999 0.000742857142857143 0.01716
4737 0.001299999999999999 0.000742857142857143 0.01872
4738 0.001299999999999999 0.000742857142857143 0.02028
4739 0.001299999999999999 0.000742857142857143 0.02184
4740 0.001299999999999999 0.001485714285714287 0.008579999999999999
4741 0.001299999999999999 0.001485714285714287 0.00936
4742 0.001299999999999999 0.001485714285714287 0.01014
4743 0.001299999999999999 0.001485714285714287 0.01092
4744 0.001299999999999999 0.001485714285714287 0.01248
4745 0.001299999999999999 0.001485714285714287 0.01404
4746 0.001299999999999999 0.001485714285714287 0.0156
4747 0.001299999999999999 0.001485714285714287 0.01716
4748 0.001299999999999999 0.001485714285714287 0.01872
4749 0.001299999999999999 0.001485714285714287 0.02028
4750 0.001299999999999999 0.001485714285714287 0.02184
4751 0.0013 0.002228571428571429 0.008579999999999999
4752 0.0013 0.002228571428571429 0.00936
4753 0.0013 0.002228571428571429 0.01014
4754 0.0013 0.002228571428571429 0.01092
4755 0.0013 0.002228571428571429 0.01248
4756 0.0013 0.002228571428571429 0.01404
4757 0.0013 0.002228571428571429 0.0156
4758 0.0013 0.002228571428571429 0.01716
4759 0.0013 0.002228571428571429 0.01872
4760 0.0013 0.002228571428571429 0.02028
4761 0.0013 0.002228571428571429 0.02184
4762 0.0013 0.002971428571428571 0.008579999999999999
4763 0.0013 0.002971428571428571 0.00936
4764 0.0013 0.002971428571428571 0.01014
4765 0.0013 0.002971428571428571 0.01092
4766 0.0013 0.002971428571428571 0.01248
4767 0.0013 0.002971428571428571 0.01404
4768 0.0013 0.002971428571428571 0.0156
4769 0.0013 0.002971428571428571 0.01716
4770 0.0013 0.002971428571428571 0.01872
4771 0.0013 0.002971428571428571 0.02028
4772 0.0013 0.002971428571428571 0.02184
4773 0.001300000000000001 0.003714285714285713 0.008579999999999999
4774 0.001300000000000001 0.003714285714285713 0.00936
4775 0.001300000000000001 0.003714285714285713 0.01014
4776 0.001300000000000001 0.003714285714285713 0.01092
4777 0.001300000000000001 0.003714285714285713 0.01248
4778 0.001300000000000001 0.003714285714285713 0.01404
4779 0.001300000000000001 0.003714285714285713 0.0156
4780 0.001300000000000001 0.003714285714285713 0.01716
4781 0.001300000000000001 0.003714285714285713 0.01872
4782 0.001300000000000001 0.003714285714285713 0.02028
4783 0.001300000000000001 0.003714285714285713 0.02184
4784 0.001300000000000001 0.004457142857142857 0.008579999999999999
4785 0.001300000000000001 0.004457142857142857 0.00936
4786 0.001300000000000001 0.004457142857142857 0.01014
4787 0.001300000000000001 0.004457142857142857 0.01092
4788 0.001300000000000001 0.004457142857142857 0.01248
4789 0.001300000000000001 0.004457142857142857 0.01404
4790 0.001300000000000001 0.004457142857142857 0.0156
4791 0.001300000000000001 0.004457142857142857 0.01716
4792 0.001300000000000001 0.004457142857142857 0.01872
4793 0.001300000000000001 0.004457142857142857 0.02028
4794 0.001300000000000001 0.004457142857142857 0.02184
4795 0.0008666666666666664 0.0007428571428571436 0.008579999999999999
4796 0.0008666666666666664 0.0007428571428571436 0.00936
4797 0.0008666666666666664 0.0007428571428571436 0.01014
4798 0.0008666666666666664 0.0007428571428571436 0.01092
4799 0.0008666666666666664 0.0007428571428571436 0.01248
4800 0.0008666666666666664 0.0007428571428571436 0.01404
4801 0.0008666666666666664 0.0007428571428571436 0.0156
4802 0.0008666666666666664 0.0007428571428571436 0.01716
4803 0.0008666666666666664 0.0007428571428571436 0.01872
4804 0.0008666666666666664 0.0007428571428571436 0.02028
4805 0.0008666666666666664 0.0007428571428571436 0.02184
4806 0.0008666666666666666 0.001485714285714286 0.008579999999999999
4807 0.0008666666666666666 0.001485714285714286 0.00936
4808 0.0008666666666666666 0.001485714285714286 0.01014
4809 0.0008666666666666666 0.001485714285714286 0.01092
4810 0.0008666666666666666 0.001485714285714286 0.01248
4811 0.0008666666666666666 0.001485714285714286 0.01404
4812 0.0008666666666666666 0.001485714285714286 0.0156
4813 0.0008666666666666666 0.001485714285714286 0.01716
4814 0.0008666666666666666 0.001485714285714286 0.01872
4815 0.0008666666666666666 0.001485714285714286 0.02028
4816 0.0008666666666666666 0.001485714285714286 0.02184
4817 0.0008666666666666668 0.00222857142857143 0.008579999999999999
4818 0.0008666666666666668 0.00222857142857143 0.00936
4819 0.0008666666666666668 0.00222857142857143 0.01014
4820 0.0008666666666666668 0.00222857142857143 0.01092
4821 0.0008666666666666668 0.00222857142857143 0.01248
4822 0.0008666666666666668 0.00222857142857143 0.01404
4823 0.0008666666666666668 0.00222857142857143 0.0156
4824 0.0008666666666666668 0.00222857142857143 0.01716
4825 0.0008666666666666668 0.00222857142857143 0.01872
4826 0.0008666666666666668 0.00222857142857143 0.02028
4827 0.0008666666666666668 0.00222857142857143 0.02184
4828 0.0008666666666666673 0.002971428571428572 0.008579999999999999
4829 0.0008666666666666673 0.002971428571428572 0.00936
4830 0.0008666666666666673 0.002971428571428572 0.01014
4831 0.0008666666666666673 0.002971428571428572 0.01092
4832 0.0008666666666666673 0.002971428571428572 0.01248
4833 0.0008666666666666673 0.002971428571428572 0.01404
4834 0.0008666666666666673 0.002971428571428572 0.0156
4835 0.0008666666666666673 0.002971428571428572 0.01716
4836 0.0008666666666666673 0.002971428571428572 0.01872
4837 0.0008666666666666673 0.002971428571428572 0.02028
4838 0.0008666666666666673 0.002971428571428572 0.02184
4839 0.0008666666666666675 0.003714285714285714 0.008579999999999999
4840 0.0008666666666666675 0.003714285714285714 0.00936
4841 0.0008666666666666675 0.003714285714285714 0.01014
4842 0.0008666666666666675 0.003714285714285714 0.01092
4843 0.0008666666666666675 0.003714285714285714 0.01248
4844 0.0008666666666666675 0.003714285714285714 0.01404
4845 0.0008666666666666675 0.003714285714285714 0.0156
4846 0.0008666666666666675 0.003714285714285714 0.01716
4847 0.0008666666666666675 0.003714285714285714 0.01872
4848 0.0008666666666666675 0.003714285714285714 0.02028
4849 0.0008666666666666675 0.003714285714285714 0.02184
4850 0.0008666666666666678 0.004457142857142857 0.008579999999999999
4851 0.0008666666666666678 0.004457142857142857 0.00936
4852 0.0008666666666666678 0.004457142857142857 0.01014
4853 0.0008666666666666678 0.004457142857142857 0.01092
4854 0.0008666666666666678 0.004457142857142857 0.01248
4855 0.0008666666666666678 0.004457142857142857 0.01404
4856 0.0008666666666666678 0.004457142857142857 0.0156
4857 0.0008666666666666678 0.004457142857142857 0.01716
4858 0.0008666666666666678 0.004457142857142857 0.01872
4859 0.0008666666666666678 0.004457142857142857 0.02028
4860 0.0008666666666666678 0.004457142857142857 0.02184
4861 0.0004333333333333334 0.0007428571428571438 0.008579999999999999
4862 0.0004333333333333334 0.0007428571428571438 0.00936
4863 0.0004333333333333334 0.0007428571428571438 0.01014
4864 0.0004333333333333334 0.0007428571428571438 0.01092
4865 0.0004333333333333334 0.0007428571428571438 0.01248
4866 0.0004333333333333334 0.0007428571428571438 0.01404
4867 0.0004333333333333334 0.0007428571428571438 0.0156
4868 0.0004333333333333334 0.0007428571428571438 0.01716
4869 0.0004333333333333334 0.0007428571428571438 0.01872
4870 0.0004333333333333334 0.0007428571428571438 0.02028
4871 0.0004333333333333334 0.0007428571428571438 0.02184
4872 0.0004333333333333334 0.001485714285714287 0.008579999999999999
4873 0.0004333333333333334 0.001485714285714287 0.00936
4874 0.0004333333333333334 0.001485714285714287 0.01014
4875 0.0004333333333333334 0.001485714285714287 0.01092
4876 0.0004333333333333334 0.001485714285714287 0.01248
4877 0.0004333333333333334 0.001485714285714287 0.01404
4878 0.0004333333333333334 0.001485714285714287 0.0156
4879 0.0004333333333333334 0.001485714285714287 0.01716
4880 0.0004333333333333334 0.001485714285714287 0.01872
4881 0.0004333333333333334 0.001485714285714287 0.02028
4882 0.0004333333333333334 0.001485714285714287 0.02184
4883 0.0004333333333333335 0.002228571428571431 0.008579999999999999
4884 0.0004333333333333335 0.002228571428571431 0.00936
4885 0.0004333333333333335 0.002228571428571431 0.01014
4886 0.0004333333333333335 0.002228571428571431 0.01092
4887 0.0004333333333333335 0.002228571428571431 0.01248
4888 0.0004333333333333335 0.002228571428571431 0.01404
4889 0.0004333333333333335 0.002228571428571431 0.0156
4890 0.0004333333333333335 0.002228571428571431 0.01716
4891 0.0004333333333333335 0.002228571428571431 0.01872
4892 0.0004333333333333335 0.002228571428571431 0.02028
4893 0.0004333333333333335 0.002228571428571431 0.02184
4894 0.0004333333333333337 0.002971428571428573 0.008579999999999999
4895 0.0004333333333333337 0.002971428571428573 0.00936
4896 0.0004333333333333337 0.002971428571428573 0.01014
4897 0.0004333333333333337 0.002971428571428573 0.01092
4898 0.0004333333333333337 0.002971428571428573 0.01248
4899 0.0004333333333333337 0.002971428571428573 0.01404
4900 0.0004333333333333337 0.002971428571428573 0.0156
4901 0.0004333333333333337 0.002971428571428573 0.01716
4902 0.0004333333333333337 0.002971428571428573 0.01872
4903 0.0004333333333333337 0.002971428571428573 0.02028
4904 0.0004333333333333337 0.002971428571428573 0.02184
4905 0.0004333333333333337 0.003714285714285714 0.008579999999999999
4906 0.0004333333333333337 0.003714285714285714 0.00936
4907 0.0004333333333333337 0.003714285714285714 0.01014
4908 0.0004333333333333337 0.003714285714285714 0.01092
4909 0.0004333333333333337 0.003714285714285714 0.01248
4910 0.0004333333333333337 0.003714285714285714 0.01404
4911 0.0004333333333333337 0.003714285714285714 0.0156
4912 0.0004333333333333337 0.003714285714285714 0.01716
4913 0.0004333333333333337 0.003714285714285714 0.01872
4914 0.0004333333333333337 0.003714285714285714 0.02028
4915 0.0004333333333333337 0.003714285714285714 0.02184
4916 0.0004333333333333339 0.004457142857142857 0.008579999999999999
4917 0.0004333333333333339 0.004457142857142857 0.00936
4918 0.0004333333333333339 0.004457142857142857 0.01014
4919 0.0004333333333333339 0.004457142857142857 0.01092
4920 0.0004333333333333339 0.004457142857142857 0.01248
4921 0.0004333333333333339 0.004457142857142857 0.01404
4922 0.0004333333333333339 0.004457142857142857 0.0156
4923 0.0004333333333333339 0.004457142857142857 0.01716
4924 0.0004333333333333339 0.004457142857142857 0.01872
4925 0.0004333333333333339 0.004457142857142857 0.02028
4926 0.0004333333333333339 0.004457142857142857 0.02184
4927 0.007160398678336732 0.005411296925369648 0.008579999999999999
4928 0.007160398678336732 0.005411296925369648 0.00936
4929 0.007160398678336732 0.005411296925369648 0.01014
4930 0.007160398678336732 0.005411296925369648 0.01092
4931 0.007160398678336732 0.005411296925369648 0.01248
4932 0.007160398678336732 0.005411296925369648 0.01404
4933 0.007160398678336732 0.005411296925369648 0.0156
4934 0.007160398678336732 0.005411296925369648 0.01716
4935 0.007160398678336732 0.005411296925369648 0.01872
4936 0.007160398678336732 0.005411296925369648 0.02028
4937 0.007160398678336732 0.005411296925369648 0.02184
4938 0.005396783680358532 0.007133819654552264 0.008579999999999999
4939 0.005396783680358532 0.007133819654552264 0.00936
4940 0.005396783680358532 0.007133819654552264 0.01014
4941 0.005396783680358532 0.007133819654552264 0.01092
4942 0.005396783680358532 0.007133819654552264 0.01248
4943 0.005396783680358532 0.007133819654552264 0.01404
4944 0.005396783680358532 0.007133819654552264 0.0156
4945 0.005396783680358532 0.007133819654552264 0.01716
4946 0.005396783680358532 0.007133819654552264 0.01872
4947 0.005396783680358532 0.007133819654552264 0.02028
4948 0.005396783680358532 0.007133819654552264 0.02184
4949 0.007637365149417139 0.004237543266199584 0.008579999999999999
4950 0.007637365149417139 0.004237543266199584 0.00936
4951 0.007637365149417139 0.004237543266199584 0.01014
4952 0.007637365149417139 0.004237543266199584 0.01092
4953 0.007637365149417139 0.004237543266199584 0.01248
4954 0.007637365149417139 0.004237543266199584 0.01404
4955 0.007637365149417139 0.004237543266199584 0.0156
4956 0.007637365149417139 0.004237543266199584 0.01716
4957 0.007637365149417139 0.004237543266199584 0.01872
4958 0.007637365149417139 0.004237543266199584 0.02028
4959 0.007637365149417139 0.004237543266199584 0.02184
4960 0.004221941099239042 0.007598000619345003 0.008579999999999999
4961 0.004221941099239042 0.007598000619345003 0.00936
4962 0.004221941099239042 0.007598000619345003 0.01014
4963 0.004221941099239042 0.007598000619345003 0.01092
4964 0.004221941099239042 0.007598000619345003 0.01248
4965 0.004221941099239042 0.007598000619345003 0.01404
4966 0.004221941099239042 0.007598000619345003 0.0156
4967 0.004221941099239042 0.007598000619345003 0.01716
4968 0.004221941099239042 0.007598000619345003 0.01872
4969 0.004221941099239042 0.007598000619345003 0.02028
4970 0.004221941099239042 0.007598000619345003 0.02184
4971 0.003235010633508007 0.008295593470239646 0.008579999999999999
4972 0.003235010633508007 0.008295593470239646 0.00936
4973 0.003235010633508007 0.008295593470239646 0.01014
4974 0.003235010633508007 0.008295593470239646 0.01092
4975 0.003235010633508007 0.008295593470239646 0.01248
4976 0.003235010633508007 0.008295593470239646 0.01404
4977 0.003235010633508007 0.008295593470239646 0.0156
4978 0.003235010633508007 0.008295593470239646 0.01716
4979 0.003235010633508007 0.008295593470239646 0.01872
4980 0.003235010633508007 0.008295593470239646 0.02028
4981 0.003235010633508007 0.008295593470239646 0.02184
4982 0.006182770657554363 0.006180357501799685 0.008579999999999999
4983 0.006182770657554363 0.006180357501799685 0.00936
4984 0.006182770657554363 0.006180357501799685 0.01014
4985 0.006182770657554363 0.006180357501799685 0.01092
4986 0.006182770657554363 0.006180357501799685 0.01248
4987 0.006182770657554363 0.006180357501799685 0.01404
4988 0.006182770657554363 0.006180357501799685 0.0156
4989 0.006182770657554363 0.006180357501799685 0.01716
4990 0.006182770657554363 0.006180357501799685 0.01872
4991 0.006182770657554363 0.006180357501799685 0.02028
4992 0.006182770657554363 0.006180357501799685 0.02184
4993 0.001539049730744835 0.008624312417418383 0.008579999999999999
4994 0.001539049730744835 0.008624312417418383 0.00936
4995 0.001539049730744835 0.008624312417418383 0.01014
4996 0.001539049730744835 0.008624312417418383 0.01092
4997 0.001539049730744835 0.008624312417418383 0.01248
4998 0.001539049730744835 0.008624312417418383 0.01404
4999 0.001539049730744835 0.008624312417418383 0.0156
5000 0.001539049730744835 0.008624312417418383 0.01716
5001 0.001539049730744835 0.008624312417418383 0.01872
5002 0.001539049730744835 0.008624312417418383 0.02028
5003 0.001539049730744835 0.008624312417418383 0.02184
5004 0.008362855749542335 0.003119183928059913 0.008579999999999999
5005 0.008362855749542335 0.003119183928059913 0.00936
5006 0.008362855749542335 0.003119183928059913 0.01014
5007 0.008362855749542335 0.003119183928059913 0.01092
5008 0.008362855749542335 0.003119183928059913 0.01248
5009 0.008362855749542335 0.003119183928059913 0.01404
5010 0.008362855749542335 0.003119183928059913 0.0156
5011 0.008362855749542335 0.003119183928059913 0.01716
5012 0.008362855749542335 0.003119183928059913 0.01872
5013 0.008362855749542335 0.003119183928059913 0.02028
5014 0.008362855749542335 0.003119183928059913 0.02184
5015 0.008635522797302167 0.001519745279836816 0.008579999999999999
5016 0.008635522797302167 0.001519745279836816 0.00936
5017 0.008635522797302167 0.001519745279836816 0.01014
5018 0.008635522797302167 0.001519745279836816 0.01092
5019 0.008635522797302167 0.001519745279836816 0.01248
5020 0.008635522797302167 0.001519745279836816 0.01404
5021 0.008635522797302167 0.001519745279836816 0.0156
5022 0.008635522797302167 0.001519745279836816 0.01716
5023 0.008635522797302167 0.001519745279836816 0.01872
5024 0.008635522797302167 0.001519745279836816 0.02028
5025 0.008635522797302167 0.001519745279836816 0.02184
5026 0.00324333315709701 0.002599999999999996 0.008579999999999999
5027 0.00324333315709701 0.002599999999999996 0.00936
5028 0.00324333315709701 0.002599999999999996 0.01014
5029 0.00324333315709701 0.002599999999999996 0.01092
5030 0.00324333315709701 0.002599999999999996 0.01248
5031 0.00324333315709701 0.002599999999999996 0.01404
5032 0.00324333315709701 0.002599999999999996 0.0156
5033 0.00324333315709701 0.002599999999999996 0.01716
5034 0.00324333315709701 0.002599999999999996 0.01872
5035 0.00324333315709701 0.002599999999999996 0.02028
5036 0.00324333315709701 0.002599999999999996 0.02184
5037 0.001099086825008403 0.005540703013113366 0.008579999999999999
5038 0.001099086825008403 0.005540703013113366 0.00936
5039 0.001099086825008403 0.005540703013113366 0.01014
5040 0.001099086825008403 0.005540703013113366 0.01092
5041 0.001099086825008403 0.005540703013113366 0.01248
5042 0.001099086825008403 0.005540703013113366 0.01404
5043 0.001099086825008403 0.005540703013113366 0.0156
5044 0.001099086825008403 0.005540703013113366 0.01716
5045 0.001099086825008403 0.005540703013113366 0.01872
5046 0.001099086825008403 0.005540703013113366 0.02028
5047 0.001099086825008403 0.005540703013113366 0.02184
5048 0.001950000000000001 0.005575277674973256 0.008579999999999999
5049 0.001950000000000001 0.005575277674973256 0.00936
5050 0.001950000000000001 0.005575277674973256 0.01014
5051 0.001950000000000001 0.005575277674973256 0.01092
5052 0.001950000000000001 0.005575277674973256 0.01248
5053 0.001950000000000001 0.005575277674973256 0.01404
5054 0.001950000000000001 0.005575277674973256 0.0156
5055 0.001950000000000001 0.005575277674973256 0.01716
5056 0.001950000000000001 0.005575277674973256 0.01872
5057 0.001950000000000001 0.005575277674973256 0.02028
5058 0.001950000000000001 0.005575277674973256 0.02184
5059 0.003224998491380606 0.004115955333342659 0.008579999999999999
5060 0.003224998491380606 0.004115955333342659 0.00936
5061 0.003224998491380606 0.004115955333342659 0.01014
5062 0.003224998491380606 0.004115955333342659 0.01092
5063 0.003224998491380606 0.004115955333342659 0.01248
5064 0.003224998491380606 0.004115955333342659 0.01404
5065 0.003224998491380606 0.004115955333342659 0.0156
5066 0.003224998491380606 0.004115955333342659 0.01716
5067 0.003224998491380606 0.004115955333342659 0.01872
5068 0.003224998491380606 0.004115955333342659 0.02028
5069 0.003224998491380606 0.004115955333342659 0.02184
5070 0.00480835054745081 0.0007630990532414622 0.008579999999999999
5071 0.00480835054745081 0.0007630990532414622 0.00936
5072 0.00480835054745081 0.0007630990532414622 0.01014
5073 0.00480835054745081 0.0007630990532414622 0.01092
5074 0.00480835054745081 0.0007630990532414622 0.01248
5075 0.00480835054745081 0.0007630990532414622 0.01404
5076 0.00480835054745081 0.0007630990532414622 0.0156
5077 0.00480835054745081 0.0007630990532414622 0.01716
5078 0.00480835054745081 0.0007630990532414622 0.01872
5079 0.00480835054745081 0.0007630990532414622 0.02028
5080 0.00480835054745081 0.0007630990532414622 0.02184
5081 0.00598255348256743 0.003266721350972114 0.008579999999999999
5082 0.00598255348256743 0.003266721350972114 0.00936
5083 0.00598255348256743 0.003266721350972114 0.01014
5084 0.00598255348256743 0.003266721350972114 0.01092
5085 0.00598255348256743 0.003266721350972114 0.01248
5086 0.00598255348256743 0.003266721350972114 0.01404
5087 0.00598255348256743 0.003266721350972114 0.0156
5088 0.00598255348256743 0.003266721350972114 0.01716
5089 0.00598255348256743 0.003266721350972114 0.01872
5090 0.00598255348256743 0.003266721350972114 0.02028
5091 0.00598255348256743 0.003266721350972114 0.02184
5092 0.00406094506026889 0.005473384486855208 0.008579999999999999
5093 0.00406094506026889 0.005473384486855208 0.00936
5094 0.00406094506026889 0.005473384486855208 0.01014
5095 0.00406094506026889 0.005473384486855208 0.01092
5096 0.00406094506026889 0.005473384486855208 0.01248
5097 0.00406094506026889 0.005473384486855208 0.01404
5098 0.00406094506026889 0.005473384486855208 0.0156
5099 0.00406094506026889 0.005473384486855208 0.01716
5100 0.00406094506026889 0.005473384486855208 0.01872
5101 0.00406094506026889 0.005473384486855208 0.02028
5102 0.00406094506026889 0.005473384486855208 0.02184
5103 0.00324099387247593 0.001127213313441087 0.008579999999999999
5104 0.00324099387247593 0.001127213313441087 0.00936
5105 0.00324099387247593 0.001127213313441087 0.01014
5106 0.00324099387247593 0.001127213313441087 0.01092
5107 0.00324099387247593 0.001127213313441087 0.01248
5108 0.00324099387247593 0.001127213313441087 0.01404
5109 0.00324099387247593 0.001127213313441087 0.0156
5110 0.00324099387247593 0.001127213313441087 0.01716
5111 0.00324099387247593 0.001127213313441087 0.01872
5112 0.00324099387247593 0.001127213313441087 0.02028
5113 0.00324099387247593 0.001127213313441087 0.02184
5114 0.006776098704140678 0.001559071165665222 0.008579999999999999
5115 0.006776098704140678 0.001559071165665222 0.00936
5116 0.006776098704140678 0.001559071165665222 0.01014
5117 0.006776098704140678 0.001559071165665222 0.01092
5118 0.006776098704140678 0.001559071165665222 0.01248
5119 0.006776098704140678 0.001559071165665222 0.01404
5120 0.006776098704140678 0.001559071165665222 0.0156
5121 0.006776098704140678 0.001559071165665222 0.01716
5122 0.006776098704140678 0.001559071165665222 0.01872
5123 0.006776098704140678 0.001559071165665222 0.02028
5124 0.006776098704140678 0.001559071165665222 0.02184
5125 0.001522076879545829 0.006799546381766264 0.008579999999999999
5126 0.001522076879545829 0.006799546381766264 0.00936
5127 0.001522076879545829 0.006799546381766264 0.01014
5128 0.001522076879545829 0.006799546381766264 0.01092
5129 0.001522076879545829 0.006799546381766264 0.01248
5130 0.001522076879545829 0.006799546381766264 0.01404
5131 0.001522076879545829 0.006799546381766264 0.0156
5132 0.001522076879545829 0.006799546381766264 0.01716
5133 0.001522076879545829 0.006799546381766264 0.01872
5134 0.001522076879545829 0.006799546381766264 0.02028
5135 0.001522076879545829 0.006799546381766264 0.02184
5136 0.0004319473284725376 0.006071372898432263 0.008579999999999999
5137 0.0004319473284725376 0.006071372898432263 0.00936
5138 0.0004319473284725376 0.006071372898432263 0.01014
5139 0.0004319473284725376 0.006071372898432263 0.01092
5140 0.0004319473284725376 0.006071372898432263 0.01248
5141 0.0004319473284725376 0.006071372898432263 0.01404
5142 0.0004319473284725376 0.006071372898432263 0.0156
5143 0.0004319473284725376 0.006071372898432263 0.01716
5144 0.0004319473284725376 0.006071372898432263 0.01872
5145 0.0004319473284725376 0.006071372898432263 0.02028
5146 0.0004319473284725376 0.006071372898432263 0.02184
5147 0.003160252299538886 0.004804997648188422 0.008579999999999999
5148 0.003160252299538886 0.004804997648188422 0.00936
5149 0.003160252299538886 0.004804997648188422 0.01014
5150 0.003160252299538886 0.004804997648188422 0.01092
5151 0.003160252299538886 0.004804997648188422 0.01248
5152 0.003160252299538886 0.004804997648188422 0.01404
5153 0.003160252299538886 0.004804997648188422 0.0156
5154 0.003160252299538886 0.004804997648188422 0.01716
5155 0.003160252299538886 0.004804997648188422 0.01872
5156 0.003160252299538886 0.004804997648188422 0.02028
5157 0.003160252299538886 0.004804997648188422 0.02184
5158 0.003131979563697979 0.005394558209389633 0.008579999999999999
5159 0.003131979563697979 0.005394558209389633 0.00936
5160 0.003131979563697979 0.005394558209389633 0.01014
5161 0.003131979563697979 0.005394558209389633 0.01092
5162 0.003131979563697979 0.005394558209389633 0.01248
5163 0.003131979563697979 0.005394558209389633 0.01404
5164 0.003131979563697979 0.005394558209389633 0.0156
5165 0.003131979563697979 0.005394558209389633 0.01716
5166 0.003131979563697979 0.005394558209389633 0.01872
5167 0.003131979563697979 0.005394558209389633 0.02028
5168 0.003131979563697979 0.005394558209389633 0.02184
5169 0.002710094708969707 0.005723542242668599 0.008579999999999999
5170 0.002710094708969707 0.005723542242668599 0.00936
5171 0.002710094708969707 0.005723542242668599 0.01014
5172 0.002710094708969707 0.005723542242668599 0.01092
5173 0.002710094708969707 0.005723542242668599 0.01248
5174 0.002710094708969707 0.005723542242668599 0.01404
5175 0.002710094708969707 0.005723542242668599 0.0156
5176 0.002710094708969707 0.005723542242668599 0.01716
5177 0.002710094708969707 0.005723542242668599 0.01872
5178 0.002710094708969707 0.005723542242668599 0.02028
5179 0.002710094708969707 0.005723542242668599 0.02184
5180 0.003927326721296231 0.004679723983983502 0.008579999999999999
5181 0.003927326721296231 0.004679723983983502 0.00936
5182 0.003927326721296231 0.004679723983983502 0.01014
5183 0.003927326721296231 0.004679723983983502 0.01092
5184 0.003927326721296231 0.004679723983983502 0.01248
5185 0.003927326721296231 0.004679723983983502 0.01404
5186 0.003927326721296231 0.004679723983983502 0.0156
5187 0.003927326721296231 0.004679723983983502 0.01716
5188 0.003927326721296231 0.004679723983983502 0.01872
5189 0.003927326721296231 0.004679723983983502 0.02028
5190 0.003927326721296231 0.004679723983983502 0.02184
5191 0.003999904871407971 0.003804779559979307 0.008579999999999999
5192 0.003999904871407971 0.003804779559979307 0.00936
5193 0.003999904871407971 0.003804779559979307 0.01014
5194 0.003999904871407971 0.003804779559979307 0.01092
5195 0.003999904871407971 0.003804779559979307 0.01248
5196 0.003999904871407971 0.003804779559979307 0.01404
5197 0.003999904871407971 0.003804779559979307 0.0156
5198 0.003999904871407971 0.003804779559979307 0.01716
5199 0.003999904871407971 0.003804779559979307 0.01872
5200 0.003999904871407971 0.003804779559979307 0.02028
5201 0.003999904871407971 0.003804779559979307 0.02184
5202 0.004629267222642121 0.004247386727046031 0.008579999999999999
5203 0.004629267222642121 0.004247386727046031 0.00936
5204 0.004629267222642121 0.004247386727046031 0.01014
5205 0.004629267222642121 0.004247386727046031 0.01092
5206 0.004629267222642121 0.004247386727046031 0.01248
5207 0.004629267222642121 0.004247386727046031 0.01404
5208 0.004629267222642121 0.004247386727046031 0.0156
5209 0.004629267222642121 0.004247386727046031 0.01716
5210 0.004629267222642121 0.004247386727046031 0.01872
5211 0.004629267222642121 0.004247386727046031 0.02028
5212 0.004629267222642121 0.004247386727046031 0.02184
5213 0.004889180585399983 0.003492155956381529 0.008579999999999999
5214 0.004889180585399983 0.003492155956381529 0.00936
5215 0.004889180585399983 0.003492155956381529 0.01014
5216 0.004889180585399983 0.003492155956381529 0.01092
5217 0.004889180585399983 0.003492155956381529 0.01248
5218 0.004889180585399983 0.003492155956381529 0.01404
5219 0.004889180585399983 0.003492155956381529 0.0156
5220 0.004889180585399983 0.003492155956381529 0.01716
5221 0.004889180585399983 0.003492155956381529 0.01872
5222 0.004889180585399983 0.003492155956381529 0.02028
5223 0.004889180585399983 0.003492155956381529 0.02184
5224 0.003287799294730544 0.006137796422570421 0.008579999999999999
5225 0.003287799294730544 0.006137796422570421 0.00936
5226 0.003287799294730544 0.006137796422570421 0.01014
5227 0.003287799294730544 0.006137796422570421 0.01092
5228 0.003287799294730544 0.006137796422570421 0.01248
5229 0.003287799294730544 0.006137796422570421 0.01404
5230 0.003287799294730544 0.006137796422570421 0.0156
5231 0.003287799294730544 0.006137796422570421 0.01716
5232 0.003287799294730544 0.006137796422570421 0.01872
5233 0.003287799294730544 0.006137796422570421 0.02028
5234 0.003287799294730544 0.006137796422570421 0.02184
5235 0.004065172713170015 0.002869991654285229 0.008579999999999999
5236 0.004065172713170015 0.002869991654285229 0.00936
5237 0.004065172713170015 0.002869991654285229 0.01014
5238 0.004065172713170015 0.002869991654285229 0.01092
5239 0.004065172713170015 0.002869991654285229 0.01248
5240 0.004065172713170015 0.002869991654285229 0.01404
5241 0.004065172713170015 0.002869991654285229 0.0156
5242 0.004065172713170015 0.002869991654285229 0.01716
5243 0.004065172713170015 0.002869991654285229 0.01872
5244 0.004065172713170015 0.002869991654285229 0.02028
5245 0.004065172713170015 0.002869991654285229 0.02184
5246 0.005059308170869999 0.002614791959068133 0.008579999999999999
5247 0.005059308170869999 0.002614791959068133 0.00936
5248 0.005059308170869999 0.002614791959068133 0.01014
5249 0.005059308170869999 0.002614791959068133 0.01092
5250 0.005059308170869999 0.002614791959068133 0.01248
5251 0.005059308170869999 0.002614791959068133 0.01404
5252 0.005059308170869999 0.002614791959068133 0.0156
5253 0.005059308170869999 0.002614791959068133 0.01716
5254 0.005059308170869999 0.002614791959068133 0.01872
5255 0.005059308170869999 0.002614791959068133 0.02028
5256 0.005059308170869999 0.002614791959068133 0.02184
5257 0.004415032794665039 0.002044124115546503 0.008579999999999999
5258 0.004415032794665039 0.002044124115546503 0.00936
5259 0.004415032794665039 0.002044124115546503 0.01014
5260 0.004415032794665039 0.002044124115546503 0.01092
5261 0.004415032794665039 0.002044124115546503 0.01248
5262 0.004415032794665039 0.002044124115546503 0.01404
5263 0.004415032794665039 0.002044124115546503 0.0156
5264 0.004415032794665039 0.002044124115546503 0.01716
5265 0.004415032794665039 0.002044124115546503 0.01872
5266 0.004415032794665039 0.002044124115546503 0.02028
5267 0.004415032794665039 0.002044124115546503 0.02184
5268 0.005182961400710923 0.001620349328137789 0.008579999999999999
5269 0.005182961400710923 0.001620349328137789 0.00936
5270 0.005182961400710923 0.001620349328137789 0.01014
5271 0.005182961400710923 0.001620349328137789 0.01092
5272 0.005182961400710923 0.001620349328137789 0.01248
5273 0.005182961400710923 0.001620349328137789 0.01404
5274 0.005182961400710923 0.001620349328137789 0.0156
5275 0.005182961400710923 0.001620349328137789 0.01716
5276 0.005182961400710923 0.001620349328137789 0.01872
5277 0.005182961400710923 0.001620349328137789 0.02028
5278 0.005182961400710923 0.001620349328137789 0.02184
5279 0.002405965732698493 0.006499870136825335 0.008579999999999999
5280 0.002405965732698493 0.006499870136825335 0.00936
5281 0.002405965732698493 0.006499870136825335 0.01014
5282 0.002405965732698493 0.006499870136825335 0.01092
5283 0.002405965732698493 0.006499870136825335 0.01248
5284 0.002405965732698493 0.006499870136825335 0.01404
5285 0.002405965732698493 0.006499870136825335 0.0156
5286 0.002405965732698493 0.006499870136825335 0.01716
5287 0.002405965732698493 0.006499870136825335 0.01872
5288 0.002405965732698493 0.006499870136825335 0.02028
5289 0.002405965732698493 0.006499870136825335 0.02184
5290 0.0007043634563764444 0.006732414373748354 0.008579999999999999
5291 0.0007043634563764444 0.006732414373748354 0.00936
5292 0.0007043634563764444 0.006732414373748354 0.01014
5293 0.0007043634563764444 0.006732414373748354 0.01092
5294 0.0007043634563764444 0.006732414373748354 0.01248
5295 0.0007043634563764444 0.006732414373748354 0.01404
5296 0.0007043634563764444 0.006732414373748354 0.0156
5297 0.0007043634563764444 0.006732414373748354 0.01716
5298 0.0007043634563764444 0.006732414373748354 0.01872
5299 0.0007043634563764444 0.006732414373748354 0.02028
5300 0.0007043634563764444 0.006732414373748354 0.02184
5301 0.005624127866730352 0.0007495222814637818 0.008579999999999999
5302 0.005624127866730352 0.0007495222814637818 0.00936
5303 0.005624127866730352 0.0007495222814637818 0.01014
5304 0.005624127866730352 0.0007495222814637818 0.01092
5305 0.005624127866730352 0.0007495222814637818 0.01248
5306 0.005624127866730352 0.0007495222814637818 0.01404
5307 0.005624127866730352 0.0007495222814637818 0.0156
5308 0.005624127866730352 0.0007495222814637818 0.01716
5309 0.005624127866730352 0.0007495222814637818 0.01872
5310 0.005624127866730352 0.0007495222814637818 0.02028
5311 0.005624127866730352 0.0007495222814637818 0.02184
5312 0.005531290843094649 0.004158461465724999 0.008579999999999999
5313 0.005531290843094649 0.004158461465724999 0.00936
5314 0.005531290843094649 0.004158461465724999 0.01014
5315 0.005531290843094649 0.004158461465724999 0.01092
5316 0.005531290843094649 0.004158461465724999 0.01248
5317 0.005531290843094649 0.004158461465724999 0.01404
5318 0.005531290843094649 0.004158461465724999 0.0156
5319 0.005531290843094649 0.004158461465724999 0.01716
5320 0.005531290843094649 0.004158461465724999 0.01872
5321 0.005531290843094649 0.004158461465724999 0.02028
5322 0.005531290843094649 0.004158461465724999 0.02184
5323 0.005920643089295255 0.002281080753366863 0.008579999999999999
5324 0.005920643089295255 0.002281080753366863 0.00936
5325 0.005920643089295255 0.002281080753366863 0.01014
5326 0.005920643089295255 0.002281080753366863 0.01092
5327 0.005920643089295255 0.002281080753366863 0.01248
5328 0.005920643089295255 0.002281080753366863 0.01404
5329 0.005920643089295255 0.002281080753366863 0.0156
5330 0.005920643089295255 0.002281080753366863 0.01716
5331 0.005920643089295255 0.002281080753366863 0.01872
5332 0.005920643089295255 0.002281080753366863 0.02028
5333 0.005920643089295255 0.002281080753366863 0.02184
5334 0.003219476433705897 0.001851750435051215 0.008579999999999999
5335 0.003219476433705897 0.001851750435051215 0.00936
5336 0.003219476433705897 0.001851750435051215 0.01014
5337 0.003219476433705897 0.001851750435051215 0.01092
5338 0.003219476433705897 0.001851750435051215 0.01248
5339 0.003219476433705897 0.001851750435051215 0.01404
5340 0.003219476433705897 0.001851750435051215 0.0156
5341 0.003219476433705897 0.001851750435051215 0.01716
5342 0.003219476433705897 0.001851750435051215 0.01872
5343 0.003219476433705897 0.001851750435051215 0.02028
5344 0.003219476433705897 0.001851750435051215 0.02184
5345 0.0032889015388426 0.003346073472220245 0.008579999999999999
5346 0.0032889015388426 0.003346073472220245 0.00936
5347 0.0032889015388426 0.003346073472220245 0.01014
5348 0.0032889015388426 0.003346073472220245 0.01092
5349 0.0032889015388426 0.003346073472220245 0.01248
5350 0.0032889015388426 0.003346073472220245 0.01404
5351 0.0032889015388426 0.003346073472220245 0.0156
5352 0.0032889015388426 0.003346073472220245 0.01716
5353 0.0032889015388426 0.003346073472220245 0.01872
5354 0.0032889015388426 0.003346073472220245 0.02028
5355 0.0032889015388426 0.003346073472220245 0.02184
5356 0.003922208179373891 0.0007479555528297358 0.008579999999999999
5357 0.003922208179373891 0.0007479555528297358 0.00936
5358 0.003922208179373891 0.0007479555528297358 0.01014
5359 0.003922208179373891 0.0007479555528297358 0.01092
5360 0.003922208179373891 0.0007479555528297358 0.01248
5361 0.003922208179373891 0.0007479555528297358 0.01404
5362 0.003922208179373891 0.0007479555528297358 0.0156
5363 0.003922208179373891 0.0007479555528297358 0.01716
5364 0.003922208179373891 0.0007479555528297358 0.01872
5365 0.003922208179373891 0.0007479555528297358 0.02028
5366 0.003922208179373891 0.0007479555528297358 0.02184
5367 0.0006500000000000008 0.005575277674973255 0.008579999999999999
5368 0.0006500000000000008 0.005575277674973255 0.00936
5369 0.0006500000000000008 0.005575277674973255 0.01014
5370 0.0006500000000000008 0.005575277674973255 0.01092
5371 0.0006500000000000008 0.005575277674973255 0.01248
5372 0.0006500000000000008 0.005575277674973255 0.01404
5373 0.0006500000000000008 0.005575277674973255 0.0156
5374 0.0006500000000000008 0.005575277674973255 0.01716
5375 0.0006500000000000008 0.005575277674973255 0.01872
5376 0.0006500000000000008 0.005575277674973255 0.02028
5377 0.0006500000000000008 0.005575277674973255 0.02184
5378 0.001496309047230625 0.00561753667685987 0.008579999999999999
5379 0.001496309047230625 0.00561753667685987 0.00936
5380 0.001496309047230625 0.00561753667685987 0.01014
5381 0.001496309047230625 0.00561753667685987 0.01092
5382 0.001496309047230625 0.00561753667685987 0.01248
5383 0.001496309047230625 0.00561753667685987 0.01404
5384 0.001496309047230625 0.00561753667685987 0.0156
5385 0.001496309047230625 0.00561753667685987 0.01716
5386 0.001496309047230625 0.00561753667685987 0.01872
5387 0.001496309047230625 0.00561753667685987 0.02028
5388 0.001496309047230625 0.00561753667685987 0.02184
5389 0.001799591114702051 0.006108016054977943 0.008579999999999999
5390 0.001799591114702051 0.006108016054977943 0.00936
5391 0.001799591114702051 0.006108016054977943 0.01014
5392 0.001799591114702051 0.006108016054977943 0.01092
5393 0.001799591114702051 0.006108016054977943 0.01248
5394 0.001799591114702051 0.006108016054977943 0.01404
5395 0.001799591114702051 0.006108016054977943 0.0156
5396 0.001799591114702051 0.006108016054977943 0.01716
5397 0.001799591114702051 0.006108016054977943 0.01872
5398 0.001799591114702051 0.006108016054977943 0.02028
5399 0.001799591114702051 0.006108016054977943 0.02184
5400 0.003849689897869798 0.001564456262211709 0.008579999999999999
5401 0.003849689897869798 0.001564456262211709 0.00936
5402 0.003849689897869798 0.001564456262211709 0.01014
5403 0.003849689897869798 0.001564456262211709 0.01092
5404 0.003849689897869798 0.001564456262211709 0.01248
5405 0.003849689897869798 0.001564456262211709 0.01404
5406 0.003849689897869798 0.001564456262211709 0.0156
5407 0.003849689897869798 0.001564456262211709 0.01716
5408 0.003849689897869798 0.001564456262211709 0.01872
5409 0.003849689897869798 0.001564456262211709 0.02028
5410 0.003849689897869798 0.001564456262211709 0.02184
5411 0.006415683864314833 0.0007367516916290187 0.008579999999999999
5412 0.006415683864314833 0.0007367516916290187 0.00936
5413 0.006415683864314833 0.0007367516916290187 0.01014
5414 0.006415683864314833 0.0007367516916290187 0.01092
5415 0.006415683864314833 0.0007367516916290187 0.01248
5416 0.006415683864314833 0.0007367516916290187 0.01404
5417 0.006415683864314833 0.0007367516916290187 0.0156
5418 0.006415683864314833 0.0007367516916290187 0.01716
5419 0.006415683864314833 0.0007367516916290187 0.01872
5420 0.006415683864314833 0.0007367516916290187 0.02028
5421 0.006415683864314833 0.0007367516916290187 0.02184
5422 0.001100482093047985 0.006063552439124473 0.008579999999999999
5423 0.001100482093047985 0.006063552439124473 0.00936
5424 0.001100482093047985 0.006063552439124473 0.01014
5425 0.001100482093047985 0.006063552439124473 0.01092
5426 0.001100482093047985 0.006063552439124473 0.01248
5427 0.001100482093047985 0.006063552439124473 0.01404
5428 0.001100482093047985 0.006063552439124473 0.0156
5429 0.001100482093047985 0.006063552439124473 0.01716
5430 0.001100482093047985 0.006063552439124473 0.01872
5431 0.001100482093047985 0.006063552439124473 0.02028
5432 0.001100482093047985 0.006063552439124473 0.02184
5433 0.00225815346779504 0.005972245953098257 0.008579999999999999
5434 0.00225815346779504 0.005972245953098257 0.00936
5435 0.00225815346779504 0.005972245953098257 0.01014
5436 0.00225815346779504 0.005972245953098257 0.01092
5437 0.00225815346779504 0.005972245953098257 0.01248
5438 0.00225815346779504 0.005972245953098257 0.01404
5439 0.00225815346779504 0.005972245953098257 0.0156
5440 0.00225815346779504 0.005972245953098257 0.01716
5441 0.00225815346779504 0.005972245953098257 0.01872
5442 0.00225815346779504 0.005972245953098257 0.02028
5443 0.00225815346779504 0.005972245953098257 0.02184
5444 0.004839017596744873 0.005059463165976491 0.008579999999999999
5445 0.004839017596744873 0.005059463165976491 0.00936
5446 0.004839017596744873 0.005059463165976491 0.01014
5447 0.004839017596744873 0.005059463165976491 0.01092
5448 0.004839017596744873 0.005059463165976491 0.01248
5449 0.004839017596744873 0.005059463165976491 0.01404
5450 0.004839017596744873 0.005059463165976491 0.0156
5451 0.004839017596744873 0.005059463165976491 0.01716
5452 0.004839017596744873 0.005059463165976491 0.01872
5453 0.004839017596744873 0.005059463165976491 0.02028
5454 0.004839017596744873 0.005059463165976491 0.02184
5455 0.005940702967043309 0.001426671922579355 0.008579999999999999
5456 0.005940702967043309 0.001426671922579355 0.00936
5457 0.005940702967043309 0.001426671922579355 0.01014
5458 0.005940702967043309 0.001426671922579355 0.01092
5459 0.005940702967043309 0.001426671922579355 0.01248
5460 0.005940702967043309 0.001426671922579355 0.01404
5461 0.005940702967043309 0.001426671922579355 0.0156
5462 0.005940702967043309 0.001426671922579355 0.01716
5463 0.005940702967043309 0.001426671922579355 0.01872
5464 0.005940702967043309 0.001426671922579355 0.02028
5465 0.005940702967043309 0.001426671922579355 0.02184
5466 0.003602351930550913 0.005092266928360411 0.008579999999999999
5467 0.003602351930550913 0.005092266928360411 0.00936
5468 0.003602351930550913 0.005092266928360411 0.01014
5469 0.003602351930550913 0.005092266928360411 0.01092
5470 0.003602351930550913 0.005092266928360411 0.01248
5471 0.003602351930550913 0.005092266928360411 0.01404
5472 0.003602351930550913 0.005092266928360411 0.0156
5473 0.003602351930550913 0.005092266928360411 0.01716
5474 0.003602351930550913 0.005092266928360411 0.01872
5475 0.003602351930550913 0.005092266928360411 0.02028
5476 0.003602351930550913 0.005092266928360411 0.02184
5477 0.004470491299963192 0.001359175681089683 0.008579999999999999
5478 0.004470491299963192 0.001359175681089683 0.00936
5479 0.004470491299963192 0.001359175681089683 0.01014
5480 0.004470491299963192 0.001359175681089683 0.01092
5481 0.004470491299963192 0.001359175681089683 0.01248
5482 0.004470491299963192 0.001359175681089683 0.01404
5483 0.004470491299963192 0.001359175681089683 0.0156
5484 0.004470491299963192 0.001359175681089683 0.01716
5485 0.004470491299963192 0.001359175681089683 0.01872
5486 0.004470491299963192 0.001359175681089683 0.02028
5487 0.004470491299963192 0.001359175681089683 0.02184
5488 0.0003030561323611744 0.005579330114681104 0.008579999999999999
5489 0.0003030561323611744 0.005579330114681104 0.00936
5490 0.0003030561323611744 0.005579330114681104 0.01014
5491 0.0003030561323611744 0.005579330114681104 0.01092
5492 0.0003030561323611744 0.005579330114681104 0.01248
5493 0.0003030561323611744 0.005579330114681104 0.01404
5494 0.0003030561323611744 0.005579330114681104 0.0156
5495 0.0003030561323611744 0.005579330114681104 0.01716
5496 0.0003030561323611744 0.005579330114681104 0.01872
5497 0.0003030561323611744 0.005579330114681104 0.02028
5498 0.0003030561323611744 0.005579330114681104 0.02184
5499 0.00670140197640716 0.002506774860024955 0.008579999999999999
5500 0.00670140197640716 0.002506774860024955 0.00936
5501 0.00670140197640716 0.002506774860024955 0.01014
5502 0.00670140197640716 0.002506774860024955 0.01092
5503 0.00670140197640716 0.002506774860024955 0.01248
5504 0.00670140197640716 0.002506774860024955 0.01404
5505 0.00670140197640716 0.002506774860024955 0.0156
5506 0.00670140197640716 0.002506774860024955 0.01716
5507 0.00670140197640716 0.002506774860024955 0.01872
5508 0.00670140197640716 0.002506774860024955 0.02028
5509 0.00670140197640716 0.002506774860024955 0.02184
5510 0.003758540999301552 0.00218606449341893 0.008579999999999999
5511 0.003758540999301552 0.00218606449341893 0.00936
5512 0.003758540999301552 0.00218606449341893 0.01014
5513 0.003758540999301552 0.00218606449341893 0.01092
5514 0.003758540999301552 0.00218606449341893 0.01248
5515 0.003758540999301552 0.00218606449341893 0.01404
5516 0.003758540999301552 0.00218606449341893 0.0156
5517 0.003758540999301552 0.00218606449341893 0.01716
5518 0.003758540999301552 0.00218606449341893 0.01872
5519 0.003758540999301552 0.00218606449341893 0.02028
5520 0.003758540999301552 0.00218606449341893 0.02184
5521 0.002350225930014012 0.005529840652801288 0.008579999999999999
5522 0.002350225930014012 0.005529840652801288 0.00936
5523 0.002350225930014012 0.005529840652801288 0.01014
5524 0.002350225930014012 0.005529840652801288 0.01092
5525 0.002350225930014012 0.005529840652801288 0.01248
5526 0.002350225930014012 0.005529840652801288 0.01404
5527 0.002350225930014012 0.005529840652801288 0.0156
5528 0.002350225930014012 0.005529840652801288 0.01716
5529 0.002350225930014012 0.005529840652801288 0.01872
5530 0.002350225930014012 0.005529840652801288 0.02028
5531 0.002350225930014012 0.005529840652801288 0.02184
5532 0.003165973743703298 0.000523605201825593 0.008579999999999999
5533 0.003165973743703298 0.000523605201825593 0.00936
5534 0.003165973743703298 0.000523605201825593 0.01014
5535 0.003165973743703298 0.000523605201825593 0.01092
5536 0.003165973743703298 0.000523605201825593 0.01248
5537 0.003165973743703298 0.000523605201825593 0.01404
5538 0.003165973743703298 0.000523605201825593 0.0156
5539 0.003165973743703298 0.000523605201825593 0.01716
5540 0.003165973743703298 0.000523605201825593 0.01872
5541 0.003165973743703298 0.000523605201825593 0.02028
5542 0.003165973743703298 0.000523605201825593 0.02184
5543 0.007129144629692024 0.0006811757191651727 0.008579999999999999
5544 0.007129144629692024 0.0006811757191651727 0.00936
5545 0.007129144629692024 0.0006811757191651727 0.01014
5546 0.007129144629692024 0.0006811757191651727 0.01092
5547 0.007129144629692024 0.0006811757191651727 0.01248
5548 0.007129144629692024 0.0006811757191651727 0.01404
5549 0.007129144629692024 0.0006811757191651727 0.0156
5550 0.007129144629692024 0.0006811757191651727 0.01716
5551 0.007129144629692024 0.0006811757191651727 0.01872
5552 0.007129144629692024 0.0006811757191651727 0.02028
5553 0.007129144629692024 0.0006811757191651727 0.02184
5554 0.001943908754770221 0.01573808326795257 0.008579999999999999
5555 0.001943908754770221 0.01573808326795257 0.00936
5556 0.001943908754770221 0.01573808326795257 0.01014
5557 0.001943908754770221 0.01573808326795257 0.01092
5558 0.001943908754770221 0.01573808326795257 0.01248
5559 0.001943908754770221 0.01573808326795257 0.01404
5560 0.001943908754770221 0.01573808326795257 0.0156
5561 0.001943908754770221 0.01573808326795257 0.01716
5562 0.001943908754770221 0.01573808326795257 0.01872
5563 0.001943908754770221 0.01573808326795257 0.02028
5564 0.001943908754770221 0.01573808326795257 0.02184
5565 0.01594768592682722 0.001434232471749451 0.008579999999999999
5566 0.01594768592682722 0.001434232471749451 0.00936
5567 0.01594768592682722 0.001434232471749451 0.01014
5568 0.01594768592682722 0.001434232471749451 0.01092
5569 0.01594768592682722 0.001434232471749451 0.01248
5570 0.01594768592682722 0.001434232471749451 0.01404
5571 0.01594768592682722 0.001434232471749451 0.0156
5572 0.01594768592682722 0.001434232471749451 0.01716
5573 0.01594768592682722 0.001434232471749451 0.01872
5574 0.01594768592682722 0.001434232471749451 0.02028
5575 0.01594768592682722 0.001434232471749451 0.02184
5576 0.0072417055104794 0.01010969214968992 0.008579999999999999
5577 0.0072417055104794 0.01010969214968992 0.00936
5578 0.0072417055104794 0.01010969214968992 0.01014
5579 0.0072417055104794 0.01010969214968992 0.01092
5580 0.0072417055104794 0.01010969214968992 0.01248
5581 0.0072417055104794 0.01010969214968992 0.01404
5582 0.0072417055104794 0.01010969214968992 0.0156
5583 0.0072417055104794 0.01010969214968992 0.01716
5584 0.0072417055104794 0.01010969214968992 0.01872
5585 0.0072417055104794 0.01010969214968992 0.02028
5586 0.0072417055104794 0.01010969214968992 0.02184
5587 0.01971747911783842 0.01405841909838295 0.008579999999999999
5588 0.01971747911783842 0.01405841909838295 0.00936
5589 0.01971747911783842 0.01405841909838295 0.01014
5590 0.01971747911783842 0.01405841909838295 0.01092
5591 0.01971747911783842 0.01405841909838295 0.01248
5592 0.01971747911783842 0.01405841909838295 0.01404
5593 0.01971747911783842 0.01405841909838295 0.0156
5594 0.01971747911783842 0.01405841909838295 0.01716
5595 0.01971747911783842 0.01405841909838295 0.01872
5596 0.01971747911783842 0.01405841909838295 0.02028
5597 0.01971747911783842 0.01405841909838295 0.02184
5598 0.009530158488064228 0.01961796171220181 0.008579999999999999
5599 0.009530158488064228 0.01961796171220181 0.00936
5600 0.009530158488064228 0.01961796171220181 0.01014
5601 0.009530158488064228 0.01961796171220181 0.01092
5602 0.009530158488064228 0.01961796171220181 0.01248
5603 0.009530158488064228 0.01961796171220181 0.01404
5604 0.009530158488064228 0.01961796171220181 0.0156
5605 0.009530158488064228 0.01961796171220181 0.01716
5606 0.009530158488064228 0.01961796171220181 0.01872
5607 0.009530158488064228 0.01961796171220181 0.02028
5608 0.009530158488064228 0.01961796171220181 0.02184
5609 0.01164369743044229 0.004862132914182221 0.008579999999999999
5610 0.01164369743044229 0.004862132914182221 0.00936
5611 0.01164369743044229 0.004862132914182221 0.01014
5612 0.01164369743044229 0.004862132914182221 0.01092
5613 0.01164369743044229 0.004862132914182221 0.01248
5614 0.01164369743044229 0.004862132914182221 0.01404
5615 0.01164369743044229 0.004862132914182221 0.0156
5616 0.01164369743044229 0.004862132914182221 0.01716
5617 0.01164369743044229 0.004862132914182221 0.01872
5618 0.01164369743044229 0.004862132914182221 0.02028
5619 0.01164369743044229 0.004862132914182221 0.02184
5620 0.0198888572942233 0.00604199935000546 0.008579999999999999
5621 0.0198888572942233 0.00604199935000546 0.00936
5622 0.0198888572942233 0.00604199935000546 0.01014
5623 0.0198888572942233 0.00604199935000546 0.01092
5624 0.0198888572942233 0.00604199935000546 0.01248
5625 0.0198888572942233 0.00604199935000546 0.01404
5626 0.0198888572942233 0.00604199935000546 0.0156
5627 0.0198888572942233 0.00604199935000546 0.01716
5628 0.0198888572942233 0.00604199935000546 0.01872
5629 0.0198888572942233 0.00604199935000546 0.02028
5630 0.0198888572942233 0.00604199935000546 0.02184
5631 0.01742045497024886 0.01994835078720254 0.008579999999999999
5632 0.01742045497024886 0.01994835078720254 0.00936
5633 0.01742045497024886 0.01994835078720254 0.01014
5634 0.01742045497024886 0.01994835078720254 0.01092
5635 0.01742045497024886 0.01994835078720254 0.01248
5636 0.01742045497024886 0.01994835078720254 0.01404
5637 0.01742045497024886 0.01994835078720254 0.0156
5638 0.01742045497024886 0.01994835078720254 0.01716
5639 0.01742045497024886 0.01994835078720254 0.01872
5640 0.01742045497024886 0.01994835078720254 0.02028
5641 0.01742045497024886 0.01994835078720254 0.02184
5642 0.01062202104057759 0.007286339069211179 0.008579999999999999
5643 0.01062202104057759 0.007286339069211179 0.00936
5644 0.01062202104057759 0.007286339069211179 0.01014
5645 0.01062202104057759 0.007286339069211179 0.01092
5646 0.01062202104057759 0.007286339069211179 0.01248
5647 0.01062202104057759 0.007286339069211179 0.01404
5648 0.01062202104057759 0.007286339069211179 0.0156
5649 0.01062202104057759 0.007286339069211179 0.01716
5650 0.01062202104057759 0.007286339069211179 0.01872
5651 0.01062202104057759 0.007286339069211179 0.02028
5652 0.01062202104057759 0.007286339069211179 0.02184
5653 0.01339639395802355 0.007018317734945669 0.008579999999999999
5654 0.01339639395802355 0.007018317734945669 0.00936
5655 0.01339639395802355 0.007018317734945669 0.01014
5656 0.01339639395802355 0.007018317734945669 0.01092
5657 0.01339639395802355 0.007018317734945669 0.01248
5658 0.01339639395802355 0.007018317734945669 0.01404
5659 0.01339639395802355 0.007018317734945669 0.0156
5660 0.01339639395802355 0.007018317734945669 0.01716
5661 0.01339639395802355 0.007018317734945669 0.01872
5662 0.01339639395802355 0.007018317734945669 0.02028
5663 0.01339639395802355 0.007018317734945669 0.02184
5664 0.0124131493175523 0.009671644223469861 0.008579999999999999
5665 0.0124131493175523 0.009671644223469861 0.00936
5666 0.0124131493175523 0.009671644223469861 0.01014
5667 0.0124131493175523 0.009671644223469861 0.01092
5668 0.0124131493175523 0.009671644223469861 0.01248
5669 0.0124131493175523 0.009671644223469861 0.01404
5670 0.0124131493175523 0.009671644223469861 0.0156
5671 0.0124131493175523 0.009671644223469861 0.01716
5672 0.0124131493175523 0.009671644223469861 0.01872
5673 0.0124131493175523 0.009671644223469861 0.02028
5674 0.0124131493175523 0.009671644223469861 0.02184
5675 0.01525628468219473 0.009306395927164734 0.008579999999999999
5676 0.01525628468219473 0.009306395927164734 0.00936
5677 0.01525628468219473 0.009306395927164734 0.01014
5678 0.01525628468219473 0.009306395927164734 0.01092
5679 0.01525628468219473 0.009306395927164734 0.01248
5680 0.01525628468219473 0.009306395927164734 0.01404
5681 0.01525628468219473 0.009306395927164734 0.0156
5682 0.01525628468219473 0.009306395927164734 0.01716
5683 0.01525628468219473 0.009306395927164734 0.01872
5684 0.01525628468219473 0.009306395927164734 0.02028
5685 0.01525628468219473 0.009306395927164734 0.02184
5686 0.01415320452184807 0.01222622062583588 0.008579999999999999
5687 0.01415320452184807 0.01222622062583588 0.00936
5688 0.01415320452184807 0.01222622062583588 0.01014
5689 0.01415320452184807 0.01222622062583588 0.01092
5690 0.01415320452184807 0.01222622062583588 0.01248
5691 0.01415320452184807 0.01222622062583588 0.01404
5692 0.01415320452184807 0.01222622062583588 0.0156
5693 0.01415320452184807 0.01222622062583588 0.01716
5694 0.01415320452184807 0.01222622062583588 0.01872
5695 0.01415320452184807 0.01222622062583588 0.02028
5696 0.01415320452184807 0.01222622062583588 0.02184
5697 0.01119727747518481 0.01251436484998366 0.008579999999999999
5698 0.01119727747518481 0.01251436484998366 0.00936
5699 0.01119727747518481 0.01251436484998366 0.01014
5700 0.01119727747518481 0.01251436484998366 0.01092
5701 0.01119727747518481 0.01251436484998366 0.01248
5702 0.01119727747518481 0.01251436484998366 0.01404
5703 0.01119727747518481 0.01251436484998366 0.0156
5704 0.01119727747518481 0.01251436484998366 0.01716
5705 0.01119727747518481 0.01251436484998366 0.01872
5706 0.01119727747518481 0.01251436484998366 0.02028
5707 0.01119727747518481 0.01251436484998366 0.02184
5708 0.01288310917770261 0.01520054198688977 0.008579999999999999
5709 0.01288310917770261 0.01520054198688977 0.00936
5710 0.01288310917770261 0.01520054198688977 0.01014
5711 0.01288310917770261 0.01520054198688977 0.01092
5712 0.01288310917770261 0.01520054198688977 0.01248
5713 0.01288310917770261 0.01520054198688977 0.01404
5714 0.01288310917770261 0.01520054198688977 0.0156
5715 0.01288310917770261 0.01520054198688977 0.01716
5716 0.01288310917770261 0.01520054198688977 0.01872
5717 0.01288310917770261 0.01520054198688977 0.02028
5718 0.01288310917770261 0.01520054198688977 0.02184
5719 0.00552434325872959 0.01177087663025088 0.008579999999999999
5720 0.00552434325872959 0.01177087663025088 0.00936
5721 0.00552434325872959 0.01177087663025088 0.01014
5722 0.00552434325872959 0.01177087663025088 0.01092
5723 0.00552434325872959 0.01177087663025088 0.01248
5724 0.00552434325872959 0.01177087663025088 0.01404
5725 0.00552434325872959 0.01177087663025088 0.0156
5726 0.00552434325872959 0.01177087663025088 0.01716
5727 0.00552434325872959 0.01177087663025088 0.01872
5728 0.00552434325872959 0.01177087663025088 0.02028
5729 0.00552434325872959 0.01177087663025088 0.02184
5730 0.00218414027113102 0.02044130965598676 0.008579999999999999
5731 0.00218414027113102 0.02044130965598676 0.00936
5732 0.00218414027113102 0.02044130965598676 0.01014
5733 0.00218414027113102 0.02044130965598676 0.01092
5734 0.00218414027113102 0.02044130965598676 0.01248
5735 0.00218414027113102 0.02044130965598676 0.01404
5736 0.00218414027113102 0.02044130965598676 0.0156
5737 0.00218414027113102 0.02044130965598676 0.01716
5738 0.00218414027113102 0.02044130965598676 0.01872
5739 0.00218414027113102 0.02044130965598676 0.02028
5740 0.00218414027113102 0.02044130965598676 0.02184
5741 0.0096086433354312 0.01570768158313721 0.008579999999999999
5742 0.0096086433354312 0.01570768158313721 0.00936
5743 0.0096086433354312 0.01570768158313721 0.01014
5744 0.0096086433354312 0.01570768158313721 0.01092
5745 0.0096086433354312 0.01570768158313721 0.01248
5746 0.0096086433354312 0.01570768158313721 0.01404
5747 0.0096086433354312 0.01570768158313721 0.0156
5748 0.0096086433354312 0.01570768158313721 0.01716
5749 0.0096086433354312 0.01570768158313721 0.01872
5750 0.0096086433354312 0.01570768158313721 0.02028
5751 0.0096086433354312 0.01570768158313721 0.02184
5752 0.02042221770869856 0.002211568749703224 0.008579999999999999
5753 0.02042221770869856 0.002211568749703224 0.00936
5754 0.02042221770869856 0.002211568749703224 0.01014
5755 0.02042221770869856 0.002211568749703224 0.01092
5756 0.02042221770869856 0.002211568749703224 0.01248
5757 0.02042221770869856 0.002211568749703224 0.01404
5758 0.02042221770869856 0.002211568749703224 0.0156
5759 0.02042221770869856 0.002211568749703224 0.01716
5760 0.02042221770869856 0.002211568749703224 0.01872
5761 0.02042221770869856 0.002211568749703224 0.02028
5762 0.02042221770869856 0.002211568749703224 0.02184
5763 0.002972843154056267 0.01306396702843609 0.008579999999999999
5764 0.002972843154056267 0.01306396702843609 0.00936
5765 0.002972843154056267 0.01306396702843609 0.01014
5766 0.002972843154056267 0.01306396702843609 0.01092
5767 0.002972843154056267 0.01306396702843609 0.01248
5768 0.002972843154056267 0.01306396702843609 0.01404
5769 0.002972843154056267 0.01306396702843609 0.0156
5770 0.002972843154056267 0.01306396702843609 0.01716
5771 0.002972843154056267 0.01306396702843609 0.01872
5772 0.002972843154056267 0.01306396702843609 0.02028
5773 0.002972843154056267 0.01306396702843609 0.02184
5774 0.005276384441133407 0.01438991748919611 0.008579999999999999
5775 0.005276384441133407 0.01438991748919611 0.00936
5776 0.005276384441133407 0.01438991748919611 0.01014
5777 0.005276384441133407 0.01438991748919611 0.01092
5778 0.005276384441133407 0.01438991748919611 0.01248
5779 0.005276384441133407 0.01438991748919611 0.01404
5780 0.005276384441133407 0.01438991748919611 0.0156
5781 0.005276384441133407 0.01438991748919611 0.01716
5782 0.005276384441133407 0.01438991748919611 0.01872
5783 0.005276384441133407 0.01438991748919611 0.02028
5784 0.005276384441133407 0.01438991748919611 0.02184
5785 0.02025902033152263 0.01001117812407835 0.008579999999999999
5786 0.02025902033152263 0.01001117812407835 0.00936
5787 0.02025902033152263 0.01001117812407835 0.01014
5788 0.02025902033152263 0.01001117812407835 0.01092
5789 0.02025902033152263 0.01001117812407835 0.01248
5790 0.02025902033152263 0.01001117812407835 0.01404
5791 0.02025902033152263 0.01001117812407835 0.0156
5792 0.02025902033152263 0.01001117812407835 0.01716
5793 0.02025902033152263 0.01001117812407835 0.01872
5794 0.02025902033152263 0.01001117812407835 0.02028
5795 0.02025902033152263 0.01001117812407835 0.02184
5796 0.01605951864268692 0.01466102089155419 0.008579999999999999
5797 0.01605951864268692 0.01466102089155419 0.00936
5798 0.01605951864268692 0.01466102089155419 0.01014
5799 0.01605951864268692 0.01466102089155419 0.01092
5800 0.01605951864268692 0.01466102089155419 0.01248
5801 0.01605951864268692 0.01466102089155419 0.01404
5802 0.01605951864268692 0.01466102089155419 0.0156
5803 0.01605951864268692 0.01466102089155419 0.01716
5804 0.01605951864268692 0.01466102089155419 0.01872
5805 0.01605951864268692 0.01466102089155419 0.02028
5806 0.01605951864268692 0.01466102089155419 0.02184
5807 0.01637000808774499 0.006144227102873038 0.008579999999999999
5808 0.01637000808774499 0.006144227102873038 0.00936
5809 0.01637000808774499 0.006144227102873038 0.01014
5810 0.01637000808774499 0.006144227102873038 0.01092
5811 0.01637000808774499 0.006144227102873038 0.01248
5812 0.01637000808774499 0.006144227102873038 0.01404
5813 0.01637000808774499 0.006144227102873038 0.0156
5814 0.01637000808774499 0.006144227102873038 0.01716
5815 0.01637000808774499 0.006144227102873038 0.01872
5816 0.01637000808774499 0.006144227102873038 0.02028
5817 0.01637000808774499 0.006144227102873038 0.02184
5818 0.01809744613677956 0.003932415983288253 0.008579999999999999
5819 0.01809744613677956 0.003932415983288253 0.00936
5820 0.01809744613677956 0.003932415983288253 0.01014
5821 0.01809744613677956 0.003932415983288253 0.01092
5822 0.01809744613677956 0.003932415983288253 0.01248
5823 0.01809744613677956 0.003932415983288253 0.01404
5824 0.01809744613677956 0.003932415983288253 0.0156
5825 0.01809744613677956 0.003932415983288253 0.01716
5826 0.01809744613677956 0.003932415983288253 0.01872
5827 0.01809744613677956 0.003932415983288253 0.02028
5828 0.01809744613677956 0.003932415983288253 0.02184
5829 0.0134247311863531 0.0202542713572419 0.008579999999999999
5830 0.0134247311863531 0.0202542713572419 0.00936
5831 0.0134247311863531 0.0202542713572419 0.01014
5832 0.0134247311863531 0.0202542713572419 0.01092
5833 0.0134247311863531 0.0202542713572419 0.01248
5834 0.0134247311863531 0.0202542713572419 0.01404
5835 0.0134247311863531 0.0202542713572419 0.0156
5836 0.0134247311863531 0.0202542713572419 0.01716
5837 0.0134247311863531 0.0202542713572419 0.01872
5838 0.0134247311863531 0.0202542713572419 0.02028
5839 0.0134247311863531 0.0202542713572419 0.02184
5840 0.005650577731129394 0.02032684480782044 0.008579999999999999
5841 0.005650577731129394 0.02032684480782044 0.00936
5842 0.005650577731129394 0.02032684480782044 0.01014
5843 0.005650577731129394 0.02032684480782044 0.01092
5844 0.005650577731129394 0.02032684480782044 0.01248
5845 0.005650577731129394 0.02032684480782044 0.01404
5846 0.005650577731129394 0.02032684480782044 0.0156
5847 0.005650577731129394 0.02032684480782044 0.01716
5848 0.005650577731129394 0.02032684480782044 0.01872
5849 0.005650577731129394 0.02032684480782044 0.02028
5850 0.005650577731129394 0.02032684480782044 0.02184
5851 0.003795719050561768 0.01798333333333333 0.008579999999999999
5852 0.003795719050561768 0.01798333333333333 0.00936
5853 0.003795719050561768 0.01798333333333333 0.01014
5854 0.003795719050561768 0.01798333333333333 0.01092
5855 0.003795719050561768 0.01798333333333333 0.01248
5856 0.003795719050561768 0.01798333333333333 0.01404
5857 0.003795719050561768 0.01798333333333333 0.0156
5858 0.003795719050561768 0.01798333333333333 0.01716
5859 0.003795719050561768 0.01798333333333333 0.01872
5860 0.003795719050561768 0.01798333333333333 0.02028
5861 0.003795719050561768 0.01798333333333333 0.02184
5862 0.006508660579604298 0.01702915224796929 0.008579999999999999
5863 0.006508660579604298 0.01702915224796929 0.00936
5864 0.006508660579604298 0.01702915224796929 0.01014
5865 0.006508660579604298 0.01702915224796929 0.01092
5866 0.006508660579604298 0.01702915224796929 0.01248
5867 0.006508660579604298 0.01702915224796929 0.01404
5868 0.006508660579604298 0.01702915224796929 0.0156
5869 0.006508660579604298 0.01702915224796929 0.01716
5870 0.006508660579604298 0.01702915224796929 0.01872
5871 0.006508660579604298 0.01702915224796929 0.02028
5872 0.006508660579604298 0.01702915224796929 0.02184
5873 0.01248207843249929 0.002488873915852645 0.008579999999999999
5874 0.01248207843249929 0.002488873915852645 0.00936
5875 0.01248207843249929 0.002488873915852645 0.01014
5876 0.01248207843249929 0.002488873915852645 0.01092
5877 0.01248207843249929 0.002488873915852645 0.01248
5878 0.01248207843249929 0.002488873915852645 0.01404
5879 0.01248207843249929 0.002488873915852645 0.0156
5880 0.01248207843249929 0.002488873915852645 0.01716
5881 0.01248207843249929 0.002488873915852645 0.01872
5882 0.01248207843249929 0.002488873915852645 0.02028
5883 0.01248207843249929 0.002488873915852645 0.02184
5884 0.01400232347936326 0.004323575196540917 0.008579999999999999
5885 0.01400232347936326 0.004323575196540917 0.00936
5886 0.01400232347936326 0.004323575196540917 0.01014
5887 0.01400232347936326 0.004323575196540917 0.01092
5888 0.01400232347936326 0.004323575196540917 0.01248
5889 0.01400232347936326 0.004323575196540917 0.01404
5890 0.01400232347936326 0.004323575196540917 0.0156
5891 0.01400232347936326 0.004323575196540917 0.01716
5892 0.01400232347936326 0.004323575196540917 0.01872
5893 0.01400232347936326 0.004323575196540917 0.02028
5894 0.01400232347936326 0.004323575196540917 0.02184
5895 0.02032364124520495 0.01781309910719078 0.008579999999999999
5896 0.02032364124520495 0.01781309910719078 0.00936
5897 0.02032364124520495 0.01781309910719078 0.01014
5898 0.02032364124520495 0.01781309910719078 0.01092
5899 0.02032364124520495 0.01781309910719078 0.01248
5900 0.02032364124520495 0.01781309910719078 0.01404
5901 0.02032364124520495 0.01781309910719078 0.0156
5902 0.02032364124520495 0.01781309910719078 0.01716
5903 0.02032364124520495 0.01781309910719078 0.01872
5904 0.02032364124520495 0.01781309910719078 0.02028
5905 0.02032364124520495 0.01781309910719078 0.02184
5906 0.008023406654162043 0.01271767323175361 0.008579999999999999
5907 0.008023406654162043 0.01271767323175361 0.00936
5908 0.008023406654162043 0.01271767323175361 0.01014
5909 0.008023406654162043 0.01271767323175361 0.01092
5910 0.008023406654162043 0.01271767323175361 0.01248
5911 0.008023406654162043 0.01271767323175361 0.01404
5912 0.008023406654162043 0.01271767323175361 0.0156
5913 0.008023406654162043 0.01271767323175361 0.01716
5914 0.008023406654162043 0.01271767323175361 0.01872
5915 0.008023406654162043 0.01271767323175361 0.02028
5916 0.008023406654162043 0.01271767323175361 0.02184
5917 0.01720628654846633 0.01148309242007422 0.008579999999999999
5918 0.01720628654846633 0.01148309242007422 0.00936
5919 0.01720628654846633 0.01148309242007422 0.01014
5920 0.01720628654846633 0.01148309242007422 0.01092
5921 0.01720628654846633 0.01148309242007422 0.01248
5922 0.01720628654846633 0.01148309242007422 0.01404
5923 0.01720628654846633 0.01148309242007422 0.0156
5924 0.01720628654846633 0.01148309242007422 0.01716
5925 0.01720628654846633 0.01148309242007422 0.01872
5926 0.01720628654846633 0.01148309242007422 0.02028
5927 0.01720628654846633 0.01148309242007422 0.02184
5928 0.001662390790180475 0.01800504009427953 0.008579999999999999
5929 0.001662390790180475 0.01800504009427953 0.00936
5930 0.001662390790180475 0.01800504009427953 0.01014
5931 0.001662390790180475 0.01800504009427953 0.01092
5932 0.001662390790180475 0.01800504009427953 0.01248
5933 0.001662390790180475 0.01800504009427953 0.01404
5934 0.001662390790180475 0.01800504009427953 0.0156
5935 0.001662390790180475 0.01800504009427953 0.01716
5936 0.001662390790180475 0.01800504009427953 0.01872
5937 0.001662390790180475 0.01800504009427953 0.02028
5938 0.001662390790180475 0.01800504009427953 0.02184
5939 0.01798333333333333 0.001743262847355336 0.008579999999999999
5940 0.01798333333333333 0.001743262847355336 0.00936
5941 0.01798333333333333 0.001743262847355336 0.01014
5942 0.01798333333333333 0.001743262847355336 0.01092
5943 0.01798333333333333 0.001743262847355336 0.01248
5944 0.01798333333333333 0.001743262847355336 0.01404
5945 0.01798333333333333 0.001743262847355336 0.0156
5946 0.01798333333333333 0.001743262847355336 0.01716
5947 0.01798333333333333 0.001743262847355336 0.01872
5948 0.01798333333333333 0.001743262847355336 0.02028
5949 0.01798333333333333 0.001743262847355336 0.02184
5950 0.01189333651192252 0.01766804251986837 0.008579999999999999
5951 0.01189333651192252 0.01766804251986837 0.00936
5952 0.01189333651192252 0.01766804251986837 0.01014
5953 0.01189333651192252 0.01766804251986837 0.01092
5954 0.01189333651192252 0.01766804251986837 0.01248
5955 0.01189333651192252 0.01766804251986837 0.01404
5956 0.01189333651192252 0.01766804251986837 0.0156
5957 0.01189333651192252 0.01766804251986837 0.01716
5958 0.01189333651192252 0.01766804251986837 0.01872
5959 0.01189333651192252 0.01766804251986837 0.02028
5960 0.01189333651192252 0.01766804251986837 0.02184
5961 0.01485667700359584 0.01749317507497244 0.008579999999999999
5962 0.01485667700359584 0.01749317507497244 0.00936
5963 0.01485667700359584 0.01749317507497244 0.01014
5964 0.01485667700359584 0.01749317507497244 0.01092
5965 0.01485667700359584 0.01749317507497244 0.01248
5966 0.01485667700359584 0.01749317507497244 0.01404
5967 0.01485667700359584 0.01749317507497244 0.0156
5968 0.01485667700359584 0.01749317507497244 0.01716
5969 0.01485667700359584 0.01749317507497244 0.01872
5970 0.01485667700359584 0.01749317507497244 0.02028
5971 0.01485667700359584 0.01749317507497244 0.02184
5972 0.009731826211814596 0.009770287393054425 0.008579999999999999
5973 0.009731826211814596 0.009770287393054425 0.00936
5974 0.009731826211814596 0.009770287393054425 0.01014
5975 0.009731826211814596 0.009770287393054425 0.01092
5976 0.009731826211814596 0.009770287393054425 0.01248
5977 0.009731826211814596 0.009770287393054425 0.01404
5978 0.009731826211814596 0.009770287393054425 0.0156
5979 0.009731826211814596 0.009770287393054425 0.01716
5980 0.009731826211814596 0.009770287393054425 0.01872
5981 0.009731826211814596 0.009770287393054425 0.02028
5982 0.009731826211814596 0.009770287393054425 0.02184
5983 0.001453738305738717 0.01171900635597031 0.008579999999999999
5984 0.001453738305738717 0.01171900635597031 0.00936
5985 0.001453738305738717 0.01171900635597031 0.01014
5986 0.001453738305738717 0.01171900635597031 0.01092
5987 0.001453738305738717 0.01171900635597031 0.01248
5988 0.001453738305738717 0.01171900635597031 0.01404
5989 0.001453738305738717 0.01171900635597031 0.0156
5990 0.001453738305738717 0.01171900635597031 0.01716
5991 0.001453738305738717 0.01171900635597031 0.01872
5992 0.001453738305738717 0.01171900635597031 0.02028
5993 0.001453738305738717 0.01171900635597031 0.02184
5994 0.02054500185048138 0.02054500185048138 0.008579999999999999
5995 0.02054500185048138 0.02054500185048138 0.00936
5996 0.02054500185048138 0.02054500185048138 0.01014
5997 0.02054500185048138 0.02054500185048138 0.01092
5998 0.02054500185048138 0.02054500185048138 0.01248
5999 0.02054500185048138 0.02054500185048138 0.01404
6000 0.02054500185048138 0.02054500185048138 0.0156
6001 0.02054500185048138 0.02054500185048138 0.01716
6002 0.02054500185048138 0.02054500185048138 0.01872
6003 0.02054500185048138 0.02054500185048138 0.02028
6004 0.02054500185048138 0.02054500185048138 0.02184
6005 0.0177960913888304 0.008597378584839159 0.008579999999999999
6006 0.0177960913888304 0.008597378584839159 0.00936
6007 0.0177960913888304 0.008597378584839159 0.01014
6008 0.0177960913888304 0.008597378584839159 0.01092
6009 0.0177960913888304 0.008597378584839159 0.01248
6010 0.0177960913888304 0.008597378584839159 0.01404
6011 0.0177960913888304 0.008597378584839159 0.0156
6012 0.0177960913888304 0.008597378584839159 0.01716
6013 0.0177960913888304 0.008597378584839159 0.01872
6014 0.0177960913888304 0.008597378584839159 0.02028
6015 0.0177960913888304 0.008597378584839159 0.02184
6016 0.007335720571594056 0.01495078890080895 0.008579999999999999
6017 0.007335720571594056 0.01495078890080895 0.00936
6018 0.007335720571594056 0.01495078890080895 0.01014
6019 0.007335720571594056 0.01495078890080895 0.01092
6020 0.007335720571594056 0.01495078890080895 0.01248
6021 0.007335720571594056 0.01495078890080895 0.01404
6022 0.007335720571594056 0.01495078890080895 0.0156
6023 0.007335720571594056 0.01495078890080895 0.01716
6024 0.007335720571594056 0.01495078890080895 0.01872
6025 0.007335720571594056 0.01495078890080895 0.02028
6026 0.007335720571594056 0.01495078890080895 0.02184
6027 0.001274098042913041 0.0135642113304718 0.008579999999999999
6028 0.001274098042913041 0.0135642113304718 0.00936
6029 0.001274098042913041 0.0135642113304718 0.01014
6030 0.001274098042913041 0.0135642113304718 0.01092
6031 0.001274098042913041 0.0135642113304718 0.01248
6032 0.001274098042913041 0.0135642113304718 0.01404
6033 0.001274098042913041 0.0135642113304718 0.0156
6034 0.001274098042913041 0.0135642113304718 0.01716
6035 0.001274098042913041 0.0135642113304718 0.01872
6036 0.001274098042913041 0.0135642113304718 0.02028
6037 0.001274098042913041 0.0135642113304718 0.02184
6038 0.01429718795091331 0.002006849552683369 0.008579999999999999
6039 0.01429718795091331 0.002006849552683369 0.00936
6040 0.01429718795091331 0.002006849552683369 0.01014
6041 0.01429718795091331 0.002006849552683369 0.01092
6042 0.01429718795091331 0.002006849552683369 0.01248
6043 0.01429718795091331 0.002006849552683369 0.01404
6044 0.01429718795091331 0.002006849552683369 0.0156
6045 0.01429718795091331 0.002006849552683369 0.01716
6046 0.01429718795091331 0.002006849552683369 0.01872
6047 0.01429718795091331 0.002006849552683369 0.02028
6048 0.01429718795091331 0.002006849552683369 0.02184
6049 0.003950676617594035 0.01586163699364423 0.008579999999999999
6050 0.003950676617594035 0.01586163699364423 0.00936
6051 0.003950676617594035 0.01586163699364423 0.01014
6052 0.003950676617594035 0.01586163699364423 0.01092
6053 0.003950676617594035 0.01586163699364423 0.01248
6054 0.003950676617594035 0.01586163699364423 0.01404
6055 0.003950676617594035 0.01586163699364423 0.0156
6056 0.003950676617594035 0.01586163699364423 0.01716
6057 0.003950676617594035 0.01586163699364423 0.01872
6058 0.003950676617594035 0.01586163699364423 0.02028
6059 0.003950676617594035 0.01586163699364423 0.02184
6060 0.01751530539544059 0.01711436718154235 0.008579999999999999
6061 0.01751530539544059 0.01711436718154235 0.00936
6062 0.01751530539544059 0.01711436718154235 0.01014
6063 0.01751530539544059 0.01711436718154235 0.01092
6064 0.01751530539544059 0.01711436718154235 0.01248
6065 0.01751530539544059 0.01711436718154235 0.01404
6066 0.01751530539544059 0.01711436718154235 0.0156
6067 0.01751530539544059 0.01711436718154235 0.01716
6068 0.01751530539544059 0.01711436718154235 0.01872
6069 0.01751530539544059 0.01711436718154235 0.02028
6070 0.01751530539544059 0.01711436718154235 0.02184
6071 0.01148333333333333 0.001232663044120105 0.008579999999999999
6072 0.01148333333333333 0.001232663044120105 0.00936
6073 0.01148333333333333 0.001232663044120105 0.01014
6074 0.01148333333333333 0.001232663044120105 0.01092
6075 0.01148333333333333 0.001232663044120105 0.01248
6076 0.01148333333333333 0.001232663044120105 0.01404
6077 0.01148333333333333 0.001232663044120105 0.0156
6078 0.01148333333333333 0.001232663044120105 0.01716
6079 0.01148333333333333 0.001232663044120105 0.01872
6080 0.01148333333333333 0.001232663044120105 0.02028
6081 0.01148333333333333 0.001232663044120105 0.02184
6082 0.01607483394564218 0.003601149743299947 0.008579999999999999
6083 0.01607483394564218 0.003601149743299947 0.00936
6084 0.01607483394564218 0.003601149743299947 0.01014
6085 0.01607483394564218 0.003601149743299947 0.01092
6086 0.01607483394564218 0.003601149743299947 0.01248
6087 0.01607483394564218 0.003601149743299947 0.01404
6088 0.01607483394564218 0.003601149743299947 0.0156
6089 0.01607483394564218 0.003601149743299947 0.01716
6090 0.01607483394564218 0.003601149743299947 0.01872
6091 0.01607483394564218 0.003601149743299947 0.02028
6092 0.01607483394564218 0.003601149743299947 0.02184
$EndNodes
$Elements
10219
1 2 2 6 7 150 999 8
2 2 2 6 7 149 997 150
3 2 2 6 7 7 1001 146
4 2 2 6 7 148 994 149
5 2 2 6 7 147 993 148
6 2 2 6 7 996 997 149
7 2 2 6 7 146 1000 147
8 2 2 6 7 147 1000 995
9 2 2 6 7 137 1001 136
10 2 2 6 7 148 998 994
11 2 2 6 7 993 998 148
12 2 2 6 7 139 995 138
13 2 2 6 7 138 1000 137
14 2 2 6 7 141 998 140
15 2 2 6 7 994 996 149
16 2 2 6 7 145 999 144
17 2 2 6 7 147 995 993
18 2 2 6 7 143 996 142
19 2 2 6 7 140 993 139
20 2 2 6 7 142 994 141
21 2 2 6 7 144 997 143
22 2 2 6 7 997 999 150
23 2 2 6 7 1000 1001 137
24 2 2 6 7 995 1000 138
25 2 2 6 7 993 995 139
26 2 2 6 7 140 998 993
27 2 2 6 7 994 998 141
28 2 2 6 7 144 999 997
29 2 2 6 7 142 996 994
30 2 2 6 7 143 997 996
31 2 2 6 7 146 1001 1000
32 2 2 6 7 5 1001 7
33 2 2 6 7 136 1001 5
34 2 2 6 7 8 999 6
35 2 2 6 7 6 999 145
36 2 2 9 12 209 18 1173
37 2 2 9 12 208 209 1171
38 2 2 9 12 19 205 1175
39 2 2 9 12 207 208 1168
40 2 2 9 12 206 207 1167
41 2 2 9 12 1170 208 1171
42 2 2 9 12 205 206 1174
43 2 2 9 12 206 1169 1174
44 2 2 9 12 174 173 1175
45 2 2 9 12 207 1168 1172
46 2 2 9 12 1167 207 1172
47 2 2 9 12 176 175 1169
48 2 2 9 12 175 174 1174
49 2 2 9 12 178 177 1172
50 2 2 9 12 1168 208 1170
51 2 2 9 12 182 181 1173
52 2 2 9 12 206 1167 1169
53 2 2 9 12 180 179 1170
54 2 2 9 12 177 176 1167
55 2 2 9 12 179 178 1168
56 2 2 9 12 181 180 1171
57 2 2 9 12 1171 209 1173
58 2 2 9 12 1174 174 1175
59 2 2 9 12 1169 175 1174
60 2 2 9 12 1167 176 1169
61 2 2 9 12 177 1167 1172
62 2 2 9 12 1168 178 1172
63 2 2 9 12 181 1171 1173
64 2 2 9 12 179 1168 1170
65 2 2 9 12 180 1170 1171
66 2 2 9 12 205 1174 1175
67 2 2 9 12 16 19 1175
68 2 2 9 12 173 16 1175
69 2 2 9 12 18 17 1173
70 2 2 9 12 17 182 1173
71 2 2 6 13 1207 1212 1177
72 2 2 6 13 1182 1216 1188
73 2 2 6 13 1189 1199 1194
74 2 2 6 13 1200 1212 1186
75 2 2 6 13 1185 1200 145
76 2 2 6 13 1188 1194 1182
77 2 2 6 13 1182 1194 142
78 2 2 6 13 1189 1213 1199
79 2 2 6 13 1207 1218 1186
80 2 2 6 13 1198 1201 1180
81 2 2 6 13 1181 1196 1193
82 2 2 6 13 1194 1199 143
83 2 2 6 13 1186 1212 1207
84 2 2 6 13 215 1218 2
85 2 2 6 13 1176 1205 1195
86 2 2 6 13 1182 1214 1190
87 2 2 6 13 1185 1212 1200
88 2 2 6 13 3 1187 59
89 2 2 6 13 1195 1205 1191
90 2 2 6 13 142 1194 143
91 2 2 6 13 144 1185 145
92 2 2 6 13 141 1182 142
93 2 2 6 13 1192 1214 1202
94 2 2 6 13 1190 1214 1192
95 2 2 6 13 1202 1214 140
96 2 2 6 13 1181 1203 1196
97 2 2 6 13 144 1199 1185
98 2 2 6 13 1180 1217 1198
99 2 2 6 13 1186 1218 215
100 2 2 6 13 1193 1202 1181
101 2 2 6 13 1199 1209 1185
102 2 2 6 13 3 1188 1187
103 2 2 6 13 1177 1212 1208
104 2 2 6 13 136 1184 137
105 2 2 6 13 138 1181 139
106 2 2 6 13 1190 1216 1182
107 2 2 6 13 216 1186 215
108 2 2 6 13 1196 1197 1195
109 2 2 6 13 1198 1215 1201
110 2 2 6 13 1203 1219 1184
111 2 2 6 13 1195 1220 1176
112 2 2 6 13 1184 1215 1203
113 2 2 6 13 1193 1195 1191
114 2 2 6 13 211 1180 212
115 2 2 6 13 210 1206 211
116 2 2 6 13 1196 1198 1197
117 2 2 6 13 1180 1201 212
118 2 2 6 13 143 1199 144
119 2 2 6 13 212 1201 213
120 2 2 6 13 216 1200 1186
121 2 2 6 13 1196 1203 1198
122 2 2 6 13 1193 1196 1195
123 2 2 6 13 1191 1205 1179
124 2 2 6 13 1181 1202 139
125 2 2 6 13 63 1183 64
126 2 2 6 13 211 1206 1180
127 2 2 6 13 62 1204 63
128 2 2 6 13 61 1176 62
129 2 2 6 13 139 1202 140
130 2 2 6 13 5 1223 136
131 2 2 6 13 60 1205 61
132 2 2 6 13 217 1200 216
133 2 2 6 13 1199 1213 1209
134 2 2 6 13 1192 1202 1193
135 2 2 6 13 1208 1212 1209
136 2 2 6 13 1201 1215 1211
137 2 2 6 13 59 1187 1179
138 2 2 6 13 59 1179 60
139 2 2 6 13 141 1214 1182
140 2 2 6 13 1187 1190 1179
141 2 2 6 13 63 1204 1183
142 2 2 6 13 1184 1219 137
143 2 2 6 13 1192 1193 1191
144 2 2 6 13 3 1189 1188
145 2 2 6 13 1206 1217 1180
146 2 2 6 13 1176 1204 62
147 2 2 6 13 138 1219 1181
148 2 2 6 13 4 1222 210
149 2 2 6 13 61 1205 1176
150 2 2 6 13 1201 1211 213
151 2 2 6 13 54 1207 55
152 2 2 6 13 1210 1217 1206
153 2 2 6 13 1179 1205 60
154 2 2 6 13 1206 1222 1183
155 2 2 6 13 55 1177 56
156 2 2 6 13 210 1222 1206
157 2 2 6 13 1190 1192 1191
158 2 2 6 13 140 1214 141
159 2 2 6 13 136 1223 1184
160 2 2 6 13 1197 1220 1195
161 2 2 6 13 1190 1191 1179
162 2 2 6 13 1181 1219 1203
163 2 2 6 13 56 1208 57
164 2 2 6 13 1183 1210 1206
165 2 2 6 13 1204 1210 1183
166 2 2 6 13 64 1222 4
167 2 2 6 13 57 1178 58
168 2 2 6 13 213 1211 214
169 2 2 6 13 1211 1215 1184
170 2 2 6 13 1204 1220 1210
171 2 2 6 13 1203 1215 1198
172 2 2 6 13 214 1223 5
173 2 2 6 13 1198 1217 1197
174 2 2 6 13 55 1207 1177
175 2 2 6 13 137 1219 138
176 2 2 6 13 1177 1208 56
177 2 2 6 13 1210 1220 1197
178 2 2 6 13 57 1208 1178
179 2 2 6 13 1184 1223 1211
180 2 2 6 13 2 1218 54
181 2 2 6 13 1209 1212 1185
182 2 2 6 13 1187 1216 1190
183 2 2 6 13 54 1218 1207
184 2 2 6 13 1183 1222 64
185 2 2 6 13 58 1221 3
186 2 2 6 13 1189 1194 1188
187 2 2 6 13 1208 1209 1178
188 2 2 6 13 3 1221 1189
189 2 2 6 13 1176 1220 1204
190 2 2 6 13 1188 1216 1187
191 2 2 6 13 1178 1221 58
192 2 2 6 13 1209 1213 1178
193 2 2 6 13 1213 1221 1178
194 2 2 6 13 1197 1217 1210
195 2 2 6 13 1211 1223 214
196 2 2 6 13 1189 1221 1213
197 2 2 6 13 6 145 217
198 2 2 6 13 145 1200 217
199 2 2 6 20 1595 1619 1608
200 2 2 6 20 1597 1609 307
201 2 2 6 20 1597 1615 1609
202 2 2 6 20 1607 1617 316
203 2 2 6 20 1606 1610 150
204 2 2 6 20 1607 1618 1617
205 2 2 6 20 1617 1619 1595
206 2 2 6 20 1610 1636 1591
207 2 2 6 20 1608 1627 1595
208 2 2 6 20 1591 1634 1610
209 2 2 6 20 1599 1629 148
210 2 2 6 20 149 1606 150
211 2 2 6 20 1593 1629 1623
212 2 2 6 20 308 1612 1597
213 2 2 6 20 1623 1629 1604
214 2 2 6 20 315 1617 1595
215 2 2 6 20 147 1599 148
216 2 2 6 20 1606 1623 1611
217 2 2 6 20 1594 1637 1613
218 2 2 6 20 316 1617 315
219 2 2 6 20 148 1629 1593
220 2 2 6 20 1611 1636 1610
221 2 2 6 20 308 1597 307
222 2 2 6 20 1614 1615 1597
223 2 2 6 20 1594 1612 309
224 2 2 6 20 1592 1639 1635
225 2 2 6 20 1606 1611 1610
226 2 2 6 20 313 1616 1598
227 2 2 6 20 1612 1632 1597
228 2 2 6 20 309 1612 308
229 2 2 6 20 315 1595 314
230 2 2 6 20 1595 1616 314
231 2 2 6 20 1622 1637 1594
232 2 2 6 20 310 1594 309
233 2 2 6 20 1597 1632 1614
234 2 2 6 20 1623 1633 1611
235 2 2 6 20 313 1598 312
236 2 2 6 20 314 1616 313
237 2 2 6 20 146 1596 147
238 2 2 6 20 1613 1624 1594
239 2 2 6 20 1635 1639 1621
240 2 2 6 20 310 1622 1594
241 2 2 6 20 311 1622 310
242 2 2 6 20 1593 1606 149
243 2 2 6 20 1610 1630 150
244 2 2 6 20 1600 1621 1614
245 2 2 6 20 1603 1604 1601
246 2 2 6 20 1605 1608 1604
247 2 2 6 20 1596 1599 147
248 2 2 6 20 1594 1624 1612
249 2 2 6 20 7 1638 146
250 2 2 6 20 146 1620 1596
251 2 2 6 20 1619 1636 1611
252 2 2 6 20 1608 1623 1604
253 2 2 6 20 148 1593 149
254 2 2 6 20 1600 1614 1602
255 2 2 6 20 1616 1628 1598
256 2 2 6 20 1620 1635 1621
257 2 2 6 20 1593 1623 1606
258 2 2 6 20 1603 1605 1604
259 2 2 6 20 1618 1625 1591
260 2 2 6 20 1618 1619 1617
261 2 2 6 20 150 1630 8
262 2 2 6 20 1596 1600 1599
263 2 2 6 20 1602 1603 1601
264 2 2 6 20 1603 1613 1605
265 2 2 6 20 1602 1624 1603
266 2 2 6 20 1620 1621 1596
267 2 2 6 20 304 1592 303
268 2 2 6 20 320 1591 319
269 2 2 6 20 1618 1636 1619
270 2 2 6 20 9 1631 311
271 2 2 6 20 312 1631 9
272 2 2 6 20 1600 1602 1601
273 2 2 6 20 1604 1629 1601
274 2 2 6 20 1600 1601 1599
275 2 2 6 20 302 1635 1620
276 2 2 6 20 1603 1624 1613
277 2 2 6 20 1596 1621 1600
278 2 2 6 20 1626 1639 1592
279 2 2 6 20 1615 1626 1609
280 2 2 6 20 1620 1638 302
281 2 2 6 20 306 1609 305
282 2 2 6 20 1591 1636 1618
283 2 2 6 20 303 1635 302
284 2 2 6 20 1595 1627 1616
285 2 2 6 20 319 1625 318
286 2 2 6 20 305 1626 304
287 2 2 6 20 1607 1625 1618
288 2 2 6 20 1614 1639 1615
289 2 2 6 20 1602 1632 1624
290 2 2 6 20 1621 1639 1614
291 2 2 6 20 1611 1633 1619
292 2 2 6 20 1624 1632 1612
293 2 2 6 20 1591 1625 319
294 2 2 6 20 1619 1633 1608
295 2 2 6 20 318 1607 317
296 2 2 6 20 304 1626 1592
297 2 2 6 20 311 1631 1622
298 2 2 6 20 320 1634 1591
299 2 2 6 20 1615 1639 1626
300 2 2 6 20 1598 1631 312
301 2 2 6 20 1605 1627 1608
302 2 2 6 20 1609 1626 305
303 2 2 6 20 1628 1637 1598
304 2 2 6 20 8 1630 321
305 2 2 6 20 1622 1631 1598
306 2 2 6 20 146 1638 1620
307 2 2 6 20 1613 1628 1605
308 2 2 6 20 1608 1633 1623
309 2 2 6 20 1601 1629 1599
310 2 2 6 20 321 1634 320
311 2 2 6 20 1605 1628 1627
312 2 2 6 20 1614 1632 1602
313 2 2 6 20 1627 1628 1616
314 2 2 6 20 302 1638 7
315 2 2 6 20 1598 1637 1622
316 2 2 6 20 318 1625 1607
317 2 2 6 20 1630 1634 321
318 2 2 6 20 1592 1635 303
319 2 2 6 20 1610 1634 1630
320 2 2 6 20 1613 1637 1628
321 2 2 6 20 10 1607 316
322 2 2 6 20 317 1607 10
323 2 2 6 20 11 1609 306
324 2 2 6 20 307 1609 11
325 2 2 8 36 526 36 2407
326 2 2 8 36 525 526 2405
327 2 2 8 36 37 522 2409
328 2 2 8 36 524 525 2402
329 2 2 8 36 523 524 2401
330 2 2 8 36 2404 525 2405
331 2 2 8 36 522 523 2408
332 2 2 8 36 523 2403 2408
333 2 2 8 36 491 490 2409
334 2 2 8 36 524 2402 2406
335 2 2 8 36 2401 524 2406
336 2 2 8 36 493 492 2403
337 2 2 8 36 492 491 2408
338 2 2 8 36 495 494 2406
339 2 2 8 36 2402 525 2404
340 2 2 8 36 499 498 2407
341 2 2 8 36 523 2401 2403
342 2 2 8 36 497 496 2404
343 2 2 8 36 494 493 2401
344 2 2 8 36 496 495 2402
345 2 2 8 36 498 497 2405
346 2 2 8 36 2405 526 2407
347 2 2 8 36 2408 491 2409
348 2 2 8 36 2403 492 2408
349 2 2 8 36 2401 493 2403
350 2 2 8 36 494 2401 2406
351 2 2 8 36 2402 495 2406
352 2 2 8 36 498 2405 2407
353 2 2 8 36 496 2402 2404
354 2 2 8 36 497 2404 2405
355 2 2 8 36 522 2408 2409
356 2 2 8 36 34 37 2409
357 2 2 8 36 490 34 2409
358 2 2 8 36 36 35 2407
359 2 2 8 36 35 499 2407
360 2 2 8 42 2760 2730 2765
361 2 2 8 42 2735 2741 2769
362 2 2 8 42 2742 2747 2752
363 2 2 8 42 2753 2739 2765
364 2 2 8 42 2738 572 2753
365 2 2 8 42 2741 2735 2747
366 2 2 8 42 2735 569 2747
367 2 2 8 42 2742 2752 2766
368 2 2 8 42 2760 2739 2771
369 2 2 8 42 2751 2733 2754
370 2 2 8 42 2734 2746 2749
371 2 2 8 42 2747 570 2752
372 2 2 8 42 2739 2760 2765
373 2 2 8 42 549 38 2771
374 2 2 8 42 2729 2748 2758
375 2 2 8 42 2735 2743 2767
376 2 2 8 42 2738 2753 2765
377 2 2 8 42 42 600 2740
378 2 2 8 42 2748 2744 2758
379 2 2 8 42 569 570 2747
380 2 2 8 42 571 572 2738
381 2 2 8 42 568 569 2735
382 2 2 8 42 2745 2755 2767
383 2 2 8 42 2743 2745 2767
384 2 2 8 42 2755 567 2767
385 2 2 8 42 2734 2749 2756
386 2 2 8 42 571 2738 2752
387 2 2 8 42 2733 2751 2770
388 2 2 8 42 2739 549 2771
389 2 2 8 42 2746 2734 2755
390 2 2 8 42 2752 2738 2762
391 2 2 8 42 42 2740 2741
392 2 2 8 42 2730 2761 2765
393 2 2 8 42 563 564 2737
394 2 2 8 42 565 566 2734
395 2 2 8 42 2743 2735 2769
396 2 2 8 42 550 549 2739
397 2 2 8 42 2749 2748 2750
398 2 2 8 42 2751 2754 2768
399 2 2 8 42 2756 2737 2772
400 2 2 8 42 2748 2729 2773
401 2 2 8 42 2737 2756 2768
402 2 2 8 42 2746 2744 2748
403 2 2 8 42 585 586 2733
404 2 2 8 42 584 585 2759
405 2 2 8 42 2749 2750 2751
406 2 2 8 42 2733 586 2754
407 2 2 8 42 570 571 2752
408 2 2 8 42 586 587 2754
409 2 2 8 42 550 2739 2753
410 2 2 8 42 2749 2751 2756
411 2 2 8 42 2746 2748 2749
412 2 2 8 42 2744 2732 2758
413 2 2 8 42 2734 566 2755
414 2 2 8 42 604 605 2736
415 2 2 8 42 585 2733 2759
416 2 2 8 42 603 604 2757
417 2 2 8 42 602 603 2729
418 2 2 8 42 566 567 2755
419 2 2 8 42 40 563 2776
420 2 2 8 42 601 602 2758
421 2 2 8 42 551 550 2753
422 2 2 8 42 2752 2762 2766
423 2 2 8 42 2745 2746 2755
424 2 2 8 42 2761 2762 2765
425 2 2 8 42 2754 2764 2768
426 2 2 8 42 600 2732 2740
427 2 2 8 42 600 601 2732
428 2 2 8 42 568 2735 2767
429 2 2 8 42 2740 2732 2743
430 2 2 8 42 604 2736 2757
431 2 2 8 42 2737 564 2772
432 2 2 8 42 2745 2744 2746
433 2 2 8 42 42 2741 2742
434 2 2 8 42 2759 2733 2770
435 2 2 8 42 2729 603 2757
436 2 2 8 42 565 2734 2772
437 2 2 8 42 41 584 2775
438 2 2 8 42 602 2729 2758
439 2 2 8 42 2754 587 2764
440 2 2 8 42 606 607 2760
441 2 2 8 42 2763 2759 2770
442 2 2 8 42 2732 601 2758
443 2 2 8 42 2759 2736 2775
444 2 2 8 42 607 608 2730
445 2 2 8 42 584 2759 2775
446 2 2 8 42 2743 2744 2745
447 2 2 8 42 567 568 2767
448 2 2 8 42 563 2737 2776
449 2 2 8 42 2750 2748 2773
450 2 2 8 42 2743 2732 2744
451 2 2 8 42 2734 2756 2772
452 2 2 8 42 608 609 2761
453 2 2 8 42 2736 2759 2763
454 2 2 8 42 2757 2736 2763
455 2 2 8 42 605 41 2775
456 2 2 8 42 609 610 2731
457 2 2 8 42 587 588 2764
458 2 2 8 42 2764 2737 2768
459 2 2 8 42 2757 2763 2773
460 2 2 8 42 2756 2751 2768
461 2 2 8 42 588 40 2776
462 2 2 8 42 2751 2750 2770
463 2 2 8 42 607 2730 2760
464 2 2 8 42 564 565 2772
465 2 2 8 42 2730 608 2761
466 2 2 8 42 2763 2750 2773
467 2 2 8 42 609 2731 2761
468 2 2 8 42 2737 2764 2776
469 2 2 8 42 38 606 2771
470 2 2 8 42 2762 2738 2765
471 2 2 8 42 2740 2743 2769
472 2 2 8 42 606 2760 2771
473 2 2 8 42 2736 605 2775
474 2 2 8 42 610 42 2774
475 2 2 8 42 2742 2741 2747
476 2 2 8 42 2761 2731 2762
477 2 2 8 42 42 2742 2774
478 2 2 8 42 2729 2757 2773
479 2 2 8 42 2741 2740 2769
480 2 2 8 42 2731 610 2774
481 2 2 8 42 2762 2731 2766
482 2 2 8 42 2766 2731 2774
483 2 2 8 42 2750 2763 2770
484 2 2 8 42 2764 588 2776
485 2 2 8 42 2742 2766 2774
486 2 2 8 42 39 551 572
487 2 2 8 42 572 551 2753
488 2 2 8 48 3056 3080 3069
489 2 2 8 48 3058 3070 686
490 2 2 8 48 3058 3076 3070
491 2 2 8 48 3068 3078 637
492 2 2 8 48 3067 3071 669
493 2 2 8 48 3068 3079 3078
494 2 2 8 48 3078 3080 3056
495 2 2 8 48 3071 3097 3052
496 2 2 8 48 3069 3088 3056
497 2 2 8 48 3052 3095 3071
498 2 2 8 48 3060 3090 667
499 2 2 8 48 668 3067 669
500 2 2 8 48 3054 3090 3084
501 2 2 8 48 687 3073 3058
502 2 2 8 48 3084 3090 3065
503 2 2 8 48 636 3078 3056
504 2 2 8 48 666 3060 667
505 2 2 8 48 3067 3084 3072
506 2 2 8 48 3055 3098 3074
507 2 2 8 48 637 3078 636
508 2 2 8 48 667 3090 3054
509 2 2 8 48 3072 3097 3071
510 2 2 8 48 687 3058 686
511 2 2 8 48 3075 3076 3058
512 2 2 8 48 3055 3073 688
513 2 2 8 48 3053 3100 3096
514 2 2 8 48 3067 3072 3071
515 2 2 8 48 634 3077 3059
516 2 2 8 48 3073 3093 3058
517 2 2 8 48 688 3073 687
518 2 2 8 48 636 3056 635
519 2 2 8 48 3056 3077 635
520 2 2 8 48 3083 3098 3055
521 2 2 8 48 689 3055 688
522 2 2 8 48 3058 3093 3075
523 2 2 8 48 3084 3094 3072
524 2 2 8 48 634 3059 633
525 2 2 8 48 635 3077 634
526 2 2 8 48 665 3057 666
527 2 2 8 48 3074 3085 3055
528 2 2 8 48 3096 3100 3082
529 2 2 8 48 689 3083 3055
530 2 2 8 48 690 3083 689
531 2 2 8 48 3054 3067 668
532 2 2 8 48 3071 3091 669
533 2 2 8 48 3061 3082 3075
534 2 2 8 48 3064 3065 3062
535 2 2 8 48 3066 3069 3065
536 2 2 8 48 3057 3060 666
537 2 2 8 48 3055 3085 3073
538 2 2 8 48 46 3099 665
539 2 2 8 48 665 3081 3057
540 2 2 8 48 3080 3097 3072
541 2 2 8 48 3069 3084 3065
542 2 2 8 48 667 3054 668
543 2 2 8 48 3061 3075 3063
544 2 2 8 48 3077 3089 3059
545 2 2 8 48 3081 3096 3082
546 2 2 8 48 3054 3084 3067
547 2 2 8 48 3064 3066 3065
548 2 2 8 48 3079 3086 3052
549 2 2 8 48 3079 3080 3078
550 2 2 8 48 669 3091 45
551 2 2 8 48 3057 3061 3060
552 2 2 8 48 3063 3064 3062
553 2 2 8 48 3064 3074 3066
554 2 2 8 48 3063 3085 3064
555 2 2 8 48 3081 3082 3057
556 2 2 8 48 683 3053 682
557 2 2 8 48 652 3052 651
558 2 2 8 48 3079 3097 3080
559 2 2 8 48 43 3092 690
560 2 2 8 48 633 3092 43
561 2 2 8 48 3061 3063 3062
562 2 2 8 48 3065 3090 3062
563 2 2 8 48 3061 3062 3060
564 2 2 8 48 681 3096 3081
565 2 2 8 48 3064 3085 3074
566 2 2 8 48 3057 3082 3061
567 2 2 8 48 3087 3100 3053
568 2 2 8 48 3076 3087 3070
569 2 2 8 48 3081 3099 681
570 2 2 8 48 685 3070 684
571 2 2 8 48 3052 3097 3079
572 2 2 8 48 682 3096 681
573 2 2 8 48 3056 3088 3077
574 2 2 8 48 651 3086 650
575 2 2 8 48 684 3087 683
576 2 2 8 48 3068 3086 3079
577 2 2 8 48 3075 3100 3076
578 2 2 8 48 3063 3093 3085
579 2 2 8 48 3082 3100 3075
580 2 2 8 48 3072 3094 3080
581 2 2 8 48 3085 3093 3073
582 2 2 8 48 3052 3086 651
583 2 2 8 48 3080 3094 3069
584 2 2 8 48 650 3068 649
585 2 2 8 48 683 3087 3053
586 2 2 8 48 690 3092 3083
587 2 2 8 48 652 3095 3052
588 2 2 8 48 3076 3100 3087
589 2 2 8 48 3059 3092 633
590 2 2 8 48 3066 3088 3069
591 2 2 8 48 3070 3087 684
592 2 2 8 48 3089 3098 3059
593 2 2 8 48 45 3091 653
594 2 2 8 48 3083 3092 3059
595 2 2 8 48 665 3099 3081
596 2 2 8 48 3074 3089 3066
597 2 2 8 48 3069 3094 3084
598 2 2 8 48 3062 3090 3060
599 2 2 8 48 653 3095 652
600 2 2 8 48 3066 3089 3088
601 2 2 8 48 3075 3093 3063
602 2 2 8 48 3088 3089 3077
603 2 2 8 48 681 3099 46
604 2 2 8 48 3059 3098 3083
605 2 2 8 48 650 3086 3068
606 2 2 8 48 3091 3095 653
607 2 2 8 48 3053 3096 682
608 2 2 8 48 3071 3095 3091
609 2 2 8 48 3074 3098 3089
610 2 2 8 48 44 3068 637
611 2 2 8 48 649 3068 44
612 2 2 8 48 47 3070 685
613 2 2 8 48 686 3070 47
614 3 2 4 1 4 65 691 64
615 3 2 4 1 64 691 692 63
616 3 2 4 1 63 692 693 62
617 3 2 4 1 62 693 694 61
618 3 2 4 1 61 694 695 60
619 3 2 4 1 60 695 696 59
620 3 2 4 1 59 696 58 3
621 3 2 4 1 65 66 697 691
622 3 2 4 1 691 697 698 692
623 3 2 4 1 692 698 699 693
624 3 2 4 1 693 699 700 694
625 3 2 4 1 694 700 701 695
626 3 2 4 1 695 701 702 696
627 3 2 4 1 696 702 57 58
628 3 2 4 1 66 67 703 697
629 3 2 4 1 697 703 704 698
630 3 2 4 1 698 704 705 699
631 3 2 4 1 699 705 706 700
632 3 2 4 1 700 706 707 701
633 3 2 4 1 701 707 708 702
634 3 2 4 1 702 708 56 57
635 3 2 4 1 67 68 709 703
636 3 2 4 1 703 709 710 704
637 3 2 4 1 704 710 711 705
638 3 2 4 1 705 711 712 706
639 3 2 4 1 706 712 713 707
640 3 2 4 1 707 713 714 708
641 3 2 4 1 708 714 55 56
642 3 2 4 1 68 69 715 709
643 3 2 4 1 709 715 716 710
644 3 2 4 1 710 716 717 711
645 3 2 4 1 711 717 718 712
646 3 2 4 1 712 718 719 713
647 3 2 4 1 713 719 720 714
648 3 2 4 1 714 720 54 55
649 3 2 4 1 69 1 48 715
650 3 2 4 1 715 48 49 716
651 3 2 4 1 716 49 50 717
652 3 2 4 1 717 50 51 718
653 3 2 4 1 718 51 52 719
654 3 2 4 1 719 52 53 720
655 3 2 4 1 720 53 2 54
656 3 2 1 2 4 70 721 65
657 3 2 1 2 70 71 722 721
658 3 2 1 2 71 72 723 722
659 3 2 1 2 72 73 724 723
660 3 2 1 2 73 74 725 724
661 3 2 1 2 74 75 726 725
662 3 2 1 2 75 76 727 726
663 3 2 1 2 76 77 728 727
664 3 2 1 2 77 78 729 728
665 3 2 1 2 78 79 730 729
666 3 2 1 2 79 80 731 730
667 3 2 1 2 80 12 92 731
668 3 2 1 2 65 721 732 66
669 3 2 1 2 721 722 733 732
670 3 2 1 2 722 723 734 733
671 3 2 1 2 723 724 735 734
672 3 2 1 2 724 725 736 735
673 3 2 1 2 725 726 737 736
674 3 2 1 2 726 727 738 737
675 3 2 1 2 727 728 739 738
676 3 2 1 2 728 729 740 739
677 3 2 1 2 729 730 741 740
678 3 2 1 2 730 731 742 741
679 3 2 1 2 731 92 93 742
680 3 2 1 2 66 732 743 67
681 3 2 1 2 732 733 744 743
682 3 2 1 2 733 734 745 744
683 3 2 1 2 734 735 746 745
684 3 2 1 2 735 736 747 746
685 3 2 1 2 736 737 748 747
686 3 2 1 2 737 738 749 748
687 3 2 1 2 738 739 750 749
688 3 2 1 2 739 740 751 750
689 3 2 1 2 740 741 752 751
690 3 2 1 2 741 742 753 752
691 3 2 1 2 742 93 94 753
692 3 2 1 2 67 743 754 68
693 3 2 1 2 743 744 755 754
694 3 2 1 2 744 745 756 755
695 3 2 1 2 745 746 757 756
696 3 2 1 2 746 747 758 757
697 3 2 1 2 747 748 759 758
698 3 2 1 2 748 749 760 759
699 3 2 1 2 749 750 761 760
700 3 2 1 2 750 751 762 761
701 3 2 1 2 751 752 763 762
702 3 2 1 2 752 753 764 763
703 3 2 1 2 753 94 95 764
704 3 2 1 2 68 754 765 69
705 3 2 1 2 754 755 766 765
706 3 2 1 2 755 756 767 766
707 3 2 1 2 756 757 768 767
708 3 2 1 2 757 758 769 768
709 3 2 1 2 758 759 770 769
710 3 2 1 2 759 760 771 770
711 3 2 1 2 760 761 772 771
712 3 2 1 2 761 762 773 772
713 3 2 1 2 762 763 774 773
714 3 2 1 2 763 764 775 774
715 3 2 1 2 764 95 96 775
716 3 2 1 2 69 765 81 1
717 3 2 1 2 765 766 82 81
718 3 2 1 2 766 767 83 82
719 3 2 1 2 767 768 84 83
720 3 2 1 2 768 769 85 84
721 3 2 1 2 769 770 86 85
722 3 2 1 2 770 771 87 86
723 3 2 1 2 771 772 88 87
724 3 2 1 2 772 773 89 88
725 3 2 1 2 773 774 90 89
726 3 2 1 2 774 775 91 90
727 3 2 1 2 775 96 13 91
728 3 2 3 3 1 81 776 48
729 3 2 3 3 81 82 777 776
730 3 2 3 3 82 83 778 777
731 3 2 3 3 83 84 779 778
732 3 2 3 3 84 85 780 779
733 3 2 3 3 85 86 781 780
734 3 2 3 3 86 87 782 781
735 3 2 3 3 87 88 783 782
736 3 2 3 3 88 89 784 783
737 3 2 3 3 89 90 785 784
738 3 2 3 3 90 91 786 785
739 3 2 3 3 91 13 108 786
740 3 2 3 3 48 776 787 49
741 3 2 3 3 776 777 788 787
742 3 2 3 3 777 778 789 788
743 3 2 3 3 778 779 790 789
744 3 2 3 3 779 780 791 790
745 3 2 3 3 780 781 792 791
746 3 2 3 3 781 782 793 792
747 3 2 3 3 782 783 794 793
748 3 2 3 3 783 784 795 794
749 3 2 3 3 784 785 796 795
750 3 2 3 3 785 786 797 796
751 3 2 3 3 786 108 109 797
752 3 2 3 3 49 787 798 50
753 3 2 3 3 787 788 799 798
754 3 2 3 3 788 789 800 799
755 3 2 3 3 789 790 801 800
756 3 2 3 3 790 791 802 801
757 3 2 3 3 791 792 803 802
758 3 2 3 3 792 793 804 803
759 3 2 3 3 793 794 805 804
760 3 2 3 3 794 795 806 805
761 3 2 3 3 795 796 807 806
762 3 2 3 3 796 797 808 807
763 3 2 3 3 797 109 110 808
764 3 2 3 3 50 798 809 51
765 3 2 3 3 798 799 810 809
766 3 2 3 3 799 800 811 810
767 3 2 3 3 800 801 812 811
768 3 2 3 3 801 802 813 812
769 3 2 3 3 802 803 814 813
770 3 2 3 3 803 804 815 814
771 3 2 3 3 804 805 816 815
772 3 2 3 3 805 806 817 816
773 3 2 3 3 806 807 818 817
774 3 2 3 3 807 808 819 818
775 3 2 3 3 808 110 111 819
776 3 2 3 3 51 809 820 52
777 3 2 3 3 809 810 821 820
778 3 2 3 3 810 811 822 821
779 3 2 3 3 811 812 823 822
780 3 2 3 3 812 813 824 823
781 3 2 3 3 813 814 825 824
782 3 2 3 3 814 815 826 825
783 3 2 3 3 815 816 827 826
784 3 2 3 3 816 817 828 827
785 3 2 3 3 817 818 829 828
786 3 2 3 3 818 819 830 829
787 3 2 3 3 819 111 112 830
788 3 2 3 3 52 820 831 53
789 3 2 3 3 820 821 832 831
790 3 2 3 3 821 822 833 832
791 3 2 3 3 822 823 834 833
792 3 2 3 3 823 824 835 834
793 3 2 3 3 824 825 836 835
794 3 2 3 3 825 826 837 836
795 3 2 3 3 826 827 838 837
796 3 2 3 3 827 828 839 838
797 3 2 3 3 828 829 840 839
798 3 2 3 3 829 830 841 840
799 3 2 3 3 830 112 113 841
800 3 2 3 3 53 831 97 2
801 3 2 3 3 831 832 98 97
802 3 2 3 3 832 833 99 98
803 3 2 3 3 833 834 100 99
804 3 2 3 3 834 835 101 100
805 3 2 3 3 835 836 102 101
806 3 2 3 3 836 837 103 102
807 3 2 3 3 837 838 104 103
808 3 2 3 3 838 839 105 104
809 3 2 3 3 839 840 106 105
810 3 2 3 3 840 841 107 106
811 3 2 3 3 841 113 14 107
812 3 2 5 4 2 97 842 54
813 3 2 5 4 97 98 843 842
814 3 2 5 4 98 99 844 843
815 3 2 5 4 99 100 845 844
816 3 2 5 4 100 101 846 845
817 3 2 5 4 101 102 847 846
818 3 2 5 4 102 103 848 847
819 3 2 5 4 103 104 849 848
820 3 2 5 4 104 105 850 849
821 3 2 5 4 105 106 851 850
822 3 2 5 4 106 107 852 851
823 3 2 5 4 107 14 125 852
824 3 2 5 4 54 842 853 55
825 3 2 5 4 842 843 854 853
826 3 2 5 4 843 844 855 854
827 3 2 5 4 844 845 856 855
828 3 2 5 4 845 846 857 856
829 3 2 5 4 846 847 858 857
830 3 2 5 4 847 848 859 858
831 3 2 5 4 848 849 860 859
832 3 2 5 4 849 850 861 860
833 3 2 5 4 850 851 862 861
834 3 2 5 4 851 852 863 862
835 3 2 5 4 852 125 126 863
836 3 2 5 4 55 853 864 56
837 3 2 5 4 853 854 865 864
838 3 2 5 4 854 855 866 865
839 3 2 5 4 855 856 867 866
840 3 2 5 4 856 857 868 867
841 3 2 5 4 857 858 869 868
842 3 2 5 4 858 859 870 869
843 3 2 5 4 859 860 871 870
844 3 2 5 4 860 861 872 871
845 3 2 5 4 861 862 873 872
846 3 2 5 4 862 863 874 873
847 3 2 5 4 863 126 127 874
848 3 2 5 4 56 864 875 57
849 3 2 5 4 864 865 876 875
850 3 2 5 4 865 866 877 876
851 3 2 5 4 866 867 878 877
852 3 2 5 4 867 868 879 878
853 3 2 5 4 868 869 880 879
854 3 2 5 4 869 870 881 880
855 3 2 5 4 870 871 882 881
856 3 2 5 4 871 872 883 882
857 3 2 5 4 872 873 884 883
858 3 2 5 4 873 874 885 884
859 3 2 5 4 874 127 128 885
860 3 2 5 4 57 875 886 58
861 3 2 5 4 875 876 887 886
862 3 2 5 4 876 877 888 887
863 3 2 5 4 877 878 889 888
864 3 2 5 4 878 879 890 889
865 3 2 5 4 879 880 891 890
866 3 2 5 4 880 881 892 891
867 3 2 5 4 881 882 893 892
868 3 2 5 4 882 883 894 893
869 3 2 5 4 883 884 895 894
870 3 2 5 4 884 885 896 895
871 3 2 5 4 885 128 129 896
872 3 2 5 4 58 886 114 3
873 3 2 5 4 886 887 115 114
874 3 2 5 4 887 888 116 115
875 3 2 5 4 888 889 117 116
876 3 2 5 4 889 890 118 117
877 3 2 5 4 890 891 119 118
878 3 2 5 4 891 892 120 119
879 3 2 5 4 892 893 121 120
880 3 2 5 4 893 894 122 121
881 3 2 5 4 894 895 123 122
882 3 2 5 4 895 896 124 123
883 3 2 5 4 896 129 15 124
884 3 2 2 5 3 114 897 59
885 3 2 2 5 114 115 898 897
886 3 2 2 5 115 116 899 898
887 3 2 2 5 116 117 900 899
888 3 2 2 5 117 118 901 900
889 3 2 2 5 118 119 902 901
890 3 2 2 5 119 120 903 902
891 3 2 2 5 120 121 904 903
892 3 2 2 5 121 122 905 904
893 3 2 2 5 122 123 906 905
894 3 2 2 5 123 124 907 906
895 3 2 2 5 124 15 130 907
896 3 2 2 5 59 897 908 60
897 3 2 2 5 897 898 909 908
898 3 2 2 5 898 899 910 909
899 3 2 2 5 899 900 911 910
900 3 2 2 5 900 901 912 911
901 3 2 2 5 901 902 913 912
902 3 2 2 5 902 903 914 913
903 3 2 2 5 903 904 915 914
904 3 2 2 5 904 905 916 915
905 3 2 2 5 905 906 917 916
906 3 2 2 5 906 907 918 917
907 3 2 2 5 907 130 131 918
908 3 2 2 5 60 908 919 61
909 3 2 2 5 908 909 920 919
910 3 2 2 5 909 910 921 920
911 3 2 2 5 910 911 922 921
912 3 2 2 5 911 912 923 922
913 3 2 2 5 912 913 924 923
914 3 2 2 5 913 914 925 924
915 3 2 2 5 914 915 926 925
916 3 2 2 5 915 916 927 926
917 3 2 2 5 916 917 928 927
918 3 2 2 5 917 918 929 928
919 3 2 2 5 918 131 132 929
920 3 2 2 5 61 919 930 62
921 3 2 2 5 919 920 931 930
922 3 2 2 5 920 921 932 931
923 3 2 2 5 921 922 933 932
924 3 2 2 5 922 923 934 933
925 3 2 2 5 923 924 935 934
926 3 2 2 5 924 925 936 935
927 3 2 2 5 925 926 937 936
928 3 2 2 5 926 927 938 937
929 3 2 2 5 927 928 939 938
930 3 2 2 5 928 929 940 939
931 3 2 2 5 929 132 133 940
932 3 2 2 5 62 930 941 63
933 3 2 2 5 930 931 942 941
934 3 2 2 5 931 932 943 942
935 3 2 2 5 932 933 944 943
936 3 2 2 5 933 934 945 944
937 3 2 2 5 934 935 946 945
938 3 2 2 5 935 936 947 946
939 3 2 2 5 936 937 948 947
940 3 2 2 5 937 938 949 948
941 3 2 2 5 938 939 950 949
942 3 2 2 5 939 940 951 950
943 3 2 2 5 940 133 134 951
944 3 2 2 5 63 941 952 64
945 3 2 2 5 941 942 953 952
946 3 2 2 5 942 943 954 953
947 3 2 2 5 943 944 955 954
948 3 2 2 5 944 945 956 955
949 3 2 2 5 945 946 957 956
950 3 2 2 5 946 947 958 957
951 3 2 2 5 947 948 959 958
952 3 2 2 5 948 949 960 959
953 3 2 2 5 949 950 961 960
954 3 2 2 5 950 951 962 961
955 3 2 2 5 951 134 135 962
956 3 2 2 5 64 952 70 4
957 3 2 2 5 952 953 71 70
958 3 2 2 5 953 954 72 71
959 3 2 2 5 954 955 73 72
960 3 2 2 5 955 956 74 73
961 3 2 2 5 956 957 75 74
962 3 2 2 5 957 958 76 75
963 3 2 2 5 958 959 77 76
964 3 2 2 5 959 960 78 77
965 3 2 2 5 960 961 79 78
966 3 2 2 5 961 962 80 79
967 3 2 2 5 962 135 12 80
968 3 2 5 6 12 135 963 92
969 3 2 5 6 135 134 964 963
970 3 2 5 6 134 133 965 964
971 3 2 5 6 133 132 966 965
972 3 2 5 6 132 131 967 966
973 3 2 5 6 131 130 968 967
974 3 2 5 6 130 15 129 968
975 3 2 5 6 92 963 969 93
976 3 2 5 6 963 964 970 969
977 3 2 5 6 964 965 971 970
978 3 2 5 6 965 966 972 971
979 3 2 5 6 966 967 973 972
980 3 2 5 6 967 968 974 973
981 3 2 5 6 968 129 128 974
982 3 2 5 6 93 969 975 94
983 3 2 5 6 969 970 976 975
984 3 2 5 6 970 971 977 976
985 3 2 5 6 971 972 978 977
986 3 2 5 6 972 973 979 978
987 3 2 5 6 973 974 980 979
988 3 2 5 6 974 128 127 980
989 3 2 5 6 94 975 981 95
990 3 2 5 6 975 976 982 981
991 3 2 5 6 976 977 983 982
992 3 2 5 6 977 978 984 983
993 3 2 5 6 978 979 985 984
994 3 2 5 6 979 980 986 985
995 3 2 5 6 980 127 126 986
996 3 2 5 6 95 981 987 96
997 3 2 5 6 981 982 988 987
998 3 2 5 6 982 983 989 988
999 3 2 5 6 983 984 990 989
1000 3 2 5 6 984 985 991 990
1001 3 2 5 6 985 986 992 991
1002 3 2 5 6 986 126 125 992
1003 3 2 5 6 96 987 108 13
1004 3 2 5 6 987 988 109 108
1005 3 2 5 6 988 989 110 109
1006 3 2 5 6 989 990 111 110
1007 3 2 5 6 990 991 112 111
1008 3 2 5 6 991 992 113 112
1009 3 2 5 6 992 125 14 113
1010 3 2 9 8 5 151 1002 136
1011 3 2 9 8 151 152 1003 1002
1012 3 2 9 8 152 153 1004 1003
1013 3 2 9 8 153 154 1005 1004
1014 3 2 9 8 154 155 1006 1005
1015 3 2 9 8 155 156 1007 1006
1016 3 2 9 8 156 157 1008 1007
1017 3 2 9 8 157 158 1009 1008
1018 3 2 9 8 158 159 1010 1009
1019 3 2 9 8 159 160 1011 1010
1020 3 2 9 8 160 161 1012 1011
1021 3 2 9 8 161 16 173 1012
1022 3 2 9 8 136 1002 1013 137
1023 3 2 9 8 1002 1003 1014 1013
1024 3 2 9 8 1003 1004 1015 1014
1025 3 2 9 8 1004 1005 1016 1015
1026 3 2 9 8 1005 1006 1017 1016
1027 3 2 9 8 1006 1007 1018 1017
1028 3 2 9 8 1007 1008 1019 1018
1029 3 2 9 8 1008 1009 1020 1019
1030 3 2 9 8 1009 1010 1021 1020
1031 3 2 9 8 1010 1011 1022 1021
1032 3 2 9 8 1011 1012 1023 1022
1033 3 2 9 8 1012 173 174 1023
1034 3 2 9 8 137 1013 1024 138
1035 3 2 9 8 1013 1014 1025 1024
1036 3 2 9 8 1014 1015 1026 1025
1037 3 2 9 8 1015 1016 1027 1026
1038 3 2 9 8 1016 1017 1028 1027
1039 3 2 9 8 1017 1018 1029 1028
1040 3 2 9 8 1018 1019 1030 1029
1041 3 2 9 8 1019 1020 1031 1030
1042 3 2 9 8 1020 1021 1032 1031
1043 3 2 9 8 1021 1022 1033 1032
1044 3 2 9 8 1022 1023 1034 1033
1045 3 2 9 8 1023 174 175 1034
1046 3 2 9 8 138 1024 1035 139
1047 3 2 9 8 1024 1025 1036 1035
1048 3 2 9 8 1025 1026 1037 1036
1049 3 2 9 8 1026 1027 1038 1037
1050 3 2 9 8 1027 1028 1039 1038
1051 3 2 9 8 1028 1029 1040 1039
1052 3 2 9 8 1029 1030 1041 1040
1053 3 2 9 8 1030 1031 1042 1041
1054 3 2 9 8 1031 1032 1043 1042
1055 3 2 9 8 1032 1033 1044 1043
1056 3 2 9 8 1033 1034 1045 1044
1057 3 2 9 8 1034 175 176 1045
1058 3 2 9 8 139 1035 1046 140
1059 3 2 9 8 1035 1036 1047 1046
1060 3 2 9 8 1036 1037 1048 1047
1061 3 2 9 8 1037 1038 1049 1048
1062 3 2 9 8 1038 1039 1050 1049
1063 3 2 9 8 1039 1040 1051 1050
1064 3 2 9 8 1040 1041 1052 1051
1065 3 2 9 8 1041 1042 1053 1052
1066 3 2 9 8 1042 1043 1054 1053
1067 3 2 9 8 1043 1044 1055 1054
1068 3 2 9 8 1044 1045 1056 1055
1069 3 2 9 8 1045 176 177 1056
1070 3 2 9 8 140 1046 1057 141
1071 3 2 9 8 1046 1047 1058 1057
1072 3 2 9 8 1047 1048 1059 1058
1073 3 2 9 8 1048 1049 1060 1059
1074 3 2 9 8 1049 1050 1061 1060
1075 3 2 9 8 1050 1051 1062 1061
1076 3 2 9 8 1051 1052 1063 1062
1077 3 2 9 8 1052 1053 1064 1063
1078 3 2 9 8 1053 1054 1065 1064
1079 3 2 9 8 1054 1055 1066 1065
1080 3 2 9 8 1055 1056 1067 1066
1081 3 2 9 8 1056 177 178 1067
1082 3 2 9 8 141 1057 1068 142
1083 3 2 9 8 1057 1058 1069 1068
1084 3 2 9 8 1058 1059 1070 1069
1085 3 2 9 8 1059 1060 1071 1070
1086 3 2 9 8 1060 1061 1072 1071
1087 3 2 9 8 1061 1062 1073 1072
1088 3 2 9 8 1062 1063 1074 1073
1089 3 2 9 8 1063 1064 1075 1074
1090 3 2 9 8 1064 1065 1076 1075
1091 3 2 9 8 1065 1066 1077 1076
1092 3 2 9 8 1066 1067 1078 1077
1093 3 2 9 8 1067 178 179 1078
1094 3 2 9 8 142 1068 1079 143
1095 3 2 9 8 1068 1069 1080 1079
1096 3 2 9 8 1069 1070 1081 1080
1097 3 2 9 8 1070 1071 1082 1081
1098 3 2 9 8 1071 1072 1083 1082
1099 3 2 9 8 1072 1073 1084 1083
1100 3 2 9 8 1073 1074 1085 1084
1101 3 2 9 8 1074 1075 1086 1085
1102 3 2 9 8 1075 1076 1087 1086
1103 3 2 9 8 1076 1077 1088 1087
1104 3 2 9 8 1077 1078 1089 1088
1105 3 2 9 8 1078 179 180 1089
1106 3 2 9 8 143 1079 1090 144
1107 3 2 9 8 1079 1080 1091 1090
1108 3 2 9 8 1080 1081 1092 1091
1109 3 2 9 8 1081 1082 1093 1092
1110 3 2 9 8 1082 1083 1094 1093
1111 3 2 9 8 1083 1084 1095 1094
1112 3 2 9 8 1084 1085 1096 1095
1113 3 2 9 8 1085 1086 1097 1096
1114 3 2 9 8 1086 1087 1098 1097
1115 3 2 9 8 1087 1088 1099 1098
1116 3 2 9 8 1088 1089 1100 1099
1117 3 2 9 8 1089 180 181 1100
1118 3 2 9 8 144 1090 1101 145
1119 3 2 9 8 1090 1091 1102 1101
1120 3 2 9 8 1091 1092 1103 1102
1121 3 2 9 8 1092 1093 1104 1103
1122 3 2 9 8 1093 1094 1105 1104
1123 3 2 9 8 1094 1095 1106 1105
1124 3 2 9 8 1095 1096 1107 1106
1125 3 2 9 8 1096 1097 1108 1107
1126 3 2 9 8 1097 1098 1109 1108
1127 3 2 9 8 1098 1099 1110 1109
1128 3 2 9 8 1099 1100 1111 1110
1129 3 2 9 8 1100 181 182 1111
1130 3 2 9 8 145 1101 162 6
1131 3 2 9 8 1101 1102 163 162
1132 3 2 9 8 1102 1103 164 163
1133 3 2 9 8 1103 1104 165 164
1134 3 2 9 8 1104 1105 166 165
1135 3 2 9 8 1105 1106 167 166
1136 3 2 9 8 1106 1107 168 167
1137 3 2 9 8 1107 1108 169 168
1138 3 2 9 8 1108 1109 170 169
1139 3 2 9 8 1109 1110 171 170
1140 3 2 9 8 1110 1111 172 171
1141 3 2 9 8 1111 182 17 172
1142 3 2 8 9 6 162 183 8
1143 3 2 8 9 162 163 184 183
1144 3 2 8 9 163 164 185 184
1145 3 2 8 9 164 165 186 185
1146 3 2 8 9 165 166 187 186
1147 3 2 8 9 166 167 188 187
1148 3 2 8 9 167 168 189 188
1149 3 2 8 9 168 169 190 189
1150 3 2 8 9 169 170 191 190
1151 3 2 8 9 170 171 192 191
1152 3 2 8 9 171 172 193 192
1153 3 2 8 9 172 17 18 193
1154 3 2 7 11 5 7 194 151
1155 3 2 7 11 151 194 195 152
1156 3 2 7 11 152 195 196 153
1157 3 2 7 11 153 196 197 154
1158 3 2 7 11 154 197 198 155
1159 3 2 7 11 155 198 199 156
1160 3 2 7 11 156 199 200 157
1161 3 2 7 11 157 200 201 158
1162 3 2 7 11 158 201 202 159
1163 3 2 7 11 159 202 203 160
1164 3 2 7 11 160 203 204 161
1165 3 2 7 11 161 204 19 16
1166 3 2 8 14 2 218 1224 215
1167 3 2 8 14 218 219 1225 1224
1168 3 2 8 14 219 220 1226 1225
1169 3 2 8 14 220 221 1227 1226
1170 3 2 8 14 221 222 1228 1227
1171 3 2 8 14 222 223 1229 1228
1172 3 2 8 14 223 224 1230 1229
1173 3 2 8 14 224 225 1231 1230
1174 3 2 8 14 225 226 1232 1231
1175 3 2 8 14 226 227 1233 1232
1176 3 2 8 14 227 228 1234 1233
1177 3 2 8 14 228 20 240 1234
1178 3 2 8 14 215 1224 1235 216
1179 3 2 8 14 1224 1225 1236 1235
1180 3 2 8 14 1225 1226 1237 1236
1181 3 2 8 14 1226 1227 1238 1237
1182 3 2 8 14 1227 1228 1239 1238
1183 3 2 8 14 1228 1229 1240 1239
1184 3 2 8 14 1229 1230 1241 1240
1185 3 2 8 14 1230 1231 1242 1241
1186 3 2 8 14 1231 1232 1243 1242
1187 3 2 8 14 1232 1233 1244 1243
1188 3 2 8 14 1233 1234 1245 1244
1189 3 2 8 14 1234 240 241 1245
1190 3 2 8 14 216 1235 1246 217
1191 3 2 8 14 1235 1236 1247 1246
1192 3 2 8 14 1236 1237 1248 1247
1193 3 2 8 14 1237 1238 1249 1248
1194 3 2 8 14 1238 1239 1250 1249
1195 3 2 8 14 1239 1240 1251 1250
1196 3 2 8 14 1240 1241 1252 1251
1197 3 2 8 14 1241 1242 1253 1252
1198 3 2 8 14 1242 1243 1254 1253
1199 3 2 8 14 1243 1244 1255 1254
1200 3 2 8 14 1244 1245 1256 1255
1201 3 2 8 14 1245 241 242 1256
1202 3 2 8 14 217 1246 229 6
1203 3 2 8 14 1246 1247 230 229
1204 3 2 8 14 1247 1248 231 230
1205 3 2 8 14 1248 1249 232 231
1206 3 2 8 14 1249 1250 233 232
1207 3 2 8 14 1250 1251 234 233
1208 3 2 8 14 1251 1252 235 234
1209 3 2 8 14 1252 1253 236 235
1210 3 2 8 14 1253 1254 237 236
1211 3 2 8 14 1254 1255 238 237
1212 3 2 8 14 1255 1256 239 238
1213 3 2 8 14 1256 242 21 239
1214 3 2 7 16 4 210 1367 264
1215 3 2 7 16 264 1367 1368 265
1216 3 2 7 16 265 1368 1369 266
1217 3 2 7 16 266 1369 1370 267
1218 3 2 7 16 267 1370 1371 268
1219 3 2 7 16 268 1371 1372 269
1220 3 2 7 16 269 1372 1373 270
1221 3 2 7 16 270 1373 1374 271
1222 3 2 7 16 271 1374 1375 272
1223 3 2 7 16 272 1375 1376 273
1224 3 2 7 16 273 1376 1377 274
1225 3 2 7 16 274 1377 275 23
1226 3 2 7 16 210 211 1378 1367
1227 3 2 7 16 1367 1378 1379 1368
1228 3 2 7 16 1368 1379 1380 1369
1229 3 2 7 16 1369 1380 1381 1370
1230 3 2 7 16 1370 1381 1382 1371
1231 3 2 7 16 1371 1382 1383 1372
1232 3 2 7 16 1372 1383 1384 1373
1233 3 2 7 16 1373 1384 1385 1374
1234 3 2 7 16 1374 1385 1386 1375
1235 3 2 7 16 1375 1386 1387 1376
1236 3 2 7 16 1376 1387 1388 1377
1237 3 2 7 16 1377 1388 276 275
1238 3 2 7 16 211 212 1389 1378
1239 3 2 7 16 1378 1389 1390 1379
1240 3 2 7 16 1379 1390 1391 1380
1241 3 2 7 16 1380 1391 1392 1381
1242 3 2 7 16 1381 1392 1393 1382
1243 3 2 7 16 1382 1393 1394 1383
1244 3 2 7 16 1383 1394 1395 1384
1245 3 2 7 16 1384 1395 1396 1385
1246 3 2 7 16 1385 1396 1397 1386
1247 3 2 7 16 1386 1397 1398 1387
1248 3 2 7 16 1387 1398 1399 1388
1249 3 2 7 16 1388 1399 277 276
1250 3 2 7 16 212 213 1400 1389
1251 3 2 7 16 1389 1400 1401 1390
1252 3 2 7 16 1390 1401 1402 1391
1253 3 2 7 16 1391 1402 1403 1392
1254 3 2 7 16 1392 1403 1404 1393
1255 3 2 7 16 1393 1404 1405 1394
1256 3 2 7 16 1394 1405 1406 1395
1257 3 2 7 16 1395 1406 1407 1396
1258 3 2 7 16 1396 1407 1408 1397
1259 3 2 7 16 1397 1408 1409 1398
1260 3 2 7 16 1398 1409 1410 1399
1261 3 2 7 16 1399 1410 278 277
1262 3 2 7 16 213 214 1411 1400
1263 3 2 7 16 1400 1411 1412 1401
1264 3 2 7 16 1401 1412 1413 1402
1265 3 2 7 16 1402 1413 1414 1403
1266 3 2 7 16 1403 1414 1415 1404
1267 3 2 7 16 1404 1415 1416 1405
1268 3 2 7 16 1405 1416 1417 1406
1269 3 2 7 16 1406 1417 1418 1407
1270 3 2 7 16 1407 1418 1419 1408
1271 3 2 7 16 1408 1419 1420 1409
1272 3 2 7 16 1409 1420 1421 1410
1273 3 2 7 16 1410 1421 279 278
1274 3 2 7 16 214 5 243 1411
1275 3 2 7 16 1411 243 244 1412
1276 3 2 7 16 1412 244 245 1413
1277 3 2 7 16 1413 245 246 1414
1278 3 2 7 16 1414 246 247 1415
1279 3 2 7 16 1415 247 248 1416
1280 3 2 7 16 1416 248 249 1417
1281 3 2 7 16 1417 249 250 1418
1282 3 2 7 16 1418 250 251 1419
1283 3 2 7 16 1419 251 252 1420
1284 3 2 7 16 1420 252 253 1421
1285 3 2 7 16 1421 253 22 279
1286 3 2 8 21 9 312 1640 322
1287 3 2 8 21 322 1640 1641 323
1288 3 2 8 21 323 1641 1642 324
1289 3 2 8 21 324 1642 1643 325
1290 3 2 8 21 325 1643 1644 326
1291 3 2 8 21 326 1644 1645 327
1292 3 2 8 21 327 1645 1646 328
1293 3 2 8 21 328 1646 1647 329
1294 3 2 8 21 329 1647 1648 330
1295 3 2 8 21 330 1648 1649 331
1296 3 2 8 21 331 1649 1650 332
1297 3 2 8 21 332 1650 344 25
1298 3 2 8 21 312 313 1651 1640
1299 3 2 8 21 1640 1651 1652 1641
1300 3 2 8 21 1641 1652 1653 1642
1301 3 2 8 21 1642 1653 1654 1643
1302 3 2 8 21 1643 1654 1655 1644
1303 3 2 8 21 1644 1655 1656 1645
1304 3 2 8 21 1645 1656 1657 1646
1305 3 2 8 21 1646 1657 1658 1647
1306 3 2 8 21 1647 1658 1659 1648
1307 3 2 8 21 1648 1659 1660 1649
1308 3 2 8 21 1649 1660 1661 1650
1309 3 2 8 21 1650 1661 345 344
1310 3 2 8 21 313 314 1662 1651
1311 3 2 8 21 1651 1662 1663 1652
1312 3 2 8 21 1652 1663 1664 1653
1313 3 2 8 21 1653 1664 1665 1654
1314 3 2 8 21 1654 1665 1666 1655
1315 3 2 8 21 1655 1666 1667 1656
1316 3 2 8 21 1656 1667 1668 1657
1317 3 2 8 21 1657 1668 1669 1658
1318 3 2 8 21 1658 1669 1670 1659
1319 3 2 8 21 1659 1670 1671 1660
1320 3 2 8 21 1660 1671 1672 1661
1321 3 2 8 21 1661 1672 346 345
1322 3 2 8 21 314 315 1673 1662
1323 3 2 8 21 1662 1673 1674 1663
1324 3 2 8 21 1663 1674 1675 1664
1325 3 2 8 21 1664 1675 1676 1665
1326 3 2 8 21 1665 1676 1677 1666
1327 3 2 8 21 1666 1677 1678 1667
1328 3 2 8 21 1667 1678 1679 1668
1329 3 2 8 21 1668 1679 1680 1669
1330 3 2 8 21 1669 1680 1681 1670
1331 3 2 8 21 1670 1681 1682 1671
1332 3 2 8 21 1671 1682 1683 1672
1333 3 2 8 21 1672 1683 347 346
1334 3 2 8 21 315 316 1684 1673
1335 3 2 8 21 1673 1684 1685 1674
1336 3 2 8 21 1674 1685 1686 1675
1337 3 2 8 21 1675 1686 1687 1676
1338 3 2 8 21 1676 1687 1688 1677
1339 3 2 8 21 1677 1688 1689 1678
1340 3 2 8 21 1678 1689 1690 1679
1341 3 2 8 21 1679 1690 1691 1680
1342 3 2 8 21 1680 1691 1692 1681
1343 3 2 8 21 1681 1692 1693 1682
1344 3 2 8 21 1682 1693 1694 1683
1345 3 2 8 21 1683 1694 348 347
1346 3 2 8 21 316 10 333 1684
1347 3 2 8 21 1684 333 334 1685
1348 3 2 8 21 1685 334 335 1686
1349 3 2 8 21 1686 335 336 1687
1350 3 2 8 21 1687 336 337 1688
1351 3 2 8 21 1688 337 338 1689
1352 3 2 8 21 1689 338 339 1690
1353 3 2 8 21 1690 339 340 1691
1354 3 2 8 21 1691 340 341 1692
1355 3 2 8 21 1692 341 342 1693
1356 3 2 8 21 1693 342 343 1694
1357 3 2 8 21 1694 343 26 348
1358 3 2 8 22 10 317 1695 333
1359 3 2 8 22 333 1695 1696 334
1360 3 2 8 22 334 1696 1697 335
1361 3 2 8 22 335 1697 1698 336
1362 3 2 8 22 336 1698 1699 337
1363 3 2 8 22 337 1699 1700 338
1364 3 2 8 22 338 1700 1701 339
1365 3 2 8 22 339 1701 1702 340
1366 3 2 8 22 340 1702 1703 341
1367 3 2 8 22 341 1703 1704 342
1368 3 2 8 22 342 1704 1705 343
1369 3 2 8 22 343 1705 360 26
1370 3 2 8 22 317 318 1706 1695
1371 3 2 8 22 1695 1706 1707 1696
1372 3 2 8 22 1696 1707 1708 1697
1373 3 2 8 22 1697 1708 1709 1698
1374 3 2 8 22 1698 1709 1710 1699
1375 3 2 8 22 1699 1710 1711 1700
1376 3 2 8 22 1700 1711 1712 1701
1377 3 2 8 22 1701 1712 1713 1702
1378 3 2 8 22 1702 1713 1714 1703
1379 3 2 8 22 1703 1714 1715 1704
1380 3 2 8 22 1704 1715 1716 1705
1381 3 2 8 22 1705 1716 361 360
1382 3 2 8 22 318 319 1717 1706
1383 3 2 8 22 1706 1717 1718 1707
1384 3 2 8 22 1707 1718 1719 1708
1385 3 2 8 22 1708 1719 1720 1709
1386 3 2 8 22 1709 1720 1721 1710
1387 3 2 8 22 1710 1721 1722 1711
1388 3 2 8 22 1711 1722 1723 1712
1389 3 2 8 22 1712 1723 1724 1713
1390 3 2 8 22 1713 1724 1725 1714
1391 3 2 8 22 1714 1725 1726 1715
1392 3 2 8 22 1715 1726 1727 1716
1393 3 2 8 22 1716 1727 362 361
1394 3 2 8 22 319 320 1728 1717
1395 3 2 8 22 1717 1728 1729 1718
1396 3 2 8 22 1718 1729 1730 1719
1397 3 2 8 22 1719 1730 1731 1720
1398 3 2 8 22 1720 1731 1732 1721
1399 3 2 8 22 1721 1732 1733 1722
1400 3 2 8 22 1722 1733 1734 1723
1401 3 2 8 22 1723 1734 1735 1724
1402 3 2 8 22 1724 1735 1736 1725
1403 3 2 8 22 1725 1736 1737 1726
1404 3 2 8 22 1726 1737 1738 1727
1405 3 2 8 22 1727 1738 363 362
1406 3 2 8 22 320 321 1739 1728
1407 3 2 8 22 1728 1739 1740 1729
1408 3 2 8 22 1729 1740 1741 1730
1409 3 2 8 22 1730 1741 1742 1731
1410 3 2 8 22 1731 1742 1743 1732
1411 3 2 8 22 1732 1743 1744 1733
1412 3 2 8 22 1733 1744 1745 1734
1413 3 2 8 22 1734 1745 1746 1735
1414 3 2 8 22 1735 1746 1747 1736
1415 3 2 8 22 1736 1747 1748 1737
1416 3 2 8 22 1737 1748 1749 1738
1417 3 2 8 22 1738 1749 364 363
1418 3 2 8 22 321 8 349 1739
1419 3 2 8 22 1739 349 350 1740
1420 3 2 8 22 1740 350 351 1741
1421 3 2 8 22 1741 351 352 1742
1422 3 2 8 22 1742 352 353 1743
1423 3 2 8 22 1743 353 354 1744
1424 3 2 8 22 1744 354 355 1745
1425 3 2 8 22 1745 355 356 1746
1426 3 2 8 22 1746 356 357 1747
1427 3 2 8 22 1747 357 358 1748
1428 3 2 8 22 1748 358 359 1749
1429 3 2 8 22 1749 359 27 364
1430 3 2 9 23 7 365 1750 146
1431 3 2 9 23 365 366 1751 1750
1432 3 2 9 23 366 367 1752 1751
1433 3 2 9 23 367 368 1753 1752
1434 3 2 9 23 368 369 1754 1753
1435 3 2 9 23 369 370 1755 1754
1436 3 2 9 23 370 371 1756 1755
1437 3 2 9 23 371 372 1757 1756
1438 3 2 9 23 372 373 1758 1757
1439 3 2 9 23 373 374 1759 1758
1440 3 2 9 23 374 375 1760 1759
1441 3 2 9 23 375 28 376 1760
1442 3 2 9 23 146 1750 1761 147
1443 3 2 9 23 1750 1751 1762 1761
1444 3 2 9 23 1751 1752 1763 1762
1445 3 2 9 23 1752 1753 1764 1763
1446 3 2 9 23 1753 1754 1765 1764
1447 3 2 9 23 1754 1755 1766 1765
1448 3 2 9 23 1755 1756 1767 1766
1449 3 2 9 23 1756 1757 1768 1767
1450 3 2 9 23 1757 1758 1769 1768
1451 3 2 9 23 1758 1759 1770 1769
1452 3 2 9 23 1759 1760 1771 1770
1453 3 2 9 23 1760 376 377 1771
1454 3 2 9 23 147 1761 1772 148
1455 3 2 9 23 1761 1762 1773 1772
1456 3 2 9 23 1762 1763 1774 1773
1457 3 2 9 23 1763 1764 1775 1774
1458 3 2 9 23 1764 1765 1776 1775
1459 3 2 9 23 1765 1766 1777 1776
1460 3 2 9 23 1766 1767 1778 1777
1461 3 2 9 23 1767 1768 1779 1778
1462 3 2 9 23 1768 1769 1780 1779
1463 3 2 9 23 1769 1770 1781 1780
1464 3 2 9 23 1770 1771 1782 1781
1465 3 2 9 23 1771 377 378 1782
1466 3 2 9 23 148 1772 1783 149
1467 3 2 9 23 1772 1773 1784 1783
1468 3 2 9 23 1773 1774 1785 1784
1469 3 2 9 23 1774 1775 1786 1785
1470 3 2 9 23 1775 1776 1787 1786
1471 3 2 9 23 1776 1777 1788 1787
1472 3 2 9 23 1777 1778 1789 1788
1473 3 2 9 23 1778 1779 1790 1789
1474 3 2 9 23 1779 1780 1791 1790
1475 3 2 9 23 1780 1781 1792 1791
1476 3 2 9 23 1781 1782 1793 1792
1477 3 2 9 23 1782 378 379 1793
1478 3 2 9 23 149 1783 1794 150
1479 3 2 9 23 1783 1784 1795 1794
1480 3 2 9 23 1784 1785 1796 1795
1481 3 2 9 23 1785 1786 1797 1796
1482 3 2 9 23 1786 1787 1798 1797
1483 3 2 9 23 1787 1788 1799 1798
1484 3 2 9 23 1788 1789 1800 1799
1485 3 2 9 23 1789 1790 1801 1800
1486 3 2 9 23 1790 1791 1802 1801
1487 3 2 9 23 1791 1792 1803 1802
1488 3 2 9 23 1792 1793 1804 1803
1489 3 2 9 23 1793 379 380 1804
1490 3 2 9 23 150 1794 349 8
1491 3 2 9 23 1794 1795 350 349
1492 3 2 9 23 1795 1796 351 350
1493 3 2 9 23 1796 1797 352 351
1494 3 2 9 23 1797 1798 353 352
1495 3 2 9 23 1798 1799 354 353
1496 3 2 9 23 1799 1800 355 354
1497 3 2 9 23 1800 1801 356 355
1498 3 2 9 23 1801 1802 357 356
1499 3 2 9 23 1802 1803 358 357
1500 3 2 9 23 1803 1804 359 358
1501 3 2 9 23 1804 380 27 359
1502 3 2 7 24 7 302 1805 365
1503 3 2 7 24 365 1805 1806 366
1504 3 2 7 24 366 1806 1807 367
1505 3 2 7 24 367 1807 1808 368
1506 3 2 7 24 368 1808 1809 369
1507 3 2 7 24 369 1809 1810 370
1508 3 2 7 24 370 1810 1811 371
1509 3 2 7 24 371 1811 1812 372
1510 3 2 7 24 372 1812 1813 373
1511 3 2 7 24 373 1813 1814 374
1512 3 2 7 24 374 1814 1815 375
1513 3 2 7 24 375 1815 392 28
1514 3 2 7 24 302 303 1816 1805
1515 3 2 7 24 1805 1816 1817 1806
1516 3 2 7 24 1806 1817 1818 1807
1517 3 2 7 24 1807 1818 1819 1808
1518 3 2 7 24 1808 1819 1820 1809
1519 3 2 7 24 1809 1820 1821 1810
1520 3 2 7 24 1810 1821 1822 1811
1521 3 2 7 24 1811 1822 1823 1812
1522 3 2 7 24 1812 1823 1824 1813
1523 3 2 7 24 1813 1824 1825 1814
1524 3 2 7 24 1814 1825 1826 1815
1525 3 2 7 24 1815 1826 393 392
1526 3 2 7 24 303 304 1827 1816
1527 3 2 7 24 1816 1827 1828 1817
1528 3 2 7 24 1817 1828 1829 1818
1529 3 2 7 24 1818 1829 1830 1819
1530 3 2 7 24 1819 1830 1831 1820
1531 3 2 7 24 1820 1831 1832 1821
1532 3 2 7 24 1821 1832 1833 1822
1533 3 2 7 24 1822 1833 1834 1823
1534 3 2 7 24 1823 1834 1835 1824
1535 3 2 7 24 1824 1835 1836 1825
1536 3 2 7 24 1825 1836 1837 1826
1537 3 2 7 24 1826 1837 394 393
1538 3 2 7 24 304 305 1838 1827
1539 3 2 7 24 1827 1838 1839 1828
1540 3 2 7 24 1828 1839 1840 1829
1541 3 2 7 24 1829 1840 1841 1830
1542 3 2 7 24 1830 1841 1842 1831
1543 3 2 7 24 1831 1842 1843 1832
1544 3 2 7 24 1832 1843 1844 1833
1545 3 2 7 24 1833 1844 1845 1834
1546 3 2 7 24 1834 1845 1846 1835
1547 3 2 7 24 1835 1846 1847 1836
1548 3 2 7 24 1836 1847 1848 1837
1549 3 2 7 24 1837 1848 395 394
1550 3 2 7 24 305 306 1849 1838
1551 3 2 7 24 1838 1849 1850 1839
1552 3 2 7 24 1839 1850 1851 1840
1553 3 2 7 24 1840 1851 1852 1841
1554 3 2 7 24 1841 1852 1853 1842
1555 3 2 7 24 1842 1853 1854 1843
1556 3 2 7 24 1843 1854 1855 1844
1557 3 2 7 24 1844 1855 1856 1845
1558 3 2 7 24 1845 1856 1857 1846
1559 3 2 7 24 1846 1857 1858 1847
1560 3 2 7 24 1847 1858 1859 1848
1561 3 2 7 24 1848 1859 396 395
1562 3 2 7 24 306 11 381 1849
1563 3 2 7 24 1849 381 382 1850
1564 3 2 7 24 1850 382 383 1851
1565 3 2 7 24 1851 383 384 1852
1566 3 2 7 24 1852 384 385 1853
1567 3 2 7 24 1853 385 386 1854
1568 3 2 7 24 1854 386 387 1855
1569 3 2 7 24 1855 387 388 1856
1570 3 2 7 24 1856 388 389 1857
1571 3 2 7 24 1857 389 390 1858
1572 3 2 7 24 1858 390 391 1859
1573 3 2 7 24 1859 391 29 396
1574 3 2 8 25 11 307 1860 381
1575 3 2 8 25 381 1860 1861 382
1576 3 2 8 25 382 1861 1862 383
1577 3 2 8 25 383 1862 1863 384
1578 3 2 8 25 384 1863 1864 385
1579 3 2 8 25 385 1864 1865 386
1580 3 2 8 25 386 1865 1866 387
1581 3 2 8 25 387 1866 1867 388
1582 3 2 8 25 388 1867 1868 389
1583 3 2 8 25 389 1868 1869 390
1584 3 2 8 25 390 1869 1870 391
1585 3 2 8 25 391 1870 397 29
1586 3 2 8 25 307 308 1871 1860
1587 3 2 8 25 1860 1871 1872 1861
1588 3 2 8 25 1861 1872 1873 1862
1589 3 2 8 25 1862 1873 1874 1863
1590 3 2 8 25 1863 1874 1875 1864
1591 3 2 8 25 1864 1875 1876 1865
1592 3 2 8 25 1865 1876 1877 1866
1593 3 2 8 25 1866 1877 1878 1867
1594 3 2 8 25 1867 1878 1879 1868
1595 3 2 8 25 1868 1879 1880 1869
1596 3 2 8 25 1869 1880 1881 1870
1597 3 2 8 25 1870 1881 398 397
1598 3 2 8 25 308 309 1882 1871
1599 3 2 8 25 1871 1882 1883 1872
1600 3 2 8 25 1872 1883 1884 1873
1601 3 2 8 25 1873 1884 1885 1874
1602 3 2 8 25 1874 1885 1886 1875
1603 3 2 8 25 1875 1886 1887 1876
1604 3 2 8 25 1876 1887 1888 1877
1605 3 2 8 25 1877 1888 1889 1878
1606 3 2 8 25 1878 1889 1890 1879
1607 3 2 8 25 1879 1890 1891 1880
1608 3 2 8 25 1880 1891 1892 1881
1609 3 2 8 25 1881 1892 399 398
1610 3 2 8 25 309 310 1893 1882
1611 3 2 8 25 1882 1893 1894 1883
1612 3 2 8 25 1883 1894 1895 1884
1613 3 2 8 25 1884 1895 1896 1885
1614 3 2 8 25 1885 1896 1897 1886
1615 3 2 8 25 1886 1897 1898 1887
1616 3 2 8 25 1887 1898 1899 1888
1617 3 2 8 25 1888 1899 1900 1889
1618 3 2 8 25 1889 1900 1901 1890
1619 3 2 8 25 1890 1901 1902 1891
1620 3 2 8 25 1891 1902 1903 1892
1621 3 2 8 25 1892 1903 400 399
1622 3 2 8 25 310 311 1904 1893
1623 3 2 8 25 1893 1904 1905 1894
1624 3 2 8 25 1894 1905 1906 1895
1625 3 2 8 25 1895 1906 1907 1896
1626 3 2 8 25 1896 1907 1908 1897
1627 3 2 8 25 1897 1908 1909 1898
1628 3 2 8 25 1898 1909 1910 1899
1629 3 2 8 25 1899 1910 1911 1900
1630 3 2 8 25 1900 1911 1912 1901
1631 3 2 8 25 1901 1912 1913 1902
1632 3 2 8 25 1902 1913 1914 1903
1633 3 2 8 25 1903 1914 401 400
1634 3 2 8 25 311 9 322 1904
1635 3 2 8 25 1904 322 323 1905
1636 3 2 8 25 1905 323 324 1906
1637 3 2 8 25 1906 324 325 1907
1638 3 2 8 25 1907 325 326 1908
1639 3 2 8 25 1908 326 327 1909
1640 3 2 8 25 1909 327 328 1910
1641 3 2 8 25 1910 328 329 1911
1642 3 2 8 25 1911 329 330 1912
1643 3 2 8 25 1912 330 331 1913
1644 3 2 8 25 1913 331 332 1914
1645 3 2 8 25 1914 332 25 401
1646 3 2 7 27 12 402 1964 92
1647 3 2 7 27 402 403 1965 1964
1648 3 2 7 27 403 404 1966 1965
1649 3 2 7 27 404 405 1967 1966
1650 3 2 7 27 405 406 1968 1967
1651 3 2 7 27 406 407 1969 1968
1652 3 2 7 27 407 408 1970 1969
1653 3 2 7 27 408 409 1971 1970
1654 3 2 7 27 409 410 1972 1971
1655 3 2 7 27 410 411 1973 1972
1656 3 2 7 27 411 412 1974 1973
1657 3 2 7 27 412 30 424 1974
1658 3 2 7 27 92 1964 1975 93
1659 3 2 7 27 1964 1965 1976 1975
1660 3 2 7 27 1965 1966 1977 1976
1661 3 2 7 27 1966 1967 1978 1977
1662 3 2 7 27 1967 1968 1979 1978
1663 3 2 7 27 1968 1969 1980 1979
1664 3 2 7 27 1969 1970 1981 1980
1665 3 2 7 27 1970 1971 1982 1981
1666 3 2 7 27 1971 1972 1983 1982
1667 3 2 7 27 1972 1973 1984 1983
1668 3 2 7 27 1973 1974 1985 1984
1669 3 2 7 27 1974 424 425 1985
1670 3 2 7 27 93 1975 1986 94
1671 3 2 7 27 1975 1976 1987 1986
1672 3 2 7 27 1976 1977 1988 1987
1673 3 2 7 27 1977 1978 1989 1988
1674 3 2 7 27 1978 1979 1990 1989
1675 3 2 7 27 1979 1980 1991 1990
1676 3 2 7 27 1980 1981 1992 1991
1677 3 2 7 27 1981 1982 1993 1992
1678 3 2 7 27 1982 1983 1994 1993
1679 3 2 7 27 1983 1984 1995 1994
1680 3 2 7 27 1984 1985 1996 1995
1681 3 2 7 27 1985 425 426 1996
1682 3 2 7 27 94 1986 1997 95
1683 3 2 7 27 1986 1987 1998 1997
1684 3 2 7 27 1987 1988 1999 1998
1685 3 2 7 27 1988 1989 2000 1999
1686 3 2 7 27 1989 1990 2001 2000
1687 3 2 7 27 1990 1991 2002 2001
1688 3 2 7 27 1991 1992 2003 2002
1689 3 2 7 27 1992 1993 2004 2003
1690 3 2 7 27 1993 1994 2005 2004
1691 3 2 7 27 1994 1995 2006 2005
1692 3 2 7 27 1995 1996 2007 2006
1693 3 2 7 27 1996 426 427 2007
1694 3 2 7 27 95 1997 2008 96
1695 3 2 7 27 1997 1998 2009 2008
1696 3 2 7 27 1998 1999 2010 2009
1697 3 2 7 27 1999 2000 2011 2010
1698 3 2 7 27 2000 2001 2012 2011
1699 3 2 7 27 2001 2002 2013 2012
1700 3 2 7 27 2002 2003 2014 2013
1701 3 2 7 27 2003 2004 2015 2014
1702 3 2 7 27 2004 2005 2016 2015
1703 3 2 7 27 2005 2006 2017 2016
1704 3 2 7 27 2006 2007 2018 2017
1705 3 2 7 27 2007 427 428 2018
1706 3 2 7 27 96 2008 413 13
1707 3 2 7 27 2008 2009 414 413
1708 3 2 7 27 2009 2010 415 414
1709 3 2 7 27 2010 2011 416 415
1710 3 2 7 27 2011 2012 417 416
1711 3 2 7 27 2012 2013 418 417
1712 3 2 7 27 2013 2014 419 418
1713 3 2 7 27 2014 2015 420 419
1714 3 2 7 27 2015 2016 421 420
1715 3 2 7 27 2016 2017 422 421
1716 3 2 7 27 2017 2018 423 422
1717 3 2 7 27 2018 428 31 423
1718 3 2 8 28 13 413 2019 108
1719 3 2 8 28 413 414 2020 2019
1720 3 2 8 28 414 415 2021 2020
1721 3 2 8 28 415 416 2022 2021
1722 3 2 8 28 416 417 2023 2022
1723 3 2 8 28 417 418 2024 2023
1724 3 2 8 28 418 419 2025 2024
1725 3 2 8 28 419 420 2026 2025
1726 3 2 8 28 420 421 2027 2026
1727 3 2 8 28 421 422 2028 2027
1728 3 2 8 28 422 423 2029 2028
1729 3 2 8 28 423 31 440 2029
1730 3 2 8 28 108 2019 2030 109
1731 3 2 8 28 2019 2020 2031 2030
1732 3 2 8 28 2020 2021 2032 2031
1733 3 2 8 28 2021 2022 2033 2032
1734 3 2 8 28 2022 2023 2034 2033
1735 3 2 8 28 2023 2024 2035 2034
1736 3 2 8 28 2024 2025 2036 2035
1737 3 2 8 28 2025 2026 2037 2036
1738 3 2 8 28 2026 2027 2038 2037
1739 3 2 8 28 2027 2028 2039 2038
1740 3 2 8 28 2028 2029 2040 2039
1741 3 2 8 28 2029 440 441 2040
1742 3 2 8 28 109 2030 2041 110
1743 3 2 8 28 2030 2031 2042 2041
1744 3 2 8 28 2031 2032 2043 2042
1745 3 2 8 28 2032 2033 2044 2043
1746 3 2 8 28 2033 2034 2045 2044
1747 3 2 8 28 2034 2035 2046 2045
1748 3 2 8 28 2035 2036 2047 2046
1749 3 2 8 28 2036 2037 2048 2047
1750 3 2 8 28 2037 2038 2049 2048
1751 3 2 8 28 2038 2039 2050 2049
1752 3 2 8 28 2039 2040 2051 2050
1753 3 2 8 28 2040 441 442 2051
1754 3 2 8 28 110 2041 2052 111
1755 3 2 8 28 2041 2042 2053 2052
1756 3 2 8 28 2042 2043 2054 2053
1757 3 2 8 28 2043 2044 2055 2054
1758 3 2 8 28 2044 2045 2056 2055
1759 3 2 8 28 2045 2046 2057 2056
1760 3 2 8 28 2046 2047 2058 2057
1761 3 2 8 28 2047 2048 2059 2058
1762 3 2 8 28 2048 2049 2060 2059
1763 3 2 8 28 2049 2050 2061 2060
1764 3 2 8 28 2050 2051 2062 2061
1765 3 2 8 28 2051 442 443 2062
1766 3 2 8 28 111 2052 2063 112
1767 3 2 8 28 2052 2053 2064 2063
1768 3 2 8 28 2053 2054 2065 2064
1769 3 2 8 28 2054 2055 2066 2065
1770 3 2 8 28 2055 2056 2067 2066
1771 3 2 8 28 2056 2057 2068 2067
1772 3 2 8 28 2057 2058 2069 2068
1773 3 2 8 28 2058 2059 2070 2069
1774 3 2 8 28 2059 2060 2071 2070
1775 3 2 8 28 2060 2061 2072 2071
1776 3 2 8 28 2061 2062 2073 2072
1777 3 2 8 28 2062 443 444 2073
1778 3 2 8 28 112 2063 2074 113
1779 3 2 8 28 2063 2064 2075 2074
1780 3 2 8 28 2064 2065 2076 2075
1781 3 2 8 28 2065 2066 2077 2076
1782 3 2 8 28 2066 2067 2078 2077
1783 3 2 8 28 2067 2068 2079 2078
1784 3 2 8 28 2068 2069 2080 2079
1785 3 2 8 28 2069 2070 2081 2080
1786 3 2 8 28 2070 2071 2082 2081
1787 3 2 8 28 2071 2072 2083 2082
1788 3 2 8 28 2072 2073 2084 2083
1789 3 2 8 28 2073 444 445 2084
1790 3 2 8 28 113 2074 429 14
1791 3 2 8 28 2074 2075 430 429
1792 3 2 8 28 2075 2076 431 430
1793 3 2 8 28 2076 2077 432 431
1794 3 2 8 28 2077 2078 433 432
1795 3 2 8 28 2078 2079 434 433
1796 3 2 8 28 2079 2080 435 434
1797 3 2 8 28 2080 2081 436 435
1798 3 2 8 28 2081 2082 437 436
1799 3 2 8 28 2082 2083 438 437
1800 3 2 8 28 2083 2084 439 438
1801 3 2 8 28 2084 445 32 439
1802 3 2 8 31 30 467 2206 424
1803 3 2 8 31 467 466 2207 2206
1804 3 2 8 31 466 465 2208 2207
1805 3 2 8 31 465 464 2209 2208
1806 3 2 8 31 464 463 2210 2209
1807 3 2 8 31 463 462 2211 2210
1808 3 2 8 31 462 33 461 2211
1809 3 2 8 31 424 2206 2212 425
1810 3 2 8 31 2206 2207 2213 2212
1811 3 2 8 31 2207 2208 2214 2213
1812 3 2 8 31 2208 2209 2215 2214
1813 3 2 8 31 2209 2210 2216 2215
1814 3 2 8 31 2210 2211 2217 2216
1815 3 2 8 31 2211 461 460 2217
1816 3 2 8 31 425 2212 2218 426
1817 3 2 8 31 2212 2213 2219 2218
1818 3 2 8 31 2213 2214 2220 2219
1819 3 2 8 31 2214 2215 2221 2220
1820 3 2 8 31 2215 2216 2222 2221
1821 3 2 8 31 2216 2217 2223 2222
1822 3 2 8 31 2217 460 459 2223
1823 3 2 8 31 426 2218 2224 427
1824 3 2 8 31 2218 2219 2225 2224
1825 3 2 8 31 2219 2220 2226 2225
1826 3 2 8 31 2220 2221 2227 2226
1827 3 2 8 31 2221 2222 2228 2227
1828 3 2 8 31 2222 2223 2229 2228
1829 3 2 8 31 2223 459 458 2229
1830 3 2 8 31 427 2224 2230 428
1831 3 2 8 31 2224 2225 2231 2230
1832 3 2 8 31 2225 2226 2232 2231
1833 3 2 8 31 2226 2227 2233 2232
1834 3 2 8 31 2227 2228 2234 2233
1835 3 2 8 31 2228 2229 2235 2234
1836 3 2 8 31 2229 458 457 2235
1837 3 2 8 31 428 2230 440 31
1838 3 2 8 31 2230 2231 441 440
1839 3 2 8 31 2231 2232 442 441
1840 3 2 8 31 2232 2233 443 442
1841 3 2 8 31 2233 2234 444 443
1842 3 2 8 31 2234 2235 445 444
1843 3 2 8 31 2235 457 32 445
1844 3 2 8 33 17 479 500 18
1845 3 2 8 33 479 480 501 500
1846 3 2 8 33 480 481 502 501
1847 3 2 8 33 481 482 503 502
1848 3 2 8 33 482 483 504 503
1849 3 2 8 33 483 484 505 504
1850 3 2 8 33 484 485 506 505
1851 3 2 8 33 485 486 507 506
1852 3 2 8 33 486 487 508 507
1853 3 2 8 33 487 488 509 508
1854 3 2 8 33 488 489 510 509
1855 3 2 8 33 489 35 36 510
1856 3 2 7 35 16 19 511 468
1857 3 2 7 35 468 511 512 469
1858 3 2 7 35 469 512 513 470
1859 3 2 7 35 470 513 514 471
1860 3 2 7 35 471 514 515 472
1861 3 2 7 35 472 515 516 473
1862 3 2 7 35 473 516 517 474
1863 3 2 7 35 474 517 518 475
1864 3 2 7 35 475 518 519 476
1865 3 2 7 35 476 519 520 477
1866 3 2 7 35 477 520 521 478
1867 3 2 7 35 478 521 37 34
1868 3 2 8 37 20 527 2410 240
1869 3 2 8 37 527 528 2411 2410
1870 3 2 8 37 528 529 2412 2411
1871 3 2 8 37 529 530 2413 2412
1872 3 2 8 37 530 531 2414 2413
1873 3 2 8 37 531 532 2415 2414
1874 3 2 8 37 532 533 2416 2415
1875 3 2 8 37 533 534 2417 2416
1876 3 2 8 37 534 535 2418 2417
1877 3 2 8 37 535 536 2419 2418
1878 3 2 8 37 536 537 2420 2419
1879 3 2 8 37 537 38 549 2420
1880 3 2 8 37 240 2410 2421 241
1881 3 2 8 37 2410 2411 2422 2421
1882 3 2 8 37 2411 2412 2423 2422
1883 3 2 8 37 2412 2413 2424 2423
1884 3 2 8 37 2413 2414 2425 2424
1885 3 2 8 37 2414 2415 2426 2425
1886 3 2 8 37 2415 2416 2427 2426
1887 3 2 8 37 2416 2417 2428 2427
1888 3 2 8 37 2417 2418 2429 2428
1889 3 2 8 37 2418 2419 2430 2429
1890 3 2 8 37 2419 2420 2431 2430
1891 3 2 8 37 2420 549 550 2431
1892 3 2 8 37 241 2421 2432 242
1893 3 2 8 37 2421 2422 2433 2432
1894 3 2 8 37 2422 2423 2434 2433
1895 3 2 8 37 2423 2424 2435 2434
1896 3 2 8 37 2424 2425 2436 2435
1897 3 2 8 37 2425 2426 2437 2436
1898 3 2 8 37 2426 2427 2438 2437
1899 3 2 8 37 2427 2428 2439 2438
1900 3 2 8 37 2428 2429 2440 2439
1901 3 2 8 37 2429 2430 2441 2440
1902 3 2 8 37 2430 2431 2442 2441
1903 3 2 8 37 2431 550 551 2442
1904 3 2 8 37 242 2432 538 21
1905 3 2 8 37 2432 2433 539 538
1906 3 2 8 37 2433 2434 540 539
1907 3 2 8 37 2434 2435 541 540
1908 3 2 8 37 2435 2436 542 541
1909 3 2 8 37 2436 2437 543 542
1910 3 2 8 37 2437 2438 544 543
1911 3 2 8 37 2438 2439 545 544
1912 3 2 8 37 2439 2440 546 545
1913 3 2 8 37 2440 2441 547 546
1914 3 2 8 37 2441 2442 548 547
1915 3 2 8 37 2442 551 39 548
1916 3 2 7 39 23 275 2553 573
1917 3 2 7 39 573 2553 2554 574
1918 3 2 7 39 574 2554 2555 575
1919 3 2 7 39 575 2555 2556 576
1920 3 2 7 39 576 2556 2557 577
1921 3 2 7 39 577 2557 2558 578
1922 3 2 7 39 578 2558 2559 579
1923 3 2 7 39 579 2559 2560 580
1924 3 2 7 39 580 2560 2561 581
1925 3 2 7 39 581 2561 2562 582
1926 3 2 7 39 582 2562 2563 583
1927 3 2 7 39 583 2563 584 41
1928 3 2 7 39 275 276 2564 2553
1929 3 2 7 39 2553 2564 2565 2554
1930 3 2 7 39 2554 2565 2566 2555
1931 3 2 7 39 2555 2566 2567 2556
1932 3 2 7 39 2556 2567 2568 2557
1933 3 2 7 39 2557 2568 2569 2558
1934 3 2 7 39 2558 2569 2570 2559
1935 3 2 7 39 2559 2570 2571 2560
1936 3 2 7 39 2560 2571 2572 2561
1937 3 2 7 39 2561 2572 2573 2562
1938 3 2 7 39 2562 2573 2574 2563
1939 3 2 7 39 2563 2574 585 584
1940 3 2 7 39 276 277 2575 2564
1941 3 2 7 39 2564 2575 2576 2565
1942 3 2 7 39 2565 2576 2577 2566
1943 3 2 7 39 2566 2577 2578 2567
1944 3 2 7 39 2567 2578 2579 2568
1945 3 2 7 39 2568 2579 2580 2569
1946 3 2 7 39 2569 2580 2581 2570
1947 3 2 7 39 2570 2581 2582 2571
1948 3 2 7 39 2571 2582 2583 2572
1949 3 2 7 39 2572 2583 2584 2573
1950 3 2 7 39 2573 2584 2585 2574
1951 3 2 7 39 2574 2585 586 585
1952 3 2 7 39 277 278 2586 2575
1953 3 2 7 39 2575 2586 2587 2576
1954 3 2 7 39 2576 2587 2588 2577
1955 3 2 7 39 2577 2588 2589 2578
1956 3 2 7 39 2578 2589 2590 2579
1957 3 2 7 39 2579 2590 2591 2580
1958 3 2 7 39 2580 2591 2592 2581
1959 3 2 7 39 2581 2592 2593 2582
1960 3 2 7 39 2582 2593 2594 2583
1961 3 2 7 39 2583 2594 2595 2584
1962 3 2 7 39 2584 2595 2596 2585
1963 3 2 7 39 2585 2596 587 586
1964 3 2 7 39 278 279 2597 2586
1965 3 2 7 39 2586 2597 2598 2587
1966 3 2 7 39 2587 2598 2599 2588
1967 3 2 7 39 2588 2599 2600 2589
1968 3 2 7 39 2589 2600 2601 2590
1969 3 2 7 39 2590 2601 2602 2591
1970 3 2 7 39 2591 2602 2603 2592
1971 3 2 7 39 2592 2603 2604 2593
1972 3 2 7 39 2593 2604 2605 2594
1973 3 2 7 39 2594 2605 2606 2595
1974 3 2 7 39 2595 2606 2607 2596
1975 3 2 7 39 2596 2607 588 587
1976 3 2 7 39 279 22 552 2597
1977 3 2 7 39 2597 552 553 2598
1978 3 2 7 39 2598 553 554 2599
1979 3 2 7 39 2599 554 555 2600
1980 3 2 7 39 2600 555 556 2601
1981 3 2 7 39 2601 556 557 2602
1982 3 2 7 39 2602 557 558 2603
1983 3 2 7 39 2603 558 559 2604
1984 3 2 7 39 2604 559 560 2605
1985 3 2 7 39 2605 560 561 2606
1986 3 2 7 39 2606 561 562 2607
1987 3 2 7 39 2607 562 40 588
1988 3 2 8 43 25 344 2777 611
1989 3 2 8 43 611 2777 2778 612
1990 3 2 8 43 612 2778 2779 613
1991 3 2 8 43 613 2779 2780 614
1992 3 2 8 43 614 2780 2781 615
1993 3 2 8 43 615 2781 2782 616
1994 3 2 8 43 616 2782 2783 617
1995 3 2 8 43 617 2783 2784 618
1996 3 2 8 43 618 2784 2785 619
1997 3 2 8 43 619 2785 2786 620
1998 3 2 8 43 620 2786 2787 621
1999 3 2 8 43 621 2787 633 43
2000 3 2 8 43 344 345 2788 2777
2001 3 2 8 43 2777 2788 2789 2778
2002 3 2 8 43 2778 2789 2790 2779
2003 3 2 8 43 2779 2790 2791 2780
2004 3 2 8 43 2780 2791 2792 2781
2005 3 2 8 43 2781 2792 2793 2782
2006 3 2 8 43 2782 2793 2794 2783
2007 3 2 8 43 2783 2794 2795 2784
2008 3 2 8 43 2784 2795 2796 2785
2009 3 2 8 43 2785 2796 2797 2786
2010 3 2 8 43 2786 2797 2798 2787
2011 3 2 8 43 2787 2798 634 633
2012 3 2 8 43 345 346 2799 2788
2013 3 2 8 43 2788 2799 2800 2789
2014 3 2 8 43 2789 2800 2801 2790
2015 3 2 8 43 2790 2801 2802 2791
2016 3 2 8 43 2791 2802 2803 2792
2017 3 2 8 43 2792 2803 2804 2793
2018 3 2 8 43 2793 2804 2805 2794
2019 3 2 8 43 2794 2805 2806 2795
2020 3 2 8 43 2795 2806 2807 2796
2021 3 2 8 43 2796 2807 2808 2797
2022 3 2 8 43 2797 2808 2809 2798
2023 3 2 8 43 2798 2809 635 634
2024 3 2 8 43 346 347 2810 2799
2025 3 2 8 43 2799 2810 2811 2800
2026 3 2 8 43 2800 2811 2812 2801
2027 3 2 8 43 2801 2812 2813 2802
2028 3 2 8 43 2802 2813 2814 2803
2029 3 2 8 43 2803 2814 2815 2804
2030 3 2 8 43 2804 2815 2816 2805
2031 3 2 8 43 2805 2816 2817 2806
2032 3 2 8 43 2806 2817 2818 2807
2033 3 2 8 43 2807 2818 2819 2808
2034 3 2 8 43 2808 2819 2820 2809
2035 3 2 8 43 2809 2820 636 635
2036 3 2 8 43 347 348 2821 2810
2037 3 2 8 43 2810 2821 2822 2811
2038 3 2 8 43 2811 2822 2823 2812
2039 3 2 8 43 2812 2823 2824 2813
2040 3 2 8 43 2813 2824 2825 2814
2041 3 2 8 43 2814 2825 2826 2815
2042 3 2 8 43 2815 2826 2827 2816
2043 3 2 8 43 2816 2827 2828 2817
2044 3 2 8 43 2817 2828 2829 2818
2045 3 2 8 43 2818 2829 2830 2819
2046 3 2 8 43 2819 2830 2831 2820
2047 3 2 8 43 2820 2831 637 636
2048 3 2 8 43 348 26 622 2821
2049 3 2 8 43 2821 622 623 2822
2050 3 2 8 43 2822 623 624 2823
2051 3 2 8 43 2823 624 625 2824
2052 3 2 8 43 2824 625 626 2825
2053 3 2 8 43 2825 626 627 2826
2054 3 2 8 43 2826 627 628 2827
2055 3 2 8 43 2827 628 629 2828
2056 3 2 8 43 2828 629 630 2829
2057 3 2 8 43 2829 630 631 2830
2058 3 2 8 43 2830 631 632 2831
2059 3 2 8 43 2831 632 44 637
2060 3 2 8 44 26 360 2832 622
2061 3 2 8 44 622 2832 2833 623
2062 3 2 8 44 623 2833 2834 624
2063 3 2 8 44 624 2834 2835 625
2064 3 2 8 44 625 2835 2836 626
2065 3 2 8 44 626 2836 2837 627
2066 3 2 8 44 627 2837 2838 628
2067 3 2 8 44 628 2838 2839 629
2068 3 2 8 44 629 2839 2840 630
2069 3 2 8 44 630 2840 2841 631
2070 3 2 8 44 631 2841 2842 632
2071 3 2 8 44 632 2842 649 44
2072 3 2 8 44 360 361 2843 2832
2073 3 2 8 44 2832 2843 2844 2833
2074 3 2 8 44 2833 2844 2845 2834
2075 3 2 8 44 2834 2845 2846 2835
2076 3 2 8 44 2835 2846 2847 2836
2077 3 2 8 44 2836 2847 2848 2837
2078 3 2 8 44 2837 2848 2849 2838
2079 3 2 8 44 2838 2849 2850 2839
2080 3 2 8 44 2839 2850 2851 2840
2081 3 2 8 44 2840 2851 2852 2841
2082 3 2 8 44 2841 2852 2853 2842
2083 3 2 8 44 2842 2853 650 649
2084 3 2 8 44 361 362 2854 2843
2085 3 2 8 44 2843 2854 2855 2844
2086 3 2 8 44 2844 2855 2856 2845
2087 3 2 8 44 2845 2856 2857 2846
2088 3 2 8 44 2846 2857 2858 2847
2089 3 2 8 44 2847 2858 2859 2848
2090 3 2 8 44 2848 2859 2860 2849
2091 3 2 8 44 2849 2860 2861 2850
2092 3 2 8 44 2850 2861 2862 2851
2093 3 2 8 44 2851 2862 2863 2852
2094 3 2 8 44 2852 2863 2864 2853
2095 3 2 8 44 2853 2864 651 650
2096 3 2 8 44 362 363 2865 2854
2097 3 2 8 44 2854 2865 2866 2855
2098 3 2 8 44 2855 2866 2867 2856
2099 3 2 8 44 2856 2867 2868 2857
2100 3 2 8 44 2857 2868 2869 2858
2101 3 2 8 44 2858 2869 2870 2859
2102 3 2 8 44 2859 2870 2871 2860
2103 3 2 8 44 2860 2871 2872 2861
2104 3 2 8 44 2861 2872 2873 2862
2105 3 2 8 44 2862 2873 2874 2863
2106 3 2 8 44 2863 2874 2875 2864
2107 3 2 8 44 2864 2875 652 651
2108 3 2 8 44 363 364 2876 2865
2109 3 2 8 44 2865 2876 2877 2866
2110 3 2 8 44 2866 2877 2878 2867
2111 3 2 8 44 2867 2878 2879 2868
2112 3 2 8 44 2868 2879 2880 2869
2113 3 2 8 44 2869 2880 2881 2870
2114 3 2 8 44 2870 2881 2882 2871
2115 3 2 8 44 2871 2882 2883 2872
2116 3 2 8 44 2872 2883 2884 2873
2117 3 2 8 44 2873 2884 2885 2874
2118 3 2 8 44 2874 2885 2886 2875
2119 3 2 8 44 2875 2886 653 652
2120 3 2 8 44 364 27 638 2876
2121 3 2 8 44 2876 638 639 2877
2122 3 2 8 44 2877 639 640 2878
2123 3 2 8 44 2878 640 641 2879
2124 3 2 8 44 2879 641 642 2880
2125 3 2 8 44 2880 642 643 2881
2126 3 2 8 44 2881 643 644 2882
2127 3 2 8 44 2882 644 645 2883
2128 3 2 8 44 2883 645 646 2884
2129 3 2 8 44 2884 646 647 2885
2130 3 2 8 44 2885 647 648 2886
2131 3 2 8 44 2886 648 45 653
2132 3 2 7 46 28 392 2942 654
2133 3 2 7 46 654 2942 2943 655
2134 3 2 7 46 655 2943 2944 656
2135 3 2 7 46 656 2944 2945 657
2136 3 2 7 46 657 2945 2946 658
2137 3 2 7 46 658 2946 2947 659
2138 3 2 7 46 659 2947 2948 660
2139 3 2 7 46 660 2948 2949 661
2140 3 2 7 46 661 2949 2950 662
2141 3 2 7 46 662 2950 2951 663
2142 3 2 7 46 663 2951 2952 664
2143 3 2 7 46 664 2952 681 46
2144 3 2 7 46 392 393 2953 2942
2145 3 2 7 46 2942 2953 2954 2943
2146 3 2 7 46 2943 2954 2955 2944
2147 3 2 7 46 2944 2955 2956 2945
2148 3 2 7 46 2945 2956 2957 2946
2149 3 2 7 46 2946 2957 2958 2947
2150 3 2 7 46 2947 2958 2959 2948
2151 3 2 7 46 2948 2959 2960 2949
2152 3 2 7 46 2949 2960 2961 2950
2153 3 2 7 46 2950 2961 2962 2951
2154 3 2 7 46 2951 2962 2963 2952
2155 3 2 7 46 2952 2963 682 681
2156 3 2 7 46 393 394 2964 2953
2157 3 2 7 46 2953 2964 2965 2954
2158 3 2 7 46 2954 2965 2966 2955
2159 3 2 7 46 2955 2966 2967 2956
2160 3 2 7 46 2956 2967 2968 2957
2161 3 2 7 46 2957 2968 2969 2958
2162 3 2 7 46 2958 2969 2970 2959
2163 3 2 7 46 2959 2970 2971 2960
2164 3 2 7 46 2960 2971 2972 2961
2165 3 2 7 46 2961 2972 2973 2962
2166 3 2 7 46 2962 2973 2974 2963
2167 3 2 7 46 2963 2974 683 682
2168 3 2 7 46 394 395 2975 2964
2169 3 2 7 46 2964 2975 2976 2965
2170 3 2 7 46 2965 2976 2977 2966
2171 3 2 7 46 2966 2977 2978 2967
2172 3 2 7 46 2967 2978 2979 2968
2173 3 2 7 46 2968 2979 2980 2969
2174 3 2 7 46 2969 2980 2981 2970
2175 3 2 7 46 2970 2981 2982 2971
2176 3 2 7 46 2971 2982 2983 2972
2177 3 2 7 46 2972 2983 2984 2973
2178 3 2 7 46 2973 2984 2985 2974
2179 3 2 7 46 2974 2985 684 683
2180 3 2 7 46 395 396 2986 2975
2181 3 2 7 46 2975 2986 2987 2976
2182 3 2 7 46 2976 2987 2988 2977
2183 3 2 7 46 2977 2988 2989 2978
2184 3 2 7 46 2978 2989 2990 2979
2185 3 2 7 46 2979 2990 2991 2980
2186 3 2 7 46 2980 2991 2992 2981
2187 3 2 7 46 2981 2992 2993 2982
2188 3 2 7 46 2982 2993 2994 2983
2189 3 2 7 46 2983 2994 2995 2984
2190 3 2 7 46 2984 2995 2996 2985
2191 3 2 7 46 2985 2996 685 684
2192 3 2 7 46 396 29 670 2986
2193 3 2 7 46 2986 670 671 2987
2194 3 2 7 46 2987 671 672 2988
2195 3 2 7 46 2988 672 673 2989
2196 3 2 7 46 2989 673 674 2990
2197 3 2 7 46 2990 674 675 2991
2198 3 2 7 46 2991 675 676 2992
2199 3 2 7 46 2992 676 677 2993
2200 3 2 7 46 2993 677 678 2994
2201 3 2 7 46 2994 678 679 2995
2202 3 2 7 46 2995 679 680 2996
2203 3 2 7 46 2996 680 47 685
2204 3 2 8 47 29 397 2997 670
2205 3 2 8 47 670 2997 2998 671
2206 3 2 8 47 671 2998 2999 672
2207 3 2 8 47 672 2999 3000 673
2208 3 2 8 47 673 3000 3001 674
2209 3 2 8 47 674 3001 3002 675
2210 3 2 8 47 675 3002 3003 676
2211 3 2 8 47 676 3003 3004 677
2212 3 2 8 47 677 3004 3005 678
2213 3 2 8 47 678 3005 3006 679
2214 3 2 8 47 679 3006 3007 680
2215 3 2 8 47 680 3007 686 47
2216 3 2 8 47 397 398 3008 2997
2217 3 2 8 47 2997 3008 3009 2998
2218 3 2 8 47 2998 3009 3010 2999
2219 3 2 8 47 2999 3010 3011 3000
2220 3 2 8 47 3000 3011 3012 3001
2221 3 2 8 47 3001 3012 3013 3002
2222 3 2 8 47 3002 3013 3014 3003
2223 3 2 8 47 3003 3014 3015 3004
2224 3 2 8 47 3004 3015 3016 3005
2225 3 2 8 47 3005 3016 3017 3006
2226 3 2 8 47 3006 3017 3018 3007
2227 3 2 8 47 3007 3018 687 686
2228 3 2 8 47 398 399 3019 3008
2229 3 2 8 47 3008 3019 3020 3009
2230 3 2 8 47 3009 3020 3021 3010
2231 3 2 8 47 3010 3021 3022 3011
2232 3 2 8 47 3011 3022 3023 3012
2233 3 2 8 47 3012 3023 3024 3013
2234 3 2 8 47 3013 3024 3025 3014
2235 3 2 8 47 3014 3025 3026 3015
2236 3 2 8 47 3015 3026 3027 3016
2237 3 2 8 47 3016 3027 3028 3017
2238 3 2 8 47 3017 3028 3029 3018
2239 3 2 8 47 3018 3029 688 687
2240 3 2 8 47 399 400 3030 3019
2241 3 2 8 47 3019 3030 3031 3020
2242 3 2 8 47 3020 3031 3032 3021
2243 3 2 8 47 3021 3032 3033 3022
2244 3 2 8 47 3022 3033 3034 3023
2245 3 2 8 47 3023 3034 3035 3024
2246 3 2 8 47 3024 3035 3036 3025
2247 3 2 8 47 3025 3036 3037 3026
2248 3 2 8 47 3026 3037 3038 3027
2249 3 2 8 47 3027 3038 3039 3028
2250 3 2 8 47 3028 3039 3040 3029
2251 3 2 8 47 3029 3040 689 688
2252 3 2 8 47 400 401 3041 3030
2253 3 2 8 47 3030 3041 3042 3031
2254 3 2 8 47 3031 3042 3043 3032
2255 3 2 8 47 3032 3043 3044 3033
2256 3 2 8 47 3033 3044 3045 3034
2257 3 2 8 47 3034 3045 3046 3035
2258 3 2 8 47 3035 3046 3047 3036
2259 3 2 8 47 3036 3047 3048 3037
2260 3 2 8 47 3037 3048 3049 3038
2261 3 2 8 47 3038 3049 3050 3039
2262 3 2 8 47 3039 3050 3051 3040
2263 3 2 8 47 3040 3051 690 689
2264 3 2 8 47 401 25 611 3041
2265 3 2 8 47 3041 611 612 3042
2266 3 2 8 47 3042 612 613 3043
2267 3 2 8 47 3043 613 614 3044
2268 3 2 8 47 3044 614 615 3045
2269 3 2 8 47 3045 615 616 3046
2270 3 2 8 47 3046 616 617 3047
2271 3 2 8 47 3047 617 618 3048
2272 3 2 8 47 3048 618 619 3049
2273 3 2 8 47 3049 619 620 3050
2274 3 2 8 47 3050 620 621 3051
2275 3 2 8 47 3051 621 43 690
2276 5 2 10 1 691 65 4 64 3101 721 70 952
2277 5 2 10 1 3101 721 70 952 3102 722 71 953
2278 5 2 10 1 3102 722 71 953 3103 723 72 954
2279 5 2 10 1 3103 723 72 954 3104 724 73 955
2280 5 2 10 1 3104 724 73 955 3105 725 74 956
2281 5 2 10 1 3105 725 74 956 3106 726 75 957
2282 5 2 10 1 3106 726 75 957 3107 727 76 958
2283 5 2 10 1 3107 727 76 958 3108 728 77 959
2284 5 2 10 1 3108 728 77 959 3109 729 78 960
2285 5 2 10 1 3109 729 78 960 3110 730 79 961
2286 5 2 10 1 3110 730 79 961 3111 731 80 962
2287 5 2 10 1 3111 731 80 962 963 92 12 135
2288 5 2 10 1 692 691 64 63 3112 3101 952 941
2289 5 2 10 1 3112 3101 952 941 3113 3102 953 942
2290 5 2 10 1 3113 3102 953 942 3114 3103 954 943
2291 5 2 10 1 3114 3103 954 943 3115 3104 955 944
2292 5 2 10 1 3115 3104 955 944 3116 3105 956 945
2293 5 2 10 1 3116 3105 956 945 3117 3106 957 946
2294 5 2 10 1 3117 3106 957 946 3118 3107 958 947
2295 5 2 10 1 3118 3107 958 947 3119 3108 959 948
2296 5 2 10 1 3119 3108 959 948 3120 3109 960 949
2297 5 2 10 1 3120 3109 960 949 3121 3110 961 950
2298 5 2 10 1 3121 3110 961 950 3122 3111 962 951
2299 5 2 10 1 3122 3111 962 951 964 963 135 134
2300 5 2 10 1 693 692 63 62 3123 3112 941 930
2301 5 2 10 1 3123 3112 941 930 3124 3113 942 931
2302 5 2 10 1 3124 3113 942 931 3125 3114 943 932
2303 5 2 10 1 3125 3114 943 932 3126 3115 944 933
2304 5 2 10 1 3126 3115 944 933 3127 3116 945 934
2305 5 2 10 1 3127 3116 945 934 3128 3117 946 935
2306 5 2 10 1 3128 3117 946 935 3129 3118 947 936
2307 5 2 10 1 3129 3118 947 936 3130 3119 948 937
2308 5 2 10 1 3130 3119 948 937 3131 3120 949 938
2309 5 2 10 1 3131 3120 949 938 3132 3121 950 939
2310 5 2 10 1 3132 3121 950 939 3133 3122 951 940
2311 5 2 10 1 3133 3122 951 940 965 964 134 133
2312 5 2 10 1 694 693 62 61 3134 3123 930 919
2313 5 2 10 1 3134 3123 930 919 3135 3124 931 920
2314 5 2 10 1 3135 3124 931 920 3136 3125 932 921
2315 5 2 10 1 3136 3125 932 921 3137 3126 933 922
2316 5 2 10 1 3137 3126 933 922 3138 3127 934 923
2317 5 2 10 1 3138 3127 934 923 3139 3128 935 924
2318 5 2 10 1 3139 3128 935 924 3140 3129 936 925
2319 5 2 10 1 3140 3129 936 925 3141 3130 937 926
2320 5 2 10 1 3141 3130 937 926 3142 3131 938 927
2321 5 2 10 1 3142 3131 938 927 3143 3132 939 928
2322 5 2 10 1 3143 3132 939 928 3144 3133 940 929
2323 5 2 10 1 3144 3133 940 929 966 965 133 132
2324 5 2 10 1 695 694 61 60 3145 3134 919 908
2325 5 2 10 1 3145 3134 919 908 3146 3135 920 909
2326 5 2 10 1 3146 3135 920 909 3147 3136 921 910
2327 5 2 10 1 3147 3136 921 910 3148 3137 922 911
2328 5 2 10 1 3148 3137 922 911 3149 3138 923 912
2329 5 2 10 1 3149 3138 923 912 3150 3139 924 913
2330 5 2 10 1 3150 3139 924 913 3151 3140 925 914
2331 5 2 10 1 3151 3140 925 914 3152 3141 926 915
2332 5 2 10 1 3152 3141 926 915 3153 3142 927 916
2333 5 2 10 1 3153 3142 927 916 3154 3143 928 917
2334 5 2 10 1 3154 3143 928 917 3155 3144 929 918
2335 5 2 10 1 3155 3144 929 918 967 966 132 131
2336 5 2 10 1 696 695 60 59 3156 3145 908 897
2337 5 2 10 1 3156 3145 908 897 3157 3146 909 898
2338 5 2 10 1 3157 3146 909 898 3158 3147 910 899
2339 5 2 10 1 3158 3147 910 899 3159 3148 911 900
2340 5 2 10 1 3159 3148 911 900 3160 3149 912 901
2341 5 2 10 1 3160 3149 912 901 3161 3150 913 902
2342 5 2 10 1 3161 3150 913 902 3162 3151 914 903
2343 5 2 10 1 3162 3151 914 903 3163 3152 915 904
2344 5 2 10 1 3163 3152 915 904 3164 3153 916 905
2345 5 2 10 1 3164 3153 916 905 3165 3154 917 906
2346 5 2 10 1 3165 3154 917 906 3166 3155 918 907
2347 5 2 10 1 3166 3155 918 907 968 967 131 130
2348 5 2 10 1 58 696 59 3 886 3156 897 114
2349 5 2 10 1 886 3156 897 114 887 3157 898 115
2350 5 2 10 1 887 3157 898 115 888 3158 899 116
2351 5 2 10 1 888 3158 899 116 889 3159 900 117
2352 5 2 10 1 889 3159 900 117 890 3160 901 118
2353 5 2 10 1 890 3160 901 118 891 3161 902 119
2354 5 2 10 1 891 3161 902 119 892 3162 903 120
2355 5 2 10 1 892 3162 903 120 893 3163 904 121
2356 5 2 10 1 893 3163 904 121 894 3164 905 122
2357 5 2 10 1 894 3164 905 122 895 3165 906 123
2358 5 2 10 1 895 3165 906 123 896 3166 907 124
2359 5 2 10 1 896 3166 907 124 129 968 130 15
2360 5 2 10 1 697 66 65 691 3167 732 721 3101
2361 5 2 10 1 3167 732 721 3101 3168 733 722 3102
2362 5 2 10 1 3168 733 722 3102 3169 734 723 3103
2363 5 2 10 1 3169 734 723 3103 3170 735 724 3104
2364 5 2 10 1 3170 735 724 3104 3171 736 725 3105
2365 5 2 10 1 3171 736 725 3105 3172 737 726 3106
2366 5 2 10 1 3172 737 726 3106 3173 738 727 3107
2367 5 2 10 1 3173 738 727 3107 3174 739 728 3108
2368 5 2 10 1 3174 739 728 3108 3175 740 729 3109
2369 5 2 10 1 3175 740 729 3109 3176 741 730 3110
2370 5 2 10 1 3176 741 730 3110 3177 742 731 3111
2371 5 2 10 1 3177 742 731 3111 969 93 92 963
2372 5 2 10 1 698 697 691 692 3178 3167 3101 3112
2373 5 2 10 1 3178 3167 3101 3112 3179 3168 3102 3113
2374 5 2 10 1 3179 3168 3102 3113 3180 3169 3103 3114
2375 5 2 10 1 3180 3169 3103 3114 3181 3170 3104 3115
2376 5 2 10 1 3181 3170 3104 3115 3182 3171 3105 3116
2377 5 2 10 1 3182 3171 3105 3116 3183 3172 3106 3117
2378 5 2 10 1 3183 3172 3106 3117 3184 3173 3107 3118
2379 5 2 10 1 3184 3173 3107 3118 3185 3174 3108 3119
2380 5 2 10 1 3185 3174 3108 3119 3186 3175 3109 3120
2381 5 2 10 1 3186 3175 3109 3120 3187 3176 3110 3121
2382 5 2 10 1 3187 3176 3110 3121 3188 3177 3111 3122
2383 5 2 10 1 3188 3177 3111 3122 970 969 963 964
2384 5 2 10 1 699 698 692 693 3189 3178 3112 3123
2385 5 2 10 1 3189 3178 3112 3123 3190 3179 3113 3124
2386 5 2 10 1 3190 3179 3113 3124 3191 3180 3114 3125
2387 5 2 10 1 3191 3180 3114 3125 3192 3181 3115 3126
2388 5 2 10 1 3192 3181 3115 3126 3193 3182 3116 3127
2389 5 2 10 1 3193 3182 3116 3127 3194 3183 3117 3128
2390 5 2 10 1 3194 3183 3117 3128 3195 3184 3118 3129
2391 5 2 10 1 3195 3184 3118 3129 3196 3185 3119 3130
2392 5 2 10 1 3196 3185 3119 3130 3197 3186 3120 3131
2393 5 2 10 1 3197 3186 3120 3131 3198 3187 3121 3132
2394 5 2 10 1 3198 3187 3121 3132 3199 3188 3122 3133
2395 5 2 10 1 3199 3188 3122 3133 971 970 964 965
2396 5 2 10 1 700 699 693 694 3200 3189 3123 3134
2397 5 2 10 1 3200 3189 3123 3134 3201 3190 3124 3135
2398 5 2 10 1 3201 3190 3124 3135 3202 3191 3125 3136
2399 5 2 10 1 3202 3191 3125 3136 3203 3192 3126 3137
2400 5 2 10 1 3203 3192 3126 3137 3204 3193 3127 3138
2401 5 2 10 1 3204 3193 3127 3138 3205 3194 3128 3139
2402 5 2 10 1 3205 3194 3128 3139 3206 3195 3129 3140
2403 5 2 10 1 3206 3195 3129 3140 3207 3196 3130 3141
2404 5 2 10 1 3207 3196 3130 3141 3208 3197 3131 3142
2405 5 2 10 1 3208 3197 3131 3142 3209 3198 3132 3143
2406 5 2 10 1 3209 3198 3132 3143 3210 3199 3133 3144
2407 5 2 10 1 3210 3199 3133 3144 972 971 965 966
2408 5 2 10 1 701 700 694 695 3211 3200 3134 3145
2409 5 2 10 1 3211 3200 3134 3145 3212 3201 3135 3146
2410 5 2 10 1 3212 3201 3135 3146 3213 3202 3136 3147
2411 5 2 10 1 3213 3202 3136 3147 3214 3203 3137 3148
2412 5 2 10 1 3214 3203 3137 3148 3215 3204 3138 3149
2413 5 2 10 1 3215 3204 3138 3149 3216 3205 3139 3150
2414 5 2 10 1 3216 3205 3139 3150 3217 3206 3140 3151
2415 5 2 10 1 3217 3206 3140 3151 3218 3207 3141 3152
2416 5 2 10 1 3218 3207 3141 3152 3219 3208 3142 3153
2417 5 2 10 1 3219 3208 3142 3153 3220 3209 3143 3154
2418 5 2 10 1 3220 3209 3143 3154 3221 3210 3144 3155
2419 5 2 10 1 3221 3210 3144 3155 973 972 966 967
2420 5 2 10 1 702 701 695 696 3222 3211 3145 3156
2421 5 2 10 1 3222 3211 3145 3156 3223 3212 3146 3157
2422 5 2 10 1 3223 3212 3146 3157 3224 3213 3147 3158
2423 5 2 10 1 3224 3213 3147 3158 3225 3214 3148 3159
2424 5 2 10 1 3225 3214 3148 3159 3226 3215 3149 3160
2425 5 2 10 1 3226 3215 3149 3160 3227 3216 3150 3161
2426 5 2 10 1 3227 3216 3150 3161 3228 3217 3151 3162
2427 5 2 10 1 3228 3217 3151 3162 3229 3218 3152 3163
2428 5 2 10 1 3229 3218 3152 3163 3230 3219 3153 3164
2429 5 2 10 1 3230 3219 3153 3164 3231 3220 3154 3165
2430 5 2 10 1 3231 3220 3154 3165 3232 3221 3155 3166
2431 5 2 10 1 3232 3221 3155 3166 974 973 967 968
2432 5 2 10 1 57 702 696 58 875 3222 3156 886
2433 5 2 10 1 875 3222 3156 886 876 3223 3157 887
2434 5 2 10 1 876 3223 3157 887 877 3224 3158 888
2435 5 2 10 1 877 3224 3158 888 878 3225 3159 889
2436 5 2 10 1 878 3225 3159 889 879 3226 3160 890
2437 5 2 10 1 879 3226 3160 890 880 3227 3161 891
2438 5 2 10 1 880 3227 3161 891 881 3228 3162 892
2439 5 2 10 1 881 3228 3162 892 882 3229 3163 893
2440 5 2 10 1 882 3229 3163 893 883 3230 3164 894
2441 5 2 10 1 883 3230 3164 894 884 3231 3165 895
2442 5 2 10 1 884 3231 3165 895 885 3232 3166 896
2443 5 2 10 1 885 3232 3166 896 128 974 968 129
2444 5 2 10 1 703 67 66 697 3233 743 732 3167
2445 5 2 10 1 3233 743 732 3167 3234 744 733 3168
2446 5 2 10 1 3234 744 733 3168 3235 745 734 3169
2447 5 2 10 1 3235 745 734 3169 3236 746 735 3170
2448 5 2 10 1 3236 746 735 3170 3237 747 736 3171
2449 5 2 10 1 3237 747 736 3171 3238 748 737 3172
2450 5 2 10 1 3238 748 737 3172 3239 749 738 3173
2451 5 2 10 1 3239 749 738 3173 3240 750 739 3174
2452 5 2 10 1 3240 750 739 3174 3241 751 740 3175
2453 5 2 10 1 3241 751 740 3175 3242 752 741 3176
2454 5 2 10 1 3242 752 741 3176 3243 753 742 3177
2455 5 2 10 1 3243 753 742 3177 975 94 93 969
2456 5 2 10 1 704 703 697 698 3244 3233 3167 3178
2457 5 2 10 1 3244 3233 3167 3178 3245 3234 3168 3179
2458 5 2 10 1 3245 3234 3168 3179 3246 3235 3169 3180
2459 5 2 10 1 3246 3235 3169 3180 3247 3236 3170 3181
2460 5 2 10 1 3247 3236 3170 3181 3248 3237 3171 3182
2461 5 2 10 1 3248 3237 3171 3182 3249 3238 3172 3183
2462 5 2 10 1 3249 3238 3172 3183 3250 3239 3173 3184
2463 5 2 10 1 3250 3239 3173 3184 3251 3240 3174 3185
2464 5 2 10 1 3251 3240 3174 3185 3252 3241 3175 3186
2465 5 2 10 1 3252 3241 3175 3186 3253 3242 3176 3187
2466 5 2 10 1 3253 3242 3176 3187 3254 3243 3177 3188
2467 5 2 10 1 3254 3243 3177 3188 976 975 969 970
2468 5 2 10 1 705 704 698 699 3255 3244 3178 3189
2469 5 2 10 1 3255 3244 3178 3189 3256 3245 3179 3190
2470 5 2 10 1 3256 3245 3179 3190 3257 3246 3180 3191
2471 5 2 10 1 3257 3246 3180 3191 3258 3247 3181 3192
2472 5 2 10 1 3258 3247 3181 3192 3259 3248 3182 3193
2473 5 2 10 1 3259 3248 3182 3193 3260 3249 3183 3194
2474 5 2 10 1 3260 3249 3183 3194 3261 3250 3184 3195
2475 5 2 10 1 3261 3250 3184 3195 3262 3251 3185 3196
2476 5 2 10 1 3262 3251 3185 3196 3263 3252 3186 3197
2477 5 2 10 1 3263 3252 3186 3197 3264 3253 3187 3198
2478 5 2 10 1 3264 3253 3187 3198 3265 3254 3188 3199
2479 5 2 10 1 3265 3254 3188 3199 977 976 970 971
2480 5 2 10 1 706 705 699 700 3266 3255 3189 3200
2481 5 2 10 1 3266 3255 3189 3200 3267 3256 3190 3201
2482 5 2 10 1 3267 3256 3190 3201 3268 3257 3191 3202
2483 5 2 10 1 3268 3257 3191 3202 3269 3258 3192 3203
2484 5 2 10 1 3269 3258 3192 3203 3270 3259 3193 3204
2485 5 2 10 1 3270 3259 3193 3204 3271 3260 3194 3205
2486 5 2 10 1 3271 3260 3194 3205 3272 3261 3195 3206
2487 5 2 10 1 3272 3261 3195 3206 3273 3262 3196 3207
2488 5 2 10 1 3273 3262 3196 3207 3274 3263 3197 3208
2489 5 2 10 1 3274 3263 3197 3208 3275 3264 3198 3209
2490 5 2 10 1 3275 3264 3198 3209 3276 3265 3199 3210
2491 5 2 10 1 3276 3265 3199 3210 978 977 971 972
2492 5 2 10 1 707 706 700 701 3277 3266 3200 3211
2493 5 2 10 1 3277 3266 3200 3211 3278 3267 3201 3212
2494 5 2 10 1 3278 3267 3201 3212 3279 3268 3202 3213
2495 5 2 10 1 3279 3268 3202 3213 3280 3269 3203 3214
2496 5 2 10 1 3280 3269 3203 3214 3281 3270 3204 3215
2497 5 2 10 1 3281 3270 3204 3215 3282 3271 3205 3216
2498 5 2 10 1 3282 3271 3205 3216 3283 3272 3206 3217
2499 5 2 10 1 3283 3272 3206 3217 3284 3273 3207 3218
2500 5 2 10 1 3284 3273 3207 3218 3285 3274 3208 3219
2501 5 2 10 1 3285 3274 3208 3219 3286 3275 3209 3220
2502 5 2 10 1 3286 3275 3209 3220 3287 3276 3210 3221
2503 5 2 10 1 3287 3276 3210 3221 979 978 972 973
2504 5 2 10 1 708 707 701 702 3288 3277 3211 3222
2505 5 2 10 1 3288 3277 3211 3222 3289 3278 3212 3223
2506 5 2 10 1 3289 3278 3212 3223 3290 3279 3213 3224
2507 5 2 10 1 3290 3279 3213 3224 3291 3280 3214 3225
2508 5 2 10 1 3291 3280 3214 3225 3292 3281 3215 3226
2509 5 2 10 1 3292 3281 3215 3226 3293 3282 3216 3227
2510 5 2 10 1 3293 3282 3216 3227 3294 3283 3217 3228
2511 5 2 10 1 3294 3283 3217 3228 3295 3284 3218 3229
2512 5 2 10 1 3295 3284 3218 3229 3296 3285 3219 3230
2513 5 2 10 1 3296 3285 3219 3230 3297 3286 3220 3231
2514 5 2 10 1 3297 3286 3220 3231 3298 3287 3221 3232
2515 5 2 10 1 3298 3287 3221 3232 980 979 973 974
2516 5 2 10 1 56 708 702 57 864 3288 3222 875
2517 5 2 10 1 864 3288 3222 875 865 3289 3223 876
2518 5 2 10 1 865 3289 3223 876 866 3290 3224 877
2519 5 2 10 1 866 3290 3224 877 867 3291 3225 878
2520 5 2 10 1 867 3291 3225 878 868 3292 3226 879
2521 5 2 10 1 868 3292 3226 879 869 3293 3227 880
2522 5 2 10 1 869 3293 3227 880 870 3294 3228 881
2523 5 2 10 1 870 3294 3228 881 871 3295 3229 882
2524 5 2 10 1 871 3295 3229 882 872 3296 3230 883
2525 5 2 10 1 872 3296 3230 883 873 3297 3231 884
2526 5 2 10 1 873 3297 3231 884 874 3298 3232 885
2527 5 2 10 1 874 3298 3232 885 127 980 974 128
2528 5 2 10 1 709 68 67 703 3299 754 743 3233
2529 5 2 10 1 3299 754 743 3233 3300 755 744 3234
2530 5 2 10 1 3300 755 744 3234 3301 756 745 3235
2531 5 2 10 1 3301 756 745 3235 3302 757 746 3236
2532 5 2 10 1 3302 757 746 3236 3303 758 747 3237
2533 5 2 10 1 3303 758 747 3237 3304 759 748 3238
2534 5 2 10 1 3304 759 748 3238 3305 760 749 3239
2535 5 2 10 1 3305 760 749 3239 3306 761 750 3240
2536 5 2 10 1 3306 761 750 3240 3307 762 751 3241
2537 5 2 10 1 3307 762 751 3241 3308 763 752 3242
2538 5 2 10 1 3308 763 752 3242 3309 764 753 3243
2539 5 2 10 1 3309 764 753 3243 981 95 94 975
2540 5 2 10 1 710 709 703 704 3310 3299 3233 3244
2541 5 2 10 1 3310 3299 3233 3244 3311 3300 3234 3245
2542 5 2 10 1 3311 3300 3234 3245 3312 3301 3235 3246
2543 5 2 10 1 3312 3301 3235 3246 3313 3302 3236 3247
2544 5 2 10 1 3313 3302 3236 3247 3314 3303 3237 3248
2545 5 2 10 1 3314 3303 3237 3248 3315 3304 3238 3249
2546 5 2 10 1 3315 3304 3238 3249 3316 3305 3239 3250
2547 5 2 10 1 3316 3305 3239 3250 3317 3306 3240 3251
2548 5 2 10 1 3317 3306 3240 3251 3318 3307 3241 3252
2549 5 2 10 1 3318 3307 3241 3252 3319 3308 3242 3253
2550 5 2 10 1 3319 3308 3242 3253 3320 3309 3243 3254
2551 5 2 10 1 3320 3309 3243 3254 982 981 975 976
2552 5 2 10 1 711 710 704 705 3321 3310 3244 3255
2553 5 2 10 1 3321 3310 3244 3255 3322 3311 3245 3256
2554 5 2 10 1 3322 3311 3245 3256 3323 3312 3246 3257
2555 5 2 10 1 3323 3312 3246 3257 3324 3313 3247 3258
2556 5 2 10 1 3324 3313 3247 3258 3325 3314 3248 3259
2557 5 2 10 1 3325 3314 3248 3259 3326 3315 3249 3260
2558 5 2 10 1 3326 3315 3249 3260 3327 3316 3250 3261
2559 5 2 10 1 3327 3316 3250 3261 3328 3317 3251 3262
2560 5 2 10 1 3328 3317 3251 3262 3329 3318 3252 3263
2561 5 2 10 1 3329 3318 3252 3263 3330 3319 3253 3264
2562 5 2 10 1 3330 3319 3253 3264 3331 3320 3254 3265
2563 5 2 10 1 3331 3320 3254 3265 983 982 976 977
2564 5 2 10 1 712 711 705 706 3332 3321 3255 3266
2565 5 2 10 1 3332 3321 3255 3266 3333 3322 3256 3267
2566 5 2 10 1 3333 3322 3256 3267 3334 3323 3257 3268
2567 5 2 10 1 3334 3323 3257 3268 3335 3324 3258 3269
2568 5 2 10 1 3335 3324 3258 3269 3336 3325 3259 3270
2569 5 2 10 1 3336 3325 3259 3270 3337 3326 3260 3271
2570 5 2 10 1 3337 3326 3260 3271 3338 3327 3261 3272
2571 5 2 10 1 3338 3327 3261 3272 3339 3328 3262 3273
2572 5 2 10 1 3339 3328 3262 3273 3340 3329 3263 3274
2573 5 2 10 1 3340 3329 3263 3274 3341 3330 3264 3275
2574 5 2 10 1 3341 3330 3264 3275 3342 3331 3265 3276
2575 5 2 10 1 3342 3331 3265 3276 984 983 977 978
2576 5 2 10 1 713 712 706 707 3343 3332 3266 3277
2577 5 2 10 1 3343 3332 3266 3277 3344 3333 3267 3278
2578 5 2 10 1 3344 3333 3267 3278 3345 3334 3268 3279
2579 5 2 10 1 3345 3334 3268 3279 3346 3335 3269 3280
2580 5 2 10 1 3346 3335 3269 3280 3347 3336 3270 3281
2581 5 2 10 1 3347 3336 3270 3281 3348 3337 3271 3282
2582 5 2 10 1 3348 3337 3271 3282 3349 3338 3272 3283
2583 5 2 10 1 3349 3338 3272 3283 3350 3339 3273 3284
2584 5 2 10 1 3350 3339 3273 3284 3351 3340 3274 3285
2585 5 2 10 1 3351 3340 3274 3285 3352 3341 3275 3286
2586 5 2 10 1 3352 3341 3275 3286 3353 3342 3276 3287
2587 5 2 10 1 3353 3342 3276 3287 985 984 978 979
2588 5 2 10 1 714 713 707 708 3354 3343 3277 3288
2589 5 2 10 1 3354 3343 3277 3288 3355 3344 3278 3289
2590 5 2 10 1 3355 3344 3278 3289 3356 3345 3279 3290
2591 5 2 10 1 3356 3345 3279 3290 3357 3346 3280 3291
2592 5 2 10 1 3357 3346 3280 3291 3358 3347 3281 3292
2593 5 2 10 1 3358 3347 3281 3292 3359 3348 3282 3293
2594 5 2 10 1 3359 3348 3282 3293 3360 3349 3283 3294
2595 5 2 10 1 3360 3349 3283 3294 3361 3350 3284 3295
2596 5 2 10 1 3361 3350 3284 3295 3362 3351 3285 3296
2597 5 2 10 1 3362 3351 3285 3296 3363 3352 3286 3297
2598 5 2 10 1 3363 3352 3286 3297 3364 3353 3287 3298
2599 5 2 10 1 3364 3353 3287 3298 986 985 979 980
2600 5 2 10 1 55 714 708 56 853 3354 3288 864
2601 5 2 10 1 853 3354 3288 864 854 3355 3289 865
2602 5 2 10 1 854 3355 3289 865 855 3356 3290 866
2603 5 2 10 1 855 3356 3290 866 856 3357 3291 867
2604 5 2 10 1 856 3357 3291 867 857 3358 3292 868
2605 5 2 10 1 857 3358 3292 868 858 3359 3293 869
2606 5 2 10 1 858 3359 3293 869 859 3360 3294 870
2607 5 2 10 1 859 3360 3294 870 860 3361 3295 871
2608 5 2 10 1 860 3361 3295 871 861 3362 3296 872
2609 5 2 10 1 861 3362 3296 872 862 3363 3297 873
2610 5 2 10 1 862 3363 3297 873 863 3364 3298 874
2611 5 2 10 1 863 3364 3298 874 126 986 980 127
2612 5 2 10 1 715 69 68 709 3365 765 754 3299
2613 5 2 10 1 3365 765 754 3299 3366 766 755 3300
2614 5 2 10 1 3366 766 755 3300 3367 767 756 3301
2615 5 2 10 1 3367 767 756 3301 3368 768 757 3302
2616 5 2 10 1 3368 768 757 3302 3369 769 758 3303
2617 5 2 10 1 3369 769 758 3303 3370 770 759 3304
2618 5 2 10 1 3370 770 759 3304 3371 771 760 3305
2619 5 2 10 1 3371 771 760 3305 3372 772 761 3306
2620 5 2 10 1 3372 772 761 3306 3373 773 762 3307
2621 5 2 10 1 3373 773 762 3307 3374 774 763 3308
2622 5 2 10 1 3374 774 763 3308 3375 775 764 3309
2623 5 2 10 1 3375 775 764 3309 987 96 95 981
2624 5 2 10 1 716 715 709 710 3376 3365 3299 3310
2625 5 2 10 1 3376 3365 3299 3310 3377 3366 3300 3311
2626 5 2 10 1 3377 3366 3300 3311 3378 3367 3301 3312
2627 5 2 10 1 3378 3367 3301 3312 3379 3368 3302 3313
2628 5 2 10 1 3379 3368 3302 3313 3380 3369 3303 3314
2629 5 2 10 1 3380 3369 3303 3314 3381 3370 3304 3315
2630 5 2 10 1 3381 3370 3304 3315 3382 3371 3305 3316
2631 5 2 10 1 3382 3371 3305 3316 3383 3372 3306 3317
2632 5 2 10 1 3383 3372 3306 3317 3384 3373 3307 3318
2633 5 2 10 1 3384 3373 3307 3318 3385 3374 3308 3319
2634 5 2 10 1 3385 3374 3308 3319 3386 3375 3309 3320
2635 5 2 10 1 3386 3375 3309 3320 988 987 981 982
2636 5 2 10 1 717 716 710 711 3387 3376 3310 3321
2637 5 2 10 1 3387 3376 3310 3321 3388 3377 3311 3322
2638 5 2 10 1 3388 3377 3311 3322 3389 3378 3312 3323
2639 5 2 10 1 3389 3378 3312 3323 3390 3379 3313 3324
2640 5 2 10 1 3390 3379 3313 3324 3391 3380 3314 3325
2641 5 2 10 1 3391 3380 3314 3325 3392 3381 3315 3326
2642 5 2 10 1 3392 3381 3315 3326 3393 3382 3316 3327
2643 5 2 10 1 3393 3382 3316 3327 3394 3383 3317 3328
2644 5 2 10 1 3394 3383 3317 3328 3395 3384 3318 3329
2645 5 2 10 1 3395 3384 3318 3329 3396 3385 3319 3330
2646 5 2 10 1 3396 3385 3319 3330 3397 3386 3320 3331
2647 5 2 10 1 3397 3386 3320 3331 989 988 982 983
2648 5 2 10 1 718 717 711 712 3398 3387 3321 3332
2649 5 2 10 1 3398 3387 3321 3332 3399 3388 3322 3333
2650 5 2 10 1 3399 3388 3322 3333 3400 3389 3323 3334
2651 5 2 10 1 3400 3389 3323 3334 3401 3390 3324 3335
2652 5 2 10 1 3401 3390 3324 3335 3402 3391 3325 3336
2653 5 2 10 1 3402 3391 3325 3336 3403 3392 3326 3337
2654 5 2 10 1 3403 3392 3326 3337 3404 3393 3327 3338
2655 5 2 10 1 3404 3393 3327 3338 3405 3394 3328 3339
2656 5 2 10 1 3405 3394 3328 3339 3406 3395 3329 3340
2657 5 2 10 1 3406 3395 3329 3340 3407 3396 3330 3341
2658 5 2 10 1 3407 3396 3330 3341 3408 3397 3331 3342
2659 5 2 10 1 3408 3397 3331 3342 990 989 983 984
2660 5 2 10 1 719 718 712 713 3409 3398 3332 3343
2661 5 2 10 1 3409 3398 3332 3343 3410 3399 3333 3344
2662 5 2 10 1 3410 3399 3333 3344 3411 3400 3334 3345
2663 5 2 10 1 3411 3400 3334 3345 3412 3401 3335 3346
2664 5 2 10 1 3412 3401 3335 3346 3413 3402 3336 3347
2665 5 2 10 1 3413 3402 3336 3347 3414 3403 3337 3348
2666 5 2 10 1 3414 3403 3337 3348 3415 3404 3338 3349
2667 5 2 10 1 3415 3404 3338 3349 3416 3405 3339 3350
2668 5 2 10 1 3416 3405 3339 3350 3417 3406 3340 3351
2669 5 2 10 1 3417 3406 3340 3351 3418 3407 3341 3352
2670 5 2 10 1 3418 3407 3341 3352 3419 3408 3342 3353
2671 5 2 10 1 3419 3408 3342 3353 991 990 984 985
2672 5 2 10 1 720 719 713 714 3420 3409 3343 3354
2673 5 2 10 1 3420 3409 3343 3354 3421 3410 3344 3355
2674 5 2 10 1 3421 3410 3344 3355 3422 3411 3345 3356
2675 5 2 10 1 3422 3411 3345 3356 3423 3412 3346 3357
2676 5 2 10 1 3423 3412 3346 3357 3424 3413 3347 3358
2677 5 2 10 1 3424 3413 3347 3358 3425 3414 3348 3359
2678 5 2 10 1 3425 3414 3348 3359 3426 3415 3349 3360
2679 5 2 10 1 3426 3415 3349 3360 3427 3416 3350 3361
2680 5 2 10 1 3427 3416 3350 3361 3428 3417 3351 3362
2681 5 2 10 1 3428 3417 3351 3362 3429 3418 3352 3363
2682 5 2 10 1 3429 3418 3352 3363 3430 3419 3353 3364
2683 5 2 10 1 3430 3419 3353 3364 992 991 985 986
2684 5 2 10 1 54 720 714 55 842 3420 3354 853
2685 5 2 10 1 842 3420 3354 853 843 3421 3355 854
2686 5 2 10 1 843 3421 3355 854 844 3422 3356 855
2687 5 2 10 1 844 3422 3356 855 845 3423 3357 856
2688 5 2 10 1 845 3423 3357 856 846 3424 3358 857
2689 5 2 10 1 846 3424 3358 857 847 3425 3359 858
2690 5 2 10 1 847 3425 3359 858 848 3426 3360 859
2691 5 2 10 1 848 3426 3360 859 849 3427 3361 860
2692 5 2 10 1 849 3427 3361 860 850 3428 3362 861
2693 5 2 10 1 850 3428 3362 861 851 3429 3363 862
2694 5 2 10 1 851 3429 3363 862 852 3430 3364 863
2695 5 2 10 1 852 3430 3364 863 125 992 986 126
2696 5 2 10 1 48 1 69 715 776 81 765 3365
2697 5 2 10 1 776 81 765 3365 777 82 766 3366
2698 5 2 10 1 777 82 766 3366 778 83 767 3367
2699 5 2 10 1 778 83 767 3367 779 84 768 3368
2700 5 2 10 1 779 84 768 3368 780 85 769 3369
2701 5 2 10 1 780 85 769 3369 781 86 770 3370
2702 5 2 10 1 781 86 770 3370 782 87 771 3371
2703 5 2 10 1 782 87 771 3371 783 88 772 3372
2704 5 2 10 1 783 88 772 3372 784 89 773 3373
2705 5 2 10 1 784 89 773 3373 785 90 774 3374
2706 5 2 10 1 785 90 774 3374 786 91 775 3375
2707 5 2 10 1 786 91 775 3375 108 13 96 987
2708 5 2 10 1 49 48 715 716 787 776 3365 3376
2709 5 2 10 1 787 776 3365 3376 788 777 3366 3377
2710 5 2 10 1 788 777 3366 3377 789 778 3367 3378
2711 5 2 10 1 789 778 3367 3378 790 779 3368 3379
2712 5 2 10 1 790 779 3368 3379 791 780 3369 3380
2713 5 2 10 1 791 780 3369 3380 792 781 3370 3381
2714 5 2 10 1 792 781 3370 3381 793 782 3371 3382
2715 5 2 10 1 793 782 3371 3382 794 783 3372 3383
2716 5 2 10 1 794 783 3372 3383 795 784 3373 3384
2717 5 2 10 1 795 784 3373 3384 796 785 3374 3385
2718 5 2 10 1 796 785 3374 3385 797 786 3375 3386
2719 5 2 10 1 797 786 3375 3386 109 108 987 988
2720 5 2 10 1 50 49 716 717 798 787 3376 3387
2721 5 2 10 1 798 787 3376 3387 799 788 3377 3388
2722 5 2 10 1 799 788 3377 3388 800 789 3378 3389
2723 5 2 10 1 800 789 3378 3389 801 790 3379 3390
2724 5 2 10 1 801 790 3379 3390 802 791 3380 3391
2725 5 2 10 1 802 791 3380 3391 803 792 3381 3392
2726 5 2 10 1 803 792 3381 3392 804 793 3382 3393
2727 5 2 10 1 804 793 3382 3393 805 794 3383 3394
2728 5 2 10 1 805 794 3383 3394 806 795 3384 3395
2729 5 2 10 1 806 795 3384 3395 807 796 3385 3396
2730 5 2 10 1 807 796 3385 3396 808 797 3386 3397
2731 5 2 10 1 808 797 3386 3397 110 109 988 989
2732 5 2 10 1 51 50 717 718 809 798 3387 3398
2733 5 2 10 1 809 798 3387 3398 810 799 3388 3399
2734 5 2 10 1 810 799 3388 3399 811 800 3389 3400
2735 5 2 10 1 811 800 3389 3400 812 801 3390 3401
2736 5 2 10 1 812 801 3390 3401 813 802 3391 3402
2737 5 2 10 1 813 802 3391 3402 814 803 3392 3403
2738 5 2 10 1 814 803 3392 3403 815 804 3393 3404
2739 5 2 10 1 815 804 3393 3404 816 805 3394 3405
2740 5 2 10 1 816 805 3394 3405 817 806 3395 3406
2741 5 2 10 1 817 806 3395 3406 818 807 3396 3407
2742 5 2 10 1 818 807 3396 3407 819 808 3397 3408
2743 5 2 10 1 819 808 3397 3408 111 110 989 990
2744 5 2 10 1 52 51 718 719 820 809 3398 3409
2745 5 2 10 1 820 809 3398 3409 821 810 3399 3410
2746 5 2 10 1 821 810 3399 3410 822 811 3400 3411
2747 5 2 10 1 822 811 3400 3411 823 812 3401 3412
2748 5 2 10 1 823 812 3401 3412 824 813 3402 3413
2749 5 2 10 1 824 813 3402 3413 825 814 3403 3414
2750 5 2 10 1 825 814 3403 3414 826 815 3404 3415
2751 5 2 10 1 826 815 3404 3415 827 816 3405 3416
2752 5 2 10 1 827 816 3405 3416 828 817 3406 3417
2753 5 2 10 1 828 817 3406 3417 829 818 3407 3418
2754 5 2 10 1 829 818 3407 3418 830 819 3408 3419
2755 5 2 10 1 830 819 3408 3419 112 111 990 991
2756 5 2 10 1 53 52 719 720 831 820 3409 3420
2757 5 2 10 1 831 820 3409 3420 832 821 3410 3421
2758 5 2 10 1 832 821 3410 3421 833 822 3411 3422
2759 5 2 10 1 833 822 3411 3422 834 823 3412 3423
2760 5 2 10 1 834 823 3412 3423 835 824 3413 3424
2761 5 2 10 1 835 824 3413 3424 836 825 3414 3425
2762 5 2 10 1 836 825 3414 3425 837 826 3415 3426
2763 5 2 10 1 837 826 3415 3426 838 827 3416 3427
2764 5 2 10 1 838 827 3416 3427 839 828 3417 3428
2765 5 2 10 1 839 828 3417 3428 840 829 3418 3429
2766 5 2 10 1 840 829 3418 3429 841 830 3419 3430
2767 5 2 10 1 841 830 3419 3430 113 112 991 992
2768 5 2 10 1 2 53 720 54 97 831 3420 842
2769 5 2 10 1 97 831 3420 842 98 832 3421 843
2770 5 2 10 1 98 832 3421 843 99 833 3422 844
2771 5 2 10 1 99 833 3422 844 100 834 3423 845
2772 5 2 10 1 100 834 3423 845 101 835 3424 846
2773 5 2 10 1 101 835 3424 846 102 836 3425 847
2774 5 2 10 1 102 836 3425 847 103 837 3426 848
2775 5 2 10 1 103 837 3426 848 104 838 3427 849
2776 5 2 10 1 104 838 3427 849 105 839 3428 850
2777 5 2 10 1 105 839 3428 850 106 840 3429 851
2778 5 2 10 1 106 840 3429 851 107 841 3430 852
2779 5 2 10 1 107 841 3430 852 14 113 992 125
2780 5 2 12 5 963 92 12 135 4597 1964 402 2195
2781 5 2 12 5 4597 1964 402 2195 4598 1965 403 2196
2782 5 2 12 5 4598 1965 403 2196 4599 1966 404 2197
2783 5 2 12 5 4599 1966 404 2197 4600 1967 405 2198
2784 5 2 12 5 4600 1967 405 2198 4601 1968 406 2199
2785 5 2 12 5 4601 1968 406 2199 4602 1969 407 2200
2786 5 2 12 5 4602 1969 407 2200 4603 1970 408 2201
2787 5 2 12 5 4603 1970 408 2201 4604 1971 409 2202
2788 5 2 12 5 4604 1971 409 2202 4605 1972 410 2203
2789 5 2 12 5 4605 1972 410 2203 4606 1973 411 2204
2790 5 2 12 5 4606 1973 411 2204 4607 1974 412 2205
2791 5 2 12 5 4607 1974 412 2205 2206 424 30 467
2792 5 2 12 5 964 963 135 134 4608 4597 2195 2184
2793 5 2 12 5 4608 4597 2195 2184 4609 4598 2196 2185
2794 5 2 12 5 4609 4598 2196 2185 4610 4599 2197 2186
2795 5 2 12 5 4610 4599 2197 2186 4611 4600 2198 2187
2796 5 2 12 5 4611 4600 2198 2187 4612 4601 2199 2188
2797 5 2 12 5 4612 4601 2199 2188 4613 4602 2200 2189
2798 5 2 12 5 4613 4602 2200 2189 4614 4603 2201 2190
2799 5 2 12 5 4614 4603 2201 2190 4615 4604 2202 2191
2800 5 2 12 5 4615 4604 2202 2191 4616 4605 2203 2192
2801 5 2 12 5 4616 4605 2203 2192 4617 4606 2204 2193
2802 5 2 12 5 4617 4606 2204 2193 4618 4607 2205 2194
2803 5 2 12 5 4618 4607 2205 2194 2207 2206 467 466
2804 5 2 12 5 965 964 134 133 4619 4608 2184 2173
2805 5 2 12 5 4619 4608 2184 2173 4620 4609 2185 2174
2806 5 2 12 5 4620 4609 2185 2174 4621 4610 2186 2175
2807 5 2 12 5 4621 4610 2186 2175 4622 4611 2187 2176
2808 5 2 12 5 4622 4611 2187 2176 4623 4612 2188 2177
2809 5 2 12 5 4623 4612 2188 2177 4624 4613 2189 2178
2810 5 2 12 5 4624 4613 2189 2178 4625 4614 2190 2179
2811 5 2 12 5 4625 4614 2190 2179 4626 4615 2191 2180
2812 5 2 12 5 4626 4615 2191 2180 4627 4616 2192 2181
2813 5 2 12 5 4627 4616 2192 2181 4628 4617 2193 2182
2814 5 2 12 5 4628 4617 2193 2182 4629 4618 2194 2183
2815 5 2 12 5 4629 4618 2194 2183 2208 2207 466 465
2816 5 2 12 5 966 965 133 132 4630 4619 2173 2162
2817 5 2 12 5 4630 4619 2173 2162 4631 4620 2174 2163
2818 5 2 12 5 4631 4620 2174 2163 4632 4621 2175 2164
2819 5 2 12 5 4632 4621 2175 2164 4633 4622 2176 2165
2820 5 2 12 5 4633 4622 2176 2165 4634 4623 2177 2166
2821 5 2 12 5 4634 4623 2177 2166 4635 4624 2178 2167
2822 5 2 12 5 4635 4624 2178 2167 4636 4625 2179 2168
2823 5 2 12 5 4636 4625 2179 2168 4637 4626 2180 2169
2824 5 2 12 5 4637 4626 2180 2169 4638 4627 2181 2170
2825 5 2 12 5 4638 4627 2181 2170 4639 4628 2182 2171
2826 5 2 12 5 4639 4628 2182 2171 4640 4629 2183 2172
2827 5 2 12 5 4640 4629 2183 2172 2209 2208 465 464
2828 5 2 12 5 967 966 132 131 4641 4630 2162 2151
2829 5 2 12 5 4641 4630 2162 2151 4642 4631 2163 2152
2830 5 2 12 5 4642 4631 2163 2152 4643 4632 2164 2153
2831 5 2 12 5 4643 4632 2164 2153 4644 4633 2165 2154
2832 5 2 12 5 4644 4633 2165 2154 4645 4634 2166 2155
2833 5 2 12 5 4645 4634 2166 2155 4646 4635 2167 2156
2834 5 2 12 5 4646 4635 2167 2156 4647 4636 2168 2157
2835 5 2 12 5 4647 4636 2168 2157 4648 4637 2169 2158
2836 5 2 12 5 4648 4637 2169 2158 4649 4638 2170 2159
2837 5 2 12 5 4649 4638 2170 2159 4650 4639 2171 2160
2838 5 2 12 5 4650 4639 2171 2160 4651 4640 2172 2161
2839 5 2 12 5 4651 4640 2172 2161 2210 2209 464 463
2840 5 2 12 5 968 967 131 130 4652 4641 2151 2140
2841 5 2 12 5 4652 4641 2151 2140 4653 4642 2152 2141
2842 5 2 12 5 4653 4642 2152 2141 4654 4643 2153 2142
2843 5 2 12 5 4654 4643 2153 2142 4655 4644 2154 2143
2844 5 2 12 5 4655 4644 2154 2143 4656 4645 2155 2144
2845 5 2 12 5 4656 4645 2155 2144 4657 4646 2156 2145
2846 5 2 12 5 4657 4646 2156 2145 4658 4647 2157 2146
2847 5 2 12 5 4658 4647 2157 2146 4659 4648 2158 2147
2848 5 2 12 5 4659 4648 2158 2147 4660 4649 2159 2148
2849 5 2 12 5 4660 4649 2159 2148 4661 4650 2160 2149
2850 5 2 12 5 4661 4650 2160 2149 4662 4651 2161 2150
2851 5 2 12 5 4662 4651 2161 2150 2211 2210 463 462
2852 5 2 12 5 129 968 130 15 2129 4652 2140 446
2853 5 2 12 5 2129 4652 2140 446 2130 4653 2141 447
2854 5 2 12 5 2130 4653 2141 447 2131 4654 2142 448
2855 5 2 12 5 2131 4654 2142 448 2132 4655 2143 449
2856 5 2 12 5 2132 4655 2143 449 2133 4656 2144 450
2857 5 2 12 5 2133 4656 2144 450 2134 4657 2145 451
2858 5 2 12 5 2134 4657 2145 451 2135 4658 2146 452
2859 5 2 12 5 2135 4658 2146 452 2136 4659 2147 453
2860 5 2 12 5 2136 4659 2147 453 2137 4660 2148 454
2861 5 2 12 5 2137 4660 2148 454 2138 4661 2149 455
2862 5 2 12 5 2138 4661 2149 455 2139 4662 2150 456
2863 5 2 12 5 2139 4662 2150 456 461 2211 462 33
2864 5 2 12 5 969 93 92 963 4663 1975 1964 4597
2865 5 2 12 5 4663 1975 1964 4597 4664 1976 1965 4598
2866 5 2 12 5 4664 1976 1965 4598 4665 1977 1966 4599
2867 5 2 12 5 4665 1977 1966 4599 4666 1978 1967 4600
2868 5 2 12 5 4666 1978 1967 4600 4667 1979 1968 4601
2869 5 2 12 5 4667 1979 1968 4601 4668 1980 1969 4602
2870 5 2 12 5 4668 1980 1969 4602 4669 1981 1970 4603
2871 5 2 12 5 4669 1981 1970 4603 4670 1982 1971 4604
2872 5 2 12 5 4670 1982 1971 4604 4671 1983 1972 4605
2873 5 2 12 5 4671 1983 1972 4605 4672 1984 1973 4606
2874 5 2 12 5 4672 1984 1973 4606 4673 1985 1974 4607
2875 5 2 12 5 4673 1985 1974 4607 2212 425 424 2206
2876 5 2 12 5 970 969 963 964 4674 4663 4597 4608
2877 5 2 12 5 4674 4663 4597 4608 4675 4664 4598 4609
2878 5 2 12 5 4675 4664 4598 4609 4676 4665 4599 4610
2879 5 2 12 5 4676 4665 4599 4610 4677 4666 4600 4611
2880 5 2 12 5 4677 4666 4600 4611 4678 4667 4601 4612
2881 5 2 12 5 4678 4667 4601 4612 4679 4668 4602 4613
2882 5 2 12 5 4679 4668 4602 4613 4680 4669 4603 4614
2883 5 2 12 5 4680 4669 4603 4614 4681 4670 4604 4615
2884 5 2 12 5 4681 4670 4604 4615 4682 4671 4605 4616
2885 5 2 12 5 4682 4671 4605 4616 4683 4672 4606 4617
2886 5 2 12 5 4683 4672 4606 4617 4684 4673 4607 4618
2887 5 2 12 5 4684 4673 4607 4618 2213 2212 2206 2207
2888 5 2 12 5 971 970 964 965 4685 4674 4608 4619
2889 5 2 12 5 4685 4674 4608 4619 4686 4675 4609 4620
2890 5 2 12 5 4686 4675 4609 4620 4687 4676 4610 4621
2891 5 2 12 5 4687 4676 4610 4621 4688 4677 4611 4622
2892 5 2 12 5 4688 4677 4611 4622 4689 4678 4612 4623
2893 5 2 12 5 4689 4678 4612 4623 4690 4679 4613 4624
2894 5 2 12 5 4690 4679 4613 4624 4691 4680 4614 4625
2895 5 2 12 5 4691 4680 4614 4625 4692 4681 4615 4626
2896 5 2 12 5 4692 4681 4615 4626 4693 4682 4616 4627
2897 5 2 12 5 4693 4682 4616 4627 4694 4683 4617 4628
2898 5 2 12 5 4694 4683 4617 4628 4695 4684 4618 4629
2899 5 2 12 5 4695 4684 4618 4629 2214 2213 2207 2208
2900 5 2 12 5 972 971 965 966 4696 4685 4619 4630
2901 5 2 12 5 4696 4685 4619 4630 4697 4686 4620 4631
2902 5 2 12 5 4697 4686 4620 4631 4698 4687 4621 4632
2903 5 2 12 5 4698 4687 4621 4632 4699 4688 4622 4633
2904 5 2 12 5 4699 4688 4622 4633 4700 4689 4623 4634
2905 5 2 12 5 4700 4689 4623 4634 4701 4690 4624 4635
2906 5 2 12 5 4701 4690 4624 4635 4702 4691 4625 4636
2907 5 2 12 5 4702 4691 4625 4636 4703 4692 4626 4637
2908 5 2 12 5 4703 4692 4626 4637 4704 4693 4627 4638
2909 5 2 12 5 4704 4693 4627 4638 4705 4694 4628 4639
2910 5 2 12 5 4705 4694 4628 4639 4706 4695 4629 4640
2911 5 2 12 5 4706 4695 4629 4640 2215 2214 2208 2209
2912 5 2 12 5 973 972 966 967 4707 4696 4630 4641
2913 5 2 12 5 4707 4696 4630 4641 4708 4697 4631 4642
2914 5 2 12 5 4708 4697 4631 4642 4709 4698 4632 4643
2915 5 2 12 5 4709 4698 4632 4643 4710 4699 4633 4644
2916 5 2 12 5 4710 4699 4633 4644 4711 4700 4634 4645
2917 5 2 12 5 4711 4700 4634 4645 4712 4701 4635 4646
2918 5 2 12 5 4712 4701 4635 4646 4713 4702 4636 4647
2919 5 2 12 5 4713 4702 4636 4647 4714 4703 4637 4648
2920 5 2 12 5 4714 4703 4637 4648 4715 4704 4638 4649
2921 5 2 12 5 4715 4704 4638 4649 4716 4705 4639 4650
2922 5 2 12 5 4716 4705 4639 4650 4717 4706 4640 4651
2923 5 2 12 5 4717 4706 4640 4651 2216 2215 2209 2210
2924 5 2 12 5 974 973 967 968 4718 4707 4641 4652
2925 5 2 12 5 4718 4707 4641 4652 4719 4708 4642 4653
2926 5 2 12 5 4719 4708 4642 4653 4720 4709 4643 4654
2927 5 2 12 5 4720 4709 4643 4654 4721 4710 4644 4655
2928 5 2 12 5 4721 4710 4644 4655 4722 4711 4645 4656
2929 5 2 12 5 4722 4711 4645 4656 4723 4712 4646 4657
2930 5 2 12 5 4723 4712 4646 4657 4724 4713 4647 4658
2931 5 2 12 5 4724 4713 4647 4658 4725 4714 4648 4659
2932 5 2 12 5 4725 4714 4648 4659 4726 4715 4649 4660
2933 5 2 12 5 4726 4715 4649 4660 4727 4716 4650 4661
2934 5 2 12 5 4727 4716 4650 4661 4728 4717 4651 4662
2935 5 2 12 5 4728 4717 4651 4662 2217 2216 2210 2211
2936 5 2 12 5 128 974 968 129 2118 4718 4652 2129
2937 5 2 12 5 2118 4718 4652 2129 2119 4719 4653 2130
2938 5 2 12 5 2119 4719 4653 2130 2120 4720 4654 2131
2939 5 2 12 5 2120 4720 4654 2131 2121 4721 4655 2132
2940 5 2 12 5 2121 4721 4655 2132 2122 4722 4656 2133
2941 5 2 12 5 2122 4722 4656 2133 2123 4723 4657 2134
2942 5 2 12 5 2123 4723 4657 2134 2124 4724 4658 2135
2943 5 2 12 5 2124 4724 4658 2135 2125 4725 4659 2136
2944 5 2 12 5 2125 4725 4659 2136 2126 4726 4660 2137
2945 5 2 12 5 2126 4726 4660 2137 2127 4727 4661 2138
2946 5 2 12 5 2127 4727 4661 2138 2128 4728 4662 2139
2947 5 2 12 5 2128 4728 4662 2139 460 2217 2211 461
2948 5 2 12 5 975 94 93 969 4729 1986 1975 4663
2949 5 2 12 5 4729 1986 1975 4663 4730 1987 1976 4664
2950 5 2 12 5 4730 1987 1976 4664 4731 1988 1977 4665
2951 5 2 12 5 4731 1988 1977 4665 4732 1989 1978 4666
2952 5 2 12 5 4732 1989 1978 4666 4733 1990 1979 4667
2953 5 2 12 5 4733 1990 1979 4667 4734 1991 1980 4668
2954 5 2 12 5 4734 1991 1980 4668 4735 1992 1981 4669
2955 5 2 12 5 4735 1992 1981 4669 4736 1993 1982 4670
2956 5 2 12 5 4736 1993 1982 4670 4737 1994 1983 4671
2957 5 2 12 5 4737 1994 1983 4671 4738 1995 1984 4672
2958 5 2 12 5 4738 1995 1984 4672 4739 1996 1985 4673
2959 5 2 12 5 4739 1996 1985 4673 2218 426 425 2212
2960 5 2 12 5 976 975 969 970 4740 4729 4663 4674
2961 5 2 12 5 4740 4729 4663 4674 4741 4730 4664 4675
2962 5 2 12 5 4741 4730 4664 4675 4742 4731 4665 4676
2963 5 2 12 5 4742 4731 4665 4676 4743 4732 4666 4677
2964 5 2 12 5 4743 4732 4666 4677 4744 4733 4667 4678
2965 5 2 12 5 4744 4733 4667 4678 4745 4734 4668 4679
2966 5 2 12 5 4745 4734 4668 4679 4746 4735 4669 4680
2967 5 2 12 5 4746 4735 4669 4680 4747 4736 4670 4681
2968 5 2 12 5 4747 4736 4670 4681 4748 4737 4671 4682
2969 5 2 12 5 4748 4737 4671 4682 4749 4738 4672 4683
2970 5 2 12 5 4749 4738 4672 4683 4750 4739 4673 4684
2971 5 2 12 5 4750 4739 4673 4684 2219 2218 2212 2213
2972 5 2 12 5 977 976 970 971 4751 4740 4674 4685
2973 5 2 12 5 4751 4740 4674 4685 4752 4741 4675 4686
2974 5 2 12 5 4752 4741 4675 4686 4753 4742 4676 4687
2975 5 2 12 5 4753 4742 4676 4687 4754 4743 4677 4688
2976 5 2 12 5 4754 4743 4677 4688 4755 4744 4678 4689
2977 5 2 12 5 4755 4744 4678 4689 4756 4745 4679 4690
2978 5 2 12 5 4756 4745 4679 4690 4757 4746 4680 4691
2979 5 2 12 5 4757 4746 4680 4691 4758 4747 4681 4692
2980 5 2 12 5 4758 4747 4681 4692 4759 4748 4682 4693
2981 5 2 12 5 4759 4748 4682 4693 4760 4749 4683 4694
2982 5 2 12 5 4760 4749 4683 4694 4761 4750 4684 4695
2983 5 2 12 5 4761 4750 4684 4695 2220 2219 2213 2214
2984 5 2 12 5 978 977 971 972 4762 4751 4685 4696
2985 5 2 12 5 4762 4751 4685 4696 4763 4752 4686 4697
2986 5 2 12 5 4763 4752 4686 4697 4764 4753 4687 4698
2987 5 2 12 5 4764 4753 4687 4698 4765 4754 4688 4699
2988 5 2 12 5 4765 4754 4688 4699 4766 4755 4689 4700
2989 5 2 12 5 4766 4755 4689 4700 4767 4756 4690 4701
2990 5 2 12 5 4767 4756 4690 4701 4768 4757 4691 4702
2991 5 2 12 5 4768 4757 4691 4702 4769 4758 4692 4703
2992 5 2 12 5 4769 4758 4692 4703 4770 4759 4693 4704
2993 5 2 12 5 4770 4759 4693 4704 4771 4760 4694 4705
2994 5 2 12 5 4771 4760 4694 4705 4772 4761 4695 4706
2995 5 2 12 5 4772 4761 4695 4706 2221 2220 2214 2215
2996 5 2 12 5 979 978 972 973 4773 4762 4696 4707
2997 5 2 12 5 4773 4762 4696 4707 4774 4763 4697 4708
2998 5 2 12 5 4774 4763 4697 4708 4775 4764 4698 4709
2999 5 2 12 5 4775 4764 4698 4709 4776 4765 4699 4710
3000 5 2 12 5 4776 4765 4699 4710 4777 4766 4700 4711
3001 5 2 12 5 4777 4766 4700 4711 4778 4767 4701 4712
3002 5 2 12 5 4778 4767 4701 4712 4779 4768 4702 4713
3003 5 2 12 5 4779 4768 4702 4713 4780 4769 4703 4714
3004 5 2 12 5 4780 4769 4703 4714 4781 4770 4704 4715
3005 5 2 12 5 4781 4770 4704 4715 4782 4771 4705 4716
3006 5 2 12 5 4782 4771 4705 4716 4783 4772 4706 4717
3007 5 2 12 5 4783 4772 4706 4717 2222 2221 2215 2216
3008 5 2 12 5 980 979 973 974 4784 4773 4707 4718
3009 5 2 12 5 4784 4773 4707 4718 4785 4774 4708 4719
3010 5 2 12 5 4785 4774 4708 4719 4786 4775 4709 4720
3011 5 2 12 5 4786 4775 4709 4720 4787 4776 4710 4721
3012 5 2 12 5 4787 4776 4710 4721 4788 4777 4711 4722
3013 5 2 12 5 4788 4777 4711 4722 4789 4778 4712 4723
3014 5 2 12 5 4789 4778 4712 4723 4790 4779 4713 4724
3015 5 2 12 5 4790 4779 4713 4724 4791 4780 4714 4725
3016 5 2 12 5 4791 4780 4714 4725 4792 4781 4715 4726
3017 5 2 12 5 4792 4781 4715 4726 4793 4782 4716 4727
3018 5 2 12 5 4793 4782 4716 4727 4794 4783 4717 4728
3019 5 2 12 5 4794 4783 4717 4728 2223 2222 2216 2217
3020 5 2 12 5 127 980 974 128 2107 4784 4718 2118
3021 5 2 12 5 2107 4784 4718 2118 2108 4785 4719 2119
3022 5 2 12 5 2108 4785 4719 2119 2109 4786 4720 2120
3023 5 2 12 5 2109 4786 4720 2120 2110 4787 4721 2121
3024 5 2 12 5 2110 4787 4721 2121 2111 4788 4722 2122
3025 5 2 12 5 2111 4788 4722 2122 2112 4789 4723 2123
3026 5 2 12 5 2112 4789 4723 2123 2113 4790 4724 2124
3027 5 2 12 5 2113 4790 4724 2124 2114 4791 4725 2125
3028 5 2 12 5 2114 4791 4725 2125 2115 4792 4726 2126
3029 5 2 12 5 2115 4792 4726 2126 2116 4793 4727 2127
3030 5 2 12 5 2116 4793 4727 2127 2117 4794 4728 2128
3031 5 2 12 5 2117 4794 4728 2128 459 2223 2217 460
3032 5 2 12 5 981 95 94 975 4795 1997 1986 4729
3033 5 2 12 5 4795 1997 1986 4729 4796 1998 1987 4730
3034 5 2 12 5 4796 1998 1987 4730 4797 1999 1988 4731
3035 5 2 12 5 4797 1999 1988 4731 4798 2000 1989 4732
3036 5 2 12 5 4798 2000 1989 4732 4799 2001 1990 4733
3037 5 2 12 5 4799 2001 1990 4733 4800 2002 1991 4734
3038 5 2 12 5 4800 2002 1991 4734 4801 2003 1992 4735
3039 5 2 12 5 4801 2003 1992 4735 4802 2004 1993 4736
3040 5 2 12 5 4802 2004 1993 4736 4803 2005 1994 4737
3041 5 2 12 5 4803 2005 1994 4737 4804 2006 1995 4738
3042 5 2 12 5 4804 2006 1995 4738 4805 2007 1996 4739
3043 5 2 12 5 4805 2007 1996 4739 2224 427 426 2218
3044 5 2 12 5 982 981 975 976 4806 4795 4729 4740
3045 5 2 12 5 4806 4795 4729 4740 4807 4796 4730 4741
3046 5 2 12 5 4807 4796 4730 4741 4808 4797 4731 4742
3047 5 2 12 5 4808 4797 4731 4742 4809 4798 4732 4743
3048 5 2 12 5 4809 4798 4732 4743 4810 4799 4733 4744
3049 5 2 12 5 4810 4799 4733 4744 4811 4800 4734 4745
3050 5 2 12 5 4811 4800 4734 4745 4812 4801 4735 4746
3051 5 2 12 5 4812 4801 4735 4746 4813 4802 4736 4747
3052 5 2 12 5 4813 4802 4736 4747 4814 4803 4737 4748
3053 5 2 12 5 4814 4803 4737 4748 4815 4804 4738 4749
3054 5 2 12 5 4815 4804 4738 4749 4816 4805 4739 4750
3055 5 2 12 5 4816 4805 4739 4750 2225 2224 2218 2219
3056 5 2 12 5 983 982 976 977 4817 4806 4740 4751
3057 5 2 12 5 4817 4806 4740 4751 4818 4807 4741 4752
3058 5 2 12 5 4818 4807 4741 4752 4819 4808 4742 4753
3059 5 2 12 5 4819 4808 4742 4753 4820 4809 4743 4754
3060 5 2 12 5 4820 4809 4743 4754 4821 4810 4744 4755
3061 5 2 12 5 4821 4810 4744 4755 4822 4811 4745 4756
3062 5 2 12 5 4822 4811 4745 4756 4823 4812 4746 4757
3063 5 2 12 5 4823 4812 4746 4757 4824 4813 4747 4758
3064 5 2 12 5 4824 4813 4747 4758 4825 4814 4748 4759
3065 5 2 12 5 4825 4814 4748 4759 4826 4815 4749 4760
3066 5 2 12 5 4826 4815 4749 4760 4827 4816 4750 4761
3067 5 2 12 5 4827 4816 4750 4761 2226 2225 2219 2220
3068 5 2 12 5 984 983 977 978 4828 4817 4751 4762
3069 5 2 12 5 4828 4817 4751 4762 4829 4818 4752 4763
3070 5 2 12 5 4829 4818 4752 4763 4830 4819 4753 4764
3071 5 2 12 5 4830 4819 4753 4764 4831 4820 4754 4765
3072 5 2 12 5 4831 4820 4754 4765 4832 4821 4755 4766
3073 5 2 12 5 4832 4821 4755 4766 4833 4822 4756 4767
3074 5 2 12 5 4833 4822 4756 4767 4834 4823 4757 4768
3075 5 2 12 5 4834 4823 4757 4768 4835 4824 4758 4769
3076 5 2 12 5 4835 4824 4758 4769 4836 4825 4759 4770
3077 5 2 12 5 4836 4825 4759 4770 4837 4826 4760 4771
3078 5 2 12 5 4837 4826 4760 4771 4838 4827 4761 4772
3079 5 2 12 5 4838 4827 4761 4772 2227 2226 2220 2221
3080 5 2 12 5 985 984 978 979 4839 4828 4762 4773
3081 5 2 12 5 4839 4828 4762 4773 4840 4829 4763 4774
3082 5 2 12 5 4840 4829 4763 4774 4841 4830 4764 4775
3083 5 2 12 5 4841 4830 4764 4775 4842 4831 4765 4776
3084 5 2 12 5 4842 4831 4765 4776 4843 4832 4766 4777
3085 5 2 12 5 4843 4832 4766 4777 4844 4833 4767 4778
3086 5 2 12 5 4844 4833 4767 4778 4845 4834 4768 4779
3087 5 2 12 5 4845 4834 4768 4779 4846 4835 4769 4780
3088 5 2 12 5 4846 4835 4769 4780 4847 4836 4770 4781
3089 5 2 12 5 4847 4836 4770 4781 4848 4837 4771 4782
3090 5 2 12 5 4848 4837 4771 4782 4849 4838 4772 4783
3091 5 2 12 5 4849 4838 4772 4783 2228 2227 2221 2222
3092 5 2 12 5 986 985 979 980 4850 4839 4773 4784
3093 5 2 12 5 4850 4839 4773 4784 4851 4840 4774 4785
3094 5 2 12 5 4851 4840 4774 4785 4852 4841 4775 4786
3095 5 2 12 5 4852 4841 4775 4786 4853 4842 4776 4787
3096 5 2 12 5 4853 4842 4776 4787 4854 4843 4777 4788
3097 5 2 12 5 4854 4843 4777 4788 4855 4844 4778 4789
3098 5 2 12 5 4855 4844 4778 4789 4856 4845 4779 4790
3099 5 2 12 5 4856 4845 4779 4790 4857 4846 4780 4791
3100 5 2 12 5 4857 4846 4780 4791 4858 4847 4781 4792
3101 5 2 12 5 4858 4847 4781 4792 4859 4848 4782 4793
3102 5 2 12 5 4859 4848 4782 4793 4860 4849 4783 4794
3103 5 2 12 5 4860 4849 4783 4794 2229 2228 2222 2223
3104 5 2 12 5 126 986 980 127 2096 4850 4784 2107
3105 5 2 12 5 2096 4850 4784 2107 2097 4851 4785 2108
3106 5 2 12 5 2097 4851 4785 2108 2098 4852 4786 2109
3107 5 2 12 5 2098 4852 4786 2109 2099 4853 4787 2110
3108 5 2 12 5 2099 4853 4787 2110 2100 4854 4788 2111
3109 5 2 12 5 2100 4854 4788 2111 2101 4855 4789 2112
3110 5 2 12 5 2101 4855 4789 2112 2102 4856 4790 2113
3111 5 2 12 5 2102 4856 4790 2113 2103 4857 4791 2114
3112 5 2 12 5 2103 4857 4791 2114 2104 4858 4792 2115
3113 5 2 12 5 2104 4858 4792 2115 2105 4859 4793 2116
3114 5 2 12 5 2105 4859 4793 2116 2106 4860 4794 2117
3115 5 2 12 5 2106 4860 4794 2117 458 2229 2223 459
3116 5 2 12 5 987 96 95 981 4861 2008 1997 4795
3117 5 2 12 5 4861 2008 1997 4795 4862 2009 1998 4796
3118 5 2 12 5 4862 2009 1998 4796 4863 2010 1999 4797
3119 5 2 12 5 4863 2010 1999 4797 4864 2011 2000 4798
3120 5 2 12 5 4864 2011 2000 4798 4865 2012 2001 4799
3121 5 2 12 5 4865 2012 2001 4799 4866 2013 2002 4800
3122 5 2 12 5 4866 2013 2002 4800 4867 2014 2003 4801
3123 5 2 12 5 4867 2014 2003 4801 4868 2015 2004 4802
3124 5 2 12 5 4868 2015 2004 4802 4869 2016 2005 4803
3125 5 2 12 5 4869 2016 2005 4803 4870 2017 2006 4804
3126 5 2 12 5 4870 2017 2006 4804 4871 2018 2007 4805
3127 5 2 12 5 4871 2018 2007 4805 2230 428 427 2224
3128 5 2 12 5 988 987 981 982 4872 4861 4795 4806
3129 5 2 12 5 4872 4861 4795 4806 4873 4862 4796 4807
3130 5 2 12 5 4873 4862 4796 4807 4874 4863 4797 4808
3131 5 2 12 5 4874 4863 4797 4808 4875 4864 4798 4809
3132 5 2 12 5 4875 4864 4798 4809 4876 4865 4799 4810
3133 5 2 12 5 4876 4865 4799 4810 4877 4866 4800 4811
3134 5 2 12 5 4877 4866 4800 4811 4878 4867 4801 4812
3135 5 2 12 5 4878 4867 4801 4812 4879 4868 4802 4813
3136 5 2 12 5 4879 4868 4802 4813 4880 4869 4803 4814
3137 5 2 12 5 4880 4869 4803 4814 4881 4870 4804 4815
3138 5 2 12 5 4881 4870 4804 4815 4882 4871 4805 4816
3139 5 2 12 5 4882 4871 4805 4816 2231 2230 2224 2225
3140 5 2 12 5 989 988 982 983 4883 4872 4806 4817
3141 5 2 12 5 4883 4872 4806 4817 4884 4873 4807 4818
3142 5 2 12 5 4884 4873 4807 4818 4885 4874 4808 4819
3143 5 2 12 5 4885 4874 4808 4819 4886 4875 4809 4820
3144 5 2 12 5 4886 4875 4809 4820 4887 4876 4810 4821
3145 5 2 12 5 4887 4876 4810 4821 4888 4877 4811 4822
3146 5 2 12 5 4888 4877 4811 4822 4889 4878 4812 4823
3147 5 2 12 5 4889 4878 4812 4823 4890 4879 4813 4824
3148 5 2 12 5 4890 4879 4813 4824 4891 4880 4814 4825
3149 5 2 12 5 4891 4880 4814 4825 4892 4881 4815 4826
3150 5 2 12 5 4892 4881 4815 4826 4893 4882 4816 4827
3151 5 2 12 5 4893 4882 4816 4827 2232 2231 2225 2226
3152 5 2 12 5 990 989 983 984 4894 4883 4817 4828
3153 5 2 12 5 4894 4883 4817 4828 4895 4884 4818 4829
3154 5 2 12 5 4895 4884 4818 4829 4896 4885 4819 4830
3155 5 2 12 5 4896 4885 4819 4830 4897 4886 4820 4831
3156 5 2 12 5 4897 4886 4820 4831 4898 4887 4821 4832
3157 5 2 12 5 4898 4887 4821 4832 4899 4888 4822 4833
3158 5 2 12 5 4899 4888 4822 4833 4900 4889 4823 4834
3159 5 2 12 5 4900 4889 4823 4834 4901 4890 4824 4835
3160 5 2 12 5 4901 4890 4824 4835 4902 4891 4825 4836
3161 5 2 12 5 4902 4891 4825 4836 4903 4892 4826 4837
3162 5 2 12 5 4903 4892 4826 4837 4904 4893 4827 4838
3163 5 2 12 5 4904 4893 4827 4838 2233 2232 2226 2227
3164 5 2 12 5 991 990 984 985 4905 4894 4828 4839
3165 5 2 12 5 4905 4894 4828 4839 4906 4895 4829 4840
3166 5 2 12 5 4906 4895 4829 4840 4907 4896 4830 4841
3167 5 2 12 5 4907 4896 4830 4841 4908 4897 4831 4842
3168 5 2 12 5 4908 4897 4831 4842 4909 4898 4832 4843
3169 5 2 12 5 4909 4898 4832 4843 4910 4899 4833 4844
3170 5 2 12 5 4910 4899 4833 4844 4911 4900 4834 4845
3171 5 2 12 5 4911 4900 4834 4845 4912 4901 4835 4846
3172 5 2 12 5 4912 4901 4835 4846 4913 4902 4836 4847
3173 5 2 12 5 4913 4902 4836 4847 4914 4903 4837 4848
3174 5 2 12 5 4914 4903 4837 4848 4915 4904 4838 4849
3175 5 2 12 5 4915 4904 4838 4849 2234 2233 2227 2228
3176 5 2 12 5 992 991 985 986 4916 4905 4839 4850
3177 5 2 12 5 4916 4905 4839 4850 4917 4906 4840 4851
3178 5 2 12 5 4917 4906 4840 4851 4918 4907 4841 4852
3179 5 2 12 5 4918 4907 4841 4852 4919 4908 4842 4853
3180 5 2 12 5 4919 4908 4842 4853 4920 4909 4843 4854
3181 5 2 12 5 4920 4909 4843 4854 4921 4910 4844 4855
3182 5 2 12 5 4921 4910 4844 4855 4922 4911 4845 4856
3183 5 2 12 5 4922 4911 4845 4856 4923 4912 4846 4857
3184 5 2 12 5 4923 4912 4846 4857 4924 4913 4847 4858
3185 5 2 12 5 4924 4913 4847 4858 4925 4914 4848 4859
3186 5 2 12 5 4925 4914 4848 4859 4926 4915 4849 4860
3187 5 2 12 5 4926 4915 4849 4860 2235 2234 2228 2229
3188 5 2 12 5 125 992 986 126 2085 4916 4850 2096
3189 5 2 12 5 2085 4916 4850 2096 2086 4917 4851 2097
3190 5 2 12 5 2086 4917 4851 2097 2087 4918 4852 2098
3191 5 2 12 5 2087 4918 4852 2098 2088 4919 4853 2099
3192 5 2 12 5 2088 4919 4853 2099 2089 4920 4854 2100
3193 5 2 12 5 2089 4920 4854 2100 2090 4921 4855 2101
3194 5 2 12 5 2090 4921 4855 2101 2091 4922 4856 2102
3195 5 2 12 5 2091 4922 4856 2102 2092 4923 4857 2103
3196 5 2 12 5 2092 4923 4857 2103 2093 4924 4858 2104
3197 5 2 12 5 2093 4924 4858 2104 2094 4925 4859 2105
3198 5 2 12 5 2094 4925 4859 2105 2095 4926 4860 2106
3199 5 2 12 5 2095 4926 4860 2106 457 2235 2229 458
3200 5 2 12 5 108 13 96 987 2019 413 2008 4861
3201 5 2 12 5 2019 413 2008 4861 2020 414 2009 4862
3202 5 2 12 5 2020 414 2009 4862 2021 415 2010 4863
3203 5 2 12 5 2021 415 2010 4863 2022 416 2011 4864
3204 5 2 12 5 2022 416 2011 4864 2023 417 2012 4865
3205 5 2 12 5 2023 417 2012 4865 2024 418 2013 4866
3206 5 2 12 5 2024 418 2013 4866 2025 419 2014 4867
3207 5 2 12 5 2025 419 2014 4867 2026 420 2015 4868
3208 5 2 12 5 2026 420 2015 4868 2027 421 2016 4869
3209 5 2 12 5 2027 421 2016 4869 2028 422 2017 4870
3210 5 2 12 5 2028 422 2017 4870 2029 423 2018 4871
3211 5 2 12 5 2029 423 2018 4871 440 31 428 2230
3212 5 2 12 5 109 108 987 988 2030 2019 4861 4872
3213 5 2 12 5 2030 2019 4861 4872 2031 2020 4862 4873
3214 5 2 12 5 2031 2020 4862 4873 2032 2021 4863 4874
3215 5 2 12 5 2032 2021 4863 4874 2033 2022 4864 4875
3216 5 2 12 5 2033 2022 4864 4875 2034 2023 4865 4876
3217 5 2 12 5 2034 2023 4865 4876 2035 2024 4866 4877
3218 5 2 12 5 2035 2024 4866 4877 2036 2025 4867 4878
3219 5 2 12 5 2036 2025 4867 4878 2037 2026 4868 4879
3220 5 2 12 5 2037 2026 4868 4879 2038 2027 4869 4880
3221 5 2 12 5 2038 2027 4869 4880 2039 2028 4870 4881
3222 5 2 12 5 2039 2028 4870 4881 2040 2029 4871 4882
3223 5 2 12 5 2040 2029 4871 4882 441 440 2230 2231
3224 5 2 12 5 110 109 988 989 2041 2030 4872 4883
3225 5 2 12 5 2041 2030 4872 4883 2042 2031 4873 4884
3226 5 2 12 5 2042 2031 4873 4884 2043 2032 4874 4885
3227 5 2 12 5 2043 2032 4874 4885 2044 2033 4875 4886
3228 5 2 12 5 2044 2033 4875 4886 2045 2034 4876 4887
3229 5 2 12 5 2045 2034 4876 4887 2046 2035 4877 4888
3230 5 2 12 5 2046 2035 4877 4888 2047 2036 4878 4889
3231 5 2 12 5 2047 2036 4878 4889 2048 2037 4879 4890
3232 5 2 12 5 2048 2037 4879 4890 2049 2038 4880 4891
3233 5 2 12 5 2049 2038 4880 4891 2050 2039 4881 4892
3234 5 2 12 5 2050 2039 4881 4892 2051 2040 4882 4893
3235 5 2 12 5 2051 2040 4882 4893 442 441 2231 2232
3236 5 2 12 5 111 110 989 990 2052 2041 4883 4894
3237 5 2 12 5 2052 2041 4883 4894 2053 2042 4884 4895
3238 5 2 12 5 2053 2042 4884 4895 2054 2043 4885 4896
3239 5 2 12 5 2054 2043 4885 4896 2055 2044 4886 4897
3240 5 2 12 5 2055 2044 4886 4897 2056 2045 4887 4898
3241 5 2 12 5 2056 2045 4887 4898 2057 2046 4888 4899
3242 5 2 12 5 2057 2046 4888 4899 2058 2047 4889 4900
3243 5 2 12 5 2058 2047 4889 4900 2059 2048 4890 4901
3244 5 2 12 5 2059 2048 4890 4901 2060 2049 4891 4902
3245 5 2 12 5 2060 2049 4891 4902 2061 2050 4892 4903
3246 5 2 12 5 2061 2050 4892 4903 2062 2051 4893 4904
3247 5 2 12 5 2062 2051 4893 4904 443 442 2232 2233
3248 5 2 12 5 112 111 990 991 2063 2052 4894 4905
3249 5 2 12 5 2063 2052 4894 4905 2064 2053 4895 4906
3250 5 2 12 5 2064 2053 4895 4906 2065 2054 4896 4907
3251 5 2 12 5 2065 2054 4896 4907 2066 2055 4897 4908
3252 5 2 12 5 2066 2055 4897 4908 2067 2056 4898 4909
3253 5 2 12 5 2067 2056 4898 4909 2068 2057 4899 4910
3254 5 2 12 5 2068 2057 4899 4910 2069 2058 4900 4911
3255 5 2 12 5 2069 2058 4900 4911 2070 2059 4901 4912
3256 5 2 12 5 2070 2059 4901 4912 2071 2060 4902 4913
3257 5 2 12 5 2071 2060 4902 4913 2072 2061 4903 4914
3258 5 2 12 5 2072 2061 4903 4914 2073 2062 4904 4915
3259 5 2 12 5 2073 2062 4904 4915 444 443 2233 2234
3260 5 2 12 5 113 112 991 992 2074 2063 4905 4916
3261 5 2 12 5 2074 2063 4905 4916 2075 2064 4906 4917
3262 5 2 12 5 2075 2064 4906 4917 2076 2065 4907 4918
3263 5 2 12 5 2076 2065 4907 4918 2077 2066 4908 4919
3264 5 2 12 5 2077 2066 4908 4919 2078 2067 4909 4920
3265 5 2 12 5 2078 2067 4909 4920 2079 2068 4910 4921
3266 5 2 12 5 2079 2068 4910 4921 2080 2069 4911 4922
3267 5 2 12 5 2080 2069 4911 4922 2081 2070 4912 4923
3268 5 2 12 5 2081 2070 4912 4923 2082 2071 4913 4924
3269 5 2 12 5 2082 2071 4913 4924 2083 2072 4914 4925
3270 5 2 12 5 2083 2072 4914 4925 2084 2073 4915 4926
3271 5 2 12 5 2084 2073 4915 4926 445 444 2234 2235
3272 5 2 12 5 14 113 992 125 429 2074 4916 2085
3273 5 2 12 5 429 2074 4916 2085 430 2075 4917 2086
3274 5 2 12 5 430 2075 4917 2086 431 2076 4918 2087
3275 5 2 12 5 431 2076 4918 2087 432 2077 4919 2088
3276 5 2 12 5 432 2077 4919 2088 433 2078 4920 2089
3277 5 2 12 5 433 2078 4920 2089 434 2079 4921 2090
3278 5 2 12 5 434 2079 4921 2090 435 2080 4922 2091
3279 5 2 12 5 435 2080 4922 2091 436 2081 4923 2092
3280 5 2 12 5 436 2081 4923 2092 437 2082 4924 2093
3281 5 2 12 5 437 2082 4924 2093 438 2083 4925 2094
3282 5 2 12 5 438 2083 4925 2094 439 2084 4926 2095
3283 5 2 12 5 439 2084 4926 2095 32 445 2235 457
3284 6 2 11 2 150 8 999 1156 183 3497
3285 6 2 11 2 1156 183 3497 1157 184 3498
3286 6 2 11 2 1157 184 3498 1158 185 3499
3287 6 2 11 2 1158 185 3499 1159 186 3500
3288 6 2 11 2 1159 186 3500 1160 187 3501
3289 6 2 11 2 1160 187 3501 1161 188 3502
3290 6 2 11 2 1161 188 3502 1162 189 3503
3291 6 2 11 2 1162 189 3503 1163 190 3504
3292 6 2 11 2 1163 190 3504 1164 191 3505
3293 6 2 11 2 1164 191 3505 1165 192 3506
3294 6 2 11 2 1165 192 3506 1166 193 3507
3295 6 2 11 2 1166 193 3507 209 18 1173
3296 6 2 11 2 149 150 997 1145 1156 3475
3297 6 2 11 2 1145 1156 3475 1146 1157 3476
3298 6 2 11 2 1146 1157 3476 1147 1158 3477
3299 6 2 11 2 1147 1158 3477 1148 1159 3478
3300 6 2 11 2 1148 1159 3478 1149 1160 3479
3301 6 2 11 2 1149 1160 3479 1150 1161 3480
3302 6 2 11 2 1150 1161 3480 1151 1162 3481
3303 6 2 11 2 1151 1162 3481 1152 1163 3482
3304 6 2 11 2 1152 1163 3482 1153 1164 3483
3305 6 2 11 2 1153 1164 3483 1154 1165 3484
3306 6 2 11 2 1154 1165 3484 1155 1166 3485
3307 6 2 11 2 1155 1166 3485 208 209 1171
3308 6 2 11 2 7 146 1001 194 1112 3519
3309 6 2 11 2 194 1112 3519 195 1113 3520
3310 6 2 11 2 195 1113 3520 196 1114 3521
3311 6 2 11 2 196 1114 3521 197 1115 3522
3312 6 2 11 2 197 1115 3522 198 1116 3523
3313 6 2 11 2 198 1116 3523 199 1117 3524
3314 6 2 11 2 199 1117 3524 200 1118 3525
3315 6 2 11 2 200 1118 3525 201 1119 3526
3316 6 2 11 2 201 1119 3526 202 1120 3527
3317 6 2 11 2 202 1120 3527 203 1121 3528
3318 6 2 11 2 203 1121 3528 204 1122 3529
3319 6 2 11 2 204 1122 3529 19 205 1175
3320 6 2 11 2 148 149 994 1134 1145 3442
3321 6 2 11 2 1134 1145 3442 1135 1146 3443
3322 6 2 11 2 1135 1146 3443 1136 1147 3444
3323 6 2 11 2 1136 1147 3444 1137 1148 3445
3324 6 2 11 2 1137 1148 3445 1138 1149 3446
3325 6 2 11 2 1138 1149 3446 1139 1150 3447
3326 6 2 11 2 1139 1150 3447 1140 1151 3448
3327 6 2 11 2 1140 1151 3448 1141 1152 3449
3328 6 2 11 2 1141 1152 3449 1142 1153 3450
3329 6 2 11 2 1142 1153 3450 1143 1154 3451
3330 6 2 11 2 1143 1154 3451 1144 1155 3452
3331 6 2 11 2 1144 1155 3452 207 208 1168
3332 6 2 11 2 147 148 993 1123 1134 3431
3333 6 2 11 2 1123 1134 3431 1124 1135 3432
3334 6 2 11 2 1124 1135 3432 1125 1136 3433
3335 6 2 11 2 1125 1136 3433 1126 1137 3434
3336 6 2 11 2 1126 1137 3434 1127 1138 3435
3337 6 2 11 2 1127 1138 3435 1128 1139 3436
3338 6 2 11 2 1128 1139 3436 1129 1140 3437
3339 6 2 11 2 1129 1140 3437 1130 1141 3438
3340 6 2 11 2 1130 1141 3438 1131 1142 3439
3341 6 2 11 2 1131 1142 3439 1132 1143 3440
3342 6 2 11 2 1132 1143 3440 1133 1144 3441
3343 6 2 11 2 1133 1144 3441 206 207 1167
3344 6 2 11 2 996 149 997 3464 1145 3475
3345 6 2 11 2 3464 1145 3475 3465 1146 3476
3346 6 2 11 2 3465 1146 3476 3466 1147 3477
3347 6 2 11 2 3466 1147 3477 3467 1148 3478
3348 6 2 11 2 3467 1148 3478 3468 1149 3479
3349 6 2 11 2 3468 1149 3479 3469 1150 3480
3350 6 2 11 2 3469 1150 3480 3470 1151 3481
3351 6 2 11 2 3470 1151 3481 3471 1152 3482
3352 6 2 11 2 3471 1152 3482 3472 1153 3483
3353 6 2 11 2 3472 1153 3483 3473 1154 3484
3354 6 2 11 2 3473 1154 3484 3474 1155 3485
3355 6 2 11 2 3474 1155 3485 1170 208 1171
3356 6 2 11 2 146 147 1000 1112 1123 3508
3357 6 2 11 2 1112 1123 3508 1113 1124 3509
3358 6 2 11 2 1113 1124 3509 1114 1125 3510
3359 6 2 11 2 1114 1125 3510 1115 1126 3511
3360 6 2 11 2 1115 1126 3511 1116 1127 3512
3361 6 2 11 2 1116 1127 3512 1117 1128 3513
3362 6 2 11 2 1117 1128 3513 1118 1129 3514
3363 6 2 11 2 1118 1129 3514 1119 1130 3515
3364 6 2 11 2 1119 1130 3515 1120 1131 3516
3365 6 2 11 2 1120 1131 3516 1121 1132 3517
3366 6 2 11 2 1121 1132 3517 1122 1133 3518
3367 6 2 11 2 1122 1133 3518 205 206 1174
3368 6 2 11 2 147 995 1000 1123 3453 3508
3369 6 2 11 2 1123 3453 3508 1124 3454 3509
3370 6 2 11 2 1124 3454 3509 1125 3455 3510
3371 6 2 11 2 1125 3455 3510 1126 3456 3511
3372 6 2 11 2 1126 3456 3511 1127 3457 3512
3373 6 2 11 2 1127 3457 3512 1128 3458 3513
3374 6 2 11 2 1128 3458 3513 1129 3459 3514
3375 6 2 11 2 1129 3459 3514 1130 3460 3515
3376 6 2 11 2 1130 3460 3515 1131 3461 3516
3377 6 2 11 2 1131 3461 3516 1132 3462 3517
3378 6 2 11 2 1132 3462 3517 1133 3463 3518
3379 6 2 11 2 1133 3463 3518 206 1169 1174
3380 6 2 11 2 137 136 1001 1013 1002 3519
3381 6 2 11 2 1013 1002 3519 1014 1003 3520
3382 6 2 11 2 1014 1003 3520 1015 1004 3521
3383 6 2 11 2 1015 1004 3521 1016 1005 3522
3384 6 2 11 2 1016 1005 3522 1017 1006 3523
3385 6 2 11 2 1017 1006 3523 1018 1007 3524
3386 6 2 11 2 1018 1007 3524 1019 1008 3525
3387 6 2 11 2 1019 1008 3525 1020 1009 3526
3388 6 2 11 2 1020 1009 3526 1021 1010 3527
3389 6 2 11 2 1021 1010 3527 1022 1011 3528
3390 6 2 11 2 1022 1011 3528 1023 1012 3529
3391 6 2 11 2 1023 1012 3529 174 173 1175
3392 6 2 11 2 148 994 998 1134 3442 3486
3393 6 2 11 2 1134 3442 3486 1135 3443 3487
3394 6 2 11 2 1135 3443 3487 1136 3444 3488
3395 6 2 11 2 1136 3444 3488 1137 3445 3489
3396 6 2 11 2 1137 3445 3489 1138 3446 3490
3397 6 2 11 2 1138 3446 3490 1139 3447 3491
3398 6 2 11 2 1139 3447 3491 1140 3448 3492
3399 6 2 11 2 1140 3448 3492 1141 3449 3493
3400 6 2 11 2 1141 3449 3493 1142 3450 3494
3401 6 2 11 2 1142 3450 3494 1143 3451 3495
3402 6 2 11 2 1143 3451 3495 1144 3452 3496
3403 6 2 11 2 1144 3452 3496 207 1168 1172
3404 6 2 11 2 993 148 998 3431 1134 3486
3405 6 2 11 2 3431 1134 3486 3432 1135 3487
3406 6 2 11 2 3432 1135 3487 3433 1136 3488
3407 6 2 11 2 3433 1136 3488 3434 1137 3489
3408 6 2 11 2 3434 1137 3489 3435 1138 3490
3409 6 2 11 2 3435 1138 3490 3436 1139 3491
3410 6 2 11 2 3436 1139 3491 3437 1140 3492
3411 6 2 11 2 3437 1140 3492 3438 1141 3493
3412 6 2 11 2 3438 1141 3493 3439 1142 3494
3413 6 2 11 2 3439 1142 3494 3440 1143 3495
3414 6 2 11 2 3440 1143 3495 3441 1144 3496
3415 6 2 11 2 3441 1144 3496 1167 207 1172
3416 6 2 11 2 139 138 995 1035 1024 3453
3417 6 2 11 2 1035 1024 3453 1036 1025 3454
3418 6 2 11 2 1036 1025 3454 1037 1026 3455
3419 6 2 11 2 1037 1026 3455 1038 1027 3456
3420 6 2 11 2 1038 1027 3456 1039 1028 3457
3421 6 2 11 2 1039 1028 3457 1040 1029 3458
3422 6 2 11 2 1040 1029 3458 1041 1030 3459
3423 6 2 11 2 1041 1030 3459 1042 1031 3460
3424 6 2 11 2 1042 1031 3460 1043 1032 3461
3425 6 2 11 2 1043 1032 3461 1044 1033 3462
3426 6 2 11 2 1044 1033 3462 1045 1034 3463
3427 6 2 11 2 1045 1034 3463 176 175 1169
3428 6 2 11 2 138 137 1000 1024 1013 3508
3429 6 2 11 2 1024 1013 3508 1025 1014 3509
3430 6 2 11 2 1025 1014 3509 1026 1015 3510
3431 6 2 11 2 1026 1015 3510 1027 1016 3511
3432 6 2 11 2 1027 1016 3511 1028 1017 3512
3433 6 2 11 2 1028 1017 3512 1029 1018 3513
3434 6 2 11 2 1029 1018 3513 1030 1019 3514
3435 6 2 11 2 1030 1019 3514 1031 1020 3515
3436 6 2 11 2 1031 1020 3515 1032 1021 3516
3437 6 2 11 2 1032 1021 3516 1033 1022 3517
3438 6 2 11 2 1033 1022 3517 1034 1023 3518
3439 6 2 11 2 1034 1023 3518 175 174 1174
3440 6 2 11 2 141 140 998 1057 1046 3486
3441 6 2 11 2 1057 1046 3486 1058 1047 3487
3442 6 2 11 2 1058 1047 3487 1059 1048 3488
3443 6 2 11 2 1059 1048 3488 1060 1049 3489
3444 6 2 11 2 1060 1049 3489 1061 1050 3490
3445 6 2 11 2 1061 1050 3490 1062 1051 3491
3446 6 2 11 2 1062 1051 3491 1063 1052 3492
3447 6 2 11 2 1063 1052 3492 1064 1053 3493
3448 6 2 11 2 1064 1053 3493 1065 1054 3494
3449 6 2 11 2 1065 1054 3494 1066 1055 3495
3450 6 2 11 2 1066 1055 3495 1067 1056 3496
3451 6 2 11 2 1067 1056 3496 178 177 1172
3452 6 2 11 2 994 149 996 3442 1145 3464
3453 6 2 11 2 3442 1145 3464 3443 1146 3465
3454 6 2 11 2 3443 1146 3465 3444 1147 3466
3455 6 2 11 2 3444 1147 3466 3445 1148 3467
3456 6 2 11 2 3445 1148 3467 3446 1149 3468
3457 6 2 11 2 3446 1149 3468 3447 1150 3469
3458 6 2 11 2 3447 1150 3469 3448 1151 3470
3459 6 2 11 2 3448 1151 3470 3449 1152 3471
3460 6 2 11 2 3449 1152 3471 3450 1153 3472
3461 6 2 11 2 3450 1153 3472 3451 1154 3473
3462 6 2 11 2 3451 1154 3473 3452 1155 3474
3463 6 2 11 2 3452 1155 3474 1168 208 1170
3464 6 2 11 2 145 144 999 1101 1090 3497
3465 6 2 11 2 1101 1090 3497 1102 1091 3498
3466 6 2 11 2 1102 1091 3498 1103 1092 3499
3467 6 2 11 2 1103 1092 3499 1104 1093 3500
3468 6 2 11 2 1104 1093 3500 1105 1094 3501
3469 6 2 11 2 1105 1094 3501 1106 1095 3502
3470 6 2 11 2 1106 1095 3502 1107 1096 3503
3471 6 2 11 2 1107 1096 3503 1108 1097 3504
3472 6 2 11 2 1108 1097 3504 1109 1098 3505
3473 6 2 11 2 1109 1098 3505 1110 1099 3506
3474 6 2 11 2 1110 1099 3506 1111 1100 3507
3475 6 2 11 2 1111 1100 3507 182 181 1173
3476 6 2 11 2 147 993 995 1123 3431 3453
3477 6 2 11 2 1123 3431 3453 1124 3432 3454
3478 6 2 11 2 1124 3432 3454 1125 3433 3455
3479 6 2 11 2 1125 3433 3455 1126 3434 3456
3480 6 2 11 2 1126 3434 3456 1127 3435 3457
3481 6 2 11 2 1127 3435 3457 1128 3436 3458
3482 6 2 11 2 1128 3436 3458 1129 3437 3459
3483 6 2 11 2 1129 3437 3459 1130 3438 3460
3484 6 2 11 2 1130 3438 3460 1131 3439 3461
3485 6 2 11 2 1131 3439 3461 1132 3440 3462
3486 6 2 11 2 1132 3440 3462 1133 3441 3463
3487 6 2 11 2 1133 3441 3463 206 1167 1169
3488 6 2 11 2 143 142 996 1079 1068 3464
3489 6 2 11 2 1079 1068 3464 1080 1069 3465
3490 6 2 11 2 1080 1069 3465 1081 1070 3466
3491 6 2 11 2 1081 1070 3466 1082 1071 3467
3492 6 2 11 2 1082 1071 3467 1083 1072 3468
3493 6 2 11 2 1083 1072 3468 1084 1073 3469
3494 6 2 11 2 1084 1073 3469 1085 1074 3470
3495 6 2 11 2 1085 1074 3470 1086 1075 3471
3496 6 2 11 2 1086 1075 3471 1087 1076 3472
3497 6 2 11 2 1087 1076 3472 1088 1077 3473
3498 6 2 11 2 1088 1077 3473 1089 1078 3474
3499 6 2 11 2 1089 1078 3474 180 179 1170
3500 6 2 11 2 140 139 993 1046 1035 3431
3501 6 2 11 2 1046 1035 3431 1047 1036 3432
3502 6 2 11 2 1047 1036 3432 1048 1037 3433
3503 6 2 11 2 1048 1037 3433 1049 1038 3434
3504 6 2 11 2 1049 1038 3434 1050 1039 3435
3505 6 2 11 2 1050 1039 3435 1051 1040 3436
3506 6 2 11 2 1051 1040 3436 1052 1041 3437
3507 6 2 11 2 1052 1041 3437 1053 1042 3438
3508 6 2 11 2 1053 1042 3438 1054 1043 3439
3509 6 2 11 2 1054 1043 3439 1055 1044 3440
3510 6 2 11 2 1055 1044 3440 1056 1045 3441
3511 6 2 11 2 1056 1045 3441 177 176 1167
3512 6 2 11 2 142 141 994 1068 1057 3442
3513 6 2 11 2 1068 1057 3442 1069 1058 3443
3514 6 2 11 2 1069 1058 3443 1070 1059 3444
3515 6 2 11 2 1070 1059 3444 1071 1060 3445
3516 6 2 11 2 1071 1060 3445 1072 1061 3446
3517 6 2 11 2 1072 1061 3446 1073 1062 3447
3518 6 2 11 2 1073 1062 3447 1074 1063 3448
3519 6 2 11 2 1074 1063 3448 1075 1064 3449
3520 6 2 11 2 1075 1064 3449 1076 1065 3450
3521 6 2 11 2 1076 1065 3450 1077 1066 3451
3522 6 2 11 2 1077 1066 3451 1078 1067 3452
3523 6 2 11 2 1078 1067 3452 179 178 1168
3524 6 2 11 2 144 143 997 1090 1079 3475
3525 6 2 11 2 1090 1079 3475 1091 1080 3476
3526 6 2 11 2 1091 1080 3476 1092 1081 3477
3527 6 2 11 2 1092 1081 3477 1093 1082 3478
3528 6 2 11 2 1093 1082 3478 1094 1083 3479
3529 6 2 11 2 1094 1083 3479 1095 1084 3480
3530 6 2 11 2 1095 1084 3480 1096 1085 3481
3531 6 2 11 2 1096 1085 3481 1097 1086 3482
3532 6 2 11 2 1097 1086 3482 1098 1087 3483
3533 6 2 11 2 1098 1087 3483 1099 1088 3484
3534 6 2 11 2 1099 1088 3484 1100 1089 3485
3535 6 2 11 2 1100 1089 3485 181 180 1171
3536 6 2 11 2 997 150 999 3475 1156 3497
3537 6 2 11 2 3475 1156 3497 3476 1157 3498
3538 6 2 11 2 3476 1157 3498 3477 1158 3499
3539 6 2 11 2 3477 1158 3499 3478 1159 3500
3540 6 2 11 2 3478 1159 3500 3479 1160 3501
3541 6 2 11 2 3479 1160 3501 3480 1161 3502
3542 6 2 11 2 3480 1161 3502 3481 1162 3503
3543 6 2 11 2 3481 1162 3503 3482 1163 3504
3544 6 2 11 2 3482 1163 3504 3483 1164 3505
3545 6 2 11 2 3483 1164 3505 3484 1165 3506
3546 6 2 11 2 3484 1165 3506 3485 1166 3507
3547 6 2 11 2 3485 1166 3507 1171 209 1173
3548 6 2 11 2 1000 137 1001 3508 1013 3519
3549 6 2 11 2 3508 1013 3519 3509 1014 3520
3550 6 2 11 2 3509 1014 3520 3510 1015 3521
3551 6 2 11 2 3510 1015 3521 3511 1016 3522
3552 6 2 11 2 3511 1016 3522 3512 1017 3523
3553 6 2 11 2 3512 1017 3523 3513 1018 3524
3554 6 2 11 2 3513 1018 3524 3514 1019 3525
3555 6 2 11 2 3514 1019 3525 3515 1020 3526
3556 6 2 11 2 3515 1020 3526 3516 1021 3527
3557 6 2 11 2 3516 1021 3527 3517 1022 3528
3558 6 2 11 2 3517 1022 3528 3518 1023 3529
3559 6 2 11 2 3518 1023 3529 1174 174 1175
3560 6 2 11 2 995 138 1000 3453 1024 3508
3561 6 2 11 2 3453 1024 3508 3454 1025 3509
3562 6 2 11 2 3454 1025 3509 3455 1026 3510
3563 6 2 11 2 3455 1026 3510 3456 1027 3511
3564 6 2 11 2 3456 1027 3511 3457 1028 3512
3565 6 2 11 2 3457 1028 3512 3458 1029 3513
3566 6 2 11 2 3458 1029 3513 3459 1030 3514
3567 6 2 11 2 3459 1030 3514 3460 1031 3515
3568 6 2 11 2 3460 1031 3515 3461 1032 3516
3569 6 2 11 2 3461 1032 3516 3462 1033 3517
3570 6 2 11 2 3462 1033 3517 3463 1034 3518
3571 6 2 11 2 3463 1034 3518 1169 175 1174
3572 6 2 11 2 993 139 995 3431 1035 3453
3573 6 2 11 2 3431 1035 3453 3432 1036 3454
3574 6 2 11 2 3432 1036 3454 3433 1037 3455
3575 6 2 11 2 3433 1037 3455 3434 1038 3456
3576 6 2 11 2 3434 1038 3456 3435 1039 3457
3577 6 2 11 2 3435 1039 3457 3436 1040 3458
3578 6 2 11 2 3436 1040 3458 3437 1041 3459
3579 6 2 11 2 3437 1041 3459 3438 1042 3460
3580 6 2 11 2 3438 1042 3460 3439 1043 3461
3581 6 2 11 2 3439 1043 3461 3440 1044 3462
3582 6 2 11 2 3440 1044 3462 3441 1045 3463
3583 6 2 11 2 3441 1045 3463 1167 176 1169
3584 6 2 11 2 140 993 998 1046 3431 3486
3585 6 2 11 2 1046 3431 3486 1047 3432 3487
3586 6 2 11 2 1047 3432 3487 1048 3433 3488
3587 6 2 11 2 1048 3433 3488 1049 3434 3489
3588 6 2 11 2 1049 3434 3489 1050 3435 3490
3589 6 2 11 2 1050 3435 3490 1051 3436 3491
3590 6 2 11 2 1051 3436 3491 1052 3437 3492
3591 6 2 11 2 1052 3437 3492 1053 3438 3493
3592 6 2 11 2 1053 3438 3493 1054 3439 3494
3593 6 2 11 2 1054 3439 3494 1055 3440 3495
3594 6 2 11 2 1055 3440 3495 1056 3441 3496
3595 6 2 11 2 1056 3441 3496 177 1167 1172
3596 6 2 11 2 994 141 998 3442 1057 3486
3597 6 2 11 2 3442 1057 3486 3443 1058 3487
3598 6 2 11 2 3443 1058 3487 3444 1059 3488
3599 6 2 11 2 3444 1059 3488 3445 1060 3489
3600 6 2 11 2 3445 1060 3489 3446 1061 3490
3601 6 2 11 2 3446 1061 3490 3447 1062 3491
3602 6 2 11 2 3447 1062 3491 3448 1063 3492
3603 6 2 11 2 3448 1063 3492 3449 1064 3493
3604 6 2 11 2 3449 1064 3493 3450 1065 3494
3605 6 2 11 2 3450 1065 3494 3451 1066 3495
3606 6 2 11 2 3451 1066 3495 3452 1067 3496
3607 6 2 11 2 3452 1067 3496 1168 178 1172
3608 6 2 11 2 144 997 999 1090 3475 3497
3609 6 2 11 2 1090 3475 3497 1091 3476 3498
3610 6 2 11 2 1091 3476 3498 1092 3477 3499
3611 6 2 11 2 1092 3477 3499 1093 3478 3500
3612 6 2 11 2 1093 3478 3500 1094 3479 3501
3613 6 2 11 2 1094 3479 3501 1095 3480 3502
3614 6 2 11 2 1095 3480 3502 1096 3481 3503
3615 6 2 11 2 1096 3481 3503 1097 3482 3504
3616 6 2 11 2 1097 3482 3504 1098 3483 3505
3617 6 2 11 2 1098 3483 3505 1099 3484 3506
3618 6 2 11 2 1099 3484 3506 1100 3485 3507
3619 6 2 11 2 1100 3485 3507 181 1171 1173
3620 6 2 11 2 142 994 996 1068 3442 3464
3621 6 2 11 2 1068 3442 3464 1069 3443 3465
3622 6 2 11 2 1069 3443 3465 1070 3444 3466
3623 6 2 11 2 1070 3444 3466 1071 3445 3467
3624 6 2 11 2 1071 3445 3467 1072 3446 3468
3625 6 2 11 2 1072 3446 3468 1073 3447 3469
3626 6 2 11 2 1073 3447 3469 1074 3448 3470
3627 6 2 11 2 1074 3448 3470 1075 3449 3471
3628 6 2 11 2 1075 3449 3471 1076 3450 3472
3629 6 2 11 2 1076 3450 3472 1077 3451 3473
3630 6 2 11 2 1077 3451 3473 1078 3452 3474
3631 6 2 11 2 1078 3452 3474 179 1168 1170
3632 6 2 11 2 143 996 997 1079 3464 3475
3633 6 2 11 2 1079 3464 3475 1080 3465 3476
3634 6 2 11 2 1080 3465 3476 1081 3466 3477
3635 6 2 11 2 1081 3466 3477 1082 3467 3478
3636 6 2 11 2 1082 3467 3478 1083 3468 3479
3637 6 2 11 2 1083 3468 3479 1084 3469 3480
3638 6 2 11 2 1084 3469 3480 1085 3470 3481
3639 6 2 11 2 1085 3470 3481 1086 3471 3482
3640 6 2 11 2 1086 3471 3482 1087 3472 3483
3641 6 2 11 2 1087 3472 3483 1088 3473 3484
3642 6 2 11 2 1088 3473 3484 1089 3474 3485
3643 6 2 11 2 1089 3474 3485 180 1170 1171
3644 6 2 11 2 146 1000 1001 1112 3508 3519
3645 6 2 11 2 1112 3508 3519 1113 3509 3520
3646 6 2 11 2 1113 3509 3520 1114 3510 3521
3647 6 2 11 2 1114 3510 3521 1115 3511 3522
3648 6 2 11 2 1115 3511 3522 1116 3512 3523
3649 6 2 11 2 1116 3512 3523 1117 3513 3524
3650 6 2 11 2 1117 3513 3524 1118 3514 3525
3651 6 2 11 2 1118 3514 3525 1119 3515 3526
3652 6 2 11 2 1119 3515 3526 1120 3516 3527
3653 6 2 11 2 1120 3516 3527 1121 3517 3528
3654 6 2 11 2 1121 3517 3528 1122 3518 3529
3655 6 2 11 2 1122 3518 3529 205 1174 1175
3656 6 2 11 2 5 7 1001 151 194 3519
3657 6 2 11 2 151 194 3519 152 195 3520
3658 6 2 11 2 152 195 3520 153 196 3521
3659 6 2 11 2 153 196 3521 154 197 3522
3660 6 2 11 2 154 197 3522 155 198 3523
3661 6 2 11 2 155 198 3523 156 199 3524
3662 6 2 11 2 156 199 3524 157 200 3525
3663 6 2 11 2 157 200 3525 158 201 3526
3664 6 2 11 2 158 201 3526 159 202 3527
3665 6 2 11 2 159 202 3527 160 203 3528
3666 6 2 11 2 160 203 3528 161 204 3529
3667 6 2 11 2 161 204 3529 16 19 1175
3668 6 2 11 2 136 5 1001 1002 151 3519
3669 6 2 11 2 1002 151 3519 1003 152 3520
3670 6 2 11 2 1003 152 3520 1004 153 3521
3671 6 2 11 2 1004 153 3521 1005 154 3522
3672 6 2 11 2 1005 154 3522 1006 155 3523
3673 6 2 11 2 1006 155 3523 1007 156 3524
3674 6 2 11 2 1007 156 3524 1008 157 3525
3675 6 2 11 2 1008 157 3525 1009 158 3526
3676 6 2 11 2 1009 158 3526 1010 159 3527
3677 6 2 11 2 1010 159 3527 1011 160 3528
3678 6 2 11 2 1011 160 3528 1012 161 3529
3679 6 2 11 2 1012 161 3529 173 16 1175
3680 6 2 11 2 8 6 999 183 162 3497
3681 6 2 11 2 183 162 3497 184 163 3498
3682 6 2 11 2 184 163 3498 185 164 3499
3683 6 2 11 2 185 164 3499 186 165 3500
3684 6 2 11 2 186 165 3500 187 166 3501
3685 6 2 11 2 187 166 3501 188 167 3502
3686 6 2 11 2 188 167 3502 189 168 3503
3687 6 2 11 2 189 168 3503 190 169 3504
3688 6 2 11 2 190 169 3504 191 170 3505
3689 6 2 11 2 191 170 3505 192 171 3506
3690 6 2 11 2 192 171 3506 193 172 3507
3691 6 2 11 2 193 172 3507 18 17 1173
3692 6 2 11 2 6 145 999 162 1101 3497
3693 6 2 11 2 162 1101 3497 163 1102 3498
3694 6 2 11 2 163 1102 3498 164 1103 3499
3695 6 2 11 2 164 1103 3499 165 1104 3500
3696 6 2 11 2 165 1104 3500 166 1105 3501
3697 6 2 11 2 166 1105 3501 167 1106 3502
3698 6 2 11 2 167 1106 3502 168 1107 3503
3699 6 2 11 2 168 1107 3503 169 1108 3504
3700 6 2 11 2 169 1108 3504 170 1109 3505
3701 6 2 11 2 170 1109 3505 171 1110 3506
3702 6 2 11 2 171 1110 3506 172 1111 3507
3703 6 2 11 2 172 1111 3507 17 182 1173
3704 6 2 12 3 1207 1177 1212 3871 3541 3926
3705 6 2 12 3 3871 3541 3926 3872 3542 3927
3706 6 2 12 3 3872 3542 3927 3873 3543 3928
3707 6 2 12 3 3873 3543 3928 3874 3544 3929
3708 6 2 12 3 3874 3544 3929 3875 3545 3930
3709 6 2 12 3 3875 3545 3930 3876 3546 3931
3710 6 2 12 3 3876 3546 3931 3877 3547 3932
3711 6 2 12 3 3877 3547 3932 3878 3548 3933
3712 6 2 12 3 3878 3548 3933 3879 3549 3934
3713 6 2 12 3 3879 3549 3934 3880 3550 3935
3714 6 2 12 3 3880 3550 3935 3881 3551 3936
3715 6 2 12 3 3881 3551 3936 1574 1544 1579
3716 6 2 12 3 1182 1188 1216 3596 3662 3970
3717 6 2 12 3 3596 3662 3970 3597 3663 3971
3718 6 2 12 3 3597 3663 3971 3598 3664 3972
3719 6 2 12 3 3598 3664 3972 3599 3665 3973
3720 6 2 12 3 3599 3665 3973 3600 3666 3974
3721 6 2 12 3 3600 3666 3974 3601 3667 3975
3722 6 2 12 3 3601 3667 3975 3602 3668 3976
3723 6 2 12 3 3602 3668 3976 3603 3669 3977
3724 6 2 12 3 3603 3669 3977 3604 3670 3978
3725 6 2 12 3 3604 3670 3978 3605 3671 3979
3726 6 2 12 3 3605 3671 3979 3606 3672 3980
3727 6 2 12 3 3606 3672 3980 1549 1555 1583
3728 6 2 12 3 1189 1194 1199 3673 3728 3783
3729 6 2 12 3 3673 3728 3783 3674 3729 3784
3730 6 2 12 3 3674 3729 3784 3675 3730 3785
3731 6 2 12 3 3675 3730 3785 3676 3731 3786
3732 6 2 12 3 3676 3731 3786 3677 3732 3787
3733 6 2 12 3 3677 3732 3787 3678 3733 3788
3734 6 2 12 3 3678 3733 3788 3679 3734 3789
3735 6 2 12 3 3679 3734 3789 3680 3735 3790
3736 6 2 12 3 3680 3735 3790 3681 3736 3791
3737 6 2 12 3 3681 3736 3791 3682 3737 3792
3738 6 2 12 3 3682 3737 3792 3683 3738 3793
3739 6 2 12 3 3683 3738 3793 1556 1561 1566
3740 6 2 12 3 1200 1186 1212 3794 3640 3926
3741 6 2 12 3 3794 3640 3926 3795 3641 3927
3742 6 2 12 3 3795 3641 3927 3796 3642 3928
3743 6 2 12 3 3796 3642 3928 3797 3643 3929
3744 6 2 12 3 3797 3643 3929 3798 3644 3930
3745 6 2 12 3 3798 3644 3930 3799 3645 3931
3746 6 2 12 3 3799 3645 3931 3800 3646 3932
3747 6 2 12 3 3800 3646 3932 3801 3647 3933
3748 6 2 12 3 3801 3647 3933 3802 3648 3934
3749 6 2 12 3 3802 3648 3934 3803 3649 3935
3750 6 2 12 3 3803 3649 3935 3804 3650 3936
3751 6 2 12 3 3804 3650 3936 1567 1553 1579
3752 6 2 12 3 1185 145 1200 3629 1356 3794
3753 6 2 12 3 3629 1356 3794 3630 1357 3795
3754 6 2 12 3 3630 1357 3795 3631 1358 3796
3755 6 2 12 3 3631 1358 3796 3632 1359 3797
3756 6 2 12 3 3632 1359 3797 3633 1360 3798
3757 6 2 12 3 3633 1360 3798 3634 1361 3799
3758 6 2 12 3 3634 1361 3799 3635 1362 3800
3759 6 2 12 3 3635 1362 3800 3636 1363 3801
3760 6 2 12 3 3636 1363 3801 3637 1364 3802
3761 6 2 12 3 3637 1364 3802 3638 1365 3803
3762 6 2 12 3 3638 1365 3803 3639 1366 3804
3763 6 2 12 3 3639 1366 3804 1552 263 1567
3764 6 2 12 3 1188 1182 1194 3662 3596 3728
3765 6 2 12 3 3662 3596 3728 3663 3597 3729
3766 6 2 12 3 3663 3597 3729 3664 3598 3730
3767 6 2 12 3 3664 3598 3730 3665 3599 3731
3768 6 2 12 3 3665 3599 3731 3666 3600 3732
3769 6 2 12 3 3666 3600 3732 3667 3601 3733
3770 6 2 12 3 3667 3601 3733 3668 3602 3734
3771 6 2 12 3 3668 3602 3734 3669 3603 3735
3772 6 2 12 3 3669 3603 3735 3670 3604 3736
3773 6 2 12 3 3670 3604 3736 3671 3605 3737
3774 6 2 12 3 3671 3605 3737 3672 3606 3738
3775 6 2 12 3 3672 3606 3738 1555 1549 1561
3776 6 2 12 3 1182 142 1194 3596 1323 3728
3777 6 2 12 3 3596 1323 3728 3597 1324 3729
3778 6 2 12 3 3597 1324 3729 3598 1325 3730
3779 6 2 12 3 3598 1325 3730 3599 1326 3731
3780 6 2 12 3 3599 1326 3731 3600 1327 3732
3781 6 2 12 3 3600 1327 3732 3601 1328 3733
3782 6 2 12 3 3601 1328 3733 3602 1329 3734
3783 6 2 12 3 3602 1329 3734 3603 1330 3735
3784 6 2 12 3 3603 1330 3735 3604 1331 3736
3785 6 2 12 3 3604 1331 3736 3605 1332 3737
3786 6 2 12 3 3605 1332 3737 3606 1333 3738
3787 6 2 12 3 3606 1333 3738 1549 260 1561
3788 6 2 12 3 1189 1199 1213 3673 3783 3937
3789 6 2 12 3 3673 3783 3937 3674 3784 3938
3790 6 2 12 3 3674 3784 3938 3675 3785 3939
3791 6 2 12 3 3675 3785 3939 3676 3786 3940
3792 6 2 12 3 3676 3786 3940 3677 3787 3941
3793 6 2 12 3 3677 3787 3941 3678 3788 3942
3794 6 2 12 3 3678 3788 3942 3679 3789 3943
3795 6 2 12 3 3679 3789 3943 3680 3790 3944
3796 6 2 12 3 3680 3790 3944 3681 3791 3945
3797 6 2 12 3 3681 3791 3945 3682 3792 3946
3798 6 2 12 3 3682 3792 3946 3683 3793 3947
3799 6 2 12 3 3683 3793 3947 1556 1566 1580
3800 6 2 12 3 1207 1186 1218 3871 3640 3992
3801 6 2 12 3 3871 3640 3992 3872 3641 3993
3802 6 2 12 3 3872 3641 3993 3873 3642 3994
3803 6 2 12 3 3873 3642 3994 3874 3643 3995
3804 6 2 12 3 3874 3643 3995 3875 3644 3996
3805 6 2 12 3 3875 3644 3996 3876 3645 3997
3806 6 2 12 3 3876 3645 3997 3877 3646 3998
3807 6 2 12 3 3877 3646 3998 3878 3647 3999
3808 6 2 12 3 3878 3647 3999 3879 3648 4000
3809 6 2 12 3 3879 3648 4000 3880 3649 4001
3810 6 2 12 3 3880 3649 4001 3881 3650 4002
3811 6 2 12 3 3881 3650 4002 1574 1553 1585
3812 6 2 12 3 1198 1180 1201 3772 3574 3805
3813 6 2 12 3 3772 3574 3805 3773 3575 3806
3814 6 2 12 3 3773 3575 3806 3774 3576 3807
3815 6 2 12 3 3774 3576 3807 3775 3577 3808
3816 6 2 12 3 3775 3577 3808 3776 3578 3809
3817 6 2 12 3 3776 3578 3809 3777 3579 3810
3818 6 2 12 3 3777 3579 3810 3778 3580 3811
3819 6 2 12 3 3778 3580 3811 3779 3581 3812
3820 6 2 12 3 3779 3581 3812 3780 3582 3813
3821 6 2 12 3 3780 3582 3813 3781 3583 3814
3822 6 2 12 3 3781 3583 3814 3782 3584 3815
3823 6 2 12 3 3782 3584 3815 1565 1547 1568
3824 6 2 12 3 1181 1193 1196 3585 3717 3750
3825 6 2 12 3 3585 3717 3750 3586 3718 3751
3826 6 2 12 3 3586 3718 3751 3587 3719 3752
3827 6 2 12 3 3587 3719 3752 3588 3720 3753
3828 6 2 12 3 3588 3720 3753 3589 3721 3754
3829 6 2 12 3 3589 3721 3754 3590 3722 3755
3830 6 2 12 3 3590 3722 3755 3591 3723 3756
3831 6 2 12 3 3591 3723 3756 3592 3724 3757
3832 6 2 12 3 3592 3724 3757 3593 3725 3758
3833 6 2 12 3 3593 3725 3758 3594 3726 3759
3834 6 2 12 3 3594 3726 3759 3595 3727 3760
3835 6 2 12 3 3595 3727 3760 1548 1560 1563
3836 6 2 12 3 1194 143 1199 3728 1334 3783
3837 6 2 12 3 3728 1334 3783 3729 1335 3784
3838 6 2 12 3 3729 1335 3784 3730 1336 3785
3839 6 2 12 3 3730 1336 3785 3731 1337 3786
3840 6 2 12 3 3731 1337 3786 3732 1338 3787
3841 6 2 12 3 3732 1338 3787 3733 1339 3788
3842 6 2 12 3 3733 1339 3788 3734 1340 3789
3843 6 2 12 3 3734 1340 3789 3735 1341 3790
3844 6 2 12 3 3735 1341 3790 3736 1342 3791
3845 6 2 12 3 3736 1342 3791 3737 1343 3792
3846 6 2 12 3 3737 1343 3792 3738 1344 3793
3847 6 2 12 3 3738 1344 3793 1561 261 1566
3848 6 2 12 3 1186 1207 1212 3640 3871 3926
3849 6 2 12 3 3640 3871 3926 3641 3872 3927
3850 6 2 12 3 3641 3872 3927 3642 3873 3928
3851 6 2 12 3 3642 3873 3928 3643 3874 3929
3852 6 2 12 3 3643 3874 3929 3644 3875 3930
3853 6 2 12 3 3644 3875 3930 3645 3876 3931
3854 6 2 12 3 3645 3876 3931 3646 3877 3932
3855 6 2 12 3 3646 3877 3932 3647 3878 3933
3856 6 2 12 3 3647 3878 3933 3648 3879 3934
3857 6 2 12 3 3648 3879 3934 3649 3880 3935
3858 6 2 12 3 3649 3880 3935 3650 3881 3936
3859 6 2 12 3 3650 3881 3936 1553 1574 1579
3860 6 2 12 3 215 2 1218 1224 218 3992
3861 6 2 12 3 1224 218 3992 1225 219 3993
3862 6 2 12 3 1225 219 3993 1226 220 3994
3863 6 2 12 3 1226 220 3994 1227 221 3995
3864 6 2 12 3 1227 221 3995 1228 222 3996
3865 6 2 12 3 1228 222 3996 1229 223 3997
3866 6 2 12 3 1229 223 3997 1230 224 3998
3867 6 2 12 3 1230 224 3998 1231 225 3999
3868 6 2 12 3 1231 225 3999 1232 226 4000
3869 6 2 12 3 1232 226 4000 1233 227 4001
3870 6 2 12 3 1233 227 4001 1234 228 4002
3871 6 2 12 3 1234 228 4002 240 20 1585
3872 6 2 12 3 1176 1195 1205 3530 3739 3849
3873 6 2 12 3 3530 3739 3849 3531 3740 3850
3874 6 2 12 3 3531 3740 3850 3532 3741 3851
3875 6 2 12 3 3532 3741 3851 3533 3742 3852
3876 6 2 12 3 3533 3742 3852 3534 3743 3853
3877 6 2 12 3 3534 3743 3853 3535 3744 3854
3878 6 2 12 3 3535 3744 3854 3536 3745 3855
3879 6 2 12 3 3536 3745 3855 3537 3746 3856
3880 6 2 12 3 3537 3746 3856 3538 3747 3857
3881 6 2 12 3 3538 3747 3857 3539 3748 3858
3882 6 2 12 3 3539 3748 3858 3540 3749 3859
3883 6 2 12 3 3540 3749 3859 1543 1562 1572
3884 6 2 12 3 1182 1190 1214 3596 3684 3948
3885 6 2 12 3 3596 3684 3948 3597 3685 3949
3886 6 2 12 3 3597 3685 3949 3598 3686 3950
3887 6 2 12 3 3598 3686 3950 3599 3687 3951
3888 6 2 12 3 3599 3687 3951 3600 3688 3952
3889 6 2 12 3 3600 3688 3952 3601 3689 3953
3890 6 2 12 3 3601 3689 3953 3602 3690 3954
3891 6 2 12 3 3602 3690 3954 3603 3691 3955
3892 6 2 12 3 3603 3691 3955 3604 3692 3956
3893 6 2 12 3 3604 3692 3956 3605 3693 3957
3894 6 2 12 3 3605 3693 3957 3606 3694 3958
3895 6 2 12 3 3606 3694 3958 1549 1557 1581
3896 6 2 12 3 1185 1200 1212 3629 3794 3926
3897 6 2 12 3 3629 3794 3926 3630 3795 3927
3898 6 2 12 3 3630 3795 3927 3631 3796 3928
3899 6 2 12 3 3631 3796 3928 3632 3797 3929
3900 6 2 12 3 3632 3797 3929 3633 3798 3930
3901 6 2 12 3 3633 3798 3930 3634 3799 3931
3902 6 2 12 3 3634 3799 3931 3635 3800 3932
3903 6 2 12 3 3635 3800 3932 3636 3801 3933
3904 6 2 12 3 3636 3801 3933 3637 3802 3934
3905 6 2 12 3 3637 3802 3934 3638 3803 3935
3906 6 2 12 3 3638 3803 3935 3639 3804 3936
3907 6 2 12 3 3639 3804 3936 1552 1567 1579
3908 6 2 12 3 3 59 1187 280 1422 3651
3909 6 2 12 3 280 1422 3651 281 1423 3652
3910 6 2 12 3 281 1423 3652 282 1424 3653
3911 6 2 12 3 282 1424 3653 283 1425 3654
3912 6 2 12 3 283 1425 3654 284 1426 3655
3913 6 2 12 3 284 1426 3655 285 1427 3656
3914 6 2 12 3 285 1427 3656 286 1428 3657
3915 6 2 12 3 286 1428 3657 287 1429 3658
3916 6 2 12 3 287 1429 3658 288 1430 3659
3917 6 2 12 3 288 1430 3659 289 1431 3660
3918 6 2 12 3 289 1431 3660 290 1432 3661
3919 6 2 12 3 290 1432 3661 24 291 1554
3920 6 2 12 3 1195 1191 1205 3739 3695 3849
3921 6 2 12 3 3739 3695 3849 3740 3696 3850
3922 6 2 12 3 3740 3696 3850 3741 3697 3851
3923 6 2 12 3 3741 3697 3851 3742 3698 3852
3924 6 2 12 3 3742 3698 3852 3743 3699 3853
3925 6 2 12 3 3743 3699 3853 3744 3700 3854
3926 6 2 12 3 3744 3700 3854 3745 3701 3855
3927 6 2 12 3 3745 3701 3855 3746 3702 3856
3928 6 2 12 3 3746 3702 3856 3747 3703 3857
3929 6 2 12 3 3747 3703 3857 3748 3704 3858
3930 6 2 12 3 3748 3704 3858 3749 3705 3859
3931 6 2 12 3 3749 3705 3859 1562 1558 1572
3932 6 2 12 3 142 143 1194 1323 1334 3728
3933 6 2 12 3 1323 1334 3728 1324 1335 3729
3934 6 2 12 3 1324 1335 3729 1325 1336 3730
3935 6 2 12 3 1325 1336 3730 1326 1337 3731
3936 6 2 12 3 1326 1337 3731 1327 1338 3732
3937 6 2 12 3 1327 1338 3732 1328 1339 3733
3938 6 2 12 3 1328 1339 3733 1329 1340 3734
3939 6 2 12 3 1329 1340 3734 1330 1341 3735
3940 6 2 12 3 1330 1341 3735 1331 1342 3736
3941 6 2 12 3 1331 1342 3736 1332 1343 3737
3942 6 2 12 3 1332 1343 3737 1333 1344 3738
3943 6 2 12 3 1333 1344 3738 260 261 1561
3944 6 2 12 3 144 145 1185 1345 1356 3629
3945 6 2 12 3 1345 1356 3629 1346 1357 3630
3946 6 2 12 3 1346 1357 3630 1347 1358 3631
3947 6 2 12 3 1347 1358 3631 1348 1359 3632
3948 6 2 12 3 1348 1359 3632 1349 1360 3633
3949 6 2 12 3 1349 1360 3633 1350 1361 3634
3950 6 2 12 3 1350 1361 3634 1351 1362 3635
3951 6 2 12 3 1351 1362 3635 1352 1363 3636
3952 6 2 12 3 1352 1363 3636 1353 1364 3637
3953 6 2 12 3 1353 1364 3637 1354 1365 3638
3954 6 2 12 3 1354 1365 3638 1355 1366 3639
3955 6 2 12 3 1355 1366 3639 262 263 1552
3956 6 2 12 3 141 142 1182 1312 1323 3596
3957 6 2 12 3 1312 1323 3596 1313 1324 3597
3958 6 2 12 3 1313 1324 3597 1314 1325 3598
3959 6 2 12 3 1314 1325 3598 1315 1326 3599
3960 6 2 12 3 1315 1326 3599 1316 1327 3600
3961 6 2 12 3 1316 1327 3600 1317 1328 3601
3962 6 2 12 3 1317 1328 3601 1318 1329 3602
3963 6 2 12 3 1318 1329 3602 1319 1330 3603
3964 6 2 12 3 1319 1330 3603 1320 1331 3604
3965 6 2 12 3 1320 1331 3604 1321 1332 3605
3966 6 2 12 3 1321 1332 3605 1322 1333 3606
3967 6 2 12 3 1322 1333 3606 259 260 1549
3968 6 2 12 3 1192 1202 1214 3706 3816 3948
3969 6 2 12 3 3706 3816 3948 3707 3817 3949
3970 6 2 12 3 3707 3817 3949 3708 3818 3950
3971 6 2 12 3 3708 3818 3950 3709 3819 3951
3972 6 2 12 3 3709 3819 3951 3710 3820 3952
3973 6 2 12 3 3710 3820 3952 3711 3821 3953
3974 6 2 12 3 3711 3821 3953 3712 3822 3954
3975 6 2 12 3 3712 3822 3954 3713 3823 3955
3976 6 2 12 3 3713 3823 3955 3714 3824 3956
3977 6 2 12 3 3714 3824 3956 3715 3825 3957
3978 6 2 12 3 3715 3825 3957 3716 3826 3958
3979 6 2 12 3 3716 3826 3958 1559 1569 1581
3980 6 2 12 3 1190 1192 1214 3684 3706 3948
3981 6 2 12 3 3684 3706 3948 3685 3707 3949
3982 6 2 12 3 3685 3707 3949 3686 3708 3950
3983 6 2 12 3 3686 3708 3950 3687 3709 3951
3984 6 2 12 3 3687 3709 3951 3688 3710 3952
3985 6 2 12 3 3688 3710 3952 3689 3711 3953
3986 6 2 12 3 3689 3711 3953 3690 3712 3954
3987 6 2 12 3 3690 3712 3954 3691 3713 3955
3988 6 2 12 3 3691 3713 3955 3692 3714 3956
3989 6 2 12 3 3692 3714 3956 3693 3715 3957
3990 6 2 12 3 3693 3715 3957 3694 3716 3958
3991 6 2 12 3 3694 3716 3958 1557 1559 1581
3992 6 2 12 3 1202 140 1214 3816 1301 3948
3993 6 2 12 3 3816 1301 3948 3817 1302 3949
3994 6 2 12 3 3817 1302 3949 3818 1303 3950
3995 6 2 12 3 3818 1303 3950 3819 1304 3951
3996 6 2 12 3 3819 1304 3951 3820 1305 3952
3997 6 2 12 3 3820 1305 3952 3821 1306 3953
3998 6 2 12 3 3821 1306 3953 3822 1307 3954
3999 6 2 12 3 3822 1307 3954 3823 1308 3955
4000 6 2 12 3 3823 1308 3955 3824 1309 3956
4001 6 2 12 3 3824 1309 3956 3825 1310 3957
4002 6 2 12 3 3825 1310 3957 3826 1311 3958
4003 6 2 12 3 3826 1311 3958 1569 258 1581
4004 6 2 12 3 1181 1196 1203 3585 3750 3827
4005 6 2 12 3 3585 3750 3827 3586 3751 3828
4006 6 2 12 3 3586 3751 3828 3587 3752 3829
4007 6 2 12 3 3587 3752 3829 3588 3753 3830
4008 6 2 12 3 3588 3753 3830 3589 3754 3831
4009 6 2 12 3 3589 3754 3831 3590 3755 3832
4010 6 2 12 3 3590 3755 3832 3591 3756 3833
4011 6 2 12 3 3591 3756 3833 3592 3757 3834
4012 6 2 12 3 3592 3757 3834 3593 3758 3835
4013 6 2 12 3 3593 3758 3835 3594 3759 3836
4014 6 2 12 3 3594 3759 3836 3595 3760 3837
4015 6 2 12 3 3595 3760 3837 1548 1563 1570
4016 6 2 12 3 144 1185 1199 1345 3629 3783
4017 6 2 12 3 1345 3629 3783 1346 3630 3784
4018 6 2 12 3 1346 3630 3784 1347 3631 3785
4019 6 2 12 3 1347 3631 3785 1348 3632 3786
4020 6 2 12 3 1348 3632 3786 1349 3633 3787
4021 6 2 12 3 1349 3633 3787 1350 3634 3788
4022 6 2 12 3 1350 3634 3788 1351 3635 3789
4023 6 2 12 3 1351 3635 3789 1352 3636 3790
4024 6 2 12 3 1352 3636 3790 1353 3637 3791
4025 6 2 12 3 1353 3637 3791 1354 3638 3792
4026 6 2 12 3 1354 3638 3792 1355 3639 3793
4027 6 2 12 3 1355 3639 3793 262 1552 1566
4028 6 2 12 3 1180 1198 1217 3574 3772 3981
4029 6 2 12 3 3574 3772 3981 3575 3773 3982
4030 6 2 12 3 3575 3773 3982 3576 3774 3983
4031 6 2 12 3 3576 3774 3983 3577 3775 3984
4032 6 2 12 3 3577 3775 3984 3578 3776 3985
4033 6 2 12 3 3578 3776 3985 3579 3777 3986
4034 6 2 12 3 3579 3777 3986 3580 3778 3987
4035 6 2 12 3 3580 3778 3987 3581 3779 3988
4036 6 2 12 3 3581 3779 3988 3582 3780 3989
4037 6 2 12 3 3582 3780 3989 3583 3781 3990
4038 6 2 12 3 3583 3781 3990 3584 3782 3991
4039 6 2 12 3 3584 3782 3991 1547 1565 1584
4040 6 2 12 3 1186 215 1218 3640 1224 3992
4041 6 2 12 3 3640 1224 3992 3641 1225 3993
4042 6 2 12 3 3641 1225 3993 3642 1226 3994
4043 6 2 12 3 3642 1226 3994 3643 1227 3995
4044 6 2 12 3 3643 1227 3995 3644 1228 3996
4045 6 2 12 3 3644 1228 3996 3645 1229 3997
4046 6 2 12 3 3645 1229 3997 3646 1230 3998
4047 6 2 12 3 3646 1230 3998 3647 1231 3999
4048 6 2 12 3 3647 1231 3999 3648 1232 4000
4049 6 2 12 3 3648 1232 4000 3649 1233 4001
4050 6 2 12 3 3649 1233 4001 3650 1234 4002
4051 6 2 12 3 3650 1234 4002 1553 240 1585
4052 6 2 12 3 1193 1181 1202 3717 3585 3816
4053 6 2 12 3 3717 3585 3816 3718 3586 3817
4054 6 2 12 3 3718 3586 3817 3719 3587 3818
4055 6 2 12 3 3719 3587 3818 3720 3588 3819
4056 6 2 12 3 3720 3588 3819 3721 3589 3820
4057 6 2 12 3 3721 3589 3820 3722 3590 3821
4058 6 2 12 3 3722 3590 3821 3723 3591 3822
4059 6 2 12 3 3723 3591 3822 3724 3592 3823
4060 6 2 12 3 3724 3592 3823 3725 3593 3824
4061 6 2 12 3 3725 3593 3824 3726 3594 3825
4062 6 2 12 3 3726 3594 3825 3727 3595 3826
4063 6 2 12 3 3727 3595 3826 1560 1548 1569
4064 6 2 12 3 1199 1185 1209 3783 3629 3893
4065 6 2 12 3 3783 3629 3893 3784 3630 3894
4066 6 2 12 3 3784 3630 3894 3785 3631 3895
4067 6 2 12 3 3785 3631 3895 3786 3632 3896
4068 6 2 12 3 3786 3632 3896 3787 3633 3897
4069 6 2 12 3 3787 3633 3897 3788 3634 3898
4070 6 2 12 3 3788 3634 3898 3789 3635 3899
4071 6 2 12 3 3789 3635 3899 3790 3636 3900
4072 6 2 12 3 3790 3636 3900 3791 3637 3901
4073 6 2 12 3 3791 3637 3901 3792 3638 3902
4074 6 2 12 3 3792 3638 3902 3793 3639 3903
4075 6 2 12 3 3793 3639 3903 1566 1552 1576
4076 6 2 12 3 3 1187 1188 280 3651 3662
4077 6 2 12 3 280 3651 3662 281 3652 3663
4078 6 2 12 3 281 3652 3663 282 3653 3664
4079 6 2 12 3 282 3653 3664 283 3654 3665
4080 6 2 12 3 283 3654 3665 284 3655 3666
4081 6 2 12 3 284 3655 3666 285 3656 3667
4082 6 2 12 3 285 3656 3667 286 3657 3668
4083 6 2 12 3 286 3657 3668 287 3658 3669
4084 6 2 12 3 287 3658 3669 288 3659 3670
4085 6 2 12 3 288 3659 3670 289 3660 3671
4086 6 2 12 3 289 3660 3671 290 3661 3672
4087 6 2 12 3 290 3661 3672 24 1554 1555
4088 6 2 12 3 1177 1208 1212 3541 3882 3926
4089 6 2 12 3 3541 3882 3926 3542 3883 3927
4090 6 2 12 3 3542 3883 3927 3543 3884 3928
4091 6 2 12 3 3543 3884 3928 3544 3885 3929
4092 6 2 12 3 3544 3885 3929 3545 3886 3930
4093 6 2 12 3 3545 3886 3930 3546 3887 3931
4094 6 2 12 3 3546 3887 3931 3547 3888 3932
4095 6 2 12 3 3547 3888 3932 3548 3889 3933
4096 6 2 12 3 3548 3889 3933 3549 3890 3934
4097 6 2 12 3 3549 3890 3934 3550 3891 3935
4098 6 2 12 3 3550 3891 3935 3551 3892 3936
4099 6 2 12 3 3551 3892 3936 1544 1575 1579
4100 6 2 12 3 136 137 1184 1257 1268 3618
4101 6 2 12 3 1257 1268 3618 1258 1269 3619
4102 6 2 12 3 1258 1269 3619 1259 1270 3620
4103 6 2 12 3 1259 1270 3620 1260 1271 3621
4104 6 2 12 3 1260 1271 3621 1261 1272 3622
4105 6 2 12 3 1261 1272 3622 1262 1273 3623
4106 6 2 12 3 1262 1273 3623 1263 1274 3624
4107 6 2 12 3 1263 1274 3624 1264 1275 3625
4108 6 2 12 3 1264 1275 3625 1265 1276 3626
4109 6 2 12 3 1265 1276 3626 1266 1277 3627
4110 6 2 12 3 1266 1277 3627 1267 1278 3628
4111 6 2 12 3 1267 1278 3628 254 255 1551
4112 6 2 12 3 138 139 1181 1279 1290 3585
4113 6 2 12 3 1279 1290 3585 1280 1291 3586
4114 6 2 12 3 1280 1291 3586 1281 1292 3587
4115 6 2 12 3 1281 1292 3587 1282 1293 3588
4116 6 2 12 3 1282 1293 3588 1283 1294 3589
4117 6 2 12 3 1283 1294 3589 1284 1295 3590
4118 6 2 12 3 1284 1295 3590 1285 1296 3591
4119 6 2 12 3 1285 1296 3591 1286 1297 3592
4120 6 2 12 3 1286 1297 3592 1287 1298 3593
4121 6 2 12 3 1287 1298 3593 1288 1299 3594
4122 6 2 12 3 1288 1299 3594 1289 1300 3595
4123 6 2 12 3 1289 1300 3595 256 257 1548
4124 6 2 12 3 1190 1182 1216 3684 3596 3970
4125 6 2 12 3 3684 3596 3970 3685 3597 3971
4126 6 2 12 3 3685 3597 3971 3686 3598 3972
4127 6 2 12 3 3686 3598 3972 3687 3599 3973
4128 6 2 12 3 3687 3599 3973 3688 3600 3974
4129 6 2 12 3 3688 3600 3974 3689 3601 3975
4130 6 2 12 3 3689 3601 3975 3690 3602 3976
4131 6 2 12 3 3690 3602 3976 3691 3603 3977
4132 6 2 12 3 3691 3603 3977 3692 3604 3978
4133 6 2 12 3 3692 3604 3978 3693 3605 3979
4134 6 2 12 3 3693 3605 3979 3694 3606 3980
4135 6 2 12 3 3694 3606 3980 1557 1549 1583
4136 6 2 12 3 216 215 1186 1235 1224 3640
4137 6 2 12 3 1235 1224 3640 1236 1225 3641
4138 6 2 12 3 1236 1225 3641 1237 1226 3642
4139 6 2 12 3 1237 1226 3642 1238 1227 3643
4140 6 2 12 3 1238 1227 3643 1239 1228 3644
4141 6 2 12 3 1239 1228 3644 1240 1229 3645
4142 6 2 12 3 1240 1229 3645 1241 1230 3646
4143 6 2 12 3 1241 1230 3646 1242 1231 3647
4144 6 2 12 3 1242 1231 3647 1243 1232 3648
4145 6 2 12 3 1243 1232 3648 1244 1233 3649
4146 6 2 12 3 1244 1233 3649 1245 1234 3650
4147 6 2 12 3 1245 1234 3650 241 240 1553
4148 6 2 12 3 1196 1195 1197 3750 3739 3761
4149 6 2 12 3 3750 3739 3761 3751 3740 3762
4150 6 2 12 3 3751 3740 3762 3752 3741 3763
4151 6 2 12 3 3752 3741 3763 3753 3742 3764
4152 6 2 12 3 3753 3742 3764 3754 3743 3765
4153 6 2 12 3 3754 3743 3765 3755 3744 3766
4154 6 2 12 3 3755 3744 3766 3756 3745 3767
4155 6 2 12 3 3756 3745 3767 3757 3746 3768
4156 6 2 12 3 3757 3746 3768 3758 3747 3769
4157 6 2 12 3 3758 3747 3769 3759 3748 3770
4158 6 2 12 3 3759 3748 3770 3760 3749 3771
4159 6 2 12 3 3760 3749 3771 1563 1562 1564
4160 6 2 12 3 1198 1201 1215 3772 3805 3959
4161 6 2 12 3 3772 3805 3959 3773 3806 3960
4162 6 2 12 3 3773 3806 3960 3774 3807 3961
4163 6 2 12 3 3774 3807 3961 3775 3808 3962
4164 6 2 12 3 3775 3808 3962 3776 3809 3963
4165 6 2 12 3 3776 3809 3963 3777 3810 3964
4166 6 2 12 3 3777 3810 3964 3778 3811 3965
4167 6 2 12 3 3778 3811 3965 3779 3812 3966
4168 6 2 12 3 3779 3812 3966 3780 3813 3967
4169 6 2 12 3 3780 3813 3967 3781 3814 3968
4170 6 2 12 3 3781 3814 3968 3782 3815 3969
4171 6 2 12 3 3782 3815 3969 1565 1568 1582
4172 6 2 12 3 1203 1184 1219 3827 3618 4003
4173 6 2 12 3 3827 3618 4003 3828 3619 4004
4174 6 2 12 3 3828 3619 4004 3829 3620 4005
4175 6 2 12 3 3829 3620 4005 3830 3621 4006
4176 6 2 12 3 3830 3621 4006 3831 3622 4007
4177 6 2 12 3 3831 3622 4007 3832 3623 4008
4178 6 2 12 3 3832 3623 4008 3833 3624 4009
4179 6 2 12 3 3833 3624 4009 3834 3625 4010
4180 6 2 12 3 3834 3625 4010 3835 3626 4011
4181 6 2 12 3 3835 3626 4011 3836 3627 4012
4182 6 2 12 3 3836 3627 4012 3837 3628 4013
4183 6 2 12 3 3837 3628 4013 1570 1551 1586
4184 6 2 12 3 1195 1176 1220 3739 3530 4014
4185 6 2 12 3 3739 3530 4014 3740 3531 4015
4186 6 2 12 3 3740 3531 4015 3741 3532 4016
4187 6 2 12 3 3741 3532 4016 3742 3533 4017
4188 6 2 12 3 3742 3533 4017 3743 3534 4018
4189 6 2 12 3 3743 3534 4018 3744 3535 4019
4190 6 2 12 3 3744 3535 4019 3745 3536 4020
4191 6 2 12 3 3745 3536 4020 3746 3537 4021
4192 6 2 12 3 3746 3537 4021 3747 3538 4022
4193 6 2 12 3 3747 3538 4022 3748 3539 4023
4194 6 2 12 3 3748 3539 4023 3749 3540 4024
4195 6 2 12 3 3749 3540 4024 1562 1543 1587
4196 6 2 12 3 1184 1203 1215 3618 3827 3959
4197 6 2 12 3 3618 3827 3959 3619 3828 3960
4198 6 2 12 3 3619 3828 3960 3620 3829 3961
4199 6 2 12 3 3620 3829 3961 3621 3830 3962
4200 6 2 12 3 3621 3830 3962 3622 3831 3963
4201 6 2 12 3 3622 3831 3963 3623 3832 3964
4202 6 2 12 3 3623 3832 3964 3624 3833 3965
4203 6 2 12 3 3624 3833 3965 3625 3834 3966
4204 6 2 12 3 3625 3834 3966 3626 3835 3967
4205 6 2 12 3 3626 3835 3967 3627 3836 3968
4206 6 2 12 3 3627 3836 3968 3628 3837 3969
4207 6 2 12 3 3628 3837 3969 1551 1570 1582
4208 6 2 12 3 1193 1191 1195 3717 3695 3739
4209 6 2 12 3 3717 3695 3739 3718 3696 3740
4210 6 2 12 3 3718 3696 3740 3719 3697 3741
4211 6 2 12 3 3719 3697 3741 3720 3698 3742
4212 6 2 12 3 3720 3698 3742 3721 3699 3743
4213 6 2 12 3 3721 3699 3743 3722 3700 3744
4214 6 2 12 3 3722 3700 3744 3723 3701 3745
4215 6 2 12 3 3723 3701 3745 3724 3702 3746
4216 6 2 12 3 3724 3702 3746 3725 3703 3747
4217 6 2 12 3 3725 3703 3747 3726 3704 3748
4218 6 2 12 3 3726 3704 3748 3727 3705 3749
4219 6 2 12 3 3727 3705 3749 1560 1558 1562
4220 6 2 12 3 211 212 1180 1378 1389 3574
4221 6 2 12 3 1378 1389 3574 1379 1390 3575
4222 6 2 12 3 1379 1390 3575 1380 1391 3576
4223 6 2 12 3 1380 1391 3576 1381 1392 3577
4224 6 2 12 3 1381 1392 3577 1382 1393 3578
4225 6 2 12 3 1382 1393 3578 1383 1394 3579
4226 6 2 12 3 1383 1394 3579 1384 1395 3580
4227 6 2 12 3 1384 1395 3580 1385 1396 3581
4228 6 2 12 3 1385 1396 3581 1386 1397 3582
4229 6 2 12 3 1386 1397 3582 1387 1398 3583
4230 6 2 12 3 1387 1398 3583 1388 1399 3584
4231 6 2 12 3 1388 1399 3584 276 277 1547
4232 6 2 12 3 210 211 1206 1367 1378 3860
4233 6 2 12 3 1367 1378 3860 1368 1379 3861
4234 6 2 12 3 1368 1379 3861 1369 1380 3862
4235 6 2 12 3 1369 1380 3862 1370 1381 3863
4236 6 2 12 3 1370 1381 3863 1371 1382 3864
4237 6 2 12 3 1371 1382 3864 1372 1383 3865
4238 6 2 12 3 1372 1383 3865 1373 1384 3866
4239 6 2 12 3 1373 1384 3866 1374 1385 3867
4240 6 2 12 3 1374 1385 3867 1375 1386 3868
4241 6 2 12 3 1375 1386 3868 1376 1387 3869
4242 6 2 12 3 1376 1387 3869 1377 1388 3870
4243 6 2 12 3 1377 1388 3870 275 276 1573
4244 6 2 12 3 1196 1197 1198 3750 3761 3772
4245 6 2 12 3 3750 3761 3772 3751 3762 3773
4246 6 2 12 3 3751 3762 3773 3752 3763 3774
4247 6 2 12 3 3752 3763 3774 3753 3764 3775
4248 6 2 12 3 3753 3764 3775 3754 3765 3776
4249 6 2 12 3 3754 3765 3776 3755 3766 3777
4250 6 2 12 3 3755 3766 3777 3756 3767 3778
4251 6 2 12 3 3756 3767 3778 3757 3768 3779
4252 6 2 12 3 3757 3768 3779 3758 3769 3780
4253 6 2 12 3 3758 3769 3780 3759 3770 3781
4254 6 2 12 3 3759 3770 3781 3760 3771 3782
4255 6 2 12 3 3760 3771 3782 1563 1564 1565
4256 6 2 12 3 1180 212 1201 3574 1389 3805
4257 6 2 12 3 3574 1389 3805 3575 1390 3806
4258 6 2 12 3 3575 1390 3806 3576 1391 3807
4259 6 2 12 3 3576 1391 3807 3577 1392 3808
4260 6 2 12 3 3577 1392 3808 3578 1393 3809
4261 6 2 12 3 3578 1393 3809 3579 1394 3810
4262 6 2 12 3 3579 1394 3810 3580 1395 3811
4263 6 2 12 3 3580 1395 3811 3581 1396 3812
4264 6 2 12 3 3581 1396 3812 3582 1397 3813
4265 6 2 12 3 3582 1397 3813 3583 1398 3814
4266 6 2 12 3 3583 1398 3814 3584 1399 3815
4267 6 2 12 3 3584 1399 3815 1547 277 1568
4268 6 2 12 3 143 144 1199 1334 1345 3783
4269 6 2 12 3 1334 1345 3783 1335 1346 3784
4270 6 2 12 3 1335 1346 3784 1336 1347 3785
4271 6 2 12 3 1336 1347 3785 1337 1348 3786
4272 6 2 12 3 1337 1348 3786 1338 1349 3787
4273 6 2 12 3 1338 1349 3787 1339 1350 3788
4274 6 2 12 3 1339 1350 3788 1340 1351 3789
4275 6 2 12 3 1340 1351 3789 1341 1352 3790
4276 6 2 12 3 1341 1352 3790 1342 1353 3791
4277 6 2 12 3 1342 1353 3791 1343 1354 3792
4278 6 2 12 3 1343 1354 3792 1344 1355 3793
4279 6 2 12 3 1344 1355 3793 261 262 1566
4280 6 2 12 3 212 213 1201 1389 1400 3805
4281 6 2 12 3 1389 1400 3805 1390 1401 3806
4282 6 2 12 3 1390 1401 3806 1391 1402 3807
4283 6 2 12 3 1391 1402 3807 1392 1403 3808
4284 6 2 12 3 1392 1403 3808 1393 1404 3809
4285 6 2 12 3 1393 1404 3809 1394 1405 3810
4286 6 2 12 3 1394 1405 3810 1395 1406 3811
4287 6 2 12 3 1395 1406 3811 1396 1407 3812
4288 6 2 12 3 1396 1407 3812 1397 1408 3813
4289 6 2 12 3 1397 1408 3813 1398 1409 3814
4290 6 2 12 3 1398 1409 3814 1399 1410 3815
4291 6 2 12 3 1399 1410 3815 277 278 1568
4292 6 2 12 3 216 1186 1200 1235 3640 3794
4293 6 2 12 3 1235 3640 3794 1236 3641 3795
4294 6 2 12 3 1236 3641 3795 1237 3642 3796
4295 6 2 12 3 1237 3642 3796 1238 3643 3797
4296 6 2 12 3 1238 3643 3797 1239 3644 3798
4297 6 2 12 3 1239 3644 3798 1240 3645 3799
4298 6 2 12 3 1240 3645 3799 1241 3646 3800
4299 6 2 12 3 1241 3646 3800 1242 3647 3801
4300 6 2 12 3 1242 3647 3801 1243 3648 3802
4301 6 2 12 3 1243 3648 3802 1244 3649 3803
4302 6 2 12 3 1244 3649 3803 1245 3650 3804
4303 6 2 12 3 1245 3650 3804 241 1553 1567
4304 6 2 12 3 1196 1198 1203 3750 3772 3827
4305 6 2 12 3 3750 3772 3827 3751 3773 3828
4306 6 2 12 3 3751 3773 3828 3752 3774 3829
4307 6 2 12 3 3752 3774 3829 3753 3775 3830
4308 6 2 12 3 3753 3775 3830 3754 3776 3831
4309 6 2 12 3 3754 3776 3831 3755 3777 3832
4310 6 2 12 3 3755 3777 3832 3756 3778 3833
4311 6 2 12 3 3756 3778 3833 3757 3779 3834
4312 6 2 12 3 3757 3779 3834 3758 3780 3835
4313 6 2 12 3 3758 3780 3835 3759 3781 3836
4314 6 2 12 3 3759 3781 3836 3760 3782 3837
4315 6 2 12 3 3760 3782 3837 1563 1565 1570
4316 6 2 12 3 1193 1195 1196 3717 3739 3750
4317 6 2 12 3 3717 3739 3750 3718 3740 3751
4318 6 2 12 3 3718 3740 3751 3719 3741 3752
4319 6 2 12 3 3719 3741 3752 3720 3742 3753
4320 6 2 12 3 3720 3742 3753 3721 3743 3754
4321 6 2 12 3 3721 3743 3754 3722 3744 3755
4322 6 2 12 3 3722 3744 3755 3723 3745 3756
4323 6 2 12 3 3723 3745 3756 3724 3746 3757
4324 6 2 12 3 3724 3746 3757 3725 3747 3758
4325 6 2 12 3 3725 3747 3758 3726 3748 3759
4326 6 2 12 3 3726 3748 3759 3727 3749 3760
4327 6 2 12 3 3727 3749 3760 1560 1562 1563
4328 6 2 12 3 1191 1179 1205 3695 3563 3849
4329 6 2 12 3 3695 3563 3849 3696 3564 3850
4330 6 2 12 3 3696 3564 3850 3697 3565 3851
4331 6 2 12 3 3697 3565 3851 3698 3566 3852
4332 6 2 12 3 3698 3566 3852 3699 3567 3853
4333 6 2 12 3 3699 3567 3853 3700 3568 3854
4334 6 2 12 3 3700 3568 3854 3701 3569 3855
4335 6 2 12 3 3701 3569 3855 3702 3570 3856
4336 6 2 12 3 3702 3570 3856 3703 3571 3857
4337 6 2 12 3 3703 3571 3857 3704 3572 3858
4338 6 2 12 3 3704 3572 3858 3705 3573 3859
4339 6 2 12 3 3705 3573 3859 1558 1546 1572
4340 6 2 12 3 1181 139 1202 3585 1290 3816
4341 6 2 12 3 3585 1290 3816 3586 1291 3817
4342 6 2 12 3 3586 1291 3817 3587 1292 3818
4343 6 2 12 3 3587 1292 3818 3588 1293 3819
4344 6 2 12 3 3588 1293 3819 3589 1294 3820
4345 6 2 12 3 3589 1294 3820 3590 1295 3821
4346 6 2 12 3 3590 1295 3821 3591 1296 3822
4347 6 2 12 3 3591 1296 3822 3592 1297 3823
4348 6 2 12 3 3592 1297 3823 3593 1298 3824
4349 6 2 12 3 3593 1298 3824 3594 1299 3825
4350 6 2 12 3 3594 1299 3825 3595 1300 3826
4351 6 2 12 3 3595 1300 3826 1548 257 1569
4352 6 2 12 3 63 64 1183 1466 1477 3607
4353 6 2 12 3 1466 1477 3607 1467 1478 3608
4354 6 2 12 3 1467 1478 3608 1468 1479 3609
4355 6 2 12 3 1468 1479 3609 1469 1480 3610
4356 6 2 12 3 1469 1480 3610 1470 1481 3611
4357 6 2 12 3 1470 1481 3611 1471 1482 3612
4358 6 2 12 3 1471 1482 3612 1472 1483 3613
4359 6 2 12 3 1472 1483 3613 1473 1484 3614
4360 6 2 12 3 1473 1484 3614 1474 1485 3615
4361 6 2 12 3 1474 1485 3615 1475 1486 3616
4362 6 2 12 3 1475 1486 3616 1476 1487 3617
4363 6 2 12 3 1476 1487 3617 295 296 1550
4364 6 2 12 3 211 1180 1206 1378 3574 3860
4365 6 2 12 3 1378 3574 3860 1379 3575 3861
4366 6 2 12 3 1379 3575 3861 1380 3576 3862
4367 6 2 12 3 1380 3576 3862 1381 3577 3863
4368 6 2 12 3 1381 3577 3863 1382 3578 3864
4369 6 2 12 3 1382 3578 3864 1383 3579 3865
4370 6 2 12 3 1383 3579 3865 1384 3580 3866
4371 6 2 12 3 1384 3580 3866 1385 3581 3867
4372 6 2 12 3 1385 3581 3867 1386 3582 3868
4373 6 2 12 3 1386 3582 3868 1387 3583 3869
4374 6 2 12 3 1387 3583 3869 1388 3584 3870
4375 6 2 12 3 1388 3584 3870 276 1547 1573
4376 6 2 12 3 62 63 1204 1455 1466 3838
4377 6 2 12 3 1455 1466 3838 1456 1467 3839
4378 6 2 12 3 1456 1467 3839 1457 1468 3840
4379 6 2 12 3 1457 1468 3840 1458 1469 3841
4380 6 2 12 3 1458 1469 3841 1459 1470 3842
4381 6 2 12 3 1459 1470 3842 1460 1471 3843
4382 6 2 12 3 1460 1471 3843 1461 1472 3844
4383 6 2 12 3 1461 1472 3844 1462 1473 3845
4384 6 2 12 3 1462 1473 3845 1463 1474 3846
4385 6 2 12 3 1463 1474 3846 1464 1475 3847
4386 6 2 12 3 1464 1475 3847 1465 1476 3848
4387 6 2 12 3 1465 1476 3848 294 295 1571
4388 6 2 12 3 61 62 1176 1444 1455 3530
4389 6 2 12 3 1444 1455 3530 1445 1456 3531
4390 6 2 12 3 1445 1456 3531 1446 1457 3532
4391 6 2 12 3 1446 1457 3532 1447 1458 3533
4392 6 2 12 3 1447 1458 3533 1448 1459 3534
4393 6 2 12 3 1448 1459 3534 1449 1460 3535
4394 6 2 12 3 1449 1460 3535 1450 1461 3536
4395 6 2 12 3 1450 1461 3536 1451 1462 3537
4396 6 2 12 3 1451 1462 3537 1452 1463 3538
4397 6 2 12 3 1452 1463 3538 1453 1464 3539
4398 6 2 12 3 1453 1464 3539 1454 1465 3540
4399 6 2 12 3 1454 1465 3540 293 294 1543
4400 6 2 12 3 139 140 1202 1290 1301 3816
4401 6 2 12 3 1290 1301 3816 1291 1302 3817
4402 6 2 12 3 1291 1302 3817 1292 1303 3818
4403 6 2 12 3 1292 1303 3818 1293 1304 3819
4404 6 2 12 3 1293 1304 3819 1294 1305 3820
4405 6 2 12 3 1294 1305 3820 1295 1306 3821
4406 6 2 12 3 1295 1306 3821 1296 1307 3822
4407 6 2 12 3 1296 1307 3822 1297 1308 3823
4408 6 2 12 3 1297 1308 3823 1298 1309 3824
4409 6 2 12 3 1298 1309 3824 1299 1310 3825
4410 6 2 12 3 1299 1310 3825 1300 1311 3826
4411 6 2 12 3 1300 1311 3826 257 258 1569
4412 6 2 12 3 5 136 1223 243 1257 4047
4413 6 2 12 3 243 1257 4047 244 1258 4048
4414 6 2 12 3 244 1258 4048 245 1259 4049
4415 6 2 12 3 245 1259 4049 246 1260 4050
4416 6 2 12 3 246 1260 4050 247 1261 4051
4417 6 2 12 3 247 1261 4051 248 1262 4052
4418 6 2 12 3 248 1262 4052 249 1263 4053
4419 6 2 12 3 249 1263 4053 250 1264 4054
4420 6 2 12 3 250 1264 4054 251 1265 4055
4421 6 2 12 3 251 1265 4055 252 1266 4056
4422 6 2 12 3 252 1266 4056 253 1267 4057
4423 6 2 12 3 253 1267 4057 22 254 1590
4424 6 2 12 3 60 61 1205 1433 1444 3849
4425 6 2 12 3 1433 1444 3849 1434 1445 3850
4426 6 2 12 3 1434 1445 3850 1435 1446 3851
4427 6 2 12 3 1435 1446 3851 1436 1447 3852
4428 6 2 12 3 1436 1447 3852 1437 1448 3853
4429 6 2 12 3 1437 1448 3853 1438 1449 3854
4430 6 2 12 3 1438 1449 3854 1439 1450 3855
4431 6 2 12 3 1439 1450 3855 1440 1451 3856
4432 6 2 12 3 1440 1451 3856 1441 1452 3857
4433 6 2 12 3 1441 1452 3857 1442 1453 3858
4434 6 2 12 3 1442 1453 3858 1443 1454 3859
4435 6 2 12 3 1443 1454 3859 292 293 1572
4436 6 2 12 3 217 216 1200 1246 1235 3794
4437 6 2 12 3 1246 1235 3794 1247 1236 3795
4438 6 2 12 3 1247 1236 3795 1248 1237 3796
4439 6 2 12 3 1248 1237 3796 1249 1238 3797
4440 6 2 12 3 1249 1238 3797 1250 1239 3798
4441 6 2 12 3 1250 1239 3798 1251 1240 3799
4442 6 2 12 3 1251 1240 3799 1252 1241 3800
4443 6 2 12 3 1252 1241 3800 1253 1242 3801
4444 6 2 12 3 1253 1242 3801 1254 1243 3802
4445 6 2 12 3 1254 1243 3802 1255 1244 3803
4446 6 2 12 3 1255 1244 3803 1256 1245 3804
4447 6 2 12 3 1256 1245 3804 242 241 1567
4448 6 2 12 3 1199 1209 1213 3783 3893 3937
4449 6 2 12 3 3783 3893 3937 3784 3894 3938
4450 6 2 12 3 3784 3894 3938 3785 3895 3939
4451 6 2 12 3 3785 3895 3939 3786 3896 3940
4452 6 2 12 3 3786 3896 3940 3787 3897 3941
4453 6 2 12 3 3787 3897 3941 3788 3898 3942
4454 6 2 12 3 3788 3898 3942 3789 3899 3943
4455 6 2 12 3 3789 3899 3943 3790 3900 3944
4456 6 2 12 3 3790 3900 3944 3791 3901 3945
4457 6 2 12 3 3791 3901 3945 3792 3902 3946
4458 6 2 12 3 3792 3902 3946 3793 3903 3947
4459 6 2 12 3 3793 3903 3947 1566 1576 1580
4460 6 2 12 3 1192 1193 1202 3706 3717 3816
4461 6 2 12 3 3706 3717 3816 3707 3718 3817
4462 6 2 12 3 3707 3718 3817 3708 3719 3818
4463 6 2 12 3 3708 3719 3818 3709 3720 3819
4464 6 2 12 3 3709 3720 3819 3710 3721 3820
4465 6 2 12 3 3710 3721 3820 3711 3722 3821
4466 6 2 12 3 3711 3722 3821 3712 3723 3822
4467 6 2 12 3 3712 3723 3822 3713 3724 3823
4468 6 2 12 3 3713 3724 3823 3714 3725 3824
4469 6 2 12 3 3714 3725 3824 3715 3726 3825
4470 6 2 12 3 3715 3726 3825 3716 3727 3826
4471 6 2 12 3 3716 3727 3826 1559 1560 1569
4472 6 2 12 3 1208 1209 1212 3882 3893 3926
4473 6 2 12 3 3882 3893 3926 3883 3894 3927
4474 6 2 12 3 3883 3894 3927 3884 3895 3928
4475 6 2 12 3 3884 3895 3928 3885 3896 3929
4476 6 2 12 3 3885 3896 3929 3886 3897 3930
4477 6 2 12 3 3886 3897 3930 3887 3898 3931
4478 6 2 12 3 3887 3898 3931 3888 3899 3932
4479 6 2 12 3 3888 3899 3932 3889 3900 3933
4480 6 2 12 3 3889 3900 3933 3890 3901 3934
4481 6 2 12 3 3890 3901 3934 3891 3902 3935
4482 6 2 12 3 3891 3902 3935 3892 3903 3936
4483 6 2 12 3 3892 3903 3936 1575 1576 1579
4484 6 2 12 3 1201 1211 1215 3805 3915 3959
4485 6 2 12 3 3805 3915 3959 3806 3916 3960
4486 6 2 12 3 3806 3916 3960 3807 3917 3961
4487 6 2 12 3 3807 3917 3961 3808 3918 3962
4488 6 2 12 3 3808 3918 3962 3809 3919 3963
4489 6 2 12 3 3809 3919 3963 3810 3920 3964
4490 6 2 12 3 3810 3920 3964 3811 3921 3965
4491 6 2 12 3 3811 3921 3965 3812 3922 3966
4492 6 2 12 3 3812 3922 3966 3813 3923 3967
4493 6 2 12 3 3813 3923 3967 3814 3924 3968
4494 6 2 12 3 3814 3924 3968 3815 3925 3969
4495 6 2 12 3 3815 3925 3969 1568 1578 1582
4496 6 2 12 3 59 1179 1187 1422 3563 3651
4497 6 2 12 3 1422 3563 3651 1423 3564 3652
4498 6 2 12 3 1423 3564 3652 1424 3565 3653
4499 6 2 12 3 1424 3565 3653 1425 3566 3654
4500 6 2 12 3 1425 3566 3654 1426 3567 3655
4501 6 2 12 3 1426 3567 3655 1427 3568 3656
4502 6 2 12 3 1427 3568 3656 1428 3569 3657
4503 6 2 12 3 1428 3569 3657 1429 3570 3658
4504 6 2 12 3 1429 3570 3658 1430 3571 3659
4505 6 2 12 3 1430 3571 3659 1431 3572 3660
4506 6 2 12 3 1431 3572 3660 1432 3573 3661
4507 6 2 12 3 1432 3573 3661 291 1546 1554
4508 6 2 12 3 59 60 1179 1422 1433 3563
4509 6 2 12 3 1422 1433 3563 1423 1434 3564
4510 6 2 12 3 1423 1434 3564 1424 1435 3565
4511 6 2 12 3 1424 1435 3565 1425 1436 3566
4512 6 2 12 3 1425 1436 3566 1426 1437 3567
4513 6 2 12 3 1426 1437 3567 1427 1438 3568
4514 6 2 12 3 1427 1438 3568 1428 1439 3569
4515 6 2 12 3 1428 1439 3569 1429 1440 3570
4516 6 2 12 3 1429 1440 3570 1430 1441 3571
4517 6 2 12 3 1430 1441 3571 1431 1442 3572
4518 6 2 12 3 1431 1442 3572 1432 1443 3573
4519 6 2 12 3 1432 1443 3573 291 292 1546
4520 6 2 12 3 141 1182 1214 1312 3596 3948
4521 6 2 12 3 1312 3596 3948 1313 3597 3949
4522 6 2 12 3 1313 3597 3949 1314 3598 3950
4523 6 2 12 3 1314 3598 3950 1315 3599 3951
4524 6 2 12 3 1315 3599 3951 1316 3600 3952
4525 6 2 12 3 1316 3600 3952 1317 3601 3953
4526 6 2 12 3 1317 3601 3953 1318 3602 3954
4527 6 2 12 3 1318 3602 3954 1319 3603 3955
4528 6 2 12 3 1319 3603 3955 1320 3604 3956
4529 6 2 12 3 1320 3604 3956 1321 3605 3957
4530 6 2 12 3 1321 3605 3957 1322 3606 3958
4531 6 2 12 3 1322 3606 3958 259 1549 1581
4532 6 2 12 3 1187 1179 1190 3651 3563 3684
4533 6 2 12 3 3651 3563 3684 3652 3564 3685
4534 6 2 12 3 3652 3564 3685 3653 3565 3686
4535 6 2 12 3 3653 3565 3686 3654 3566 3687
4536 6 2 12 3 3654 3566 3687 3655 3567 3688
4537 6 2 12 3 3655 3567 3688 3656 3568 3689
4538 6 2 12 3 3656 3568 3689 3657 3569 3690
4539 6 2 12 3 3657 3569 3690 3658 3570 3691
4540 6 2 12 3 3658 3570 3691 3659 3571 3692
4541 6 2 12 3 3659 3571 3692 3660 3572 3693
4542 6 2 12 3 3660 3572 3693 3661 3573 3694
4543 6 2 12 3 3661 3573 3694 1554 1546 1557
4544 6 2 12 3 63 1183 1204 1466 3607 3838
4545 6 2 12 3 1466 3607 3838 1467 3608 3839
4546 6 2 12 3 1467 3608 3839 1468 3609 3840
4547 6 2 12 3 1468 3609 3840 1469 3610 3841
4548 6 2 12 3 1469 3610 3841 1470 3611 3842
4549 6 2 12 3 1470 3611 3842 1471 3612 3843
4550 6 2 12 3 1471 3612 3843 1472 3613 3844
4551 6 2 12 3 1472 3613 3844 1473 3614 3845
4552 6 2 12 3 1473 3614 3845 1474 3615 3846
4553 6 2 12 3 1474 3615 3846 1475 3616 3847
4554 6 2 12 3 1475 3616 3847 1476 3617 3848
4555 6 2 12 3 1476 3617 3848 295 1550 1571
4556 6 2 12 3 1184 137 1219 3618 1268 4003
4557 6 2 12 3 3618 1268 4003 3619 1269 4004
4558 6 2 12 3 3619 1269 4004 3620 1270 4005
4559 6 2 12 3 3620 1270 4005 3621 1271 4006
4560 6 2 12 3 3621 1271 4006 3622 1272 4007
4561 6 2 12 3 3622 1272 4007 3623 1273 4008
4562 6 2 12 3 3623 1273 4008 3624 1274 4009
4563 6 2 12 3 3624 1274 4009 3625 1275 4010
4564 6 2 12 3 3625 1275 4010 3626 1276 4011
4565 6 2 12 3 3626 1276 4011 3627 1277 4012
4566 6 2 12 3 3627 1277 4012 3628 1278 4013
4567 6 2 12 3 3628 1278 4013 1551 255 1586
4568 6 2 12 3 1192 1191 1193 3706 3695 3717
4569 6 2 12 3 3706 3695 3717 3707 3696 3718
4570 6 2 12 3 3707 3696 3718 3708 3697 3719
4571 6 2 12 3 3708 3697 3719 3709 3698 3720
4572 6 2 12 3 3709 3698 3720 3710 3699 3721
4573 6 2 12 3 3710 3699 3721 3711 3700 3722
4574 6 2 12 3 3711 3700 3722 3712 3701 3723
4575 6 2 12 3 3712 3701 3723 3713 3702 3724
4576 6 2 12 3 3713 3702 3724 3714 3703 3725
4577 6 2 12 3 3714 3703 3725 3715 3704 3726
4578 6 2 12 3 3715 3704 3726 3716 3705 3727
4579 6 2 12 3 3716 3705 3727 1559 1558 1560
4580 6 2 12 3 3 1188 1189 280 3662 3673
4581 6 2 12 3 280 3662 3673 281 3663 3674
4582 6 2 12 3 281 3663 3674 282 3664 3675
4583 6 2 12 3 282 3664 3675 283 3665 3676
4584 6 2 12 3 283 3665 3676 284 3666 3677
4585 6 2 12 3 284 3666 3677 285 3667 3678
4586 6 2 12 3 285 3667 3678 286 3668 3679
4587 6 2 12 3 286 3668 3679 287 3669 3680
4588 6 2 12 3 287 3669 3680 288 3670 3681
4589 6 2 12 3 288 3670 3681 289 3671 3682
4590 6 2 12 3 289 3671 3682 290 3672 3683
4591 6 2 12 3 290 3672 3683 24 1555 1556
4592 6 2 12 3 1206 1180 1217 3860 3574 3981
4593 6 2 12 3 3860 3574 3981 3861 3575 3982
4594 6 2 12 3 3861 3575 3982 3862 3576 3983
4595 6 2 12 3 3862 3576 3983 3863 3577 3984
4596 6 2 12 3 3863 3577 3984 3864 3578 3985
4597 6 2 12 3 3864 3578 3985 3865 3579 3986
4598 6 2 12 3 3865 3579 3986 3866 3580 3987
4599 6 2 12 3 3866 3580 3987 3867 3581 3988
4600 6 2 12 3 3867 3581 3988 3868 3582 3989
4601 6 2 12 3 3868 3582 3989 3869 3583 3990
4602 6 2 12 3 3869 3583 3990 3870 3584 3991
4603 6 2 12 3 3870 3584 3991 1573 1547 1584
4604 6 2 12 3 1176 62 1204 3530 1455 3838
4605 6 2 12 3 3530 1455 3838 3531 1456 3839
4606 6 2 12 3 3531 1456 3839 3532 1457 3840
4607 6 2 12 3 3532 1457 3840 3533 1458 3841
4608 6 2 12 3 3533 1458 3841 3534 1459 3842
4609 6 2 12 3 3534 1459 3842 3535 1460 3843
4610 6 2 12 3 3535 1460 3843 3536 1461 3844
4611 6 2 12 3 3536 1461 3844 3537 1462 3845
4612 6 2 12 3 3537 1462 3845 3538 1463 3846
4613 6 2 12 3 3538 1463 3846 3539 1464 3847
4614 6 2 12 3 3539 1464 3847 3540 1465 3848
4615 6 2 12 3 3540 1465 3848 1543 294 1571
4616 6 2 12 3 138 1181 1219 1279 3585 4003
4617 6 2 12 3 1279 3585 4003 1280 3586 4004
4618 6 2 12 3 1280 3586 4004 1281 3587 4005
4619 6 2 12 3 1281 3587 4005 1282 3588 4006
4620 6 2 12 3 1282 3588 4006 1283 3589 4007
4621 6 2 12 3 1283 3589 4007 1284 3590 4008
4622 6 2 12 3 1284 3590 4008 1285 3591 4009
4623 6 2 12 3 1285 3591 4009 1286 3592 4010
4624 6 2 12 3 1286 3592 4010 1287 3593 4011
4625 6 2 12 3 1287 3593 4011 1288 3594 4012
4626 6 2 12 3 1288 3594 4012 1289 3595 4013
4627 6 2 12 3 1289 3595 4013 256 1548 1586
4628 6 2 12 3 4 210 1222 264 1367 4036
4629 6 2 12 3 264 1367 4036 265 1368 4037
4630 6 2 12 3 265 1368 4037 266 1369 4038
4631 6 2 12 3 266 1369 4038 267 1370 4039
4632 6 2 12 3 267 1370 4039 268 1371 4040
4633 6 2 12 3 268 1371 4040 269 1372 4041
4634 6 2 12 3 269 1372 4041 270 1373 4042
4635 6 2 12 3 270 1373 4042 271 1374 4043
4636 6 2 12 3 271 1374 4043 272 1375 4044
4637 6 2 12 3 272 1375 4044 273 1376 4045
4638 6 2 12 3 273 1376 4045 274 1377 4046
4639 6 2 12 3 274 1377 4046 23 275 1589
4640 6 2 12 3 61 1176 1205 1444 3530 3849
4641 6 2 12 3 1444 3530 3849 1445 3531 3850
4642 6 2 12 3 1445 3531 3850 1446 3532 3851
4643 6 2 12 3 1446 3532 3851 1447 3533 3852
4644 6 2 12 3 1447 3533 3852 1448 3534 3853
4645 6 2 12 3 1448 3534 3853 1449 3535 3854
4646 6 2 12 3 1449 3535 3854 1450 3536 3855
4647 6 2 12 3 1450 3536 3855 1451 3537 3856
4648 6 2 12 3 1451 3537 3856 1452 3538 3857
4649 6 2 12 3 1452 3538 3857 1453 3539 3858
4650 6 2 12 3 1453 3539 3858 1454 3540 3859
4651 6 2 12 3 1454 3540 3859 293 1543 1572
4652 6 2 12 3 1201 213 1211 3805 1400 3915
4653 6 2 12 3 3805 1400 3915 3806 1401 3916
4654 6 2 12 3 3806 1401 3916 3807 1402 3917
4655 6 2 12 3 3807 1402 3917 3808 1403 3918
4656 6 2 12 3 3808 1403 3918 3809 1404 3919
4657 6 2 12 3 3809 1404 3919 3810 1405 3920
4658 6 2 12 3 3810 1405 3920 3811 1406 3921
4659 6 2 12 3 3811 1406 3921 3812 1407 3922
4660 6 2 12 3 3812 1407 3922 3813 1408 3923
4661 6 2 12 3 3813 1408 3923 3814 1409 3924
4662 6 2 12 3 3814 1409 3924 3815 1410 3925
4663 6 2 12 3 3815 1410 3925 1568 278 1578
4664 6 2 12 3 54 55 1207 1488 1499 3871
4665 6 2 12 3 1488 1499 3871 1489 1500 3872
4666 6 2 12 3 1489 1500 3872 1490 1501 3873
4667 6 2 12 3 1490 1501 3873 1491 1502 3874
4668 6 2 12 3 1491 1502 3874 1492 1503 3875
4669 6 2 12 3 1492 1503 3875 1493 1504 3876
4670 6 2 12 3 1493 1504 3876 1494 1505 3877
4671 6 2 12 3 1494 1505 3877 1495 1506 3878
4672 6 2 12 3 1495 1506 3878 1496 1507 3879
4673 6 2 12 3 1496 1507 3879 1497 1508 3880
4674 6 2 12 3 1497 1508 3880 1498 1509 3881
4675 6 2 12 3 1498 1509 3881 297 298 1574
4676 6 2 12 3 1210 1206 1217 3904 3860 3981
4677 6 2 12 3 3904 3860 3981 3905 3861 3982
4678 6 2 12 3 3905 3861 3982 3906 3862 3983
4679 6 2 12 3 3906 3862 3983 3907 3863 3984
4680 6 2 12 3 3907 3863 3984 3908 3864 3985
4681 6 2 12 3 3908 3864 3985 3909 3865 3986
4682 6 2 12 3 3909 3865 3986 3910 3866 3987
4683 6 2 12 3 3910 3866 3987 3911 3867 3988
4684 6 2 12 3 3911 3867 3988 3912 3868 3989
4685 6 2 12 3 3912 3868 3989 3913 3869 3990
4686 6 2 12 3 3913 3869 3990 3914 3870 3991
4687 6 2 12 3 3914 3870 3991 1577 1573 1584
4688 6 2 12 3 1179 60 1205 3563 1433 3849
4689 6 2 12 3 3563 1433 3849 3564 1434 3850
4690 6 2 12 3 3564 1434 3850 3565 1435 3851
4691 6 2 12 3 3565 1435 3851 3566 1436 3852
4692 6 2 12 3 3566 1436 3852 3567 1437 3853
4693 6 2 12 3 3567 1437 3853 3568 1438 3854
4694 6 2 12 3 3568 1438 3854 3569 1439 3855
4695 6 2 12 3 3569 1439 3855 3570 1440 3856
4696 6 2 12 3 3570 1440 3856 3571 1441 3857
4697 6 2 12 3 3571 1441 3857 3572 1442 3858
4698 6 2 12 3 3572 1442 3858 3573 1443 3859
4699 6 2 12 3 3573 1443 3859 1546 292 1572
4700 6 2 12 3 1206 1183 1222 3860 3607 4036
4701 6 2 12 3 3860 3607 4036 3861 3608 4037
4702 6 2 12 3 3861 3608 4037 3862 3609 4038
4703 6 2 12 3 3862 3609 4038 3863 3610 4039
4704 6 2 12 3 3863 3610 4039 3864 3611 4040
4705 6 2 12 3 3864 3611 4040 3865 3612 4041
4706 6 2 12 3 3865 3612 4041 3866 3613 4042
4707 6 2 12 3 3866 3613 4042 3867 3614 4043
4708 6 2 12 3 3867 3614 4043 3868 3615 4044
4709 6 2 12 3 3868 3615 4044 3869 3616 4045
4710 6 2 12 3 3869 3616 4045 3870 3617 4046
4711 6 2 12 3 3870 3617 4046 1573 1550 1589
4712 6 2 12 3 55 56 1177 1499 1510 3541
4713 6 2 12 3 1499 1510 3541 1500 1511 3542
4714 6 2 12 3 1500 1511 3542 1501 1512 3543
4715 6 2 12 3 1501 1512 3543 1502 1513 3544
4716 6 2 12 3 1502 1513 3544 1503 1514 3545
4717 6 2 12 3 1503 1514 3545 1504 1515 3546
4718 6 2 12 3 1504 1515 3546 1505 1516 3547
4719 6 2 12 3 1505 1516 3547 1506 1517 3548
4720 6 2 12 3 1506 1517 3548 1507 1518 3549
4721 6 2 12 3 1507 1518 3549 1508 1519 3550
4722 6 2 12 3 1508 1519 3550 1509 1520 3551
4723 6 2 12 3 1509 1520 3551 298 299 1544
4724 6 2 12 3 210 1206 1222 1367 3860 4036
4725 6 2 12 3 1367 3860 4036 1368 3861 4037
4726 6 2 12 3 1368 3861 4037 1369 3862 4038
4727 6 2 12 3 1369 3862 4038 1370 3863 4039
4728 6 2 12 3 1370 3863 4039 1371 3864 4040
4729 6 2 12 3 1371 3864 4040 1372 3865 4041
4730 6 2 12 3 1372 3865 4041 1373 3866 4042
4731 6 2 12 3 1373 3866 4042 1374 3867 4043
4732 6 2 12 3 1374 3867 4043 1375 3868 4044
4733 6 2 12 3 1375 3868 4044 1376 3869 4045
4734 6 2 12 3 1376 3869 4045 1377 3870 4046
4735 6 2 12 3 1377 3870 4046 275 1573 1589
4736 6 2 12 3 1190 1191 1192 3684 3695 3706
4737 6 2 12 3 3684 3695 3706 3685 3696 3707
4738 6 2 12 3 3685 3696 3707 3686 3697 3708
4739 6 2 12 3 3686 3697 3708 3687 3698 3709
4740 6 2 12 3 3687 3698 3709 3688 3699 3710
4741 6 2 12 3 3688 3699 3710 3689 3700 3711
4742 6 2 12 3 3689 3700 3711 3690 3701 3712
4743 6 2 12 3 3690 3701 3712 3691 3702 3713
4744 6 2 12 3 3691 3702 3713 3692 3703 3714
4745 6 2 12 3 3692 3703 3714 3693 3704 3715
4746 6 2 12 3 3693 3704 3715 3694 3705 3716
4747 6 2 12 3 3694 3705 3716 1557 1558 1559
4748 6 2 12 3 140 141 1214 1301 1312 3948
4749 6 2 12 3 1301 1312 3948 1302 1313 3949
4750 6 2 12 3 1302 1313 3949 1303 1314 3950
4751 6 2 12 3 1303 1314 3950 1304 1315 3951
4752 6 2 12 3 1304 1315 3951 1305 1316 3952
4753 6 2 12 3 1305 1316 3952 1306 1317 3953
4754 6 2 12 3 1306 1317 3953 1307 1318 3954
4755 6 2 12 3 1307 1318 3954 1308 1319 3955
4756 6 2 12 3 1308 1319 3955 1309 1320 3956
4757 6 2 12 3 1309 1320 3956 1310 1321 3957
4758 6 2 12 3 1310 1321 3957 1311 1322 3958
4759 6 2 12 3 1311 1322 3958 258 259 1581
4760 6 2 12 3 136 1184 1223 1257 3618 4047
4761 6 2 12 3 1257 3618 4047 1258 3619 4048
4762 6 2 12 3 1258 3619 4048 1259 3620 4049
4763 6 2 12 3 1259 3620 4049 1260 3621 4050
4764 6 2 12 3 1260 3621 4050 1261 3622 4051
4765 6 2 12 3 1261 3622 4051 1262 3623 4052
4766 6 2 12 3 1262 3623 4052 1263 3624 4053
4767 6 2 12 3 1263 3624 4053 1264 3625 4054
4768 6 2 12 3 1264 3625 4054 1265 3626 4055
4769 6 2 12 3 1265 3626 4055 1266 3627 4056
4770 6 2 12 3 1266 3627 4056 1267 3628 4057
4771 6 2 12 3 1267 3628 4057 254 1551 1590
4772 6 2 12 3 1197 1195 1220 3761 3739 4014
4773 6 2 12 3 3761 3739 4014 3762 3740 4015
4774 6 2 12 3 3762 3740 4015 3763 3741 4016
4775 6 2 12 3 3763 3741 4016 3764 3742 4017
4776 6 2 12 3 3764 3742 4017 3765 3743 4018
4777 6 2 12 3 3765 3743 4018 3766 3744 4019
4778 6 2 12 3 3766 3744 4019 3767 3745 4020
4779 6 2 12 3 3767 3745 4020 3768 3746 4021
4780 6 2 12 3 3768 3746 4021 3769 3747 4022
4781 6 2 12 3 3769 3747 4022 3770 3748 4023
4782 6 2 12 3 3770 3748 4023 3771 3749 4024
4783 6 2 12 3 3771 3749 4024 1564 1562 1587
4784 6 2 12 3 1190 1179 1191 3684 3563 3695
4785 6 2 12 3 3684 3563 3695 3685 3564 3696
4786 6 2 12 3 3685 3564 3696 3686 3565 3697
4787 6 2 12 3 3686 3565 3697 3687 3566 3698
4788 6 2 12 3 3687 3566 3698 3688 3567 3699
4789 6 2 12 3 3688 3567 3699 3689 3568 3700
4790 6 2 12 3 3689 3568 3700 3690 3569 3701
4791 6 2 12 3 3690 3569 3701 3691 3570 3702
4792 6 2 12 3 3691 3570 3702 3692 3571 3703
4793 6 2 12 3 3692 3571 3703 3693 3572 3704
4794 6 2 12 3 3693 3572 3704 3694 3573 3705
4795 6 2 12 3 3694 3573 3705 1557 1546 1558
4796 6 2 12 3 1181 1203 1219 3585 3827 4003
4797 6 2 12 3 3585 3827 4003 3586 3828 4004
4798 6 2 12 3 3586 3828 4004 3587 3829 4005
4799 6 2 12 3 3587 3829 4005 3588 3830 4006
4800 6 2 12 3 3588 3830 4006 3589 3831 4007
4801 6 2 12 3 3589 3831 4007 3590 3832 4008
4802 6 2 12 3 3590 3832 4008 3591 3833 4009
4803 6 2 12 3 3591 3833 4009 3592 3834 4010
4804 6 2 12 3 3592 3834 4010 3593 3835 4011
4805 6 2 12 3 3593 3835 4011 3594 3836 4012
4806 6 2 12 3 3594 3836 4012 3595 3837 4013
4807 6 2 12 3 3595 3837 4013 1548 1570 1586
4808 6 2 12 3 56 57 1208 1510 1521 3882
4809 6 2 12 3 1510 1521 3882 1511 1522 3883
4810 6 2 12 3 1511 1522 3883 1512 1523 3884
4811 6 2 12 3 1512 1523 3884 1513 1524 3885
4812 6 2 12 3 1513 1524 3885 1514 1525 3886
4813 6 2 12 3 1514 1525 3886 1515 1526 3887
4814 6 2 12 3 1515 1526 3887 1516 1527 3888
4815 6 2 12 3 1516 1527 3888 1517 1528 3889
4816 6 2 12 3 1517 1528 3889 1518 1529 3890
4817 6 2 12 3 1518 1529 3890 1519 1530 3891
4818 6 2 12 3 1519 1530 3891 1520 1531 3892
4819 6 2 12 3 1520 1531 3892 299 300 1575
4820 6 2 12 3 1183 1206 1210 3607 3860 3904
4821 6 2 12 3 3607 3860 3904 3608 3861 3905
4822 6 2 12 3 3608 3861 3905 3609 3862 3906
4823 6 2 12 3 3609 3862 3906 3610 3863 3907
4824 6 2 12 3 3610 3863 3907 3611 3864 3908
4825 6 2 12 3 3611 3864 3908 3612 3865 3909
4826 6 2 12 3 3612 3865 3909 3613 3866 3910
4827 6 2 12 3 3613 3866 3910 3614 3867 3911
4828 6 2 12 3 3614 3867 3911 3615 3868 3912
4829 6 2 12 3 3615 3868 3912 3616 3869 3913
4830 6 2 12 3 3616 3869 3913 3617 3870 3914
4831 6 2 12 3 3617 3870 3914 1550 1573 1577
4832 6 2 12 3 1204 1183 1210 3838 3607 3904
4833 6 2 12 3 3838 3607 3904 3839 3608 3905
4834 6 2 12 3 3839 3608 3905 3840 3609 3906
4835 6 2 12 3 3840 3609 3906 3841 3610 3907
4836 6 2 12 3 3841 3610 3907 3842 3611 3908
4837 6 2 12 3 3842 3611 3908 3843 3612 3909
4838 6 2 12 3 3843 3612 3909 3844 3613 3910
4839 6 2 12 3 3844 3613 3910 3845 3614 3911
4840 6 2 12 3 3845 3614 3911 3846 3615 3912
4841 6 2 12 3 3846 3615 3912 3847 3616 3913
4842 6 2 12 3 3847 3616 3913 3848 3617 3914
4843 6 2 12 3 3848 3617 3914 1571 1550 1577
4844 6 2 12 3 64 4 1222 1477 264 4036
4845 6 2 12 3 1477 264 4036 1478 265 4037
4846 6 2 12 3 1478 265 4037 1479 266 4038
4847 6 2 12 3 1479 266 4038 1480 267 4039
4848 6 2 12 3 1480 267 4039 1481 268 4040
4849 6 2 12 3 1481 268 4040 1482 269 4041
4850 6 2 12 3 1482 269 4041 1483 270 4042
4851 6 2 12 3 1483 270 4042 1484 271 4043
4852 6 2 12 3 1484 271 4043 1485 272 4044
4853 6 2 12 3 1485 272 4044 1486 273 4045
4854 6 2 12 3 1486 273 4045 1487 274 4046
4855 6 2 12 3 1487 274 4046 296 23 1589
4856 6 2 12 3 57 58 1178 1521 1532 3552
4857 6 2 12 3 1521 1532 3552 1522 1533 3553
4858 6 2 12 3 1522 1533 3553 1523 1534 3554
4859 6 2 12 3 1523 1534 3554 1524 1535 3555
4860 6 2 12 3 1524 1535 3555 1525 1536 3556
4861 6 2 12 3 1525 1536 3556 1526 1537 3557
4862 6 2 12 3 1526 1537 3557 1527 1538 3558
4863 6 2 12 3 1527 1538 3558 1528 1539 3559
4864 6 2 12 3 1528 1539 3559 1529 1540 3560
4865 6 2 12 3 1529 1540 3560 1530 1541 3561
4866 6 2 12 3 1530 1541 3561 1531 1542 3562
4867 6 2 12 3 1531 1542 3562 300 301 1545
4868 6 2 12 3 213 214 1211 1400 1411 3915
4869 6 2 12 3 1400 1411 3915 1401 1412 3916
4870 6 2 12 3 1401 1412 3916 1402 1413 3917
4871 6 2 12 3 1402 1413 3917 1403 1414 3918
4872 6 2 12 3 1403 1414 3918 1404 1415 3919
4873 6 2 12 3 1404 1415 3919 1405 1416 3920
4874 6 2 12 3 1405 1416 3920 1406 1417 3921
4875 6 2 12 3 1406 1417 3921 1407 1418 3922
4876 6 2 12 3 1407 1418 3922 1408 1419 3923
4877 6 2 12 3 1408 1419 3923 1409 1420 3924
4878 6 2 12 3 1409 1420 3924 1410 1421 3925
4879 6 2 12 3 1410 1421 3925 278 279 1578
4880 6 2 12 3 1211 1184 1215 3915 3618 3959
4881 6 2 12 3 3915 3618 3959 3916 3619 3960
4882 6 2 12 3 3916 3619 3960 3917 3620 3961
4883 6 2 12 3 3917 3620 3961 3918 3621 3962
4884 6 2 12 3 3918 3621 3962 3919 3622 3963
4885 6 2 12 3 3919 3622 3963 3920 3623 3964
4886 6 2 12 3 3920 3623 3964 3921 3624 3965
4887 6 2 12 3 3921 3624 3965 3922 3625 3966
4888 6 2 12 3 3922 3625 3966 3923 3626 3967
4889 6 2 12 3 3923 3626 3967 3924 3627 3968
4890 6 2 12 3 3924 3627 3968 3925 3628 3969
4891 6 2 12 3 3925 3628 3969 1578 1551 1582
4892 6 2 12 3 1204 1210 1220 3838 3904 4014
4893 6 2 12 3 3838 3904 4014 3839 3905 4015
4894 6 2 12 3 3839 3905 4015 3840 3906 4016
4895 6 2 12 3 3840 3906 4016 3841 3907 4017
4896 6 2 12 3 3841 3907 4017 3842 3908 4018
4897 6 2 12 3 3842 3908 4018 3843 3909 4019
4898 6 2 12 3 3843 3909 4019 3844 3910 4020
4899 6 2 12 3 3844 3910 4020 3845 3911 4021
4900 6 2 12 3 3845 3911 4021 3846 3912 4022
4901 6 2 12 3 3846 3912 4022 3847 3913 4023
4902 6 2 12 3 3847 3913 4023 3848 3914 4024
4903 6 2 12 3 3848 3914 4024 1571 1577 1587
4904 6 2 12 3 1203 1198 1215 3827 3772 3959
4905 6 2 12 3 3827 3772 3959 3828 3773 3960
4906 6 2 12 3 3828 3773 3960 3829 3774 3961
4907 6 2 12 3 3829 3774 3961 3830 3775 3962
4908 6 2 12 3 3830 3775 3962 3831 3776 3963
4909 6 2 12 3 3831 3776 3963 3832 3777 3964
4910 6 2 12 3 3832 3777 3964 3833 3778 3965
4911 6 2 12 3 3833 3778 3965 3834 3779 3966
4912 6 2 12 3 3834 3779 3966 3835 3780 3967
4913 6 2 12 3 3835 3780 3967 3836 3781 3968
4914 6 2 12 3 3836 3781 3968 3837 3782 3969
4915 6 2 12 3 3837 3782 3969 1570 1565 1582
4916 6 2 12 3 214 5 1223 1411 243 4047
4917 6 2 12 3 1411 243 4047 1412 244 4048
4918 6 2 12 3 1412 244 4048 1413 245 4049
4919 6 2 12 3 1413 245 4049 1414 246 4050
4920 6 2 12 3 1414 246 4050 1415 247 4051
4921 6 2 12 3 1415 247 4051 1416 248 4052
4922 6 2 12 3 1416 248 4052 1417 249 4053
4923 6 2 12 3 1417 249 4053 1418 250 4054
4924 6 2 12 3 1418 250 4054 1419 251 4055
4925 6 2 12 3 1419 251 4055 1420 252 4056
4926 6 2 12 3 1420 252 4056 1421 253 4057
4927 6 2 12 3 1421 253 4057 279 22 1590
4928 6 2 12 3 1198 1197 1217 3772 3761 3981
4929 6 2 12 3 3772 3761 3981 3773 3762 3982
4930 6 2 12 3 3773 3762 3982 3774 3763 3983
4931 6 2 12 3 3774 3763 3983 3775 3764 3984
4932 6 2 12 3 3775 3764 3984 3776 3765 3985
4933 6 2 12 3 3776 3765 3985 3777 3766 3986
4934 6 2 12 3 3777 3766 3986 3778 3767 3987
4935 6 2 12 3 3778 3767 3987 3779 3768 3988
4936 6 2 12 3 3779 3768 3988 3780 3769 3989
4937 6 2 12 3 3780 3769 3989 3781 3770 3990
4938 6 2 12 3 3781 3770 3990 3782 3771 3991
4939 6 2 12 3 3782 3771 3991 1565 1564 1584
4940 6 2 12 3 55 1177 1207 1499 3541 3871
4941 6 2 12 3 1499 3541 3871 1500 3542 3872
4942 6 2 12 3 1500 3542 3872 1501 3543 3873
4943 6 2 12 3 1501 3543 3873 1502 3544 3874
4944 6 2 12 3 1502 3544 3874 1503 3545 3875
4945 6 2 12 3 1503 3545 3875 1504 3546 3876
4946 6 2 12 3 1504 3546 3876 1505 3547 3877
4947 6 2 12 3 1505 3547 3877 1506 3548 3878
4948 6 2 12 3 1506 3548 3878 1507 3549 3879
4949 6 2 12 3 1507 3549 3879 1508 3550 3880
4950 6 2 12 3 1508 3550 3880 1509 3551 3881
4951 6 2 12 3 1509 3551 3881 298 1544 1574
4952 6 2 12 3 137 138 1219 1268 1279 4003
4953 6 2 12 3 1268 1279 4003 1269 1280 4004
4954 6 2 12 3 1269 1280 4004 1270 1281 4005
4955 6 2 12 3 1270 1281 4005 1271 1282 4006
4956 6 2 12 3 1271 1282 4006 1272 1283 4007
4957 6 2 12 3 1272 1283 4007 1273 1284 4008
4958 6 2 12 3 1273 1284 4008 1274 1285 4009
4959 6 2 12 3 1274 1285 4009 1275 1286 4010
4960 6 2 12 3 1275 1286 4010 1276 1287 4011
4961 6 2 12 3 1276 1287 4011 1277 1288 4012
4962 6 2 12 3 1277 1288 4012 1278 1289 4013
4963 6 2 12 3 1278 1289 4013 255 256 1586
4964 6 2 12 3 1177 56 1208 3541 1510 3882
4965 6 2 12 3 3541 1510 3882 3542 1511 3883
4966 6 2 12 3 3542 1511 3883 3543 1512 3884
4967 6 2 12 3 3543 1512 3884 3544 1513 3885
4968 6 2 12 3 3544 1513 3885 3545 1514 3886
4969 6 2 12 3 3545 1514 3886 3546 1515 3887
4970 6 2 12 3 3546 1515 3887 3547 1516 3888
4971 6 2 12 3 3547 1516 3888 3548 1517 3889
4972 6 2 12 3 3548 1517 3889 3549 1518 3890
4973 6 2 12 3 3549 1518 3890 3550 1519 3891
4974 6 2 12 3 3550 1519 3891 3551 1520 3892
4975 6 2 12 3 3551 1520 3892 1544 299 1575
4976 6 2 12 3 1210 1197 1220 3904 3761 4014
4977 6 2 12 3 3904 3761 4014 3905 3762 4015
4978 6 2 12 3 3905 3762 4015 3906 3763 4016
4979 6 2 12 3 3906 3763 4016 3907 3764 4017
4980 6 2 12 3 3907 3764 4017 3908 3765 4018
4981 6 2 12 3 3908 3765 4018 3909 3766 4019
4982 6 2 12 3 3909 3766 4019 3910 3767 4020
4983 6 2 12 3 3910 3767 4020 3911 3768 4021
4984 6 2 12 3 3911 3768 4021 3912 3769 4022
4985 6 2 12 3 3912 3769 4022 3913 3770 4023
4986 6 2 12 3 3913 3770 4023 3914 3771 4024
4987 6 2 12 3 3914 3771 4024 1577 1564 1587
4988 6 2 12 3 57 1178 1208 1521 3552 3882
4989 6 2 12 3 1521 3552 3882 1522 3553 3883
4990 6 2 12 3 1522 3553 3883 1523 3554 3884
4991 6 2 12 3 1523 3554 3884 1524 3555 3885
4992 6 2 12 3 1524 3555 3885 1525 3556 3886
4993 6 2 12 3 1525 3556 3886 1526 3557 3887
4994 6 2 12 3 1526 3557 3887 1527 3558 3888
4995 6 2 12 3 1527 3558 3888 1528 3559 3889
4996 6 2 12 3 1528 3559 3889 1529 3560 3890
4997 6 2 12 3 1529 3560 3890 1530 3561 3891
4998 6 2 12 3 1530 3561 3891 1531 3562 3892
4999 6 2 12 3 1531 3562 3892 300 1545 1575
5000 6 2 12 3 1184 1211 1223 3618 3915 4047
5001 6 2 12 3 3618 3915 4047 3619 3916 4048
5002 6 2 12 3 3619 3916 4048 3620 3917 4049
5003 6 2 12 3 3620 3917 4049 3621 3918 4050
5004 6 2 12 3 3621 3918 4050 3622 3919 4051
5005 6 2 12 3 3622 3919 4051 3623 3920 4052
5006 6 2 12 3 3623 3920 4052 3624 3921 4053
5007 6 2 12 3 3624 3921 4053 3625 3922 4054
5008 6 2 12 3 3625 3922 4054 3626 3923 4055
5009 6 2 12 3 3626 3923 4055 3627 3924 4056
5010 6 2 12 3 3627 3924 4056 3628 3925 4057
5011 6 2 12 3 3628 3925 4057 1551 1578 1590
5012 6 2 12 3 2 54 1218 218 1488 3992
5013 6 2 12 3 218 1488 3992 219 1489 3993
5014 6 2 12 3 219 1489 3993 220 1490 3994
5015 6 2 12 3 220 1490 3994 221 1491 3995
5016 6 2 12 3 221 1491 3995 222 1492 3996
5017 6 2 12 3 222 1492 3996 223 1493 3997
5018 6 2 12 3 223 1493 3997 224 1494 3998
5019 6 2 12 3 224 1494 3998 225 1495 3999
5020 6 2 12 3 225 1495 3999 226 1496 4000
5021 6 2 12 3 226 1496 4000 227 1497 4001
5022 6 2 12 3 227 1497 4001 228 1498 4002
5023 6 2 12 3 228 1498 4002 20 297 1585
5024 6 2 12 3 1209 1185 1212 3893 3629 3926
5025 6 2 12 3 3893 3629 3926 3894 3630 3927
5026 6 2 12 3 3894 3630 3927 3895 3631 3928
5027 6 2 12 3 3895 3631 3928 3896 3632 3929
5028 6 2 12 3 3896 3632 3929 3897 3633 3930
5029 6 2 12 3 3897 3633 3930 3898 3634 3931
5030 6 2 12 3 3898 3634 3931 3899 3635 3932
5031 6 2 12 3 3899 3635 3932 3900 3636 3933
5032 6 2 12 3 3900 3636 3933 3901 3637 3934
5033 6 2 12 3 3901 3637 3934 3902 3638 3935
5034 6 2 12 3 3902 3638 3935 3903 3639 3936
5035 6 2 12 3 3903 3639 3936 1576 1552 1579
5036 6 2 12 3 1187 1190 1216 3651 3684 3970
5037 6 2 12 3 3651 3684 3970 3652 3685 3971
5038 6 2 12 3 3652 3685 3971 3653 3686 3972
5039 6 2 12 3 3653 3686 3972 3654 3687 3973
5040 6 2 12 3 3654 3687 3973 3655 3688 3974
5041 6 2 12 3 3655 3688 3974 3656 3689 3975
5042 6 2 12 3 3656 3689 3975 3657 3690 3976
5043 6 2 12 3 3657 3690 3976 3658 3691 3977
5044 6 2 12 3 3658 3691 3977 3659 3692 3978
5045 6 2 12 3 3659 3692 3978 3660 3693 3979
5046 6 2 12 3 3660 3693 3979 3661 3694 3980
5047 6 2 12 3 3661 3694 3980 1554 1557 1583
5048 6 2 12 3 54 1207 1218 1488 3871 3992
5049 6 2 12 3 1488 3871 3992 1489 3872 3993
5050 6 2 12 3 1489 3872 3993 1490 3873 3994
5051 6 2 12 3 1490 3873 3994 1491 3874 3995
5052 6 2 12 3 1491 3874 3995 1492 3875 3996
5053 6 2 12 3 1492 3875 3996 1493 3876 3997
5054 6 2 12 3 1493 3876 3997 1494 3877 3998
5055 6 2 12 3 1494 3877 3998 1495 3878 3999
5056 6 2 12 3 1495 3878 3999 1496 3879 4000
5057 6 2 12 3 1496 3879 4000 1497 3880 4001
5058 6 2 12 3 1497 3880 4001 1498 3881 4002
5059 6 2 12 3 1498 3881 4002 297 1574 1585
5060 6 2 12 3 1183 64 1222 3607 1477 4036
5061 6 2 12 3 3607 1477 4036 3608 1478 4037
5062 6 2 12 3 3608 1478 4037 3609 1479 4038
5063 6 2 12 3 3609 1479 4038 3610 1480 4039
5064 6 2 12 3 3610 1480 4039 3611 1481 4040
5065 6 2 12 3 3611 1481 4040 3612 1482 4041
5066 6 2 12 3 3612 1482 4041 3613 1483 4042
5067 6 2 12 3 3613 1483 4042 3614 1484 4043
5068 6 2 12 3 3614 1484 4043 3615 1485 4044
5069 6 2 12 3 3615 1485 4044 3616 1486 4045
5070 6 2 12 3 3616 1486 4045 3617 1487 4046
5071 6 2 12 3 3617 1487 4046 1550 296 1589
5072 6 2 12 3 58 3 1221 1532 280 4025
5073 6 2 12 3 1532 280 4025 1533 281 4026
5074 6 2 12 3 1533 281 4026 1534 282 4027
5075 6 2 12 3 1534 282 4027 1535 283 4028
5076 6 2 12 3 1535 283 4028 1536 284 4029
5077 6 2 12 3 1536 284 4029 1537 285 4030
5078 6 2 12 3 1537 285 4030 1538 286 4031
5079 6 2 12 3 1538 286 4031 1539 287 4032
5080 6 2 12 3 1539 287 4032 1540 288 4033
5081 6 2 12 3 1540 288 4033 1541 289 4034
5082 6 2 12 3 1541 289 4034 1542 290 4035
5083 6 2 12 3 1542 290 4035 301 24 1588
5084 6 2 12 3 1189 1188 1194 3673 3662 3728
5085 6 2 12 3 3673 3662 3728 3674 3663 3729
5086 6 2 12 3 3674 3663 3729 3675 3664 3730
5087 6 2 12 3 3675 3664 3730 3676 3665 3731
5088 6 2 12 3 3676 3665 3731 3677 3666 3732
5089 6 2 12 3 3677 3666 3732 3678 3667 3733
5090 6 2 12 3 3678 3667 3733 3679 3668 3734
5091 6 2 12 3 3679 3668 3734 3680 3669 3735
5092 6 2 12 3 3680 3669 3735 3681 3670 3736
5093 6 2 12 3 3681 3670 3736 3682 3671 3737
5094 6 2 12 3 3682 3671 3737 3683 3672 3738
5095 6 2 12 3 3683 3672 3738 1556 1555 1561
5096 6 2 12 3 1208 1178 1209 3882 3552 3893
5097 6 2 12 3 3882 3552 3893 3883 3553 3894
5098 6 2 12 3 3883 3553 3894 3884 3554 3895
5099 6 2 12 3 3884 3554 3895 3885 3555 3896
5100 6 2 12 3 3885 3555 3896 3886 3556 3897
5101 6 2 12 3 3886 3556 3897 3887 3557 3898
5102 6 2 12 3 3887 3557 3898 3888 3558 3899
5103 6 2 12 3 3888 3558 3899 3889 3559 3900
5104 6 2 12 3 3889 3559 3900 3890 3560 3901
5105 6 2 12 3 3890 3560 3901 3891 3561 3902
5106 6 2 12 3 3891 3561 3902 3892 3562 3903
5107 6 2 12 3 3892 3562 3903 1575 1545 1576
5108 6 2 12 3 3 1189 1221 280 3673 4025
5109 6 2 12 3 280 3673 4025 281 3674 4026
5110 6 2 12 3 281 3674 4026 282 3675 4027
5111 6 2 12 3 282 3675 4027 283 3676 4028
5112 6 2 12 3 283 3676 4028 284 3677 4029
5113 6 2 12 3 284 3677 4029 285 3678 4030
5114 6 2 12 3 285 3678 4030 286 3679 4031
5115 6 2 12 3 286 3679 4031 287 3680 4032
5116 6 2 12 3 287 3680 4032 288 3681 4033
5117 6 2 12 3 288 3681 4033 289 3682 4034
5118 6 2 12 3 289 3682 4034 290 3683 4035
5119 6 2 12 3 290 3683 4035 24 1556 1588
5120 6 2 12 3 1176 1204 1220 3530 3838 4014
5121 6 2 12 3 3530 3838 4014 3531 3839 4015
5122 6 2 12 3 3531 3839 4015 3532 3840 4016
5123 6 2 12 3 3532 3840 4016 3533 3841 4017
5124 6 2 12 3 3533 3841 4017 3534 3842 4018
5125 6 2 12 3 3534 3842 4018 3535 3843 4019
5126 6 2 12 3 3535 3843 4019 3536 3844 4020
5127 6 2 12 3 3536 3844 4020 3537 3845 4021
5128 6 2 12 3 3537 3845 4021 3538 3846 4022
5129 6 2 12 3 3538 3846 4022 3539 3847 4023
5130 6 2 12 3 3539 3847 4023 3540 3848 4024
5131 6 2 12 3 3540 3848 4024 1543 1571 1587
5132 6 2 12 3 1188 1187 1216 3662 3651 3970
5133 6 2 12 3 3662 3651 3970 3663 3652 3971
5134 6 2 12 3 3663 3652 3971 3664 3653 3972
5135 6 2 12 3 3664 3653 3972 3665 3654 3973
5136 6 2 12 3 3665 3654 3973 3666 3655 3974
5137 6 2 12 3 3666 3655 3974 3667 3656 3975
5138 6 2 12 3 3667 3656 3975 3668 3657 3976
5139 6 2 12 3 3668 3657 3976 3669 3658 3977
5140 6 2 12 3 3669 3658 3977 3670 3659 3978
5141 6 2 12 3 3670 3659 3978 3671 3660 3979
5142 6 2 12 3 3671 3660 3979 3672 3661 3980
5143 6 2 12 3 3672 3661 3980 1555 1554 1583
5144 6 2 12 3 1178 58 1221 3552 1532 4025
5145 6 2 12 3 3552 1532 4025 3553 1533 4026
5146 6 2 12 3 3553 1533 4026 3554 1534 4027
5147 6 2 12 3 3554 1534 4027 3555 1535 4028
5148 6 2 12 3 3555 1535 4028 3556 1536 4029
5149 6 2 12 3 3556 1536 4029 3557 1537 4030
5150 6 2 12 3 3557 1537 4030 3558 1538 4031
5151 6 2 12 3 3558 1538 4031 3559 1539 4032
5152 6 2 12 3 3559 1539 4032 3560 1540 4033
5153 6 2 12 3 3560 1540 4033 3561 1541 4034
5154 6 2 12 3 3561 1541 4034 3562 1542 4035
5155 6 2 12 3 3562 1542 4035 1545 301 1588
5156 6 2 12 3 1209 1178 1213 3893 3552 3937
5157 6 2 12 3 3893 3552 3937 3894 3553 3938
5158 6 2 12 3 3894 3553 3938 3895 3554 3939
5159 6 2 12 3 3895 3554 3939 3896 3555 3940
5160 6 2 12 3 3896 3555 3940 3897 3556 3941
5161 6 2 12 3 3897 3556 3941 3898 3557 3942
5162 6 2 12 3 3898 3557 3942 3899 3558 3943
5163 6 2 12 3 3899 3558 3943 3900 3559 3944
5164 6 2 12 3 3900 3559 3944 3901 3560 3945
5165 6 2 12 3 3901 3560 3945 3902 3561 3946
5166 6 2 12 3 3902 3561 3946 3903 3562 3947
5167 6 2 12 3 3903 3562 3947 1576 1545 1580
5168 6 2 12 3 1213 1178 1221 3937 3552 4025
5169 6 2 12 3 3937 3552 4025 3938 3553 4026
5170 6 2 12 3 3938 3553 4026 3939 3554 4027
5171 6 2 12 3 3939 3554 4027 3940 3555 4028
5172 6 2 12 3 3940 3555 4028 3941 3556 4029
5173 6 2 12 3 3941 3556 4029 3942 3557 4030
5174 6 2 12 3 3942 3557 4030 3943 3558 4031
5175 6 2 12 3 3943 3558 4031 3944 3559 4032
5176 6 2 12 3 3944 3559 4032 3945 3560 4033
5177 6 2 12 3 3945 3560 4033 3946 3561 4034
5178 6 2 12 3 3946 3561 4034 3947 3562 4035
5179 6 2 12 3 3947 3562 4035 1580 1545 1588
5180 6 2 12 3 1197 1210 1217 3761 3904 3981
5181 6 2 12 3 3761 3904 3981 3762 3905 3982
5182 6 2 12 3 3762 3905 3982 3763 3906 3983
5183 6 2 12 3 3763 3906 3983 3764 3907 3984
5184 6 2 12 3 3764 3907 3984 3765 3908 3985
5185 6 2 12 3 3765 3908 3985 3766 3909 3986
5186 6 2 12 3 3766 3909 3986 3767 3910 3987
5187 6 2 12 3 3767 3910 3987 3768 3911 3988
5188 6 2 12 3 3768 3911 3988 3769 3912 3989
5189 6 2 12 3 3769 3912 3989 3770 3913 3990
5190 6 2 12 3 3770 3913 3990 3771 3914 3991
5191 6 2 12 3 3771 3914 3991 1564 1577 1584
5192 6 2 12 3 1211 214 1223 3915 1411 4047
5193 6 2 12 3 3915 1411 4047 3916 1412 4048
5194 6 2 12 3 3916 1412 4048 3917 1413 4049
5195 6 2 12 3 3917 1413 4049 3918 1414 4050
5196 6 2 12 3 3918 1414 4050 3919 1415 4051
5197 6 2 12 3 3919 1415 4051 3920 1416 4052
5198 6 2 12 3 3920 1416 4052 3921 1417 4053
5199 6 2 12 3 3921 1417 4053 3922 1418 4054
5200 6 2 12 3 3922 1418 4054 3923 1419 4055
5201 6 2 12 3 3923 1419 4055 3924 1420 4056
5202 6 2 12 3 3924 1420 4056 3925 1421 4057
5203 6 2 12 3 3925 1421 4057 1578 279 1590
5204 6 2 12 3 1189 1213 1221 3673 3937 4025
5205 6 2 12 3 3673 3937 4025 3674 3938 4026
5206 6 2 12 3 3674 3938 4026 3675 3939 4027
5207 6 2 12 3 3675 3939 4027 3676 3940 4028
5208 6 2 12 3 3676 3940 4028 3677 3941 4029
5209 6 2 12 3 3677 3941 4029 3678 3942 4030
5210 6 2 12 3 3678 3942 4030 3679 3943 4031
5211 6 2 12 3 3679 3943 4031 3680 3944 4032
5212 6 2 12 3 3680 3944 4032 3681 3945 4033
5213 6 2 12 3 3681 3945 4033 3682 3946 4034
5214 6 2 12 3 3682 3946 4034 3683 3947 4035
5215 6 2 12 3 3683 3947 4035 1556 1580 1588
5216 6 2 12 3 6 217 145 229 1246 1356
5217 6 2 12 3 229 1246 1356 230 1247 1357
5218 6 2 12 3 230 1247 1357 231 1248 1358
5219 6 2 12 3 231 1248 1358 232 1249 1359
5220 6 2 12 3 232 1249 1359 233 1250 1360
5221 6 2 12 3 233 1250 1360 234 1251 1361
5222 6 2 12 3 234 1251 1361 235 1252 1362
5223 6 2 12 3 235 1252 1362 236 1253 1363
5224 6 2 12 3 236 1253 1363 237 1254 1364
5225 6 2 12 3 237 1254 1364 238 1255 1365
5226 6 2 12 3 238 1255 1365 239 1256 1366
5227 6 2 12 3 239 1256 1366 21 242 263
5228 6 2 12 3 145 217 1200 1356 1246 3794
5229 6 2 12 3 1356 1246 3794 1357 1247 3795
5230 6 2 12 3 1357 1247 3795 1358 1248 3796
5231 6 2 12 3 1358 1248 3796 1359 1249 3797
5232 6 2 12 3 1359 1249 3797 1360 1250 3798
5233 6 2 12 3 1360 1250 3798 1361 1251 3799
5234 6 2 12 3 1361 1251 3799 1362 1252 3800
5235 6 2 12 3 1362 1252 3800 1363 1253 3801
5236 6 2 12 3 1363 1253 3801 1364 1254 3802
5237 6 2 12 3 1364 1254 3802 1365 1255 3803
5238 6 2 12 3 1365 1255 3803 1366 1256 3804
5239 6 2 12 3 1366 1256 3804 263 242 1567
5240 6 2 12 4 1608 1595 1619 4245 4102 4366
5241 6 2 12 4 4245 4102 4366 4246 4103 4367
5242 6 2 12 4 4246 4103 4367 4247 4104 4368
5243 6 2 12 4 4247 4104 4368 4248 4105 4369
5244 6 2 12 4 4248 4105 4369 4249 4106 4370
5245 6 2 12 4 4249 4106 4370 4250 4107 4371
5246 6 2 12 4 4250 4107 4371 4251 4108 4372
5247 6 2 12 4 4251 4108 4372 4252 4109 4373
5248 6 2 12 4 4252 4109 4373 4253 4110 4374
5249 6 2 12 4 4253 4110 4374 4254 4111 4375
5250 6 2 12 4 4254 4111 4375 4255 4112 4376
5251 6 2 12 4 4255 4112 4376 1932 1919 1943
5252 6 2 12 4 307 1597 1609 1860 4124 4256
5253 6 2 12 4 1860 4124 4256 1861 4125 4257
5254 6 2 12 4 1861 4125 4257 1862 4126 4258
5255 6 2 12 4 1862 4126 4258 1863 4127 4259
5256 6 2 12 4 1863 4127 4259 1864 4128 4260
5257 6 2 12 4 1864 4128 4260 1865 4129 4261
5258 6 2 12 4 1865 4129 4261 1866 4130 4262
5259 6 2 12 4 1866 4130 4262 1867 4131 4263
5260 6 2 12 4 1867 4131 4263 1868 4132 4264
5261 6 2 12 4 1868 4132 4264 1869 4133 4265
5262 6 2 12 4 1869 4133 4265 1870 4134 4266
5263 6 2 12 4 1870 4134 4266 397 1921 1933
5264 6 2 12 4 1609 1597 1615 4256 4124 4322
5265 6 2 12 4 4256 4124 4322 4257 4125 4323
5266 6 2 12 4 4257 4125 4323 4258 4126 4324
5267 6 2 12 4 4258 4126 4324 4259 4127 4325
5268 6 2 12 4 4259 4127 4325 4260 4128 4326
5269 6 2 12 4 4260 4128 4326 4261 4129 4327
5270 6 2 12 4 4261 4129 4327 4262 4130 4328
5271 6 2 12 4 4262 4130 4328 4263 4131 4329
5272 6 2 12 4 4263 4131 4329 4264 4132 4330
5273 6 2 12 4 4264 4132 4330 4265 4133 4331
5274 6 2 12 4 4265 4133 4331 4266 4134 4332
5275 6 2 12 4 4266 4134 4332 1933 1921 1939
5276 6 2 12 4 316 1607 1617 1684 4234 4344
5277 6 2 12 4 1684 4234 4344 1685 4235 4345
5278 6 2 12 4 1685 4235 4345 1686 4236 4346
5279 6 2 12 4 1686 4236 4346 1687 4237 4347
5280 6 2 12 4 1687 4237 4347 1688 4238 4348
5281 6 2 12 4 1688 4238 4348 1689 4239 4349
5282 6 2 12 4 1689 4239 4349 1690 4240 4350
5283 6 2 12 4 1690 4240 4350 1691 4241 4351
5284 6 2 12 4 1691 4241 4351 1692 4242 4352
5285 6 2 12 4 1692 4242 4352 1693 4243 4353
5286 6 2 12 4 1693 4243 4353 1694 4244 4354
5287 6 2 12 4 1694 4244 4354 348 1931 1941
5288 6 2 12 4 150 1606 1610 1794 4223 4267
5289 6 2 12 4 1794 4223 4267 1795 4224 4268
5290 6 2 12 4 1795 4224 4268 1796 4225 4269
5291 6 2 12 4 1796 4225 4269 1797 4226 4270
5292 6 2 12 4 1797 4226 4270 1798 4227 4271
5293 6 2 12 4 1798 4227 4271 1799 4228 4272
5294 6 2 12 4 1799 4228 4272 1800 4229 4273
5295 6 2 12 4 1800 4229 4273 1801 4230 4274
5296 6 2 12 4 1801 4230 4274 1802 4231 4275
5297 6 2 12 4 1802 4231 4275 1803 4232 4276
5298 6 2 12 4 1803 4232 4276 1804 4233 4277
5299 6 2 12 4 1804 4233 4277 380 1930 1934
5300 6 2 12 4 1617 1607 1618 4344 4234 4355
5301 6 2 12 4 4344 4234 4355 4345 4235 4356
5302 6 2 12 4 4345 4235 4356 4346 4236 4357
5303 6 2 12 4 4346 4236 4357 4347 4237 4358
5304 6 2 12 4 4347 4237 4358 4348 4238 4359
5305 6 2 12 4 4348 4238 4359 4349 4239 4360
5306 6 2 12 4 4349 4239 4360 4350 4240 4361
5307 6 2 12 4 4350 4240 4361 4351 4241 4362
5308 6 2 12 4 4351 4241 4362 4352 4242 4363
5309 6 2 12 4 4352 4242 4363 4353 4243 4364
5310 6 2 12 4 4353 4243 4364 4354 4244 4365
5311 6 2 12 4 4354 4244 4365 1941 1931 1942
5312 6 2 12 4 1595 1617 1619 4102 4344 4366
5313 6 2 12 4 4102 4344 4366 4103 4345 4367
5314 6 2 12 4 4103 4345 4367 4104 4346 4368
5315 6 2 12 4 4104 4346 4368 4105 4347 4369
5316 6 2 12 4 4105 4347 4369 4106 4348 4370
5317 6 2 12 4 4106 4348 4370 4107 4349 4371
5318 6 2 12 4 4107 4349 4371 4108 4350 4372
5319 6 2 12 4 4108 4350 4372 4109 4351 4373
5320 6 2 12 4 4109 4351 4373 4110 4352 4374
5321 6 2 12 4 4110 4352 4374 4111 4353 4375
5322 6 2 12 4 4111 4353 4375 4112 4354 4376
5323 6 2 12 4 4112 4354 4376 1919 1941 1943
5324 6 2 12 4 1591 1610 1636 4058 4267 4553
5325 6 2 12 4 4058 4267 4553 4059 4268 4554
5326 6 2 12 4 4059 4268 4554 4060 4269 4555
5327 6 2 12 4 4060 4269 4555 4061 4270 4556
5328 6 2 12 4 4061 4270 4556 4062 4271 4557
5329 6 2 12 4 4062 4271 4557 4063 4272 4558
5330 6 2 12 4 4063 4272 4558 4064 4273 4559
5331 6 2 12 4 4064 4273 4559 4065 4274 4560
5332 6 2 12 4 4065 4274 4560 4066 4275 4561
5333 6 2 12 4 4066 4275 4561 4067 4276 4562
5334 6 2 12 4 4067 4276 4562 4068 4277 4563
5335 6 2 12 4 4068 4277 4563 1915 1934 1960
5336 6 2 12 4 1595 1608 1627 4102 4245 4454
5337 6 2 12 4 4102 4245 4454 4103 4246 4455
5338 6 2 12 4 4103 4246 4455 4104 4247 4456
5339 6 2 12 4 4104 4247 4456 4105 4248 4457
5340 6 2 12 4 4105 4248 4457 4106 4249 4458
5341 6 2 12 4 4106 4249 4458 4107 4250 4459
5342 6 2 12 4 4107 4250 4459 4108 4251 4460
5343 6 2 12 4 4108 4251 4460 4109 4252 4461
5344 6 2 12 4 4109 4252 4461 4110 4253 4462
5345 6 2 12 4 4110 4253 4462 4111 4254 4463
5346 6 2 12 4 4111 4254 4463 4112 4255 4464
5347 6 2 12 4 4112 4255 4464 1919 1932 1951
5348 6 2 12 4 1610 1591 1634 4267 4058 4531
5349 6 2 12 4 4267 4058 4531 4268 4059 4532
5350 6 2 12 4 4268 4059 4532 4269 4060 4533
5351 6 2 12 4 4269 4060 4533 4270 4061 4534
5352 6 2 12 4 4270 4061 4534 4271 4062 4535
5353 6 2 12 4 4271 4062 4535 4272 4063 4536
5354 6 2 12 4 4272 4063 4536 4273 4064 4537
5355 6 2 12 4 4273 4064 4537 4274 4065 4538
5356 6 2 12 4 4274 4065 4538 4275 4066 4539
5357 6 2 12 4 4275 4066 4539 4276 4067 4540
5358 6 2 12 4 4276 4067 4540 4277 4068 4541
5359 6 2 12 4 4277 4068 4541 1934 1915 1958
5360 6 2 12 4 148 1599 1629 1772 4146 4476
5361 6 2 12 4 1772 4146 4476 1773 4147 4477
5362 6 2 12 4 1773 4147 4477 1774 4148 4478
5363 6 2 12 4 1774 4148 4478 1775 4149 4479
5364 6 2 12 4 1775 4149 4479 1776 4150 4480
5365 6 2 12 4 1776 4150 4480 1777 4151 4481
5366 6 2 12 4 1777 4151 4481 1778 4152 4482
5367 6 2 12 4 1778 4152 4482 1779 4153 4483
5368 6 2 12 4 1779 4153 4483 1780 4154 4484
5369 6 2 12 4 1780 4154 4484 1781 4155 4485
5370 6 2 12 4 1781 4155 4485 1782 4156 4486
5371 6 2 12 4 1782 4156 4486 378 1923 1953
5372 6 2 12 4 150 149 1606 1794 1783 4223
5373 6 2 12 4 1794 1783 4223 1795 1784 4224
5374 6 2 12 4 1795 1784 4224 1796 1785 4225
5375 6 2 12 4 1796 1785 4225 1797 1786 4226
5376 6 2 12 4 1797 1786 4226 1798 1787 4227
5377 6 2 12 4 1798 1787 4227 1799 1788 4228
5378 6 2 12 4 1799 1788 4228 1800 1789 4229
5379 6 2 12 4 1800 1789 4229 1801 1790 4230
5380 6 2 12 4 1801 1790 4230 1802 1791 4231
5381 6 2 12 4 1802 1791 4231 1803 1792 4232
5382 6 2 12 4 1803 1792 4232 1804 1793 4233
5383 6 2 12 4 1804 1793 4233 380 379 1930
5384 6 2 12 4 1623 1593 1629 4410 4080 4476
5385 6 2 12 4 4410 4080 4476 4411 4081 4477
5386 6 2 12 4 4411 4081 4477 4412 4082 4478
5387 6 2 12 4 4412 4082 4478 4413 4083 4479
5388 6 2 12 4 4413 4083 4479 4414 4084 4480
5389 6 2 12 4 4414 4084 4480 4415 4085 4481
5390 6 2 12 4 4415 4085 4481 4416 4086 4482
5391 6 2 12 4 4416 4086 4482 4417 4087 4483
5392 6 2 12 4 4417 4087 4483 4418 4088 4484
5393 6 2 12 4 4418 4088 4484 4419 4089 4485
5394 6 2 12 4 4419 4089 4485 4420 4090 4486
5395 6 2 12 4 4420 4090 4486 1947 1917 1953
5396 6 2 12 4 1597 308 1612 4124 1871 4289
5397 6 2 12 4 4124 1871 4289 4125 1872 4290
5398 6 2 12 4 4125 1872 4290 4126 1873 4291
5399 6 2 12 4 4126 1873 4291 4127 1874 4292
5400 6 2 12 4 4127 1874 4292 4128 1875 4293
5401 6 2 12 4 4128 1875 4293 4129 1876 4294
5402 6 2 12 4 4129 1876 4294 4130 1877 4295
5403 6 2 12 4 4130 1877 4295 4131 1878 4296
5404 6 2 12 4 4131 1878 4296 4132 1879 4297
5405 6 2 12 4 4132 1879 4297 4133 1880 4298
5406 6 2 12 4 4133 1880 4298 4134 1881 4299
5407 6 2 12 4 4134 1881 4299 1921 398 1936
5408 6 2 12 4 1604 1623 1629 4201 4410 4476
5409 6 2 12 4 4201 4410 4476 4202 4411 4477
5410 6 2 12 4 4202 4411 4477 4203 4412 4478
5411 6 2 12 4 4203 4412 4478 4204 4413 4479
5412 6 2 12 4 4204 4413 4479 4205 4414 4480
5413 6 2 12 4 4205 4414 4480 4206 4415 4481
5414 6 2 12 4 4206 4415 4481 4207 4416 4482
5415 6 2 12 4 4207 4416 4482 4208 4417 4483
5416 6 2 12 4 4208 4417 4483 4209 4418 4484
5417 6 2 12 4 4209 4418 4484 4210 4419 4485
5418 6 2 12 4 4210 4419 4485 4211 4420 4486
5419 6 2 12 4 4211 4420 4486 1928 1947 1953
5420 6 2 12 4 1595 315 1617 4102 1673 4344
5421 6 2 12 4 4102 1673 4344 4103 1674 4345
5422 6 2 12 4 4103 1674 4345 4104 1675 4346
5423 6 2 12 4 4104 1675 4346 4105 1676 4347
5424 6 2 12 4 4105 1676 4347 4106 1677 4348
5425 6 2 12 4 4106 1677 4348 4107 1678 4349
5426 6 2 12 4 4107 1678 4349 4108 1679 4350
5427 6 2 12 4 4108 1679 4350 4109 1680 4351
5428 6 2 12 4 4109 1680 4351 4110 1681 4352
5429 6 2 12 4 4110 1681 4352 4111 1682 4353
5430 6 2 12 4 4111 1682 4353 4112 1683 4354
5431 6 2 12 4 4112 1683 4354 1919 347 1941
5432 6 2 12 4 148 147 1599 1772 1761 4146
5433 6 2 12 4 1772 1761 4146 1773 1762 4147
5434 6 2 12 4 1773 1762 4147 1774 1763 4148
5435 6 2 12 4 1774 1763 4148 1775 1764 4149
5436 6 2 12 4 1775 1764 4149 1776 1765 4150
5437 6 2 12 4 1776 1765 4150 1777 1766 4151
5438 6 2 12 4 1777 1766 4151 1778 1767 4152
5439 6 2 12 4 1778 1767 4152 1779 1768 4153
5440 6 2 12 4 1779 1768 4153 1780 1769 4154
5441 6 2 12 4 1780 1769 4154 1781 1770 4155
5442 6 2 12 4 1781 1770 4155 1782 1771 4156
5443 6 2 12 4 1782 1771 4156 378 377 1923
5444 6 2 12 4 1611 1606 1623 4278 4223 4410
5445 6 2 12 4 4278 4223 4410 4279 4224 4411
5446 6 2 12 4 4279 4224 4411 4280 4225 4412
5447 6 2 12 4 4280 4225 4412 4281 4226 4413
5448 6 2 12 4 4281 4226 4413 4282 4227 4414
5449 6 2 12 4 4282 4227 4414 4283 4228 4415
5450 6 2 12 4 4283 4228 4415 4284 4229 4416
5451 6 2 12 4 4284 4229 4416 4285 4230 4417
5452 6 2 12 4 4285 4230 4417 4286 4231 4418
5453 6 2 12 4 4286 4231 4418 4287 4232 4419
5454 6 2 12 4 4287 4232 4419 4288 4233 4420
5455 6 2 12 4 4288 4233 4420 1935 1930 1947
5456 6 2 12 4 1613 1594 1637 4300 4091 4564
5457 6 2 12 4 4300 4091 4564 4301 4092 4565
5458 6 2 12 4 4301 4092 4565 4302 4093 4566
5459 6 2 12 4 4302 4093 4566 4303 4094 4567
5460 6 2 12 4 4303 4094 4567 4304 4095 4568
5461 6 2 12 4 4304 4095 4568 4305 4096 4569
5462 6 2 12 4 4305 4096 4569 4306 4097 4570
5463 6 2 12 4 4306 4097 4570 4307 4098 4571
5464 6 2 12 4 4307 4098 4571 4308 4099 4572
5465 6 2 12 4 4308 4099 4572 4309 4100 4573
5466 6 2 12 4 4309 4100 4573 4310 4101 4574
5467 6 2 12 4 4310 4101 4574 1937 1918 1961
5468 6 2 12 4 315 316 1617 1673 1684 4344
5469 6 2 12 4 1673 1684 4344 1674 1685 4345
5470 6 2 12 4 1674 1685 4345 1675 1686 4346
5471 6 2 12 4 1675 1686 4346 1676 1687 4347
5472 6 2 12 4 1676 1687 4347 1677 1688 4348
5473 6 2 12 4 1677 1688 4348 1678 1689 4349
5474 6 2 12 4 1678 1689 4349 1679 1690 4350
5475 6 2 12 4 1679 1690 4350 1680 1691 4351
5476 6 2 12 4 1680 1691 4351 1681 1692 4352
5477 6 2 12 4 1681 1692 4352 1682 1693 4353
5478 6 2 12 4 1682 1693 4353 1683 1694 4354
5479 6 2 12 4 1683 1694 4354 347 348 1941
5480 6 2 12 4 1593 148 1629 4080 1772 4476
5481 6 2 12 4 4080 1772 4476 4081 1773 4477
5482 6 2 12 4 4081 1773 4477 4082 1774 4478
5483 6 2 12 4 4082 1774 4478 4083 1775 4479
5484 6 2 12 4 4083 1775 4479 4084 1776 4480
5485 6 2 12 4 4084 1776 4480 4085 1777 4481
5486 6 2 12 4 4085 1777 4481 4086 1778 4482
5487 6 2 12 4 4086 1778 4482 4087 1779 4483
5488 6 2 12 4 4087 1779 4483 4088 1780 4484
5489 6 2 12 4 4088 1780 4484 4089 1781 4485
5490 6 2 12 4 4089 1781 4485 4090 1782 4486
5491 6 2 12 4 4090 1782 4486 1917 378 1953
5492 6 2 12 4 1610 1611 1636 4267 4278 4553
5493 6 2 12 4 4267 4278 4553 4268 4279 4554
5494 6 2 12 4 4268 4279 4554 4269 4280 4555
5495 6 2 12 4 4269 4280 4555 4270 4281 4556
5496 6 2 12 4 4270 4281 4556 4271 4282 4557
5497 6 2 12 4 4271 4282 4557 4272 4283 4558
5498 6 2 12 4 4272 4283 4558 4273 4284 4559
5499 6 2 12 4 4273 4284 4559 4274 4285 4560
5500 6 2 12 4 4274 4285 4560 4275 4286 4561
5501 6 2 12 4 4275 4286 4561 4276 4287 4562
5502 6 2 12 4 4276 4287 4562 4277 4288 4563
5503 6 2 12 4 4277 4288 4563 1934 1935 1960
5504 6 2 12 4 307 308 1597 1860 1871 4124
5505 6 2 12 4 1860 1871 4124 1861 1872 4125
5506 6 2 12 4 1861 1872 4125 1862 1873 4126
5507 6 2 12 4 1862 1873 4126 1863 1874 4127
5508 6 2 12 4 1863 1874 4127 1864 1875 4128
5509 6 2 12 4 1864 1875 4128 1865 1876 4129
5510 6 2 12 4 1865 1876 4129 1866 1877 4130
5511 6 2 12 4 1866 1877 4130 1867 1878 4131
5512 6 2 12 4 1867 1878 4131 1868 1879 4132
5513 6 2 12 4 1868 1879 4132 1869 1880 4133
5514 6 2 12 4 1869 1880 4133 1870 1881 4134
5515 6 2 12 4 1870 1881 4134 397 398 1921
5516 6 2 12 4 1597 1614 1615 4124 4311 4322
5517 6 2 12 4 4124 4311 4322 4125 4312 4323
5518 6 2 12 4 4125 4312 4323 4126 4313 4324
5519 6 2 12 4 4126 4313 4324 4127 4314 4325
5520 6 2 12 4 4127 4314 4325 4128 4315 4326
5521 6 2 12 4 4128 4315 4326 4129 4316 4327
5522 6 2 12 4 4129 4316 4327 4130 4317 4328
5523 6 2 12 4 4130 4317 4328 4131 4318 4329
5524 6 2 12 4 4131 4318 4329 4132 4319 4330
5525 6 2 12 4 4132 4319 4330 4133 4320 4331
5526 6 2 12 4 4133 4320 4331 4134 4321 4332
5527 6 2 12 4 4134 4321 4332 1921 1938 1939
5528 6 2 12 4 309 1594 1612 1882 4091 4289
5529 6 2 12 4 1882 4091 4289 1883 4092 4290
5530 6 2 12 4 1883 4092 4290 1884 4093 4291
5531 6 2 12 4 1884 4093 4291 1885 4094 4292
5532 6 2 12 4 1885 4094 4292 1886 4095 4293
5533 6 2 12 4 1886 4095 4293 1887 4096 4294
5534 6 2 12 4 1887 4096 4294 1888 4097 4295
5535 6 2 12 4 1888 4097 4295 1889 4098 4296
5536 6 2 12 4 1889 4098 4296 1890 4099 4297
5537 6 2 12 4 1890 4099 4297 1891 4100 4298
5538 6 2 12 4 1891 4100 4298 1892 4101 4299
5539 6 2 12 4 1892 4101 4299 399 1918 1936
5540 6 2 12 4 1635 1592 1639 4542 4069 4586
5541 6 2 12 4 4542 4069 4586 4543 4070 4587
5542 6 2 12 4 4543 4070 4587 4544 4071 4588
5543 6 2 12 4 4544 4071 4588 4545 4072 4589
5544 6 2 12 4 4545 4072 4589 4546 4073 4590
5545 6 2 12 4 4546 4073 4590 4547 4074 4591
5546 6 2 12 4 4547 4074 4591 4548 4075 4592
5547 6 2 12 4 4548 4075 4592 4549 4076 4593
5548 6 2 12 4 4549 4076 4593 4550 4077 4594
5549 6 2 12 4 4550 4077 4594 4551 4078 4595
5550 6 2 12 4 4551 4078 4595 4552 4079 4596
5551 6 2 12 4 4552 4079 4596 1959 1916 1963
5552 6 2 12 4 1610 1606 1611 4267 4223 4278
5553 6 2 12 4 4267 4223 4278 4268 4224 4279
5554 6 2 12 4 4268 4224 4279 4269 4225 4280
5555 6 2 12 4 4269 4225 4280 4270 4226 4281
5556 6 2 12 4 4270 4226 4281 4271 4227 4282
5557 6 2 12 4 4271 4227 4282 4272 4228 4283
5558 6 2 12 4 4272 4228 4283 4273 4229 4284
5559 6 2 12 4 4273 4229 4284 4274 4230 4285
5560 6 2 12 4 4274 4230 4285 4275 4231 4286
5561 6 2 12 4 4275 4231 4286 4276 4232 4287
5562 6 2 12 4 4276 4232 4287 4277 4233 4288
5563 6 2 12 4 4277 4233 4288 1934 1930 1935
5564 6 2 12 4 1598 313 1616 4135 1651 4333
5565 6 2 12 4 4135 1651 4333 4136 1652 4334
5566 6 2 12 4 4136 1652 4334 4137 1653 4335
5567 6 2 12 4 4137 1653 4335 4138 1654 4336
5568 6 2 12 4 4138 1654 4336 4139 1655 4337
5569 6 2 12 4 4139 1655 4337 4140 1656 4338
5570 6 2 12 4 4140 1656 4338 4141 1657 4339
5571 6 2 12 4 4141 1657 4339 4142 1658 4340
5572 6 2 12 4 4142 1658 4340 4143 1659 4341
5573 6 2 12 4 4143 1659 4341 4144 1660 4342
5574 6 2 12 4 4144 1660 4342 4145 1661 4343
5575 6 2 12 4 4145 1661 4343 1922 345 1940
5576 6 2 12 4 1597 1612 1632 4124 4289 4509
5577 6 2 12 4 4124 4289 4509 4125 4290 4510
5578 6 2 12 4 4125 4290 4510 4126 4291 4511
5579 6 2 12 4 4126 4291 4511 4127 4292 4512
5580 6 2 12 4 4127 4292 4512 4128 4293 4513
5581 6 2 12 4 4128 4293 4513 4129 4294 4514
5582 6 2 12 4 4129 4294 4514 4130 4295 4515
5583 6 2 12 4 4130 4295 4515 4131 4296 4516
5584 6 2 12 4 4131 4296 4516 4132 4297 4517
5585 6 2 12 4 4132 4297 4517 4133 4298 4518
5586 6 2 12 4 4133 4298 4518 4134 4299 4519
5587 6 2 12 4 4134 4299 4519 1921 1936 1956
5588 6 2 12 4 308 309 1612 1871 1882 4289
5589 6 2 12 4 1871 1882 4289 1872 1883 4290
5590 6 2 12 4 1872 1883 4290 1873 1884 4291
5591 6 2 12 4 1873 1884 4291 1874 1885 4292
5592 6 2 12 4 1874 1885 4292 1875 1886 4293
5593 6 2 12 4 1875 1886 4293 1876 1887 4294
5594 6 2 12 4 1876 1887 4294 1877 1888 4295
5595 6 2 12 4 1877 1888 4295 1878 1889 4296
5596 6 2 12 4 1878 1889 4296 1879 1890 4297
5597 6 2 12 4 1879 1890 4297 1880 1891 4298
5598 6 2 12 4 1880 1891 4298 1881 1892 4299
5599 6 2 12 4 1881 1892 4299 398 399 1936
5600 6 2 12 4 314 315 1595 1662 1673 4102
5601 6 2 12 4 1662 1673 4102 1663 1674 4103
5602 6 2 12 4 1663 1674 4103 1664 1675 4104
5603 6 2 12 4 1664 1675 4104 1665 1676 4105
5604 6 2 12 4 1665 1676 4105 1666 1677 4106
5605 6 2 12 4 1666 1677 4106 1667 1678 4107
5606 6 2 12 4 1667 1678 4107 1668 1679 4108
5607 6 2 12 4 1668 1679 4108 1669 1680 4109
5608 6 2 12 4 1669 1680 4109 1670 1681 4110
5609 6 2 12 4 1670 1681 4110 1671 1682 4111
5610 6 2 12 4 1671 1682 4111 1672 1683 4112
5611 6 2 12 4 1672 1683 4112 346 347 1919
5612 6 2 12 4 314 1595 1616 1662 4102 4333
5613 6 2 12 4 1662 4102 4333 1663 4103 4334
5614 6 2 12 4 1663 4103 4334 1664 4104 4335
5615 6 2 12 4 1664 4104 4335 1665 4105 4336
5616 6 2 12 4 1665 4105 4336 1666 4106 4337
5617 6 2 12 4 1666 4106 4337 1667 4107 4338
5618 6 2 12 4 1667 4107 4338 1668 4108 4339
5619 6 2 12 4 1668 4108 4339 1669 4109 4340
5620 6 2 12 4 1669 4109 4340 1670 4110 4341
5621 6 2 12 4 1670 4110 4341 1671 4111 4342
5622 6 2 12 4 1671 4111 4342 1672 4112 4343
5623 6 2 12 4 1672 4112 4343 346 1919 1940
5624 6 2 12 4 1594 1622 1637 4091 4399 4564
5625 6 2 12 4 4091 4399 4564 4092 4400 4565
5626 6 2 12 4 4092 4400 4565 4093 4401 4566
5627 6 2 12 4 4093 4401 4566 4094 4402 4567
5628 6 2 12 4 4094 4402 4567 4095 4403 4568
5629 6 2 12 4 4095 4403 4568 4096 4404 4569
5630 6 2 12 4 4096 4404 4569 4097 4405 4570
5631 6 2 12 4 4097 4405 4570 4098 4406 4571
5632 6 2 12 4 4098 4406 4571 4099 4407 4572
5633 6 2 12 4 4099 4407 4572 4100 4408 4573
5634 6 2 12 4 4100 4408 4573 4101 4409 4574
5635 6 2 12 4 4101 4409 4574 1918 1946 1961
5636 6 2 12 4 309 310 1594 1882 1893 4091
5637 6 2 12 4 1882 1893 4091 1883 1894 4092
5638 6 2 12 4 1883 1894 4092 1884 1895 4093
5639 6 2 12 4 1884 1895 4093 1885 1896 4094
5640 6 2 12 4 1885 1896 4094 1886 1897 4095
5641 6 2 12 4 1886 1897 4095 1887 1898 4096
5642 6 2 12 4 1887 1898 4096 1888 1899 4097
5643 6 2 12 4 1888 1899 4097 1889 1900 4098
5644 6 2 12 4 1889 1900 4098 1890 1901 4099
5645 6 2 12 4 1890 1901 4099 1891 1902 4100
5646 6 2 12 4 1891 1902 4100 1892 1903 4101
5647 6 2 12 4 1892 1903 4101 399 400 1918
5648 6 2 12 4 1614 1597 1632 4311 4124 4509
5649 6 2 12 4 4311 4124 4509 4312 4125 4510
5650 6 2 12 4 4312 4125 4510 4313 4126 4511
5651 6 2 12 4 4313 4126 4511 4314 4127 4512
5652 6 2 12 4 4314 4127 4512 4315 4128 4513
5653 6 2 12 4 4315 4128 4513 4316 4129 4514
5654 6 2 12 4 4316 4129 4514 4317 4130 4515
5655 6 2 12 4 4317 4130 4515 4318 4131 4516
5656 6 2 12 4 4318 4131 4516 4319 4132 4517
5657 6 2 12 4 4319 4132 4517 4320 4133 4518
5658 6 2 12 4 4320 4133 4518 4321 4134 4519
5659 6 2 12 4 4321 4134 4519 1938 1921 1956
5660 6 2 12 4 1611 1623 1633 4278 4410 4520
5661 6 2 12 4 4278 4410 4520 4279 4411 4521
5662 6 2 12 4 4279 4411 4521 4280 4412 4522
5663 6 2 12 4 4280 4412 4522 4281 4413 4523
5664 6 2 12 4 4281 4413 4523 4282 4414 4524
5665 6 2 12 4 4282 4414 4524 4283 4415 4525
5666 6 2 12 4 4283 4415 4525 4284 4416 4526
5667 6 2 12 4 4284 4416 4526 4285 4417 4527
5668 6 2 12 4 4285 4417 4527 4286 4418 4528
5669 6 2 12 4 4286 4418 4528 4287 4419 4529
5670 6 2 12 4 4287 4419 4529 4288 4420 4530
5671 6 2 12 4 4288 4420 4530 1935 1947 1957
5672 6 2 12 4 312 313 1598 1640 1651 4135
5673 6 2 12 4 1640 1651 4135 1641 1652 4136
5674 6 2 12 4 1641 1652 4136 1642 1653 4137
5675 6 2 12 4 1642 1653 4137 1643 1654 4138
5676 6 2 12 4 1643 1654 4138 1644 1655 4139
5677 6 2 12 4 1644 1655 4139 1645 1656 4140
5678 6 2 12 4 1645 1656 4140 1646 1657 4141
5679 6 2 12 4 1646 1657 4141 1647 1658 4142
5680 6 2 12 4 1647 1658 4142 1648 1659 4143
5681 6 2 12 4 1648 1659 4143 1649 1660 4144
5682 6 2 12 4 1649 1660 4144 1650 1661 4145
5683 6 2 12 4 1650 1661 4145 344 345 1922
5684 6 2 12 4 313 314 1616 1651 1662 4333
5685 6 2 12 4 1651 1662 4333 1652 1663 4334
5686 6 2 12 4 1652 1663 4334 1653 1664 4335
5687 6 2 12 4 1653 1664 4335 1654 1665 4336
5688 6 2 12 4 1654 1665 4336 1655 1666 4337
5689 6 2 12 4 1655 1666 4337 1656 1667 4338
5690 6 2 12 4 1656 1667 4338 1657 1668 4339
5691 6 2 12 4 1657 1668 4339 1658 1669 4340
5692 6 2 12 4 1658 1669 4340 1659 1670 4341
5693 6 2 12 4 1659 1670 4341 1660 1671 4342
5694 6 2 12 4 1660 1671 4342 1661 1672 4343
5695 6 2 12 4 1661 1672 4343 345 346 1940
5696 6 2 12 4 147 146 1596 1761 1750 4113
5697 6 2 12 4 1761 1750 4113 1762 1751 4114
5698 6 2 12 4 1762 1751 4114 1763 1752 4115
5699 6 2 12 4 1763 1752 4115 1764 1753 4116
5700 6 2 12 4 1764 1753 4116 1765 1754 4117
5701 6 2 12 4 1765 1754 4117 1766 1755 4118
5702 6 2 12 4 1766 1755 4118 1767 1756 4119
5703 6 2 12 4 1767 1756 4119 1768 1757 4120
5704 6 2 12 4 1768 1757 4120 1769 1758 4121
5705 6 2 12 4 1769 1758 4121 1770 1759 4122
5706 6 2 12 4 1770 1759 4122 1771 1760 4123
5707 6 2 12 4 1771 1760 4123 377 376 1920
5708 6 2 12 4 1594 1613 1624 4091 4300 4421
5709 6 2 12 4 4091 4300 4421 4092 4301 4422
5710 6 2 12 4 4092 4301 4422 4093 4302 4423
5711 6 2 12 4 4093 4302 4423 4094 4303 4424
5712 6 2 12 4 4094 4303 4424 4095 4304 4425
5713 6 2 12 4 4095 4304 4425 4096 4305 4426
5714 6 2 12 4 4096 4305 4426 4097 4306 4427
5715 6 2 12 4 4097 4306 4427 4098 4307 4428
5716 6 2 12 4 4098 4307 4428 4099 4308 4429
5717 6 2 12 4 4099 4308 4429 4100 4309 4430
5718 6 2 12 4 4100 4309 4430 4101 4310 4431
5719 6 2 12 4 4101 4310 4431 1918 1937 1948
5720 6 2 12 4 1621 1635 1639 4388 4542 4586
5721 6 2 12 4 4388 4542 4586 4389 4543 4587
5722 6 2 12 4 4389 4543 4587 4390 4544 4588
5723 6 2 12 4 4390 4544 4588 4391 4545 4589
5724 6 2 12 4 4391 4545 4589 4392 4546 4590
5725 6 2 12 4 4392 4546 4590 4393 4547 4591
5726 6 2 12 4 4393 4547 4591 4394 4548 4592
5727 6 2 12 4 4394 4548 4592 4395 4549 4593
5728 6 2 12 4 4395 4549 4593 4396 4550 4594
5729 6 2 12 4 4396 4550 4594 4397 4551 4595
5730 6 2 12 4 4397 4551 4595 4398 4552 4596
5731 6 2 12 4 4398 4552 4596 1945 1959 1963
5732 6 2 12 4 1594 310 1622 4091 1893 4399
5733 6 2 12 4 4091 1893 4399 4092 1894 4400
5734 6 2 12 4 4092 1894 4400 4093 1895 4401
5735 6 2 12 4 4093 1895 4401 4094 1896 4402
5736 6 2 12 4 4094 1896 4402 4095 1897 4403
5737 6 2 12 4 4095 1897 4403 4096 1898 4404
5738 6 2 12 4 4096 1898 4404 4097 1899 4405
5739 6 2 12 4 4097 1899 4405 4098 1900 4406
5740 6 2 12 4 4098 1900 4406 4099 1901 4407
5741 6 2 12 4 4099 1901 4407 4100 1902 4408
5742 6 2 12 4 4100 1902 4408 4101 1903 4409
5743 6 2 12 4 4101 1903 4409 1918 400 1946
5744 6 2 12 4 310 311 1622 1893 1904 4399
5745 6 2 12 4 1893 1904 4399 1894 1905 4400
5746 6 2 12 4 1894 1905 4400 1895 1906 4401
5747 6 2 12 4 1895 1906 4401 1896 1907 4402
5748 6 2 12 4 1896 1907 4402 1897 1908 4403
5749 6 2 12 4 1897 1908 4403 1898 1909 4404
5750 6 2 12 4 1898 1909 4404 1899 1910 4405
5751 6 2 12 4 1899 1910 4405 1900 1911 4406
5752 6 2 12 4 1900 1911 4406 1901 1912 4407
5753 6 2 12 4 1901 1912 4407 1902 1913 4408
5754 6 2 12 4 1902 1913 4408 1903 1914 4409
5755 6 2 12 4 1903 1914 4409 400 401 1946
5756 6 2 12 4 149 1593 1606 1783 4080 4223
5757 6 2 12 4 1783 4080 4223 1784 4081 4224
5758 6 2 12 4 1784 4081 4224 1785 4082 4225
5759 6 2 12 4 1785 4082 4225 1786 4083 4226
5760 6 2 12 4 1786 4083 4226 1787 4084 4227
5761 6 2 12 4 1787 4084 4227 1788 4085 4228
5762 6 2 12 4 1788 4085 4228 1789 4086 4229
5763 6 2 12 4 1789 4086 4229 1790 4087 4230
5764 6 2 12 4 1790 4087 4230 1791 4088 4231
5765 6 2 12 4 1791 4088 4231 1792 4089 4232
5766 6 2 12 4 1792 4089 4232 1793 4090 4233
5767 6 2 12 4 1793 4090 4233 379 1917 1930
5768 6 2 12 4 150 1610 1630 1794 4267 4487
5769 6 2 12 4 1794 4267 4487 1795 4268 4488
5770 6 2 12 4 1795 4268 4488 1796 4269 4489
5771 6 2 12 4 1796 4269 4489 1797 4270 4490
5772 6 2 12 4 1797 4270 4490 1798 4271 4491
5773 6 2 12 4 1798 4271 4491 1799 4272 4492
5774 6 2 12 4 1799 4272 4492 1800 4273 4493
5775 6 2 12 4 1800 4273 4493 1801 4274 4494
5776 6 2 12 4 1801 4274 4494 1802 4275 4495
5777 6 2 12 4 1802 4275 4495 1803 4276 4496
5778 6 2 12 4 1803 4276 4496 1804 4277 4497
5779 6 2 12 4 1804 4277 4497 380 1934 1954
5780 6 2 12 4 1614 1600 1621 4311 4157 4388
5781 6 2 12 4 4311 4157 4388 4312 4158 4389
5782 6 2 12 4 4312 4158 4389 4313 4159 4390
5783 6 2 12 4 4313 4159 4390 4314 4160 4391
5784 6 2 12 4 4314 4160 4391 4315 4161 4392
5785 6 2 12 4 4315 4161 4392 4316 4162 4393
5786 6 2 12 4 4316 4162 4393 4317 4163 4394
5787 6 2 12 4 4317 4163 4394 4318 4164 4395
5788 6 2 12 4 4318 4164 4395 4319 4165 4396
5789 6 2 12 4 4319 4165 4396 4320 4166 4397
5790 6 2 12 4 4320 4166 4397 4321 4167 4398
5791 6 2 12 4 4321 4167 4398 1938 1924 1945
5792 6 2 12 4 1601 1603 1604 4168 4190 4201
5793 6 2 12 4 4168 4190 4201 4169 4191 4202
5794 6 2 12 4 4169 4191 4202 4170 4192 4203
5795 6 2 12 4 4170 4192 4203 4171 4193 4204
5796 6 2 12 4 4171 4193 4204 4172 4194 4205
5797 6 2 12 4 4172 4194 4205 4173 4195 4206
5798 6 2 12 4 4173 4195 4206 4174 4196 4207
5799 6 2 12 4 4174 4196 4207 4175 4197 4208
5800 6 2 12 4 4175 4197 4208 4176 4198 4209
5801 6 2 12 4 4176 4198 4209 4177 4199 4210
5802 6 2 12 4 4177 4199 4210 4178 4200 4211
5803 6 2 12 4 4178 4200 4211 1925 1927 1928
5804 6 2 12 4 1604 1605 1608 4201 4212 4245
5805 6 2 12 4 4201 4212 4245 4202 4213 4246
5806 6 2 12 4 4202 4213 4246 4203 4214 4247
5807 6 2 12 4 4203 4214 4247 4204 4215 4248
5808 6 2 12 4 4204 4215 4248 4205 4216 4249
5809 6 2 12 4 4205 4216 4249 4206 4217 4250
5810 6 2 12 4 4206 4217 4250 4207 4218 4251
5811 6 2 12 4 4207 4218 4251 4208 4219 4252
5812 6 2 12 4 4208 4219 4252 4209 4220 4253
5813 6 2 12 4 4209 4220 4253 4210 4221 4254
5814 6 2 12 4 4210 4221 4254 4211 4222 4255
5815 6 2 12 4 4211 4222 4255 1928 1929 1932
5816 6 2 12 4 147 1596 1599 1761 4113 4146
5817 6 2 12 4 1761 4113 4146 1762 4114 4147
5818 6 2 12 4 1762 4114 4147 1763 4115 4148
5819 6 2 12 4 1763 4115 4148 1764 4116 4149
5820 6 2 12 4 1764 4116 4149 1765 4117 4150
5821 6 2 12 4 1765 4117 4150 1766 4118 4151
5822 6 2 12 4 1766 4118 4151 1767 4119 4152
5823 6 2 12 4 1767 4119 4152 1768 4120 4153
5824 6 2 12 4 1768 4120 4153 1769 4121 4154
5825 6 2 12 4 1769 4121 4154 1770 4122 4155
5826 6 2 12 4 1770 4122 4155 1771 4123 4156
5827 6 2 12 4 1771 4123 4156 377 1920 1923
5828 6 2 12 4 1612 1594 1624 4289 4091 4421
5829 6 2 12 4 4289 4091 4421 4290 4092 4422
5830 6 2 12 4 4290 4092 4422 4291 4093 4423
5831 6 2 12 4 4291 4093 4423 4292 4094 4424
5832 6 2 12 4 4292 4094 4424 4293 4095 4425
5833 6 2 12 4 4293 4095 4425 4294 4096 4426
5834 6 2 12 4 4294 4096 4426 4295 4097 4427
5835 6 2 12 4 4295 4097 4427 4296 4098 4428
5836 6 2 12 4 4296 4098 4428 4297 4099 4429
5837 6 2 12 4 4297 4099 4429 4298 4100 4430
5838 6 2 12 4 4298 4100 4430 4299 4101 4431
5839 6 2 12 4 4299 4101 4431 1936 1918 1948
5840 6 2 12 4 146 7 1638 1750 365 4575
5841 6 2 12 4 1750 365 4575 1751 366 4576
5842 6 2 12 4 1751 366 4576 1752 367 4577
5843 6 2 12 4 1752 367 4577 1753 368 4578
5844 6 2 12 4 1753 368 4578 1754 369 4579
5845 6 2 12 4 1754 369 4579 1755 370 4580
5846 6 2 12 4 1755 370 4580 1756 371 4581
5847 6 2 12 4 1756 371 4581 1757 372 4582
5848 6 2 12 4 1757 372 4582 1758 373 4583
5849 6 2 12 4 1758 373 4583 1759 374 4584
5850 6 2 12 4 1759 374 4584 1760 375 4585
5851 6 2 12 4 1760 375 4585 376 28 1962
5852 6 2 12 4 1596 146 1620 4113 1750 4377
5853 6 2 12 4 4113 1750 4377 4114 1751 4378
5854 6 2 12 4 4114 1751 4378 4115 1752 4379
5855 6 2 12 4 4115 1752 4379 4116 1753 4380
5856 6 2 12 4 4116 1753 4380 4117 1754 4381
5857 6 2 12 4 4117 1754 4381 4118 1755 4382
5858 6 2 12 4 4118 1755 4382 4119 1756 4383
5859 6 2 12 4 4119 1756 4383 4120 1757 4384
5860 6 2 12 4 4120 1757 4384 4121 1758 4385
5861 6 2 12 4 4121 1758 4385 4122 1759 4386
5862 6 2 12 4 4122 1759 4386 4123 1760 4387
5863 6 2 12 4 4123 1760 4387 1920 376 1944
5864 6 2 12 4 1611 1619 1636 4278 4366 4553
5865 6 2 12 4 4278 4366 4553 4279 4367 4554
5866 6 2 12 4 4279 4367 4554 4280 4368 4555
5867 6 2 12 4 4280 4368 4555 4281 4369 4556
5868 6 2 12 4 4281 4369 4556 4282 4370 4557
5869 6 2 12 4 4282 4370 4557 4283 4371 4558
5870 6 2 12 4 4283 4371 4558 4284 4372 4559
5871 6 2 12 4 4284 4372 4559 4285 4373 4560
5872 6 2 12 4 4285 4373 4560 4286 4374 4561
5873 6 2 12 4 4286 4374 4561 4287 4375 4562
5874 6 2 12 4 4287 4375 4562 4288 4376 4563
5875 6 2 12 4 4288 4376 4563 1935 1943 1960
5876 6 2 12 4 1604 1608 1623 4201 4245 4410
5877 6 2 12 4 4201 4245 4410 4202 4246 4411
5878 6 2 12 4 4202 4246 4411 4203 4247 4412
5879 6 2 12 4 4203 4247 4412 4204 4248 4413
5880 6 2 12 4 4204 4248 4413 4205 4249 4414
5881 6 2 12 4 4205 4249 4414 4206 4250 4415
5882 6 2 12 4 4206 4250 4415 4207 4251 4416
5883 6 2 12 4 4207 4251 4416 4208 4252 4417
5884 6 2 12 4 4208 4252 4417 4209 4253 4418
5885 6 2 12 4 4209 4253 4418 4210 4254 4419
5886 6 2 12 4 4210 4254 4419 4211 4255 4420
5887 6 2 12 4 4211 4255 4420 1928 1932 1947
5888 6 2 12 4 149 148 1593 1783 1772 4080
5889 6 2 12 4 1783 1772 4080 1784 1773 4081
5890 6 2 12 4 1784 1773 4081 1785 1774 4082
5891 6 2 12 4 1785 1774 4082 1786 1775 4083
5892 6 2 12 4 1786 1775 4083 1787 1776 4084
5893 6 2 12 4 1787 1776 4084 1788 1777 4085
5894 6 2 12 4 1788 1777 4085 1789 1778 4086
5895 6 2 12 4 1789 1778 4086 1790 1779 4087
5896 6 2 12 4 1790 1779 4087 1791 1780 4088
5897 6 2 12 4 1791 1780 4088 1792 1781 4089
5898 6 2 12 4 1792 1781 4089 1793 1782 4090
5899 6 2 12 4 1793 1782 4090 379 378 1917
5900 6 2 12 4 1602 1600 1614 4179 4157 4311
5901 6 2 12 4 4179 4157 4311 4180 4158 4312
5902 6 2 12 4 4180 4158 4312 4181 4159 4313
5903 6 2 12 4 4181 4159 4313 4182 4160 4314
5904 6 2 12 4 4182 4160 4314 4183 4161 4315
5905 6 2 12 4 4183 4161 4315 4184 4162 4316
5906 6 2 12 4 4184 4162 4316 4185 4163 4317
5907 6 2 12 4 4185 4163 4317 4186 4164 4318
5908 6 2 12 4 4186 4164 4318 4187 4165 4319
5909 6 2 12 4 4187 4165 4319 4188 4166 4320
5910 6 2 12 4 4188 4166 4320 4189 4167 4321
5911 6 2 12 4 4189 4167 4321 1926 1924 1938
5912 6 2 12 4 1598 1616 1628 4135 4333 4465
5913 6 2 12 4 4135 4333 4465 4136 4334 4466
5914 6 2 12 4 4136 4334 4466 4137 4335 4467
5915 6 2 12 4 4137 4335 4467 4138 4336 4468
5916 6 2 12 4 4138 4336 4468 4139 4337 4469
5917 6 2 12 4 4139 4337 4469 4140 4338 4470
5918 6 2 12 4 4140 4338 4470 4141 4339 4471
5919 6 2 12 4 4141 4339 4471 4142 4340 4472
5920 6 2 12 4 4142 4340 4472 4143 4341 4473
5921 6 2 12 4 4143 4341 4473 4144 4342 4474
5922 6 2 12 4 4144 4342 4474 4145 4343 4475
5923 6 2 12 4 4145 4343 4475 1922 1940 1952
5924 6 2 12 4 1621 1620 1635 4388 4377 4542
5925 6 2 12 4 4388 4377 4542 4389 4378 4543
5926 6 2 12 4 4389 4378 4543 4390 4379 4544
5927 6 2 12 4 4390 4379 4544 4391 4380 4545
5928 6 2 12 4 4391 4380 4545 4392 4381 4546
5929 6 2 12 4 4392 4381 4546 4393 4382 4547
5930 6 2 12 4 4393 4382 4547 4394 4383 4548
5931 6 2 12 4 4394 4383 4548 4395 4384 4549
5932 6 2 12 4 4395 4384 4549 4396 4385 4550
5933 6 2 12 4 4396 4385 4550 4397 4386 4551
5934 6 2 12 4 4397 4386 4551 4398 4387 4552
5935 6 2 12 4 4398 4387 4552 1945 1944 1959
5936 6 2 12 4 1606 1593 1623 4223 4080 4410
5937 6 2 12 4 4223 4080 4410 4224 4081 4411
5938 6 2 12 4 4224 4081 4411 4225 4082 4412
5939 6 2 12 4 4225 4082 4412 4226 4083 4413
5940 6 2 12 4 4226 4083 4413 4227 4084 4414
5941 6 2 12 4 4227 4084 4414 4228 4085 4415
5942 6 2 12 4 4228 4085 4415 4229 4086 4416
5943 6 2 12 4 4229 4086 4416 4230 4087 4417
5944 6 2 12 4 4230 4087 4417 4231 4088 4418
5945 6 2 12 4 4231 4088 4418 4232 4089 4419
5946 6 2 12 4 4232 4089 4419 4233 4090 4420
5947 6 2 12 4 4233 4090 4420 1930 1917 1947
5948 6 2 12 4 1604 1603 1605 4201 4190 4212
5949 6 2 12 4 4201 4190 4212 4202 4191 4213
5950 6 2 12 4 4202 4191 4213 4203 4192 4214
5951 6 2 12 4 4203 4192 4214 4204 4193 4215
5952 6 2 12 4 4204 4193 4215 4205 4194 4216
5953 6 2 12 4 4205 4194 4216 4206 4195 4217
5954 6 2 12 4 4206 4195 4217 4207 4196 4218
5955 6 2 12 4 4207 4196 4218 4208 4197 4219
5956 6 2 12 4 4208 4197 4219 4209 4198 4220
5957 6 2 12 4 4209 4198 4220 4210 4199 4221
5958 6 2 12 4 4210 4199 4221 4211 4200 4222
5959 6 2 12 4 4211 4200 4222 1928 1927 1929
5960 6 2 12 4 1591 1618 1625 4058 4355 4432
5961 6 2 12 4 4058 4355 4432 4059 4356 4433
5962 6 2 12 4 4059 4356 4433 4060 4357 4434
5963 6 2 12 4 4060 4357 4434 4061 4358 4435
5964 6 2 12 4 4061 4358 4435 4062 4359 4436
5965 6 2 12 4 4062 4359 4436 4063 4360 4437
5966 6 2 12 4 4063 4360 4437 4064 4361 4438
5967 6 2 12 4 4064 4361 4438 4065 4362 4439
5968 6 2 12 4 4065 4362 4439 4066 4363 4440
5969 6 2 12 4 4066 4363 4440 4067 4364 4441
5970 6 2 12 4 4067 4364 4441 4068 4365 4442
5971 6 2 12 4 4068 4365 4442 1915 1942 1949
5972 6 2 12 4 1617 1618 1619 4344 4355 4366
5973 6 2 12 4 4344 4355 4366 4345 4356 4367
5974 6 2 12 4 4345 4356 4367 4346 4357 4368
5975 6 2 12 4 4346 4357 4368 4347 4358 4369
5976 6 2 12 4 4347 4358 4369 4348 4359 4370
5977 6 2 12 4 4348 4359 4370 4349 4360 4371
5978 6 2 12 4 4349 4360 4371 4350 4361 4372
5979 6 2 12 4 4350 4361 4372 4351 4362 4373
5980 6 2 12 4 4351 4362 4373 4352 4363 4374
5981 6 2 12 4 4352 4363 4374 4353 4364 4375
5982 6 2 12 4 4353 4364 4375 4354 4365 4376
5983 6 2 12 4 4354 4365 4376 1941 1942 1943
5984 6 2 12 4 8 150 1630 349 1794 4487
5985 6 2 12 4 349 1794 4487 350 1795 4488
5986 6 2 12 4 350 1795 4488 351 1796 4489
5987 6 2 12 4 351 1796 4489 352 1797 4490
5988 6 2 12 4 352 1797 4490 353 1798 4491
5989 6 2 12 4 353 1798 4491 354 1799 4492
5990 6 2 12 4 354 1799 4492 355 1800 4493
5991 6 2 12 4 355 1800 4493 356 1801 4494
5992 6 2 12 4 356 1801 4494 357 1802 4495
5993 6 2 12 4 357 1802 4495 358 1803 4496
5994 6 2 12 4 358 1803 4496 359 1804 4497
5995 6 2 12 4 359 1804 4497 27 380 1954
5996 6 2 12 4 1599 1596 1600 4146 4113 4157
5997 6 2 12 4 4146 4113 4157 4147 4114 4158
5998 6 2 12 4 4147 4114 4158 4148 4115 4159
5999 6 2 12 4 4148 4115 4159 4149 4116 4160
6000 6 2 12 4 4149 4116 4160 4150 4117 4161
6001 6 2 12 4 4150 4117 4161 4151 4118 4162
6002 6 2 12 4 4151 4118 4162 4152 4119 4163
6003 6 2 12 4 4152 4119 4163 4153 4120 4164
6004 6 2 12 4 4153 4120 4164 4154 4121 4165
6005 6 2 12 4 4154 4121 4165 4155 4122 4166
6006 6 2 12 4 4155 4122 4166 4156 4123 4167
6007 6 2 12 4 4156 4123 4167 1923 1920 1924
6008 6 2 12 4 1601 1602 1603 4168 4179 4190
6009 6 2 12 4 4168 4179 4190 4169 4180 4191
6010 6 2 12 4 4169 4180 4191 4170 4181 4192
6011 6 2 12 4 4170 4181 4192 4171 4182 4193
6012 6 2 12 4 4171 4182 4193 4172 4183 4194
6013 6 2 12 4 4172 4183 4194 4173 4184 4195
6014 6 2 12 4 4173 4184 4195 4174 4185 4196
6015 6 2 12 4 4174 4185 4196 4175 4186 4197
6016 6 2 12 4 4175 4186 4197 4176 4187 4198
6017 6 2 12 4 4176 4187 4198 4177 4188 4199
6018 6 2 12 4 4177 4188 4199 4178 4189 4200
6019 6 2 12 4 4178 4189 4200 1925 1926 1927
6020 6 2 12 4 1605 1603 1613 4212 4190 4300
6021 6 2 12 4 4212 4190 4300 4213 4191 4301
6022 6 2 12 4 4213 4191 4301 4214 4192 4302
6023 6 2 12 4 4214 4192 4302 4215 4193 4303
6024 6 2 12 4 4215 4193 4303 4216 4194 4304
6025 6 2 12 4 4216 4194 4304 4217 4195 4305
6026 6 2 12 4 4217 4195 4305 4218 4196 4306
6027 6 2 12 4 4218 4196 4306 4219 4197 4307
6028 6 2 12 4 4219 4197 4307 4220 4198 4308
6029 6 2 12 4 4220 4198 4308 4221 4199 4309
6030 6 2 12 4 4221 4199 4309 4222 4200 4310
6031 6 2 12 4 4222 4200 4310 1929 1927 1937
6032 6 2 12 4 1603 1602 1624 4190 4179 4421
6033 6 2 12 4 4190 4179 4421 4191 4180 4422
6034 6 2 12 4 4191 4180 4422 4192 4181 4423
6035 6 2 12 4 4192 4181 4423 4193 4182 4424
6036 6 2 12 4 4193 4182 4424 4194 4183 4425
6037 6 2 12 4 4194 4183 4425 4195 4184 4426
6038 6 2 12 4 4195 4184 4426 4196 4185 4427
6039 6 2 12 4 4196 4185 4427 4197 4186 4428
6040 6 2 12 4 4197 4186 4428 4198 4187 4429
6041 6 2 12 4 4198 4187 4429 4199 4188 4430
6042 6 2 12 4 4199 4188 4430 4200 4189 4431
6043 6 2 12 4 4200 4189 4431 1927 1926 1948
6044 6 2 12 4 1596 1620 1621 4113 4377 4388
6045 6 2 12 4 4113 4377 4388 4114 4378 4389
6046 6 2 12 4 4114 4378 4389 4115 4379 4390
6047 6 2 12 4 4115 4379 4390 4116 4380 4391
6048 6 2 12 4 4116 4380 4391 4117 4381 4392
6049 6 2 12 4 4117 4381 4392 4118 4382 4393
6050 6 2 12 4 4118 4382 4393 4119 4383 4394
6051 6 2 12 4 4119 4383 4394 4120 4384 4395
6052 6 2 12 4 4120 4384 4395 4121 4385 4396
6053 6 2 12 4 4121 4385 4396 4122 4386 4397
6054 6 2 12 4 4122 4386 4397 4123 4387 4398
6055 6 2 12 4 4123 4387 4398 1920 1944 1945
6056 6 2 12 4 303 304 1592 1816 1827 4069
6057 6 2 12 4 1816 1827 4069 1817 1828 4070
6058 6 2 12 4 1817 1828 4070 1818 1829 4071
6059 6 2 12 4 1818 1829 4071 1819 1830 4072
6060 6 2 12 4 1819 1830 4072 1820 1831 4073
6061 6 2 12 4 1820 1831 4073 1821 1832 4074
6062 6 2 12 4 1821 1832 4074 1822 1833 4075
6063 6 2 12 4 1822 1833 4075 1823 1834 4076
6064 6 2 12 4 1823 1834 4076 1824 1835 4077
6065 6 2 12 4 1824 1835 4077 1825 1836 4078
6066 6 2 12 4 1825 1836 4078 1826 1837 4079
6067 6 2 12 4 1826 1837 4079 393 394 1916
6068 6 2 12 4 319 320 1591 1717 1728 4058
6069 6 2 12 4 1717 1728 4058 1718 1729 4059
6070 6 2 12 4 1718 1729 4059 1719 1730 4060
6071 6 2 12 4 1719 1730 4060 1720 1731 4061
6072 6 2 12 4 1720 1731 4061 1721 1732 4062
6073 6 2 12 4 1721 1732 4062 1722 1733 4063
6074 6 2 12 4 1722 1733 4063 1723 1734 4064
6075 6 2 12 4 1723 1734 4064 1724 1735 4065
6076 6 2 12 4 1724 1735 4065 1725 1736 4066
6077 6 2 12 4 1725 1736 4066 1726 1737 4067
6078 6 2 12 4 1726 1737 4067 1727 1738 4068
6079 6 2 12 4 1727 1738 4068 362 363 1915
6080 6 2 12 4 1619 1618 1636 4366 4355 4553
6081 6 2 12 4 4366 4355 4553 4367 4356 4554
6082 6 2 12 4 4367 4356 4554 4368 4357 4555
6083 6 2 12 4 4368 4357 4555 4369 4358 4556
6084 6 2 12 4 4369 4358 4556 4370 4359 4557
6085 6 2 12 4 4370 4359 4557 4371 4360 4558
6086 6 2 12 4 4371 4360 4558 4372 4361 4559
6087 6 2 12 4 4372 4361 4559 4373 4362 4560
6088 6 2 12 4 4373 4362 4560 4374 4363 4561
6089 6 2 12 4 4374 4363 4561 4375 4364 4562
6090 6 2 12 4 4375 4364 4562 4376 4365 4563
6091 6 2 12 4 4376 4365 4563 1943 1942 1960
6092 6 2 12 4 311 9 1631 1904 322 4498
6093 6 2 12 4 1904 322 4498 1905 323 4499
6094 6 2 12 4 1905 323 4499 1906 324 4500
6095 6 2 12 4 1906 324 4500 1907 325 4501
6096 6 2 12 4 1907 325 4501 1908 326 4502
6097 6 2 12 4 1908 326 4502 1909 327 4503
6098 6 2 12 4 1909 327 4503 1910 328 4504
6099 6 2 12 4 1910 328 4504 1911 329 4505
6100 6 2 12 4 1911 329 4505 1912 330 4506
6101 6 2 12 4 1912 330 4506 1913 331 4507
6102 6 2 12 4 1913 331 4507 1914 332 4508
6103 6 2 12 4 1914 332 4508 401 25 1955
6104 6 2 12 4 9 312 1631 322 1640 4498
6105 6 2 12 4 322 1640 4498 323 1641 4499
6106 6 2 12 4 323 1641 4499 324 1642 4500
6107 6 2 12 4 324 1642 4500 325 1643 4501
6108 6 2 12 4 325 1643 4501 326 1644 4502
6109 6 2 12 4 326 1644 4502 327 1645 4503
6110 6 2 12 4 327 1645 4503 328 1646 4504
6111 6 2 12 4 328 1646 4504 329 1647 4505
6112 6 2 12 4 329 1647 4505 330 1648 4506
6113 6 2 12 4 330 1648 4506 331 1649 4507
6114 6 2 12 4 331 1649 4507 332 1650 4508
6115 6 2 12 4 332 1650 4508 25 344 1955
6116 6 2 12 4 1601 1600 1602 4168 4157 4179
6117 6 2 12 4 4168 4157 4179 4169 4158 4180
6118 6 2 12 4 4169 4158 4180 4170 4159 4181
6119 6 2 12 4 4170 4159 4181 4171 4160 4182
6120 6 2 12 4 4171 4160 4182 4172 4161 4183
6121 6 2 12 4 4172 4161 4183 4173 4162 4184
6122 6 2 12 4 4173 4162 4184 4174 4163 4185
6123 6 2 12 4 4174 4163 4185 4175 4164 4186
6124 6 2 12 4 4175 4164 4186 4176 4165 4187
6125 6 2 12 4 4176 4165 4187 4177 4166 4188
6126 6 2 12 4 4177 4166 4188 4178 4167 4189
6127 6 2 12 4 4178 4167 4189 1925 1924 1926
6128 6 2 12 4 1601 1604 1629 4168 4201 4476
6129 6 2 12 4 4168 4201 4476 4169 4202 4477
6130 6 2 12 4 4169 4202 4477 4170 4203 4478
6131 6 2 12 4 4170 4203 4478 4171 4204 4479
6132 6 2 12 4 4171 4204 4479 4172 4205 4480
6133 6 2 12 4 4172 4205 4480 4173 4206 4481
6134 6 2 12 4 4173 4206 4481 4174 4207 4482
6135 6 2 12 4 4174 4207 4482 4175 4208 4483
6136 6 2 12 4 4175 4208 4483 4176 4209 4484
6137 6 2 12 4 4176 4209 4484 4177 4210 4485
6138 6 2 12 4 4177 4210 4485 4178 4211 4486
6139 6 2 12 4 4178 4211 4486 1925 1928 1953
6140 6 2 12 4 1599 1600 1601 4146 4157 4168
6141 6 2 12 4 4146 4157 4168 4147 4158 4169
6142 6 2 12 4 4147 4158 4169 4148 4159 4170
6143 6 2 12 4 4148 4159 4170 4149 4160 4171
6144 6 2 12 4 4149 4160 4171 4150 4161 4172
6145 6 2 12 4 4150 4161 4172 4151 4162 4173
6146 6 2 12 4 4151 4162 4173 4152 4163 4174
6147 6 2 12 4 4152 4163 4174 4153 4164 4175
6148 6 2 12 4 4153 4164 4175 4154 4165 4176
6149 6 2 12 4 4154 4165 4176 4155 4166 4177
6150 6 2 12 4 4155 4166 4177 4156 4167 4178
6151 6 2 12 4 4156 4167 4178 1923 1924 1925
6152 6 2 12 4 1620 302 1635 4377 1805 4542
6153 6 2 12 4 4377 1805 4542 4378 1806 4543
6154 6 2 12 4 4378 1806 4543 4379 1807 4544
6155 6 2 12 4 4379 1807 4544 4380 1808 4545
6156 6 2 12 4 4380 1808 4545 4381 1809 4546
6157 6 2 12 4 4381 1809 4546 4382 1810 4547
6158 6 2 12 4 4382 1810 4547 4383 1811 4548
6159 6 2 12 4 4383 1811 4548 4384 1812 4549
6160 6 2 12 4 4384 1812 4549 4385 1813 4550
6161 6 2 12 4 4385 1813 4550 4386 1814 4551
6162 6 2 12 4 4386 1814 4551 4387 1815 4552
6163 6 2 12 4 4387 1815 4552 1944 392 1959
6164 6 2 12 4 1613 1603 1624 4300 4190 4421
6165 6 2 12 4 4300 4190 4421 4301 4191 4422
6166 6 2 12 4 4301 4191 4422 4302 4192 4423
6167 6 2 12 4 4302 4192 4423 4303 4193 4424
6168 6 2 12 4 4303 4193 4424 4304 4194 4425
6169 6 2 12 4 4304 4194 4425 4305 4195 4426
6170 6 2 12 4 4305 4195 4426 4306 4196 4427
6171 6 2 12 4 4306 4196 4427 4307 4197 4428
6172 6 2 12 4 4307 4197 4428 4308 4198 4429
6173 6 2 12 4 4308 4198 4429 4309 4199 4430
6174 6 2 12 4 4309 4199 4430 4310 4200 4431
6175 6 2 12 4 4310 4200 4431 1937 1927 1948
6176 6 2 12 4 1600 1596 1621 4157 4113 4388
6177 6 2 12 4 4157 4113 4388 4158 4114 4389
6178 6 2 12 4 4158 4114 4389 4159 4115 4390
6179 6 2 12 4 4159 4115 4390 4160 4116 4391
6180 6 2 12 4 4160 4116 4391 4161 4117 4392
6181 6 2 12 4 4161 4117 4392 4162 4118 4393
6182 6 2 12 4 4162 4118 4393 4163 4119 4394
6183 6 2 12 4 4163 4119 4394 4164 4120 4395
6184 6 2 12 4 4164 4120 4395 4165 4121 4396
6185 6 2 12 4 4165 4121 4396 4166 4122 4397
6186 6 2 12 4 4166 4122 4397 4167 4123 4398
6187 6 2 12 4 4167 4123 4398 1924 1920 1945
6188 6 2 12 4 1592 1626 1639 4069 4443 4586
6189 6 2 12 4 4069 4443 4586 4070 4444 4587
6190 6 2 12 4 4070 4444 4587 4071 4445 4588
6191 6 2 12 4 4071 4445 4588 4072 4446 4589
6192 6 2 12 4 4072 4446 4589 4073 4447 4590
6193 6 2 12 4 4073 4447 4590 4074 4448 4591
6194 6 2 12 4 4074 4448 4591 4075 4449 4592
6195 6 2 12 4 4075 4449 4592 4076 4450 4593
6196 6 2 12 4 4076 4450 4593 4077 4451 4594
6197 6 2 12 4 4077 4451 4594 4078 4452 4595
6198 6 2 12 4 4078 4452 4595 4079 4453 4596
6199 6 2 12 4 4079 4453 4596 1916 1950 1963
6200 6 2 12 4 1609 1615 1626 4256 4322 4443
6201 6 2 12 4 4256 4322 4443 4257 4323 4444
6202 6 2 12 4 4257 4323 4444 4258 4324 4445
6203 6 2 12 4 4258 4324 4445 4259 4325 4446
6204 6 2 12 4 4259 4325 4446 4260 4326 4447
6205 6 2 12 4 4260 4326 4447 4261 4327 4448
6206 6 2 12 4 4261 4327 4448 4262 4328 4449
6207 6 2 12 4 4262 4328 4449 4263 4329 4450
6208 6 2 12 4 4263 4329 4450 4264 4330 4451
6209 6 2 12 4 4264 4330 4451 4265 4331 4452
6210 6 2 12 4 4265 4331 4452 4266 4332 4453
6211 6 2 12 4 4266 4332 4453 1933 1939 1950
6212 6 2 12 4 302 1620 1638 1805 4377 4575
6213 6 2 12 4 1805 4377 4575 1806 4378 4576
6214 6 2 12 4 1806 4378 4576 1807 4379 4577
6215 6 2 12 4 1807 4379 4577 1808 4380 4578
6216 6 2 12 4 1808 4380 4578 1809 4381 4579
6217 6 2 12 4 1809 4381 4579 1810 4382 4580
6218 6 2 12 4 1810 4382 4580 1811 4383 4581
6219 6 2 12 4 1811 4383 4581 1812 4384 4582
6220 6 2 12 4 1812 4384 4582 1813 4385 4583
6221 6 2 12 4 1813 4385 4583 1814 4386 4584
6222 6 2 12 4 1814 4386 4584 1815 4387 4585
6223 6 2 12 4 1815 4387 4585 392 1944 1962
6224 6 2 12 4 305 306 1609 1838 1849 4256
6225 6 2 12 4 1838 1849 4256 1839 1850 4257
6226 6 2 12 4 1839 1850 4257 1840 1851 4258
6227 6 2 12 4 1840 1851 4258 1841 1852 4259
6228 6 2 12 4 1841 1852 4259 1842 1853 4260
6229 6 2 12 4 1842 1853 4260 1843 1854 4261
6230 6 2 12 4 1843 1854 4261 1844 1855 4262
6231 6 2 12 4 1844 1855 4262 1845 1856 4263
6232 6 2 12 4 1845 1856 4263 1846 1857 4264
6233 6 2 12 4 1846 1857 4264 1847 1858 4265
6234 6 2 12 4 1847 1858 4265 1848 1859 4266
6235 6 2 12 4 1848 1859 4266 395 396 1933
6236 6 2 12 4 1618 1591 1636 4355 4058 4553
6237 6 2 12 4 4355 4058 4553 4356 4059 4554
6238 6 2 12 4 4356 4059 4554 4357 4060 4555
6239 6 2 12 4 4357 4060 4555 4358 4061 4556
6240 6 2 12 4 4358 4061 4556 4359 4062 4557
6241 6 2 12 4 4359 4062 4557 4360 4063 4558
6242 6 2 12 4 4360 4063 4558 4361 4064 4559
6243 6 2 12 4 4361 4064 4559 4362 4065 4560
6244 6 2 12 4 4362 4065 4560 4363 4066 4561
6245 6 2 12 4 4363 4066 4561 4364 4067 4562
6246 6 2 12 4 4364 4067 4562 4365 4068 4563
6247 6 2 12 4 4365 4068 4563 1942 1915 1960
6248 6 2 12 4 302 303 1635 1805 1816 4542
6249 6 2 12 4 1805 1816 4542 1806 1817 4543
6250 6 2 12 4 1806 1817 4543 1807 1818 4544
6251 6 2 12 4 1807 1818 4544 1808 1819 4545
6252 6 2 12 4 1808 1819 4545 1809 1820 4546
6253 6 2 12 4 1809 1820 4546 1810 1821 4547
6254 6 2 12 4 1810 1821 4547 1811 1822 4548
6255 6 2 12 4 1811 1822 4548 1812 1823 4549
6256 6 2 12 4 1812 1823 4549 1813 1824 4550
6257 6 2 12 4 1813 1824 4550 1814 1825 4551
6258 6 2 12 4 1814 1825 4551 1815 1826 4552
6259 6 2 12 4 1815 1826 4552 392 393 1959
6260 6 2 12 4 1616 1595 1627 4333 4102 4454
6261 6 2 12 4 4333 4102 4454 4334 4103 4455
6262 6 2 12 4 4334 4103 4455 4335 4104 4456
6263 6 2 12 4 4335 4104 4456 4336 4105 4457
6264 6 2 12 4 4336 4105 4457 4337 4106 4458
6265 6 2 12 4 4337 4106 4458 4338 4107 4459
6266 6 2 12 4 4338 4107 4459 4339 4108 4460
6267 6 2 12 4 4339 4108 4460 4340 4109 4461
6268 6 2 12 4 4340 4109 4461 4341 4110 4462
6269 6 2 12 4 4341 4110 4462 4342 4111 4463
6270 6 2 12 4 4342 4111 4463 4343 4112 4464
6271 6 2 12 4 4343 4112 4464 1940 1919 1951
6272 6 2 12 4 318 319 1625 1706 1717 4432
6273 6 2 12 4 1706 1717 4432 1707 1718 4433
6274 6 2 12 4 1707 1718 4433 1708 1719 4434
6275 6 2 12 4 1708 1719 4434 1709 1720 4435
6276 6 2 12 4 1709 1720 4435 1710 1721 4436
6277 6 2 12 4 1710 1721 4436 1711 1722 4437
6278 6 2 12 4 1711 1722 4437 1712 1723 4438
6279 6 2 12 4 1712 1723 4438 1713 1724 4439
6280 6 2 12 4 1713 1724 4439 1714 1725 4440
6281 6 2 12 4 1714 1725 4440 1715 1726 4441
6282 6 2 12 4 1715 1726 4441 1716 1727 4442
6283 6 2 12 4 1716 1727 4442 361 362 1949
6284 6 2 12 4 304 305 1626 1827 1838 4443
6285 6 2 12 4 1827 1838 4443 1828 1839 4444
6286 6 2 12 4 1828 1839 4444 1829 1840 4445
6287 6 2 12 4 1829 1840 4445 1830 1841 4446
6288 6 2 12 4 1830 1841 4446 1831 1842 4447
6289 6 2 12 4 1831 1842 4447 1832 1843 4448
6290 6 2 12 4 1832 1843 4448 1833 1844 4449
6291 6 2 12 4 1833 1844 4449 1834 1845 4450
6292 6 2 12 4 1834 1845 4450 1835 1846 4451
6293 6 2 12 4 1835 1846 4451 1836 1847 4452
6294 6 2 12 4 1836 1847 4452 1837 1848 4453
6295 6 2 12 4 1837 1848 4453 394 395 1950
6296 6 2 12 4 1618 1607 1625 4355 4234 4432
6297 6 2 12 4 4355 4234 4432 4356 4235 4433
6298 6 2 12 4 4356 4235 4433 4357 4236 4434
6299 6 2 12 4 4357 4236 4434 4358 4237 4435
6300 6 2 12 4 4358 4237 4435 4359 4238 4436
6301 6 2 12 4 4359 4238 4436 4360 4239 4437
6302 6 2 12 4 4360 4239 4437 4361 4240 4438
6303 6 2 12 4 4361 4240 4438 4362 4241 4439
6304 6 2 12 4 4362 4241 4439 4363 4242 4440
6305 6 2 12 4 4363 4242 4440 4364 4243 4441
6306 6 2 12 4 4364 4243 4441 4365 4244 4442
6307 6 2 12 4 4365 4244 4442 1942 1931 1949
6308 6 2 12 4 1615 1614 1639 4322 4311 4586
6309 6 2 12 4 4322 4311 4586 4323 4312 4587
6310 6 2 12 4 4323 4312 4587 4324 4313 4588
6311 6 2 12 4 4324 4313 4588 4325 4314 4589
6312 6 2 12 4 4325 4314 4589 4326 4315 4590
6313 6 2 12 4 4326 4315 4590 4327 4316 4591
6314 6 2 12 4 4327 4316 4591 4328 4317 4592
6315 6 2 12 4 4328 4317 4592 4329 4318 4593
6316 6 2 12 4 4329 4318 4593 4330 4319 4594
6317 6 2 12 4 4330 4319 4594 4331 4320 4595
6318 6 2 12 4 4331 4320 4595 4332 4321 4596
6319 6 2 12 4 4332 4321 4596 1939 1938 1963
6320 6 2 12 4 1624 1602 1632 4421 4179 4509
6321 6 2 12 4 4421 4179 4509 4422 4180 4510
6322 6 2 12 4 4422 4180 4510 4423 4181 4511
6323 6 2 12 4 4423 4181 4511 4424 4182 4512
6324 6 2 12 4 4424 4182 4512 4425 4183 4513
6325 6 2 12 4 4425 4183 4513 4426 4184 4514
6326 6 2 12 4 4426 4184 4514 4427 4185 4515
6327 6 2 12 4 4427 4185 4515 4428 4186 4516
6328 6 2 12 4 4428 4186 4516 4429 4187 4517
6329 6 2 12 4 4429 4187 4517 4430 4188 4518
6330 6 2 12 4 4430 4188 4518 4431 4189 4519
6331 6 2 12 4 4431 4189 4519 1948 1926 1956
6332 6 2 12 4 1614 1621 1639 4311 4388 4586
6333 6 2 12 4 4311 4388 4586 4312 4389 4587
6334 6 2 12 4 4312 4389 4587 4313 4390 4588
6335 6 2 12 4 4313 4390 4588 4314 4391 4589
6336 6 2 12 4 4314 4391 4589 4315 4392 4590
6337 6 2 12 4 4315 4392 4590 4316 4393 4591
6338 6 2 12 4 4316 4393 4591 4317 4394 4592
6339 6 2 12 4 4317 4394 4592 4318 4395 4593
6340 6 2 12 4 4318 4395 4593 4319 4396 4594
6341 6 2 12 4 4319 4396 4594 4320 4397 4595
6342 6 2 12 4 4320 4397 4595 4321 4398 4596
6343 6 2 12 4 4321 4398 4596 1938 1945 1963
6344 6 2 12 4 1619 1611 1633 4366 4278 4520
6345 6 2 12 4 4366 4278 4520 4367 4279 4521
6346 6 2 12 4 4367 4279 4521 4368 4280 4522
6347 6 2 12 4 4368 4280 4522 4369 4281 4523
6348 6 2 12 4 4369 4281 4523 4370 4282 4524
6349 6 2 12 4 4370 4282 4524 4371 4283 4525
6350 6 2 12 4 4371 4283 4525 4372 4284 4526
6351 6 2 12 4 4372 4284 4526 4373 4285 4527
6352 6 2 12 4 4373 4285 4527 4374 4286 4528
6353 6 2 12 4 4374 4286 4528 4375 4287 4529
6354 6 2 12 4 4375 4287 4529 4376 4288 4530
6355 6 2 12 4 4376 4288 4530 1943 1935 1957
6356 6 2 12 4 1612 1624 1632 4289 4421 4509
6357 6 2 12 4 4289 4421 4509 4290 4422 4510
6358 6 2 12 4 4290 4422 4510 4291 4423 4511
6359 6 2 12 4 4291 4423 4511 4292 4424 4512
6360 6 2 12 4 4292 4424 4512 4293 4425 4513
6361 6 2 12 4 4293 4425 4513 4294 4426 4514
6362 6 2 12 4 4294 4426 4514 4295 4427 4515
6363 6 2 12 4 4295 4427 4515 4296 4428 4516
6364 6 2 12 4 4296 4428 4516 4297 4429 4517
6365 6 2 12 4 4297 4429 4517 4298 4430 4518
6366 6 2 12 4 4298 4430 4518 4299 4431 4519
6367 6 2 12 4 4299 4431 4519 1936 1948 1956
6368 6 2 12 4 319 1591 1625 1717 4058 4432
6369 6 2 12 4 1717 4058 4432 1718 4059 4433
6370 6 2 12 4 1718 4059 4433 1719 4060 4434
6371 6 2 12 4 1719 4060 4434 1720 4061 4435
6372 6 2 12 4 1720 4061 4435 1721 4062 4436
6373 6 2 12 4 1721 4062 4436 1722 4063 4437
6374 6 2 12 4 1722 4063 4437 1723 4064 4438
6375 6 2 12 4 1723 4064 4438 1724 4065 4439
6376 6 2 12 4 1724 4065 4439 1725 4066 4440
6377 6 2 12 4 1725 4066 4440 1726 4067 4441
6378 6 2 12 4 1726 4067 4441 1727 4068 4442
6379 6 2 12 4 1727 4068 4442 362 1915 1949
6380 6 2 12 4 1608 1619 1633 4245 4366 4520
6381 6 2 12 4 4245 4366 4520 4246 4367 4521
6382 6 2 12 4 4246 4367 4521 4247 4368 4522
6383 6 2 12 4 4247 4368 4522 4248 4369 4523
6384 6 2 12 4 4248 4369 4523 4249 4370 4524
6385 6 2 12 4 4249 4370 4524 4250 4371 4525
6386 6 2 12 4 4250 4371 4525 4251 4372 4526
6387 6 2 12 4 4251 4372 4526 4252 4373 4527
6388 6 2 12 4 4252 4373 4527 4253 4374 4528
6389 6 2 12 4 4253 4374 4528 4254 4375 4529
6390 6 2 12 4 4254 4375 4529 4255 4376 4530
6391 6 2 12 4 4255 4376 4530 1932 1943 1957
6392 6 2 12 4 317 318 1607 1695 1706 4234
6393 6 2 12 4 1695 1706 4234 1696 1707 4235
6394 6 2 12 4 1696 1707 4235 1697 1708 4236
6395 6 2 12 4 1697 1708 4236 1698 1709 4237
6396 6 2 12 4 1698 1709 4237 1699 1710 4238
6397 6 2 12 4 1699 1710 4238 1700 1711 4239
6398 6 2 12 4 1700 1711 4239 1701 1712 4240
6399 6 2 12 4 1701 1712 4240 1702 1713 4241
6400 6 2 12 4 1702 1713 4241 1703 1714 4242
6401 6 2 12 4 1703 1714 4242 1704 1715 4243
6402 6 2 12 4 1704 1715 4243 1705 1716 4244
6403 6 2 12 4 1705 1716 4244 360 361 1931
6404 6 2 12 4 1592 304 1626 4069 1827 4443
6405 6 2 12 4 4069 1827 4443 4070 1828 4444
6406 6 2 12 4 4070 1828 4444 4071 1829 4445
6407 6 2 12 4 4071 1829 4445 4072 1830 4446
6408 6 2 12 4 4072 1830 4446 4073 1831 4447
6409 6 2 12 4 4073 1831 4447 4074 1832 4448
6410 6 2 12 4 4074 1832 4448 4075 1833 4449
6411 6 2 12 4 4075 1833 4449 4076 1834 4450
6412 6 2 12 4 4076 1834 4450 4077 1835 4451
6413 6 2 12 4 4077 1835 4451 4078 1836 4452
6414 6 2 12 4 4078 1836 4452 4079 1837 4453
6415 6 2 12 4 4079 1837 4453 1916 394 1950
6416 6 2 12 4 1622 311 1631 4399 1904 4498
6417 6 2 12 4 4399 1904 4498 4400 1905 4499
6418 6 2 12 4 4400 1905 4499 4401 1906 4500
6419 6 2 12 4 4401 1906 4500 4402 1907 4501
6420 6 2 12 4 4402 1907 4501 4403 1908 4502
6421 6 2 12 4 4403 1908 4502 4404 1909 4503
6422 6 2 12 4 4404 1909 4503 4405 1910 4504
6423 6 2 12 4 4405 1910 4504 4406 1911 4505
6424 6 2 12 4 4406 1911 4505 4407 1912 4506
6425 6 2 12 4 4407 1912 4506 4408 1913 4507
6426 6 2 12 4 4408 1913 4507 4409 1914 4508
6427 6 2 12 4 4409 1914 4508 1946 401 1955
6428 6 2 12 4 1591 320 1634 4058 1728 4531
6429 6 2 12 4 4058 1728 4531 4059 1729 4532
6430 6 2 12 4 4059 1729 4532 4060 1730 4533
6431 6 2 12 4 4060 1730 4533 4061 1731 4534
6432 6 2 12 4 4061 1731 4534 4062 1732 4535
6433 6 2 12 4 4062 1732 4535 4063 1733 4536
6434 6 2 12 4 4063 1733 4536 4064 1734 4537
6435 6 2 12 4 4064 1734 4537 4065 1735 4538
6436 6 2 12 4 4065 1735 4538 4066 1736 4539
6437 6 2 12 4 4066 1736 4539 4067 1737 4540
6438 6 2 12 4 4067 1737 4540 4068 1738 4541
6439 6 2 12 4 4068 1738 4541 1915 363 1958
6440 6 2 12 4 1626 1615 1639 4443 4322 4586
6441 6 2 12 4 4443 4322 4586 4444 4323 4587
6442 6 2 12 4 4444 4323 4587 4445 4324 4588
6443 6 2 12 4 4445 4324 4588 4446 4325 4589
6444 6 2 12 4 4446 4325 4589 4447 4326 4590
6445 6 2 12 4 4447 4326 4590 4448 4327 4591
6446 6 2 12 4 4448 4327 4591 4449 4328 4592
6447 6 2 12 4 4449 4328 4592 4450 4329 4593
6448 6 2 12 4 4450 4329 4593 4451 4330 4594
6449 6 2 12 4 4451 4330 4594 4452 4331 4595
6450 6 2 12 4 4452 4331 4595 4453 4332 4596
6451 6 2 12 4 4453 4332 4596 1950 1939 1963
6452 6 2 12 4 312 1598 1631 1640 4135 4498
6453 6 2 12 4 1640 4135 4498 1641 4136 4499
6454 6 2 12 4 1641 4136 4499 1642 4137 4500
6455 6 2 12 4 1642 4137 4500 1643 4138 4501
6456 6 2 12 4 1643 4138 4501 1644 4139 4502
6457 6 2 12 4 1644 4139 4502 1645 4140 4503
6458 6 2 12 4 1645 4140 4503 1646 4141 4504
6459 6 2 12 4 1646 4141 4504 1647 4142 4505
6460 6 2 12 4 1647 4142 4505 1648 4143 4506
6461 6 2 12 4 1648 4143 4506 1649 4144 4507
6462 6 2 12 4 1649 4144 4507 1650 4145 4508
6463 6 2 12 4 1650 4145 4508 344 1922 1955
6464 6 2 12 4 1608 1605 1627 4245 4212 4454
6465 6 2 12 4 4245 4212 4454 4246 4213 4455
6466 6 2 12 4 4246 4213 4455 4247 4214 4456
6467 6 2 12 4 4247 4214 4456 4248 4215 4457
6468 6 2 12 4 4248 4215 4457 4249 4216 4458
6469 6 2 12 4 4249 4216 4458 4250 4217 4459
6470 6 2 12 4 4250 4217 4459 4251 4218 4460
6471 6 2 12 4 4251 4218 4460 4252 4219 4461
6472 6 2 12 4 4252 4219 4461 4253 4220 4462
6473 6 2 12 4 4253 4220 4462 4254 4221 4463
6474 6 2 12 4 4254 4221 4463 4255 4222 4464
6475 6 2 12 4 4255 4222 4464 1932 1929 1951
6476 6 2 12 4 305 1609 1626 1838 4256 4443
6477 6 2 12 4 1838 4256 4443 1839 4257 4444
6478 6 2 12 4 1839 4257 4444 1840 4258 4445
6479 6 2 12 4 1840 4258 4445 1841 4259 4446
6480 6 2 12 4 1841 4259 4446 1842 4260 4447
6481 6 2 12 4 1842 4260 4447 1843 4261 4448
6482 6 2 12 4 1843 4261 4448 1844 4262 4449
6483 6 2 12 4 1844 4262 4449 1845 4263 4450
6484 6 2 12 4 1845 4263 4450 1846 4264 4451
6485 6 2 12 4 1846 4264 4451 1847 4265 4452
6486 6 2 12 4 1847 4265 4452 1848 4266 4453
6487 6 2 12 4 1848 4266 4453 395 1933 1950
6488 6 2 12 4 1598 1628 1637 4135 4465 4564
6489 6 2 12 4 4135 4465 4564 4136 4466 4565
6490 6 2 12 4 4136 4466 4565 4137 4467 4566
6491 6 2 12 4 4137 4467 4566 4138 4468 4567
6492 6 2 12 4 4138 4468 4567 4139 4469 4568
6493 6 2 12 4 4139 4469 4568 4140 4470 4569
6494 6 2 12 4 4140 4470 4569 4141 4471 4570
6495 6 2 12 4 4141 4471 4570 4142 4472 4571
6496 6 2 12 4 4142 4472 4571 4143 4473 4572
6497 6 2 12 4 4143 4473 4572 4144 4474 4573
6498 6 2 12 4 4144 4474 4573 4145 4475 4574
6499 6 2 12 4 4145 4475 4574 1922 1952 1961
6500 6 2 12 4 321 8 1630 1739 349 4487
6501 6 2 12 4 1739 349 4487 1740 350 4488
6502 6 2 12 4 1740 350 4488 1741 351 4489
6503 6 2 12 4 1741 351 4489 1742 352 4490
6504 6 2 12 4 1742 352 4490 1743 353 4491
6505 6 2 12 4 1743 353 4491 1744 354 4492
6506 6 2 12 4 1744 354 4492 1745 355 4493
6507 6 2 12 4 1745 355 4493 1746 356 4494
6508 6 2 12 4 1746 356 4494 1747 357 4495
6509 6 2 12 4 1747 357 4495 1748 358 4496
6510 6 2 12 4 1748 358 4496 1749 359 4497
6511 6 2 12 4 1749 359 4497 364 27 1954
6512 6 2 12 4 1598 1622 1631 4135 4399 4498
6513 6 2 12 4 4135 4399 4498 4136 4400 4499
6514 6 2 12 4 4136 4400 4499 4137 4401 4500
6515 6 2 12 4 4137 4401 4500 4138 4402 4501
6516 6 2 12 4 4138 4402 4501 4139 4403 4502
6517 6 2 12 4 4139 4403 4502 4140 4404 4503
6518 6 2 12 4 4140 4404 4503 4141 4405 4504
6519 6 2 12 4 4141 4405 4504 4142 4406 4505
6520 6 2 12 4 4142 4406 4505 4143 4407 4506
6521 6 2 12 4 4143 4407 4506 4144 4408 4507
6522 6 2 12 4 4144 4408 4507 4145 4409 4508
6523 6 2 12 4 4145 4409 4508 1922 1946 1955
6524 6 2 12 4 1620 146 1638 4377 1750 4575
6525 6 2 12 4 4377 1750 4575 4378 1751 4576
6526 6 2 12 4 4378 1751 4576 4379 1752 4577
6527 6 2 12 4 4379 1752 4577 4380 1753 4578
6528 6 2 12 4 4380 1753 4578 4381 1754 4579
6529 6 2 12 4 4381 1754 4579 4382 1755 4580
6530 6 2 12 4 4382 1755 4580 4383 1756 4581
6531 6 2 12 4 4383 1756 4581 4384 1757 4582
6532 6 2 12 4 4384 1757 4582 4385 1758 4583
6533 6 2 12 4 4385 1758 4583 4386 1759 4584
6534 6 2 12 4 4386 1759 4584 4387 1760 4585
6535 6 2 12 4 4387 1760 4585 1944 376 1962
6536 6 2 12 4 1605 1613 1628 4212 4300 4465
6537 6 2 12 4 4212 4300 4465 4213 4301 4466
6538 6 2 12 4 4213 4301 4466 4214 4302 4467
6539 6 2 12 4 4214 4302 4467 4215 4303 4468
6540 6 2 12 4 4215 4303 4468 4216 4304 4469
6541 6 2 12 4 4216 4304 4469 4217 4305 4470
6542 6 2 12 4 4217 4305 4470 4218 4306 4471
6543 6 2 12 4 4218 4306 4471 4219 4307 4472
6544 6 2 12 4 4219 4307 4472 4220 4308 4473
6545 6 2 12 4 4220 4308 4473 4221 4309 4474
6546 6 2 12 4 4221 4309 4474 4222 4310 4475
6547 6 2 12 4 4222 4310 4475 1929 1937 1952
6548 6 2 12 4 1623 1608 1633 4410 4245 4520
6549 6 2 12 4 4410 4245 4520 4411 4246 4521
6550 6 2 12 4 4411 4246 4521 4412 4247 4522
6551 6 2 12 4 4412 4247 4522 4413 4248 4523
6552 6 2 12 4 4413 4248 4523 4414 4249 4524
6553 6 2 12 4 4414 4249 4524 4415 4250 4525
6554 6 2 12 4 4415 4250 4525 4416 4251 4526
6555 6 2 12 4 4416 4251 4526 4417 4252 4527
6556 6 2 12 4 4417 4252 4527 4418 4253 4528
6557 6 2 12 4 4418 4253 4528 4419 4254 4529
6558 6 2 12 4 4419 4254 4529 4420 4255 4530
6559 6 2 12 4 4420 4255 4530 1947 1932 1957
6560 6 2 12 4 1599 1601 1629 4146 4168 4476
6561 6 2 12 4 4146 4168 4476 4147 4169 4477
6562 6 2 12 4 4147 4169 4477 4148 4170 4478
6563 6 2 12 4 4148 4170 4478 4149 4171 4479
6564 6 2 12 4 4149 4171 4479 4150 4172 4480
6565 6 2 12 4 4150 4172 4480 4151 4173 4481
6566 6 2 12 4 4151 4173 4481 4152 4174 4482
6567 6 2 12 4 4152 4174 4482 4153 4175 4483
6568 6 2 12 4 4153 4175 4483 4154 4176 4484
6569 6 2 12 4 4154 4176 4484 4155 4177 4485
6570 6 2 12 4 4155 4177 4485 4156 4178 4486
6571 6 2 12 4 4156 4178 4486 1923 1925 1953
6572 6 2 12 4 320 321 1634 1728 1739 4531
6573 6 2 12 4 1728 1739 4531 1729 1740 4532
6574 6 2 12 4 1729 1740 4532 1730 1741 4533
6575 6 2 12 4 1730 1741 4533 1731 1742 4534
6576 6 2 12 4 1731 1742 4534 1732 1743 4535
6577 6 2 12 4 1732 1743 4535 1733 1744 4536
6578 6 2 12 4 1733 1744 4536 1734 1745 4537
6579 6 2 12 4 1734 1745 4537 1735 1746 4538
6580 6 2 12 4 1735 1746 4538 1736 1747 4539
6581 6 2 12 4 1736 1747 4539 1737 1748 4540
6582 6 2 12 4 1737 1748 4540 1738 1749 4541
6583 6 2 12 4 1738 1749 4541 363 364 1958
6584 6 2 12 4 1627 1605 1628 4454 4212 4465
6585 6 2 12 4 4454 4212 4465 4455 4213 4466
6586 6 2 12 4 4455 4213 4466 4456 4214 4467
6587 6 2 12 4 4456 4214 4467 4457 4215 4468
6588 6 2 12 4 4457 4215 4468 4458 4216 4469
6589 6 2 12 4 4458 4216 4469 4459 4217 4470
6590 6 2 12 4 4459 4217 4470 4460 4218 4471
6591 6 2 12 4 4460 4218 4471 4461 4219 4472
6592 6 2 12 4 4461 4219 4472 4462 4220 4473
6593 6 2 12 4 4462 4220 4473 4463 4221 4474
6594 6 2 12 4 4463 4221 4474 4464 4222 4475
6595 6 2 12 4 4464 4222 4475 1951 1929 1952
6596 6 2 12 4 1602 1614 1632 4179 4311 4509
6597 6 2 12 4 4179 4311 4509 4180 4312 4510
6598 6 2 12 4 4180 4312 4510 4181 4313 4511
6599 6 2 12 4 4181 4313 4511 4182 4314 4512
6600 6 2 12 4 4182 4314 4512 4183 4315 4513
6601 6 2 12 4 4183 4315 4513 4184 4316 4514
6602 6 2 12 4 4184 4316 4514 4185 4317 4515
6603 6 2 12 4 4185 4317 4515 4186 4318 4516
6604 6 2 12 4 4186 4318 4516 4187 4319 4517
6605 6 2 12 4 4187 4319 4517 4188 4320 4518
6606 6 2 12 4 4188 4320 4518 4189 4321 4519
6607 6 2 12 4 4189 4321 4519 1926 1938 1956
6608 6 2 12 4 1616 1627 1628 4333 4454 4465
6609 6 2 12 4 4333 4454 4465 4334 4455 4466
6610 6 2 12 4 4334 4455 4466 4335 4456 4467
6611 6 2 12 4 4335 4456 4467 4336 4457 4468
6612 6 2 12 4 4336 4457 4468 4337 4458 4469
6613 6 2 12 4 4337 4458 4469 4338 4459 4470
6614 6 2 12 4 4338 4459 4470 4339 4460 4471
6615 6 2 12 4 4339 4460 4471 4340 4461 4472
6616 6 2 12 4 4340 4461 4472 4341 4462 4473
6617 6 2 12 4 4341 4462 4473 4342 4463 4474
6618 6 2 12 4 4342 4463 4474 4343 4464 4475
6619 6 2 12 4 4343 4464 4475 1940 1951 1952
6620 6 2 12 4 7 302 1638 365 1805 4575
6621 6 2 12 4 365 1805 4575 366 1806 4576
6622 6 2 12 4 366 1806 4576 367 1807 4577
6623 6 2 12 4 367 1807 4577 368 1808 4578
6624 6 2 12 4 368 1808 4578 369 1809 4579
6625 6 2 12 4 369 1809 4579 370 1810 4580
6626 6 2 12 4 370 1810 4580 371 1811 4581
6627 6 2 12 4 371 1811 4581 372 1812 4582
6628 6 2 12 4 372 1812 4582 373 1813 4583
6629 6 2 12 4 373 1813 4583 374 1814 4584
6630 6 2 12 4 374 1814 4584 375 1815 4585
6631 6 2 12 4 375 1815 4585 28 392 1962
6632 6 2 12 4 1622 1598 1637 4399 4135 4564
6633 6 2 12 4 4399 4135 4564 4400 4136 4565
6634 6 2 12 4 4400 4136 4565 4401 4137 4566
6635 6 2 12 4 4401 4137 4566 4402 4138 4567
6636 6 2 12 4 4402 4138 4567 4403 4139 4568
6637 6 2 12 4 4403 4139 4568 4404 4140 4569
6638 6 2 12 4 4404 4140 4569 4405 4141 4570
6639 6 2 12 4 4405 4141 4570 4406 4142 4571
6640 6 2 12 4 4406 4142 4571 4407 4143 4572
6641 6 2 12 4 4407 4143 4572 4408 4144 4573
6642 6 2 12 4 4408 4144 4573 4409 4145 4574
6643 6 2 12 4 4409 4145 4574 1946 1922 1961
6644 6 2 12 4 1607 318 1625 4234 1706 4432
6645 6 2 12 4 4234 1706 4432 4235 1707 4433
6646 6 2 12 4 4235 1707 4433 4236 1708 4434
6647 6 2 12 4 4236 1708 4434 4237 1709 4435
6648 6 2 12 4 4237 1709 4435 4238 1710 4436
6649 6 2 12 4 4238 1710 4436 4239 1711 4437
6650 6 2 12 4 4239 1711 4437 4240 1712 4438
6651 6 2 12 4 4240 1712 4438 4241 1713 4439
6652 6 2 12 4 4241 1713 4439 4242 1714 4440
6653 6 2 12 4 4242 1714 4440 4243 1715 4441
6654 6 2 12 4 4243 1715 4441 4244 1716 4442
6655 6 2 12 4 4244 1716 4442 1931 361 1949
6656 6 2 12 4 321 1630 1634 1739 4487 4531
6657 6 2 12 4 1739 4487 4531 1740 4488 4532
6658 6 2 12 4 1740 4488 4532 1741 4489 4533
6659 6 2 12 4 1741 4489 4533 1742 4490 4534
6660 6 2 12 4 1742 4490 4534 1743 4491 4535
6661 6 2 12 4 1743 4491 4535 1744 4492 4536
6662 6 2 12 4 1744 4492 4536 1745 4493 4537
6663 6 2 12 4 1745 4493 4537 1746 4494 4538
6664 6 2 12 4 1746 4494 4538 1747 4495 4539
6665 6 2 12 4 1747 4495 4539 1748 4496 4540
6666 6 2 12 4 1748 4496 4540 1749 4497 4541
6667 6 2 12 4 1749 4497 4541 364 1954 1958
6668 6 2 12 4 303 1592 1635 1816 4069 4542
6669 6 2 12 4 1816 4069 4542 1817 4070 4543
6670 6 2 12 4 1817 4070 4543 1818 4071 4544
6671 6 2 12 4 1818 4071 4544 1819 4072 4545
6672 6 2 12 4 1819 4072 4545 1820 4073 4546
6673 6 2 12 4 1820 4073 4546 1821 4074 4547
6674 6 2 12 4 1821 4074 4547 1822 4075 4548
6675 6 2 12 4 1822 4075 4548 1823 4076 4549
6676 6 2 12 4 1823 4076 4549 1824 4077 4550
6677 6 2 12 4 1824 4077 4550 1825 4078 4551
6678 6 2 12 4 1825 4078 4551 1826 4079 4552
6679 6 2 12 4 1826 4079 4552 393 1916 1959
6680 6 2 12 4 1630 1610 1634 4487 4267 4531
6681 6 2 12 4 4487 4267 4531 4488 4268 4532
6682 6 2 12 4 4488 4268 4532 4489 4269 4533
6683 6 2 12 4 4489 4269 4533 4490 4270 4534
6684 6 2 12 4 4490 4270 4534 4491 4271 4535
6685 6 2 12 4 4491 4271 4535 4492 4272 4536
6686 6 2 12 4 4492 4272 4536 4493 4273 4537
6687 6 2 12 4 4493 4273 4537 4494 4274 4538
6688 6 2 12 4 4494 4274 4538 4495 4275 4539
6689 6 2 12 4 4495 4275 4539 4496 4276 4540
6690 6 2 12 4 4496 4276 4540 4497 4277 4541
6691 6 2 12 4 4497 4277 4541 1954 1934 1958
6692 6 2 12 4 1628 1613 1637 4465 4300 4564
6693 6 2 12 4 4465 4300 4564 4466 4301 4565
6694 6 2 12 4 4466 4301 4565 4467 4302 4566
6695 6 2 12 4 4467 4302 4566 4468 4303 4567
6696 6 2 12 4 4468 4303 4567 4469 4304 4568
6697 6 2 12 4 4469 4304 4568 4470 4305 4569
6698 6 2 12 4 4470 4305 4569 4471 4306 4570
6699 6 2 12 4 4471 4306 4570 4472 4307 4571
6700 6 2 12 4 4472 4307 4571 4473 4308 4572
6701 6 2 12 4 4473 4308 4572 4474 4309 4573
6702 6 2 12 4 4474 4309 4573 4475 4310 4574
6703 6 2 12 4 4475 4310 4574 1952 1937 1961
6704 6 2 12 4 316 10 1607 1684 333 4234
6705 6 2 12 4 1684 333 4234 1685 334 4235
6706 6 2 12 4 1685 334 4235 1686 335 4236
6707 6 2 12 4 1686 335 4236 1687 336 4237
6708 6 2 12 4 1687 336 4237 1688 337 4238
6709 6 2 12 4 1688 337 4238 1689 338 4239
6710 6 2 12 4 1689 338 4239 1690 339 4240
6711 6 2 12 4 1690 339 4240 1691 340 4241
6712 6 2 12 4 1691 340 4241 1692 341 4242
6713 6 2 12 4 1692 341 4242 1693 342 4243
6714 6 2 12 4 1693 342 4243 1694 343 4244
6715 6 2 12 4 1694 343 4244 348 26 1931
6716 6 2 12 4 10 317 1607 333 1695 4234
6717 6 2 12 4 333 1695 4234 334 1696 4235
6718 6 2 12 4 334 1696 4235 335 1697 4236
6719 6 2 12 4 335 1697 4236 336 1698 4237
6720 6 2 12 4 336 1698 4237 337 1699 4238
6721 6 2 12 4 337 1699 4238 338 1700 4239
6722 6 2 12 4 338 1700 4239 339 1701 4240
6723 6 2 12 4 339 1701 4240 340 1702 4241
6724 6 2 12 4 340 1702 4241 341 1703 4242
6725 6 2 12 4 341 1703 4242 342 1704 4243
6726 6 2 12 4 342 1704 4243 343 1705 4244
6727 6 2 12 4 343 1705 4244 26 360 1931
6728 6 2 12 4 306 11 1609 1849 381 4256
6729 6 2 12 4 1849 381 4256 1850 382 4257
6730 6 2 12 4 1850 382 4257 1851 383 4258
6731 6 2 12 4 1851 383 4258 1852 384 4259
6732 6 2 12 4 1852 384 4259 1853 385 4260
6733 6 2 12 4 1853 385 4260 1854 386 4261
6734 6 2 12 4 1854 386 4261 1855 387 4262
6735 6 2 12 4 1855 387 4262 1856 388 4263
6736 6 2 12 4 1856 388 4263 1857 389 4264
6737 6 2 12 4 1857 389 4264 1858 390 4265
6738 6 2 12 4 1858 390 4265 1859 391 4266
6739 6 2 12 4 1859 391 4266 396 29 1933
6740 6 2 12 4 11 307 1609 381 1860 4256
6741 6 2 12 4 381 1860 4256 382 1861 4257
6742 6 2 12 4 382 1861 4257 383 1862 4258
6743 6 2 12 4 383 1862 4258 384 1863 4259
6744 6 2 12 4 384 1863 4259 385 1864 4260
6745 6 2 12 4 385 1864 4260 386 1865 4261
6746 6 2 12 4 386 1865 4261 387 1866 4262
6747 6 2 12 4 387 1866 4262 388 1867 4263
6748 6 2 12 4 388 1867 4263 389 1868 4264
6749 6 2 12 4 389 1868 4264 390 1869 4265
6750 6 2 12 4 390 1869 4265 391 1870 4266
6751 6 2 12 4 391 1870 4266 29 397 1933
6752 6 2 12 6 209 18 1173 2390 500 4993
6753 6 2 12 6 2390 500 4993 2391 501 4994
6754 6 2 12 6 2391 501 4994 2392 502 4995
6755 6 2 12 6 2392 502 4995 2393 503 4996
6756 6 2 12 6 2393 503 4996 2394 504 4997
6757 6 2 12 6 2394 504 4997 2395 505 4998
6758 6 2 12 6 2395 505 4998 2396 506 4999
6759 6 2 12 6 2396 506 4999 2397 507 5000
6760 6 2 12 6 2397 507 5000 2398 508 5001
6761 6 2 12 6 2398 508 5001 2399 509 5002
6762 6 2 12 6 2399 509 5002 2400 510 5003
6763 6 2 12 6 2400 510 5003 526 36 2407
6764 6 2 12 6 208 209 1171 2379 2390 4971
6765 6 2 12 6 2379 2390 4971 2380 2391 4972
6766 6 2 12 6 2380 2391 4972 2381 2392 4973
6767 6 2 12 6 2381 2392 4973 2382 2393 4974
6768 6 2 12 6 2382 2393 4974 2383 2394 4975
6769 6 2 12 6 2383 2394 4975 2384 2395 4976
6770 6 2 12 6 2384 2395 4976 2385 2396 4977
6771 6 2 12 6 2385 2396 4977 2386 2397 4978
6772 6 2 12 6 2386 2397 4978 2387 2398 4979
6773 6 2 12 6 2387 2398 4979 2388 2399 4980
6774 6 2 12 6 2388 2399 4980 2389 2400 4981
6775 6 2 12 6 2389 2400 4981 525 526 2405
6776 6 2 12 6 19 205 1175 511 2346 5015
6777 6 2 12 6 511 2346 5015 512 2347 5016
6778 6 2 12 6 512 2347 5016 513 2348 5017
6779 6 2 12 6 513 2348 5017 514 2349 5018
6780 6 2 12 6 514 2349 5018 515 2350 5019
6781 6 2 12 6 515 2350 5019 516 2351 5020
6782 6 2 12 6 516 2351 5020 517 2352 5021
6783 6 2 12 6 517 2352 5021 518 2353 5022
6784 6 2 12 6 518 2353 5022 519 2354 5023
6785 6 2 12 6 519 2354 5023 520 2355 5024
6786 6 2 12 6 520 2355 5024 521 2356 5025
6787 6 2 12 6 521 2356 5025 37 522 2409
6788 6 2 12 6 207 208 1168 2368 2379 4938
6789 6 2 12 6 2368 2379 4938 2369 2380 4939
6790 6 2 12 6 2369 2380 4939 2370 2381 4940
6791 6 2 12 6 2370 2381 4940 2371 2382 4941
6792 6 2 12 6 2371 2382 4941 2372 2383 4942
6793 6 2 12 6 2372 2383 4942 2373 2384 4943
6794 6 2 12 6 2373 2384 4943 2374 2385 4944
6795 6 2 12 6 2374 2385 4944 2375 2386 4945
6796 6 2 12 6 2375 2386 4945 2376 2387 4946
6797 6 2 12 6 2376 2387 4946 2377 2388 4947
6798 6 2 12 6 2377 2388 4947 2378 2389 4948
6799 6 2 12 6 2378 2389 4948 524 525 2402
6800 6 2 12 6 206 207 1167 2357 2368 4927
6801 6 2 12 6 2357 2368 4927 2358 2369 4928
6802 6 2 12 6 2358 2369 4928 2359 2370 4929
6803 6 2 12 6 2359 2370 4929 2360 2371 4930
6804 6 2 12 6 2360 2371 4930 2361 2372 4931
6805 6 2 12 6 2361 2372 4931 2362 2373 4932
6806 6 2 12 6 2362 2373 4932 2363 2374 4933
6807 6 2 12 6 2363 2374 4933 2364 2375 4934
6808 6 2 12 6 2364 2375 4934 2365 2376 4935
6809 6 2 12 6 2365 2376 4935 2366 2377 4936
6810 6 2 12 6 2366 2377 4936 2367 2378 4937
6811 6 2 12 6 2367 2378 4937 523 524 2401
6812 6 2 12 6 1170 208 1171 4960 2379 4971
6813 6 2 12 6 4960 2379 4971 4961 2380 4972
6814 6 2 12 6 4961 2380 4972 4962 2381 4973
6815 6 2 12 6 4962 2381 4973 4963 2382 4974
6816 6 2 12 6 4963 2382 4974 4964 2383 4975
6817 6 2 12 6 4964 2383 4975 4965 2384 4976
6818 6 2 12 6 4965 2384 4976 4966 2385 4977
6819 6 2 12 6 4966 2385 4977 4967 2386 4978
6820 6 2 12 6 4967 2386 4978 4968 2387 4979
6821 6 2 12 6 4968 2387 4979 4969 2388 4980
6822 6 2 12 6 4969 2388 4980 4970 2389 4981
6823 6 2 12 6 4970 2389 4981 2404 525 2405
6824 6 2 12 6 205 206 1174 2346 2357 5004
6825 6 2 12 6 2346 2357 5004 2347 2358 5005
6826 6 2 12 6 2347 2358 5005 2348 2359 5006
6827 6 2 12 6 2348 2359 5006 2349 2360 5007
6828 6 2 12 6 2349 2360 5007 2350 2361 5008
6829 6 2 12 6 2350 2361 5008 2351 2362 5009
6830 6 2 12 6 2351 2362 5009 2352 2363 5010
6831 6 2 12 6 2352 2363 5010 2353 2364 5011
6832 6 2 12 6 2353 2364 5011 2354 2365 5012
6833 6 2 12 6 2354 2365 5012 2355 2366 5013
6834 6 2 12 6 2355 2366 5013 2356 2367 5014
6835 6 2 12 6 2356 2367 5014 522 523 2408
6836 6 2 12 6 206 1169 1174 2357 4949 5004
6837 6 2 12 6 2357 4949 5004 2358 4950 5005
6838 6 2 12 6 2358 4950 5005 2359 4951 5006
6839 6 2 12 6 2359 4951 5006 2360 4952 5007
6840 6 2 12 6 2360 4952 5007 2361 4953 5008
6841 6 2 12 6 2361 4953 5008 2362 4954 5009
6842 6 2 12 6 2362 4954 5009 2363 4955 5010
6843 6 2 12 6 2363 4955 5010 2364 4956 5011
6844 6 2 12 6 2364 4956 5011 2365 4957 5012
6845 6 2 12 6 2365 4957 5012 2366 4958 5013
6846 6 2 12 6 2366 4958 5013 2367 4959 5014
6847 6 2 12 6 2367 4959 5014 523 2403 2408
6848 6 2 12 6 174 173 1175 2247 2236 5015
6849 6 2 12 6 2247 2236 5015 2248 2237 5016
6850 6 2 12 6 2248 2237 5016 2249 2238 5017
6851 6 2 12 6 2249 2238 5017 2250 2239 5018
6852 6 2 12 6 2250 2239 5018 2251 2240 5019
6853 6 2 12 6 2251 2240 5019 2252 2241 5020
6854 6 2 12 6 2252 2241 5020 2253 2242 5021
6855 6 2 12 6 2253 2242 5021 2254 2243 5022
6856 6 2 12 6 2254 2243 5022 2255 2244 5023
6857 6 2 12 6 2255 2244 5023 2256 2245 5024
6858 6 2 12 6 2256 2245 5024 2257 2246 5025
6859 6 2 12 6 2257 2246 5025 491 490 2409
6860 6 2 12 6 207 1168 1172 2368 4938 4982
6861 6 2 12 6 2368 4938 4982 2369 4939 4983
6862 6 2 12 6 2369 4939 4983 2370 4940 4984
6863 6 2 12 6 2370 4940 4984 2371 4941 4985
6864 6 2 12 6 2371 4941 4985 2372 4942 4986
6865 6 2 12 6 2372 4942 4986 2373 4943 4987
6866 6 2 12 6 2373 4943 4987 2374 4944 4988
6867 6 2 12 6 2374 4944 4988 2375 4945 4989
6868 6 2 12 6 2375 4945 4989 2376 4946 4990
6869 6 2 12 6 2376 4946 4990 2377 4947 4991
6870 6 2 12 6 2377 4947 4991 2378 4948 4992
6871 6 2 12 6 2378 4948 4992 524 2402 2406
6872 6 2 12 6 1167 207 1172 4927 2368 4982
6873 6 2 12 6 4927 2368 4982 4928 2369 4983
6874 6 2 12 6 4928 2369 4983 4929 2370 4984
6875 6 2 12 6 4929 2370 4984 4930 2371 4985
6876 6 2 12 6 4930 2371 4985 4931 2372 4986
6877 6 2 12 6 4931 2372 4986 4932 2373 4987
6878 6 2 12 6 4932 2373 4987 4933 2374 4988
6879 6 2 12 6 4933 2374 4988 4934 2375 4989
6880 6 2 12 6 4934 2375 4989 4935 2376 4990
6881 6 2 12 6 4935 2376 4990 4936 2377 4991
6882 6 2 12 6 4936 2377 4991 4937 2378 4992
6883 6 2 12 6 4937 2378 4992 2401 524 2406
6884 6 2 12 6 176 175 1169 2269 2258 4949
6885 6 2 12 6 2269 2258 4949 2270 2259 4950
6886 6 2 12 6 2270 2259 4950 2271 2260 4951
6887 6 2 12 6 2271 2260 4951 2272 2261 4952
6888 6 2 12 6 2272 2261 4952 2273 2262 4953
6889 6 2 12 6 2273 2262 4953 2274 2263 4954
6890 6 2 12 6 2274 2263 4954 2275 2264 4955
6891 6 2 12 6 2275 2264 4955 2276 2265 4956
6892 6 2 12 6 2276 2265 4956 2277 2266 4957
6893 6 2 12 6 2277 2266 4957 2278 2267 4958
6894 6 2 12 6 2278 2267 4958 2279 2268 4959
6895 6 2 12 6 2279 2268 4959 493 492 2403
6896 6 2 12 6 175 174 1174 2258 2247 5004
6897 6 2 12 6 2258 2247 5004 2259 2248 5005
6898 6 2 12 6 2259 2248 5005 2260 2249 5006
6899 6 2 12 6 2260 2249 5006 2261 2250 5007
6900 6 2 12 6 2261 2250 5007 2262 2251 5008
6901 6 2 12 6 2262 2251 5008 2263 2252 5009
6902 6 2 12 6 2263 2252 5009 2264 2253 5010
6903 6 2 12 6 2264 2253 5010 2265 2254 5011
6904 6 2 12 6 2265 2254 5011 2266 2255 5012
6905 6 2 12 6 2266 2255 5012 2267 2256 5013
6906 6 2 12 6 2267 2256 5013 2268 2257 5014
6907 6 2 12 6 2268 2257 5014 492 491 2408
6908 6 2 12 6 178 177 1172 2291 2280 4982
6909 6 2 12 6 2291 2280 4982 2292 2281 4983
6910 6 2 12 6 2292 2281 4983 2293 2282 4984
6911 6 2 12 6 2293 2282 4984 2294 2283 4985
6912 6 2 12 6 2294 2283 4985 2295 2284 4986
6913 6 2 12 6 2295 2284 4986 2296 2285 4987
6914 6 2 12 6 2296 2285 4987 2297 2286 4988
6915 6 2 12 6 2297 2286 4988 2298 2287 4989
6916 6 2 12 6 2298 2287 4989 2299 2288 4990
6917 6 2 12 6 2299 2288 4990 2300 2289 4991
6918 6 2 12 6 2300 2289 4991 2301 2290 4992
6919 6 2 12 6 2301 2290 4992 495 494 2406
6920 6 2 12 6 1168 208 1170 4938 2379 4960
6921 6 2 12 6 4938 2379 4960 4939 2380 4961
6922 6 2 12 6 4939 2380 4961 4940 2381 4962
6923 6 2 12 6 4940 2381 4962 4941 2382 4963
6924 6 2 12 6 4941 2382 4963 4942 2383 4964
6925 6 2 12 6 4942 2383 4964 4943 2384 4965
6926 6 2 12 6 4943 2384 4965 4944 2385 4966
6927 6 2 12 6 4944 2385 4966 4945 2386 4967
6928 6 2 12 6 4945 2386 4967 4946 2387 4968
6929 6 2 12 6 4946 2387 4968 4947 2388 4969
6930 6 2 12 6 4947 2388 4969 4948 2389 4970
6931 6 2 12 6 4948 2389 4970 2402 525 2404
6932 6 2 12 6 182 181 1173 2335 2324 4993
6933 6 2 12 6 2335 2324 4993 2336 2325 4994
6934 6 2 12 6 2336 2325 4994 2337 2326 4995
6935 6 2 12 6 2337 2326 4995 2338 2327 4996
6936 6 2 12 6 2338 2327 4996 2339 2328 4997
6937 6 2 12 6 2339 2328 4997 2340 2329 4998
6938 6 2 12 6 2340 2329 4998 2341 2330 4999
6939 6 2 12 6 2341 2330 4999 2342 2331 5000
6940 6 2 12 6 2342 2331 5000 2343 2332 5001
6941 6 2 12 6 2343 2332 5001 2344 2333 5002
6942 6 2 12 6 2344 2333 5002 2345 2334 5003
6943 6 2 12 6 2345 2334 5003 499 498 2407
6944 6 2 12 6 206 1167 1169 2357 4927 4949
6945 6 2 12 6 2357 4927 4949 2358 4928 4950
6946 6 2 12 6 2358 4928 4950 2359 4929 4951
6947 6 2 12 6 2359 4929 4951 2360 4930 4952
6948 6 2 12 6 2360 4930 4952 2361 4931 4953
6949 6 2 12 6 2361 4931 4953 2362 4932 4954
6950 6 2 12 6 2362 4932 4954 2363 4933 4955
6951 6 2 12 6 2363 4933 4955 2364 4934 4956
6952 6 2 12 6 2364 4934 4956 2365 4935 4957
6953 6 2 12 6 2365 4935 4957 2366 4936 4958
6954 6 2 12 6 2366 4936 4958 2367 4937 4959
6955 6 2 12 6 2367 4937 4959 523 2401 2403
6956 6 2 12 6 180 179 1170 2313 2302 4960
6957 6 2 12 6 2313 2302 4960 2314 2303 4961
6958 6 2 12 6 2314 2303 4961 2315 2304 4962
6959 6 2 12 6 2315 2304 4962 2316 2305 4963
6960 6 2 12 6 2316 2305 4963 2317 2306 4964
6961 6 2 12 6 2317 2306 4964 2318 2307 4965
6962 6 2 12 6 2318 2307 4965 2319 2308 4966
6963 6 2 12 6 2319 2308 4966 2320 2309 4967
6964 6 2 12 6 2320 2309 4967 2321 2310 4968
6965 6 2 12 6 2321 2310 4968 2322 2311 4969
6966 6 2 12 6 2322 2311 4969 2323 2312 4970
6967 6 2 12 6 2323 2312 4970 497 496 2404
6968 6 2 12 6 177 176 1167 2280 2269 4927
6969 6 2 12 6 2280 2269 4927 2281 2270 4928
6970 6 2 12 6 2281 2270 4928 2282 2271 4929
6971 6 2 12 6 2282 2271 4929 2283 2272 4930
6972 6 2 12 6 2283 2272 4930 2284 2273 4931
6973 6 2 12 6 2284 2273 4931 2285 2274 4932
6974 6 2 12 6 2285 2274 4932 2286 2275 4933
6975 6 2 12 6 2286 2275 4933 2287 2276 4934
6976 6 2 12 6 2287 2276 4934 2288 2277 4935
6977 6 2 12 6 2288 2277 4935 2289 2278 4936
6978 6 2 12 6 2289 2278 4936 2290 2279 4937
6979 6 2 12 6 2290 2279 4937 494 493 2401
6980 6 2 12 6 179 178 1168 2302 2291 4938
6981 6 2 12 6 2302 2291 4938 2303 2292 4939
6982 6 2 12 6 2303 2292 4939 2304 2293 4940
6983 6 2 12 6 2304 2293 4940 2305 2294 4941
6984 6 2 12 6 2305 2294 4941 2306 2295 4942
6985 6 2 12 6 2306 2295 4942 2307 2296 4943
6986 6 2 12 6 2307 2296 4943 2308 2297 4944
6987 6 2 12 6 2308 2297 4944 2309 2298 4945
6988 6 2 12 6 2309 2298 4945 2310 2299 4946
6989 6 2 12 6 2310 2299 4946 2311 2300 4947
6990 6 2 12 6 2311 2300 4947 2312 2301 4948
6991 6 2 12 6 2312 2301 4948 496 495 2402
6992 6 2 12 6 181 180 1171 2324 2313 4971
6993 6 2 12 6 2324 2313 4971 2325 2314 4972
6994 6 2 12 6 2325 2314 4972 2326 2315 4973
6995 6 2 12 6 2326 2315 4973 2327 2316 4974
6996 6 2 12 6 2327 2316 4974 2328 2317 4975
6997 6 2 12 6 2328 2317 4975 2329 2318 4976
6998 6 2 12 6 2329 2318 4976 2330 2319 4977
6999 6 2 12 6 2330 2319 4977 2331 2320 4978
7000 6 2 12 6 2331 2320 4978 2332 2321 4979
7001 6 2 12 6 2332 2321 4979 2333 2322 4980
7002 6 2 12 6 2333 2322 4980 2334 2323 4981
7003 6 2 12 6 2334 2323 4981 498 497 2405
7004 6 2 12 6 1171 209 1173 4971 2390 4993
7005 6 2 12 6 4971 2390 4993 4972 2391 4994
7006 6 2 12 6 4972 2391 4994 4973 2392 4995
7007 6 2 12 6 4973 2392 4995 4974 2393 4996
7008 6 2 12 6 4974 2393 4996 4975 2394 4997
7009 6 2 12 6 4975 2394 4997 4976 2395 4998
7010 6 2 12 6 4976 2395 4998 4977 2396 4999
7011 6 2 12 6 4977 2396 4999 4978 2397 5000
7012 6 2 12 6 4978 2397 5000 4979 2398 5001
7013 6 2 12 6 4979 2398 5001 4980 2399 5002
7014 6 2 12 6 4980 2399 5002 4981 2400 5003
7015 6 2 12 6 4981 2400 5003 2405 526 2407
7016 6 2 12 6 1174 174 1175 5004 2247 5015
7017 6 2 12 6 5004 2247 5015 5005 2248 5016
7018 6 2 12 6 5005 2248 5016 5006 2249 5017
7019 6 2 12 6 5006 2249 5017 5007 2250 5018
7020 6 2 12 6 5007 2250 5018 5008 2251 5019
7021 6 2 12 6 5008 2251 5019 5009 2252 5020
7022 6 2 12 6 5009 2252 5020 5010 2253 5021
7023 6 2 12 6 5010 2253 5021 5011 2254 5022
7024 6 2 12 6 5011 2254 5022 5012 2255 5023
7025 6 2 12 6 5012 2255 5023 5013 2256 5024
7026 6 2 12 6 5013 2256 5024 5014 2257 5025
7027 6 2 12 6 5014 2257 5025 2408 491 2409
7028 6 2 12 6 1169 175 1174 4949 2258 5004
7029 6 2 12 6 4949 2258 5004 4950 2259 5005
7030 6 2 12 6 4950 2259 5005 4951 2260 5006
7031 6 2 12 6 4951 2260 5006 4952 2261 5007
7032 6 2 12 6 4952 2261 5007 4953 2262 5008
7033 6 2 12 6 4953 2262 5008 4954 2263 5009
7034 6 2 12 6 4954 2263 5009 4955 2264 5010
7035 6 2 12 6 4955 2264 5010 4956 2265 5011
7036 6 2 12 6 4956 2265 5011 4957 2266 5012
7037 6 2 12 6 4957 2266 5012 4958 2267 5013
7038 6 2 12 6 4958 2267 5013 4959 2268 5014
7039 6 2 12 6 4959 2268 5014 2403 492 2408
7040 6 2 12 6 1167 176 1169 4927 2269 4949
7041 6 2 12 6 4927 2269 4949 4928 2270 4950
7042 6 2 12 6 4928 2270 4950 4929 2271 4951
7043 6 2 12 6 4929 2271 4951 4930 2272 4952
7044 6 2 12 6 4930 2272 4952 4931 2273 4953
7045 6 2 12 6 4931 2273 4953 4932 2274 4954
7046 6 2 12 6 4932 2274 4954 4933 2275 4955
7047 6 2 12 6 4933 2275 4955 4934 2276 4956
7048 6 2 12 6 4934 2276 4956 4935 2277 4957
7049 6 2 12 6 4935 2277 4957 4936 2278 4958
7050 6 2 12 6 4936 2278 4958 4937 2279 4959
7051 6 2 12 6 4937 2279 4959 2401 493 2403
7052 6 2 12 6 177 1167 1172 2280 4927 4982
7053 6 2 12 6 2280 4927 4982 2281 4928 4983
7054 6 2 12 6 2281 4928 4983 2282 4929 4984
7055 6 2 12 6 2282 4929 4984 2283 4930 4985
7056 6 2 12 6 2283 4930 4985 2284 4931 4986
7057 6 2 12 6 2284 4931 4986 2285 4932 4987
7058 6 2 12 6 2285 4932 4987 2286 4933 4988
7059 6 2 12 6 2286 4933 4988 2287 4934 4989
7060 6 2 12 6 2287 4934 4989 2288 4935 4990
7061 6 2 12 6 2288 4935 4990 2289 4936 4991
7062 6 2 12 6 2289 4936 4991 2290 4937 4992
7063 6 2 12 6 2290 4937 4992 494 2401 2406
7064 6 2 12 6 1168 178 1172 4938 2291 4982
7065 6 2 12 6 4938 2291 4982 4939 2292 4983
7066 6 2 12 6 4939 2292 4983 4940 2293 4984
7067 6 2 12 6 4940 2293 4984 4941 2294 4985
7068 6 2 12 6 4941 2294 4985 4942 2295 4986
7069 6 2 12 6 4942 2295 4986 4943 2296 4987
7070 6 2 12 6 4943 2296 4987 4944 2297 4988
7071 6 2 12 6 4944 2297 4988 4945 2298 4989
7072 6 2 12 6 4945 2298 4989 4946 2299 4990
7073 6 2 12 6 4946 2299 4990 4947 2300 4991
7074 6 2 12 6 4947 2300 4991 4948 2301 4992
7075 6 2 12 6 4948 2301 4992 2402 495 2406
7076 6 2 12 6 181 1171 1173 2324 4971 4993
7077 6 2 12 6 2324 4971 4993 2325 4972 4994
7078 6 2 12 6 2325 4972 4994 2326 4973 4995
7079 6 2 12 6 2326 4973 4995 2327 4974 4996
7080 6 2 12 6 2327 4974 4996 2328 4975 4997
7081 6 2 12 6 2328 4975 4997 2329 4976 4998
7082 6 2 12 6 2329 4976 4998 2330 4977 4999
7083 6 2 12 6 2330 4977 4999 2331 4978 5000
7084 6 2 12 6 2331 4978 5000 2332 4979 5001
7085 6 2 12 6 2332 4979 5001 2333 4980 5002
7086 6 2 12 6 2333 4980 5002 2334 4981 5003
7087 6 2 12 6 2334 4981 5003 498 2405 2407
7088 6 2 12 6 179 1168 1170 2302 4938 4960
7089 6 2 12 6 2302 4938 4960 2303 4939 4961
7090 6 2 12 6 2303 4939 4961 2304 4940 4962
7091 6 2 12 6 2304 4940 4962 2305 4941 4963
7092 6 2 12 6 2305 4941 4963 2306 4942 4964
7093 6 2 12 6 2306 4942 4964 2307 4943 4965
7094 6 2 12 6 2307 4943 4965 2308 4944 4966
7095 6 2 12 6 2308 4944 4966 2309 4945 4967
7096 6 2 12 6 2309 4945 4967 2310 4946 4968
7097 6 2 12 6 2310 4946 4968 2311 4947 4969
7098 6 2 12 6 2311 4947 4969 2312 4948 4970
7099 6 2 12 6 2312 4948 4970 496 2402 2404
7100 6 2 12 6 180 1170 1171 2313 4960 4971
7101 6 2 12 6 2313 4960 4971 2314 4961 4972
7102 6 2 12 6 2314 4961 4972 2315 4962 4973
7103 6 2 12 6 2315 4962 4973 2316 4963 4974
7104 6 2 12 6 2316 4963 4974 2317 4964 4975
7105 6 2 12 6 2317 4964 4975 2318 4965 4976
7106 6 2 12 6 2318 4965 4976 2319 4966 4977
7107 6 2 12 6 2319 4966 4977 2320 4967 4978
7108 6 2 12 6 2320 4967 4978 2321 4968 4979
7109 6 2 12 6 2321 4968 4979 2322 4969 4980
7110 6 2 12 6 2322 4969 4980 2323 4970 4981
7111 6 2 12 6 2323 4970 4981 497 2404 2405
7112 6 2 12 6 205 1174 1175 2346 5004 5015
7113 6 2 12 6 2346 5004 5015 2347 5005 5016
7114 6 2 12 6 2347 5005 5016 2348 5006 5017
7115 6 2 12 6 2348 5006 5017 2349 5007 5018
7116 6 2 12 6 2349 5007 5018 2350 5008 5019
7117 6 2 12 6 2350 5008 5019 2351 5009 5020
7118 6 2 12 6 2351 5009 5020 2352 5010 5021
7119 6 2 12 6 2352 5010 5021 2353 5011 5022
7120 6 2 12 6 2353 5011 5022 2354 5012 5023
7121 6 2 12 6 2354 5012 5023 2355 5013 5024
7122 6 2 12 6 2355 5013 5024 2356 5014 5025
7123 6 2 12 6 2356 5014 5025 522 2408 2409
7124 6 2 12 6 16 19 1175 468 511 5015
7125 6 2 12 6 468 511 5015 469 512 5016
7126 6 2 12 6 469 512 5016 470 513 5017
7127 6 2 12 6 470 513 5017 471 514 5018
7128 6 2 12 6 471 514 5018 472 515 5019
7129 6 2 12 6 472 515 5019 473 516 5020
7130 6 2 12 6 473 516 5020 474 517 5021
7131 6 2 12 6 474 517 5021 475 518 5022
7132 6 2 12 6 475 518 5022 476 519 5023
7133 6 2 12 6 476 519 5023 477 520 5024
7134 6 2 12 6 477 520 5024 478 521 5025
7135 6 2 12 6 478 521 5025 34 37 2409
7136 6 2 12 6 173 16 1175 2236 468 5015
7137 6 2 12 6 2236 468 5015 2237 469 5016
7138 6 2 12 6 2237 469 5016 2238 470 5017
7139 6 2 12 6 2238 470 5017 2239 471 5018
7140 6 2 12 6 2239 471 5018 2240 472 5019
7141 6 2 12 6 2240 472 5019 2241 473 5020
7142 6 2 12 6 2241 473 5020 2242 474 5021
7143 6 2 12 6 2242 474 5021 2243 475 5022
7144 6 2 12 6 2243 475 5022 2244 476 5023
7145 6 2 12 6 2244 476 5023 2245 477 5024
7146 6 2 12 6 2245 477 5024 2246 478 5025
7147 6 2 12 6 2246 478 5025 490 34 2409
7148 6 2 12 6 18 17 1173 500 479 4993
7149 6 2 12 6 500 479 4993 501 480 4994
7150 6 2 12 6 501 480 4994 502 481 4995
7151 6 2 12 6 502 481 4995 503 482 4996
7152 6 2 12 6 503 482 4996 504 483 4997
7153 6 2 12 6 504 483 4997 505 484 4998
7154 6 2 12 6 505 484 4998 506 485 4999
7155 6 2 12 6 506 485 4999 507 486 5000
7156 6 2 12 6 507 486 5000 508 487 5001
7157 6 2 12 6 508 487 5001 509 488 5002
7158 6 2 12 6 509 488 5002 510 489 5003
7159 6 2 12 6 510 489 5003 36 35 2407
7160 6 2 12 6 17 182 1173 479 2335 4993
7161 6 2 12 6 479 2335 4993 480 2336 4994
7162 6 2 12 6 480 2336 4994 481 2337 4995
7163 6 2 12 6 481 2337 4995 482 2338 4996
7164 6 2 12 6 482 2338 4996 483 2339 4997
7165 6 2 12 6 483 2339 4997 484 2340 4998
7166 6 2 12 6 484 2340 4998 485 2341 4999
7167 6 2 12 6 485 2341 4999 486 2342 5000
7168 6 2 12 6 486 2342 5000 487 2343 5001
7169 6 2 12 6 487 2343 5001 488 2344 5002
7170 6 2 12 6 488 2344 5002 489 2345 5003
7171 6 2 12 6 489 2345 5003 35 499 2407
7172 6 2 12 7 1574 1544 1579 5367 5037 5422
7173 6 2 12 7 5367 5037 5422 5368 5038 5423
7174 6 2 12 7 5368 5038 5423 5369 5039 5424
7175 6 2 12 7 5369 5039 5424 5370 5040 5425
7176 6 2 12 7 5370 5040 5425 5371 5041 5426
7177 6 2 12 7 5371 5041 5426 5372 5042 5427
7178 6 2 12 7 5372 5042 5427 5373 5043 5428
7179 6 2 12 7 5373 5043 5428 5374 5044 5429
7180 6 2 12 7 5374 5044 5429 5375 5045 5430
7181 6 2 12 7 5375 5045 5430 5376 5046 5431
7182 6 2 12 7 5376 5046 5431 5377 5047 5432
7183 6 2 12 7 5377 5047 5432 2760 2730 2765
7184 6 2 12 7 1549 1555 1583 5092 5158 5466
7185 6 2 12 7 5092 5158 5466 5093 5159 5467
7186 6 2 12 7 5093 5159 5467 5094 5160 5468
7187 6 2 12 7 5094 5160 5468 5095 5161 5469
7188 6 2 12 7 5095 5161 5469 5096 5162 5470
7189 6 2 12 7 5096 5162 5470 5097 5163 5471
7190 6 2 12 7 5097 5163 5471 5098 5164 5472
7191 6 2 12 7 5098 5164 5472 5099 5165 5473
7192 6 2 12 7 5099 5165 5473 5100 5166 5474
7193 6 2 12 7 5100 5166 5474 5101 5167 5475
7194 6 2 12 7 5101 5167 5475 5102 5168 5476
7195 6 2 12 7 5102 5168 5476 2735 2741 2769
7196 6 2 12 7 1556 1561 1566 5169 5224 5279
7197 6 2 12 7 5169 5224 5279 5170 5225 5280
7198 6 2 12 7 5170 5225 5280 5171 5226 5281
7199 6 2 12 7 5171 5226 5281 5172 5227 5282
7200 6 2 12 7 5172 5227 5282 5173 5228 5283
7201 6 2 12 7 5173 5228 5283 5174 5229 5284
7202 6 2 12 7 5174 5229 5284 5175 5230 5285
7203 6 2 12 7 5175 5230 5285 5176 5231 5286
7204 6 2 12 7 5176 5231 5286 5177 5232 5287
7205 6 2 12 7 5177 5232 5287 5178 5233 5288
7206 6 2 12 7 5178 5233 5288 5179 5234 5289
7207 6 2 12 7 5179 5234 5289 2742 2747 2752
7208 6 2 12 7 1567 1553 1579 5290 5136 5422
7209 6 2 12 7 5290 5136 5422 5291 5137 5423
7210 6 2 12 7 5291 5137 5423 5292 5138 5424
7211 6 2 12 7 5292 5138 5424 5293 5139 5425
7212 6 2 12 7 5293 5139 5425 5294 5140 5426
7213 6 2 12 7 5294 5140 5426 5295 5141 5427
7214 6 2 12 7 5295 5141 5427 5296 5142 5428
7215 6 2 12 7 5296 5142 5428 5297 5143 5429
7216 6 2 12 7 5297 5143 5429 5298 5144 5430
7217 6 2 12 7 5298 5144 5430 5299 5145 5431
7218 6 2 12 7 5299 5145 5431 5300 5146 5432
7219 6 2 12 7 5300 5146 5432 2753 2739 2765
7220 6 2 12 7 1552 263 1567 5125 2542 5290
7221 6 2 12 7 5125 2542 5290 5126 2543 5291
7222 6 2 12 7 5126 2543 5291 5127 2544 5292
7223 6 2 12 7 5127 2544 5292 5128 2545 5293
7224 6 2 12 7 5128 2545 5293 5129 2546 5294
7225 6 2 12 7 5129 2546 5294 5130 2547 5295
7226 6 2 12 7 5130 2547 5295 5131 2548 5296
7227 6 2 12 7 5131 2548 5296 5132 2549 5297
7228 6 2 12 7 5132 2549 5297 5133 2550 5298
7229 6 2 12 7 5133 2550 5298 5134 2551 5299
7230 6 2 12 7 5134 2551 5299 5135 2552 5300
7231 6 2 12 7 5135 2552 5300 2738 572 2753
7232 6 2 12 7 1555 1549 1561 5158 5092 5224
7233 6 2 12 7 5158 5092 5224 5159 5093 5225
7234 6 2 12 7 5159 5093 5225 5160 5094 5226
7235 6 2 12 7 5160 5094 5226 5161 5095 5227
7236 6 2 12 7 5161 5095 5227 5162 5096 5228
7237 6 2 12 7 5162 5096 5228 5163 5097 5229
7238 6 2 12 7 5163 5097 5229 5164 5098 5230
7239 6 2 12 7 5164 5098 5230 5165 5099 5231
7240 6 2 12 7 5165 5099 5231 5166 5100 5232
7241 6 2 12 7 5166 5100 5232 5167 5101 5233
7242 6 2 12 7 5167 5101 5233 5168 5102 5234
7243 6 2 12 7 5168 5102 5234 2741 2735 2747
7244 6 2 12 7 1549 260 1561 5092 2509 5224
7245 6 2 12 7 5092 2509 5224 5093 2510 5225
7246 6 2 12 7 5093 2510 5225 5094 2511 5226
7247 6 2 12 7 5094 2511 5226 5095 2512 5227
7248 6 2 12 7 5095 2512 5227 5096 2513 5228
7249 6 2 12 7 5096 2513 5228 5097 2514 5229
7250 6 2 12 7 5097 2514 5229 5098 2515 5230
7251 6 2 12 7 5098 2515 5230 5099 2516 5231
7252 6 2 12 7 5099 2516 5231 5100 2517 5232
7253 6 2 12 7 5100 2517 5232 5101 2518 5233
7254 6 2 12 7 5101 2518 5233 5102 2519 5234
7255 6 2 12 7 5102 2519 5234 2735 569 2747
7256 6 2 12 7 1556 1566 1580 5169 5279 5433
7257 6 2 12 7 5169 5279 5433 5170 5280 5434
7258 6 2 12 7 5170 5280 5434 5171 5281 5435
7259 6 2 12 7 5171 5281 5435 5172 5282 5436
7260 6 2 12 7 5172 5282 5436 5173 5283 5437
7261 6 2 12 7 5173 5283 5437 5174 5284 5438
7262 6 2 12 7 5174 5284 5438 5175 5285 5439
7263 6 2 12 7 5175 5285 5439 5176 5286 5440
7264 6 2 12 7 5176 5286 5440 5177 5287 5441
7265 6 2 12 7 5177 5287 5441 5178 5288 5442
7266 6 2 12 7 5178 5288 5442 5179 5289 5443
7267 6 2 12 7 5179 5289 5443 2742 2752 2766
7268 6 2 12 7 1574 1553 1585 5367 5136 5488
7269 6 2 12 7 5367 5136 5488 5368 5137 5489
7270 6 2 12 7 5368 5137 5489 5369 5138 5490
7271 6 2 12 7 5369 5138 5490 5370 5139 5491
7272 6 2 12 7 5370 5139 5491 5371 5140 5492
7273 6 2 12 7 5371 5140 5492 5372 5141 5493
7274 6 2 12 7 5372 5141 5493 5373 5142 5494
7275 6 2 12 7 5373 5142 5494 5374 5143 5495
7276 6 2 12 7 5374 5143 5495 5375 5144 5496
7277 6 2 12 7 5375 5144 5496 5376 5145 5497
7278 6 2 12 7 5376 5145 5497 5377 5146 5498
7279 6 2 12 7 5377 5146 5498 2760 2739 2771
7280 6 2 12 7 1565 1547 1568 5268 5070 5301
7281 6 2 12 7 5268 5070 5301 5269 5071 5302
7282 6 2 12 7 5269 5071 5302 5270 5072 5303
7283 6 2 12 7 5270 5072 5303 5271 5073 5304
7284 6 2 12 7 5271 5073 5304 5272 5074 5305
7285 6 2 12 7 5272 5074 5305 5273 5075 5306
7286 6 2 12 7 5273 5075 5306 5274 5076 5307
7287 6 2 12 7 5274 5076 5307 5275 5077 5308
7288 6 2 12 7 5275 5077 5308 5276 5078 5309
7289 6 2 12 7 5276 5078 5309 5277 5079 5310
7290 6 2 12 7 5277 5079 5310 5278 5080 5311
7291 6 2 12 7 5278 5080 5311 2751 2733 2754
7292 6 2 12 7 1548 1560 1563 5081 5213 5246
7293 6 2 12 7 5081 5213 5246 5082 5214 5247
7294 6 2 12 7 5082 5214 5247 5083 5215 5248
7295 6 2 12 7 5083 5215 5248 5084 5216 5249
7296 6 2 12 7 5084 5216 5249 5085 5217 5250
7297 6 2 12 7 5085 5217 5250 5086 5218 5251
7298 6 2 12 7 5086 5218 5251 5087 5219 5252
7299 6 2 12 7 5087 5219 5252 5088 5220 5253
7300 6 2 12 7 5088 5220 5253 5089 5221 5254
7301 6 2 12 7 5089 5221 5254 5090 5222 5255
7302 6 2 12 7 5090 5222 5255 5091 5223 5256
7303 6 2 12 7 5091 5223 5256 2734 2746 2749
7304 6 2 12 7 1561 261 1566 5224 2520 5279
7305 6 2 12 7 5224 2520 5279 5225 2521 5280
7306 6 2 12 7 5225 2521 5280 5226 2522 5281
7307 6 2 12 7 5226 2522 5281 5227 2523 5282
7308 6 2 12 7 5227 2523 5282 5228 2524 5283
7309 6 2 12 7 5228 2524 5283 5229 2525 5284
7310 6 2 12 7 5229 2525 5284 5230 2526 5285
7311 6 2 12 7 5230 2526 5285 5231 2527 5286
7312 6 2 12 7 5231 2527 5286 5232 2528 5287
7313 6 2 12 7 5232 2528 5287 5233 2529 5288
7314 6 2 12 7 5233 2529 5288 5234 2530 5289
7315 6 2 12 7 5234 2530 5289 2747 570 2752
7316 6 2 12 7 1553 1574 1579 5136 5367 5422
7317 6 2 12 7 5136 5367 5422 5137 5368 5423
7318 6 2 12 7 5137 5368 5423 5138 5369 5424
7319 6 2 12 7 5138 5369 5424 5139 5370 5425
7320 6 2 12 7 5139 5370 5425 5140 5371 5426
7321 6 2 12 7 5140 5371 5426 5141 5372 5427
7322 6 2 12 7 5141 5372 5427 5142 5373 5428
7323 6 2 12 7 5142 5373 5428 5143 5374 5429
7324 6 2 12 7 5143 5374 5429 5144 5375 5430
7325 6 2 12 7 5144 5375 5430 5145 5376 5431
7326 6 2 12 7 5145 5376 5431 5146 5377 5432
7327 6 2 12 7 5146 5377 5432 2739 2760 2765
7328 6 2 12 7 240 20 1585 2410 527 5488
7329 6 2 12 7 2410 527 5488 2411 528 5489
7330 6 2 12 7 2411 528 5489 2412 529 5490
7331 6 2 12 7 2412 529 5490 2413 530 5491
7332 6 2 12 7 2413 530 5491 2414 531 5492
7333 6 2 12 7 2414 531 5492 2415 532 5493
7334 6 2 12 7 2415 532 5493 2416 533 5494
7335 6 2 12 7 2416 533 5494 2417 534 5495
7336 6 2 12 7 2417 534 5495 2418 535 5496
7337 6 2 12 7 2418 535 5496 2419 536 5497
7338 6 2 12 7 2419 536 5497 2420 537 5498
7339 6 2 12 7 2420 537 5498 549 38 2771
7340 6 2 12 7 1543 1562 1572 5026 5235 5345
7341 6 2 12 7 5026 5235 5345 5027 5236 5346
7342 6 2 12 7 5027 5236 5346 5028 5237 5347
7343 6 2 12 7 5028 5237 5347 5029 5238 5348
7344 6 2 12 7 5029 5238 5348 5030 5239 5349
7345 6 2 12 7 5030 5239 5349 5031 5240 5350
7346 6 2 12 7 5031 5240 5350 5032 5241 5351
7347 6 2 12 7 5032 5241 5351 5033 5242 5352
7348 6 2 12 7 5033 5242 5352 5034 5243 5353
7349 6 2 12 7 5034 5243 5353 5035 5244 5354
7350 6 2 12 7 5035 5244 5354 5036 5245 5355
7351 6 2 12 7 5036 5245 5355 2729 2748 2758
7352 6 2 12 7 1549 1557 1581 5092 5180 5444
7353 6 2 12 7 5092 5180 5444 5093 5181 5445
7354 6 2 12 7 5093 5181 5445 5094 5182 5446
7355 6 2 12 7 5094 5182 5446 5095 5183 5447
7356 6 2 12 7 5095 5183 5447 5096 5184 5448
7357 6 2 12 7 5096 5184 5448 5097 5185 5449
7358 6 2 12 7 5097 5185 5449 5098 5186 5450
7359 6 2 12 7 5098 5186 5450 5099 5187 5451
7360 6 2 12 7 5099 5187 5451 5100 5188 5452
7361 6 2 12 7 5100 5188 5452 5101 5189 5453
7362 6 2 12 7 5101 5189 5453 5102 5190 5454
7363 6 2 12 7 5102 5190 5454 2735 2743 2767
7364 6 2 12 7 1552 1567 1579 5125 5290 5422
7365 6 2 12 7 5125 5290 5422 5126 5291 5423
7366 6 2 12 7 5126 5291 5423 5127 5292 5424
7367 6 2 12 7 5127 5292 5424 5128 5293 5425
7368 6 2 12 7 5128 5293 5425 5129 5294 5426
7369 6 2 12 7 5129 5294 5426 5130 5295 5427
7370 6 2 12 7 5130 5295 5427 5131 5296 5428
7371 6 2 12 7 5131 5296 5428 5132 5297 5429
7372 6 2 12 7 5132 5297 5429 5133 5298 5430
7373 6 2 12 7 5133 5298 5430 5134 5299 5431
7374 6 2 12 7 5134 5299 5431 5135 5300 5432
7375 6 2 12 7 5135 5300 5432 2738 2753 2765
7376 6 2 12 7 24 291 1554 589 2608 5147
7377 6 2 12 7 589 2608 5147 590 2609 5148
7378 6 2 12 7 590 2609 5148 591 2610 5149
7379 6 2 12 7 591 2610 5149 592 2611 5150
7380 6 2 12 7 592 2611 5150 593 2612 5151
7381 6 2 12 7 593 2612 5151 594 2613 5152
7382 6 2 12 7 594 2613 5152 595 2614 5153
7383 6 2 12 7 595 2614 5153 596 2615 5154
7384 6 2 12 7 596 2615 5154 597 2616 5155
7385 6 2 12 7 597 2616 5155 598 2617 5156
7386 6 2 12 7 598 2617 5156 599 2618 5157
7387 6 2 12 7 599 2618 5157 42 600 2740
7388 6 2 12 7 1562 1558 1572 5235 5191 5345
7389 6 2 12 7 5235 5191 5345 5236 5192 5346
7390 6 2 12 7 5236 5192 5346 5237 5193 5347
7391 6 2 12 7 5237 5193 5347 5238 5194 5348
7392 6 2 12 7 5238 5194 5348 5239 5195 5349
7393 6 2 12 7 5239 5195 5349 5240 5196 5350
7394 6 2 12 7 5240 5196 5350 5241 5197 5351
7395 6 2 12 7 5241 5197 5351 5242 5198 5352
7396 6 2 12 7 5242 5198 5352 5243 5199 5353
7397 6 2 12 7 5243 5199 5353 5244 5200 5354
7398 6 2 12 7 5244 5200 5354 5245 5201 5355
7399 6 2 12 7 5245 5201 5355 2748 2744 2758
7400 6 2 12 7 260 261 1561 2509 2520 5224
7401 6 2 12 7 2509 2520 5224 2510 2521 5225
7402 6 2 12 7 2510 2521 5225 2511 2522 5226
7403 6 2 12 7 2511 2522 5226 2512 2523 5227
7404 6 2 12 7 2512 2523 5227 2513 2524 5228
7405 6 2 12 7 2513 2524 5228 2514 2525 5229
7406 6 2 12 7 2514 2525 5229 2515 2526 5230
7407 6 2 12 7 2515 2526 5230 2516 2527 5231
7408 6 2 12 7 2516 2527 5231 2517 2528 5232
7409 6 2 12 7 2517 2528 5232 2518 2529 5233
7410 6 2 12 7 2518 2529 5233 2519 2530 5234
7411 6 2 12 7 2519 2530 5234 569 570 2747
7412 6 2 12 7 262 263 1552 2531 2542 5125
7413 6 2 12 7 2531 2542 5125 2532 2543 5126
7414 6 2 12 7 2532 2543 5126 2533 2544 5127
7415 6 2 12 7 2533 2544 5127 2534 2545 5128
7416 6 2 12 7 2534 2545 5128 2535 2546 5129
7417 6 2 12 7 2535 2546 5129 2536 2547 5130
7418 6 2 12 7 2536 2547 5130 2537 2548 5131
7419 6 2 12 7 2537 2548 5131 2538 2549 5132
7420 6 2 12 7 2538 2549 5132 2539 2550 5133
7421 6 2 12 7 2539 2550 5133 2540 2551 5134
7422 6 2 12 7 2540 2551 5134 2541 2552 5135
7423 6 2 12 7 2541 2552 5135 571 572 2738
7424 6 2 12 7 259 260 1549 2498 2509 5092
7425 6 2 12 7 2498 2509 5092 2499 2510 5093
7426 6 2 12 7 2499 2510 5093 2500 2511 5094
7427 6 2 12 7 2500 2511 5094 2501 2512 5095
7428 6 2 12 7 2501 2512 5095 2502 2513 5096
7429 6 2 12 7 2502 2513 5096 2503 2514 5097
7430 6 2 12 7 2503 2514 5097 2504 2515 5098
7431 6 2 12 7 2504 2515 5098 2505 2516 5099
7432 6 2 12 7 2505 2516 5099 2506 2517 5100
7433 6 2 12 7 2506 2517 5100 2507 2518 5101
7434 6 2 12 7 2507 2518 5101 2508 2519 5102
7435 6 2 12 7 2508 2519 5102 568 569 2735
7436 6 2 12 7 1559 1569 1581 5202 5312 5444
7437 6 2 12 7 5202 5312 5444 5203 5313 5445
7438 6 2 12 7 5203 5313 5445 5204 5314 5446
7439 6 2 12 7 5204 5314 5446 5205 5315 5447
7440 6 2 12 7 5205 5315 5447 5206 5316 5448
7441 6 2 12 7 5206 5316 5448 5207 5317 5449
7442 6 2 12 7 5207 5317 5449 5208 5318 5450
7443 6 2 12 7 5208 5318 5450 5209 5319 5451
7444 6 2 12 7 5209 5319 5451 5210 5320 5452
7445 6 2 12 7 5210 5320 5452 5211 5321 5453
7446 6 2 12 7 5211 5321 5453 5212 5322 5454
7447 6 2 12 7 5212 5322 5454 2745 2755 2767
7448 6 2 12 7 1557 1559 1581 5180 5202 5444
7449 6 2 12 7 5180 5202 5444 5181 5203 5445
7450 6 2 12 7 5181 5203 5445 5182 5204 5446
7451 6 2 12 7 5182 5204 5446 5183 5205 5447
7452 6 2 12 7 5183 5205 5447 5184 5206 5448
7453 6 2 12 7 5184 5206 5448 5185 5207 5449
7454 6 2 12 7 5185 5207 5449 5186 5208 5450
7455 6 2 12 7 5186 5208 5450 5187 5209 5451
7456 6 2 12 7 5187 5209 5451 5188 5210 5452
7457 6 2 12 7 5188 5210 5452 5189 5211 5453
7458 6 2 12 7 5189 5211 5453 5190 5212 5454
7459 6 2 12 7 5190 5212 5454 2743 2745 2767
7460 6 2 12 7 1569 258 1581 5312 2487 5444
7461 6 2 12 7 5312 2487 5444 5313 2488 5445
7462 6 2 12 7 5313 2488 5445 5314 2489 5446
7463 6 2 12 7 5314 2489 5446 5315 2490 5447
7464 6 2 12 7 5315 2490 5447 5316 2491 5448
7465 6 2 12 7 5316 2491 5448 5317 2492 5449
7466 6 2 12 7 5317 2492 5449 5318 2493 5450
7467 6 2 12 7 5318 2493 5450 5319 2494 5451
7468 6 2 12 7 5319 2494 5451 5320 2495 5452
7469 6 2 12 7 5320 2495 5452 5321 2496 5453
7470 6 2 12 7 5321 2496 5453 5322 2497 5454
7471 6 2 12 7 5322 2497 5454 2755 567 2767
7472 6 2 12 7 1548 1563 1570 5081 5246 5323
7473 6 2 12 7 5081 5246 5323 5082 5247 5324
7474 6 2 12 7 5082 5247 5324 5083 5248 5325
7475 6 2 12 7 5083 5248 5325 5084 5249 5326
7476 6 2 12 7 5084 5249 5326 5085 5250 5327
7477 6 2 12 7 5085 5250 5327 5086 5251 5328
7478 6 2 12 7 5086 5251 5328 5087 5252 5329
7479 6 2 12 7 5087 5252 5329 5088 5253 5330
7480 6 2 12 7 5088 5253 5330 5089 5254 5331
7481 6 2 12 7 5089 5254 5331 5090 5255 5332
7482 6 2 12 7 5090 5255 5332 5091 5256 5333
7483 6 2 12 7 5091 5256 5333 2734 2749 2756
7484 6 2 12 7 262 1552 1566 2531 5125 5279
7485 6 2 12 7 2531 5125 5279 2532 5126 5280
7486 6 2 12 7 2532 5126 5280 2533 5127 5281
7487 6 2 12 7 2533 5127 5281 2534 5128 5282
7488 6 2 12 7 2534 5128 5282 2535 5129 5283
7489 6 2 12 7 2535 5129 5283 2536 5130 5284
7490 6 2 12 7 2536 5130 5284 2537 5131 5285
7491 6 2 12 7 2537 5131 5285 2538 5132 5286
7492 6 2 12 7 2538 5132 5286 2539 5133 5287
7493 6 2 12 7 2539 5133 5287 2540 5134 5288
7494 6 2 12 7 2540 5134 5288 2541 5135 5289
7495 6 2 12 7 2541 5135 5289 571 2738 2752
7496 6 2 12 7 1547 1565 1584 5070 5268 5477
7497 6 2 12 7 5070 5268 5477 5071 5269 5478
7498 6 2 12 7 5071 5269 5478 5072 5270 5479
7499 6 2 12 7 5072 5270 5479 5073 5271 5480
7500 6 2 12 7 5073 5271 5480 5074 5272 5481
7501 6 2 12 7 5074 5272 5481 5075 5273 5482
7502 6 2 12 7 5075 5273 5482 5076 5274 5483
7503 6 2 12 7 5076 5274 5483 5077 5275 5484
7504 6 2 12 7 5077 5275 5484 5078 5276 5485
7505 6 2 12 7 5078 5276 5485 5079 5277 5486
7506 6 2 12 7 5079 5277 5486 5080 5278 5487
7507 6 2 12 7 5080 5278 5487 2733 2751 2770
7508 6 2 12 7 1553 240 1585 5136 2410 5488
7509 6 2 12 7 5136 2410 5488 5137 2411 5489
7510 6 2 12 7 5137 2411 5489 5138 2412 5490
7511 6 2 12 7 5138 2412 5490 5139 2413 5491
7512 6 2 12 7 5139 2413 5491 5140 2414 5492
7513 6 2 12 7 5140 2414 5492 5141 2415 5493
7514 6 2 12 7 5141 2415 5493 5142 2416 5494
7515 6 2 12 7 5142 2416 5494 5143 2417 5495
7516 6 2 12 7 5143 2417 5495 5144 2418 5496
7517 6 2 12 7 5144 2418 5496 5145 2419 5497
7518 6 2 12 7 5145 2419 5497 5146 2420 5498
7519 6 2 12 7 5146 2420 5498 2739 549 2771
7520 6 2 12 7 1560 1548 1569 5213 5081 5312
7521 6 2 12 7 5213 5081 5312 5214 5082 5313
7522 6 2 12 7 5214 5082 5313 5215 5083 5314
7523 6 2 12 7 5215 5083 5314 5216 5084 5315
7524 6 2 12 7 5216 5084 5315 5217 5085 5316
7525 6 2 12 7 5217 5085 5316 5218 5086 5317
7526 6 2 12 7 5218 5086 5317 5219 5087 5318
7527 6 2 12 7 5219 5087 5318 5220 5088 5319
7528 6 2 12 7 5220 5088 5319 5221 5089 5320
7529 6 2 12 7 5221 5089 5320 5222 5090 5321
7530 6 2 12 7 5222 5090 5321 5223 5091 5322
7531 6 2 12 7 5223 5091 5322 2746 2734 2755
7532 6 2 12 7 1566 1552 1576 5279 5125 5389
7533 6 2 12 7 5279 5125 5389 5280 5126 5390
7534 6 2 12 7 5280 5126 5390 5281 5127 5391
7535 6 2 12 7 5281 5127 5391 5282 5128 5392
7536 6 2 12 7 5282 5128 5392 5283 5129 5393
7537 6 2 12 7 5283 5129 5393 5284 5130 5394
7538 6 2 12 7 5284 5130 5394 5285 5131 5395
7539 6 2 12 7 5285 5131 5395 5286 5132 5396
7540 6 2 12 7 5286 5132 5396 5287 5133 5397
7541 6 2 12 7 5287 5133 5397 5288 5134 5398
7542 6 2 12 7 5288 5134 5398 5289 5135 5399
7543 6 2 12 7 5289 5135 5399 2752 2738 2762
7544 6 2 12 7 24 1554 1555 589 5147 5158
7545 6 2 12 7 589 5147 5158 590 5148 5159
7546 6 2 12 7 590 5148 5159 591 5149 5160
7547 6 2 12 7 591 5149 5160 592 5150 5161
7548 6 2 12 7 592 5150 5161 593 5151 5162
7549 6 2 12 7 593 5151 5162 594 5152 5163
7550 6 2 12 7 594 5152 5163 595 5153 5164
7551 6 2 12 7 595 5153 5164 596 5154 5165
7552 6 2 12 7 596 5154 5165 597 5155 5166
7553 6 2 12 7 597 5155 5166 598 5156 5167
7554 6 2 12 7 598 5156 5167 599 5157 5168
7555 6 2 12 7 599 5157 5168 42 2740 2741
7556 6 2 12 7 1544 1575 1579 5037 5378 5422
7557 6 2 12 7 5037 5378 5422 5038 5379 5423
7558 6 2 12 7 5038 5379 5423 5039 5380 5424
7559 6 2 12 7 5039 5380 5424 5040 5381 5425
7560 6 2 12 7 5040 5381 5425 5041 5382 5426
7561 6 2 12 7 5041 5382 5426 5042 5383 5427
7562 6 2 12 7 5042 5383 5427 5043 5384 5428
7563 6 2 12 7 5043 5384 5428 5044 5385 5429
7564 6 2 12 7 5044 5385 5429 5045 5386 5430
7565 6 2 12 7 5045 5386 5430 5046 5387 5431
7566 6 2 12 7 5046 5387 5431 5047 5388 5432
7567 6 2 12 7 5047 5388 5432 2730 2761 2765
7568 6 2 12 7 254 255 1551 2443 2454 5114
7569 6 2 12 7 2443 2454 5114 2444 2455 5115
7570 6 2 12 7 2444 2455 5115 2445 2456 5116
7571 6 2 12 7 2445 2456 5116 2446 2457 5117
7572 6 2 12 7 2446 2457 5117 2447 2458 5118
7573 6 2 12 7 2447 2458 5118 2448 2459 5119
7574 6 2 12 7 2448 2459 5119 2449 2460 5120
7575 6 2 12 7 2449 2460 5120 2450 2461 5121
7576 6 2 12 7 2450 2461 5121 2451 2462 5122
7577 6 2 12 7 2451 2462 5122 2452 2463 5123
7578 6 2 12 7 2452 2463 5123 2453 2464 5124
7579 6 2 12 7 2453 2464 5124 563 564 2737
7580 6 2 12 7 256 257 1548 2465 2476 5081
7581 6 2 12 7 2465 2476 5081 2466 2477 5082
7582 6 2 12 7 2466 2477 5082 2467 2478 5083
7583 6 2 12 7 2467 2478 5083 2468 2479 5084
7584 6 2 12 7 2468 2479 5084 2469 2480 5085
7585 6 2 12 7 2469 2480 5085 2470 2481 5086
7586 6 2 12 7 2470 2481 5086 2471 2482 5087
7587 6 2 12 7 2471 2482 5087 2472 2483 5088
7588 6 2 12 7 2472 2483 5088 2473 2484 5089
7589 6 2 12 7 2473 2484 5089 2474 2485 5090
7590 6 2 12 7 2474 2485 5090 2475 2486 5091
7591 6 2 12 7 2475 2486 5091 565 566 2734
7592 6 2 12 7 1557 1549 1583 5180 5092 5466
7593 6 2 12 7 5180 5092 5466 5181 5093 5467
7594 6 2 12 7 5181 5093 5467 5182 5094 5468
7595 6 2 12 7 5182 5094 5468 5183 5095 5469
7596 6 2 12 7 5183 5095 5469 5184 5096 5470
7597 6 2 12 7 5184 5096 5470 5185 5097 5471
7598 6 2 12 7 5185 5097 5471 5186 5098 5472
7599 6 2 12 7 5186 5098 5472 5187 5099 5473
7600 6 2 12 7 5187 5099 5473 5188 5100 5474
7601 6 2 12 7 5188 5100 5474 5189 5101 5475
7602 6 2 12 7 5189 5101 5475 5190 5102 5476
7603 6 2 12 7 5190 5102 5476 2743 2735 2769
7604 6 2 12 7 241 240 1553 2421 2410 5136
7605 6 2 12 7 2421 2410 5136 2422 2411 5137
7606 6 2 12 7 2422 2411 5137 2423 2412 5138
7607 6 2 12 7 2423 2412 5138 2424 2413 5139
7608 6 2 12 7 2424 2413 5139 2425 2414 5140
7609 6 2 12 7 2425 2414 5140 2426 2415 5141
7610 6 2 12 7 2426 2415 5141 2427 2416 5142
7611 6 2 12 7 2427 2416 5142 2428 2417 5143
7612 6 2 12 7 2428 2417 5143 2429 2418 5144
7613 6 2 12 7 2429 2418 5144 2430 2419 5145
7614 6 2 12 7 2430 2419 5145 2431 2420 5146
7615 6 2 12 7 2431 2420 5146 550 549 2739
7616 6 2 12 7 1563 1562 1564 5246 5235 5257
7617 6 2 12 7 5246 5235 5257 5247 5236 5258
7618 6 2 12 7 5247 5236 5258 5248 5237 5259
7619 6 2 12 7 5248 5237 5259 5249 5238 5260
7620 6 2 12 7 5249 5238 5260 5250 5239 5261
7621 6 2 12 7 5250 5239 5261 5251 5240 5262
7622 6 2 12 7 5251 5240 5262 5252 5241 5263
7623 6 2 12 7 5252 5241 5263 5253 5242 5264
7624 6 2 12 7 5253 5242 5264 5254 5243 5265
7625 6 2 12 7 5254 5243 5265 5255 5244 5266
7626 6 2 12 7 5255 5244 5266 5256 5245 5267
7627 6 2 12 7 5256 5245 5267 2749 2748 2750
7628 6 2 12 7 1565 1568 1582 5268 5301 5455
7629 6 2 12 7 5268 5301 5455 5269 5302 5456
7630 6 2 12 7 5269 5302 5456 5270 5303 5457
7631 6 2 12 7 5270 5303 5457 5271 5304 5458
7632 6 2 12 7 5271 5304 5458 5272 5305 5459
7633 6 2 12 7 5272 5305 5459 5273 5306 5460
7634 6 2 12 7 5273 5306 5460 5274 5307 5461
7635 6 2 12 7 5274 5307 5461 5275 5308 5462
7636 6 2 12 7 5275 5308 5462 5276 5309 5463
7637 6 2 12 7 5276 5309 5463 5277 5310 5464
7638 6 2 12 7 5277 5310 5464 5278 5311 5465
7639 6 2 12 7 5278 5311 5465 2751 2754 2768
7640 6 2 12 7 1570 1551 1586 5323 5114 5499
7641 6 2 12 7 5323 5114 5499 5324 5115 5500
7642 6 2 12 7 5324 5115 5500 5325 5116 5501
7643 6 2 12 7 5325 5116 5501 5326 5117 5502
7644 6 2 12 7 5326 5117 5502 5327 5118 5503
7645 6 2 12 7 5327 5118 5503 5328 5119 5504
7646 6 2 12 7 5328 5119 5504 5329 5120 5505
7647 6 2 12 7 5329 5120 5505 5330 5121 5506
7648 6 2 12 7 5330 5121 5506 5331 5122 5507
7649 6 2 12 7 5331 5122 5507 5332 5123 5508
7650 6 2 12 7 5332 5123 5508 5333 5124 5509
7651 6 2 12 7 5333 5124 5509 2756 2737 2772
7652 6 2 12 7 1562 1543 1587 5235 5026 5510
7653 6 2 12 7 5235 5026 5510 5236 5027 5511
7654 6 2 12 7 5236 5027 5511 5237 5028 5512
7655 6 2 12 7 5237 5028 5512 5238 5029 5513
7656 6 2 12 7 5238 5029 5513 5239 5030 5514
7657 6 2 12 7 5239 5030 5514 5240 5031 5515
7658 6 2 12 7 5240 5031 5515 5241 5032 5516
7659 6 2 12 7 5241 5032 5516 5242 5033 5517
7660 6 2 12 7 5242 5033 5517 5243 5034 5518
7661 6 2 12 7 5243 5034 5518 5244 5035 5519
7662 6 2 12 7 5244 5035 5519 5245 5036 5520
7663 6 2 12 7 5245 5036 5520 2748 2729 2773
7664 6 2 12 7 1551 1570 1582 5114 5323 5455
7665 6 2 12 7 5114 5323 5455 5115 5324 5456
7666 6 2 12 7 5115 5324 5456 5116 5325 5457
7667 6 2 12 7 5116 5325 5457 5117 5326 5458
7668 6 2 12 7 5117 5326 5458 5118 5327 5459
7669 6 2 12 7 5118 5327 5459 5119 5328 5460
7670 6 2 12 7 5119 5328 5460 5120 5329 5461
7671 6 2 12 7 5120 5329 5461 5121 5330 5462
7672 6 2 12 7 5121 5330 5462 5122 5331 5463
7673 6 2 12 7 5122 5331 5463 5123 5332 5464
7674 6 2 12 7 5123 5332 5464 5124 5333 5465
7675 6 2 12 7 5124 5333 5465 2737 2756 2768
7676 6 2 12 7 1560 1558 1562 5213 5191 5235
7677 6 2 12 7 5213 5191 5235 5214 5192 5236
7678 6 2 12 7 5214 5192 5236 5215 5193 5237
7679 6 2 12 7 5215 5193 5237 5216 5194 5238
7680 6 2 12 7 5216 5194 5238 5217 5195 5239
7681 6 2 12 7 5217 5195 5239 5218 5196 5240
7682 6 2 12 7 5218 5196 5240 5219 5197 5241
7683 6 2 12 7 5219 5197 5241 5220 5198 5242
7684 6 2 12 7 5220 5198 5242 5221 5199 5243
7685 6 2 12 7 5221 5199 5243 5222 5200 5244
7686 6 2 12 7 5222 5200 5244 5223 5201 5245
7687 6 2 12 7 5223 5201 5245 2746 2744 2748
7688 6 2 12 7 276 277 1547 2564 2575 5070
7689 6 2 12 7 2564 2575 5070 2565 2576 5071
7690 6 2 12 7 2565 2576 5071 2566 2577 5072
7691 6 2 12 7 2566 2577 5072 2567 2578 5073
7692 6 2 12 7 2567 2578 5073 2568 2579 5074
7693 6 2 12 7 2568 2579 5074 2569 2580 5075
7694 6 2 12 7 2569 2580 5075 2570 2581 5076
7695 6 2 12 7 2570 2581 5076 2571 2582 5077
7696 6 2 12 7 2571 2582 5077 2572 2583 5078
7697 6 2 12 7 2572 2583 5078 2573 2584 5079
7698 6 2 12 7 2573 2584 5079 2574 2585 5080
7699 6 2 12 7 2574 2585 5080 585 586 2733
7700 6 2 12 7 275 276 1573 2553 2564 5356
7701 6 2 12 7 2553 2564 5356 2554 2565 5357
7702 6 2 12 7 2554 2565 5357 2555 2566 5358
7703 6 2 12 7 2555 2566 5358 2556 2567 5359
7704 6 2 12 7 2556 2567 5359 2557 2568 5360
7705 6 2 12 7 2557 2568 5360 2558 2569 5361
7706 6 2 12 7 2558 2569 5361 2559 2570 5362
7707 6 2 12 7 2559 2570 5362 2560 2571 5363
7708 6 2 12 7 2560 2571 5363 2561 2572 5364
7709 6 2 12 7 2561 2572 5364 2562 2573 5365
7710 6 2 12 7 2562 2573 5365 2563 2574 5366
7711 6 2 12 7 2563 2574 5366 584 585 2759
7712 6 2 12 7 1563 1564 1565 5246 5257 5268
7713 6 2 12 7 5246 5257 5268 5247 5258 5269
7714 6 2 12 7 5247 5258 5269 5248 5259 5270
7715 6 2 12 7 5248 5259 5270 5249 5260 5271
7716 6 2 12 7 5249 5260 5271 5250 5261 5272
7717 6 2 12 7 5250 5261 5272 5251 5262 5273
7718 6 2 12 7 5251 5262 5273 5252 5263 5274
7719 6 2 12 7 5252 5263 5274 5253 5264 5275
7720 6 2 12 7 5253 5264 5275 5254 5265 5276
7721 6 2 12 7 5254 5265 5276 5255 5266 5277
7722 6 2 12 7 5255 5266 5277 5256 5267 5278
7723 6 2 12 7 5256 5267 5278 2749 2750 2751
7724 6 2 12 7 1547 277 1568 5070 2575 5301
7725 6 2 12 7 5070 2575 5301 5071 2576 5302
7726 6 2 12 7 5071 2576 5302 5072 2577 5303
7727 6 2 12 7 5072 2577 5303 5073 2578 5304
7728 6 2 12 7 5073 2578 5304 5074 2579 5305
7729 6 2 12 7 5074 2579 5305 5075 2580 5306
7730 6 2 12 7 5075 2580 5306 5076 2581 5307
7731 6 2 12 7 5076 2581 5307 5077 2582 5308
7732 6 2 12 7 5077 2582 5308 5078 2583 5309
7733 6 2 12 7 5078 2583 5309 5079 2584 5310
7734 6 2 12 7 5079 2584 5310 5080 2585 5311
7735 6 2 12 7 5080 2585 5311 2733 586 2754
7736 6 2 12 7 261 262 1566 2520 2531 5279
7737 6 2 12 7 2520 2531 5279 2521 2532 5280
7738 6 2 12 7 2521 2532 5280 2522 2533 5281
7739 6 2 12 7 2522 2533 5281 2523 2534 5282
7740 6 2 12 7 2523 2534 5282 2524 2535 5283
7741 6 2 12 7 2524 2535 5283 2525 2536 5284
7742 6 2 12 7 2525 2536 5284 2526 2537 5285
7743 6 2 12 7 2526 2537 5285 2527 2538 5286
7744 6 2 12 7 2527 2538 5286 2528 2539 5287
7745 6 2 12 7 2528 2539 5287 2529 2540 5288
7746 6 2 12 7 2529 2540 5288 2530 2541 5289
7747 6 2 12 7 2530 2541 5289 570 571 2752
7748 6 2 12 7 277 278 1568 2575 2586 5301
7749 6 2 12 7 2575 2586 5301 2576 2587 5302
7750 6 2 12 7 2576 2587 5302 2577 2588 5303
7751 6 2 12 7 2577 2588 5303 2578 2589 5304
7752 6 2 12 7 2578 2589 5304 2579 2590 5305
7753 6 2 12 7 2579 2590 5305 2580 2591 5306
7754 6 2 12 7 2580 2591 5306 2581 2592 5307
7755 6 2 12 7 2581 2592 5307 2582 2593 5308
7756 6 2 12 7 2582 2593 5308 2583 2594 5309
7757 6 2 12 7 2583 2594 5309 2584 2595 5310
7758 6 2 12 7 2584 2595 5310 2585 2596 5311
7759 6 2 12 7 2585 2596 5311 586 587 2754
7760 6 2 12 7 241 1553 1567 2421 5136 5290
7761 6 2 12 7 2421 5136 5290 2422 5137 5291
7762 6 2 12 7 2422 5137 5291 2423 5138 5292
7763 6 2 12 7 2423 5138 5292 2424 5139 5293
7764 6 2 12 7 2424 5139 5293 2425 5140 5294
7765 6 2 12 7 2425 5140 5294 2426 5141 5295
7766 6 2 12 7 2426 5141 5295 2427 5142 5296
7767 6 2 12 7 2427 5142 5296 2428 5143 5297
7768 6 2 12 7 2428 5143 5297 2429 5144 5298
7769 6 2 12 7 2429 5144 5298 2430 5145 5299
7770 6 2 12 7 2430 5145 5299 2431 5146 5300
7771 6 2 12 7 2431 5146 5300 550 2739 2753
7772 6 2 12 7 1563 1565 1570 5246 5268 5323
7773 6 2 12 7 5246 5268 5323 5247 5269 5324
7774 6 2 12 7 5247 5269 5324 5248 5270 5325
7775 6 2 12 7 5248 5270 5325 5249 5271 5326
7776 6 2 12 7 5249 5271 5326 5250 5272 5327
7777 6 2 12 7 5250 5272 5327 5251 5273 5328
7778 6 2 12 7 5251 5273 5328 5252 5274 5329
7779 6 2 12 7 5252 5274 5329 5253 5275 5330
7780 6 2 12 7 5253 5275 5330 5254 5276 5331
7781 6 2 12 7 5254 5276 5331 5255 5277 5332
7782 6 2 12 7 5255 5277 5332 5256 5278 5333
7783 6 2 12 7 5256 5278 5333 2749 2751 2756
7784 6 2 12 7 1560 1562 1563 5213 5235 5246
7785 6 2 12 7 5213 5235 5246 5214 5236 5247
7786 6 2 12 7 5214 5236 5247 5215 5237 5248
7787 6 2 12 7 5215 5237 5248 5216 5238 5249
7788 6 2 12 7 5216 5238 5249 5217 5239 5250
7789 6 2 12 7 5217 5239 5250 5218 5240 5251
7790 6 2 12 7 5218 5240 5251 5219 5241 5252
7791 6 2 12 7 5219 5241 5252 5220 5242 5253
7792 6 2 12 7 5220 5242 5253 5221 5243 5254
7793 6 2 12 7 5221 5243 5254 5222 5244 5255
7794 6 2 12 7 5222 5244 5255 5223 5245 5256
7795 6 2 12 7 5223 5245 5256 2746 2748 2749
7796 6 2 12 7 1558 1546 1572 5191 5059 5345
7797 6 2 12 7 5191 5059 5345 5192 5060 5346
7798 6 2 12 7 5192 5060 5346 5193 5061 5347
7799 6 2 12 7 5193 5061 5347 5194 5062 5348
7800 6 2 12 7 5194 5062 5348 5195 5063 5349
7801 6 2 12 7 5195 5063 5349 5196 5064 5350
7802 6 2 12 7 5196 5064 5350 5197 5065 5351
7803 6 2 12 7 5197 5065 5351 5198 5066 5352
7804 6 2 12 7 5198 5066 5352 5199 5067 5353
7805 6 2 12 7 5199 5067 5353 5200 5068 5354
7806 6 2 12 7 5200 5068 5354 5201 5069 5355
7807 6 2 12 7 5201 5069 5355 2744 2732 2758
7808 6 2 12 7 1548 257 1569 5081 2476 5312
7809 6 2 12 7 5081 2476 5312 5082 2477 5313
7810 6 2 12 7 5082 2477 5313 5083 2478 5314
7811 6 2 12 7 5083 2478 5314 5084 2479 5315
7812 6 2 12 7 5084 2479 5315 5085 2480 5316
7813 6 2 12 7 5085 2480 5316 5086 2481 5317
7814 6 2 12 7 5086 2481 5317 5087 2482 5318
7815 6 2 12 7 5087 2482 5318 5088 2483 5319
7816 6 2 12 7 5088 2483 5319 5089 2484 5320
7817 6 2 12 7 5089 2484 5320 5090 2485 5321
7818 6 2 12 7 5090 2485 5321 5091 2486 5322
7819 6 2 12 7 5091 2486 5322 2734 566 2755
7820 6 2 12 7 295 296 1550 2652 2663 5103
7821 6 2 12 7 2652 2663 5103 2653 2664 5104
7822 6 2 12 7 2653 2664 5104 2654 2665 5105
7823 6 2 12 7 2654 2665 5105 2655 2666 5106
7824 6 2 12 7 2655 2666 5106 2656 2667 5107
7825 6 2 12 7 2656 2667 5107 2657 2668 5108
7826 6 2 12 7 2657 2668 5108 2658 2669 5109
7827 6 2 12 7 2658 2669 5109 2659 2670 5110
7828 6 2 12 7 2659 2670 5110 2660 2671 5111
7829 6 2 12 7 2660 2671 5111 2661 2672 5112
7830 6 2 12 7 2661 2672 5112 2662 2673 5113
7831 6 2 12 7 2662 2673 5113 604 605 2736
7832 6 2 12 7 276 1547 1573 2564 5070 5356
7833 6 2 12 7 2564 5070 5356 2565 5071 5357
7834 6 2 12 7 2565 5071 5357 2566 5072 5358
7835 6 2 12 7 2566 5072 5358 2567 5073 5359
7836 6 2 12 7 2567 5073 5359 2568 5074 5360
7837 6 2 12 7 2568 5074 5360 2569 5075 5361
7838 6 2 12 7 2569 5075 5361 2570 5076 5362
7839 6 2 12 7 2570 5076 5362 2571 5077 5363
7840 6 2 12 7 2571 5077 5363 2572 5078 5364
7841 6 2 12 7 2572 5078 5364 2573 5079 5365
7842 6 2 12 7 2573 5079 5365 2574 5080 5366
7843 6 2 12 7 2574 5080 5366 585 2733 2759
7844 6 2 12 7 294 295 1571 2641 2652 5334
7845 6 2 12 7 2641 2652 5334 2642 2653 5335
7846 6 2 12 7 2642 2653 5335 2643 2654 5336
7847 6 2 12 7 2643 2654 5336 2644 2655 5337
7848 6 2 12 7 2644 2655 5337 2645 2656 5338
7849 6 2 12 7 2645 2656 5338 2646 2657 5339
7850 6 2 12 7 2646 2657 5339 2647 2658 5340
7851 6 2 12 7 2647 2658 5340 2648 2659 5341
7852 6 2 12 7 2648 2659 5341 2649 2660 5342
7853 6 2 12 7 2649 2660 5342 2650 2661 5343
7854 6 2 12 7 2650 2661 5343 2651 2662 5344
7855 6 2 12 7 2651 2662 5344 603 604 2757
7856 6 2 12 7 293 294 1543 2630 2641 5026
7857 6 2 12 7 2630 2641 5026 2631 2642 5027
7858 6 2 12 7 2631 2642 5027 2632 2643 5028
7859 6 2 12 7 2632 2643 5028 2633 2644 5029
7860 6 2 12 7 2633 2644 5029 2634 2645 5030
7861 6 2 12 7 2634 2645 5030 2635 2646 5031
7862 6 2 12 7 2635 2646 5031 2636 2647 5032
7863 6 2 12 7 2636 2647 5032 2637 2648 5033
7864 6 2 12 7 2637 2648 5033 2638 2649 5034
7865 6 2 12 7 2638 2649 5034 2639 2650 5035
7866 6 2 12 7 2639 2650 5035 2640 2651 5036
7867 6 2 12 7 2640 2651 5036 602 603 2729
7868 6 2 12 7 257 258 1569 2476 2487 5312
7869 6 2 12 7 2476 2487 5312 2477 2488 5313
7870 6 2 12 7 2477 2488 5313 2478 2489 5314
7871 6 2 12 7 2478 2489 5314 2479 2490 5315
7872 6 2 12 7 2479 2490 5315 2480 2491 5316
7873 6 2 12 7 2480 2491 5316 2481 2492 5317
7874 6 2 12 7 2481 2492 5317 2482 2493 5318
7875 6 2 12 7 2482 2493 5318 2483 2494 5319
7876 6 2 12 7 2483 2494 5319 2484 2495 5320
7877 6 2 12 7 2484 2495 5320 2485 2496 5321
7878 6 2 12 7 2485 2496 5321 2486 2497 5322
7879 6 2 12 7 2486 2497 5322 566 567 2755
7880 6 2 12 7 22 254 1590 552 2443 5543
7881 6 2 12 7 552 2443 5543 553 2444 5544
7882 6 2 12 7 553 2444 5544 554 2445 5545
7883 6 2 12 7 554 2445 5545 555 2446 5546
7884 6 2 12 7 555 2446 5546 556 2447 5547
7885 6 2 12 7 556 2447 5547 557 2448 5548
7886 6 2 12 7 557 2448 5548 558 2449 5549
7887 6 2 12 7 558 2449 5549 559 2450 5550
7888 6 2 12 7 559 2450 5550 560 2451 5551
7889 6 2 12 7 560 2451 5551 561 2452 5552
7890 6 2 12 7 561 2452 5552 562 2453 5553
7891 6 2 12 7 562 2453 5553 40 563 2776
7892 6 2 12 7 292 293 1572 2619 2630 5345
7893 6 2 12 7 2619 2630 5345 2620 2631 5346
7894 6 2 12 7 2620 2631 5346 2621 2632 5347
7895 6 2 12 7 2621 2632 5347 2622 2633 5348
7896 6 2 12 7 2622 2633 5348 2623 2634 5349
7897 6 2 12 7 2623 2634 5349 2624 2635 5350
7898 6 2 12 7 2624 2635 5350 2625 2636 5351
7899 6 2 12 7 2625 2636 5351 2626 2637 5352
7900 6 2 12 7 2626 2637 5352 2627 2638 5353
7901 6 2 12 7 2627 2638 5353 2628 2639 5354
7902 6 2 12 7 2628 2639 5354 2629 2640 5355
7903 6 2 12 7 2629 2640 5355 601 602 2758
7904 6 2 12 7 242 241 1567 2432 2421 5290
7905 6 2 12 7 2432 2421 5290 2433 2422 5291
7906 6 2 12 7 2433 2422 5291 2434 2423 5292
7907 6 2 12 7 2434 2423 5292 2435 2424 5293
7908 6 2 12 7 2435 2424 5293 2436 2425 5294
7909 6 2 12 7 2436 2425 5294 2437 2426 5295
7910 6 2 12 7 2437 2426 5295 2438 2427 5296
7911 6 2 12 7 2438 2427 5296 2439 2428 5297
7912 6 2 12 7 2439 2428 5297 2440 2429 5298
7913 6 2 12 7 2440 2429 5298 2441 2430 5299
7914 6 2 12 7 2441 2430 5299 2442 2431 5300
7915 6 2 12 7 2442 2431 5300 551 550 2753
7916 6 2 12 7 1566 1576 1580 5279 5389 5433
7917 6 2 12 7 5279 5389 5433 5280 5390 5434
7918 6 2 12 7 5280 5390 5434 5281 5391 5435
7919 6 2 12 7 5281 5391 5435 5282 5392 5436
7920 6 2 12 7 5282 5392 5436 5283 5393 5437
7921 6 2 12 7 5283 5393 5437 5284 5394 5438
7922 6 2 12 7 5284 5394 5438 5285 5395 5439
7923 6 2 12 7 5285 5395 5439 5286 5396 5440
7924 6 2 12 7 5286 5396 5440 5287 5397 5441
7925 6 2 12 7 5287 5397 5441 5288 5398 5442
7926 6 2 12 7 5288 5398 5442 5289 5399 5443
7927 6 2 12 7 5289 5399 5443 2752 2762 2766
7928 6 2 12 7 1559 1560 1569 5202 5213 5312
7929 6 2 12 7 5202 5213 5312 5203 5214 5313
7930 6 2 12 7 5203 5214 5313 5204 5215 5314
7931 6 2 12 7 5204 5215 5314 5205 5216 5315
7932 6 2 12 7 5205 5216 5315 5206 5217 5316
7933 6 2 12 7 5206 5217 5316 5207 5218 5317
7934 6 2 12 7 5207 5218 5317 5208 5219 5318
7935 6 2 12 7 5208 5219 5318 5209 5220 5319
7936 6 2 12 7 5209 5220 5319 5210 5221 5320
7937 6 2 12 7 5210 5221 5320 5211 5222 5321
7938 6 2 12 7 5211 5222 5321 5212 5223 5322
7939 6 2 12 7 5212 5223 5322 2745 2746 2755
7940 6 2 12 7 1575 1576 1579 5378 5389 5422
7941 6 2 12 7 5378 5389 5422 5379 5390 5423
7942 6 2 12 7 5379 5390 5423 5380 5391 5424
7943 6 2 12 7 5380 5391 5424 5381 5392 5425
7944 6 2 12 7 5381 5392 5425 5382 5393 5426
7945 6 2 12 7 5382 5393 5426 5383 5394 5427
7946 6 2 12 7 5383 5394 5427 5384 5395 5428
7947 6 2 12 7 5384 5395 5428 5385 5396 5429
7948 6 2 12 7 5385 5396 5429 5386 5397 5430
7949 6 2 12 7 5386 5397 5430 5387 5398 5431
7950 6 2 12 7 5387 5398 5431 5388 5399 5432
7951 6 2 12 7 5388 5399 5432 2761 2762 2765
7952 6 2 12 7 1568 1578 1582 5301 5411 5455
7953 6 2 12 7 5301 5411 5455 5302 5412 5456
7954 6 2 12 7 5302 5412 5456 5303 5413 5457
7955 6 2 12 7 5303 5413 5457 5304 5414 5458
7956 6 2 12 7 5304 5414 5458 5305 5415 5459
7957 6 2 12 7 5305 5415 5459 5306 5416 5460
7958 6 2 12 7 5306 5416 5460 5307 5417 5461
7959 6 2 12 7 5307 5417 5461 5308 5418 5462
7960 6 2 12 7 5308 5418 5462 5309 5419 5463
7961 6 2 12 7 5309 5419 5463 5310 5420 5464
7962 6 2 12 7 5310 5420 5464 5311 5421 5465
7963 6 2 12 7 5311 5421 5465 2754 2764 2768
7964 6 2 12 7 291 1546 1554 2608 5059 5147
7965 6 2 12 7 2608 5059 5147 2609 5060 5148
7966 6 2 12 7 2609 5060 5148 2610 5061 5149
7967 6 2 12 7 2610 5061 5149 2611 5062 5150
7968 6 2 12 7 2611 5062 5150 2612 5063 5151
7969 6 2 12 7 2612 5063 5151 2613 5064 5152
7970 6 2 12 7 2613 5064 5152 2614 5065 5153
7971 6 2 12 7 2614 5065 5153 2615 5066 5154
7972 6 2 12 7 2615 5066 5154 2616 5067 5155
7973 6 2 12 7 2616 5067 5155 2617 5068 5156
7974 6 2 12 7 2617 5068 5156 2618 5069 5157
7975 6 2 12 7 2618 5069 5157 600 2732 2740
7976 6 2 12 7 291 292 1546 2608 2619 5059
7977 6 2 12 7 2608 2619 5059 2609 2620 5060
7978 6 2 12 7 2609 2620 5060 2610 2621 5061
7979 6 2 12 7 2610 2621 5061 2611 2622 5062
7980 6 2 12 7 2611 2622 5062 2612 2623 5063
7981 6 2 12 7 2612 2623 5063 2613 2624 5064
7982 6 2 12 7 2613 2624 5064 2614 2625 5065
7983 6 2 12 7 2614 2625 5065 2615 2626 5066
7984 6 2 12 7 2615 2626 5066 2616 2627 5067
7985 6 2 12 7 2616 2627 5067 2617 2628 5068
7986 6 2 12 7 2617 2628 5068 2618 2629 5069
7987 6 2 12 7 2618 2629 5069 600 601 2732
7988 6 2 12 7 259 1549 1581 2498 5092 5444
7989 6 2 12 7 2498 5092 5444 2499 5093 5445
7990 6 2 12 7 2499 5093 5445 2500 5094 5446
7991 6 2 12 7 2500 5094 5446 2501 5095 5447
7992 6 2 12 7 2501 5095 5447 2502 5096 5448
7993 6 2 12 7 2502 5096 5448 2503 5097 5449
7994 6 2 12 7 2503 5097 5449 2504 5098 5450
7995 6 2 12 7 2504 5098 5450 2505 5099 5451
7996 6 2 12 7 2505 5099 5451 2506 5100 5452
7997 6 2 12 7 2506 5100 5452 2507 5101 5453
7998 6 2 12 7 2507 5101 5453 2508 5102 5454
7999 6 2 12 7 2508 5102 5454 568 2735 2767
8000 6 2 12 7 1554 1546 1557 5147 5059 5180
8001 6 2 12 7 5147 5059 5180 5148 5060 5181
8002 6 2 12 7 5148 5060 5181 5149 5061 5182
8003 6 2 12 7 5149 5061 5182 5150 5062 5183
8004 6 2 12 7 5150 5062 5183 5151 5063 5184
8005 6 2 12 7 5151 5063 5184 5152 5064 5185
8006 6 2 12 7 5152 5064 5185 5153 5065 5186
8007 6 2 12 7 5153 5065 5186 5154 5066 5187
8008 6 2 12 7 5154 5066 5187 5155 5067 5188
8009 6 2 12 7 5155 5067 5188 5156 5068 5189
8010 6 2 12 7 5156 5068 5189 5157 5069 5190
8011 6 2 12 7 5157 5069 5190 2740 2732 2743
8012 6 2 12 7 295 1550 1571 2652 5103 5334
8013 6 2 12 7 2652 5103 5334 2653 5104 5335
8014 6 2 12 7 2653 5104 5335 2654 5105 5336
8015 6 2 12 7 2654 5105 5336 2655 5106 5337
8016 6 2 12 7 2655 5106 5337 2656 5107 5338
8017 6 2 12 7 2656 5107 5338 2657 5108 5339
8018 6 2 12 7 2657 5108 5339 2658 5109 5340
8019 6 2 12 7 2658 5109 5340 2659 5110 5341
8020 6 2 12 7 2659 5110 5341 2660 5111 5342
8021 6 2 12 7 2660 5111 5342 2661 5112 5343
8022 6 2 12 7 2661 5112 5343 2662 5113 5344
8023 6 2 12 7 2662 5113 5344 604 2736 2757
8024 6 2 12 7 1551 255 1586 5114 2454 5499
8025 6 2 12 7 5114 2454 5499 5115 2455 5500
8026 6 2 12 7 5115 2455 5500 5116 2456 5501
8027 6 2 12 7 5116 2456 5501 5117 2457 5502
8028 6 2 12 7 5117 2457 5502 5118 2458 5503
8029 6 2 12 7 5118 2458 5503 5119 2459 5504
8030 6 2 12 7 5119 2459 5504 5120 2460 5505
8031 6 2 12 7 5120 2460 5505 5121 2461 5506
8032 6 2 12 7 5121 2461 5506 5122 2462 5507
8033 6 2 12 7 5122 2462 5507 5123 2463 5508
8034 6 2 12 7 5123 2463 5508 5124 2464 5509
8035 6 2 12 7 5124 2464 5509 2737 564 2772
8036 6 2 12 7 1559 1558 1560 5202 5191 5213
8037 6 2 12 7 5202 5191 5213 5203 5192 5214
8038 6 2 12 7 5203 5192 5214 5204 5193 5215
8039 6 2 12 7 5204 5193 5215 5205 5194 5216
8040 6 2 12 7 5205 5194 5216 5206 5195 5217
8041 6 2 12 7 5206 5195 5217 5207 5196 5218
8042 6 2 12 7 5207 5196 5218 5208 5197 5219
8043 6 2 12 7 5208 5197 5219 5209 5198 5220
8044 6 2 12 7 5209 5198 5220 5210 5199 5221
8045 6 2 12 7 5210 5199 5221 5211 5200 5222
8046 6 2 12 7 5211 5200 5222 5212 5201 5223
8047 6 2 12 7 5212 5201 5223 2745 2744 2746
8048 6 2 12 7 24 1555 1556 589 5158 5169
8049 6 2 12 7 589 5158 5169 590 5159 5170
8050 6 2 12 7 590 5159 5170 591 5160 5171
8051 6 2 12 7 591 5160 5171 592 5161 5172
8052 6 2 12 7 592 5161 5172 593 5162 5173
8053 6 2 12 7 593 5162 5173 594 5163 5174
8054 6 2 12 7 594 5163 5174 595 5164 5175
8055 6 2 12 7 595 5164 5175 596 5165 5176
8056 6 2 12 7 596 5165 5176 597 5166 5177
8057 6 2 12 7 597 5166 5177 598 5167 5178
8058 6 2 12 7 598 5167 5178 599 5168 5179
8059 6 2 12 7 599 5168 5179 42 2741 2742
8060 6 2 12 7 1573 1547 1584 5356 5070 5477
8061 6 2 12 7 5356 5070 5477 5357 5071 5478
8062 6 2 12 7 5357 5071 5478 5358 5072 5479
8063 6 2 12 7 5358 5072 5479 5359 5073 5480
8064 6 2 12 7 5359 5073 5480 5360 5074 5481
8065 6 2 12 7 5360 5074 5481 5361 5075 5482
8066 6 2 12 7 5361 5075 5482 5362 5076 5483
8067 6 2 12 7 5362 5076 5483 5363 5077 5484
8068 6 2 12 7 5363 5077 5484 5364 5078 5485
8069 6 2 12 7 5364 5078 5485 5365 5079 5486
8070 6 2 12 7 5365 5079 5486 5366 5080 5487
8071 6 2 12 7 5366 5080 5487 2759 2733 2770
8072 6 2 12 7 1543 294 1571 5026 2641 5334
8073 6 2 12 7 5026 2641 5334 5027 2642 5335
8074 6 2 12 7 5027 2642 5335 5028 2643 5336
8075 6 2 12 7 5028 2643 5336 5029 2644 5337
8076 6 2 12 7 5029 2644 5337 5030 2645 5338
8077 6 2 12 7 5030 2645 5338 5031 2646 5339
8078 6 2 12 7 5031 2646 5339 5032 2647 5340
8079 6 2 12 7 5032 2647 5340 5033 2648 5341
8080 6 2 12 7 5033 2648 5341 5034 2649 5342
8081 6 2 12 7 5034 2649 5342 5035 2650 5343
8082 6 2 12 7 5035 2650 5343 5036 2651 5344
8083 6 2 12 7 5036 2651 5344 2729 603 2757
8084 6 2 12 7 256 1548 1586 2465 5081 5499
8085 6 2 12 7 2465 5081 5499 2466 5082 5500
8086 6 2 12 7 2466 5082 5500 2467 5083 5501
8087 6 2 12 7 2467 5083 5501 2468 5084 5502
8088 6 2 12 7 2468 5084 5502 2469 5085 5503
8089 6 2 12 7 2469 5085 5503 2470 5086 5504
8090 6 2 12 7 2470 5086 5504 2471 5087 5505
8091 6 2 12 7 2471 5087 5505 2472 5088 5506
8092 6 2 12 7 2472 5088 5506 2473 5089 5507
8093 6 2 12 7 2473 5089 5507 2474 5090 5508
8094 6 2 12 7 2474 5090 5508 2475 5091 5509
8095 6 2 12 7 2475 5091 5509 565 2734 2772
8096 6 2 12 7 23 275 1589 573 2553 5532
8097 6 2 12 7 573 2553 5532 574 2554 5533
8098 6 2 12 7 574 2554 5533 575 2555 5534
8099 6 2 12 7 575 2555 5534 576 2556 5535
8100 6 2 12 7 576 2556 5535 577 2557 5536
8101 6 2 12 7 577 2557 5536 578 2558 5537
8102 6 2 12 7 578 2558 5537 579 2559 5538
8103 6 2 12 7 579 2559 5538 580 2560 5539
8104 6 2 12 7 580 2560 5539 581 2561 5540
8105 6 2 12 7 581 2561 5540 582 2562 5541
8106 6 2 12 7 582 2562 5541 583 2563 5542
8107 6 2 12 7 583 2563 5542 41 584 2775
8108 6 2 12 7 293 1543 1572 2630 5026 5345
8109 6 2 12 7 2630 5026 5345 2631 5027 5346
8110 6 2 12 7 2631 5027 5346 2632 5028 5347
8111 6 2 12 7 2632 5028 5347 2633 5029 5348
8112 6 2 12 7 2633 5029 5348 2634 5030 5349
8113 6 2 12 7 2634 5030 5349 2635 5031 5350
8114 6 2 12 7 2635 5031 5350 2636 5032 5351
8115 6 2 12 7 2636 5032 5351 2637 5033 5352
8116 6 2 12 7 2637 5033 5352 2638 5034 5353
8117 6 2 12 7 2638 5034 5353 2639 5035 5354
8118 6 2 12 7 2639 5035 5354 2640 5036 5355
8119 6 2 12 7 2640 5036 5355 602 2729 2758
8120 6 2 12 7 1568 278 1578 5301 2586 5411
8121 6 2 12 7 5301 2586 5411 5302 2587 5412
8122 6 2 12 7 5302 2587 5412 5303 2588 5413
8123 6 2 12 7 5303 2588 5413 5304 2589 5414
8124 6 2 12 7 5304 2589 5414 5305 2590 5415
8125 6 2 12 7 5305 2590 5415 5306 2591 5416
8126 6 2 12 7 5306 2591 5416 5307 2592 5417
8127 6 2 12 7 5307 2592 5417 5308 2593 5418
8128 6 2 12 7 5308 2593 5418 5309 2594 5419
8129 6 2 12 7 5309 2594 5419 5310 2595 5420
8130 6 2 12 7 5310 2595 5420 5311 2596 5421
8131 6 2 12 7 5311 2596 5421 2754 587 2764
8132 6 2 12 7 297 298 1574 2674 2685 5367
8133 6 2 12 7 2674 2685 5367 2675 2686 5368
8134 6 2 12 7 2675 2686 5368 2676 2687 5369
8135 6 2 12 7 2676 2687 5369 2677 2688 5370
8136 6 2 12 7 2677 2688 5370 2678 2689 5371
8137 6 2 12 7 2678 2689 5371 2679 2690 5372
8138 6 2 12 7 2679 2690 5372 2680 2691 5373
8139 6 2 12 7 2680 2691 5373 2681 2692 5374
8140 6 2 12 7 2681 2692 5374 2682 2693 5375
8141 6 2 12 7 2682 2693 5375 2683 2694 5376
8142 6 2 12 7 2683 2694 5376 2684 2695 5377
8143 6 2 12 7 2684 2695 5377 606 607 2760
8144 6 2 12 7 1577 1573 1584 5400 5356 5477
8145 6 2 12 7 5400 5356 5477 5401 5357 5478
8146 6 2 12 7 5401 5357 5478 5402 5358 5479
8147 6 2 12 7 5402 5358 5479 5403 5359 5480
8148 6 2 12 7 5403 5359 5480 5404 5360 5481
8149 6 2 12 7 5404 5360 5481 5405 5361 5482
8150 6 2 12 7 5405 5361 5482 5406 5362 5483
8151 6 2 12 7 5406 5362 5483 5407 5363 5484
8152 6 2 12 7 5407 5363 5484 5408 5364 5485
8153 6 2 12 7 5408 5364 5485 5409 5365 5486
8154 6 2 12 7 5409 5365 5486 5410 5366 5487
8155 6 2 12 7 5410 5366 5487 2763 2759 2770
8156 6 2 12 7 1546 292 1572 5059 2619 5345
8157 6 2 12 7 5059 2619 5345 5060 2620 5346
8158 6 2 12 7 5060 2620 5346 5061 2621 5347
8159 6 2 12 7 5061 2621 5347 5062 2622 5348
8160 6 2 12 7 5062 2622 5348 5063 2623 5349
8161 6 2 12 7 5063 2623 5349 5064 2624 5350
8162 6 2 12 7 5064 2624 5350 5065 2625 5351
8163 6 2 12 7 5065 2625 5351 5066 2626 5352
8164 6 2 12 7 5066 2626 5352 5067 2627 5353
8165 6 2 12 7 5067 2627 5353 5068 2628 5354
8166 6 2 12 7 5068 2628 5354 5069 2629 5355
8167 6 2 12 7 5069 2629 5355 2732 601 2758
8168 6 2 12 7 1573 1550 1589 5356 5103 5532
8169 6 2 12 7 5356 5103 5532 5357 5104 5533
8170 6 2 12 7 5357 5104 5533 5358 5105 5534
8171 6 2 12 7 5358 5105 5534 5359 5106 5535
8172 6 2 12 7 5359 5106 5535 5360 5107 5536
8173 6 2 12 7 5360 5107 5536 5361 5108 5537
8174 6 2 12 7 5361 5108 5537 5362 5109 5538
8175 6 2 12 7 5362 5109 5538 5363 5110 5539
8176 6 2 12 7 5363 5110 5539 5364 5111 5540
8177 6 2 12 7 5364 5111 5540 5365 5112 5541
8178 6 2 12 7 5365 5112 5541 5366 5113 5542
8179 6 2 12 7 5366 5113 5542 2759 2736 2775
8180 6 2 12 7 298 299 1544 2685 2696 5037
8181 6 2 12 7 2685 2696 5037 2686 2697 5038
8182 6 2 12 7 2686 2697 5038 2687 2698 5039
8183 6 2 12 7 2687 2698 5039 2688 2699 5040
8184 6 2 12 7 2688 2699 5040 2689 2700 5041
8185 6 2 12 7 2689 2700 5041 2690 2701 5042
8186 6 2 12 7 2690 2701 5042 2691 2702 5043
8187 6 2 12 7 2691 2702 5043 2692 2703 5044
8188 6 2 12 7 2692 2703 5044 2693 2704 5045
8189 6 2 12 7 2693 2704 5045 2694 2705 5046
8190 6 2 12 7 2694 2705 5046 2695 2706 5047
8191 6 2 12 7 2695 2706 5047 607 608 2730
8192 6 2 12 7 275 1573 1589 2553 5356 5532
8193 6 2 12 7 2553 5356 5532 2554 5357 5533
8194 6 2 12 7 2554 5357 5533 2555 5358 5534
8195 6 2 12 7 2555 5358 5534 2556 5359 5535
8196 6 2 12 7 2556 5359 5535 2557 5360 5536
8197 6 2 12 7 2557 5360 5536 2558 5361 5537
8198 6 2 12 7 2558 5361 5537 2559 5362 5538
8199 6 2 12 7 2559 5362 5538 2560 5363 5539
8200 6 2 12 7 2560 5363 5539 2561 5364 5540
8201 6 2 12 7 2561 5364 5540 2562 5365 5541
8202 6 2 12 7 2562 5365 5541 2563 5366 5542
8203 6 2 12 7 2563 5366 5542 584 2759 2775
8204 6 2 12 7 1557 1558 1559 5180 5191 5202
8205 6 2 12 7 5180 5191 5202 5181 5192 5203
8206 6 2 12 7 5181 5192 5203 5182 5193 5204
8207 6 2 12 7 5182 5193 5204 5183 5194 5205
8208 6 2 12 7 5183 5194 5205 5184 5195 5206
8209 6 2 12 7 5184 5195 5206 5185 5196 5207
8210 6 2 12 7 5185 5196 5207 5186 5197 5208
8211 6 2 12 7 5186 5197 5208 5187 5198 5209
8212 6 2 12 7 5187 5198 5209 5188 5199 5210
8213 6 2 12 7 5188 5199 5210 5189 5200 5211
8214 6 2 12 7 5189 5200 5211 5190 5201 5212
8215 6 2 12 7 5190 5201 5212 2743 2744 2745
8216 6 2 12 7 258 259 1581 2487 2498 5444
8217 6 2 12 7 2487 2498 5444 2488 2499 5445
8218 6 2 12 7 2488 2499 5445 2489 2500 5446
8219 6 2 12 7 2489 2500 5446 2490 2501 5447
8220 6 2 12 7 2490 2501 5447 2491 2502 5448
8221 6 2 12 7 2491 2502 5448 2492 2503 5449
8222 6 2 12 7 2492 2503 5449 2493 2504 5450
8223 6 2 12 7 2493 2504 5450 2494 2505 5451
8224 6 2 12 7 2494 2505 5451 2495 2506 5452
8225 6 2 12 7 2495 2506 5452 2496 2507 5453
8226 6 2 12 7 2496 2507 5453 2497 2508 5454
8227 6 2 12 7 2497 2508 5454 567 568 2767
8228 6 2 12 7 254 1551 1590 2443 5114 5543
8229 6 2 12 7 2443 5114 5543 2444 5115 5544
8230 6 2 12 7 2444 5115 5544 2445 5116 5545
8231 6 2 12 7 2445 5116 5545 2446 5117 5546
8232 6 2 12 7 2446 5117 5546 2447 5118 5547
8233 6 2 12 7 2447 5118 5547 2448 5119 5548
8234 6 2 12 7 2448 5119 5548 2449 5120 5549
8235 6 2 12 7 2449 5120 5549 2450 5121 5550
8236 6 2 12 7 2450 5121 5550 2451 5122 5551
8237 6 2 12 7 2451 5122 5551 2452 5123 5552
8238 6 2 12 7 2452 5123 5552 2453 5124 5553
8239 6 2 12 7 2453 5124 5553 563 2737 2776
8240 6 2 12 7 1564 1562 1587 5257 5235 5510
8241 6 2 12 7 5257 5235 5510 5258 5236 5511
8242 6 2 12 7 5258 5236 5511 5259 5237 5512
8243 6 2 12 7 5259 5237 5512 5260 5238 5513
8244 6 2 12 7 5260 5238 5513 5261 5239 5514
8245 6 2 12 7 5261 5239 5514 5262 5240 5515
8246 6 2 12 7 5262 5240 5515 5263 5241 5516
8247 6 2 12 7 5263 5241 5516 5264 5242 5517
8248 6 2 12 7 5264 5242 5517 5265 5243 5518
8249 6 2 12 7 5265 5243 5518 5266 5244 5519
8250 6 2 12 7 5266 5244 5519 5267 5245 5520
8251 6 2 12 7 5267 5245 5520 2750 2748 2773
8252 6 2 12 7 1557 1546 1558 5180 5059 5191
8253 6 2 12 7 5180 5059 5191 5181 5060 5192
8254 6 2 12 7 5181 5060 5192 5182 5061 5193
8255 6 2 12 7 5182 5061 5193 5183 5062 5194
8256 6 2 12 7 5183 5062 5194 5184 5063 5195
8257 6 2 12 7 5184 5063 5195 5185 5064 5196
8258 6 2 12 7 5185 5064 5196 5186 5065 5197
8259 6 2 12 7 5186 5065 5197 5187 5066 5198
8260 6 2 12 7 5187 5066 5198 5188 5067 5199
8261 6 2 12 7 5188 5067 5199 5189 5068 5200
8262 6 2 12 7 5189 5068 5200 5190 5069 5201
8263 6 2 12 7 5190 5069 5201 2743 2732 2744
8264 6 2 12 7 1548 1570 1586 5081 5323 5499
8265 6 2 12 7 5081 5323 5499 5082 5324 5500
8266 6 2 12 7 5082 5324 5500 5083 5325 5501
8267 6 2 12 7 5083 5325 5501 5084 5326 5502
8268 6 2 12 7 5084 5326 5502 5085 5327 5503
8269 6 2 12 7 5085 5327 5503 5086 5328 5504
8270 6 2 12 7 5086 5328 5504 5087 5329 5505
8271 6 2 12 7 5087 5329 5505 5088 5330 5506
8272 6 2 12 7 5088 5330 5506 5089 5331 5507
8273 6 2 12 7 5089 5331 5507 5090 5332 5508
8274 6 2 12 7 5090 5332 5508 5091 5333 5509
8275 6 2 12 7 5091 5333 5509 2734 2756 2772
8276 6 2 12 7 299 300 1575 2696 2707 5378
8277 6 2 12 7 2696 2707 5378 2697 2708 5379
8278 6 2 12 7 2697 2708 5379 2698 2709 5380
8279 6 2 12 7 2698 2709 5380 2699 2710 5381
8280 6 2 12 7 2699 2710 5381 2700 2711 5382
8281 6 2 12 7 2700 2711 5382 2701 2712 5383
8282 6 2 12 7 2701 2712 5383 2702 2713 5384
8283 6 2 12 7 2702 2713 5384 2703 2714 5385
8284 6 2 12 7 2703 2714 5385 2704 2715 5386
8285 6 2 12 7 2704 2715 5386 2705 2716 5387
8286 6 2 12 7 2705 2716 5387 2706 2717 5388
8287 6 2 12 7 2706 2717 5388 608 609 2761
8288 6 2 12 7 1550 1573 1577 5103 5356 5400
8289 6 2 12 7 5103 5356 5400 5104 5357 5401
8290 6 2 12 7 5104 5357 5401 5105 5358 5402
8291 6 2 12 7 5105 5358 5402 5106 5359 5403
8292 6 2 12 7 5106 5359 5403 5107 5360 5404
8293 6 2 12 7 5107 5360 5404 5108 5361 5405
8294 6 2 12 7 5108 5361 5405 5109 5362 5406
8295 6 2 12 7 5109 5362 5406 5110 5363 5407
8296 6 2 12 7 5110 5363 5407 5111 5364 5408
8297 6 2 12 7 5111 5364 5408 5112 5365 5409
8298 6 2 12 7 5112 5365 5409 5113 5366 5410
8299 6 2 12 7 5113 5366 5410 2736 2759 2763
8300 6 2 12 7 1571 1550 1577 5334 5103 5400
8301 6 2 12 7 5334 5103 5400 5335 5104 5401
8302 6 2 12 7 5335 5104 5401 5336 5105 5402
8303 6 2 12 7 5336 5105 5402 5337 5106 5403
8304 6 2 12 7 5337 5106 5403 5338 5107 5404
8305 6 2 12 7 5338 5107 5404 5339 5108 5405
8306 6 2 12 7 5339 5108 5405 5340 5109 5406
8307 6 2 12 7 5340 5109 5406 5341 5110 5407
8308 6 2 12 7 5341 5110 5407 5342 5111 5408
8309 6 2 12 7 5342 5111 5408 5343 5112 5409
8310 6 2 12 7 5343 5112 5409 5344 5113 5410
8311 6 2 12 7 5344 5113 5410 2757 2736 2763
8312 6 2 12 7 296 23 1589 2663 573 5532
8313 6 2 12 7 2663 573 5532 2664 574 5533
8314 6 2 12 7 2664 574 5533 2665 575 5534
8315 6 2 12 7 2665 575 5534 2666 576 5535
8316 6 2 12 7 2666 576 5535 2667 577 5536
8317 6 2 12 7 2667 577 5536 2668 578 5537
8318 6 2 12 7 2668 578 5537 2669 579 5538
8319 6 2 12 7 2669 579 5538 2670 580 5539
8320 6 2 12 7 2670 580 5539 2671 581 5540
8321 6 2 12 7 2671 581 5540 2672 582 5541
8322 6 2 12 7 2672 582 5541 2673 583 5542
8323 6 2 12 7 2673 583 5542 605 41 2775
8324 6 2 12 7 300 301 1545 2707 2718 5048
8325 6 2 12 7 2707 2718 5048 2708 2719 5049
8326 6 2 12 7 2708 2719 5049 2709 2720 5050
8327 6 2 12 7 2709 2720 5050 2710 2721 5051
8328 6 2 12 7 2710 2721 5051 2711 2722 5052
8329 6 2 12 7 2711 2722 5052 2712 2723 5053
8330 6 2 12 7 2712 2723 5053 2713 2724 5054
8331 6 2 12 7 2713 2724 5054 2714 2725 5055
8332 6 2 12 7 2714 2725 5055 2715 2726 5056
8333 6 2 12 7 2715 2726 5056 2716 2727 5057
8334 6 2 12 7 2716 2727 5057 2717 2728 5058
8335 6 2 12 7 2717 2728 5058 609 610 2731
8336 6 2 12 7 278 279 1578 2586 2597 5411
8337 6 2 12 7 2586 2597 5411 2587 2598 5412
8338 6 2 12 7 2587 2598 5412 2588 2599 5413
8339 6 2 12 7 2588 2599 5413 2589 2600 5414
8340 6 2 12 7 2589 2600 5414 2590 2601 5415
8341 6 2 12 7 2590 2601 5415 2591 2602 5416
8342 6 2 12 7 2591 2602 5416 2592 2603 5417
8343 6 2 12 7 2592 2603 5417 2593 2604 5418
8344 6 2 12 7 2593 2604 5418 2594 2605 5419
8345 6 2 12 7 2594 2605 5419 2595 2606 5420
8346 6 2 12 7 2595 2606 5420 2596 2607 5421
8347 6 2 12 7 2596 2607 5421 587 588 2764
8348 6 2 12 7 1578 1551 1582 5411 5114 5455
8349 6 2 12 7 5411 5114 5455 5412 5115 5456
8350 6 2 12 7 5412 5115 5456 5413 5116 5457
8351 6 2 12 7 5413 5116 5457 5414 5117 5458
8352 6 2 12 7 5414 5117 5458 5415 5118 5459
8353 6 2 12 7 5415 5118 5459 5416 5119 5460
8354 6 2 12 7 5416 5119 5460 5417 5120 5461
8355 6 2 12 7 5417 5120 5461 5418 5121 5462
8356 6 2 12 7 5418 5121 5462 5419 5122 5463
8357 6 2 12 7 5419 5122 5463 5420 5123 5464
8358 6 2 12 7 5420 5123 5464 5421 5124 5465
8359 6 2 12 7 5421 5124 5465 2764 2737 2768
8360 6 2 12 7 1571 1577 1587 5334 5400 5510
8361 6 2 12 7 5334 5400 5510 5335 5401 5511
8362 6 2 12 7 5335 5401 5511 5336 5402 5512
8363 6 2 12 7 5336 5402 5512 5337 5403 5513
8364 6 2 12 7 5337 5403 5513 5338 5404 5514
8365 6 2 12 7 5338 5404 5514 5339 5405 5515
8366 6 2 12 7 5339 5405 5515 5340 5406 5516
8367 6 2 12 7 5340 5406 5516 5341 5407 5517
8368 6 2 12 7 5341 5407 5517 5342 5408 5518
8369 6 2 12 7 5342 5408 5518 5343 5409 5519
8370 6 2 12 7 5343 5409 5519 5344 5410 5520
8371 6 2 12 7 5344 5410 5520 2757 2763 2773
8372 6 2 12 7 1570 1565 1582 5323 5268 5455
8373 6 2 12 7 5323 5268 5455 5324 5269 5456
8374 6 2 12 7 5324 5269 5456 5325 5270 5457
8375 6 2 12 7 5325 5270 5457 5326 5271 5458
8376 6 2 12 7 5326 5271 5458 5327 5272 5459
8377 6 2 12 7 5327 5272 5459 5328 5273 5460
8378 6 2 12 7 5328 5273 5460 5329 5274 5461
8379 6 2 12 7 5329 5274 5461 5330 5275 5462
8380 6 2 12 7 5330 5275 5462 5331 5276 5463
8381 6 2 12 7 5331 5276 5463 5332 5277 5464
8382 6 2 12 7 5332 5277 5464 5333 5278 5465
8383 6 2 12 7 5333 5278 5465 2756 2751 2768
8384 6 2 12 7 279 22 1590 2597 552 5543
8385 6 2 12 7 2597 552 5543 2598 553 5544
8386 6 2 12 7 2598 553 5544 2599 554 5545
8387 6 2 12 7 2599 554 5545 2600 555 5546
8388 6 2 12 7 2600 555 5546 2601 556 5547
8389 6 2 12 7 2601 556 5547 2602 557 5548
8390 6 2 12 7 2602 557 5548 2603 558 5549
8391 6 2 12 7 2603 558 5549 2604 559 5550
8392 6 2 12 7 2604 559 5550 2605 560 5551
8393 6 2 12 7 2605 560 5551 2606 561 5552
8394 6 2 12 7 2606 561 5552 2607 562 5553
8395 6 2 12 7 2607 562 5553 588 40 2776
8396 6 2 12 7 1565 1564 1584 5268 5257 5477
8397 6 2 12 7 5268 5257 5477 5269 5258 5478
8398 6 2 12 7 5269 5258 5478 5270 5259 5479
8399 6 2 12 7 5270 5259 5479 5271 5260 5480
8400 6 2 12 7 5271 5260 5480 5272 5261 5481
8401 6 2 12 7 5272 5261 5481 5273 5262 5482
8402 6 2 12 7 5273 5262 5482 5274 5263 5483
8403 6 2 12 7 5274 5263 5483 5275 5264 5484
8404 6 2 12 7 5275 5264 5484 5276 5265 5485
8405 6 2 12 7 5276 5265 5485 5277 5266 5486
8406 6 2 12 7 5277 5266 5486 5278 5267 5487
8407 6 2 12 7 5278 5267 5487 2751 2750 2770
8408 6 2 12 7 298 1544 1574 2685 5037 5367
8409 6 2 12 7 2685 5037 5367 2686 5038 5368
8410 6 2 12 7 2686 5038 5368 2687 5039 5369
8411 6 2 12 7 2687 5039 5369 2688 5040 5370
8412 6 2 12 7 2688 5040 5370 2689 5041 5371
8413 6 2 12 7 2689 5041 5371 2690 5042 5372
8414 6 2 12 7 2690 5042 5372 2691 5043 5373
8415 6 2 12 7 2691 5043 5373 2692 5044 5374
8416 6 2 12 7 2692 5044 5374 2693 5045 5375
8417 6 2 12 7 2693 5045 5375 2694 5046 5376
8418 6 2 12 7 2694 5046 5376 2695 5047 5377
8419 6 2 12 7 2695 5047 5377 607 2730 2760
8420 6 2 12 7 255 256 1586 2454 2465 5499
8421 6 2 12 7 2454 2465 5499 2455 2466 5500
8422 6 2 12 7 2455 2466 5500 2456 2467 5501
8423 6 2 12 7 2456 2467 5501 2457 2468 5502
8424 6 2 12 7 2457 2468 5502 2458 2469 5503
8425 6 2 12 7 2458 2469 5503 2459 2470 5504
8426 6 2 12 7 2459 2470 5504 2460 2471 5505
8427 6 2 12 7 2460 2471 5505 2461 2472 5506
8428 6 2 12 7 2461 2472 5506 2462 2473 5507
8429 6 2 12 7 2462 2473 5507 2463 2474 5508
8430 6 2 12 7 2463 2474 5508 2464 2475 5509
8431 6 2 12 7 2464 2475 5509 564 565 2772
8432 6 2 12 7 1544 299 1575 5037 2696 5378
8433 6 2 12 7 5037 2696 5378 5038 2697 5379
8434 6 2 12 7 5038 2697 5379 5039 2698 5380
8435 6 2 12 7 5039 2698 5380 5040 2699 5381
8436 6 2 12 7 5040 2699 5381 5041 2700 5382
8437 6 2 12 7 5041 2700 5382 5042 2701 5383
8438 6 2 12 7 5042 2701 5383 5043 2702 5384
8439 6 2 12 7 5043 2702 5384 5044 2703 5385
8440 6 2 12 7 5044 2703 5385 5045 2704 5386
8441 6 2 12 7 5045 2704 5386 5046 2705 5387
8442 6 2 12 7 5046 2705 5387 5047 2706 5388
8443 6 2 12 7 5047 2706 5388 2730 608 2761
8444 6 2 12 7 1577 1564 1587 5400 5257 5510
8445 6 2 12 7 5400 5257 5510 5401 5258 5511
8446 6 2 12 7 5401 5258 5511 5402 5259 5512
8447 6 2 12 7 5402 5259 5512 5403 5260 5513
8448 6 2 12 7 5403 5260 5513 5404 5261 5514
8449 6 2 12 7 5404 5261 5514 5405 5262 5515
8450 6 2 12 7 5405 5262 5515 5406 5263 5516
8451 6 2 12 7 5406 5263 5516 5407 5264 5517
8452 6 2 12 7 5407 5264 5517 5408 5265 5518
8453 6 2 12 7 5408 5265 5518 5409 5266 5519
8454 6 2 12 7 5409 5266 5519 5410 5267 5520
8455 6 2 12 7 5410 5267 5520 2763 2750 2773
8456 6 2 12 7 300 1545 1575 2707 5048 5378
8457 6 2 12 7 2707 5048 5378 2708 5049 5379
8458 6 2 12 7 2708 5049 5379 2709 5050 5380
8459 6 2 12 7 2709 5050 5380 2710 5051 5381
8460 6 2 12 7 2710 5051 5381 2711 5052 5382
8461 6 2 12 7 2711 5052 5382 2712 5053 5383
8462 6 2 12 7 2712 5053 5383 2713 5054 5384
8463 6 2 12 7 2713 5054 5384 2714 5055 5385
8464 6 2 12 7 2714 5055 5385 2715 5056 5386
8465 6 2 12 7 2715 5056 5386 2716 5057 5387
8466 6 2 12 7 2716 5057 5387 2717 5058 5388
8467 6 2 12 7 2717 5058 5388 609 2731 2761
8468 6 2 12 7 1551 1578 1590 5114 5411 5543
8469 6 2 12 7 5114 5411 5543 5115 5412 5544
8470 6 2 12 7 5115 5412 5544 5116 5413 5545
8471 6 2 12 7 5116 5413 5545 5117 5414 5546
8472 6 2 12 7 5117 5414 5546 5118 5415 5547
8473 6 2 12 7 5118 5415 5547 5119 5416 5548
8474 6 2 12 7 5119 5416 5548 5120 5417 5549
8475 6 2 12 7 5120 5417 5549 5121 5418 5550
8476 6 2 12 7 5121 5418 5550 5122 5419 5551
8477 6 2 12 7 5122 5419 5551 5123 5420 5552
8478 6 2 12 7 5123 5420 5552 5124 5421 5553
8479 6 2 12 7 5124 5421 5553 2737 2764 2776
8480 6 2 12 7 20 297 1585 527 2674 5488
8481 6 2 12 7 527 2674 5488 528 2675 5489
8482 6 2 12 7 528 2675 5489 529 2676 5490
8483 6 2 12 7 529 2676 5490 530 2677 5491
8484 6 2 12 7 530 2677 5491 531 2678 5492
8485 6 2 12 7 531 2678 5492 532 2679 5493
8486 6 2 12 7 532 2679 5493 533 2680 5494
8487 6 2 12 7 533 2680 5494 534 2681 5495
8488 6 2 12 7 534 2681 5495 535 2682 5496
8489 6 2 12 7 535 2682 5496 536 2683 5497
8490 6 2 12 7 536 2683 5497 537 2684 5498
8491 6 2 12 7 537 2684 5498 38 606 2771
8492 6 2 12 7 1576 1552 1579 5389 5125 5422
8493 6 2 12 7 5389 5125 5422 5390 5126 5423
8494 6 2 12 7 5390 5126 5423 5391 5127 5424
8495 6 2 12 7 5391 5127 5424 5392 5128 5425
8496 6 2 12 7 5392 5128 5425 5393 5129 5426
8497 6 2 12 7 5393 5129 5426 5394 5130 5427
8498 6 2 12 7 5394 5130 5427 5395 5131 5428
8499 6 2 12 7 5395 5131 5428 5396 5132 5429
8500 6 2 12 7 5396 5132 5429 5397 5133 5430
8501 6 2 12 7 5397 5133 5430 5398 5134 5431
8502 6 2 12 7 5398 5134 5431 5399 5135 5432
8503 6 2 12 7 5399 5135 5432 2762 2738 2765
8504 6 2 12 7 1554 1557 1583 5147 5180 5466
8505 6 2 12 7 5147 5180 5466 5148 5181 5467
8506 6 2 12 7 5148 5181 5467 5149 5182 5468
8507 6 2 12 7 5149 5182 5468 5150 5183 5469
8508 6 2 12 7 5150 5183 5469 5151 5184 5470
8509 6 2 12 7 5151 5184 5470 5152 5185 5471
8510 6 2 12 7 5152 5185 5471 5153 5186 5472
8511 6 2 12 7 5153 5186 5472 5154 5187 5473
8512 6 2 12 7 5154 5187 5473 5155 5188 5474
8513 6 2 12 7 5155 5188 5474 5156 5189 5475
8514 6 2 12 7 5156 5189 5475 5157 5190 5476
8515 6 2 12 7 5157 5190 5476 2740 2743 2769
8516 6 2 12 7 297 1574 1585 2674 5367 5488
8517 6 2 12 7 2674 5367 5488 2675 5368 5489
8518 6 2 12 7 2675 5368 5489 2676 5369 5490
8519 6 2 12 7 2676 5369 5490 2677 5370 5491
8520 6 2 12 7 2677 5370 5491 2678 5371 5492
8521 6 2 12 7 2678 5371 5492 2679 5372 5493
8522 6 2 12 7 2679 5372 5493 2680 5373 5494
8523 6 2 12 7 2680 5373 5494 2681 5374 5495
8524 6 2 12 7 2681 5374 5495 2682 5375 5496
8525 6 2 12 7 2682 5375 5496 2683 5376 5497
8526 6 2 12 7 2683 5376 5497 2684 5377 5498
8527 6 2 12 7 2684 5377 5498 606 2760 2771
8528 6 2 12 7 1550 296 1589 5103 2663 5532
8529 6 2 12 7 5103 2663 5532 5104 2664 5533
8530 6 2 12 7 5104 2664 5533 5105 2665 5534
8531 6 2 12 7 5105 2665 5534 5106 2666 5535
8532 6 2 12 7 5106 2666 5535 5107 2667 5536
8533 6 2 12 7 5107 2667 5536 5108 2668 5537
8534 6 2 12 7 5108 2668 5537 5109 2669 5538
8535 6 2 12 7 5109 2669 5538 5110 2670 5539
8536 6 2 12 7 5110 2670 5539 5111 2671 5540
8537 6 2 12 7 5111 2671 5540 5112 2672 5541
8538 6 2 12 7 5112 2672 5541 5113 2673 5542
8539 6 2 12 7 5113 2673 5542 2736 605 2775
8540 6 2 12 7 301 24 1588 2718 589 5521
8541 6 2 12 7 2718 589 5521 2719 590 5522
8542 6 2 12 7 2719 590 5522 2720 591 5523
8543 6 2 12 7 2720 591 5523 2721 592 5524
8544 6 2 12 7 2721 592 5524 2722 593 5525
8545 6 2 12 7 2722 593 5525 2723 594 5526
8546 6 2 12 7 2723 594 5526 2724 595 5527
8547 6 2 12 7 2724 595 5527 2725 596 5528
8548 6 2 12 7 2725 596 5528 2726 597 5529
8549 6 2 12 7 2726 597 5529 2727 598 5530
8550 6 2 12 7 2727 598 5530 2728 599 5531
8551 6 2 12 7 2728 599 5531 610 42 2774
8552 6 2 12 7 1556 1555 1561 5169 5158 5224
8553 6 2 12 7 5169 5158 5224 5170 5159 5225
8554 6 2 12 7 5170 5159 5225 5171 5160 5226
8555 6 2 12 7 5171 5160 5226 5172 5161 5227
8556 6 2 12 7 5172 5161 5227 5173 5162 5228
8557 6 2 12 7 5173 5162 5228 5174 5163 5229
8558 6 2 12 7 5174 5163 5229 5175 5164 5230
8559 6 2 12 7 5175 5164 5230 5176 5165 5231
8560 6 2 12 7 5176 5165 5231 5177 5166 5232
8561 6 2 12 7 5177 5166 5232 5178 5167 5233
8562 6 2 12 7 5178 5167 5233 5179 5168 5234
8563 6 2 12 7 5179 5168 5234 2742 2741 2747
8564 6 2 12 7 1575 1545 1576 5378 5048 5389
8565 6 2 12 7 5378 5048 5389 5379 5049 5390
8566 6 2 12 7 5379 5049 5390 5380 5050 5391
8567 6 2 12 7 5380 5050 5391 5381 5051 5392
8568 6 2 12 7 5381 5051 5392 5382 5052 5393
8569 6 2 12 7 5382 5052 5393 5383 5053 5394
8570 6 2 12 7 5383 5053 5394 5384 5054 5395
8571 6 2 12 7 5384 5054 5395 5385 5055 5396
8572 6 2 12 7 5385 5055 5396 5386 5056 5397
8573 6 2 12 7 5386 5056 5397 5387 5057 5398
8574 6 2 12 7 5387 5057 5398 5388 5058 5399
8575 6 2 12 7 5388 5058 5399 2761 2731 2762
8576 6 2 12 7 24 1556 1588 589 5169 5521
8577 6 2 12 7 589 5169 5521 590 5170 5522
8578 6 2 12 7 590 5170 5522 591 5171 5523
8579 6 2 12 7 591 5171 5523 592 5172 5524
8580 6 2 12 7 592 5172 5524 593 5173 5525
8581 6 2 12 7 593 5173 5525 594 5174 5526
8582 6 2 12 7 594 5174 5526 595 5175 5527
8583 6 2 12 7 595 5175 5527 596 5176 5528
8584 6 2 12 7 596 5176 5528 597 5177 5529
8585 6 2 12 7 597 5177 5529 598 5178 5530
8586 6 2 12 7 598 5178 5530 599 5179 5531
8587 6 2 12 7 599 5179 5531 42 2742 2774
8588 6 2 12 7 1543 1571 1587 5026 5334 5510
8589 6 2 12 7 5026 5334 5510 5027 5335 5511
8590 6 2 12 7 5027 5335 5511 5028 5336 5512
8591 6 2 12 7 5028 5336 5512 5029 5337 5513
8592 6 2 12 7 5029 5337 5513 5030 5338 5514
8593 6 2 12 7 5030 5338 5514 5031 5339 5515
8594 6 2 12 7 5031 5339 5515 5032 5340 5516
8595 6 2 12 7 5032 5340 5516 5033 5341 5517
8596 6 2 12 7 5033 5341 5517 5034 5342 5518
8597 6 2 12 7 5034 5342 5518 5035 5343 5519
8598 6 2 12 7 5035 5343 5519 5036 5344 5520
8599 6 2 12 7 5036 5344 5520 2729 2757 2773
8600 6 2 12 7 1555 1554 1583 5158 5147 5466
8601 6 2 12 7 5158 5147 5466 5159 5148 5467
8602 6 2 12 7 5159 5148 5467 5160 5149 5468
8603 6 2 12 7 5160 5149 5468 5161 5150 5469
8604 6 2 12 7 5161 5150 5469 5162 5151 5470
8605 6 2 12 7 5162 5151 5470 5163 5152 5471
8606 6 2 12 7 5163 5152 5471 5164 5153 5472
8607 6 2 12 7 5164 5153 5472 5165 5154 5473
8608 6 2 12 7 5165 5154 5473 5166 5155 5474
8609 6 2 12 7 5166 5155 5474 5167 5156 5475
8610 6 2 12 7 5167 5156 5475 5168 5157 5476
8611 6 2 12 7 5168 5157 5476 2741 2740 2769
8612 6 2 12 7 1545 301 1588 5048 2718 5521
8613 6 2 12 7 5048 2718 5521 5049 2719 5522
8614 6 2 12 7 5049 2719 5522 5050 2720 5523
8615 6 2 12 7 5050 2720 5523 5051 2721 5524
8616 6 2 12 7 5051 2721 5524 5052 2722 5525
8617 6 2 12 7 5052 2722 5525 5053 2723 5526
8618 6 2 12 7 5053 2723 5526 5054 2724 5527
8619 6 2 12 7 5054 2724 5527 5055 2725 5528
8620 6 2 12 7 5055 2725 5528 5056 2726 5529
8621 6 2 12 7 5056 2726 5529 5057 2727 5530
8622 6 2 12 7 5057 2727 5530 5058 2728 5531
8623 6 2 12 7 5058 2728 5531 2731 610 2774
8624 6 2 12 7 1576 1545 1580 5389 5048 5433
8625 6 2 12 7 5389 5048 5433 5390 5049 5434
8626 6 2 12 7 5390 5049 5434 5391 5050 5435
8627 6 2 12 7 5391 5050 5435 5392 5051 5436
8628 6 2 12 7 5392 5051 5436 5393 5052 5437
8629 6 2 12 7 5393 5052 5437 5394 5053 5438
8630 6 2 12 7 5394 5053 5438 5395 5054 5439
8631 6 2 12 7 5395 5054 5439 5396 5055 5440
8632 6 2 12 7 5396 5055 5440 5397 5056 5441
8633 6 2 12 7 5397 5056 5441 5398 5057 5442
8634 6 2 12 7 5398 5057 5442 5399 5058 5443
8635 6 2 12 7 5399 5058 5443 2762 2731 2766
8636 6 2 12 7 1580 1545 1588 5433 5048 5521
8637 6 2 12 7 5433 5048 5521 5434 5049 5522
8638 6 2 12 7 5434 5049 5522 5435 5050 5523
8639 6 2 12 7 5435 5050 5523 5436 5051 5524
8640 6 2 12 7 5436 5051 5524 5437 5052 5525
8641 6 2 12 7 5437 5052 5525 5438 5053 5526
8642 6 2 12 7 5438 5053 5526 5439 5054 5527
8643 6 2 12 7 5439 5054 5527 5440 5055 5528
8644 6 2 12 7 5440 5055 5528 5441 5056 5529
8645 6 2 12 7 5441 5056 5529 5442 5057 5530
8646 6 2 12 7 5442 5057 5530 5443 5058 5531
8647 6 2 12 7 5443 5058 5531 2766 2731 2774
8648 6 2 12 7 1564 1577 1584 5257 5400 5477
8649 6 2 12 7 5257 5400 5477 5258 5401 5478
8650 6 2 12 7 5258 5401 5478 5259 5402 5479
8651 6 2 12 7 5259 5402 5479 5260 5403 5480
8652 6 2 12 7 5260 5403 5480 5261 5404 5481
8653 6 2 12 7 5261 5404 5481 5262 5405 5482
8654 6 2 12 7 5262 5405 5482 5263 5406 5483
8655 6 2 12 7 5263 5406 5483 5264 5407 5484
8656 6 2 12 7 5264 5407 5484 5265 5408 5485
8657 6 2 12 7 5265 5408 5485 5266 5409 5486
8658 6 2 12 7 5266 5409 5486 5267 5410 5487
8659 6 2 12 7 5267 5410 5487 2750 2763 2770
8660 6 2 12 7 1578 279 1590 5411 2597 5543
8661 6 2 12 7 5411 2597 5543 5412 2598 5544
8662 6 2 12 7 5412 2598 5544 5413 2599 5545
8663 6 2 12 7 5413 2599 5545 5414 2600 5546
8664 6 2 12 7 5414 2600 5546 5415 2601 5547
8665 6 2 12 7 5415 2601 5547 5416 2602 5548
8666 6 2 12 7 5416 2602 5548 5417 2603 5549
8667 6 2 12 7 5417 2603 5549 5418 2604 5550
8668 6 2 12 7 5418 2604 5550 5419 2605 5551
8669 6 2 12 7 5419 2605 5551 5420 2606 5552
8670 6 2 12 7 5420 2606 5552 5421 2607 5553
8671 6 2 12 7 5421 2607 5553 2764 588 2776
8672 6 2 12 7 1556 1580 1588 5169 5433 5521
8673 6 2 12 7 5169 5433 5521 5170 5434 5522
8674 6 2 12 7 5170 5434 5522 5171 5435 5523
8675 6 2 12 7 5171 5435 5523 5172 5436 5524
8676 6 2 12 7 5172 5436 5524 5173 5437 5525
8677 6 2 12 7 5173 5437 5525 5174 5438 5526
8678 6 2 12 7 5174 5438 5526 5175 5439 5527
8679 6 2 12 7 5175 5439 5527 5176 5440 5528
8680 6 2 12 7 5176 5440 5528 5177 5441 5529
8681 6 2 12 7 5177 5441 5529 5178 5442 5530
8682 6 2 12 7 5178 5442 5530 5179 5443 5531
8683 6 2 12 7 5179 5443 5531 2742 2766 2774
8684 6 2 12 7 21 242 263 538 2432 2542
8685 6 2 12 7 538 2432 2542 539 2433 2543
8686 6 2 12 7 539 2433 2543 540 2434 2544
8687 6 2 12 7 540 2434 2544 541 2435 2545
8688 6 2 12 7 541 2435 2545 542 2436 2546
8689 6 2 12 7 542 2436 2546 543 2437 2547
8690 6 2 12 7 543 2437 2547 544 2438 2548
8691 6 2 12 7 544 2438 2548 545 2439 2549
8692 6 2 12 7 545 2439 2549 546 2440 2550
8693 6 2 12 7 546 2440 2550 547 2441 2551
8694 6 2 12 7 547 2441 2551 548 2442 2552
8695 6 2 12 7 548 2442 2552 39 551 572
8696 6 2 12 7 263 242 1567 2542 2432 5290
8697 6 2 12 7 2542 2432 5290 2543 2433 5291
8698 6 2 12 7 2543 2433 5291 2544 2434 5292
8699 6 2 12 7 2544 2434 5292 2545 2435 5293
8700 6 2 12 7 2545 2435 5293 2546 2436 5294
8701 6 2 12 7 2546 2436 5294 2547 2437 5295
8702 6 2 12 7 2547 2437 5295 2548 2438 5296
8703 6 2 12 7 2548 2438 5296 2549 2439 5297
8704 6 2 12 7 2549 2439 5297 2550 2440 5298
8705 6 2 12 7 2550 2440 5298 2551 2441 5299
8706 6 2 12 7 2551 2441 5299 2552 2442 5300
8707 6 2 12 7 2552 2442 5300 572 551 2753
8708 6 2 12 8 1932 1919 1943 5741 5598 5862
8709 6 2 12 8 5741 5598 5862 5742 5599 5863
8710 6 2 12 8 5742 5599 5863 5743 5600 5864
8711 6 2 12 8 5743 5600 5864 5744 5601 5865
8712 6 2 12 8 5744 5601 5865 5745 5602 5866
8713 6 2 12 8 5745 5602 5866 5746 5603 5867
8714 6 2 12 8 5746 5603 5867 5747 5604 5868
8715 6 2 12 8 5747 5604 5868 5748 5605 5869
8716 6 2 12 8 5748 5605 5869 5749 5606 5870
8717 6 2 12 8 5749 5606 5870 5750 5607 5871
8718 6 2 12 8 5750 5607 5871 5751 5608 5872
8719 6 2 12 8 5751 5608 5872 3069 3056 3080
8720 6 2 12 8 397 1921 1933 2997 5620 5752
8721 6 2 12 8 2997 5620 5752 2998 5621 5753
8722 6 2 12 8 2998 5621 5753 2999 5622 5754
8723 6 2 12 8 2999 5622 5754 3000 5623 5755
8724 6 2 12 8 3000 5623 5755 3001 5624 5756
8725 6 2 12 8 3001 5624 5756 3002 5625 5757
8726 6 2 12 8 3002 5625 5757 3003 5626 5758
8727 6 2 12 8 3003 5626 5758 3004 5627 5759
8728 6 2 12 8 3004 5627 5759 3005 5628 5760
8729 6 2 12 8 3005 5628 5760 3006 5629 5761
8730 6 2 12 8 3006 5629 5761 3007 5630 5762
8731 6 2 12 8 3007 5630 5762 686 3058 3070
8732 6 2 12 8 1933 1921 1939 5752 5620 5818
8733 6 2 12 8 5752 5620 5818 5753 5621 5819
8734 6 2 12 8 5753 5621 5819 5754 5622 5820
8735 6 2 12 8 5754 5622 5820 5755 5623 5821
8736 6 2 12 8 5755 5623 5821 5756 5624 5822
8737 6 2 12 8 5756 5624 5822 5757 5625 5823
8738 6 2 12 8 5757 5625 5823 5758 5626 5824
8739 6 2 12 8 5758 5626 5824 5759 5627 5825
8740 6 2 12 8 5759 5627 5825 5760 5628 5826
8741 6 2 12 8 5760 5628 5826 5761 5629 5827
8742 6 2 12 8 5761 5629 5827 5762 5630 5828
8743 6 2 12 8 5762 5630 5828 3070 3058 3076
8744 6 2 12 8 348 1931 1941 2821 5730 5840
8745 6 2 12 8 2821 5730 5840 2822 5731 5841
8746 6 2 12 8 2822 5731 5841 2823 5732 5842
8747 6 2 12 8 2823 5732 5842 2824 5733 5843
8748 6 2 12 8 2824 5733 5843 2825 5734 5844
8749 6 2 12 8 2825 5734 5844 2826 5735 5845
8750 6 2 12 8 2826 5735 5845 2827 5736 5846
8751 6 2 12 8 2827 5736 5846 2828 5737 5847
8752 6 2 12 8 2828 5737 5847 2829 5738 5848
8753 6 2 12 8 2829 5738 5848 2830 5739 5849
8754 6 2 12 8 2830 5739 5849 2831 5740 5850
8755 6 2 12 8 2831 5740 5850 637 3068 3078
8756 6 2 12 8 380 1930 1934 2931 5719 5763
8757 6 2 12 8 2931 5719 5763 2932 5720 5764
8758 6 2 12 8 2932 5720 5764 2933 5721 5765
8759 6 2 12 8 2933 5721 5765 2934 5722 5766
8760 6 2 12 8 2934 5722 5766 2935 5723 5767
8761 6 2 12 8 2935 5723 5767 2936 5724 5768
8762 6 2 12 8 2936 5724 5768 2937 5725 5769
8763 6 2 12 8 2937 5725 5769 2938 5726 5770
8764 6 2 12 8 2938 5726 5770 2939 5727 5771
8765 6 2 12 8 2939 5727 5771 2940 5728 5772
8766 6 2 12 8 2940 5728 5772 2941 5729 5773
8767 6 2 12 8 2941 5729 5773 669 3067 3071
8768 6 2 12 8 1941 1931 1942 5840 5730 5851
8769 6 2 12 8 5840 5730 5851 5841 5731 5852
8770 6 2 12 8 5841 5731 5852 5842 5732 5853
8771 6 2 12 8 5842 5732 5853 5843 5733 5854
8772 6 2 12 8 5843 5733 5854 5844 5734 5855
8773 6 2 12 8 5844 5734 5855 5845 5735 5856
8774 6 2 12 8 5845 5735 5856 5846 5736 5857
8775 6 2 12 8 5846 5736 5857 5847 5737 5858
8776 6 2 12 8 5847 5737 5858 5848 5738 5859
8777 6 2 12 8 5848 5738 5859 5849 5739 5860
8778 6 2 12 8 5849 5739 5860 5850 5740 5861
8779 6 2 12 8 5850 5740 5861 3078 3068 3079
8780 6 2 12 8 1919 1941 1943 5598 5840 5862
8781 6 2 12 8 5598 5840 5862 5599 5841 5863
8782 6 2 12 8 5599 5841 5863 5600 5842 5864
8783 6 2 12 8 5600 5842 5864 5601 5843 5865
8784 6 2 12 8 5601 5843 5865 5602 5844 5866
8785 6 2 12 8 5602 5844 5866 5603 5845 5867
8786 6 2 12 8 5603 5845 5867 5604 5846 5868
8787 6 2 12 8 5604 5846 5868 5605 5847 5869
8788 6 2 12 8 5605 5847 5869 5606 5848 5870
8789 6 2 12 8 5606 5848 5870 5607 5849 5871
8790 6 2 12 8 5607 5849 5871 5608 5850 5872
8791 6 2 12 8 5608 5850 5872 3056 3078 3080
8792 6 2 12 8 1915 1934 1960 5554 5763 6049
8793 6 2 12 8 5554 5763 6049 5555 5764 6050
8794 6 2 12 8 5555 5764 6050 5556 5765 6051
8795 6 2 12 8 5556 5765 6051 5557 5766 6052
8796 6 2 12 8 5557 5766 6052 5558 5767 6053
8797 6 2 12 8 5558 5767 6053 5559 5768 6054
8798 6 2 12 8 5559 5768 6054 5560 5769 6055
8799 6 2 12 8 5560 5769 6055 5561 5770 6056
8800 6 2 12 8 5561 5770 6056 5562 5771 6057
8801 6 2 12 8 5562 5771 6057 5563 5772 6058
8802 6 2 12 8 5563 5772 6058 5564 5773 6059
8803 6 2 12 8 5564 5773 6059 3052 3071 3097
8804 6 2 12 8 1919 1932 1951 5598 5741 5950
8805 6 2 12 8 5598 5741 5950 5599 5742 5951
8806 6 2 12 8 5599 5742 5951 5600 5743 5952
8807 6 2 12 8 5600 5743 5952 5601 5744 5953
8808 6 2 12 8 5601 5744 5953 5602 5745 5954
8809 6 2 12 8 5602 5745 5954 5603 5746 5955
8810 6 2 12 8 5603 5746 5955 5604 5747 5956
8811 6 2 12 8 5604 5747 5956 5605 5748 5957
8812 6 2 12 8 5605 5748 5957 5606 5749 5958
8813 6 2 12 8 5606 5749 5958 5607 5750 5959
8814 6 2 12 8 5607 5750 5959 5608 5751 5960
8815 6 2 12 8 5608 5751 5960 3056 3069 3088
8816 6 2 12 8 1934 1915 1958 5763 5554 6027
8817 6 2 12 8 5763 5554 6027 5764 5555 6028
8818 6 2 12 8 5764 5555 6028 5765 5556 6029
8819 6 2 12 8 5765 5556 6029 5766 5557 6030
8820 6 2 12 8 5766 5557 6030 5767 5558 6031
8821 6 2 12 8 5767 5558 6031 5768 5559 6032
8822 6 2 12 8 5768 5559 6032 5769 5560 6033
8823 6 2 12 8 5769 5560 6033 5770 5561 6034
8824 6 2 12 8 5770 5561 6034 5771 5562 6035
8825 6 2 12 8 5771 5562 6035 5772 5563 6036
8826 6 2 12 8 5772 5563 6036 5773 5564 6037
8827 6 2 12 8 5773 5564 6037 3071 3052 3095
8828 6 2 12 8 378 1923 1953 2909 5642 5972
8829 6 2 12 8 2909 5642 5972 2910 5643 5973
8830 6 2 12 8 2910 5643 5973 2911 5644 5974
8831 6 2 12 8 2911 5644 5974 2912 5645 5975
8832 6 2 12 8 2912 5645 5975 2913 5646 5976
8833 6 2 12 8 2913 5646 5976 2914 5647 5977
8834 6 2 12 8 2914 5647 5977 2915 5648 5978
8835 6 2 12 8 2915 5648 5978 2916 5649 5979
8836 6 2 12 8 2916 5649 5979 2917 5650 5980
8837 6 2 12 8 2917 5650 5980 2918 5651 5981
8838 6 2 12 8 2918 5651 5981 2919 5652 5982
8839 6 2 12 8 2919 5652 5982 667 3060 3090
8840 6 2 12 8 380 379 1930 2931 2920 5719
8841 6 2 12 8 2931 2920 5719 2932 2921 5720
8842 6 2 12 8 2932 2921 5720 2933 2922 5721
8843 6 2 12 8 2933 2922 5721 2934 2923 5722
8844 6 2 12 8 2934 2923 5722 2935 2924 5723
8845 6 2 12 8 2935 2924 5723 2936 2925 5724
8846 6 2 12 8 2936 2925 5724 2937 2926 5725
8847 6 2 12 8 2937 2926 5725 2938 2927 5726
8848 6 2 12 8 2938 2927 5726 2939 2928 5727
8849 6 2 12 8 2939 2928 5727 2940 2929 5728
8850 6 2 12 8 2940 2929 5728 2941 2930 5729
8851 6 2 12 8 2941 2930 5729 669 668 3067
8852 6 2 12 8 1947 1917 1953 5906 5576 5972
8853 6 2 12 8 5906 5576 5972 5907 5577 5973
8854 6 2 12 8 5907 5577 5973 5908 5578 5974
8855 6 2 12 8 5908 5578 5974 5909 5579 5975
8856 6 2 12 8 5909 5579 5975 5910 5580 5976
8857 6 2 12 8 5910 5580 5976 5911 5581 5977
8858 6 2 12 8 5911 5581 5977 5912 5582 5978
8859 6 2 12 8 5912 5582 5978 5913 5583 5979
8860 6 2 12 8 5913 5583 5979 5914 5584 5980
8861 6 2 12 8 5914 5584 5980 5915 5585 5981
8862 6 2 12 8 5915 5585 5981 5916 5586 5982
8863 6 2 12 8 5916 5586 5982 3084 3054 3090
8864 6 2 12 8 1921 398 1936 5620 3008 5785
8865 6 2 12 8 5620 3008 5785 5621 3009 5786
8866 6 2 12 8 5621 3009 5786 5622 3010 5787
8867 6 2 12 8 5622 3010 5787 5623 3011 5788
8868 6 2 12 8 5623 3011 5788 5624 3012 5789
8869 6 2 12 8 5624 3012 5789 5625 3013 5790
8870 6 2 12 8 5625 3013 5790 5626 3014 5791
8871 6 2 12 8 5626 3014 5791 5627 3015 5792
8872 6 2 12 8 5627 3015 5792 5628 3016 5793
8873 6 2 12 8 5628 3016 5793 5629 3017 5794
8874 6 2 12 8 5629 3017 5794 5630 3018 5795
8875 6 2 12 8 5630 3018 5795 3058 687 3073
8876 6 2 12 8 1928 1947 1953 5697 5906 5972
8877 6 2 12 8 5697 5906 5972 5698 5907 5973
8878 6 2 12 8 5698 5907 5973 5699 5908 5974
8879 6 2 12 8 5699 5908 5974 5700 5909 5975
8880 6 2 12 8 5700 5909 5975 5701 5910 5976
8881 6 2 12 8 5701 5910 5976 5702 5911 5977
8882 6 2 12 8 5702 5911 5977 5703 5912 5978
8883 6 2 12 8 5703 5912 5978 5704 5913 5979
8884 6 2 12 8 5704 5913 5979 5705 5914 5980
8885 6 2 12 8 5705 5914 5980 5706 5915 5981
8886 6 2 12 8 5706 5915 5981 5707 5916 5982
8887 6 2 12 8 5707 5916 5982 3065 3084 3090
8888 6 2 12 8 1919 347 1941 5598 2810 5840
8889 6 2 12 8 5598 2810 5840 5599 2811 5841
8890 6 2 12 8 5599 2811 5841 5600 2812 5842
8891 6 2 12 8 5600 2812 5842 5601 2813 5843
8892 6 2 12 8 5601 2813 5843 5602 2814 5844
8893 6 2 12 8 5602 2814 5844 5603 2815 5845
8894 6 2 12 8 5603 2815 5845 5604 2816 5846
8895 6 2 12 8 5604 2816 5846 5605 2817 5847
8896 6 2 12 8 5605 2817 5847 5606 2818 5848
8897 6 2 12 8 5606 2818 5848 5607 2819 5849
8898 6 2 12 8 5607 2819 5849 5608 2820 5850
8899 6 2 12 8 5608 2820 5850 3056 636 3078
8900 6 2 12 8 378 377 1923 2909 2898 5642
8901 6 2 12 8 2909 2898 5642 2910 2899 5643
8902 6 2 12 8 2910 2899 5643 2911 2900 5644
8903 6 2 12 8 2911 2900 5644 2912 2901 5645
8904 6 2 12 8 2912 2901 5645 2913 2902 5646
8905 6 2 12 8 2913 2902 5646 2914 2903 5647
8906 6 2 12 8 2914 2903 5647 2915 2904 5648
8907 6 2 12 8 2915 2904 5648 2916 2905 5649
8908 6 2 12 8 2916 2905 5649 2917 2906 5650
8909 6 2 12 8 2917 2906 5650 2918 2907 5651
8910 6 2 12 8 2918 2907 5651 2919 2908 5652
8911 6 2 12 8 2919 2908 5652 667 666 3060
8912 6 2 12 8 1935 1930 1947 5774 5719 5906
8913 6 2 12 8 5774 5719 5906 5775 5720 5907
8914 6 2 12 8 5775 5720 5907 5776 5721 5908
8915 6 2 12 8 5776 5721 5908 5777 5722 5909
8916 6 2 12 8 5777 5722 5909 5778 5723 5910
8917 6 2 12 8 5778 5723 5910 5779 5724 5911
8918 6 2 12 8 5779 5724 5911 5780 5725 5912
8919 6 2 12 8 5780 5725 5912 5781 5726 5913
8920 6 2 12 8 5781 5726 5913 5782 5727 5914
8921 6 2 12 8 5782 5727 5914 5783 5728 5915
8922 6 2 12 8 5783 5728 5915 5784 5729 5916
8923 6 2 12 8 5784 5729 5916 3072 3067 3084
8924 6 2 12 8 1937 1918 1961 5796 5587 6060
8925 6 2 12 8 5796 5587 6060 5797 5588 6061
8926 6 2 12 8 5797 5588 6061 5798 5589 6062
8927 6 2 12 8 5798 5589 6062 5799 5590 6063
8928 6 2 12 8 5799 5590 6063 5800 5591 6064
8929 6 2 12 8 5800 5591 6064 5801 5592 6065
8930 6 2 12 8 5801 5592 6065 5802 5593 6066
8931 6 2 12 8 5802 5593 6066 5803 5594 6067
8932 6 2 12 8 5803 5594 6067 5804 5595 6068
8933 6 2 12 8 5804 5595 6068 5805 5596 6069
8934 6 2 12 8 5805 5596 6069 5806 5597 6070
8935 6 2 12 8 5806 5597 6070 3074 3055 3098
8936 6 2 12 8 347 348 1941 2810 2821 5840
8937 6 2 12 8 2810 2821 5840 2811 2822 5841
8938 6 2 12 8 2811 2822 5841 2812 2823 5842
8939 6 2 12 8 2812 2823 5842 2813 2824 5843
8940 6 2 12 8 2813 2824 5843 2814 2825 5844
8941 6 2 12 8 2814 2825 5844 2815 2826 5845
8942 6 2 12 8 2815 2826 5845 2816 2827 5846
8943 6 2 12 8 2816 2827 5846 2817 2828 5847
8944 6 2 12 8 2817 2828 5847 2818 2829 5848
8945 6 2 12 8 2818 2829 5848 2819 2830 5849
8946 6 2 12 8 2819 2830 5849 2820 2831 5850
8947 6 2 12 8 2820 2831 5850 636 637 3078
8948 6 2 12 8 1917 378 1953 5576 2909 5972
8949 6 2 12 8 5576 2909 5972 5577 2910 5973
8950 6 2 12 8 5577 2910 5973 5578 2911 5974
8951 6 2 12 8 5578 2911 5974 5579 2912 5975
8952 6 2 12 8 5579 2912 5975 5580 2913 5976
8953 6 2 12 8 5580 2913 5976 5581 2914 5977
8954 6 2 12 8 5581 2914 5977 5582 2915 5978
8955 6 2 12 8 5582 2915 5978 5583 2916 5979
8956 6 2 12 8 5583 2916 5979 5584 2917 5980
8957 6 2 12 8 5584 2917 5980 5585 2918 5981
8958 6 2 12 8 5585 2918 5981 5586 2919 5982
8959 6 2 12 8 5586 2919 5982 3054 667 3090
8960 6 2 12 8 1934 1935 1960 5763 5774 6049
8961 6 2 12 8 5763 5774 6049 5764 5775 6050
8962 6 2 12 8 5764 5775 6050 5765 5776 6051
8963 6 2 12 8 5765 5776 6051 5766 5777 6052
8964 6 2 12 8 5766 5777 6052 5767 5778 6053
8965 6 2 12 8 5767 5778 6053 5768 5779 6054
8966 6 2 12 8 5768 5779 6054 5769 5780 6055
8967 6 2 12 8 5769 5780 6055 5770 5781 6056
8968 6 2 12 8 5770 5781 6056 5771 5782 6057
8969 6 2 12 8 5771 5782 6057 5772 5783 6058
8970 6 2 12 8 5772 5783 6058 5773 5784 6059
8971 6 2 12 8 5773 5784 6059 3071 3072 3097
8972 6 2 12 8 397 398 1921 2997 3008 5620
8973 6 2 12 8 2997 3008 5620 2998 3009 5621
8974 6 2 12 8 2998 3009 5621 2999 3010 5622
8975 6 2 12 8 2999 3010 5622 3000 3011 5623
8976 6 2 12 8 3000 3011 5623 3001 3012 5624
8977 6 2 12 8 3001 3012 5624 3002 3013 5625
8978 6 2 12 8 3002 3013 5625 3003 3014 5626
8979 6 2 12 8 3003 3014 5626 3004 3015 5627
8980 6 2 12 8 3004 3015 5627 3005 3016 5628
8981 6 2 12 8 3005 3016 5628 3006 3017 5629
8982 6 2 12 8 3006 3017 5629 3007 3018 5630
8983 6 2 12 8 3007 3018 5630 686 687 3058
8984 6 2 12 8 1921 1938 1939 5620 5807 5818
8985 6 2 12 8 5620 5807 5818 5621 5808 5819
8986 6 2 12 8 5621 5808 5819 5622 5809 5820
8987 6 2 12 8 5622 5809 5820 5623 5810 5821
8988 6 2 12 8 5623 5810 5821 5624 5811 5822
8989 6 2 12 8 5624 5811 5822 5625 5812 5823
8990 6 2 12 8 5625 5812 5823 5626 5813 5824
8991 6 2 12 8 5626 5813 5824 5627 5814 5825
8992 6 2 12 8 5627 5814 5825 5628 5815 5826
8993 6 2 12 8 5628 5815 5826 5629 5816 5827
8994 6 2 12 8 5629 5816 5827 5630 5817 5828
8995 6 2 12 8 5630 5817 5828 3058 3075 3076
8996 6 2 12 8 399 1918 1936 3019 5587 5785
8997 6 2 12 8 3019 5587 5785 3020 5588 5786
8998 6 2 12 8 3020 5588 5786 3021 5589 5787
8999 6 2 12 8 3021 5589 5787 3022 5590 5788
9000 6 2 12 8 3022 5590 5788 3023 5591 5789
9001 6 2 12 8 3023 5591 5789 3024 5592 5790
9002 6 2 12 8 3024 5592 5790 3025 5593 5791
9003 6 2 12 8 3025 5593 5791 3026 5594 5792
9004 6 2 12 8 3026 5594 5792 3027 5595 5793
9005 6 2 12 8 3027 5595 5793 3028 5596 5794
9006 6 2 12 8 3028 5596 5794 3029 5597 5795
9007 6 2 12 8 3029 5597 5795 688 3055 3073
9008 6 2 12 8 1959 1916 1963 6038 5565 6082
9009 6 2 12 8 6038 5565 6082 6039 5566 6083
9010 6 2 12 8 6039 5566 6083 6040 5567 6084
9011 6 2 12 8 6040 5567 6084 6041 5568 6085
9012 6 2 12 8 6041 5568 6085 6042 5569 6086
9013 6 2 12 8 6042 5569 6086 6043 5570 6087
9014 6 2 12 8 6043 5570 6087 6044 5571 6088
9015 6 2 12 8 6044 5571 6088 6045 5572 6089
9016 6 2 12 8 6045 5572 6089 6046 5573 6090
9017 6 2 12 8 6046 5573 6090 6047 5574 6091
9018 6 2 12 8 6047 5574 6091 6048 5575 6092
9019 6 2 12 8 6048 5575 6092 3096 3053 3100
9020 6 2 12 8 1934 1930 1935 5763 5719 5774
9021 6 2 12 8 5763 5719 5774 5764 5720 5775
9022 6 2 12 8 5764 5720 5775 5765 5721 5776
9023 6 2 12 8 5765 5721 5776 5766 5722 5777
9024 6 2 12 8 5766 5722 5777 5767 5723 5778
9025 6 2 12 8 5767 5723 5778 5768 5724 5779
9026 6 2 12 8 5768 5724 5779 5769 5725 5780
9027 6 2 12 8 5769 5725 5780 5770 5726 5781
9028 6 2 12 8 5770 5726 5781 5771 5727 5782
9029 6 2 12 8 5771 5727 5782 5772 5728 5783
9030 6 2 12 8 5772 5728 5783 5773 5729 5784
9031 6 2 12 8 5773 5729 5784 3071 3067 3072
9032 6 2 12 8 1922 345 1940 5631 2788 5829
9033 6 2 12 8 5631 2788 5829 5632 2789 5830
9034 6 2 12 8 5632 2789 5830 5633 2790 5831
9035 6 2 12 8 5633 2790 5831 5634 2791 5832
9036 6 2 12 8 5634 2791 5832 5635 2792 5833
9037 6 2 12 8 5635 2792 5833 5636 2793 5834
9038 6 2 12 8 5636 2793 5834 5637 2794 5835
9039 6 2 12 8 5637 2794 5835 5638 2795 5836
9040 6 2 12 8 5638 2795 5836 5639 2796 5837
9041 6 2 12 8 5639 2796 5837 5640 2797 5838
9042 6 2 12 8 5640 2797 5838 5641 2798 5839
9043 6 2 12 8 5641 2798 5839 3059 634 3077
9044 6 2 12 8 1921 1936 1956 5620 5785 6005
9045 6 2 12 8 5620 5785 6005 5621 5786 6006
9046 6 2 12 8 5621 5786 6006 5622 5787 6007
9047 6 2 12 8 5622 5787 6007 5623 5788 6008
9048 6 2 12 8 5623 5788 6008 5624 5789 6009
9049 6 2 12 8 5624 5789 6009 5625 5790 6010
9050 6 2 12 8 5625 5790 6010 5626 5791 6011
9051 6 2 12 8 5626 5791 6011 5627 5792 6012
9052 6 2 12 8 5627 5792 6012 5628 5793 6013
9053 6 2 12 8 5628 5793 6013 5629 5794 6014
9054 6 2 12 8 5629 5794 6014 5630 5795 6015
9055 6 2 12 8 5630 5795 6015 3058 3073 3093
9056 6 2 12 8 398 399 1936 3008 3019 5785
9057 6 2 12 8 3008 3019 5785 3009 3020 5786
9058 6 2 12 8 3009 3020 5786 3010 3021 5787
9059 6 2 12 8 3010 3021 5787 3011 3022 5788
9060 6 2 12 8 3011 3022 5788 3012 3023 5789
9061 6 2 12 8 3012 3023 5789 3013 3024 5790
9062 6 2 12 8 3013 3024 5790 3014 3025 5791
9063 6 2 12 8 3014 3025 5791 3015 3026 5792
9064 6 2 12 8 3015 3026 5792 3016 3027 5793
9065 6 2 12 8 3016 3027 5793 3017 3028 5794
9066 6 2 12 8 3017 3028 5794 3018 3029 5795
9067 6 2 12 8 3018 3029 5795 687 688 3073
9068 6 2 12 8 346 347 1919 2799 2810 5598
9069 6 2 12 8 2799 2810 5598 2800 2811 5599
9070 6 2 12 8 2800 2811 5599 2801 2812 5600
9071 6 2 12 8 2801 2812 5600 2802 2813 5601
9072 6 2 12 8 2802 2813 5601 2803 2814 5602
9073 6 2 12 8 2803 2814 5602 2804 2815 5603
9074 6 2 12 8 2804 2815 5603 2805 2816 5604
9075 6 2 12 8 2805 2816 5604 2806 2817 5605
9076 6 2 12 8 2806 2817 5605 2807 2818 5606
9077 6 2 12 8 2807 2818 5606 2808 2819 5607
9078 6 2 12 8 2808 2819 5607 2809 2820 5608
9079 6 2 12 8 2809 2820 5608 635 636 3056
9080 6 2 12 8 346 1919 1940 2799 5598 5829
9081 6 2 12 8 2799 5598 5829 2800 5599 5830
9082 6 2 12 8 2800 5599 5830 2801 5600 5831
9083 6 2 12 8 2801 5600 5831 2802 5601 5832
9084 6 2 12 8 2802 5601 5832 2803 5602 5833
9085 6 2 12 8 2803 5602 5833 2804 5603 5834
9086 6 2 12 8 2804 5603 5834 2805 5604 5835
9087 6 2 12 8 2805 5604 5835 2806 5605 5836
9088 6 2 12 8 2806 5605 5836 2807 5606 5837
9089 6 2 12 8 2807 5606 5837 2808 5607 5838
9090 6 2 12 8 2808 5607 5838 2809 5608 5839
9091 6 2 12 8 2809 5608 5839 635 3056 3077
9092 6 2 12 8 1918 1946 1961 5587 5895 6060
9093 6 2 12 8 5587 5895 6060 5588 5896 6061
9094 6 2 12 8 5588 5896 6061 5589 5897 6062
9095 6 2 12 8 5589 5897 6062 5590 5898 6063
9096 6 2 12 8 5590 5898 6063 5591 5899 6064
9097 6 2 12 8 5591 5899 6064 5592 5900 6065
9098 6 2 12 8 5592 5900 6065 5593 5901 6066
9099 6 2 12 8 5593 5901 6066 5594 5902 6067
9100 6 2 12 8 5594 5902 6067 5595 5903 6068
9101 6 2 12 8 5595 5903 6068 5596 5904 6069
9102 6 2 12 8 5596 5904 6069 5597 5905 6070
9103 6 2 12 8 5597 5905 6070 3055 3083 3098
9104 6 2 12 8 399 400 1918 3019 3030 5587
9105 6 2 12 8 3019 3030 5587 3020 3031 5588
9106 6 2 12 8 3020 3031 5588 3021 3032 5589
9107 6 2 12 8 3021 3032 5589 3022 3033 5590
9108 6 2 12 8 3022 3033 5590 3023 3034 5591
9109 6 2 12 8 3023 3034 5591 3024 3035 5592
9110 6 2 12 8 3024 3035 5592 3025 3036 5593
9111 6 2 12 8 3025 3036 5593 3026 3037 5594
9112 6 2 12 8 3026 3037 5594 3027 3038 5595
9113 6 2 12 8 3027 3038 5595 3028 3039 5596
9114 6 2 12 8 3028 3039 5596 3029 3040 5597
9115 6 2 12 8 3029 3040 5597 688 689 3055
9116 6 2 12 8 1938 1921 1956 5807 5620 6005
9117 6 2 12 8 5807 5620 6005 5808 5621 6006
9118 6 2 12 8 5808 5621 6006 5809 5622 6007
9119 6 2 12 8 5809 5622 6007 5810 5623 6008
9120 6 2 12 8 5810 5623 6008 5811 5624 6009
9121 6 2 12 8 5811 5624 6009 5812 5625 6010
9122 6 2 12 8 5812 5625 6010 5813 5626 6011
9123 6 2 12 8 5813 5626 6011 5814 5627 6012
9124 6 2 12 8 5814 5627 6012 5815 5628 6013
9125 6 2 12 8 5815 5628 6013 5816 5629 6014
9126 6 2 12 8 5816 5629 6014 5817 5630 6015
9127 6 2 12 8 5817 5630 6015 3075 3058 3093
9128 6 2 12 8 1935 1947 1957 5774 5906 6016
9129 6 2 12 8 5774 5906 6016 5775 5907 6017
9130 6 2 12 8 5775 5907 6017 5776 5908 6018
9131 6 2 12 8 5776 5908 6018 5777 5909 6019
9132 6 2 12 8 5777 5909 6019 5778 5910 6020
9133 6 2 12 8 5778 5910 6020 5779 5911 6021
9134 6 2 12 8 5779 5911 6021 5780 5912 6022
9135 6 2 12 8 5780 5912 6022 5781 5913 6023
9136 6 2 12 8 5781 5913 6023 5782 5914 6024
9137 6 2 12 8 5782 5914 6024 5783 5915 6025
9138 6 2 12 8 5783 5915 6025 5784 5916 6026
9139 6 2 12 8 5784 5916 6026 3072 3084 3094
9140 6 2 12 8 344 345 1922 2777 2788 5631
9141 6 2 12 8 2777 2788 5631 2778 2789 5632
9142 6 2 12 8 2778 2789 5632 2779 2790 5633
9143 6 2 12 8 2779 2790 5633 2780 2791 5634
9144 6 2 12 8 2780 2791 5634 2781 2792 5635
9145 6 2 12 8 2781 2792 5635 2782 2793 5636
9146 6 2 12 8 2782 2793 5636 2783 2794 5637
9147 6 2 12 8 2783 2794 5637 2784 2795 5638
9148 6 2 12 8 2784 2795 5638 2785 2796 5639
9149 6 2 12 8 2785 2796 5639 2786 2797 5640
9150 6 2 12 8 2786 2797 5640 2787 2798 5641
9151 6 2 12 8 2787 2798 5641 633 634 3059
9152 6 2 12 8 345 346 1940 2788 2799 5829
9153 6 2 12 8 2788 2799 5829 2789 2800 5830
9154 6 2 12 8 2789 2800 5830 2790 2801 5831
9155 6 2 12 8 2790 2801 5831 2791 2802 5832
9156 6 2 12 8 2791 2802 5832 2792 2803 5833
9157 6 2 12 8 2792 2803 5833 2793 2804 5834
9158 6 2 12 8 2793 2804 5834 2794 2805 5835
9159 6 2 12 8 2794 2805 5835 2795 2806 5836
9160 6 2 12 8 2795 2806 5836 2796 2807 5837
9161 6 2 12 8 2796 2807 5837 2797 2808 5838
9162 6 2 12 8 2797 2808 5838 2798 2809 5839
9163 6 2 12 8 2798 2809 5839 634 635 3077
9164 6 2 12 8 377 376 1920 2898 2887 5609
9165 6 2 12 8 2898 2887 5609 2899 2888 5610
9166 6 2 12 8 2899 2888 5610 2900 2889 5611
9167 6 2 12 8 2900 2889 5611 2901 2890 5612
9168 6 2 12 8 2901 2890 5612 2902 2891 5613
9169 6 2 12 8 2902 2891 5613 2903 2892 5614
9170 6 2 12 8 2903 2892 5614 2904 2893 5615
9171 6 2 12 8 2904 2893 5615 2905 2894 5616
9172 6 2 12 8 2905 2894 5616 2906 2895 5617
9173 6 2 12 8 2906 2895 5617 2907 2896 5618
9174 6 2 12 8 2907 2896 5618 2908 2897 5619
9175 6 2 12 8 2908 2897 5619 666 665 3057
9176 6 2 12 8 1918 1937 1948 5587 5796 5917
9177 6 2 12 8 5587 5796 5917 5588 5797 5918
9178 6 2 12 8 5588 5797 5918 5589 5798 5919
9179 6 2 12 8 5589 5798 5919 5590 5799 5920
9180 6 2 12 8 5590 5799 5920 5591 5800 5921
9181 6 2 12 8 5591 5800 5921 5592 5801 5922
9182 6 2 12 8 5592 5801 5922 5593 5802 5923
9183 6 2 12 8 5593 5802 5923 5594 5803 5924
9184 6 2 12 8 5594 5803 5924 5595 5804 5925
9185 6 2 12 8 5595 5804 5925 5596 5805 5926
9186 6 2 12 8 5596 5805 5926 5597 5806 5927
9187 6 2 12 8 5597 5806 5927 3055 3074 3085
9188 6 2 12 8 1945 1959 1963 5884 6038 6082
9189 6 2 12 8 5884 6038 6082 5885 6039 6083
9190 6 2 12 8 5885 6039 6083 5886 6040 6084
9191 6 2 12 8 5886 6040 6084 5887 6041 6085
9192 6 2 12 8 5887 6041 6085 5888 6042 6086
9193 6 2 12 8 5888 6042 6086 5889 6043 6087
9194 6 2 12 8 5889 6043 6087 5890 6044 6088
9195 6 2 12 8 5890 6044 6088 5891 6045 6089
9196 6 2 12 8 5891 6045 6089 5892 6046 6090
9197 6 2 12 8 5892 6046 6090 5893 6047 6091
9198 6 2 12 8 5893 6047 6091 5894 6048 6092
9199 6 2 12 8 5894 6048 6092 3082 3096 3100
9200 6 2 12 8 1918 400 1946 5587 3030 5895
9201 6 2 12 8 5587 3030 5895 5588 3031 5896
9202 6 2 12 8 5588 3031 5896 5589 3032 5897
9203 6 2 12 8 5589 3032 5897 5590 3033 5898
9204 6 2 12 8 5590 3033 5898 5591 3034 5899
9205 6 2 12 8 5591 3034 5899 5592 3035 5900
9206 6 2 12 8 5592 3035 5900 5593 3036 5901
9207 6 2 12 8 5593 3036 5901 5594 3037 5902
9208 6 2 12 8 5594 3037 5902 5595 3038 5903
9209 6 2 12 8 5595 3038 5903 5596 3039 5904
9210 6 2 12 8 5596 3039 5904 5597 3040 5905
9211 6 2 12 8 5597 3040 5905 3055 689 3083
9212 6 2 12 8 400 401 1946 3030 3041 5895
9213 6 2 12 8 3030 3041 5895 3031 3042 5896
9214 6 2 12 8 3031 3042 5896 3032 3043 5897
9215 6 2 12 8 3032 3043 5897 3033 3044 5898
9216 6 2 12 8 3033 3044 5898 3034 3045 5899
9217 6 2 12 8 3034 3045 5899 3035 3046 5900
9218 6 2 12 8 3035 3046 5900 3036 3047 5901
9219 6 2 12 8 3036 3047 5901 3037 3048 5902
9220 6 2 12 8 3037 3048 5902 3038 3049 5903
9221 6 2 12 8 3038 3049 5903 3039 3050 5904
9222 6 2 12 8 3039 3050 5904 3040 3051 5905
9223 6 2 12 8 3040 3051 5905 689 690 3083
9224 6 2 12 8 379 1917 1930 2920 5576 5719
9225 6 2 12 8 2920 5576 5719 2921 5577 5720
9226 6 2 12 8 2921 5577 5720 2922 5578 5721
9227 6 2 12 8 2922 5578 5721 2923 5579 5722
9228 6 2 12 8 2923 5579 5722 2924 5580 5723
9229 6 2 12 8 2924 5580 5723 2925 5581 5724
9230 6 2 12 8 2925 5581 5724 2926 5582 5725
9231 6 2 12 8 2926 5582 5725 2927 5583 5726
9232 6 2 12 8 2927 5583 5726 2928 5584 5727
9233 6 2 12 8 2928 5584 5727 2929 5585 5728
9234 6 2 12 8 2929 5585 5728 2930 5586 5729
9235 6 2 12 8 2930 5586 5729 668 3054 3067
9236 6 2 12 8 380 1934 1954 2931 5763 5983
9237 6 2 12 8 2931 5763 5983 2932 5764 5984
9238 6 2 12 8 2932 5764 5984 2933 5765 5985
9239 6 2 12 8 2933 5765 5985 2934 5766 5986
9240 6 2 12 8 2934 5766 5986 2935 5767 5987
9241 6 2 12 8 2935 5767 5987 2936 5768 5988
9242 6 2 12 8 2936 5768 5988 2937 5769 5989
9243 6 2 12 8 2937 5769 5989 2938 5770 5990
9244 6 2 12 8 2938 5770 5990 2939 5771 5991
9245 6 2 12 8 2939 5771 5991 2940 5772 5992
9246 6 2 12 8 2940 5772 5992 2941 5773 5993
9247 6 2 12 8 2941 5773 5993 669 3071 3091
9248 6 2 12 8 1938 1924 1945 5807 5653 5884
9249 6 2 12 8 5807 5653 5884 5808 5654 5885
9250 6 2 12 8 5808 5654 5885 5809 5655 5886
9251 6 2 12 8 5809 5655 5886 5810 5656 5887
9252 6 2 12 8 5810 5656 5887 5811 5657 5888
9253 6 2 12 8 5811 5657 5888 5812 5658 5889
9254 6 2 12 8 5812 5658 5889 5813 5659 5890
9255 6 2 12 8 5813 5659 5890 5814 5660 5891
9256 6 2 12 8 5814 5660 5891 5815 5661 5892
9257 6 2 12 8 5815 5661 5892 5816 5662 5893
9258 6 2 12 8 5816 5662 5893 5817 5663 5894
9259 6 2 12 8 5817 5663 5894 3075 3061 3082
9260 6 2 12 8 1925 1927 1928 5664 5686 5697
9261 6 2 12 8 5664 5686 5697 5665 5687 5698
9262 6 2 12 8 5665 5687 5698 5666 5688 5699
9263 6 2 12 8 5666 5688 5699 5667 5689 5700
9264 6 2 12 8 5667 5689 5700 5668 5690 5701
9265 6 2 12 8 5668 5690 5701 5669 5691 5702
9266 6 2 12 8 5669 5691 5702 5670 5692 5703
9267 6 2 12 8 5670 5692 5703 5671 5693 5704
9268 6 2 12 8 5671 5693 5704 5672 5694 5705
9269 6 2 12 8 5672 5694 5705 5673 5695 5706
9270 6 2 12 8 5673 5695 5706 5674 5696 5707
9271 6 2 12 8 5674 5696 5707 3062 3064 3065
9272 6 2 12 8 1928 1929 1932 5697 5708 5741
9273 6 2 12 8 5697 5708 5741 5698 5709 5742
9274 6 2 12 8 5698 5709 5742 5699 5710 5743
9275 6 2 12 8 5699 5710 5743 5700 5711 5744
9276 6 2 12 8 5700 5711 5744 5701 5712 5745
9277 6 2 12 8 5701 5712 5745 5702 5713 5746
9278 6 2 12 8 5702 5713 5746 5703 5714 5747
9279 6 2 12 8 5703 5714 5747 5704 5715 5748
9280 6 2 12 8 5704 5715 5748 5705 5716 5749
9281 6 2 12 8 5705 5716 5749 5706 5717 5750
9282 6 2 12 8 5706 5717 5750 5707 5718 5751
9283 6 2 12 8 5707 5718 5751 3065 3066 3069
9284 6 2 12 8 377 1920 1923 2898 5609 5642
9285 6 2 12 8 2898 5609 5642 2899 5610 5643
9286 6 2 12 8 2899 5610 5643 2900 5611 5644
9287 6 2 12 8 2900 5611 5644 2901 5612 5645
9288 6 2 12 8 2901 5612 5645 2902 5613 5646
9289 6 2 12 8 2902 5613 5646 2903 5614 5647
9290 6 2 12 8 2903 5614 5647 2904 5615 5648
9291 6 2 12 8 2904 5615 5648 2905 5616 5649
9292 6 2 12 8 2905 5616 5649 2906 5617 5650
9293 6 2 12 8 2906 5617 5650 2907 5618 5651
9294 6 2 12 8 2907 5618 5651 2908 5619 5652
9295 6 2 12 8 2908 5619 5652 666 3057 3060
9296 6 2 12 8 1936 1918 1948 5785 5587 5917
9297 6 2 12 8 5785 5587 5917 5786 5588 5918
9298 6 2 12 8 5786 5588 5918 5787 5589 5919
9299 6 2 12 8 5787 5589 5919 5788 5590 5920
9300 6 2 12 8 5788 5590 5920 5789 5591 5921
9301 6 2 12 8 5789 5591 5921 5790 5592 5922
9302 6 2 12 8 5790 5592 5922 5791 5593 5923
9303 6 2 12 8 5791 5593 5923 5792 5594 5924
9304 6 2 12 8 5792 5594 5924 5793 5595 5925
9305 6 2 12 8 5793 5595 5925 5794 5596 5926
9306 6 2 12 8 5794 5596 5926 5795 5597 5927
9307 6 2 12 8 5795 5597 5927 3073 3055 3085
9308 6 2 12 8 376 28 1962 2887 654 6071
9309 6 2 12 8 2887 654 6071 2888 655 6072
9310 6 2 12 8 2888 655 6072 2889 656 6073
9311 6 2 12 8 2889 656 6073 2890 657 6074
9312 6 2 12 8 2890 657 6074 2891 658 6075
9313 6 2 12 8 2891 658 6075 2892 659 6076
9314 6 2 12 8 2892 659 6076 2893 660 6077
9315 6 2 12 8 2893 660 6077 2894 661 6078
9316 6 2 12 8 2894 661 6078 2895 662 6079
9317 6 2 12 8 2895 662 6079 2896 663 6080
9318 6 2 12 8 2896 663 6080 2897 664 6081
9319 6 2 12 8 2897 664 6081 665 46 3099
9320 6 2 12 8 1920 376 1944 5609 2887 5873
9321 6 2 12 8 5609 2887 5873 5610 2888 5874
9322 6 2 12 8 5610 2888 5874 5611 2889 5875
9323 6 2 12 8 5611 2889 5875 5612 2890 5876
9324 6 2 12 8 5612 2890 5876 5613 2891 5877
9325 6 2 12 8 5613 2891 5877 5614 2892 5878
9326 6 2 12 8 5614 2892 5878 5615 2893 5879
9327 6 2 12 8 5615 2893 5879 5616 2894 5880
9328 6 2 12 8 5616 2894 5880 5617 2895 5881
9329 6 2 12 8 5617 2895 5881 5618 2896 5882
9330 6 2 12 8 5618 2896 5882 5619 2897 5883
9331 6 2 12 8 5619 2897 5883 3057 665 3081
9332 6 2 12 8 1935 1943 1960 5774 5862 6049
9333 6 2 12 8 5774 5862 6049 5775 5863 6050
9334 6 2 12 8 5775 5863 6050 5776 5864 6051
9335 6 2 12 8 5776 5864 6051 5777 5865 6052
9336 6 2 12 8 5777 5865 6052 5778 5866 6053
9337 6 2 12 8 5778 5866 6053 5779 5867 6054
9338 6 2 12 8 5779 5867 6054 5780 5868 6055
9339 6 2 12 8 5780 5868 6055 5781 5869 6056
9340 6 2 12 8 5781 5869 6056 5782 5870 6057
9341 6 2 12 8 5782 5870 6057 5783 5871 6058
9342 6 2 12 8 5783 5871 6058 5784 5872 6059
9343 6 2 12 8 5784 5872 6059 3072 3080 3097
9344 6 2 12 8 1928 1932 1947 5697 5741 5906
9345 6 2 12 8 5697 5741 5906 5698 5742 5907
9346 6 2 12 8 5698 5742 5907 5699 5743 5908
9347 6 2 12 8 5699 5743 5908 5700 5744 5909
9348 6 2 12 8 5700 5744 5909 5701 5745 5910
9349 6 2 12 8 5701 5745 5910 5702 5746 5911
9350 6 2 12 8 5702 5746 5911 5703 5747 5912
9351 6 2 12 8 5703 5747 5912 5704 5748 5913
9352 6 2 12 8 5704 5748 5913 5705 5749 5914
9353 6 2 12 8 5705 5749 5914 5706 5750 5915
9354 6 2 12 8 5706 5750 5915 5707 5751 5916
9355 6 2 12 8 5707 5751 5916 3065 3069 3084
9356 6 2 12 8 379 378 1917 2920 2909 5576
9357 6 2 12 8 2920 2909 5576 2921 2910 5577
9358 6 2 12 8 2921 2910 5577 2922 2911 5578
9359 6 2 12 8 2922 2911 5578 2923 2912 5579
9360 6 2 12 8 2923 2912 5579 2924 2913 5580
9361 6 2 12 8 2924 2913 5580 2925 2914 5581
9362 6 2 12 8 2925 2914 5581 2926 2915 5582
9363 6 2 12 8 2926 2915 5582 2927 2916 5583
9364 6 2 12 8 2927 2916 5583 2928 2917 5584
9365 6 2 12 8 2928 2917 5584 2929 2918 5585
9366 6 2 12 8 2929 2918 5585 2930 2919 5586
9367 6 2 12 8 2930 2919 5586 668 667 3054
9368 6 2 12 8 1926 1924 1938 5675 5653 5807
9369 6 2 12 8 5675 5653 5807 5676 5654 5808
9370 6 2 12 8 5676 5654 5808 5677 5655 5809
9371 6 2 12 8 5677 5655 5809 5678 5656 5810
9372 6 2 12 8 5678 5656 5810 5679 5657 5811
9373 6 2 12 8 5679 5657 5811 5680 5658 5812
9374 6 2 12 8 5680 5658 5812 5681 5659 5813
9375 6 2 12 8 5681 5659 5813 5682 5660 5814
9376 6 2 12 8 5682 5660 5814 5683 5661 5815
9377 6 2 12 8 5683 5661 5815 5684 5662 5816
9378 6 2 12 8 5684 5662 5816 5685 5663 5817
9379 6 2 12 8 5685 5663 5817 3063 3061 3075
9380 6 2 12 8 1922 1940 1952 5631 5829 5961
9381 6 2 12 8 5631 5829 5961 5632 5830 5962
9382 6 2 12 8 5632 5830 5962 5633 5831 5963
9383 6 2 12 8 5633 5831 5963 5634 5832 5964
9384 6 2 12 8 5634 5832 5964 5635 5833 5965
9385 6 2 12 8 5635 5833 5965 5636 5834 5966
9386 6 2 12 8 5636 5834 5966 5637 5835 5967
9387 6 2 12 8 5637 5835 5967 5638 5836 5968
9388 6 2 12 8 5638 5836 5968 5639 5837 5969
9389 6 2 12 8 5639 5837 5969 5640 5838 5970
9390 6 2 12 8 5640 5838 5970 5641 5839 5971
9391 6 2 12 8 5641 5839 5971 3059 3077 3089
9392 6 2 12 8 1945 1944 1959 5884 5873 6038
9393 6 2 12 8 5884 5873 6038 5885 5874 6039
9394 6 2 12 8 5885 5874 6039 5886 5875 6040
9395 6 2 12 8 5886 5875 6040 5887 5876 6041
9396 6 2 12 8 5887 5876 6041 5888 5877 6042
9397 6 2 12 8 5888 5877 6042 5889 5878 6043
9398 6 2 12 8 5889 5878 6043 5890 5879 6044
9399 6 2 12 8 5890 5879 6044 5891 5880 6045
9400 6 2 12 8 5891 5880 6045 5892 5881 6046
9401 6 2 12 8 5892 5881 6046 5893 5882 6047
9402 6 2 12 8 5893 5882 6047 5894 5883 6048
9403 6 2 12 8 5894 5883 6048 3082 3081 3096
9404 6 2 12 8 1930 1917 1947 5719 5576 5906
9405 6 2 12 8 5719 5576 5906 5720 5577 5907
9406 6 2 12 8 5720 5577 5907 5721 5578 5908
9407 6 2 12 8 5721 5578 5908 5722 5579 5909
9408 6 2 12 8 5722 5579 5909 5723 5580 5910
9409 6 2 12 8 5723 5580 5910 5724 5581 5911
9410 6 2 12 8 5724 5581 5911 5725 5582 5912
9411 6 2 12 8 5725 5582 5912 5726 5583 5913
9412 6 2 12 8 5726 5583 5913 5727 5584 5914
9413 6 2 12 8 5727 5584 5914 5728 5585 5915
9414 6 2 12 8 5728 5585 5915 5729 5586 5916
9415 6 2 12 8 5729 5586 5916 3067 3054 3084
9416 6 2 12 8 1928 1927 1929 5697 5686 5708
9417 6 2 12 8 5697 5686 5708 5698 5687 5709
9418 6 2 12 8 5698 5687 5709 5699 5688 5710
9419 6 2 12 8 5699 5688 5710 5700 5689 5711
9420 6 2 12 8 5700 5689 5711 5701 5690 5712
9421 6 2 12 8 5701 5690 5712 5702 5691 5713
9422 6 2 12 8 5702 5691 5713 5703 5692 5714
9423 6 2 12 8 5703 5692 5714 5704 5693 5715
9424 6 2 12 8 5704 5693 5715 5705 5694 5716
9425 6 2 12 8 5705 5694 5716 5706 5695 5717
9426 6 2 12 8 5706 5695 5717 5707 5696 5718
9427 6 2 12 8 5707 5696 5718 3065 3064 3066
9428 6 2 12 8 1915 1942 1949 5554 5851 5928
9429 6 2 12 8 5554 5851 5928 5555 5852 5929
9430 6 2 12 8 5555 5852 5929 5556 5853 5930
9431 6 2 12 8 5556 5853 5930 5557 5854 5931
9432 6 2 12 8 5557 5854 5931 5558 5855 5932
9433 6 2 12 8 5558 5855 5932 5559 5856 5933
9434 6 2 12 8 5559 5856 5933 5560 5857 5934
9435 6 2 12 8 5560 5857 5934 5561 5858 5935
9436 6 2 12 8 5561 5858 5935 5562 5859 5936
9437 6 2 12 8 5562 5859 5936 5563 5860 5937
9438 6 2 12 8 5563 5860 5937 5564 5861 5938
9439 6 2 12 8 5564 5861 5938 3052 3079 3086
9440 6 2 12 8 1941 1942 1943 5840 5851 5862
9441 6 2 12 8 5840 5851 5862 5841 5852 5863
9442 6 2 12 8 5841 5852 5863 5842 5853 5864
9443 6 2 12 8 5842 5853 5864 5843 5854 5865
9444 6 2 12 8 5843 5854 5865 5844 5855 5866
9445 6 2 12 8 5844 5855 5866 5845 5856 5867
9446 6 2 12 8 5845 5856 5867 5846 5857 5868
9447 6 2 12 8 5846 5857 5868 5847 5858 5869
9448 6 2 12 8 5847 5858 5869 5848 5859 5870
9449 6 2 12 8 5848 5859 5870 5849 5860 5871
9450 6 2 12 8 5849 5860 5871 5850 5861 5872
9451 6 2 12 8 5850 5861 5872 3078 3079 3080
9452 6 2 12 8 27 380 1954 638 2931 5983
9453 6 2 12 8 638 2931 5983 639 2932 5984
9454 6 2 12 8 639 2932 5984 640 2933 5985
9455 6 2 12 8 640 2933 5985 641 2934 5986
9456 6 2 12 8 641 2934 5986 642 2935 5987
9457 6 2 12 8 642 2935 5987 643 2936 5988
9458 6 2 12 8 643 2936 5988 644 2937 5989
9459 6 2 12 8 644 2937 5989 645 2938 5990
9460 6 2 12 8 645 2938 5990 646 2939 5991
9461 6 2 12 8 646 2939 5991 647 2940 5992
9462 6 2 12 8 647 2940 5992 648 2941 5993
9463 6 2 12 8 648 2941 5993 45 669 3091
9464 6 2 12 8 1923 1920 1924 5642 5609 5653
9465 6 2 12 8 5642 5609 5653 5643 5610 5654
9466 6 2 12 8 5643 5610 5654 5644 5611 5655
9467 6 2 12 8 5644 5611 5655 5645 5612 5656
9468 6 2 12 8 5645 5612 5656 5646 5613 5657
9469 6 2 12 8 5646 5613 5657 5647 5614 5658
9470 6 2 12 8 5647 5614 5658 5648 5615 5659
9471 6 2 12 8 5648 5615 5659 5649 5616 5660
9472 6 2 12 8 5649 5616 5660 5650 5617 5661
9473 6 2 12 8 5650 5617 5661 5651 5618 5662
9474 6 2 12 8 5651 5618 5662 5652 5619 5663
9475 6 2 12 8 5652 5619 5663 3060 3057 3061
9476 6 2 12 8 1925 1926 1927 5664 5675 5686
9477 6 2 12 8 5664 5675 5686 5665 5676 5687
9478 6 2 12 8 5665 5676 5687 5666 5677 5688
9479 6 2 12 8 5666 5677 5688 5667 5678 5689
9480 6 2 12 8 5667 5678 5689 5668 5679 5690
9481 6 2 12 8 5668 5679 5690 5669 5680 5691
9482 6 2 12 8 5669 5680 5691 5670 5681 5692
9483 6 2 12 8 5670 5681 5692 5671 5682 5693
9484 6 2 12 8 5671 5682 5693 5672 5683 5694
9485 6 2 12 8 5672 5683 5694 5673 5684 5695
9486 6 2 12 8 5673 5684 5695 5674 5685 5696
9487 6 2 12 8 5674 5685 5696 3062 3063 3064
9488 6 2 12 8 1929 1927 1937 5708 5686 5796
9489 6 2 12 8 5708 5686 5796 5709 5687 5797
9490 6 2 12 8 5709 5687 5797 5710 5688 5798
9491 6 2 12 8 5710 5688 5798 5711 5689 5799
9492 6 2 12 8 5711 5689 5799 5712 5690 5800
9493 6 2 12 8 5712 5690 5800 5713 5691 5801
9494 6 2 12 8 5713 5691 5801 5714 5692 5802
9495 6 2 12 8 5714 5692 5802 5715 5693 5803
9496 6 2 12 8 5715 5693 5803 5716 5694 5804
9497 6 2 12 8 5716 5694 5804 5717 5695 5805
9498 6 2 12 8 5717 5695 5805 5718 5696 5806
9499 6 2 12 8 5718 5696 5806 3066 3064 3074
9500 6 2 12 8 1927 1926 1948 5686 5675 5917
9501 6 2 12 8 5686 5675 5917 5687 5676 5918
9502 6 2 12 8 5687 5676 5918 5688 5677 5919
9503 6 2 12 8 5688 5677 5919 5689 5678 5920
9504 6 2 12 8 5689 5678 5920 5690 5679 5921
9505 6 2 12 8 5690 5679 5921 5691 5680 5922
9506 6 2 12 8 5691 5680 5922 5692 5681 5923
9507 6 2 12 8 5692 5681 5923 5693 5682 5924
9508 6 2 12 8 5693 5682 5924 5694 5683 5925
9509 6 2 12 8 5694 5683 5925 5695 5684 5926
9510 6 2 12 8 5695 5684 5926 5696 5685 5927
9511 6 2 12 8 5696 5685 5927 3064 3063 3085
9512 6 2 12 8 1920 1944 1945 5609 5873 5884
9513 6 2 12 8 5609 5873 5884 5610 5874 5885
9514 6 2 12 8 5610 5874 5885 5611 5875 5886
9515 6 2 12 8 5611 5875 5886 5612 5876 5887
9516 6 2 12 8 5612 5876 5887 5613 5877 5888
9517 6 2 12 8 5613 5877 5888 5614 5878 5889
9518 6 2 12 8 5614 5878 5889 5615 5879 5890
9519 6 2 12 8 5615 5879 5890 5616 5880 5891
9520 6 2 12 8 5616 5880 5891 5617 5881 5892
9521 6 2 12 8 5617 5881 5892 5618 5882 5893
9522 6 2 12 8 5618 5882 5893 5619 5883 5894
9523 6 2 12 8 5619 5883 5894 3057 3081 3082
9524 6 2 12 8 393 394 1916 2953 2964 5565
9525 6 2 12 8 2953 2964 5565 2954 2965 5566
9526 6 2 12 8 2954 2965 5566 2955 2966 5567
9527 6 2 12 8 2955 2966 5567 2956 2967 5568
9528 6 2 12 8 2956 2967 5568 2957 2968 5569
9529 6 2 12 8 2957 2968 5569 2958 2969 5570
9530 6 2 12 8 2958 2969 5570 2959 2970 5571
9531 6 2 12 8 2959 2970 5571 2960 2971 5572
9532 6 2 12 8 2960 2971 5572 2961 2972 5573
9533 6 2 12 8 2961 2972 5573 2962 2973 5574
9534 6 2 12 8 2962 2973 5574 2963 2974 5575
9535 6 2 12 8 2963 2974 5575 682 683 3053
9536 6 2 12 8 362 363 1915 2854 2865 5554
9537 6 2 12 8 2854 2865 5554 2855 2866 5555
9538 6 2 12 8 2855 2866 5555 2856 2867 5556
9539 6 2 12 8 2856 2867 5556 2857 2868 5557
9540 6 2 12 8 2857 2868 5557 2858 2869 5558
9541 6 2 12 8 2858 2869 5558 2859 2870 5559
9542 6 2 12 8 2859 2870 5559 2860 2871 5560
9543 6 2 12 8 2860 2871 5560 2861 2872 5561
9544 6 2 12 8 2861 2872 5561 2862 2873 5562
9545 6 2 12 8 2862 2873 5562 2863 2874 5563
9546 6 2 12 8 2863 2874 5563 2864 2875 5564
9547 6 2 12 8 2864 2875 5564 651 652 3052
9548 6 2 12 8 1943 1942 1960 5862 5851 6049
9549 6 2 12 8 5862 5851 6049 5863 5852 6050
9550 6 2 12 8 5863 5852 6050 5864 5853 6051
9551 6 2 12 8 5864 5853 6051 5865 5854 6052
9552 6 2 12 8 5865 5854 6052 5866 5855 6053
9553 6 2 12 8 5866 5855 6053 5867 5856 6054
9554 6 2 12 8 5867 5856 6054 5868 5857 6055
9555 6 2 12 8 5868 5857 6055 5869 5858 6056
9556 6 2 12 8 5869 5858 6056 5870 5859 6057
9557 6 2 12 8 5870 5859 6057 5871 5860 6058
9558 6 2 12 8 5871 5860 6058 5872 5861 6059
9559 6 2 12 8 5872 5861 6059 3080 3079 3097
9560 6 2 12 8 401 25 1955 3041 611 5994
9561 6 2 12 8 3041 611 5994 3042 612 5995
9562 6 2 12 8 3042 612 5995 3043 613 5996
9563 6 2 12 8 3043 613 5996 3044 614 5997
9564 6 2 12 8 3044 614 5997 3045 615 5998
9565 6 2 12 8 3045 615 5998 3046 616 5999
9566 6 2 12 8 3046 616 5999 3047 617 6000
9567 6 2 12 8 3047 617 6000 3048 618 6001
9568 6 2 12 8 3048 618 6001 3049 619 6002
9569 6 2 12 8 3049 619 6002 3050 620 6003
9570 6 2 12 8 3050 620 6003 3051 621 6004
9571 6 2 12 8 3051 621 6004 690 43 3092
9572 6 2 12 8 25 344 1955 611 2777 5994
9573 6 2 12 8 611 2777 5994 612 2778 5995
9574 6 2 12 8 612 2778 5995 613 2779 5996
9575 6 2 12 8 613 2779 5996 614 2780 5997
9576 6 2 12 8 614 2780 5997 615 2781 5998
9577 6 2 12 8 615 2781 5998 616 2782 5999
9578 6 2 12 8 616 2782 5999 617 2783 6000
9579 6 2 12 8 617 2783 6000 618 2784 6001
9580 6 2 12 8 618 2784 6001 619 2785 6002
9581 6 2 12 8 619 2785 6002 620 2786 6003
9582 6 2 12 8 620 2786 6003 621 2787 6004
9583 6 2 12 8 621 2787 6004 43 633 3092
9584 6 2 12 8 1925 1924 1926 5664 5653 5675
9585 6 2 12 8 5664 5653 5675 5665 5654 5676
9586 6 2 12 8 5665 5654 5676 5666 5655 5677
9587 6 2 12 8 5666 5655 5677 5667 5656 5678
9588 6 2 12 8 5667 5656 5678 5668 5657 5679
9589 6 2 12 8 5668 5657 5679 5669 5658 5680
9590 6 2 12 8 5669 5658 5680 5670 5659 5681
9591 6 2 12 8 5670 5659 5681 5671 5660 5682
9592 6 2 12 8 5671 5660 5682 5672 5661 5683
9593 6 2 12 8 5672 5661 5683 5673 5662 5684
9594 6 2 12 8 5673 5662 5684 5674 5663 5685
9595 6 2 12 8 5674 5663 5685 3062 3061 3063
9596 6 2 12 8 1925 1928 1953 5664 5697 5972
9597 6 2 12 8 5664 5697 5972 5665 5698 5973
9598 6 2 12 8 5665 5698 5973 5666 5699 5974
9599 6 2 12 8 5666 5699 5974 5667 5700 5975
9600 6 2 12 8 5667 5700 5975 5668 5701 5976
9601 6 2 12 8 5668 5701 5976 5669 5702 5977
9602 6 2 12 8 5669 5702 5977 5670 5703 5978
9603 6 2 12 8 5670 5703 5978 5671 5704 5979
9604 6 2 12 8 5671 5704 5979 5672 5705 5980
9605 6 2 12 8 5672 5705 5980 5673 5706 5981
9606 6 2 12 8 5673 5706 5981 5674 5707 5982
9607 6 2 12 8 5674 5707 5982 3062 3065 3090
9608 6 2 12 8 1923 1924 1925 5642 5653 5664
9609 6 2 12 8 5642 5653 5664 5643 5654 5665
9610 6 2 12 8 5643 5654 5665 5644 5655 5666
9611 6 2 12 8 5644 5655 5666 5645 5656 5667
9612 6 2 12 8 5645 5656 5667 5646 5657 5668
9613 6 2 12 8 5646 5657 5668 5647 5658 5669
9614 6 2 12 8 5647 5658 5669 5648 5659 5670
9615 6 2 12 8 5648 5659 5670 5649 5660 5671
9616 6 2 12 8 5649 5660 5671 5650 5661 5672
9617 6 2 12 8 5650 5661 5672 5651 5662 5673
9618 6 2 12 8 5651 5662 5673 5652 5663 5674
9619 6 2 12 8 5652 5663 5674 3060 3061 3062
9620 6 2 12 8 1944 392 1959 5873 2942 6038
9621 6 2 12 8 5873 2942 6038 5874 2943 6039
9622 6 2 12 8 5874 2943 6039 5875 2944 6040
9623 6 2 12 8 5875 2944 6040 5876 2945 6041
9624 6 2 12 8 5876 2945 6041 5877 2946 6042
9625 6 2 12 8 5877 2946 6042 5878 2947 6043
9626 6 2 12 8 5878 2947 6043 5879 2948 6044
9627 6 2 12 8 5879 2948 6044 5880 2949 6045
9628 6 2 12 8 5880 2949 6045 5881 2950 6046
9629 6 2 12 8 5881 2950 6046 5882 2951 6047
9630 6 2 12 8 5882 2951 6047 5883 2952 6048
9631 6 2 12 8 5883 2952 6048 3081 681 3096
9632 6 2 12 8 1937 1927 1948 5796 5686 5917
9633 6 2 12 8 5796 5686 5917 5797 5687 5918
9634 6 2 12 8 5797 5687 5918 5798 5688 5919
9635 6 2 12 8 5798 5688 5919 5799 5689 5920
9636 6 2 12 8 5799 5689 5920 5800 5690 5921
9637 6 2 12 8 5800 5690 5921 5801 5691 5922
9638 6 2 12 8 5801 5691 5922 5802 5692 5923
9639 6 2 12 8 5802 5692 5923 5803 5693 5924
9640 6 2 12 8 5803 5693 5924 5804 5694 5925
9641 6 2 12 8 5804 5694 5925 5805 5695 5926
9642 6 2 12 8 5805 5695 5926 5806 5696 5927
9643 6 2 12 8 5806 5696 5927 3074 3064 3085
9644 6 2 12 8 1924 1920 1945 5653 5609 5884
9645 6 2 12 8 5653 5609 5884 5654 5610 5885
9646 6 2 12 8 5654 5610 5885 5655 5611 5886
9647 6 2 12 8 5655 5611 5886 5656 5612 5887
9648 6 2 12 8 5656 5612 5887 5657 5613 5888
9649 6 2 12 8 5657 5613 5888 5658 5614 5889
9650 6 2 12 8 5658 5614 5889 5659 5615 5890
9651 6 2 12 8 5659 5615 5890 5660 5616 5891
9652 6 2 12 8 5660 5616 5891 5661 5617 5892
9653 6 2 12 8 5661 5617 5892 5662 5618 5893
9654 6 2 12 8 5662 5618 5893 5663 5619 5894
9655 6 2 12 8 5663 5619 5894 3061 3057 3082
9656 6 2 12 8 1916 1950 1963 5565 5939 6082
9657 6 2 12 8 5565 5939 6082 5566 5940 6083
9658 6 2 12 8 5566 5940 6083 5567 5941 6084
9659 6 2 12 8 5567 5941 6084 5568 5942 6085
9660 6 2 12 8 5568 5942 6085 5569 5943 6086
9661 6 2 12 8 5569 5943 6086 5570 5944 6087
9662 6 2 12 8 5570 5944 6087 5571 5945 6088
9663 6 2 12 8 5571 5945 6088 5572 5946 6089
9664 6 2 12 8 5572 5946 6089 5573 5947 6090
9665 6 2 12 8 5573 5947 6090 5574 5948 6091
9666 6 2 12 8 5574 5948 6091 5575 5949 6092
9667 6 2 12 8 5575 5949 6092 3053 3087 3100
9668 6 2 12 8 1933 1939 1950 5752 5818 5939
9669 6 2 12 8 5752 5818 5939 5753 5819 5940
9670 6 2 12 8 5753 5819 5940 5754 5820 5941
9671 6 2 12 8 5754 5820 5941 5755 5821 5942
9672 6 2 12 8 5755 5821 5942 5756 5822 5943
9673 6 2 12 8 5756 5822 5943 5757 5823 5944
9674 6 2 12 8 5757 5823 5944 5758 5824 5945
9675 6 2 12 8 5758 5824 5945 5759 5825 5946
9676 6 2 12 8 5759 5825 5946 5760 5826 5947
9677 6 2 12 8 5760 5826 5947 5761 5827 5948
9678 6 2 12 8 5761 5827 5948 5762 5828 5949
9679 6 2 12 8 5762 5828 5949 3070 3076 3087
9680 6 2 12 8 392 1944 1962 2942 5873 6071
9681 6 2 12 8 2942 5873 6071 2943 5874 6072
9682 6 2 12 8 2943 5874 6072 2944 5875 6073
9683 6 2 12 8 2944 5875 6073 2945 5876 6074
9684 6 2 12 8 2945 5876 6074 2946 5877 6075
9685 6 2 12 8 2946 5877 6075 2947 5878 6076
9686 6 2 12 8 2947 5878 6076 2948 5879 6077
9687 6 2 12 8 2948 5879 6077 2949 5880 6078
9688 6 2 12 8 2949 5880 6078 2950 5881 6079
9689 6 2 12 8 2950 5881 6079 2951 5882 6080
9690 6 2 12 8 2951 5882 6080 2952 5883 6081
9691 6 2 12 8 2952 5883 6081 681 3081 3099
9692 6 2 12 8 395 396 1933 2975 2986 5752
9693 6 2 12 8 2975 2986 5752 2976 2987 5753
9694 6 2 12 8 2976 2987 5753 2977 2988 5754
9695 6 2 12 8 2977 2988 5754 2978 2989 5755
9696 6 2 12 8 2978 2989 5755 2979 2990 5756
9697 6 2 12 8 2979 2990 5756 2980 2991 5757
9698 6 2 12 8 2980 2991 5757 2981 2992 5758
9699 6 2 12 8 2981 2992 5758 2982 2993 5759
9700 6 2 12 8 2982 2993 5759 2983 2994 5760
9701 6 2 12 8 2983 2994 5760 2984 2995 5761
9702 6 2 12 8 2984 2995 5761 2985 2996 5762
9703 6 2 12 8 2985 2996 5762 684 685 3070
9704 6 2 12 8 1942 1915 1960 5851 5554 6049
9705 6 2 12 8 5851 5554 6049 5852 5555 6050
9706 6 2 12 8 5852 5555 6050 5853 5556 6051
9707 6 2 12 8 5853 5556 6051 5854 5557 6052
9708 6 2 12 8 5854 5557 6052 5855 5558 6053
9709 6 2 12 8 5855 5558 6053 5856 5559 6054
9710 6 2 12 8 5856 5559 6054 5857 5560 6055
9711 6 2 12 8 5857 5560 6055 5858 5561 6056
9712 6 2 12 8 5858 5561 6056 5859 5562 6057
9713 6 2 12 8 5859 5562 6057 5860 5563 6058
9714 6 2 12 8 5860 5563 6058 5861 5564 6059
9715 6 2 12 8 5861 5564 6059 3079 3052 3097
9716 6 2 12 8 392 393 1959 2942 2953 6038
9717 6 2 12 8 2942 2953 6038 2943 2954 6039
9718 6 2 12 8 2943 2954 6039 2944 2955 6040
9719 6 2 12 8 2944 2955 6040 2945 2956 6041
9720 6 2 12 8 2945 2956 6041 2946 2957 6042
9721 6 2 12 8 2946 2957 6042 2947 2958 6043
9722 6 2 12 8 2947 2958 6043 2948 2959 6044
9723 6 2 12 8 2948 2959 6044 2949 2960 6045
9724 6 2 12 8 2949 2960 6045 2950 2961 6046
9725 6 2 12 8 2950 2961 6046 2951 2962 6047
9726 6 2 12 8 2951 2962 6047 2952 2963 6048
9727 6 2 12 8 2952 2963 6048 681 682 3096
9728 6 2 12 8 1940 1919 1951 5829 5598 5950
9729 6 2 12 8 5829 5598 5950 5830 5599 5951
9730 6 2 12 8 5830 5599 5951 5831 5600 5952
9731 6 2 12 8 5831 5600 5952 5832 5601 5953
9732 6 2 12 8 5832 5601 5953 5833 5602 5954
9733 6 2 12 8 5833 5602 5954 5834 5603 5955
9734 6 2 12 8 5834 5603 5955 5835 5604 5956
9735 6 2 12 8 5835 5604 5956 5836 5605 5957
9736 6 2 12 8 5836 5605 5957 5837 5606 5958
9737 6 2 12 8 5837 5606 5958 5838 5607 5959
9738 6 2 12 8 5838 5607 5959 5839 5608 5960
9739 6 2 12 8 5839 5608 5960 3077 3056 3088
9740 6 2 12 8 361 362 1949 2843 2854 5928
9741 6 2 12 8 2843 2854 5928 2844 2855 5929
9742 6 2 12 8 2844 2855 5929 2845 2856 5930
9743 6 2 12 8 2845 2856 5930 2846 2857 5931
9744 6 2 12 8 2846 2857 5931 2847 2858 5932
9745 6 2 12 8 2847 2858 5932 2848 2859 5933
9746 6 2 12 8 2848 2859 5933 2849 2860 5934
9747 6 2 12 8 2849 2860 5934 2850 2861 5935
9748 6 2 12 8 2850 2861 5935 2851 2862 5936
9749 6 2 12 8 2851 2862 5936 2852 2863 5937
9750 6 2 12 8 2852 2863 5937 2853 2864 5938
9751 6 2 12 8 2853 2864 5938 650 651 3086
9752 6 2 12 8 394 395 1950 2964 2975 5939
9753 6 2 12 8 2964 2975 5939 2965 2976 5940
9754 6 2 12 8 2965 2976 5940 2966 2977 5941
9755 6 2 12 8 2966 2977 5941 2967 2978 5942
9756 6 2 12 8 2967 2978 5942 2968 2979 5943
9757 6 2 12 8 2968 2979 5943 2969 2980 5944
9758 6 2 12 8 2969 2980 5944 2970 2981 5945
9759 6 2 12 8 2970 2981 5945 2971 2982 5946
9760 6 2 12 8 2971 2982 5946 2972 2983 5947
9761 6 2 12 8 2972 2983 5947 2973 2984 5948
9762 6 2 12 8 2973 2984 5948 2974 2985 5949
9763 6 2 12 8 2974 2985 5949 683 684 3087
9764 6 2 12 8 1942 1931 1949 5851 5730 5928
9765 6 2 12 8 5851 5730 5928 5852 5731 5929
9766 6 2 12 8 5852 5731 5929 5853 5732 5930
9767 6 2 12 8 5853 5732 5930 5854 5733 5931
9768 6 2 12 8 5854 5733 5931 5855 5734 5932
9769 6 2 12 8 5855 5734 5932 5856 5735 5933
9770 6 2 12 8 5856 5735 5933 5857 5736 5934
9771 6 2 12 8 5857 5736 5934 5858 5737 5935
9772 6 2 12 8 5858 5737 5935 5859 5738 5936
9773 6 2 12 8 5859 5738 5936 5860 5739 5937
9774 6 2 12 8 5860 5739 5937 5861 5740 5938
9775 6 2 12 8 5861 5740 5938 3079 3068 3086
9776 6 2 12 8 1939 1938 1963 5818 5807 6082
9777 6 2 12 8 5818 5807 6082 5819 5808 6083
9778 6 2 12 8 5819 5808 6083 5820 5809 6084
9779 6 2 12 8 5820 5809 6084 5821 5810 6085
9780 6 2 12 8 5821 5810 6085 5822 5811 6086
9781 6 2 12 8 5822 5811 6086 5823 5812 6087
9782 6 2 12 8 5823 5812 6087 5824 5813 6088
9783 6 2 12 8 5824 5813 6088 5825 5814 6089
9784 6 2 12 8 5825 5814 6089 5826 5815 6090
9785 6 2 12 8 5826 5815 6090 5827 5816 6091
9786 6 2 12 8 5827 5816 6091 5828 5817 6092
9787 6 2 12 8 5828 5817 6092 3076 3075 3100
9788 6 2 12 8 1948 1926 1956 5917 5675 6005
9789 6 2 12 8 5917 5675 6005 5918 5676 6006
9790 6 2 12 8 5918 5676 6006 5919 5677 6007
9791 6 2 12 8 5919 5677 6007 5920 5678 6008
9792 6 2 12 8 5920 5678 6008 5921 5679 6009
9793 6 2 12 8 5921 5679 6009 5922 5680 6010
9794 6 2 12 8 5922 5680 6010 5923 5681 6011
9795 6 2 12 8 5923 5681 6011 5924 5682 6012
9796 6 2 12 8 5924 5682 6012 5925 5683 6013
9797 6 2 12 8 5925 5683 6013 5926 5684 6014
9798 6 2 12 8 5926 5684 6014 5927 5685 6015
9799 6 2 12 8 5927 5685 6015 3085 3063 3093
9800 6 2 12 8 1938 1945 1963 5807 5884 6082
9801 6 2 12 8 5807 5884 6082 5808 5885 6083
9802 6 2 12 8 5808 5885 6083 5809 5886 6084
9803 6 2 12 8 5809 5886 6084 5810 5887 6085
9804 6 2 12 8 5810 5887 6085 5811 5888 6086
9805 6 2 12 8 5811 5888 6086 5812 5889 6087
9806 6 2 12 8 5812 5889 6087 5813 5890 6088
9807 6 2 12 8 5813 5890 6088 5814 5891 6089
9808 6 2 12 8 5814 5891 6089 5815 5892 6090
9809 6 2 12 8 5815 5892 6090 5816 5893 6091
9810 6 2 12 8 5816 5893 6091 5817 5894 6092
9811 6 2 12 8 5817 5894 6092 3075 3082 3100
9812 6 2 12 8 1943 1935 1957 5862 5774 6016
9813 6 2 12 8 5862 5774 6016 5863 5775 6017
9814 6 2 12 8 5863 5775 6017 5864 5776 6018
9815 6 2 12 8 5864 5776 6018 5865 5777 6019
9816 6 2 12 8 5865 5777 6019 5866 5778 6020
9817 6 2 12 8 5866 5778 6020 5867 5779 6021
9818 6 2 12 8 5867 5779 6021 5868 5780 6022
9819 6 2 12 8 5868 5780 6022 5869 5781 6023
9820 6 2 12 8 5869 5781 6023 5870 5782 6024
9821 6 2 12 8 5870 5782 6024 5871 5783 6025
9822 6 2 12 8 5871 5783 6025 5872 5784 6026
9823 6 2 12 8 5872 5784 6026 3080 3072 3094
9824 6 2 12 8 1936 1948 1956 5785 5917 6005
9825 6 2 12 8 5785 5917 6005 5786 5918 6006
9826 6 2 12 8 5786 5918 6006 5787 5919 6007
9827 6 2 12 8 5787 5919 6007 5788 5920 6008
9828 6 2 12 8 5788 5920 6008 5789 5921 6009
9829 6 2 12 8 5789 5921 6009 5790 5922 6010
9830 6 2 12 8 5790 5922 6010 5791 5923 6011
9831 6 2 12 8 5791 5923 6011 5792 5924 6012
9832 6 2 12 8 5792 5924 6012 5793 5925 6013
9833 6 2 12 8 5793 5925 6013 5794 5926 6014
9834 6 2 12 8 5794 5926 6014 5795 5927 6015
9835 6 2 12 8 5795 5927 6015 3073 3085 3093
9836 6 2 12 8 362 1915 1949 2854 5554 5928
9837 6 2 12 8 2854 5554 5928 2855 5555 5929
9838 6 2 12 8 2855 5555 5929 2856 5556 5930
9839 6 2 12 8 2856 5556 5930 2857 5557 5931
9840 6 2 12 8 2857 5557 5931 2858 5558 5932
9841 6 2 12 8 2858 5558 5932 2859 5559 5933
9842 6 2 12 8 2859 5559 5933 2860 5560 5934
9843 6 2 12 8 2860 5560 5934 2861 5561 5935
9844 6 2 12 8 2861 5561 5935 2862 5562 5936
9845 6 2 12 8 2862 5562 5936 2863 5563 5937
9846 6 2 12 8 2863 5563 5937 2864 5564 5938
9847 6 2 12 8 2864 5564 5938 651 3052 3086
9848 6 2 12 8 1932 1943 1957 5741 5862 6016
9849 6 2 12 8 5741 5862 6016 5742 5863 6017
9850 6 2 12 8 5742 5863 6017 5743 5864 6018
9851 6 2 12 8 5743 5864 6018 5744 5865 6019
9852 6 2 12 8 5744 5865 6019 5745 5866 6020
9853 6 2 12 8 5745 5866 6020 5746 5867 6021
9854 6 2 12 8 5746 5867 6021 5747 5868 6022
9855 6 2 12 8 5747 5868 6022 5748 5869 6023
9856 6 2 12 8 5748 5869 6023 5749 5870 6024
9857 6 2 12 8 5749 5870 6024 5750 5871 6025
9858 6 2 12 8 5750 5871 6025 5751 5872 6026
9859 6 2 12 8 5751 5872 6026 3069 3080 3094
9860 6 2 12 8 360 361 1931 2832 2843 5730
9861 6 2 12 8 2832 2843 5730 2833 2844 5731
9862 6 2 12 8 2833 2844 5731 2834 2845 5732
9863 6 2 12 8 2834 2845 5732 2835 2846 5733
9864 6 2 12 8 2835 2846 5733 2836 2847 5734
9865 6 2 12 8 2836 2847 5734 2837 2848 5735
9866 6 2 12 8 2837 2848 5735 2838 2849 5736
9867 6 2 12 8 2838 2849 5736 2839 2850 5737
9868 6 2 12 8 2839 2850 5737 2840 2851 5738
9869 6 2 12 8 2840 2851 5738 2841 2852 5739
9870 6 2 12 8 2841 2852 5739 2842 2853 5740
9871 6 2 12 8 2842 2853 5740 649 650 3068
9872 6 2 12 8 1916 394 1950 5565 2964 5939
9873 6 2 12 8 5565 2964 5939 5566 2965 5940
9874 6 2 12 8 5566 2965 5940 5567 2966 5941
9875 6 2 12 8 5567 2966 5941 5568 2967 5942
9876 6 2 12 8 5568 2967 5942 5569 2968 5943
9877 6 2 12 8 5569 2968 5943 5570 2969 5944
9878 6 2 12 8 5570 2969 5944 5571 2970 5945
9879 6 2 12 8 5571 2970 5945 5572 2971 5946
9880 6 2 12 8 5572 2971 5946 5573 2972 5947
9881 6 2 12 8 5573 2972 5947 5574 2973 5948
9882 6 2 12 8 5574 2973 5948 5575 2974 5949
9883 6 2 12 8 5575 2974 5949 3053 683 3087
9884 6 2 12 8 1946 401 1955 5895 3041 5994
9885 6 2 12 8 5895 3041 5994 5896 3042 5995
9886 6 2 12 8 5896 3042 5995 5897 3043 5996
9887 6 2 12 8 5897 3043 5996 5898 3044 5997
9888 6 2 12 8 5898 3044 5997 5899 3045 5998
9889 6 2 12 8 5899 3045 5998 5900 3046 5999
9890 6 2 12 8 5900 3046 5999 5901 3047 6000
9891 6 2 12 8 5901 3047 6000 5902 3048 6001
9892 6 2 12 8 5902 3048 6001 5903 3049 6002
9893 6 2 12 8 5903 3049 6002 5904 3050 6003
9894 6 2 12 8 5904 3050 6003 5905 3051 6004
9895 6 2 12 8 5905 3051 6004 3083 690 3092
9896 6 2 12 8 1915 363 1958 5554 2865 6027
9897 6 2 12 8 5554 2865 6027 5555 2866 6028
9898 6 2 12 8 5555 2866 6028 5556 2867 6029
9899 6 2 12 8 5556 2867 6029 5557 2868 6030
9900 6 2 12 8 5557 2868 6030 5558 2869 6031
9901 6 2 12 8 5558 2869 6031 5559 2870 6032
9902 6 2 12 8 5559 2870 6032 5560 2871 6033
9903 6 2 12 8 5560 2871 6033 5561 2872 6034
9904 6 2 12 8 5561 2872 6034 5562 2873 6035
9905 6 2 12 8 5562 2873 6035 5563 2874 6036
9906 6 2 12 8 5563 2874 6036 5564 2875 6037
9907 6 2 12 8 5564 2875 6037 3052 652 3095
9908 6 2 12 8 1950 1939 1963 5939 5818 6082
9909 6 2 12 8 5939 5818 6082 5940 5819 6083
9910 6 2 12 8 5940 5819 6083 5941 5820 6084
9911 6 2 12 8 5941 5820 6084 5942 5821 6085
9912 6 2 12 8 5942 5821 6085 5943 5822 6086
9913 6 2 12 8 5943 5822 6086 5944 5823 6087
9914 6 2 12 8 5944 5823 6087 5945 5824 6088
9915 6 2 12 8 5945 5824 6088 5946 5825 6089
9916 6 2 12 8 5946 5825 6089 5947 5826 6090
9917 6 2 12 8 5947 5826 6090 5948 5827 6091
9918 6 2 12 8 5948 5827 6091 5949 5828 6092
9919 6 2 12 8 5949 5828 6092 3087 3076 3100
9920 6 2 12 8 344 1922 1955 2777 5631 5994
9921 6 2 12 8 2777 5631 5994 2778 5632 5995
9922 6 2 12 8 2778 5632 5995 2779 5633 5996
9923 6 2 12 8 2779 5633 5996 2780 5634 5997
9924 6 2 12 8 2780 5634 5997 2781 5635 5998
9925 6 2 12 8 2781 5635 5998 2782 5636 5999
9926 6 2 12 8 2782 5636 5999 2783 5637 6000
9927 6 2 12 8 2783 5637 6000 2784 5638 6001
9928 6 2 12 8 2784 5638 6001 2785 5639 6002
9929 6 2 12 8 2785 5639 6002 2786 5640 6003
9930 6 2 12 8 2786 5640 6003 2787 5641 6004
9931 6 2 12 8 2787 5641 6004 633 3059 3092
9932 6 2 12 8 1932 1929 1951 5741 5708 5950
9933 6 2 12 8 5741 5708 5950 5742 5709 5951
9934 6 2 12 8 5742 5709 5951 5743 5710 5952
9935 6 2 12 8 5743 5710 5952 5744 5711 5953
9936 6 2 12 8 5744 5711 5953 5745 5712 5954
9937 6 2 12 8 5745 5712 5954 5746 5713 5955
9938 6 2 12 8 5746 5713 5955 5747 5714 5956
9939 6 2 12 8 5747 5714 5956 5748 5715 5957
9940 6 2 12 8 5748 5715 5957 5749 5716 5958
9941 6 2 12 8 5749 5716 5958 5750 5717 5959
9942 6 2 12 8 5750 5717 5959 5751 5718 5960
9943 6 2 12 8 5751 5718 5960 3069 3066 3088
9944 6 2 12 8 395 1933 1950 2975 5752 5939
9945 6 2 12 8 2975 5752 5939 2976 5753 5940
9946 6 2 12 8 2976 5753 5940 2977 5754 5941
9947 6 2 12 8 2977 5754 5941 2978 5755 5942
9948 6 2 12 8 2978 5755 5942 2979 5756 5943
9949 6 2 12 8 2979 5756 5943 2980 5757 5944
9950 6 2 12 8 2980 5757 5944 2981 5758 5945
9951 6 2 12 8 2981 5758 5945 2982 5759 5946
9952 6 2 12 8 2982 5759 5946 2983 5760 5947
9953 6 2 12 8 2983 5760 5947 2984 5761 5948
9954 6 2 12 8 2984 5761 5948 2985 5762 5949
9955 6 2 12 8 2985 5762 5949 684 3070 3087
9956 6 2 12 8 1922 1952 1961 5631 5961 6060
9957 6 2 12 8 5631 5961 6060 5632 5962 6061
9958 6 2 12 8 5632 5962 6061 5633 5963 6062
9959 6 2 12 8 5633 5963 6062 5634 5964 6063
9960 6 2 12 8 5634 5964 6063 5635 5965 6064
9961 6 2 12 8 5635 5965 6064 5636 5966 6065
9962 6 2 12 8 5636 5966 6065 5637 5967 6066
9963 6 2 12 8 5637 5967 6066 5638 5968 6067
9964 6 2 12 8 5638 5968 6067 5639 5969 6068
9965 6 2 12 8 5639 5969 6068 5640 5970 6069
9966 6 2 12 8 5640 5970 6069 5641 5971 6070
9967 6 2 12 8 5641 5971 6070 3059 3089 3098
9968 6 2 12 8 364 27 1954 2876 638 5983
9969 6 2 12 8 2876 638 5983 2877 639 5984
9970 6 2 12 8 2877 639 5984 2878 640 5985
9971 6 2 12 8 2878 640 5985 2879 641 5986
9972 6 2 12 8 2879 641 5986 2880 642 5987
9973 6 2 12 8 2880 642 5987 2881 643 5988
9974 6 2 12 8 2881 643 5988 2882 644 5989
9975 6 2 12 8 2882 644 5989 2883 645 5990
9976 6 2 12 8 2883 645 5990 2884 646 5991
9977 6 2 12 8 2884 646 5991 2885 647 5992
9978 6 2 12 8 2885 647 5992 2886 648 5993
9979 6 2 12 8 2886 648 5993 653 45 3091
9980 6 2 12 8 1922 1946 1955 5631 5895 5994
9981 6 2 12 8 5631 5895 5994 5632 5896 5995
9982 6 2 12 8 5632 5896 5995 5633 5897 5996
9983 6 2 12 8 5633 5897 5996 5634 5898 5997
9984 6 2 12 8 5634 5898 5997 5635 5899 5998
9985 6 2 12 8 5635 5899 5998 5636 5900 5999
9986 6 2 12 8 5636 5900 5999 5637 5901 6000
9987 6 2 12 8 5637 5901 6000 5638 5902 6001
9988 6 2 12 8 5638 5902 6001 5639 5903 6002
9989 6 2 12 8 5639 5903 6002 5640 5904 6003
9990 6 2 12 8 5640 5904 6003 5641 5905 6004
9991 6 2 12 8 5641 5905 6004 3059 3083 3092
9992 6 2 12 8 1944 376 1962 5873 2887 6071
9993 6 2 12 8 5873 2887 6071 5874 2888 6072
9994 6 2 12 8 5874 2888 6072 5875 2889 6073
9995 6 2 12 8 5875 2889 6073 5876 2890 6074
9996 6 2 12 8 5876 2890 6074 5877 2891 6075
9997 6 2 12 8 5877 2891 6075 5878 2892 6076
9998 6 2 12 8 5878 2892 6076 5879 2893 6077
9999 6 2 12 8 5879 2893 6077 5880 2894 6078
10000 6 2 12 8 5880 2894 6078 5881 2895 6079
10001 6 2 12 8 5881 2895 6079 5882 2896 6080
10002 6 2 12 8 5882 2896 6080 5883 2897 6081
10003 6 2 12 8 5883 2897 6081 3081 665 3099
10004 6 2 12 8 1929 1937 1952 5708 5796 5961
10005 6 2 12 8 5708 5796 5961 5709 5797 5962
10006 6 2 12 8 5709 5797 5962 5710 5798 5963
10007 6 2 12 8 5710 5798 5963 5711 5799 5964
10008 6 2 12 8 5711 5799 5964 5712 5800 5965
10009 6 2 12 8 5712 5800 5965 5713 5801 5966
10010 6 2 12 8 5713 5801 5966 5714 5802 5967
10011 6 2 12 8 5714 5802 5967 5715 5803 5968
10012 6 2 12 8 5715 5803 5968 5716 5804 5969
10013 6 2 12 8 5716 5804 5969 5717 5805 5970
10014 6 2 12 8 5717 5805 5970 5718 5806 5971
10015 6 2 12 8 5718 5806 5971 3066 3074 3089
10016 6 2 12 8 1947 1932 1957 5906 5741 6016
10017 6 2 12 8 5906 5741 6016 5907 5742 6017
10018 6 2 12 8 5907 5742 6017 5908 5743 6018
10019 6 2 12 8 5908 5743 6018 5909 5744 6019
10020 6 2 12 8 5909 5744 6019 5910 5745 6020
10021 6 2 12 8 5910 5745 6020 5911 5746 6021
10022 6 2 12 8 5911 5746 6021 5912 5747 6022
10023 6 2 12 8 5912 5747 6022 5913 5748 6023
10024 6 2 12 8 5913 5748 6023 5914 5749 6024
10025 6 2 12 8 5914 5749 6024 5915 5750 6025
10026 6 2 12 8 5915 5750 6025 5916 5751 6026
10027 6 2 12 8 5916 5751 6026 3084 3069 3094
10028 6 2 12 8 1923 1925 1953 5642 5664 5972
10029 6 2 12 8 5642 5664 5972 5643 5665 5973
10030 6 2 12 8 5643 5665 5973 5644 5666 5974
10031 6 2 12 8 5644 5666 5974 5645 5667 5975
10032 6 2 12 8 5645 5667 5975 5646 5668 5976
10033 6 2 12 8 5646 5668 5976 5647 5669 5977
10034 6 2 12 8 5647 5669 5977 5648 5670 5978
10035 6 2 12 8 5648 5670 5978 5649 5671 5979
10036 6 2 12 8 5649 5671 5979 5650 5672 5980
10037 6 2 12 8 5650 5672 5980 5651 5673 5981
10038 6 2 12 8 5651 5673 5981 5652 5674 5982
10039 6 2 12 8 5652 5674 5982 3060 3062 3090
10040 6 2 12 8 363 364 1958 2865 2876 6027
10041 6 2 12 8 2865 2876 6027 2866 2877 6028
10042 6 2 12 8 2866 2877 6028 2867 2878 6029
10043 6 2 12 8 2867 2878 6029 2868 2879 6030
10044 6 2 12 8 2868 2879 6030 2869 2880 6031
10045 6 2 12 8 2869 2880 6031 2870 2881 6032
10046 6 2 12 8 2870 2881 6032 2871 2882 6033
10047 6 2 12 8 2871 2882 6033 2872 2883 6034
10048 6 2 12 8 2872 2883 6034 2873 2884 6035
10049 6 2 12 8 2873 2884 6035 2874 2885 6036
10050 6 2 12 8 2874 2885 6036 2875 2886 6037
10051 6 2 12 8 2875 2886 6037 652 653 3095
10052 6 2 12 8 1951 1929 1952 5950 5708 5961
10053 6 2 12 8 5950 5708 5961 5951 5709 5962
10054 6 2 12 8 5951 5709 5962 5952 5710 5963
10055 6 2 12 8 5952 5710 5963 5953 5711 5964
10056 6 2 12 8 5953 5711 5964 5954 5712 5965
10057 6 2 12 8 5954 5712 5965 5955 5713 5966
10058 6 2 12 8 5955 5713 5966 5956 5714 5967
10059 6 2 12 8 5956 5714 5967 5957 5715 5968
10060 6 2 12 8 5957 5715 5968 5958 5716 5969
10061 6 2 12 8 5958 5716 5969 5959 5717 5970
10062 6 2 12 8 5959 5717 5970 5960 5718 5971
10063 6 2 12 8 5960 5718 5971 3088 3066 3089
10064 6 2 12 8 1926 1938 1956 5675 5807 6005
10065 6 2 12 8 5675 5807 6005 5676 5808 6006
10066 6 2 12 8 5676 5808 6006 5677 5809 6007
10067 6 2 12 8 5677 5809 6007 5678 5810 6008
10068 6 2 12 8 5678 5810 6008 5679 5811 6009
10069 6 2 12 8 5679 5811 6009 5680 5812 6010
10070 6 2 12 8 5680 5812 6010 5681 5813 6011
10071 6 2 12 8 5681 5813 6011 5682 5814 6012
10072 6 2 12 8 5682 5814 6012 5683 5815 6013
10073 6 2 12 8 5683 5815 6013 5684 5816 6014
10074 6 2 12 8 5684 5816 6014 5685 5817 6015
10075 6 2 12 8 5685 5817 6015 3063 3075 3093
10076 6 2 12 8 1940 1951 1952 5829 5950 5961
10077 6 2 12 8 5829 5950 5961 5830 5951 5962
10078 6 2 12 8 5830 5951 5962 5831 5952 5963
10079 6 2 12 8 5831 5952 5963 5832 5953 5964
10080 6 2 12 8 5832 5953 5964 5833 5954 5965
10081 6 2 12 8 5833 5954 5965 5834 5955 5966
10082 6 2 12 8 5834 5955 5966 5835 5956 5967
10083 6 2 12 8 5835 5956 5967 5836 5957 5968
10084 6 2 12 8 5836 5957 5968 5837 5958 5969
10085 6 2 12 8 5837 5958 5969 5838 5959 5970
10086 6 2 12 8 5838 5959 5970 5839 5960 5971
10087 6 2 12 8 5839 5960 5971 3077 3088 3089
10088 6 2 12 8 28 392 1962 654 2942 6071
10089 6 2 12 8 654 2942 6071 655 2943 6072
10090 6 2 12 8 655 2943 6072 656 2944 6073
10091 6 2 12 8 656 2944 6073 657 2945 6074
10092 6 2 12 8 657 2945 6074 658 2946 6075
10093 6 2 12 8 658 2946 6075 659 2947 6076
10094 6 2 12 8 659 2947 6076 660 2948 6077
10095 6 2 12 8 660 2948 6077 661 2949 6078
10096 6 2 12 8 661 2949 6078 662 2950 6079
10097 6 2 12 8 662 2950 6079 663 2951 6080
10098 6 2 12 8 663 2951 6080 664 2952 6081
10099 6 2 12 8 664 2952 6081 46 681 3099
10100 6 2 12 8 1946 1922 1961 5895 5631 6060
10101 6 2 12 8 5895 5631 6060 5896 5632 6061
10102 6 2 12 8 5896 5632 6061 5897 5633 6062
10103 6 2 12 8 5897 5633 6062 5898 5634 6063
10104 6 2 12 8 5898 5634 6063 5899 5635 6064
10105 6 2 12 8 5899 5635 6064 5900 5636 6065
10106 6 2 12 8 5900 5636 6065 5901 5637 6066
10107 6 2 12 8 5901 5637 6066 5902 5638 6067
10108 6 2 12 8 5902 5638 6067 5903 5639 6068
10109 6 2 12 8 5903 5639 6068 5904 5640 6069
10110 6 2 12 8 5904 5640 6069 5905 5641 6070
10111 6 2 12 8 5905 5641 6070 3083 3059 3098
10112 6 2 12 8 1931 361 1949 5730 2843 5928
10113 6 2 12 8 5730 2843 5928 5731 2844 5929
10114 6 2 12 8 5731 2844 5929 5732 2845 5930
10115 6 2 12 8 5732 2845 5930 5733 2846 5931
10116 6 2 12 8 5733 2846 5931 5734 2847 5932
10117 6 2 12 8 5734 2847 5932 5735 2848 5933
10118 6 2 12 8 5735 2848 5933 5736 2849 5934
10119 6 2 12 8 5736 2849 5934 5737 2850 5935
10120 6 2 12 8 5737 2850 5935 5738 2851 5936
10121 6 2 12 8 5738 2851 5936 5739 2852 5937
10122 6 2 12 8 5739 2852 5937 5740 2853 5938
10123 6 2 12 8 5740 2853 5938 3068 650 3086
10124 6 2 12 8 364 1954 1958 2876 5983 6027
10125 6 2 12 8 2876 5983 6027 2877 5984 6028
10126 6 2 12 8 2877 5984 6028 2878 5985 6029
10127 6 2 12 8 2878 5985 6029 2879 5986 6030
10128 6 2 12 8 2879 5986 6030 2880 5987 6031
10129 6 2 12 8 2880 5987 6031 2881 5988 6032
10130 6 2 12 8 2881 5988 6032 2882 5989 6033
10131 6 2 12 8 2882 5989 6033 2883 5990 6034
10132 6 2 12 8 2883 5990 6034 2884 5991 6035
10133 6 2 12 8 2884 5991 6035 2885 5992 6036
10134 6 2 12 8 2885 5992 6036 2886 5993 6037
10135 6 2 12 8 2886 5993 6037 653 3091 3095
10136 6 2 12 8 393 1916 1959 2953 5565 6038
10137 6 2 12 8 2953 5565 6038 2954 5566 6039
10138 6 2 12 8 2954 5566 6039 2955 5567 6040
10139 6 2 12 8 2955 5567 6040 2956 5568 6041
10140 6 2 12 8 2956 5568 6041 2957 5569 6042
10141 6 2 12 8 2957 5569 6042 2958 5570 6043
10142 6 2 12 8 2958 5570 6043 2959 5571 6044
10143 6 2 12 8 2959 5571 6044 2960 5572 6045
10144 6 2 12 8 2960 5572 6045 2961 5573 6046
10145 6 2 12 8 2961 5573 6046 2962 5574 6047
10146 6 2 12 8 2962 5574 6047 2963 5575 6048
10147 6 2 12 8 2963 5575 6048 682 3053 3096
10148 6 2 12 8 1954 1934 1958 5983 5763 6027
10149 6 2 12 8 5983 5763 6027 5984 5764 6028
10150 6 2 12 8 5984 5764 6028 5985 5765 6029
10151 6 2 12 8 5985 5765 6029 5986 5766 6030
10152 6 2 12 8 5986 5766 6030 5987 5767 6031
10153 6 2 12 8 5987 5767 6031 5988 5768 6032
10154 6 2 12 8 5988 5768 6032 5989 5769 6033
10155 6 2 12 8 5989 5769 6033 5990 5770 6034
10156 6 2 12 8 5990 5770 6034 5991 5771 6035
10157 6 2 12 8 5991 5771 6035 5992 5772 6036
10158 6 2 12 8 5992 5772 6036 5993 5773 6037
10159 6 2 12 8 5993 5773 6037 3091 3071 3095
10160 6 2 12 8 1952 1937 1961 5961 5796 6060
10161 6 2 12 8 5961 5796 6060 5962 5797 6061
10162 6 2 12 8 5962 5797 6061 5963 5798 6062
10163 6 2 12 8 5963 5798 6062 5964 5799 6063
10164 6 2 12 8 5964 5799 6063 5965 5800 6064
10165 6 2 12 8 5965 5800 6064 5966 5801 6065
10166 6 2 12 8 5966 5801 6065 5967 5802 6066
10167 6 2 12 8 5967 5802 6066 5968 5803 6067
10168 6 2 12 8 5968 5803 6067 5969 5804 6068
10169 6 2 12 8 5969 5804 6068 5970 5805 6069
10170 6 2 12 8 5970 5805 6069 5971 5806 6070
10171 6 2 12 8 5971 5806 6070 3089 3074 3098
10172 6 2 12 8 348 26 1931 2821 622 5730
10173 6 2 12 8 2821 622 5730 2822 623 5731
10174 6 2 12 8 2822 623 5731 2823 624 5732
10175 6 2 12 8 2823 624 5732 2824 625 5733
10176 6 2 12 8 2824 625 5733 2825 626 5734
10177 6 2 12 8 2825 626 5734 2826 627 5735
10178 6 2 12 8 2826 627 5735 2827 628 5736
10179 6 2 12 8 2827 628 5736 2828 629 5737
10180 6 2 12 8 2828 629 5737 2829 630 5738
10181 6 2 12 8 2829 630 5738 2830 631 5739
10182 6 2 12 8 2830 631 5739 2831 632 5740
10183 6 2 12 8 2831 632 5740 637 44 3068
10184 6 2 12 8 26 360 1931 622 2832 5730
10185 6 2 12 8 622 2832 5730 623 2833 5731
10186 6 2 12 8 623 2833 5731 624 2834 5732
10187 6 2 12 8 624 2834 5732 625 2835 5733
10188 6 2 12 8 625 2835 5733 626 2836 5734
10189 6 2 12 8 626 2836 5734 627 2837 5735
10190 6 2 12 8 627 2837 5735 628 2838 5736
10191 6 2 12 8 628 2838 5736 629 2839 5737
10192 6 2 12 8 629 2839 5737 630 2840 5738
10193 6 2 12 8 630 2840 5738 631 2841 5739
10194 6 2 12 8 631 2841 5739 632 2842 5740
10195 6 2 12 8 632 2842 5740 44 649 3068
10196 6 2 12 8 396 29 1933 2986 670 5752
10197 6 2 12 8 2986 670 5752 2987 671 5753
10198 6 2 12 8 2987 671 5753 2988 672 5754
10199 6 2 12 8 2988 672 5754 2989 673 5755
10200 6 2 12 8 2989 673 5755 2990 674 5756
10201 6 2 12 8 2990 674 5756 2991 675 5757
10202 6 2 12 8 2991 675 5757 2992 676 5758
10203 6 2 12 8 2992 676 5758 2993 677 5759
10204 6 2 12 8 2993 677 5759 2994 678 5760
10205 6 2 12 8 2994 678 5760 2995 679 5761
10206 6 2 12 8 2995 679 5761 2996 680 5762
10207 6 2 12 8 2996 680 5762 685 47 3070
10208 6 2 12 8 29 397 1933 670 2997 5752
10209 6 2 12 8 670 2997 5752 671 2998 5753
10210 6 2 12 8 671 2998 5753 672 2999 5754
10211 6 2 12 8 672 2999 5754 673 3000 5755
10212 6 2 12 8 673 3000 5755 674 3001 5756
10213 6 2 12 8 674 3001 5756 675 3002 5757
10214 6 2 12 8 675 3002 5757 676 3003 5758
10215 6 2 12 8 676 3003 5758 677 3004 5759
10216 6 2 12 8 677 3004 5759 678 3005 5760
10217 6 2 12 8 678 3005 5760 679 3006 5761
10218 6 2 12 8 679 3006 5761 680 3007 5762
10219 6 2 12 8 680 3007 5762 47 686 3070
$EndElements
