$MeshFormat
2.2 0 8
$EndMeshFormat
$PhysicalNames
7
2 1 "back"
2 2 "topleft"
2 3 "gamaH"
2 4 "gamaE"
2 5 "gamaB"
3 6 "core"
3 7 "air_coil"
$EndPhysicalNames
$Nodes
7776
1 0.4 0.4 -0
2 0.03 0.4 -0
3 0 0.4 -0
4 0.4 0 -0
5 0.4 0.06 -0
6 0 0.06 -0
7 0 0 -0
8 0.03 0.06 -0
9 0.03 0 -0
10 0.03 0 0.1
11 0 0 0.1
12 0 0.06 0.1
13 0.03 0.06 0.1
14 0.4 0 0.1
15 0.4 0.06 0.1
16 0 0.4 0.1
17 0.03 0.4 0.1
18 0.4 0.4 0.1
19 0.03 0 0.4
20 0 0 0.4
21 0 0.06 0.4
22 0.03 0.06 0.4
23 0.4 0 0.4
24 0.4 0.06 0.4
25 0 0.4 0.4
26 0.03 0.4 0.4
27 0.4 0.4 0.4
28 0 0.01000000000000003 0
29 0 0.02000000000000006 0
30 0 0.0300000000000001 0
31 0 0.04000000000000007 0
32 0 0.05000000000000003 0
33 0.005000000000000014 0.06 0
34 0.01000000000000003 0.06 0
35 0.01500000000000005 0.06 0
36 0.02000000000000004 0.06 0
37 0.02500000000000002 0.06 0
38 0.03 0.04999999999999997 0
39 0.03 0.03999999999999994 0
40 0.03 0.0299999999999999 0
41 0.03 0.01999999999999993 0
42 0.03 0.009999999999999967 0
43 0.02499999999999998 0 0
44 0.01999999999999997 0 0
45 0.01499999999999995 0 0
46 0.009999999999999964 0 0
47 0.004999999999999984 0 0
48 0.04150840397149123 0 0
49 0.05531848848444284 0 0
50 0.07189059011784901 0 0
51 0.09177711209878746 0 0
52 0.1156409384006907 0 0
53 0.14427752965217 0 0
54 0.1786414392621517 0 0
55 0.2198781310442703 0 0
56 0.269362161061956 0 0
57 0.3287429968980526 0 0
58 0.4 0.01000000000000003 0
59 0.4 0.02000000000000006 0
60 0.4 0.0300000000000001 0
61 0.4 0.04000000000000007 0
62 0.4 0.05000000000000003 0
63 0.4 0.07057529013596492 0
64 0.4 0.08326563806678529 0
65 0.4 0.0984940557839693 0
66 0.4 0.1167681570637506 0
67 0.4 0.1386970785303644 0
68 0.4 0.1650117840046968 0
69 0.4 0.1965894306733284 0
70 0.4 0.2344826069055457 0
71 0.4 0.2799544182731479 0
72 0.4 0.3345205917441559 0
73 0.3287429972777656 0.4 0
74 0.2693621613467403 0.4 0
75 0.2198781312552215 0.4 0
76 0.1786414394159702 0.4 0
77 0.1442775297620405 0.4 0
78 0.1156409384769897 0.4 0
79 0.09177711214965345 0.4 0
80 0.07189059014964022 0.4 0
81 0.05531848850210475 0.4 0
82 0.04150840397885036 0.4 0
83 0.02499999999999998 0.4 0
84 0.01999999999999997 0.4 0
85 0.01499999999999995 0.4 0
86 0.009999999999999964 0.4 0
87 0.004999999999999984 0.4 0
88 0 0.3345205918338276 0
89 0 0.2799544181027518 0
90 0 0.2344826065592795 0
91 0 0.1965894302145495 0
92 0 0.1650117834805276 0
93 0 0.1386970779753458 0
94 0 0.1167681565027259 0
95 0 0.09849405523435772 0
96 0 0.08326563754036659 0
97 0 0.07057528964027499 0
98 0.04150840397149123 0.06 0
99 0.05531848848444284 0.06 0
100 0.07189059011784901 0.06 0
101 0.09177711209878746 0.06 0
102 0.1156409384006907 0.06 0
103 0.14427752965217 0.06 0
104 0.1786414392621517 0.06 0
105 0.2198781310442703 0.06 0
106 0.269362161061956 0.06 0
107 0.3287429968980526 0.06 0
108 0.03 0.07057529013596492 0
109 0.03 0.08326563806678529 0
110 0.03 0.0984940557839693 0
111 0.03 0.1167681570637506 0
112 0.03 0.1386970785303644 0
113 0.03 0.1650117840046968 0
114 0.03 0.1965894306733284 0
115 0.03 0.2344826069055457 0
116 0.03 0.2799544182731479 0
117 0.03 0.3345205917441559 0
118 0.03 0 0.01
119 0.03 0 0.02
120 0.03 0 0.03
121 0.03 0 0.04000000000000001
122 0.03 0 0.05
123 0.03 0 0.06
124 0.03 0 0.06999999999999999
125 0.03 0 0.08000000000000002
126 0.03 0 0.09000000000000001
127 0 0 0.01
128 0 0 0.02
129 0 0 0.03
130 0 0 0.04000000000000001
131 0 0 0.05
132 0 0 0.06
133 0 0 0.06999999999999999
134 0 0 0.08000000000000002
135 0 0 0.09000000000000001
136 0.02499999999999998 0 0.1
137 0.01999999999999997 0 0.1
138 0.01499999999999995 0 0.1
139 0.009999999999999964 0 0.1
140 0.004999999999999984 0 0.1
141 0 0.06 0.01
142 0 0.06 0.02
143 0 0.06 0.03
144 0 0.06 0.04000000000000001
145 0 0.06 0.05
146 0 0.06 0.06
147 0 0.06 0.06999999999999999
148 0 0.06 0.08000000000000002
149 0 0.06 0.09000000000000001
150 0 0.01000000000000003 0.1
151 0 0.02000000000000006 0.1
152 0 0.0300000000000001 0.1
153 0 0.04000000000000007 0.1
154 0 0.05000000000000003 0.1
155 0.03 0.06 0.01
156 0.03 0.06 0.02
157 0.03 0.06 0.03
158 0.03 0.06 0.04000000000000001
159 0.03 0.06 0.05
160 0.03 0.06 0.06
161 0.03 0.06 0.06999999999999999
162 0.03 0.06 0.08000000000000002
163 0.03 0.06 0.09000000000000001
164 0.005000000000000014 0.06 0.1
165 0.01000000000000003 0.06 0.1
166 0.01500000000000005 0.06 0.1
167 0.02000000000000004 0.06 0.1
168 0.02500000000000002 0.06 0.1
169 0.03 0.04999999999999997 0.1
170 0.03 0.03999999999999994 0.1
171 0.03 0.0299999999999999 0.1
172 0.03 0.01999999999999993 0.1
173 0.03 0.009999999999999967 0.1
174 0.4 0 0.01
175 0.4 0 0.02
176 0.4 0 0.03
177 0.4 0 0.04000000000000001
178 0.4 0 0.05
179 0.4 0 0.06
180 0.4 0 0.06999999999999999
181 0.4 0 0.08000000000000002
182 0.4 0 0.09000000000000001
183 0.04150840397149123 0 0.1
184 0.05531848848444284 0 0.1
185 0.07189059011784901 0 0.1
186 0.09177711209878746 0 0.1
187 0.1156409384006907 0 0.1
188 0.14427752965217 0 0.1
189 0.1786414392621517 0 0.1
190 0.2198781310442703 0 0.1
191 0.269362161061956 0 0.1
192 0.3287429968980526 0 0.1
193 0.4 0.06 0.01
194 0.4 0.06 0.02
195 0.4 0.06 0.03
196 0.4 0.06 0.04000000000000001
197 0.4 0.06 0.05
198 0.4 0.06 0.06
199 0.4 0.06 0.06999999999999999
200 0.4 0.06 0.08000000000000002
201 0.4 0.06 0.09000000000000001
202 0.4 0.01000000000000003 0.1
203 0.4 0.02000000000000006 0.1
204 0.4 0.0300000000000001 0.1
205 0.4 0.04000000000000007 0.1
206 0.4 0.05000000000000003 0.1
207 0.04150840397149123 0.06 0.1
208 0.05531848848444284 0.06 0.1
209 0.07189059011784901 0.06 0.1
210 0.09177711209878746 0.06 0.1
211 0.1156409384006907 0.06 0.1
212 0.14427752965217 0.06 0.1
213 0.1786414392621517 0.06 0.1
214 0.2198781310442703 0.06 0.1
215 0.269362161061956 0.06 0.1
216 0.3287429968980526 0.06 0.1
217 0 0.4 0.01
218 0 0.4 0.02
219 0 0.4 0.03
220 0 0.4 0.04000000000000001
221 0 0.4 0.05
222 0 0.4 0.06
223 0 0.4 0.06999999999999999
224 0 0.4 0.08000000000000002
225 0 0.4 0.09000000000000001
226 0 0.3345205918338276 0.1
227 0 0.2799544181027518 0.1
228 0 0.2344826065592795 0.1
229 0 0.1965894302145495 0.1
230 0 0.1650117834805276 0.1
231 0 0.1386970779753458 0.1
232 0 0.1167681565027259 0.1
233 0 0.09849405523435772 0.1
234 0 0.08326563754036659 0.1
235 0 0.07057528964027499 0.1
236 0.03 0.4 0.01
237 0.03 0.4 0.02
238 0.03 0.4 0.03
239 0.03 0.4 0.04000000000000001
240 0.03 0.4 0.05
241 0.03 0.4 0.06
242 0.03 0.4 0.06999999999999999
243 0.03 0.4 0.08000000000000002
244 0.03 0.4 0.09000000000000001
245 0.03 0.07057529013596492 0.1
246 0.03 0.08326563806678529 0.1
247 0.03 0.0984940557839693 0.1
248 0.03 0.1167681570637506 0.1
249 0.03 0.1386970785303644 0.1
250 0.03 0.1650117840046968 0.1
251 0.03 0.1965894306733284 0.1
252 0.03 0.2344826069055457 0.1
253 0.03 0.2799544182731479 0.1
254 0.03 0.3345205917441559 0.1
255 0.02499999999999998 0.4 0.1
256 0.01999999999999997 0.4 0.1
257 0.01499999999999995 0.4 0.1
258 0.009999999999999964 0.4 0.1
259 0.004999999999999984 0.4 0.1
260 0.4 0.4 0.01
261 0.4 0.4 0.02
262 0.4 0.4 0.03
263 0.4 0.4 0.04000000000000001
264 0.4 0.4 0.05
265 0.4 0.4 0.06
266 0.4 0.4 0.06999999999999999
267 0.4 0.4 0.08000000000000002
268 0.4 0.4 0.09000000000000001
269 0.3287429972777656 0.4 0.1
270 0.2693621613467403 0.4 0.1
271 0.2198781312552215 0.4 0.1
272 0.1786414394159702 0.4 0.1
273 0.1442775297620405 0.4 0.1
274 0.1156409384769897 0.4 0.1
275 0.09177711214965345 0.4 0.1
276 0.07189059014964022 0.4 0.1
277 0.05531848850210475 0.4 0.1
278 0.04150840397885036 0.4 0.1
279 0.4 0.07057529013596492 0.1
280 0.4 0.08326563806678529 0.1
281 0.4 0.0984940557839693 0.1
282 0.4 0.1167681570637506 0.1
283 0.4 0.1386970785303644 0.1
284 0.4 0.1650117840046968 0.1
285 0.4 0.1965894306733284 0.1
286 0.4 0.2344826069055457 0.1
287 0.4 0.2799544182731479 0.1
288 0.4 0.3345205917441559 0.1
289 0.03 0 0.112
290 0.03 0 0.124
291 0.03 0 0.138
292 0.03 0 0.152
293 0.03 0 0.166
294 0.03 0 0.187
295 0.03 0 0.208
296 0.03 0 0.229
297 0.03 0 0.25
298 0.03 0 0.2875
299 0.03 0 0.3250000000000001
300 0.03 0 0.3625
301 0 0 0.112
302 0 0 0.124
303 0 0 0.138
304 0 0 0.152
305 0 0 0.166
306 0 0 0.187
307 0 0 0.208
308 0 0 0.229
309 0 0 0.25
310 0 0 0.2875
311 0 0 0.3250000000000001
312 0 0 0.3625
313 0.02499999999999998 0 0.4
314 0.01999999999999997 0 0.4
315 0.01499999999999995 0 0.4
316 0.009999999999999964 0 0.4
317 0.004999999999999984 0 0.4
318 0 0.06 0.112
319 0 0.06 0.124
320 0 0.06 0.138
321 0 0.06 0.152
322 0 0.06 0.166
323 0 0.06 0.187
324 0 0.06 0.208
325 0 0.06 0.229
326 0 0.06 0.25
327 0 0.06 0.2875
328 0 0.06 0.3250000000000001
329 0 0.06 0.3625
330 0 0.01000000000000003 0.4
331 0 0.02000000000000006 0.4
332 0 0.0300000000000001 0.4
333 0 0.04000000000000007 0.4
334 0 0.05000000000000003 0.4
335 0.03 0.06 0.112
336 0.03 0.06 0.124
337 0.03 0.06 0.138
338 0.03 0.06 0.152
339 0.03 0.06 0.166
340 0.03 0.06 0.187
341 0.03 0.06 0.208
342 0.03 0.06 0.229
343 0.03 0.06 0.25
344 0.03 0.06 0.2875
345 0.03 0.06 0.3250000000000001
346 0.03 0.06 0.3625
347 0.005000000000000014 0.06 0.4
348 0.01000000000000003 0.06 0.4
349 0.01500000000000005 0.06 0.4
350 0.02000000000000004 0.06 0.4
351 0.02500000000000002 0.06 0.4
352 0.03 0.04999999999999997 0.4
353 0.03 0.03999999999999994 0.4
354 0.03 0.0299999999999999 0.4
355 0.03 0.01999999999999993 0.4
356 0.03 0.009999999999999967 0.4
357 0.4 0 0.112
358 0.4 0 0.124
359 0.4 0 0.138
360 0.4 0 0.152
361 0.4 0 0.166
362 0.4 0 0.187
363 0.4 0 0.208
364 0.4 0 0.229
365 0.4 0 0.25
366 0.4 0 0.2875
367 0.4 0 0.3250000000000001
368 0.4 0 0.3625
369 0.04150840397149123 0 0.4
370 0.05531848848444284 0 0.4
371 0.07189059011784901 0 0.4
372 0.09177711209878746 0 0.4
373 0.1156409384006907 0 0.4
374 0.14427752965217 0 0.4
375 0.1786414392621517 0 0.4
376 0.2198781310442703 0 0.4
377 0.269362161061956 0 0.4
378 0.3287429968980526 0 0.4
379 0.4 0.06 0.112
380 0.4 0.06 0.124
381 0.4 0.06 0.138
382 0.4 0.06 0.152
383 0.4 0.06 0.166
384 0.4 0.06 0.187
385 0.4 0.06 0.208
386 0.4 0.06 0.229
387 0.4 0.06 0.25
388 0.4 0.06 0.2875
389 0.4 0.06 0.3250000000000001
390 0.4 0.06 0.3625
391 0.4 0.01000000000000003 0.4
392 0.4 0.02000000000000006 0.4
393 0.4 0.0300000000000001 0.4
394 0.4 0.04000000000000007 0.4
395 0.4 0.05000000000000003 0.4
396 0.04150840397149123 0.06 0.4
397 0.05531848848444284 0.06 0.4
398 0.07189059011784901 0.06 0.4
399 0.09177711209878746 0.06 0.4
400 0.1156409384006907 0.06 0.4
401 0.14427752965217 0.06 0.4
402 0.1786414392621517 0.06 0.4
403 0.2198781310442703 0.06 0.4
404 0.269362161061956 0.06 0.4
405 0.3287429968980526 0.06 0.4
406 0 0.4 0.112
407 0 0.4 0.124
408 0 0.4 0.138
409 0 0.4 0.152
410 0 0.4 0.166
411 0 0.4 0.187
412 0 0.4 0.208
413 0 0.4 0.229
414 0 0.4 0.25
415 0 0.4 0.2875
416 0 0.4 0.3250000000000001
417 0 0.4 0.3625
418 0 0.3345205918338276 0.4
419 0 0.2799544181027518 0.4
420 0 0.2344826065592795 0.4
421 0 0.1965894302145495 0.4
422 0 0.1650117834805276 0.4
423 0 0.1386970779753458 0.4
424 0 0.1167681565027259 0.4
425 0 0.09849405523435772 0.4
426 0 0.08326563754036659 0.4
427 0 0.07057528964027499 0.4
428 0.03 0.4 0.112
429 0.03 0.4 0.124
430 0.03 0.4 0.138
431 0.03 0.4 0.152
432 0.03 0.4 0.166
433 0.03 0.4 0.187
434 0.03 0.4 0.208
435 0.03 0.4 0.229
436 0.03 0.4 0.25
437 0.03 0.4 0.2875
438 0.03 0.4 0.3250000000000001
439 0.03 0.4 0.3625
440 0.03 0.07057529013596492 0.4
441 0.03 0.08326563806678529 0.4
442 0.03 0.0984940557839693 0.4
443 0.03 0.1167681570637506 0.4
444 0.03 0.1386970785303644 0.4
445 0.03 0.1650117840046968 0.4
446 0.03 0.1965894306733284 0.4
447 0.03 0.2344826069055457 0.4
448 0.03 0.2799544182731479 0.4
449 0.03 0.3345205917441559 0.4
450 0.02499999999999998 0.4 0.4
451 0.01999999999999997 0.4 0.4
452 0.01499999999999995 0.4 0.4
453 0.009999999999999964 0.4 0.4
454 0.004999999999999984 0.4 0.4
455 0.4 0.4 0.112
456 0.4 0.4 0.124
457 0.4 0.4 0.138
458 0.4 0.4 0.152
459 0.4 0.4 0.166
460 0.4 0.4 0.187
461 0.4 0.4 0.208
462 0.4 0.4 0.229
463 0.4 0.4 0.25
464 0.4 0.4 0.2875
465 0.4 0.4 0.3250000000000001
466 0.4 0.4 0.3625
467 0.3287429972777656 0.4 0.4
468 0.2693621613467403 0.4 0.4
469 0.2198781312552215 0.4 0.4
470 0.1786414394159702 0.4 0.4
471 0.1442775297620405 0.4 0.4
472 0.1156409384769897 0.4 0.4
473 0.09177711214965345 0.4 0.4
474 0.07189059014964022 0.4 0.4
475 0.05531848850210475 0.4 0.4
476 0.04150840397885036 0.4 0.4
477 0.4 0.07057529013596492 0.4
478 0.4 0.08326563806678529 0.4
479 0.4 0.0984940557839693 0.4
480 0.4 0.1167681570637506 0.4
481 0.4 0.1386970785303644 0.4
482 0.4 0.1650117840046968 0.4
483 0.4 0.1965894306733284 0.4
484 0.4 0.2344826069055457 0.4
485 0.4 0.2799544182731479 0.4
486 0.4 0.3345205917441559 0.4
487 0.02499999999999999 0.009999999999999985 0
488 0.02499999999999999 0.01999999999999996 0
489 0.025 0.02999999999999993 0
490 0.02500000000000001 0.03999999999999995 0
491 0.02500000000000001 0.04999999999999999 0
492 0.01999999999999998 0.009999999999999988 0
493 0.01999999999999999 0.01999999999999998 0
494 0.02 0.02999999999999996 0
495 0.02000000000000001 0.03999999999999998 0
496 0.02000000000000002 0.04999999999999999 0
497 0.01499999999999996 0.009999999999999998 0
498 0.01499999999999998 0.01999999999999999 0
499 0.015 0.03 0
500 0.01500000000000002 0.04000000000000001 0
501 0.01500000000000003 0.05 0
502 0.009999999999999978 0.01000000000000001 0
503 0.009999999999999985 0.02000000000000002 0
504 0.009999999999999998 0.03000000000000003 0
505 0.01000000000000001 0.04000000000000002 0
506 0.01000000000000002 0.05 0
507 0.004999999999999992 0.01000000000000002 0
508 0.004999999999999994 0.02000000000000005 0
509 0.004999999999999999 0.03000000000000006 0
510 0.005000000000000003 0.04000000000000005 0
511 0.005000000000000008 0.05000000000000002 0
512 0.04150840397149122 0.009999999999999978 0
513 0.04150840397149119 0.01999999999999993 0
514 0.04150840397149128 0.02999999999999991 0
515 0.04150840397149119 0.03999999999999995 0
516 0.04150840397149119 0.04999999999999997 0
517 0.05531848848444287 0.009999999999999978 0
518 0.05531848848444285 0.01999999999999993 0
519 0.05531848848444285 0.02999999999999991 0
520 0.05531848848444285 0.03999999999999995 0
521 0.05531848848444285 0.04999999999999998 0
522 0.07189059011784901 0.009999999999999981 0
523 0.07189059011784901 0.01999999999999995 0
524 0.07189059011784901 0.02999999999999992 0
525 0.07189059011784901 0.03999999999999995 0
526 0.07189059011784904 0.04999999999999998 0
527 0.09177711209878749 0.009999999999999978 0
528 0.09177711209878742 0.01999999999999996 0
529 0.09177711209878747 0.02999999999999993 0
530 0.09177711209878749 0.03999999999999996 0
531 0.0917771120987875 0.04999999999999998 0
532 0.1156409384006907 0.009999999999999981 0
533 0.1156409384006907 0.01999999999999996 0
534 0.1156409384006907 0.02999999999999994 0
535 0.1156409384006907 0.03999999999999997 0
536 0.1156409384006907 0.04999999999999998 0
537 0.14427752965217 0.009999999999999992 0
538 0.14427752965217 0.01999999999999997 0
539 0.14427752965217 0.02999999999999996 0
540 0.14427752965217 0.03999999999999998 0
541 0.14427752965217 0.04999999999999999 0
542 0.1786414392621517 0.009999999999999995 0
543 0.1786414392621517 0.01999999999999998 0
544 0.1786414392621517 0.02999999999999998 0
545 0.1786414392621517 0.03999999999999999 0
546 0.1786414392621517 0.04999999999999999 0
547 0.2198781310442703 0.01000000000000001 0
548 0.2198781310442703 0.02 0
549 0.2198781310442703 0.03 0
550 0.2198781310442703 0.04000000000000001 0
551 0.2198781310442703 0.05 0
552 0.2693621610619561 0.01000000000000001 0
553 0.2693621610619561 0.02000000000000002 0
554 0.269362161061956 0.03000000000000003 0
555 0.269362161061956 0.04000000000000003 0
556 0.269362161061956 0.05 0
557 0.3287429968980526 0.01000000000000002 0
558 0.3287429968980526 0.02000000000000004 0
559 0.3287429968980526 0.03000000000000006 0
560 0.3287429968980526 0.04000000000000005 0
561 0.3287429968980526 0.05000000000000002 0
562 0.004999999999999987 0.3345205918188823 0
563 0.009999999999999978 0.3345205918039371 0
564 0.01499999999999997 0.3345205917889918 0
565 0.01999999999999998 0.3345205917740465 0
566 0.02499999999999999 0.3345205917591012 0
567 0.004999999999999992 0.2799544181311512 0
568 0.009999999999999988 0.2799544181595505 0
569 0.01499999999999999 0.2799544181879499 0
570 0.01999999999999999 0.2799544182163492 0
571 0.02499999999999999 0.2799544182447485 0
572 0.004999999999999998 0.2344826066169906 0
573 0.009999999999999997 0.2344826066747016 0
574 0.015 0.2344826067324126 0
575 0.02 0.2344826067901236 0
576 0.025 0.2344826068478347 0
577 0.005000000000000001 0.1965894302910126 0
578 0.01000000000000001 0.1965894303674758 0
579 0.01500000000000001 0.196589430443939 0
580 0.02000000000000001 0.1965894305204021 0
581 0.025 0.1965894305968653 0
582 0.005000000000000003 0.1650117835678891 0
583 0.01000000000000001 0.1650117836552507 0
584 0.01500000000000002 0.1650117837426122 0
585 0.02000000000000001 0.1650117838299737 0
586 0.025 0.1650117839173352 0
587 0.005000000000000006 0.1386970780678489 0
588 0.01000000000000002 0.138697078160352 0
589 0.01500000000000003 0.1386970782528551 0
590 0.02000000000000002 0.1386970783453582 0
591 0.02500000000000001 0.1386970784378613 0
592 0.005000000000000006 0.1167681565962301 0
593 0.01000000000000002 0.1167681566897341 0
594 0.01500000000000003 0.1167681567832383 0
595 0.02000000000000002 0.1167681568767424 0
596 0.02500000000000001 0.1167681569702465 0
597 0.005000000000000008 0.09849405532595967 0
598 0.01000000000000002 0.09849405541756157 0
599 0.01500000000000004 0.09849405550916351 0
600 0.02000000000000002 0.09849405560076546 0
601 0.02500000000000002 0.09849405569236735 0
602 0.005000000000000011 0.08326563762810307 0
603 0.01000000000000003 0.0832656377158395 0
604 0.01500000000000004 0.08326563780357593 0
605 0.02000000000000003 0.08326563789131239 0
606 0.02500000000000002 0.08326563797904882 0
607 0.005000000000000011 0.07057528972288996 0
608 0.01000000000000003 0.07057528980550501 0
609 0.01500000000000005 0.07057528988811995 0
610 0.02000000000000003 0.07057528997073495 0
611 0.02500000000000002 0.07057529005334989 0
612 0.04150840397172015 0.07057529013596486 0
613 0.05531848848499216 0.07057529013596489 0
614 0.07189059011883783 0.07057529013596495 0
615 0.09177711210036957 0.07057529013596492 0
616 0.1156409384030639 0.07057529013596492 0
617 0.1442775296555874 0.07057529013596492 0
618 0.1786414392669361 0.07057529013596497 0
619 0.2198781310508317 0.07057529013596492 0
620 0.2693621610708139 0.07057529013596492 0
621 0.3287429969098631 0.07057529013596492 0
622 0.04150840397199484 0.08326563806678533 0
623 0.05531848848565141 0.08326563806678527 0
624 0.07189059012002444 0.08326563806678533 0
625 0.09177711210226816 0.08326563806678533 0
626 0.1156409384059117 0.08326563806678527 0
627 0.1442775296596882 0.08326563806678533 0
628 0.1786414392726772 0.08326563806678525 0
629 0.2198781310587053 0.08326563806678527 0
630 0.2693621610814433 0.08326563806678525 0
631 0.3287429969240357 0.08326563806678525 0
632 0.04150840397232447 0.0984940557839693 0
633 0.05531848848644241 0.0984940557839693 0
634 0.07189059012144833 0.0984940557839693 0
635 0.09177711210454639 0.0984940557839693 0
636 0.1156409384093291 0.0984940557839693 0
637 0.1442775296646093 0.0984940557839693 0
638 0.1786414392795667 0.0984940557839693 0
639 0.2198781310681537 0.0984940557839693 0
640 0.2693621610941987 0.0984940557839693 0
641 0.3287429969410429 0.0984940557839693 0
642 0.04150840397271999 0.1167681570637506 0
643 0.05531848848739171 0.1167681570637506 0
644 0.07189059012315707 0.1167681570637506 0
645 0.0917771121072803 0.1167681570637506 0
646 0.11564093841343 0.1167681570637506 0
647 0.1442775296705146 0.1167681570637507 0
648 0.178641439287834 0.1167681570637506 0
649 0.2198781310794918 0.1167681570637506 0
650 0.2693621611095051 0.1167681570637506 0
651 0.3287429969614515 0.1167681570637506 0
652 0.04150840397319461 0.1386970785303644 0
653 0.05531848848853091 0.1386970785303644 0
654 0.07189059012520749 0.1386970785303644 0
655 0.09177711211056098 0.1386970785303644 0
656 0.115640938418351 0.1386970785303644 0
657 0.1442775296776008 0.1386970785303644 0
658 0.1786414392977548 0.1386970785303644 0
659 0.2198781310930975 0.1386970785303644 0
660 0.2693621611278728 0.1386970785303644 0
661 0.3287429969859417 0.1386970785303644 0
662 0.04150840397376421 0.1650117840046968 0
663 0.05531848848989782 0.1650117840046968 0
664 0.07189059012766799 0.1650117840046968 0
665 0.09177711211449782 0.1650117840046968 0
666 0.1156409384242563 0.1650117840046968 0
667 0.1442775296861044 0.1650117840046968 0
668 0.1786414393096598 0.1650117840046968 0
669 0.2198781311094243 0.1650117840046968 0
670 0.269362161149914 0.1650117840046968 0
671 0.3287429970153301 0.1650117840046968 0
672 0.04150840397444763 0.1965894306733284 0
673 0.0553184884915382 0.1965894306733284 0
674 0.07189059013062063 0.1965894306733284 0
675 0.091777112119222 0.1965894306733284 0
676 0.1156409384313426 0.1965894306733284 0
677 0.1442775296963086 0.1965894306733284 0
678 0.1786414393239458 0.1965894306733284 0
679 0.2198781311290165 0.1965894306733284 0
680 0.2693621611763635 0.1965894306733284 0
681 0.3287429970505961 0.1965894306733284 0
682 0.04150840397526784 0.2344826069055457 0
683 0.0553184884935066 0.2344826069055457 0
684 0.07189059013416374 0.2344826069055457 0
685 0.09177711212489104 0.2344826069055457 0
686 0.1156409384398461 0.2344826069055457 0
687 0.1442775297085538 0.2344826069055457 0
688 0.1786414393410889 0.2344826069055457 0
689 0.2198781311525271 0.2344826069055457 0
690 0.2693621612081028 0.2344826069055457 0
691 0.3287429970929153 0.2344826069055457 0
692 0.04150840397625205 0.2799544182731479 0
693 0.05531848849586873 0.2799544182731479 0
694 0.07189059013841551 0.2799544182731479 0
695 0.09177711213169391 0.2799544182731479 0
696 0.1156409384500504 0.2799544182731479 0
697 0.1442775297232479 0.2799544182731479 0
698 0.1786414393616607 0.2799544182731479 0
699 0.2198781311807398 0.2799544182731479 0
700 0.26936216124619 0.2799544182731479 0
701 0.3287429971436984 0.2799544182731479 0
702 0.04150840397743308 0.3345205917441559 0
703 0.05531848849870327 0.334520591744156 0
704 0.07189059014351765 0.3345205917441559 0
705 0.09177711213985729 0.3345205917441559 0
706 0.1156409384622955 0.334520591744156 0
707 0.1442775297408809 0.3345205917441559 0
708 0.1786414393863468 0.3345205917441559 0
709 0.2198781312145951 0.3345205917441559 0
710 0.2693621612918947 0.3345205917441559 0
711 0.3287429972046381 0.3345205917441559 0
712 0.02499999999999998 0 0.01
713 0.02499999999999998 0 0.02
714 0.02499999999999998 0 0.03
715 0.02499999999999998 0 0.04000000000000001
716 0.02499999999999998 0 0.05
717 0.02499999999999998 0 0.06
718 0.02499999999999998 0 0.06999999999999999
719 0.02499999999999998 0 0.08000000000000002
720 0.02499999999999998 0 0.09000000000000001
721 0.01999999999999997 0 0.01
722 0.01999999999999997 0 0.02
723 0.01999999999999997 0 0.03
724 0.01999999999999997 0 0.04000000000000001
725 0.01999999999999997 0 0.05
726 0.01999999999999997 0 0.06
727 0.01999999999999997 0 0.06999999999999999
728 0.01999999999999997 0 0.08000000000000002
729 0.01999999999999997 0 0.09000000000000001
730 0.01499999999999995 0 0.01
731 0.01499999999999995 0 0.02
732 0.01499999999999995 0 0.03
733 0.01499999999999995 0 0.04000000000000001
734 0.01499999999999995 0 0.05
735 0.01499999999999995 0 0.06
736 0.01499999999999995 0 0.06999999999999999
737 0.01499999999999995 0 0.08000000000000002
738 0.01499999999999995 0 0.09000000000000001
739 0.009999999999999964 0 0.01
740 0.009999999999999964 0 0.02
741 0.009999999999999964 0 0.03
742 0.009999999999999964 0 0.04000000000000001
743 0.009999999999999964 0 0.05
744 0.009999999999999964 0 0.06
745 0.009999999999999964 0 0.06999999999999999
746 0.009999999999999964 0 0.08000000000000002
747 0.009999999999999964 0 0.09000000000000001
748 0.004999999999999984 0 0.01
749 0.004999999999999984 0 0.02
750 0.004999999999999984 0 0.03
751 0.004999999999999984 0 0.04000000000000001
752 0.004999999999999984 0 0.05
753 0.004999999999999984 0 0.06
754 0.004999999999999984 0 0.06999999999999999
755 0.004999999999999984 0 0.08000000000000002
756 0.004999999999999984 0 0.09000000000000001
757 0 0.01000000000000003 0.01
758 0 0.01000000000000003 0.02
759 0 0.01000000000000003 0.03
760 0 0.01000000000000003 0.04000000000000001
761 0 0.01000000000000003 0.05
762 0 0.01000000000000003 0.06
763 0 0.01000000000000003 0.06999999999999999
764 0 0.01000000000000003 0.08000000000000002
765 0 0.01000000000000003 0.09000000000000001
766 0 0.02000000000000006 0.01
767 0 0.02000000000000006 0.02
768 0 0.02000000000000006 0.03
769 0 0.02000000000000006 0.04000000000000001
770 0 0.02000000000000006 0.05
771 0 0.02000000000000006 0.06
772 0 0.02000000000000006 0.06999999999999999
773 0 0.02000000000000006 0.08000000000000002
774 0 0.02000000000000006 0.09000000000000001
775 0 0.0300000000000001 0.01
776 0 0.0300000000000001 0.02
777 0 0.0300000000000001 0.03
778 0 0.0300000000000001 0.04000000000000001
779 0 0.0300000000000001 0.05
780 0 0.0300000000000001 0.06
781 0 0.0300000000000001 0.06999999999999999
782 0 0.0300000000000001 0.08000000000000002
783 0 0.0300000000000001 0.09000000000000001
784 0 0.04000000000000007 0.01
785 0 0.04000000000000007 0.02
786 0 0.04000000000000007 0.03
787 0 0.04000000000000007 0.04000000000000001
788 0 0.04000000000000007 0.05
789 0 0.04000000000000007 0.06
790 0 0.04000000000000007 0.06999999999999999
791 0 0.04000000000000007 0.08000000000000002
792 0 0.04000000000000007 0.09000000000000001
793 0 0.05000000000000003 0.01
794 0 0.05000000000000003 0.02
795 0 0.05000000000000003 0.03
796 0 0.05000000000000003 0.04000000000000001
797 0 0.05000000000000003 0.05
798 0 0.05000000000000003 0.06
799 0 0.05000000000000003 0.06999999999999999
800 0 0.05000000000000003 0.08000000000000002
801 0 0.05000000000000003 0.09000000000000001
802 0.005000000000000014 0.06 0.01
803 0.005000000000000014 0.06 0.02
804 0.005000000000000014 0.06 0.03
805 0.005000000000000014 0.06 0.04000000000000001
806 0.005000000000000014 0.06 0.05
807 0.005000000000000014 0.06 0.06
808 0.005000000000000014 0.06 0.06999999999999999
809 0.005000000000000014 0.06 0.08000000000000002
810 0.005000000000000014 0.06 0.09000000000000001
811 0.01000000000000003 0.06 0.01
812 0.01000000000000003 0.06 0.02
813 0.01000000000000003 0.06 0.03
814 0.01000000000000003 0.06 0.04000000000000001
815 0.01000000000000003 0.06 0.05
816 0.01000000000000003 0.06 0.06
817 0.01000000000000003 0.06 0.06999999999999999
818 0.01000000000000003 0.06 0.08000000000000002
819 0.01000000000000003 0.06 0.09000000000000001
820 0.01500000000000005 0.06 0.01
821 0.01500000000000005 0.06 0.02
822 0.01500000000000005 0.06 0.03
823 0.01500000000000005 0.06 0.04000000000000001
824 0.01500000000000005 0.06 0.05
825 0.01500000000000005 0.06 0.06
826 0.01500000000000005 0.06 0.06999999999999999
827 0.01500000000000005 0.06 0.08000000000000002
828 0.01500000000000005 0.06 0.09000000000000001
829 0.02000000000000004 0.06 0.01
830 0.02000000000000004 0.06 0.02
831 0.02000000000000004 0.06 0.03
832 0.02000000000000004 0.06 0.04000000000000001
833 0.02000000000000004 0.06 0.05
834 0.02000000000000004 0.06 0.06
835 0.02000000000000004 0.06 0.06999999999999999
836 0.02000000000000004 0.06 0.08000000000000002
837 0.02000000000000004 0.06 0.09000000000000001
838 0.02500000000000002 0.06 0.01
839 0.02500000000000002 0.06 0.02
840 0.02500000000000002 0.06 0.03
841 0.02500000000000002 0.06 0.04000000000000001
842 0.02500000000000002 0.06 0.05
843 0.02500000000000002 0.06 0.06
844 0.02500000000000002 0.06 0.06999999999999999
845 0.02500000000000002 0.06 0.08000000000000002
846 0.02500000000000002 0.06 0.09000000000000001
847 0.03 0.04999999999999997 0.01
848 0.03 0.04999999999999997 0.02
849 0.03 0.04999999999999997 0.03
850 0.03 0.04999999999999997 0.04000000000000001
851 0.03 0.04999999999999997 0.05
852 0.03 0.04999999999999997 0.06
853 0.03 0.04999999999999997 0.06999999999999999
854 0.03 0.04999999999999997 0.08000000000000002
855 0.03 0.04999999999999997 0.09000000000000001
856 0.03 0.03999999999999994 0.01
857 0.03 0.03999999999999994 0.02
858 0.03 0.03999999999999994 0.03
859 0.03 0.03999999999999994 0.04000000000000001
860 0.03 0.03999999999999994 0.05
861 0.03 0.03999999999999994 0.06
862 0.03 0.03999999999999994 0.06999999999999999
863 0.03 0.03999999999999994 0.08000000000000002
864 0.03 0.03999999999999994 0.09000000000000001
865 0.03 0.0299999999999999 0.01
866 0.03 0.0299999999999999 0.02
867 0.03 0.0299999999999999 0.03
868 0.03 0.0299999999999999 0.04000000000000001
869 0.03 0.0299999999999999 0.05
870 0.03 0.0299999999999999 0.06
871 0.03 0.0299999999999999 0.06999999999999999
872 0.03 0.0299999999999999 0.08000000000000002
873 0.03 0.0299999999999999 0.09000000000000001
874 0.03 0.01999999999999993 0.01
875 0.03 0.01999999999999993 0.02
876 0.03 0.01999999999999993 0.03
877 0.03 0.01999999999999993 0.04000000000000001
878 0.03 0.01999999999999993 0.05
879 0.03 0.01999999999999993 0.06
880 0.03 0.01999999999999993 0.06999999999999999
881 0.03 0.01999999999999993 0.08000000000000002
882 0.03 0.01999999999999993 0.09000000000000001
883 0.03 0.009999999999999967 0.01
884 0.03 0.009999999999999967 0.02
885 0.03 0.009999999999999967 0.03
886 0.03 0.009999999999999967 0.04000000000000001
887 0.03 0.009999999999999967 0.05
888 0.03 0.009999999999999967 0.06
889 0.03 0.009999999999999967 0.06999999999999999
890 0.03 0.009999999999999967 0.08000000000000002
891 0.03 0.009999999999999967 0.09000000000000001
892 0.02499999999999999 0.009999999999999985 0.1
893 0.02499999999999999 0.01999999999999996 0.1
894 0.025 0.02999999999999993 0.1
895 0.02500000000000001 0.03999999999999995 0.1
896 0.02500000000000001 0.04999999999999999 0.1
897 0.01999999999999998 0.009999999999999988 0.1
898 0.01999999999999999 0.01999999999999998 0.1
899 0.02 0.02999999999999996 0.1
900 0.02000000000000001 0.03999999999999998 0.1
901 0.02000000000000002 0.04999999999999999 0.1
902 0.01499999999999996 0.009999999999999998 0.1
903 0.01499999999999998 0.01999999999999999 0.1
904 0.015 0.03 0.1
905 0.01500000000000002 0.04000000000000001 0.1
906 0.01500000000000003 0.05 0.1
907 0.009999999999999978 0.01000000000000001 0.1
908 0.009999999999999985 0.02000000000000002 0.1
909 0.009999999999999998 0.03000000000000003 0.1
910 0.01000000000000001 0.04000000000000002 0.1
911 0.01000000000000002 0.05 0.1
912 0.004999999999999992 0.01000000000000002 0.1
913 0.004999999999999994 0.02000000000000005 0.1
914 0.004999999999999999 0.03000000000000006 0.1
915 0.005000000000000003 0.04000000000000005 0.1
916 0.005000000000000008 0.05000000000000002 0.1
917 0.04150840397149123 0 0.01
918 0.04150840397149123 0 0.02
919 0.04150840397149123 0 0.03
920 0.04150840397149123 0 0.04000000000000001
921 0.04150840397149123 0 0.05
922 0.04150840397149123 0 0.06
923 0.04150840397149123 0 0.06999999999999999
924 0.04150840397149123 0 0.08000000000000002
925 0.04150840397149123 0 0.09000000000000001
926 0.05531848848444284 0 0.01
927 0.05531848848444284 0 0.02
928 0.05531848848444284 0 0.03
929 0.05531848848444284 0 0.04000000000000001
930 0.05531848848444284 0 0.05
931 0.05531848848444284 0 0.06
932 0.05531848848444284 0 0.06999999999999999
933 0.05531848848444284 0 0.08000000000000002
934 0.05531848848444284 0 0.09000000000000001
935 0.07189059011784901 0 0.01
936 0.07189059011784901 0 0.02
937 0.07189059011784901 0 0.03
938 0.07189059011784901 0 0.04000000000000001
939 0.07189059011784901 0 0.05
940 0.07189059011784901 0 0.06
941 0.07189059011784901 0 0.06999999999999999
942 0.07189059011784901 0 0.08000000000000002
943 0.07189059011784901 0 0.09000000000000001
944 0.09177711209878746 0 0.01
945 0.09177711209878746 0 0.02
946 0.09177711209878746 0 0.03
947 0.09177711209878746 0 0.04000000000000001
948 0.09177711209878746 0 0.05
949 0.09177711209878746 0 0.06
950 0.09177711209878746 0 0.06999999999999999
951 0.09177711209878746 0 0.08000000000000002
952 0.09177711209878746 0 0.09000000000000001
953 0.1156409384006907 0 0.01
954 0.1156409384006907 0 0.02
955 0.1156409384006907 0 0.03
956 0.1156409384006907 0 0.04000000000000001
957 0.1156409384006907 0 0.05
958 0.1156409384006907 0 0.06
959 0.1156409384006907 0 0.06999999999999999
960 0.1156409384006907 0 0.08000000000000002
961 0.1156409384006907 0 0.09000000000000001
962 0.14427752965217 0 0.01
963 0.14427752965217 0 0.02
964 0.14427752965217 0 0.03
965 0.14427752965217 0 0.04000000000000001
966 0.14427752965217 0 0.05
967 0.14427752965217 0 0.06
968 0.14427752965217 0 0.06999999999999999
969 0.14427752965217 0 0.08000000000000002
970 0.14427752965217 0 0.09000000000000001
971 0.1786414392621517 0 0.01
972 0.1786414392621517 0 0.02
973 0.1786414392621517 0 0.03
974 0.1786414392621517 0 0.04000000000000001
975 0.1786414392621517 0 0.05
976 0.1786414392621517 0 0.06
977 0.1786414392621517 0 0.06999999999999999
978 0.1786414392621517 0 0.08000000000000002
979 0.1786414392621517 0 0.09000000000000001
980 0.2198781310442703 0 0.01
981 0.2198781310442703 0 0.02
982 0.2198781310442703 0 0.03
983 0.2198781310442703 0 0.04000000000000001
984 0.2198781310442703 0 0.05
985 0.2198781310442703 0 0.06
986 0.2198781310442703 0 0.06999999999999999
987 0.2198781310442703 0 0.08000000000000002
988 0.2198781310442703 0 0.09000000000000001
989 0.269362161061956 0 0.01
990 0.269362161061956 0 0.02
991 0.269362161061956 0 0.03
992 0.269362161061956 0 0.04000000000000001
993 0.269362161061956 0 0.05
994 0.269362161061956 0 0.06
995 0.269362161061956 0 0.06999999999999999
996 0.269362161061956 0 0.08000000000000002
997 0.269362161061956 0 0.09000000000000001
998 0.3287429968980526 0 0.01
999 0.3287429968980526 0 0.02
1000 0.3287429968980526 0 0.03
1001 0.3287429968980526 0 0.04000000000000001
1002 0.3287429968980526 0 0.05
1003 0.3287429968980526 0 0.06
1004 0.3287429968980526 0 0.06999999999999999
1005 0.3287429968980526 0 0.08000000000000002
1006 0.3287429968980526 0 0.09000000000000001
1007 0.4 0.01000000000000003 0.01
1008 0.4 0.01000000000000003 0.02
1009 0.4 0.01000000000000003 0.03
1010 0.4 0.01000000000000003 0.04000000000000001
1011 0.4 0.01000000000000003 0.05
1012 0.4 0.01000000000000003 0.06
1013 0.4 0.01000000000000003 0.06999999999999999
1014 0.4 0.01000000000000003 0.08000000000000002
1015 0.4 0.01000000000000003 0.09000000000000001
1016 0.4 0.02000000000000006 0.01
1017 0.4 0.02000000000000006 0.02
1018 0.4 0.02000000000000006 0.03
1019 0.4 0.02000000000000006 0.04000000000000001
1020 0.4 0.02000000000000006 0.05
1021 0.4 0.02000000000000006 0.06
1022 0.4 0.02000000000000006 0.06999999999999999
1023 0.4 0.02000000000000006 0.08000000000000002
1024 0.4 0.02000000000000006 0.09000000000000001
1025 0.4 0.0300000000000001 0.01
1026 0.4 0.0300000000000001 0.02
1027 0.4 0.0300000000000001 0.03
1028 0.4 0.0300000000000001 0.04000000000000001
1029 0.4 0.0300000000000001 0.05
1030 0.4 0.0300000000000001 0.06
1031 0.4 0.0300000000000001 0.06999999999999999
1032 0.4 0.0300000000000001 0.08000000000000002
1033 0.4 0.0300000000000001 0.09000000000000001
1034 0.4 0.04000000000000007 0.01
1035 0.4 0.04000000000000007 0.02
1036 0.4 0.04000000000000007 0.03
1037 0.4 0.04000000000000007 0.04000000000000001
1038 0.4 0.04000000000000007 0.05
1039 0.4 0.04000000000000007 0.06
1040 0.4 0.04000000000000007 0.06999999999999999
1041 0.4 0.04000000000000007 0.08000000000000002
1042 0.4 0.04000000000000007 0.09000000000000001
1043 0.4 0.05000000000000003 0.01
1044 0.4 0.05000000000000003 0.02
1045 0.4 0.05000000000000003 0.03
1046 0.4 0.05000000000000003 0.04000000000000001
1047 0.4 0.05000000000000003 0.05
1048 0.4 0.05000000000000003 0.06
1049 0.4 0.05000000000000003 0.06999999999999999
1050 0.4 0.05000000000000003 0.08000000000000002
1051 0.4 0.05000000000000003 0.09000000000000001
1052 0.04150840397149123 0.06 0.01
1053 0.04150840397149123 0.06 0.02
1054 0.04150840397149123 0.06 0.03
1055 0.04150840397149123 0.06 0.04000000000000001
1056 0.04150840397149123 0.06 0.05
1057 0.04150840397149123 0.06 0.06
1058 0.04150840397149123 0.06 0.06999999999999999
1059 0.04150840397149123 0.06 0.08000000000000002
1060 0.04150840397149123 0.06 0.09000000000000001
1061 0.05531848848444284 0.06 0.01
1062 0.05531848848444284 0.06 0.02
1063 0.05531848848444284 0.06 0.03
1064 0.05531848848444284 0.06 0.04000000000000001
1065 0.05531848848444284 0.06 0.05
1066 0.05531848848444284 0.06 0.06
1067 0.05531848848444284 0.06 0.06999999999999999
1068 0.05531848848444284 0.06 0.08000000000000002
1069 0.05531848848444284 0.06 0.09000000000000001
1070 0.07189059011784901 0.06 0.01
1071 0.07189059011784901 0.06 0.02
1072 0.07189059011784901 0.06 0.03
1073 0.07189059011784901 0.06 0.04000000000000001
1074 0.07189059011784901 0.06 0.05
1075 0.07189059011784901 0.06 0.06
1076 0.07189059011784901 0.06 0.06999999999999999
1077 0.07189059011784901 0.06 0.08000000000000002
1078 0.07189059011784901 0.06 0.09000000000000001
1079 0.09177711209878746 0.06 0.01
1080 0.09177711209878746 0.06 0.02
1081 0.09177711209878746 0.06 0.03
1082 0.09177711209878746 0.06 0.04000000000000001
1083 0.09177711209878746 0.06 0.05
1084 0.09177711209878746 0.06 0.06
1085 0.09177711209878746 0.06 0.06999999999999999
1086 0.09177711209878746 0.06 0.08000000000000002
1087 0.09177711209878746 0.06 0.09000000000000001
1088 0.1156409384006907 0.06 0.01
1089 0.1156409384006907 0.06 0.02
1090 0.1156409384006907 0.06 0.03
1091 0.1156409384006907 0.06 0.04000000000000001
1092 0.1156409384006907 0.06 0.05
1093 0.1156409384006907 0.06 0.06
1094 0.1156409384006907 0.06 0.06999999999999999
1095 0.1156409384006907 0.06 0.08000000000000002
1096 0.1156409384006907 0.06 0.09000000000000001
1097 0.14427752965217 0.06 0.01
1098 0.14427752965217 0.06 0.02
1099 0.14427752965217 0.06 0.03
1100 0.14427752965217 0.06 0.04000000000000001
1101 0.14427752965217 0.06 0.05
1102 0.14427752965217 0.06 0.06
1103 0.14427752965217 0.06 0.06999999999999999
1104 0.14427752965217 0.06 0.08000000000000002
1105 0.14427752965217 0.06 0.09000000000000001
1106 0.1786414392621517 0.06 0.01
1107 0.1786414392621517 0.06 0.02
1108 0.1786414392621517 0.06 0.03
1109 0.1786414392621517 0.06 0.04000000000000001
1110 0.1786414392621517 0.06 0.05
1111 0.1786414392621517 0.06 0.06
1112 0.1786414392621517 0.06 0.06999999999999999
1113 0.1786414392621517 0.06 0.08000000000000002
1114 0.1786414392621517 0.06 0.09000000000000001
1115 0.2198781310442703 0.06 0.01
1116 0.2198781310442703 0.06 0.02
1117 0.2198781310442703 0.06 0.03
1118 0.2198781310442703 0.06 0.04000000000000001
1119 0.2198781310442703 0.06 0.05
1120 0.2198781310442703 0.06 0.06
1121 0.2198781310442703 0.06 0.06999999999999999
1122 0.2198781310442703 0.06 0.08000000000000002
1123 0.2198781310442703 0.06 0.09000000000000001
1124 0.269362161061956 0.06 0.01
1125 0.269362161061956 0.06 0.02
1126 0.269362161061956 0.06 0.03
1127 0.269362161061956 0.06 0.04000000000000001
1128 0.269362161061956 0.06 0.05
1129 0.269362161061956 0.06 0.06
1130 0.269362161061956 0.06 0.06999999999999999
1131 0.269362161061956 0.06 0.08000000000000002
1132 0.269362161061956 0.06 0.09000000000000001
1133 0.3287429968980526 0.06 0.01
1134 0.3287429968980526 0.06 0.02
1135 0.3287429968980526 0.06 0.03
1136 0.3287429968980526 0.06 0.04000000000000001
1137 0.3287429968980526 0.06 0.05
1138 0.3287429968980526 0.06 0.06
1139 0.3287429968980526 0.06 0.06999999999999999
1140 0.3287429968980526 0.06 0.08000000000000002
1141 0.3287429968980526 0.06 0.09000000000000001
1142 0.04150840397149122 0.009999999999999978 0.1
1143 0.04150840397149119 0.01999999999999993 0.1
1144 0.04150840397149128 0.02999999999999991 0.1
1145 0.04150840397149119 0.03999999999999995 0.1
1146 0.04150840397149119 0.04999999999999997 0.1
1147 0.05531848848444287 0.009999999999999978 0.1
1148 0.05531848848444285 0.01999999999999993 0.1
1149 0.05531848848444285 0.02999999999999991 0.1
1150 0.05531848848444285 0.03999999999999995 0.1
1151 0.05531848848444285 0.04999999999999998 0.1
1152 0.07189059011784901 0.009999999999999981 0.1
1153 0.07189059011784901 0.01999999999999995 0.1
1154 0.07189059011784901 0.02999999999999992 0.1
1155 0.07189059011784901 0.03999999999999995 0.1
1156 0.07189059011784904 0.04999999999999998 0.1
1157 0.09177711209878749 0.009999999999999978 0.1
1158 0.09177711209878742 0.01999999999999996 0.1
1159 0.09177711209878747 0.02999999999999993 0.1
1160 0.09177711209878749 0.03999999999999996 0.1
1161 0.0917771120987875 0.04999999999999998 0.1
1162 0.1156409384006907 0.009999999999999981 0.1
1163 0.1156409384006907 0.01999999999999996 0.1
1164 0.1156409384006907 0.02999999999999994 0.1
1165 0.1156409384006907 0.03999999999999997 0.1
1166 0.1156409384006907 0.04999999999999998 0.1
1167 0.14427752965217 0.009999999999999992 0.1
1168 0.14427752965217 0.01999999999999997 0.1
1169 0.14427752965217 0.02999999999999996 0.1
1170 0.14427752965217 0.03999999999999998 0.1
1171 0.14427752965217 0.04999999999999999 0.1
1172 0.1786414392621517 0.009999999999999995 0.1
1173 0.1786414392621517 0.01999999999999998 0.1
1174 0.1786414392621517 0.02999999999999998 0.1
1175 0.1786414392621517 0.03999999999999999 0.1
1176 0.1786414392621517 0.04999999999999999 0.1
1177 0.2198781310442703 0.01000000000000001 0.1
1178 0.2198781310442703 0.02 0.1
1179 0.2198781310442703 0.03 0.1
1180 0.2198781310442703 0.04000000000000001 0.1
1181 0.2198781310442703 0.05 0.1
1182 0.2693621610619561 0.01000000000000001 0.1
1183 0.2693621610619561 0.02000000000000002 0.1
1184 0.269362161061956 0.03000000000000003 0.1
1185 0.269362161061956 0.04000000000000003 0.1
1186 0.269362161061956 0.05 0.1
1187 0.3287429968980526 0.01000000000000002 0.1
1188 0.3287429968980526 0.02000000000000004 0.1
1189 0.3287429968980526 0.03000000000000006 0.1
1190 0.3287429968980526 0.04000000000000005 0.1
1191 0.3287429968980526 0.05000000000000002 0.1
1192 0 0.3345205918338276 0.01
1193 0 0.3345205918338276 0.02
1194 0 0.3345205918338276 0.03
1195 0 0.3345205918338276 0.04000000000000001
1196 0 0.3345205918338276 0.05
1197 0 0.3345205918338276 0.06
1198 0 0.3345205918338276 0.06999999999999999
1199 0 0.3345205918338276 0.08000000000000002
1200 0 0.3345205918338276 0.09000000000000001
1201 0 0.2799544181027518 0.01
1202 0 0.2799544181027518 0.02
1203 0 0.2799544181027518 0.03
1204 0 0.2799544181027518 0.04000000000000001
1205 0 0.2799544181027518 0.05
1206 0 0.2799544181027518 0.06
1207 0 0.2799544181027518 0.06999999999999999
1208 0 0.2799544181027518 0.08000000000000002
1209 0 0.2799544181027518 0.09000000000000001
1210 0 0.2344826065592795 0.01
1211 0 0.2344826065592795 0.02
1212 0 0.2344826065592795 0.03
1213 0 0.2344826065592795 0.04000000000000001
1214 0 0.2344826065592795 0.05
1215 0 0.2344826065592795 0.06
1216 0 0.2344826065592795 0.06999999999999999
1217 0 0.2344826065592795 0.08000000000000002
1218 0 0.2344826065592795 0.09000000000000001
1219 0 0.1965894302145495 0.01
1220 0 0.1965894302145495 0.02
1221 0 0.1965894302145495 0.03
1222 0 0.1965894302145495 0.04000000000000001
1223 0 0.1965894302145495 0.05
1224 0 0.1965894302145495 0.06
1225 0 0.1965894302145495 0.06999999999999999
1226 0 0.1965894302145495 0.08000000000000002
1227 0 0.1965894302145495 0.09000000000000001
1228 0 0.1650117834805276 0.01
1229 0 0.1650117834805276 0.02
1230 0 0.1650117834805276 0.03
1231 0 0.1650117834805276 0.04000000000000001
1232 0 0.1650117834805276 0.05
1233 0 0.1650117834805276 0.06
1234 0 0.1650117834805276 0.06999999999999999
1235 0 0.1650117834805276 0.08000000000000002
1236 0 0.1650117834805276 0.09000000000000001
1237 0 0.1386970779753458 0.01
1238 0 0.1386970779753458 0.02
1239 0 0.1386970779753458 0.03
1240 0 0.1386970779753458 0.04000000000000001
1241 0 0.1386970779753458 0.05
1242 0 0.1386970779753458 0.06
1243 0 0.1386970779753458 0.06999999999999999
1244 0 0.1386970779753458 0.08000000000000002
1245 0 0.1386970779753458 0.09000000000000001
1246 0 0.1167681565027259 0.01
1247 0 0.1167681565027259 0.02
1248 0 0.1167681565027259 0.03
1249 0 0.1167681565027259 0.04000000000000001
1250 0 0.1167681565027259 0.05
1251 0 0.1167681565027259 0.06
1252 0 0.1167681565027259 0.06999999999999999
1253 0 0.1167681565027259 0.08000000000000002
1254 0 0.1167681565027259 0.09000000000000001
1255 0 0.09849405523435772 0.01
1256 0 0.09849405523435772 0.02
1257 0 0.09849405523435772 0.03
1258 0 0.09849405523435772 0.04000000000000001
1259 0 0.09849405523435772 0.05
1260 0 0.09849405523435772 0.06
1261 0 0.09849405523435772 0.06999999999999999
1262 0 0.09849405523435772 0.08000000000000002
1263 0 0.09849405523435772 0.09000000000000001
1264 0 0.08326563754036659 0.01
1265 0 0.08326563754036659 0.02
1266 0 0.08326563754036659 0.03
1267 0 0.08326563754036659 0.04000000000000001
1268 0 0.08326563754036659 0.05
1269 0 0.08326563754036659 0.06
1270 0 0.08326563754036659 0.06999999999999999
1271 0 0.08326563754036659 0.08000000000000002
1272 0 0.08326563754036659 0.09000000000000001
1273 0 0.07057528964027499 0.01
1274 0 0.07057528964027499 0.02
1275 0 0.07057528964027499 0.03
1276 0 0.07057528964027499 0.04000000000000001
1277 0 0.07057528964027499 0.05
1278 0 0.07057528964027499 0.06
1279 0 0.07057528964027499 0.06999999999999999
1280 0 0.07057528964027499 0.08000000000000002
1281 0 0.07057528964027499 0.09000000000000001
1282 0.03 0.07057529013596492 0.01
1283 0.03 0.07057529013596492 0.02
1284 0.03 0.07057529013596492 0.03
1285 0.03 0.07057529013596492 0.04000000000000001
1286 0.03 0.07057529013596492 0.05
1287 0.03 0.07057529013596492 0.06
1288 0.03 0.07057529013596492 0.06999999999999999
1289 0.03 0.07057529013596492 0.08000000000000002
1290 0.03 0.07057529013596492 0.09000000000000001
1291 0.03 0.08326563806678529 0.01
1292 0.03 0.08326563806678529 0.02
1293 0.03 0.08326563806678529 0.03
1294 0.03 0.08326563806678529 0.04000000000000001
1295 0.03 0.08326563806678529 0.05
1296 0.03 0.08326563806678529 0.06
1297 0.03 0.08326563806678529 0.06999999999999999
1298 0.03 0.08326563806678529 0.08000000000000002
1299 0.03 0.08326563806678529 0.09000000000000001
1300 0.03 0.0984940557839693 0.01
1301 0.03 0.0984940557839693 0.02
1302 0.03 0.0984940557839693 0.03
1303 0.03 0.0984940557839693 0.04000000000000001
1304 0.03 0.0984940557839693 0.05
1305 0.03 0.0984940557839693 0.06
1306 0.03 0.0984940557839693 0.06999999999999999
1307 0.03 0.0984940557839693 0.08000000000000002
1308 0.03 0.0984940557839693 0.09000000000000001
1309 0.03 0.1167681570637506 0.01
1310 0.03 0.1167681570637506 0.02
1311 0.03 0.1167681570637506 0.03
1312 0.03 0.1167681570637506 0.04000000000000001
1313 0.03 0.1167681570637506 0.05
1314 0.03 0.1167681570637506 0.06
1315 0.03 0.1167681570637506 0.06999999999999999
1316 0.03 0.1167681570637506 0.08000000000000002
1317 0.03 0.1167681570637506 0.09000000000000001
1318 0.03 0.1386970785303644 0.01
1319 0.03 0.1386970785303644 0.02
1320 0.03 0.1386970785303644 0.03
1321 0.03 0.1386970785303644 0.04000000000000001
1322 0.03 0.1386970785303644 0.05
1323 0.03 0.1386970785303644 0.06
1324 0.03 0.1386970785303644 0.06999999999999999
1325 0.03 0.1386970785303644 0.08000000000000002
1326 0.03 0.1386970785303644 0.09000000000000001
1327 0.03 0.1650117840046968 0.01
1328 0.03 0.1650117840046968 0.02
1329 0.03 0.1650117840046968 0.03
1330 0.03 0.1650117840046968 0.04000000000000001
1331 0.03 0.1650117840046968 0.05
1332 0.03 0.1650117840046968 0.06
1333 0.03 0.1650117840046968 0.06999999999999999
1334 0.03 0.1650117840046968 0.08000000000000002
1335 0.03 0.1650117840046968 0.09000000000000001
1336 0.03 0.1965894306733284 0.01
1337 0.03 0.1965894306733284 0.02
1338 0.03 0.1965894306733284 0.03
1339 0.03 0.1965894306733284 0.04000000000000001
1340 0.03 0.1965894306733284 0.05
1341 0.03 0.1965894306733284 0.06
1342 0.03 0.1965894306733284 0.06999999999999999
1343 0.03 0.1965894306733284 0.08000000000000002
1344 0.03 0.1965894306733284 0.09000000000000001
1345 0.03 0.2344826069055457 0.01
1346 0.03 0.2344826069055457 0.02
1347 0.03 0.2344826069055457 0.03
1348 0.03 0.2344826069055457 0.04000000000000001
1349 0.03 0.2344826069055457 0.05
1350 0.03 0.2344826069055457 0.06
1351 0.03 0.2344826069055457 0.06999999999999999
1352 0.03 0.2344826069055457 0.08000000000000002
1353 0.03 0.2344826069055457 0.09000000000000001
1354 0.03 0.2799544182731479 0.01
1355 0.03 0.2799544182731479 0.02
1356 0.03 0.2799544182731479 0.03
1357 0.03 0.2799544182731479 0.04000000000000001
1358 0.03 0.2799544182731479 0.05
1359 0.03 0.2799544182731479 0.06
1360 0.03 0.2799544182731479 0.06999999999999999
1361 0.03 0.2799544182731479 0.08000000000000002
1362 0.03 0.2799544182731479 0.09000000000000001
1363 0.03 0.3345205917441559 0.01
1364 0.03 0.3345205917441559 0.02
1365 0.03 0.3345205917441559 0.03
1366 0.03 0.3345205917441559 0.04000000000000001
1367 0.03 0.3345205917441559 0.05
1368 0.03 0.3345205917441559 0.06
1369 0.03 0.3345205917441559 0.06999999999999999
1370 0.03 0.3345205917441559 0.08000000000000002
1371 0.03 0.3345205917441559 0.09000000000000001
1372 0.02499999999999998 0.4 0.01
1373 0.02499999999999998 0.4 0.02
1374 0.02499999999999998 0.4 0.03
1375 0.02499999999999998 0.4 0.04000000000000001
1376 0.02499999999999998 0.4 0.05
1377 0.02499999999999998 0.4 0.06
1378 0.02499999999999998 0.4 0.06999999999999999
1379 0.02499999999999998 0.4 0.08000000000000002
1380 0.02499999999999998 0.4 0.09000000000000001
1381 0.01999999999999997 0.4 0.01
1382 0.01999999999999997 0.4 0.02
1383 0.01999999999999997 0.4 0.03
1384 0.01999999999999997 0.4 0.04000000000000001
1385 0.01999999999999997 0.4 0.05
1386 0.01999999999999997 0.4 0.06
1387 0.01999999999999997 0.4 0.06999999999999999
1388 0.01999999999999997 0.4 0.08000000000000002
1389 0.01999999999999997 0.4 0.09000000000000001
1390 0.01499999999999995 0.4 0.01
1391 0.01499999999999995 0.4 0.02
1392 0.01499999999999995 0.4 0.03
1393 0.01499999999999995 0.4 0.04000000000000001
1394 0.01499999999999995 0.4 0.05
1395 0.01499999999999995 0.4 0.06
1396 0.01499999999999995 0.4 0.06999999999999999
1397 0.01499999999999995 0.4 0.08000000000000002
1398 0.01499999999999995 0.4 0.09000000000000001
1399 0.009999999999999964 0.4 0.01
1400 0.009999999999999964 0.4 0.02
1401 0.009999999999999964 0.4 0.03
1402 0.009999999999999964 0.4 0.04000000000000001
1403 0.009999999999999964 0.4 0.05
1404 0.009999999999999964 0.4 0.06
1405 0.009999999999999964 0.4 0.06999999999999999
1406 0.009999999999999964 0.4 0.08000000000000002
1407 0.009999999999999964 0.4 0.09000000000000001
1408 0.004999999999999984 0.4 0.01
1409 0.004999999999999984 0.4 0.02
1410 0.004999999999999984 0.4 0.03
1411 0.004999999999999984 0.4 0.04000000000000001
1412 0.004999999999999984 0.4 0.05
1413 0.004999999999999984 0.4 0.06
1414 0.004999999999999984 0.4 0.06999999999999999
1415 0.004999999999999984 0.4 0.08000000000000002
1416 0.004999999999999984 0.4 0.09000000000000001
1417 0.004999999999999987 0.3345205918188823 0.1
1418 0.009999999999999978 0.3345205918039371 0.1
1419 0.01499999999999997 0.3345205917889918 0.1
1420 0.01999999999999998 0.3345205917740465 0.1
1421 0.02499999999999999 0.3345205917591012 0.1
1422 0.004999999999999992 0.2799544181311512 0.1
1423 0.009999999999999988 0.2799544181595505 0.1
1424 0.01499999999999999 0.2799544181879499 0.1
1425 0.01999999999999999 0.2799544182163492 0.1
1426 0.02499999999999999 0.2799544182447485 0.1
1427 0.004999999999999998 0.2344826066169906 0.1
1428 0.009999999999999997 0.2344826066747016 0.1
1429 0.015 0.2344826067324126 0.1
1430 0.02 0.2344826067901236 0.1
1431 0.025 0.2344826068478347 0.1
1432 0.005000000000000001 0.1965894302910126 0.1
1433 0.01000000000000001 0.1965894303674758 0.1
1434 0.01500000000000001 0.196589430443939 0.1
1435 0.02000000000000001 0.1965894305204021 0.1
1436 0.025 0.1965894305968653 0.1
1437 0.005000000000000003 0.1650117835678891 0.1
1438 0.01000000000000001 0.1650117836552507 0.1
1439 0.01500000000000002 0.1650117837426122 0.1
1440 0.02000000000000001 0.1650117838299737 0.1
1441 0.025 0.1650117839173352 0.1
1442 0.005000000000000006 0.1386970780678489 0.1
1443 0.01000000000000002 0.138697078160352 0.1
1444 0.01500000000000003 0.1386970782528551 0.1
1445 0.02000000000000002 0.1386970783453582 0.1
1446 0.02500000000000001 0.1386970784378613 0.1
1447 0.005000000000000006 0.1167681565962301 0.1
1448 0.01000000000000002 0.1167681566897341 0.1
1449 0.01500000000000003 0.1167681567832383 0.1
1450 0.02000000000000002 0.1167681568767424 0.1
1451 0.02500000000000001 0.1167681569702465 0.1
1452 0.005000000000000008 0.09849405532595967 0.1
1453 0.01000000000000002 0.09849405541756157 0.1
1454 0.01500000000000004 0.09849405550916351 0.1
1455 0.02000000000000002 0.09849405560076546 0.1
1456 0.02500000000000002 0.09849405569236735 0.1
1457 0.005000000000000011 0.08326563762810307 0.1
1458 0.01000000000000003 0.0832656377158395 0.1
1459 0.01500000000000004 0.08326563780357593 0.1
1460 0.02000000000000003 0.08326563789131239 0.1
1461 0.02500000000000002 0.08326563797904882 0.1
1462 0.005000000000000011 0.07057528972288996 0.1
1463 0.01000000000000003 0.07057528980550501 0.1
1464 0.01500000000000005 0.07057528988811995 0.1
1465 0.02000000000000003 0.07057528997073495 0.1
1466 0.02500000000000002 0.07057529005334989 0.1
1467 0.3287429972777656 0.4 0.01
1468 0.3287429972777656 0.4 0.02
1469 0.3287429972777656 0.4 0.03
1470 0.3287429972777656 0.4 0.04000000000000001
1471 0.3287429972777656 0.4 0.05
1472 0.3287429972777656 0.4 0.06
1473 0.3287429972777656 0.4 0.06999999999999999
1474 0.3287429972777656 0.4 0.08000000000000002
1475 0.3287429972777656 0.4 0.09000000000000001
1476 0.2693621613467403 0.4 0.01
1477 0.2693621613467403 0.4 0.02
1478 0.2693621613467403 0.4 0.03
1479 0.2693621613467403 0.4 0.04000000000000001
1480 0.2693621613467403 0.4 0.05
1481 0.2693621613467403 0.4 0.06
1482 0.2693621613467403 0.4 0.06999999999999999
1483 0.2693621613467403 0.4 0.08000000000000002
1484 0.2693621613467403 0.4 0.09000000000000001
1485 0.2198781312552215 0.4 0.01
1486 0.2198781312552215 0.4 0.02
1487 0.2198781312552215 0.4 0.03
1488 0.2198781312552215 0.4 0.04000000000000001
1489 0.2198781312552215 0.4 0.05
1490 0.2198781312552215 0.4 0.06
1491 0.2198781312552215 0.4 0.06999999999999999
1492 0.2198781312552215 0.4 0.08000000000000002
1493 0.2198781312552215 0.4 0.09000000000000001
1494 0.1786414394159702 0.4 0.01
1495 0.1786414394159702 0.4 0.02
1496 0.1786414394159702 0.4 0.03
1497 0.1786414394159702 0.4 0.04000000000000001
1498 0.1786414394159702 0.4 0.05
1499 0.1786414394159702 0.4 0.06
1500 0.1786414394159702 0.4 0.06999999999999999
1501 0.1786414394159702 0.4 0.08000000000000002
1502 0.1786414394159702 0.4 0.09000000000000001
1503 0.1442775297620405 0.4 0.01
1504 0.1442775297620405 0.4 0.02
1505 0.1442775297620405 0.4 0.03
1506 0.1442775297620405 0.4 0.04000000000000001
1507 0.1442775297620405 0.4 0.05
1508 0.1442775297620405 0.4 0.06
1509 0.1442775297620405 0.4 0.06999999999999999
1510 0.1442775297620405 0.4 0.08000000000000002
1511 0.1442775297620405 0.4 0.09000000000000001
1512 0.1156409384769897 0.4 0.01
1513 0.1156409384769897 0.4 0.02
1514 0.1156409384769897 0.4 0.03
1515 0.1156409384769897 0.4 0.04000000000000001
1516 0.1156409384769897 0.4 0.05
1517 0.1156409384769897 0.4 0.06
1518 0.1156409384769897 0.4 0.06999999999999999
1519 0.1156409384769897 0.4 0.08000000000000002
1520 0.1156409384769897 0.4 0.09000000000000001
1521 0.09177711214965345 0.4 0.01
1522 0.09177711214965345 0.4 0.02
1523 0.09177711214965345 0.4 0.03
1524 0.09177711214965345 0.4 0.04000000000000001
1525 0.09177711214965345 0.4 0.05
1526 0.09177711214965345 0.4 0.06
1527 0.09177711214965345 0.4 0.06999999999999999
1528 0.09177711214965345 0.4 0.08000000000000002
1529 0.09177711214965345 0.4 0.09000000000000001
1530 0.07189059014964022 0.4 0.01
1531 0.07189059014964022 0.4 0.02
1532 0.07189059014964022 0.4 0.03
1533 0.07189059014964022 0.4 0.04000000000000001
1534 0.07189059014964022 0.4 0.05
1535 0.07189059014964022 0.4 0.06
1536 0.07189059014964022 0.4 0.06999999999999999
1537 0.07189059014964022 0.4 0.08000000000000002
1538 0.07189059014964022 0.4 0.09000000000000001
1539 0.05531848850210475 0.4 0.01
1540 0.05531848850210475 0.4 0.02
1541 0.05531848850210475 0.4 0.03
1542 0.05531848850210475 0.4 0.04000000000000001
1543 0.05531848850210475 0.4 0.05
1544 0.05531848850210475 0.4 0.06
1545 0.05531848850210475 0.4 0.06999999999999999
1546 0.05531848850210475 0.4 0.08000000000000002
1547 0.05531848850210475 0.4 0.09000000000000001
1548 0.04150840397885036 0.4 0.01
1549 0.04150840397885036 0.4 0.02
1550 0.04150840397885036 0.4 0.03
1551 0.04150840397885036 0.4 0.04000000000000001
1552 0.04150840397885036 0.4 0.05
1553 0.04150840397885036 0.4 0.06
1554 0.04150840397885036 0.4 0.06999999999999999
1555 0.04150840397885036 0.4 0.08000000000000002
1556 0.04150840397885036 0.4 0.09000000000000001
1557 0.4 0.07057529013596492 0.01
1558 0.4 0.07057529013596492 0.02
1559 0.4 0.07057529013596492 0.03
1560 0.4 0.07057529013596492 0.04000000000000001
1561 0.4 0.07057529013596492 0.05
1562 0.4 0.07057529013596492 0.06
1563 0.4 0.07057529013596492 0.06999999999999999
1564 0.4 0.07057529013596492 0.08000000000000002
1565 0.4 0.07057529013596492 0.09000000000000001
1566 0.4 0.08326563806678529 0.01
1567 0.4 0.08326563806678529 0.02
1568 0.4 0.08326563806678529 0.03
1569 0.4 0.08326563806678529 0.04000000000000001
1570 0.4 0.08326563806678529 0.05
1571 0.4 0.08326563806678529 0.06
1572 0.4 0.08326563806678529 0.06999999999999999
1573 0.4 0.08326563806678529 0.08000000000000002
1574 0.4 0.08326563806678529 0.09000000000000001
1575 0.4 0.0984940557839693 0.01
1576 0.4 0.0984940557839693 0.02
1577 0.4 0.0984940557839693 0.03
1578 0.4 0.0984940557839693 0.04000000000000001
1579 0.4 0.0984940557839693 0.05
1580 0.4 0.0984940557839693 0.06
1581 0.4 0.0984940557839693 0.06999999999999999
1582 0.4 0.0984940557839693 0.08000000000000002
1583 0.4 0.0984940557839693 0.09000000000000001
1584 0.4 0.1167681570637506 0.01
1585 0.4 0.1167681570637506 0.02
1586 0.4 0.1167681570637506 0.03
1587 0.4 0.1167681570637506 0.04000000000000001
1588 0.4 0.1167681570637506 0.05
1589 0.4 0.1167681570637506 0.06
1590 0.4 0.1167681570637506 0.06999999999999999
1591 0.4 0.1167681570637506 0.08000000000000002
1592 0.4 0.1167681570637506 0.09000000000000001
1593 0.4 0.1386970785303644 0.01
1594 0.4 0.1386970785303644 0.02
1595 0.4 0.1386970785303644 0.03
1596 0.4 0.1386970785303644 0.04000000000000001
1597 0.4 0.1386970785303644 0.05
1598 0.4 0.1386970785303644 0.06
1599 0.4 0.1386970785303644 0.06999999999999999
1600 0.4 0.1386970785303644 0.08000000000000002
1601 0.4 0.1386970785303644 0.09000000000000001
1602 0.4 0.1650117840046968 0.01
1603 0.4 0.1650117840046968 0.02
1604 0.4 0.1650117840046968 0.03
1605 0.4 0.1650117840046968 0.04000000000000001
1606 0.4 0.1650117840046968 0.05
1607 0.4 0.1650117840046968 0.06
1608 0.4 0.1650117840046968 0.06999999999999999
1609 0.4 0.1650117840046968 0.08000000000000002
1610 0.4 0.1650117840046968 0.09000000000000001
1611 0.4 0.1965894306733284 0.01
1612 0.4 0.1965894306733284 0.02
1613 0.4 0.1965894306733284 0.03
1614 0.4 0.1965894306733284 0.04000000000000001
1615 0.4 0.1965894306733284 0.05
1616 0.4 0.1965894306733284 0.06
1617 0.4 0.1965894306733284 0.06999999999999999
1618 0.4 0.1965894306733284 0.08000000000000002
1619 0.4 0.1965894306733284 0.09000000000000001
1620 0.4 0.2344826069055457 0.01
1621 0.4 0.2344826069055457 0.02
1622 0.4 0.2344826069055457 0.03
1623 0.4 0.2344826069055457 0.04000000000000001
1624 0.4 0.2344826069055457 0.05
1625 0.4 0.2344826069055457 0.06
1626 0.4 0.2344826069055457 0.06999999999999999
1627 0.4 0.2344826069055457 0.08000000000000002
1628 0.4 0.2344826069055457 0.09000000000000001
1629 0.4 0.2799544182731479 0.01
1630 0.4 0.2799544182731479 0.02
1631 0.4 0.2799544182731479 0.03
1632 0.4 0.2799544182731479 0.04000000000000001
1633 0.4 0.2799544182731479 0.05
1634 0.4 0.2799544182731479 0.06
1635 0.4 0.2799544182731479 0.06999999999999999
1636 0.4 0.2799544182731479 0.08000000000000002
1637 0.4 0.2799544182731479 0.09000000000000001
1638 0.4 0.3345205917441559 0.01
1639 0.4 0.3345205917441559 0.02
1640 0.4 0.3345205917441559 0.03
1641 0.4 0.3345205917441559 0.04000000000000001
1642 0.4 0.3345205917441559 0.05
1643 0.4 0.3345205917441559 0.06
1644 0.4 0.3345205917441559 0.06999999999999999
1645 0.4 0.3345205917441559 0.08000000000000002
1646 0.4 0.3345205917441559 0.09000000000000001
1647 0.04150840397172015 0.07057529013596486 0.1
1648 0.05531848848499216 0.07057529013596489 0.1
1649 0.07189059011883783 0.07057529013596495 0.1
1650 0.09177711210036957 0.07057529013596492 0.1
1651 0.1156409384030639 0.07057529013596492 0.1
1652 0.1442775296555874 0.07057529013596492 0.1
1653 0.1786414392669361 0.07057529013596497 0.1
1654 0.2198781310508317 0.07057529013596492 0.1
1655 0.2693621610708139 0.07057529013596492 0.1
1656 0.3287429969098631 0.07057529013596492 0.1
1657 0.04150840397199484 0.08326563806678533 0.1
1658 0.05531848848565141 0.08326563806678527 0.1
1659 0.07189059012002444 0.08326563806678533 0.1
1660 0.09177711210226816 0.08326563806678533 0.1
1661 0.1156409384059117 0.08326563806678527 0.1
1662 0.1442775296596882 0.08326563806678533 0.1
1663 0.1786414392726772 0.08326563806678525 0.1
1664 0.2198781310587053 0.08326563806678527 0.1
1665 0.2693621610814433 0.08326563806678525 0.1
1666 0.3287429969240357 0.08326563806678525 0.1
1667 0.04150840397232447 0.0984940557839693 0.1
1668 0.05531848848644241 0.0984940557839693 0.1
1669 0.07189059012144833 0.0984940557839693 0.1
1670 0.09177711210454639 0.0984940557839693 0.1
1671 0.1156409384093291 0.0984940557839693 0.1
1672 0.1442775296646093 0.0984940557839693 0.1
1673 0.1786414392795667 0.0984940557839693 0.1
1674 0.2198781310681537 0.0984940557839693 0.1
1675 0.2693621610941987 0.0984940557839693 0.1
1676 0.3287429969410429 0.0984940557839693 0.1
1677 0.04150840397271999 0.1167681570637506 0.1
1678 0.05531848848739171 0.1167681570637506 0.1
1679 0.07189059012315707 0.1167681570637506 0.1
1680 0.0917771121072803 0.1167681570637506 0.1
1681 0.11564093841343 0.1167681570637506 0.1
1682 0.1442775296705146 0.1167681570637507 0.1
1683 0.178641439287834 0.1167681570637506 0.1
1684 0.2198781310794918 0.1167681570637506 0.1
1685 0.2693621611095051 0.1167681570637506 0.1
1686 0.3287429969614515 0.1167681570637506 0.1
1687 0.04150840397319461 0.1386970785303644 0.1
1688 0.05531848848853091 0.1386970785303644 0.1
1689 0.07189059012520749 0.1386970785303644 0.1
1690 0.09177711211056098 0.1386970785303644 0.1
1691 0.115640938418351 0.1386970785303644 0.1
1692 0.1442775296776008 0.1386970785303644 0.1
1693 0.1786414392977548 0.1386970785303644 0.1
1694 0.2198781310930975 0.1386970785303644 0.1
1695 0.2693621611278728 0.1386970785303644 0.1
1696 0.3287429969859417 0.1386970785303644 0.1
1697 0.04150840397376421 0.1650117840046968 0.1
1698 0.05531848848989782 0.1650117840046968 0.1
1699 0.07189059012766799 0.1650117840046968 0.1
1700 0.09177711211449782 0.1650117840046968 0.1
1701 0.1156409384242563 0.1650117840046968 0.1
1702 0.1442775296861044 0.1650117840046968 0.1
1703 0.1786414393096598 0.1650117840046968 0.1
1704 0.2198781311094243 0.1650117840046968 0.1
1705 0.269362161149914 0.1650117840046968 0.1
1706 0.3287429970153301 0.1650117840046968 0.1
1707 0.04150840397444763 0.1965894306733284 0.1
1708 0.0553184884915382 0.1965894306733284 0.1
1709 0.07189059013062063 0.1965894306733284 0.1
1710 0.091777112119222 0.1965894306733284 0.1
1711 0.1156409384313426 0.1965894306733284 0.1
1712 0.1442775296963086 0.1965894306733284 0.1
1713 0.1786414393239458 0.1965894306733284 0.1
1714 0.2198781311290165 0.1965894306733284 0.1
1715 0.2693621611763635 0.1965894306733284 0.1
1716 0.3287429970505961 0.1965894306733284 0.1
1717 0.04150840397526784 0.2344826069055457 0.1
1718 0.0553184884935066 0.2344826069055457 0.1
1719 0.07189059013416374 0.2344826069055457 0.1
1720 0.09177711212489104 0.2344826069055457 0.1
1721 0.1156409384398461 0.2344826069055457 0.1
1722 0.1442775297085538 0.2344826069055457 0.1
1723 0.1786414393410889 0.2344826069055457 0.1
1724 0.2198781311525271 0.2344826069055457 0.1
1725 0.2693621612081028 0.2344826069055457 0.1
1726 0.3287429970929153 0.2344826069055457 0.1
1727 0.04150840397625205 0.2799544182731479 0.1
1728 0.05531848849586873 0.2799544182731479 0.1
1729 0.07189059013841551 0.2799544182731479 0.1
1730 0.09177711213169391 0.2799544182731479 0.1
1731 0.1156409384500504 0.2799544182731479 0.1
1732 0.1442775297232479 0.2799544182731479 0.1
1733 0.1786414393616607 0.2799544182731479 0.1
1734 0.2198781311807398 0.2799544182731479 0.1
1735 0.26936216124619 0.2799544182731479 0.1
1736 0.3287429971436984 0.2799544182731479 0.1
1737 0.04150840397743308 0.3345205917441559 0.1
1738 0.05531848849870327 0.334520591744156 0.1
1739 0.07189059014351765 0.3345205917441559 0.1
1740 0.09177711213985729 0.3345205917441559 0.1
1741 0.1156409384622955 0.334520591744156 0.1
1742 0.1442775297408809 0.3345205917441559 0.1
1743 0.1786414393863468 0.3345205917441559 0.1
1744 0.2198781312145951 0.3345205917441559 0.1
1745 0.2693621612918947 0.3345205917441559 0.1
1746 0.3287429972046381 0.3345205917441559 0.1
1747 0.02499999999999998 0 0.112
1748 0.02499999999999998 0 0.124
1749 0.02499999999999998 0 0.138
1750 0.02499999999999998 0 0.152
1751 0.02499999999999998 0 0.166
1752 0.02499999999999998 0 0.187
1753 0.02499999999999998 0 0.208
1754 0.02499999999999998 0 0.229
1755 0.02499999999999998 0 0.25
1756 0.02499999999999998 0 0.2875
1757 0.02499999999999998 0 0.3250000000000001
1758 0.02499999999999998 0 0.3625
1759 0.01999999999999997 0 0.112
1760 0.01999999999999997 0 0.124
1761 0.01999999999999997 0 0.138
1762 0.01999999999999997 0 0.152
1763 0.01999999999999997 0 0.166
1764 0.01999999999999997 0 0.187
1765 0.01999999999999997 0 0.208
1766 0.01999999999999997 0 0.229
1767 0.01999999999999997 0 0.25
1768 0.01999999999999997 0 0.2875
1769 0.01999999999999997 0 0.3250000000000001
1770 0.01999999999999997 0 0.3625
1771 0.01499999999999995 0 0.112
1772 0.01499999999999995 0 0.124
1773 0.01499999999999995 0 0.138
1774 0.01499999999999995 0 0.152
1775 0.01499999999999995 0 0.166
1776 0.01499999999999995 0 0.187
1777 0.01499999999999995 0 0.208
1778 0.01499999999999995 0 0.229
1779 0.01499999999999995 0 0.25
1780 0.01499999999999995 0 0.2875
1781 0.01499999999999995 0 0.3250000000000001
1782 0.01499999999999995 0 0.3625
1783 0.009999999999999964 0 0.112
1784 0.009999999999999964 0 0.124
1785 0.009999999999999964 0 0.138
1786 0.009999999999999964 0 0.152
1787 0.009999999999999964 0 0.166
1788 0.009999999999999964 0 0.187
1789 0.009999999999999964 0 0.208
1790 0.009999999999999964 0 0.229
1791 0.009999999999999964 0 0.25
1792 0.009999999999999964 0 0.2875
1793 0.009999999999999964 0 0.3250000000000001
1794 0.009999999999999964 0 0.3625
1795 0.004999999999999984 0 0.112
1796 0.004999999999999984 0 0.124
1797 0.004999999999999984 0 0.138
1798 0.004999999999999984 0 0.152
1799 0.004999999999999984 0 0.166
1800 0.004999999999999984 0 0.187
1801 0.004999999999999984 0 0.208
1802 0.004999999999999984 0 0.229
1803 0.004999999999999984 0 0.25
1804 0.004999999999999984 0 0.2875
1805 0.004999999999999984 0 0.3250000000000001
1806 0.004999999999999984 0 0.3625
1807 0 0.01000000000000003 0.112
1808 0 0.01000000000000003 0.124
1809 0 0.01000000000000003 0.138
1810 0 0.01000000000000003 0.152
1811 0 0.01000000000000003 0.166
1812 0 0.01000000000000003 0.187
1813 0 0.01000000000000003 0.208
1814 0 0.01000000000000003 0.229
1815 0 0.01000000000000003 0.25
1816 0 0.01000000000000003 0.2875
1817 0 0.01000000000000003 0.3250000000000001
1818 0 0.01000000000000003 0.3625
1819 0 0.02000000000000006 0.112
1820 0 0.02000000000000006 0.124
1821 0 0.02000000000000006 0.138
1822 0 0.02000000000000006 0.152
1823 0 0.02000000000000006 0.166
1824 0 0.02000000000000006 0.187
1825 0 0.02000000000000006 0.208
1826 0 0.02000000000000006 0.229
1827 0 0.02000000000000006 0.25
1828 0 0.02000000000000006 0.2875
1829 0 0.02000000000000006 0.3250000000000001
1830 0 0.02000000000000006 0.3625
1831 0 0.0300000000000001 0.112
1832 0 0.0300000000000001 0.124
1833 0 0.0300000000000001 0.138
1834 0 0.0300000000000001 0.152
1835 0 0.0300000000000001 0.166
1836 0 0.0300000000000001 0.187
1837 0 0.0300000000000001 0.208
1838 0 0.0300000000000001 0.229
1839 0 0.0300000000000001 0.25
1840 0 0.0300000000000001 0.2875
1841 0 0.0300000000000001 0.3250000000000001
1842 0 0.0300000000000001 0.3625
1843 0 0.04000000000000007 0.112
1844 0 0.04000000000000007 0.124
1845 0 0.04000000000000007 0.138
1846 0 0.04000000000000007 0.152
1847 0 0.04000000000000007 0.166
1848 0 0.04000000000000007 0.187
1849 0 0.04000000000000007 0.208
1850 0 0.04000000000000007 0.229
1851 0 0.04000000000000007 0.25
1852 0 0.04000000000000007 0.2875
1853 0 0.04000000000000007 0.3250000000000001
1854 0 0.04000000000000007 0.3625
1855 0 0.05000000000000003 0.112
1856 0 0.05000000000000003 0.124
1857 0 0.05000000000000003 0.138
1858 0 0.05000000000000003 0.152
1859 0 0.05000000000000003 0.166
1860 0 0.05000000000000003 0.187
1861 0 0.05000000000000003 0.208
1862 0 0.05000000000000003 0.229
1863 0 0.05000000000000003 0.25
1864 0 0.05000000000000003 0.2875
1865 0 0.05000000000000003 0.3250000000000001
1866 0 0.05000000000000003 0.3625
1867 0.005000000000000014 0.06 0.112
1868 0.005000000000000014 0.06 0.124
1869 0.005000000000000014 0.06 0.138
1870 0.005000000000000014 0.06 0.152
1871 0.005000000000000014 0.06 0.166
1872 0.005000000000000014 0.06 0.187
1873 0.005000000000000014 0.06 0.208
1874 0.005000000000000014 0.06 0.229
1875 0.005000000000000014 0.06 0.25
1876 0.005000000000000014 0.06 0.2875
1877 0.005000000000000014 0.06 0.3250000000000001
1878 0.005000000000000014 0.06 0.3625
1879 0.01000000000000003 0.06 0.112
1880 0.01000000000000003 0.06 0.124
1881 0.01000000000000003 0.06 0.138
1882 0.01000000000000003 0.06 0.152
1883 0.01000000000000003 0.06 0.166
1884 0.01000000000000003 0.06 0.187
1885 0.01000000000000003 0.06 0.208
1886 0.01000000000000003 0.06 0.229
1887 0.01000000000000003 0.06 0.25
1888 0.01000000000000003 0.06 0.2875
1889 0.01000000000000003 0.06 0.3250000000000001
1890 0.01000000000000003 0.06 0.3625
1891 0.01500000000000005 0.06 0.112
1892 0.01500000000000005 0.06 0.124
1893 0.01500000000000005 0.06 0.138
1894 0.01500000000000005 0.06 0.152
1895 0.01500000000000005 0.06 0.166
1896 0.01500000000000005 0.06 0.187
1897 0.01500000000000005 0.06 0.208
1898 0.01500000000000005 0.06 0.229
1899 0.01500000000000005 0.06 0.25
1900 0.01500000000000005 0.06 0.2875
1901 0.01500000000000005 0.06 0.3250000000000001
1902 0.01500000000000005 0.06 0.3625
1903 0.02000000000000004 0.06 0.112
1904 0.02000000000000004 0.06 0.124
1905 0.02000000000000004 0.06 0.138
1906 0.02000000000000004 0.06 0.152
1907 0.02000000000000004 0.06 0.166
1908 0.02000000000000004 0.06 0.187
1909 0.02000000000000004 0.06 0.208
1910 0.02000000000000004 0.06 0.229
1911 0.02000000000000004 0.06 0.25
1912 0.02000000000000004 0.06 0.2875
1913 0.02000000000000004 0.06 0.3250000000000001
1914 0.02000000000000004 0.06 0.3625
1915 0.02500000000000002 0.06 0.112
1916 0.02500000000000002 0.06 0.124
1917 0.02500000000000002 0.06 0.138
1918 0.02500000000000002 0.06 0.152
1919 0.02500000000000002 0.06 0.166
1920 0.02500000000000002 0.06 0.187
1921 0.02500000000000002 0.06 0.208
1922 0.02500000000000002 0.06 0.229
1923 0.02500000000000002 0.06 0.25
1924 0.02500000000000002 0.06 0.2875
1925 0.02500000000000002 0.06 0.3250000000000001
1926 0.02500000000000002 0.06 0.3625
1927 0.03 0.04999999999999997 0.112
1928 0.03 0.04999999999999997 0.124
1929 0.03 0.04999999999999997 0.138
1930 0.03 0.04999999999999997 0.152
1931 0.03 0.04999999999999997 0.166
1932 0.03 0.04999999999999997 0.187
1933 0.03 0.04999999999999997 0.208
1934 0.03 0.04999999999999997 0.229
1935 0.03 0.04999999999999997 0.25
1936 0.03 0.04999999999999997 0.2875
1937 0.03 0.04999999999999997 0.3250000000000001
1938 0.03 0.04999999999999997 0.3625
1939 0.03 0.03999999999999994 0.112
1940 0.03 0.03999999999999994 0.124
1941 0.03 0.03999999999999994 0.138
1942 0.03 0.03999999999999994 0.152
1943 0.03 0.03999999999999994 0.166
1944 0.03 0.03999999999999994 0.187
1945 0.03 0.03999999999999994 0.208
1946 0.03 0.03999999999999994 0.229
1947 0.03 0.03999999999999994 0.25
1948 0.03 0.03999999999999994 0.2875
1949 0.03 0.03999999999999994 0.3250000000000001
1950 0.03 0.03999999999999994 0.3625
1951 0.03 0.0299999999999999 0.112
1952 0.03 0.0299999999999999 0.124
1953 0.03 0.0299999999999999 0.138
1954 0.03 0.0299999999999999 0.152
1955 0.03 0.0299999999999999 0.166
1956 0.03 0.0299999999999999 0.187
1957 0.03 0.0299999999999999 0.208
1958 0.03 0.0299999999999999 0.229
1959 0.03 0.0299999999999999 0.25
1960 0.03 0.0299999999999999 0.2875
1961 0.03 0.0299999999999999 0.3250000000000001
1962 0.03 0.0299999999999999 0.3625
1963 0.03 0.01999999999999993 0.112
1964 0.03 0.01999999999999993 0.124
1965 0.03 0.01999999999999993 0.138
1966 0.03 0.01999999999999993 0.152
1967 0.03 0.01999999999999993 0.166
1968 0.03 0.01999999999999993 0.187
1969 0.03 0.01999999999999993 0.208
1970 0.03 0.01999999999999993 0.229
1971 0.03 0.01999999999999993 0.25
1972 0.03 0.01999999999999993 0.2875
1973 0.03 0.01999999999999993 0.3250000000000001
1974 0.03 0.01999999999999993 0.3625
1975 0.03 0.009999999999999967 0.112
1976 0.03 0.009999999999999967 0.124
1977 0.03 0.009999999999999967 0.138
1978 0.03 0.009999999999999967 0.152
1979 0.03 0.009999999999999967 0.166
1980 0.03 0.009999999999999967 0.187
1981 0.03 0.009999999999999967 0.208
1982 0.03 0.009999999999999967 0.229
1983 0.03 0.009999999999999967 0.25
1984 0.03 0.009999999999999967 0.2875
1985 0.03 0.009999999999999967 0.3250000000000001
1986 0.03 0.009999999999999967 0.3625
1987 0.02499999999999999 0.009999999999999985 0.4
1988 0.02499999999999999 0.01999999999999996 0.4
1989 0.025 0.02999999999999993 0.4
1990 0.02500000000000001 0.03999999999999995 0.4
1991 0.02500000000000001 0.04999999999999999 0.4
1992 0.01999999999999998 0.009999999999999988 0.4
1993 0.01999999999999999 0.01999999999999998 0.4
1994 0.02 0.02999999999999996 0.4
1995 0.02000000000000001 0.03999999999999998 0.4
1996 0.02000000000000002 0.04999999999999999 0.4
1997 0.01499999999999996 0.009999999999999998 0.4
1998 0.01499999999999998 0.01999999999999999 0.4
1999 0.015 0.03 0.4
2000 0.01500000000000002 0.04000000000000001 0.4
2001 0.01500000000000003 0.05 0.4
2002 0.009999999999999978 0.01000000000000001 0.4
2003 0.009999999999999985 0.02000000000000002 0.4
2004 0.009999999999999998 0.03000000000000003 0.4
2005 0.01000000000000001 0.04000000000000002 0.4
2006 0.01000000000000002 0.05 0.4
2007 0.004999999999999992 0.01000000000000002 0.4
2008 0.004999999999999994 0.02000000000000005 0.4
2009 0.004999999999999999 0.03000000000000006 0.4
2010 0.005000000000000003 0.04000000000000005 0.4
2011 0.005000000000000008 0.05000000000000002 0.4
2012 0.04150840397149123 0 0.112
2013 0.04150840397149123 0 0.124
2014 0.04150840397149123 0 0.138
2015 0.04150840397149123 0 0.152
2016 0.04150840397149123 0 0.166
2017 0.04150840397149123 0 0.187
2018 0.04150840397149123 0 0.208
2019 0.04150840397149123 0 0.229
2020 0.04150840397149123 0 0.25
2021 0.04150840397149123 0 0.2875
2022 0.04150840397149123 0 0.3250000000000001
2023 0.04150840397149123 0 0.3625
2024 0.05531848848444284 0 0.112
2025 0.05531848848444284 0 0.124
2026 0.05531848848444284 0 0.138
2027 0.05531848848444284 0 0.152
2028 0.05531848848444284 0 0.166
2029 0.05531848848444284 0 0.187
2030 0.05531848848444284 0 0.208
2031 0.05531848848444284 0 0.229
2032 0.05531848848444284 0 0.25
2033 0.05531848848444284 0 0.2875
2034 0.05531848848444284 0 0.3250000000000001
2035 0.05531848848444284 0 0.3625
2036 0.07189059011784901 0 0.112
2037 0.07189059011784901 0 0.124
2038 0.07189059011784901 0 0.138
2039 0.07189059011784901 0 0.152
2040 0.07189059011784901 0 0.166
2041 0.07189059011784901 0 0.187
2042 0.07189059011784901 0 0.208
2043 0.07189059011784901 0 0.229
2044 0.07189059011784901 0 0.25
2045 0.07189059011784901 0 0.2875
2046 0.07189059011784901 0 0.3250000000000001
2047 0.07189059011784901 0 0.3625
2048 0.09177711209878746 0 0.112
2049 0.09177711209878746 0 0.124
2050 0.09177711209878746 0 0.138
2051 0.09177711209878746 0 0.152
2052 0.09177711209878746 0 0.166
2053 0.09177711209878746 0 0.187
2054 0.09177711209878746 0 0.208
2055 0.09177711209878746 0 0.229
2056 0.09177711209878746 0 0.25
2057 0.09177711209878746 0 0.2875
2058 0.09177711209878746 0 0.3250000000000001
2059 0.09177711209878746 0 0.3625
2060 0.1156409384006907 0 0.112
2061 0.1156409384006907 0 0.124
2062 0.1156409384006907 0 0.138
2063 0.1156409384006907 0 0.152
2064 0.1156409384006907 0 0.166
2065 0.1156409384006907 0 0.187
2066 0.1156409384006907 0 0.208
2067 0.1156409384006907 0 0.229
2068 0.1156409384006907 0 0.25
2069 0.1156409384006907 0 0.2875
2070 0.1156409384006907 0 0.3250000000000001
2071 0.1156409384006907 0 0.3625
2072 0.14427752965217 0 0.112
2073 0.14427752965217 0 0.124
2074 0.14427752965217 0 0.138
2075 0.14427752965217 0 0.152
2076 0.14427752965217 0 0.166
2077 0.14427752965217 0 0.187
2078 0.14427752965217 0 0.208
2079 0.14427752965217 0 0.229
2080 0.14427752965217 0 0.25
2081 0.14427752965217 0 0.2875
2082 0.14427752965217 0 0.3250000000000001
2083 0.14427752965217 0 0.3625
2084 0.1786414392621517 0 0.112
2085 0.1786414392621517 0 0.124
2086 0.1786414392621517 0 0.138
2087 0.1786414392621517 0 0.152
2088 0.1786414392621517 0 0.166
2089 0.1786414392621517 0 0.187
2090 0.1786414392621517 0 0.208
2091 0.1786414392621517 0 0.229
2092 0.1786414392621517 0 0.25
2093 0.1786414392621517 0 0.2875
2094 0.1786414392621517 0 0.3250000000000001
2095 0.1786414392621517 0 0.3625
2096 0.2198781310442703 0 0.112
2097 0.2198781310442703 0 0.124
2098 0.2198781310442703 0 0.138
2099 0.2198781310442703 0 0.152
2100 0.2198781310442703 0 0.166
2101 0.2198781310442703 0 0.187
2102 0.2198781310442703 0 0.208
2103 0.2198781310442703 0 0.229
2104 0.2198781310442703 0 0.25
2105 0.2198781310442703 0 0.2875
2106 0.2198781310442703 0 0.3250000000000001
2107 0.2198781310442703 0 0.3625
2108 0.269362161061956 0 0.112
2109 0.269362161061956 0 0.124
2110 0.269362161061956 0 0.138
2111 0.269362161061956 0 0.152
2112 0.269362161061956 0 0.166
2113 0.269362161061956 0 0.187
2114 0.269362161061956 0 0.208
2115 0.269362161061956 0 0.229
2116 0.269362161061956 0 0.25
2117 0.269362161061956 0 0.2875
2118 0.269362161061956 0 0.3250000000000001
2119 0.269362161061956 0 0.3625
2120 0.3287429968980526 0 0.112
2121 0.3287429968980526 0 0.124
2122 0.3287429968980526 0 0.138
2123 0.3287429968980526 0 0.152
2124 0.3287429968980526 0 0.166
2125 0.3287429968980526 0 0.187
2126 0.3287429968980526 0 0.208
2127 0.3287429968980526 0 0.229
2128 0.3287429968980526 0 0.25
2129 0.3287429968980526 0 0.2875
2130 0.3287429968980526 0 0.3250000000000001
2131 0.3287429968980526 0 0.3625
2132 0.4 0.01000000000000003 0.112
2133 0.4 0.01000000000000003 0.124
2134 0.4 0.01000000000000003 0.138
2135 0.4 0.01000000000000003 0.152
2136 0.4 0.01000000000000003 0.166
2137 0.4 0.01000000000000003 0.187
2138 0.4 0.01000000000000003 0.208
2139 0.4 0.01000000000000003 0.229
2140 0.4 0.01000000000000003 0.25
2141 0.4 0.01000000000000003 0.2875
2142 0.4 0.01000000000000003 0.3250000000000001
2143 0.4 0.01000000000000003 0.3625
2144 0.4 0.02000000000000006 0.112
2145 0.4 0.02000000000000006 0.124
2146 0.4 0.02000000000000006 0.138
2147 0.4 0.02000000000000006 0.152
2148 0.4 0.02000000000000006 0.166
2149 0.4 0.02000000000000006 0.187
2150 0.4 0.02000000000000006 0.208
2151 0.4 0.02000000000000006 0.229
2152 0.4 0.02000000000000006 0.25
2153 0.4 0.02000000000000006 0.2875
2154 0.4 0.02000000000000006 0.3250000000000001
2155 0.4 0.02000000000000006 0.3625
2156 0.4 0.0300000000000001 0.112
2157 0.4 0.0300000000000001 0.124
2158 0.4 0.0300000000000001 0.138
2159 0.4 0.0300000000000001 0.152
2160 0.4 0.0300000000000001 0.166
2161 0.4 0.0300000000000001 0.187
2162 0.4 0.0300000000000001 0.208
2163 0.4 0.0300000000000001 0.229
2164 0.4 0.0300000000000001 0.25
2165 0.4 0.0300000000000001 0.2875
2166 0.4 0.0300000000000001 0.3250000000000001
2167 0.4 0.0300000000000001 0.3625
2168 0.4 0.04000000000000007 0.112
2169 0.4 0.04000000000000007 0.124
2170 0.4 0.04000000000000007 0.138
2171 0.4 0.04000000000000007 0.152
2172 0.4 0.04000000000000007 0.166
2173 0.4 0.04000000000000007 0.187
2174 0.4 0.04000000000000007 0.208
2175 0.4 0.04000000000000007 0.229
2176 0.4 0.04000000000000007 0.25
2177 0.4 0.04000000000000007 0.2875
2178 0.4 0.04000000000000007 0.3250000000000001
2179 0.4 0.04000000000000007 0.3625
2180 0.4 0.05000000000000003 0.112
2181 0.4 0.05000000000000003 0.124
2182 0.4 0.05000000000000003 0.138
2183 0.4 0.05000000000000003 0.152
2184 0.4 0.05000000000000003 0.166
2185 0.4 0.05000000000000003 0.187
2186 0.4 0.05000000000000003 0.208
2187 0.4 0.05000000000000003 0.229
2188 0.4 0.05000000000000003 0.25
2189 0.4 0.05000000000000003 0.2875
2190 0.4 0.05000000000000003 0.3250000000000001
2191 0.4 0.05000000000000003 0.3625
2192 0.04150840397149123 0.06 0.112
2193 0.04150840397149123 0.06 0.124
2194 0.04150840397149123 0.06 0.138
2195 0.04150840397149123 0.06 0.152
2196 0.04150840397149123 0.06 0.166
2197 0.04150840397149123 0.06 0.187
2198 0.04150840397149123 0.06 0.208
2199 0.04150840397149123 0.06 0.229
2200 0.04150840397149123 0.06 0.25
2201 0.04150840397149123 0.06 0.2875
2202 0.04150840397149123 0.06 0.3250000000000001
2203 0.04150840397149123 0.06 0.3625
2204 0.05531848848444284 0.06 0.112
2205 0.05531848848444284 0.06 0.124
2206 0.05531848848444284 0.06 0.138
2207 0.05531848848444284 0.06 0.152
2208 0.05531848848444284 0.06 0.166
2209 0.05531848848444284 0.06 0.187
2210 0.05531848848444284 0.06 0.208
2211 0.05531848848444284 0.06 0.229
2212 0.05531848848444284 0.06 0.25
2213 0.05531848848444284 0.06 0.2875
2214 0.05531848848444284 0.06 0.3250000000000001
2215 0.05531848848444284 0.06 0.3625
2216 0.07189059011784901 0.06 0.112
2217 0.07189059011784901 0.06 0.124
2218 0.07189059011784901 0.06 0.138
2219 0.07189059011784901 0.06 0.152
2220 0.07189059011784901 0.06 0.166
2221 0.07189059011784901 0.06 0.187
2222 0.07189059011784901 0.06 0.208
2223 0.07189059011784901 0.06 0.229
2224 0.07189059011784901 0.06 0.25
2225 0.07189059011784901 0.06 0.2875
2226 0.07189059011784901 0.06 0.3250000000000001
2227 0.07189059011784901 0.06 0.3625
2228 0.09177711209878746 0.06 0.112
2229 0.09177711209878746 0.06 0.124
2230 0.09177711209878746 0.06 0.138
2231 0.09177711209878746 0.06 0.152
2232 0.09177711209878746 0.06 0.166
2233 0.09177711209878746 0.06 0.187
2234 0.09177711209878746 0.06 0.208
2235 0.09177711209878746 0.06 0.229
2236 0.09177711209878746 0.06 0.25
2237 0.09177711209878746 0.06 0.2875
2238 0.09177711209878746 0.06 0.3250000000000001
2239 0.09177711209878746 0.06 0.3625
2240 0.1156409384006907 0.06 0.112
2241 0.1156409384006907 0.06 0.124
2242 0.1156409384006907 0.06 0.138
2243 0.1156409384006907 0.06 0.152
2244 0.1156409384006907 0.06 0.166
2245 0.1156409384006907 0.06 0.187
2246 0.1156409384006907 0.06 0.208
2247 0.1156409384006907 0.06 0.229
2248 0.1156409384006907 0.06 0.25
2249 0.1156409384006907 0.06 0.2875
2250 0.1156409384006907 0.06 0.3250000000000001
2251 0.1156409384006907 0.06 0.3625
2252 0.14427752965217 0.06 0.112
2253 0.14427752965217 0.06 0.124
2254 0.14427752965217 0.06 0.138
2255 0.14427752965217 0.06 0.152
2256 0.14427752965217 0.06 0.166
2257 0.14427752965217 0.06 0.187
2258 0.14427752965217 0.06 0.208
2259 0.14427752965217 0.06 0.229
2260 0.14427752965217 0.06 0.25
2261 0.14427752965217 0.06 0.2875
2262 0.14427752965217 0.06 0.3250000000000001
2263 0.14427752965217 0.06 0.3625
2264 0.1786414392621517 0.06 0.112
2265 0.1786414392621517 0.06 0.124
2266 0.1786414392621517 0.06 0.138
2267 0.1786414392621517 0.06 0.152
2268 0.1786414392621517 0.06 0.166
2269 0.1786414392621517 0.06 0.187
2270 0.1786414392621517 0.06 0.208
2271 0.1786414392621517 0.06 0.229
2272 0.1786414392621517 0.06 0.25
2273 0.1786414392621517 0.06 0.2875
2274 0.1786414392621517 0.06 0.3250000000000001
2275 0.1786414392621517 0.06 0.3625
2276 0.2198781310442703 0.06 0.112
2277 0.2198781310442703 0.06 0.124
2278 0.2198781310442703 0.06 0.138
2279 0.2198781310442703 0.06 0.152
2280 0.2198781310442703 0.06 0.166
2281 0.2198781310442703 0.06 0.187
2282 0.2198781310442703 0.06 0.208
2283 0.2198781310442703 0.06 0.229
2284 0.2198781310442703 0.06 0.25
2285 0.2198781310442703 0.06 0.2875
2286 0.2198781310442703 0.06 0.3250000000000001
2287 0.2198781310442703 0.06 0.3625
2288 0.269362161061956 0.06 0.112
2289 0.269362161061956 0.06 0.124
2290 0.269362161061956 0.06 0.138
2291 0.269362161061956 0.06 0.152
2292 0.269362161061956 0.06 0.166
2293 0.269362161061956 0.06 0.187
2294 0.269362161061956 0.06 0.208
2295 0.269362161061956 0.06 0.229
2296 0.269362161061956 0.06 0.25
2297 0.269362161061956 0.06 0.2875
2298 0.269362161061956 0.06 0.3250000000000001
2299 0.269362161061956 0.06 0.3625
2300 0.3287429968980526 0.06 0.112
2301 0.3287429968980526 0.06 0.124
2302 0.3287429968980526 0.06 0.138
2303 0.3287429968980526 0.06 0.152
2304 0.3287429968980526 0.06 0.166
2305 0.3287429968980526 0.06 0.187
2306 0.3287429968980526 0.06 0.208
2307 0.3287429968980526 0.06 0.229
2308 0.3287429968980526 0.06 0.25
2309 0.3287429968980526 0.06 0.2875
2310 0.3287429968980526 0.06 0.3250000000000001
2311 0.3287429968980526 0.06 0.3625
2312 0.04150840397149122 0.009999999999999978 0.4
2313 0.04150840397149119 0.01999999999999993 0.4
2314 0.04150840397149128 0.02999999999999991 0.4
2315 0.04150840397149119 0.03999999999999995 0.4
2316 0.04150840397149119 0.04999999999999997 0.4
2317 0.05531848848444287 0.009999999999999978 0.4
2318 0.05531848848444285 0.01999999999999993 0.4
2319 0.05531848848444285 0.02999999999999991 0.4
2320 0.05531848848444285 0.03999999999999995 0.4
2321 0.05531848848444285 0.04999999999999998 0.4
2322 0.07189059011784901 0.009999999999999981 0.4
2323 0.07189059011784901 0.01999999999999995 0.4
2324 0.07189059011784901 0.02999999999999992 0.4
2325 0.07189059011784901 0.03999999999999995 0.4
2326 0.07189059011784904 0.04999999999999998 0.4
2327 0.09177711209878749 0.009999999999999978 0.4
2328 0.09177711209878742 0.01999999999999996 0.4
2329 0.09177711209878747 0.02999999999999993 0.4
2330 0.09177711209878749 0.03999999999999996 0.4
2331 0.0917771120987875 0.04999999999999998 0.4
2332 0.1156409384006907 0.009999999999999981 0.4
2333 0.1156409384006907 0.01999999999999996 0.4
2334 0.1156409384006907 0.02999999999999994 0.4
2335 0.1156409384006907 0.03999999999999997 0.4
2336 0.1156409384006907 0.04999999999999998 0.4
2337 0.14427752965217 0.009999999999999992 0.4
2338 0.14427752965217 0.01999999999999997 0.4
2339 0.14427752965217 0.02999999999999996 0.4
2340 0.14427752965217 0.03999999999999998 0.4
2341 0.14427752965217 0.04999999999999999 0.4
2342 0.1786414392621517 0.009999999999999995 0.4
2343 0.1786414392621517 0.01999999999999998 0.4
2344 0.1786414392621517 0.02999999999999998 0.4
2345 0.1786414392621517 0.03999999999999999 0.4
2346 0.1786414392621517 0.04999999999999999 0.4
2347 0.2198781310442703 0.01000000000000001 0.4
2348 0.2198781310442703 0.02 0.4
2349 0.2198781310442703 0.03 0.4
2350 0.2198781310442703 0.04000000000000001 0.4
2351 0.2198781310442703 0.05 0.4
2352 0.2693621610619561 0.01000000000000001 0.4
2353 0.2693621610619561 0.02000000000000002 0.4
2354 0.269362161061956 0.03000000000000003 0.4
2355 0.269362161061956 0.04000000000000003 0.4
2356 0.269362161061956 0.05 0.4
2357 0.3287429968980526 0.01000000000000002 0.4
2358 0.3287429968980526 0.02000000000000004 0.4
2359 0.3287429968980526 0.03000000000000006 0.4
2360 0.3287429968980526 0.04000000000000005 0.4
2361 0.3287429968980526 0.05000000000000002 0.4
2362 0 0.3345205918338276 0.112
2363 0 0.3345205918338276 0.124
2364 0 0.3345205918338276 0.138
2365 0 0.3345205918338276 0.152
2366 0 0.3345205918338276 0.166
2367 0 0.3345205918338276 0.187
2368 0 0.3345205918338276 0.208
2369 0 0.3345205918338276 0.229
2370 0 0.3345205918338276 0.25
2371 0 0.3345205918338276 0.2875
2372 0 0.3345205918338276 0.3250000000000001
2373 0 0.3345205918338276 0.3625
2374 0 0.2799544181027518 0.112
2375 0 0.2799544181027518 0.124
2376 0 0.2799544181027518 0.138
2377 0 0.2799544181027518 0.152
2378 0 0.2799544181027518 0.166
2379 0 0.2799544181027518 0.187
2380 0 0.2799544181027518 0.208
2381 0 0.2799544181027518 0.229
2382 0 0.2799544181027518 0.25
2383 0 0.2799544181027518 0.2875
2384 0 0.2799544181027518 0.3250000000000001
2385 0 0.2799544181027518 0.3625
2386 0 0.2344826065592795 0.112
2387 0 0.2344826065592795 0.124
2388 0 0.2344826065592795 0.138
2389 0 0.2344826065592795 0.152
2390 0 0.2344826065592795 0.166
2391 0 0.2344826065592795 0.187
2392 0 0.2344826065592795 0.208
2393 0 0.2344826065592795 0.229
2394 0 0.2344826065592795 0.25
2395 0 0.2344826065592795 0.2875
2396 0 0.2344826065592795 0.3250000000000001
2397 0 0.2344826065592795 0.3625
2398 0 0.1965894302145495 0.112
2399 0 0.1965894302145495 0.124
2400 0 0.1965894302145495 0.138
2401 0 0.1965894302145495 0.152
2402 0 0.1965894302145495 0.166
2403 0 0.1965894302145495 0.187
2404 0 0.1965894302145495 0.208
2405 0 0.1965894302145495 0.229
2406 0 0.1965894302145495 0.25
2407 0 0.1965894302145495 0.2875
2408 0 0.1965894302145495 0.3250000000000001
2409 0 0.1965894302145495 0.3625
2410 0 0.1650117834805276 0.112
2411 0 0.1650117834805276 0.124
2412 0 0.1650117834805276 0.138
2413 0 0.1650117834805276 0.152
2414 0 0.1650117834805276 0.166
2415 0 0.1650117834805276 0.187
2416 0 0.1650117834805276 0.208
2417 0 0.1650117834805276 0.229
2418 0 0.1650117834805276 0.25
2419 0 0.1650117834805276 0.2875
2420 0 0.1650117834805276 0.3250000000000001
2421 0 0.1650117834805276 0.3625
2422 0 0.1386970779753458 0.112
2423 0 0.1386970779753458 0.124
2424 0 0.1386970779753458 0.138
2425 0 0.1386970779753458 0.152
2426 0 0.1386970779753458 0.166
2427 0 0.1386970779753458 0.187
2428 0 0.1386970779753458 0.208
2429 0 0.1386970779753458 0.229
2430 0 0.1386970779753458 0.25
2431 0 0.1386970779753458 0.2875
2432 0 0.1386970779753458 0.3250000000000001
2433 0 0.1386970779753458 0.3625
2434 0 0.1167681565027259 0.112
2435 0 0.1167681565027259 0.124
2436 0 0.1167681565027259 0.138
2437 0 0.1167681565027259 0.152
2438 0 0.1167681565027259 0.166
2439 0 0.1167681565027259 0.187
2440 0 0.1167681565027259 0.208
2441 0 0.1167681565027259 0.229
2442 0 0.1167681565027259 0.25
2443 0 0.1167681565027259 0.2875
2444 0 0.1167681565027259 0.3250000000000001
2445 0 0.1167681565027259 0.3625
2446 0 0.09849405523435772 0.112
2447 0 0.09849405523435772 0.124
2448 0 0.09849405523435772 0.138
2449 0 0.09849405523435772 0.152
2450 0 0.09849405523435772 0.166
2451 0 0.09849405523435772 0.187
2452 0 0.09849405523435772 0.208
2453 0 0.09849405523435772 0.229
2454 0 0.09849405523435772 0.25
2455 0 0.09849405523435772 0.2875
2456 0 0.09849405523435772 0.3250000000000001
2457 0 0.09849405523435772 0.3625
2458 0 0.08326563754036659 0.112
2459 0 0.08326563754036659 0.124
2460 0 0.08326563754036659 0.138
2461 0 0.08326563754036659 0.152
2462 0 0.08326563754036659 0.166
2463 0 0.08326563754036659 0.187
2464 0 0.08326563754036659 0.208
2465 0 0.08326563754036659 0.229
2466 0 0.08326563754036659 0.25
2467 0 0.08326563754036659 0.2875
2468 0 0.08326563754036659 0.3250000000000001
2469 0 0.08326563754036659 0.3625
2470 0 0.07057528964027499 0.112
2471 0 0.07057528964027499 0.124
2472 0 0.07057528964027499 0.138
2473 0 0.07057528964027499 0.152
2474 0 0.07057528964027499 0.166
2475 0 0.07057528964027499 0.187
2476 0 0.07057528964027499 0.208
2477 0 0.07057528964027499 0.229
2478 0 0.07057528964027499 0.25
2479 0 0.07057528964027499 0.2875
2480 0 0.07057528964027499 0.3250000000000001
2481 0 0.07057528964027499 0.3625
2482 0.03 0.07057529013596492 0.112
2483 0.03 0.07057529013596492 0.124
2484 0.03 0.07057529013596492 0.138
2485 0.03 0.07057529013596492 0.152
2486 0.03 0.07057529013596492 0.166
2487 0.03 0.07057529013596492 0.187
2488 0.03 0.07057529013596492 0.208
2489 0.03 0.07057529013596492 0.229
2490 0.03 0.07057529013596492 0.25
2491 0.03 0.07057529013596492 0.2875
2492 0.03 0.07057529013596492 0.3250000000000001
2493 0.03 0.07057529013596492 0.3625
2494 0.03 0.08326563806678529 0.112
2495 0.03 0.08326563806678529 0.124
2496 0.03 0.08326563806678529 0.138
2497 0.03 0.08326563806678529 0.152
2498 0.03 0.08326563806678529 0.166
2499 0.03 0.08326563806678529 0.187
2500 0.03 0.08326563806678529 0.208
2501 0.03 0.08326563806678529 0.229
2502 0.03 0.08326563806678529 0.25
2503 0.03 0.08326563806678529 0.2875
2504 0.03 0.08326563806678529 0.3250000000000001
2505 0.03 0.08326563806678529 0.3625
2506 0.03 0.0984940557839693 0.112
2507 0.03 0.0984940557839693 0.124
2508 0.03 0.0984940557839693 0.138
2509 0.03 0.0984940557839693 0.152
2510 0.03 0.0984940557839693 0.166
2511 0.03 0.0984940557839693 0.187
2512 0.03 0.0984940557839693 0.208
2513 0.03 0.0984940557839693 0.229
2514 0.03 0.0984940557839693 0.25
2515 0.03 0.0984940557839693 0.2875
2516 0.03 0.0984940557839693 0.3250000000000001
2517 0.03 0.0984940557839693 0.3625
2518 0.03 0.1167681570637506 0.112
2519 0.03 0.1167681570637506 0.124
2520 0.03 0.1167681570637506 0.138
2521 0.03 0.1167681570637506 0.152
2522 0.03 0.1167681570637506 0.166
2523 0.03 0.1167681570637506 0.187
2524 0.03 0.1167681570637506 0.208
2525 0.03 0.1167681570637506 0.229
2526 0.03 0.1167681570637506 0.25
2527 0.03 0.1167681570637506 0.2875
2528 0.03 0.1167681570637506 0.3250000000000001
2529 0.03 0.1167681570637506 0.3625
2530 0.03 0.1386970785303644 0.112
2531 0.03 0.1386970785303644 0.124
2532 0.03 0.1386970785303644 0.138
2533 0.03 0.1386970785303644 0.152
2534 0.03 0.1386970785303644 0.166
2535 0.03 0.1386970785303644 0.187
2536 0.03 0.1386970785303644 0.208
2537 0.03 0.1386970785303644 0.229
2538 0.03 0.1386970785303644 0.25
2539 0.03 0.1386970785303644 0.2875
2540 0.03 0.1386970785303644 0.3250000000000001
2541 0.03 0.1386970785303644 0.3625
2542 0.03 0.1650117840046968 0.112
2543 0.03 0.1650117840046968 0.124
2544 0.03 0.1650117840046968 0.138
2545 0.03 0.1650117840046968 0.152
2546 0.03 0.1650117840046968 0.166
2547 0.03 0.1650117840046968 0.187
2548 0.03 0.1650117840046968 0.208
2549 0.03 0.1650117840046968 0.229
2550 0.03 0.1650117840046968 0.25
2551 0.03 0.1650117840046968 0.2875
2552 0.03 0.1650117840046968 0.3250000000000001
2553 0.03 0.1650117840046968 0.3625
2554 0.03 0.1965894306733284 0.112
2555 0.03 0.1965894306733284 0.124
2556 0.03 0.1965894306733284 0.138
2557 0.03 0.1965894306733284 0.152
2558 0.03 0.1965894306733284 0.166
2559 0.03 0.1965894306733284 0.187
2560 0.03 0.1965894306733284 0.208
2561 0.03 0.1965894306733284 0.229
2562 0.03 0.1965894306733284 0.25
2563 0.03 0.1965894306733284 0.2875
2564 0.03 0.1965894306733284 0.3250000000000001
2565 0.03 0.1965894306733284 0.3625
2566 0.03 0.2344826069055457 0.112
2567 0.03 0.2344826069055457 0.124
2568 0.03 0.2344826069055457 0.138
2569 0.03 0.2344826069055457 0.152
2570 0.03 0.2344826069055457 0.166
2571 0.03 0.2344826069055457 0.187
2572 0.03 0.2344826069055457 0.208
2573 0.03 0.2344826069055457 0.229
2574 0.03 0.2344826069055457 0.25
2575 0.03 0.2344826069055457 0.2875
2576 0.03 0.2344826069055457 0.3250000000000001
2577 0.03 0.2344826069055457 0.3625
2578 0.03 0.2799544182731479 0.112
2579 0.03 0.2799544182731479 0.124
2580 0.03 0.2799544182731479 0.138
2581 0.03 0.2799544182731479 0.152
2582 0.03 0.2799544182731479 0.166
2583 0.03 0.2799544182731479 0.187
2584 0.03 0.2799544182731479 0.208
2585 0.03 0.2799544182731479 0.229
2586 0.03 0.2799544182731479 0.25
2587 0.03 0.2799544182731479 0.2875
2588 0.03 0.2799544182731479 0.3250000000000001
2589 0.03 0.2799544182731479 0.3625
2590 0.03 0.3345205917441559 0.112
2591 0.03 0.3345205917441559 0.124
2592 0.03 0.3345205917441559 0.138
2593 0.03 0.3345205917441559 0.152
2594 0.03 0.3345205917441559 0.166
2595 0.03 0.3345205917441559 0.187
2596 0.03 0.3345205917441559 0.208
2597 0.03 0.3345205917441559 0.229
2598 0.03 0.3345205917441559 0.25
2599 0.03 0.3345205917441559 0.2875
2600 0.03 0.3345205917441559 0.3250000000000001
2601 0.03 0.3345205917441559 0.3625
2602 0.02499999999999998 0.4 0.112
2603 0.02499999999999998 0.4 0.124
2604 0.02499999999999998 0.4 0.138
2605 0.02499999999999998 0.4 0.152
2606 0.02499999999999998 0.4 0.166
2607 0.02499999999999998 0.4 0.187
2608 0.02499999999999998 0.4 0.208
2609 0.02499999999999998 0.4 0.229
2610 0.02499999999999998 0.4 0.25
2611 0.02499999999999998 0.4 0.2875
2612 0.02499999999999998 0.4 0.3250000000000001
2613 0.02499999999999998 0.4 0.3625
2614 0.01999999999999997 0.4 0.112
2615 0.01999999999999997 0.4 0.124
2616 0.01999999999999997 0.4 0.138
2617 0.01999999999999997 0.4 0.152
2618 0.01999999999999997 0.4 0.166
2619 0.01999999999999997 0.4 0.187
2620 0.01999999999999997 0.4 0.208
2621 0.01999999999999997 0.4 0.229
2622 0.01999999999999997 0.4 0.25
2623 0.01999999999999997 0.4 0.2875
2624 0.01999999999999997 0.4 0.3250000000000001
2625 0.01999999999999997 0.4 0.3625
2626 0.01499999999999995 0.4 0.112
2627 0.01499999999999995 0.4 0.124
2628 0.01499999999999995 0.4 0.138
2629 0.01499999999999995 0.4 0.152
2630 0.01499999999999995 0.4 0.166
2631 0.01499999999999995 0.4 0.187
2632 0.01499999999999995 0.4 0.208
2633 0.01499999999999995 0.4 0.229
2634 0.01499999999999995 0.4 0.25
2635 0.01499999999999995 0.4 0.2875
2636 0.01499999999999995 0.4 0.3250000000000001
2637 0.01499999999999995 0.4 0.3625
2638 0.009999999999999964 0.4 0.112
2639 0.009999999999999964 0.4 0.124
2640 0.009999999999999964 0.4 0.138
2641 0.009999999999999964 0.4 0.152
2642 0.009999999999999964 0.4 0.166
2643 0.009999999999999964 0.4 0.187
2644 0.009999999999999964 0.4 0.208
2645 0.009999999999999964 0.4 0.229
2646 0.009999999999999964 0.4 0.25
2647 0.009999999999999964 0.4 0.2875
2648 0.009999999999999964 0.4 0.3250000000000001
2649 0.009999999999999964 0.4 0.3625
2650 0.004999999999999984 0.4 0.112
2651 0.004999999999999984 0.4 0.124
2652 0.004999999999999984 0.4 0.138
2653 0.004999999999999984 0.4 0.152
2654 0.004999999999999984 0.4 0.166
2655 0.004999999999999984 0.4 0.187
2656 0.004999999999999984 0.4 0.208
2657 0.004999999999999984 0.4 0.229
2658 0.004999999999999984 0.4 0.25
2659 0.004999999999999984 0.4 0.2875
2660 0.004999999999999984 0.4 0.3250000000000001
2661 0.004999999999999984 0.4 0.3625
2662 0.004999999999999987 0.3345205918188823 0.4
2663 0.009999999999999978 0.3345205918039371 0.4
2664 0.01499999999999997 0.3345205917889918 0.4
2665 0.01999999999999998 0.3345205917740465 0.4
2666 0.02499999999999999 0.3345205917591012 0.4
2667 0.004999999999999992 0.2799544181311512 0.4
2668 0.009999999999999988 0.2799544181595505 0.4
2669 0.01499999999999999 0.2799544181879499 0.4
2670 0.01999999999999999 0.2799544182163492 0.4
2671 0.02499999999999999 0.2799544182447485 0.4
2672 0.004999999999999998 0.2344826066169906 0.4
2673 0.009999999999999997 0.2344826066747016 0.4
2674 0.015 0.2344826067324126 0.4
2675 0.02 0.2344826067901236 0.4
2676 0.025 0.2344826068478347 0.4
2677 0.005000000000000001 0.1965894302910126 0.4
2678 0.01000000000000001 0.1965894303674758 0.4
2679 0.01500000000000001 0.196589430443939 0.4
2680 0.02000000000000001 0.1965894305204021 0.4
2681 0.025 0.1965894305968653 0.4
2682 0.005000000000000003 0.1650117835678891 0.4
2683 0.01000000000000001 0.1650117836552507 0.4
2684 0.01500000000000002 0.1650117837426122 0.4
2685 0.02000000000000001 0.1650117838299737 0.4
2686 0.025 0.1650117839173352 0.4
2687 0.005000000000000006 0.1386970780678489 0.4
2688 0.01000000000000002 0.138697078160352 0.4
2689 0.01500000000000003 0.1386970782528551 0.4
2690 0.02000000000000002 0.1386970783453582 0.4
2691 0.02500000000000001 0.1386970784378613 0.4
2692 0.005000000000000006 0.1167681565962301 0.4
2693 0.01000000000000002 0.1167681566897341 0.4
2694 0.01500000000000003 0.1167681567832383 0.4
2695 0.02000000000000002 0.1167681568767424 0.4
2696 0.02500000000000001 0.1167681569702465 0.4
2697 0.005000000000000008 0.09849405532595967 0.4
2698 0.01000000000000002 0.09849405541756157 0.4
2699 0.01500000000000004 0.09849405550916351 0.4
2700 0.02000000000000002 0.09849405560076546 0.4
2701 0.02500000000000002 0.09849405569236735 0.4
2702 0.005000000000000011 0.08326563762810307 0.4
2703 0.01000000000000003 0.0832656377158395 0.4
2704 0.01500000000000004 0.08326563780357593 0.4
2705 0.02000000000000003 0.08326563789131239 0.4
2706 0.02500000000000002 0.08326563797904882 0.4
2707 0.005000000000000011 0.07057528972288996 0.4
2708 0.01000000000000003 0.07057528980550501 0.4
2709 0.01500000000000005 0.07057528988811995 0.4
2710 0.02000000000000003 0.07057528997073495 0.4
2711 0.02500000000000002 0.07057529005334989 0.4
2712 0.3287429972777656 0.4 0.112
2713 0.3287429972777656 0.4 0.124
2714 0.3287429972777656 0.4 0.138
2715 0.3287429972777656 0.4 0.152
2716 0.3287429972777656 0.4 0.166
2717 0.3287429972777656 0.4 0.187
2718 0.3287429972777656 0.4 0.208
2719 0.3287429972777656 0.4 0.229
2720 0.3287429972777656 0.4 0.25
2721 0.3287429972777656 0.4 0.2875
2722 0.3287429972777656 0.4 0.3250000000000001
2723 0.3287429972777656 0.4 0.3625
2724 0.2693621613467403 0.4 0.112
2725 0.2693621613467403 0.4 0.124
2726 0.2693621613467403 0.4 0.138
2727 0.2693621613467403 0.4 0.152
2728 0.2693621613467403 0.4 0.166
2729 0.2693621613467403 0.4 0.187
2730 0.2693621613467403 0.4 0.208
2731 0.2693621613467403 0.4 0.229
2732 0.2693621613467403 0.4 0.25
2733 0.2693621613467403 0.4 0.2875
2734 0.2693621613467403 0.4 0.3250000000000001
2735 0.2693621613467403 0.4 0.3625
2736 0.2198781312552215 0.4 0.112
2737 0.2198781312552215 0.4 0.124
2738 0.2198781312552215 0.4 0.138
2739 0.2198781312552215 0.4 0.152
2740 0.2198781312552215 0.4 0.166
2741 0.2198781312552215 0.4 0.187
2742 0.2198781312552215 0.4 0.208
2743 0.2198781312552215 0.4 0.229
2744 0.2198781312552215 0.4 0.25
2745 0.2198781312552215 0.4 0.2875
2746 0.2198781312552215 0.4 0.3250000000000001
2747 0.2198781312552215 0.4 0.3625
2748 0.1786414394159702 0.4 0.112
2749 0.1786414394159702 0.4 0.124
2750 0.1786414394159702 0.4 0.138
2751 0.1786414394159702 0.4 0.152
2752 0.1786414394159702 0.4 0.166
2753 0.1786414394159702 0.4 0.187
2754 0.1786414394159702 0.4 0.208
2755 0.1786414394159702 0.4 0.229
2756 0.1786414394159702 0.4 0.25
2757 0.1786414394159702 0.4 0.2875
2758 0.1786414394159702 0.4 0.3250000000000001
2759 0.1786414394159702 0.4 0.3625
2760 0.1442775297620405 0.4 0.112
2761 0.1442775297620405 0.4 0.124
2762 0.1442775297620405 0.4 0.138
2763 0.1442775297620405 0.4 0.152
2764 0.1442775297620405 0.4 0.166
2765 0.1442775297620405 0.4 0.187
2766 0.1442775297620405 0.4 0.208
2767 0.1442775297620405 0.4 0.229
2768 0.1442775297620405 0.4 0.25
2769 0.1442775297620405 0.4 0.2875
2770 0.1442775297620405 0.4 0.3250000000000001
2771 0.1442775297620405 0.4 0.3625
2772 0.1156409384769897 0.4 0.112
2773 0.1156409384769897 0.4 0.124
2774 0.1156409384769897 0.4 0.138
2775 0.1156409384769897 0.4 0.152
2776 0.1156409384769897 0.4 0.166
2777 0.1156409384769897 0.4 0.187
2778 0.1156409384769897 0.4 0.208
2779 0.1156409384769897 0.4 0.229
2780 0.1156409384769897 0.4 0.25
2781 0.1156409384769897 0.4 0.2875
2782 0.1156409384769897 0.4 0.3250000000000001
2783 0.1156409384769897 0.4 0.3625
2784 0.09177711214965345 0.4 0.112
2785 0.09177711214965345 0.4 0.124
2786 0.09177711214965345 0.4 0.138
2787 0.09177711214965345 0.4 0.152
2788 0.09177711214965345 0.4 0.166
2789 0.09177711214965345 0.4 0.187
2790 0.09177711214965345 0.4 0.208
2791 0.09177711214965345 0.4 0.229
2792 0.09177711214965345 0.4 0.25
2793 0.09177711214965345 0.4 0.2875
2794 0.09177711214965345 0.4 0.3250000000000001
2795 0.09177711214965345 0.4 0.3625
2796 0.07189059014964022 0.4 0.112
2797 0.07189059014964022 0.4 0.124
2798 0.07189059014964022 0.4 0.138
2799 0.07189059014964022 0.4 0.152
2800 0.07189059014964022 0.4 0.166
2801 0.07189059014964022 0.4 0.187
2802 0.07189059014964022 0.4 0.208
2803 0.07189059014964022 0.4 0.229
2804 0.07189059014964022 0.4 0.25
2805 0.07189059014964022 0.4 0.2875
2806 0.07189059014964022 0.4 0.3250000000000001
2807 0.07189059014964022 0.4 0.3625
2808 0.05531848850210475 0.4 0.112
2809 0.05531848850210475 0.4 0.124
2810 0.05531848850210475 0.4 0.138
2811 0.05531848850210475 0.4 0.152
2812 0.05531848850210475 0.4 0.166
2813 0.05531848850210475 0.4 0.187
2814 0.05531848850210475 0.4 0.208
2815 0.05531848850210475 0.4 0.229
2816 0.05531848850210475 0.4 0.25
2817 0.05531848850210475 0.4 0.2875
2818 0.05531848850210475 0.4 0.3250000000000001
2819 0.05531848850210475 0.4 0.3625
2820 0.04150840397885036 0.4 0.112
2821 0.04150840397885036 0.4 0.124
2822 0.04150840397885036 0.4 0.138
2823 0.04150840397885036 0.4 0.152
2824 0.04150840397885036 0.4 0.166
2825 0.04150840397885036 0.4 0.187
2826 0.04150840397885036 0.4 0.208
2827 0.04150840397885036 0.4 0.229
2828 0.04150840397885036 0.4 0.25
2829 0.04150840397885036 0.4 0.2875
2830 0.04150840397885036 0.4 0.3250000000000001
2831 0.04150840397885036 0.4 0.3625
2832 0.4 0.07057529013596492 0.112
2833 0.4 0.07057529013596492 0.124
2834 0.4 0.07057529013596492 0.138
2835 0.4 0.07057529013596492 0.152
2836 0.4 0.07057529013596492 0.166
2837 0.4 0.07057529013596492 0.187
2838 0.4 0.07057529013596492 0.208
2839 0.4 0.07057529013596492 0.229
2840 0.4 0.07057529013596492 0.25
2841 0.4 0.07057529013596492 0.2875
2842 0.4 0.07057529013596492 0.3250000000000001
2843 0.4 0.07057529013596492 0.3625
2844 0.4 0.08326563806678529 0.112
2845 0.4 0.08326563806678529 0.124
2846 0.4 0.08326563806678529 0.138
2847 0.4 0.08326563806678529 0.152
2848 0.4 0.08326563806678529 0.166
2849 0.4 0.08326563806678529 0.187
2850 0.4 0.08326563806678529 0.208
2851 0.4 0.08326563806678529 0.229
2852 0.4 0.08326563806678529 0.25
2853 0.4 0.08326563806678529 0.2875
2854 0.4 0.08326563806678529 0.3250000000000001
2855 0.4 0.08326563806678529 0.3625
2856 0.4 0.0984940557839693 0.112
2857 0.4 0.0984940557839693 0.124
2858 0.4 0.0984940557839693 0.138
2859 0.4 0.0984940557839693 0.152
2860 0.4 0.0984940557839693 0.166
2861 0.4 0.0984940557839693 0.187
2862 0.4 0.0984940557839693 0.208
2863 0.4 0.0984940557839693 0.229
2864 0.4 0.0984940557839693 0.25
2865 0.4 0.0984940557839693 0.2875
2866 0.4 0.0984940557839693 0.3250000000000001
2867 0.4 0.0984940557839693 0.3625
2868 0.4 0.1167681570637506 0.112
2869 0.4 0.1167681570637506 0.124
2870 0.4 0.1167681570637506 0.138
2871 0.4 0.1167681570637506 0.152
2872 0.4 0.1167681570637506 0.166
2873 0.4 0.1167681570637506 0.187
2874 0.4 0.1167681570637506 0.208
2875 0.4 0.1167681570637506 0.229
2876 0.4 0.1167681570637506 0.25
2877 0.4 0.1167681570637506 0.2875
2878 0.4 0.1167681570637506 0.3250000000000001
2879 0.4 0.1167681570637506 0.3625
2880 0.4 0.1386970785303644 0.112
2881 0.4 0.1386970785303644 0.124
2882 0.4 0.1386970785303644 0.138
2883 0.4 0.1386970785303644 0.152
2884 0.4 0.1386970785303644 0.166
2885 0.4 0.1386970785303644 0.187
2886 0.4 0.1386970785303644 0.208
2887 0.4 0.1386970785303644 0.229
2888 0.4 0.1386970785303644 0.25
2889 0.4 0.1386970785303644 0.2875
2890 0.4 0.1386970785303644 0.3250000000000001
2891 0.4 0.1386970785303644 0.3625
2892 0.4 0.1650117840046968 0.112
2893 0.4 0.1650117840046968 0.124
2894 0.4 0.1650117840046968 0.138
2895 0.4 0.1650117840046968 0.152
2896 0.4 0.1650117840046968 0.166
2897 0.4 0.1650117840046968 0.187
2898 0.4 0.1650117840046968 0.208
2899 0.4 0.1650117840046968 0.229
2900 0.4 0.1650117840046968 0.25
2901 0.4 0.1650117840046968 0.2875
2902 0.4 0.1650117840046968 0.3250000000000001
2903 0.4 0.1650117840046968 0.3625
2904 0.4 0.1965894306733284 0.112
2905 0.4 0.1965894306733284 0.124
2906 0.4 0.1965894306733284 0.138
2907 0.4 0.1965894306733284 0.152
2908 0.4 0.1965894306733284 0.166
2909 0.4 0.1965894306733284 0.187
2910 0.4 0.1965894306733284 0.208
2911 0.4 0.1965894306733284 0.229
2912 0.4 0.1965894306733284 0.25
2913 0.4 0.1965894306733284 0.2875
2914 0.4 0.1965894306733284 0.3250000000000001
2915 0.4 0.1965894306733284 0.3625
2916 0.4 0.2344826069055457 0.112
2917 0.4 0.2344826069055457 0.124
2918 0.4 0.2344826069055457 0.138
2919 0.4 0.2344826069055457 0.152
2920 0.4 0.2344826069055457 0.166
2921 0.4 0.2344826069055457 0.187
2922 0.4 0.2344826069055457 0.208
2923 0.4 0.2344826069055457 0.229
2924 0.4 0.2344826069055457 0.25
2925 0.4 0.2344826069055457 0.2875
2926 0.4 0.2344826069055457 0.3250000000000001
2927 0.4 0.2344826069055457 0.3625
2928 0.4 0.2799544182731479 0.112
2929 0.4 0.2799544182731479 0.124
2930 0.4 0.2799544182731479 0.138
2931 0.4 0.2799544182731479 0.152
2932 0.4 0.2799544182731479 0.166
2933 0.4 0.2799544182731479 0.187
2934 0.4 0.2799544182731479 0.208
2935 0.4 0.2799544182731479 0.229
2936 0.4 0.2799544182731479 0.25
2937 0.4 0.2799544182731479 0.2875
2938 0.4 0.2799544182731479 0.3250000000000001
2939 0.4 0.2799544182731479 0.3625
2940 0.4 0.3345205917441559 0.112
2941 0.4 0.3345205917441559 0.124
2942 0.4 0.3345205917441559 0.138
2943 0.4 0.3345205917441559 0.152
2944 0.4 0.3345205917441559 0.166
2945 0.4 0.3345205917441559 0.187
2946 0.4 0.3345205917441559 0.208
2947 0.4 0.3345205917441559 0.229
2948 0.4 0.3345205917441559 0.25
2949 0.4 0.3345205917441559 0.2875
2950 0.4 0.3345205917441559 0.3250000000000001
2951 0.4 0.3345205917441559 0.3625
2952 0.04150840397172015 0.07057529013596486 0.4
2953 0.05531848848499216 0.07057529013596489 0.4
2954 0.07189059011883783 0.07057529013596495 0.4
2955 0.09177711210036957 0.07057529013596492 0.4
2956 0.1156409384030639 0.07057529013596492 0.4
2957 0.1442775296555874 0.07057529013596492 0.4
2958 0.1786414392669361 0.07057529013596497 0.4
2959 0.2198781310508317 0.07057529013596492 0.4
2960 0.2693621610708139 0.07057529013596492 0.4
2961 0.3287429969098631 0.07057529013596492 0.4
2962 0.04150840397199484 0.08326563806678533 0.4
2963 0.05531848848565141 0.08326563806678527 0.4
2964 0.07189059012002444 0.08326563806678533 0.4
2965 0.09177711210226816 0.08326563806678533 0.4
2966 0.1156409384059117 0.08326563806678527 0.4
2967 0.1442775296596882 0.08326563806678533 0.4
2968 0.1786414392726772 0.08326563806678525 0.4
2969 0.2198781310587053 0.08326563806678527 0.4
2970 0.2693621610814433 0.08326563806678525 0.4
2971 0.3287429969240357 0.08326563806678525 0.4
2972 0.04150840397232447 0.0984940557839693 0.4
2973 0.05531848848644241 0.0984940557839693 0.4
2974 0.07189059012144833 0.0984940557839693 0.4
2975 0.09177711210454639 0.0984940557839693 0.4
2976 0.1156409384093291 0.0984940557839693 0.4
2977 0.1442775296646093 0.0984940557839693 0.4
2978 0.1786414392795667 0.0984940557839693 0.4
2979 0.2198781310681537 0.0984940557839693 0.4
2980 0.2693621610941987 0.0984940557839693 0.4
2981 0.3287429969410429 0.0984940557839693 0.4
2982 0.04150840397271999 0.1167681570637506 0.4
2983 0.05531848848739171 0.1167681570637506 0.4
2984 0.07189059012315707 0.1167681570637506 0.4
2985 0.0917771121072803 0.1167681570637506 0.4
2986 0.11564093841343 0.1167681570637506 0.4
2987 0.1442775296705146 0.1167681570637507 0.4
2988 0.178641439287834 0.1167681570637506 0.4
2989 0.2198781310794918 0.1167681570637506 0.4
2990 0.2693621611095051 0.1167681570637506 0.4
2991 0.3287429969614515 0.1167681570637506 0.4
2992 0.04150840397319461 0.1386970785303644 0.4
2993 0.05531848848853091 0.1386970785303644 0.4
2994 0.07189059012520749 0.1386970785303644 0.4
2995 0.09177711211056098 0.1386970785303644 0.4
2996 0.115640938418351 0.1386970785303644 0.4
2997 0.1442775296776008 0.1386970785303644 0.4
2998 0.1786414392977548 0.1386970785303644 0.4
2999 0.2198781310930975 0.1386970785303644 0.4
3000 0.2693621611278728 0.1386970785303644 0.4
3001 0.3287429969859417 0.1386970785303644 0.4
3002 0.04150840397376421 0.1650117840046968 0.4
3003 0.05531848848989782 0.1650117840046968 0.4
3004 0.07189059012766799 0.1650117840046968 0.4
3005 0.09177711211449782 0.1650117840046968 0.4
3006 0.1156409384242563 0.1650117840046968 0.4
3007 0.1442775296861044 0.1650117840046968 0.4
3008 0.1786414393096598 0.1650117840046968 0.4
3009 0.2198781311094243 0.1650117840046968 0.4
3010 0.269362161149914 0.1650117840046968 0.4
3011 0.3287429970153301 0.1650117840046968 0.4
3012 0.04150840397444763 0.1965894306733284 0.4
3013 0.0553184884915382 0.1965894306733284 0.4
3014 0.07189059013062063 0.1965894306733284 0.4
3015 0.091777112119222 0.1965894306733284 0.4
3016 0.1156409384313426 0.1965894306733284 0.4
3017 0.1442775296963086 0.1965894306733284 0.4
3018 0.1786414393239458 0.1965894306733284 0.4
3019 0.2198781311290165 0.1965894306733284 0.4
3020 0.2693621611763635 0.1965894306733284 0.4
3021 0.3287429970505961 0.1965894306733284 0.4
3022 0.04150840397526784 0.2344826069055457 0.4
3023 0.0553184884935066 0.2344826069055457 0.4
3024 0.07189059013416374 0.2344826069055457 0.4
3025 0.09177711212489104 0.2344826069055457 0.4
3026 0.1156409384398461 0.2344826069055457 0.4
3027 0.1442775297085538 0.2344826069055457 0.4
3028 0.1786414393410889 0.2344826069055457 0.4
3029 0.2198781311525271 0.2344826069055457 0.4
3030 0.2693621612081028 0.2344826069055457 0.4
3031 0.3287429970929153 0.2344826069055457 0.4
3032 0.04150840397625205 0.2799544182731479 0.4
3033 0.05531848849586873 0.2799544182731479 0.4
3034 0.07189059013841551 0.2799544182731479 0.4
3035 0.09177711213169391 0.2799544182731479 0.4
3036 0.1156409384500504 0.2799544182731479 0.4
3037 0.1442775297232479 0.2799544182731479 0.4
3038 0.1786414393616607 0.2799544182731479 0.4
3039 0.2198781311807398 0.2799544182731479 0.4
3040 0.26936216124619 0.2799544182731479 0.4
3041 0.3287429971436984 0.2799544182731479 0.4
3042 0.04150840397743308 0.3345205917441559 0.4
3043 0.05531848849870327 0.334520591744156 0.4
3044 0.07189059014351765 0.3345205917441559 0.4
3045 0.09177711213985729 0.3345205917441559 0.4
3046 0.1156409384622955 0.334520591744156 0.4
3047 0.1442775297408809 0.3345205917441559 0.4
3048 0.1786414393863468 0.3345205917441559 0.4
3049 0.2198781312145951 0.3345205917441559 0.4
3050 0.2693621612918947 0.3345205917441559 0.4
3051 0.3287429972046381 0.3345205917441559 0.4
3052 0.02499999999999999 0.009999999999999985 0.01
3053 0.02499999999999999 0.009999999999999985 0.02
3054 0.02499999999999999 0.009999999999999985 0.03
3055 0.02499999999999999 0.009999999999999985 0.04000000000000001
3056 0.02499999999999999 0.009999999999999985 0.05
3057 0.02499999999999999 0.009999999999999985 0.06
3058 0.02499999999999999 0.009999999999999985 0.06999999999999999
3059 0.02499999999999999 0.009999999999999985 0.08000000000000002
3060 0.02499999999999999 0.009999999999999985 0.09000000000000001
3061 0.02499999999999999 0.01999999999999996 0.01
3062 0.02499999999999999 0.01999999999999996 0.02
3063 0.02499999999999999 0.01999999999999996 0.03
3064 0.02499999999999999 0.01999999999999996 0.04000000000000001
3065 0.02499999999999999 0.01999999999999996 0.05
3066 0.02499999999999999 0.01999999999999996 0.06
3067 0.02499999999999999 0.01999999999999996 0.06999999999999999
3068 0.02499999999999999 0.01999999999999996 0.08000000000000002
3069 0.02499999999999999 0.01999999999999996 0.09000000000000001
3070 0.025 0.02999999999999993 0.01
3071 0.025 0.02999999999999993 0.02
3072 0.025 0.02999999999999993 0.03
3073 0.025 0.02999999999999993 0.04000000000000001
3074 0.025 0.02999999999999993 0.05
3075 0.025 0.02999999999999993 0.06
3076 0.025 0.02999999999999993 0.06999999999999999
3077 0.025 0.02999999999999993 0.08000000000000002
3078 0.025 0.02999999999999993 0.09000000000000001
3079 0.02500000000000001 0.03999999999999995 0.01
3080 0.02500000000000001 0.03999999999999995 0.02
3081 0.02500000000000001 0.03999999999999995 0.03
3082 0.02500000000000001 0.03999999999999995 0.04000000000000001
3083 0.02500000000000001 0.03999999999999995 0.05
3084 0.02500000000000001 0.03999999999999995 0.06
3085 0.02500000000000001 0.03999999999999995 0.06999999999999999
3086 0.02500000000000001 0.03999999999999995 0.08000000000000002
3087 0.02500000000000001 0.03999999999999995 0.09000000000000001
3088 0.02500000000000001 0.04999999999999999 0.01
3089 0.02500000000000001 0.04999999999999999 0.02
3090 0.02500000000000001 0.04999999999999999 0.03
3091 0.02500000000000001 0.04999999999999999 0.04000000000000001
3092 0.02500000000000001 0.04999999999999999 0.05
3093 0.02500000000000001 0.04999999999999999 0.06
3094 0.02500000000000001 0.04999999999999999 0.06999999999999999
3095 0.02500000000000001 0.04999999999999999 0.08000000000000002
3096 0.02500000000000001 0.04999999999999999 0.09000000000000001
3097 0.01999999999999998 0.009999999999999988 0.01
3098 0.01999999999999998 0.009999999999999988 0.02
3099 0.01999999999999998 0.009999999999999988 0.03
3100 0.01999999999999998 0.009999999999999988 0.04000000000000001
3101 0.01999999999999998 0.009999999999999988 0.05
3102 0.01999999999999998 0.009999999999999988 0.06
3103 0.01999999999999998 0.009999999999999988 0.06999999999999999
3104 0.01999999999999998 0.009999999999999988 0.08000000000000002
3105 0.01999999999999998 0.009999999999999988 0.09000000000000001
3106 0.01999999999999999 0.01999999999999998 0.01
3107 0.01999999999999999 0.01999999999999998 0.02
3108 0.01999999999999999 0.01999999999999998 0.03
3109 0.01999999999999999 0.01999999999999998 0.04000000000000001
3110 0.01999999999999999 0.01999999999999998 0.05
3111 0.01999999999999999 0.01999999999999998 0.06
3112 0.01999999999999999 0.01999999999999998 0.06999999999999999
3113 0.01999999999999999 0.01999999999999998 0.08000000000000002
3114 0.01999999999999999 0.01999999999999998 0.09000000000000001
3115 0.02 0.02999999999999996 0.01
3116 0.02 0.02999999999999996 0.02
3117 0.02 0.02999999999999996 0.03
3118 0.02 0.02999999999999996 0.04000000000000001
3119 0.02 0.02999999999999996 0.05
3120 0.02 0.02999999999999996 0.06
3121 0.02 0.02999999999999996 0.06999999999999999
3122 0.02 0.02999999999999996 0.08000000000000002
3123 0.02 0.02999999999999996 0.09000000000000001
3124 0.02000000000000001 0.03999999999999998 0.01
3125 0.02000000000000001 0.03999999999999998 0.02
3126 0.02000000000000001 0.03999999999999998 0.03
3127 0.02000000000000001 0.03999999999999998 0.04000000000000001
3128 0.02000000000000001 0.03999999999999998 0.05
3129 0.02000000000000001 0.03999999999999998 0.06
3130 0.02000000000000001 0.03999999999999998 0.06999999999999999
3131 0.02000000000000001 0.03999999999999998 0.08000000000000002
3132 0.02000000000000001 0.03999999999999998 0.09000000000000001
3133 0.02000000000000002 0.04999999999999999 0.01
3134 0.02000000000000002 0.04999999999999999 0.02
3135 0.02000000000000002 0.04999999999999999 0.03
3136 0.02000000000000002 0.04999999999999999 0.04000000000000001
3137 0.02000000000000002 0.04999999999999999 0.05
3138 0.02000000000000002 0.04999999999999999 0.06
3139 0.02000000000000002 0.04999999999999999 0.06999999999999999
3140 0.02000000000000002 0.04999999999999999 0.08000000000000002
3141 0.02000000000000002 0.04999999999999999 0.09000000000000001
3142 0.01499999999999996 0.009999999999999998 0.01
3143 0.01499999999999996 0.009999999999999998 0.02
3144 0.01499999999999996 0.009999999999999998 0.03
3145 0.01499999999999996 0.009999999999999998 0.04000000000000001
3146 0.01499999999999996 0.009999999999999998 0.05
3147 0.01499999999999996 0.009999999999999998 0.06
3148 0.01499999999999996 0.009999999999999998 0.06999999999999999
3149 0.01499999999999996 0.009999999999999998 0.08000000000000002
3150 0.01499999999999996 0.009999999999999998 0.09000000000000001
3151 0.01499999999999998 0.01999999999999999 0.01
3152 0.01499999999999998 0.01999999999999999 0.02
3153 0.01499999999999998 0.01999999999999999 0.03
3154 0.01499999999999998 0.01999999999999999 0.04000000000000001
3155 0.01499999999999998 0.01999999999999999 0.05
3156 0.01499999999999998 0.01999999999999999 0.06
3157 0.01499999999999998 0.01999999999999999 0.06999999999999999
3158 0.01499999999999998 0.01999999999999999 0.08000000000000002
3159 0.01499999999999998 0.01999999999999999 0.09000000000000001
3160 0.015 0.03 0.01
3161 0.015 0.03 0.02
3162 0.015 0.03 0.03
3163 0.015 0.03 0.04000000000000001
3164 0.015 0.03 0.05
3165 0.015 0.03 0.06
3166 0.015 0.03 0.06999999999999999
3167 0.015 0.03 0.08000000000000002
3168 0.015 0.03 0.09000000000000001
3169 0.01500000000000002 0.04000000000000001 0.01
3170 0.01500000000000002 0.04000000000000001 0.02
3171 0.01500000000000002 0.04000000000000001 0.03
3172 0.01500000000000002 0.04000000000000001 0.04000000000000001
3173 0.01500000000000002 0.04000000000000001 0.05
3174 0.01500000000000002 0.04000000000000001 0.06
3175 0.01500000000000002 0.04000000000000001 0.06999999999999999
3176 0.01500000000000002 0.04000000000000001 0.08000000000000002
3177 0.01500000000000002 0.04000000000000001 0.09000000000000001
3178 0.01500000000000003 0.05 0.01
3179 0.01500000000000003 0.05 0.02
3180 0.01500000000000003 0.05 0.03
3181 0.01500000000000003 0.05 0.04000000000000001
3182 0.01500000000000003 0.05 0.05
3183 0.01500000000000003 0.05 0.06
3184 0.01500000000000003 0.05 0.06999999999999999
3185 0.01500000000000003 0.05 0.08000000000000002
3186 0.01500000000000003 0.05 0.09000000000000001
3187 0.009999999999999978 0.01000000000000001 0.01
3188 0.009999999999999978 0.01000000000000001 0.02
3189 0.009999999999999978 0.01000000000000001 0.03
3190 0.009999999999999978 0.01000000000000001 0.04000000000000001
3191 0.009999999999999978 0.01000000000000001 0.05
3192 0.009999999999999978 0.01000000000000001 0.06
3193 0.009999999999999978 0.01000000000000001 0.06999999999999999
3194 0.009999999999999978 0.01000000000000001 0.08000000000000002
3195 0.009999999999999978 0.01000000000000001 0.09000000000000001
3196 0.009999999999999985 0.02000000000000002 0.01
3197 0.009999999999999985 0.02000000000000002 0.02
3198 0.009999999999999985 0.02000000000000002 0.03
3199 0.009999999999999985 0.02000000000000002 0.04000000000000001
3200 0.009999999999999985 0.02000000000000002 0.05
3201 0.009999999999999985 0.02000000000000002 0.06
3202 0.009999999999999985 0.02000000000000002 0.06999999999999999
3203 0.009999999999999985 0.02000000000000002 0.08000000000000002
3204 0.009999999999999985 0.02000000000000002 0.09000000000000001
3205 0.009999999999999998 0.03000000000000003 0.01
3206 0.009999999999999998 0.03000000000000003 0.02
3207 0.009999999999999998 0.03000000000000003 0.03
3208 0.009999999999999998 0.03000000000000003 0.04000000000000001
3209 0.009999999999999998 0.03000000000000003 0.05
3210 0.009999999999999998 0.03000000000000003 0.06
3211 0.009999999999999998 0.03000000000000003 0.06999999999999999
3212 0.009999999999999998 0.03000000000000003 0.08000000000000002
3213 0.009999999999999998 0.03000000000000003 0.09000000000000001
3214 0.01000000000000001 0.04000000000000002 0.01
3215 0.01000000000000001 0.04000000000000002 0.02
3216 0.01000000000000001 0.04000000000000002 0.03
3217 0.01000000000000001 0.04000000000000002 0.04000000000000001
3218 0.01000000000000001 0.04000000000000002 0.05
3219 0.01000000000000001 0.04000000000000002 0.06
3220 0.01000000000000001 0.04000000000000002 0.06999999999999999
3221 0.01000000000000001 0.04000000000000002 0.08000000000000002
3222 0.01000000000000001 0.04000000000000002 0.09000000000000001
3223 0.01000000000000002 0.05 0.01
3224 0.01000000000000002 0.05 0.02
3225 0.01000000000000002 0.05 0.03
3226 0.01000000000000002 0.05 0.04000000000000001
3227 0.01000000000000002 0.05 0.05
3228 0.01000000000000002 0.05 0.06
3229 0.01000000000000002 0.05 0.06999999999999999
3230 0.01000000000000002 0.05 0.08000000000000002
3231 0.01000000000000002 0.05 0.09000000000000001
3232 0.004999999999999992 0.01000000000000002 0.01
3233 0.004999999999999992 0.01000000000000002 0.02
3234 0.004999999999999992 0.01000000000000002 0.03
3235 0.004999999999999992 0.01000000000000002 0.04000000000000001
3236 0.004999999999999992 0.01000000000000002 0.05
3237 0.004999999999999992 0.01000000000000002 0.06
3238 0.004999999999999992 0.01000000000000002 0.06999999999999999
3239 0.004999999999999992 0.01000000000000002 0.08000000000000002
3240 0.004999999999999992 0.01000000000000002 0.09000000000000001
3241 0.004999999999999994 0.02000000000000005 0.01
3242 0.004999999999999994 0.02000000000000005 0.02
3243 0.004999999999999994 0.02000000000000005 0.03
3244 0.004999999999999994 0.02000000000000005 0.04000000000000001
3245 0.004999999999999994 0.02000000000000005 0.05
3246 0.004999999999999994 0.02000000000000005 0.06
3247 0.004999999999999994 0.02000000000000005 0.06999999999999999
3248 0.004999999999999994 0.02000000000000005 0.08000000000000002
3249 0.004999999999999994 0.02000000000000005 0.09000000000000001
3250 0.004999999999999999 0.03000000000000006 0.01
3251 0.004999999999999999 0.03000000000000006 0.02
3252 0.004999999999999999 0.03000000000000006 0.03
3253 0.004999999999999999 0.03000000000000006 0.04000000000000001
3254 0.004999999999999999 0.03000000000000006 0.05
3255 0.004999999999999999 0.03000000000000006 0.06
3256 0.004999999999999999 0.03000000000000006 0.06999999999999999
3257 0.004999999999999999 0.03000000000000006 0.08000000000000002
3258 0.004999999999999999 0.03000000000000006 0.09000000000000001
3259 0.005000000000000003 0.04000000000000005 0.01
3260 0.005000000000000003 0.04000000000000005 0.02
3261 0.005000000000000003 0.04000000000000005 0.03
3262 0.005000000000000003 0.04000000000000005 0.04000000000000001
3263 0.005000000000000003 0.04000000000000005 0.05
3264 0.005000000000000003 0.04000000000000005 0.06
3265 0.005000000000000003 0.04000000000000005 0.06999999999999999
3266 0.005000000000000003 0.04000000000000005 0.08000000000000002
3267 0.005000000000000003 0.04000000000000005 0.09000000000000001
3268 0.005000000000000008 0.05000000000000002 0.01
3269 0.005000000000000008 0.05000000000000002 0.02
3270 0.005000000000000008 0.05000000000000002 0.03
3271 0.005000000000000008 0.05000000000000002 0.04000000000000001
3272 0.005000000000000008 0.05000000000000002 0.05
3273 0.005000000000000008 0.05000000000000002 0.06
3274 0.005000000000000008 0.05000000000000002 0.06999999999999999
3275 0.005000000000000008 0.05000000000000002 0.08000000000000002
3276 0.005000000000000008 0.05000000000000002 0.09000000000000001
3277 0.04150840397149122 0.009999999999999978 0.01
3278 0.04150840397149122 0.009999999999999978 0.02
3279 0.04150840397149122 0.009999999999999978 0.03
3280 0.04150840397149122 0.009999999999999978 0.04000000000000001
3281 0.04150840397149122 0.009999999999999978 0.05
3282 0.04150840397149122 0.009999999999999978 0.06
3283 0.04150840397149122 0.009999999999999978 0.06999999999999999
3284 0.04150840397149122 0.009999999999999978 0.08000000000000002
3285 0.04150840397149122 0.009999999999999978 0.09000000000000001
3286 0.04150840397149119 0.01999999999999993 0.01
3287 0.04150840397149119 0.01999999999999993 0.02
3288 0.04150840397149119 0.01999999999999993 0.03
3289 0.04150840397149119 0.01999999999999993 0.04000000000000001
3290 0.04150840397149119 0.01999999999999993 0.05
3291 0.04150840397149119 0.01999999999999993 0.06
3292 0.04150840397149119 0.01999999999999993 0.06999999999999999
3293 0.04150840397149119 0.01999999999999993 0.08000000000000002
3294 0.04150840397149119 0.01999999999999993 0.09000000000000001
3295 0.04150840397149128 0.02999999999999991 0.01
3296 0.04150840397149128 0.02999999999999991 0.02
3297 0.04150840397149128 0.02999999999999991 0.03
3298 0.04150840397149128 0.02999999999999991 0.04000000000000001
3299 0.04150840397149128 0.02999999999999991 0.05
3300 0.04150840397149128 0.02999999999999991 0.06
3301 0.04150840397149128 0.02999999999999991 0.06999999999999999
3302 0.04150840397149128 0.02999999999999991 0.08000000000000002
3303 0.04150840397149128 0.02999999999999991 0.09000000000000001
3304 0.04150840397149119 0.03999999999999995 0.01
3305 0.04150840397149119 0.03999999999999995 0.02
3306 0.04150840397149119 0.03999999999999995 0.03
3307 0.04150840397149119 0.03999999999999995 0.04000000000000001
3308 0.04150840397149119 0.03999999999999995 0.05
3309 0.04150840397149119 0.03999999999999995 0.06
3310 0.04150840397149119 0.03999999999999995 0.06999999999999999
3311 0.04150840397149119 0.03999999999999995 0.08000000000000002
3312 0.04150840397149119 0.03999999999999995 0.09000000000000001
3313 0.04150840397149119 0.04999999999999997 0.01
3314 0.04150840397149119 0.04999999999999997 0.02
3315 0.04150840397149119 0.04999999999999997 0.03
3316 0.04150840397149119 0.04999999999999997 0.04000000000000001
3317 0.04150840397149119 0.04999999999999997 0.05
3318 0.04150840397149119 0.04999999999999997 0.06
3319 0.04150840397149119 0.04999999999999997 0.06999999999999999
3320 0.04150840397149119 0.04999999999999997 0.08000000000000002
3321 0.04150840397149119 0.04999999999999997 0.09000000000000001
3322 0.05531848848444287 0.009999999999999978 0.01
3323 0.05531848848444287 0.009999999999999978 0.02
3324 0.05531848848444287 0.009999999999999978 0.03
3325 0.05531848848444287 0.009999999999999978 0.04000000000000001
3326 0.05531848848444287 0.009999999999999978 0.05
3327 0.05531848848444287 0.009999999999999978 0.06
3328 0.05531848848444287 0.009999999999999978 0.06999999999999999
3329 0.05531848848444287 0.009999999999999978 0.08000000000000002
3330 0.05531848848444287 0.009999999999999978 0.09000000000000001
3331 0.05531848848444285 0.01999999999999993 0.01
3332 0.05531848848444285 0.01999999999999993 0.02
3333 0.05531848848444285 0.01999999999999993 0.03
3334 0.05531848848444285 0.01999999999999993 0.04000000000000001
3335 0.05531848848444285 0.01999999999999993 0.05
3336 0.05531848848444285 0.01999999999999993 0.06
3337 0.05531848848444285 0.01999999999999993 0.06999999999999999
3338 0.05531848848444285 0.01999999999999993 0.08000000000000002
3339 0.05531848848444285 0.01999999999999993 0.09000000000000001
3340 0.05531848848444285 0.02999999999999991 0.01
3341 0.05531848848444285 0.02999999999999991 0.02
3342 0.05531848848444285 0.02999999999999991 0.03
3343 0.05531848848444285 0.02999999999999991 0.04000000000000001
3344 0.05531848848444285 0.02999999999999991 0.05
3345 0.05531848848444285 0.02999999999999991 0.06
3346 0.05531848848444285 0.02999999999999991 0.06999999999999999
3347 0.05531848848444285 0.02999999999999991 0.08000000000000002
3348 0.05531848848444285 0.02999999999999991 0.09000000000000001
3349 0.05531848848444285 0.03999999999999995 0.01
3350 0.05531848848444285 0.03999999999999995 0.02
3351 0.05531848848444285 0.03999999999999995 0.03
3352 0.05531848848444285 0.03999999999999995 0.04000000000000001
3353 0.05531848848444285 0.03999999999999995 0.05
3354 0.05531848848444285 0.03999999999999995 0.06
3355 0.05531848848444285 0.03999999999999995 0.06999999999999999
3356 0.05531848848444285 0.03999999999999995 0.08000000000000002
3357 0.05531848848444285 0.03999999999999995 0.09000000000000001
3358 0.05531848848444285 0.04999999999999998 0.01
3359 0.05531848848444285 0.04999999999999998 0.02
3360 0.05531848848444285 0.04999999999999998 0.03
3361 0.05531848848444285 0.04999999999999998 0.04000000000000001
3362 0.05531848848444285 0.04999999999999998 0.05
3363 0.05531848848444285 0.04999999999999998 0.06
3364 0.05531848848444285 0.04999999999999998 0.06999999999999999
3365 0.05531848848444285 0.04999999999999998 0.08000000000000002
3366 0.05531848848444285 0.04999999999999998 0.09000000000000001
3367 0.07189059011784901 0.009999999999999981 0.01
3368 0.07189059011784901 0.009999999999999981 0.02
3369 0.07189059011784901 0.009999999999999981 0.03
3370 0.07189059011784901 0.009999999999999981 0.04000000000000001
3371 0.07189059011784901 0.009999999999999981 0.05
3372 0.07189059011784901 0.009999999999999981 0.06
3373 0.07189059011784901 0.009999999999999981 0.06999999999999999
3374 0.07189059011784901 0.009999999999999981 0.08000000000000002
3375 0.07189059011784901 0.009999999999999981 0.09000000000000001
3376 0.07189059011784901 0.01999999999999995 0.01
3377 0.07189059011784901 0.01999999999999995 0.02
3378 0.07189059011784901 0.01999999999999995 0.03
3379 0.07189059011784901 0.01999999999999995 0.04000000000000001
3380 0.07189059011784901 0.01999999999999995 0.05
3381 0.07189059011784901 0.01999999999999995 0.06
3382 0.07189059011784901 0.01999999999999995 0.06999999999999999
3383 0.07189059011784901 0.01999999999999995 0.08000000000000002
3384 0.07189059011784901 0.01999999999999995 0.09000000000000001
3385 0.07189059011784901 0.02999999999999992 0.01
3386 0.07189059011784901 0.02999999999999992 0.02
3387 0.07189059011784901 0.02999999999999992 0.03
3388 0.07189059011784901 0.02999999999999992 0.04000000000000001
3389 0.07189059011784901 0.02999999999999992 0.05
3390 0.07189059011784901 0.02999999999999992 0.06
3391 0.07189059011784901 0.02999999999999992 0.06999999999999999
3392 0.07189059011784901 0.02999999999999992 0.08000000000000002
3393 0.07189059011784901 0.02999999999999992 0.09000000000000001
3394 0.07189059011784901 0.03999999999999995 0.01
3395 0.07189059011784901 0.03999999999999995 0.02
3396 0.07189059011784901 0.03999999999999995 0.03
3397 0.07189059011784901 0.03999999999999995 0.04000000000000001
3398 0.07189059011784901 0.03999999999999995 0.05
3399 0.07189059011784901 0.03999999999999995 0.06
3400 0.07189059011784901 0.03999999999999995 0.06999999999999999
3401 0.07189059011784901 0.03999999999999995 0.08000000000000002
3402 0.07189059011784901 0.03999999999999995 0.09000000000000001
3403 0.07189059011784904 0.04999999999999998 0.01
3404 0.07189059011784904 0.04999999999999998 0.02
3405 0.07189059011784904 0.04999999999999998 0.03
3406 0.07189059011784904 0.04999999999999998 0.04000000000000001
3407 0.07189059011784904 0.04999999999999998 0.05
3408 0.07189059011784904 0.04999999999999998 0.06
3409 0.07189059011784904 0.04999999999999998 0.06999999999999999
3410 0.07189059011784904 0.04999999999999998 0.08000000000000002
3411 0.07189059011784904 0.04999999999999998 0.09000000000000001
3412 0.09177711209878749 0.009999999999999978 0.01
3413 0.09177711209878749 0.009999999999999978 0.02
3414 0.09177711209878749 0.009999999999999978 0.03
3415 0.09177711209878749 0.009999999999999978 0.04000000000000001
3416 0.09177711209878749 0.009999999999999978 0.05
3417 0.09177711209878749 0.009999999999999978 0.06
3418 0.09177711209878749 0.009999999999999978 0.06999999999999999
3419 0.09177711209878749 0.009999999999999978 0.08000000000000002
3420 0.09177711209878749 0.009999999999999978 0.09000000000000001
3421 0.09177711209878742 0.01999999999999996 0.01
3422 0.09177711209878742 0.01999999999999996 0.02
3423 0.09177711209878742 0.01999999999999996 0.03
3424 0.09177711209878742 0.01999999999999996 0.04000000000000001
3425 0.09177711209878742 0.01999999999999996 0.05
3426 0.09177711209878742 0.01999999999999996 0.06
3427 0.09177711209878742 0.01999999999999996 0.06999999999999999
3428 0.09177711209878742 0.01999999999999996 0.08000000000000002
3429 0.09177711209878742 0.01999999999999996 0.09000000000000001
3430 0.09177711209878747 0.02999999999999993 0.01
3431 0.09177711209878747 0.02999999999999993 0.02
3432 0.09177711209878747 0.02999999999999993 0.03
3433 0.09177711209878747 0.02999999999999993 0.04000000000000001
3434 0.09177711209878747 0.02999999999999993 0.05
3435 0.09177711209878747 0.02999999999999993 0.06
3436 0.09177711209878747 0.02999999999999993 0.06999999999999999
3437 0.09177711209878747 0.02999999999999993 0.08000000000000002
3438 0.09177711209878747 0.02999999999999993 0.09000000000000001
3439 0.09177711209878749 0.03999999999999996 0.01
3440 0.09177711209878749 0.03999999999999996 0.02
3441 0.09177711209878749 0.03999999999999996 0.03
3442 0.09177711209878749 0.03999999999999996 0.04000000000000001
3443 0.09177711209878749 0.03999999999999996 0.05
3444 0.09177711209878749 0.03999999999999996 0.06
3445 0.09177711209878749 0.03999999999999996 0.06999999999999999
3446 0.09177711209878749 0.03999999999999996 0.08000000000000002
3447 0.09177711209878749 0.03999999999999996 0.09000000000000001
3448 0.0917771120987875 0.04999999999999998 0.01
3449 0.0917771120987875 0.04999999999999998 0.02
3450 0.0917771120987875 0.04999999999999998 0.03
3451 0.0917771120987875 0.04999999999999998 0.04000000000000001
3452 0.0917771120987875 0.04999999999999998 0.05
3453 0.0917771120987875 0.04999999999999998 0.06
3454 0.0917771120987875 0.04999999999999998 0.06999999999999999
3455 0.0917771120987875 0.04999999999999998 0.08000000000000002
3456 0.0917771120987875 0.04999999999999998 0.09000000000000001
3457 0.1156409384006907 0.009999999999999981 0.01
3458 0.1156409384006907 0.009999999999999981 0.02
3459 0.1156409384006907 0.009999999999999981 0.03
3460 0.1156409384006907 0.009999999999999981 0.04000000000000001
3461 0.1156409384006907 0.009999999999999981 0.05
3462 0.1156409384006907 0.009999999999999981 0.06
3463 0.1156409384006907 0.009999999999999981 0.06999999999999999
3464 0.1156409384006907 0.009999999999999981 0.08000000000000002
3465 0.1156409384006907 0.009999999999999981 0.09000000000000001
3466 0.1156409384006907 0.01999999999999996 0.01
3467 0.1156409384006907 0.01999999999999996 0.02
3468 0.1156409384006907 0.01999999999999996 0.03
3469 0.1156409384006907 0.01999999999999996 0.04000000000000001
3470 0.1156409384006907 0.01999999999999996 0.05
3471 0.1156409384006907 0.01999999999999996 0.06
3472 0.1156409384006907 0.01999999999999996 0.06999999999999999
3473 0.1156409384006907 0.01999999999999996 0.08000000000000002
3474 0.1156409384006907 0.01999999999999996 0.09000000000000001
3475 0.1156409384006907 0.02999999999999994 0.01
3476 0.1156409384006907 0.02999999999999994 0.02
3477 0.1156409384006907 0.02999999999999994 0.03
3478 0.1156409384006907 0.02999999999999994 0.04000000000000001
3479 0.1156409384006907 0.02999999999999994 0.05
3480 0.1156409384006907 0.02999999999999994 0.06
3481 0.1156409384006907 0.02999999999999994 0.06999999999999999
3482 0.1156409384006907 0.02999999999999994 0.08000000000000002
3483 0.1156409384006907 0.02999999999999994 0.09000000000000001
3484 0.1156409384006907 0.03999999999999997 0.01
3485 0.1156409384006907 0.03999999999999997 0.02
3486 0.1156409384006907 0.03999999999999997 0.03
3487 0.1156409384006907 0.03999999999999997 0.04000000000000001
3488 0.1156409384006907 0.03999999999999997 0.05
3489 0.1156409384006907 0.03999999999999997 0.06
3490 0.1156409384006907 0.03999999999999997 0.06999999999999999
3491 0.1156409384006907 0.03999999999999997 0.08000000000000002
3492 0.1156409384006907 0.03999999999999997 0.09000000000000001
3493 0.1156409384006907 0.04999999999999998 0.01
3494 0.1156409384006907 0.04999999999999998 0.02
3495 0.1156409384006907 0.04999999999999998 0.03
3496 0.1156409384006907 0.04999999999999998 0.04000000000000001
3497 0.1156409384006907 0.04999999999999998 0.05
3498 0.1156409384006907 0.04999999999999998 0.06
3499 0.1156409384006907 0.04999999999999998 0.06999999999999999
3500 0.1156409384006907 0.04999999999999998 0.08000000000000002
3501 0.1156409384006907 0.04999999999999998 0.09000000000000001
3502 0.14427752965217 0.009999999999999992 0.01
3503 0.14427752965217 0.009999999999999992 0.02
3504 0.14427752965217 0.009999999999999992 0.03
3505 0.14427752965217 0.009999999999999992 0.04000000000000001
3506 0.14427752965217 0.009999999999999992 0.05
3507 0.14427752965217 0.009999999999999992 0.06
3508 0.14427752965217 0.009999999999999992 0.06999999999999999
3509 0.14427752965217 0.009999999999999992 0.08000000000000002
3510 0.14427752965217 0.009999999999999992 0.09000000000000001
3511 0.14427752965217 0.01999999999999997 0.01
3512 0.14427752965217 0.01999999999999997 0.02
3513 0.14427752965217 0.01999999999999997 0.03
3514 0.14427752965217 0.01999999999999997 0.04000000000000001
3515 0.14427752965217 0.01999999999999997 0.05
3516 0.14427752965217 0.01999999999999997 0.06
3517 0.14427752965217 0.01999999999999997 0.06999999999999999
3518 0.14427752965217 0.01999999999999997 0.08000000000000002
3519 0.14427752965217 0.01999999999999997 0.09000000000000001
3520 0.14427752965217 0.02999999999999996 0.01
3521 0.14427752965217 0.02999999999999996 0.02
3522 0.14427752965217 0.02999999999999996 0.03
3523 0.14427752965217 0.02999999999999996 0.04000000000000001
3524 0.14427752965217 0.02999999999999996 0.05
3525 0.14427752965217 0.02999999999999996 0.06
3526 0.14427752965217 0.02999999999999996 0.06999999999999999
3527 0.14427752965217 0.02999999999999996 0.08000000000000002
3528 0.14427752965217 0.02999999999999996 0.09000000000000001
3529 0.14427752965217 0.03999999999999998 0.01
3530 0.14427752965217 0.03999999999999998 0.02
3531 0.14427752965217 0.03999999999999998 0.03
3532 0.14427752965217 0.03999999999999998 0.04000000000000001
3533 0.14427752965217 0.03999999999999998 0.05
3534 0.14427752965217 0.03999999999999998 0.06
3535 0.14427752965217 0.03999999999999998 0.06999999999999999
3536 0.14427752965217 0.03999999999999998 0.08000000000000002
3537 0.14427752965217 0.03999999999999998 0.09000000000000001
3538 0.14427752965217 0.04999999999999999 0.01
3539 0.14427752965217 0.04999999999999999 0.02
3540 0.14427752965217 0.04999999999999999 0.03
3541 0.14427752965217 0.04999999999999999 0.04000000000000001
3542 0.14427752965217 0.04999999999999999 0.05
3543 0.14427752965217 0.04999999999999999 0.06
3544 0.14427752965217 0.04999999999999999 0.06999999999999999
3545 0.14427752965217 0.04999999999999999 0.08000000000000002
3546 0.14427752965217 0.04999999999999999 0.09000000000000001
3547 0.1786414392621517 0.009999999999999995 0.01
3548 0.1786414392621517 0.009999999999999995 0.02
3549 0.1786414392621517 0.009999999999999995 0.03
3550 0.1786414392621517 0.009999999999999995 0.04000000000000001
3551 0.1786414392621517 0.009999999999999995 0.05
3552 0.1786414392621517 0.009999999999999995 0.06
3553 0.1786414392621517 0.009999999999999995 0.06999999999999999
3554 0.1786414392621517 0.009999999999999995 0.08000000000000002
3555 0.1786414392621517 0.009999999999999995 0.09000000000000001
3556 0.1786414392621517 0.01999999999999998 0.01
3557 0.1786414392621517 0.01999999999999998 0.02
3558 0.1786414392621517 0.01999999999999998 0.03
3559 0.1786414392621517 0.01999999999999998 0.04000000000000001
3560 0.1786414392621517 0.01999999999999998 0.05
3561 0.1786414392621517 0.01999999999999998 0.06
3562 0.1786414392621517 0.01999999999999998 0.06999999999999999
3563 0.1786414392621517 0.01999999999999998 0.08000000000000002
3564 0.1786414392621517 0.01999999999999998 0.09000000000000001
3565 0.1786414392621517 0.02999999999999998 0.01
3566 0.1786414392621517 0.02999999999999998 0.02
3567 0.1786414392621517 0.02999999999999998 0.03
3568 0.1786414392621517 0.02999999999999998 0.04000000000000001
3569 0.1786414392621517 0.02999999999999998 0.05
3570 0.1786414392621517 0.02999999999999998 0.06
3571 0.1786414392621517 0.02999999999999998 0.06999999999999999
3572 0.1786414392621517 0.02999999999999998 0.08000000000000002
3573 0.1786414392621517 0.02999999999999998 0.09000000000000001
3574 0.1786414392621517 0.03999999999999999 0.01
3575 0.1786414392621517 0.03999999999999999 0.02
3576 0.1786414392621517 0.03999999999999999 0.03
3577 0.1786414392621517 0.03999999999999999 0.04000000000000001
3578 0.1786414392621517 0.03999999999999999 0.05
3579 0.1786414392621517 0.03999999999999999 0.06
3580 0.1786414392621517 0.03999999999999999 0.06999999999999999
3581 0.1786414392621517 0.03999999999999999 0.08000000000000002
3582 0.1786414392621517 0.03999999999999999 0.09000000000000001
3583 0.1786414392621517 0.04999999999999999 0.01
3584 0.1786414392621517 0.04999999999999999 0.02
3585 0.1786414392621517 0.04999999999999999 0.03
3586 0.1786414392621517 0.04999999999999999 0.04000000000000001
3587 0.1786414392621517 0.04999999999999999 0.05
3588 0.1786414392621517 0.04999999999999999 0.06
3589 0.1786414392621517 0.04999999999999999 0.06999999999999999
3590 0.1786414392621517 0.04999999999999999 0.08000000000000002
3591 0.1786414392621517 0.04999999999999999 0.09000000000000001
3592 0.2198781310442703 0.01000000000000001 0.01
3593 0.2198781310442703 0.01000000000000001 0.02
3594 0.2198781310442703 0.01000000000000001 0.03
3595 0.2198781310442703 0.01000000000000001 0.04000000000000001
3596 0.2198781310442703 0.01000000000000001 0.05
3597 0.2198781310442703 0.01000000000000001 0.06
3598 0.2198781310442703 0.01000000000000001 0.06999999999999999
3599 0.2198781310442703 0.01000000000000001 0.08000000000000002
3600 0.2198781310442703 0.01000000000000001 0.09000000000000001
3601 0.2198781310442703 0.02 0.01
3602 0.2198781310442703 0.02 0.02
3603 0.2198781310442703 0.02 0.03
3604 0.2198781310442703 0.02 0.04000000000000001
3605 0.2198781310442703 0.02 0.05
3606 0.2198781310442703 0.02 0.06
3607 0.2198781310442703 0.02 0.06999999999999999
3608 0.2198781310442703 0.02 0.08000000000000002
3609 0.2198781310442703 0.02 0.09000000000000001
3610 0.2198781310442703 0.03 0.01
3611 0.2198781310442703 0.03 0.02
3612 0.2198781310442703 0.03 0.03
3613 0.2198781310442703 0.03 0.04000000000000001
3614 0.2198781310442703 0.03 0.05
3615 0.2198781310442703 0.03 0.06
3616 0.2198781310442703 0.03 0.06999999999999999
3617 0.2198781310442703 0.03 0.08000000000000002
3618 0.2198781310442703 0.03 0.09000000000000001
3619 0.2198781310442703 0.04000000000000001 0.01
3620 0.2198781310442703 0.04000000000000001 0.02
3621 0.2198781310442703 0.04000000000000001 0.03
3622 0.2198781310442703 0.04000000000000001 0.04000000000000001
3623 0.2198781310442703 0.04000000000000001 0.05
3624 0.2198781310442703 0.04000000000000001 0.06
3625 0.2198781310442703 0.04000000000000001 0.06999999999999999
3626 0.2198781310442703 0.04000000000000001 0.08000000000000002
3627 0.2198781310442703 0.04000000000000001 0.09000000000000001
3628 0.2198781310442703 0.05 0.01
3629 0.2198781310442703 0.05 0.02
3630 0.2198781310442703 0.05 0.03
3631 0.2198781310442703 0.05 0.04000000000000001
3632 0.2198781310442703 0.05 0.05
3633 0.2198781310442703 0.05 0.06
3634 0.2198781310442703 0.05 0.06999999999999999
3635 0.2198781310442703 0.05 0.08000000000000002
3636 0.2198781310442703 0.05 0.09000000000000001
3637 0.2693621610619561 0.01000000000000001 0.01
3638 0.2693621610619561 0.01000000000000001 0.02
3639 0.2693621610619561 0.01000000000000001 0.03
3640 0.2693621610619561 0.01000000000000001 0.04000000000000001
3641 0.2693621610619561 0.01000000000000001 0.05
3642 0.2693621610619561 0.01000000000000001 0.06
3643 0.2693621610619561 0.01000000000000001 0.06999999999999999
3644 0.2693621610619561 0.01000000000000001 0.08000000000000002
3645 0.2693621610619561 0.01000000000000001 0.09000000000000001
3646 0.2693621610619561 0.02000000000000002 0.01
3647 0.2693621610619561 0.02000000000000002 0.02
3648 0.2693621610619561 0.02000000000000002 0.03
3649 0.2693621610619561 0.02000000000000002 0.04000000000000001
3650 0.2693621610619561 0.02000000000000002 0.05
3651 0.2693621610619561 0.02000000000000002 0.06
3652 0.2693621610619561 0.02000000000000002 0.06999999999999999
3653 0.2693621610619561 0.02000000000000002 0.08000000000000002
3654 0.2693621610619561 0.02000000000000002 0.09000000000000001
3655 0.269362161061956 0.03000000000000003 0.01
3656 0.269362161061956 0.03000000000000003 0.02
3657 0.269362161061956 0.03000000000000003 0.03
3658 0.269362161061956 0.03000000000000003 0.04000000000000001
3659 0.269362161061956 0.03000000000000003 0.05
3660 0.269362161061956 0.03000000000000003 0.06
3661 0.269362161061956 0.03000000000000003 0.06999999999999999
3662 0.269362161061956 0.03000000000000003 0.08000000000000002
3663 0.269362161061956 0.03000000000000003 0.09000000000000001
3664 0.269362161061956 0.04000000000000003 0.01
3665 0.269362161061956 0.04000000000000003 0.02
3666 0.269362161061956 0.04000000000000003 0.03
3667 0.269362161061956 0.04000000000000003 0.04000000000000001
3668 0.269362161061956 0.04000000000000003 0.05
3669 0.269362161061956 0.04000000000000003 0.06
3670 0.269362161061956 0.04000000000000003 0.06999999999999999
3671 0.269362161061956 0.04000000000000003 0.08000000000000002
3672 0.269362161061956 0.04000000000000003 0.09000000000000001
3673 0.269362161061956 0.05 0.01
3674 0.269362161061956 0.05 0.02
3675 0.269362161061956 0.05 0.03
3676 0.269362161061956 0.05 0.04000000000000001
3677 0.269362161061956 0.05 0.05
3678 0.269362161061956 0.05 0.06
3679 0.269362161061956 0.05 0.06999999999999999
3680 0.269362161061956 0.05 0.08000000000000002
3681 0.269362161061956 0.05 0.09000000000000001
3682 0.3287429968980526 0.01000000000000002 0.01
3683 0.3287429968980526 0.01000000000000002 0.02
3684 0.3287429968980526 0.01000000000000002 0.03
3685 0.3287429968980526 0.01000000000000002 0.04000000000000001
3686 0.3287429968980526 0.01000000000000002 0.05
3687 0.3287429968980526 0.01000000000000002 0.06
3688 0.3287429968980526 0.01000000000000002 0.06999999999999999
3689 0.3287429968980526 0.01000000000000002 0.08000000000000002
3690 0.3287429968980526 0.01000000000000002 0.09000000000000001
3691 0.3287429968980526 0.02000000000000004 0.01
3692 0.3287429968980526 0.02000000000000004 0.02
3693 0.3287429968980526 0.02000000000000004 0.03
3694 0.3287429968980526 0.02000000000000004 0.04000000000000001
3695 0.3287429968980526 0.02000000000000004 0.05
3696 0.3287429968980526 0.02000000000000004 0.06
3697 0.3287429968980526 0.02000000000000004 0.06999999999999999
3698 0.3287429968980526 0.02000000000000004 0.08000000000000002
3699 0.3287429968980526 0.02000000000000004 0.09000000000000001
3700 0.3287429968980526 0.03000000000000006 0.01
3701 0.3287429968980526 0.03000000000000006 0.02
3702 0.3287429968980526 0.03000000000000006 0.03
3703 0.3287429968980526 0.03000000000000006 0.04000000000000001
3704 0.3287429968980526 0.03000000000000006 0.05
3705 0.3287429968980526 0.03000000000000006 0.06
3706 0.3287429968980526 0.03000000000000006 0.06999999999999999
3707 0.3287429968980526 0.03000000000000006 0.08000000000000002
3708 0.3287429968980526 0.03000000000000006 0.09000000000000001
3709 0.3287429968980526 0.04000000000000005 0.01
3710 0.3287429968980526 0.04000000000000005 0.02
3711 0.3287429968980526 0.04000000000000005 0.03
3712 0.3287429968980526 0.04000000000000005 0.04000000000000001
3713 0.3287429968980526 0.04000000000000005 0.05
3714 0.3287429968980526 0.04000000000000005 0.06
3715 0.3287429968980526 0.04000000000000005 0.06999999999999999
3716 0.3287429968980526 0.04000000000000005 0.08000000000000002
3717 0.3287429968980526 0.04000000000000005 0.09000000000000001
3718 0.3287429968980526 0.05000000000000002 0.01
3719 0.3287429968980526 0.05000000000000002 0.02
3720 0.3287429968980526 0.05000000000000002 0.03
3721 0.3287429968980526 0.05000000000000002 0.04000000000000001
3722 0.3287429968980526 0.05000000000000002 0.05
3723 0.3287429968980526 0.05000000000000002 0.06
3724 0.3287429968980526 0.05000000000000002 0.06999999999999999
3725 0.3287429968980526 0.05000000000000002 0.08000000000000002
3726 0.3287429968980526 0.05000000000000002 0.09000000000000001
3727 0.004999999999999987 0.3345205918188823 0.01
3728 0.004999999999999987 0.3345205918188823 0.02
3729 0.004999999999999987 0.3345205918188823 0.03
3730 0.004999999999999987 0.3345205918188823 0.04000000000000001
3731 0.004999999999999987 0.3345205918188823 0.05
3732 0.004999999999999987 0.3345205918188823 0.06
3733 0.004999999999999987 0.3345205918188823 0.06999999999999999
3734 0.004999999999999987 0.3345205918188823 0.08000000000000002
3735 0.004999999999999987 0.3345205918188823 0.09000000000000001
3736 0.009999999999999978 0.3345205918039371 0.01
3737 0.009999999999999978 0.3345205918039371 0.02
3738 0.009999999999999978 0.3345205918039371 0.03
3739 0.009999999999999978 0.3345205918039371 0.04000000000000001
3740 0.009999999999999978 0.3345205918039371 0.05
3741 0.009999999999999978 0.3345205918039371 0.06
3742 0.009999999999999978 0.3345205918039371 0.06999999999999999
3743 0.009999999999999978 0.3345205918039371 0.08000000000000002
3744 0.009999999999999978 0.3345205918039371 0.09000000000000001
3745 0.01499999999999997 0.3345205917889918 0.01
3746 0.01499999999999997 0.3345205917889918 0.02
3747 0.01499999999999997 0.3345205917889918 0.03
3748 0.01499999999999997 0.3345205917889918 0.04000000000000001
3749 0.01499999999999997 0.3345205917889918 0.05
3750 0.01499999999999997 0.3345205917889918 0.06
3751 0.01499999999999997 0.3345205917889918 0.06999999999999999
3752 0.01499999999999997 0.3345205917889918 0.08000000000000002
3753 0.01499999999999997 0.3345205917889918 0.09000000000000001
3754 0.01999999999999998 0.3345205917740465 0.01
3755 0.01999999999999998 0.3345205917740465 0.02
3756 0.01999999999999998 0.3345205917740465 0.03
3757 0.01999999999999998 0.3345205917740465 0.04000000000000001
3758 0.01999999999999998 0.3345205917740465 0.05
3759 0.01999999999999998 0.3345205917740465 0.06
3760 0.01999999999999998 0.3345205917740465 0.06999999999999999
3761 0.01999999999999998 0.3345205917740465 0.08000000000000002
3762 0.01999999999999998 0.3345205917740465 0.09000000000000001
3763 0.02499999999999999 0.3345205917591012 0.01
3764 0.02499999999999999 0.3345205917591012 0.02
3765 0.02499999999999999 0.3345205917591012 0.03
3766 0.02499999999999999 0.3345205917591012 0.04000000000000001
3767 0.02499999999999999 0.3345205917591012 0.05
3768 0.02499999999999999 0.3345205917591012 0.06
3769 0.02499999999999999 0.3345205917591012 0.06999999999999999
3770 0.02499999999999999 0.3345205917591012 0.08000000000000002
3771 0.02499999999999999 0.3345205917591012 0.09000000000000001
3772 0.004999999999999992 0.2799544181311512 0.01
3773 0.004999999999999992 0.2799544181311512 0.02
3774 0.004999999999999992 0.2799544181311512 0.03
3775 0.004999999999999992 0.2799544181311512 0.04000000000000001
3776 0.004999999999999992 0.2799544181311512 0.05
3777 0.004999999999999992 0.2799544181311512 0.06
3778 0.004999999999999992 0.2799544181311512 0.06999999999999999
3779 0.004999999999999992 0.2799544181311512 0.08000000000000002
3780 0.004999999999999992 0.2799544181311512 0.09000000000000001
3781 0.009999999999999988 0.2799544181595505 0.01
3782 0.009999999999999988 0.2799544181595505 0.02
3783 0.009999999999999988 0.2799544181595505 0.03
3784 0.009999999999999988 0.2799544181595505 0.04000000000000001
3785 0.009999999999999988 0.2799544181595505 0.05
3786 0.009999999999999988 0.2799544181595505 0.06
3787 0.009999999999999988 0.2799544181595505 0.06999999999999999
3788 0.009999999999999988 0.2799544181595505 0.08000000000000002
3789 0.009999999999999988 0.2799544181595505 0.09000000000000001
3790 0.01499999999999999 0.2799544181879499 0.01
3791 0.01499999999999999 0.2799544181879499 0.02
3792 0.01499999999999999 0.2799544181879499 0.03
3793 0.01499999999999999 0.2799544181879499 0.04000000000000001
3794 0.01499999999999999 0.2799544181879499 0.05
3795 0.01499999999999999 0.2799544181879499 0.06
3796 0.01499999999999999 0.2799544181879499 0.06999999999999999
3797 0.01499999999999999 0.2799544181879499 0.08000000000000002
3798 0.01499999999999999 0.2799544181879499 0.09000000000000001
3799 0.01999999999999999 0.2799544182163492 0.01
3800 0.01999999999999999 0.2799544182163492 0.02
3801 0.01999999999999999 0.2799544182163492 0.03
3802 0.01999999999999999 0.2799544182163492 0.04000000000000001
3803 0.01999999999999999 0.2799544182163492 0.05
3804 0.01999999999999999 0.2799544182163492 0.06
3805 0.01999999999999999 0.2799544182163492 0.06999999999999999
3806 0.01999999999999999 0.2799544182163492 0.08000000000000002
3807 0.01999999999999999 0.2799544182163492 0.09000000000000001
3808 0.02499999999999999 0.2799544182447485 0.01
3809 0.02499999999999999 0.2799544182447485 0.02
3810 0.02499999999999999 0.2799544182447485 0.03
3811 0.02499999999999999 0.2799544182447485 0.04000000000000001
3812 0.02499999999999999 0.2799544182447485 0.05
3813 0.02499999999999999 0.2799544182447485 0.06
3814 0.02499999999999999 0.2799544182447485 0.06999999999999999
3815 0.02499999999999999 0.2799544182447485 0.08000000000000002
3816 0.02499999999999999 0.2799544182447485 0.09000000000000001
3817 0.004999999999999998 0.2344826066169906 0.01
3818 0.004999999999999998 0.2344826066169906 0.02
3819 0.004999999999999998 0.2344826066169906 0.03
3820 0.004999999999999998 0.2344826066169906 0.04000000000000001
3821 0.004999999999999998 0.2344826066169906 0.05
3822 0.004999999999999998 0.2344826066169906 0.06
3823 0.004999999999999998 0.2344826066169906 0.06999999999999999
3824 0.004999999999999998 0.2344826066169906 0.08000000000000002
3825 0.004999999999999998 0.2344826066169906 0.09000000000000001
3826 0.009999999999999997 0.2344826066747016 0.01
3827 0.009999999999999997 0.2344826066747016 0.02
3828 0.009999999999999997 0.2344826066747016 0.03
3829 0.009999999999999997 0.2344826066747016 0.04000000000000001
3830 0.009999999999999997 0.2344826066747016 0.05
3831 0.009999999999999997 0.2344826066747016 0.06
3832 0.009999999999999997 0.2344826066747016 0.06999999999999999
3833 0.009999999999999997 0.2344826066747016 0.08000000000000002
3834 0.009999999999999997 0.2344826066747016 0.09000000000000001
3835 0.015 0.2344826067324126 0.01
3836 0.015 0.2344826067324126 0.02
3837 0.015 0.2344826067324126 0.03
3838 0.015 0.2344826067324126 0.04000000000000001
3839 0.015 0.2344826067324126 0.05
3840 0.015 0.2344826067324126 0.06
3841 0.015 0.2344826067324126 0.06999999999999999
3842 0.015 0.2344826067324126 0.08000000000000002
3843 0.015 0.2344826067324126 0.09000000000000001
3844 0.02 0.2344826067901236 0.01
3845 0.02 0.2344826067901236 0.02
3846 0.02 0.2344826067901236 0.03
3847 0.02 0.2344826067901236 0.04000000000000001
3848 0.02 0.2344826067901236 0.05
3849 0.02 0.2344826067901236 0.06
3850 0.02 0.2344826067901236 0.06999999999999999
3851 0.02 0.2344826067901236 0.08000000000000002
3852 0.02 0.2344826067901236 0.09000000000000001
3853 0.025 0.2344826068478347 0.01
3854 0.025 0.2344826068478347 0.02
3855 0.025 0.2344826068478347 0.03
3856 0.025 0.2344826068478347 0.04000000000000001
3857 0.025 0.2344826068478347 0.05
3858 0.025 0.2344826068478347 0.06
3859 0.025 0.2344826068478347 0.06999999999999999
3860 0.025 0.2344826068478347 0.08000000000000002
3861 0.025 0.2344826068478347 0.09000000000000001
3862 0.005000000000000001 0.1965894302910126 0.01
3863 0.005000000000000001 0.1965894302910126 0.02
3864 0.005000000000000001 0.1965894302910126 0.03
3865 0.005000000000000001 0.1965894302910126 0.04000000000000001
3866 0.005000000000000001 0.1965894302910126 0.05
3867 0.005000000000000001 0.1965894302910126 0.06
3868 0.005000000000000001 0.1965894302910126 0.06999999999999999
3869 0.005000000000000001 0.1965894302910126 0.08000000000000002
3870 0.005000000000000001 0.1965894302910126 0.09000000000000001
3871 0.01000000000000001 0.1965894303674758 0.01
3872 0.01000000000000001 0.1965894303674758 0.02
3873 0.01000000000000001 0.1965894303674758 0.03
3874 0.01000000000000001 0.1965894303674758 0.04000000000000001
3875 0.01000000000000001 0.1965894303674758 0.05
3876 0.01000000000000001 0.1965894303674758 0.06
3877 0.01000000000000001 0.1965894303674758 0.06999999999999999
3878 0.01000000000000001 0.1965894303674758 0.08000000000000002
3879 0.01000000000000001 0.1965894303674758 0.09000000000000001
3880 0.01500000000000001 0.196589430443939 0.01
3881 0.01500000000000001 0.196589430443939 0.02
3882 0.01500000000000001 0.196589430443939 0.03
3883 0.01500000000000001 0.196589430443939 0.04000000000000001
3884 0.01500000000000001 0.196589430443939 0.05
3885 0.01500000000000001 0.196589430443939 0.06
3886 0.01500000000000001 0.196589430443939 0.06999999999999999
3887 0.01500000000000001 0.196589430443939 0.08000000000000002
3888 0.01500000000000001 0.196589430443939 0.09000000000000001
3889 0.02000000000000001 0.1965894305204021 0.01
3890 0.02000000000000001 0.1965894305204021 0.02
3891 0.02000000000000001 0.1965894305204021 0.03
3892 0.02000000000000001 0.1965894305204021 0.04000000000000001
3893 0.02000000000000001 0.1965894305204021 0.05
3894 0.02000000000000001 0.1965894305204021 0.06
3895 0.02000000000000001 0.1965894305204021 0.06999999999999999
3896 0.02000000000000001 0.1965894305204021 0.08000000000000002
3897 0.02000000000000001 0.1965894305204021 0.09000000000000001
3898 0.025 0.1965894305968653 0.01
3899 0.025 0.1965894305968653 0.02
3900 0.025 0.1965894305968653 0.03
3901 0.025 0.1965894305968653 0.04000000000000001
3902 0.025 0.1965894305968653 0.05
3903 0.025 0.1965894305968653 0.06
3904 0.025 0.1965894305968653 0.06999999999999999
3905 0.025 0.1965894305968653 0.08000000000000002
3906 0.025 0.1965894305968653 0.09000000000000001
3907 0.005000000000000003 0.1650117835678891 0.01
3908 0.005000000000000003 0.1650117835678891 0.02
3909 0.005000000000000003 0.1650117835678891 0.03
3910 0.005000000000000003 0.1650117835678891 0.04000000000000001
3911 0.005000000000000003 0.1650117835678891 0.05
3912 0.005000000000000003 0.1650117835678891 0.06
3913 0.005000000000000003 0.1650117835678891 0.06999999999999999
3914 0.005000000000000003 0.1650117835678891 0.08000000000000002
3915 0.005000000000000003 0.1650117835678891 0.09000000000000001
3916 0.01000000000000001 0.1650117836552507 0.01
3917 0.01000000000000001 0.1650117836552507 0.02
3918 0.01000000000000001 0.1650117836552507 0.03
3919 0.01000000000000001 0.1650117836552507 0.04000000000000001
3920 0.01000000000000001 0.1650117836552507 0.05
3921 0.01000000000000001 0.1650117836552507 0.06
3922 0.01000000000000001 0.1650117836552507 0.06999999999999999
3923 0.01000000000000001 0.1650117836552507 0.08000000000000002
3924 0.01000000000000001 0.1650117836552507 0.09000000000000001
3925 0.01500000000000002 0.1650117837426122 0.01
3926 0.01500000000000002 0.1650117837426122 0.02
3927 0.01500000000000002 0.1650117837426122 0.03
3928 0.01500000000000002 0.1650117837426122 0.04000000000000001
3929 0.01500000000000002 0.1650117837426122 0.05
3930 0.01500000000000002 0.1650117837426122 0.06
3931 0.01500000000000002 0.1650117837426122 0.06999999999999999
3932 0.01500000000000002 0.1650117837426122 0.08000000000000002
3933 0.01500000000000002 0.1650117837426122 0.09000000000000001
3934 0.02000000000000001 0.1650117838299737 0.01
3935 0.02000000000000001 0.1650117838299737 0.02
3936 0.02000000000000001 0.1650117838299737 0.03
3937 0.02000000000000001 0.1650117838299737 0.04000000000000001
3938 0.02000000000000001 0.1650117838299737 0.05
3939 0.02000000000000001 0.1650117838299737 0.06
3940 0.02000000000000001 0.1650117838299737 0.06999999999999999
3941 0.02000000000000001 0.1650117838299737 0.08000000000000002
3942 0.02000000000000001 0.1650117838299737 0.09000000000000001
3943 0.025 0.1650117839173352 0.01
3944 0.025 0.1650117839173352 0.02
3945 0.025 0.1650117839173352 0.03
3946 0.025 0.1650117839173352 0.04000000000000001
3947 0.025 0.1650117839173352 0.05
3948 0.025 0.1650117839173352 0.06
3949 0.025 0.1650117839173352 0.06999999999999999
3950 0.025 0.1650117839173352 0.08000000000000002
3951 0.025 0.1650117839173352 0.09000000000000001
3952 0.005000000000000006 0.1386970780678489 0.01
3953 0.005000000000000006 0.1386970780678489 0.02
3954 0.005000000000000006 0.1386970780678489 0.03
3955 0.005000000000000006 0.1386970780678489 0.04000000000000001
3956 0.005000000000000006 0.1386970780678489 0.05
3957 0.005000000000000006 0.1386970780678489 0.06
3958 0.005000000000000006 0.1386970780678489 0.06999999999999999
3959 0.005000000000000006 0.1386970780678489 0.08000000000000002
3960 0.005000000000000006 0.1386970780678489 0.09000000000000001
3961 0.01000000000000002 0.138697078160352 0.01
3962 0.01000000000000002 0.138697078160352 0.02
3963 0.01000000000000002 0.138697078160352 0.03
3964 0.01000000000000002 0.138697078160352 0.04000000000000001
3965 0.01000000000000002 0.138697078160352 0.05
3966 0.01000000000000002 0.138697078160352 0.06
3967 0.01000000000000002 0.138697078160352 0.06999999999999999
3968 0.01000000000000002 0.138697078160352 0.08000000000000002
3969 0.01000000000000002 0.138697078160352 0.09000000000000001
3970 0.01500000000000003 0.1386970782528551 0.01
3971 0.01500000000000003 0.1386970782528551 0.02
3972 0.01500000000000003 0.1386970782528551 0.03
3973 0.01500000000000003 0.1386970782528551 0.04000000000000001
3974 0.01500000000000003 0.1386970782528551 0.05
3975 0.01500000000000003 0.1386970782528551 0.06
3976 0.01500000000000003 0.1386970782528551 0.06999999999999999
3977 0.01500000000000003 0.1386970782528551 0.08000000000000002
3978 0.01500000000000003 0.1386970782528551 0.09000000000000001
3979 0.02000000000000002 0.1386970783453582 0.01
3980 0.02000000000000002 0.1386970783453582 0.02
3981 0.02000000000000002 0.1386970783453582 0.03
3982 0.02000000000000002 0.1386970783453582 0.04000000000000001
3983 0.02000000000000002 0.1386970783453582 0.05
3984 0.02000000000000002 0.1386970783453582 0.06
3985 0.02000000000000002 0.1386970783453582 0.06999999999999999
3986 0.02000000000000002 0.1386970783453582 0.08000000000000002
3987 0.02000000000000002 0.1386970783453582 0.09000000000000001
3988 0.02500000000000001 0.1386970784378613 0.01
3989 0.02500000000000001 0.1386970784378613 0.02
3990 0.02500000000000001 0.1386970784378613 0.03
3991 0.02500000000000001 0.1386970784378613 0.04000000000000001
3992 0.02500000000000001 0.1386970784378613 0.05
3993 0.02500000000000001 0.1386970784378613 0.06
3994 0.02500000000000001 0.1386970784378613 0.06999999999999999
3995 0.02500000000000001 0.1386970784378613 0.08000000000000002
3996 0.02500000000000001 0.1386970784378613 0.09000000000000001
3997 0.005000000000000006 0.1167681565962301 0.01
3998 0.005000000000000006 0.1167681565962301 0.02
3999 0.005000000000000006 0.1167681565962301 0.03
4000 0.005000000000000006 0.1167681565962301 0.04000000000000001
4001 0.005000000000000006 0.1167681565962301 0.05
4002 0.005000000000000006 0.1167681565962301 0.06
4003 0.005000000000000006 0.1167681565962301 0.06999999999999999
4004 0.005000000000000006 0.1167681565962301 0.08000000000000002
4005 0.005000000000000006 0.1167681565962301 0.09000000000000001
4006 0.01000000000000002 0.1167681566897341 0.01
4007 0.01000000000000002 0.1167681566897341 0.02
4008 0.01000000000000002 0.1167681566897341 0.03
4009 0.01000000000000002 0.1167681566897341 0.04000000000000001
4010 0.01000000000000002 0.1167681566897341 0.05
4011 0.01000000000000002 0.1167681566897341 0.06
4012 0.01000000000000002 0.1167681566897341 0.06999999999999999
4013 0.01000000000000002 0.1167681566897341 0.08000000000000002
4014 0.01000000000000002 0.1167681566897341 0.09000000000000001
4015 0.01500000000000003 0.1167681567832383 0.01
4016 0.01500000000000003 0.1167681567832383 0.02
4017 0.01500000000000003 0.1167681567832383 0.03
4018 0.01500000000000003 0.1167681567832383 0.04000000000000001
4019 0.01500000000000003 0.1167681567832383 0.05
4020 0.01500000000000003 0.1167681567832383 0.06
4021 0.01500000000000003 0.1167681567832383 0.06999999999999999
4022 0.01500000000000003 0.1167681567832383 0.08000000000000002
4023 0.01500000000000003 0.1167681567832383 0.09000000000000001
4024 0.02000000000000002 0.1167681568767424 0.01
4025 0.02000000000000002 0.1167681568767424 0.02
4026 0.02000000000000002 0.1167681568767424 0.03
4027 0.02000000000000002 0.1167681568767424 0.04000000000000001
4028 0.02000000000000002 0.1167681568767424 0.05
4029 0.02000000000000002 0.1167681568767424 0.06
4030 0.02000000000000002 0.1167681568767424 0.06999999999999999
4031 0.02000000000000002 0.1167681568767424 0.08000000000000002
4032 0.02000000000000002 0.1167681568767424 0.09000000000000001
4033 0.02500000000000001 0.1167681569702465 0.01
4034 0.02500000000000001 0.1167681569702465 0.02
4035 0.02500000000000001 0.1167681569702465 0.03
4036 0.02500000000000001 0.1167681569702465 0.04000000000000001
4037 0.02500000000000001 0.1167681569702465 0.05
4038 0.02500000000000001 0.1167681569702465 0.06
4039 0.02500000000000001 0.1167681569702465 0.06999999999999999
4040 0.02500000000000001 0.1167681569702465 0.08000000000000002
4041 0.02500000000000001 0.1167681569702465 0.09000000000000001
4042 0.005000000000000008 0.09849405532595967 0.01
4043 0.005000000000000008 0.09849405532595967 0.02
4044 0.005000000000000008 0.09849405532595967 0.03
4045 0.005000000000000008 0.09849405532595967 0.04000000000000001
4046 0.005000000000000008 0.09849405532595967 0.05
4047 0.005000000000000008 0.09849405532595967 0.06
4048 0.005000000000000008 0.09849405532595967 0.06999999999999999
4049 0.005000000000000008 0.09849405532595967 0.08000000000000002
4050 0.005000000000000008 0.09849405532595967 0.09000000000000001
4051 0.01000000000000002 0.09849405541756157 0.01
4052 0.01000000000000002 0.09849405541756157 0.02
4053 0.01000000000000002 0.09849405541756157 0.03
4054 0.01000000000000002 0.09849405541756157 0.04000000000000001
4055 0.01000000000000002 0.09849405541756157 0.05
4056 0.01000000000000002 0.09849405541756157 0.06
4057 0.01000000000000002 0.09849405541756157 0.06999999999999999
4058 0.01000000000000002 0.09849405541756157 0.08000000000000002
4059 0.01000000000000002 0.09849405541756157 0.09000000000000001
4060 0.01500000000000004 0.09849405550916351 0.01
4061 0.01500000000000004 0.09849405550916351 0.02
4062 0.01500000000000004 0.09849405550916351 0.03
4063 0.01500000000000004 0.09849405550916351 0.04000000000000001
4064 0.01500000000000004 0.09849405550916351 0.05
4065 0.01500000000000004 0.09849405550916351 0.06
4066 0.01500000000000004 0.09849405550916351 0.06999999999999999
4067 0.01500000000000004 0.09849405550916351 0.08000000000000002
4068 0.01500000000000004 0.09849405550916351 0.09000000000000001
4069 0.02000000000000002 0.09849405560076546 0.01
4070 0.02000000000000002 0.09849405560076546 0.02
4071 0.02000000000000002 0.09849405560076546 0.03
4072 0.02000000000000002 0.09849405560076546 0.04000000000000001
4073 0.02000000000000002 0.09849405560076546 0.05
4074 0.02000000000000002 0.09849405560076546 0.06
4075 0.02000000000000002 0.09849405560076546 0.06999999999999999
4076 0.02000000000000002 0.09849405560076546 0.08000000000000002
4077 0.02000000000000002 0.09849405560076546 0.09000000000000001
4078 0.02500000000000002 0.09849405569236735 0.01
4079 0.02500000000000002 0.09849405569236735 0.02
4080 0.02500000000000002 0.09849405569236735 0.03
4081 0.02500000000000002 0.09849405569236735 0.04000000000000001
4082 0.02500000000000002 0.09849405569236735 0.05
4083 0.02500000000000002 0.09849405569236735 0.06
4084 0.02500000000000002 0.09849405569236735 0.06999999999999999
4085 0.02500000000000002 0.09849405569236735 0.08000000000000002
4086 0.02500000000000002 0.09849405569236735 0.09000000000000001
4087 0.005000000000000011 0.08326563762810307 0.01
4088 0.005000000000000011 0.08326563762810307 0.02
4089 0.005000000000000011 0.08326563762810307 0.03
4090 0.005000000000000011 0.08326563762810307 0.04000000000000001
4091 0.005000000000000011 0.08326563762810307 0.05
4092 0.005000000000000011 0.08326563762810307 0.06
4093 0.005000000000000011 0.08326563762810307 0.06999999999999999
4094 0.005000000000000011 0.08326563762810307 0.08000000000000002
4095 0.005000000000000011 0.08326563762810307 0.09000000000000001
4096 0.01000000000000003 0.0832656377158395 0.01
4097 0.01000000000000003 0.0832656377158395 0.02
4098 0.01000000000000003 0.0832656377158395 0.03
4099 0.01000000000000003 0.0832656377158395 0.04000000000000001
4100 0.01000000000000003 0.0832656377158395 0.05
4101 0.01000000000000003 0.0832656377158395 0.06
4102 0.01000000000000003 0.0832656377158395 0.06999999999999999
4103 0.01000000000000003 0.0832656377158395 0.08000000000000002
4104 0.01000000000000003 0.0832656377158395 0.09000000000000001
4105 0.01500000000000004 0.08326563780357593 0.01
4106 0.01500000000000004 0.08326563780357593 0.02
4107 0.01500000000000004 0.08326563780357593 0.03
4108 0.01500000000000004 0.08326563780357593 0.04000000000000001
4109 0.01500000000000004 0.08326563780357593 0.05
4110 0.01500000000000004 0.08326563780357593 0.06
4111 0.01500000000000004 0.08326563780357593 0.06999999999999999
4112 0.01500000000000004 0.08326563780357593 0.08000000000000002
4113 0.01500000000000004 0.08326563780357593 0.09000000000000001
4114 0.02000000000000003 0.08326563789131239 0.01
4115 0.02000000000000003 0.08326563789131239 0.02
4116 0.02000000000000003 0.08326563789131239 0.03
4117 0.02000000000000003 0.08326563789131239 0.04000000000000001
4118 0.02000000000000003 0.08326563789131239 0.05
4119 0.02000000000000003 0.08326563789131239 0.06
4120 0.02000000000000003 0.08326563789131239 0.06999999999999999
4121 0.02000000000000003 0.08326563789131239 0.08000000000000002
4122 0.02000000000000003 0.08326563789131239 0.09000000000000001
4123 0.02500000000000002 0.08326563797904882 0.01
4124 0.02500000000000002 0.08326563797904882 0.02
4125 0.02500000000000002 0.08326563797904882 0.03
4126 0.02500000000000002 0.08326563797904882 0.04000000000000001
4127 0.02500000000000002 0.08326563797904882 0.05
4128 0.02500000000000002 0.08326563797904882 0.06
4129 0.02500000000000002 0.08326563797904882 0.06999999999999999
4130 0.02500000000000002 0.08326563797904882 0.08000000000000002
4131 0.02500000000000002 0.08326563797904882 0.09000000000000001
4132 0.005000000000000011 0.07057528972288996 0.01
4133 0.005000000000000011 0.07057528972288996 0.02
4134 0.005000000000000011 0.07057528972288996 0.03
4135 0.005000000000000011 0.07057528972288996 0.04000000000000001
4136 0.005000000000000011 0.07057528972288996 0.05
4137 0.005000000000000011 0.07057528972288996 0.06
4138 0.005000000000000011 0.07057528972288996 0.06999999999999999
4139 0.005000000000000011 0.07057528972288996 0.08000000000000002
4140 0.005000000000000011 0.07057528972288996 0.09000000000000001
4141 0.01000000000000003 0.07057528980550501 0.01
4142 0.01000000000000003 0.07057528980550501 0.02
4143 0.01000000000000003 0.07057528980550501 0.03
4144 0.01000000000000003 0.07057528980550501 0.04000000000000001
4145 0.01000000000000003 0.07057528980550501 0.05
4146 0.01000000000000003 0.07057528980550501 0.06
4147 0.01000000000000003 0.07057528980550501 0.06999999999999999
4148 0.01000000000000003 0.07057528980550501 0.08000000000000002
4149 0.01000000000000003 0.07057528980550501 0.09000000000000001
4150 0.01500000000000005 0.07057528988811995 0.01
4151 0.01500000000000005 0.07057528988811995 0.02
4152 0.01500000000000005 0.07057528988811995 0.03
4153 0.01500000000000005 0.07057528988811995 0.04000000000000001
4154 0.01500000000000005 0.07057528988811995 0.05
4155 0.01500000000000005 0.07057528988811995 0.06
4156 0.01500000000000005 0.07057528988811995 0.06999999999999999
4157 0.01500000000000005 0.07057528988811995 0.08000000000000002
4158 0.01500000000000005 0.07057528988811995 0.09000000000000001
4159 0.02000000000000003 0.07057528997073495 0.01
4160 0.02000000000000003 0.07057528997073495 0.02
4161 0.02000000000000003 0.07057528997073495 0.03
4162 0.02000000000000003 0.07057528997073495 0.04000000000000001
4163 0.02000000000000003 0.07057528997073495 0.05
4164 0.02000000000000003 0.07057528997073495 0.06
4165 0.02000000000000003 0.07057528997073495 0.06999999999999999
4166 0.02000000000000003 0.07057528997073495 0.08000000000000002
4167 0.02000000000000003 0.07057528997073495 0.09000000000000001
4168 0.02500000000000002 0.07057529005334989 0.01
4169 0.02500000000000002 0.07057529005334989 0.02
4170 0.02500000000000002 0.07057529005334989 0.03
4171 0.02500000000000002 0.07057529005334989 0.04000000000000001
4172 0.02500000000000002 0.07057529005334989 0.05
4173 0.02500000000000002 0.07057529005334989 0.06
4174 0.02500000000000002 0.07057529005334989 0.06999999999999999
4175 0.02500000000000002 0.07057529005334989 0.08000000000000002
4176 0.02500000000000002 0.07057529005334989 0.09000000000000001
4177 0.04150840397172015 0.07057529013596486 0.01
4178 0.04150840397172015 0.07057529013596486 0.02
4179 0.04150840397172015 0.07057529013596486 0.03
4180 0.04150840397172015 0.07057529013596486 0.04000000000000001
4181 0.04150840397172015 0.07057529013596486 0.05
4182 0.04150840397172015 0.07057529013596486 0.06
4183 0.04150840397172015 0.07057529013596486 0.06999999999999999
4184 0.04150840397172015 0.07057529013596486 0.08000000000000002
4185 0.04150840397172015 0.07057529013596486 0.09000000000000001
4186 0.05531848848499216 0.07057529013596489 0.01
4187 0.05531848848499216 0.07057529013596489 0.02
4188 0.05531848848499216 0.07057529013596489 0.03
4189 0.05531848848499216 0.07057529013596489 0.04000000000000001
4190 0.05531848848499216 0.07057529013596489 0.05
4191 0.05531848848499216 0.07057529013596489 0.06
4192 0.05531848848499216 0.07057529013596489 0.06999999999999999
4193 0.05531848848499216 0.07057529013596489 0.08000000000000002
4194 0.05531848848499216 0.07057529013596489 0.09000000000000001
4195 0.07189059011883783 0.07057529013596495 0.01
4196 0.07189059011883783 0.07057529013596495 0.02
4197 0.07189059011883783 0.07057529013596495 0.03
4198 0.07189059011883783 0.07057529013596495 0.04000000000000001
4199 0.07189059011883783 0.07057529013596495 0.05
4200 0.07189059011883783 0.07057529013596495 0.06
4201 0.07189059011883783 0.07057529013596495 0.06999999999999999
4202 0.07189059011883783 0.07057529013596495 0.08000000000000002
4203 0.07189059011883783 0.07057529013596495 0.09000000000000001
4204 0.09177711210036957 0.07057529013596492 0.01
4205 0.09177711210036957 0.07057529013596492 0.02
4206 0.09177711210036957 0.07057529013596492 0.03
4207 0.09177711210036957 0.07057529013596492 0.04000000000000001
4208 0.09177711210036957 0.07057529013596492 0.05
4209 0.09177711210036957 0.07057529013596492 0.06
4210 0.09177711210036957 0.07057529013596492 0.06999999999999999
4211 0.09177711210036957 0.07057529013596492 0.08000000000000002
4212 0.09177711210036957 0.07057529013596492 0.09000000000000001
4213 0.1156409384030639 0.07057529013596492 0.01
4214 0.1156409384030639 0.07057529013596492 0.02
4215 0.1156409384030639 0.07057529013596492 0.03
4216 0.1156409384030639 0.07057529013596492 0.04000000000000001
4217 0.1156409384030639 0.07057529013596492 0.05
4218 0.1156409384030639 0.07057529013596492 0.06
4219 0.1156409384030639 0.07057529013596492 0.06999999999999999
4220 0.1156409384030639 0.07057529013596492 0.08000000000000002
4221 0.1156409384030639 0.07057529013596492 0.09000000000000001
4222 0.1442775296555874 0.07057529013596492 0.01
4223 0.1442775296555874 0.07057529013596492 0.02
4224 0.1442775296555874 0.07057529013596492 0.03
4225 0.1442775296555874 0.07057529013596492 0.04000000000000001
4226 0.1442775296555874 0.07057529013596492 0.05
4227 0.1442775296555874 0.07057529013596492 0.06
4228 0.1442775296555874 0.07057529013596492 0.06999999999999999
4229 0.1442775296555874 0.07057529013596492 0.08000000000000002
4230 0.1442775296555874 0.07057529013596492 0.09000000000000001
4231 0.1786414392669361 0.07057529013596497 0.01
4232 0.1786414392669361 0.07057529013596497 0.02
4233 0.1786414392669361 0.07057529013596497 0.03
4234 0.1786414392669361 0.07057529013596497 0.04000000000000001
4235 0.1786414392669361 0.07057529013596497 0.05
4236 0.1786414392669361 0.07057529013596497 0.06
4237 0.1786414392669361 0.07057529013596497 0.06999999999999999
4238 0.1786414392669361 0.07057529013596497 0.08000000000000002
4239 0.1786414392669361 0.07057529013596497 0.09000000000000001
4240 0.2198781310508317 0.07057529013596492 0.01
4241 0.2198781310508317 0.07057529013596492 0.02
4242 0.2198781310508317 0.07057529013596492 0.03
4243 0.2198781310508317 0.07057529013596492 0.04000000000000001
4244 0.2198781310508317 0.07057529013596492 0.05
4245 0.2198781310508317 0.07057529013596492 0.06
4246 0.2198781310508317 0.07057529013596492 0.06999999999999999
4247 0.2198781310508317 0.07057529013596492 0.08000000000000002
4248 0.2198781310508317 0.07057529013596492 0.09000000000000001
4249 0.2693621610708139 0.07057529013596492 0.01
4250 0.2693621610708139 0.07057529013596492 0.02
4251 0.2693621610708139 0.07057529013596492 0.03
4252 0.2693621610708139 0.07057529013596492 0.04000000000000001
4253 0.2693621610708139 0.07057529013596492 0.05
4254 0.2693621610708139 0.07057529013596492 0.06
4255 0.2693621610708139 0.07057529013596492 0.06999999999999999
4256 0.2693621610708139 0.07057529013596492 0.08000000000000002
4257 0.2693621610708139 0.07057529013596492 0.09000000000000001
4258 0.3287429969098631 0.07057529013596492 0.01
4259 0.3287429969098631 0.07057529013596492 0.02
4260 0.3287429969098631 0.07057529013596492 0.03
4261 0.3287429969098631 0.07057529013596492 0.04000000000000001
4262 0.3287429969098631 0.07057529013596492 0.05
4263 0.3287429969098631 0.07057529013596492 0.06
4264 0.3287429969098631 0.07057529013596492 0.06999999999999999
4265 0.3287429969098631 0.07057529013596492 0.08000000000000002
4266 0.3287429969098631 0.07057529013596492 0.09000000000000001
4267 0.04150840397199484 0.08326563806678533 0.01
4268 0.04150840397199484 0.08326563806678533 0.02
4269 0.04150840397199484 0.08326563806678533 0.03
4270 0.04150840397199484 0.08326563806678533 0.04000000000000001
4271 0.04150840397199484 0.08326563806678533 0.05
4272 0.04150840397199484 0.08326563806678533 0.06
4273 0.04150840397199484 0.08326563806678533 0.06999999999999999
4274 0.04150840397199484 0.08326563806678533 0.08000000000000002
4275 0.04150840397199484 0.08326563806678533 0.09000000000000001
4276 0.05531848848565141 0.08326563806678527 0.01
4277 0.05531848848565141 0.08326563806678527 0.02
4278 0.05531848848565141 0.08326563806678527 0.03
4279 0.05531848848565141 0.08326563806678527 0.04000000000000001
4280 0.05531848848565141 0.08326563806678527 0.05
4281 0.05531848848565141 0.08326563806678527 0.06
4282 0.05531848848565141 0.08326563806678527 0.06999999999999999
4283 0.05531848848565141 0.08326563806678527 0.08000000000000002
4284 0.05531848848565141 0.08326563806678527 0.09000000000000001
4285 0.07189059012002444 0.08326563806678533 0.01
4286 0.07189059012002444 0.08326563806678533 0.02
4287 0.07189059012002444 0.08326563806678533 0.03
4288 0.07189059012002444 0.08326563806678533 0.04000000000000001
4289 0.07189059012002444 0.08326563806678533 0.05
4290 0.07189059012002444 0.08326563806678533 0.06
4291 0.07189059012002444 0.08326563806678533 0.06999999999999999
4292 0.07189059012002444 0.08326563806678533 0.08000000000000002
4293 0.07189059012002444 0.08326563806678533 0.09000000000000001
4294 0.09177711210226816 0.08326563806678533 0.01
4295 0.09177711210226816 0.08326563806678533 0.02
4296 0.09177711210226816 0.08326563806678533 0.03
4297 0.09177711210226816 0.08326563806678533 0.04000000000000001
4298 0.09177711210226816 0.08326563806678533 0.05
4299 0.09177711210226816 0.08326563806678533 0.06
4300 0.09177711210226816 0.08326563806678533 0.06999999999999999
4301 0.09177711210226816 0.08326563806678533 0.08000000000000002
4302 0.09177711210226816 0.08326563806678533 0.09000000000000001
4303 0.1156409384059117 0.08326563806678527 0.01
4304 0.1156409384059117 0.08326563806678527 0.02
4305 0.1156409384059117 0.08326563806678527 0.03
4306 0.1156409384059117 0.08326563806678527 0.04000000000000001
4307 0.1156409384059117 0.08326563806678527 0.05
4308 0.1156409384059117 0.08326563806678527 0.06
4309 0.1156409384059117 0.08326563806678527 0.06999999999999999
4310 0.1156409384059117 0.08326563806678527 0.08000000000000002
4311 0.1156409384059117 0.08326563806678527 0.09000000000000001
4312 0.1442775296596882 0.08326563806678533 0.01
4313 0.1442775296596882 0.08326563806678533 0.02
4314 0.1442775296596882 0.08326563806678533 0.03
4315 0.1442775296596882 0.08326563806678533 0.04000000000000001
4316 0.1442775296596882 0.08326563806678533 0.05
4317 0.1442775296596882 0.08326563806678533 0.06
4318 0.1442775296596882 0.08326563806678533 0.06999999999999999
4319 0.1442775296596882 0.08326563806678533 0.08000000000000002
4320 0.1442775296596882 0.08326563806678533 0.09000000000000001
4321 0.1786414392726772 0.08326563806678525 0.01
4322 0.1786414392726772 0.08326563806678525 0.02
4323 0.1786414392726772 0.08326563806678525 0.03
4324 0.1786414392726772 0.08326563806678525 0.04000000000000001
4325 0.1786414392726772 0.08326563806678525 0.05
4326 0.1786414392726772 0.08326563806678525 0.06
4327 0.1786414392726772 0.08326563806678525 0.06999999999999999
4328 0.1786414392726772 0.08326563806678525 0.08000000000000002
4329 0.1786414392726772 0.08326563806678525 0.09000000000000001
4330 0.2198781310587053 0.08326563806678527 0.01
4331 0.2198781310587053 0.08326563806678527 0.02
4332 0.2198781310587053 0.08326563806678527 0.03
4333 0.2198781310587053 0.08326563806678527 0.04000000000000001
4334 0.2198781310587053 0.08326563806678527 0.05
4335 0.2198781310587053 0.08326563806678527 0.06
4336 0.2198781310587053 0.08326563806678527 0.06999999999999999
4337 0.2198781310587053 0.08326563806678527 0.08000000000000002
4338 0.2198781310587053 0.08326563806678527 0.09000000000000001
4339 0.2693621610814433 0.08326563806678525 0.01
4340 0.2693621610814433 0.08326563806678525 0.02
4341 0.2693621610814433 0.08326563806678525 0.03
4342 0.2693621610814433 0.08326563806678525 0.04000000000000001
4343 0.2693621610814433 0.08326563806678525 0.05
4344 0.2693621610814433 0.08326563806678525 0.06
4345 0.2693621610814433 0.08326563806678525 0.06999999999999999
4346 0.2693621610814433 0.08326563806678525 0.08000000000000002
4347 0.2693621610814433 0.08326563806678525 0.09000000000000001
4348 0.3287429969240357 0.08326563806678525 0.01
4349 0.3287429969240357 0.08326563806678525 0.02
4350 0.3287429969240357 0.08326563806678525 0.03
4351 0.3287429969240357 0.08326563806678525 0.04000000000000001
4352 0.3287429969240357 0.08326563806678525 0.05
4353 0.3287429969240357 0.08326563806678525 0.06
4354 0.3287429969240357 0.08326563806678525 0.06999999999999999
4355 0.3287429969240357 0.08326563806678525 0.08000000000000002
4356 0.3287429969240357 0.08326563806678525 0.09000000000000001
4357 0.04150840397232447 0.0984940557839693 0.01
4358 0.04150840397232447 0.0984940557839693 0.02
4359 0.04150840397232447 0.0984940557839693 0.03
4360 0.04150840397232447 0.0984940557839693 0.04000000000000001
4361 0.04150840397232447 0.0984940557839693 0.05
4362 0.04150840397232447 0.0984940557839693 0.06
4363 0.04150840397232447 0.0984940557839693 0.06999999999999999
4364 0.04150840397232447 0.0984940557839693 0.08000000000000002
4365 0.04150840397232447 0.0984940557839693 0.09000000000000001
4366 0.05531848848644241 0.0984940557839693 0.01
4367 0.05531848848644241 0.0984940557839693 0.02
4368 0.05531848848644241 0.0984940557839693 0.03
4369 0.05531848848644241 0.0984940557839693 0.04000000000000001
4370 0.05531848848644241 0.0984940557839693 0.05
4371 0.05531848848644241 0.0984940557839693 0.06
4372 0.05531848848644241 0.0984940557839693 0.06999999999999999
4373 0.05531848848644241 0.0984940557839693 0.08000000000000002
4374 0.05531848848644241 0.0984940557839693 0.09000000000000001
4375 0.07189059012144833 0.0984940557839693 0.01
4376 0.07189059012144833 0.0984940557839693 0.02
4377 0.07189059012144833 0.0984940557839693 0.03
4378 0.07189059012144833 0.0984940557839693 0.04000000000000001
4379 0.07189059012144833 0.0984940557839693 0.05
4380 0.07189059012144833 0.0984940557839693 0.06
4381 0.07189059012144833 0.0984940557839693 0.06999999999999999
4382 0.07189059012144833 0.0984940557839693 0.08000000000000002
4383 0.07189059012144833 0.0984940557839693 0.09000000000000001
4384 0.09177711210454639 0.0984940557839693 0.01
4385 0.09177711210454639 0.0984940557839693 0.02
4386 0.09177711210454639 0.0984940557839693 0.03
4387 0.09177711210454639 0.0984940557839693 0.04000000000000001
4388 0.09177711210454639 0.0984940557839693 0.05
4389 0.09177711210454639 0.0984940557839693 0.06
4390 0.09177711210454639 0.0984940557839693 0.06999999999999999
4391 0.09177711210454639 0.0984940557839693 0.08000000000000002
4392 0.09177711210454639 0.0984940557839693 0.09000000000000001
4393 0.1156409384093291 0.0984940557839693 0.01
4394 0.1156409384093291 0.0984940557839693 0.02
4395 0.1156409384093291 0.0984940557839693 0.03
4396 0.1156409384093291 0.0984940557839693 0.04000000000000001
4397 0.1156409384093291 0.0984940557839693 0.05
4398 0.1156409384093291 0.0984940557839693 0.06
4399 0.1156409384093291 0.0984940557839693 0.06999999999999999
4400 0.1156409384093291 0.0984940557839693 0.08000000000000002
4401 0.1156409384093291 0.0984940557839693 0.09000000000000001
4402 0.1442775296646093 0.0984940557839693 0.01
4403 0.1442775296646093 0.0984940557839693 0.02
4404 0.1442775296646093 0.0984940557839693 0.03
4405 0.1442775296646093 0.0984940557839693 0.04000000000000001
4406 0.1442775296646093 0.0984940557839693 0.05
4407 0.1442775296646093 0.0984940557839693 0.06
4408 0.1442775296646093 0.0984940557839693 0.06999999999999999
4409 0.1442775296646093 0.0984940557839693 0.08000000000000002
4410 0.1442775296646093 0.0984940557839693 0.09000000000000001
4411 0.1786414392795667 0.0984940557839693 0.01
4412 0.1786414392795667 0.0984940557839693 0.02
4413 0.1786414392795667 0.0984940557839693 0.03
4414 0.1786414392795667 0.0984940557839693 0.04000000000000001
4415 0.1786414392795667 0.0984940557839693 0.05
4416 0.1786414392795667 0.0984940557839693 0.06
4417 0.1786414392795667 0.0984940557839693 0.06999999999999999
4418 0.1786414392795667 0.0984940557839693 0.08000000000000002
4419 0.1786414392795667 0.0984940557839693 0.09000000000000001
4420 0.2198781310681537 0.0984940557839693 0.01
4421 0.2198781310681537 0.0984940557839693 0.02
4422 0.2198781310681537 0.0984940557839693 0.03
4423 0.2198781310681537 0.0984940557839693 0.04000000000000001
4424 0.2198781310681537 0.0984940557839693 0.05
4425 0.2198781310681537 0.0984940557839693 0.06
4426 0.2198781310681537 0.0984940557839693 0.06999999999999999
4427 0.2198781310681537 0.0984940557839693 0.08000000000000002
4428 0.2198781310681537 0.0984940557839693 0.09000000000000001
4429 0.2693621610941987 0.0984940557839693 0.01
4430 0.2693621610941987 0.0984940557839693 0.02
4431 0.2693621610941987 0.0984940557839693 0.03
4432 0.2693621610941987 0.0984940557839693 0.04000000000000001
4433 0.2693621610941987 0.0984940557839693 0.05
4434 0.2693621610941987 0.0984940557839693 0.06
4435 0.2693621610941987 0.0984940557839693 0.06999999999999999
4436 0.2693621610941987 0.0984940557839693 0.08000000000000002
4437 0.2693621610941987 0.0984940557839693 0.09000000000000001
4438 0.3287429969410429 0.0984940557839693 0.01
4439 0.3287429969410429 0.0984940557839693 0.02
4440 0.3287429969410429 0.0984940557839693 0.03
4441 0.3287429969410429 0.0984940557839693 0.04000000000000001
4442 0.3287429969410429 0.0984940557839693 0.05
4443 0.3287429969410429 0.0984940557839693 0.06
4444 0.3287429969410429 0.0984940557839693 0.06999999999999999
4445 0.3287429969410429 0.0984940557839693 0.08000000000000002
4446 0.3287429969410429 0.0984940557839693 0.09000000000000001
4447 0.04150840397271999 0.1167681570637506 0.01
4448 0.04150840397271999 0.1167681570637506 0.02
4449 0.04150840397271999 0.1167681570637506 0.03
4450 0.04150840397271999 0.1167681570637506 0.04000000000000001
4451 0.04150840397271999 0.1167681570637506 0.05
4452 0.04150840397271999 0.1167681570637506 0.06
4453 0.04150840397271999 0.1167681570637506 0.06999999999999999
4454 0.04150840397271999 0.1167681570637506 0.08000000000000002
4455 0.04150840397271999 0.1167681570637506 0.09000000000000001
4456 0.05531848848739171 0.1167681570637506 0.01
4457 0.05531848848739171 0.1167681570637506 0.02
4458 0.05531848848739171 0.1167681570637506 0.03
4459 0.05531848848739171 0.1167681570637506 0.04000000000000001
4460 0.05531848848739171 0.1167681570637506 0.05
4461 0.05531848848739171 0.1167681570637506 0.06
4462 0.05531848848739171 0.1167681570637506 0.06999999999999999
4463 0.05531848848739171 0.1167681570637506 0.08000000000000002
4464 0.05531848848739171 0.1167681570637506 0.09000000000000001
4465 0.07189059012315707 0.1167681570637506 0.01
4466 0.07189059012315707 0.1167681570637506 0.02
4467 0.07189059012315707 0.1167681570637506 0.03
4468 0.07189059012315707 0.1167681570637506 0.04000000000000001
4469 0.07189059012315707 0.1167681570637506 0.05
4470 0.07189059012315707 0.1167681570637506 0.06
4471 0.07189059012315707 0.1167681570637506 0.06999999999999999
4472 0.07189059012315707 0.1167681570637506 0.08000000000000002
4473 0.07189059012315707 0.1167681570637506 0.09000000000000001
4474 0.0917771121072803 0.1167681570637506 0.01
4475 0.0917771121072803 0.1167681570637506 0.02
4476 0.0917771121072803 0.1167681570637506 0.03
4477 0.0917771121072803 0.1167681570637506 0.04000000000000001
4478 0.0917771121072803 0.1167681570637506 0.05
4479 0.0917771121072803 0.1167681570637506 0.06
4480 0.0917771121072803 0.1167681570637506 0.06999999999999999
4481 0.0917771121072803 0.1167681570637506 0.08000000000000002
4482 0.0917771121072803 0.1167681570637506 0.09000000000000001
4483 0.11564093841343 0.1167681570637506 0.01
4484 0.11564093841343 0.1167681570637506 0.02
4485 0.11564093841343 0.1167681570637506 0.03
4486 0.11564093841343 0.1167681570637506 0.04000000000000001
4487 0.11564093841343 0.1167681570637506 0.05
4488 0.11564093841343 0.1167681570637506 0.06
4489 0.11564093841343 0.1167681570637506 0.06999999999999999
4490 0.11564093841343 0.1167681570637506 0.08000000000000002
4491 0.11564093841343 0.1167681570637506 0.09000000000000001
4492 0.1442775296705146 0.1167681570637507 0.01
4493 0.1442775296705146 0.1167681570637507 0.02
4494 0.1442775296705146 0.1167681570637507 0.03
4495 0.1442775296705146 0.1167681570637507 0.04000000000000001
4496 0.1442775296705146 0.1167681570637507 0.05
4497 0.1442775296705146 0.1167681570637507 0.06
4498 0.1442775296705146 0.1167681570637507 0.06999999999999999
4499 0.1442775296705146 0.1167681570637507 0.08000000000000002
4500 0.1442775296705146 0.1167681570637507 0.09000000000000001
4501 0.178641439287834 0.1167681570637506 0.01
4502 0.178641439287834 0.1167681570637506 0.02
4503 0.178641439287834 0.1167681570637506 0.03
4504 0.178641439287834 0.1167681570637506 0.04000000000000001
4505 0.178641439287834 0.1167681570637506 0.05
4506 0.178641439287834 0.1167681570637506 0.06
4507 0.178641439287834 0.1167681570637506 0.06999999999999999
4508 0.178641439287834 0.1167681570637506 0.08000000000000002
4509 0.178641439287834 0.1167681570637506 0.09000000000000001
4510 0.2198781310794918 0.1167681570637506 0.01
4511 0.2198781310794918 0.1167681570637506 0.02
4512 0.2198781310794918 0.1167681570637506 0.03
4513 0.2198781310794918 0.1167681570637506 0.04000000000000001
4514 0.2198781310794918 0.1167681570637506 0.05
4515 0.2198781310794918 0.1167681570637506 0.06
4516 0.2198781310794918 0.1167681570637506 0.06999999999999999
4517 0.2198781310794918 0.1167681570637506 0.08000000000000002
4518 0.2198781310794918 0.1167681570637506 0.09000000000000001
4519 0.2693621611095051 0.1167681570637506 0.01
4520 0.2693621611095051 0.1167681570637506 0.02
4521 0.2693621611095051 0.1167681570637506 0.03
4522 0.2693621611095051 0.1167681570637506 0.04000000000000001
4523 0.2693621611095051 0.1167681570637506 0.05
4524 0.2693621611095051 0.1167681570637506 0.06
4525 0.2693621611095051 0.1167681570637506 0.06999999999999999
4526 0.2693621611095051 0.1167681570637506 0.08000000000000002
4527 0.2693621611095051 0.1167681570637506 0.09000000000000001
4528 0.3287429969614515 0.1167681570637506 0.01
4529 0.3287429969614515 0.1167681570637506 0.02
4530 0.3287429969614515 0.1167681570637506 0.03
4531 0.3287429969614515 0.1167681570637506 0.04000000000000001
4532 0.3287429969614515 0.1167681570637506 0.05
4533 0.3287429969614515 0.1167681570637506 0.06
4534 0.3287429969614515 0.1167681570637506 0.06999999999999999
4535 0.3287429969614515 0.1167681570637506 0.08000000000000002
4536 0.3287429969614515 0.1167681570637506 0.09000000000000001
4537 0.04150840397319461 0.1386970785303644 0.01
4538 0.04150840397319461 0.1386970785303644 0.02
4539 0.04150840397319461 0.1386970785303644 0.03
4540 0.04150840397319461 0.1386970785303644 0.04000000000000001
4541 0.04150840397319461 0.1386970785303644 0.05
4542 0.04150840397319461 0.1386970785303644 0.06
4543 0.04150840397319461 0.1386970785303644 0.06999999999999999
4544 0.04150840397319461 0.1386970785303644 0.08000000000000002
4545 0.04150840397319461 0.1386970785303644 0.09000000000000001
4546 0.05531848848853091 0.1386970785303644 0.01
4547 0.05531848848853091 0.1386970785303644 0.02
4548 0.05531848848853091 0.1386970785303644 0.03
4549 0.05531848848853091 0.1386970785303644 0.04000000000000001
4550 0.05531848848853091 0.1386970785303644 0.05
4551 0.05531848848853091 0.1386970785303644 0.06
4552 0.05531848848853091 0.1386970785303644 0.06999999999999999
4553 0.05531848848853091 0.1386970785303644 0.08000000000000002
4554 0.05531848848853091 0.1386970785303644 0.09000000000000001
4555 0.07189059012520749 0.1386970785303644 0.01
4556 0.07189059012520749 0.1386970785303644 0.02
4557 0.07189059012520749 0.1386970785303644 0.03
4558 0.07189059012520749 0.1386970785303644 0.04000000000000001
4559 0.07189059012520749 0.1386970785303644 0.05
4560 0.07189059012520749 0.1386970785303644 0.06
4561 0.07189059012520749 0.1386970785303644 0.06999999999999999
4562 0.07189059012520749 0.1386970785303644 0.08000000000000002
4563 0.07189059012520749 0.1386970785303644 0.09000000000000001
4564 0.09177711211056098 0.1386970785303644 0.01
4565 0.09177711211056098 0.1386970785303644 0.02
4566 0.09177711211056098 0.1386970785303644 0.03
4567 0.09177711211056098 0.1386970785303644 0.04000000000000001
4568 0.09177711211056098 0.1386970785303644 0.05
4569 0.09177711211056098 0.1386970785303644 0.06
4570 0.09177711211056098 0.1386970785303644 0.06999999999999999
4571 0.09177711211056098 0.1386970785303644 0.08000000000000002
4572 0.09177711211056098 0.1386970785303644 0.09000000000000001
4573 0.115640938418351 0.1386970785303644 0.01
4574 0.115640938418351 0.1386970785303644 0.02
4575 0.115640938418351 0.1386970785303644 0.03
4576 0.115640938418351 0.1386970785303644 0.04000000000000001
4577 0.115640938418351 0.1386970785303644 0.05
4578 0.115640938418351 0.1386970785303644 0.06
4579 0.115640938418351 0.1386970785303644 0.06999999999999999
4580 0.115640938418351 0.1386970785303644 0.08000000000000002
4581 0.115640938418351 0.1386970785303644 0.09000000000000001
4582 0.1442775296776008 0.1386970785303644 0.01
4583 0.1442775296776008 0.1386970785303644 0.02
4584 0.1442775296776008 0.1386970785303644 0.03
4585 0.1442775296776008 0.1386970785303644 0.04000000000000001
4586 0.1442775296776008 0.1386970785303644 0.05
4587 0.1442775296776008 0.1386970785303644 0.06
4588 0.1442775296776008 0.1386970785303644 0.06999999999999999
4589 0.1442775296776008 0.1386970785303644 0.08000000000000002
4590 0.1442775296776008 0.1386970785303644 0.09000000000000001
4591 0.1786414392977548 0.1386970785303644 0.01
4592 0.1786414392977548 0.1386970785303644 0.02
4593 0.1786414392977548 0.1386970785303644 0.03
4594 0.1786414392977548 0.1386970785303644 0.04000000000000001
4595 0.1786414392977548 0.1386970785303644 0.05
4596 0.1786414392977548 0.1386970785303644 0.06
4597 0.1786414392977548 0.1386970785303644 0.06999999999999999
4598 0.1786414392977548 0.1386970785303644 0.08000000000000002
4599 0.1786414392977548 0.1386970785303644 0.09000000000000001
4600 0.2198781310930975 0.1386970785303644 0.01
4601 0.2198781310930975 0.1386970785303644 0.02
4602 0.2198781310930975 0.1386970785303644 0.03
4603 0.2198781310930975 0.1386970785303644 0.04000000000000001
4604 0.2198781310930975 0.1386970785303644 0.05
4605 0.2198781310930975 0.1386970785303644 0.06
4606 0.2198781310930975 0.1386970785303644 0.06999999999999999
4607 0.2198781310930975 0.1386970785303644 0.08000000000000002
4608 0.2198781310930975 0.1386970785303644 0.09000000000000001
4609 0.2693621611278728 0.1386970785303644 0.01
4610 0.2693621611278728 0.1386970785303644 0.02
4611 0.2693621611278728 0.1386970785303644 0.03
4612 0.2693621611278728 0.1386970785303644 0.04000000000000001
4613 0.2693621611278728 0.1386970785303644 0.05
4614 0.2693621611278728 0.1386970785303644 0.06
4615 0.2693621611278728 0.1386970785303644 0.06999999999999999
4616 0.2693621611278728 0.1386970785303644 0.08000000000000002
4617 0.2693621611278728 0.1386970785303644 0.09000000000000001
4618 0.3287429969859417 0.1386970785303644 0.01
4619 0.3287429969859417 0.1386970785303644 0.02
4620 0.3287429969859417 0.1386970785303644 0.03
4621 0.3287429969859417 0.1386970785303644 0.04000000000000001
4622 0.3287429969859417 0.1386970785303644 0.05
4623 0.3287429969859417 0.1386970785303644 0.06
4624 0.3287429969859417 0.1386970785303644 0.06999999999999999
4625 0.3287429969859417 0.1386970785303644 0.08000000000000002
4626 0.3287429969859417 0.1386970785303644 0.09000000000000001
4627 0.04150840397376421 0.1650117840046968 0.01
4628 0.04150840397376421 0.1650117840046968 0.02
4629 0.04150840397376421 0.1650117840046968 0.03
4630 0.04150840397376421 0.1650117840046968 0.04000000000000001
4631 0.04150840397376421 0.1650117840046968 0.05
4632 0.04150840397376421 0.1650117840046968 0.06
4633 0.04150840397376421 0.1650117840046968 0.06999999999999999
4634 0.04150840397376421 0.1650117840046968 0.08000000000000002
4635 0.04150840397376421 0.1650117840046968 0.09000000000000001
4636 0.05531848848989782 0.1650117840046968 0.01
4637 0.05531848848989782 0.1650117840046968 0.02
4638 0.05531848848989782 0.1650117840046968 0.03
4639 0.05531848848989782 0.1650117840046968 0.04000000000000001
4640 0.05531848848989782 0.1650117840046968 0.05
4641 0.05531848848989782 0.1650117840046968 0.06
4642 0.05531848848989782 0.1650117840046968 0.06999999999999999
4643 0.05531848848989782 0.1650117840046968 0.08000000000000002
4644 0.05531848848989782 0.1650117840046968 0.09000000000000001
4645 0.07189059012766799 0.1650117840046968 0.01
4646 0.07189059012766799 0.1650117840046968 0.02
4647 0.07189059012766799 0.1650117840046968 0.03
4648 0.07189059012766799 0.1650117840046968 0.04000000000000001
4649 0.07189059012766799 0.1650117840046968 0.05
4650 0.07189059012766799 0.1650117840046968 0.06
4651 0.07189059012766799 0.1650117840046968 0.06999999999999999
4652 0.07189059012766799 0.1650117840046968 0.08000000000000002
4653 0.07189059012766799 0.1650117840046968 0.09000000000000001
4654 0.09177711211449782 0.1650117840046968 0.01
4655 0.09177711211449782 0.1650117840046968 0.02
4656 0.09177711211449782 0.1650117840046968 0.03
4657 0.09177711211449782 0.1650117840046968 0.04000000000000001
4658 0.09177711211449782 0.1650117840046968 0.05
4659 0.09177711211449782 0.1650117840046968 0.06
4660 0.09177711211449782 0.1650117840046968 0.06999999999999999
4661 0.09177711211449782 0.1650117840046968 0.08000000000000002
4662 0.09177711211449782 0.1650117840046968 0.09000000000000001
4663 0.1156409384242563 0.1650117840046968 0.01
4664 0.1156409384242563 0.1650117840046968 0.02
4665 0.1156409384242563 0.1650117840046968 0.03
4666 0.1156409384242563 0.1650117840046968 0.04000000000000001
4667 0.1156409384242563 0.1650117840046968 0.05
4668 0.1156409384242563 0.1650117840046968 0.06
4669 0.1156409384242563 0.1650117840046968 0.06999999999999999
4670 0.1156409384242563 0.1650117840046968 0.08000000000000002
4671 0.1156409384242563 0.1650117840046968 0.09000000000000001
4672 0.1442775296861044 0.1650117840046968 0.01
4673 0.1442775296861044 0.1650117840046968 0.02
4674 0.1442775296861044 0.1650117840046968 0.03
4675 0.1442775296861044 0.1650117840046968 0.04000000000000001
4676 0.1442775296861044 0.1650117840046968 0.05
4677 0.1442775296861044 0.1650117840046968 0.06
4678 0.1442775296861044 0.1650117840046968 0.06999999999999999
4679 0.1442775296861044 0.1650117840046968 0.08000000000000002
4680 0.1442775296861044 0.1650117840046968 0.09000000000000001
4681 0.1786414393096598 0.1650117840046968 0.01
4682 0.1786414393096598 0.1650117840046968 0.02
4683 0.1786414393096598 0.1650117840046968 0.03
4684 0.1786414393096598 0.1650117840046968 0.04000000000000001
4685 0.1786414393096598 0.1650117840046968 0.05
4686 0.1786414393096598 0.1650117840046968 0.06
4687 0.1786414393096598 0.1650117840046968 0.06999999999999999
4688 0.1786414393096598 0.1650117840046968 0.08000000000000002
4689 0.1786414393096598 0.1650117840046968 0.09000000000000001
4690 0.2198781311094243 0.1650117840046968 0.01
4691 0.2198781311094243 0.1650117840046968 0.02
4692 0.2198781311094243 0.1650117840046968 0.03
4693 0.2198781311094243 0.1650117840046968 0.04000000000000001
4694 0.2198781311094243 0.1650117840046968 0.05
4695 0.2198781311094243 0.1650117840046968 0.06
4696 0.2198781311094243 0.1650117840046968 0.06999999999999999
4697 0.2198781311094243 0.1650117840046968 0.08000000000000002
4698 0.2198781311094243 0.1650117840046968 0.09000000000000001
4699 0.269362161149914 0.1650117840046968 0.01
4700 0.269362161149914 0.1650117840046968 0.02
4701 0.269362161149914 0.1650117840046968 0.03
4702 0.269362161149914 0.1650117840046968 0.04000000000000001
4703 0.269362161149914 0.1650117840046968 0.05
4704 0.269362161149914 0.1650117840046968 0.06
4705 0.269362161149914 0.1650117840046968 0.06999999999999999
4706 0.269362161149914 0.1650117840046968 0.08000000000000002
4707 0.269362161149914 0.1650117840046968 0.09000000000000001
4708 0.3287429970153301 0.1650117840046968 0.01
4709 0.3287429970153301 0.1650117840046968 0.02
4710 0.3287429970153301 0.1650117840046968 0.03
4711 0.3287429970153301 0.1650117840046968 0.04000000000000001
4712 0.3287429970153301 0.1650117840046968 0.05
4713 0.3287429970153301 0.1650117840046968 0.06
4714 0.3287429970153301 0.1650117840046968 0.06999999999999999
4715 0.3287429970153301 0.1650117840046968 0.08000000000000002
4716 0.3287429970153301 0.1650117840046968 0.09000000000000001
4717 0.04150840397444763 0.1965894306733284 0.01
4718 0.04150840397444763 0.1965894306733284 0.02
4719 0.04150840397444763 0.1965894306733284 0.03
4720 0.04150840397444763 0.1965894306733284 0.04000000000000001
4721 0.04150840397444763 0.1965894306733284 0.05
4722 0.04150840397444763 0.1965894306733284 0.06
4723 0.04150840397444763 0.1965894306733284 0.06999999999999999
4724 0.04150840397444763 0.1965894306733284 0.08000000000000002
4725 0.04150840397444763 0.1965894306733284 0.09000000000000001
4726 0.0553184884915382 0.1965894306733284 0.01
4727 0.0553184884915382 0.1965894306733284 0.02
4728 0.0553184884915382 0.1965894306733284 0.03
4729 0.0553184884915382 0.1965894306733284 0.04000000000000001
4730 0.0553184884915382 0.1965894306733284 0.05
4731 0.0553184884915382 0.1965894306733284 0.06
4732 0.0553184884915382 0.1965894306733284 0.06999999999999999
4733 0.0553184884915382 0.1965894306733284 0.08000000000000002
4734 0.0553184884915382 0.1965894306733284 0.09000000000000001
4735 0.07189059013062063 0.1965894306733284 0.01
4736 0.07189059013062063 0.1965894306733284 0.02
4737 0.07189059013062063 0.1965894306733284 0.03
4738 0.07189059013062063 0.1965894306733284 0.04000000000000001
4739 0.07189059013062063 0.1965894306733284 0.05
4740 0.07189059013062063 0.1965894306733284 0.06
4741 0.07189059013062063 0.1965894306733284 0.06999999999999999
4742 0.07189059013062063 0.1965894306733284 0.08000000000000002
4743 0.07189059013062063 0.1965894306733284 0.09000000000000001
4744 0.091777112119222 0.1965894306733284 0.01
4745 0.091777112119222 0.1965894306733284 0.02
4746 0.091777112119222 0.1965894306733284 0.03
4747 0.091777112119222 0.1965894306733284 0.04000000000000001
4748 0.091777112119222 0.1965894306733284 0.05
4749 0.091777112119222 0.1965894306733284 0.06
4750 0.091777112119222 0.1965894306733284 0.06999999999999999
4751 0.091777112119222 0.1965894306733284 0.08000000000000002
4752 0.091777112119222 0.1965894306733284 0.09000000000000001
4753 0.1156409384313426 0.1965894306733284 0.01
4754 0.1156409384313426 0.1965894306733284 0.02
4755 0.1156409384313426 0.1965894306733284 0.03
4756 0.1156409384313426 0.1965894306733284 0.04000000000000001
4757 0.1156409384313426 0.1965894306733284 0.05
4758 0.1156409384313426 0.1965894306733284 0.06
4759 0.1156409384313426 0.1965894306733284 0.06999999999999999
4760 0.1156409384313426 0.1965894306733284 0.08000000000000002
4761 0.1156409384313426 0.1965894306733284 0.09000000000000001
4762 0.1442775296963086 0.1965894306733284 0.01
4763 0.1442775296963086 0.1965894306733284 0.02
4764 0.1442775296963086 0.1965894306733284 0.03
4765 0.1442775296963086 0.1965894306733284 0.04000000000000001
4766 0.1442775296963086 0.1965894306733284 0.05
4767 0.1442775296963086 0.1965894306733284 0.06
4768 0.1442775296963086 0.1965894306733284 0.06999999999999999
4769 0.1442775296963086 0.1965894306733284 0.08000000000000002
4770 0.1442775296963086 0.1965894306733284 0.09000000000000001
4771 0.1786414393239458 0.1965894306733284 0.01
4772 0.1786414393239458 0.1965894306733284 0.02
4773 0.1786414393239458 0.1965894306733284 0.03
4774 0.1786414393239458 0.1965894306733284 0.04000000000000001
4775 0.1786414393239458 0.1965894306733284 0.05
4776 0.1786414393239458 0.1965894306733284 0.06
4777 0.1786414393239458 0.1965894306733284 0.06999999999999999
4778 0.1786414393239458 0.1965894306733284 0.08000000000000002
4779 0.1786414393239458 0.1965894306733284 0.09000000000000001
4780 0.2198781311290165 0.1965894306733284 0.01
4781 0.2198781311290165 0.1965894306733284 0.02
4782 0.2198781311290165 0.1965894306733284 0.03
4783 0.2198781311290165 0.1965894306733284 0.04000000000000001
4784 0.2198781311290165 0.1965894306733284 0.05
4785 0.2198781311290165 0.1965894306733284 0.06
4786 0.2198781311290165 0.1965894306733284 0.06999999999999999
4787 0.2198781311290165 0.1965894306733284 0.08000000000000002
4788 0.2198781311290165 0.1965894306733284 0.09000000000000001
4789 0.2693621611763635 0.1965894306733284 0.01
4790 0.2693621611763635 0.1965894306733284 0.02
4791 0.2693621611763635 0.1965894306733284 0.03
4792 0.2693621611763635 0.1965894306733284 0.04000000000000001
4793 0.2693621611763635 0.1965894306733284 0.05
4794 0.2693621611763635 0.1965894306733284 0.06
4795 0.2693621611763635 0.1965894306733284 0.06999999999999999
4796 0.2693621611763635 0.1965894306733284 0.08000000000000002
4797 0.2693621611763635 0.1965894306733284 0.09000000000000001
4798 0.3287429970505961 0.1965894306733284 0.01
4799 0.3287429970505961 0.1965894306733284 0.02
4800 0.3287429970505961 0.1965894306733284 0.03
4801 0.3287429970505961 0.1965894306733284 0.04000000000000001
4802 0.3287429970505961 0.1965894306733284 0.05
4803 0.3287429970505961 0.1965894306733284 0.06
4804 0.3287429970505961 0.1965894306733284 0.06999999999999999
4805 0.3287429970505961 0.1965894306733284 0.08000000000000002
4806 0.3287429970505961 0.1965894306733284 0.09000000000000001
4807 0.04150840397526784 0.2344826069055457 0.01
4808 0.04150840397526784 0.2344826069055457 0.02
4809 0.04150840397526784 0.2344826069055457 0.03
4810 0.04150840397526784 0.2344826069055457 0.04000000000000001
4811 0.04150840397526784 0.2344826069055457 0.05
4812 0.04150840397526784 0.2344826069055457 0.06
4813 0.04150840397526784 0.2344826069055457 0.06999999999999999
4814 0.04150840397526784 0.2344826069055457 0.08000000000000002
4815 0.04150840397526784 0.2344826069055457 0.09000000000000001
4816 0.0553184884935066 0.2344826069055457 0.01
4817 0.0553184884935066 0.2344826069055457 0.02
4818 0.0553184884935066 0.2344826069055457 0.03
4819 0.0553184884935066 0.2344826069055457 0.04000000000000001
4820 0.0553184884935066 0.2344826069055457 0.05
4821 0.0553184884935066 0.2344826069055457 0.06
4822 0.0553184884935066 0.2344826069055457 0.06999999999999999
4823 0.0553184884935066 0.2344826069055457 0.08000000000000002
4824 0.0553184884935066 0.2344826069055457 0.09000000000000001
4825 0.07189059013416374 0.2344826069055457 0.01
4826 0.07189059013416374 0.2344826069055457 0.02
4827 0.07189059013416374 0.2344826069055457 0.03
4828 0.07189059013416374 0.2344826069055457 0.04000000000000001
4829 0.07189059013416374 0.2344826069055457 0.05
4830 0.07189059013416374 0.2344826069055457 0.06
4831 0.07189059013416374 0.2344826069055457 0.06999999999999999
4832 0.07189059013416374 0.2344826069055457 0.08000000000000002
4833 0.07189059013416374 0.2344826069055457 0.09000000000000001
4834 0.09177711212489104 0.2344826069055457 0.01
4835 0.09177711212489104 0.2344826069055457 0.02
4836 0.09177711212489104 0.2344826069055457 0.03
4837 0.09177711212489104 0.2344826069055457 0.04000000000000001
4838 0.09177711212489104 0.2344826069055457 0.05
4839 0.09177711212489104 0.2344826069055457 0.06
4840 0.09177711212489104 0.2344826069055457 0.06999999999999999
4841 0.09177711212489104 0.2344826069055457 0.08000000000000002
4842 0.09177711212489104 0.2344826069055457 0.09000000000000001
4843 0.1156409384398461 0.2344826069055457 0.01
4844 0.1156409384398461 0.2344826069055457 0.02
4845 0.1156409384398461 0.2344826069055457 0.03
4846 0.1156409384398461 0.2344826069055457 0.04000000000000001
4847 0.1156409384398461 0.2344826069055457 0.05
4848 0.1156409384398461 0.2344826069055457 0.06
4849 0.1156409384398461 0.2344826069055457 0.06999999999999999
4850 0.1156409384398461 0.2344826069055457 0.08000000000000002
4851 0.1156409384398461 0.2344826069055457 0.09000000000000001
4852 0.1442775297085538 0.2344826069055457 0.01
4853 0.1442775297085538 0.2344826069055457 0.02
4854 0.1442775297085538 0.2344826069055457 0.03
4855 0.1442775297085538 0.2344826069055457 0.04000000000000001
4856 0.1442775297085538 0.2344826069055457 0.05
4857 0.1442775297085538 0.2344826069055457 0.06
4858 0.1442775297085538 0.2344826069055457 0.06999999999999999
4859 0.1442775297085538 0.2344826069055457 0.08000000000000002
4860 0.1442775297085538 0.2344826069055457 0.09000000000000001
4861 0.1786414393410889 0.2344826069055457 0.01
4862 0.1786414393410889 0.2344826069055457 0.02
4863 0.1786414393410889 0.2344826069055457 0.03
4864 0.1786414393410889 0.2344826069055457 0.04000000000000001
4865 0.1786414393410889 0.2344826069055457 0.05
4866 0.1786414393410889 0.2344826069055457 0.06
4867 0.1786414393410889 0.2344826069055457 0.06999999999999999
4868 0.1786414393410889 0.2344826069055457 0.08000000000000002
4869 0.1786414393410889 0.2344826069055457 0.09000000000000001
4870 0.2198781311525271 0.2344826069055457 0.01
4871 0.2198781311525271 0.2344826069055457 0.02
4872 0.2198781311525271 0.2344826069055457 0.03
4873 0.2198781311525271 0.2344826069055457 0.04000000000000001
4874 0.2198781311525271 0.2344826069055457 0.05
4875 0.2198781311525271 0.2344826069055457 0.06
4876 0.2198781311525271 0.2344826069055457 0.06999999999999999
4877 0.2198781311525271 0.2344826069055457 0.08000000000000002
4878 0.2198781311525271 0.2344826069055457 0.09000000000000001
4879 0.2693621612081028 0.2344826069055457 0.01
4880 0.2693621612081028 0.2344826069055457 0.02
4881 0.2693621612081028 0.2344826069055457 0.03
4882 0.2693621612081028 0.2344826069055457 0.04000000000000001
4883 0.2693621612081028 0.2344826069055457 0.05
4884 0.2693621612081028 0.2344826069055457 0.06
4885 0.2693621612081028 0.2344826069055457 0.06999999999999999
4886 0.2693621612081028 0.2344826069055457 0.08000000000000002
4887 0.2693621612081028 0.2344826069055457 0.09000000000000001
4888 0.3287429970929153 0.2344826069055457 0.01
4889 0.3287429970929153 0.2344826069055457 0.02
4890 0.3287429970929153 0.2344826069055457 0.03
4891 0.3287429970929153 0.2344826069055457 0.04000000000000001
4892 0.3287429970929153 0.2344826069055457 0.05
4893 0.3287429970929153 0.2344826069055457 0.06
4894 0.3287429970929153 0.2344826069055457 0.06999999999999999
4895 0.3287429970929153 0.2344826069055457 0.08000000000000002
4896 0.3287429970929153 0.2344826069055457 0.09000000000000001
4897 0.04150840397625205 0.2799544182731479 0.01
4898 0.04150840397625205 0.2799544182731479 0.02
4899 0.04150840397625205 0.2799544182731479 0.03
4900 0.04150840397625205 0.2799544182731479 0.04000000000000001
4901 0.04150840397625205 0.2799544182731479 0.05
4902 0.04150840397625205 0.2799544182731479 0.06
4903 0.04150840397625205 0.2799544182731479 0.06999999999999999
4904 0.04150840397625205 0.2799544182731479 0.08000000000000002
4905 0.04150840397625205 0.2799544182731479 0.09000000000000001
4906 0.05531848849586873 0.2799544182731479 0.01
4907 0.05531848849586873 0.2799544182731479 0.02
4908 0.05531848849586873 0.2799544182731479 0.03
4909 0.05531848849586873 0.2799544182731479 0.04000000000000001
4910 0.05531848849586873 0.2799544182731479 0.05
4911 0.05531848849586873 0.2799544182731479 0.06
4912 0.05531848849586873 0.2799544182731479 0.06999999999999999
4913 0.05531848849586873 0.2799544182731479 0.08000000000000002
4914 0.05531848849586873 0.2799544182731479 0.09000000000000001
4915 0.07189059013841551 0.2799544182731479 0.01
4916 0.07189059013841551 0.2799544182731479 0.02
4917 0.07189059013841551 0.2799544182731479 0.03
4918 0.07189059013841551 0.2799544182731479 0.04000000000000001
4919 0.07189059013841551 0.2799544182731479 0.05
4920 0.07189059013841551 0.2799544182731479 0.06
4921 0.07189059013841551 0.2799544182731479 0.06999999999999999
4922 0.07189059013841551 0.2799544182731479 0.08000000000000002
4923 0.07189059013841551 0.2799544182731479 0.09000000000000001
4924 0.09177711213169391 0.2799544182731479 0.01
4925 0.09177711213169391 0.2799544182731479 0.02
4926 0.09177711213169391 0.2799544182731479 0.03
4927 0.09177711213169391 0.2799544182731479 0.04000000000000001
4928 0.09177711213169391 0.2799544182731479 0.05
4929 0.09177711213169391 0.2799544182731479 0.06
4930 0.09177711213169391 0.2799544182731479 0.06999999999999999
4931 0.09177711213169391 0.2799544182731479 0.08000000000000002
4932 0.09177711213169391 0.2799544182731479 0.09000000000000001
4933 0.1156409384500504 0.2799544182731479 0.01
4934 0.1156409384500504 0.2799544182731479 0.02
4935 0.1156409384500504 0.2799544182731479 0.03
4936 0.1156409384500504 0.2799544182731479 0.04000000000000001
4937 0.1156409384500504 0.2799544182731479 0.05
4938 0.1156409384500504 0.2799544182731479 0.06
4939 0.1156409384500504 0.2799544182731479 0.06999999999999999
4940 0.1156409384500504 0.2799544182731479 0.08000000000000002
4941 0.1156409384500504 0.2799544182731479 0.09000000000000001
4942 0.1442775297232479 0.2799544182731479 0.01
4943 0.1442775297232479 0.2799544182731479 0.02
4944 0.1442775297232479 0.2799544182731479 0.03
4945 0.1442775297232479 0.2799544182731479 0.04000000000000001
4946 0.1442775297232479 0.2799544182731479 0.05
4947 0.1442775297232479 0.2799544182731479 0.06
4948 0.1442775297232479 0.2799544182731479 0.06999999999999999
4949 0.1442775297232479 0.2799544182731479 0.08000000000000002
4950 0.1442775297232479 0.2799544182731479 0.09000000000000001
4951 0.1786414393616607 0.2799544182731479 0.01
4952 0.1786414393616607 0.2799544182731479 0.02
4953 0.1786414393616607 0.2799544182731479 0.03
4954 0.1786414393616607 0.2799544182731479 0.04000000000000001
4955 0.1786414393616607 0.2799544182731479 0.05
4956 0.1786414393616607 0.2799544182731479 0.06
4957 0.1786414393616607 0.2799544182731479 0.06999999999999999
4958 0.1786414393616607 0.2799544182731479 0.08000000000000002
4959 0.1786414393616607 0.2799544182731479 0.09000000000000001
4960 0.2198781311807398 0.2799544182731479 0.01
4961 0.2198781311807398 0.2799544182731479 0.02
4962 0.2198781311807398 0.2799544182731479 0.03
4963 0.2198781311807398 0.2799544182731479 0.04000000000000001
4964 0.2198781311807398 0.2799544182731479 0.05
4965 0.2198781311807398 0.2799544182731479 0.06
4966 0.2198781311807398 0.2799544182731479 0.06999999999999999
4967 0.2198781311807398 0.2799544182731479 0.08000000000000002
4968 0.2198781311807398 0.2799544182731479 0.09000000000000001
4969 0.26936216124619 0.2799544182731479 0.01
4970 0.26936216124619 0.2799544182731479 0.02
4971 0.26936216124619 0.2799544182731479 0.03
4972 0.26936216124619 0.2799544182731479 0.04000000000000001
4973 0.26936216124619 0.2799544182731479 0.05
4974 0.26936216124619 0.2799544182731479 0.06
4975 0.26936216124619 0.2799544182731479 0.06999999999999999
4976 0.26936216124619 0.2799544182731479 0.08000000000000002
4977 0.26936216124619 0.2799544182731479 0.09000000000000001
4978 0.3287429971436984 0.2799544182731479 0.01
4979 0.3287429971436984 0.2799544182731479 0.02
4980 0.3287429971436984 0.2799544182731479 0.03
4981 0.3287429971436984 0.2799544182731479 0.04000000000000001
4982 0.3287429971436984 0.2799544182731479 0.05
4983 0.3287429971436984 0.2799544182731479 0.06
4984 0.3287429971436984 0.2799544182731479 0.06999999999999999
4985 0.3287429971436984 0.2799544182731479 0.08000000000000002
4986 0.3287429971436984 0.2799544182731479 0.09000000000000001
4987 0.04150840397743308 0.3345205917441559 0.01
4988 0.04150840397743308 0.3345205917441559 0.02
4989 0.04150840397743308 0.3345205917441559 0.03
4990 0.04150840397743308 0.3345205917441559 0.04000000000000001
4991 0.04150840397743308 0.3345205917441559 0.05
4992 0.04150840397743308 0.3345205917441559 0.06
4993 0.04150840397743308 0.3345205917441559 0.06999999999999999
4994 0.04150840397743308 0.3345205917441559 0.08000000000000002
4995 0.04150840397743308 0.3345205917441559 0.09000000000000001
4996 0.05531848849870327 0.334520591744156 0.01
4997 0.05531848849870327 0.334520591744156 0.02
4998 0.05531848849870327 0.334520591744156 0.03
4999 0.05531848849870327 0.334520591744156 0.04000000000000001
5000 0.05531848849870327 0.334520591744156 0.05
5001 0.05531848849870327 0.334520591744156 0.06
5002 0.05531848849870327 0.334520591744156 0.06999999999999999
5003 0.05531848849870327 0.334520591744156 0.08000000000000002
5004 0.05531848849870327 0.334520591744156 0.09000000000000001
5005 0.07189059014351765 0.3345205917441559 0.01
5006 0.07189059014351765 0.3345205917441559 0.02
5007 0.07189059014351765 0.3345205917441559 0.03
5008 0.07189059014351765 0.3345205917441559 0.04000000000000001
5009 0.07189059014351765 0.3345205917441559 0.05
5010 0.07189059014351765 0.3345205917441559 0.06
5011 0.07189059014351765 0.3345205917441559 0.06999999999999999
5012 0.07189059014351765 0.3345205917441559 0.08000000000000002
5013 0.07189059014351765 0.3345205917441559 0.09000000000000001
5014 0.09177711213985729 0.3345205917441559 0.01
5015 0.09177711213985729 0.3345205917441559 0.02
5016 0.09177711213985729 0.3345205917441559 0.03
5017 0.09177711213985729 0.3345205917441559 0.04000000000000001
5018 0.09177711213985729 0.3345205917441559 0.05
5019 0.09177711213985729 0.3345205917441559 0.06
5020 0.09177711213985729 0.3345205917441559 0.06999999999999999
5021 0.09177711213985729 0.3345205917441559 0.08000000000000002
5022 0.09177711213985729 0.3345205917441559 0.09000000000000001
5023 0.1156409384622955 0.334520591744156 0.01
5024 0.1156409384622955 0.334520591744156 0.02
5025 0.1156409384622955 0.334520591744156 0.03
5026 0.1156409384622955 0.334520591744156 0.04000000000000001
5027 0.1156409384622955 0.334520591744156 0.05
5028 0.1156409384622955 0.334520591744156 0.06
5029 0.1156409384622955 0.334520591744156 0.06999999999999999
5030 0.1156409384622955 0.334520591744156 0.08000000000000002
5031 0.1156409384622955 0.334520591744156 0.09000000000000001
5032 0.1442775297408809 0.3345205917441559 0.01
5033 0.1442775297408809 0.3345205917441559 0.02
5034 0.1442775297408809 0.3345205917441559 0.03
5035 0.1442775297408809 0.3345205917441559 0.04000000000000001
5036 0.1442775297408809 0.3345205917441559 0.05
5037 0.1442775297408809 0.3345205917441559 0.06
5038 0.1442775297408809 0.3345205917441559 0.06999999999999999
5039 0.1442775297408809 0.3345205917441559 0.08000000000000002
5040 0.1442775297408809 0.3345205917441559 0.09000000000000001
5041 0.1786414393863468 0.3345205917441559 0.01
5042 0.1786414393863468 0.3345205917441559 0.02
5043 0.1786414393863468 0.3345205917441559 0.03
5044 0.1786414393863468 0.3345205917441559 0.04000000000000001
5045 0.1786414393863468 0.3345205917441559 0.05
5046 0.1786414393863468 0.3345205917441559 0.06
5047 0.1786414393863468 0.3345205917441559 0.06999999999999999
5048 0.1786414393863468 0.3345205917441559 0.08000000000000002
5049 0.1786414393863468 0.3345205917441559 0.09000000000000001
5050 0.2198781312145951 0.3345205917441559 0.01
5051 0.2198781312145951 0.3345205917441559 0.02
5052 0.2198781312145951 0.3345205917441559 0.03
5053 0.2198781312145951 0.3345205917441559 0.04000000000000001
5054 0.2198781312145951 0.3345205917441559 0.05
5055 0.2198781312145951 0.3345205917441559 0.06
5056 0.2198781312145951 0.3345205917441559 0.06999999999999999
5057 0.2198781312145951 0.3345205917441559 0.08000000000000002
5058 0.2198781312145951 0.3345205917441559 0.09000000000000001
5059 0.2693621612918947 0.3345205917441559 0.01
5060 0.2693621612918947 0.3345205917441559 0.02
5061 0.2693621612918947 0.3345205917441559 0.03
5062 0.2693621612918947 0.3345205917441559 0.04000000000000001
5063 0.2693621612918947 0.3345205917441559 0.05
5064 0.2693621612918947 0.3345205917441559 0.06
5065 0.2693621612918947 0.3345205917441559 0.06999999999999999
5066 0.2693621612918947 0.3345205917441559 0.08000000000000002
5067 0.2693621612918947 0.3345205917441559 0.09000000000000001
5068 0.3287429972046381 0.3345205917441559 0.01
5069 0.3287429972046381 0.3345205917441559 0.02
5070 0.3287429972046381 0.3345205917441559 0.03
5071 0.3287429972046381 0.3345205917441559 0.04000000000000001
5072 0.3287429972046381 0.3345205917441559 0.05
5073 0.3287429972046381 0.3345205917441559 0.06
5074 0.3287429972046381 0.3345205917441559 0.06999999999999999
5075 0.3287429972046381 0.3345205917441559 0.08000000000000002
5076 0.3287429972046381 0.3345205917441559 0.09000000000000001
5077 0.02499999999999999 0.009999999999999985 0.112
5078 0.02499999999999999 0.009999999999999985 0.124
5079 0.02499999999999999 0.009999999999999985 0.138
5080 0.02499999999999999 0.009999999999999985 0.152
5081 0.02499999999999999 0.009999999999999985 0.166
5082 0.02499999999999999 0.009999999999999985 0.187
5083 0.02499999999999999 0.009999999999999985 0.208
5084 0.02499999999999999 0.009999999999999985 0.229
5085 0.02499999999999999 0.009999999999999985 0.25
5086 0.02499999999999999 0.009999999999999985 0.2875
5087 0.02499999999999999 0.009999999999999985 0.3250000000000001
5088 0.02499999999999999 0.009999999999999985 0.3625
5089 0.02499999999999999 0.01999999999999996 0.112
5090 0.02499999999999999 0.01999999999999996 0.124
5091 0.02499999999999999 0.01999999999999996 0.138
5092 0.02499999999999999 0.01999999999999996 0.152
5093 0.02499999999999999 0.01999999999999996 0.166
5094 0.02499999999999999 0.01999999999999996 0.187
5095 0.02499999999999999 0.01999999999999996 0.208
5096 0.02499999999999999 0.01999999999999996 0.229
5097 0.02499999999999999 0.01999999999999996 0.25
5098 0.02499999999999999 0.01999999999999996 0.2875
5099 0.02499999999999999 0.01999999999999996 0.3250000000000001
5100 0.02499999999999999 0.01999999999999996 0.3625
5101 0.025 0.02999999999999993 0.112
5102 0.025 0.02999999999999993 0.124
5103 0.025 0.02999999999999993 0.138
5104 0.025 0.02999999999999993 0.152
5105 0.025 0.02999999999999993 0.166
5106 0.025 0.02999999999999993 0.187
5107 0.025 0.02999999999999993 0.208
5108 0.025 0.02999999999999993 0.229
5109 0.025 0.02999999999999993 0.25
5110 0.025 0.02999999999999993 0.2875
5111 0.025 0.02999999999999993 0.3250000000000001
5112 0.025 0.02999999999999993 0.3625
5113 0.02500000000000001 0.03999999999999995 0.112
5114 0.02500000000000001 0.03999999999999995 0.124
5115 0.02500000000000001 0.03999999999999995 0.138
5116 0.02500000000000001 0.03999999999999995 0.152
5117 0.02500000000000001 0.03999999999999995 0.166
5118 0.02500000000000001 0.03999999999999995 0.187
5119 0.02500000000000001 0.03999999999999995 0.208
5120 0.02500000000000001 0.03999999999999995 0.229
5121 0.02500000000000001 0.03999999999999995 0.25
5122 0.02500000000000001 0.03999999999999995 0.2875
5123 0.02500000000000001 0.03999999999999995 0.3250000000000001
5124 0.02500000000000001 0.03999999999999995 0.3625
5125 0.02500000000000001 0.04999999999999999 0.112
5126 0.02500000000000001 0.04999999999999999 0.124
5127 0.02500000000000001 0.04999999999999999 0.138
5128 0.02500000000000001 0.04999999999999999 0.152
5129 0.02500000000000001 0.04999999999999999 0.166
5130 0.02500000000000001 0.04999999999999999 0.187
5131 0.02500000000000001 0.04999999999999999 0.208
5132 0.02500000000000001 0.04999999999999999 0.229
5133 0.02500000000000001 0.04999999999999999 0.25
5134 0.02500000000000001 0.04999999999999999 0.2875
5135 0.02500000000000001 0.04999999999999999 0.3250000000000001
5136 0.02500000000000001 0.04999999999999999 0.3625
5137 0.01999999999999998 0.009999999999999988 0.112
5138 0.01999999999999998 0.009999999999999988 0.124
5139 0.01999999999999998 0.009999999999999988 0.138
5140 0.01999999999999998 0.009999999999999988 0.152
5141 0.01999999999999998 0.009999999999999988 0.166
5142 0.01999999999999998 0.009999999999999988 0.187
5143 0.01999999999999998 0.009999999999999988 0.208
5144 0.01999999999999998 0.009999999999999988 0.229
5145 0.01999999999999998 0.009999999999999988 0.25
5146 0.01999999999999998 0.009999999999999988 0.2875
5147 0.01999999999999998 0.009999999999999988 0.3250000000000001
5148 0.01999999999999998 0.009999999999999988 0.3625
5149 0.01999999999999999 0.01999999999999998 0.112
5150 0.01999999999999999 0.01999999999999998 0.124
5151 0.01999999999999999 0.01999999999999998 0.138
5152 0.01999999999999999 0.01999999999999998 0.152
5153 0.01999999999999999 0.01999999999999998 0.166
5154 0.01999999999999999 0.01999999999999998 0.187
5155 0.01999999999999999 0.01999999999999998 0.208
5156 0.01999999999999999 0.01999999999999998 0.229
5157 0.01999999999999999 0.01999999999999998 0.25
5158 0.01999999999999999 0.01999999999999998 0.2875
5159 0.01999999999999999 0.01999999999999998 0.3250000000000001
5160 0.01999999999999999 0.01999999999999998 0.3625
5161 0.02 0.02999999999999996 0.112
5162 0.02 0.02999999999999996 0.124
5163 0.02 0.02999999999999996 0.138
5164 0.02 0.02999999999999996 0.152
5165 0.02 0.02999999999999996 0.166
5166 0.02 0.02999999999999996 0.187
5167 0.02 0.02999999999999996 0.208
5168 0.02 0.02999999999999996 0.229
5169 0.02 0.02999999999999996 0.25
5170 0.02 0.02999999999999996 0.2875
5171 0.02 0.02999999999999996 0.3250000000000001
5172 0.02 0.02999999999999996 0.3625
5173 0.02000000000000001 0.03999999999999998 0.112
5174 0.02000000000000001 0.03999999999999998 0.124
5175 0.02000000000000001 0.03999999999999998 0.138
5176 0.02000000000000001 0.03999999999999998 0.152
5177 0.02000000000000001 0.03999999999999998 0.166
5178 0.02000000000000001 0.03999999999999998 0.187
5179 0.02000000000000001 0.03999999999999998 0.208
5180 0.02000000000000001 0.03999999999999998 0.229
5181 0.02000000000000001 0.03999999999999998 0.25
5182 0.02000000000000001 0.03999999999999998 0.2875
5183 0.02000000000000001 0.03999999999999998 0.3250000000000001
5184 0.02000000000000001 0.03999999999999998 0.3625
5185 0.02000000000000002 0.04999999999999999 0.112
5186 0.02000000000000002 0.04999999999999999 0.124
5187 0.02000000000000002 0.04999999999999999 0.138
5188 0.02000000000000002 0.04999999999999999 0.152
5189 0.02000000000000002 0.04999999999999999 0.166
5190 0.02000000000000002 0.04999999999999999 0.187
5191 0.02000000000000002 0.04999999999999999 0.208
5192 0.02000000000000002 0.04999999999999999 0.229
5193 0.02000000000000002 0.04999999999999999 0.25
5194 0.02000000000000002 0.04999999999999999 0.2875
5195 0.02000000000000002 0.04999999999999999 0.3250000000000001
5196 0.02000000000000002 0.04999999999999999 0.3625
5197 0.01499999999999996 0.009999999999999998 0.112
5198 0.01499999999999996 0.009999999999999998 0.124
5199 0.01499999999999996 0.009999999999999998 0.138
5200 0.01499999999999996 0.009999999999999998 0.152
5201 0.01499999999999996 0.009999999999999998 0.166
5202 0.01499999999999996 0.009999999999999998 0.187
5203 0.01499999999999996 0.009999999999999998 0.208
5204 0.01499999999999996 0.009999999999999998 0.229
5205 0.01499999999999996 0.009999999999999998 0.25
5206 0.01499999999999996 0.009999999999999998 0.2875
5207 0.01499999999999996 0.009999999999999998 0.3250000000000001
5208 0.01499999999999996 0.009999999999999998 0.3625
5209 0.01499999999999998 0.01999999999999999 0.112
5210 0.01499999999999998 0.01999999999999999 0.124
5211 0.01499999999999998 0.01999999999999999 0.138
5212 0.01499999999999998 0.01999999999999999 0.152
5213 0.01499999999999998 0.01999999999999999 0.166
5214 0.01499999999999998 0.01999999999999999 0.187
5215 0.01499999999999998 0.01999999999999999 0.208
5216 0.01499999999999998 0.01999999999999999 0.229
5217 0.01499999999999998 0.01999999999999999 0.25
5218 0.01499999999999998 0.01999999999999999 0.2875
5219 0.01499999999999998 0.01999999999999999 0.3250000000000001
5220 0.01499999999999998 0.01999999999999999 0.3625
5221 0.015 0.03 0.112
5222 0.015 0.03 0.124
5223 0.015 0.03 0.138
5224 0.015 0.03 0.152
5225 0.015 0.03 0.166
5226 0.015 0.03 0.187
5227 0.015 0.03 0.208
5228 0.015 0.03 0.229
5229 0.015 0.03 0.25
5230 0.015 0.03 0.2875
5231 0.015 0.03 0.3250000000000001
5232 0.015 0.03 0.3625
5233 0.01500000000000002 0.04000000000000001 0.112
5234 0.01500000000000002 0.04000000000000001 0.124
5235 0.01500000000000002 0.04000000000000001 0.138
5236 0.01500000000000002 0.04000000000000001 0.152
5237 0.01500000000000002 0.04000000000000001 0.166
5238 0.01500000000000002 0.04000000000000001 0.187
5239 0.01500000000000002 0.04000000000000001 0.208
5240 0.01500000000000002 0.04000000000000001 0.229
5241 0.01500000000000002 0.04000000000000001 0.25
5242 0.01500000000000002 0.04000000000000001 0.2875
5243 0.01500000000000002 0.04000000000000001 0.3250000000000001
5244 0.01500000000000002 0.04000000000000001 0.3625
5245 0.01500000000000003 0.05 0.112
5246 0.01500000000000003 0.05 0.124
5247 0.01500000000000003 0.05 0.138
5248 0.01500000000000003 0.05 0.152
5249 0.01500000000000003 0.05 0.166
5250 0.01500000000000003 0.05 0.187
5251 0.01500000000000003 0.05 0.208
5252 0.01500000000000003 0.05 0.229
5253 0.01500000000000003 0.05 0.25
5254 0.01500000000000003 0.05 0.2875
5255 0.01500000000000003 0.05 0.3250000000000001
5256 0.01500000000000003 0.05 0.3625
5257 0.009999999999999978 0.01000000000000001 0.112
5258 0.009999999999999978 0.01000000000000001 0.124
5259 0.009999999999999978 0.01000000000000001 0.138
5260 0.009999999999999978 0.01000000000000001 0.152
5261 0.009999999999999978 0.01000000000000001 0.166
5262 0.009999999999999978 0.01000000000000001 0.187
5263 0.009999999999999978 0.01000000000000001 0.208
5264 0.009999999999999978 0.01000000000000001 0.229
5265 0.009999999999999978 0.01000000000000001 0.25
5266 0.009999999999999978 0.01000000000000001 0.2875
5267 0.009999999999999978 0.01000000000000001 0.3250000000000001
5268 0.009999999999999978 0.01000000000000001 0.3625
5269 0.009999999999999985 0.02000000000000002 0.112
5270 0.009999999999999985 0.02000000000000002 0.124
5271 0.009999999999999985 0.02000000000000002 0.138
5272 0.009999999999999985 0.02000000000000002 0.152
5273 0.009999999999999985 0.02000000000000002 0.166
5274 0.009999999999999985 0.02000000000000002 0.187
5275 0.009999999999999985 0.02000000000000002 0.208
5276 0.009999999999999985 0.02000000000000002 0.229
5277 0.009999999999999985 0.02000000000000002 0.25
5278 0.009999999999999985 0.02000000000000002 0.2875
5279 0.009999999999999985 0.02000000000000002 0.3250000000000001
5280 0.009999999999999985 0.02000000000000002 0.3625
5281 0.009999999999999998 0.03000000000000003 0.112
5282 0.009999999999999998 0.03000000000000003 0.124
5283 0.009999999999999998 0.03000000000000003 0.138
5284 0.009999999999999998 0.03000000000000003 0.152
5285 0.009999999999999998 0.03000000000000003 0.166
5286 0.009999999999999998 0.03000000000000003 0.187
5287 0.009999999999999998 0.03000000000000003 0.208
5288 0.009999999999999998 0.03000000000000003 0.229
5289 0.009999999999999998 0.03000000000000003 0.25
5290 0.009999999999999998 0.03000000000000003 0.2875
5291 0.009999999999999998 0.03000000000000003 0.3250000000000001
5292 0.009999999999999998 0.03000000000000003 0.3625
5293 0.01000000000000001 0.04000000000000002 0.112
5294 0.01000000000000001 0.04000000000000002 0.124
5295 0.01000000000000001 0.04000000000000002 0.138
5296 0.01000000000000001 0.04000000000000002 0.152
5297 0.01000000000000001 0.04000000000000002 0.166
5298 0.01000000000000001 0.04000000000000002 0.187
5299 0.01000000000000001 0.04000000000000002 0.208
5300 0.01000000000000001 0.04000000000000002 0.229
5301 0.01000000000000001 0.04000000000000002 0.25
5302 0.01000000000000001 0.04000000000000002 0.2875
5303 0.01000000000000001 0.04000000000000002 0.3250000000000001
5304 0.01000000000000001 0.04000000000000002 0.3625
5305 0.01000000000000002 0.05 0.112
5306 0.01000000000000002 0.05 0.124
5307 0.01000000000000002 0.05 0.138
5308 0.01000000000000002 0.05 0.152
5309 0.01000000000000002 0.05 0.166
5310 0.01000000000000002 0.05 0.187
5311 0.01000000000000002 0.05 0.208
5312 0.01000000000000002 0.05 0.229
5313 0.01000000000000002 0.05 0.25
5314 0.01000000000000002 0.05 0.2875
5315 0.01000000000000002 0.05 0.3250000000000001
5316 0.01000000000000002 0.05 0.3625
5317 0.004999999999999992 0.01000000000000002 0.112
5318 0.004999999999999992 0.01000000000000002 0.124
5319 0.004999999999999992 0.01000000000000002 0.138
5320 0.004999999999999992 0.01000000000000002 0.152
5321 0.004999999999999992 0.01000000000000002 0.166
5322 0.004999999999999992 0.01000000000000002 0.187
5323 0.004999999999999992 0.01000000000000002 0.208
5324 0.004999999999999992 0.01000000000000002 0.229
5325 0.004999999999999992 0.01000000000000002 0.25
5326 0.004999999999999992 0.01000000000000002 0.2875
5327 0.004999999999999992 0.01000000000000002 0.3250000000000001
5328 0.004999999999999992 0.01000000000000002 0.3625
5329 0.004999999999999994 0.02000000000000005 0.112
5330 0.004999999999999994 0.02000000000000005 0.124
5331 0.004999999999999994 0.02000000000000005 0.138
5332 0.004999999999999994 0.02000000000000005 0.152
5333 0.004999999999999994 0.02000000000000005 0.166
5334 0.004999999999999994 0.02000000000000005 0.187
5335 0.004999999999999994 0.02000000000000005 0.208
5336 0.004999999999999994 0.02000000000000005 0.229
5337 0.004999999999999994 0.02000000000000005 0.25
5338 0.004999999999999994 0.02000000000000005 0.2875
5339 0.004999999999999994 0.02000000000000005 0.3250000000000001
5340 0.004999999999999994 0.02000000000000005 0.3625
5341 0.004999999999999999 0.03000000000000006 0.112
5342 0.004999999999999999 0.03000000000000006 0.124
5343 0.004999999999999999 0.03000000000000006 0.138
5344 0.004999999999999999 0.03000000000000006 0.152
5345 0.004999999999999999 0.03000000000000006 0.166
5346 0.004999999999999999 0.03000000000000006 0.187
5347 0.004999999999999999 0.03000000000000006 0.208
5348 0.004999999999999999 0.03000000000000006 0.229
5349 0.004999999999999999 0.03000000000000006 0.25
5350 0.004999999999999999 0.03000000000000006 0.2875
5351 0.004999999999999999 0.03000000000000006 0.3250000000000001
5352 0.004999999999999999 0.03000000000000006 0.3625
5353 0.005000000000000003 0.04000000000000005 0.112
5354 0.005000000000000003 0.04000000000000005 0.124
5355 0.005000000000000003 0.04000000000000005 0.138
5356 0.005000000000000003 0.04000000000000005 0.152
5357 0.005000000000000003 0.04000000000000005 0.166
5358 0.005000000000000003 0.04000000000000005 0.187
5359 0.005000000000000003 0.04000000000000005 0.208
5360 0.005000000000000003 0.04000000000000005 0.229
5361 0.005000000000000003 0.04000000000000005 0.25
5362 0.005000000000000003 0.04000000000000005 0.2875
5363 0.005000000000000003 0.04000000000000005 0.3250000000000001
5364 0.005000000000000003 0.04000000000000005 0.3625
5365 0.005000000000000008 0.05000000000000002 0.112
5366 0.005000000000000008 0.05000000000000002 0.124
5367 0.005000000000000008 0.05000000000000002 0.138
5368 0.005000000000000008 0.05000000000000002 0.152
5369 0.005000000000000008 0.05000000000000002 0.166
5370 0.005000000000000008 0.05000000000000002 0.187
5371 0.005000000000000008 0.05000000000000002 0.208
5372 0.005000000000000008 0.05000000000000002 0.229
5373 0.005000000000000008 0.05000000000000002 0.25
5374 0.005000000000000008 0.05000000000000002 0.2875
5375 0.005000000000000008 0.05000000000000002 0.3250000000000001
5376 0.005000000000000008 0.05000000000000002 0.3625
5377 0.04150840397149122 0.009999999999999978 0.112
5378 0.04150840397149122 0.009999999999999978 0.124
5379 0.04150840397149122 0.009999999999999978 0.138
5380 0.04150840397149122 0.009999999999999978 0.152
5381 0.04150840397149122 0.009999999999999978 0.166
5382 0.04150840397149122 0.009999999999999978 0.187
5383 0.04150840397149122 0.009999999999999978 0.208
5384 0.04150840397149122 0.009999999999999978 0.229
5385 0.04150840397149122 0.009999999999999978 0.25
5386 0.04150840397149122 0.009999999999999978 0.2875
5387 0.04150840397149122 0.009999999999999978 0.3250000000000001
5388 0.04150840397149122 0.009999999999999978 0.3625
5389 0.04150840397149119 0.01999999999999993 0.112
5390 0.04150840397149119 0.01999999999999993 0.124
5391 0.04150840397149119 0.01999999999999993 0.138
5392 0.04150840397149119 0.01999999999999993 0.152
5393 0.04150840397149119 0.01999999999999993 0.166
5394 0.04150840397149119 0.01999999999999993 0.187
5395 0.04150840397149119 0.01999999999999993 0.208
5396 0.04150840397149119 0.01999999999999993 0.229
5397 0.04150840397149119 0.01999999999999993 0.25
5398 0.04150840397149119 0.01999999999999993 0.2875
5399 0.04150840397149119 0.01999999999999993 0.3250000000000001
5400 0.04150840397149119 0.01999999999999993 0.3625
5401 0.04150840397149128 0.02999999999999991 0.112
5402 0.04150840397149128 0.02999999999999991 0.124
5403 0.04150840397149128 0.02999999999999991 0.138
5404 0.04150840397149128 0.02999999999999991 0.152
5405 0.04150840397149128 0.02999999999999991 0.166
5406 0.04150840397149128 0.02999999999999991 0.187
5407 0.04150840397149128 0.02999999999999991 0.208
5408 0.04150840397149128 0.02999999999999991 0.229
5409 0.04150840397149128 0.02999999999999991 0.25
5410 0.04150840397149128 0.02999999999999991 0.2875
5411 0.04150840397149128 0.02999999999999991 0.3250000000000001
5412 0.04150840397149128 0.02999999999999991 0.3625
5413 0.04150840397149119 0.03999999999999995 0.112
5414 0.04150840397149119 0.03999999999999995 0.124
5415 0.04150840397149119 0.03999999999999995 0.138
5416 0.04150840397149119 0.03999999999999995 0.152
5417 0.04150840397149119 0.03999999999999995 0.166
5418 0.04150840397149119 0.03999999999999995 0.187
5419 0.04150840397149119 0.03999999999999995 0.208
5420 0.04150840397149119 0.03999999999999995 0.229
5421 0.04150840397149119 0.03999999999999995 0.25
5422 0.04150840397149119 0.03999999999999995 0.2875
5423 0.04150840397149119 0.03999999999999995 0.3250000000000001
5424 0.04150840397149119 0.03999999999999995 0.3625
5425 0.04150840397149119 0.04999999999999997 0.112
5426 0.04150840397149119 0.04999999999999997 0.124
5427 0.04150840397149119 0.04999999999999997 0.138
5428 0.04150840397149119 0.04999999999999997 0.152
5429 0.04150840397149119 0.04999999999999997 0.166
5430 0.04150840397149119 0.04999999999999997 0.187
5431 0.04150840397149119 0.04999999999999997 0.208
5432 0.04150840397149119 0.04999999999999997 0.229
5433 0.04150840397149119 0.04999999999999997 0.25
5434 0.04150840397149119 0.04999999999999997 0.2875
5435 0.04150840397149119 0.04999999999999997 0.3250000000000001
5436 0.04150840397149119 0.04999999999999997 0.3625
5437 0.05531848848444287 0.009999999999999978 0.112
5438 0.05531848848444287 0.009999999999999978 0.124
5439 0.05531848848444287 0.009999999999999978 0.138
5440 0.05531848848444287 0.009999999999999978 0.152
5441 0.05531848848444287 0.009999999999999978 0.166
5442 0.05531848848444287 0.009999999999999978 0.187
5443 0.05531848848444287 0.009999999999999978 0.208
5444 0.05531848848444287 0.009999999999999978 0.229
5445 0.05531848848444287 0.009999999999999978 0.25
5446 0.05531848848444287 0.009999999999999978 0.2875
5447 0.05531848848444287 0.009999999999999978 0.3250000000000001
5448 0.05531848848444287 0.009999999999999978 0.3625
5449 0.05531848848444285 0.01999999999999993 0.112
5450 0.05531848848444285 0.01999999999999993 0.124
5451 0.05531848848444285 0.01999999999999993 0.138
5452 0.05531848848444285 0.01999999999999993 0.152
5453 0.05531848848444285 0.01999999999999993 0.166
5454 0.05531848848444285 0.01999999999999993 0.187
5455 0.05531848848444285 0.01999999999999993 0.208
5456 0.05531848848444285 0.01999999999999993 0.229
5457 0.05531848848444285 0.01999999999999993 0.25
5458 0.05531848848444285 0.01999999999999993 0.2875
5459 0.05531848848444285 0.01999999999999993 0.3250000000000001
5460 0.05531848848444285 0.01999999999999993 0.3625
5461 0.05531848848444285 0.02999999999999991 0.112
5462 0.05531848848444285 0.02999999999999991 0.124
5463 0.05531848848444285 0.02999999999999991 0.138
5464 0.05531848848444285 0.02999999999999991 0.152
5465 0.05531848848444285 0.02999999999999991 0.166
5466 0.05531848848444285 0.02999999999999991 0.187
5467 0.05531848848444285 0.02999999999999991 0.208
5468 0.05531848848444285 0.02999999999999991 0.229
5469 0.05531848848444285 0.02999999999999991 0.25
5470 0.05531848848444285 0.02999999999999991 0.2875
5471 0.05531848848444285 0.02999999999999991 0.3250000000000001
5472 0.05531848848444285 0.02999999999999991 0.3625
5473 0.05531848848444285 0.03999999999999995 0.112
5474 0.05531848848444285 0.03999999999999995 0.124
5475 0.05531848848444285 0.03999999999999995 0.138
5476 0.05531848848444285 0.03999999999999995 0.152
5477 0.05531848848444285 0.03999999999999995 0.166
5478 0.05531848848444285 0.03999999999999995 0.187
5479 0.05531848848444285 0.03999999999999995 0.208
5480 0.05531848848444285 0.03999999999999995 0.229
5481 0.05531848848444285 0.03999999999999995 0.25
5482 0.05531848848444285 0.03999999999999995 0.2875
5483 0.05531848848444285 0.03999999999999995 0.3250000000000001
5484 0.05531848848444285 0.03999999999999995 0.3625
5485 0.05531848848444285 0.04999999999999998 0.112
5486 0.05531848848444285 0.04999999999999998 0.124
5487 0.05531848848444285 0.04999999999999998 0.138
5488 0.05531848848444285 0.04999999999999998 0.152
5489 0.05531848848444285 0.04999999999999998 0.166
5490 0.05531848848444285 0.04999999999999998 0.187
5491 0.05531848848444285 0.04999999999999998 0.208
5492 0.05531848848444285 0.04999999999999998 0.229
5493 0.05531848848444285 0.04999999999999998 0.25
5494 0.05531848848444285 0.04999999999999998 0.2875
5495 0.05531848848444285 0.04999999999999998 0.3250000000000001
5496 0.05531848848444285 0.04999999999999998 0.3625
5497 0.07189059011784901 0.009999999999999981 0.112
5498 0.07189059011784901 0.009999999999999981 0.124
5499 0.07189059011784901 0.009999999999999981 0.138
5500 0.07189059011784901 0.009999999999999981 0.152
5501 0.07189059011784901 0.009999999999999981 0.166
5502 0.07189059011784901 0.009999999999999981 0.187
5503 0.07189059011784901 0.009999999999999981 0.208
5504 0.07189059011784901 0.009999999999999981 0.229
5505 0.07189059011784901 0.009999999999999981 0.25
5506 0.07189059011784901 0.009999999999999981 0.2875
5507 0.07189059011784901 0.009999999999999981 0.3250000000000001
5508 0.07189059011784901 0.009999999999999981 0.3625
5509 0.07189059011784901 0.01999999999999995 0.112
5510 0.07189059011784901 0.01999999999999995 0.124
5511 0.07189059011784901 0.01999999999999995 0.138
5512 0.07189059011784901 0.01999999999999995 0.152
5513 0.07189059011784901 0.01999999999999995 0.166
5514 0.07189059011784901 0.01999999999999995 0.187
5515 0.07189059011784901 0.01999999999999995 0.208
5516 0.07189059011784901 0.01999999999999995 0.229
5517 0.07189059011784901 0.01999999999999995 0.25
5518 0.07189059011784901 0.01999999999999995 0.2875
5519 0.07189059011784901 0.01999999999999995 0.3250000000000001
5520 0.07189059011784901 0.01999999999999995 0.3625
5521 0.07189059011784901 0.02999999999999992 0.112
5522 0.07189059011784901 0.02999999999999992 0.124
5523 0.07189059011784901 0.02999999999999992 0.138
5524 0.07189059011784901 0.02999999999999992 0.152
5525 0.07189059011784901 0.02999999999999992 0.166
5526 0.07189059011784901 0.02999999999999992 0.187
5527 0.07189059011784901 0.02999999999999992 0.208
5528 0.07189059011784901 0.02999999999999992 0.229
5529 0.07189059011784901 0.02999999999999992 0.25
5530 0.07189059011784901 0.02999999999999992 0.2875
5531 0.07189059011784901 0.02999999999999992 0.3250000000000001
5532 0.07189059011784901 0.02999999999999992 0.3625
5533 0.07189059011784901 0.03999999999999995 0.112
5534 0.07189059011784901 0.03999999999999995 0.124
5535 0.07189059011784901 0.03999999999999995 0.138
5536 0.07189059011784901 0.03999999999999995 0.152
5537 0.07189059011784901 0.03999999999999995 0.166
5538 0.07189059011784901 0.03999999999999995 0.187
5539 0.07189059011784901 0.03999999999999995 0.208
5540 0.07189059011784901 0.03999999999999995 0.229
5541 0.07189059011784901 0.03999999999999995 0.25
5542 0.07189059011784901 0.03999999999999995 0.2875
5543 0.07189059011784901 0.03999999999999995 0.3250000000000001
5544 0.07189059011784901 0.03999999999999995 0.3625
5545 0.07189059011784904 0.04999999999999998 0.112
5546 0.07189059011784904 0.04999999999999998 0.124
5547 0.07189059011784904 0.04999999999999998 0.138
5548 0.07189059011784904 0.04999999999999998 0.152
5549 0.07189059011784904 0.04999999999999998 0.166
5550 0.07189059011784904 0.04999999999999998 0.187
5551 0.07189059011784904 0.04999999999999998 0.208
5552 0.07189059011784904 0.04999999999999998 0.229
5553 0.07189059011784904 0.04999999999999998 0.25
5554 0.07189059011784904 0.04999999999999998 0.2875
5555 0.07189059011784904 0.04999999999999998 0.3250000000000001
5556 0.07189059011784904 0.04999999999999998 0.3625
5557 0.09177711209878749 0.009999999999999978 0.112
5558 0.09177711209878749 0.009999999999999978 0.124
5559 0.09177711209878749 0.009999999999999978 0.138
5560 0.09177711209878749 0.009999999999999978 0.152
5561 0.09177711209878749 0.009999999999999978 0.166
5562 0.09177711209878749 0.009999999999999978 0.187
5563 0.09177711209878749 0.009999999999999978 0.208
5564 0.09177711209878749 0.009999999999999978 0.229
5565 0.09177711209878749 0.009999999999999978 0.25
5566 0.09177711209878749 0.009999999999999978 0.2875
5567 0.09177711209878749 0.009999999999999978 0.3250000000000001
5568 0.09177711209878749 0.009999999999999978 0.3625
5569 0.09177711209878742 0.01999999999999996 0.112
5570 0.09177711209878742 0.01999999999999996 0.124
5571 0.09177711209878742 0.01999999999999996 0.138
5572 0.09177711209878742 0.01999999999999996 0.152
5573 0.09177711209878742 0.01999999999999996 0.166
5574 0.09177711209878742 0.01999999999999996 0.187
5575 0.09177711209878742 0.01999999999999996 0.208
5576 0.09177711209878742 0.01999999999999996 0.229
5577 0.09177711209878742 0.01999999999999996 0.25
5578 0.09177711209878742 0.01999999999999996 0.2875
5579 0.09177711209878742 0.01999999999999996 0.3250000000000001
5580 0.09177711209878742 0.01999999999999996 0.3625
5581 0.09177711209878747 0.02999999999999993 0.112
5582 0.09177711209878747 0.02999999999999993 0.124
5583 0.09177711209878747 0.02999999999999993 0.138
5584 0.09177711209878747 0.02999999999999993 0.152
5585 0.09177711209878747 0.02999999999999993 0.166
5586 0.09177711209878747 0.02999999999999993 0.187
5587 0.09177711209878747 0.02999999999999993 0.208
5588 0.09177711209878747 0.02999999999999993 0.229
5589 0.09177711209878747 0.02999999999999993 0.25
5590 0.09177711209878747 0.02999999999999993 0.2875
5591 0.09177711209878747 0.02999999999999993 0.3250000000000001
5592 0.09177711209878747 0.02999999999999993 0.3625
5593 0.09177711209878749 0.03999999999999996 0.112
5594 0.09177711209878749 0.03999999999999996 0.124
5595 0.09177711209878749 0.03999999999999996 0.138
5596 0.09177711209878749 0.03999999999999996 0.152
5597 0.09177711209878749 0.03999999999999996 0.166
5598 0.09177711209878749 0.03999999999999996 0.187
5599 0.09177711209878749 0.03999999999999996 0.208
5600 0.09177711209878749 0.03999999999999996 0.229
5601 0.09177711209878749 0.03999999999999996 0.25
5602 0.09177711209878749 0.03999999999999996 0.2875
5603 0.09177711209878749 0.03999999999999996 0.3250000000000001
5604 0.09177711209878749 0.03999999999999996 0.3625
5605 0.0917771120987875 0.04999999999999998 0.112
5606 0.0917771120987875 0.04999999999999998 0.124
5607 0.0917771120987875 0.04999999999999998 0.138
5608 0.0917771120987875 0.04999999999999998 0.152
5609 0.0917771120987875 0.04999999999999998 0.166
5610 0.0917771120987875 0.04999999999999998 0.187
5611 0.0917771120987875 0.04999999999999998 0.208
5612 0.0917771120987875 0.04999999999999998 0.229
5613 0.0917771120987875 0.04999999999999998 0.25
5614 0.0917771120987875 0.04999999999999998 0.2875
5615 0.0917771120987875 0.04999999999999998 0.3250000000000001
5616 0.0917771120987875 0.04999999999999998 0.3625
5617 0.1156409384006907 0.009999999999999981 0.112
5618 0.1156409384006907 0.009999999999999981 0.124
5619 0.1156409384006907 0.009999999999999981 0.138
5620 0.1156409384006907 0.009999999999999981 0.152
5621 0.1156409384006907 0.009999999999999981 0.166
5622 0.1156409384006907 0.009999999999999981 0.187
5623 0.1156409384006907 0.009999999999999981 0.208
5624 0.1156409384006907 0.009999999999999981 0.229
5625 0.1156409384006907 0.009999999999999981 0.25
5626 0.1156409384006907 0.009999999999999981 0.2875
5627 0.1156409384006907 0.009999999999999981 0.3250000000000001
5628 0.1156409384006907 0.009999999999999981 0.3625
5629 0.1156409384006907 0.01999999999999996 0.112
5630 0.1156409384006907 0.01999999999999996 0.124
5631 0.1156409384006907 0.01999999999999996 0.138
5632 0.1156409384006907 0.01999999999999996 0.152
5633 0.1156409384006907 0.01999999999999996 0.166
5634 0.1156409384006907 0.01999999999999996 0.187
5635 0.1156409384006907 0.01999999999999996 0.208
5636 0.1156409384006907 0.01999999999999996 0.229
5637 0.1156409384006907 0.01999999999999996 0.25
5638 0.1156409384006907 0.01999999999999996 0.2875
5639 0.1156409384006907 0.01999999999999996 0.3250000000000001
5640 0.1156409384006907 0.01999999999999996 0.3625
5641 0.1156409384006907 0.02999999999999994 0.112
5642 0.1156409384006907 0.02999999999999994 0.124
5643 0.1156409384006907 0.02999999999999994 0.138
5644 0.1156409384006907 0.02999999999999994 0.152
5645 0.1156409384006907 0.02999999999999994 0.166
5646 0.1156409384006907 0.02999999999999994 0.187
5647 0.1156409384006907 0.02999999999999994 0.208
5648 0.1156409384006907 0.02999999999999994 0.229
5649 0.1156409384006907 0.02999999999999994 0.25
5650 0.1156409384006907 0.02999999999999994 0.2875
5651 0.1156409384006907 0.02999999999999994 0.3250000000000001
5652 0.1156409384006907 0.02999999999999994 0.3625
5653 0.1156409384006907 0.03999999999999997 0.112
5654 0.1156409384006907 0.03999999999999997 0.124
5655 0.1156409384006907 0.03999999999999997 0.138
5656 0.1156409384006907 0.03999999999999997 0.152
5657 0.1156409384006907 0.03999999999999997 0.166
5658 0.1156409384006907 0.03999999999999997 0.187
5659 0.1156409384006907 0.03999999999999997 0.208
5660 0.1156409384006907 0.03999999999999997 0.229
5661 0.1156409384006907 0.03999999999999997 0.25
5662 0.1156409384006907 0.03999999999999997 0.2875
5663 0.1156409384006907 0.03999999999999997 0.3250000000000001
5664 0.1156409384006907 0.03999999999999997 0.3625
5665 0.1156409384006907 0.04999999999999998 0.112
5666 0.1156409384006907 0.04999999999999998 0.124
5667 0.1156409384006907 0.04999999999999998 0.138
5668 0.1156409384006907 0.04999999999999998 0.152
5669 0.1156409384006907 0.04999999999999998 0.166
5670 0.1156409384006907 0.04999999999999998 0.187
5671 0.1156409384006907 0.04999999999999998 0.208
5672 0.1156409384006907 0.04999999999999998 0.229
5673 0.1156409384006907 0.04999999999999998 0.25
5674 0.1156409384006907 0.04999999999999998 0.2875
5675 0.1156409384006907 0.04999999999999998 0.3250000000000001
5676 0.1156409384006907 0.04999999999999998 0.3625
5677 0.14427752965217 0.009999999999999992 0.112
5678 0.14427752965217 0.009999999999999992 0.124
5679 0.14427752965217 0.009999999999999992 0.138
5680 0.14427752965217 0.009999999999999992 0.152
5681 0.14427752965217 0.009999999999999992 0.166
5682 0.14427752965217 0.009999999999999992 0.187
5683 0.14427752965217 0.009999999999999992 0.208
5684 0.14427752965217 0.009999999999999992 0.229
5685 0.14427752965217 0.009999999999999992 0.25
5686 0.14427752965217 0.009999999999999992 0.2875
5687 0.14427752965217 0.009999999999999992 0.3250000000000001
5688 0.14427752965217 0.009999999999999992 0.3625
5689 0.14427752965217 0.01999999999999997 0.112
5690 0.14427752965217 0.01999999999999997 0.124
5691 0.14427752965217 0.01999999999999997 0.138
5692 0.14427752965217 0.01999999999999997 0.152
5693 0.14427752965217 0.01999999999999997 0.166
5694 0.14427752965217 0.01999999999999997 0.187
5695 0.14427752965217 0.01999999999999997 0.208
5696 0.14427752965217 0.01999999999999997 0.229
5697 0.14427752965217 0.01999999999999997 0.25
5698 0.14427752965217 0.01999999999999997 0.2875
5699 0.14427752965217 0.01999999999999997 0.3250000000000001
5700 0.14427752965217 0.01999999999999997 0.3625
5701 0.14427752965217 0.02999999999999996 0.112
5702 0.14427752965217 0.02999999999999996 0.124
5703 0.14427752965217 0.02999999999999996 0.138
5704 0.14427752965217 0.02999999999999996 0.152
5705 0.14427752965217 0.02999999999999996 0.166
5706 0.14427752965217 0.02999999999999996 0.187
5707 0.14427752965217 0.02999999999999996 0.208
5708 0.14427752965217 0.02999999999999996 0.229
5709 0.14427752965217 0.02999999999999996 0.25
5710 0.14427752965217 0.02999999999999996 0.2875
5711 0.14427752965217 0.02999999999999996 0.3250000000000001
5712 0.14427752965217 0.02999999999999996 0.3625
5713 0.14427752965217 0.03999999999999998 0.112
5714 0.14427752965217 0.03999999999999998 0.124
5715 0.14427752965217 0.03999999999999998 0.138
5716 0.14427752965217 0.03999999999999998 0.152
5717 0.14427752965217 0.03999999999999998 0.166
5718 0.14427752965217 0.03999999999999998 0.187
5719 0.14427752965217 0.03999999999999998 0.208
5720 0.14427752965217 0.03999999999999998 0.229
5721 0.14427752965217 0.03999999999999998 0.25
5722 0.14427752965217 0.03999999999999998 0.2875
5723 0.14427752965217 0.03999999999999998 0.3250000000000001
5724 0.14427752965217 0.03999999999999998 0.3625
5725 0.14427752965217 0.04999999999999999 0.112
5726 0.14427752965217 0.04999999999999999 0.124
5727 0.14427752965217 0.04999999999999999 0.138
5728 0.14427752965217 0.04999999999999999 0.152
5729 0.14427752965217 0.04999999999999999 0.166
5730 0.14427752965217 0.04999999999999999 0.187
5731 0.14427752965217 0.04999999999999999 0.208
5732 0.14427752965217 0.04999999999999999 0.229
5733 0.14427752965217 0.04999999999999999 0.25
5734 0.14427752965217 0.04999999999999999 0.2875
5735 0.14427752965217 0.04999999999999999 0.3250000000000001
5736 0.14427752965217 0.04999999999999999 0.3625
5737 0.1786414392621517 0.009999999999999995 0.112
5738 0.1786414392621517 0.009999999999999995 0.124
5739 0.1786414392621517 0.009999999999999995 0.138
5740 0.1786414392621517 0.009999999999999995 0.152
5741 0.1786414392621517 0.009999999999999995 0.166
5742 0.1786414392621517 0.009999999999999995 0.187
5743 0.1786414392621517 0.009999999999999995 0.208
5744 0.1786414392621517 0.009999999999999995 0.229
5745 0.1786414392621517 0.009999999999999995 0.25
5746 0.1786414392621517 0.009999999999999995 0.2875
5747 0.1786414392621517 0.009999999999999995 0.3250000000000001
5748 0.1786414392621517 0.009999999999999995 0.3625
5749 0.1786414392621517 0.01999999999999998 0.112
5750 0.1786414392621517 0.01999999999999998 0.124
5751 0.1786414392621517 0.01999999999999998 0.138
5752 0.1786414392621517 0.01999999999999998 0.152
5753 0.1786414392621517 0.01999999999999998 0.166
5754 0.1786414392621517 0.01999999999999998 0.187
5755 0.1786414392621517 0.01999999999999998 0.208
5756 0.1786414392621517 0.01999999999999998 0.229
5757 0.1786414392621517 0.01999999999999998 0.25
5758 0.1786414392621517 0.01999999999999998 0.2875
5759 0.1786414392621517 0.01999999999999998 0.3250000000000001
5760 0.1786414392621517 0.01999999999999998 0.3625
5761 0.1786414392621517 0.02999999999999998 0.112
5762 0.1786414392621517 0.02999999999999998 0.124
5763 0.1786414392621517 0.02999999999999998 0.138
5764 0.1786414392621517 0.02999999999999998 0.152
5765 0.1786414392621517 0.02999999999999998 0.166
5766 0.1786414392621517 0.02999999999999998 0.187
5767 0.1786414392621517 0.02999999999999998 0.208
5768 0.1786414392621517 0.02999999999999998 0.229
5769 0.1786414392621517 0.02999999999999998 0.25
5770 0.1786414392621517 0.02999999999999998 0.2875
5771 0.1786414392621517 0.02999999999999998 0.3250000000000001
5772 0.1786414392621517 0.02999999999999998 0.3625
5773 0.1786414392621517 0.03999999999999999 0.112
5774 0.1786414392621517 0.03999999999999999 0.124
5775 0.1786414392621517 0.03999999999999999 0.138
5776 0.1786414392621517 0.03999999999999999 0.152
5777 0.1786414392621517 0.03999999999999999 0.166
5778 0.1786414392621517 0.03999999999999999 0.187
5779 0.1786414392621517 0.03999999999999999 0.208
5780 0.1786414392621517 0.03999999999999999 0.229
5781 0.1786414392621517 0.03999999999999999 0.25
5782 0.1786414392621517 0.03999999999999999 0.2875
5783 0.1786414392621517 0.03999999999999999 0.3250000000000001
5784 0.1786414392621517 0.03999999999999999 0.3625
5785 0.1786414392621517 0.04999999999999999 0.112
5786 0.1786414392621517 0.04999999999999999 0.124
5787 0.1786414392621517 0.04999999999999999 0.138
5788 0.1786414392621517 0.04999999999999999 0.152
5789 0.1786414392621517 0.04999999999999999 0.166
5790 0.1786414392621517 0.04999999999999999 0.187
5791 0.1786414392621517 0.04999999999999999 0.208
5792 0.1786414392621517 0.04999999999999999 0.229
5793 0.1786414392621517 0.04999999999999999 0.25
5794 0.1786414392621517 0.04999999999999999 0.2875
5795 0.1786414392621517 0.04999999999999999 0.3250000000000001
5796 0.1786414392621517 0.04999999999999999 0.3625
5797 0.2198781310442703 0.01000000000000001 0.112
5798 0.2198781310442703 0.01000000000000001 0.124
5799 0.2198781310442703 0.01000000000000001 0.138
5800 0.2198781310442703 0.01000000000000001 0.152
5801 0.2198781310442703 0.01000000000000001 0.166
5802 0.2198781310442703 0.01000000000000001 0.187
5803 0.2198781310442703 0.01000000000000001 0.208
5804 0.2198781310442703 0.01000000000000001 0.229
5805 0.2198781310442703 0.01000000000000001 0.25
5806 0.2198781310442703 0.01000000000000001 0.2875
5807 0.2198781310442703 0.01000000000000001 0.3250000000000001
5808 0.2198781310442703 0.01000000000000001 0.3625
5809 0.2198781310442703 0.02 0.112
5810 0.2198781310442703 0.02 0.124
5811 0.2198781310442703 0.02 0.138
5812 0.2198781310442703 0.02 0.152
5813 0.2198781310442703 0.02 0.166
5814 0.2198781310442703 0.02 0.187
5815 0.2198781310442703 0.02 0.208
5816 0.2198781310442703 0.02 0.229
5817 0.2198781310442703 0.02 0.25
5818 0.2198781310442703 0.02 0.2875
5819 0.2198781310442703 0.02 0.3250000000000001
5820 0.2198781310442703 0.02 0.3625
5821 0.2198781310442703 0.03 0.112
5822 0.2198781310442703 0.03 0.124
5823 0.2198781310442703 0.03 0.138
5824 0.2198781310442703 0.03 0.152
5825 0.2198781310442703 0.03 0.166
5826 0.2198781310442703 0.03 0.187
5827 0.2198781310442703 0.03 0.208
5828 0.2198781310442703 0.03 0.229
5829 0.2198781310442703 0.03 0.25
5830 0.2198781310442703 0.03 0.2875
5831 0.2198781310442703 0.03 0.3250000000000001
5832 0.2198781310442703 0.03 0.3625
5833 0.2198781310442703 0.04000000000000001 0.112
5834 0.2198781310442703 0.04000000000000001 0.124
5835 0.2198781310442703 0.04000000000000001 0.138
5836 0.2198781310442703 0.04000000000000001 0.152
5837 0.2198781310442703 0.04000000000000001 0.166
5838 0.2198781310442703 0.04000000000000001 0.187
5839 0.2198781310442703 0.04000000000000001 0.208
5840 0.2198781310442703 0.04000000000000001 0.229
5841 0.2198781310442703 0.04000000000000001 0.25
5842 0.2198781310442703 0.04000000000000001 0.2875
5843 0.2198781310442703 0.04000000000000001 0.3250000000000001
5844 0.2198781310442703 0.04000000000000001 0.3625
5845 0.2198781310442703 0.05 0.112
5846 0.2198781310442703 0.05 0.124
5847 0.2198781310442703 0.05 0.138
5848 0.2198781310442703 0.05 0.152
5849 0.2198781310442703 0.05 0.166
5850 0.2198781310442703 0.05 0.187
5851 0.2198781310442703 0.05 0.208
5852 0.2198781310442703 0.05 0.229
5853 0.2198781310442703 0.05 0.25
5854 0.2198781310442703 0.05 0.2875
5855 0.2198781310442703 0.05 0.3250000000000001
5856 0.2198781310442703 0.05 0.3625
5857 0.2693621610619561 0.01000000000000001 0.112
5858 0.2693621610619561 0.01000000000000001 0.124
5859 0.2693621610619561 0.01000000000000001 0.138
5860 0.2693621610619561 0.01000000000000001 0.152
5861 0.2693621610619561 0.01000000000000001 0.166
5862 0.2693621610619561 0.01000000000000001 0.187
5863 0.2693621610619561 0.01000000000000001 0.208
5864 0.2693621610619561 0.01000000000000001 0.229
5865 0.2693621610619561 0.01000000000000001 0.25
5866 0.2693621610619561 0.01000000000000001 0.2875
5867 0.2693621610619561 0.01000000000000001 0.3250000000000001
5868 0.2693621610619561 0.01000000000000001 0.3625
5869 0.2693621610619561 0.02000000000000002 0.112
5870 0.2693621610619561 0.02000000000000002 0.124
5871 0.2693621610619561 0.02000000000000002 0.138
5872 0.2693621610619561 0.02000000000000002 0.152
5873 0.2693621610619561 0.02000000000000002 0.166
5874 0.2693621610619561 0.02000000000000002 0.187
5875 0.2693621610619561 0.02000000000000002 0.208
5876 0.2693621610619561 0.02000000000000002 0.229
5877 0.2693621610619561 0.02000000000000002 0.25
5878 0.2693621610619561 0.02000000000000002 0.2875
5879 0.2693621610619561 0.02000000000000002 0.3250000000000001
5880 0.2693621610619561 0.02000000000000002 0.3625
5881 0.269362161061956 0.03000000000000003 0.112
5882 0.269362161061956 0.03000000000000003 0.124
5883 0.269362161061956 0.03000000000000003 0.138
5884 0.269362161061956 0.03000000000000003 0.152
5885 0.269362161061956 0.03000000000000003 0.166
5886 0.269362161061956 0.03000000000000003 0.187
5887 0.269362161061956 0.03000000000000003 0.208
5888 0.269362161061956 0.03000000000000003 0.229
5889 0.269362161061956 0.03000000000000003 0.25
5890 0.269362161061956 0.03000000000000003 0.2875
5891 0.269362161061956 0.03000000000000003 0.3250000000000001
5892 0.269362161061956 0.03000000000000003 0.3625
5893 0.269362161061956 0.04000000000000003 0.112
5894 0.269362161061956 0.04000000000000003 0.124
5895 0.269362161061956 0.04000000000000003 0.138
5896 0.269362161061956 0.04000000000000003 0.152
5897 0.269362161061956 0.04000000000000003 0.166
5898 0.269362161061956 0.04000000000000003 0.187
5899 0.269362161061956 0.04000000000000003 0.208
5900 0.269362161061956 0.04000000000000003 0.229
5901 0.269362161061956 0.04000000000000003 0.25
5902 0.269362161061956 0.04000000000000003 0.2875
5903 0.269362161061956 0.04000000000000003 0.3250000000000001
5904 0.269362161061956 0.04000000000000003 0.3625
5905 0.269362161061956 0.05 0.112
5906 0.269362161061956 0.05 0.124
5907 0.269362161061956 0.05 0.138
5908 0.269362161061956 0.05 0.152
5909 0.269362161061956 0.05 0.166
5910 0.269362161061956 0.05 0.187
5911 0.269362161061956 0.05 0.208
5912 0.269362161061956 0.05 0.229
5913 0.269362161061956 0.05 0.25
5914 0.269362161061956 0.05 0.2875
5915 0.269362161061956 0.05 0.3250000000000001
5916 0.269362161061956 0.05 0.3625
5917 0.3287429968980526 0.01000000000000002 0.112
5918 0.3287429968980526 0.01000000000000002 0.124
5919 0.3287429968980526 0.01000000000000002 0.138
5920 0.3287429968980526 0.01000000000000002 0.152
5921 0.3287429968980526 0.01000000000000002 0.166
5922 0.3287429968980526 0.01000000000000002 0.187
5923 0.3287429968980526 0.01000000000000002 0.208
5924 0.3287429968980526 0.01000000000000002 0.229
5925 0.3287429968980526 0.01000000000000002 0.25
5926 0.3287429968980526 0.01000000000000002 0.2875
5927 0.3287429968980526 0.01000000000000002 0.3250000000000001
5928 0.3287429968980526 0.01000000000000002 0.3625
5929 0.3287429968980526 0.02000000000000004 0.112
5930 0.3287429968980526 0.02000000000000004 0.124
5931 0.3287429968980526 0.02000000000000004 0.138
5932 0.3287429968980526 0.02000000000000004 0.152
5933 0.3287429968980526 0.02000000000000004 0.166
5934 0.3287429968980526 0.02000000000000004 0.187
5935 0.3287429968980526 0.02000000000000004 0.208
5936 0.3287429968980526 0.02000000000000004 0.229
5937 0.3287429968980526 0.02000000000000004 0.25
5938 0.3287429968980526 0.02000000000000004 0.2875
5939 0.3287429968980526 0.02000000000000004 0.3250000000000001
5940 0.3287429968980526 0.02000000000000004 0.3625
5941 0.3287429968980526 0.03000000000000006 0.112
5942 0.3287429968980526 0.03000000000000006 0.124
5943 0.3287429968980526 0.03000000000000006 0.138
5944 0.3287429968980526 0.03000000000000006 0.152
5945 0.3287429968980526 0.03000000000000006 0.166
5946 0.3287429968980526 0.03000000000000006 0.187
5947 0.3287429968980526 0.03000000000000006 0.208
5948 0.3287429968980526 0.03000000000000006 0.229
5949 0.3287429968980526 0.03000000000000006 0.25
5950 0.3287429968980526 0.03000000000000006 0.2875
5951 0.3287429968980526 0.03000000000000006 0.3250000000000001
5952 0.3287429968980526 0.03000000000000006 0.3625
5953 0.3287429968980526 0.04000000000000005 0.112
5954 0.3287429968980526 0.04000000000000005 0.124
5955 0.3287429968980526 0.04000000000000005 0.138
5956 0.3287429968980526 0.04000000000000005 0.152
5957 0.3287429968980526 0.04000000000000005 0.166
5958 0.3287429968980526 0.04000000000000005 0.187
5959 0.3287429968980526 0.04000000000000005 0.208
5960 0.3287429968980526 0.04000000000000005 0.229
5961 0.3287429968980526 0.04000000000000005 0.25
5962 0.3287429968980526 0.04000000000000005 0.2875
5963 0.3287429968980526 0.04000000000000005 0.3250000000000001
5964 0.3287429968980526 0.04000000000000005 0.3625
5965 0.3287429968980526 0.05000000000000002 0.112
5966 0.3287429968980526 0.05000000000000002 0.124
5967 0.3287429968980526 0.05000000000000002 0.138
5968 0.3287429968980526 0.05000000000000002 0.152
5969 0.3287429968980526 0.05000000000000002 0.166
5970 0.3287429968980526 0.05000000000000002 0.187
5971 0.3287429968980526 0.05000000000000002 0.208
5972 0.3287429968980526 0.05000000000000002 0.229
5973 0.3287429968980526 0.05000000000000002 0.25
5974 0.3287429968980526 0.05000000000000002 0.2875
5975 0.3287429968980526 0.05000000000000002 0.3250000000000001
5976 0.3287429968980526 0.05000000000000002 0.3625
5977 0.004999999999999987 0.3345205918188823 0.112
5978 0.004999999999999987 0.3345205918188823 0.124
5979 0.004999999999999987 0.3345205918188823 0.138
5980 0.004999999999999987 0.3345205918188823 0.152
5981 0.004999999999999987 0.3345205918188823 0.166
5982 0.004999999999999987 0.3345205918188823 0.187
5983 0.004999999999999987 0.3345205918188823 0.208
5984 0.004999999999999987 0.3345205918188823 0.229
5985 0.004999999999999987 0.3345205918188823 0.25
5986 0.004999999999999987 0.3345205918188823 0.2875
5987 0.004999999999999987 0.3345205918188823 0.3250000000000001
5988 0.004999999999999987 0.3345205918188823 0.3625
5989 0.009999999999999978 0.3345205918039371 0.112
5990 0.009999999999999978 0.3345205918039371 0.124
5991 0.009999999999999978 0.3345205918039371 0.138
5992 0.009999999999999978 0.3345205918039371 0.152
5993 0.009999999999999978 0.3345205918039371 0.166
5994 0.009999999999999978 0.3345205918039371 0.187
5995 0.009999999999999978 0.3345205918039371 0.208
5996 0.009999999999999978 0.3345205918039371 0.229
5997 0.009999999999999978 0.3345205918039371 0.25
5998 0.009999999999999978 0.3345205918039371 0.2875
5999 0.009999999999999978 0.3345205918039371 0.3250000000000001
6000 0.009999999999999978 0.3345205918039371 0.3625
6001 0.01499999999999997 0.3345205917889918 0.112
6002 0.01499999999999997 0.3345205917889918 0.124
6003 0.01499999999999997 0.3345205917889918 0.138
6004 0.01499999999999997 0.3345205917889918 0.152
6005 0.01499999999999997 0.3345205917889918 0.166
6006 0.01499999999999997 0.3345205917889918 0.187
6007 0.01499999999999997 0.3345205917889918 0.208
6008 0.01499999999999997 0.3345205917889918 0.229
6009 0.01499999999999997 0.3345205917889918 0.25
6010 0.01499999999999997 0.3345205917889918 0.2875
6011 0.01499999999999997 0.3345205917889918 0.3250000000000001
6012 0.01499999999999997 0.3345205917889918 0.3625
6013 0.01999999999999998 0.3345205917740465 0.112
6014 0.01999999999999998 0.3345205917740465 0.124
6015 0.01999999999999998 0.3345205917740465 0.138
6016 0.01999999999999998 0.3345205917740465 0.152
6017 0.01999999999999998 0.3345205917740465 0.166
6018 0.01999999999999998 0.3345205917740465 0.187
6019 0.01999999999999998 0.3345205917740465 0.208
6020 0.01999999999999998 0.3345205917740465 0.229
6021 0.01999999999999998 0.3345205917740465 0.25
6022 0.01999999999999998 0.3345205917740465 0.2875
6023 0.01999999999999998 0.3345205917740465 0.3250000000000001
6024 0.01999999999999998 0.3345205917740465 0.3625
6025 0.02499999999999999 0.3345205917591012 0.112
6026 0.02499999999999999 0.3345205917591012 0.124
6027 0.02499999999999999 0.3345205917591012 0.138
6028 0.02499999999999999 0.3345205917591012 0.152
6029 0.02499999999999999 0.3345205917591012 0.166
6030 0.02499999999999999 0.3345205917591012 0.187
6031 0.02499999999999999 0.3345205917591012 0.208
6032 0.02499999999999999 0.3345205917591012 0.229
6033 0.02499999999999999 0.3345205917591012 0.25
6034 0.02499999999999999 0.3345205917591012 0.2875
6035 0.02499999999999999 0.3345205917591012 0.3250000000000001
6036 0.02499999999999999 0.3345205917591012 0.3625
6037 0.004999999999999992 0.2799544181311512 0.112
6038 0.004999999999999992 0.2799544181311512 0.124
6039 0.004999999999999992 0.2799544181311512 0.138
6040 0.004999999999999992 0.2799544181311512 0.152
6041 0.004999999999999992 0.2799544181311512 0.166
6042 0.004999999999999992 0.2799544181311512 0.187
6043 0.004999999999999992 0.2799544181311512 0.208
6044 0.004999999999999992 0.2799544181311512 0.229
6045 0.004999999999999992 0.2799544181311512 0.25
6046 0.004999999999999992 0.2799544181311512 0.2875
6047 0.004999999999999992 0.2799544181311512 0.3250000000000001
6048 0.004999999999999992 0.2799544181311512 0.3625
6049 0.009999999999999988 0.2799544181595505 0.112
6050 0.009999999999999988 0.2799544181595505 0.124
6051 0.009999999999999988 0.2799544181595505 0.138
6052 0.009999999999999988 0.2799544181595505 0.152
6053 0.009999999999999988 0.2799544181595505 0.166
6054 0.009999999999999988 0.2799544181595505 0.187
6055 0.009999999999999988 0.2799544181595505 0.208
6056 0.009999999999999988 0.2799544181595505 0.229
6057 0.009999999999999988 0.2799544181595505 0.25
6058 0.009999999999999988 0.2799544181595505 0.2875
6059 0.009999999999999988 0.2799544181595505 0.3250000000000001
6060 0.009999999999999988 0.2799544181595505 0.3625
6061 0.01499999999999999 0.2799544181879499 0.112
6062 0.01499999999999999 0.2799544181879499 0.124
6063 0.01499999999999999 0.2799544181879499 0.138
6064 0.01499999999999999 0.2799544181879499 0.152
6065 0.01499999999999999 0.2799544181879499 0.166
6066 0.01499999999999999 0.2799544181879499 0.187
6067 0.01499999999999999 0.2799544181879499 0.208
6068 0.01499999999999999 0.2799544181879499 0.229
6069 0.01499999999999999 0.2799544181879499 0.25
6070 0.01499999999999999 0.2799544181879499 0.2875
6071 0.01499999999999999 0.2799544181879499 0.3250000000000001
6072 0.01499999999999999 0.2799544181879499 0.3625
6073 0.01999999999999999 0.2799544182163492 0.112
6074 0.01999999999999999 0.2799544182163492 0.124
6075 0.01999999999999999 0.2799544182163492 0.138
6076 0.01999999999999999 0.2799544182163492 0.152
6077 0.01999999999999999 0.2799544182163492 0.166
6078 0.01999999999999999 0.2799544182163492 0.187
6079 0.01999999999999999 0.2799544182163492 0.208
6080 0.01999999999999999 0.2799544182163492 0.229
6081 0.01999999999999999 0.2799544182163492 0.25
6082 0.01999999999999999 0.2799544182163492 0.2875
6083 0.01999999999999999 0.2799544182163492 0.3250000000000001
6084 0.01999999999999999 0.2799544182163492 0.3625
6085 0.02499999999999999 0.2799544182447485 0.112
6086 0.02499999999999999 0.2799544182447485 0.124
6087 0.02499999999999999 0.2799544182447485 0.138
6088 0.02499999999999999 0.2799544182447485 0.152
6089 0.02499999999999999 0.2799544182447485 0.166
6090 0.02499999999999999 0.2799544182447485 0.187
6091 0.02499999999999999 0.2799544182447485 0.208
6092 0.02499999999999999 0.2799544182447485 0.229
6093 0.02499999999999999 0.2799544182447485 0.25
6094 0.02499999999999999 0.2799544182447485 0.2875
6095 0.02499999999999999 0.2799544182447485 0.3250000000000001
6096 0.02499999999999999 0.2799544182447485 0.3625
6097 0.004999999999999998 0.2344826066169906 0.112
6098 0.004999999999999998 0.2344826066169906 0.124
6099 0.004999999999999998 0.2344826066169906 0.138
6100 0.004999999999999998 0.2344826066169906 0.152
6101 0.004999999999999998 0.2344826066169906 0.166
6102 0.004999999999999998 0.2344826066169906 0.187
6103 0.004999999999999998 0.2344826066169906 0.208
6104 0.004999999999999998 0.2344826066169906 0.229
6105 0.004999999999999998 0.2344826066169906 0.25
6106 0.004999999999999998 0.2344826066169906 0.2875
6107 0.004999999999999998 0.2344826066169906 0.3250000000000001
6108 0.004999999999999998 0.2344826066169906 0.3625
6109 0.009999999999999997 0.2344826066747016 0.112
6110 0.009999999999999997 0.2344826066747016 0.124
6111 0.009999999999999997 0.2344826066747016 0.138
6112 0.009999999999999997 0.2344826066747016 0.152
6113 0.009999999999999997 0.2344826066747016 0.166
6114 0.009999999999999997 0.2344826066747016 0.187
6115 0.009999999999999997 0.2344826066747016 0.208
6116 0.009999999999999997 0.2344826066747016 0.229
6117 0.009999999999999997 0.2344826066747016 0.25
6118 0.009999999999999997 0.2344826066747016 0.2875
6119 0.009999999999999997 0.2344826066747016 0.3250000000000001
6120 0.009999999999999997 0.2344826066747016 0.3625
6121 0.015 0.2344826067324126 0.112
6122 0.015 0.2344826067324126 0.124
6123 0.015 0.2344826067324126 0.138
6124 0.015 0.2344826067324126 0.152
6125 0.015 0.2344826067324126 0.166
6126 0.015 0.2344826067324126 0.187
6127 0.015 0.2344826067324126 0.208
6128 0.015 0.2344826067324126 0.229
6129 0.015 0.2344826067324126 0.25
6130 0.015 0.2344826067324126 0.2875
6131 0.015 0.2344826067324126 0.3250000000000001
6132 0.015 0.2344826067324126 0.3625
6133 0.02 0.2344826067901236 0.112
6134 0.02 0.2344826067901236 0.124
6135 0.02 0.2344826067901236 0.138
6136 0.02 0.2344826067901236 0.152
6137 0.02 0.2344826067901236 0.166
6138 0.02 0.2344826067901236 0.187
6139 0.02 0.2344826067901236 0.208
6140 0.02 0.2344826067901236 0.229
6141 0.02 0.2344826067901236 0.25
6142 0.02 0.2344826067901236 0.2875
6143 0.02 0.2344826067901236 0.3250000000000001
6144 0.02 0.2344826067901236 0.3625
6145 0.025 0.2344826068478347 0.112
6146 0.025 0.2344826068478347 0.124
6147 0.025 0.2344826068478347 0.138
6148 0.025 0.2344826068478347 0.152
6149 0.025 0.2344826068478347 0.166
6150 0.025 0.2344826068478347 0.187
6151 0.025 0.2344826068478347 0.208
6152 0.025 0.2344826068478347 0.229
6153 0.025 0.2344826068478347 0.25
6154 0.025 0.2344826068478347 0.2875
6155 0.025 0.2344826068478347 0.3250000000000001
6156 0.025 0.2344826068478347 0.3625
6157 0.005000000000000001 0.1965894302910126 0.112
6158 0.005000000000000001 0.1965894302910126 0.124
6159 0.005000000000000001 0.1965894302910126 0.138
6160 0.005000000000000001 0.1965894302910126 0.152
6161 0.005000000000000001 0.1965894302910126 0.166
6162 0.005000000000000001 0.1965894302910126 0.187
6163 0.005000000000000001 0.1965894302910126 0.208
6164 0.005000000000000001 0.1965894302910126 0.229
6165 0.005000000000000001 0.1965894302910126 0.25
6166 0.005000000000000001 0.1965894302910126 0.2875
6167 0.005000000000000001 0.1965894302910126 0.3250000000000001
6168 0.005000000000000001 0.1965894302910126 0.3625
6169 0.01000000000000001 0.1965894303674758 0.112
6170 0.01000000000000001 0.1965894303674758 0.124
6171 0.01000000000000001 0.1965894303674758 0.138
6172 0.01000000000000001 0.1965894303674758 0.152
6173 0.01000000000000001 0.1965894303674758 0.166
6174 0.01000000000000001 0.1965894303674758 0.187
6175 0.01000000000000001 0.1965894303674758 0.208
6176 0.01000000000000001 0.1965894303674758 0.229
6177 0.01000000000000001 0.1965894303674758 0.25
6178 0.01000000000000001 0.1965894303674758 0.2875
6179 0.01000000000000001 0.1965894303674758 0.3250000000000001
6180 0.01000000000000001 0.1965894303674758 0.3625
6181 0.01500000000000001 0.196589430443939 0.112
6182 0.01500000000000001 0.196589430443939 0.124
6183 0.01500000000000001 0.196589430443939 0.138
6184 0.01500000000000001 0.196589430443939 0.152
6185 0.01500000000000001 0.196589430443939 0.166
6186 0.01500000000000001 0.196589430443939 0.187
6187 0.01500000000000001 0.196589430443939 0.208
6188 0.01500000000000001 0.196589430443939 0.229
6189 0.01500000000000001 0.196589430443939 0.25
6190 0.01500000000000001 0.196589430443939 0.2875
6191 0.01500000000000001 0.196589430443939 0.3250000000000001
6192 0.01500000000000001 0.196589430443939 0.3625
6193 0.02000000000000001 0.1965894305204021 0.112
6194 0.02000000000000001 0.1965894305204021 0.124
6195 0.02000000000000001 0.1965894305204021 0.138
6196 0.02000000000000001 0.1965894305204021 0.152
6197 0.02000000000000001 0.1965894305204021 0.166
6198 0.02000000000000001 0.1965894305204021 0.187
6199 0.02000000000000001 0.1965894305204021 0.208
6200 0.02000000000000001 0.1965894305204021 0.229
6201 0.02000000000000001 0.1965894305204021 0.25
6202 0.02000000000000001 0.1965894305204021 0.2875
6203 0.02000000000000001 0.1965894305204021 0.3250000000000001
6204 0.02000000000000001 0.1965894305204021 0.3625
6205 0.025 0.1965894305968653 0.112
6206 0.025 0.1965894305968653 0.124
6207 0.025 0.1965894305968653 0.138
6208 0.025 0.1965894305968653 0.152
6209 0.025 0.1965894305968653 0.166
6210 0.025 0.1965894305968653 0.187
6211 0.025 0.1965894305968653 0.208
6212 0.025 0.1965894305968653 0.229
6213 0.025 0.1965894305968653 0.25
6214 0.025 0.1965894305968653 0.2875
6215 0.025 0.1965894305968653 0.3250000000000001
6216 0.025 0.1965894305968653 0.3625
6217 0.005000000000000003 0.1650117835678891 0.112
6218 0.005000000000000003 0.1650117835678891 0.124
6219 0.005000000000000003 0.1650117835678891 0.138
6220 0.005000000000000003 0.1650117835678891 0.152
6221 0.005000000000000003 0.1650117835678891 0.166
6222 0.005000000000000003 0.1650117835678891 0.187
6223 0.005000000000000003 0.1650117835678891 0.208
6224 0.005000000000000003 0.1650117835678891 0.229
6225 0.005000000000000003 0.1650117835678891 0.25
6226 0.005000000000000003 0.1650117835678891 0.2875
6227 0.005000000000000003 0.1650117835678891 0.3250000000000001
6228 0.005000000000000003 0.1650117835678891 0.3625
6229 0.01000000000000001 0.1650117836552507 0.112
6230 0.01000000000000001 0.1650117836552507 0.124
6231 0.01000000000000001 0.1650117836552507 0.138
6232 0.01000000000000001 0.1650117836552507 0.152
6233 0.01000000000000001 0.1650117836552507 0.166
6234 0.01000000000000001 0.1650117836552507 0.187
6235 0.01000000000000001 0.1650117836552507 0.208
6236 0.01000000000000001 0.1650117836552507 0.229
6237 0.01000000000000001 0.1650117836552507 0.25
6238 0.01000000000000001 0.1650117836552507 0.2875
6239 0.01000000000000001 0.1650117836552507 0.3250000000000001
6240 0.01000000000000001 0.1650117836552507 0.3625
6241 0.01500000000000002 0.1650117837426122 0.112
6242 0.01500000000000002 0.1650117837426122 0.124
6243 0.01500000000000002 0.1650117837426122 0.138
6244 0.01500000000000002 0.1650117837426122 0.152
6245 0.01500000000000002 0.1650117837426122 0.166
6246 0.01500000000000002 0.1650117837426122 0.187
6247 0.01500000000000002 0.1650117837426122 0.208
6248 0.01500000000000002 0.1650117837426122 0.229
6249 0.01500000000000002 0.1650117837426122 0.25
6250 0.01500000000000002 0.1650117837426122 0.2875
6251 0.01500000000000002 0.1650117837426122 0.3250000000000001
6252 0.01500000000000002 0.1650117837426122 0.3625
6253 0.02000000000000001 0.1650117838299737 0.112
6254 0.02000000000000001 0.1650117838299737 0.124
6255 0.02000000000000001 0.1650117838299737 0.138
6256 0.02000000000000001 0.1650117838299737 0.152
6257 0.02000000000000001 0.1650117838299737 0.166
6258 0.02000000000000001 0.1650117838299737 0.187
6259 0.02000000000000001 0.1650117838299737 0.208
6260 0.02000000000000001 0.1650117838299737 0.229
6261 0.02000000000000001 0.1650117838299737 0.25
6262 0.02000000000000001 0.1650117838299737 0.2875
6263 0.02000000000000001 0.1650117838299737 0.3250000000000001
6264 0.02000000000000001 0.1650117838299737 0.3625
6265 0.025 0.1650117839173352 0.112
6266 0.025 0.1650117839173352 0.124
6267 0.025 0.1650117839173352 0.138
6268 0.025 0.1650117839173352 0.152
6269 0.025 0.1650117839173352 0.166
6270 0.025 0.1650117839173352 0.187
6271 0.025 0.1650117839173352 0.208
6272 0.025 0.1650117839173352 0.229
6273 0.025 0.1650117839173352 0.25
6274 0.025 0.1650117839173352 0.2875
6275 0.025 0.1650117839173352 0.3250000000000001
6276 0.025 0.1650117839173352 0.3625
6277 0.005000000000000006 0.1386970780678489 0.112
6278 0.005000000000000006 0.1386970780678489 0.124
6279 0.005000000000000006 0.1386970780678489 0.138
6280 0.005000000000000006 0.1386970780678489 0.152
6281 0.005000000000000006 0.1386970780678489 0.166
6282 0.005000000000000006 0.1386970780678489 0.187
6283 0.005000000000000006 0.1386970780678489 0.208
6284 0.005000000000000006 0.1386970780678489 0.229
6285 0.005000000000000006 0.1386970780678489 0.25
6286 0.005000000000000006 0.1386970780678489 0.2875
6287 0.005000000000000006 0.1386970780678489 0.3250000000000001
6288 0.005000000000000006 0.1386970780678489 0.3625
6289 0.01000000000000002 0.138697078160352 0.112
6290 0.01000000000000002 0.138697078160352 0.124
6291 0.01000000000000002 0.138697078160352 0.138
6292 0.01000000000000002 0.138697078160352 0.152
6293 0.01000000000000002 0.138697078160352 0.166
6294 0.01000000000000002 0.138697078160352 0.187
6295 0.01000000000000002 0.138697078160352 0.208
6296 0.01000000000000002 0.138697078160352 0.229
6297 0.01000000000000002 0.138697078160352 0.25
6298 0.01000000000000002 0.138697078160352 0.2875
6299 0.01000000000000002 0.138697078160352 0.3250000000000001
6300 0.01000000000000002 0.138697078160352 0.3625
6301 0.01500000000000003 0.1386970782528551 0.112
6302 0.01500000000000003 0.1386970782528551 0.124
6303 0.01500000000000003 0.1386970782528551 0.138
6304 0.01500000000000003 0.1386970782528551 0.152
6305 0.01500000000000003 0.1386970782528551 0.166
6306 0.01500000000000003 0.1386970782528551 0.187
6307 0.01500000000000003 0.1386970782528551 0.208
6308 0.01500000000000003 0.1386970782528551 0.229
6309 0.01500000000000003 0.1386970782528551 0.25
6310 0.01500000000000003 0.1386970782528551 0.2875
6311 0.01500000000000003 0.1386970782528551 0.3250000000000001
6312 0.01500000000000003 0.1386970782528551 0.3625
6313 0.02000000000000002 0.1386970783453582 0.112
6314 0.02000000000000002 0.1386970783453582 0.124
6315 0.02000000000000002 0.1386970783453582 0.138
6316 0.02000000000000002 0.1386970783453582 0.152
6317 0.02000000000000002 0.1386970783453582 0.166
6318 0.02000000000000002 0.1386970783453582 0.187
6319 0.02000000000000002 0.1386970783453582 0.208
6320 0.02000000000000002 0.1386970783453582 0.229
6321 0.02000000000000002 0.1386970783453582 0.25
6322 0.02000000000000002 0.1386970783453582 0.2875
6323 0.02000000000000002 0.1386970783453582 0.3250000000000001
6324 0.02000000000000002 0.1386970783453582 0.3625
6325 0.02500000000000001 0.1386970784378613 0.112
6326 0.02500000000000001 0.1386970784378613 0.124
6327 0.02500000000000001 0.1386970784378613 0.138
6328 0.02500000000000001 0.1386970784378613 0.152
6329 0.02500000000000001 0.1386970784378613 0.166
6330 0.02500000000000001 0.1386970784378613 0.187
6331 0.02500000000000001 0.1386970784378613 0.208
6332 0.02500000000000001 0.1386970784378613 0.229
6333 0.02500000000000001 0.1386970784378613 0.25
6334 0.02500000000000001 0.1386970784378613 0.2875
6335 0.02500000000000001 0.1386970784378613 0.3250000000000001
6336 0.02500000000000001 0.1386970784378613 0.3625
6337 0.005000000000000006 0.1167681565962301 0.112
6338 0.005000000000000006 0.1167681565962301 0.124
6339 0.005000000000000006 0.1167681565962301 0.138
6340 0.005000000000000006 0.1167681565962301 0.152
6341 0.005000000000000006 0.1167681565962301 0.166
6342 0.005000000000000006 0.1167681565962301 0.187
6343 0.005000000000000006 0.1167681565962301 0.208
6344 0.005000000000000006 0.1167681565962301 0.229
6345 0.005000000000000006 0.1167681565962301 0.25
6346 0.005000000000000006 0.1167681565962301 0.2875
6347 0.005000000000000006 0.1167681565962301 0.3250000000000001
6348 0.005000000000000006 0.1167681565962301 0.3625
6349 0.01000000000000002 0.1167681566897341 0.112
6350 0.01000000000000002 0.1167681566897341 0.124
6351 0.01000000000000002 0.1167681566897341 0.138
6352 0.01000000000000002 0.1167681566897341 0.152
6353 0.01000000000000002 0.1167681566897341 0.166
6354 0.01000000000000002 0.1167681566897341 0.187
6355 0.01000000000000002 0.1167681566897341 0.208
6356 0.01000000000000002 0.1167681566897341 0.229
6357 0.01000000000000002 0.1167681566897341 0.25
6358 0.01000000000000002 0.1167681566897341 0.2875
6359 0.01000000000000002 0.1167681566897341 0.3250000000000001
6360 0.01000000000000002 0.1167681566897341 0.3625
6361 0.01500000000000003 0.1167681567832383 0.112
6362 0.01500000000000003 0.1167681567832383 0.124
6363 0.01500000000000003 0.1167681567832383 0.138
6364 0.01500000000000003 0.1167681567832383 0.152
6365 0.01500000000000003 0.1167681567832383 0.166
6366 0.01500000000000003 0.1167681567832383 0.187
6367 0.01500000000000003 0.1167681567832383 0.208
6368 0.01500000000000003 0.1167681567832383 0.229
6369 0.01500000000000003 0.1167681567832383 0.25
6370 0.01500000000000003 0.1167681567832383 0.2875
6371 0.01500000000000003 0.1167681567832383 0.3250000000000001
6372 0.01500000000000003 0.1167681567832383 0.3625
6373 0.02000000000000002 0.1167681568767424 0.112
6374 0.02000000000000002 0.1167681568767424 0.124
6375 0.02000000000000002 0.1167681568767424 0.138
6376 0.02000000000000002 0.1167681568767424 0.152
6377 0.02000000000000002 0.1167681568767424 0.166
6378 0.02000000000000002 0.1167681568767424 0.187
6379 0.02000000000000002 0.1167681568767424 0.208
6380 0.02000000000000002 0.1167681568767424 0.229
6381 0.02000000000000002 0.1167681568767424 0.25
6382 0.02000000000000002 0.1167681568767424 0.2875
6383 0.02000000000000002 0.1167681568767424 0.3250000000000001
6384 0.02000000000000002 0.1167681568767424 0.3625
6385 0.02500000000000001 0.1167681569702465 0.112
6386 0.02500000000000001 0.1167681569702465 0.124
6387 0.02500000000000001 0.1167681569702465 0.138
6388 0.02500000000000001 0.1167681569702465 0.152
6389 0.02500000000000001 0.1167681569702465 0.166
6390 0.02500000000000001 0.1167681569702465 0.187
6391 0.02500000000000001 0.1167681569702465 0.208
6392 0.02500000000000001 0.1167681569702465 0.229
6393 0.02500000000000001 0.1167681569702465 0.25
6394 0.02500000000000001 0.1167681569702465 0.2875
6395 0.02500000000000001 0.1167681569702465 0.3250000000000001
6396 0.02500000000000001 0.1167681569702465 0.3625
6397 0.005000000000000008 0.09849405532595967 0.112
6398 0.005000000000000008 0.09849405532595967 0.124
6399 0.005000000000000008 0.09849405532595967 0.138
6400 0.005000000000000008 0.09849405532595967 0.152
6401 0.005000000000000008 0.09849405532595967 0.166
6402 0.005000000000000008 0.09849405532595967 0.187
6403 0.005000000000000008 0.09849405532595967 0.208
6404 0.005000000000000008 0.09849405532595967 0.229
6405 0.005000000000000008 0.09849405532595967 0.25
6406 0.005000000000000008 0.09849405532595967 0.2875
6407 0.005000000000000008 0.09849405532595967 0.3250000000000001
6408 0.005000000000000008 0.09849405532595967 0.3625
6409 0.01000000000000002 0.09849405541756157 0.112
6410 0.01000000000000002 0.09849405541756157 0.124
6411 0.01000000000000002 0.09849405541756157 0.138
6412 0.01000000000000002 0.09849405541756157 0.152
6413 0.01000000000000002 0.09849405541756157 0.166
6414 0.01000000000000002 0.09849405541756157 0.187
6415 0.01000000000000002 0.09849405541756157 0.208
6416 0.01000000000000002 0.09849405541756157 0.229
6417 0.01000000000000002 0.09849405541756157 0.25
6418 0.01000000000000002 0.09849405541756157 0.2875
6419 0.01000000000000002 0.09849405541756157 0.3250000000000001
6420 0.01000000000000002 0.09849405541756157 0.3625
6421 0.01500000000000004 0.09849405550916351 0.112
6422 0.01500000000000004 0.09849405550916351 0.124
6423 0.01500000000000004 0.09849405550916351 0.138
6424 0.01500000000000004 0.09849405550916351 0.152
6425 0.01500000000000004 0.09849405550916351 0.166
6426 0.01500000000000004 0.09849405550916351 0.187
6427 0.01500000000000004 0.09849405550916351 0.208
6428 0.01500000000000004 0.09849405550916351 0.229
6429 0.01500000000000004 0.09849405550916351 0.25
6430 0.01500000000000004 0.09849405550916351 0.2875
6431 0.01500000000000004 0.09849405550916351 0.3250000000000001
6432 0.01500000000000004 0.09849405550916351 0.3625
6433 0.02000000000000002 0.09849405560076546 0.112
6434 0.02000000000000002 0.09849405560076546 0.124
6435 0.02000000000000002 0.09849405560076546 0.138
6436 0.02000000000000002 0.09849405560076546 0.152
6437 0.02000000000000002 0.09849405560076546 0.166
6438 0.02000000000000002 0.09849405560076546 0.187
6439 0.02000000000000002 0.09849405560076546 0.208
6440 0.02000000000000002 0.09849405560076546 0.229
6441 0.02000000000000002 0.09849405560076546 0.25
6442 0.02000000000000002 0.09849405560076546 0.2875
6443 0.02000000000000002 0.09849405560076546 0.3250000000000001
6444 0.02000000000000002 0.09849405560076546 0.3625
6445 0.02500000000000002 0.09849405569236735 0.112
6446 0.02500000000000002 0.09849405569236735 0.124
6447 0.02500000000000002 0.09849405569236735 0.138
6448 0.02500000000000002 0.09849405569236735 0.152
6449 0.02500000000000002 0.09849405569236735 0.166
6450 0.02500000000000002 0.09849405569236735 0.187
6451 0.02500000000000002 0.09849405569236735 0.208
6452 0.02500000000000002 0.09849405569236735 0.229
6453 0.02500000000000002 0.09849405569236735 0.25
6454 0.02500000000000002 0.09849405569236735 0.2875
6455 0.02500000000000002 0.09849405569236735 0.3250000000000001
6456 0.02500000000000002 0.09849405569236735 0.3625
6457 0.005000000000000011 0.08326563762810307 0.112
6458 0.005000000000000011 0.08326563762810307 0.124
6459 0.005000000000000011 0.08326563762810307 0.138
6460 0.005000000000000011 0.08326563762810307 0.152
6461 0.005000000000000011 0.08326563762810307 0.166
6462 0.005000000000000011 0.08326563762810307 0.187
6463 0.005000000000000011 0.08326563762810307 0.208
6464 0.005000000000000011 0.08326563762810307 0.229
6465 0.005000000000000011 0.08326563762810307 0.25
6466 0.005000000000000011 0.08326563762810307 0.2875
6467 0.005000000000000011 0.08326563762810307 0.3250000000000001
6468 0.005000000000000011 0.08326563762810307 0.3625
6469 0.01000000000000003 0.0832656377158395 0.112
6470 0.01000000000000003 0.0832656377158395 0.124
6471 0.01000000000000003 0.0832656377158395 0.138
6472 0.01000000000000003 0.0832656377158395 0.152
6473 0.01000000000000003 0.0832656377158395 0.166
6474 0.01000000000000003 0.0832656377158395 0.187
6475 0.01000000000000003 0.0832656377158395 0.208
6476 0.01000000000000003 0.0832656377158395 0.229
6477 0.01000000000000003 0.0832656377158395 0.25
6478 0.01000000000000003 0.0832656377158395 0.2875
6479 0.01000000000000003 0.0832656377158395 0.3250000000000001
6480 0.01000000000000003 0.0832656377158395 0.3625
6481 0.01500000000000004 0.08326563780357593 0.112
6482 0.01500000000000004 0.08326563780357593 0.124
6483 0.01500000000000004 0.08326563780357593 0.138
6484 0.01500000000000004 0.08326563780357593 0.152
6485 0.01500000000000004 0.08326563780357593 0.166
6486 0.01500000000000004 0.08326563780357593 0.187
6487 0.01500000000000004 0.08326563780357593 0.208
6488 0.01500000000000004 0.08326563780357593 0.229
6489 0.01500000000000004 0.08326563780357593 0.25
6490 0.01500000000000004 0.08326563780357593 0.2875
6491 0.01500000000000004 0.08326563780357593 0.3250000000000001
6492 0.01500000000000004 0.08326563780357593 0.3625
6493 0.02000000000000003 0.08326563789131239 0.112
6494 0.02000000000000003 0.08326563789131239 0.124
6495 0.02000000000000003 0.08326563789131239 0.138
6496 0.02000000000000003 0.08326563789131239 0.152
6497 0.02000000000000003 0.08326563789131239 0.166
6498 0.02000000000000003 0.08326563789131239 0.187
6499 0.02000000000000003 0.08326563789131239 0.208
6500 0.02000000000000003 0.08326563789131239 0.229
6501 0.02000000000000003 0.08326563789131239 0.25
6502 0.02000000000000003 0.08326563789131239 0.2875
6503 0.02000000000000003 0.08326563789131239 0.3250000000000001
6504 0.02000000000000003 0.08326563789131239 0.3625
6505 0.02500000000000002 0.08326563797904882 0.112
6506 0.02500000000000002 0.08326563797904882 0.124
6507 0.02500000000000002 0.08326563797904882 0.138
6508 0.02500000000000002 0.08326563797904882 0.152
6509 0.02500000000000002 0.08326563797904882 0.166
6510 0.02500000000000002 0.08326563797904882 0.187
6511 0.02500000000000002 0.08326563797904882 0.208
6512 0.02500000000000002 0.08326563797904882 0.229
6513 0.02500000000000002 0.08326563797904882 0.25
6514 0.02500000000000002 0.08326563797904882 0.2875
6515 0.02500000000000002 0.08326563797904882 0.3250000000000001
6516 0.02500000000000002 0.08326563797904882 0.3625
6517 0.005000000000000011 0.07057528972288996 0.112
6518 0.005000000000000011 0.07057528972288996 0.124
6519 0.005000000000000011 0.07057528972288996 0.138
6520 0.005000000000000011 0.07057528972288996 0.152
6521 0.005000000000000011 0.07057528972288996 0.166
6522 0.005000000000000011 0.07057528972288996 0.187
6523 0.005000000000000011 0.07057528972288996 0.208
6524 0.005000000000000011 0.07057528972288996 0.229
6525 0.005000000000000011 0.07057528972288996 0.25
6526 0.005000000000000011 0.07057528972288996 0.2875
6527 0.005000000000000011 0.07057528972288996 0.3250000000000001
6528 0.005000000000000011 0.07057528972288996 0.3625
6529 0.01000000000000003 0.07057528980550501 0.112
6530 0.01000000000000003 0.07057528980550501 0.124
6531 0.01000000000000003 0.07057528980550501 0.138
6532 0.01000000000000003 0.07057528980550501 0.152
6533 0.01000000000000003 0.07057528980550501 0.166
6534 0.01000000000000003 0.07057528980550501 0.187
6535 0.01000000000000003 0.07057528980550501 0.208
6536 0.01000000000000003 0.07057528980550501 0.229
6537 0.01000000000000003 0.07057528980550501 0.25
6538 0.01000000000000003 0.07057528980550501 0.2875
6539 0.01000000000000003 0.07057528980550501 0.3250000000000001
6540 0.01000000000000003 0.07057528980550501 0.3625
6541 0.01500000000000005 0.07057528988811995 0.112
6542 0.01500000000000005 0.07057528988811995 0.124
6543 0.01500000000000005 0.07057528988811995 0.138
6544 0.01500000000000005 0.07057528988811995 0.152
6545 0.01500000000000005 0.07057528988811995 0.166
6546 0.01500000000000005 0.07057528988811995 0.187
6547 0.01500000000000005 0.07057528988811995 0.208
6548 0.01500000000000005 0.07057528988811995 0.229
6549 0.01500000000000005 0.07057528988811995 0.25
6550 0.01500000000000005 0.07057528988811995 0.2875
6551 0.01500000000000005 0.07057528988811995 0.3250000000000001
6552 0.01500000000000005 0.07057528988811995 0.3625
6553 0.02000000000000003 0.07057528997073495 0.112
6554 0.02000000000000003 0.07057528997073495 0.124
6555 0.02000000000000003 0.07057528997073495 0.138
6556 0.02000000000000003 0.07057528997073495 0.152
6557 0.02000000000000003 0.07057528997073495 0.166
6558 0.02000000000000003 0.07057528997073495 0.187
6559 0.02000000000000003 0.07057528997073495 0.208
6560 0.02000000000000003 0.07057528997073495 0.229
6561 0.02000000000000003 0.07057528997073495 0.25
6562 0.02000000000000003 0.07057528997073495 0.2875
6563 0.02000000000000003 0.07057528997073495 0.3250000000000001
6564 0.02000000000000003 0.07057528997073495 0.3625
6565 0.02500000000000002 0.07057529005334989 0.112
6566 0.02500000000000002 0.07057529005334989 0.124
6567 0.02500000000000002 0.07057529005334989 0.138
6568 0.02500000000000002 0.07057529005334989 0.152
6569 0.02500000000000002 0.07057529005334989 0.166
6570 0.02500000000000002 0.07057529005334989 0.187
6571 0.02500000000000002 0.07057529005334989 0.208
6572 0.02500000000000002 0.07057529005334989 0.229
6573 0.02500000000000002 0.07057529005334989 0.25
6574 0.02500000000000002 0.07057529005334989 0.2875
6575 0.02500000000000002 0.07057529005334989 0.3250000000000001
6576 0.02500000000000002 0.07057529005334989 0.3625
6577 0.04150840397172015 0.07057529013596486 0.112
6578 0.04150840397172015 0.07057529013596486 0.124
6579 0.04150840397172015 0.07057529013596486 0.138
6580 0.04150840397172015 0.07057529013596486 0.152
6581 0.04150840397172015 0.07057529013596486 0.166
6582 0.04150840397172015 0.07057529013596486 0.187
6583 0.04150840397172015 0.07057529013596486 0.208
6584 0.04150840397172015 0.07057529013596486 0.229
6585 0.04150840397172015 0.07057529013596486 0.25
6586 0.04150840397172015 0.07057529013596486 0.2875
6587 0.04150840397172015 0.07057529013596486 0.3250000000000001
6588 0.04150840397172015 0.07057529013596486 0.3625
6589 0.05531848848499216 0.07057529013596489 0.112
6590 0.05531848848499216 0.07057529013596489 0.124
6591 0.05531848848499216 0.07057529013596489 0.138
6592 0.05531848848499216 0.07057529013596489 0.152
6593 0.05531848848499216 0.07057529013596489 0.166
6594 0.05531848848499216 0.07057529013596489 0.187
6595 0.05531848848499216 0.07057529013596489 0.208
6596 0.05531848848499216 0.07057529013596489 0.229
6597 0.05531848848499216 0.07057529013596489 0.25
6598 0.05531848848499216 0.07057529013596489 0.2875
6599 0.05531848848499216 0.07057529013596489 0.3250000000000001
6600 0.05531848848499216 0.07057529013596489 0.3625
6601 0.07189059011883783 0.07057529013596495 0.112
6602 0.07189059011883783 0.07057529013596495 0.124
6603 0.07189059011883783 0.07057529013596495 0.138
6604 0.07189059011883783 0.07057529013596495 0.152
6605 0.07189059011883783 0.07057529013596495 0.166
6606 0.07189059011883783 0.07057529013596495 0.187
6607 0.07189059011883783 0.07057529013596495 0.208
6608 0.07189059011883783 0.07057529013596495 0.229
6609 0.07189059011883783 0.07057529013596495 0.25
6610 0.07189059011883783 0.07057529013596495 0.2875
6611 0.07189059011883783 0.07057529013596495 0.3250000000000001
6612 0.07189059011883783 0.07057529013596495 0.3625
6613 0.09177711210036957 0.07057529013596492 0.112
6614 0.09177711210036957 0.07057529013596492 0.124
6615 0.09177711210036957 0.07057529013596492 0.138
6616 0.09177711210036957 0.07057529013596492 0.152
6617 0.09177711210036957 0.07057529013596492 0.166
6618 0.09177711210036957 0.07057529013596492 0.187
6619 0.09177711210036957 0.07057529013596492 0.208
6620 0.09177711210036957 0.07057529013596492 0.229
6621 0.09177711210036957 0.07057529013596492 0.25
6622 0.09177711210036957 0.07057529013596492 0.2875
6623 0.09177711210036957 0.07057529013596492 0.3250000000000001
6624 0.09177711210036957 0.07057529013596492 0.3625
6625 0.1156409384030639 0.07057529013596492 0.112
6626 0.1156409384030639 0.07057529013596492 0.124
6627 0.1156409384030639 0.07057529013596492 0.138
6628 0.1156409384030639 0.07057529013596492 0.152
6629 0.1156409384030639 0.07057529013596492 0.166
6630 0.1156409384030639 0.07057529013596492 0.187
6631 0.1156409384030639 0.07057529013596492 0.208
6632 0.1156409384030639 0.07057529013596492 0.229
6633 0.1156409384030639 0.07057529013596492 0.25
6634 0.1156409384030639 0.07057529013596492 0.2875
6635 0.1156409384030639 0.07057529013596492 0.3250000000000001
6636 0.1156409384030639 0.07057529013596492 0.3625
6637 0.1442775296555874 0.07057529013596492 0.112
6638 0.1442775296555874 0.07057529013596492 0.124
6639 0.1442775296555874 0.07057529013596492 0.138
6640 0.1442775296555874 0.07057529013596492 0.152
6641 0.1442775296555874 0.07057529013596492 0.166
6642 0.1442775296555874 0.07057529013596492 0.187
6643 0.1442775296555874 0.07057529013596492 0.208
6644 0.1442775296555874 0.07057529013596492 0.229
6645 0.1442775296555874 0.07057529013596492 0.25
6646 0.1442775296555874 0.07057529013596492 0.2875
6647 0.1442775296555874 0.07057529013596492 0.3250000000000001
6648 0.1442775296555874 0.07057529013596492 0.3625
6649 0.1786414392669361 0.07057529013596497 0.112
6650 0.1786414392669361 0.07057529013596497 0.124
6651 0.1786414392669361 0.07057529013596497 0.138
6652 0.1786414392669361 0.07057529013596497 0.152
6653 0.1786414392669361 0.07057529013596497 0.166
6654 0.1786414392669361 0.07057529013596497 0.187
6655 0.1786414392669361 0.07057529013596497 0.208
6656 0.1786414392669361 0.07057529013596497 0.229
6657 0.1786414392669361 0.07057529013596497 0.25
6658 0.1786414392669361 0.07057529013596497 0.2875
6659 0.1786414392669361 0.07057529013596497 0.3250000000000001
6660 0.1786414392669361 0.07057529013596497 0.3625
6661 0.2198781310508317 0.07057529013596492 0.112
6662 0.2198781310508317 0.07057529013596492 0.124
6663 0.2198781310508317 0.07057529013596492 0.138
6664 0.2198781310508317 0.07057529013596492 0.152
6665 0.2198781310508317 0.07057529013596492 0.166
6666 0.2198781310508317 0.07057529013596492 0.187
6667 0.2198781310508317 0.07057529013596492 0.208
6668 0.2198781310508317 0.07057529013596492 0.229
6669 0.2198781310508317 0.07057529013596492 0.25
6670 0.2198781310508317 0.07057529013596492 0.2875
6671 0.2198781310508317 0.07057529013596492 0.3250000000000001
6672 0.2198781310508317 0.07057529013596492 0.3625
6673 0.2693621610708139 0.07057529013596492 0.112
6674 0.2693621610708139 0.07057529013596492 0.124
6675 0.2693621610708139 0.07057529013596492 0.138
6676 0.2693621610708139 0.07057529013596492 0.152
6677 0.2693621610708139 0.07057529013596492 0.166
6678 0.2693621610708139 0.07057529013596492 0.187
6679 0.2693621610708139 0.07057529013596492 0.208
6680 0.2693621610708139 0.07057529013596492 0.229
6681 0.2693621610708139 0.07057529013596492 0.25
6682 0.2693621610708139 0.07057529013596492 0.2875
6683 0.2693621610708139 0.07057529013596492 0.3250000000000001
6684 0.2693621610708139 0.07057529013596492 0.3625
6685 0.3287429969098631 0.07057529013596492 0.112
6686 0.3287429969098631 0.07057529013596492 0.124
6687 0.3287429969098631 0.07057529013596492 0.138
6688 0.3287429969098631 0.07057529013596492 0.152
6689 0.3287429969098631 0.07057529013596492 0.166
6690 0.3287429969098631 0.07057529013596492 0.187
6691 0.3287429969098631 0.07057529013596492 0.208
6692 0.3287429969098631 0.07057529013596492 0.229
6693 0.3287429969098631 0.07057529013596492 0.25
6694 0.3287429969098631 0.07057529013596492 0.2875
6695 0.3287429969098631 0.07057529013596492 0.3250000000000001
6696 0.3287429969098631 0.07057529013596492 0.3625
6697 0.04150840397199484 0.08326563806678533 0.112
6698 0.04150840397199484 0.08326563806678533 0.124
6699 0.04150840397199484 0.08326563806678533 0.138
6700 0.04150840397199484 0.08326563806678533 0.152
6701 0.04150840397199484 0.08326563806678533 0.166
6702 0.04150840397199484 0.08326563806678533 0.187
6703 0.04150840397199484 0.08326563806678533 0.208
6704 0.04150840397199484 0.08326563806678533 0.229
6705 0.04150840397199484 0.08326563806678533 0.25
6706 0.04150840397199484 0.08326563806678533 0.2875
6707 0.04150840397199484 0.08326563806678533 0.3250000000000001
6708 0.04150840397199484 0.08326563806678533 0.3625
6709 0.05531848848565141 0.08326563806678527 0.112
6710 0.05531848848565141 0.08326563806678527 0.124
6711 0.05531848848565141 0.08326563806678527 0.138
6712 0.05531848848565141 0.08326563806678527 0.152
6713 0.05531848848565141 0.08326563806678527 0.166
6714 0.05531848848565141 0.08326563806678527 0.187
6715 0.05531848848565141 0.08326563806678527 0.208
6716 0.05531848848565141 0.08326563806678527 0.229
6717 0.05531848848565141 0.08326563806678527 0.25
6718 0.05531848848565141 0.08326563806678527 0.2875
6719 0.05531848848565141 0.08326563806678527 0.3250000000000001
6720 0.05531848848565141 0.08326563806678527 0.3625
6721 0.07189059012002444 0.08326563806678533 0.112
6722 0.07189059012002444 0.08326563806678533 0.124
6723 0.07189059012002444 0.08326563806678533 0.138
6724 0.07189059012002444 0.08326563806678533 0.152
6725 0.07189059012002444 0.08326563806678533 0.166
6726 0.07189059012002444 0.08326563806678533 0.187
6727 0.07189059012002444 0.08326563806678533 0.208
6728 0.07189059012002444 0.08326563806678533 0.229
6729 0.07189059012002444 0.08326563806678533 0.25
6730 0.07189059012002444 0.08326563806678533 0.2875
6731 0.07189059012002444 0.08326563806678533 0.3250000000000001
6732 0.07189059012002444 0.08326563806678533 0.3625
6733 0.09177711210226816 0.08326563806678533 0.112
6734 0.09177711210226816 0.08326563806678533 0.124
6735 0.09177711210226816 0.08326563806678533 0.138
6736 0.09177711210226816 0.08326563806678533 0.152
6737 0.09177711210226816 0.08326563806678533 0.166
6738 0.09177711210226816 0.08326563806678533 0.187
6739 0.09177711210226816 0.08326563806678533 0.208
6740 0.09177711210226816 0.08326563806678533 0.229
6741 0.09177711210226816 0.08326563806678533 0.25
6742 0.09177711210226816 0.08326563806678533 0.2875
6743 0.09177711210226816 0.08326563806678533 0.3250000000000001
6744 0.09177711210226816 0.08326563806678533 0.3625
6745 0.1156409384059117 0.08326563806678527 0.112
6746 0.1156409384059117 0.08326563806678527 0.124
6747 0.1156409384059117 0.08326563806678527 0.138
6748 0.1156409384059117 0.08326563806678527 0.152
6749 0.1156409384059117 0.08326563806678527 0.166
6750 0.1156409384059117 0.08326563806678527 0.187
6751 0.1156409384059117 0.08326563806678527 0.208
6752 0.1156409384059117 0.08326563806678527 0.229
6753 0.1156409384059117 0.08326563806678527 0.25
6754 0.1156409384059117 0.08326563806678527 0.2875
6755 0.1156409384059117 0.08326563806678527 0.3250000000000001
6756 0.1156409384059117 0.08326563806678527 0.3625
6757 0.1442775296596882 0.08326563806678533 0.112
6758 0.1442775296596882 0.08326563806678533 0.124
6759 0.1442775296596882 0.08326563806678533 0.138
6760 0.1442775296596882 0.08326563806678533 0.152
6761 0.1442775296596882 0.08326563806678533 0.166
6762 0.1442775296596882 0.08326563806678533 0.187
6763 0.1442775296596882 0.08326563806678533 0.208
6764 0.1442775296596882 0.08326563806678533 0.229
6765 0.1442775296596882 0.08326563806678533 0.25
6766 0.1442775296596882 0.08326563806678533 0.2875
6767 0.1442775296596882 0.08326563806678533 0.3250000000000001
6768 0.1442775296596882 0.08326563806678533 0.3625
6769 0.1786414392726772 0.08326563806678525 0.112
6770 0.1786414392726772 0.08326563806678525 0.124
6771 0.1786414392726772 0.08326563806678525 0.138
6772 0.1786414392726772 0.08326563806678525 0.152
6773 0.1786414392726772 0.08326563806678525 0.166
6774 0.1786414392726772 0.08326563806678525 0.187
6775 0.1786414392726772 0.08326563806678525 0.208
6776 0.1786414392726772 0.08326563806678525 0.229
6777 0.1786414392726772 0.08326563806678525 0.25
6778 0.1786414392726772 0.08326563806678525 0.2875
6779 0.1786414392726772 0.08326563806678525 0.3250000000000001
6780 0.1786414392726772 0.08326563806678525 0.3625
6781 0.2198781310587053 0.08326563806678527 0.112
6782 0.2198781310587053 0.08326563806678527 0.124
6783 0.2198781310587053 0.08326563806678527 0.138
6784 0.2198781310587053 0.08326563806678527 0.152
6785 0.2198781310587053 0.08326563806678527 0.166
6786 0.2198781310587053 0.08326563806678527 0.187
6787 0.2198781310587053 0.08326563806678527 0.208
6788 0.2198781310587053 0.08326563806678527 0.229
6789 0.2198781310587053 0.08326563806678527 0.25
6790 0.2198781310587053 0.08326563806678527 0.2875
6791 0.2198781310587053 0.08326563806678527 0.3250000000000001
6792 0.2198781310587053 0.08326563806678527 0.3625
6793 0.2693621610814433 0.08326563806678525 0.112
6794 0.2693621610814433 0.08326563806678525 0.124
6795 0.2693621610814433 0.08326563806678525 0.138
6796 0.2693621610814433 0.08326563806678525 0.152
6797 0.2693621610814433 0.08326563806678525 0.166
6798 0.2693621610814433 0.08326563806678525 0.187
6799 0.2693621610814433 0.08326563806678525 0.208
6800 0.2693621610814433 0.08326563806678525 0.229
6801 0.2693621610814433 0.08326563806678525 0.25
6802 0.2693621610814433 0.08326563806678525 0.2875
6803 0.2693621610814433 0.08326563806678525 0.3250000000000001
6804 0.2693621610814433 0.08326563806678525 0.3625
6805 0.3287429969240357 0.08326563806678525 0.112
6806 0.3287429969240357 0.08326563806678525 0.124
6807 0.3287429969240357 0.08326563806678525 0.138
6808 0.3287429969240357 0.08326563806678525 0.152
6809 0.3287429969240357 0.08326563806678525 0.166
6810 0.3287429969240357 0.08326563806678525 0.187
6811 0.3287429969240357 0.08326563806678525 0.208
6812 0.3287429969240357 0.08326563806678525 0.229
6813 0.3287429969240357 0.08326563806678525 0.25
6814 0.3287429969240357 0.08326563806678525 0.2875
6815 0.3287429969240357 0.08326563806678525 0.3250000000000001
6816 0.3287429969240357 0.08326563806678525 0.3625
6817 0.04150840397232447 0.0984940557839693 0.112
6818 0.04150840397232447 0.0984940557839693 0.124
6819 0.04150840397232447 0.0984940557839693 0.138
6820 0.04150840397232447 0.0984940557839693 0.152
6821 0.04150840397232447 0.0984940557839693 0.166
6822 0.04150840397232447 0.0984940557839693 0.187
6823 0.04150840397232447 0.0984940557839693 0.208
6824 0.04150840397232447 0.0984940557839693 0.229
6825 0.04150840397232447 0.0984940557839693 0.25
6826 0.04150840397232447 0.0984940557839693 0.2875
6827 0.04150840397232447 0.0984940557839693 0.3250000000000001
6828 0.04150840397232447 0.0984940557839693 0.3625
6829 0.05531848848644241 0.0984940557839693 0.112
6830 0.05531848848644241 0.0984940557839693 0.124
6831 0.05531848848644241 0.0984940557839693 0.138
6832 0.05531848848644241 0.0984940557839693 0.152
6833 0.05531848848644241 0.0984940557839693 0.166
6834 0.05531848848644241 0.0984940557839693 0.187
6835 0.05531848848644241 0.0984940557839693 0.208
6836 0.05531848848644241 0.0984940557839693 0.229
6837 0.05531848848644241 0.0984940557839693 0.25
6838 0.05531848848644241 0.0984940557839693 0.2875
6839 0.05531848848644241 0.0984940557839693 0.3250000000000001
6840 0.05531848848644241 0.0984940557839693 0.3625
6841 0.07189059012144833 0.0984940557839693 0.112
6842 0.07189059012144833 0.0984940557839693 0.124
6843 0.07189059012144833 0.0984940557839693 0.138
6844 0.07189059012144833 0.0984940557839693 0.152
6845 0.07189059012144833 0.0984940557839693 0.166
6846 0.07189059012144833 0.0984940557839693 0.187
6847 0.07189059012144833 0.0984940557839693 0.208
6848 0.07189059012144833 0.0984940557839693 0.229
6849 0.07189059012144833 0.0984940557839693 0.25
6850 0.07189059012144833 0.0984940557839693 0.2875
6851 0.07189059012144833 0.0984940557839693 0.3250000000000001
6852 0.07189059012144833 0.0984940557839693 0.3625
6853 0.09177711210454639 0.0984940557839693 0.112
6854 0.09177711210454639 0.0984940557839693 0.124
6855 0.09177711210454639 0.0984940557839693 0.138
6856 0.09177711210454639 0.0984940557839693 0.152
6857 0.09177711210454639 0.0984940557839693 0.166
6858 0.09177711210454639 0.0984940557839693 0.187
6859 0.09177711210454639 0.0984940557839693 0.208
6860 0.09177711210454639 0.0984940557839693 0.229
6861 0.09177711210454639 0.0984940557839693 0.25
6862 0.09177711210454639 0.0984940557839693 0.2875
6863 0.09177711210454639 0.0984940557839693 0.3250000000000001
6864 0.09177711210454639 0.0984940557839693 0.3625
6865 0.1156409384093291 0.0984940557839693 0.112
6866 0.1156409384093291 0.0984940557839693 0.124
6867 0.1156409384093291 0.0984940557839693 0.138
6868 0.1156409384093291 0.0984940557839693 0.152
6869 0.1156409384093291 0.0984940557839693 0.166
6870 0.1156409384093291 0.0984940557839693 0.187
6871 0.1156409384093291 0.0984940557839693 0.208
6872 0.1156409384093291 0.0984940557839693 0.229
6873 0.1156409384093291 0.0984940557839693 0.25
6874 0.1156409384093291 0.0984940557839693 0.2875
6875 0.1156409384093291 0.0984940557839693 0.3250000000000001
6876 0.1156409384093291 0.0984940557839693 0.3625
6877 0.1442775296646093 0.0984940557839693 0.112
6878 0.1442775296646093 0.0984940557839693 0.124
6879 0.1442775296646093 0.0984940557839693 0.138
6880 0.1442775296646093 0.0984940557839693 0.152
6881 0.1442775296646093 0.0984940557839693 0.166
6882 0.1442775296646093 0.0984940557839693 0.187
6883 0.1442775296646093 0.0984940557839693 0.208
6884 0.1442775296646093 0.0984940557839693 0.229
6885 0.1442775296646093 0.0984940557839693 0.25
6886 0.1442775296646093 0.0984940557839693 0.2875
6887 0.1442775296646093 0.0984940557839693 0.3250000000000001
6888 0.1442775296646093 0.0984940557839693 0.3625
6889 0.1786414392795667 0.0984940557839693 0.112
6890 0.1786414392795667 0.0984940557839693 0.124
6891 0.1786414392795667 0.0984940557839693 0.138
6892 0.1786414392795667 0.0984940557839693 0.152
6893 0.1786414392795667 0.0984940557839693 0.166
6894 0.1786414392795667 0.0984940557839693 0.187
6895 0.1786414392795667 0.0984940557839693 0.208
6896 0.1786414392795667 0.0984940557839693 0.229
6897 0.1786414392795667 0.0984940557839693 0.25
6898 0.1786414392795667 0.0984940557839693 0.2875
6899 0.1786414392795667 0.0984940557839693 0.3250000000000001
6900 0.1786414392795667 0.0984940557839693 0.3625
6901 0.2198781310681537 0.0984940557839693 0.112
6902 0.2198781310681537 0.0984940557839693 0.124
6903 0.2198781310681537 0.0984940557839693 0.138
6904 0.2198781310681537 0.0984940557839693 0.152
6905 0.2198781310681537 0.0984940557839693 0.166
6906 0.2198781310681537 0.0984940557839693 0.187
6907 0.2198781310681537 0.0984940557839693 0.208
6908 0.2198781310681537 0.0984940557839693 0.229
6909 0.2198781310681537 0.0984940557839693 0.25
6910 0.2198781310681537 0.0984940557839693 0.2875
6911 0.2198781310681537 0.0984940557839693 0.3250000000000001
6912 0.2198781310681537 0.0984940557839693 0.3625
6913 0.2693621610941987 0.0984940557839693 0.112
6914 0.2693621610941987 0.0984940557839693 0.124
6915 0.2693621610941987 0.0984940557839693 0.138
6916 0.2693621610941987 0.0984940557839693 0.152
6917 0.2693621610941987 0.0984940557839693 0.166
6918 0.2693621610941987 0.0984940557839693 0.187
6919 0.2693621610941987 0.0984940557839693 0.208
6920 0.2693621610941987 0.0984940557839693 0.229
6921 0.2693621610941987 0.0984940557839693 0.25
6922 0.2693621610941987 0.0984940557839693 0.2875
6923 0.2693621610941987 0.0984940557839693 0.3250000000000001
6924 0.2693621610941987 0.0984940557839693 0.3625
6925 0.3287429969410429 0.0984940557839693 0.112
6926 0.3287429969410429 0.0984940557839693 0.124
6927 0.3287429969410429 0.0984940557839693 0.138
6928 0.3287429969410429 0.0984940557839693 0.152
6929 0.3287429969410429 0.0984940557839693 0.166
6930 0.3287429969410429 0.0984940557839693 0.187
6931 0.3287429969410429 0.0984940557839693 0.208
6932 0.3287429969410429 0.0984940557839693 0.229
6933 0.3287429969410429 0.0984940557839693 0.25
6934 0.3287429969410429 0.0984940557839693 0.2875
6935 0.3287429969410429 0.0984940557839693 0.3250000000000001
6936 0.3287429969410429 0.0984940557839693 0.3625
6937 0.04150840397271999 0.1167681570637506 0.112
6938 0.04150840397271999 0.1167681570637506 0.124
6939 0.04150840397271999 0.1167681570637506 0.138
6940 0.04150840397271999 0.1167681570637506 0.152
6941 0.04150840397271999 0.1167681570637506 0.166
6942 0.04150840397271999 0.1167681570637506 0.187
6943 0.04150840397271999 0.1167681570637506 0.208
6944 0.04150840397271999 0.1167681570637506 0.229
6945 0.04150840397271999 0.1167681570637506 0.25
6946 0.04150840397271999 0.1167681570637506 0.2875
6947 0.04150840397271999 0.1167681570637506 0.3250000000000001
6948 0.04150840397271999 0.1167681570637506 0.3625
6949 0.05531848848739171 0.1167681570637506 0.112
6950 0.05531848848739171 0.1167681570637506 0.124
6951 0.05531848848739171 0.1167681570637506 0.138
6952 0.05531848848739171 0.1167681570637506 0.152
6953 0.05531848848739171 0.1167681570637506 0.166
6954 0.05531848848739171 0.1167681570637506 0.187
6955 0.05531848848739171 0.1167681570637506 0.208
6956 0.05531848848739171 0.1167681570637506 0.229
6957 0.05531848848739171 0.1167681570637506 0.25
6958 0.05531848848739171 0.1167681570637506 0.2875
6959 0.05531848848739171 0.1167681570637506 0.3250000000000001
6960 0.05531848848739171 0.1167681570637506 0.3625
6961 0.07189059012315707 0.1167681570637506 0.112
6962 0.07189059012315707 0.1167681570637506 0.124
6963 0.07189059012315707 0.1167681570637506 0.138
6964 0.07189059012315707 0.1167681570637506 0.152
6965 0.07189059012315707 0.1167681570637506 0.166
6966 0.07189059012315707 0.1167681570637506 0.187
6967 0.07189059012315707 0.1167681570637506 0.208
6968 0.07189059012315707 0.1167681570637506 0.229
6969 0.07189059012315707 0.1167681570637506 0.25
6970 0.07189059012315707 0.1167681570637506 0.2875
6971 0.07189059012315707 0.1167681570637506 0.3250000000000001
6972 0.07189059012315707 0.1167681570637506 0.3625
6973 0.0917771121072803 0.1167681570637506 0.112
6974 0.0917771121072803 0.1167681570637506 0.124
6975 0.0917771121072803 0.1167681570637506 0.138
6976 0.0917771121072803 0.1167681570637506 0.152
6977 0.0917771121072803 0.1167681570637506 0.166
6978 0.0917771121072803 0.1167681570637506 0.187
6979 0.0917771121072803 0.1167681570637506 0.208
6980 0.0917771121072803 0.1167681570637506 0.229
6981 0.0917771121072803 0.1167681570637506 0.25
6982 0.0917771121072803 0.1167681570637506 0.2875
6983 0.0917771121072803 0.1167681570637506 0.3250000000000001
6984 0.0917771121072803 0.1167681570637506 0.3625
6985 0.11564093841343 0.1167681570637506 0.112
6986 0.11564093841343 0.1167681570637506 0.124
6987 0.11564093841343 0.1167681570637506 0.138
6988 0.11564093841343 0.1167681570637506 0.152
6989 0.11564093841343 0.1167681570637506 0.166
6990 0.11564093841343 0.1167681570637506 0.187
6991 0.11564093841343 0.1167681570637506 0.208
6992 0.11564093841343 0.1167681570637506 0.229
6993 0.11564093841343 0.1167681570637506 0.25
6994 0.11564093841343 0.1167681570637506 0.2875
6995 0.11564093841343 0.1167681570637506 0.3250000000000001
6996 0.11564093841343 0.1167681570637506 0.3625
6997 0.1442775296705146 0.1167681570637507 0.112
6998 0.1442775296705146 0.1167681570637507 0.124
6999 0.1442775296705146 0.1167681570637507 0.138
7000 0.1442775296705146 0.1167681570637507 0.152
7001 0.1442775296705146 0.1167681570637507 0.166
7002 0.1442775296705146 0.1167681570637507 0.187
7003 0.1442775296705146 0.1167681570637507 0.208
7004 0.1442775296705146 0.1167681570637507 0.229
7005 0.1442775296705146 0.1167681570637507 0.25
7006 0.1442775296705146 0.1167681570637507 0.2875
7007 0.1442775296705146 0.1167681570637507 0.3250000000000001
7008 0.1442775296705146 0.1167681570637507 0.3625
7009 0.178641439287834 0.1167681570637506 0.112
7010 0.178641439287834 0.1167681570637506 0.124
7011 0.178641439287834 0.1167681570637506 0.138
7012 0.178641439287834 0.1167681570637506 0.152
7013 0.178641439287834 0.1167681570637506 0.166
7014 0.178641439287834 0.1167681570637506 0.187
7015 0.178641439287834 0.1167681570637506 0.208
7016 0.178641439287834 0.1167681570637506 0.229
7017 0.178641439287834 0.1167681570637506 0.25
7018 0.178641439287834 0.1167681570637506 0.2875
7019 0.178641439287834 0.1167681570637506 0.3250000000000001
7020 0.178641439287834 0.1167681570637506 0.3625
7021 0.2198781310794918 0.1167681570637506 0.112
7022 0.2198781310794918 0.1167681570637506 0.124
7023 0.2198781310794918 0.1167681570637506 0.138
7024 0.2198781310794918 0.1167681570637506 0.152
7025 0.2198781310794918 0.1167681570637506 0.166
7026 0.2198781310794918 0.1167681570637506 0.187
7027 0.2198781310794918 0.1167681570637506 0.208
7028 0.2198781310794918 0.1167681570637506 0.229
7029 0.2198781310794918 0.1167681570637506 0.25
7030 0.2198781310794918 0.1167681570637506 0.2875
7031 0.2198781310794918 0.1167681570637506 0.3250000000000001
7032 0.2198781310794918 0.1167681570637506 0.3625
7033 0.2693621611095051 0.1167681570637506 0.112
7034 0.2693621611095051 0.1167681570637506 0.124
7035 0.2693621611095051 0.1167681570637506 0.138
7036 0.2693621611095051 0.1167681570637506 0.152
7037 0.2693621611095051 0.1167681570637506 0.166
7038 0.2693621611095051 0.1167681570637506 0.187
7039 0.2693621611095051 0.1167681570637506 0.208
7040 0.2693621611095051 0.1167681570637506 0.229
7041 0.2693621611095051 0.1167681570637506 0.25
7042 0.2693621611095051 0.1167681570637506 0.2875
7043 0.2693621611095051 0.1167681570637506 0.3250000000000001
7044 0.2693621611095051 0.1167681570637506 0.3625
7045 0.3287429969614515 0.1167681570637506 0.112
7046 0.3287429969614515 0.1167681570637506 0.124
7047 0.3287429969614515 0.1167681570637506 0.138
7048 0.3287429969614515 0.1167681570637506 0.152
7049 0.3287429969614515 0.1167681570637506 0.166
7050 0.3287429969614515 0.1167681570637506 0.187
7051 0.3287429969614515 0.1167681570637506 0.208
7052 0.3287429969614515 0.1167681570637506 0.229
7053 0.3287429969614515 0.1167681570637506 0.25
7054 0.3287429969614515 0.1167681570637506 0.2875
7055 0.3287429969614515 0.1167681570637506 0.3250000000000001
7056 0.3287429969614515 0.1167681570637506 0.3625
7057 0.04150840397319461 0.1386970785303644 0.112
7058 0.04150840397319461 0.1386970785303644 0.124
7059 0.04150840397319461 0.1386970785303644 0.138
7060 0.04150840397319461 0.1386970785303644 0.152
7061 0.04150840397319461 0.1386970785303644 0.166
7062 0.04150840397319461 0.1386970785303644 0.187
7063 0.04150840397319461 0.1386970785303644 0.208
7064 0.04150840397319461 0.1386970785303644 0.229
7065 0.04150840397319461 0.1386970785303644 0.25
7066 0.04150840397319461 0.1386970785303644 0.2875
7067 0.04150840397319461 0.1386970785303644 0.3250000000000001
7068 0.04150840397319461 0.1386970785303644 0.3625
7069 0.05531848848853091 0.1386970785303644 0.112
7070 0.05531848848853091 0.1386970785303644 0.124
7071 0.05531848848853091 0.1386970785303644 0.138
7072 0.05531848848853091 0.1386970785303644 0.152
7073 0.05531848848853091 0.1386970785303644 0.166
7074 0.05531848848853091 0.1386970785303644 0.187
7075 0.05531848848853091 0.1386970785303644 0.208
7076 0.05531848848853091 0.1386970785303644 0.229
7077 0.05531848848853091 0.1386970785303644 0.25
7078 0.05531848848853091 0.1386970785303644 0.2875
7079 0.05531848848853091 0.1386970785303644 0.3250000000000001
7080 0.05531848848853091 0.1386970785303644 0.3625
7081 0.07189059012520749 0.1386970785303644 0.112
7082 0.07189059012520749 0.1386970785303644 0.124
7083 0.07189059012520749 0.1386970785303644 0.138
7084 0.07189059012520749 0.1386970785303644 0.152
7085 0.07189059012520749 0.1386970785303644 0.166
7086 0.07189059012520749 0.1386970785303644 0.187
7087 0.07189059012520749 0.1386970785303644 0.208
7088 0.07189059012520749 0.1386970785303644 0.229
7089 0.07189059012520749 0.1386970785303644 0.25
7090 0.07189059012520749 0.1386970785303644 0.2875
7091 0.07189059012520749 0.1386970785303644 0.3250000000000001
7092 0.07189059012520749 0.1386970785303644 0.3625
7093 0.09177711211056098 0.1386970785303644 0.112
7094 0.09177711211056098 0.1386970785303644 0.124
7095 0.09177711211056098 0.1386970785303644 0.138
7096 0.09177711211056098 0.1386970785303644 0.152
7097 0.09177711211056098 0.1386970785303644 0.166
7098 0.09177711211056098 0.1386970785303644 0.187
7099 0.09177711211056098 0.1386970785303644 0.208
7100 0.09177711211056098 0.1386970785303644 0.229
7101 0.09177711211056098 0.1386970785303644 0.25
7102 0.09177711211056098 0.1386970785303644 0.2875
7103 0.09177711211056098 0.1386970785303644 0.3250000000000001
7104 0.09177711211056098 0.1386970785303644 0.3625
7105 0.115640938418351 0.1386970785303644 0.112
7106 0.115640938418351 0.1386970785303644 0.124
7107 0.115640938418351 0.1386970785303644 0.138
7108 0.115640938418351 0.1386970785303644 0.152
7109 0.115640938418351 0.1386970785303644 0.166
7110 0.115640938418351 0.1386970785303644 0.187
7111 0.115640938418351 0.1386970785303644 0.208
7112 0.115640938418351 0.1386970785303644 0.229
7113 0.115640938418351 0.1386970785303644 0.25
7114 0.115640938418351 0.1386970785303644 0.2875
7115 0.115640938418351 0.1386970785303644 0.3250000000000001
7116 0.115640938418351 0.1386970785303644 0.3625
7117 0.1442775296776008 0.1386970785303644 0.112
7118 0.1442775296776008 0.1386970785303644 0.124
7119 0.1442775296776008 0.1386970785303644 0.138
7120 0.1442775296776008 0.1386970785303644 0.152
7121 0.1442775296776008 0.1386970785303644 0.166
7122 0.1442775296776008 0.1386970785303644 0.187
7123 0.1442775296776008 0.1386970785303644 0.208
7124 0.1442775296776008 0.1386970785303644 0.229
7125 0.1442775296776008 0.1386970785303644 0.25
7126 0.1442775296776008 0.1386970785303644 0.2875
7127 0.1442775296776008 0.1386970785303644 0.3250000000000001
7128 0.1442775296776008 0.1386970785303644 0.3625
7129 0.1786414392977548 0.1386970785303644 0.112
7130 0.1786414392977548 0.1386970785303644 0.124
7131 0.1786414392977548 0.1386970785303644 0.138
7132 0.1786414392977548 0.1386970785303644 0.152
7133 0.1786414392977548 0.1386970785303644 0.166
7134 0.1786414392977548 0.1386970785303644 0.187
7135 0.1786414392977548 0.1386970785303644 0.208
7136 0.1786414392977548 0.1386970785303644 0.229
7137 0.1786414392977548 0.1386970785303644 0.25
7138 0.1786414392977548 0.1386970785303644 0.2875
7139 0.1786414392977548 0.1386970785303644 0.3250000000000001
7140 0.1786414392977548 0.1386970785303644 0.3625
7141 0.2198781310930975 0.1386970785303644 0.112
7142 0.2198781310930975 0.1386970785303644 0.124
7143 0.2198781310930975 0.1386970785303644 0.138
7144 0.2198781310930975 0.1386970785303644 0.152
7145 0.2198781310930975 0.1386970785303644 0.166
7146 0.2198781310930975 0.1386970785303644 0.187
7147 0.2198781310930975 0.1386970785303644 0.208
7148 0.2198781310930975 0.1386970785303644 0.229
7149 0.2198781310930975 0.1386970785303644 0.25
7150 0.2198781310930975 0.1386970785303644 0.2875
7151 0.2198781310930975 0.1386970785303644 0.3250000000000001
7152 0.2198781310930975 0.1386970785303644 0.3625
7153 0.2693621611278728 0.1386970785303644 0.112
7154 0.2693621611278728 0.1386970785303644 0.124
7155 0.2693621611278728 0.1386970785303644 0.138
7156 0.2693621611278728 0.1386970785303644 0.152
7157 0.2693621611278728 0.1386970785303644 0.166
7158 0.2693621611278728 0.1386970785303644 0.187
7159 0.2693621611278728 0.1386970785303644 0.208
7160 0.2693621611278728 0.1386970785303644 0.229
7161 0.2693621611278728 0.1386970785303644 0.25
7162 0.2693621611278728 0.1386970785303644 0.2875
7163 0.2693621611278728 0.1386970785303644 0.3250000000000001
7164 0.2693621611278728 0.1386970785303644 0.3625
7165 0.3287429969859417 0.1386970785303644 0.112
7166 0.3287429969859417 0.1386970785303644 0.124
7167 0.3287429969859417 0.1386970785303644 0.138
7168 0.3287429969859417 0.1386970785303644 0.152
7169 0.3287429969859417 0.1386970785303644 0.166
7170 0.3287429969859417 0.1386970785303644 0.187
7171 0.3287429969859417 0.1386970785303644 0.208
7172 0.3287429969859417 0.1386970785303644 0.229
7173 0.3287429969859417 0.1386970785303644 0.25
7174 0.3287429969859417 0.1386970785303644 0.2875
7175 0.3287429969859417 0.1386970785303644 0.3250000000000001
7176 0.3287429969859417 0.1386970785303644 0.3625
7177 0.04150840397376421 0.1650117840046968 0.112
7178 0.04150840397376421 0.1650117840046968 0.124
7179 0.04150840397376421 0.1650117840046968 0.138
7180 0.04150840397376421 0.1650117840046968 0.152
7181 0.04150840397376421 0.1650117840046968 0.166
7182 0.04150840397376421 0.1650117840046968 0.187
7183 0.04150840397376421 0.1650117840046968 0.208
7184 0.04150840397376421 0.1650117840046968 0.229
7185 0.04150840397376421 0.1650117840046968 0.25
7186 0.04150840397376421 0.1650117840046968 0.2875
7187 0.04150840397376421 0.1650117840046968 0.3250000000000001
7188 0.04150840397376421 0.1650117840046968 0.3625
7189 0.05531848848989782 0.1650117840046968 0.112
7190 0.05531848848989782 0.1650117840046968 0.124
7191 0.05531848848989782 0.1650117840046968 0.138
7192 0.05531848848989782 0.1650117840046968 0.152
7193 0.05531848848989782 0.1650117840046968 0.166
7194 0.05531848848989782 0.1650117840046968 0.187
7195 0.05531848848989782 0.1650117840046968 0.208
7196 0.05531848848989782 0.1650117840046968 0.229
7197 0.05531848848989782 0.1650117840046968 0.25
7198 0.05531848848989782 0.1650117840046968 0.2875
7199 0.05531848848989782 0.1650117840046968 0.3250000000000001
7200 0.05531848848989782 0.1650117840046968 0.3625
7201 0.07189059012766799 0.1650117840046968 0.112
7202 0.07189059012766799 0.1650117840046968 0.124
7203 0.07189059012766799 0.1650117840046968 0.138
7204 0.07189059012766799 0.1650117840046968 0.152
7205 0.07189059012766799 0.1650117840046968 0.166
7206 0.07189059012766799 0.1650117840046968 0.187
7207 0.07189059012766799 0.1650117840046968 0.208
7208 0.07189059012766799 0.1650117840046968 0.229
7209 0.07189059012766799 0.1650117840046968 0.25
7210 0.07189059012766799 0.1650117840046968 0.2875
7211 0.07189059012766799 0.1650117840046968 0.3250000000000001
7212 0.07189059012766799 0.1650117840046968 0.3625
7213 0.09177711211449782 0.1650117840046968 0.112
7214 0.09177711211449782 0.1650117840046968 0.124
7215 0.09177711211449782 0.1650117840046968 0.138
7216 0.09177711211449782 0.1650117840046968 0.152
7217 0.09177711211449782 0.1650117840046968 0.166
7218 0.09177711211449782 0.1650117840046968 0.187
7219 0.09177711211449782 0.1650117840046968 0.208
7220 0.09177711211449782 0.1650117840046968 0.229
7221 0.09177711211449782 0.1650117840046968 0.25
7222 0.09177711211449782 0.1650117840046968 0.2875
7223 0.09177711211449782 0.1650117840046968 0.3250000000000001
7224 0.09177711211449782 0.1650117840046968 0.3625
7225 0.1156409384242563 0.1650117840046968 0.112
7226 0.1156409384242563 0.1650117840046968 0.124
7227 0.1156409384242563 0.1650117840046968 0.138
7228 0.1156409384242563 0.1650117840046968 0.152
7229 0.1156409384242563 0.1650117840046968 0.166
7230 0.1156409384242563 0.1650117840046968 0.187
7231 0.1156409384242563 0.1650117840046968 0.208
7232 0.1156409384242563 0.1650117840046968 0.229
7233 0.1156409384242563 0.1650117840046968 0.25
7234 0.1156409384242563 0.1650117840046968 0.2875
7235 0.1156409384242563 0.1650117840046968 0.3250000000000001
7236 0.1156409384242563 0.1650117840046968 0.3625
7237 0.1442775296861044 0.1650117840046968 0.112
7238 0.1442775296861044 0.1650117840046968 0.124
7239 0.1442775296861044 0.1650117840046968 0.138
7240 0.1442775296861044 0.1650117840046968 0.152
7241 0.1442775296861044 0.1650117840046968 0.166
7242 0.1442775296861044 0.1650117840046968 0.187
7243 0.1442775296861044 0.1650117840046968 0.208
7244 0.1442775296861044 0.1650117840046968 0.229
7245 0.1442775296861044 0.1650117840046968 0.25
7246 0.1442775296861044 0.1650117840046968 0.2875
7247 0.1442775296861044 0.1650117840046968 0.3250000000000001
7248 0.1442775296861044 0.1650117840046968 0.3625
7249 0.1786414393096598 0.1650117840046968 0.112
7250 0.1786414393096598 0.1650117840046968 0.124
7251 0.1786414393096598 0.1650117840046968 0.138
7252 0.1786414393096598 0.1650117840046968 0.152
7253 0.1786414393096598 0.1650117840046968 0.166
7254 0.1786414393096598 0.1650117840046968 0.187
7255 0.1786414393096598 0.1650117840046968 0.208
7256 0.1786414393096598 0.1650117840046968 0.229
7257 0.1786414393096598 0.1650117840046968 0.25
7258 0.1786414393096598 0.1650117840046968 0.2875
7259 0.1786414393096598 0.1650117840046968 0.3250000000000001
7260 0.1786414393096598 0.1650117840046968 0.3625
7261 0.2198781311094243 0.1650117840046968 0.112
7262 0.2198781311094243 0.1650117840046968 0.124
7263 0.2198781311094243 0.1650117840046968 0.138
7264 0.2198781311094243 0.1650117840046968 0.152
7265 0.2198781311094243 0.1650117840046968 0.166
7266 0.2198781311094243 0.1650117840046968 0.187
7267 0.2198781311094243 0.1650117840046968 0.208
7268 0.2198781311094243 0.1650117840046968 0.229
7269 0.2198781311094243 0.1650117840046968 0.25
7270 0.2198781311094243 0.1650117840046968 0.2875
7271 0.2198781311094243 0.1650117840046968 0.3250000000000001
7272 0.2198781311094243 0.1650117840046968 0.3625
7273 0.269362161149914 0.1650117840046968 0.112
7274 0.269362161149914 0.1650117840046968 0.124
7275 0.269362161149914 0.1650117840046968 0.138
7276 0.269362161149914 0.1650117840046968 0.152
7277 0.269362161149914 0.1650117840046968 0.166
7278 0.269362161149914 0.1650117840046968 0.187
7279 0.269362161149914 0.1650117840046968 0.208
7280 0.269362161149914 0.1650117840046968 0.229
7281 0.269362161149914 0.1650117840046968 0.25
7282 0.269362161149914 0.1650117840046968 0.2875
7283 0.269362161149914 0.1650117840046968 0.3250000000000001
7284 0.269362161149914 0.1650117840046968 0.3625
7285 0.3287429970153301 0.1650117840046968 0.112
7286 0.3287429970153301 0.1650117840046968 0.124
7287 0.3287429970153301 0.1650117840046968 0.138
7288 0.3287429970153301 0.1650117840046968 0.152
7289 0.3287429970153301 0.1650117840046968 0.166
7290 0.3287429970153301 0.1650117840046968 0.187
7291 0.3287429970153301 0.1650117840046968 0.208
7292 0.3287429970153301 0.1650117840046968 0.229
7293 0.3287429970153301 0.1650117840046968 0.25
7294 0.3287429970153301 0.1650117840046968 0.2875
7295 0.3287429970153301 0.1650117840046968 0.3250000000000001
7296 0.3287429970153301 0.1650117840046968 0.3625
7297 0.04150840397444763 0.1965894306733284 0.112
7298 0.04150840397444763 0.1965894306733284 0.124
7299 0.04150840397444763 0.1965894306733284 0.138
7300 0.04150840397444763 0.1965894306733284 0.152
7301 0.04150840397444763 0.1965894306733284 0.166
7302 0.04150840397444763 0.1965894306733284 0.187
7303 0.04150840397444763 0.1965894306733284 0.208
7304 0.04150840397444763 0.1965894306733284 0.229
7305 0.04150840397444763 0.1965894306733284 0.25
7306 0.04150840397444763 0.1965894306733284 0.2875
7307 0.04150840397444763 0.1965894306733284 0.3250000000000001
7308 0.04150840397444763 0.1965894306733284 0.3625
7309 0.0553184884915382 0.1965894306733284 0.112
7310 0.0553184884915382 0.1965894306733284 0.124
7311 0.0553184884915382 0.1965894306733284 0.138
7312 0.0553184884915382 0.1965894306733284 0.152
7313 0.0553184884915382 0.1965894306733284 0.166
7314 0.0553184884915382 0.1965894306733284 0.187
7315 0.0553184884915382 0.1965894306733284 0.208
7316 0.0553184884915382 0.1965894306733284 0.229
7317 0.0553184884915382 0.1965894306733284 0.25
7318 0.0553184884915382 0.1965894306733284 0.2875
7319 0.0553184884915382 0.1965894306733284 0.3250000000000001
7320 0.0553184884915382 0.1965894306733284 0.3625
7321 0.07189059013062063 0.1965894306733284 0.112
7322 0.07189059013062063 0.1965894306733284 0.124
7323 0.07189059013062063 0.1965894306733284 0.138
7324 0.07189059013062063 0.1965894306733284 0.152
7325 0.07189059013062063 0.1965894306733284 0.166
7326 0.07189059013062063 0.1965894306733284 0.187
7327 0.07189059013062063 0.1965894306733284 0.208
7328 0.07189059013062063 0.1965894306733284 0.229
7329 0.07189059013062063 0.1965894306733284 0.25
7330 0.07189059013062063 0.1965894306733284 0.2875
7331 0.07189059013062063 0.1965894306733284 0.3250000000000001
7332 0.07189059013062063 0.1965894306733284 0.3625
7333 0.091777112119222 0.1965894306733284 0.112
7334 0.091777112119222 0.1965894306733284 0.124
7335 0.091777112119222 0.1965894306733284 0.138
7336 0.091777112119222 0.1965894306733284 0.152
7337 0.091777112119222 0.1965894306733284 0.166
7338 0.091777112119222 0.1965894306733284 0.187
7339 0.091777112119222 0.1965894306733284 0.208
7340 0.091777112119222 0.1965894306733284 0.229
7341 0.091777112119222 0.1965894306733284 0.25
7342 0.091777112119222 0.1965894306733284 0.2875
7343 0.091777112119222 0.1965894306733284 0.3250000000000001
7344 0.091777112119222 0.1965894306733284 0.3625
7345 0.1156409384313426 0.1965894306733284 0.112
7346 0.1156409384313426 0.1965894306733284 0.124
7347 0.1156409384313426 0.1965894306733284 0.138
7348 0.1156409384313426 0.1965894306733284 0.152
7349 0.1156409384313426 0.1965894306733284 0.166
7350 0.1156409384313426 0.1965894306733284 0.187
7351 0.1156409384313426 0.1965894306733284 0.208
7352 0.1156409384313426 0.1965894306733284 0.229
7353 0.1156409384313426 0.1965894306733284 0.25
7354 0.1156409384313426 0.1965894306733284 0.2875
7355 0.1156409384313426 0.1965894306733284 0.3250000000000001
7356 0.1156409384313426 0.1965894306733284 0.3625
7357 0.1442775296963086 0.1965894306733284 0.112
7358 0.1442775296963086 0.1965894306733284 0.124
7359 0.1442775296963086 0.1965894306733284 0.138
7360 0.1442775296963086 0.1965894306733284 0.152
7361 0.1442775296963086 0.1965894306733284 0.166
7362 0.1442775296963086 0.1965894306733284 0.187
7363 0.1442775296963086 0.1965894306733284 0.208
7364 0.1442775296963086 0.1965894306733284 0.229
7365 0.1442775296963086 0.1965894306733284 0.25
7366 0.1442775296963086 0.1965894306733284 0.2875
7367 0.1442775296963086 0.1965894306733284 0.3250000000000001
7368 0.1442775296963086 0.1965894306733284 0.3625
7369 0.1786414393239458 0.1965894306733284 0.112
7370 0.1786414393239458 0.1965894306733284 0.124
7371 0.1786414393239458 0.1965894306733284 0.138
7372 0.1786414393239458 0.1965894306733284 0.152
7373 0.1786414393239458 0.1965894306733284 0.166
7374 0.1786414393239458 0.1965894306733284 0.187
7375 0.1786414393239458 0.1965894306733284 0.208
7376 0.1786414393239458 0.1965894306733284 0.229
7377 0.1786414393239458 0.1965894306733284 0.25
7378 0.1786414393239458 0.1965894306733284 0.2875
7379 0.1786414393239458 0.1965894306733284 0.3250000000000001
7380 0.1786414393239458 0.1965894306733284 0.3625
7381 0.2198781311290165 0.1965894306733284 0.112
7382 0.2198781311290165 0.1965894306733284 0.124
7383 0.2198781311290165 0.1965894306733284 0.138
7384 0.2198781311290165 0.1965894306733284 0.152
7385 0.2198781311290165 0.1965894306733284 0.166
7386 0.2198781311290165 0.1965894306733284 0.187
7387 0.2198781311290165 0.1965894306733284 0.208
7388 0.2198781311290165 0.1965894306733284 0.229
7389 0.2198781311290165 0.1965894306733284 0.25
7390 0.2198781311290165 0.1965894306733284 0.2875
7391 0.2198781311290165 0.1965894306733284 0.3250000000000001
7392 0.2198781311290165 0.1965894306733284 0.3625
7393 0.2693621611763635 0.1965894306733284 0.112
7394 0.2693621611763635 0.1965894306733284 0.124
7395 0.2693621611763635 0.1965894306733284 0.138
7396 0.2693621611763635 0.1965894306733284 0.152
7397 0.2693621611763635 0.1965894306733284 0.166
7398 0.2693621611763635 0.1965894306733284 0.187
7399 0.2693621611763635 0.1965894306733284 0.208
7400 0.2693621611763635 0.1965894306733284 0.229
7401 0.2693621611763635 0.1965894306733284 0.25
7402 0.2693621611763635 0.1965894306733284 0.2875
7403 0.2693621611763635 0.1965894306733284 0.3250000000000001
7404 0.2693621611763635 0.1965894306733284 0.3625
7405 0.3287429970505961 0.1965894306733284 0.112
7406 0.3287429970505961 0.1965894306733284 0.124
7407 0.3287429970505961 0.1965894306733284 0.138
7408 0.3287429970505961 0.1965894306733284 0.152
7409 0.3287429970505961 0.1965894306733284 0.166
7410 0.3287429970505961 0.1965894306733284 0.187
7411 0.3287429970505961 0.1965894306733284 0.208
7412 0.3287429970505961 0.1965894306733284 0.229
7413 0.3287429970505961 0.1965894306733284 0.25
7414 0.3287429970505961 0.1965894306733284 0.2875
7415 0.3287429970505961 0.1965894306733284 0.3250000000000001
7416 0.3287429970505961 0.1965894306733284 0.3625
7417 0.04150840397526784 0.2344826069055457 0.112
7418 0.04150840397526784 0.2344826069055457 0.124
7419 0.04150840397526784 0.2344826069055457 0.138
7420 0.04150840397526784 0.2344826069055457 0.152
7421 0.04150840397526784 0.2344826069055457 0.166
7422 0.04150840397526784 0.2344826069055457 0.187
7423 0.04150840397526784 0.2344826069055457 0.208
7424 0.04150840397526784 0.2344826069055457 0.229
7425 0.04150840397526784 0.2344826069055457 0.25
7426 0.04150840397526784 0.2344826069055457 0.2875
7427 0.04150840397526784 0.2344826069055457 0.3250000000000001
7428 0.04150840397526784 0.2344826069055457 0.3625
7429 0.0553184884935066 0.2344826069055457 0.112
7430 0.0553184884935066 0.2344826069055457 0.124
7431 0.0553184884935066 0.2344826069055457 0.138
7432 0.0553184884935066 0.2344826069055457 0.152
7433 0.0553184884935066 0.2344826069055457 0.166
7434 0.0553184884935066 0.2344826069055457 0.187
7435 0.0553184884935066 0.2344826069055457 0.208
7436 0.0553184884935066 0.2344826069055457 0.229
7437 0.0553184884935066 0.2344826069055457 0.25
7438 0.0553184884935066 0.2344826069055457 0.2875
7439 0.0553184884935066 0.2344826069055457 0.3250000000000001
7440 0.0553184884935066 0.2344826069055457 0.3625
7441 0.07189059013416374 0.2344826069055457 0.112
7442 0.07189059013416374 0.2344826069055457 0.124
7443 0.07189059013416374 0.2344826069055457 0.138
7444 0.07189059013416374 0.2344826069055457 0.152
7445 0.07189059013416374 0.2344826069055457 0.166
7446 0.07189059013416374 0.2344826069055457 0.187
7447 0.07189059013416374 0.2344826069055457 0.208
7448 0.07189059013416374 0.2344826069055457 0.229
7449 0.07189059013416374 0.2344826069055457 0.25
7450 0.07189059013416374 0.2344826069055457 0.2875
7451 0.07189059013416374 0.2344826069055457 0.3250000000000001
7452 0.07189059013416374 0.2344826069055457 0.3625
7453 0.09177711212489104 0.2344826069055457 0.112
7454 0.09177711212489104 0.2344826069055457 0.124
7455 0.09177711212489104 0.2344826069055457 0.138
7456 0.09177711212489104 0.2344826069055457 0.152
7457 0.09177711212489104 0.2344826069055457 0.166
7458 0.09177711212489104 0.2344826069055457 0.187
7459 0.09177711212489104 0.2344826069055457 0.208
7460 0.09177711212489104 0.2344826069055457 0.229
7461 0.09177711212489104 0.2344826069055457 0.25
7462 0.09177711212489104 0.2344826069055457 0.2875
7463 0.09177711212489104 0.2344826069055457 0.3250000000000001
7464 0.09177711212489104 0.2344826069055457 0.3625
7465 0.1156409384398461 0.2344826069055457 0.112
7466 0.1156409384398461 0.2344826069055457 0.124
7467 0.1156409384398461 0.2344826069055457 0.138
7468 0.1156409384398461 0.2344826069055457 0.152
7469 0.1156409384398461 0.2344826069055457 0.166
7470 0.1156409384398461 0.2344826069055457 0.187
7471 0.1156409384398461 0.2344826069055457 0.208
7472 0.1156409384398461 0.2344826069055457 0.229
7473 0.1156409384398461 0.2344826069055457 0.25
7474 0.1156409384398461 0.2344826069055457 0.2875
7475 0.1156409384398461 0.2344826069055457 0.3250000000000001
7476 0.1156409384398461 0.2344826069055457 0.3625
7477 0.1442775297085538 0.2344826069055457 0.112
7478 0.1442775297085538 0.2344826069055457 0.124
7479 0.1442775297085538 0.2344826069055457 0.138
7480 0.1442775297085538 0.2344826069055457 0.152
7481 0.1442775297085538 0.2344826069055457 0.166
7482 0.1442775297085538 0.2344826069055457 0.187
7483 0.1442775297085538 0.2344826069055457 0.208
7484 0.1442775297085538 0.2344826069055457 0.229
7485 0.1442775297085538 0.2344826069055457 0.25
7486 0.1442775297085538 0.2344826069055457 0.2875
7487 0.1442775297085538 0.2344826069055457 0.3250000000000001
7488 0.1442775297085538 0.2344826069055457 0.3625
7489 0.1786414393410889 0.2344826069055457 0.112
7490 0.1786414393410889 0.2344826069055457 0.124
7491 0.1786414393410889 0.2344826069055457 0.138
7492 0.1786414393410889 0.2344826069055457 0.152
7493 0.1786414393410889 0.2344826069055457 0.166
7494 0.1786414393410889 0.2344826069055457 0.187
7495 0.1786414393410889 0.2344826069055457 0.208
7496 0.1786414393410889 0.2344826069055457 0.229
7497 0.1786414393410889 0.2344826069055457 0.25
7498 0.1786414393410889 0.2344826069055457 0.2875
7499 0.1786414393410889 0.2344826069055457 0.3250000000000001
7500 0.1786414393410889 0.2344826069055457 0.3625
7501 0.2198781311525271 0.2344826069055457 0.112
7502 0.2198781311525271 0.2344826069055457 0.124
7503 0.2198781311525271 0.2344826069055457 0.138
7504 0.2198781311525271 0.2344826069055457 0.152
7505 0.2198781311525271 0.2344826069055457 0.166
7506 0.2198781311525271 0.2344826069055457 0.187
7507 0.2198781311525271 0.2344826069055457 0.208
7508 0.2198781311525271 0.2344826069055457 0.229
7509 0.2198781311525271 0.2344826069055457 0.25
7510 0.2198781311525271 0.2344826069055457 0.2875
7511 0.2198781311525271 0.2344826069055457 0.3250000000000001
7512 0.2198781311525271 0.2344826069055457 0.3625
7513 0.2693621612081028 0.2344826069055457 0.112
7514 0.2693621612081028 0.2344826069055457 0.124
7515 0.2693621612081028 0.2344826069055457 0.138
7516 0.2693621612081028 0.2344826069055457 0.152
7517 0.2693621612081028 0.2344826069055457 0.166
7518 0.2693621612081028 0.2344826069055457 0.187
7519 0.2693621612081028 0.2344826069055457 0.208
7520 0.2693621612081028 0.2344826069055457 0.229
7521 0.2693621612081028 0.2344826069055457 0.25
7522 0.2693621612081028 0.2344826069055457 0.2875
7523 0.2693621612081028 0.2344826069055457 0.3250000000000001
7524 0.2693621612081028 0.2344826069055457 0.3625
7525 0.3287429970929153 0.2344826069055457 0.112
7526 0.3287429970929153 0.2344826069055457 0.124
7527 0.3287429970929153 0.2344826069055457 0.138
7528 0.3287429970929153 0.2344826069055457 0.152
7529 0.3287429970929153 0.2344826069055457 0.166
7530 0.3287429970929153 0.2344826069055457 0.187
7531 0.3287429970929153 0.2344826069055457 0.208
7532 0.3287429970929153 0.2344826069055457 0.229
7533 0.3287429970929153 0.2344826069055457 0.25
7534 0.3287429970929153 0.2344826069055457 0.2875
7535 0.3287429970929153 0.2344826069055457 0.3250000000000001
7536 0.3287429970929153 0.2344826069055457 0.3625
7537 0.04150840397625205 0.2799544182731479 0.112
7538 0.04150840397625205 0.2799544182731479 0.124
7539 0.04150840397625205 0.2799544182731479 0.138
7540 0.04150840397625205 0.2799544182731479 0.152
7541 0.04150840397625205 0.2799544182731479 0.166
7542 0.04150840397625205 0.2799544182731479 0.187
7543 0.04150840397625205 0.2799544182731479 0.208
7544 0.04150840397625205 0.2799544182731479 0.229
7545 0.04150840397625205 0.2799544182731479 0.25
7546 0.04150840397625205 0.2799544182731479 0.2875
7547 0.04150840397625205 0.2799544182731479 0.3250000000000001
7548 0.04150840397625205 0.2799544182731479 0.3625
7549 0.05531848849586873 0.2799544182731479 0.112
7550 0.05531848849586873 0.2799544182731479 0.124
7551 0.05531848849586873 0.2799544182731479 0.138
7552 0.05531848849586873 0.2799544182731479 0.152
7553 0.05531848849586873 0.2799544182731479 0.166
7554 0.05531848849586873 0.2799544182731479 0.187
7555 0.05531848849586873 0.2799544182731479 0.208
7556 0.05531848849586873 0.2799544182731479 0.229
7557 0.05531848849586873 0.2799544182731479 0.25
7558 0.05531848849586873 0.2799544182731479 0.2875
7559 0.05531848849586873 0.2799544182731479 0.3250000000000001
7560 0.05531848849586873 0.2799544182731479 0.3625
7561 0.07189059013841551 0.2799544182731479 0.112
7562 0.07189059013841551 0.2799544182731479 0.124
7563 0.07189059013841551 0.2799544182731479 0.138
7564 0.07189059013841551 0.2799544182731479 0.152
7565 0.07189059013841551 0.2799544182731479 0.166
7566 0.07189059013841551 0.2799544182731479 0.187
7567 0.07189059013841551 0.2799544182731479 0.208
7568 0.07189059013841551 0.2799544182731479 0.229
7569 0.07189059013841551 0.2799544182731479 0.25
7570 0.07189059013841551 0.2799544182731479 0.2875
7571 0.07189059013841551 0.2799544182731479 0.3250000000000001
7572 0.07189059013841551 0.2799544182731479 0.3625
7573 0.09177711213169391 0.2799544182731479 0.112
7574 0.09177711213169391 0.2799544182731479 0.124
7575 0.09177711213169391 0.2799544182731479 0.138
7576 0.09177711213169391 0.2799544182731479 0.152
7577 0.09177711213169391 0.2799544182731479 0.166
7578 0.09177711213169391 0.2799544182731479 0.187
7579 0.09177711213169391 0.2799544182731479 0.208
7580 0.09177711213169391 0.2799544182731479 0.229
7581 0.09177711213169391 0.2799544182731479 0.25
7582 0.09177711213169391 0.2799544182731479 0.2875
7583 0.09177711213169391 0.2799544182731479 0.3250000000000001
7584 0.09177711213169391 0.2799544182731479 0.3625
7585 0.1156409384500504 0.2799544182731479 0.112
7586 0.1156409384500504 0.2799544182731479 0.124
7587 0.1156409384500504 0.2799544182731479 0.138
7588 0.1156409384500504 0.2799544182731479 0.152
7589 0.1156409384500504 0.2799544182731479 0.166
7590 0.1156409384500504 0.2799544182731479 0.187
7591 0.1156409384500504 0.2799544182731479 0.208
7592 0.1156409384500504 0.2799544182731479 0.229
7593 0.1156409384500504 0.2799544182731479 0.25
7594 0.1156409384500504 0.2799544182731479 0.2875
7595 0.1156409384500504 0.2799544182731479 0.3250000000000001
7596 0.1156409384500504 0.2799544182731479 0.3625
7597 0.1442775297232479 0.2799544182731479 0.112
7598 0.1442775297232479 0.2799544182731479 0.124
7599 0.1442775297232479 0.2799544182731479 0.138
7600 0.1442775297232479 0.2799544182731479 0.152
7601 0.1442775297232479 0.2799544182731479 0.166
7602 0.1442775297232479 0.2799544182731479 0.187
7603 0.1442775297232479 0.2799544182731479 0.208
7604 0.1442775297232479 0.2799544182731479 0.229
7605 0.1442775297232479 0.2799544182731479 0.25
7606 0.1442775297232479 0.2799544182731479 0.2875
7607 0.1442775297232479 0.2799544182731479 0.3250000000000001
7608 0.1442775297232479 0.2799544182731479 0.3625
7609 0.1786414393616607 0.2799544182731479 0.112
7610 0.1786414393616607 0.2799544182731479 0.124
7611 0.1786414393616607 0.2799544182731479 0.138
7612 0.1786414393616607 0.2799544182731479 0.152
7613 0.1786414393616607 0.2799544182731479 0.166
7614 0.1786414393616607 0.2799544182731479 0.187
7615 0.1786414393616607 0.2799544182731479 0.208
7616 0.1786414393616607 0.2799544182731479 0.229
7617 0.1786414393616607 0.2799544182731479 0.25
7618 0.1786414393616607 0.2799544182731479 0.2875
7619 0.1786414393616607 0.2799544182731479 0.3250000000000001
7620 0.1786414393616607 0.2799544182731479 0.3625
7621 0.2198781311807398 0.2799544182731479 0.112
7622 0.2198781311807398 0.2799544182731479 0.124
7623 0.2198781311807398 0.2799544182731479 0.138
7624 0.2198781311807398 0.2799544182731479 0.152
7625 0.2198781311807398 0.2799544182731479 0.166
7626 0.2198781311807398 0.2799544182731479 0.187
7627 0.2198781311807398 0.2799544182731479 0.208
7628 0.2198781311807398 0.2799544182731479 0.229
7629 0.2198781311807398 0.2799544182731479 0.25
7630 0.2198781311807398 0.2799544182731479 0.2875
7631 0.2198781311807398 0.2799544182731479 0.3250000000000001
7632 0.2198781311807398 0.2799544182731479 0.3625
7633 0.26936216124619 0.2799544182731479 0.112
7634 0.26936216124619 0.2799544182731479 0.124
7635 0.26936216124619 0.2799544182731479 0.138
7636 0.26936216124619 0.2799544182731479 0.152
7637 0.26936216124619 0.2799544182731479 0.166
7638 0.26936216124619 0.2799544182731479 0.187
7639 0.26936216124619 0.2799544182731479 0.208
7640 0.26936216124619 0.2799544182731479 0.229
7641 0.26936216124619 0.2799544182731479 0.25
7642 0.26936216124619 0.2799544182731479 0.2875
7643 0.26936216124619 0.2799544182731479 0.3250000000000001
7644 0.26936216124619 0.2799544182731479 0.3625
7645 0.3287429971436984 0.2799544182731479 0.112
7646 0.3287429971436984 0.2799544182731479 0.124
7647 0.3287429971436984 0.2799544182731479 0.138
7648 0.3287429971436984 0.2799544182731479 0.152
7649 0.3287429971436984 0.2799544182731479 0.166
7650 0.3287429971436984 0.2799544182731479 0.187
7651 0.3287429971436984 0.2799544182731479 0.208
7652 0.3287429971436984 0.2799544182731479 0.229
7653 0.3287429971436984 0.2799544182731479 0.25
7654 0.3287429971436984 0.2799544182731479 0.2875
7655 0.3287429971436984 0.2799544182731479 0.3250000000000001
7656 0.3287429971436984 0.2799544182731479 0.3625
7657 0.04150840397743308 0.3345205917441559 0.112
7658 0.04150840397743308 0.3345205917441559 0.124
7659 0.04150840397743308 0.3345205917441559 0.138
7660 0.04150840397743308 0.3345205917441559 0.152
7661 0.04150840397743308 0.3345205917441559 0.166
7662 0.04150840397743308 0.3345205917441559 0.187
7663 0.04150840397743308 0.3345205917441559 0.208
7664 0.04150840397743308 0.3345205917441559 0.229
7665 0.04150840397743308 0.3345205917441559 0.25
7666 0.04150840397743308 0.3345205917441559 0.2875
7667 0.04150840397743308 0.3345205917441559 0.3250000000000001
7668 0.04150840397743308 0.3345205917441559 0.3625
7669 0.05531848849870327 0.334520591744156 0.112
7670 0.05531848849870327 0.334520591744156 0.124
7671 0.05531848849870327 0.334520591744156 0.138
7672 0.05531848849870327 0.334520591744156 0.152
7673 0.05531848849870327 0.334520591744156 0.166
7674 0.05531848849870327 0.334520591744156 0.187
7675 0.05531848849870327 0.334520591744156 0.208
7676 0.05531848849870327 0.334520591744156 0.229
7677 0.05531848849870327 0.334520591744156 0.25
7678 0.05531848849870327 0.334520591744156 0.2875
7679 0.05531848849870327 0.334520591744156 0.3250000000000001
7680 0.05531848849870327 0.334520591744156 0.3625
7681 0.07189059014351765 0.3345205917441559 0.112
7682 0.07189059014351765 0.3345205917441559 0.124
7683 0.07189059014351765 0.3345205917441559 0.138
7684 0.07189059014351765 0.3345205917441559 0.152
7685 0.07189059014351765 0.3345205917441559 0.166
7686 0.07189059014351765 0.3345205917441559 0.187
7687 0.07189059014351765 0.3345205917441559 0.208
7688 0.07189059014351765 0.3345205917441559 0.229
7689 0.07189059014351765 0.3345205917441559 0.25
7690 0.07189059014351765 0.3345205917441559 0.2875
7691 0.07189059014351765 0.3345205917441559 0.3250000000000001
7692 0.07189059014351765 0.3345205917441559 0.3625
7693 0.09177711213985729 0.3345205917441559 0.112
7694 0.09177711213985729 0.3345205917441559 0.124
7695 0.09177711213985729 0.3345205917441559 0.138
7696 0.09177711213985729 0.3345205917441559 0.152
7697 0.09177711213985729 0.3345205917441559 0.166
7698 0.09177711213985729 0.3345205917441559 0.187
7699 0.09177711213985729 0.3345205917441559 0.208
7700 0.09177711213985729 0.3345205917441559 0.229
7701 0.09177711213985729 0.3345205917441559 0.25
7702 0.09177711213985729 0.3345205917441559 0.2875
7703 0.09177711213985729 0.3345205917441559 0.3250000000000001
7704 0.09177711213985729 0.3345205917441559 0.3625
7705 0.1156409384622955 0.334520591744156 0.112
7706 0.1156409384622955 0.334520591744156 0.124
7707 0.1156409384622955 0.334520591744156 0.138
7708 0.1156409384622955 0.334520591744156 0.152
7709 0.1156409384622955 0.334520591744156 0.166
7710 0.1156409384622955 0.334520591744156 0.187
7711 0.1156409384622955 0.334520591744156 0.208
7712 0.1156409384622955 0.334520591744156 0.229
7713 0.1156409384622955 0.334520591744156 0.25
7714 0.1156409384622955 0.334520591744156 0.2875
7715 0.1156409384622955 0.334520591744156 0.3250000000000001
7716 0.1156409384622955 0.334520591744156 0.3625
7717 0.1442775297408809 0.3345205917441559 0.112
7718 0.1442775297408809 0.3345205917441559 0.124
7719 0.1442775297408809 0.3345205917441559 0.138
7720 0.1442775297408809 0.3345205917441559 0.152
7721 0.1442775297408809 0.3345205917441559 0.166
7722 0.1442775297408809 0.3345205917441559 0.187
7723 0.1442775297408809 0.3345205917441559 0.208
7724 0.1442775297408809 0.3345205917441559 0.229
7725 0.1442775297408809 0.3345205917441559 0.25
7726 0.1442775297408809 0.3345205917441559 0.2875
7727 0.1442775297408809 0.3345205917441559 0.3250000000000001
7728 0.1442775297408809 0.3345205917441559 0.3625
7729 0.1786414393863468 0.3345205917441559 0.112
7730 0.1786414393863468 0.3345205917441559 0.124
7731 0.1786414393863468 0.3345205917441559 0.138
7732 0.1786414393863468 0.3345205917441559 0.152
7733 0.1786414393863468 0.3345205917441559 0.166
7734 0.1786414393863468 0.3345205917441559 0.187
7735 0.1786414393863468 0.3345205917441559 0.208
7736 0.1786414393863468 0.3345205917441559 0.229
7737 0.1786414393863468 0.3345205917441559 0.25
7738 0.1786414393863468 0.3345205917441559 0.2875
7739 0.1786414393863468 0.3345205917441559 0.3250000000000001
7740 0.1786414393863468 0.3345205917441559 0.3625
7741 0.2198781312145951 0.3345205917441559 0.112
7742 0.2198781312145951 0.3345205917441559 0.124
7743 0.2198781312145951 0.3345205917441559 0.138
7744 0.2198781312145951 0.3345205917441559 0.152
7745 0.2198781312145951 0.3345205917441559 0.166
7746 0.2198781312145951 0.3345205917441559 0.187
7747 0.2198781312145951 0.3345205917441559 0.208
7748 0.2198781312145951 0.3345205917441559 0.229
7749 0.2198781312145951 0.3345205917441559 0.25
7750 0.2198781312145951 0.3345205917441559 0.2875
7751 0.2198781312145951 0.3345205917441559 0.3250000000000001
7752 0.2198781312145951 0.3345205917441559 0.3625
7753 0.2693621612918947 0.3345205917441559 0.112
7754 0.2693621612918947 0.3345205917441559 0.124
7755 0.2693621612918947 0.3345205917441559 0.138
7756 0.2693621612918947 0.3345205917441559 0.152
7757 0.2693621612918947 0.3345205917441559 0.166
7758 0.2693621612918947 0.3345205917441559 0.187
7759 0.2693621612918947 0.3345205917441559 0.208
7760 0.2693621612918947 0.3345205917441559 0.229
7761 0.2693621612918947 0.3345205917441559 0.25
7762 0.2693621612918947 0.3345205917441559 0.2875
7763 0.2693621612918947 0.3345205917441559 0.3250000000000001
7764 0.2693621612918947 0.3345205917441559 0.3625
7765 0.3287429972046381 0.3345205917441559 0.112
7766 0.3287429972046381 0.3345205917441559 0.124
7767 0.3287429972046381 0.3345205917441559 0.138
7768 0.3287429972046381 0.3345205917441559 0.152
7769 0.3287429972046381 0.3345205917441559 0.166
7770 0.3287429972046381 0.3345205917441559 0.187
7771 0.3287429972046381 0.3345205917441559 0.208
7772 0.3287429972046381 0.3345205917441559 0.229
7773 0.3287429972046381 0.3345205917441559 0.25
7774 0.3287429972046381 0.3345205917441559 0.2875
7775 0.3287429972046381 0.3345205917441559 0.3250000000000001
7776 0.3287429972046381 0.3345205917441559 0.3625
$EndNodes
$Elements
8945
1 3 2 3 1 9 43 487 42
2 3 2 3 1 42 487 488 41
3 3 2 3 1 41 488 489 40
4 3 2 3 1 40 489 490 39
5 3 2 3 1 39 490 491 38
6 3 2 3 1 38 491 37 8
7 3 2 3 1 43 44 492 487
8 3 2 3 1 487 492 493 488
9 3 2 3 1 488 493 494 489
10 3 2 3 1 489 494 495 490
11 3 2 3 1 490 495 496 491
12 3 2 3 1 491 496 36 37
13 3 2 3 1 44 45 497 492
14 3 2 3 1 492 497 498 493
15 3 2 3 1 493 498 499 494
16 3 2 3 1 494 499 500 495
17 3 2 3 1 495 500 501 496
18 3 2 3 1 496 501 35 36
19 3 2 3 1 45 46 502 497
20 3 2 3 1 497 502 503 498
21 3 2 3 1 498 503 504 499
22 3 2 3 1 499 504 505 500
23 3 2 3 1 500 505 506 501
24 3 2 3 1 501 506 34 35
25 3 2 3 1 46 47 507 502
26 3 2 3 1 502 507 508 503
27 3 2 3 1 503 508 509 504
28 3 2 3 1 504 509 510 505
29 3 2 3 1 505 510 511 506
30 3 2 3 1 506 511 33 34
31 3 2 3 1 47 7 28 507
32 3 2 3 1 507 28 29 508
33 3 2 3 1 508 29 30 509
34 3 2 3 1 509 30 31 510
35 3 2 3 1 510 31 32 511
36 3 2 3 1 511 32 6 33
37 3 2 3 2 9 48 512 42
38 3 2 3 2 42 512 513 41
39 3 2 3 2 41 513 514 40
40 3 2 3 2 40 514 515 39
41 3 2 3 2 39 515 516 38
42 3 2 3 2 38 516 98 8
43 3 2 3 2 48 49 517 512
44 3 2 3 2 512 517 518 513
45 3 2 3 2 513 518 519 514
46 3 2 3 2 514 519 520 515
47 3 2 3 2 515 520 521 516
48 3 2 3 2 516 521 99 98
49 3 2 3 2 49 50 522 517
50 3 2 3 2 517 522 523 518
51 3 2 3 2 518 523 524 519
52 3 2 3 2 519 524 525 520
53 3 2 3 2 520 525 526 521
54 3 2 3 2 521 526 100 99
55 3 2 3 2 50 51 527 522
56 3 2 3 2 522 527 528 523
57 3 2 3 2 523 528 529 524
58 3 2 3 2 524 529 530 525
59 3 2 3 2 525 530 531 526
60 3 2 3 2 526 531 101 100
61 3 2 3 2 51 52 532 527
62 3 2 3 2 527 532 533 528
63 3 2 3 2 528 533 534 529
64 3 2 3 2 529 534 535 530
65 3 2 3 2 530 535 536 531
66 3 2 3 2 531 536 102 101
67 3 2 3 2 52 53 537 532
68 3 2 3 2 532 537 538 533
69 3 2 3 2 533 538 539 534
70 3 2 3 2 534 539 540 535
71 3 2 3 2 535 540 541 536
72 3 2 3 2 536 541 103 102
73 3 2 3 2 53 54 542 537
74 3 2 3 2 537 542 543 538
75 3 2 3 2 538 543 544 539
76 3 2 3 2 539 544 545 540
77 3 2 3 2 540 545 546 541
78 3 2 3 2 541 546 104 103
79 3 2 3 2 54 55 547 542
80 3 2 3 2 542 547 548 543
81 3 2 3 2 543 548 549 544
82 3 2 3 2 544 549 550 545
83 3 2 3 2 545 550 551 546
84 3 2 3 2 546 551 105 104
85 3 2 3 2 55 56 552 547
86 3 2 3 2 547 552 553 548
87 3 2 3 2 548 553 554 549
88 3 2 3 2 549 554 555 550
89 3 2 3 2 550 555 556 551
90 3 2 3 2 551 556 106 105
91 3 2 3 2 56 57 557 552
92 3 2 3 2 552 557 558 553
93 3 2 3 2 553 558 559 554
94 3 2 3 2 554 559 560 555
95 3 2 3 2 555 560 561 556
96 3 2 3 2 556 561 107 106
97 3 2 3 2 57 4 58 557
98 3 2 3 2 557 58 59 558
99 3 2 3 2 558 59 60 559
100 3 2 3 2 559 60 61 560
101 3 2 3 2 560 61 62 561
102 3 2 3 2 561 62 5 107
103 3 2 3 3 3 88 562 87
104 3 2 3 3 87 562 563 86
105 3 2 3 3 86 563 564 85
106 3 2 3 3 85 564 565 84
107 3 2 3 3 84 565 566 83
108 3 2 3 3 83 566 117 2
109 3 2 3 3 88 89 567 562
110 3 2 3 3 562 567 568 563
111 3 2 3 3 563 568 569 564
112 3 2 3 3 564 569 570 565
113 3 2 3 3 565 570 571 566
114 3 2 3 3 566 571 116 117
115 3 2 3 3 89 90 572 567
116 3 2 3 3 567 572 573 568
117 3 2 3 3 568 573 574 569
118 3 2 3 3 569 574 575 570
119 3 2 3 3 570 575 576 571
120 3 2 3 3 571 576 115 116
121 3 2 3 3 90 91 577 572
122 3 2 3 3 572 577 578 573
123 3 2 3 3 573 578 579 574
124 3 2 3 3 574 579 580 575
125 3 2 3 3 575 580 581 576
126 3 2 3 3 576 581 114 115
127 3 2 3 3 91 92 582 577
128 3 2 3 3 577 582 583 578
129 3 2 3 3 578 583 584 579
130 3 2 3 3 579 584 585 580
131 3 2 3 3 580 585 586 581
132 3 2 3 3 581 586 113 114
133 3 2 3 3 92 93 587 582
134 3 2 3 3 582 587 588 583
135 3 2 3 3 583 588 589 584
136 3 2 3 3 584 589 590 585
137 3 2 3 3 585 590 591 586
138 3 2 3 3 586 591 112 113
139 3 2 3 3 93 94 592 587
140 3 2 3 3 587 592 593 588
141 3 2 3 3 588 593 594 589
142 3 2 3 3 589 594 595 590
143 3 2 3 3 590 595 596 591
144 3 2 3 3 591 596 111 112
145 3 2 3 3 94 95 597 592
146 3 2 3 3 592 597 598 593
147 3 2 3 3 593 598 599 594
148 3 2 3 3 594 599 600 595
149 3 2 3 3 595 600 601 596
150 3 2 3 3 596 601 110 111
151 3 2 3 3 95 96 602 597
152 3 2 3 3 597 602 603 598
153 3 2 3 3 598 603 604 599
154 3 2 3 3 599 604 605 600
155 3 2 3 3 600 605 606 601
156 3 2 3 3 601 606 109 110
157 3 2 3 3 96 97 607 602
158 3 2 3 3 602 607 608 603
159 3 2 3 3 603 608 609 604
160 3 2 3 3 604 609 610 605
161 3 2 3 3 605 610 611 606
162 3 2 3 3 606 611 108 109
163 3 2 3 3 97 6 33 607
164 3 2 3 3 607 33 34 608
165 3 2 3 3 608 34 35 609
166 3 2 3 3 609 35 36 610
167 3 2 3 3 610 36 37 611
168 3 2 3 3 611 37 8 108
169 3 2 3 4 8 108 612 98
170 3 2 3 4 98 612 613 99
171 3 2 3 4 99 613 614 100
172 3 2 3 4 100 614 615 101
173 3 2 3 4 101 615 616 102
174 3 2 3 4 102 616 617 103
175 3 2 3 4 103 617 618 104
176 3 2 3 4 104 618 619 105
177 3 2 3 4 105 619 620 106
178 3 2 3 4 106 620 621 107
179 3 2 3 4 107 621 63 5
180 3 2 3 4 108 109 622 612
181 3 2 3 4 612 622 623 613
182 3 2 3 4 613 623 624 614
183 3 2 3 4 614 624 625 615
184 3 2 3 4 615 625 626 616
185 3 2 3 4 616 626 627 617
186 3 2 3 4 617 627 628 618
187 3 2 3 4 618 628 629 619
188 3 2 3 4 619 629 630 620
189 3 2 3 4 620 630 631 621
190 3 2 3 4 621 631 64 63
191 3 2 3 4 109 110 632 622
192 3 2 3 4 622 632 633 623
193 3 2 3 4 623 633 634 624
194 3 2 3 4 624 634 635 625
195 3 2 3 4 625 635 636 626
196 3 2 3 4 626 636 637 627
197 3 2 3 4 627 637 638 628
198 3 2 3 4 628 638 639 629
199 3 2 3 4 629 639 640 630
200 3 2 3 4 630 640 641 631
201 3 2 3 4 631 641 65 64
202 3 2 3 4 110 111 642 632
203 3 2 3 4 632 642 643 633
204 3 2 3 4 633 643 644 634
205 3 2 3 4 634 644 645 635
206 3 2 3 4 635 645 646 636
207 3 2 3 4 636 646 647 637
208 3 2 3 4 637 647 648 638
209 3 2 3 4 638 648 649 639
210 3 2 3 4 639 649 650 640
211 3 2 3 4 640 650 651 641
212 3 2 3 4 641 651 66 65
213 3 2 3 4 111 112 652 642
214 3 2 3 4 642 652 653 643
215 3 2 3 4 643 653 654 644
216 3 2 3 4 644 654 655 645
217 3 2 3 4 645 655 656 646
218 3 2 3 4 646 656 657 647
219 3 2 3 4 647 657 658 648
220 3 2 3 4 648 658 659 649
221 3 2 3 4 649 659 660 650
222 3 2 3 4 650 660 661 651
223 3 2 3 4 651 661 67 66
224 3 2 3 4 112 113 662 652
225 3 2 3 4 652 662 663 653
226 3 2 3 4 653 663 664 654
227 3 2 3 4 654 664 665 655
228 3 2 3 4 655 665 666 656
229 3 2 3 4 656 666 667 657
230 3 2 3 4 657 667 668 658
231 3 2 3 4 658 668 669 659
232 3 2 3 4 659 669 670 660
233 3 2 3 4 660 670 671 661
234 3 2 3 4 661 671 68 67
235 3 2 3 4 113 114 672 662
236 3 2 3 4 662 672 673 663
237 3 2 3 4 663 673 674 664
238 3 2 3 4 664 674 675 665
239 3 2 3 4 665 675 676 666
240 3 2 3 4 666 676 677 667
241 3 2 3 4 667 677 678 668
242 3 2 3 4 668 678 679 669
243 3 2 3 4 669 679 680 670
244 3 2 3 4 670 680 681 671
245 3 2 3 4 671 681 69 68
246 3 2 3 4 114 115 682 672
247 3 2 3 4 672 682 683 673
248 3 2 3 4 673 683 684 674
249 3 2 3 4 674 684 685 675
250 3 2 3 4 675 685 686 676
251 3 2 3 4 676 686 687 677
252 3 2 3 4 677 687 688 678
253 3 2 3 4 678 688 689 679
254 3 2 3 4 679 689 690 680
255 3 2 3 4 680 690 691 681
256 3 2 3 4 681 691 70 69
257 3 2 3 4 115 116 692 682
258 3 2 3 4 682 692 693 683
259 3 2 3 4 683 693 694 684
260 3 2 3 4 684 694 695 685
261 3 2 3 4 685 695 696 686
262 3 2 3 4 686 696 697 687
263 3 2 3 4 687 697 698 688
264 3 2 3 4 688 698 699 689
265 3 2 3 4 689 699 700 690
266 3 2 3 4 690 700 701 691
267 3 2 3 4 691 701 71 70
268 3 2 3 4 116 117 702 692
269 3 2 3 4 692 702 703 693
270 3 2 3 4 693 703 704 694
271 3 2 3 4 694 704 705 695
272 3 2 3 4 695 705 706 696
273 3 2 3 4 696 706 707 697
274 3 2 3 4 697 707 708 698
275 3 2 3 4 698 708 709 699
276 3 2 3 4 699 709 710 700
277 3 2 3 4 700 710 711 701
278 3 2 3 4 701 711 72 71
279 3 2 3 4 117 2 82 702
280 3 2 3 4 702 82 81 703
281 3 2 3 4 703 81 80 704
282 3 2 3 4 704 80 79 705
283 3 2 3 4 705 79 78 706
284 3 2 3 4 706 78 77 707
285 3 2 3 4 707 77 76 708
286 3 2 3 4 708 76 75 709
287 3 2 3 4 709 75 74 710
288 3 2 3 4 710 74 73 711
289 3 2 3 4 711 73 1 72
290 3 2 4 5 9 118 712 43
291 3 2 4 5 118 119 713 712
292 3 2 4 5 119 120 714 713
293 3 2 4 5 120 121 715 714
294 3 2 4 5 121 122 716 715
295 3 2 4 5 122 123 717 716
296 3 2 4 5 123 124 718 717
297 3 2 4 5 124 125 719 718
298 3 2 4 5 125 126 720 719
299 3 2 4 5 126 10 136 720
300 3 2 4 5 43 712 721 44
301 3 2 4 5 712 713 722 721
302 3 2 4 5 713 714 723 722
303 3 2 4 5 714 715 724 723
304 3 2 4 5 715 716 725 724
305 3 2 4 5 716 717 726 725
306 3 2 4 5 717 718 727 726
307 3 2 4 5 718 719 728 727
308 3 2 4 5 719 720 729 728
309 3 2 4 5 720 136 137 729
310 3 2 4 5 44 721 730 45
311 3 2 4 5 721 722 731 730
312 3 2 4 5 722 723 732 731
313 3 2 4 5 723 724 733 732
314 3 2 4 5 724 725 734 733
315 3 2 4 5 725 726 735 734
316 3 2 4 5 726 727 736 735
317 3 2 4 5 727 728 737 736
318 3 2 4 5 728 729 738 737
319 3 2 4 5 729 137 138 738
320 3 2 4 5 45 730 739 46
321 3 2 4 5 730 731 740 739
322 3 2 4 5 731 732 741 740
323 3 2 4 5 732 733 742 741
324 3 2 4 5 733 734 743 742
325 3 2 4 5 734 735 744 743
326 3 2 4 5 735 736 745 744
327 3 2 4 5 736 737 746 745
328 3 2 4 5 737 738 747 746
329 3 2 4 5 738 138 139 747
330 3 2 4 5 46 739 748 47
331 3 2 4 5 739 740 749 748
332 3 2 4 5 740 741 750 749
333 3 2 4 5 741 742 751 750
334 3 2 4 5 742 743 752 751
335 3 2 4 5 743 744 753 752
336 3 2 4 5 744 745 754 753
337 3 2 4 5 745 746 755 754
338 3 2 4 5 746 747 756 755
339 3 2 4 5 747 139 140 756
340 3 2 4 5 47 748 127 7
341 3 2 4 5 748 749 128 127
342 3 2 4 5 749 750 129 128
343 3 2 4 5 750 751 130 129
344 3 2 4 5 751 752 131 130
345 3 2 4 5 752 753 132 131
346 3 2 4 5 753 754 133 132
347 3 2 4 5 754 755 134 133
348 3 2 4 5 755 756 135 134
349 3 2 4 5 756 140 11 135
350 3 2 5 6 7 127 757 28
351 3 2 5 6 127 128 758 757
352 3 2 5 6 128 129 759 758
353 3 2 5 6 129 130 760 759
354 3 2 5 6 130 131 761 760
355 3 2 5 6 131 132 762 761
356 3 2 5 6 132 133 763 762
357 3 2 5 6 133 134 764 763
358 3 2 5 6 134 135 765 764
359 3 2 5 6 135 11 150 765
360 3 2 5 6 28 757 766 29
361 3 2 5 6 757 758 767 766
362 3 2 5 6 758 759 768 767
363 3 2 5 6 759 760 769 768
364 3 2 5 6 760 761 770 769
365 3 2 5 6 761 762 771 770
366 3 2 5 6 762 763 772 771
367 3 2 5 6 763 764 773 772
368 3 2 5 6 764 765 774 773
369 3 2 5 6 765 150 151 774
370 3 2 5 6 29 766 775 30
371 3 2 5 6 766 767 776 775
372 3 2 5 6 767 768 777 776
373 3 2 5 6 768 769 778 777
374 3 2 5 6 769 770 779 778
375 3 2 5 6 770 771 780 779
376 3 2 5 6 771 772 781 780
377 3 2 5 6 772 773 782 781
378 3 2 5 6 773 774 783 782
379 3 2 5 6 774 151 152 783
380 3 2 5 6 30 775 784 31
381 3 2 5 6 775 776 785 784
382 3 2 5 6 776 777 786 785
383 3 2 5 6 777 778 787 786
384 3 2 5 6 778 779 788 787
385 3 2 5 6 779 780 789 788
386 3 2 5 6 780 781 790 789
387 3 2 5 6 781 782 791 790
388 3 2 5 6 782 783 792 791
389 3 2 5 6 783 152 153 792
390 3 2 5 6 31 784 793 32
391 3 2 5 6 784 785 794 793
392 3 2 5 6 785 786 795 794
393 3 2 5 6 786 787 796 795
394 3 2 5 6 787 788 797 796
395 3 2 5 6 788 789 798 797
396 3 2 5 6 789 790 799 798
397 3 2 5 6 790 791 800 799
398 3 2 5 6 791 792 801 800
399 3 2 5 6 792 153 154 801
400 3 2 5 6 32 793 141 6
401 3 2 5 6 793 794 142 141
402 3 2 5 6 794 795 143 142
403 3 2 5 6 795 796 144 143
404 3 2 5 6 796 797 145 144
405 3 2 5 6 797 798 146 145
406 3 2 5 6 798 799 147 146
407 3 2 5 6 799 800 148 147
408 3 2 5 6 800 801 149 148
409 3 2 5 6 801 154 12 149
410 3 2 2 7 6 141 802 33
411 3 2 2 7 141 142 803 802
412 3 2 2 7 142 143 804 803
413 3 2 2 7 143 144 805 804
414 3 2 2 7 144 145 806 805
415 3 2 2 7 145 146 807 806
416 3 2 2 7 146 147 808 807
417 3 2 2 7 147 148 809 808
418 3 2 2 7 148 149 810 809
419 3 2 2 7 149 12 164 810
420 3 2 2 7 33 802 811 34
421 3 2 2 7 802 803 812 811
422 3 2 2 7 803 804 813 812
423 3 2 2 7 804 805 814 813
424 3 2 2 7 805 806 815 814
425 3 2 2 7 806 807 816 815
426 3 2 2 7 807 808 817 816
427 3 2 2 7 808 809 818 817
428 3 2 2 7 809 810 819 818
429 3 2 2 7 810 164 165 819
430 3 2 2 7 34 811 820 35
431 3 2 2 7 811 812 821 820
432 3 2 2 7 812 813 822 821
433 3 2 2 7 813 814 823 822
434 3 2 2 7 814 815 824 823
435 3 2 2 7 815 816 825 824
436 3 2 2 7 816 817 826 825
437 3 2 2 7 817 818 827 826
438 3 2 2 7 818 819 828 827
439 3 2 2 7 819 165 166 828
440 3 2 2 7 35 820 829 36
441 3 2 2 7 820 821 830 829
442 3 2 2 7 821 822 831 830
443 3 2 2 7 822 823 832 831
444 3 2 2 7 823 824 833 832
445 3 2 2 7 824 825 834 833
446 3 2 2 7 825 826 835 834
447 3 2 2 7 826 827 836 835
448 3 2 2 7 827 828 837 836
449 3 2 2 7 828 166 167 837
450 3 2 2 7 36 829 838 37
451 3 2 2 7 829 830 839 838
452 3 2 2 7 830 831 840 839
453 3 2 2 7 831 832 841 840
454 3 2 2 7 832 833 842 841
455 3 2 2 7 833 834 843 842
456 3 2 2 7 834 835 844 843
457 3 2 2 7 835 836 845 844
458 3 2 2 7 836 837 846 845
459 3 2 2 7 837 167 168 846
460 3 2 2 7 37 838 155 8
461 3 2 2 7 838 839 156 155
462 3 2 2 7 839 840 157 156
463 3 2 2 7 840 841 158 157
464 3 2 2 7 841 842 159 158
465 3 2 2 7 842 843 160 159
466 3 2 2 7 843 844 161 160
467 3 2 2 7 844 845 162 161
468 3 2 2 7 845 846 163 162
469 3 2 2 7 846 168 13 163
470 3 2 1 8 8 155 847 38
471 3 2 1 8 155 156 848 847
472 3 2 1 8 156 157 849 848
473 3 2 1 8 157 158 850 849
474 3 2 1 8 158 159 851 850
475 3 2 1 8 159 160 852 851
476 3 2 1 8 160 161 853 852
477 3 2 1 8 161 162 854 853
478 3 2 1 8 162 163 855 854
479 3 2 1 8 163 13 169 855
480 3 2 1 8 38 847 856 39
481 3 2 1 8 847 848 857 856
482 3 2 1 8 848 849 858 857
483 3 2 1 8 849 850 859 858
484 3 2 1 8 850 851 860 859
485 3 2 1 8 851 852 861 860
486 3 2 1 8 852 853 862 861
487 3 2 1 8 853 854 863 862
488 3 2 1 8 854 855 864 863
489 3 2 1 8 855 169 170 864
490 3 2 1 8 39 856 865 40
491 3 2 1 8 856 857 866 865
492 3 2 1 8 857 858 867 866
493 3 2 1 8 858 859 868 867
494 3 2 1 8 859 860 869 868
495 3 2 1 8 860 861 870 869
496 3 2 1 8 861 862 871 870
497 3 2 1 8 862 863 872 871
498 3 2 1 8 863 864 873 872
499 3 2 1 8 864 170 171 873
500 3 2 1 8 40 865 874 41
501 3 2 1 8 865 866 875 874
502 3 2 1 8 866 867 876 875
503 3 2 1 8 867 868 877 876
504 3 2 1 8 868 869 878 877
505 3 2 1 8 869 870 879 878
506 3 2 1 8 870 871 880 879
507 3 2 1 8 871 872 881 880
508 3 2 1 8 872 873 882 881
509 3 2 1 8 873 171 172 882
510 3 2 1 8 41 874 883 42
511 3 2 1 8 874 875 884 883
512 3 2 1 8 875 876 885 884
513 3 2 1 8 876 877 886 885
514 3 2 1 8 877 878 887 886
515 3 2 1 8 878 879 888 887
516 3 2 1 8 879 880 889 888
517 3 2 1 8 880 881 890 889
518 3 2 1 8 881 882 891 890
519 3 2 1 8 882 172 173 891
520 3 2 1 8 42 883 118 9
521 3 2 1 8 883 884 119 118
522 3 2 1 8 884 885 120 119
523 3 2 1 8 885 886 121 120
524 3 2 1 8 886 887 122 121
525 3 2 1 8 887 888 123 122
526 3 2 1 8 888 889 124 123
527 3 2 1 8 889 890 125 124
528 3 2 1 8 890 891 126 125
529 3 2 1 8 891 173 10 126
530 3 2 2 9 10 173 892 136
531 3 2 2 9 173 172 893 892
532 3 2 2 9 172 171 894 893
533 3 2 2 9 171 170 895 894
534 3 2 2 9 170 169 896 895
535 3 2 2 9 169 13 168 896
536 3 2 2 9 136 892 897 137
537 3 2 2 9 892 893 898 897
538 3 2 2 9 893 894 899 898
539 3 2 2 9 894 895 900 899
540 3 2 2 9 895 896 901 900
541 3 2 2 9 896 168 167 901
542 3 2 2 9 137 897 902 138
543 3 2 2 9 897 898 903 902
544 3 2 2 9 898 899 904 903
545 3 2 2 9 899 900 905 904
546 3 2 2 9 900 901 906 905
547 3 2 2 9 901 167 166 906
548 3 2 2 9 138 902 907 139
549 3 2 2 9 902 903 908 907
550 3 2 2 9 903 904 909 908
551 3 2 2 9 904 905 910 909
552 3 2 2 9 905 906 911 910
553 3 2 2 9 906 166 165 911
554 3 2 2 9 139 907 912 140
555 3 2 2 9 907 908 913 912
556 3 2 2 9 908 909 914 913
557 3 2 2 9 909 910 915 914
558 3 2 2 9 910 911 916 915
559 3 2 2 9 911 165 164 916
560 3 2 2 9 140 912 150 11
561 3 2 2 9 912 913 151 150
562 3 2 2 9 913 914 152 151
563 3 2 2 9 914 915 153 152
564 3 2 2 9 915 916 154 153
565 3 2 2 9 916 164 12 154
566 3 2 4 10 9 48 917 118
567 3 2 4 10 118 917 918 119
568 3 2 4 10 119 918 919 120
569 3 2 4 10 120 919 920 121
570 3 2 4 10 121 920 921 122
571 3 2 4 10 122 921 922 123
572 3 2 4 10 123 922 923 124
573 3 2 4 10 124 923 924 125
574 3 2 4 10 125 924 925 126
575 3 2 4 10 126 925 183 10
576 3 2 4 10 48 49 926 917
577 3 2 4 10 917 926 927 918
578 3 2 4 10 918 927 928 919
579 3 2 4 10 919 928 929 920
580 3 2 4 10 920 929 930 921
581 3 2 4 10 921 930 931 922
582 3 2 4 10 922 931 932 923
583 3 2 4 10 923 932 933 924
584 3 2 4 10 924 933 934 925
585 3 2 4 10 925 934 184 183
586 3 2 4 10 49 50 935 926
587 3 2 4 10 926 935 936 927
588 3 2 4 10 927 936 937 928
589 3 2 4 10 928 937 938 929
590 3 2 4 10 929 938 939 930
591 3 2 4 10 930 939 940 931
592 3 2 4 10 931 940 941 932
593 3 2 4 10 932 941 942 933
594 3 2 4 10 933 942 943 934
595 3 2 4 10 934 943 185 184
596 3 2 4 10 50 51 944 935
597 3 2 4 10 935 944 945 936
598 3 2 4 10 936 945 946 937
599 3 2 4 10 937 946 947 938
600 3 2 4 10 938 947 948 939
601 3 2 4 10 939 948 949 940
602 3 2 4 10 940 949 950 941
603 3 2 4 10 941 950 951 942
604 3 2 4 10 942 951 952 943
605 3 2 4 10 943 952 186 185
606 3 2 4 10 51 52 953 944
607 3 2 4 10 944 953 954 945
608 3 2 4 10 945 954 955 946
609 3 2 4 10 946 955 956 947
610 3 2 4 10 947 956 957 948
611 3 2 4 10 948 957 958 949
612 3 2 4 10 949 958 959 950
613 3 2 4 10 950 959 960 951
614 3 2 4 10 951 960 961 952
615 3 2 4 10 952 961 187 186
616 3 2 4 10 52 53 962 953
617 3 2 4 10 953 962 963 954
618 3 2 4 10 954 963 964 955
619 3 2 4 10 955 964 965 956
620 3 2 4 10 956 965 966 957
621 3 2 4 10 957 966 967 958
622 3 2 4 10 958 967 968 959
623 3 2 4 10 959 968 969 960
624 3 2 4 10 960 969 970 961
625 3 2 4 10 961 970 188 187
626 3 2 4 10 53 54 971 962
627 3 2 4 10 962 971 972 963
628 3 2 4 10 963 972 973 964
629 3 2 4 10 964 973 974 965
630 3 2 4 10 965 974 975 966
631 3 2 4 10 966 975 976 967
632 3 2 4 10 967 976 977 968
633 3 2 4 10 968 977 978 969
634 3 2 4 10 969 978 979 970
635 3 2 4 10 970 979 189 188
636 3 2 4 10 54 55 980 971
637 3 2 4 10 971 980 981 972
638 3 2 4 10 972 981 982 973
639 3 2 4 10 973 982 983 974
640 3 2 4 10 974 983 984 975
641 3 2 4 10 975 984 985 976
642 3 2 4 10 976 985 986 977
643 3 2 4 10 977 986 987 978
644 3 2 4 10 978 987 988 979
645 3 2 4 10 979 988 190 189
646 3 2 4 10 55 56 989 980
647 3 2 4 10 980 989 990 981
648 3 2 4 10 981 990 991 982
649 3 2 4 10 982 991 992 983
650 3 2 4 10 983 992 993 984
651 3 2 4 10 984 993 994 985
652 3 2 4 10 985 994 995 986
653 3 2 4 10 986 995 996 987
654 3 2 4 10 987 996 997 988
655 3 2 4 10 988 997 191 190
656 3 2 4 10 56 57 998 989
657 3 2 4 10 989 998 999 990
658 3 2 4 10 990 999 1000 991
659 3 2 4 10 991 1000 1001 992
660 3 2 4 10 992 1001 1002 993
661 3 2 4 10 993 1002 1003 994
662 3 2 4 10 994 1003 1004 995
663 3 2 4 10 995 1004 1005 996
664 3 2 4 10 996 1005 1006 997
665 3 2 4 10 997 1006 192 191
666 3 2 4 10 57 4 174 998
667 3 2 4 10 998 174 175 999
668 3 2 4 10 999 175 176 1000
669 3 2 4 10 1000 176 177 1001
670 3 2 4 10 1001 177 178 1002
671 3 2 4 10 1002 178 179 1003
672 3 2 4 10 1003 179 180 1004
673 3 2 4 10 1004 180 181 1005
674 3 2 4 10 1005 181 182 1006
675 3 2 4 10 1006 182 14 192
676 3 2 5 11 4 58 1007 174
677 3 2 5 11 174 1007 1008 175
678 3 2 5 11 175 1008 1009 176
679 3 2 5 11 176 1009 1010 177
680 3 2 5 11 177 1010 1011 178
681 3 2 5 11 178 1011 1012 179
682 3 2 5 11 179 1012 1013 180
683 3 2 5 11 180 1013 1014 181
684 3 2 5 11 181 1014 1015 182
685 3 2 5 11 182 1015 202 14
686 3 2 5 11 58 59 1016 1007
687 3 2 5 11 1007 1016 1017 1008
688 3 2 5 11 1008 1017 1018 1009
689 3 2 5 11 1009 1018 1019 1010
690 3 2 5 11 1010 1019 1020 1011
691 3 2 5 11 1011 1020 1021 1012
692 3 2 5 11 1012 1021 1022 1013
693 3 2 5 11 1013 1022 1023 1014
694 3 2 5 11 1014 1023 1024 1015
695 3 2 5 11 1015 1024 203 202
696 3 2 5 11 59 60 1025 1016
697 3 2 5 11 1016 1025 1026 1017
698 3 2 5 11 1017 1026 1027 1018
699 3 2 5 11 1018 1027 1028 1019
700 3 2 5 11 1019 1028 1029 1020
701 3 2 5 11 1020 1029 1030 1021
702 3 2 5 11 1021 1030 1031 1022
703 3 2 5 11 1022 1031 1032 1023
704 3 2 5 11 1023 1032 1033 1024
705 3 2 5 11 1024 1033 204 203
706 3 2 5 11 60 61 1034 1025
707 3 2 5 11 1025 1034 1035 1026
708 3 2 5 11 1026 1035 1036 1027
709 3 2 5 11 1027 1036 1037 1028
710 3 2 5 11 1028 1037 1038 1029
711 3 2 5 11 1029 1038 1039 1030
712 3 2 5 11 1030 1039 1040 1031
713 3 2 5 11 1031 1040 1041 1032
714 3 2 5 11 1032 1041 1042 1033
715 3 2 5 11 1033 1042 205 204
716 3 2 5 11 61 62 1043 1034
717 3 2 5 11 1034 1043 1044 1035
718 3 2 5 11 1035 1044 1045 1036
719 3 2 5 11 1036 1045 1046 1037
720 3 2 5 11 1037 1046 1047 1038
721 3 2 5 11 1038 1047 1048 1039
722 3 2 5 11 1039 1048 1049 1040
723 3 2 5 11 1040 1049 1050 1041
724 3 2 5 11 1041 1050 1051 1042
725 3 2 5 11 1042 1051 206 205
726 3 2 5 11 62 5 193 1043
727 3 2 5 11 1043 193 194 1044
728 3 2 5 11 1044 194 195 1045
729 3 2 5 11 1045 195 196 1046
730 3 2 5 11 1046 196 197 1047
731 3 2 5 11 1047 197 198 1048
732 3 2 5 11 1048 198 199 1049
733 3 2 5 11 1049 199 200 1050
734 3 2 5 11 1050 200 201 1051
735 3 2 5 11 1051 201 15 206
736 3 2 5 14 3 88 1192 217
737 3 2 5 14 217 1192 1193 218
738 3 2 5 14 218 1193 1194 219
739 3 2 5 14 219 1194 1195 220
740 3 2 5 14 220 1195 1196 221
741 3 2 5 14 221 1196 1197 222
742 3 2 5 14 222 1197 1198 223
743 3 2 5 14 223 1198 1199 224
744 3 2 5 14 224 1199 1200 225
745 3 2 5 14 225 1200 226 16
746 3 2 5 14 88 89 1201 1192
747 3 2 5 14 1192 1201 1202 1193
748 3 2 5 14 1193 1202 1203 1194
749 3 2 5 14 1194 1203 1204 1195
750 3 2 5 14 1195 1204 1205 1196
751 3 2 5 14 1196 1205 1206 1197
752 3 2 5 14 1197 1206 1207 1198
753 3 2 5 14 1198 1207 1208 1199
754 3 2 5 14 1199 1208 1209 1200
755 3 2 5 14 1200 1209 227 226
756 3 2 5 14 89 90 1210 1201
757 3 2 5 14 1201 1210 1211 1202
758 3 2 5 14 1202 1211 1212 1203
759 3 2 5 14 1203 1212 1213 1204
760 3 2 5 14 1204 1213 1214 1205
761 3 2 5 14 1205 1214 1215 1206
762 3 2 5 14 1206 1215 1216 1207
763 3 2 5 14 1207 1216 1217 1208
764 3 2 5 14 1208 1217 1218 1209
765 3 2 5 14 1209 1218 228 227
766 3 2 5 14 90 91 1219 1210
767 3 2 5 14 1210 1219 1220 1211
768 3 2 5 14 1211 1220 1221 1212
769 3 2 5 14 1212 1221 1222 1213
770 3 2 5 14 1213 1222 1223 1214
771 3 2 5 14 1214 1223 1224 1215
772 3 2 5 14 1215 1224 1225 1216
773 3 2 5 14 1216 1225 1226 1217
774 3 2 5 14 1217 1226 1227 1218
775 3 2 5 14 1218 1227 229 228
776 3 2 5 14 91 92 1228 1219
777 3 2 5 14 1219 1228 1229 1220
778 3 2 5 14 1220 1229 1230 1221
779 3 2 5 14 1221 1230 1231 1222
780 3 2 5 14 1222 1231 1232 1223
781 3 2 5 14 1223 1232 1233 1224
782 3 2 5 14 1224 1233 1234 1225
783 3 2 5 14 1225 1234 1235 1226
784 3 2 5 14 1226 1235 1236 1227
785 3 2 5 14 1227 1236 230 229
786 3 2 5 14 92 93 1237 1228
787 3 2 5 14 1228 1237 1238 1229
788 3 2 5 14 1229 1238 1239 1230
789 3 2 5 14 1230 1239 1240 1231
790 3 2 5 14 1231 1240 1241 1232
791 3 2 5 14 1232 1241 1242 1233
792 3 2 5 14 1233 1242 1243 1234
793 3 2 5 14 1234 1243 1244 1235
794 3 2 5 14 1235 1244 1245 1236
795 3 2 5 14 1236 1245 231 230
796 3 2 5 14 93 94 1246 1237
797 3 2 5 14 1237 1246 1247 1238
798 3 2 5 14 1238 1247 1248 1239
799 3 2 5 14 1239 1248 1249 1240
800 3 2 5 14 1240 1249 1250 1241
801 3 2 5 14 1241 1250 1251 1242
802 3 2 5 14 1242 1251 1252 1243
803 3 2 5 14 1243 1252 1253 1244
804 3 2 5 14 1244 1253 1254 1245
805 3 2 5 14 1245 1254 232 231
806 3 2 5 14 94 95 1255 1246
807 3 2 5 14 1246 1255 1256 1247
808 3 2 5 14 1247 1256 1257 1248
809 3 2 5 14 1248 1257 1258 1249
810 3 2 5 14 1249 1258 1259 1250
811 3 2 5 14 1250 1259 1260 1251
812 3 2 5 14 1251 1260 1261 1252
813 3 2 5 14 1252 1261 1262 1253
814 3 2 5 14 1253 1262 1263 1254
815 3 2 5 14 1254 1263 233 232
816 3 2 5 14 95 96 1264 1255
817 3 2 5 14 1255 1264 1265 1256
818 3 2 5 14 1256 1265 1266 1257
819 3 2 5 14 1257 1266 1267 1258
820 3 2 5 14 1258 1267 1268 1259
821 3 2 5 14 1259 1268 1269 1260
822 3 2 5 14 1260 1269 1270 1261
823 3 2 5 14 1261 1270 1271 1262
824 3 2 5 14 1262 1271 1272 1263
825 3 2 5 14 1263 1272 234 233
826 3 2 5 14 96 97 1273 1264
827 3 2 5 14 1264 1273 1274 1265
828 3 2 5 14 1265 1274 1275 1266
829 3 2 5 14 1266 1275 1276 1267
830 3 2 5 14 1267 1276 1277 1268
831 3 2 5 14 1268 1277 1278 1269
832 3 2 5 14 1269 1278 1279 1270
833 3 2 5 14 1270 1279 1280 1271
834 3 2 5 14 1271 1280 1281 1272
835 3 2 5 14 1272 1281 235 234
836 3 2 5 14 97 6 141 1273
837 3 2 5 14 1273 141 142 1274
838 3 2 5 14 1274 142 143 1275
839 3 2 5 14 1275 143 144 1276
840 3 2 5 14 1276 144 145 1277
841 3 2 5 14 1277 145 146 1278
842 3 2 5 14 1278 146 147 1279
843 3 2 5 14 1279 147 148 1280
844 3 2 5 14 1280 148 149 1281
845 3 2 5 14 1281 149 12 235
846 3 2 5 16 2 83 1372 236
847 3 2 5 16 236 1372 1373 237
848 3 2 5 16 237 1373 1374 238
849 3 2 5 16 238 1374 1375 239
850 3 2 5 16 239 1375 1376 240
851 3 2 5 16 240 1376 1377 241
852 3 2 5 16 241 1377 1378 242
853 3 2 5 16 242 1378 1379 243
854 3 2 5 16 243 1379 1380 244
855 3 2 5 16 244 1380 255 17
856 3 2 5 16 83 84 1381 1372
857 3 2 5 16 1372 1381 1382 1373
858 3 2 5 16 1373 1382 1383 1374
859 3 2 5 16 1374 1383 1384 1375
860 3 2 5 16 1375 1384 1385 1376
861 3 2 5 16 1376 1385 1386 1377
862 3 2 5 16 1377 1386 1387 1378
863 3 2 5 16 1378 1387 1388 1379
864 3 2 5 16 1379 1388 1389 1380
865 3 2 5 16 1380 1389 256 255
866 3 2 5 16 84 85 1390 1381
867 3 2 5 16 1381 1390 1391 1382
868 3 2 5 16 1382 1391 1392 1383
869 3 2 5 16 1383 1392 1393 1384
870 3 2 5 16 1384 1393 1394 1385
871 3 2 5 16 1385 1394 1395 1386
872 3 2 5 16 1386 1395 1396 1387
873 3 2 5 16 1387 1396 1397 1388
874 3 2 5 16 1388 1397 1398 1389
875 3 2 5 16 1389 1398 257 256
876 3 2 5 16 85 86 1399 1390
877 3 2 5 16 1390 1399 1400 1391
878 3 2 5 16 1391 1400 1401 1392
879 3 2 5 16 1392 1401 1402 1393
880 3 2 5 16 1393 1402 1403 1394
881 3 2 5 16 1394 1403 1404 1395
882 3 2 5 16 1395 1404 1405 1396
883 3 2 5 16 1396 1405 1406 1397
884 3 2 5 16 1397 1406 1407 1398
885 3 2 5 16 1398 1407 258 257
886 3 2 5 16 86 87 1408 1399
887 3 2 5 16 1399 1408 1409 1400
888 3 2 5 16 1400 1409 1410 1401
889 3 2 5 16 1401 1410 1411 1402
890 3 2 5 16 1402 1411 1412 1403
891 3 2 5 16 1403 1412 1413 1404
892 3 2 5 16 1404 1413 1414 1405
893 3 2 5 16 1405 1414 1415 1406
894 3 2 5 16 1406 1415 1416 1407
895 3 2 5 16 1407 1416 259 258
896 3 2 5 16 87 3 217 1408
897 3 2 5 16 1408 217 218 1409
898 3 2 5 16 1409 218 219 1410
899 3 2 5 16 1410 219 220 1411
900 3 2 5 16 1411 220 221 1412
901 3 2 5 16 1412 221 222 1413
902 3 2 5 16 1413 222 223 1414
903 3 2 5 16 1414 223 224 1415
904 3 2 5 16 1415 224 225 1416
905 3 2 5 16 1416 225 16 259
906 3 2 5 18 1 73 1467 260
907 3 2 5 18 260 1467 1468 261
908 3 2 5 18 261 1468 1469 262
909 3 2 5 18 262 1469 1470 263
910 3 2 5 18 263 1470 1471 264
911 3 2 5 18 264 1471 1472 265
912 3 2 5 18 265 1472 1473 266
913 3 2 5 18 266 1473 1474 267
914 3 2 5 18 267 1474 1475 268
915 3 2 5 18 268 1475 269 18
916 3 2 5 18 73 74 1476 1467
917 3 2 5 18 1467 1476 1477 1468
918 3 2 5 18 1468 1477 1478 1469
919 3 2 5 18 1469 1478 1479 1470
920 3 2 5 18 1470 1479 1480 1471
921 3 2 5 18 1471 1480 1481 1472
922 3 2 5 18 1472 1481 1482 1473
923 3 2 5 18 1473 1482 1483 1474
924 3 2 5 18 1474 1483 1484 1475
925 3 2 5 18 1475 1484 270 269
926 3 2 5 18 74 75 1485 1476
927 3 2 5 18 1476 1485 1486 1477
928 3 2 5 18 1477 1486 1487 1478
929 3 2 5 18 1478 1487 1488 1479
930 3 2 5 18 1479 1488 1489 1480
931 3 2 5 18 1480 1489 1490 1481
932 3 2 5 18 1481 1490 1491 1482
933 3 2 5 18 1482 1491 1492 1483
934 3 2 5 18 1483 1492 1493 1484
935 3 2 5 18 1484 1493 271 270
936 3 2 5 18 75 76 1494 1485
937 3 2 5 18 1485 1494 1495 1486
938 3 2 5 18 1486 1495 1496 1487
939 3 2 5 18 1487 1496 1497 1488
940 3 2 5 18 1488 1497 1498 1489
941 3 2 5 18 1489 1498 1499 1490
942 3 2 5 18 1490 1499 1500 1491
943 3 2 5 18 1491 1500 1501 1492
944 3 2 5 18 1492 1501 1502 1493
945 3 2 5 18 1493 1502 272 271
946 3 2 5 18 76 77 1503 1494
947 3 2 5 18 1494 1503 1504 1495
948 3 2 5 18 1495 1504 1505 1496
949 3 2 5 18 1496 1505 1506 1497
950 3 2 5 18 1497 1506 1507 1498
951 3 2 5 18 1498 1507 1508 1499
952 3 2 5 18 1499 1508 1509 1500
953 3 2 5 18 1500 1509 1510 1501
954 3 2 5 18 1501 1510 1511 1502
955 3 2 5 18 1502 1511 273 272
956 3 2 5 18 77 78 1512 1503
957 3 2 5 18 1503 1512 1513 1504
958 3 2 5 18 1504 1513 1514 1505
959 3 2 5 18 1505 1514 1515 1506
960 3 2 5 18 1506 1515 1516 1507
961 3 2 5 18 1507 1516 1517 1508
962 3 2 5 18 1508 1517 1518 1509
963 3 2 5 18 1509 1518 1519 1510
964 3 2 5 18 1510 1519 1520 1511
965 3 2 5 18 1511 1520 274 273
966 3 2 5 18 78 79 1521 1512
967 3 2 5 18 1512 1521 1522 1513
968 3 2 5 18 1513 1522 1523 1514
969 3 2 5 18 1514 1523 1524 1515
970 3 2 5 18 1515 1524 1525 1516
971 3 2 5 18 1516 1525 1526 1517
972 3 2 5 18 1517 1526 1527 1518
973 3 2 5 18 1518 1527 1528 1519
974 3 2 5 18 1519 1528 1529 1520
975 3 2 5 18 1520 1529 275 274
976 3 2 5 18 79 80 1530 1521
977 3 2 5 18 1521 1530 1531 1522
978 3 2 5 18 1522 1531 1532 1523
979 3 2 5 18 1523 1532 1533 1524
980 3 2 5 18 1524 1533 1534 1525
981 3 2 5 18 1525 1534 1535 1526
982 3 2 5 18 1526 1535 1536 1527
983 3 2 5 18 1527 1536 1537 1528
984 3 2 5 18 1528 1537 1538 1529
985 3 2 5 18 1529 1538 276 275
986 3 2 5 18 80 81 1539 1530
987 3 2 5 18 1530 1539 1540 1531
988 3 2 5 18 1531 1540 1541 1532
989 3 2 5 18 1532 1541 1542 1533
990 3 2 5 18 1533 1542 1543 1534
991 3 2 5 18 1534 1543 1544 1535
992 3 2 5 18 1535 1544 1545 1536
993 3 2 5 18 1536 1545 1546 1537
994 3 2 5 18 1537 1546 1547 1538
995 3 2 5 18 1538 1547 277 276
996 3 2 5 18 81 82 1548 1539
997 3 2 5 18 1539 1548 1549 1540
998 3 2 5 18 1540 1549 1550 1541
999 3 2 5 18 1541 1550 1551 1542
1000 3 2 5 18 1542 1551 1552 1543
1001 3 2 5 18 1543 1552 1553 1544
1002 3 2 5 18 1544 1553 1554 1545
1003 3 2 5 18 1545 1554 1555 1546
1004 3 2 5 18 1546 1555 1556 1547
1005 3 2 5 18 1547 1556 278 277
1006 3 2 5 18 82 2 236 1548
1007 3 2 5 18 1548 236 237 1549
1008 3 2 5 18 1549 237 238 1550
1009 3 2 5 18 1550 238 239 1551
1010 3 2 5 18 1551 239 240 1552
1011 3 2 5 18 1552 240 241 1553
1012 3 2 5 18 1553 241 242 1554
1013 3 2 5 18 1554 242 243 1555
1014 3 2 5 18 1555 243 244 1556
1015 3 2 5 18 1556 244 17 278
1016 3 2 5 19 5 63 1557 193
1017 3 2 5 19 193 1557 1558 194
1018 3 2 5 19 194 1558 1559 195
1019 3 2 5 19 195 1559 1560 196
1020 3 2 5 19 196 1560 1561 197
1021 3 2 5 19 197 1561 1562 198
1022 3 2 5 19 198 1562 1563 199
1023 3 2 5 19 199 1563 1564 200
1024 3 2 5 19 200 1564 1565 201
1025 3 2 5 19 201 1565 279 15
1026 3 2 5 19 63 64 1566 1557
1027 3 2 5 19 1557 1566 1567 1558
1028 3 2 5 19 1558 1567 1568 1559
1029 3 2 5 19 1559 1568 1569 1560
1030 3 2 5 19 1560 1569 1570 1561
1031 3 2 5 19 1561 1570 1571 1562
1032 3 2 5 19 1562 1571 1572 1563
1033 3 2 5 19 1563 1572 1573 1564
1034 3 2 5 19 1564 1573 1574 1565
1035 3 2 5 19 1565 1574 280 279
1036 3 2 5 19 64 65 1575 1566
1037 3 2 5 19 1566 1575 1576 1567
1038 3 2 5 19 1567 1576 1577 1568
1039 3 2 5 19 1568 1577 1578 1569
1040 3 2 5 19 1569 1578 1579 1570
1041 3 2 5 19 1570 1579 1580 1571
1042 3 2 5 19 1571 1580 1581 1572
1043 3 2 5 19 1572 1581 1582 1573
1044 3 2 5 19 1573 1582 1583 1574
1045 3 2 5 19 1574 1583 281 280
1046 3 2 5 19 65 66 1584 1575
1047 3 2 5 19 1575 1584 1585 1576
1048 3 2 5 19 1576 1585 1586 1577
1049 3 2 5 19 1577 1586 1587 1578
1050 3 2 5 19 1578 1587 1588 1579
1051 3 2 5 19 1579 1588 1589 1580
1052 3 2 5 19 1580 1589 1590 1581
1053 3 2 5 19 1581 1590 1591 1582
1054 3 2 5 19 1582 1591 1592 1583
1055 3 2 5 19 1583 1592 282 281
1056 3 2 5 19 66 67 1593 1584
1057 3 2 5 19 1584 1593 1594 1585
1058 3 2 5 19 1585 1594 1595 1586
1059 3 2 5 19 1586 1595 1596 1587
1060 3 2 5 19 1587 1596 1597 1588
1061 3 2 5 19 1588 1597 1598 1589
1062 3 2 5 19 1589 1598 1599 1590
1063 3 2 5 19 1590 1599 1600 1591
1064 3 2 5 19 1591 1600 1601 1592
1065 3 2 5 19 1592 1601 283 282
1066 3 2 5 19 67 68 1602 1593
1067 3 2 5 19 1593 1602 1603 1594
1068 3 2 5 19 1594 1603 1604 1595
1069 3 2 5 19 1595 1604 1605 1596
1070 3 2 5 19 1596 1605 1606 1597
1071 3 2 5 19 1597 1606 1607 1598
1072 3 2 5 19 1598 1607 1608 1599
1073 3 2 5 19 1599 1608 1609 1600
1074 3 2 5 19 1600 1609 1610 1601
1075 3 2 5 19 1601 1610 284 283
1076 3 2 5 19 68 69 1611 1602
1077 3 2 5 19 1602 1611 1612 1603
1078 3 2 5 19 1603 1612 1613 1604
1079 3 2 5 19 1604 1613 1614 1605
1080 3 2 5 19 1605 1614 1615 1606
1081 3 2 5 19 1606 1615 1616 1607
1082 3 2 5 19 1607 1616 1617 1608
1083 3 2 5 19 1608 1617 1618 1609
1084 3 2 5 19 1609 1618 1619 1610
1085 3 2 5 19 1610 1619 285 284
1086 3 2 5 19 69 70 1620 1611
1087 3 2 5 19 1611 1620 1621 1612
1088 3 2 5 19 1612 1621 1622 1613
1089 3 2 5 19 1613 1622 1623 1614
1090 3 2 5 19 1614 1623 1624 1615
1091 3 2 5 19 1615 1624 1625 1616
1092 3 2 5 19 1616 1625 1626 1617
1093 3 2 5 19 1617 1626 1627 1618
1094 3 2 5 19 1618 1627 1628 1619
1095 3 2 5 19 1619 1628 286 285
1096 3 2 5 19 70 71 1629 1620
1097 3 2 5 19 1620 1629 1630 1621
1098 3 2 5 19 1621 1630 1631 1622
1099 3 2 5 19 1622 1631 1632 1623
1100 3 2 5 19 1623 1632 1633 1624
1101 3 2 5 19 1624 1633 1634 1625
1102 3 2 5 19 1625 1634 1635 1626
1103 3 2 5 19 1626 1635 1636 1627
1104 3 2 5 19 1627 1636 1637 1628
1105 3 2 5 19 1628 1637 287 286
1106 3 2 5 19 71 72 1638 1629
1107 3 2 5 19 1629 1638 1639 1630
1108 3 2 5 19 1630 1639 1640 1631
1109 3 2 5 19 1631 1640 1641 1632
1110 3 2 5 19 1632 1641 1642 1633
1111 3 2 5 19 1633 1642 1643 1634
1112 3 2 5 19 1634 1643 1644 1635
1113 3 2 5 19 1635 1644 1645 1636
1114 3 2 5 19 1636 1645 1646 1637
1115 3 2 5 19 1637 1646 288 287
1116 3 2 5 19 72 1 260 1638
1117 3 2 5 19 1638 260 261 1639
1118 3 2 5 19 1639 261 262 1640
1119 3 2 5 19 1640 262 263 1641
1120 3 2 5 19 1641 263 264 1642
1121 3 2 5 19 1642 264 265 1643
1122 3 2 5 19 1643 265 266 1644
1123 3 2 5 19 1644 266 267 1645
1124 3 2 5 19 1645 267 268 1646
1125 3 2 5 19 1646 268 18 288
1126 3 2 4 21 10 289 1747 136
1127 3 2 4 21 289 290 1748 1747
1128 3 2 4 21 290 291 1749 1748
1129 3 2 4 21 291 292 1750 1749
1130 3 2 4 21 292 293 1751 1750
1131 3 2 4 21 293 294 1752 1751
1132 3 2 4 21 294 295 1753 1752
1133 3 2 4 21 295 296 1754 1753
1134 3 2 4 21 296 297 1755 1754
1135 3 2 4 21 297 298 1756 1755
1136 3 2 4 21 298 299 1757 1756
1137 3 2 4 21 299 300 1758 1757
1138 3 2 4 21 300 19 313 1758
1139 3 2 4 21 136 1747 1759 137
1140 3 2 4 21 1747 1748 1760 1759
1141 3 2 4 21 1748 1749 1761 1760
1142 3 2 4 21 1749 1750 1762 1761
1143 3 2 4 21 1750 1751 1763 1762
1144 3 2 4 21 1751 1752 1764 1763
1145 3 2 4 21 1752 1753 1765 1764
1146 3 2 4 21 1753 1754 1766 1765
1147 3 2 4 21 1754 1755 1767 1766
1148 3 2 4 21 1755 1756 1768 1767
1149 3 2 4 21 1756 1757 1769 1768
1150 3 2 4 21 1757 1758 1770 1769
1151 3 2 4 21 1758 313 314 1770
1152 3 2 4 21 137 1759 1771 138
1153 3 2 4 21 1759 1760 1772 1771
1154 3 2 4 21 1760 1761 1773 1772
1155 3 2 4 21 1761 1762 1774 1773
1156 3 2 4 21 1762 1763 1775 1774
1157 3 2 4 21 1763 1764 1776 1775
1158 3 2 4 21 1764 1765 1777 1776
1159 3 2 4 21 1765 1766 1778 1777
1160 3 2 4 21 1766 1767 1779 1778
1161 3 2 4 21 1767 1768 1780 1779
1162 3 2 4 21 1768 1769 1781 1780
1163 3 2 4 21 1769 1770 1782 1781
1164 3 2 4 21 1770 314 315 1782
1165 3 2 4 21 138 1771 1783 139
1166 3 2 4 21 1771 1772 1784 1783
1167 3 2 4 21 1772 1773 1785 1784
1168 3 2 4 21 1773 1774 1786 1785
1169 3 2 4 21 1774 1775 1787 1786
1170 3 2 4 21 1775 1776 1788 1787
1171 3 2 4 21 1776 1777 1789 1788
1172 3 2 4 21 1777 1778 1790 1789
1173 3 2 4 21 1778 1779 1791 1790
1174 3 2 4 21 1779 1780 1792 1791
1175 3 2 4 21 1780 1781 1793 1792
1176 3 2 4 21 1781 1782 1794 1793
1177 3 2 4 21 1782 315 316 1794
1178 3 2 4 21 139 1783 1795 140
1179 3 2 4 21 1783 1784 1796 1795
1180 3 2 4 21 1784 1785 1797 1796
1181 3 2 4 21 1785 1786 1798 1797
1182 3 2 4 21 1786 1787 1799 1798
1183 3 2 4 21 1787 1788 1800 1799
1184 3 2 4 21 1788 1789 1801 1800
1185 3 2 4 21 1789 1790 1802 1801
1186 3 2 4 21 1790 1791 1803 1802
1187 3 2 4 21 1791 1792 1804 1803
1188 3 2 4 21 1792 1793 1805 1804
1189 3 2 4 21 1793 1794 1806 1805
1190 3 2 4 21 1794 316 317 1806
1191 3 2 4 21 140 1795 301 11
1192 3 2 4 21 1795 1796 302 301
1193 3 2 4 21 1796 1797 303 302
1194 3 2 4 21 1797 1798 304 303
1195 3 2 4 21 1798 1799 305 304
1196 3 2 4 21 1799 1800 306 305
1197 3 2 4 21 1800 1801 307 306
1198 3 2 4 21 1801 1802 308 307
1199 3 2 4 21 1802 1803 309 308
1200 3 2 4 21 1803 1804 310 309
1201 3 2 4 21 1804 1805 311 310
1202 3 2 4 21 1805 1806 312 311
1203 3 2 4 21 1806 317 20 312
1204 3 2 5 22 11 301 1807 150
1205 3 2 5 22 301 302 1808 1807
1206 3 2 5 22 302 303 1809 1808
1207 3 2 5 22 303 304 1810 1809
1208 3 2 5 22 304 305 1811 1810
1209 3 2 5 22 305 306 1812 1811
1210 3 2 5 22 306 307 1813 1812
1211 3 2 5 22 307 308 1814 1813
1212 3 2 5 22 308 309 1815 1814
1213 3 2 5 22 309 310 1816 1815
1214 3 2 5 22 310 311 1817 1816
1215 3 2 5 22 311 312 1818 1817
1216 3 2 5 22 312 20 330 1818
1217 3 2 5 22 150 1807 1819 151
1218 3 2 5 22 1807 1808 1820 1819
1219 3 2 5 22 1808 1809 1821 1820
1220 3 2 5 22 1809 1810 1822 1821
1221 3 2 5 22 1810 1811 1823 1822
1222 3 2 5 22 1811 1812 1824 1823
1223 3 2 5 22 1812 1813 1825 1824
1224 3 2 5 22 1813 1814 1826 1825
1225 3 2 5 22 1814 1815 1827 1826
1226 3 2 5 22 1815 1816 1828 1827
1227 3 2 5 22 1816 1817 1829 1828
1228 3 2 5 22 1817 1818 1830 1829
1229 3 2 5 22 1818 330 331 1830
1230 3 2 5 22 151 1819 1831 152
1231 3 2 5 22 1819 1820 1832 1831
1232 3 2 5 22 1820 1821 1833 1832
1233 3 2 5 22 1821 1822 1834 1833
1234 3 2 5 22 1822 1823 1835 1834
1235 3 2 5 22 1823 1824 1836 1835
1236 3 2 5 22 1824 1825 1837 1836
1237 3 2 5 22 1825 1826 1838 1837
1238 3 2 5 22 1826 1827 1839 1838
1239 3 2 5 22 1827 1828 1840 1839
1240 3 2 5 22 1828 1829 1841 1840
1241 3 2 5 22 1829 1830 1842 1841
1242 3 2 5 22 1830 331 332 1842
1243 3 2 5 22 152 1831 1843 153
1244 3 2 5 22 1831 1832 1844 1843
1245 3 2 5 22 1832 1833 1845 1844
1246 3 2 5 22 1833 1834 1846 1845
1247 3 2 5 22 1834 1835 1847 1846
1248 3 2 5 22 1835 1836 1848 1847
1249 3 2 5 22 1836 1837 1849 1848
1250 3 2 5 22 1837 1838 1850 1849
1251 3 2 5 22 1838 1839 1851 1850
1252 3 2 5 22 1839 1840 1852 1851
1253 3 2 5 22 1840 1841 1853 1852
1254 3 2 5 22 1841 1842 1854 1853
1255 3 2 5 22 1842 332 333 1854
1256 3 2 5 22 153 1843 1855 154
1257 3 2 5 22 1843 1844 1856 1855
1258 3 2 5 22 1844 1845 1857 1856
1259 3 2 5 22 1845 1846 1858 1857
1260 3 2 5 22 1846 1847 1859 1858
1261 3 2 5 22 1847 1848 1860 1859
1262 3 2 5 22 1848 1849 1861 1860
1263 3 2 5 22 1849 1850 1862 1861
1264 3 2 5 22 1850 1851 1863 1862
1265 3 2 5 22 1851 1852 1864 1863
1266 3 2 5 22 1852 1853 1865 1864
1267 3 2 5 22 1853 1854 1866 1865
1268 3 2 5 22 1854 333 334 1866
1269 3 2 5 22 154 1855 318 12
1270 3 2 5 22 1855 1856 319 318
1271 3 2 5 22 1856 1857 320 319
1272 3 2 5 22 1857 1858 321 320
1273 3 2 5 22 1858 1859 322 321
1274 3 2 5 22 1859 1860 323 322
1275 3 2 5 22 1860 1861 324 323
1276 3 2 5 22 1861 1862 325 324
1277 3 2 5 22 1862 1863 326 325
1278 3 2 5 22 1863 1864 327 326
1279 3 2 5 22 1864 1865 328 327
1280 3 2 5 22 1865 1866 329 328
1281 3 2 5 22 1866 334 21 329
1282 3 2 5 25 19 356 1987 313
1283 3 2 5 25 356 355 1988 1987
1284 3 2 5 25 355 354 1989 1988
1285 3 2 5 25 354 353 1990 1989
1286 3 2 5 25 353 352 1991 1990
1287 3 2 5 25 352 22 351 1991
1288 3 2 5 25 313 1987 1992 314
1289 3 2 5 25 1987 1988 1993 1992
1290 3 2 5 25 1988 1989 1994 1993
1291 3 2 5 25 1989 1990 1995 1994
1292 3 2 5 25 1990 1991 1996 1995
1293 3 2 5 25 1991 351 350 1996
1294 3 2 5 25 314 1992 1997 315
1295 3 2 5 25 1992 1993 1998 1997
1296 3 2 5 25 1993 1994 1999 1998
1297 3 2 5 25 1994 1995 2000 1999
1298 3 2 5 25 1995 1996 2001 2000
1299 3 2 5 25 1996 350 349 2001
1300 3 2 5 25 315 1997 2002 316
1301 3 2 5 25 1997 1998 2003 2002
1302 3 2 5 25 1998 1999 2004 2003
1303 3 2 5 25 1999 2000 2005 2004
1304 3 2 5 25 2000 2001 2006 2005
1305 3 2 5 25 2001 349 348 2006
1306 3 2 5 25 316 2002 2007 317
1307 3 2 5 25 2002 2003 2008 2007
1308 3 2 5 25 2003 2004 2009 2008
1309 3 2 5 25 2004 2005 2010 2009
1310 3 2 5 25 2005 2006 2011 2010
1311 3 2 5 25 2006 348 347 2011
1312 3 2 5 25 317 2007 330 20
1313 3 2 5 25 2007 2008 331 330
1314 3 2 5 25 2008 2009 332 331
1315 3 2 5 25 2009 2010 333 332
1316 3 2 5 25 2010 2011 334 333
1317 3 2 5 25 2011 347 21 334
1318 3 2 4 26 10 183 2012 289
1319 3 2 4 26 289 2012 2013 290
1320 3 2 4 26 290 2013 2014 291
1321 3 2 4 26 291 2014 2015 292
1322 3 2 4 26 292 2015 2016 293
1323 3 2 4 26 293 2016 2017 294
1324 3 2 4 26 294 2017 2018 295
1325 3 2 4 26 295 2018 2019 296
1326 3 2 4 26 296 2019 2020 297
1327 3 2 4 26 297 2020 2021 298
1328 3 2 4 26 298 2021 2022 299
1329 3 2 4 26 299 2022 2023 300
1330 3 2 4 26 300 2023 369 19
1331 3 2 4 26 183 184 2024 2012
1332 3 2 4 26 2012 2024 2025 2013
1333 3 2 4 26 2013 2025 2026 2014
1334 3 2 4 26 2014 2026 2027 2015
1335 3 2 4 26 2015 2027 2028 2016
1336 3 2 4 26 2016 2028 2029 2017
1337 3 2 4 26 2017 2029 2030 2018
1338 3 2 4 26 2018 2030 2031 2019
1339 3 2 4 26 2019 2031 2032 2020
1340 3 2 4 26 2020 2032 2033 2021
1341 3 2 4 26 2021 2033 2034 2022
1342 3 2 4 26 2022 2034 2035 2023
1343 3 2 4 26 2023 2035 370 369
1344 3 2 4 26 184 185 2036 2024
1345 3 2 4 26 2024 2036 2037 2025
1346 3 2 4 26 2025 2037 2038 2026
1347 3 2 4 26 2026 2038 2039 2027
1348 3 2 4 26 2027 2039 2040 2028
1349 3 2 4 26 2028 2040 2041 2029
1350 3 2 4 26 2029 2041 2042 2030
1351 3 2 4 26 2030 2042 2043 2031
1352 3 2 4 26 2031 2043 2044 2032
1353 3 2 4 26 2032 2044 2045 2033
1354 3 2 4 26 2033 2045 2046 2034
1355 3 2 4 26 2034 2046 2047 2035
1356 3 2 4 26 2035 2047 371 370
1357 3 2 4 26 185 186 2048 2036
1358 3 2 4 26 2036 2048 2049 2037
1359 3 2 4 26 2037 2049 2050 2038
1360 3 2 4 26 2038 2050 2051 2039
1361 3 2 4 26 2039 2051 2052 2040
1362 3 2 4 26 2040 2052 2053 2041
1363 3 2 4 26 2041 2053 2054 2042
1364 3 2 4 26 2042 2054 2055 2043
1365 3 2 4 26 2043 2055 2056 2044
1366 3 2 4 26 2044 2056 2057 2045
1367 3 2 4 26 2045 2057 2058 2046
1368 3 2 4 26 2046 2058 2059 2047
1369 3 2 4 26 2047 2059 372 371
1370 3 2 4 26 186 187 2060 2048
1371 3 2 4 26 2048 2060 2061 2049
1372 3 2 4 26 2049 2061 2062 2050
1373 3 2 4 26 2050 2062 2063 2051
1374 3 2 4 26 2051 2063 2064 2052
1375 3 2 4 26 2052 2064 2065 2053
1376 3 2 4 26 2053 2065 2066 2054
1377 3 2 4 26 2054 2066 2067 2055
1378 3 2 4 26 2055 2067 2068 2056
1379 3 2 4 26 2056 2068 2069 2057
1380 3 2 4 26 2057 2069 2070 2058
1381 3 2 4 26 2058 2070 2071 2059
1382 3 2 4 26 2059 2071 373 372
1383 3 2 4 26 187 188 2072 2060
1384 3 2 4 26 2060 2072 2073 2061
1385 3 2 4 26 2061 2073 2074 2062
1386 3 2 4 26 2062 2074 2075 2063
1387 3 2 4 26 2063 2075 2076 2064
1388 3 2 4 26 2064 2076 2077 2065
1389 3 2 4 26 2065 2077 2078 2066
1390 3 2 4 26 2066 2078 2079 2067
1391 3 2 4 26 2067 2079 2080 2068
1392 3 2 4 26 2068 2080 2081 2069
1393 3 2 4 26 2069 2081 2082 2070
1394 3 2 4 26 2070 2082 2083 2071
1395 3 2 4 26 2071 2083 374 373
1396 3 2 4 26 188 189 2084 2072
1397 3 2 4 26 2072 2084 2085 2073
1398 3 2 4 26 2073 2085 2086 2074
1399 3 2 4 26 2074 2086 2087 2075
1400 3 2 4 26 2075 2087 2088 2076
1401 3 2 4 26 2076 2088 2089 2077
1402 3 2 4 26 2077 2089 2090 2078
1403 3 2 4 26 2078 2090 2091 2079
1404 3 2 4 26 2079 2091 2092 2080
1405 3 2 4 26 2080 2092 2093 2081
1406 3 2 4 26 2081 2093 2094 2082
1407 3 2 4 26 2082 2094 2095 2083
1408 3 2 4 26 2083 2095 375 374
1409 3 2 4 26 189 190 2096 2084
1410 3 2 4 26 2084 2096 2097 2085
1411 3 2 4 26 2085 2097 2098 2086
1412 3 2 4 26 2086 2098 2099 2087
1413 3 2 4 26 2087 2099 2100 2088
1414 3 2 4 26 2088 2100 2101 2089
1415 3 2 4 26 2089 2101 2102 2090
1416 3 2 4 26 2090 2102 2103 2091
1417 3 2 4 26 2091 2103 2104 2092
1418 3 2 4 26 2092 2104 2105 2093
1419 3 2 4 26 2093 2105 2106 2094
1420 3 2 4 26 2094 2106 2107 2095
1421 3 2 4 26 2095 2107 376 375
1422 3 2 4 26 190 191 2108 2096
1423 3 2 4 26 2096 2108 2109 2097
1424 3 2 4 26 2097 2109 2110 2098
1425 3 2 4 26 2098 2110 2111 2099
1426 3 2 4 26 2099 2111 2112 2100
1427 3 2 4 26 2100 2112 2113 2101
1428 3 2 4 26 2101 2113 2114 2102
1429 3 2 4 26 2102 2114 2115 2103
1430 3 2 4 26 2103 2115 2116 2104
1431 3 2 4 26 2104 2116 2117 2105
1432 3 2 4 26 2105 2117 2118 2106
1433 3 2 4 26 2106 2118 2119 2107
1434 3 2 4 26 2107 2119 377 376
1435 3 2 4 26 191 192 2120 2108
1436 3 2 4 26 2108 2120 2121 2109
1437 3 2 4 26 2109 2121 2122 2110
1438 3 2 4 26 2110 2122 2123 2111
1439 3 2 4 26 2111 2123 2124 2112
1440 3 2 4 26 2112 2124 2125 2113
1441 3 2 4 26 2113 2125 2126 2114
1442 3 2 4 26 2114 2126 2127 2115
1443 3 2 4 26 2115 2127 2128 2116
1444 3 2 4 26 2116 2128 2129 2117
1445 3 2 4 26 2117 2129 2130 2118
1446 3 2 4 26 2118 2130 2131 2119
1447 3 2 4 26 2119 2131 378 377
1448 3 2 4 26 192 14 357 2120
1449 3 2 4 26 2120 357 358 2121
1450 3 2 4 26 2121 358 359 2122
1451 3 2 4 26 2122 359 360 2123
1452 3 2 4 26 2123 360 361 2124
1453 3 2 4 26 2124 361 362 2125
1454 3 2 4 26 2125 362 363 2126
1455 3 2 4 26 2126 363 364 2127
1456 3 2 4 26 2127 364 365 2128
1457 3 2 4 26 2128 365 366 2129
1458 3 2 4 26 2129 366 367 2130
1459 3 2 4 26 2130 367 368 2131
1460 3 2 4 26 2131 368 23 378
1461 3 2 5 27 14 202 2132 357
1462 3 2 5 27 357 2132 2133 358
1463 3 2 5 27 358 2133 2134 359
1464 3 2 5 27 359 2134 2135 360
1465 3 2 5 27 360 2135 2136 361
1466 3 2 5 27 361 2136 2137 362
1467 3 2 5 27 362 2137 2138 363
1468 3 2 5 27 363 2138 2139 364
1469 3 2 5 27 364 2139 2140 365
1470 3 2 5 27 365 2140 2141 366
1471 3 2 5 27 366 2141 2142 367
1472 3 2 5 27 367 2142 2143 368
1473 3 2 5 27 368 2143 391 23
1474 3 2 5 27 202 203 2144 2132
1475 3 2 5 27 2132 2144 2145 2133
1476 3 2 5 27 2133 2145 2146 2134
1477 3 2 5 27 2134 2146 2147 2135
1478 3 2 5 27 2135 2147 2148 2136
1479 3 2 5 27 2136 2148 2149 2137
1480 3 2 5 27 2137 2149 2150 2138
1481 3 2 5 27 2138 2150 2151 2139
1482 3 2 5 27 2139 2151 2152 2140
1483 3 2 5 27 2140 2152 2153 2141
1484 3 2 5 27 2141 2153 2154 2142
1485 3 2 5 27 2142 2154 2155 2143
1486 3 2 5 27 2143 2155 392 391
1487 3 2 5 27 203 204 2156 2144
1488 3 2 5 27 2144 2156 2157 2145
1489 3 2 5 27 2145 2157 2158 2146
1490 3 2 5 27 2146 2158 2159 2147
1491 3 2 5 27 2147 2159 2160 2148
1492 3 2 5 27 2148 2160 2161 2149
1493 3 2 5 27 2149 2161 2162 2150
1494 3 2 5 27 2150 2162 2163 2151
1495 3 2 5 27 2151 2163 2164 2152
1496 3 2 5 27 2152 2164 2165 2153
1497 3 2 5 27 2153 2165 2166 2154
1498 3 2 5 27 2154 2166 2167 2155
1499 3 2 5 27 2155 2167 393 392
1500 3 2 5 27 204 205 2168 2156
1501 3 2 5 27 2156 2168 2169 2157
1502 3 2 5 27 2157 2169 2170 2158
1503 3 2 5 27 2158 2170 2171 2159
1504 3 2 5 27 2159 2171 2172 2160
1505 3 2 5 27 2160 2172 2173 2161
1506 3 2 5 27 2161 2173 2174 2162
1507 3 2 5 27 2162 2174 2175 2163
1508 3 2 5 27 2163 2175 2176 2164
1509 3 2 5 27 2164 2176 2177 2165
1510 3 2 5 27 2165 2177 2178 2166
1511 3 2 5 27 2166 2178 2179 2167
1512 3 2 5 27 2167 2179 394 393
1513 3 2 5 27 205 206 2180 2168
1514 3 2 5 27 2168 2180 2181 2169
1515 3 2 5 27 2169 2181 2182 2170
1516 3 2 5 27 2170 2182 2183 2171
1517 3 2 5 27 2171 2183 2184 2172
1518 3 2 5 27 2172 2184 2185 2173
1519 3 2 5 27 2173 2185 2186 2174
1520 3 2 5 27 2174 2186 2187 2175
1521 3 2 5 27 2175 2187 2188 2176
1522 3 2 5 27 2176 2188 2189 2177
1523 3 2 5 27 2177 2189 2190 2178
1524 3 2 5 27 2178 2190 2191 2179
1525 3 2 5 27 2179 2191 395 394
1526 3 2 5 27 206 15 379 2180
1527 3 2 5 27 2180 379 380 2181
1528 3 2 5 27 2181 380 381 2182
1529 3 2 5 27 2182 381 382 2183
1530 3 2 5 27 2183 382 383 2184
1531 3 2 5 27 2184 383 384 2185
1532 3 2 5 27 2185 384 385 2186
1533 3 2 5 27 2186 385 386 2187
1534 3 2 5 27 2187 386 387 2188
1535 3 2 5 27 2188 387 388 2189
1536 3 2 5 27 2189 388 389 2190
1537 3 2 5 27 2190 389 390 2191
1538 3 2 5 27 2191 390 24 395
1539 3 2 5 29 19 369 2312 356
1540 3 2 5 29 356 2312 2313 355
1541 3 2 5 29 355 2313 2314 354
1542 3 2 5 29 354 2314 2315 353
1543 3 2 5 29 353 2315 2316 352
1544 3 2 5 29 352 2316 396 22
1545 3 2 5 29 369 370 2317 2312
1546 3 2 5 29 2312 2317 2318 2313
1547 3 2 5 29 2313 2318 2319 2314
1548 3 2 5 29 2314 2319 2320 2315
1549 3 2 5 29 2315 2320 2321 2316
1550 3 2 5 29 2316 2321 397 396
1551 3 2 5 29 370 371 2322 2317
1552 3 2 5 29 2317 2322 2323 2318
1553 3 2 5 29 2318 2323 2324 2319
1554 3 2 5 29 2319 2324 2325 2320
1555 3 2 5 29 2320 2325 2326 2321
1556 3 2 5 29 2321 2326 398 397
1557 3 2 5 29 371 372 2327 2322
1558 3 2 5 29 2322 2327 2328 2323
1559 3 2 5 29 2323 2328 2329 2324
1560 3 2 5 29 2324 2329 2330 2325
1561 3 2 5 29 2325 2330 2331 2326
1562 3 2 5 29 2326 2331 399 398
1563 3 2 5 29 372 373 2332 2327
1564 3 2 5 29 2327 2332 2333 2328
1565 3 2 5 29 2328 2333 2334 2329
1566 3 2 5 29 2329 2334 2335 2330
1567 3 2 5 29 2330 2335 2336 2331
1568 3 2 5 29 2331 2336 400 399
1569 3 2 5 29 373 374 2337 2332
1570 3 2 5 29 2332 2337 2338 2333
1571 3 2 5 29 2333 2338 2339 2334
1572 3 2 5 29 2334 2339 2340 2335
1573 3 2 5 29 2335 2340 2341 2336
1574 3 2 5 29 2336 2341 401 400
1575 3 2 5 29 374 375 2342 2337
1576 3 2 5 29 2337 2342 2343 2338
1577 3 2 5 29 2338 2343 2344 2339
1578 3 2 5 29 2339 2344 2345 2340
1579 3 2 5 29 2340 2345 2346 2341
1580 3 2 5 29 2341 2346 402 401
1581 3 2 5 29 375 376 2347 2342
1582 3 2 5 29 2342 2347 2348 2343
1583 3 2 5 29 2343 2348 2349 2344
1584 3 2 5 29 2344 2349 2350 2345
1585 3 2 5 29 2345 2350 2351 2346
1586 3 2 5 29 2346 2351 403 402
1587 3 2 5 29 376 377 2352 2347
1588 3 2 5 29 2347 2352 2353 2348
1589 3 2 5 29 2348 2353 2354 2349
1590 3 2 5 29 2349 2354 2355 2350
1591 3 2 5 29 2350 2355 2356 2351
1592 3 2 5 29 2351 2356 404 403
1593 3 2 5 29 377 378 2357 2352
1594 3 2 5 29 2352 2357 2358 2353
1595 3 2 5 29 2353 2358 2359 2354
1596 3 2 5 29 2354 2359 2360 2355
1597 3 2 5 29 2355 2360 2361 2356
1598 3 2 5 29 2356 2361 405 404
1599 3 2 5 29 378 23 391 2357
1600 3 2 5 29 2357 391 392 2358
1601 3 2 5 29 2358 392 393 2359
1602 3 2 5 29 2359 393 394 2360
1603 3 2 5 29 2360 394 395 2361
1604 3 2 5 29 2361 395 24 405
1605 3 2 5 30 16 226 2362 406
1606 3 2 5 30 406 2362 2363 407
1607 3 2 5 30 407 2363 2364 408
1608 3 2 5 30 408 2364 2365 409
1609 3 2 5 30 409 2365 2366 410
1610 3 2 5 30 410 2366 2367 411
1611 3 2 5 30 411 2367 2368 412
1612 3 2 5 30 412 2368 2369 413
1613 3 2 5 30 413 2369 2370 414
1614 3 2 5 30 414 2370 2371 415
1615 3 2 5 30 415 2371 2372 416
1616 3 2 5 30 416 2372 2373 417
1617 3 2 5 30 417 2373 418 25
1618 3 2 5 30 226 227 2374 2362
1619 3 2 5 30 2362 2374 2375 2363
1620 3 2 5 30 2363 2375 2376 2364
1621 3 2 5 30 2364 2376 2377 2365
1622 3 2 5 30 2365 2377 2378 2366
1623 3 2 5 30 2366 2378 2379 2367
1624 3 2 5 30 2367 2379 2380 2368
1625 3 2 5 30 2368 2380 2381 2369
1626 3 2 5 30 2369 2381 2382 2370
1627 3 2 5 30 2370 2382 2383 2371
1628 3 2 5 30 2371 2383 2384 2372
1629 3 2 5 30 2372 2384 2385 2373
1630 3 2 5 30 2373 2385 419 418
1631 3 2 5 30 227 228 2386 2374
1632 3 2 5 30 2374 2386 2387 2375
1633 3 2 5 30 2375 2387 2388 2376
1634 3 2 5 30 2376 2388 2389 2377
1635 3 2 5 30 2377 2389 2390 2378
1636 3 2 5 30 2378 2390 2391 2379
1637 3 2 5 30 2379 2391 2392 2380
1638 3 2 5 30 2380 2392 2393 2381
1639 3 2 5 30 2381 2393 2394 2382
1640 3 2 5 30 2382 2394 2395 2383
1641 3 2 5 30 2383 2395 2396 2384
1642 3 2 5 30 2384 2396 2397 2385
1643 3 2 5 30 2385 2397 420 419
1644 3 2 5 30 228 229 2398 2386
1645 3 2 5 30 2386 2398 2399 2387
1646 3 2 5 30 2387 2399 2400 2388
1647 3 2 5 30 2388 2400 2401 2389
1648 3 2 5 30 2389 2401 2402 2390
1649 3 2 5 30 2390 2402 2403 2391
1650 3 2 5 30 2391 2403 2404 2392
1651 3 2 5 30 2392 2404 2405 2393
1652 3 2 5 30 2393 2405 2406 2394
1653 3 2 5 30 2394 2406 2407 2395
1654 3 2 5 30 2395 2407 2408 2396
1655 3 2 5 30 2396 2408 2409 2397
1656 3 2 5 30 2397 2409 421 420
1657 3 2 5 30 229 230 2410 2398
1658 3 2 5 30 2398 2410 2411 2399
1659 3 2 5 30 2399 2411 2412 2400
1660 3 2 5 30 2400 2412 2413 2401
1661 3 2 5 30 2401 2413 2414 2402
1662 3 2 5 30 2402 2414 2415 2403
1663 3 2 5 30 2403 2415 2416 2404
1664 3 2 5 30 2404 2416 2417 2405
1665 3 2 5 30 2405 2417 2418 2406
1666 3 2 5 30 2406 2418 2419 2407
1667 3 2 5 30 2407 2419 2420 2408
1668 3 2 5 30 2408 2420 2421 2409
1669 3 2 5 30 2409 2421 422 421
1670 3 2 5 30 230 231 2422 2410
1671 3 2 5 30 2410 2422 2423 2411
1672 3 2 5 30 2411 2423 2424 2412
1673 3 2 5 30 2412 2424 2425 2413
1674 3 2 5 30 2413 2425 2426 2414
1675 3 2 5 30 2414 2426 2427 2415
1676 3 2 5 30 2415 2427 2428 2416
1677 3 2 5 30 2416 2428 2429 2417
1678 3 2 5 30 2417 2429 2430 2418
1679 3 2 5 30 2418 2430 2431 2419
1680 3 2 5 30 2419 2431 2432 2420
1681 3 2 5 30 2420 2432 2433 2421
1682 3 2 5 30 2421 2433 423 422
1683 3 2 5 30 231 232 2434 2422
1684 3 2 5 30 2422 2434 2435 2423
1685 3 2 5 30 2423 2435 2436 2424
1686 3 2 5 30 2424 2436 2437 2425
1687 3 2 5 30 2425 2437 2438 2426
1688 3 2 5 30 2426 2438 2439 2427
1689 3 2 5 30 2427 2439 2440 2428
1690 3 2 5 30 2428 2440 2441 2429
1691 3 2 5 30 2429 2441 2442 2430
1692 3 2 5 30 2430 2442 2443 2431
1693 3 2 5 30 2431 2443 2444 2432
1694 3 2 5 30 2432 2444 2445 2433
1695 3 2 5 30 2433 2445 424 423
1696 3 2 5 30 232 233 2446 2434
1697 3 2 5 30 2434 2446 2447 2435
1698 3 2 5 30 2435 2447 2448 2436
1699 3 2 5 30 2436 2448 2449 2437
1700 3 2 5 30 2437 2449 2450 2438
1701 3 2 5 30 2438 2450 2451 2439
1702 3 2 5 30 2439 2451 2452 2440
1703 3 2 5 30 2440 2452 2453 2441
1704 3 2 5 30 2441 2453 2454 2442
1705 3 2 5 30 2442 2454 2455 2443
1706 3 2 5 30 2443 2455 2456 2444
1707 3 2 5 30 2444 2456 2457 2445
1708 3 2 5 30 2445 2457 425 424
1709 3 2 5 30 233 234 2458 2446
1710 3 2 5 30 2446 2458 2459 2447
1711 3 2 5 30 2447 2459 2460 2448
1712 3 2 5 30 2448 2460 2461 2449
1713 3 2 5 30 2449 2461 2462 2450
1714 3 2 5 30 2450 2462 2463 2451
1715 3 2 5 30 2451 2463 2464 2452
1716 3 2 5 30 2452 2464 2465 2453
1717 3 2 5 30 2453 2465 2466 2454
1718 3 2 5 30 2454 2466 2467 2455
1719 3 2 5 30 2455 2467 2468 2456
1720 3 2 5 30 2456 2468 2469 2457
1721 3 2 5 30 2457 2469 426 425
1722 3 2 5 30 234 235 2470 2458
1723 3 2 5 30 2458 2470 2471 2459
1724 3 2 5 30 2459 2471 2472 2460
1725 3 2 5 30 2460 2472 2473 2461
1726 3 2 5 30 2461 2473 2474 2462
1727 3 2 5 30 2462 2474 2475 2463
1728 3 2 5 30 2463 2475 2476 2464
1729 3 2 5 30 2464 2476 2477 2465
1730 3 2 5 30 2465 2477 2478 2466
1731 3 2 5 30 2466 2478 2479 2467
1732 3 2 5 30 2467 2479 2480 2468
1733 3 2 5 30 2468 2480 2481 2469
1734 3 2 5 30 2469 2481 427 426
1735 3 2 5 30 235 12 318 2470
1736 3 2 5 30 2470 318 319 2471
1737 3 2 5 30 2471 319 320 2472
1738 3 2 5 30 2472 320 321 2473
1739 3 2 5 30 2473 321 322 2474
1740 3 2 5 30 2474 322 323 2475
1741 3 2 5 30 2475 323 324 2476
1742 3 2 5 30 2476 324 325 2477
1743 3 2 5 30 2477 325 326 2478
1744 3 2 5 30 2478 326 327 2479
1745 3 2 5 30 2479 327 328 2480
1746 3 2 5 30 2480 328 329 2481
1747 3 2 5 30 2481 329 21 427
1748 3 2 5 32 17 255 2602 428
1749 3 2 5 32 428 2602 2603 429
1750 3 2 5 32 429 2603 2604 430
1751 3 2 5 32 430 2604 2605 431
1752 3 2 5 32 431 2605 2606 432
1753 3 2 5 32 432 2606 2607 433
1754 3 2 5 32 433 2607 2608 434
1755 3 2 5 32 434 2608 2609 435
1756 3 2 5 32 435 2609 2610 436
1757 3 2 5 32 436 2610 2611 437
1758 3 2 5 32 437 2611 2612 438
1759 3 2 5 32 438 2612 2613 439
1760 3 2 5 32 439 2613 450 26
1761 3 2 5 32 255 256 2614 2602
1762 3 2 5 32 2602 2614 2615 2603
1763 3 2 5 32 2603 2615 2616 2604
1764 3 2 5 32 2604 2616 2617 2605
1765 3 2 5 32 2605 2617 2618 2606
1766 3 2 5 32 2606 2618 2619 2607
1767 3 2 5 32 2607 2619 2620 2608
1768 3 2 5 32 2608 2620 2621 2609
1769 3 2 5 32 2609 2621 2622 2610
1770 3 2 5 32 2610 2622 2623 2611
1771 3 2 5 32 2611 2623 2624 2612
1772 3 2 5 32 2612 2624 2625 2613
1773 3 2 5 32 2613 2625 451 450
1774 3 2 5 32 256 257 2626 2614
1775 3 2 5 32 2614 2626 2627 2615
1776 3 2 5 32 2615 2627 2628 2616
1777 3 2 5 32 2616 2628 2629 2617
1778 3 2 5 32 2617 2629 2630 2618
1779 3 2 5 32 2618 2630 2631 2619
1780 3 2 5 32 2619 2631 2632 2620
1781 3 2 5 32 2620 2632 2633 2621
1782 3 2 5 32 2621 2633 2634 2622
1783 3 2 5 32 2622 2634 2635 2623
1784 3 2 5 32 2623 2635 2636 2624
1785 3 2 5 32 2624 2636 2637 2625
1786 3 2 5 32 2625 2637 452 451
1787 3 2 5 32 257 258 2638 2626
1788 3 2 5 32 2626 2638 2639 2627
1789 3 2 5 32 2627 2639 2640 2628
1790 3 2 5 32 2628 2640 2641 2629
1791 3 2 5 32 2629 2641 2642 2630
1792 3 2 5 32 2630 2642 2643 2631
1793 3 2 5 32 2631 2643 2644 2632
1794 3 2 5 32 2632 2644 2645 2633
1795 3 2 5 32 2633 2645 2646 2634
1796 3 2 5 32 2634 2646 2647 2635
1797 3 2 5 32 2635 2647 2648 2636
1798 3 2 5 32 2636 2648 2649 2637
1799 3 2 5 32 2637 2649 453 452
1800 3 2 5 32 258 259 2650 2638
1801 3 2 5 32 2638 2650 2651 2639
1802 3 2 5 32 2639 2651 2652 2640
1803 3 2 5 32 2640 2652 2653 2641
1804 3 2 5 32 2641 2653 2654 2642
1805 3 2 5 32 2642 2654 2655 2643
1806 3 2 5 32 2643 2655 2656 2644
1807 3 2 5 32 2644 2656 2657 2645
1808 3 2 5 32 2645 2657 2658 2646
1809 3 2 5 32 2646 2658 2659 2647
1810 3 2 5 32 2647 2659 2660 2648
1811 3 2 5 32 2648 2660 2661 2649
1812 3 2 5 32 2649 2661 454 453
1813 3 2 5 32 259 16 406 2650
1814 3 2 5 32 2650 406 407 2651
1815 3 2 5 32 2651 407 408 2652
1816 3 2 5 32 2652 408 409 2653
1817 3 2 5 32 2653 409 410 2654
1818 3 2 5 32 2654 410 411 2655
1819 3 2 5 32 2655 411 412 2656
1820 3 2 5 32 2656 412 413 2657
1821 3 2 5 32 2657 413 414 2658
1822 3 2 5 32 2658 414 415 2659
1823 3 2 5 32 2659 415 416 2660
1824 3 2 5 32 2660 416 417 2661
1825 3 2 5 32 2661 417 25 454
1826 3 2 5 33 25 418 2662 454
1827 3 2 5 33 454 2662 2663 453
1828 3 2 5 33 453 2663 2664 452
1829 3 2 5 33 452 2664 2665 451
1830 3 2 5 33 451 2665 2666 450
1831 3 2 5 33 450 2666 449 26
1832 3 2 5 33 418 419 2667 2662
1833 3 2 5 33 2662 2667 2668 2663
1834 3 2 5 33 2663 2668 2669 2664
1835 3 2 5 33 2664 2669 2670 2665
1836 3 2 5 33 2665 2670 2671 2666
1837 3 2 5 33 2666 2671 448 449
1838 3 2 5 33 419 420 2672 2667
1839 3 2 5 33 2667 2672 2673 2668
1840 3 2 5 33 2668 2673 2674 2669
1841 3 2 5 33 2669 2674 2675 2670
1842 3 2 5 33 2670 2675 2676 2671
1843 3 2 5 33 2671 2676 447 448
1844 3 2 5 33 420 421 2677 2672
1845 3 2 5 33 2672 2677 2678 2673
1846 3 2 5 33 2673 2678 2679 2674
1847 3 2 5 33 2674 2679 2680 2675
1848 3 2 5 33 2675 2680 2681 2676
1849 3 2 5 33 2676 2681 446 447
1850 3 2 5 33 421 422 2682 2677
1851 3 2 5 33 2677 2682 2683 2678
1852 3 2 5 33 2678 2683 2684 2679
1853 3 2 5 33 2679 2684 2685 2680
1854 3 2 5 33 2680 2685 2686 2681
1855 3 2 5 33 2681 2686 445 446
1856 3 2 5 33 422 423 2687 2682
1857 3 2 5 33 2682 2687 2688 2683
1858 3 2 5 33 2683 2688 2689 2684
1859 3 2 5 33 2684 2689 2690 2685
1860 3 2 5 33 2685 2690 2691 2686
1861 3 2 5 33 2686 2691 444 445
1862 3 2 5 33 423 424 2692 2687
1863 3 2 5 33 2687 2692 2693 2688
1864 3 2 5 33 2688 2693 2694 2689
1865 3 2 5 33 2689 2694 2695 2690
1866 3 2 5 33 2690 2695 2696 2691
1867 3 2 5 33 2691 2696 443 444
1868 3 2 5 33 424 425 2697 2692
1869 3 2 5 33 2692 2697 2698 2693
1870 3 2 5 33 2693 2698 2699 2694
1871 3 2 5 33 2694 2699 2700 2695
1872 3 2 5 33 2695 2700 2701 2696
1873 3 2 5 33 2696 2701 442 443
1874 3 2 5 33 425 426 2702 2697
1875 3 2 5 33 2697 2702 2703 2698
1876 3 2 5 33 2698 2703 2704 2699
1877 3 2 5 33 2699 2704 2705 2700
1878 3 2 5 33 2700 2705 2706 2701
1879 3 2 5 33 2701 2706 441 442
1880 3 2 5 33 426 427 2707 2702
1881 3 2 5 33 2702 2707 2708 2703
1882 3 2 5 33 2703 2708 2709 2704
1883 3 2 5 33 2704 2709 2710 2705
1884 3 2 5 33 2705 2710 2711 2706
1885 3 2 5 33 2706 2711 440 441
1886 3 2 5 33 427 21 347 2707
1887 3 2 5 33 2707 347 348 2708
1888 3 2 5 33 2708 348 349 2709
1889 3 2 5 33 2709 349 350 2710
1890 3 2 5 33 2710 350 351 2711
1891 3 2 5 33 2711 351 22 440
1892 3 2 5 34 18 269 2712 455
1893 3 2 5 34 455 2712 2713 456
1894 3 2 5 34 456 2713 2714 457
1895 3 2 5 34 457 2714 2715 458
1896 3 2 5 34 458 2715 2716 459
1897 3 2 5 34 459 2716 2717 460
1898 3 2 5 34 460 2717 2718 461
1899 3 2 5 34 461 2718 2719 462
1900 3 2 5 34 462 2719 2720 463
1901 3 2 5 34 463 2720 2721 464
1902 3 2 5 34 464 2721 2722 465
1903 3 2 5 34 465 2722 2723 466
1904 3 2 5 34 466 2723 467 27
1905 3 2 5 34 269 270 2724 2712
1906 3 2 5 34 2712 2724 2725 2713
1907 3 2 5 34 2713 2725 2726 2714
1908 3 2 5 34 2714 2726 2727 2715
1909 3 2 5 34 2715 2727 2728 2716
1910 3 2 5 34 2716 2728 2729 2717
1911 3 2 5 34 2717 2729 2730 2718
1912 3 2 5 34 2718 2730 2731 2719
1913 3 2 5 34 2719 2731 2732 2720
1914 3 2 5 34 2720 2732 2733 2721
1915 3 2 5 34 2721 2733 2734 2722
1916 3 2 5 34 2722 2734 2735 2723
1917 3 2 5 34 2723 2735 468 467
1918 3 2 5 34 270 271 2736 2724
1919 3 2 5 34 2724 2736 2737 2725
1920 3 2 5 34 2725 2737 2738 2726
1921 3 2 5 34 2726 2738 2739 2727
1922 3 2 5 34 2727 2739 2740 2728
1923 3 2 5 34 2728 2740 2741 2729
1924 3 2 5 34 2729 2741 2742 2730
1925 3 2 5 34 2730 2742 2743 2731
1926 3 2 5 34 2731 2743 2744 2732
1927 3 2 5 34 2732 2744 2745 2733
1928 3 2 5 34 2733 2745 2746 2734
1929 3 2 5 34 2734 2746 2747 2735
1930 3 2 5 34 2735 2747 469 468
1931 3 2 5 34 271 272 2748 2736
1932 3 2 5 34 2736 2748 2749 2737
1933 3 2 5 34 2737 2749 2750 2738
1934 3 2 5 34 2738 2750 2751 2739
1935 3 2 5 34 2739 2751 2752 2740
1936 3 2 5 34 2740 2752 2753 2741
1937 3 2 5 34 2741 2753 2754 2742
1938 3 2 5 34 2742 2754 2755 2743
1939 3 2 5 34 2743 2755 2756 2744
1940 3 2 5 34 2744 2756 2757 2745
1941 3 2 5 34 2745 2757 2758 2746
1942 3 2 5 34 2746 2758 2759 2747
1943 3 2 5 34 2747 2759 470 469
1944 3 2 5 34 272 273 2760 2748
1945 3 2 5 34 2748 2760 2761 2749
1946 3 2 5 34 2749 2761 2762 2750
1947 3 2 5 34 2750 2762 2763 2751
1948 3 2 5 34 2751 2763 2764 2752
1949 3 2 5 34 2752 2764 2765 2753
1950 3 2 5 34 2753 2765 2766 2754
1951 3 2 5 34 2754 2766 2767 2755
1952 3 2 5 34 2755 2767 2768 2756
1953 3 2 5 34 2756 2768 2769 2757
1954 3 2 5 34 2757 2769 2770 2758
1955 3 2 5 34 2758 2770 2771 2759
1956 3 2 5 34 2759 2771 471 470
1957 3 2 5 34 273 274 2772 2760
1958 3 2 5 34 2760 2772 2773 2761
1959 3 2 5 34 2761 2773 2774 2762
1960 3 2 5 34 2762 2774 2775 2763
1961 3 2 5 34 2763 2775 2776 2764
1962 3 2 5 34 2764 2776 2777 2765
1963 3 2 5 34 2765 2777 2778 2766
1964 3 2 5 34 2766 2778 2779 2767
1965 3 2 5 34 2767 2779 2780 2768
1966 3 2 5 34 2768 2780 2781 2769
1967 3 2 5 34 2769 2781 2782 2770
1968 3 2 5 34 2770 2782 2783 2771
1969 3 2 5 34 2771 2783 472 471
1970 3 2 5 34 274 275 2784 2772
1971 3 2 5 34 2772 2784 2785 2773
1972 3 2 5 34 2773 2785 2786 2774
1973 3 2 5 34 2774 2786 2787 2775
1974 3 2 5 34 2775 2787 2788 2776
1975 3 2 5 34 2776 2788 2789 2777
1976 3 2 5 34 2777 2789 2790 2778
1977 3 2 5 34 2778 2790 2791 2779
1978 3 2 5 34 2779 2791 2792 2780
1979 3 2 5 34 2780 2792 2793 2781
1980 3 2 5 34 2781 2793 2794 2782
1981 3 2 5 34 2782 2794 2795 2783
1982 3 2 5 34 2783 2795 473 472
1983 3 2 5 34 275 276 2796 2784
1984 3 2 5 34 2784 2796 2797 2785
1985 3 2 5 34 2785 2797 2798 2786
1986 3 2 5 34 2786 2798 2799 2787
1987 3 2 5 34 2787 2799 2800 2788
1988 3 2 5 34 2788 2800 2801 2789
1989 3 2 5 34 2789 2801 2802 2790
1990 3 2 5 34 2790 2802 2803 2791
1991 3 2 5 34 2791 2803 2804 2792
1992 3 2 5 34 2792 2804 2805 2793
1993 3 2 5 34 2793 2805 2806 2794
1994 3 2 5 34 2794 2806 2807 2795
1995 3 2 5 34 2795 2807 474 473
1996 3 2 5 34 276 277 2808 2796
1997 3 2 5 34 2796 2808 2809 2797
1998 3 2 5 34 2797 2809 2810 2798
1999 3 2 5 34 2798 2810 2811 2799
2000 3 2 5 34 2799 2811 2812 2800
2001 3 2 5 34 2800 2812 2813 2801
2002 3 2 5 34 2801 2813 2814 2802
2003 3 2 5 34 2802 2814 2815 2803
2004 3 2 5 34 2803 2815 2816 2804
2005 3 2 5 34 2804 2816 2817 2805
2006 3 2 5 34 2805 2817 2818 2806
2007 3 2 5 34 2806 2818 2819 2807
2008 3 2 5 34 2807 2819 475 474
2009 3 2 5 34 277 278 2820 2808
2010 3 2 5 34 2808 2820 2821 2809
2011 3 2 5 34 2809 2821 2822 2810
2012 3 2 5 34 2810 2822 2823 2811
2013 3 2 5 34 2811 2823 2824 2812
2014 3 2 5 34 2812 2824 2825 2813
2015 3 2 5 34 2813 2825 2826 2814
2016 3 2 5 34 2814 2826 2827 2815
2017 3 2 5 34 2815 2827 2828 2816
2018 3 2 5 34 2816 2828 2829 2817
2019 3 2 5 34 2817 2829 2830 2818
2020 3 2 5 34 2818 2830 2831 2819
2021 3 2 5 34 2819 2831 476 475
2022 3 2 5 34 278 17 428 2820
2023 3 2 5 34 2820 428 429 2821
2024 3 2 5 34 2821 429 430 2822
2025 3 2 5 34 2822 430 431 2823
2026 3 2 5 34 2823 431 432 2824
2027 3 2 5 34 2824 432 433 2825
2028 3 2 5 34 2825 433 434 2826
2029 3 2 5 34 2826 434 435 2827
2030 3 2 5 34 2827 435 436 2828
2031 3 2 5 34 2828 436 437 2829
2032 3 2 5 34 2829 437 438 2830
2033 3 2 5 34 2830 438 439 2831
2034 3 2 5 34 2831 439 26 476
2035 3 2 5 35 15 279 2832 379
2036 3 2 5 35 379 2832 2833 380
2037 3 2 5 35 380 2833 2834 381
2038 3 2 5 35 381 2834 2835 382
2039 3 2 5 35 382 2835 2836 383
2040 3 2 5 35 383 2836 2837 384
2041 3 2 5 35 384 2837 2838 385
2042 3 2 5 35 385 2838 2839 386
2043 3 2 5 35 386 2839 2840 387
2044 3 2 5 35 387 2840 2841 388
2045 3 2 5 35 388 2841 2842 389
2046 3 2 5 35 389 2842 2843 390
2047 3 2 5 35 390 2843 477 24
2048 3 2 5 35 279 280 2844 2832
2049 3 2 5 35 2832 2844 2845 2833
2050 3 2 5 35 2833 2845 2846 2834
2051 3 2 5 35 2834 2846 2847 2835
2052 3 2 5 35 2835 2847 2848 2836
2053 3 2 5 35 2836 2848 2849 2837
2054 3 2 5 35 2837 2849 2850 2838
2055 3 2 5 35 2838 2850 2851 2839
2056 3 2 5 35 2839 2851 2852 2840
2057 3 2 5 35 2840 2852 2853 2841
2058 3 2 5 35 2841 2853 2854 2842
2059 3 2 5 35 2842 2854 2855 2843
2060 3 2 5 35 2843 2855 478 477
2061 3 2 5 35 280 281 2856 2844
2062 3 2 5 35 2844 2856 2857 2845
2063 3 2 5 35 2845 2857 2858 2846
2064 3 2 5 35 2846 2858 2859 2847
2065 3 2 5 35 2847 2859 2860 2848
2066 3 2 5 35 2848 2860 2861 2849
2067 3 2 5 35 2849 2861 2862 2850
2068 3 2 5 35 2850 2862 2863 2851
2069 3 2 5 35 2851 2863 2864 2852
2070 3 2 5 35 2852 2864 2865 2853
2071 3 2 5 35 2853 2865 2866 2854
2072 3 2 5 35 2854 2866 2867 2855
2073 3 2 5 35 2855 2867 479 478
2074 3 2 5 35 281 282 2868 2856
2075 3 2 5 35 2856 2868 2869 2857
2076 3 2 5 35 2857 2869 2870 2858
2077 3 2 5 35 2858 2870 2871 2859
2078 3 2 5 35 2859 2871 2872 2860
2079 3 2 5 35 2860 2872 2873 2861
2080 3 2 5 35 2861 2873 2874 2862
2081 3 2 5 35 2862 2874 2875 2863
2082 3 2 5 35 2863 2875 2876 2864
2083 3 2 5 35 2864 2876 2877 2865
2084 3 2 5 35 2865 2877 2878 2866
2085 3 2 5 35 2866 2878 2879 2867
2086 3 2 5 35 2867 2879 480 479
2087 3 2 5 35 282 283 2880 2868
2088 3 2 5 35 2868 2880 2881 2869
2089 3 2 5 35 2869 2881 2882 2870
2090 3 2 5 35 2870 2882 2883 2871
2091 3 2 5 35 2871 2883 2884 2872
2092 3 2 5 35 2872 2884 2885 2873
2093 3 2 5 35 2873 2885 2886 2874
2094 3 2 5 35 2874 2886 2887 2875
2095 3 2 5 35 2875 2887 2888 2876
2096 3 2 5 35 2876 2888 2889 2877
2097 3 2 5 35 2877 2889 2890 2878
2098 3 2 5 35 2878 2890 2891 2879
2099 3 2 5 35 2879 2891 481 480
2100 3 2 5 35 283 284 2892 2880
2101 3 2 5 35 2880 2892 2893 2881
2102 3 2 5 35 2881 2893 2894 2882
2103 3 2 5 35 2882 2894 2895 2883
2104 3 2 5 35 2883 2895 2896 2884
2105 3 2 5 35 2884 2896 2897 2885
2106 3 2 5 35 2885 2897 2898 2886
2107 3 2 5 35 2886 2898 2899 2887
2108 3 2 5 35 2887 2899 2900 2888
2109 3 2 5 35 2888 2900 2901 2889
2110 3 2 5 35 2889 2901 2902 2890
2111 3 2 5 35 2890 2902 2903 2891
2112 3 2 5 35 2891 2903 482 481
2113 3 2 5 35 284 285 2904 2892
2114 3 2 5 35 2892 2904 2905 2893
2115 3 2 5 35 2893 2905 2906 2894
2116 3 2 5 35 2894 2906 2907 2895
2117 3 2 5 35 2895 2907 2908 2896
2118 3 2 5 35 2896 2908 2909 2897
2119 3 2 5 35 2897 2909 2910 2898
2120 3 2 5 35 2898 2910 2911 2899
2121 3 2 5 35 2899 2911 2912 2900
2122 3 2 5 35 2900 2912 2913 2901
2123 3 2 5 35 2901 2913 2914 2902
2124 3 2 5 35 2902 2914 2915 2903
2125 3 2 5 35 2903 2915 483 482
2126 3 2 5 35 285 286 2916 2904
2127 3 2 5 35 2904 2916 2917 2905
2128 3 2 5 35 2905 2917 2918 2906
2129 3 2 5 35 2906 2918 2919 2907
2130 3 2 5 35 2907 2919 2920 2908
2131 3 2 5 35 2908 2920 2921 2909
2132 3 2 5 35 2909 2921 2922 2910
2133 3 2 5 35 2910 2922 2923 2911
2134 3 2 5 35 2911 2923 2924 2912
2135 3 2 5 35 2912 2924 2925 2913
2136 3 2 5 35 2913 2925 2926 2914
2137 3 2 5 35 2914 2926 2927 2915
2138 3 2 5 35 2915 2927 484 483
2139 3 2 5 35 286 287 2928 2916
2140 3 2 5 35 2916 2928 2929 2917
2141 3 2 5 35 2917 2929 2930 2918
2142 3 2 5 35 2918 2930 2931 2919
2143 3 2 5 35 2919 2931 2932 2920
2144 3 2 5 35 2920 2932 2933 2921
2145 3 2 5 35 2921 2933 2934 2922
2146 3 2 5 35 2922 2934 2935 2923
2147 3 2 5 35 2923 2935 2936 2924
2148 3 2 5 35 2924 2936 2937 2925
2149 3 2 5 35 2925 2937 2938 2926
2150 3 2 5 35 2926 2938 2939 2927
2151 3 2 5 35 2927 2939 485 484
2152 3 2 5 35 287 288 2940 2928
2153 3 2 5 35 2928 2940 2941 2929
2154 3 2 5 35 2929 2941 2942 2930
2155 3 2 5 35 2930 2942 2943 2931
2156 3 2 5 35 2931 2943 2944 2932
2157 3 2 5 35 2932 2944 2945 2933
2158 3 2 5 35 2933 2945 2946 2934
2159 3 2 5 35 2934 2946 2947 2935
2160 3 2 5 35 2935 2947 2948 2936
2161 3 2 5 35 2936 2948 2949 2937
2162 3 2 5 35 2937 2949 2950 2938
2163 3 2 5 35 2938 2950 2951 2939
2164 3 2 5 35 2939 2951 486 485
2165 3 2 5 35 288 18 455 2940
2166 3 2 5 35 2940 455 456 2941
2167 3 2 5 35 2941 456 457 2942
2168 3 2 5 35 2942 457 458 2943
2169 3 2 5 35 2943 458 459 2944
2170 3 2 5 35 2944 459 460 2945
2171 3 2 5 35 2945 460 461 2946
2172 3 2 5 35 2946 461 462 2947
2173 3 2 5 35 2947 462 463 2948
2174 3 2 5 35 2948 463 464 2949
2175 3 2 5 35 2949 464 465 2950
2176 3 2 5 35 2950 465 466 2951
2177 3 2 5 35 2951 466 27 486
2178 3 2 5 36 22 396 2952 440
2179 3 2 5 36 396 397 2953 2952
2180 3 2 5 36 397 398 2954 2953
2181 3 2 5 36 398 399 2955 2954
2182 3 2 5 36 399 400 2956 2955
2183 3 2 5 36 400 401 2957 2956
2184 3 2 5 36 401 402 2958 2957
2185 3 2 5 36 402 403 2959 2958
2186 3 2 5 36 403 404 2960 2959
2187 3 2 5 36 404 405 2961 2960
2188 3 2 5 36 405 24 477 2961
2189 3 2 5 36 440 2952 2962 441
2190 3 2 5 36 2952 2953 2963 2962
2191 3 2 5 36 2953 2954 2964 2963
2192 3 2 5 36 2954 2955 2965 2964
2193 3 2 5 36 2955 2956 2966 2965
2194 3 2 5 36 2956 2957 2967 2966
2195 3 2 5 36 2957 2958 2968 2967
2196 3 2 5 36 2958 2959 2969 2968
2197 3 2 5 36 2959 2960 2970 2969
2198 3 2 5 36 2960 2961 2971 2970
2199 3 2 5 36 2961 477 478 2971
2200 3 2 5 36 441 2962 2972 442
2201 3 2 5 36 2962 2963 2973 2972
2202 3 2 5 36 2963 2964 2974 2973
2203 3 2 5 36 2964 2965 2975 2974
2204 3 2 5 36 2965 2966 2976 2975
2205 3 2 5 36 2966 2967 2977 2976
2206 3 2 5 36 2967 2968 2978 2977
2207 3 2 5 36 2968 2969 2979 2978
2208 3 2 5 36 2969 2970 2980 2979
2209 3 2 5 36 2970 2971 2981 2980
2210 3 2 5 36 2971 478 479 2981
2211 3 2 5 36 442 2972 2982 443
2212 3 2 5 36 2972 2973 2983 2982
2213 3 2 5 36 2973 2974 2984 2983
2214 3 2 5 36 2974 2975 2985 2984
2215 3 2 5 36 2975 2976 2986 2985
2216 3 2 5 36 2976 2977 2987 2986
2217 3 2 5 36 2977 2978 2988 2987
2218 3 2 5 36 2978 2979 2989 2988
2219 3 2 5 36 2979 2980 2990 2989
2220 3 2 5 36 2980 2981 2991 2990
2221 3 2 5 36 2981 479 480 2991
2222 3 2 5 36 443 2982 2992 444
2223 3 2 5 36 2982 2983 2993 2992
2224 3 2 5 36 2983 2984 2994 2993
2225 3 2 5 36 2984 2985 2995 2994
2226 3 2 5 36 2985 2986 2996 2995
2227 3 2 5 36 2986 2987 2997 2996
2228 3 2 5 36 2987 2988 2998 2997
2229 3 2 5 36 2988 2989 2999 2998
2230 3 2 5 36 2989 2990 3000 2999
2231 3 2 5 36 2990 2991 3001 3000
2232 3 2 5 36 2991 480 481 3001
2233 3 2 5 36 444 2992 3002 445
2234 3 2 5 36 2992 2993 3003 3002
2235 3 2 5 36 2993 2994 3004 3003
2236 3 2 5 36 2994 2995 3005 3004
2237 3 2 5 36 2995 2996 3006 3005
2238 3 2 5 36 2996 2997 3007 3006
2239 3 2 5 36 2997 2998 3008 3007
2240 3 2 5 36 2998 2999 3009 3008
2241 3 2 5 36 2999 3000 3010 3009
2242 3 2 5 36 3000 3001 3011 3010
2243 3 2 5 36 3001 481 482 3011
2244 3 2 5 36 445 3002 3012 446
2245 3 2 5 36 3002 3003 3013 3012
2246 3 2 5 36 3003 3004 3014 3013
2247 3 2 5 36 3004 3005 3015 3014
2248 3 2 5 36 3005 3006 3016 3015
2249 3 2 5 36 3006 3007 3017 3016
2250 3 2 5 36 3007 3008 3018 3017
2251 3 2 5 36 3008 3009 3019 3018
2252 3 2 5 36 3009 3010 3020 3019
2253 3 2 5 36 3010 3011 3021 3020
2254 3 2 5 36 3011 482 483 3021
2255 3 2 5 36 446 3012 3022 447
2256 3 2 5 36 3012 3013 3023 3022
2257 3 2 5 36 3013 3014 3024 3023
2258 3 2 5 36 3014 3015 3025 3024
2259 3 2 5 36 3015 3016 3026 3025
2260 3 2 5 36 3016 3017 3027 3026
2261 3 2 5 36 3017 3018 3028 3027
2262 3 2 5 36 3018 3019 3029 3028
2263 3 2 5 36 3019 3020 3030 3029
2264 3 2 5 36 3020 3021 3031 3030
2265 3 2 5 36 3021 483 484 3031
2266 3 2 5 36 447 3022 3032 448
2267 3 2 5 36 3022 3023 3033 3032
2268 3 2 5 36 3023 3024 3034 3033
2269 3 2 5 36 3024 3025 3035 3034
2270 3 2 5 36 3025 3026 3036 3035
2271 3 2 5 36 3026 3027 3037 3036
2272 3 2 5 36 3027 3028 3038 3037
2273 3 2 5 36 3028 3029 3039 3038
2274 3 2 5 36 3029 3030 3040 3039
2275 3 2 5 36 3030 3031 3041 3040
2276 3 2 5 36 3031 484 485 3041
2277 3 2 5 36 448 3032 3042 449
2278 3 2 5 36 3032 3033 3043 3042
2279 3 2 5 36 3033 3034 3044 3043
2280 3 2 5 36 3034 3035 3045 3044
2281 3 2 5 36 3035 3036 3046 3045
2282 3 2 5 36 3036 3037 3047 3046
2283 3 2 5 36 3037 3038 3048 3047
2284 3 2 5 36 3038 3039 3049 3048
2285 3 2 5 36 3039 3040 3050 3049
2286 3 2 5 36 3040 3041 3051 3050
2287 3 2 5 36 3041 485 486 3051
2288 3 2 5 36 449 3042 476 26
2289 3 2 5 36 3042 3043 475 476
2290 3 2 5 36 3043 3044 474 475
2291 3 2 5 36 3044 3045 473 474
2292 3 2 5 36 3045 3046 472 473
2293 3 2 5 36 3046 3047 471 472
2294 3 2 5 36 3047 3048 470 471
2295 3 2 5 36 3048 3049 469 470
2296 3 2 5 36 3049 3050 468 469
2297 3 2 5 36 3050 3051 467 468
2298 3 2 5 36 3051 486 27 467
2299 5 2 6 1 487 43 9 42 3052 712 118 883
2300 5 2 6 1 3052 712 118 883 3053 713 119 884
2301 5 2 6 1 3053 713 119 884 3054 714 120 885
2302 5 2 6 1 3054 714 120 885 3055 715 121 886
2303 5 2 6 1 3055 715 121 886 3056 716 122 887
2304 5 2 6 1 3056 716 122 887 3057 717 123 888
2305 5 2 6 1 3057 717 123 888 3058 718 124 889
2306 5 2 6 1 3058 718 124 889 3059 719 125 890
2307 5 2 6 1 3059 719 125 890 3060 720 126 891
2308 5 2 6 1 3060 720 126 891 892 136 10 173
2309 5 2 6 1 488 487 42 41 3061 3052 883 874
2310 5 2 6 1 3061 3052 883 874 3062 3053 884 875
2311 5 2 6 1 3062 3053 884 875 3063 3054 885 876
2312 5 2 6 1 3063 3054 885 876 3064 3055 886 877
2313 5 2 6 1 3064 3055 886 877 3065 3056 887 878
2314 5 2 6 1 3065 3056 887 878 3066 3057 888 879
2315 5 2 6 1 3066 3057 888 879 3067 3058 889 880
2316 5 2 6 1 3067 3058 889 880 3068 3059 890 881
2317 5 2 6 1 3068 3059 890 881 3069 3060 891 882
2318 5 2 6 1 3069 3060 891 882 893 892 173 172
2319 5 2 6 1 489 488 41 40 3070 3061 874 865
2320 5 2 6 1 3070 3061 874 865 3071 3062 875 866
2321 5 2 6 1 3071 3062 875 866 3072 3063 876 867
2322 5 2 6 1 3072 3063 876 867 3073 3064 877 868
2323 5 2 6 1 3073 3064 877 868 3074 3065 878 869
2324 5 2 6 1 3074 3065 878 869 3075 3066 879 870
2325 5 2 6 1 3075 3066 879 870 3076 3067 880 871
2326 5 2 6 1 3076 3067 880 871 3077 3068 881 872
2327 5 2 6 1 3077 3068 881 872 3078 3069 882 873
2328 5 2 6 1 3078 3069 882 873 894 893 172 171
2329 5 2 6 1 490 489 40 39 3079 3070 865 856
2330 5 2 6 1 3079 3070 865 856 3080 3071 866 857
2331 5 2 6 1 3080 3071 866 857 3081 3072 867 858
2332 5 2 6 1 3081 3072 867 858 3082 3073 868 859
2333 5 2 6 1 3082 3073 868 859 3083 3074 869 860
2334 5 2 6 1 3083 3074 869 860 3084 3075 870 861
2335 5 2 6 1 3084 3075 870 861 3085 3076 871 862
2336 5 2 6 1 3085 3076 871 862 3086 3077 872 863
2337 5 2 6 1 3086 3077 872 863 3087 3078 873 864
2338 5 2 6 1 3087 3078 873 864 895 894 171 170
2339 5 2 6 1 491 490 39 38 3088 3079 856 847
2340 5 2 6 1 3088 3079 856 847 3089 3080 857 848
2341 5 2 6 1 3089 3080 857 848 3090 3081 858 849
2342 5 2 6 1 3090 3081 858 849 3091 3082 859 850
2343 5 2 6 1 3091 3082 859 850 3092 3083 860 851
2344 5 2 6 1 3092 3083 860 851 3093 3084 861 852
2345 5 2 6 1 3093 3084 861 852 3094 3085 862 853
2346 5 2 6 1 3094 3085 862 853 3095 3086 863 854
2347 5 2 6 1 3095 3086 863 854 3096 3087 864 855
2348 5 2 6 1 3096 3087 864 855 896 895 170 169
2349 5 2 6 1 37 491 38 8 838 3088 847 155
2350 5 2 6 1 838 3088 847 155 839 3089 848 156
2351 5 2 6 1 839 3089 848 156 840 3090 849 157
2352 5 2 6 1 840 3090 849 157 841 3091 850 158
2353 5 2 6 1 841 3091 850 158 842 3092 851 159
2354 5 2 6 1 842 3092 851 159 843 3093 852 160
2355 5 2 6 1 843 3093 852 160 844 3094 853 161
2356 5 2 6 1 844 3094 853 161 845 3095 854 162
2357 5 2 6 1 845 3095 854 162 846 3096 855 163
2358 5 2 6 1 846 3096 855 163 168 896 169 13
2359 5 2 6 1 492 44 43 487 3097 721 712 3052
2360 5 2 6 1 3097 721 712 3052 3098 722 713 3053
2361 5 2 6 1 3098 722 713 3053 3099 723 714 3054
2362 5 2 6 1 3099 723 714 3054 3100 724 715 3055
2363 5 2 6 1 3100 724 715 3055 3101 725 716 3056
2364 5 2 6 1 3101 725 716 3056 3102 726 717 3057
2365 5 2 6 1 3102 726 717 3057 3103 727 718 3058
2366 5 2 6 1 3103 727 718 3058 3104 728 719 3059
2367 5 2 6 1 3104 728 719 3059 3105 729 720 3060
2368 5 2 6 1 3105 729 720 3060 897 137 136 892
2369 5 2 6 1 493 492 487 488 3106 3097 3052 3061
2370 5 2 6 1 3106 3097 3052 3061 3107 3098 3053 3062
2371 5 2 6 1 3107 3098 3053 3062 3108 3099 3054 3063
2372 5 2 6 1 3108 3099 3054 3063 3109 3100 3055 3064
2373 5 2 6 1 3109 3100 3055 3064 3110 3101 3056 3065
2374 5 2 6 1 3110 3101 3056 3065 3111 3102 3057 3066
2375 5 2 6 1 3111 3102 3057 3066 3112 3103 3058 3067
2376 5 2 6 1 3112 3103 3058 3067 3113 3104 3059 3068
2377 5 2 6 1 3113 3104 3059 3068 3114 3105 3060 3069
2378 5 2 6 1 3114 3105 3060 3069 898 897 892 893
2379 5 2 6 1 494 493 488 489 3115 3106 3061 3070
2380 5 2 6 1 3115 3106 3061 3070 3116 3107 3062 3071
2381 5 2 6 1 3116 3107 3062 3071 3117 3108 3063 3072
2382 5 2 6 1 3117 3108 3063 3072 3118 3109 3064 3073
2383 5 2 6 1 3118 3109 3064 3073 3119 3110 3065 3074
2384 5 2 6 1 3119 3110 3065 3074 3120 3111 3066 3075
2385 5 2 6 1 3120 3111 3066 3075 3121 3112 3067 3076
2386 5 2 6 1 3121 3112 3067 3076 3122 3113 3068 3077
2387 5 2 6 1 3122 3113 3068 3077 3123 3114 3069 3078
2388 5 2 6 1 3123 3114 3069 3078 899 898 893 894
2389 5 2 6 1 495 494 489 490 3124 3115 3070 3079
2390 5 2 6 1 3124 3115 3070 3079 3125 3116 3071 3080
2391 5 2 6 1 3125 3116 3071 3080 3126 3117 3072 3081
2392 5 2 6 1 3126 3117 3072 3081 3127 3118 3073 3082
2393 5 2 6 1 3127 3118 3073 3082 3128 3119 3074 3083
2394 5 2 6 1 3128 3119 3074 3083 3129 3120 3075 3084
2395 5 2 6 1 3129 3120 3075 3084 3130 3121 3076 3085
2396 5 2 6 1 3130 3121 3076 3085 3131 3122 3077 3086
2397 5 2 6 1 3131 3122 3077 3086 3132 3123 3078 3087
2398 5 2 6 1 3132 3123 3078 3087 900 899 894 895
2399 5 2 6 1 496 495 490 491 3133 3124 3079 3088
2400 5 2 6 1 3133 3124 3079 3088 3134 3125 3080 3089
2401 5 2 6 1 3134 3125 3080 3089 3135 3126 3081 3090
2402 5 2 6 1 3135 3126 3081 3090 3136 3127 3082 3091
2403 5 2 6 1 3136 3127 3082 3091 3137 3128 3083 3092
2404 5 2 6 1 3137 3128 3083 3092 3138 3129 3084 3093
2405 5 2 6 1 3138 3129 3084 3093 3139 3130 3085 3094
2406 5 2 6 1 3139 3130 3085 3094 3140 3131 3086 3095
2407 5 2 6 1 3140 3131 3086 3095 3141 3132 3087 3096
2408 5 2 6 1 3141 3132 3087 3096 901 900 895 896
2409 5 2 6 1 36 496 491 37 829 3133 3088 838
2410 5 2 6 1 829 3133 3088 838 830 3134 3089 839
2411 5 2 6 1 830 3134 3089 839 831 3135 3090 840
2412 5 2 6 1 831 3135 3090 840 832 3136 3091 841
2413 5 2 6 1 832 3136 3091 841 833 3137 3092 842
2414 5 2 6 1 833 3137 3092 842 834 3138 3093 843
2415 5 2 6 1 834 3138 3093 843 835 3139 3094 844
2416 5 2 6 1 835 3139 3094 844 836 3140 3095 845
2417 5 2 6 1 836 3140 3095 845 837 3141 3096 846
2418 5 2 6 1 837 3141 3096 846 167 901 896 168
2419 5 2 6 1 497 45 44 492 3142 730 721 3097
2420 5 2 6 1 3142 730 721 3097 3143 731 722 3098
2421 5 2 6 1 3143 731 722 3098 3144 732 723 3099
2422 5 2 6 1 3144 732 723 3099 3145 733 724 3100
2423 5 2 6 1 3145 733 724 3100 3146 734 725 3101
2424 5 2 6 1 3146 734 725 3101 3147 735 726 3102
2425 5 2 6 1 3147 735 726 3102 3148 736 727 3103
2426 5 2 6 1 3148 736 727 3103 3149 737 728 3104
2427 5 2 6 1 3149 737 728 3104 3150 738 729 3105
2428 5 2 6 1 3150 738 729 3105 902 138 137 897
2429 5 2 6 1 498 497 492 493 3151 3142 3097 3106
2430 5 2 6 1 3151 3142 3097 3106 3152 3143 3098 3107
2431 5 2 6 1 3152 3143 3098 3107 3153 3144 3099 3108
2432 5 2 6 1 3153 3144 3099 3108 3154 3145 3100 3109
2433 5 2 6 1 3154 3145 3100 3109 3155 3146 3101 3110
2434 5 2 6 1 3155 3146 3101 3110 3156 3147 3102 3111
2435 5 2 6 1 3156 3147 3102 3111 3157 3148 3103 3112
2436 5 2 6 1 3157 3148 3103 3112 3158 3149 3104 3113
2437 5 2 6 1 3158 3149 3104 3113 3159 3150 3105 3114
2438 5 2 6 1 3159 3150 3105 3114 903 902 897 898
2439 5 2 6 1 499 498 493 494 3160 3151 3106 3115
2440 5 2 6 1 3160 3151 3106 3115 3161 3152 3107 3116
2441 5 2 6 1 3161 3152 3107 3116 3162 3153 3108 3117
2442 5 2 6 1 3162 3153 3108 3117 3163 3154 3109 3118
2443 5 2 6 1 3163 3154 3109 3118 3164 3155 3110 3119
2444 5 2 6 1 3164 3155 3110 3119 3165 3156 3111 3120
2445 5 2 6 1 3165 3156 3111 3120 3166 3157 3112 3121
2446 5 2 6 1 3166 3157 3112 3121 3167 3158 3113 3122
2447 5 2 6 1 3167 3158 3113 3122 3168 3159 3114 3123
2448 5 2 6 1 3168 3159 3114 3123 904 903 898 899
2449 5 2 6 1 500 499 494 495 3169 3160 3115 3124
2450 5 2 6 1 3169 3160 3115 3124 3170 3161 3116 3125
2451 5 2 6 1 3170 3161 3116 3125 3171 3162 3117 3126
2452 5 2 6 1 3171 3162 3117 3126 3172 3163 3118 3127
2453 5 2 6 1 3172 3163 3118 3127 3173 3164 3119 3128
2454 5 2 6 1 3173 3164 3119 3128 3174 3165 3120 3129
2455 5 2 6 1 3174 3165 3120 3129 3175 3166 3121 3130
2456 5 2 6 1 3175 3166 3121 3130 3176 3167 3122 3131
2457 5 2 6 1 3176 3167 3122 3131 3177 3168 3123 3132
2458 5 2 6 1 3177 3168 3123 3132 905 904 899 900
2459 5 2 6 1 501 500 495 496 3178 3169 3124 3133
2460 5 2 6 1 3178 3169 3124 3133 3179 3170 3125 3134
2461 5 2 6 1 3179 3170 3125 3134 3180 3171 3126 3135
2462 5 2 6 1 3180 3171 3126 3135 3181 3172 3127 3136
2463 5 2 6 1 3181 3172 3127 3136 3182 3173 3128 3137
2464 5 2 6 1 3182 3173 3128 3137 3183 3174 3129 3138
2465 5 2 6 1 3183 3174 3129 3138 3184 3175 3130 3139
2466 5 2 6 1 3184 3175 3130 3139 3185 3176 3131 3140
2467 5 2 6 1 3185 3176 3131 3140 3186 3177 3132 3141
2468 5 2 6 1 3186 3177 3132 3141 906 905 900 901
2469 5 2 6 1 35 501 496 36 820 3178 3133 829
2470 5 2 6 1 820 3178 3133 829 821 3179 3134 830
2471 5 2 6 1 821 3179 3134 830 822 3180 3135 831
2472 5 2 6 1 822 3180 3135 831 823 3181 3136 832
2473 5 2 6 1 823 3181 3136 832 824 3182 3137 833
2474 5 2 6 1 824 3182 3137 833 825 3183 3138 834
2475 5 2 6 1 825 3183 3138 834 826 3184 3139 835
2476 5 2 6 1 826 3184 3139 835 827 3185 3140 836
2477 5 2 6 1 827 3185 3140 836 828 3186 3141 837
2478 5 2 6 1 828 3186 3141 837 166 906 901 167
2479 5 2 6 1 502 46 45 497 3187 739 730 3142
2480 5 2 6 1 3187 739 730 3142 3188 740 731 3143
2481 5 2 6 1 3188 740 731 3143 3189 741 732 3144
2482 5 2 6 1 3189 741 732 3144 3190 742 733 3145
2483 5 2 6 1 3190 742 733 3145 3191 743 734 3146
2484 5 2 6 1 3191 743 734 3146 3192 744 735 3147
2485 5 2 6 1 3192 744 735 3147 3193 745 736 3148
2486 5 2 6 1 3193 745 736 3148 3194 746 737 3149
2487 5 2 6 1 3194 746 737 3149 3195 747 738 3150
2488 5 2 6 1 3195 747 738 3150 907 139 138 902
2489 5 2 6 1 503 502 497 498 3196 3187 3142 3151
2490 5 2 6 1 3196 3187 3142 3151 3197 3188 3143 3152
2491 5 2 6 1 3197 3188 3143 3152 3198 3189 3144 3153
2492 5 2 6 1 3198 3189 3144 3153 3199 3190 3145 3154
2493 5 2 6 1 3199 3190 3145 3154 3200 3191 3146 3155
2494 5 2 6 1 3200 3191 3146 3155 3201 3192 3147 3156
2495 5 2 6 1 3201 3192 3147 3156 3202 3193 3148 3157
2496 5 2 6 1 3202 3193 3148 3157 3203 3194 3149 3158
2497 5 2 6 1 3203 3194 3149 3158 3204 3195 3150 3159
2498 5 2 6 1 3204 3195 3150 3159 908 907 902 903
2499 5 2 6 1 504 503 498 499 3205 3196 3151 3160
2500 5 2 6 1 3205 3196 3151 3160 3206 3197 3152 3161
2501 5 2 6 1 3206 3197 3152 3161 3207 3198 3153 3162
2502 5 2 6 1 3207 3198 3153 3162 3208 3199 3154 3163
2503 5 2 6 1 3208 3199 3154 3163 3209 3200 3155 3164
2504 5 2 6 1 3209 3200 3155 3164 3210 3201 3156 3165
2505 5 2 6 1 3210 3201 3156 3165 3211 3202 3157 3166
2506 5 2 6 1 3211 3202 3157 3166 3212 3203 3158 3167
2507 5 2 6 1 3212 3203 3158 3167 3213 3204 3159 3168
2508 5 2 6 1 3213 3204 3159 3168 909 908 903 904
2509 5 2 6 1 505 504 499 500 3214 3205 3160 3169
2510 5 2 6 1 3214 3205 3160 3169 3215 3206 3161 3170
2511 5 2 6 1 3215 3206 3161 3170 3216 3207 3162 3171
2512 5 2 6 1 3216 3207 3162 3171 3217 3208 3163 3172
2513 5 2 6 1 3217 3208 3163 3172 3218 3209 3164 3173
2514 5 2 6 1 3218 3209 3164 3173 3219 3210 3165 3174
2515 5 2 6 1 3219 3210 3165 3174 3220 3211 3166 3175
2516 5 2 6 1 3220 3211 3166 3175 3221 3212 3167 3176
2517 5 2 6 1 3221 3212 3167 3176 3222 3213 3168 3177
2518 5 2 6 1 3222 3213 3168 3177 910 909 904 905
2519 5 2 6 1 506 505 500 501 3223 3214 3169 3178
2520 5 2 6 1 3223 3214 3169 3178 3224 3215 3170 3179
2521 5 2 6 1 3224 3215 3170 3179 3225 3216 3171 3180
2522 5 2 6 1 3225 3216 3171 3180 3226 3217 3172 3181
2523 5 2 6 1 3226 3217 3172 3181 3227 3218 3173 3182
2524 5 2 6 1 3227 3218 3173 3182 3228 3219 3174 3183
2525 5 2 6 1 3228 3219 3174 3183 3229 3220 3175 3184
2526 5 2 6 1 3229 3220 3175 3184 3230 3221 3176 3185
2527 5 2 6 1 3230 3221 3176 3185 3231 3222 3177 3186
2528 5 2 6 1 3231 3222 3177 3186 911 910 905 906
2529 5 2 6 1 34 506 501 35 811 3223 3178 820
2530 5 2 6 1 811 3223 3178 820 812 3224 3179 821
2531 5 2 6 1 812 3224 3179 821 813 3225 3180 822
2532 5 2 6 1 813 3225 3180 822 814 3226 3181 823
2533 5 2 6 1 814 3226 3181 823 815 3227 3182 824
2534 5 2 6 1 815 3227 3182 824 816 3228 3183 825
2535 5 2 6 1 816 3228 3183 825 817 3229 3184 826
2536 5 2 6 1 817 3229 3184 826 818 3230 3185 827
2537 5 2 6 1 818 3230 3185 827 819 3231 3186 828
2538 5 2 6 1 819 3231 3186 828 165 911 906 166
2539 5 2 6 1 507 47 46 502 3232 748 739 3187
2540 5 2 6 1 3232 748 739 3187 3233 749 740 3188
2541 5 2 6 1 3233 749 740 3188 3234 750 741 3189
2542 5 2 6 1 3234 750 741 3189 3235 751 742 3190
2543 5 2 6 1 3235 751 742 3190 3236 752 743 3191
2544 5 2 6 1 3236 752 743 3191 3237 753 744 3192
2545 5 2 6 1 3237 753 744 3192 3238 754 745 3193
2546 5 2 6 1 3238 754 745 3193 3239 755 746 3194
2547 5 2 6 1 3239 755 746 3194 3240 756 747 3195
2548 5 2 6 1 3240 756 747 3195 912 140 139 907
2549 5 2 6 1 508 507 502 503 3241 3232 3187 3196
2550 5 2 6 1 3241 3232 3187 3196 3242 3233 3188 3197
2551 5 2 6 1 3242 3233 3188 3197 3243 3234 3189 3198
2552 5 2 6 1 3243 3234 3189 3198 3244 3235 3190 3199
2553 5 2 6 1 3244 3235 3190 3199 3245 3236 3191 3200
2554 5 2 6 1 3245 3236 3191 3200 3246 3237 3192 3201
2555 5 2 6 1 3246 3237 3192 3201 3247 3238 3193 3202
2556 5 2 6 1 3247 3238 3193 3202 3248 3239 3194 3203
2557 5 2 6 1 3248 3239 3194 3203 3249 3240 3195 3204
2558 5 2 6 1 3249 3240 3195 3204 913 912 907 908
2559 5 2 6 1 509 508 503 504 3250 3241 3196 3205
2560 5 2 6 1 3250 3241 3196 3205 3251 3242 3197 3206
2561 5 2 6 1 3251 3242 3197 3206 3252 3243 3198 3207
2562 5 2 6 1 3252 3243 3198 3207 3253 3244 3199 3208
2563 5 2 6 1 3253 3244 3199 3208 3254 3245 3200 3209
2564 5 2 6 1 3254 3245 3200 3209 3255 3246 3201 3210
2565 5 2 6 1 3255 3246 3201 3210 3256 3247 3202 3211
2566 5 2 6 1 3256 3247 3202 3211 3257 3248 3203 3212
2567 5 2 6 1 3257 3248 3203 3212 3258 3249 3204 3213
2568 5 2 6 1 3258 3249 3204 3213 914 913 908 909
2569 5 2 6 1 510 509 504 505 3259 3250 3205 3214
2570 5 2 6 1 3259 3250 3205 3214 3260 3251 3206 3215
2571 5 2 6 1 3260 3251 3206 3215 3261 3252 3207 3216
2572 5 2 6 1 3261 3252 3207 3216 3262 3253 3208 3217
2573 5 2 6 1 3262 3253 3208 3217 3263 3254 3209 3218
2574 5 2 6 1 3263 3254 3209 3218 3264 3255 3210 3219
2575 5 2 6 1 3264 3255 3210 3219 3265 3256 3211 3220
2576 5 2 6 1 3265 3256 3211 3220 3266 3257 3212 3221
2577 5 2 6 1 3266 3257 3212 3221 3267 3258 3213 3222
2578 5 2 6 1 3267 3258 3213 3222 915 914 909 910
2579 5 2 6 1 511 510 505 506 3268 3259 3214 3223
2580 5 2 6 1 3268 3259 3214 3223 3269 3260 3215 3224
2581 5 2 6 1 3269 3260 3215 3224 3270 3261 3216 3225
2582 5 2 6 1 3270 3261 3216 3225 3271 3262 3217 3226
2583 5 2 6 1 3271 3262 3217 3226 3272 3263 3218 3227
2584 5 2 6 1 3272 3263 3218 3227 3273 3264 3219 3228
2585 5 2 6 1 3273 3264 3219 3228 3274 3265 3220 3229
2586 5 2 6 1 3274 3265 3220 3229 3275 3266 3221 3230
2587 5 2 6 1 3275 3266 3221 3230 3276 3267 3222 3231
2588 5 2 6 1 3276 3267 3222 3231 916 915 910 911
2589 5 2 6 1 33 511 506 34 802 3268 3223 811
2590 5 2 6 1 802 3268 3223 811 803 3269 3224 812
2591 5 2 6 1 803 3269 3224 812 804 3270 3225 813
2592 5 2 6 1 804 3270 3225 813 805 3271 3226 814
2593 5 2 6 1 805 3271 3226 814 806 3272 3227 815
2594 5 2 6 1 806 3272 3227 815 807 3273 3228 816
2595 5 2 6 1 807 3273 3228 816 808 3274 3229 817
2596 5 2 6 1 808 3274 3229 817 809 3275 3230 818
2597 5 2 6 1 809 3275 3230 818 810 3276 3231 819
2598 5 2 6 1 810 3276 3231 819 164 916 911 165
2599 5 2 6 1 28 7 47 507 757 127 748 3232
2600 5 2 6 1 757 127 748 3232 758 128 749 3233
2601 5 2 6 1 758 128 749 3233 759 129 750 3234
2602 5 2 6 1 759 129 750 3234 760 130 751 3235
2603 5 2 6 1 760 130 751 3235 761 131 752 3236
2604 5 2 6 1 761 131 752 3236 762 132 753 3237
2605 5 2 6 1 762 132 753 3237 763 133 754 3238
2606 5 2 6 1 763 133 754 3238 764 134 755 3239
2607 5 2 6 1 764 134 755 3239 765 135 756 3240
2608 5 2 6 1 765 135 756 3240 150 11 140 912
2609 5 2 6 1 29 28 507 508 766 757 3232 3241
2610 5 2 6 1 766 757 3232 3241 767 758 3233 3242
2611 5 2 6 1 767 758 3233 3242 768 759 3234 3243
2612 5 2 6 1 768 759 3234 3243 769 760 3235 3244
2613 5 2 6 1 769 760 3235 3244 770 761 3236 3245
2614 5 2 6 1 770 761 3236 3245 771 762 3237 3246
2615 5 2 6 1 771 762 3237 3246 772 763 3238 3247
2616 5 2 6 1 772 763 3238 3247 773 764 3239 3248
2617 5 2 6 1 773 764 3239 3248 774 765 3240 3249
2618 5 2 6 1 774 765 3240 3249 151 150 912 913
2619 5 2 6 1 30 29 508 509 775 766 3241 3250
2620 5 2 6 1 775 766 3241 3250 776 767 3242 3251
2621 5 2 6 1 776 767 3242 3251 777 768 3243 3252
2622 5 2 6 1 777 768 3243 3252 778 769 3244 3253
2623 5 2 6 1 778 769 3244 3253 779 770 3245 3254
2624 5 2 6 1 779 770 3245 3254 780 771 3246 3255
2625 5 2 6 1 780 771 3246 3255 781 772 3247 3256
2626 5 2 6 1 781 772 3247 3256 782 773 3248 3257
2627 5 2 6 1 782 773 3248 3257 783 774 3249 3258
2628 5 2 6 1 783 774 3249 3258 152 151 913 914
2629 5 2 6 1 31 30 509 510 784 775 3250 3259
2630 5 2 6 1 784 775 3250 3259 785 776 3251 3260
2631 5 2 6 1 785 776 3251 3260 786 777 3252 3261
2632 5 2 6 1 786 777 3252 3261 787 778 3253 3262
2633 5 2 6 1 787 778 3253 3262 788 779 3254 3263
2634 5 2 6 1 788 779 3254 3263 789 780 3255 3264
2635 5 2 6 1 789 780 3255 3264 790 781 3256 3265
2636 5 2 6 1 790 781 3256 3265 791 782 3257 3266
2637 5 2 6 1 791 782 3257 3266 792 783 3258 3267
2638 5 2 6 1 792 783 3258 3267 153 152 914 915
2639 5 2 6 1 32 31 510 511 793 784 3259 3268
2640 5 2 6 1 793 784 3259 3268 794 785 3260 3269
2641 5 2 6 1 794 785 3260 3269 795 786 3261 3270
2642 5 2 6 1 795 786 3261 3270 796 787 3262 3271
2643 5 2 6 1 796 787 3262 3271 797 788 3263 3272
2644 5 2 6 1 797 788 3263 3272 798 789 3264 3273
2645 5 2 6 1 798 789 3264 3273 799 790 3265 3274
2646 5 2 6 1 799 790 3265 3274 800 791 3266 3275
2647 5 2 6 1 800 791 3266 3275 801 792 3267 3276
2648 5 2 6 1 801 792 3267 3276 154 153 915 916
2649 5 2 6 1 6 32 511 33 141 793 3268 802
2650 5 2 6 1 141 793 3268 802 142 794 3269 803
2651 5 2 6 1 142 794 3269 803 143 795 3270 804
2652 5 2 6 1 143 795 3270 804 144 796 3271 805
2653 5 2 6 1 144 796 3271 805 145 797 3272 806
2654 5 2 6 1 145 797 3272 806 146 798 3273 807
2655 5 2 6 1 146 798 3273 807 147 799 3274 808
2656 5 2 6 1 147 799 3274 808 148 800 3275 809
2657 5 2 6 1 148 800 3275 809 149 801 3276 810
2658 5 2 6 1 149 801 3276 810 12 154 916 164
2659 5 2 7 2 9 48 512 42 118 917 3277 883
2660 5 2 7 2 118 917 3277 883 119 918 3278 884
2661 5 2 7 2 119 918 3278 884 120 919 3279 885
2662 5 2 7 2 120 919 3279 885 121 920 3280 886
2663 5 2 7 2 121 920 3280 886 122 921 3281 887
2664 5 2 7 2 122 921 3281 887 123 922 3282 888
2665 5 2 7 2 123 922 3282 888 124 923 3283 889
2666 5 2 7 2 124 923 3283 889 125 924 3284 890
2667 5 2 7 2 125 924 3284 890 126 925 3285 891
2668 5 2 7 2 126 925 3285 891 10 183 1142 173
2669 5 2 7 2 42 512 513 41 883 3277 3286 874
2670 5 2 7 2 883 3277 3286 874 884 3278 3287 875
2671 5 2 7 2 884 3278 3287 875 885 3279 3288 876
2672 5 2 7 2 885 3279 3288 876 886 3280 3289 877
2673 5 2 7 2 886 3280 3289 877 887 3281 3290 878
2674 5 2 7 2 887 3281 3290 878 888 3282 3291 879
2675 5 2 7 2 888 3282 3291 879 889 3283 3292 880
2676 5 2 7 2 889 3283 3292 880 890 3284 3293 881
2677 5 2 7 2 890 3284 3293 881 891 3285 3294 882
2678 5 2 7 2 891 3285 3294 882 173 1142 1143 172
2679 5 2 7 2 41 513 514 40 874 3286 3295 865
2680 5 2 7 2 874 3286 3295 865 875 3287 3296 866
2681 5 2 7 2 875 3287 3296 866 876 3288 3297 867
2682 5 2 7 2 876 3288 3297 867 877 3289 3298 868
2683 5 2 7 2 877 3289 3298 868 878 3290 3299 869
2684 5 2 7 2 878 3290 3299 869 879 3291 3300 870
2685 5 2 7 2 879 3291 3300 870 880 3292 3301 871
2686 5 2 7 2 880 3292 3301 871 881 3293 3302 872
2687 5 2 7 2 881 3293 3302 872 882 3294 3303 873
2688 5 2 7 2 882 3294 3303 873 172 1143 1144 171
2689 5 2 7 2 40 514 515 39 865 3295 3304 856
2690 5 2 7 2 865 3295 3304 856 866 3296 3305 857
2691 5 2 7 2 866 3296 3305 857 867 3297 3306 858
2692 5 2 7 2 867 3297 3306 858 868 3298 3307 859
2693 5 2 7 2 868 3298 3307 859 869 3299 3308 860
2694 5 2 7 2 869 3299 3308 860 870 3300 3309 861
2695 5 2 7 2 870 3300 3309 861 871 3301 3310 862
2696 5 2 7 2 871 3301 3310 862 872 3302 3311 863
2697 5 2 7 2 872 3302 3311 863 873 3303 3312 864
2698 5 2 7 2 873 3303 3312 864 171 1144 1145 170
2699 5 2 7 2 39 515 516 38 856 3304 3313 847
2700 5 2 7 2 856 3304 3313 847 857 3305 3314 848
2701 5 2 7 2 857 3305 3314 848 858 3306 3315 849
2702 5 2 7 2 858 3306 3315 849 859 3307 3316 850
2703 5 2 7 2 859 3307 3316 850 860 3308 3317 851
2704 5 2 7 2 860 3308 3317 851 861 3309 3318 852
2705 5 2 7 2 861 3309 3318 852 862 3310 3319 853
2706 5 2 7 2 862 3310 3319 853 863 3311 3320 854
2707 5 2 7 2 863 3311 3320 854 864 3312 3321 855
2708 5 2 7 2 864 3312 3321 855 170 1145 1146 169
2709 5 2 7 2 38 516 98 8 847 3313 1052 155
2710 5 2 7 2 847 3313 1052 155 848 3314 1053 156
2711 5 2 7 2 848 3314 1053 156 849 3315 1054 157
2712 5 2 7 2 849 3315 1054 157 850 3316 1055 158
2713 5 2 7 2 850 3316 1055 158 851 3317 1056 159
2714 5 2 7 2 851 3317 1056 159 852 3318 1057 160
2715 5 2 7 2 852 3318 1057 160 853 3319 1058 161
2716 5 2 7 2 853 3319 1058 161 854 3320 1059 162
2717 5 2 7 2 854 3320 1059 162 855 3321 1060 163
2718 5 2 7 2 855 3321 1060 163 169 1146 207 13
2719 5 2 7 2 48 49 517 512 917 926 3322 3277
2720 5 2 7 2 917 926 3322 3277 918 927 3323 3278
2721 5 2 7 2 918 927 3323 3278 919 928 3324 3279
2722 5 2 7 2 919 928 3324 3279 920 929 3325 3280
2723 5 2 7 2 920 929 3325 3280 921 930 3326 3281
2724 5 2 7 2 921 930 3326 3281 922 931 3327 3282
2725 5 2 7 2 922 931 3327 3282 923 932 3328 3283
2726 5 2 7 2 923 932 3328 3283 924 933 3329 3284
2727 5 2 7 2 924 933 3329 3284 925 934 3330 3285
2728 5 2 7 2 925 934 3330 3285 183 184 1147 1142
2729 5 2 7 2 512 517 518 513 3277 3322 3331 3286
2730 5 2 7 2 3277 3322 3331 3286 3278 3323 3332 3287
2731 5 2 7 2 3278 3323 3332 3287 3279 3324 3333 3288
2732 5 2 7 2 3279 3324 3333 3288 3280 3325 3334 3289
2733 5 2 7 2 3280 3325 3334 3289 3281 3326 3335 3290
2734 5 2 7 2 3281 3326 3335 3290 3282 3327 3336 3291
2735 5 2 7 2 3282 3327 3336 3291 3283 3328 3337 3292
2736 5 2 7 2 3283 3328 3337 3292 3284 3329 3338 3293
2737 5 2 7 2 3284 3329 3338 3293 3285 3330 3339 3294
2738 5 2 7 2 3285 3330 3339 3294 1142 1147 1148 1143
2739 5 2 7 2 513 518 519 514 3286 3331 3340 3295
2740 5 2 7 2 3286 3331 3340 3295 3287 3332 3341 3296
2741 5 2 7 2 3287 3332 3341 3296 3288 3333 3342 3297
2742 5 2 7 2 3288 3333 3342 3297 3289 3334 3343 3298
2743 5 2 7 2 3289 3334 3343 3298 3290 3335 3344 3299
2744 5 2 7 2 3290 3335 3344 3299 3291 3336 3345 3300
2745 5 2 7 2 3291 3336 3345 3300 3292 3337 3346 3301
2746 5 2 7 2 3292 3337 3346 3301 3293 3338 3347 3302
2747 5 2 7 2 3293 3338 3347 3302 3294 3339 3348 3303
2748 5 2 7 2 3294 3339 3348 3303 1143 1148 1149 1144
2749 5 2 7 2 514 519 520 515 3295 3340 3349 3304
2750 5 2 7 2 3295 3340 3349 3304 3296 3341 3350 3305
2751 5 2 7 2 3296 3341 3350 3305 3297 3342 3351 3306
2752 5 2 7 2 3297 3342 3351 3306 3298 3343 3352 3307
2753 5 2 7 2 3298 3343 3352 3307 3299 3344 3353 3308
2754 5 2 7 2 3299 3344 3353 3308 3300 3345 3354 3309
2755 5 2 7 2 3300 3345 3354 3309 3301 3346 3355 3310
2756 5 2 7 2 3301 3346 3355 3310 3302 3347 3356 3311
2757 5 2 7 2 3302 3347 3356 3311 3303 3348 3357 3312
2758 5 2 7 2 3303 3348 3357 3312 1144 1149 1150 1145
2759 5 2 7 2 515 520 521 516 3304 3349 3358 3313
2760 5 2 7 2 3304 3349 3358 3313 3305 3350 3359 3314
2761 5 2 7 2 3305 3350 3359 3314 3306 3351 3360 3315
2762 5 2 7 2 3306 3351 3360 3315 3307 3352 3361 3316
2763 5 2 7 2 3307 3352 3361 3316 3308 3353 3362 3317
2764 5 2 7 2 3308 3353 3362 3317 3309 3354 3363 3318
2765 5 2 7 2 3309 3354 3363 3318 3310 3355 3364 3319
2766 5 2 7 2 3310 3355 3364 3319 3311 3356 3365 3320
2767 5 2 7 2 3311 3356 3365 3320 3312 3357 3366 3321
2768 5 2 7 2 3312 3357 3366 3321 1145 1150 1151 1146
2769 5 2 7 2 516 521 99 98 3313 3358 1061 1052
2770 5 2 7 2 3313 3358 1061 1052 3314 3359 1062 1053
2771 5 2 7 2 3314 3359 1062 1053 3315 3360 1063 1054
2772 5 2 7 2 3315 3360 1063 1054 3316 3361 1064 1055
2773 5 2 7 2 3316 3361 1064 1055 3317 3362 1065 1056
2774 5 2 7 2 3317 3362 1065 1056 3318 3363 1066 1057
2775 5 2 7 2 3318 3363 1066 1057 3319 3364 1067 1058
2776 5 2 7 2 3319 3364 1067 1058 3320 3365 1068 1059
2777 5 2 7 2 3320 3365 1068 1059 3321 3366 1069 1060
2778 5 2 7 2 3321 3366 1069 1060 1146 1151 208 207
2779 5 2 7 2 49 50 522 517 926 935 3367 3322
2780 5 2 7 2 926 935 3367 3322 927 936 3368 3323
2781 5 2 7 2 927 936 3368 3323 928 937 3369 3324
2782 5 2 7 2 928 937 3369 3324 929 938 3370 3325
2783 5 2 7 2 929 938 3370 3325 930 939 3371 3326
2784 5 2 7 2 930 939 3371 3326 931 940 3372 3327
2785 5 2 7 2 931 940 3372 3327 932 941 3373 3328
2786 5 2 7 2 932 941 3373 3328 933 942 3374 3329
2787 5 2 7 2 933 942 3374 3329 934 943 3375 3330
2788 5 2 7 2 934 943 3375 3330 184 185 1152 1147
2789 5 2 7 2 517 522 523 518 3322 3367 3376 3331
2790 5 2 7 2 3322 3367 3376 3331 3323 3368 3377 3332
2791 5 2 7 2 3323 3368 3377 3332 3324 3369 3378 3333
2792 5 2 7 2 3324 3369 3378 3333 3325 3370 3379 3334
2793 5 2 7 2 3325 3370 3379 3334 3326 3371 3380 3335
2794 5 2 7 2 3326 3371 3380 3335 3327 3372 3381 3336
2795 5 2 7 2 3327 3372 3381 3336 3328 3373 3382 3337
2796 5 2 7 2 3328 3373 3382 3337 3329 3374 3383 3338
2797 5 2 7 2 3329 3374 3383 3338 3330 3375 3384 3339
2798 5 2 7 2 3330 3375 3384 3339 1147 1152 1153 1148
2799 5 2 7 2 518 523 524 519 3331 3376 3385 3340
2800 5 2 7 2 3331 3376 3385 3340 3332 3377 3386 3341
2801 5 2 7 2 3332 3377 3386 3341 3333 3378 3387 3342
2802 5 2 7 2 3333 3378 3387 3342 3334 3379 3388 3343
2803 5 2 7 2 3334 3379 3388 3343 3335 3380 3389 3344
2804 5 2 7 2 3335 3380 3389 3344 3336 3381 3390 3345
2805 5 2 7 2 3336 3381 3390 3345 3337 3382 3391 3346
2806 5 2 7 2 3337 3382 3391 3346 3338 3383 3392 3347
2807 5 2 7 2 3338 3383 3392 3347 3339 3384 3393 3348
2808 5 2 7 2 3339 3384 3393 3348 1148 1153 1154 1149
2809 5 2 7 2 519 524 525 520 3340 3385 3394 3349
2810 5 2 7 2 3340 3385 3394 3349 3341 3386 3395 3350
2811 5 2 7 2 3341 3386 3395 3350 3342 3387 3396 3351
2812 5 2 7 2 3342 3387 3396 3351 3343 3388 3397 3352
2813 5 2 7 2 3343 3388 3397 3352 3344 3389 3398 3353
2814 5 2 7 2 3344 3389 3398 3353 3345 3390 3399 3354
2815 5 2 7 2 3345 3390 3399 3354 3346 3391 3400 3355
2816 5 2 7 2 3346 3391 3400 3355 3347 3392 3401 3356
2817 5 2 7 2 3347 3392 3401 3356 3348 3393 3402 3357
2818 5 2 7 2 3348 3393 3402 3357 1149 1154 1155 1150
2819 5 2 7 2 520 525 526 521 3349 3394 3403 3358
2820 5 2 7 2 3349 3394 3403 3358 3350 3395 3404 3359
2821 5 2 7 2 3350 3395 3404 3359 3351 3396 3405 3360
2822 5 2 7 2 3351 3396 3405 3360 3352 3397 3406 3361
2823 5 2 7 2 3352 3397 3406 3361 3353 3398 3407 3362
2824 5 2 7 2 3353 3398 3407 3362 3354 3399 3408 3363
2825 5 2 7 2 3354 3399 3408 3363 3355 3400 3409 3364
2826 5 2 7 2 3355 3400 3409 3364 3356 3401 3410 3365
2827 5 2 7 2 3356 3401 3410 3365 3357 3402 3411 3366
2828 5 2 7 2 3357 3402 3411 3366 1150 1155 1156 1151
2829 5 2 7 2 521 526 100 99 3358 3403 1070 1061
2830 5 2 7 2 3358 3403 1070 1061 3359 3404 1071 1062
2831 5 2 7 2 3359 3404 1071 1062 3360 3405 1072 1063
2832 5 2 7 2 3360 3405 1072 1063 3361 3406 1073 1064
2833 5 2 7 2 3361 3406 1073 1064 3362 3407 1074 1065
2834 5 2 7 2 3362 3407 1074 1065 3363 3408 1075 1066
2835 5 2 7 2 3363 3408 1075 1066 3364 3409 1076 1067
2836 5 2 7 2 3364 3409 1076 1067 3365 3410 1077 1068
2837 5 2 7 2 3365 3410 1077 1068 3366 3411 1078 1069
2838 5 2 7 2 3366 3411 1078 1069 1151 1156 209 208
2839 5 2 7 2 50 51 527 522 935 944 3412 3367
2840 5 2 7 2 935 944 3412 3367 936 945 3413 3368
2841 5 2 7 2 936 945 3413 3368 937 946 3414 3369
2842 5 2 7 2 937 946 3414 3369 938 947 3415 3370
2843 5 2 7 2 938 947 3415 3370 939 948 3416 3371
2844 5 2 7 2 939 948 3416 3371 940 949 3417 3372
2845 5 2 7 2 940 949 3417 3372 941 950 3418 3373
2846 5 2 7 2 941 950 3418 3373 942 951 3419 3374
2847 5 2 7 2 942 951 3419 3374 943 952 3420 3375
2848 5 2 7 2 943 952 3420 3375 185 186 1157 1152
2849 5 2 7 2 522 527 528 523 3367 3412 3421 3376
2850 5 2 7 2 3367 3412 3421 3376 3368 3413 3422 3377
2851 5 2 7 2 3368 3413 3422 3377 3369 3414 3423 3378
2852 5 2 7 2 3369 3414 3423 3378 3370 3415 3424 3379
2853 5 2 7 2 3370 3415 3424 3379 3371 3416 3425 3380
2854 5 2 7 2 3371 3416 3425 3380 3372 3417 3426 3381
2855 5 2 7 2 3372 3417 3426 3381 3373 3418 3427 3382
2856 5 2 7 2 3373 3418 3427 3382 3374 3419 3428 3383
2857 5 2 7 2 3374 3419 3428 3383 3375 3420 3429 3384
2858 5 2 7 2 3375 3420 3429 3384 1152 1157 1158 1153
2859 5 2 7 2 523 528 529 524 3376 3421 3430 3385
2860 5 2 7 2 3376 3421 3430 3385 3377 3422 3431 3386
2861 5 2 7 2 3377 3422 3431 3386 3378 3423 3432 3387
2862 5 2 7 2 3378 3423 3432 3387 3379 3424 3433 3388
2863 5 2 7 2 3379 3424 3433 3388 3380 3425 3434 3389
2864 5 2 7 2 3380 3425 3434 3389 3381 3426 3435 3390
2865 5 2 7 2 3381 3426 3435 3390 3382 3427 3436 3391
2866 5 2 7 2 3382 3427 3436 3391 3383 3428 3437 3392
2867 5 2 7 2 3383 3428 3437 3392 3384 3429 3438 3393
2868 5 2 7 2 3384 3429 3438 3393 1153 1158 1159 1154
2869 5 2 7 2 524 529 530 525 3385 3430 3439 3394
2870 5 2 7 2 3385 3430 3439 3394 3386 3431 3440 3395
2871 5 2 7 2 3386 3431 3440 3395 3387 3432 3441 3396
2872 5 2 7 2 3387 3432 3441 3396 3388 3433 3442 3397
2873 5 2 7 2 3388 3433 3442 3397 3389 3434 3443 3398
2874 5 2 7 2 3389 3434 3443 3398 3390 3435 3444 3399
2875 5 2 7 2 3390 3435 3444 3399 3391 3436 3445 3400
2876 5 2 7 2 3391 3436 3445 3400 3392 3437 3446 3401
2877 5 2 7 2 3392 3437 3446 3401 3393 3438 3447 3402
2878 5 2 7 2 3393 3438 3447 3402 1154 1159 1160 1155
2879 5 2 7 2 525 530 531 526 3394 3439 3448 3403
2880 5 2 7 2 3394 3439 3448 3403 3395 3440 3449 3404
2881 5 2 7 2 3395 3440 3449 3404 3396 3441 3450 3405
2882 5 2 7 2 3396 3441 3450 3405 3397 3442 3451 3406
2883 5 2 7 2 3397 3442 3451 3406 3398 3443 3452 3407
2884 5 2 7 2 3398 3443 3452 3407 3399 3444 3453 3408
2885 5 2 7 2 3399 3444 3453 3408 3400 3445 3454 3409
2886 5 2 7 2 3400 3445 3454 3409 3401 3446 3455 3410
2887 5 2 7 2 3401 3446 3455 3410 3402 3447 3456 3411
2888 5 2 7 2 3402 3447 3456 3411 1155 1160 1161 1156
2889 5 2 7 2 526 531 101 100 3403 3448 1079 1070
2890 5 2 7 2 3403 3448 1079 1070 3404 3449 1080 1071
2891 5 2 7 2 3404 3449 1080 1071 3405 3450 1081 1072
2892 5 2 7 2 3405 3450 1081 1072 3406 3451 1082 1073
2893 5 2 7 2 3406 3451 1082 1073 3407 3452 1083 1074
2894 5 2 7 2 3407 3452 1083 1074 3408 3453 1084 1075
2895 5 2 7 2 3408 3453 1084 1075 3409 3454 1085 1076
2896 5 2 7 2 3409 3454 1085 1076 3410 3455 1086 1077
2897 5 2 7 2 3410 3455 1086 1077 3411 3456 1087 1078
2898 5 2 7 2 3411 3456 1087 1078 1156 1161 210 209
2899 5 2 7 2 51 52 532 527 944 953 3457 3412
2900 5 2 7 2 944 953 3457 3412 945 954 3458 3413
2901 5 2 7 2 945 954 3458 3413 946 955 3459 3414
2902 5 2 7 2 946 955 3459 3414 947 956 3460 3415
2903 5 2 7 2 947 956 3460 3415 948 957 3461 3416
2904 5 2 7 2 948 957 3461 3416 949 958 3462 3417
2905 5 2 7 2 949 958 3462 3417 950 959 3463 3418
2906 5 2 7 2 950 959 3463 3418 951 960 3464 3419
2907 5 2 7 2 951 960 3464 3419 952 961 3465 3420
2908 5 2 7 2 952 961 3465 3420 186 187 1162 1157
2909 5 2 7 2 527 532 533 528 3412 3457 3466 3421
2910 5 2 7 2 3412 3457 3466 3421 3413 3458 3467 3422
2911 5 2 7 2 3413 3458 3467 3422 3414 3459 3468 3423
2912 5 2 7 2 3414 3459 3468 3423 3415 3460 3469 3424
2913 5 2 7 2 3415 3460 3469 3424 3416 3461 3470 3425
2914 5 2 7 2 3416 3461 3470 3425 3417 3462 3471 3426
2915 5 2 7 2 3417 3462 3471 3426 3418 3463 3472 3427
2916 5 2 7 2 3418 3463 3472 3427 3419 3464 3473 3428
2917 5 2 7 2 3419 3464 3473 3428 3420 3465 3474 3429
2918 5 2 7 2 3420 3465 3474 3429 1157 1162 1163 1158
2919 5 2 7 2 528 533 534 529 3421 3466 3475 3430
2920 5 2 7 2 3421 3466 3475 3430 3422 3467 3476 3431
2921 5 2 7 2 3422 3467 3476 3431 3423 3468 3477 3432
2922 5 2 7 2 3423 3468 3477 3432 3424 3469 3478 3433
2923 5 2 7 2 3424 3469 3478 3433 3425 3470 3479 3434
2924 5 2 7 2 3425 3470 3479 3434 3426 3471 3480 3435
2925 5 2 7 2 3426 3471 3480 3435 3427 3472 3481 3436
2926 5 2 7 2 3427 3472 3481 3436 3428 3473 3482 3437
2927 5 2 7 2 3428 3473 3482 3437 3429 3474 3483 3438
2928 5 2 7 2 3429 3474 3483 3438 1158 1163 1164 1159
2929 5 2 7 2 529 534 535 530 3430 3475 3484 3439
2930 5 2 7 2 3430 3475 3484 3439 3431 3476 3485 3440
2931 5 2 7 2 3431 3476 3485 3440 3432 3477 3486 3441
2932 5 2 7 2 3432 3477 3486 3441 3433 3478 3487 3442
2933 5 2 7 2 3433 3478 3487 3442 3434 3479 3488 3443
2934 5 2 7 2 3434 3479 3488 3443 3435 3480 3489 3444
2935 5 2 7 2 3435 3480 3489 3444 3436 3481 3490 3445
2936 5 2 7 2 3436 3481 3490 3445 3437 3482 3491 3446
2937 5 2 7 2 3437 3482 3491 3446 3438 3483 3492 3447
2938 5 2 7 2 3438 3483 3492 3447 1159 1164 1165 1160
2939 5 2 7 2 530 535 536 531 3439 3484 3493 3448
2940 5 2 7 2 3439 3484 3493 3448 3440 3485 3494 3449
2941 5 2 7 2 3440 3485 3494 3449 3441 3486 3495 3450
2942 5 2 7 2 3441 3486 3495 3450 3442 3487 3496 3451
2943 5 2 7 2 3442 3487 3496 3451 3443 3488 3497 3452
2944 5 2 7 2 3443 3488 3497 3452 3444 3489 3498 3453
2945 5 2 7 2 3444 3489 3498 3453 3445 3490 3499 3454
2946 5 2 7 2 3445 3490 3499 3454 3446 3491 3500 3455
2947 5 2 7 2 3446 3491 3500 3455 3447 3492 3501 3456
2948 5 2 7 2 3447 3492 3501 3456 1160 1165 1166 1161
2949 5 2 7 2 531 536 102 101 3448 3493 1088 1079
2950 5 2 7 2 3448 3493 1088 1079 3449 3494 1089 1080
2951 5 2 7 2 3449 3494 1089 1080 3450 3495 1090 1081
2952 5 2 7 2 3450 3495 1090 1081 3451 3496 1091 1082
2953 5 2 7 2 3451 3496 1091 1082 3452 3497 1092 1083
2954 5 2 7 2 3452 3497 1092 1083 3453 3498 1093 1084
2955 5 2 7 2 3453 3498 1093 1084 3454 3499 1094 1085
2956 5 2 7 2 3454 3499 1094 1085 3455 3500 1095 1086
2957 5 2 7 2 3455 3500 1095 1086 3456 3501 1096 1087
2958 5 2 7 2 3456 3501 1096 1087 1161 1166 211 210
2959 5 2 7 2 52 53 537 532 953 962 3502 3457
2960 5 2 7 2 953 962 3502 3457 954 963 3503 3458
2961 5 2 7 2 954 963 3503 3458 955 964 3504 3459
2962 5 2 7 2 955 964 3504 3459 956 965 3505 3460
2963 5 2 7 2 956 965 3505 3460 957 966 3506 3461
2964 5 2 7 2 957 966 3506 3461 958 967 3507 3462
2965 5 2 7 2 958 967 3507 3462 959 968 3508 3463
2966 5 2 7 2 959 968 3508 3463 960 969 3509 3464
2967 5 2 7 2 960 969 3509 3464 961 970 3510 3465
2968 5 2 7 2 961 970 3510 3465 187 188 1167 1162
2969 5 2 7 2 532 537 538 533 3457 3502 3511 3466
2970 5 2 7 2 3457 3502 3511 3466 3458 3503 3512 3467
2971 5 2 7 2 3458 3503 3512 3467 3459 3504 3513 3468
2972 5 2 7 2 3459 3504 3513 3468 3460 3505 3514 3469
2973 5 2 7 2 3460 3505 3514 3469 3461 3506 3515 3470
2974 5 2 7 2 3461 3506 3515 3470 3462 3507 3516 3471
2975 5 2 7 2 3462 3507 3516 3471 3463 3508 3517 3472
2976 5 2 7 2 3463 3508 3517 3472 3464 3509 3518 3473
2977 5 2 7 2 3464 3509 3518 3473 3465 3510 3519 3474
2978 5 2 7 2 3465 3510 3519 3474 1162 1167 1168 1163
2979 5 2 7 2 533 538 539 534 3466 3511 3520 3475
2980 5 2 7 2 3466 3511 3520 3475 3467 3512 3521 3476
2981 5 2 7 2 3467 3512 3521 3476 3468 3513 3522 3477
2982 5 2 7 2 3468 3513 3522 3477 3469 3514 3523 3478
2983 5 2 7 2 3469 3514 3523 3478 3470 3515 3524 3479
2984 5 2 7 2 3470 3515 3524 3479 3471 3516 3525 3480
2985 5 2 7 2 3471 3516 3525 3480 3472 3517 3526 3481
2986 5 2 7 2 3472 3517 3526 3481 3473 3518 3527 3482
2987 5 2 7 2 3473 3518 3527 3482 3474 3519 3528 3483
2988 5 2 7 2 3474 3519 3528 3483 1163 1168 1169 1164
2989 5 2 7 2 534 539 540 535 3475 3520 3529 3484
2990 5 2 7 2 3475 3520 3529 3484 3476 3521 3530 3485
2991 5 2 7 2 3476 3521 3530 3485 3477 3522 3531 3486
2992 5 2 7 2 3477 3522 3531 3486 3478 3523 3532 3487
2993 5 2 7 2 3478 3523 3532 3487 3479 3524 3533 3488
2994 5 2 7 2 3479 3524 3533 3488 3480 3525 3534 3489
2995 5 2 7 2 3480 3525 3534 3489 3481 3526 3535 3490
2996 5 2 7 2 3481 3526 3535 3490 3482 3527 3536 3491
2997 5 2 7 2 3482 3527 3536 3491 3483 3528 3537 3492
2998 5 2 7 2 3483 3528 3537 3492 1164 1169 1170 1165
2999 5 2 7 2 535 540 541 536 3484 3529 3538 3493
3000 5 2 7 2 3484 3529 3538 3493 3485 3530 3539 3494
3001 5 2 7 2 3485 3530 3539 3494 3486 3531 3540 3495
3002 5 2 7 2 3486 3531 3540 3495 3487 3532 3541 3496
3003 5 2 7 2 3487 3532 3541 3496 3488 3533 3542 3497
3004 5 2 7 2 3488 3533 3542 3497 3489 3534 3543 3498
3005 5 2 7 2 3489 3534 3543 3498 3490 3535 3544 3499
3006 5 2 7 2 3490 3535 3544 3499 3491 3536 3545 3500
3007 5 2 7 2 3491 3536 3545 3500 3492 3537 3546 3501
3008 5 2 7 2 3492 3537 3546 3501 1165 1170 1171 1166
3009 5 2 7 2 536 541 103 102 3493 3538 1097 1088
3010 5 2 7 2 3493 3538 1097 1088 3494 3539 1098 1089
3011 5 2 7 2 3494 3539 1098 1089 3495 3540 1099 1090
3012 5 2 7 2 3495 3540 1099 1090 3496 3541 1100 1091
3013 5 2 7 2 3496 3541 1100 1091 3497 3542 1101 1092
3014 5 2 7 2 3497 3542 1101 1092 3498 3543 1102 1093
3015 5 2 7 2 3498 3543 1102 1093 3499 3544 1103 1094
3016 5 2 7 2 3499 3544 1103 1094 3500 3545 1104 1095
3017 5 2 7 2 3500 3545 1104 1095 3501 3546 1105 1096
3018 5 2 7 2 3501 3546 1105 1096 1166 1171 212 211
3019 5 2 7 2 53 54 542 537 962 971 3547 3502
3020 5 2 7 2 962 971 3547 3502 963 972 3548 3503
3021 5 2 7 2 963 972 3548 3503 964 973 3549 3504
3022 5 2 7 2 964 973 3549 3504 965 974 3550 3505
3023 5 2 7 2 965 974 3550 3505 966 975 3551 3506
3024 5 2 7 2 966 975 3551 3506 967 976 3552 3507
3025 5 2 7 2 967 976 3552 3507 968 977 3553 3508
3026 5 2 7 2 968 977 3553 3508 969 978 3554 3509
3027 5 2 7 2 969 978 3554 3509 970 979 3555 3510
3028 5 2 7 2 970 979 3555 3510 188 189 1172 1167
3029 5 2 7 2 537 542 543 538 3502 3547 3556 3511
3030 5 2 7 2 3502 3547 3556 3511 3503 3548 3557 3512
3031 5 2 7 2 3503 3548 3557 3512 3504 3549 3558 3513
3032 5 2 7 2 3504 3549 3558 3513 3505 3550 3559 3514
3033 5 2 7 2 3505 3550 3559 3514 3506 3551 3560 3515
3034 5 2 7 2 3506 3551 3560 3515 3507 3552 3561 3516
3035 5 2 7 2 3507 3552 3561 3516 3508 3553 3562 3517
3036 5 2 7 2 3508 3553 3562 3517 3509 3554 3563 3518
3037 5 2 7 2 3509 3554 3563 3518 3510 3555 3564 3519
3038 5 2 7 2 3510 3555 3564 3519 1167 1172 1173 1168
3039 5 2 7 2 538 543 544 539 3511 3556 3565 3520
3040 5 2 7 2 3511 3556 3565 3520 3512 3557 3566 3521
3041 5 2 7 2 3512 3557 3566 3521 3513 3558 3567 3522
3042 5 2 7 2 3513 3558 3567 3522 3514 3559 3568 3523
3043 5 2 7 2 3514 3559 3568 3523 3515 3560 3569 3524
3044 5 2 7 2 3515 3560 3569 3524 3516 3561 3570 3525
3045 5 2 7 2 3516 3561 3570 3525 3517 3562 3571 3526
3046 5 2 7 2 3517 3562 3571 3526 3518 3563 3572 3527
3047 5 2 7 2 3518 3563 3572 3527 3519 3564 3573 3528
3048 5 2 7 2 3519 3564 3573 3528 1168 1173 1174 1169
3049 5 2 7 2 539 544 545 540 3520 3565 3574 3529
3050 5 2 7 2 3520 3565 3574 3529 3521 3566 3575 3530
3051 5 2 7 2 3521 3566 3575 3530 3522 3567 3576 3531
3052 5 2 7 2 3522 3567 3576 3531 3523 3568 3577 3532
3053 5 2 7 2 3523 3568 3577 3532 3524 3569 3578 3533
3054 5 2 7 2 3524 3569 3578 3533 3525 3570 3579 3534
3055 5 2 7 2 3525 3570 3579 3534 3526 3571 3580 3535
3056 5 2 7 2 3526 3571 3580 3535 3527 3572 3581 3536
3057 5 2 7 2 3527 3572 3581 3536 3528 3573 3582 3537
3058 5 2 7 2 3528 3573 3582 3537 1169 1174 1175 1170
3059 5 2 7 2 540 545 546 541 3529 3574 3583 3538
3060 5 2 7 2 3529 3574 3583 3538 3530 3575 3584 3539
3061 5 2 7 2 3530 3575 3584 3539 3531 3576 3585 3540
3062 5 2 7 2 3531 3576 3585 3540 3532 3577 3586 3541
3063 5 2 7 2 3532 3577 3586 3541 3533 3578 3587 3542
3064 5 2 7 2 3533 3578 3587 3542 3534 3579 3588 3543
3065 5 2 7 2 3534 3579 3588 3543 3535 3580 3589 3544
3066 5 2 7 2 3535 3580 3589 3544 3536 3581 3590 3545
3067 5 2 7 2 3536 3581 3590 3545 3537 3582 3591 3546
3068 5 2 7 2 3537 3582 3591 3546 1170 1175 1176 1171
3069 5 2 7 2 541 546 104 103 3538 3583 1106 1097
3070 5 2 7 2 3538 3583 1106 1097 3539 3584 1107 1098
3071 5 2 7 2 3539 3584 1107 1098 3540 3585 1108 1099
3072 5 2 7 2 3540 3585 1108 1099 3541 3586 1109 1100
3073 5 2 7 2 3541 3586 1109 1100 3542 3587 1110 1101
3074 5 2 7 2 3542 3587 1110 1101 3543 3588 1111 1102
3075 5 2 7 2 3543 3588 1111 1102 3544 3589 1112 1103
3076 5 2 7 2 3544 3589 1112 1103 3545 3590 1113 1104
3077 5 2 7 2 3545 3590 1113 1104 3546 3591 1114 1105
3078 5 2 7 2 3546 3591 1114 1105 1171 1176 213 212
3079 5 2 7 2 54 55 547 542 971 980 3592 3547
3080 5 2 7 2 971 980 3592 3547 972 981 3593 3548
3081 5 2 7 2 972 981 3593 3548 973 982 3594 3549
3082 5 2 7 2 973 982 3594 3549 974 983 3595 3550
3083 5 2 7 2 974 983 3595 3550 975 984 3596 3551
3084 5 2 7 2 975 984 3596 3551 976 985 3597 3552
3085 5 2 7 2 976 985 3597 3552 977 986 3598 3553
3086 5 2 7 2 977 986 3598 3553 978 987 3599 3554
3087 5 2 7 2 978 987 3599 3554 979 988 3600 3555
3088 5 2 7 2 979 988 3600 3555 189 190 1177 1172
3089 5 2 7 2 542 547 548 543 3547 3592 3601 3556
3090 5 2 7 2 3547 3592 3601 3556 3548 3593 3602 3557
3091 5 2 7 2 3548 3593 3602 3557 3549 3594 3603 3558
3092 5 2 7 2 3549 3594 3603 3558 3550 3595 3604 3559
3093 5 2 7 2 3550 3595 3604 3559 3551 3596 3605 3560
3094 5 2 7 2 3551 3596 3605 3560 3552 3597 3606 3561
3095 5 2 7 2 3552 3597 3606 3561 3553 3598 3607 3562
3096 5 2 7 2 3553 3598 3607 3562 3554 3599 3608 3563
3097 5 2 7 2 3554 3599 3608 3563 3555 3600 3609 3564
3098 5 2 7 2 3555 3600 3609 3564 1172 1177 1178 1173
3099 5 2 7 2 543 548 549 544 3556 3601 3610 3565
3100 5 2 7 2 3556 3601 3610 3565 3557 3602 3611 3566
3101 5 2 7 2 3557 3602 3611 3566 3558 3603 3612 3567
3102 5 2 7 2 3558 3603 3612 3567 3559 3604 3613 3568
3103 5 2 7 2 3559 3604 3613 3568 3560 3605 3614 3569
3104 5 2 7 2 3560 3605 3614 3569 3561 3606 3615 3570
3105 5 2 7 2 3561 3606 3615 3570 3562 3607 3616 3571
3106 5 2 7 2 3562 3607 3616 3571 3563 3608 3617 3572
3107 5 2 7 2 3563 3608 3617 3572 3564 3609 3618 3573
3108 5 2 7 2 3564 3609 3618 3573 1173 1178 1179 1174
3109 5 2 7 2 544 549 550 545 3565 3610 3619 3574
3110 5 2 7 2 3565 3610 3619 3574 3566 3611 3620 3575
3111 5 2 7 2 3566 3611 3620 3575 3567 3612 3621 3576
3112 5 2 7 2 3567 3612 3621 3576 3568 3613 3622 3577
3113 5 2 7 2 3568 3613 3622 3577 3569 3614 3623 3578
3114 5 2 7 2 3569 3614 3623 3578 3570 3615 3624 3579
3115 5 2 7 2 3570 3615 3624 3579 3571 3616 3625 3580
3116 5 2 7 2 3571 3616 3625 3580 3572 3617 3626 3581
3117 5 2 7 2 3572 3617 3626 3581 3573 3618 3627 3582
3118 5 2 7 2 3573 3618 3627 3582 1174 1179 1180 1175
3119 5 2 7 2 545 550 551 546 3574 3619 3628 3583
3120 5 2 7 2 3574 3619 3628 3583 3575 3620 3629 3584
3121 5 2 7 2 3575 3620 3629 3584 3576 3621 3630 3585
3122 5 2 7 2 3576 3621 3630 3585 3577 3622 3631 3586
3123 5 2 7 2 3577 3622 3631 3586 3578 3623 3632 3587
3124 5 2 7 2 3578 3623 3632 3587 3579 3624 3633 3588
3125 5 2 7 2 3579 3624 3633 3588 3580 3625 3634 3589
3126 5 2 7 2 3580 3625 3634 3589 3581 3626 3635 3590
3127 5 2 7 2 3581 3626 3635 3590 3582 3627 3636 3591
3128 5 2 7 2 3582 3627 3636 3591 1175 1180 1181 1176
3129 5 2 7 2 546 551 105 104 3583 3628 1115 1106
3130 5 2 7 2 3583 3628 1115 1106 3584 3629 1116 1107
3131 5 2 7 2 3584 3629 1116 1107 3585 3630 1117 1108
3132 5 2 7 2 3585 3630 1117 1108 3586 3631 1118 1109
3133 5 2 7 2 3586 3631 1118 1109 3587 3632 1119 1110
3134 5 2 7 2 3587 3632 1119 1110 3588 3633 1120 1111
3135 5 2 7 2 3588 3633 1120 1111 3589 3634 1121 1112
3136 5 2 7 2 3589 3634 1121 1112 3590 3635 1122 1113
3137 5 2 7 2 3590 3635 1122 1113 3591 3636 1123 1114
3138 5 2 7 2 3591 3636 1123 1114 1176 1181 214 213
3139 5 2 7 2 55 56 552 547 980 989 3637 3592
3140 5 2 7 2 980 989 3637 3592 981 990 3638 3593
3141 5 2 7 2 981 990 3638 3593 982 991 3639 3594
3142 5 2 7 2 982 991 3639 3594 983 992 3640 3595
3143 5 2 7 2 983 992 3640 3595 984 993 3641 3596
3144 5 2 7 2 984 993 3641 3596 985 994 3642 3597
3145 5 2 7 2 985 994 3642 3597 986 995 3643 3598
3146 5 2 7 2 986 995 3643 3598 987 996 3644 3599
3147 5 2 7 2 987 996 3644 3599 988 997 3645 3600
3148 5 2 7 2 988 997 3645 3600 190 191 1182 1177
3149 5 2 7 2 547 552 553 548 3592 3637 3646 3601
3150 5 2 7 2 3592 3637 3646 3601 3593 3638 3647 3602
3151 5 2 7 2 3593 3638 3647 3602 3594 3639 3648 3603
3152 5 2 7 2 3594 3639 3648 3603 3595 3640 3649 3604
3153 5 2 7 2 3595 3640 3649 3604 3596 3641 3650 3605
3154 5 2 7 2 3596 3641 3650 3605 3597 3642 3651 3606
3155 5 2 7 2 3597 3642 3651 3606 3598 3643 3652 3607
3156 5 2 7 2 3598 3643 3652 3607 3599 3644 3653 3608
3157 5 2 7 2 3599 3644 3653 3608 3600 3645 3654 3609
3158 5 2 7 2 3600 3645 3654 3609 1177 1182 1183 1178
3159 5 2 7 2 548 553 554 549 3601 3646 3655 3610
3160 5 2 7 2 3601 3646 3655 3610 3602 3647 3656 3611
3161 5 2 7 2 3602 3647 3656 3611 3603 3648 3657 3612
3162 5 2 7 2 3603 3648 3657 3612 3604 3649 3658 3613
3163 5 2 7 2 3604 3649 3658 3613 3605 3650 3659 3614
3164 5 2 7 2 3605 3650 3659 3614 3606 3651 3660 3615
3165 5 2 7 2 3606 3651 3660 3615 3607 3652 3661 3616
3166 5 2 7 2 3607 3652 3661 3616 3608 3653 3662 3617
3167 5 2 7 2 3608 3653 3662 3617 3609 3654 3663 3618
3168 5 2 7 2 3609 3654 3663 3618 1178 1183 1184 1179
3169 5 2 7 2 549 554 555 550 3610 3655 3664 3619
3170 5 2 7 2 3610 3655 3664 3619 3611 3656 3665 3620
3171 5 2 7 2 3611 3656 3665 3620 3612 3657 3666 3621
3172 5 2 7 2 3612 3657 3666 3621 3613 3658 3667 3622
3173 5 2 7 2 3613 3658 3667 3622 3614 3659 3668 3623
3174 5 2 7 2 3614 3659 3668 3623 3615 3660 3669 3624
3175 5 2 7 2 3615 3660 3669 3624 3616 3661 3670 3625
3176 5 2 7 2 3616 3661 3670 3625 3617 3662 3671 3626
3177 5 2 7 2 3617 3662 3671 3626 3618 3663 3672 3627
3178 5 2 7 2 3618 3663 3672 3627 1179 1184 1185 1180
3179 5 2 7 2 550 555 556 551 3619 3664 3673 3628
3180 5 2 7 2 3619 3664 3673 3628 3620 3665 3674 3629
3181 5 2 7 2 3620 3665 3674 3629 3621 3666 3675 3630
3182 5 2 7 2 3621 3666 3675 3630 3622 3667 3676 3631
3183 5 2 7 2 3622 3667 3676 3631 3623 3668 3677 3632
3184 5 2 7 2 3623 3668 3677 3632 3624 3669 3678 3633
3185 5 2 7 2 3624 3669 3678 3633 3625 3670 3679 3634
3186 5 2 7 2 3625 3670 3679 3634 3626 3671 3680 3635
3187 5 2 7 2 3626 3671 3680 3635 3627 3672 3681 3636
3188 5 2 7 2 3627 3672 3681 3636 1180 1185 1186 1181
3189 5 2 7 2 551 556 106 105 3628 3673 1124 1115
3190 5 2 7 2 3628 3673 1124 1115 3629 3674 1125 1116
3191 5 2 7 2 3629 3674 1125 1116 3630 3675 1126 1117
3192 5 2 7 2 3630 3675 1126 1117 3631 3676 1127 1118
3193 5 2 7 2 3631 3676 1127 1118 3632 3677 1128 1119
3194 5 2 7 2 3632 3677 1128 1119 3633 3678 1129 1120
3195 5 2 7 2 3633 3678 1129 1120 3634 3679 1130 1121
3196 5 2 7 2 3634 3679 1130 1121 3635 3680 1131 1122
3197 5 2 7 2 3635 3680 1131 1122 3636 3681 1132 1123
3198 5 2 7 2 3636 3681 1132 1123 1181 1186 215 214
3199 5 2 7 2 56 57 557 552 989 998 3682 3637
3200 5 2 7 2 989 998 3682 3637 990 999 3683 3638
3201 5 2 7 2 990 999 3683 3638 991 1000 3684 3639
3202 5 2 7 2 991 1000 3684 3639 992 1001 3685 3640
3203 5 2 7 2 992 1001 3685 3640 993 1002 3686 3641
3204 5 2 7 2 993 1002 3686 3641 994 1003 3687 3642
3205 5 2 7 2 994 1003 3687 3642 995 1004 3688 3643
3206 5 2 7 2 995 1004 3688 3643 996 1005 3689 3644
3207 5 2 7 2 996 1005 3689 3644 997 1006 3690 3645
3208 5 2 7 2 997 1006 3690 3645 191 192 1187 1182
3209 5 2 7 2 552 557 558 553 3637 3682 3691 3646
3210 5 2 7 2 3637 3682 3691 3646 3638 3683 3692 3647
3211 5 2 7 2 3638 3683 3692 3647 3639 3684 3693 3648
3212 5 2 7 2 3639 3684 3693 3648 3640 3685 3694 3649
3213 5 2 7 2 3640 3685 3694 3649 3641 3686 3695 3650
3214 5 2 7 2 3641 3686 3695 3650 3642 3687 3696 3651
3215 5 2 7 2 3642 3687 3696 3651 3643 3688 3697 3652
3216 5 2 7 2 3643 3688 3697 3652 3644 3689 3698 3653
3217 5 2 7 2 3644 3689 3698 3653 3645 3690 3699 3654
3218 5 2 7 2 3645 3690 3699 3654 1182 1187 1188 1183
3219 5 2 7 2 553 558 559 554 3646 3691 3700 3655
3220 5 2 7 2 3646 3691 3700 3655 3647 3692 3701 3656
3221 5 2 7 2 3647 3692 3701 3656 3648 3693 3702 3657
3222 5 2 7 2 3648 3693 3702 3657 3649 3694 3703 3658
3223 5 2 7 2 3649 3694 3703 3658 3650 3695 3704 3659
3224 5 2 7 2 3650 3695 3704 3659 3651 3696 3705 3660
3225 5 2 7 2 3651 3696 3705 3660 3652 3697 3706 3661
3226 5 2 7 2 3652 3697 3706 3661 3653 3698 3707 3662
3227 5 2 7 2 3653 3698 3707 3662 3654 3699 3708 3663
3228 5 2 7 2 3654 3699 3708 3663 1183 1188 1189 1184
3229 5 2 7 2 554 559 560 555 3655 3700 3709 3664
3230 5 2 7 2 3655 3700 3709 3664 3656 3701 3710 3665
3231 5 2 7 2 3656 3701 3710 3665 3657 3702 3711 3666
3232 5 2 7 2 3657 3702 3711 3666 3658 3703 3712 3667
3233 5 2 7 2 3658 3703 3712 3667 3659 3704 3713 3668
3234 5 2 7 2 3659 3704 3713 3668 3660 3705 3714 3669
3235 5 2 7 2 3660 3705 3714 3669 3661 3706 3715 3670
3236 5 2 7 2 3661 3706 3715 3670 3662 3707 3716 3671
3237 5 2 7 2 3662 3707 3716 3671 3663 3708 3717 3672
3238 5 2 7 2 3663 3708 3717 3672 1184 1189 1190 1185
3239 5 2 7 2 555 560 561 556 3664 3709 3718 3673
3240 5 2 7 2 3664 3709 3718 3673 3665 3710 3719 3674
3241 5 2 7 2 3665 3710 3719 3674 3666 3711 3720 3675
3242 5 2 7 2 3666 3711 3720 3675 3667 3712 3721 3676
3243 5 2 7 2 3667 3712 3721 3676 3668 3713 3722 3677
3244 5 2 7 2 3668 3713 3722 3677 3669 3714 3723 3678
3245 5 2 7 2 3669 3714 3723 3678 3670 3715 3724 3679
3246 5 2 7 2 3670 3715 3724 3679 3671 3716 3725 3680
3247 5 2 7 2 3671 3716 3725 3680 3672 3717 3726 3681
3248 5 2 7 2 3672 3717 3726 3681 1185 1190 1191 1186
3249 5 2 7 2 556 561 107 106 3673 3718 1133 1124
3250 5 2 7 2 3673 3718 1133 1124 3674 3719 1134 1125
3251 5 2 7 2 3674 3719 1134 1125 3675 3720 1135 1126
3252 5 2 7 2 3675 3720 1135 1126 3676 3721 1136 1127
3253 5 2 7 2 3676 3721 1136 1127 3677 3722 1137 1128
3254 5 2 7 2 3677 3722 1137 1128 3678 3723 1138 1129
3255 5 2 7 2 3678 3723 1138 1129 3679 3724 1139 1130
3256 5 2 7 2 3679 3724 1139 1130 3680 3725 1140 1131
3257 5 2 7 2 3680 3725 1140 1131 3681 3726 1141 1132
3258 5 2 7 2 3681 3726 1141 1132 1186 1191 216 215
3259 5 2 7 2 57 4 58 557 998 174 1007 3682
3260 5 2 7 2 998 174 1007 3682 999 175 1008 3683
3261 5 2 7 2 999 175 1008 3683 1000 176 1009 3684
3262 5 2 7 2 1000 176 1009 3684 1001 177 1010 3685
3263 5 2 7 2 1001 177 1010 3685 1002 178 1011 3686
3264 5 2 7 2 1002 178 1011 3686 1003 179 1012 3687
3265 5 2 7 2 1003 179 1012 3687 1004 180 1013 3688
3266 5 2 7 2 1004 180 1013 3688 1005 181 1014 3689
3267 5 2 7 2 1005 181 1014 3689 1006 182 1015 3690
3268 5 2 7 2 1006 182 1015 3690 192 14 202 1187
3269 5 2 7 2 557 58 59 558 3682 1007 1016 3691
3270 5 2 7 2 3682 1007 1016 3691 3683 1008 1017 3692
3271 5 2 7 2 3683 1008 1017 3692 3684 1009 1018 3693
3272 5 2 7 2 3684 1009 1018 3693 3685 1010 1019 3694
3273 5 2 7 2 3685 1010 1019 3694 3686 1011 1020 3695
3274 5 2 7 2 3686 1011 1020 3695 3687 1012 1021 3696
3275 5 2 7 2 3687 1012 1021 3696 3688 1013 1022 3697
3276 5 2 7 2 3688 1013 1022 3697 3689 1014 1023 3698
3277 5 2 7 2 3689 1014 1023 3698 3690 1015 1024 3699
3278 5 2 7 2 3690 1015 1024 3699 1187 202 203 1188
3279 5 2 7 2 558 59 60 559 3691 1016 1025 3700
3280 5 2 7 2 3691 1016 1025 3700 3692 1017 1026 3701
3281 5 2 7 2 3692 1017 1026 3701 3693 1018 1027 3702
3282 5 2 7 2 3693 1018 1027 3702 3694 1019 1028 3703
3283 5 2 7 2 3694 1019 1028 3703 3695 1020 1029 3704
3284 5 2 7 2 3695 1020 1029 3704 3696 1021 1030 3705
3285 5 2 7 2 3696 1021 1030 3705 3697 1022 1031 3706
3286 5 2 7 2 3697 1022 1031 3706 3698 1023 1032 3707
3287 5 2 7 2 3698 1023 1032 3707 3699 1024 1033 3708
3288 5 2 7 2 3699 1024 1033 3708 1188 203 204 1189
3289 5 2 7 2 559 60 61 560 3700 1025 1034 3709
3290 5 2 7 2 3700 1025 1034 3709 3701 1026 1035 3710
3291 5 2 7 2 3701 1026 1035 3710 3702 1027 1036 3711
3292 5 2 7 2 3702 1027 1036 3711 3703 1028 1037 3712
3293 5 2 7 2 3703 1028 1037 3712 3704 1029 1038 3713
3294 5 2 7 2 3704 1029 1038 3713 3705 1030 1039 3714
3295 5 2 7 2 3705 1030 1039 3714 3706 1031 1040 3715
3296 5 2 7 2 3706 1031 1040 3715 3707 1032 1041 3716
3297 5 2 7 2 3707 1032 1041 3716 3708 1033 1042 3717
3298 5 2 7 2 3708 1033 1042 3717 1189 204 205 1190
3299 5 2 7 2 560 61 62 561 3709 1034 1043 3718
3300 5 2 7 2 3709 1034 1043 3718 3710 1035 1044 3719
3301 5 2 7 2 3710 1035 1044 3719 3711 1036 1045 3720
3302 5 2 7 2 3711 1036 1045 3720 3712 1037 1046 3721
3303 5 2 7 2 3712 1037 1046 3721 3713 1038 1047 3722
3304 5 2 7 2 3713 1038 1047 3722 3714 1039 1048 3723
3305 5 2 7 2 3714 1039 1048 3723 3715 1040 1049 3724
3306 5 2 7 2 3715 1040 1049 3724 3716 1041 1050 3725
3307 5 2 7 2 3716 1041 1050 3725 3717 1042 1051 3726
3308 5 2 7 2 3717 1042 1051 3726 1190 205 206 1191
3309 5 2 7 2 561 62 5 107 3718 1043 193 1133
3310 5 2 7 2 3718 1043 193 1133 3719 1044 194 1134
3311 5 2 7 2 3719 1044 194 1134 3720 1045 195 1135
3312 5 2 7 2 3720 1045 195 1135 3721 1046 196 1136
3313 5 2 7 2 3721 1046 196 1136 3722 1047 197 1137
3314 5 2 7 2 3722 1047 197 1137 3723 1048 198 1138
3315 5 2 7 2 3723 1048 198 1138 3724 1049 199 1139
3316 5 2 7 2 3724 1049 199 1139 3725 1050 200 1140
3317 5 2 7 2 3725 1050 200 1140 3726 1051 201 1141
3318 5 2 7 2 3726 1051 201 1141 1191 206 15 216
3319 5 2 7 3 3 88 562 87 217 1192 3727 1408
3320 5 2 7 3 217 1192 3727 1408 218 1193 3728 1409
3321 5 2 7 3 218 1193 3728 1409 219 1194 3729 1410
3322 5 2 7 3 219 1194 3729 1410 220 1195 3730 1411
3323 5 2 7 3 220 1195 3730 1411 221 1196 3731 1412
3324 5 2 7 3 221 1196 3731 1412 222 1197 3732 1413
3325 5 2 7 3 222 1197 3732 1413 223 1198 3733 1414
3326 5 2 7 3 223 1198 3733 1414 224 1199 3734 1415
3327 5 2 7 3 224 1199 3734 1415 225 1200 3735 1416
3328 5 2 7 3 225 1200 3735 1416 16 226 1417 259
3329 5 2 7 3 87 562 563 86 1408 3727 3736 1399
3330 5 2 7 3 1408 3727 3736 1399 1409 3728 3737 1400
3331 5 2 7 3 1409 3728 3737 1400 1410 3729 3738 1401
3332 5 2 7 3 1410 3729 3738 1401 1411 3730 3739 1402
3333 5 2 7 3 1411 3730 3739 1402 1412 3731 3740 1403
3334 5 2 7 3 1412 3731 3740 1403 1413 3732 3741 1404
3335 5 2 7 3 1413 3732 3741 1404 1414 3733 3742 1405
3336 5 2 7 3 1414 3733 3742 1405 1415 3734 3743 1406
3337 5 2 7 3 1415 3734 3743 1406 1416 3735 3744 1407
3338 5 2 7 3 1416 3735 3744 1407 259 1417 1418 258
3339 5 2 7 3 86 563 564 85 1399 3736 3745 1390
3340 5 2 7 3 1399 3736 3745 1390 1400 3737 3746 1391
3341 5 2 7 3 1400 3737 3746 1391 1401 3738 3747 1392
3342 5 2 7 3 1401 3738 3747 1392 1402 3739 3748 1393
3343 5 2 7 3 1402 3739 3748 1393 1403 3740 3749 1394
3344 5 2 7 3 1403 3740 3749 1394 1404 3741 3750 1395
3345 5 2 7 3 1404 3741 3750 1395 1405 3742 3751 1396
3346 5 2 7 3 1405 3742 3751 1396 1406 3743 3752 1397
3347 5 2 7 3 1406 3743 3752 1397 1407 3744 3753 1398
3348 5 2 7 3 1407 3744 3753 1398 258 1418 1419 257
3349 5 2 7 3 85 564 565 84 1390 3745 3754 1381
3350 5 2 7 3 1390 3745 3754 1381 1391 3746 3755 1382
3351 5 2 7 3 1391 3746 3755 1382 1392 3747 3756 1383
3352 5 2 7 3 1392 3747 3756 1383 1393 3748 3757 1384
3353 5 2 7 3 1393 3748 3757 1384 1394 3749 3758 1385
3354 5 2 7 3 1394 3749 3758 1385 1395 3750 3759 1386
3355 5 2 7 3 1395 3750 3759 1386 1396 3751 3760 1387
3356 5 2 7 3 1396 3751 3760 1387 1397 3752 3761 1388
3357 5 2 7 3 1397 3752 3761 1388 1398 3753 3762 1389
3358 5 2 7 3 1398 3753 3762 1389 257 1419 1420 256
3359 5 2 7 3 84 565 566 83 1381 3754 3763 1372
3360 5 2 7 3 1381 3754 3763 1372 1382 3755 3764 1373
3361 5 2 7 3 1382 3755 3764 1373 1383 3756 3765 1374
3362 5 2 7 3 1383 3756 3765 1374 1384 3757 3766 1375
3363 5 2 7 3 1384 3757 3766 1375 1385 3758 3767 1376
3364 5 2 7 3 1385 3758 3767 1376 1386 3759 3768 1377
3365 5 2 7 3 1386 3759 3768 1377 1387 3760 3769 1378
3366 5 2 7 3 1387 3760 3769 1378 1388 3761 3770 1379
3367 5 2 7 3 1388 3761 3770 1379 1389 3762 3771 1380
3368 5 2 7 3 1389 3762 3771 1380 256 1420 1421 255
3369 5 2 7 3 83 566 117 2 1372 3763 1363 236
3370 5 2 7 3 1372 3763 1363 236 1373 3764 1364 237
3371 5 2 7 3 1373 3764 1364 237 1374 3765 1365 238
3372 5 2 7 3 1374 3765 1365 238 1375 3766 1366 239
3373 5 2 7 3 1375 3766 1366 239 1376 3767 1367 240
3374 5 2 7 3 1376 3767 1367 240 1377 3768 1368 241
3375 5 2 7 3 1377 3768 1368 241 1378 3769 1369 242
3376 5 2 7 3 1378 3769 1369 242 1379 3770 1370 243
3377 5 2 7 3 1379 3770 1370 243 1380 3771 1371 244
3378 5 2 7 3 1380 3771 1371 244 255 1421 254 17
3379 5 2 7 3 88 89 567 562 1192 1201 3772 3727
3380 5 2 7 3 1192 1201 3772 3727 1193 1202 3773 3728
3381 5 2 7 3 1193 1202 3773 3728 1194 1203 3774 3729
3382 5 2 7 3 1194 1203 3774 3729 1195 1204 3775 3730
3383 5 2 7 3 1195 1204 3775 3730 1196 1205 3776 3731
3384 5 2 7 3 1196 1205 3776 3731 1197 1206 3777 3732
3385 5 2 7 3 1197 1206 3777 3732 1198 1207 3778 3733
3386 5 2 7 3 1198 1207 3778 3733 1199 1208 3779 3734
3387 5 2 7 3 1199 1208 3779 3734 1200 1209 3780 3735
3388 5 2 7 3 1200 1209 3780 3735 226 227 1422 1417
3389 5 2 7 3 562 567 568 563 3727 3772 3781 3736
3390 5 2 7 3 3727 3772 3781 3736 3728 3773 3782 3737
3391 5 2 7 3 3728 3773 3782 3737 3729 3774 3783 3738
3392 5 2 7 3 3729 3774 3783 3738 3730 3775 3784 3739
3393 5 2 7 3 3730 3775 3784 3739 3731 3776 3785 3740
3394 5 2 7 3 3731 3776 3785 3740 3732 3777 3786 3741
3395 5 2 7 3 3732 3777 3786 3741 3733 3778 3787 3742
3396 5 2 7 3 3733 3778 3787 3742 3734 3779 3788 3743
3397 5 2 7 3 3734 3779 3788 3743 3735 3780 3789 3744
3398 5 2 7 3 3735 3780 3789 3744 1417 1422 1423 1418
3399 5 2 7 3 563 568 569 564 3736 3781 3790 3745
3400 5 2 7 3 3736 3781 3790 3745 3737 3782 3791 3746
3401 5 2 7 3 3737 3782 3791 3746 3738 3783 3792 3747
3402 5 2 7 3 3738 3783 3792 3747 3739 3784 3793 3748
3403 5 2 7 3 3739 3784 3793 3748 3740 3785 3794 3749
3404 5 2 7 3 3740 3785 3794 3749 3741 3786 3795 3750
3405 5 2 7 3 3741 3786 3795 3750 3742 3787 3796 3751
3406 5 2 7 3 3742 3787 3796 3751 3743 3788 3797 3752
3407 5 2 7 3 3743 3788 3797 3752 3744 3789 3798 3753
3408 5 2 7 3 3744 3789 3798 3753 1418 1423 1424 1419
3409 5 2 7 3 564 569 570 565 3745 3790 3799 3754
3410 5 2 7 3 3745 3790 3799 3754 3746 3791 3800 3755
3411 5 2 7 3 3746 3791 3800 3755 3747 3792 3801 3756
3412 5 2 7 3 3747 3792 3801 3756 3748 3793 3802 3757
3413 5 2 7 3 3748 3793 3802 3757 3749 3794 3803 3758
3414 5 2 7 3 3749 3794 3803 3758 3750 3795 3804 3759
3415 5 2 7 3 3750 3795 3804 3759 3751 3796 3805 3760
3416 5 2 7 3 3751 3796 3805 3760 3752 3797 3806 3761
3417 5 2 7 3 3752 3797 3806 3761 3753 3798 3807 3762
3418 5 2 7 3 3753 3798 3807 3762 1419 1424 1425 1420
3419 5 2 7 3 565 570 571 566 3754 3799 3808 3763
3420 5 2 7 3 3754 3799 3808 3763 3755 3800 3809 3764
3421 5 2 7 3 3755 3800 3809 3764 3756 3801 3810 3765
3422 5 2 7 3 3756 3801 3810 3765 3757 3802 3811 3766
3423 5 2 7 3 3757 3802 3811 3766 3758 3803 3812 3767
3424 5 2 7 3 3758 3803 3812 3767 3759 3804 3813 3768
3425 5 2 7 3 3759 3804 3813 3768 3760 3805 3814 3769
3426 5 2 7 3 3760 3805 3814 3769 3761 3806 3815 3770
3427 5 2 7 3 3761 3806 3815 3770 3762 3807 3816 3771
3428 5 2 7 3 3762 3807 3816 3771 1420 1425 1426 1421
3429 5 2 7 3 566 571 116 117 3763 3808 1354 1363
3430 5 2 7 3 3763 3808 1354 1363 3764 3809 1355 1364
3431 5 2 7 3 3764 3809 1355 1364 3765 3810 1356 1365
3432 5 2 7 3 3765 3810 1356 1365 3766 3811 1357 1366
3433 5 2 7 3 3766 3811 1357 1366 3767 3812 1358 1367
3434 5 2 7 3 3767 3812 1358 1367 3768 3813 1359 1368
3435 5 2 7 3 3768 3813 1359 1368 3769 3814 1360 1369
3436 5 2 7 3 3769 3814 1360 1369 3770 3815 1361 1370
3437 5 2 7 3 3770 3815 1361 1370 3771 3816 1362 1371
3438 5 2 7 3 3771 3816 1362 1371 1421 1426 253 254
3439 5 2 7 3 89 90 572 567 1201 1210 3817 3772
3440 5 2 7 3 1201 1210 3817 3772 1202 1211 3818 3773
3441 5 2 7 3 1202 1211 3818 3773 1203 1212 3819 3774
3442 5 2 7 3 1203 1212 3819 3774 1204 1213 3820 3775
3443 5 2 7 3 1204 1213 3820 3775 1205 1214 3821 3776
3444 5 2 7 3 1205 1214 3821 3776 1206 1215 3822 3777
3445 5 2 7 3 1206 1215 3822 3777 1207 1216 3823 3778
3446 5 2 7 3 1207 1216 3823 3778 1208 1217 3824 3779
3447 5 2 7 3 1208 1217 3824 3779 1209 1218 3825 3780
3448 5 2 7 3 1209 1218 3825 3780 227 228 1427 1422
3449 5 2 7 3 567 572 573 568 3772 3817 3826 3781
3450 5 2 7 3 3772 3817 3826 3781 3773 3818 3827 3782
3451 5 2 7 3 3773 3818 3827 3782 3774 3819 3828 3783
3452 5 2 7 3 3774 3819 3828 3783 3775 3820 3829 3784
3453 5 2 7 3 3775 3820 3829 3784 3776 3821 3830 3785
3454 5 2 7 3 3776 3821 3830 3785 3777 3822 3831 3786
3455 5 2 7 3 3777 3822 3831 3786 3778 3823 3832 3787
3456 5 2 7 3 3778 3823 3832 3787 3779 3824 3833 3788
3457 5 2 7 3 3779 3824 3833 3788 3780 3825 3834 3789
3458 5 2 7 3 3780 3825 3834 3789 1422 1427 1428 1423
3459 5 2 7 3 568 573 574 569 3781 3826 3835 3790
3460 5 2 7 3 3781 3826 3835 3790 3782 3827 3836 3791
3461 5 2 7 3 3782 3827 3836 3791 3783 3828 3837 3792
3462 5 2 7 3 3783 3828 3837 3792 3784 3829 3838 3793
3463 5 2 7 3 3784 3829 3838 3793 3785 3830 3839 3794
3464 5 2 7 3 3785 3830 3839 3794 3786 3831 3840 3795
3465 5 2 7 3 3786 3831 3840 3795 3787 3832 3841 3796
3466 5 2 7 3 3787 3832 3841 3796 3788 3833 3842 3797
3467 5 2 7 3 3788 3833 3842 3797 3789 3834 3843 3798
3468 5 2 7 3 3789 3834 3843 3798 1423 1428 1429 1424
3469 5 2 7 3 569 574 575 570 3790 3835 3844 3799
3470 5 2 7 3 3790 3835 3844 3799 3791 3836 3845 3800
3471 5 2 7 3 3791 3836 3845 3800 3792 3837 3846 3801
3472 5 2 7 3 3792 3837 3846 3801 3793 3838 3847 3802
3473 5 2 7 3 3793 3838 3847 3802 3794 3839 3848 3803
3474 5 2 7 3 3794 3839 3848 3803 3795 3840 3849 3804
3475 5 2 7 3 3795 3840 3849 3804 3796 3841 3850 3805
3476 5 2 7 3 3796 3841 3850 3805 3797 3842 3851 3806
3477 5 2 7 3 3797 3842 3851 3806 3798 3843 3852 3807
3478 5 2 7 3 3798 3843 3852 3807 1424 1429 1430 1425
3479 5 2 7 3 570 575 576 571 3799 3844 3853 3808
3480 5 2 7 3 3799 3844 3853 3808 3800 3845 3854 3809
3481 5 2 7 3 3800 3845 3854 3809 3801 3846 3855 3810
3482 5 2 7 3 3801 3846 3855 3810 3802 3847 3856 3811
3483 5 2 7 3 3802 3847 3856 3811 3803 3848 3857 3812
3484 5 2 7 3 3803 3848 3857 3812 3804 3849 3858 3813
3485 5 2 7 3 3804 3849 3858 3813 3805 3850 3859 3814
3486 5 2 7 3 3805 3850 3859 3814 3806 3851 3860 3815
3487 5 2 7 3 3806 3851 3860 3815 3807 3852 3861 3816
3488 5 2 7 3 3807 3852 3861 3816 1425 1430 1431 1426
3489 5 2 7 3 571 576 115 116 3808 3853 1345 1354
3490 5 2 7 3 3808 3853 1345 1354 3809 3854 1346 1355
3491 5 2 7 3 3809 3854 1346 1355 3810 3855 1347 1356
3492 5 2 7 3 3810 3855 1347 1356 3811 3856 1348 1357
3493 5 2 7 3 3811 3856 1348 1357 3812 3857 1349 1358
3494 5 2 7 3 3812 3857 1349 1358 3813 3858 1350 1359
3495 5 2 7 3 3813 3858 1350 1359 3814 3859 1351 1360
3496 5 2 7 3 3814 3859 1351 1360 3815 3860 1352 1361
3497 5 2 7 3 3815 3860 1352 1361 3816 3861 1353 1362
3498 5 2 7 3 3816 3861 1353 1362 1426 1431 252 253
3499 5 2 7 3 90 91 577 572 1210 1219 3862 3817
3500 5 2 7 3 1210 1219 3862 3817 1211 1220 3863 3818
3501 5 2 7 3 1211 1220 3863 3818 1212 1221 3864 3819
3502 5 2 7 3 1212 1221 3864 3819 1213 1222 3865 3820
3503 5 2 7 3 1213 1222 3865 3820 1214 1223 3866 3821
3504 5 2 7 3 1214 1223 3866 3821 1215 1224 3867 3822
3505 5 2 7 3 1215 1224 3867 3822 1216 1225 3868 3823
3506 5 2 7 3 1216 1225 3868 3823 1217 1226 3869 3824
3507 5 2 7 3 1217 1226 3869 3824 1218 1227 3870 3825
3508 5 2 7 3 1218 1227 3870 3825 228 229 1432 1427
3509 5 2 7 3 572 577 578 573 3817 3862 3871 3826
3510 5 2 7 3 3817 3862 3871 3826 3818 3863 3872 3827
3511 5 2 7 3 3818 3863 3872 3827 3819 3864 3873 3828
3512 5 2 7 3 3819 3864 3873 3828 3820 3865 3874 3829
3513 5 2 7 3 3820 3865 3874 3829 3821 3866 3875 3830
3514 5 2 7 3 3821 3866 3875 3830 3822 3867 3876 3831
3515 5 2 7 3 3822 3867 3876 3831 3823 3868 3877 3832
3516 5 2 7 3 3823 3868 3877 3832 3824 3869 3878 3833
3517 5 2 7 3 3824 3869 3878 3833 3825 3870 3879 3834
3518 5 2 7 3 3825 3870 3879 3834 1427 1432 1433 1428
3519 5 2 7 3 573 578 579 574 3826 3871 3880 3835
3520 5 2 7 3 3826 3871 3880 3835 3827 3872 3881 3836
3521 5 2 7 3 3827 3872 3881 3836 3828 3873 3882 3837
3522 5 2 7 3 3828 3873 3882 3837 3829 3874 3883 3838
3523 5 2 7 3 3829 3874 3883 3838 3830 3875 3884 3839
3524 5 2 7 3 3830 3875 3884 3839 3831 3876 3885 3840
3525 5 2 7 3 3831 3876 3885 3840 3832 3877 3886 3841
3526 5 2 7 3 3832 3877 3886 3841 3833 3878 3887 3842
3527 5 2 7 3 3833 3878 3887 3842 3834 3879 3888 3843
3528 5 2 7 3 3834 3879 3888 3843 1428 1433 1434 1429
3529 5 2 7 3 574 579 580 575 3835 3880 3889 3844
3530 5 2 7 3 3835 3880 3889 3844 3836 3881 3890 3845
3531 5 2 7 3 3836 3881 3890 3845 3837 3882 3891 3846
3532 5 2 7 3 3837 3882 3891 3846 3838 3883 3892 3847
3533 5 2 7 3 3838 3883 3892 3847 3839 3884 3893 3848
3534 5 2 7 3 3839 3884 3893 3848 3840 3885 3894 3849
3535 5 2 7 3 3840 3885 3894 3849 3841 3886 3895 3850
3536 5 2 7 3 3841 3886 3895 3850 3842 3887 3896 3851
3537 5 2 7 3 3842 3887 3896 3851 3843 3888 3897 3852
3538 5 2 7 3 3843 3888 3897 3852 1429 1434 1435 1430
3539 5 2 7 3 575 580 581 576 3844 3889 3898 3853
3540 5 2 7 3 3844 3889 3898 3853 3845 3890 3899 3854
3541 5 2 7 3 3845 3890 3899 3854 3846 3891 3900 3855
3542 5 2 7 3 3846 3891 3900 3855 3847 3892 3901 3856
3543 5 2 7 3 3847 3892 3901 3856 3848 3893 3902 3857
3544 5 2 7 3 3848 3893 3902 3857 3849 3894 3903 3858
3545 5 2 7 3 3849 3894 3903 3858 3850 3895 3904 3859
3546 5 2 7 3 3850 3895 3904 3859 3851 3896 3905 3860
3547 5 2 7 3 3851 3896 3905 3860 3852 3897 3906 3861
3548 5 2 7 3 3852 3897 3906 3861 1430 1435 1436 1431
3549 5 2 7 3 576 581 114 115 3853 3898 1336 1345
3550 5 2 7 3 3853 3898 1336 1345 3854 3899 1337 1346
3551 5 2 7 3 3854 3899 1337 1346 3855 3900 1338 1347
3552 5 2 7 3 3855 3900 1338 1347 3856 3901 1339 1348
3553 5 2 7 3 3856 3901 1339 1348 3857 3902 1340 1349
3554 5 2 7 3 3857 3902 1340 1349 3858 3903 1341 1350
3555 5 2 7 3 3858 3903 1341 1350 3859 3904 1342 1351
3556 5 2 7 3 3859 3904 1342 1351 3860 3905 1343 1352
3557 5 2 7 3 3860 3905 1343 1352 3861 3906 1344 1353
3558 5 2 7 3 3861 3906 1344 1353 1431 1436 251 252
3559 5 2 7 3 91 92 582 577 1219 1228 3907 3862
3560 5 2 7 3 1219 1228 3907 3862 1220 1229 3908 3863
3561 5 2 7 3 1220 1229 3908 3863 1221 1230 3909 3864
3562 5 2 7 3 1221 1230 3909 3864 1222 1231 3910 3865
3563 5 2 7 3 1222 1231 3910 3865 1223 1232 3911 3866
3564 5 2 7 3 1223 1232 3911 3866 1224 1233 3912 3867
3565 5 2 7 3 1224 1233 3912 3867 1225 1234 3913 3868
3566 5 2 7 3 1225 1234 3913 3868 1226 1235 3914 3869
3567 5 2 7 3 1226 1235 3914 3869 1227 1236 3915 3870
3568 5 2 7 3 1227 1236 3915 3870 229 230 1437 1432
3569 5 2 7 3 577 582 583 578 3862 3907 3916 3871
3570 5 2 7 3 3862 3907 3916 3871 3863 3908 3917 3872
3571 5 2 7 3 3863 3908 3917 3872 3864 3909 3918 3873
3572 5 2 7 3 3864 3909 3918 3873 3865 3910 3919 3874
3573 5 2 7 3 3865 3910 3919 3874 3866 3911 3920 3875
3574 5 2 7 3 3866 3911 3920 3875 3867 3912 3921 3876
3575 5 2 7 3 3867 3912 3921 3876 3868 3913 3922 3877
3576 5 2 7 3 3868 3913 3922 3877 3869 3914 3923 3878
3577 5 2 7 3 3869 3914 3923 3878 3870 3915 3924 3879
3578 5 2 7 3 3870 3915 3924 3879 1432 1437 1438 1433
3579 5 2 7 3 578 583 584 579 3871 3916 3925 3880
3580 5 2 7 3 3871 3916 3925 3880 3872 3917 3926 3881
3581 5 2 7 3 3872 3917 3926 3881 3873 3918 3927 3882
3582 5 2 7 3 3873 3918 3927 3882 3874 3919 3928 3883
3583 5 2 7 3 3874 3919 3928 3883 3875 3920 3929 3884
3584 5 2 7 3 3875 3920 3929 3884 3876 3921 3930 3885
3585 5 2 7 3 3876 3921 3930 3885 3877 3922 3931 3886
3586 5 2 7 3 3877 3922 3931 3886 3878 3923 3932 3887
3587 5 2 7 3 3878 3923 3932 3887 3879 3924 3933 3888
3588 5 2 7 3 3879 3924 3933 3888 1433 1438 1439 1434
3589 5 2 7 3 579 584 585 580 3880 3925 3934 3889
3590 5 2 7 3 3880 3925 3934 3889 3881 3926 3935 3890
3591 5 2 7 3 3881 3926 3935 3890 3882 3927 3936 3891
3592 5 2 7 3 3882 3927 3936 3891 3883 3928 3937 3892
3593 5 2 7 3 3883 3928 3937 3892 3884 3929 3938 3893
3594 5 2 7 3 3884 3929 3938 3893 3885 3930 3939 3894
3595 5 2 7 3 3885 3930 3939 3894 3886 3931 3940 3895
3596 5 2 7 3 3886 3931 3940 3895 3887 3932 3941 3896
3597 5 2 7 3 3887 3932 3941 3896 3888 3933 3942 3897
3598 5 2 7 3 3888 3933 3942 3897 1434 1439 1440 1435
3599 5 2 7 3 580 585 586 581 3889 3934 3943 3898
3600 5 2 7 3 3889 3934 3943 3898 3890 3935 3944 3899
3601 5 2 7 3 3890 3935 3944 3899 3891 3936 3945 3900
3602 5 2 7 3 3891 3936 3945 3900 3892 3937 3946 3901
3603 5 2 7 3 3892 3937 3946 3901 3893 3938 3947 3902
3604 5 2 7 3 3893 3938 3947 3902 3894 3939 3948 3903
3605 5 2 7 3 3894 3939 3948 3903 3895 3940 3949 3904
3606 5 2 7 3 3895 3940 3949 3904 3896 3941 3950 3905
3607 5 2 7 3 3896 3941 3950 3905 3897 3942 3951 3906
3608 5 2 7 3 3897 3942 3951 3906 1435 1440 1441 1436
3609 5 2 7 3 581 586 113 114 3898 3943 1327 1336
3610 5 2 7 3 3898 3943 1327 1336 3899 3944 1328 1337
3611 5 2 7 3 3899 3944 1328 1337 3900 3945 1329 1338
3612 5 2 7 3 3900 3945 1329 1338 3901 3946 1330 1339
3613 5 2 7 3 3901 3946 1330 1339 3902 3947 1331 1340
3614 5 2 7 3 3902 3947 1331 1340 3903 3948 1332 1341
3615 5 2 7 3 3903 3948 1332 1341 3904 3949 1333 1342
3616 5 2 7 3 3904 3949 1333 1342 3905 3950 1334 1343
3617 5 2 7 3 3905 3950 1334 1343 3906 3951 1335 1344
3618 5 2 7 3 3906 3951 1335 1344 1436 1441 250 251
3619 5 2 7 3 92 93 587 582 1228 1237 3952 3907
3620 5 2 7 3 1228 1237 3952 3907 1229 1238 3953 3908
3621 5 2 7 3 1229 1238 3953 3908 1230 1239 3954 3909
3622 5 2 7 3 1230 1239 3954 3909 1231 1240 3955 3910
3623 5 2 7 3 1231 1240 3955 3910 1232 1241 3956 3911
3624 5 2 7 3 1232 1241 3956 3911 1233 1242 3957 3912
3625 5 2 7 3 1233 1242 3957 3912 1234 1243 3958 3913
3626 5 2 7 3 1234 1243 3958 3913 1235 1244 3959 3914
3627 5 2 7 3 1235 1244 3959 3914 1236 1245 3960 3915
3628 5 2 7 3 1236 1245 3960 3915 230 231 1442 1437
3629 5 2 7 3 582 587 588 583 3907 3952 3961 3916
3630 5 2 7 3 3907 3952 3961 3916 3908 3953 3962 3917
3631 5 2 7 3 3908 3953 3962 3917 3909 3954 3963 3918
3632 5 2 7 3 3909 3954 3963 3918 3910 3955 3964 3919
3633 5 2 7 3 3910 3955 3964 3919 3911 3956 3965 3920
3634 5 2 7 3 3911 3956 3965 3920 3912 3957 3966 3921
3635 5 2 7 3 3912 3957 3966 3921 3913 3958 3967 3922
3636 5 2 7 3 3913 3958 3967 3922 3914 3959 3968 3923
3637 5 2 7 3 3914 3959 3968 3923 3915 3960 3969 3924
3638 5 2 7 3 3915 3960 3969 3924 1437 1442 1443 1438
3639 5 2 7 3 583 588 589 584 3916 3961 3970 3925
3640 5 2 7 3 3916 3961 3970 3925 3917 3962 3971 3926
3641 5 2 7 3 3917 3962 3971 3926 3918 3963 3972 3927
3642 5 2 7 3 3918 3963 3972 3927 3919 3964 3973 3928
3643 5 2 7 3 3919 3964 3973 3928 3920 3965 3974 3929
3644 5 2 7 3 3920 3965 3974 3929 3921 3966 3975 3930
3645 5 2 7 3 3921 3966 3975 3930 3922 3967 3976 3931
3646 5 2 7 3 3922 3967 3976 3931 3923 3968 3977 3932
3647 5 2 7 3 3923 3968 3977 3932 3924 3969 3978 3933
3648 5 2 7 3 3924 3969 3978 3933 1438 1443 1444 1439
3649 5 2 7 3 584 589 590 585 3925 3970 3979 3934
3650 5 2 7 3 3925 3970 3979 3934 3926 3971 3980 3935
3651 5 2 7 3 3926 3971 3980 3935 3927 3972 3981 3936
3652 5 2 7 3 3927 3972 3981 3936 3928 3973 3982 3937
3653 5 2 7 3 3928 3973 3982 3937 3929 3974 3983 3938
3654 5 2 7 3 3929 3974 3983 3938 3930 3975 3984 3939
3655 5 2 7 3 3930 3975 3984 3939 3931 3976 3985 3940
3656 5 2 7 3 3931 3976 3985 3940 3932 3977 3986 3941
3657 5 2 7 3 3932 3977 3986 3941 3933 3978 3987 3942
3658 5 2 7 3 3933 3978 3987 3942 1439 1444 1445 1440
3659 5 2 7 3 585 590 591 586 3934 3979 3988 3943
3660 5 2 7 3 3934 3979 3988 3943 3935 3980 3989 3944
3661 5 2 7 3 3935 3980 3989 3944 3936 3981 3990 3945
3662 5 2 7 3 3936 3981 3990 3945 3937 3982 3991 3946
3663 5 2 7 3 3937 3982 3991 3946 3938 3983 3992 3947
3664 5 2 7 3 3938 3983 3992 3947 3939 3984 3993 3948
3665 5 2 7 3 3939 3984 3993 3948 3940 3985 3994 3949
3666 5 2 7 3 3940 3985 3994 3949 3941 3986 3995 3950
3667 5 2 7 3 3941 3986 3995 3950 3942 3987 3996 3951
3668 5 2 7 3 3942 3987 3996 3951 1440 1445 1446 1441
3669 5 2 7 3 586 591 112 113 3943 3988 1318 1327
3670 5 2 7 3 3943 3988 1318 1327 3944 3989 1319 1328
3671 5 2 7 3 3944 3989 1319 1328 3945 3990 1320 1329
3672 5 2 7 3 3945 3990 1320 1329 3946 3991 1321 1330
3673 5 2 7 3 3946 3991 1321 1330 3947 3992 1322 1331
3674 5 2 7 3 3947 3992 1322 1331 3948 3993 1323 1332
3675 5 2 7 3 3948 3993 1323 1332 3949 3994 1324 1333
3676 5 2 7 3 3949 3994 1324 1333 3950 3995 1325 1334
3677 5 2 7 3 3950 3995 1325 1334 3951 3996 1326 1335
3678 5 2 7 3 3951 3996 1326 1335 1441 1446 249 250
3679 5 2 7 3 93 94 592 587 1237 1246 3997 3952
3680 5 2 7 3 1237 1246 3997 3952 1238 1247 3998 3953
3681 5 2 7 3 1238 1247 3998 3953 1239 1248 3999 3954
3682 5 2 7 3 1239 1248 3999 3954 1240 1249 4000 3955
3683 5 2 7 3 1240 1249 4000 3955 1241 1250 4001 3956
3684 5 2 7 3 1241 1250 4001 3956 1242 1251 4002 3957
3685 5 2 7 3 1242 1251 4002 3957 1243 1252 4003 3958
3686 5 2 7 3 1243 1252 4003 3958 1244 1253 4004 3959
3687 5 2 7 3 1244 1253 4004 3959 1245 1254 4005 3960
3688 5 2 7 3 1245 1254 4005 3960 231 232 1447 1442
3689 5 2 7 3 587 592 593 588 3952 3997 4006 3961
3690 5 2 7 3 3952 3997 4006 3961 3953 3998 4007 3962
3691 5 2 7 3 3953 3998 4007 3962 3954 3999 4008 3963
3692 5 2 7 3 3954 3999 4008 3963 3955 4000 4009 3964
3693 5 2 7 3 3955 4000 4009 3964 3956 4001 4010 3965
3694 5 2 7 3 3956 4001 4010 3965 3957 4002 4011 3966
3695 5 2 7 3 3957 4002 4011 3966 3958 4003 4012 3967
3696 5 2 7 3 3958 4003 4012 3967 3959 4004 4013 3968
3697 5 2 7 3 3959 4004 4013 3968 3960 4005 4014 3969
3698 5 2 7 3 3960 4005 4014 3969 1442 1447 1448 1443
3699 5 2 7 3 588 593 594 589 3961 4006 4015 3970
3700 5 2 7 3 3961 4006 4015 3970 3962 4007 4016 3971
3701 5 2 7 3 3962 4007 4016 3971 3963 4008 4017 3972
3702 5 2 7 3 3963 4008 4017 3972 3964 4009 4018 3973
3703 5 2 7 3 3964 4009 4018 3973 3965 4010 4019 3974
3704 5 2 7 3 3965 4010 4019 3974 3966 4011 4020 3975
3705 5 2 7 3 3966 4011 4020 3975 3967 4012 4021 3976
3706 5 2 7 3 3967 4012 4021 3976 3968 4013 4022 3977
3707 5 2 7 3 3968 4013 4022 3977 3969 4014 4023 3978
3708 5 2 7 3 3969 4014 4023 3978 1443 1448 1449 1444
3709 5 2 7 3 589 594 595 590 3970 4015 4024 3979
3710 5 2 7 3 3970 4015 4024 3979 3971 4016 4025 3980
3711 5 2 7 3 3971 4016 4025 3980 3972 4017 4026 3981
3712 5 2 7 3 3972 4017 4026 3981 3973 4018 4027 3982
3713 5 2 7 3 3973 4018 4027 3982 3974 4019 4028 3983
3714 5 2 7 3 3974 4019 4028 3983 3975 4020 4029 3984
3715 5 2 7 3 3975 4020 4029 3984 3976 4021 4030 3985
3716 5 2 7 3 3976 4021 4030 3985 3977 4022 4031 3986
3717 5 2 7 3 3977 4022 4031 3986 3978 4023 4032 3987
3718 5 2 7 3 3978 4023 4032 3987 1444 1449 1450 1445
3719 5 2 7 3 590 595 596 591 3979 4024 4033 3988
3720 5 2 7 3 3979 4024 4033 3988 3980 4025 4034 3989
3721 5 2 7 3 3980 4025 4034 3989 3981 4026 4035 3990
3722 5 2 7 3 3981 4026 4035 3990 3982 4027 4036 3991
3723 5 2 7 3 3982 4027 4036 3991 3983 4028 4037 3992
3724 5 2 7 3 3983 4028 4037 3992 3984 4029 4038 3993
3725 5 2 7 3 3984 4029 4038 3993 3985 4030 4039 3994
3726 5 2 7 3 3985 4030 4039 3994 3986 4031 4040 3995
3727 5 2 7 3 3986 4031 4040 3995 3987 4032 4041 3996
3728 5 2 7 3 3987 4032 4041 3996 1445 1450 1451 1446
3729 5 2 7 3 591 596 111 112 3988 4033 1309 1318
3730 5 2 7 3 3988 4033 1309 1318 3989 4034 1310 1319
3731 5 2 7 3 3989 4034 1310 1319 3990 4035 1311 1320
3732 5 2 7 3 3990 4035 1311 1320 3991 4036 1312 1321
3733 5 2 7 3 3991 4036 1312 1321 3992 4037 1313 1322
3734 5 2 7 3 3992 4037 1313 1322 3993 4038 1314 1323
3735 5 2 7 3 3993 4038 1314 1323 3994 4039 1315 1324
3736 5 2 7 3 3994 4039 1315 1324 3995 4040 1316 1325
3737 5 2 7 3 3995 4040 1316 1325 3996 4041 1317 1326
3738 5 2 7 3 3996 4041 1317 1326 1446 1451 248 249
3739 5 2 7 3 94 95 597 592 1246 1255 4042 3997
3740 5 2 7 3 1246 1255 4042 3997 1247 1256 4043 3998
3741 5 2 7 3 1247 1256 4043 3998 1248 1257 4044 3999
3742 5 2 7 3 1248 1257 4044 3999 1249 1258 4045 4000
3743 5 2 7 3 1249 1258 4045 4000 1250 1259 4046 4001
3744 5 2 7 3 1250 1259 4046 4001 1251 1260 4047 4002
3745 5 2 7 3 1251 1260 4047 4002 1252 1261 4048 4003
3746 5 2 7 3 1252 1261 4048 4003 1253 1262 4049 4004
3747 5 2 7 3 1253 1262 4049 4004 1254 1263 4050 4005
3748 5 2 7 3 1254 1263 4050 4005 232 233 1452 1447
3749 5 2 7 3 592 597 598 593 3997 4042 4051 4006
3750 5 2 7 3 3997 4042 4051 4006 3998 4043 4052 4007
3751 5 2 7 3 3998 4043 4052 4007 3999 4044 4053 4008
3752 5 2 7 3 3999 4044 4053 4008 4000 4045 4054 4009
3753 5 2 7 3 4000 4045 4054 4009 4001 4046 4055 4010
3754 5 2 7 3 4001 4046 4055 4010 4002 4047 4056 4011
3755 5 2 7 3 4002 4047 4056 4011 4003 4048 4057 4012
3756 5 2 7 3 4003 4048 4057 4012 4004 4049 4058 4013
3757 5 2 7 3 4004 4049 4058 4013 4005 4050 4059 4014
3758 5 2 7 3 4005 4050 4059 4014 1447 1452 1453 1448
3759 5 2 7 3 593 598 599 594 4006 4051 4060 4015
3760 5 2 7 3 4006 4051 4060 4015 4007 4052 4061 4016
3761 5 2 7 3 4007 4052 4061 4016 4008 4053 4062 4017
3762 5 2 7 3 4008 4053 4062 4017 4009 4054 4063 4018
3763 5 2 7 3 4009 4054 4063 4018 4010 4055 4064 4019
3764 5 2 7 3 4010 4055 4064 4019 4011 4056 4065 4020
3765 5 2 7 3 4011 4056 4065 4020 4012 4057 4066 4021
3766 5 2 7 3 4012 4057 4066 4021 4013 4058 4067 4022
3767 5 2 7 3 4013 4058 4067 4022 4014 4059 4068 4023
3768 5 2 7 3 4014 4059 4068 4023 1448 1453 1454 1449
3769 5 2 7 3 594 599 600 595 4015 4060 4069 4024
3770 5 2 7 3 4015 4060 4069 4024 4016 4061 4070 4025
3771 5 2 7 3 4016 4061 4070 4025 4017 4062 4071 4026
3772 5 2 7 3 4017 4062 4071 4026 4018 4063 4072 4027
3773 5 2 7 3 4018 4063 4072 4027 4019 4064 4073 4028
3774 5 2 7 3 4019 4064 4073 4028 4020 4065 4074 4029
3775 5 2 7 3 4020 4065 4074 4029 4021 4066 4075 4030
3776 5 2 7 3 4021 4066 4075 4030 4022 4067 4076 4031
3777 5 2 7 3 4022 4067 4076 4031 4023 4068 4077 4032
3778 5 2 7 3 4023 4068 4077 4032 1449 1454 1455 1450
3779 5 2 7 3 595 600 601 596 4024 4069 4078 4033
3780 5 2 7 3 4024 4069 4078 4033 4025 4070 4079 4034
3781 5 2 7 3 4025 4070 4079 4034 4026 4071 4080 4035
3782 5 2 7 3 4026 4071 4080 4035 4027 4072 4081 4036
3783 5 2 7 3 4027 4072 4081 4036 4028 4073 4082 4037
3784 5 2 7 3 4028 4073 4082 4037 4029 4074 4083 4038
3785 5 2 7 3 4029 4074 4083 4038 4030 4075 4084 4039
3786 5 2 7 3 4030 4075 4084 4039 4031 4076 4085 4040
3787 5 2 7 3 4031 4076 4085 4040 4032 4077 4086 4041
3788 5 2 7 3 4032 4077 4086 4041 1450 1455 1456 1451
3789 5 2 7 3 596 601 110 111 4033 4078 1300 1309
3790 5 2 7 3 4033 4078 1300 1309 4034 4079 1301 1310
3791 5 2 7 3 4034 4079 1301 1310 4035 4080 1302 1311
3792 5 2 7 3 4035 4080 1302 1311 4036 4081 1303 1312
3793 5 2 7 3 4036 4081 1303 1312 4037 4082 1304 1313
3794 5 2 7 3 4037 4082 1304 1313 4038 4083 1305 1314
3795 5 2 7 3 4038 4083 1305 1314 4039 4084 1306 1315
3796 5 2 7 3 4039 4084 1306 1315 4040 4085 1307 1316
3797 5 2 7 3 4040 4085 1307 1316 4041 4086 1308 1317
3798 5 2 7 3 4041 4086 1308 1317 1451 1456 247 248
3799 5 2 7 3 95 96 602 597 1255 1264 4087 4042
3800 5 2 7 3 1255 1264 4087 4042 1256 1265 4088 4043
3801 5 2 7 3 1256 1265 4088 4043 1257 1266 4089 4044
3802 5 2 7 3 1257 1266 4089 4044 1258 1267 4090 4045
3803 5 2 7 3 1258 1267 4090 4045 1259 1268 4091 4046
3804 5 2 7 3 1259 1268 4091 4046 1260 1269 4092 4047
3805 5 2 7 3 1260 1269 4092 4047 1261 1270 4093 4048
3806 5 2 7 3 1261 1270 4093 4048 1262 1271 4094 4049
3807 5 2 7 3 1262 1271 4094 4049 1263 1272 4095 4050
3808 5 2 7 3 1263 1272 4095 4050 233 234 1457 1452
3809 5 2 7 3 597 602 603 598 4042 4087 4096 4051
3810 5 2 7 3 4042 4087 4096 4051 4043 4088 4097 4052
3811 5 2 7 3 4043 4088 4097 4052 4044 4089 4098 4053
3812 5 2 7 3 4044 4089 4098 4053 4045 4090 4099 4054
3813 5 2 7 3 4045 4090 4099 4054 4046 4091 4100 4055
3814 5 2 7 3 4046 4091 4100 4055 4047 4092 4101 4056
3815 5 2 7 3 4047 4092 4101 4056 4048 4093 4102 4057
3816 5 2 7 3 4048 4093 4102 4057 4049 4094 4103 4058
3817 5 2 7 3 4049 4094 4103 4058 4050 4095 4104 4059
3818 5 2 7 3 4050 4095 4104 4059 1452 1457 1458 1453
3819 5 2 7 3 598 603 604 599 4051 4096 4105 4060
3820 5 2 7 3 4051 4096 4105 4060 4052 4097 4106 4061
3821 5 2 7 3 4052 4097 4106 4061 4053 4098 4107 4062
3822 5 2 7 3 4053 4098 4107 4062 4054 4099 4108 4063
3823 5 2 7 3 4054 4099 4108 4063 4055 4100 4109 4064
3824 5 2 7 3 4055 4100 4109 4064 4056 4101 4110 4065
3825 5 2 7 3 4056 4101 4110 4065 4057 4102 4111 4066
3826 5 2 7 3 4057 4102 4111 4066 4058 4103 4112 4067
3827 5 2 7 3 4058 4103 4112 4067 4059 4104 4113 4068
3828 5 2 7 3 4059 4104 4113 4068 1453 1458 1459 1454
3829 5 2 7 3 599 604 605 600 4060 4105 4114 4069
3830 5 2 7 3 4060 4105 4114 4069 4061 4106 4115 4070
3831 5 2 7 3 4061 4106 4115 4070 4062 4107 4116 4071
3832 5 2 7 3 4062 4107 4116 4071 4063 4108 4117 4072
3833 5 2 7 3 4063 4108 4117 4072 4064 4109 4118 4073
3834 5 2 7 3 4064 4109 4118 4073 4065 4110 4119 4074
3835 5 2 7 3 4065 4110 4119 4074 4066 4111 4120 4075
3836 5 2 7 3 4066 4111 4120 4075 4067 4112 4121 4076
3837 5 2 7 3 4067 4112 4121 4076 4068 4113 4122 4077
3838 5 2 7 3 4068 4113 4122 4077 1454 1459 1460 1455
3839 5 2 7 3 600 605 606 601 4069 4114 4123 4078
3840 5 2 7 3 4069 4114 4123 4078 4070 4115 4124 4079
3841 5 2 7 3 4070 4115 4124 4079 4071 4116 4125 4080
3842 5 2 7 3 4071 4116 4125 4080 4072 4117 4126 4081
3843 5 2 7 3 4072 4117 4126 4081 4073 4118 4127 4082
3844 5 2 7 3 4073 4118 4127 4082 4074 4119 4128 4083
3845 5 2 7 3 4074 4119 4128 4083 4075 4120 4129 4084
3846 5 2 7 3 4075 4120 4129 4084 4076 4121 4130 4085
3847 5 2 7 3 4076 4121 4130 4085 4077 4122 4131 4086
3848 5 2 7 3 4077 4122 4131 4086 1455 1460 1461 1456
3849 5 2 7 3 601 606 109 110 4078 4123 1291 1300
3850 5 2 7 3 4078 4123 1291 1300 4079 4124 1292 1301
3851 5 2 7 3 4079 4124 1292 1301 4080 4125 1293 1302
3852 5 2 7 3 4080 4125 1293 1302 4081 4126 1294 1303
3853 5 2 7 3 4081 4126 1294 1303 4082 4127 1295 1304
3854 5 2 7 3 4082 4127 1295 1304 4083 4128 1296 1305
3855 5 2 7 3 4083 4128 1296 1305 4084 4129 1297 1306
3856 5 2 7 3 4084 4129 1297 1306 4085 4130 1298 1307
3857 5 2 7 3 4085 4130 1298 1307 4086 4131 1299 1308
3858 5 2 7 3 4086 4131 1299 1308 1456 1461 246 247
3859 5 2 7 3 96 97 607 602 1264 1273 4132 4087
3860 5 2 7 3 1264 1273 4132 4087 1265 1274 4133 4088
3861 5 2 7 3 1265 1274 4133 4088 1266 1275 4134 4089
3862 5 2 7 3 1266 1275 4134 4089 1267 1276 4135 4090
3863 5 2 7 3 1267 1276 4135 4090 1268 1277 4136 4091
3864 5 2 7 3 1268 1277 4136 4091 1269 1278 4137 4092
3865 5 2 7 3 1269 1278 4137 4092 1270 1279 4138 4093
3866 5 2 7 3 1270 1279 4138 4093 1271 1280 4139 4094
3867 5 2 7 3 1271 1280 4139 4094 1272 1281 4140 4095
3868 5 2 7 3 1272 1281 4140 4095 234 235 1462 1457
3869 5 2 7 3 602 607 608 603 4087 4132 4141 4096
3870 5 2 7 3 4087 4132 4141 4096 4088 4133 4142 4097
3871 5 2 7 3 4088 4133 4142 4097 4089 4134 4143 4098
3872 5 2 7 3 4089 4134 4143 4098 4090 4135 4144 4099
3873 5 2 7 3 4090 4135 4144 4099 4091 4136 4145 4100
3874 5 2 7 3 4091 4136 4145 4100 4092 4137 4146 4101
3875 5 2 7 3 4092 4137 4146 4101 4093 4138 4147 4102
3876 5 2 7 3 4093 4138 4147 4102 4094 4139 4148 4103
3877 5 2 7 3 4094 4139 4148 4103 4095 4140 4149 4104
3878 5 2 7 3 4095 4140 4149 4104 1457 1462 1463 1458
3879 5 2 7 3 603 608 609 604 4096 4141 4150 4105
3880 5 2 7 3 4096 4141 4150 4105 4097 4142 4151 4106
3881 5 2 7 3 4097 4142 4151 4106 4098 4143 4152 4107
3882 5 2 7 3 4098 4143 4152 4107 4099 4144 4153 4108
3883 5 2 7 3 4099 4144 4153 4108 4100 4145 4154 4109
3884 5 2 7 3 4100 4145 4154 4109 4101 4146 4155 4110
3885 5 2 7 3 4101 4146 4155 4110 4102 4147 4156 4111
3886 5 2 7 3 4102 4147 4156 4111 4103 4148 4157 4112
3887 5 2 7 3 4103 4148 4157 4112 4104 4149 4158 4113
3888 5 2 7 3 4104 4149 4158 4113 1458 1463 1464 1459
3889 5 2 7 3 604 609 610 605 4105 4150 4159 4114
3890 5 2 7 3 4105 4150 4159 4114 4106 4151 4160 4115
3891 5 2 7 3 4106 4151 4160 4115 4107 4152 4161 4116
3892 5 2 7 3 4107 4152 4161 4116 4108 4153 4162 4117
3893 5 2 7 3 4108 4153 4162 4117 4109 4154 4163 4118
3894 5 2 7 3 4109 4154 4163 4118 4110 4155 4164 4119
3895 5 2 7 3 4110 4155 4164 4119 4111 4156 4165 4120
3896 5 2 7 3 4111 4156 4165 4120 4112 4157 4166 4121
3897 5 2 7 3 4112 4157 4166 4121 4113 4158 4167 4122
3898 5 2 7 3 4113 4158 4167 4122 1459 1464 1465 1460
3899 5 2 7 3 605 610 611 606 4114 4159 4168 4123
3900 5 2 7 3 4114 4159 4168 4123 4115 4160 4169 4124
3901 5 2 7 3 4115 4160 4169 4124 4116 4161 4170 4125
3902 5 2 7 3 4116 4161 4170 4125 4117 4162 4171 4126
3903 5 2 7 3 4117 4162 4171 4126 4118 4163 4172 4127
3904 5 2 7 3 4118 4163 4172 4127 4119 4164 4173 4128
3905 5 2 7 3 4119 4164 4173 4128 4120 4165 4174 4129
3906 5 2 7 3 4120 4165 4174 4129 4121 4166 4175 4130
3907 5 2 7 3 4121 4166 4175 4130 4122 4167 4176 4131
3908 5 2 7 3 4122 4167 4176 4131 1460 1465 1466 1461
3909 5 2 7 3 606 611 108 109 4123 4168 1282 1291
3910 5 2 7 3 4123 4168 1282 1291 4124 4169 1283 1292
3911 5 2 7 3 4124 4169 1283 1292 4125 4170 1284 1293
3912 5 2 7 3 4125 4170 1284 1293 4126 4171 1285 1294
3913 5 2 7 3 4126 4171 1285 1294 4127 4172 1286 1295
3914 5 2 7 3 4127 4172 1286 1295 4128 4173 1287 1296
3915 5 2 7 3 4128 4173 1287 1296 4129 4174 1288 1297
3916 5 2 7 3 4129 4174 1288 1297 4130 4175 1289 1298
3917 5 2 7 3 4130 4175 1289 1298 4131 4176 1290 1299
3918 5 2 7 3 4131 4176 1290 1299 1461 1466 245 246
3919 5 2 7 3 97 6 33 607 1273 141 802 4132
3920 5 2 7 3 1273 141 802 4132 1274 142 803 4133
3921 5 2 7 3 1274 142 803 4133 1275 143 804 4134
3922 5 2 7 3 1275 143 804 4134 1276 144 805 4135
3923 5 2 7 3 1276 144 805 4135 1277 145 806 4136
3924 5 2 7 3 1277 145 806 4136 1278 146 807 4137
3925 5 2 7 3 1278 146 807 4137 1279 147 808 4138
3926 5 2 7 3 1279 147 808 4138 1280 148 809 4139
3927 5 2 7 3 1280 148 809 4139 1281 149 810 4140
3928 5 2 7 3 1281 149 810 4140 235 12 164 1462
3929 5 2 7 3 607 33 34 608 4132 802 811 4141
3930 5 2 7 3 4132 802 811 4141 4133 803 812 4142
3931 5 2 7 3 4133 803 812 4142 4134 804 813 4143
3932 5 2 7 3 4134 804 813 4143 4135 805 814 4144
3933 5 2 7 3 4135 805 814 4144 4136 806 815 4145
3934 5 2 7 3 4136 806 815 4145 4137 807 816 4146
3935 5 2 7 3 4137 807 816 4146 4138 808 817 4147
3936 5 2 7 3 4138 808 817 4147 4139 809 818 4148
3937 5 2 7 3 4139 809 818 4148 4140 810 819 4149
3938 5 2 7 3 4140 810 819 4149 1462 164 165 1463
3939 5 2 7 3 608 34 35 609 4141 811 820 4150
3940 5 2 7 3 4141 811 820 4150 4142 812 821 4151
3941 5 2 7 3 4142 812 821 4151 4143 813 822 4152
3942 5 2 7 3 4143 813 822 4152 4144 814 823 4153
3943 5 2 7 3 4144 814 823 4153 4145 815 824 4154
3944 5 2 7 3 4145 815 824 4154 4146 816 825 4155
3945 5 2 7 3 4146 816 825 4155 4147 817 826 4156
3946 5 2 7 3 4147 817 826 4156 4148 818 827 4157
3947 5 2 7 3 4148 818 827 4157 4149 819 828 4158
3948 5 2 7 3 4149 819 828 4158 1463 165 166 1464
3949 5 2 7 3 609 35 36 610 4150 820 829 4159
3950 5 2 7 3 4150 820 829 4159 4151 821 830 4160
3951 5 2 7 3 4151 821 830 4160 4152 822 831 4161
3952 5 2 7 3 4152 822 831 4161 4153 823 832 4162
3953 5 2 7 3 4153 823 832 4162 4154 824 833 4163
3954 5 2 7 3 4154 824 833 4163 4155 825 834 4164
3955 5 2 7 3 4155 825 834 4164 4156 826 835 4165
3956 5 2 7 3 4156 826 835 4165 4157 827 836 4166
3957 5 2 7 3 4157 827 836 4166 4158 828 837 4167
3958 5 2 7 3 4158 828 837 4167 1464 166 167 1465
3959 5 2 7 3 610 36 37 611 4159 829 838 4168
3960 5 2 7 3 4159 829 838 4168 4160 830 839 4169
3961 5 2 7 3 4160 830 839 4169 4161 831 840 4170
3962 5 2 7 3 4161 831 840 4170 4162 832 841 4171
3963 5 2 7 3 4162 832 841 4171 4163 833 842 4172
3964 5 2 7 3 4163 833 842 4172 4164 834 843 4173
3965 5 2 7 3 4164 834 843 4173 4165 835 844 4174
3966 5 2 7 3 4165 835 844 4174 4166 836 845 4175
3967 5 2 7 3 4166 836 845 4175 4167 837 846 4176
3968 5 2 7 3 4167 837 846 4176 1465 167 168 1466
3969 5 2 7 3 611 37 8 108 4168 838 155 1282
3970 5 2 7 3 4168 838 155 1282 4169 839 156 1283
3971 5 2 7 3 4169 839 156 1283 4170 840 157 1284
3972 5 2 7 3 4170 840 157 1284 4171 841 158 1285
3973 5 2 7 3 4171 841 158 1285 4172 842 159 1286
3974 5 2 7 3 4172 842 159 1286 4173 843 160 1287
3975 5 2 7 3 4173 843 160 1287 4174 844 161 1288
3976 5 2 7 3 4174 844 161 1288 4175 845 162 1289
3977 5 2 7 3 4175 845 162 1289 4176 846 163 1290
3978 5 2 7 3 4176 846 163 1290 1466 168 13 245
3979 5 2 7 4 612 108 8 98 4177 1282 155 1052
3980 5 2 7 4 4177 1282 155 1052 4178 1283 156 1053
3981 5 2 7 4 4178 1283 156 1053 4179 1284 157 1054
3982 5 2 7 4 4179 1284 157 1054 4180 1285 158 1055
3983 5 2 7 4 4180 1285 158 1055 4181 1286 159 1056
3984 5 2 7 4 4181 1286 159 1056 4182 1287 160 1057
3985 5 2 7 4 4182 1287 160 1057 4183 1288 161 1058
3986 5 2 7 4 4183 1288 161 1058 4184 1289 162 1059
3987 5 2 7 4 4184 1289 162 1059 4185 1290 163 1060
3988 5 2 7 4 4185 1290 163 1060 1647 245 13 207
3989 5 2 7 4 613 612 98 99 4186 4177 1052 1061
3990 5 2 7 4 4186 4177 1052 1061 4187 4178 1053 1062
3991 5 2 7 4 4187 4178 1053 1062 4188 4179 1054 1063
3992 5 2 7 4 4188 4179 1054 1063 4189 4180 1055 1064
3993 5 2 7 4 4189 4180 1055 1064 4190 4181 1056 1065
3994 5 2 7 4 4190 4181 1056 1065 4191 4182 1057 1066
3995 5 2 7 4 4191 4182 1057 1066 4192 4183 1058 1067
3996 5 2 7 4 4192 4183 1058 1067 4193 4184 1059 1068
3997 5 2 7 4 4193 4184 1059 1068 4194 4185 1060 1069
3998 5 2 7 4 4194 4185 1060 1069 1648 1647 207 208
3999 5 2 7 4 614 613 99 100 4195 4186 1061 1070
4000 5 2 7 4 4195 4186 1061 1070 4196 4187 1062 1071
4001 5 2 7 4 4196 4187 1062 1071 4197 4188 1063 1072
4002 5 2 7 4 4197 4188 1063 1072 4198 4189 1064 1073
4003 5 2 7 4 4198 4189 1064 1073 4199 4190 1065 1074
4004 5 2 7 4 4199 4190 1065 1074 4200 4191 1066 1075
4005 5 2 7 4 4200 4191 1066 1075 4201 4192 1067 1076
4006 5 2 7 4 4201 4192 1067 1076 4202 4193 1068 1077
4007 5 2 7 4 4202 4193 1068 1077 4203 4194 1069 1078
4008 5 2 7 4 4203 4194 1069 1078 1649 1648 208 209
4009 5 2 7 4 615 614 100 101 4204 4195 1070 1079
4010 5 2 7 4 4204 4195 1070 1079 4205 4196 1071 1080
4011 5 2 7 4 4205 4196 1071 1080 4206 4197 1072 1081
4012 5 2 7 4 4206 4197 1072 1081 4207 4198 1073 1082
4013 5 2 7 4 4207 4198 1073 1082 4208 4199 1074 1083
4014 5 2 7 4 4208 4199 1074 1083 4209 4200 1075 1084
4015 5 2 7 4 4209 4200 1075 1084 4210 4201 1076 1085
4016 5 2 7 4 4210 4201 1076 1085 4211 4202 1077 1086
4017 5 2 7 4 4211 4202 1077 1086 4212 4203 1078 1087
4018 5 2 7 4 4212 4203 1078 1087 1650 1649 209 210
4019 5 2 7 4 616 615 101 102 4213 4204 1079 1088
4020 5 2 7 4 4213 4204 1079 1088 4214 4205 1080 1089
4021 5 2 7 4 4214 4205 1080 1089 4215 4206 1081 1090
4022 5 2 7 4 4215 4206 1081 1090 4216 4207 1082 1091
4023 5 2 7 4 4216 4207 1082 1091 4217 4208 1083 1092
4024 5 2 7 4 4217 4208 1083 1092 4218 4209 1084 1093
4025 5 2 7 4 4218 4209 1084 1093 4219 4210 1085 1094
4026 5 2 7 4 4219 4210 1085 1094 4220 4211 1086 1095
4027 5 2 7 4 4220 4211 1086 1095 4221 4212 1087 1096
4028 5 2 7 4 4221 4212 1087 1096 1651 1650 210 211
4029 5 2 7 4 617 616 102 103 4222 4213 1088 1097
4030 5 2 7 4 4222 4213 1088 1097 4223 4214 1089 1098
4031 5 2 7 4 4223 4214 1089 1098 4224 4215 1090 1099
4032 5 2 7 4 4224 4215 1090 1099 4225 4216 1091 1100
4033 5 2 7 4 4225 4216 1091 1100 4226 4217 1092 1101
4034 5 2 7 4 4226 4217 1092 1101 4227 4218 1093 1102
4035 5 2 7 4 4227 4218 1093 1102 4228 4219 1094 1103
4036 5 2 7 4 4228 4219 1094 1103 4229 4220 1095 1104
4037 5 2 7 4 4229 4220 1095 1104 4230 4221 1096 1105
4038 5 2 7 4 4230 4221 1096 1105 1652 1651 211 212
4039 5 2 7 4 618 617 103 104 4231 4222 1097 1106
4040 5 2 7 4 4231 4222 1097 1106 4232 4223 1098 1107
4041 5 2 7 4 4232 4223 1098 1107 4233 4224 1099 1108
4042 5 2 7 4 4233 4224 1099 1108 4234 4225 1100 1109
4043 5 2 7 4 4234 4225 1100 1109 4235 4226 1101 1110
4044 5 2 7 4 4235 4226 1101 1110 4236 4227 1102 1111
4045 5 2 7 4 4236 4227 1102 1111 4237 4228 1103 1112
4046 5 2 7 4 4237 4228 1103 1112 4238 4229 1104 1113
4047 5 2 7 4 4238 4229 1104 1113 4239 4230 1105 1114
4048 5 2 7 4 4239 4230 1105 1114 1653 1652 212 213
4049 5 2 7 4 619 618 104 105 4240 4231 1106 1115
4050 5 2 7 4 4240 4231 1106 1115 4241 4232 1107 1116
4051 5 2 7 4 4241 4232 1107 1116 4242 4233 1108 1117
4052 5 2 7 4 4242 4233 1108 1117 4243 4234 1109 1118
4053 5 2 7 4 4243 4234 1109 1118 4244 4235 1110 1119
4054 5 2 7 4 4244 4235 1110 1119 4245 4236 1111 1120
4055 5 2 7 4 4245 4236 1111 1120 4246 4237 1112 1121
4056 5 2 7 4 4246 4237 1112 1121 4247 4238 1113 1122
4057 5 2 7 4 4247 4238 1113 1122 4248 4239 1114 1123
4058 5 2 7 4 4248 4239 1114 1123 1654 1653 213 214
4059 5 2 7 4 620 619 105 106 4249 4240 1115 1124
4060 5 2 7 4 4249 4240 1115 1124 4250 4241 1116 1125
4061 5 2 7 4 4250 4241 1116 1125 4251 4242 1117 1126
4062 5 2 7 4 4251 4242 1117 1126 4252 4243 1118 1127
4063 5 2 7 4 4252 4243 1118 1127 4253 4244 1119 1128
4064 5 2 7 4 4253 4244 1119 1128 4254 4245 1120 1129
4065 5 2 7 4 4254 4245 1120 1129 4255 4246 1121 1130
4066 5 2 7 4 4255 4246 1121 1130 4256 4247 1122 1131
4067 5 2 7 4 4256 4247 1122 1131 4257 4248 1123 1132
4068 5 2 7 4 4257 4248 1123 1132 1655 1654 214 215
4069 5 2 7 4 621 620 106 107 4258 4249 1124 1133
4070 5 2 7 4 4258 4249 1124 1133 4259 4250 1125 1134
4071 5 2 7 4 4259 4250 1125 1134 4260 4251 1126 1135
4072 5 2 7 4 4260 4251 1126 1135 4261 4252 1127 1136
4073 5 2 7 4 4261 4252 1127 1136 4262 4253 1128 1137
4074 5 2 7 4 4262 4253 1128 1137 4263 4254 1129 1138
4075 5 2 7 4 4263 4254 1129 1138 4264 4255 1130 1139
4076 5 2 7 4 4264 4255 1130 1139 4265 4256 1131 1140
4077 5 2 7 4 4265 4256 1131 1140 4266 4257 1132 1141
4078 5 2 7 4 4266 4257 1132 1141 1656 1655 215 216
4079 5 2 7 4 63 621 107 5 1557 4258 1133 193
4080 5 2 7 4 1557 4258 1133 193 1558 4259 1134 194
4081 5 2 7 4 1558 4259 1134 194 1559 4260 1135 195
4082 5 2 7 4 1559 4260 1135 195 1560 4261 1136 196
4083 5 2 7 4 1560 4261 1136 196 1561 4262 1137 197
4084 5 2 7 4 1561 4262 1137 197 1562 4263 1138 198
4085 5 2 7 4 1562 4263 1138 198 1563 4264 1139 199
4086 5 2 7 4 1563 4264 1139 199 1564 4265 1140 200
4087 5 2 7 4 1564 4265 1140 200 1565 4266 1141 201
4088 5 2 7 4 1565 4266 1141 201 279 1656 216 15
4089 5 2 7 4 622 109 108 612 4267 1291 1282 4177
4090 5 2 7 4 4267 1291 1282 4177 4268 1292 1283 4178
4091 5 2 7 4 4268 1292 1283 4178 4269 1293 1284 4179
4092 5 2 7 4 4269 1293 1284 4179 4270 1294 1285 4180
4093 5 2 7 4 4270 1294 1285 4180 4271 1295 1286 4181
4094 5 2 7 4 4271 1295 1286 4181 4272 1296 1287 4182
4095 5 2 7 4 4272 1296 1287 4182 4273 1297 1288 4183
4096 5 2 7 4 4273 1297 1288 4183 4274 1298 1289 4184
4097 5 2 7 4 4274 1298 1289 4184 4275 1299 1290 4185
4098 5 2 7 4 4275 1299 1290 4185 1657 246 245 1647
4099 5 2 7 4 623 622 612 613 4276 4267 4177 4186
4100 5 2 7 4 4276 4267 4177 4186 4277 4268 4178 4187
4101 5 2 7 4 4277 4268 4178 4187 4278 4269 4179 4188
4102 5 2 7 4 4278 4269 4179 4188 4279 4270 4180 4189
4103 5 2 7 4 4279 4270 4180 4189 4280 4271 4181 4190
4104 5 2 7 4 4280 4271 4181 4190 4281 4272 4182 4191
4105 5 2 7 4 4281 4272 4182 4191 4282 4273 4183 4192
4106 5 2 7 4 4282 4273 4183 4192 4283 4274 4184 4193
4107 5 2 7 4 4283 4274 4184 4193 4284 4275 4185 4194
4108 5 2 7 4 4284 4275 4185 4194 1658 1657 1647 1648
4109 5 2 7 4 624 623 613 614 4285 4276 4186 4195
4110 5 2 7 4 4285 4276 4186 4195 4286 4277 4187 4196
4111 5 2 7 4 4286 4277 4187 4196 4287 4278 4188 4197
4112 5 2 7 4 4287 4278 4188 4197 4288 4279 4189 4198
4113 5 2 7 4 4288 4279 4189 4198 4289 4280 4190 4199
4114 5 2 7 4 4289 4280 4190 4199 4290 4281 4191 4200
4115 5 2 7 4 4290 4281 4191 4200 4291 4282 4192 4201
4116 5 2 7 4 4291 4282 4192 4201 4292 4283 4193 4202
4117 5 2 7 4 4292 4283 4193 4202 4293 4284 4194 4203
4118 5 2 7 4 4293 4284 4194 4203 1659 1658 1648 1649
4119 5 2 7 4 625 624 614 615 4294 4285 4195 4204
4120 5 2 7 4 4294 4285 4195 4204 4295 4286 4196 4205
4121 5 2 7 4 4295 4286 4196 4205 4296 4287 4197 4206
4122 5 2 7 4 4296 4287 4197 4206 4297 4288 4198 4207
4123 5 2 7 4 4297 4288 4198 4207 4298 4289 4199 4208
4124 5 2 7 4 4298 4289 4199 4208 4299 4290 4200 4209
4125 5 2 7 4 4299 4290 4200 4209 4300 4291 4201 4210
4126 5 2 7 4 4300 4291 4201 4210 4301 4292 4202 4211
4127 5 2 7 4 4301 4292 4202 4211 4302 4293 4203 4212
4128 5 2 7 4 4302 4293 4203 4212 1660 1659 1649 1650
4129 5 2 7 4 626 625 615 616 4303 4294 4204 4213
4130 5 2 7 4 4303 4294 4204 4213 4304 4295 4205 4214
4131 5 2 7 4 4304 4295 4205 4214 4305 4296 4206 4215
4132 5 2 7 4 4305 4296 4206 4215 4306 4297 4207 4216
4133 5 2 7 4 4306 4297 4207 4216 4307 4298 4208 4217
4134 5 2 7 4 4307 4298 4208 4217 4308 4299 4209 4218
4135 5 2 7 4 4308 4299 4209 4218 4309 4300 4210 4219
4136 5 2 7 4 4309 4300 4210 4219 4310 4301 4211 4220
4137 5 2 7 4 4310 4301 4211 4220 4311 4302 4212 4221
4138 5 2 7 4 4311 4302 4212 4221 1661 1660 1650 1651
4139 5 2 7 4 627 626 616 617 4312 4303 4213 4222
4140 5 2 7 4 4312 4303 4213 4222 4313 4304 4214 4223
4141 5 2 7 4 4313 4304 4214 4223 4314 4305 4215 4224
4142 5 2 7 4 4314 4305 4215 4224 4315 4306 4216 4225
4143 5 2 7 4 4315 4306 4216 4225 4316 4307 4217 4226
4144 5 2 7 4 4316 4307 4217 4226 4317 4308 4218 4227
4145 5 2 7 4 4317 4308 4218 4227 4318 4309 4219 4228
4146 5 2 7 4 4318 4309 4219 4228 4319 4310 4220 4229
4147 5 2 7 4 4319 4310 4220 4229 4320 4311 4221 4230
4148 5 2 7 4 4320 4311 4221 4230 1662 1661 1651 1652
4149 5 2 7 4 628 627 617 618 4321 4312 4222 4231
4150 5 2 7 4 4321 4312 4222 4231 4322 4313 4223 4232
4151 5 2 7 4 4322 4313 4223 4232 4323 4314 4224 4233
4152 5 2 7 4 4323 4314 4224 4233 4324 4315 4225 4234
4153 5 2 7 4 4324 4315 4225 4234 4325 4316 4226 4235
4154 5 2 7 4 4325 4316 4226 4235 4326 4317 4227 4236
4155 5 2 7 4 4326 4317 4227 4236 4327 4318 4228 4237
4156 5 2 7 4 4327 4318 4228 4237 4328 4319 4229 4238
4157 5 2 7 4 4328 4319 4229 4238 4329 4320 4230 4239
4158 5 2 7 4 4329 4320 4230 4239 1663 1662 1652 1653
4159 5 2 7 4 629 628 618 619 4330 4321 4231 4240
4160 5 2 7 4 4330 4321 4231 4240 4331 4322 4232 4241
4161 5 2 7 4 4331 4322 4232 4241 4332 4323 4233 4242
4162 5 2 7 4 4332 4323 4233 4242 4333 4324 4234 4243
4163 5 2 7 4 4333 4324 4234 4243 4334 4325 4235 4244
4164 5 2 7 4 4334 4325 4235 4244 4335 4326 4236 4245
4165 5 2 7 4 4335 4326 4236 4245 4336 4327 4237 4246
4166 5 2 7 4 4336 4327 4237 4246 4337 4328 4238 4247
4167 5 2 7 4 4337 4328 4238 4247 4338 4329 4239 4248
4168 5 2 7 4 4338 4329 4239 4248 1664 1663 1653 1654
4169 5 2 7 4 630 629 619 620 4339 4330 4240 4249
4170 5 2 7 4 4339 4330 4240 4249 4340 4331 4241 4250
4171 5 2 7 4 4340 4331 4241 4250 4341 4332 4242 4251
4172 5 2 7 4 4341 4332 4242 4251 4342 4333 4243 4252
4173 5 2 7 4 4342 4333 4243 4252 4343 4334 4244 4253
4174 5 2 7 4 4343 4334 4244 4253 4344 4335 4245 4254
4175 5 2 7 4 4344 4335 4245 4254 4345 4336 4246 4255
4176 5 2 7 4 4345 4336 4246 4255 4346 4337 4247 4256
4177 5 2 7 4 4346 4337 4247 4256 4347 4338 4248 4257
4178 5 2 7 4 4347 4338 4248 4257 1665 1664 1654 1655
4179 5 2 7 4 631 630 620 621 4348 4339 4249 4258
4180 5 2 7 4 4348 4339 4249 4258 4349 4340 4250 4259
4181 5 2 7 4 4349 4340 4250 4259 4350 4341 4251 4260
4182 5 2 7 4 4350 4341 4251 4260 4351 4342 4252 4261
4183 5 2 7 4 4351 4342 4252 4261 4352 4343 4253 4262
4184 5 2 7 4 4352 4343 4253 4262 4353 4344 4254 4263
4185 5 2 7 4 4353 4344 4254 4263 4354 4345 4255 4264
4186 5 2 7 4 4354 4345 4255 4264 4355 4346 4256 4265
4187 5 2 7 4 4355 4346 4256 4265 4356 4347 4257 4266
4188 5 2 7 4 4356 4347 4257 4266 1666 1665 1655 1656
4189 5 2 7 4 64 631 621 63 1566 4348 4258 1557
4190 5 2 7 4 1566 4348 4258 1557 1567 4349 4259 1558
4191 5 2 7 4 1567 4349 4259 1558 1568 4350 4260 1559
4192 5 2 7 4 1568 4350 4260 1559 1569 4351 4261 1560
4193 5 2 7 4 1569 4351 4261 1560 1570 4352 4262 1561
4194 5 2 7 4 1570 4352 4262 1561 1571 4353 4263 1562
4195 5 2 7 4 1571 4353 4263 1562 1572 4354 4264 1563
4196 5 2 7 4 1572 4354 4264 1563 1573 4355 4265 1564
4197 5 2 7 4 1573 4355 4265 1564 1574 4356 4266 1565
4198 5 2 7 4 1574 4356 4266 1565 280 1666 1656 279
4199 5 2 7 4 632 110 109 622 4357 1300 1291 4267
4200 5 2 7 4 4357 1300 1291 4267 4358 1301 1292 4268
4201 5 2 7 4 4358 1301 1292 4268 4359 1302 1293 4269
4202 5 2 7 4 4359 1302 1293 4269 4360 1303 1294 4270
4203 5 2 7 4 4360 1303 1294 4270 4361 1304 1295 4271
4204 5 2 7 4 4361 1304 1295 4271 4362 1305 1296 4272
4205 5 2 7 4 4362 1305 1296 4272 4363 1306 1297 4273
4206 5 2 7 4 4363 1306 1297 4273 4364 1307 1298 4274
4207 5 2 7 4 4364 1307 1298 4274 4365 1308 1299 4275
4208 5 2 7 4 4365 1308 1299 4275 1667 247 246 1657
4209 5 2 7 4 633 632 622 623 4366 4357 4267 4276
4210 5 2 7 4 4366 4357 4267 4276 4367 4358 4268 4277
4211 5 2 7 4 4367 4358 4268 4277 4368 4359 4269 4278
4212 5 2 7 4 4368 4359 4269 4278 4369 4360 4270 4279
4213 5 2 7 4 4369 4360 4270 4279 4370 4361 4271 4280
4214 5 2 7 4 4370 4361 4271 4280 4371 4362 4272 4281
4215 5 2 7 4 4371 4362 4272 4281 4372 4363 4273 4282
4216 5 2 7 4 4372 4363 4273 4282 4373 4364 4274 4283
4217 5 2 7 4 4373 4364 4274 4283 4374 4365 4275 4284
4218 5 2 7 4 4374 4365 4275 4284 1668 1667 1657 1658
4219 5 2 7 4 634 633 623 624 4375 4366 4276 4285
4220 5 2 7 4 4375 4366 4276 4285 4376 4367 4277 4286
4221 5 2 7 4 4376 4367 4277 4286 4377 4368 4278 4287
4222 5 2 7 4 4377 4368 4278 4287 4378 4369 4279 4288
4223 5 2 7 4 4378 4369 4279 4288 4379 4370 4280 4289
4224 5 2 7 4 4379 4370 4280 4289 4380 4371 4281 4290
4225 5 2 7 4 4380 4371 4281 4290 4381 4372 4282 4291
4226 5 2 7 4 4381 4372 4282 4291 4382 4373 4283 4292
4227 5 2 7 4 4382 4373 4283 4292 4383 4374 4284 4293
4228 5 2 7 4 4383 4374 4284 4293 1669 1668 1658 1659
4229 5 2 7 4 635 634 624 625 4384 4375 4285 4294
4230 5 2 7 4 4384 4375 4285 4294 4385 4376 4286 4295
4231 5 2 7 4 4385 4376 4286 4295 4386 4377 4287 4296
4232 5 2 7 4 4386 4377 4287 4296 4387 4378 4288 4297
4233 5 2 7 4 4387 4378 4288 4297 4388 4379 4289 4298
4234 5 2 7 4 4388 4379 4289 4298 4389 4380 4290 4299
4235 5 2 7 4 4389 4380 4290 4299 4390 4381 4291 4300
4236 5 2 7 4 4390 4381 4291 4300 4391 4382 4292 4301
4237 5 2 7 4 4391 4382 4292 4301 4392 4383 4293 4302
4238 5 2 7 4 4392 4383 4293 4302 1670 1669 1659 1660
4239 5 2 7 4 636 635 625 626 4393 4384 4294 4303
4240 5 2 7 4 4393 4384 4294 4303 4394 4385 4295 4304
4241 5 2 7 4 4394 4385 4295 4304 4395 4386 4296 4305
4242 5 2 7 4 4395 4386 4296 4305 4396 4387 4297 4306
4243 5 2 7 4 4396 4387 4297 4306 4397 4388 4298 4307
4244 5 2 7 4 4397 4388 4298 4307 4398 4389 4299 4308
4245 5 2 7 4 4398 4389 4299 4308 4399 4390 4300 4309
4246 5 2 7 4 4399 4390 4300 4309 4400 4391 4301 4310
4247 5 2 7 4 4400 4391 4301 4310 4401 4392 4302 4311
4248 5 2 7 4 4401 4392 4302 4311 1671 1670 1660 1661
4249 5 2 7 4 637 636 626 627 4402 4393 4303 4312
4250 5 2 7 4 4402 4393 4303 4312 4403 4394 4304 4313
4251 5 2 7 4 4403 4394 4304 4313 4404 4395 4305 4314
4252 5 2 7 4 4404 4395 4305 4314 4405 4396 4306 4315
4253 5 2 7 4 4405 4396 4306 4315 4406 4397 4307 4316
4254 5 2 7 4 4406 4397 4307 4316 4407 4398 4308 4317
4255 5 2 7 4 4407 4398 4308 4317 4408 4399 4309 4318
4256 5 2 7 4 4408 4399 4309 4318 4409 4400 4310 4319
4257 5 2 7 4 4409 4400 4310 4319 4410 4401 4311 4320
4258 5 2 7 4 4410 4401 4311 4320 1672 1671 1661 1662
4259 5 2 7 4 638 637 627 628 4411 4402 4312 4321
4260 5 2 7 4 4411 4402 4312 4321 4412 4403 4313 4322
4261 5 2 7 4 4412 4403 4313 4322 4413 4404 4314 4323
4262 5 2 7 4 4413 4404 4314 4323 4414 4405 4315 4324
4263 5 2 7 4 4414 4405 4315 4324 4415 4406 4316 4325
4264 5 2 7 4 4415 4406 4316 4325 4416 4407 4317 4326
4265 5 2 7 4 4416 4407 4317 4326 4417 4408 4318 4327
4266 5 2 7 4 4417 4408 4318 4327 4418 4409 4319 4328
4267 5 2 7 4 4418 4409 4319 4328 4419 4410 4320 4329
4268 5 2 7 4 4419 4410 4320 4329 1673 1672 1662 1663
4269 5 2 7 4 639 638 628 629 4420 4411 4321 4330
4270 5 2 7 4 4420 4411 4321 4330 4421 4412 4322 4331
4271 5 2 7 4 4421 4412 4322 4331 4422 4413 4323 4332
4272 5 2 7 4 4422 4413 4323 4332 4423 4414 4324 4333
4273 5 2 7 4 4423 4414 4324 4333 4424 4415 4325 4334
4274 5 2 7 4 4424 4415 4325 4334 4425 4416 4326 4335
4275 5 2 7 4 4425 4416 4326 4335 4426 4417 4327 4336
4276 5 2 7 4 4426 4417 4327 4336 4427 4418 4328 4337
4277 5 2 7 4 4427 4418 4328 4337 4428 4419 4329 4338
4278 5 2 7 4 4428 4419 4329 4338 1674 1673 1663 1664
4279 5 2 7 4 640 639 629 630 4429 4420 4330 4339
4280 5 2 7 4 4429 4420 4330 4339 4430 4421 4331 4340
4281 5 2 7 4 4430 4421 4331 4340 4431 4422 4332 4341
4282 5 2 7 4 4431 4422 4332 4341 4432 4423 4333 4342
4283 5 2 7 4 4432 4423 4333 4342 4433 4424 4334 4343
4284 5 2 7 4 4433 4424 4334 4343 4434 4425 4335 4344
4285 5 2 7 4 4434 4425 4335 4344 4435 4426 4336 4345
4286 5 2 7 4 4435 4426 4336 4345 4436 4427 4337 4346
4287 5 2 7 4 4436 4427 4337 4346 4437 4428 4338 4347
4288 5 2 7 4 4437 4428 4338 4347 1675 1674 1664 1665
4289 5 2 7 4 641 640 630 631 4438 4429 4339 4348
4290 5 2 7 4 4438 4429 4339 4348 4439 4430 4340 4349
4291 5 2 7 4 4439 4430 4340 4349 4440 4431 4341 4350
4292 5 2 7 4 4440 4431 4341 4350 4441 4432 4342 4351
4293 5 2 7 4 4441 4432 4342 4351 4442 4433 4343 4352
4294 5 2 7 4 4442 4433 4343 4352 4443 4434 4344 4353
4295 5 2 7 4 4443 4434 4344 4353 4444 4435 4345 4354
4296 5 2 7 4 4444 4435 4345 4354 4445 4436 4346 4355
4297 5 2 7 4 4445 4436 4346 4355 4446 4437 4347 4356
4298 5 2 7 4 4446 4437 4347 4356 1676 1675 1665 1666
4299 5 2 7 4 65 641 631 64 1575 4438 4348 1566
4300 5 2 7 4 1575 4438 4348 1566 1576 4439 4349 1567
4301 5 2 7 4 1576 4439 4349 1567 1577 4440 4350 1568
4302 5 2 7 4 1577 4440 4350 1568 1578 4441 4351 1569
4303 5 2 7 4 1578 4441 4351 1569 1579 4442 4352 1570
4304 5 2 7 4 1579 4442 4352 1570 1580 4443 4353 1571
4305 5 2 7 4 1580 4443 4353 1571 1581 4444 4354 1572
4306 5 2 7 4 1581 4444 4354 1572 1582 4445 4355 1573
4307 5 2 7 4 1582 4445 4355 1573 1583 4446 4356 1574
4308 5 2 7 4 1583 4446 4356 1574 281 1676 1666 280
4309 5 2 7 4 642 111 110 632 4447 1309 1300 4357
4310 5 2 7 4 4447 1309 1300 4357 4448 1310 1301 4358
4311 5 2 7 4 4448 1310 1301 4358 4449 1311 1302 4359
4312 5 2 7 4 4449 1311 1302 4359 4450 1312 1303 4360
4313 5 2 7 4 4450 1312 1303 4360 4451 1313 1304 4361
4314 5 2 7 4 4451 1313 1304 4361 4452 1314 1305 4362
4315 5 2 7 4 4452 1314 1305 4362 4453 1315 1306 4363
4316 5 2 7 4 4453 1315 1306 4363 4454 1316 1307 4364
4317 5 2 7 4 4454 1316 1307 4364 4455 1317 1308 4365
4318 5 2 7 4 4455 1317 1308 4365 1677 248 247 1667
4319 5 2 7 4 643 642 632 633 4456 4447 4357 4366
4320 5 2 7 4 4456 4447 4357 4366 4457 4448 4358 4367
4321 5 2 7 4 4457 4448 4358 4367 4458 4449 4359 4368
4322 5 2 7 4 4458 4449 4359 4368 4459 4450 4360 4369
4323 5 2 7 4 4459 4450 4360 4369 4460 4451 4361 4370
4324 5 2 7 4 4460 4451 4361 4370 4461 4452 4362 4371
4325 5 2 7 4 4461 4452 4362 4371 4462 4453 4363 4372
4326 5 2 7 4 4462 4453 4363 4372 4463 4454 4364 4373
4327 5 2 7 4 4463 4454 4364 4373 4464 4455 4365 4374
4328 5 2 7 4 4464 4455 4365 4374 1678 1677 1667 1668
4329 5 2 7 4 644 643 633 634 4465 4456 4366 4375
4330 5 2 7 4 4465 4456 4366 4375 4466 4457 4367 4376
4331 5 2 7 4 4466 4457 4367 4376 4467 4458 4368 4377
4332 5 2 7 4 4467 4458 4368 4377 4468 4459 4369 4378
4333 5 2 7 4 4468 4459 4369 4378 4469 4460 4370 4379
4334 5 2 7 4 4469 4460 4370 4379 4470 4461 4371 4380
4335 5 2 7 4 4470 4461 4371 4380 4471 4462 4372 4381
4336 5 2 7 4 4471 4462 4372 4381 4472 4463 4373 4382
4337 5 2 7 4 4472 4463 4373 4382 4473 4464 4374 4383
4338 5 2 7 4 4473 4464 4374 4383 1679 1678 1668 1669
4339 5 2 7 4 645 644 634 635 4474 4465 4375 4384
4340 5 2 7 4 4474 4465 4375 4384 4475 4466 4376 4385
4341 5 2 7 4 4475 4466 4376 4385 4476 4467 4377 4386
4342 5 2 7 4 4476 4467 4377 4386 4477 4468 4378 4387
4343 5 2 7 4 4477 4468 4378 4387 4478 4469 4379 4388
4344 5 2 7 4 4478 4469 4379 4388 4479 4470 4380 4389
4345 5 2 7 4 4479 4470 4380 4389 4480 4471 4381 4390
4346 5 2 7 4 4480 4471 4381 4390 4481 4472 4382 4391
4347 5 2 7 4 4481 4472 4382 4391 4482 4473 4383 4392
4348 5 2 7 4 4482 4473 4383 4392 1680 1679 1669 1670
4349 5 2 7 4 646 645 635 636 4483 4474 4384 4393
4350 5 2 7 4 4483 4474 4384 4393 4484 4475 4385 4394
4351 5 2 7 4 4484 4475 4385 4394 4485 4476 4386 4395
4352 5 2 7 4 4485 4476 4386 4395 4486 4477 4387 4396
4353 5 2 7 4 4486 4477 4387 4396 4487 4478 4388 4397
4354 5 2 7 4 4487 4478 4388 4397 4488 4479 4389 4398
4355 5 2 7 4 4488 4479 4389 4398 4489 4480 4390 4399
4356 5 2 7 4 4489 4480 4390 4399 4490 4481 4391 4400
4357 5 2 7 4 4490 4481 4391 4400 4491 4482 4392 4401
4358 5 2 7 4 4491 4482 4392 4401 1681 1680 1670 1671
4359 5 2 7 4 647 646 636 637 4492 4483 4393 4402
4360 5 2 7 4 4492 4483 4393 4402 4493 4484 4394 4403
4361 5 2 7 4 4493 4484 4394 4403 4494 4485 4395 4404
4362 5 2 7 4 4494 4485 4395 4404 4495 4486 4396 4405
4363 5 2 7 4 4495 4486 4396 4405 4496 4487 4397 4406
4364 5 2 7 4 4496 4487 4397 4406 4497 4488 4398 4407
4365 5 2 7 4 4497 4488 4398 4407 4498 4489 4399 4408
4366 5 2 7 4 4498 4489 4399 4408 4499 4490 4400 4409
4367 5 2 7 4 4499 4490 4400 4409 4500 4491 4401 4410
4368 5 2 7 4 4500 4491 4401 4410 1682 1681 1671 1672
4369 5 2 7 4 648 647 637 638 4501 4492 4402 4411
4370 5 2 7 4 4501 4492 4402 4411 4502 4493 4403 4412
4371 5 2 7 4 4502 4493 4403 4412 4503 4494 4404 4413
4372 5 2 7 4 4503 4494 4404 4413 4504 4495 4405 4414
4373 5 2 7 4 4504 4495 4405 4414 4505 4496 4406 4415
4374 5 2 7 4 4505 4496 4406 4415 4506 4497 4407 4416
4375 5 2 7 4 4506 4497 4407 4416 4507 4498 4408 4417
4376 5 2 7 4 4507 4498 4408 4417 4508 4499 4409 4418
4377 5 2 7 4 4508 4499 4409 4418 4509 4500 4410 4419
4378 5 2 7 4 4509 4500 4410 4419 1683 1682 1672 1673
4379 5 2 7 4 649 648 638 639 4510 4501 4411 4420
4380 5 2 7 4 4510 4501 4411 4420 4511 4502 4412 4421
4381 5 2 7 4 4511 4502 4412 4421 4512 4503 4413 4422
4382 5 2 7 4 4512 4503 4413 4422 4513 4504 4414 4423
4383 5 2 7 4 4513 4504 4414 4423 4514 4505 4415 4424
4384 5 2 7 4 4514 4505 4415 4424 4515 4506 4416 4425
4385 5 2 7 4 4515 4506 4416 4425 4516 4507 4417 4426
4386 5 2 7 4 4516 4507 4417 4426 4517 4508 4418 4427
4387 5 2 7 4 4517 4508 4418 4427 4518 4509 4419 4428
4388 5 2 7 4 4518 4509 4419 4428 1684 1683 1673 1674
4389 5 2 7 4 650 649 639 640 4519 4510 4420 4429
4390 5 2 7 4 4519 4510 4420 4429 4520 4511 4421 4430
4391 5 2 7 4 4520 4511 4421 4430 4521 4512 4422 4431
4392 5 2 7 4 4521 4512 4422 4431 4522 4513 4423 4432
4393 5 2 7 4 4522 4513 4423 4432 4523 4514 4424 4433
4394 5 2 7 4 4523 4514 4424 4433 4524 4515 4425 4434
4395 5 2 7 4 4524 4515 4425 4434 4525 4516 4426 4435
4396 5 2 7 4 4525 4516 4426 4435 4526 4517 4427 4436
4397 5 2 7 4 4526 4517 4427 4436 4527 4518 4428 4437
4398 5 2 7 4 4527 4518 4428 4437 1685 1684 1674 1675
4399 5 2 7 4 651 650 640 641 4528 4519 4429 4438
4400 5 2 7 4 4528 4519 4429 4438 4529 4520 4430 4439
4401 5 2 7 4 4529 4520 4430 4439 4530 4521 4431 4440
4402 5 2 7 4 4530 4521 4431 4440 4531 4522 4432 4441
4403 5 2 7 4 4531 4522 4432 4441 4532 4523 4433 4442
4404 5 2 7 4 4532 4523 4433 4442 4533 4524 4434 4443
4405 5 2 7 4 4533 4524 4434 4443 4534 4525 4435 4444
4406 5 2 7 4 4534 4525 4435 4444 4535 4526 4436 4445
4407 5 2 7 4 4535 4526 4436 4445 4536 4527 4437 4446
4408 5 2 7 4 4536 4527 4437 4446 1686 1685 1675 1676
4409 5 2 7 4 66 651 641 65 1584 4528 4438 1575
4410 5 2 7 4 1584 4528 4438 1575 1585 4529 4439 1576
4411 5 2 7 4 1585 4529 4439 1576 1586 4530 4440 1577
4412 5 2 7 4 1586 4530 4440 1577 1587 4531 4441 1578
4413 5 2 7 4 1587 4531 4441 1578 1588 4532 4442 1579
4414 5 2 7 4 1588 4532 4442 1579 1589 4533 4443 1580
4415 5 2 7 4 1589 4533 4443 1580 1590 4534 4444 1581
4416 5 2 7 4 1590 4534 4444 1581 1591 4535 4445 1582
4417 5 2 7 4 1591 4535 4445 1582 1592 4536 4446 1583
4418 5 2 7 4 1592 4536 4446 1583 282 1686 1676 281
4419 5 2 7 4 652 112 111 642 4537 1318 1309 4447
4420 5 2 7 4 4537 1318 1309 4447 4538 1319 1310 4448
4421 5 2 7 4 4538 1319 1310 4448 4539 1320 1311 4449
4422 5 2 7 4 4539 1320 1311 4449 4540 1321 1312 4450
4423 5 2 7 4 4540 1321 1312 4450 4541 1322 1313 4451
4424 5 2 7 4 4541 1322 1313 4451 4542 1323 1314 4452
4425 5 2 7 4 4542 1323 1314 4452 4543 1324 1315 4453
4426 5 2 7 4 4543 1324 1315 4453 4544 1325 1316 4454
4427 5 2 7 4 4544 1325 1316 4454 4545 1326 1317 4455
4428 5 2 7 4 4545 1326 1317 4455 1687 249 248 1677
4429 5 2 7 4 653 652 642 643 4546 4537 4447 4456
4430 5 2 7 4 4546 4537 4447 4456 4547 4538 4448 4457
4431 5 2 7 4 4547 4538 4448 4457 4548 4539 4449 4458
4432 5 2 7 4 4548 4539 4449 4458 4549 4540 4450 4459
4433 5 2 7 4 4549 4540 4450 4459 4550 4541 4451 4460
4434 5 2 7 4 4550 4541 4451 4460 4551 4542 4452 4461
4435 5 2 7 4 4551 4542 4452 4461 4552 4543 4453 4462
4436 5 2 7 4 4552 4543 4453 4462 4553 4544 4454 4463
4437 5 2 7 4 4553 4544 4454 4463 4554 4545 4455 4464
4438 5 2 7 4 4554 4545 4455 4464 1688 1687 1677 1678
4439 5 2 7 4 654 653 643 644 4555 4546 4456 4465
4440 5 2 7 4 4555 4546 4456 4465 4556 4547 4457 4466
4441 5 2 7 4 4556 4547 4457 4466 4557 4548 4458 4467
4442 5 2 7 4 4557 4548 4458 4467 4558 4549 4459 4468
4443 5 2 7 4 4558 4549 4459 4468 4559 4550 4460 4469
4444 5 2 7 4 4559 4550 4460 4469 4560 4551 4461 4470
4445 5 2 7 4 4560 4551 4461 4470 4561 4552 4462 4471
4446 5 2 7 4 4561 4552 4462 4471 4562 4553 4463 4472
4447 5 2 7 4 4562 4553 4463 4472 4563 4554 4464 4473
4448 5 2 7 4 4563 4554 4464 4473 1689 1688 1678 1679
4449 5 2 7 4 655 654 644 645 4564 4555 4465 4474
4450 5 2 7 4 4564 4555 4465 4474 4565 4556 4466 4475
4451 5 2 7 4 4565 4556 4466 4475 4566 4557 4467 4476
4452 5 2 7 4 4566 4557 4467 4476 4567 4558 4468 4477
4453 5 2 7 4 4567 4558 4468 4477 4568 4559 4469 4478
4454 5 2 7 4 4568 4559 4469 4478 4569 4560 4470 4479
4455 5 2 7 4 4569 4560 4470 4479 4570 4561 4471 4480
4456 5 2 7 4 4570 4561 4471 4480 4571 4562 4472 4481
4457 5 2 7 4 4571 4562 4472 4481 4572 4563 4473 4482
4458 5 2 7 4 4572 4563 4473 4482 1690 1689 1679 1680
4459 5 2 7 4 656 655 645 646 4573 4564 4474 4483
4460 5 2 7 4 4573 4564 4474 4483 4574 4565 4475 4484
4461 5 2 7 4 4574 4565 4475 4484 4575 4566 4476 4485
4462 5 2 7 4 4575 4566 4476 4485 4576 4567 4477 4486
4463 5 2 7 4 4576 4567 4477 4486 4577 4568 4478 4487
4464 5 2 7 4 4577 4568 4478 4487 4578 4569 4479 4488
4465 5 2 7 4 4578 4569 4479 4488 4579 4570 4480 4489
4466 5 2 7 4 4579 4570 4480 4489 4580 4571 4481 4490
4467 5 2 7 4 4580 4571 4481 4490 4581 4572 4482 4491
4468 5 2 7 4 4581 4572 4482 4491 1691 1690 1680 1681
4469 5 2 7 4 657 656 646 647 4582 4573 4483 4492
4470 5 2 7 4 4582 4573 4483 4492 4583 4574 4484 4493
4471 5 2 7 4 4583 4574 4484 4493 4584 4575 4485 4494
4472 5 2 7 4 4584 4575 4485 4494 4585 4576 4486 4495
4473 5 2 7 4 4585 4576 4486 4495 4586 4577 4487 4496
4474 5 2 7 4 4586 4577 4487 4496 4587 4578 4488 4497
4475 5 2 7 4 4587 4578 4488 4497 4588 4579 4489 4498
4476 5 2 7 4 4588 4579 4489 4498 4589 4580 4490 4499
4477 5 2 7 4 4589 4580 4490 4499 4590 4581 4491 4500
4478 5 2 7 4 4590 4581 4491 4500 1692 1691 1681 1682
4479 5 2 7 4 658 657 647 648 4591 4582 4492 4501
4480 5 2 7 4 4591 4582 4492 4501 4592 4583 4493 4502
4481 5 2 7 4 4592 4583 4493 4502 4593 4584 4494 4503
4482 5 2 7 4 4593 4584 4494 4503 4594 4585 4495 4504
4483 5 2 7 4 4594 4585 4495 4504 4595 4586 4496 4505
4484 5 2 7 4 4595 4586 4496 4505 4596 4587 4497 4506
4485 5 2 7 4 4596 4587 4497 4506 4597 4588 4498 4507
4486 5 2 7 4 4597 4588 4498 4507 4598 4589 4499 4508
4487 5 2 7 4 4598 4589 4499 4508 4599 4590 4500 4509
4488 5 2 7 4 4599 4590 4500 4509 1693 1692 1682 1683
4489 5 2 7 4 659 658 648 649 4600 4591 4501 4510
4490 5 2 7 4 4600 4591 4501 4510 4601 4592 4502 4511
4491 5 2 7 4 4601 4592 4502 4511 4602 4593 4503 4512
4492 5 2 7 4 4602 4593 4503 4512 4603 4594 4504 4513
4493 5 2 7 4 4603 4594 4504 4513 4604 4595 4505 4514
4494 5 2 7 4 4604 4595 4505 4514 4605 4596 4506 4515
4495 5 2 7 4 4605 4596 4506 4515 4606 4597 4507 4516
4496 5 2 7 4 4606 4597 4507 4516 4607 4598 4508 4517
4497 5 2 7 4 4607 4598 4508 4517 4608 4599 4509 4518
4498 5 2 7 4 4608 4599 4509 4518 1694 1693 1683 1684
4499 5 2 7 4 660 659 649 650 4609 4600 4510 4519
4500 5 2 7 4 4609 4600 4510 4519 4610 4601 4511 4520
4501 5 2 7 4 4610 4601 4511 4520 4611 4602 4512 4521
4502 5 2 7 4 4611 4602 4512 4521 4612 4603 4513 4522
4503 5 2 7 4 4612 4603 4513 4522 4613 4604 4514 4523
4504 5 2 7 4 4613 4604 4514 4523 4614 4605 4515 4524
4505 5 2 7 4 4614 4605 4515 4524 4615 4606 4516 4525
4506 5 2 7 4 4615 4606 4516 4525 4616 4607 4517 4526
4507 5 2 7 4 4616 4607 4517 4526 4617 4608 4518 4527
4508 5 2 7 4 4617 4608 4518 4527 1695 1694 1684 1685
4509 5 2 7 4 661 660 650 651 4618 4609 4519 4528
4510 5 2 7 4 4618 4609 4519 4528 4619 4610 4520 4529
4511 5 2 7 4 4619 4610 4520 4529 4620 4611 4521 4530
4512 5 2 7 4 4620 4611 4521 4530 4621 4612 4522 4531
4513 5 2 7 4 4621 4612 4522 4531 4622 4613 4523 4532
4514 5 2 7 4 4622 4613 4523 4532 4623 4614 4524 4533
4515 5 2 7 4 4623 4614 4524 4533 4624 4615 4525 4534
4516 5 2 7 4 4624 4615 4525 4534 4625 4616 4526 4535
4517 5 2 7 4 4625 4616 4526 4535 4626 4617 4527 4536
4518 5 2 7 4 4626 4617 4527 4536 1696 1695 1685 1686
4519 5 2 7 4 67 661 651 66 1593 4618 4528 1584
4520 5 2 7 4 1593 4618 4528 1584 1594 4619 4529 1585
4521 5 2 7 4 1594 4619 4529 1585 1595 4620 4530 1586
4522 5 2 7 4 1595 4620 4530 1586 1596 4621 4531 1587
4523 5 2 7 4 1596 4621 4531 1587 1597 4622 4532 1588
4524 5 2 7 4 1597 4622 4532 1588 1598 4623 4533 1589
4525 5 2 7 4 1598 4623 4533 1589 1599 4624 4534 1590
4526 5 2 7 4 1599 4624 4534 1590 1600 4625 4535 1591
4527 5 2 7 4 1600 4625 4535 1591 1601 4626 4536 1592
4528 5 2 7 4 1601 4626 4536 1592 283 1696 1686 282
4529 5 2 7 4 662 113 112 652 4627 1327 1318 4537
4530 5 2 7 4 4627 1327 1318 4537 4628 1328 1319 4538
4531 5 2 7 4 4628 1328 1319 4538 4629 1329 1320 4539
4532 5 2 7 4 4629 1329 1320 4539 4630 1330 1321 4540
4533 5 2 7 4 4630 1330 1321 4540 4631 1331 1322 4541
4534 5 2 7 4 4631 1331 1322 4541 4632 1332 1323 4542
4535 5 2 7 4 4632 1332 1323 4542 4633 1333 1324 4543
4536 5 2 7 4 4633 1333 1324 4543 4634 1334 1325 4544
4537 5 2 7 4 4634 1334 1325 4544 4635 1335 1326 4545
4538 5 2 7 4 4635 1335 1326 4545 1697 250 249 1687
4539 5 2 7 4 663 662 652 653 4636 4627 4537 4546
4540 5 2 7 4 4636 4627 4537 4546 4637 4628 4538 4547
4541 5 2 7 4 4637 4628 4538 4547 4638 4629 4539 4548
4542 5 2 7 4 4638 4629 4539 4548 4639 4630 4540 4549
4543 5 2 7 4 4639 4630 4540 4549 4640 4631 4541 4550
4544 5 2 7 4 4640 4631 4541 4550 4641 4632 4542 4551
4545 5 2 7 4 4641 4632 4542 4551 4642 4633 4543 4552
4546 5 2 7 4 4642 4633 4543 4552 4643 4634 4544 4553
4547 5 2 7 4 4643 4634 4544 4553 4644 4635 4545 4554
4548 5 2 7 4 4644 4635 4545 4554 1698 1697 1687 1688
4549 5 2 7 4 664 663 653 654 4645 4636 4546 4555
4550 5 2 7 4 4645 4636 4546 4555 4646 4637 4547 4556
4551 5 2 7 4 4646 4637 4547 4556 4647 4638 4548 4557
4552 5 2 7 4 4647 4638 4548 4557 4648 4639 4549 4558
4553 5 2 7 4 4648 4639 4549 4558 4649 4640 4550 4559
4554 5 2 7 4 4649 4640 4550 4559 4650 4641 4551 4560
4555 5 2 7 4 4650 4641 4551 4560 4651 4642 4552 4561
4556 5 2 7 4 4651 4642 4552 4561 4652 4643 4553 4562
4557 5 2 7 4 4652 4643 4553 4562 4653 4644 4554 4563
4558 5 2 7 4 4653 4644 4554 4563 1699 1698 1688 1689
4559 5 2 7 4 665 664 654 655 4654 4645 4555 4564
4560 5 2 7 4 4654 4645 4555 4564 4655 4646 4556 4565
4561 5 2 7 4 4655 4646 4556 4565 4656 4647 4557 4566
4562 5 2 7 4 4656 4647 4557 4566 4657 4648 4558 4567
4563 5 2 7 4 4657 4648 4558 4567 4658 4649 4559 4568
4564 5 2 7 4 4658 4649 4559 4568 4659 4650 4560 4569
4565 5 2 7 4 4659 4650 4560 4569 4660 4651 4561 4570
4566 5 2 7 4 4660 4651 4561 4570 4661 4652 4562 4571
4567 5 2 7 4 4661 4652 4562 4571 4662 4653 4563 4572
4568 5 2 7 4 4662 4653 4563 4572 1700 1699 1689 1690
4569 5 2 7 4 666 665 655 656 4663 4654 4564 4573
4570 5 2 7 4 4663 4654 4564 4573 4664 4655 4565 4574
4571 5 2 7 4 4664 4655 4565 4574 4665 4656 4566 4575
4572 5 2 7 4 4665 4656 4566 4575 4666 4657 4567 4576
4573 5 2 7 4 4666 4657 4567 4576 4667 4658 4568 4577
4574 5 2 7 4 4667 4658 4568 4577 4668 4659 4569 4578
4575 5 2 7 4 4668 4659 4569 4578 4669 4660 4570 4579
4576 5 2 7 4 4669 4660 4570 4579 4670 4661 4571 4580
4577 5 2 7 4 4670 4661 4571 4580 4671 4662 4572 4581
4578 5 2 7 4 4671 4662 4572 4581 1701 1700 1690 1691
4579 5 2 7 4 667 666 656 657 4672 4663 4573 4582
4580 5 2 7 4 4672 4663 4573 4582 4673 4664 4574 4583
4581 5 2 7 4 4673 4664 4574 4583 4674 4665 4575 4584
4582 5 2 7 4 4674 4665 4575 4584 4675 4666 4576 4585
4583 5 2 7 4 4675 4666 4576 4585 4676 4667 4577 4586
4584 5 2 7 4 4676 4667 4577 4586 4677 4668 4578 4587
4585 5 2 7 4 4677 4668 4578 4587 4678 4669 4579 4588
4586 5 2 7 4 4678 4669 4579 4588 4679 4670 4580 4589
4587 5 2 7 4 4679 4670 4580 4589 4680 4671 4581 4590
4588 5 2 7 4 4680 4671 4581 4590 1702 1701 1691 1692
4589 5 2 7 4 668 667 657 658 4681 4672 4582 4591
4590 5 2 7 4 4681 4672 4582 4591 4682 4673 4583 4592
4591 5 2 7 4 4682 4673 4583 4592 4683 4674 4584 4593
4592 5 2 7 4 4683 4674 4584 4593 4684 4675 4585 4594
4593 5 2 7 4 4684 4675 4585 4594 4685 4676 4586 4595
4594 5 2 7 4 4685 4676 4586 4595 4686 4677 4587 4596
4595 5 2 7 4 4686 4677 4587 4596 4687 4678 4588 4597
4596 5 2 7 4 4687 4678 4588 4597 4688 4679 4589 4598
4597 5 2 7 4 4688 4679 4589 4598 4689 4680 4590 4599
4598 5 2 7 4 4689 4680 4590 4599 1703 1702 1692 1693
4599 5 2 7 4 669 668 658 659 4690 4681 4591 4600
4600 5 2 7 4 4690 4681 4591 4600 4691 4682 4592 4601
4601 5 2 7 4 4691 4682 4592 4601 4692 4683 4593 4602
4602 5 2 7 4 4692 4683 4593 4602 4693 4684 4594 4603
4603 5 2 7 4 4693 4684 4594 4603 4694 4685 4595 4604
4604 5 2 7 4 4694 4685 4595 4604 4695 4686 4596 4605
4605 5 2 7 4 4695 4686 4596 4605 4696 4687 4597 4606
4606 5 2 7 4 4696 4687 4597 4606 4697 4688 4598 4607
4607 5 2 7 4 4697 4688 4598 4607 4698 4689 4599 4608
4608 5 2 7 4 4698 4689 4599 4608 1704 1703 1693 1694
4609 5 2 7 4 670 669 659 660 4699 4690 4600 4609
4610 5 2 7 4 4699 4690 4600 4609 4700 4691 4601 4610
4611 5 2 7 4 4700 4691 4601 4610 4701 4692 4602 4611
4612 5 2 7 4 4701 4692 4602 4611 4702 4693 4603 4612
4613 5 2 7 4 4702 4693 4603 4612 4703 4694 4604 4613
4614 5 2 7 4 4703 4694 4604 4613 4704 4695 4605 4614
4615 5 2 7 4 4704 4695 4605 4614 4705 4696 4606 4615
4616 5 2 7 4 4705 4696 4606 4615 4706 4697 4607 4616
4617 5 2 7 4 4706 4697 4607 4616 4707 4698 4608 4617
4618 5 2 7 4 4707 4698 4608 4617 1705 1704 1694 1695
4619 5 2 7 4 671 670 660 661 4708 4699 4609 4618
4620 5 2 7 4 4708 4699 4609 4618 4709 4700 4610 4619
4621 5 2 7 4 4709 4700 4610 4619 4710 4701 4611 4620
4622 5 2 7 4 4710 4701 4611 4620 4711 4702 4612 4621
4623 5 2 7 4 4711 4702 4612 4621 4712 4703 4613 4622
4624 5 2 7 4 4712 4703 4613 4622 4713 4704 4614 4623
4625 5 2 7 4 4713 4704 4614 4623 4714 4705 4615 4624
4626 5 2 7 4 4714 4705 4615 4624 4715 4706 4616 4625
4627 5 2 7 4 4715 4706 4616 4625 4716 4707 4617 4626
4628 5 2 7 4 4716 4707 4617 4626 1706 1705 1695 1696
4629 5 2 7 4 68 671 661 67 1602 4708 4618 1593
4630 5 2 7 4 1602 4708 4618 1593 1603 4709 4619 1594
4631 5 2 7 4 1603 4709 4619 1594 1604 4710 4620 1595
4632 5 2 7 4 1604 4710 4620 1595 1605 4711 4621 1596
4633 5 2 7 4 1605 4711 4621 1596 1606 4712 4622 1597
4634 5 2 7 4 1606 4712 4622 1597 1607 4713 4623 1598
4635 5 2 7 4 1607 4713 4623 1598 1608 4714 4624 1599
4636 5 2 7 4 1608 4714 4624 1599 1609 4715 4625 1600
4637 5 2 7 4 1609 4715 4625 1600 1610 4716 4626 1601
4638 5 2 7 4 1610 4716 4626 1601 284 1706 1696 283
4639 5 2 7 4 672 114 113 662 4717 1336 1327 4627
4640 5 2 7 4 4717 1336 1327 4627 4718 1337 1328 4628
4641 5 2 7 4 4718 1337 1328 4628 4719 1338 1329 4629
4642 5 2 7 4 4719 1338 1329 4629 4720 1339 1330 4630
4643 5 2 7 4 4720 1339 1330 4630 4721 1340 1331 4631
4644 5 2 7 4 4721 1340 1331 4631 4722 1341 1332 4632
4645 5 2 7 4 4722 1341 1332 4632 4723 1342 1333 4633
4646 5 2 7 4 4723 1342 1333 4633 4724 1343 1334 4634
4647 5 2 7 4 4724 1343 1334 4634 4725 1344 1335 4635
4648 5 2 7 4 4725 1344 1335 4635 1707 251 250 1697
4649 5 2 7 4 673 672 662 663 4726 4717 4627 4636
4650 5 2 7 4 4726 4717 4627 4636 4727 4718 4628 4637
4651 5 2 7 4 4727 4718 4628 4637 4728 4719 4629 4638
4652 5 2 7 4 4728 4719 4629 4638 4729 4720 4630 4639
4653 5 2 7 4 4729 4720 4630 4639 4730 4721 4631 4640
4654 5 2 7 4 4730 4721 4631 4640 4731 4722 4632 4641
4655 5 2 7 4 4731 4722 4632 4641 4732 4723 4633 4642
4656 5 2 7 4 4732 4723 4633 4642 4733 4724 4634 4643
4657 5 2 7 4 4733 4724 4634 4643 4734 4725 4635 4644
4658 5 2 7 4 4734 4725 4635 4644 1708 1707 1697 1698
4659 5 2 7 4 674 673 663 664 4735 4726 4636 4645
4660 5 2 7 4 4735 4726 4636 4645 4736 4727 4637 4646
4661 5 2 7 4 4736 4727 4637 4646 4737 4728 4638 4647
4662 5 2 7 4 4737 4728 4638 4647 4738 4729 4639 4648
4663 5 2 7 4 4738 4729 4639 4648 4739 4730 4640 4649
4664 5 2 7 4 4739 4730 4640 4649 4740 4731 4641 4650
4665 5 2 7 4 4740 4731 4641 4650 4741 4732 4642 4651
4666 5 2 7 4 4741 4732 4642 4651 4742 4733 4643 4652
4667 5 2 7 4 4742 4733 4643 4652 4743 4734 4644 4653
4668 5 2 7 4 4743 4734 4644 4653 1709 1708 1698 1699
4669 5 2 7 4 675 674 664 665 4744 4735 4645 4654
4670 5 2 7 4 4744 4735 4645 4654 4745 4736 4646 4655
4671 5 2 7 4 4745 4736 4646 4655 4746 4737 4647 4656
4672 5 2 7 4 4746 4737 4647 4656 4747 4738 4648 4657
4673 5 2 7 4 4747 4738 4648 4657 4748 4739 4649 4658
4674 5 2 7 4 4748 4739 4649 4658 4749 4740 4650 4659
4675 5 2 7 4 4749 4740 4650 4659 4750 4741 4651 4660
4676 5 2 7 4 4750 4741 4651 4660 4751 4742 4652 4661
4677 5 2 7 4 4751 4742 4652 4661 4752 4743 4653 4662
4678 5 2 7 4 4752 4743 4653 4662 1710 1709 1699 1700
4679 5 2 7 4 676 675 665 666 4753 4744 4654 4663
4680 5 2 7 4 4753 4744 4654 4663 4754 4745 4655 4664
4681 5 2 7 4 4754 4745 4655 4664 4755 4746 4656 4665
4682 5 2 7 4 4755 4746 4656 4665 4756 4747 4657 4666
4683 5 2 7 4 4756 4747 4657 4666 4757 4748 4658 4667
4684 5 2 7 4 4757 4748 4658 4667 4758 4749 4659 4668
4685 5 2 7 4 4758 4749 4659 4668 4759 4750 4660 4669
4686 5 2 7 4 4759 4750 4660 4669 4760 4751 4661 4670
4687 5 2 7 4 4760 4751 4661 4670 4761 4752 4662 4671
4688 5 2 7 4 4761 4752 4662 4671 1711 1710 1700 1701
4689 5 2 7 4 677 676 666 667 4762 4753 4663 4672
4690 5 2 7 4 4762 4753 4663 4672 4763 4754 4664 4673
4691 5 2 7 4 4763 4754 4664 4673 4764 4755 4665 4674
4692 5 2 7 4 4764 4755 4665 4674 4765 4756 4666 4675
4693 5 2 7 4 4765 4756 4666 4675 4766 4757 4667 4676
4694 5 2 7 4 4766 4757 4667 4676 4767 4758 4668 4677
4695 5 2 7 4 4767 4758 4668 4677 4768 4759 4669 4678
4696 5 2 7 4 4768 4759 4669 4678 4769 4760 4670 4679
4697 5 2 7 4 4769 4760 4670 4679 4770 4761 4671 4680
4698 5 2 7 4 4770 4761 4671 4680 1712 1711 1701 1702
4699 5 2 7 4 678 677 667 668 4771 4762 4672 4681
4700 5 2 7 4 4771 4762 4672 4681 4772 4763 4673 4682
4701 5 2 7 4 4772 4763 4673 4682 4773 4764 4674 4683
4702 5 2 7 4 4773 4764 4674 4683 4774 4765 4675 4684
4703 5 2 7 4 4774 4765 4675 4684 4775 4766 4676 4685
4704 5 2 7 4 4775 4766 4676 4685 4776 4767 4677 4686
4705 5 2 7 4 4776 4767 4677 4686 4777 4768 4678 4687
4706 5 2 7 4 4777 4768 4678 4687 4778 4769 4679 4688
4707 5 2 7 4 4778 4769 4679 4688 4779 4770 4680 4689
4708 5 2 7 4 4779 4770 4680 4689 1713 1712 1702 1703
4709 5 2 7 4 679 678 668 669 4780 4771 4681 4690
4710 5 2 7 4 4780 4771 4681 4690 4781 4772 4682 4691
4711 5 2 7 4 4781 4772 4682 4691 4782 4773 4683 4692
4712 5 2 7 4 4782 4773 4683 4692 4783 4774 4684 4693
4713 5 2 7 4 4783 4774 4684 4693 4784 4775 4685 4694
4714 5 2 7 4 4784 4775 4685 4694 4785 4776 4686 4695
4715 5 2 7 4 4785 4776 4686 4695 4786 4777 4687 4696
4716 5 2 7 4 4786 4777 4687 4696 4787 4778 4688 4697
4717 5 2 7 4 4787 4778 4688 4697 4788 4779 4689 4698
4718 5 2 7 4 4788 4779 4689 4698 1714 1713 1703 1704
4719 5 2 7 4 680 679 669 670 4789 4780 4690 4699
4720 5 2 7 4 4789 4780 4690 4699 4790 4781 4691 4700
4721 5 2 7 4 4790 4781 4691 4700 4791 4782 4692 4701
4722 5 2 7 4 4791 4782 4692 4701 4792 4783 4693 4702
4723 5 2 7 4 4792 4783 4693 4702 4793 4784 4694 4703
4724 5 2 7 4 4793 4784 4694 4703 4794 4785 4695 4704
4725 5 2 7 4 4794 4785 4695 4704 4795 4786 4696 4705
4726 5 2 7 4 4795 4786 4696 4705 4796 4787 4697 4706
4727 5 2 7 4 4796 4787 4697 4706 4797 4788 4698 4707
4728 5 2 7 4 4797 4788 4698 4707 1715 1714 1704 1705
4729 5 2 7 4 681 680 670 671 4798 4789 4699 4708
4730 5 2 7 4 4798 4789 4699 4708 4799 4790 4700 4709
4731 5 2 7 4 4799 4790 4700 4709 4800 4791 4701 4710
4732 5 2 7 4 4800 4791 4701 4710 4801 4792 4702 4711
4733 5 2 7 4 4801 4792 4702 4711 4802 4793 4703 4712
4734 5 2 7 4 4802 4793 4703 4712 4803 4794 4704 4713
4735 5 2 7 4 4803 4794 4704 4713 4804 4795 4705 4714
4736 5 2 7 4 4804 4795 4705 4714 4805 4796 4706 4715
4737 5 2 7 4 4805 4796 4706 4715 4806 4797 4707 4716
4738 5 2 7 4 4806 4797 4707 4716 1716 1715 1705 1706
4739 5 2 7 4 69 681 671 68 1611 4798 4708 1602
4740 5 2 7 4 1611 4798 4708 1602 1612 4799 4709 1603
4741 5 2 7 4 1612 4799 4709 1603 1613 4800 4710 1604
4742 5 2 7 4 1613 4800 4710 1604 1614 4801 4711 1605
4743 5 2 7 4 1614 4801 4711 1605 1615 4802 4712 1606
4744 5 2 7 4 1615 4802 4712 1606 1616 4803 4713 1607
4745 5 2 7 4 1616 4803 4713 1607 1617 4804 4714 1608
4746 5 2 7 4 1617 4804 4714 1608 1618 4805 4715 1609
4747 5 2 7 4 1618 4805 4715 1609 1619 4806 4716 1610
4748 5 2 7 4 1619 4806 4716 1610 285 1716 1706 284
4749 5 2 7 4 682 115 114 672 4807 1345 1336 4717
4750 5 2 7 4 4807 1345 1336 4717 4808 1346 1337 4718
4751 5 2 7 4 4808 1346 1337 4718 4809 1347 1338 4719
4752 5 2 7 4 4809 1347 1338 4719 4810 1348 1339 4720
4753 5 2 7 4 4810 1348 1339 4720 4811 1349 1340 4721
4754 5 2 7 4 4811 1349 1340 4721 4812 1350 1341 4722
4755 5 2 7 4 4812 1350 1341 4722 4813 1351 1342 4723
4756 5 2 7 4 4813 1351 1342 4723 4814 1352 1343 4724
4757 5 2 7 4 4814 1352 1343 4724 4815 1353 1344 4725
4758 5 2 7 4 4815 1353 1344 4725 1717 252 251 1707
4759 5 2 7 4 683 682 672 673 4816 4807 4717 4726
4760 5 2 7 4 4816 4807 4717 4726 4817 4808 4718 4727
4761 5 2 7 4 4817 4808 4718 4727 4818 4809 4719 4728
4762 5 2 7 4 4818 4809 4719 4728 4819 4810 4720 4729
4763 5 2 7 4 4819 4810 4720 4729 4820 4811 4721 4730
4764 5 2 7 4 4820 4811 4721 4730 4821 4812 4722 4731
4765 5 2 7 4 4821 4812 4722 4731 4822 4813 4723 4732
4766 5 2 7 4 4822 4813 4723 4732 4823 4814 4724 4733
4767 5 2 7 4 4823 4814 4724 4733 4824 4815 4725 4734
4768 5 2 7 4 4824 4815 4725 4734 1718 1717 1707 1708
4769 5 2 7 4 684 683 673 674 4825 4816 4726 4735
4770 5 2 7 4 4825 4816 4726 4735 4826 4817 4727 4736
4771 5 2 7 4 4826 4817 4727 4736 4827 4818 4728 4737
4772 5 2 7 4 4827 4818 4728 4737 4828 4819 4729 4738
4773 5 2 7 4 4828 4819 4729 4738 4829 4820 4730 4739
4774 5 2 7 4 4829 4820 4730 4739 4830 4821 4731 4740
4775 5 2 7 4 4830 4821 4731 4740 4831 4822 4732 4741
4776 5 2 7 4 4831 4822 4732 4741 4832 4823 4733 4742
4777 5 2 7 4 4832 4823 4733 4742 4833 4824 4734 4743
4778 5 2 7 4 4833 4824 4734 4743 1719 1718 1708 1709
4779 5 2 7 4 685 684 674 675 4834 4825 4735 4744
4780 5 2 7 4 4834 4825 4735 4744 4835 4826 4736 4745
4781 5 2 7 4 4835 4826 4736 4745 4836 4827 4737 4746
4782 5 2 7 4 4836 4827 4737 4746 4837 4828 4738 4747
4783 5 2 7 4 4837 4828 4738 4747 4838 4829 4739 4748
4784 5 2 7 4 4838 4829 4739 4748 4839 4830 4740 4749
4785 5 2 7 4 4839 4830 4740 4749 4840 4831 4741 4750
4786 5 2 7 4 4840 4831 4741 4750 4841 4832 4742 4751
4787 5 2 7 4 4841 4832 4742 4751 4842 4833 4743 4752
4788 5 2 7 4 4842 4833 4743 4752 1720 1719 1709 1710
4789 5 2 7 4 686 685 675 676 4843 4834 4744 4753
4790 5 2 7 4 4843 4834 4744 4753 4844 4835 4745 4754
4791 5 2 7 4 4844 4835 4745 4754 4845 4836 4746 4755
4792 5 2 7 4 4845 4836 4746 4755 4846 4837 4747 4756
4793 5 2 7 4 4846 4837 4747 4756 4847 4838 4748 4757
4794 5 2 7 4 4847 4838 4748 4757 4848 4839 4749 4758
4795 5 2 7 4 4848 4839 4749 4758 4849 4840 4750 4759
4796 5 2 7 4 4849 4840 4750 4759 4850 4841 4751 4760
4797 5 2 7 4 4850 4841 4751 4760 4851 4842 4752 4761
4798 5 2 7 4 4851 4842 4752 4761 1721 1720 1710 1711
4799 5 2 7 4 687 686 676 677 4852 4843 4753 4762
4800 5 2 7 4 4852 4843 4753 4762 4853 4844 4754 4763
4801 5 2 7 4 4853 4844 4754 4763 4854 4845 4755 4764
4802 5 2 7 4 4854 4845 4755 4764 4855 4846 4756 4765
4803 5 2 7 4 4855 4846 4756 4765 4856 4847 4757 4766
4804 5 2 7 4 4856 4847 4757 4766 4857 4848 4758 4767
4805 5 2 7 4 4857 4848 4758 4767 4858 4849 4759 4768
4806 5 2 7 4 4858 4849 4759 4768 4859 4850 4760 4769
4807 5 2 7 4 4859 4850 4760 4769 4860 4851 4761 4770
4808 5 2 7 4 4860 4851 4761 4770 1722 1721 1711 1712
4809 5 2 7 4 688 687 677 678 4861 4852 4762 4771
4810 5 2 7 4 4861 4852 4762 4771 4862 4853 4763 4772
4811 5 2 7 4 4862 4853 4763 4772 4863 4854 4764 4773
4812 5 2 7 4 4863 4854 4764 4773 4864 4855 4765 4774
4813 5 2 7 4 4864 4855 4765 4774 4865 4856 4766 4775
4814 5 2 7 4 4865 4856 4766 4775 4866 4857 4767 4776
4815 5 2 7 4 4866 4857 4767 4776 4867 4858 4768 4777
4816 5 2 7 4 4867 4858 4768 4777 4868 4859 4769 4778
4817 5 2 7 4 4868 4859 4769 4778 4869 4860 4770 4779
4818 5 2 7 4 4869 4860 4770 4779 1723 1722 1712 1713
4819 5 2 7 4 689 688 678 679 4870 4861 4771 4780
4820 5 2 7 4 4870 4861 4771 4780 4871 4862 4772 4781
4821 5 2 7 4 4871 4862 4772 4781 4872 4863 4773 4782
4822 5 2 7 4 4872 4863 4773 4782 4873 4864 4774 4783
4823 5 2 7 4 4873 4864 4774 4783 4874 4865 4775 4784
4824 5 2 7 4 4874 4865 4775 4784 4875 4866 4776 4785
4825 5 2 7 4 4875 4866 4776 4785 4876 4867 4777 4786
4826 5 2 7 4 4876 4867 4777 4786 4877 4868 4778 4787
4827 5 2 7 4 4877 4868 4778 4787 4878 4869 4779 4788
4828 5 2 7 4 4878 4869 4779 4788 1724 1723 1713 1714
4829 5 2 7 4 690 689 679 680 4879 4870 4780 4789
4830 5 2 7 4 4879 4870 4780 4789 4880 4871 4781 4790
4831 5 2 7 4 4880 4871 4781 4790 4881 4872 4782 4791
4832 5 2 7 4 4881 4872 4782 4791 4882 4873 4783 4792
4833 5 2 7 4 4882 4873 4783 4792 4883 4874 4784 4793
4834 5 2 7 4 4883 4874 4784 4793 4884 4875 4785 4794
4835 5 2 7 4 4884 4875 4785 4794 4885 4876 4786 4795
4836 5 2 7 4 4885 4876 4786 4795 4886 4877 4787 4796
4837 5 2 7 4 4886 4877 4787 4796 4887 4878 4788 4797
4838 5 2 7 4 4887 4878 4788 4797 1725 1724 1714 1715
4839 5 2 7 4 691 690 680 681 4888 4879 4789 4798
4840 5 2 7 4 4888 4879 4789 4798 4889 4880 4790 4799
4841 5 2 7 4 4889 4880 4790 4799 4890 4881 4791 4800
4842 5 2 7 4 4890 4881 4791 4800 4891 4882 4792 4801
4843 5 2 7 4 4891 4882 4792 4801 4892 4883 4793 4802
4844 5 2 7 4 4892 4883 4793 4802 4893 4884 4794 4803
4845 5 2 7 4 4893 4884 4794 4803 4894 4885 4795 4804
4846 5 2 7 4 4894 4885 4795 4804 4895 4886 4796 4805
4847 5 2 7 4 4895 4886 4796 4805 4896 4887 4797 4806
4848 5 2 7 4 4896 4887 4797 4806 1726 1725 1715 1716
4849 5 2 7 4 70 691 681 69 1620 4888 4798 1611
4850 5 2 7 4 1620 4888 4798 1611 1621 4889 4799 1612
4851 5 2 7 4 1621 4889 4799 1612 1622 4890 4800 1613
4852 5 2 7 4 1622 4890 4800 1613 1623 4891 4801 1614
4853 5 2 7 4 1623 4891 4801 1614 1624 4892 4802 1615
4854 5 2 7 4 1624 4892 4802 1615 1625 4893 4803 1616
4855 5 2 7 4 1625 4893 4803 1616 1626 4894 4804 1617
4856 5 2 7 4 1626 4894 4804 1617 1627 4895 4805 1618
4857 5 2 7 4 1627 4895 4805 1618 1628 4896 4806 1619
4858 5 2 7 4 1628 4896 4806 1619 286 1726 1716 285
4859 5 2 7 4 692 116 115 682 4897 1354 1345 4807
4860 5 2 7 4 4897 1354 1345 4807 4898 1355 1346 4808
4861 5 2 7 4 4898 1355 1346 4808 4899 1356 1347 4809
4862 5 2 7 4 4899 1356 1347 4809 4900 1357 1348 4810
4863 5 2 7 4 4900 1357 1348 4810 4901 1358 1349 4811
4864 5 2 7 4 4901 1358 1349 4811 4902 1359 1350 4812
4865 5 2 7 4 4902 1359 1350 4812 4903 1360 1351 4813
4866 5 2 7 4 4903 1360 1351 4813 4904 1361 1352 4814
4867 5 2 7 4 4904 1361 1352 4814 4905 1362 1353 4815
4868 5 2 7 4 4905 1362 1353 4815 1727 253 252 1717
4869 5 2 7 4 693 692 682 683 4906 4897 4807 4816
4870 5 2 7 4 4906 4897 4807 4816 4907 4898 4808 4817
4871 5 2 7 4 4907 4898 4808 4817 4908 4899 4809 4818
4872 5 2 7 4 4908 4899 4809 4818 4909 4900 4810 4819
4873 5 2 7 4 4909 4900 4810 4819 4910 4901 4811 4820
4874 5 2 7 4 4910 4901 4811 4820 4911 4902 4812 4821
4875 5 2 7 4 4911 4902 4812 4821 4912 4903 4813 4822
4876 5 2 7 4 4912 4903 4813 4822 4913 4904 4814 4823
4877 5 2 7 4 4913 4904 4814 4823 4914 4905 4815 4824
4878 5 2 7 4 4914 4905 4815 4824 1728 1727 1717 1718
4879 5 2 7 4 694 693 683 684 4915 4906 4816 4825
4880 5 2 7 4 4915 4906 4816 4825 4916 4907 4817 4826
4881 5 2 7 4 4916 4907 4817 4826 4917 4908 4818 4827
4882 5 2 7 4 4917 4908 4818 4827 4918 4909 4819 4828
4883 5 2 7 4 4918 4909 4819 4828 4919 4910 4820 4829
4884 5 2 7 4 4919 4910 4820 4829 4920 4911 4821 4830
4885 5 2 7 4 4920 4911 4821 4830 4921 4912 4822 4831
4886 5 2 7 4 4921 4912 4822 4831 4922 4913 4823 4832
4887 5 2 7 4 4922 4913 4823 4832 4923 4914 4824 4833
4888 5 2 7 4 4923 4914 4824 4833 1729 1728 1718 1719
4889 5 2 7 4 695 694 684 685 4924 4915 4825 4834
4890 5 2 7 4 4924 4915 4825 4834 4925 4916 4826 4835
4891 5 2 7 4 4925 4916 4826 4835 4926 4917 4827 4836
4892 5 2 7 4 4926 4917 4827 4836 4927 4918 4828 4837
4893 5 2 7 4 4927 4918 4828 4837 4928 4919 4829 4838
4894 5 2 7 4 4928 4919 4829 4838 4929 4920 4830 4839
4895 5 2 7 4 4929 4920 4830 4839 4930 4921 4831 4840
4896 5 2 7 4 4930 4921 4831 4840 4931 4922 4832 4841
4897 5 2 7 4 4931 4922 4832 4841 4932 4923 4833 4842
4898 5 2 7 4 4932 4923 4833 4842 1730 1729 1719 1720
4899 5 2 7 4 696 695 685 686 4933 4924 4834 4843
4900 5 2 7 4 4933 4924 4834 4843 4934 4925 4835 4844
4901 5 2 7 4 4934 4925 4835 4844 4935 4926 4836 4845
4902 5 2 7 4 4935 4926 4836 4845 4936 4927 4837 4846
4903 5 2 7 4 4936 4927 4837 4846 4937 4928 4838 4847
4904 5 2 7 4 4937 4928 4838 4847 4938 4929 4839 4848
4905 5 2 7 4 4938 4929 4839 4848 4939 4930 4840 4849
4906 5 2 7 4 4939 4930 4840 4849 4940 4931 4841 4850
4907 5 2 7 4 4940 4931 4841 4850 4941 4932 4842 4851
4908 5 2 7 4 4941 4932 4842 4851 1731 1730 1720 1721
4909 5 2 7 4 697 696 686 687 4942 4933 4843 4852
4910 5 2 7 4 4942 4933 4843 4852 4943 4934 4844 4853
4911 5 2 7 4 4943 4934 4844 4853 4944 4935 4845 4854
4912 5 2 7 4 4944 4935 4845 4854 4945 4936 4846 4855
4913 5 2 7 4 4945 4936 4846 4855 4946 4937 4847 4856
4914 5 2 7 4 4946 4937 4847 4856 4947 4938 4848 4857
4915 5 2 7 4 4947 4938 4848 4857 4948 4939 4849 4858
4916 5 2 7 4 4948 4939 4849 4858 4949 4940 4850 4859
4917 5 2 7 4 4949 4940 4850 4859 4950 4941 4851 4860
4918 5 2 7 4 4950 4941 4851 4860 1732 1731 1721 1722
4919 5 2 7 4 698 697 687 688 4951 4942 4852 4861
4920 5 2 7 4 4951 4942 4852 4861 4952 4943 4853 4862
4921 5 2 7 4 4952 4943 4853 4862 4953 4944 4854 4863
4922 5 2 7 4 4953 4944 4854 4863 4954 4945 4855 4864
4923 5 2 7 4 4954 4945 4855 4864 4955 4946 4856 4865
4924 5 2 7 4 4955 4946 4856 4865 4956 4947 4857 4866
4925 5 2 7 4 4956 4947 4857 4866 4957 4948 4858 4867
4926 5 2 7 4 4957 4948 4858 4867 4958 4949 4859 4868
4927 5 2 7 4 4958 4949 4859 4868 4959 4950 4860 4869
4928 5 2 7 4 4959 4950 4860 4869 1733 1732 1722 1723
4929 5 2 7 4 699 698 688 689 4960 4951 4861 4870
4930 5 2 7 4 4960 4951 4861 4870 4961 4952 4862 4871
4931 5 2 7 4 4961 4952 4862 4871 4962 4953 4863 4872
4932 5 2 7 4 4962 4953 4863 4872 4963 4954 4864 4873
4933 5 2 7 4 4963 4954 4864 4873 4964 4955 4865 4874
4934 5 2 7 4 4964 4955 4865 4874 4965 4956 4866 4875
4935 5 2 7 4 4965 4956 4866 4875 4966 4957 4867 4876
4936 5 2 7 4 4966 4957 4867 4876 4967 4958 4868 4877
4937 5 2 7 4 4967 4958 4868 4877 4968 4959 4869 4878
4938 5 2 7 4 4968 4959 4869 4878 1734 1733 1723 1724
4939 5 2 7 4 700 699 689 690 4969 4960 4870 4879
4940 5 2 7 4 4969 4960 4870 4879 4970 4961 4871 4880
4941 5 2 7 4 4970 4961 4871 4880 4971 4962 4872 4881
4942 5 2 7 4 4971 4962 4872 4881 4972 4963 4873 4882
4943 5 2 7 4 4972 4963 4873 4882 4973 4964 4874 4883
4944 5 2 7 4 4973 4964 4874 4883 4974 4965 4875 4884
4945 5 2 7 4 4974 4965 4875 4884 4975 4966 4876 4885
4946 5 2 7 4 4975 4966 4876 4885 4976 4967 4877 4886
4947 5 2 7 4 4976 4967 4877 4886 4977 4968 4878 4887
4948 5 2 7 4 4977 4968 4878 4887 1735 1734 1724 1725
4949 5 2 7 4 701 700 690 691 4978 4969 4879 4888
4950 5 2 7 4 4978 4969 4879 4888 4979 4970 4880 4889
4951 5 2 7 4 4979 4970 4880 4889 4980 4971 4881 4890
4952 5 2 7 4 4980 4971 4881 4890 4981 4972 4882 4891
4953 5 2 7 4 4981 4972 4882 4891 4982 4973 4883 4892
4954 5 2 7 4 4982 4973 4883 4892 4983 4974 4884 4893
4955 5 2 7 4 4983 4974 4884 4893 4984 4975 4885 4894
4956 5 2 7 4 4984 4975 4885 4894 4985 4976 4886 4895
4957 5 2 7 4 4985 4976 4886 4895 4986 4977 4887 4896
4958 5 2 7 4 4986 4977 4887 4896 1736 1735 1725 1726
4959 5 2 7 4 71 701 691 70 1629 4978 4888 1620
4960 5 2 7 4 1629 4978 4888 1620 1630 4979 4889 1621
4961 5 2 7 4 1630 4979 4889 1621 1631 4980 4890 1622
4962 5 2 7 4 1631 4980 4890 1622 1632 4981 4891 1623
4963 5 2 7 4 1632 4981 4891 1623 1633 4982 4892 1624
4964 5 2 7 4 1633 4982 4892 1624 1634 4983 4893 1625
4965 5 2 7 4 1634 4983 4893 1625 1635 4984 4894 1626
4966 5 2 7 4 1635 4984 4894 1626 1636 4985 4895 1627
4967 5 2 7 4 1636 4985 4895 1627 1637 4986 4896 1628
4968 5 2 7 4 1637 4986 4896 1628 287 1736 1726 286
4969 5 2 7 4 702 117 116 692 4987 1363 1354 4897
4970 5 2 7 4 4987 1363 1354 4897 4988 1364 1355 4898
4971 5 2 7 4 4988 1364 1355 4898 4989 1365 1356 4899
4972 5 2 7 4 4989 1365 1356 4899 4990 1366 1357 4900
4973 5 2 7 4 4990 1366 1357 4900 4991 1367 1358 4901
4974 5 2 7 4 4991 1367 1358 4901 4992 1368 1359 4902
4975 5 2 7 4 4992 1368 1359 4902 4993 1369 1360 4903
4976 5 2 7 4 4993 1369 1360 4903 4994 1370 1361 4904
4977 5 2 7 4 4994 1370 1361 4904 4995 1371 1362 4905
4978 5 2 7 4 4995 1371 1362 4905 1737 254 253 1727
4979 5 2 7 4 703 702 692 693 4996 4987 4897 4906
4980 5 2 7 4 4996 4987 4897 4906 4997 4988 4898 4907
4981 5 2 7 4 4997 4988 4898 4907 4998 4989 4899 4908
4982 5 2 7 4 4998 4989 4899 4908 4999 4990 4900 4909
4983 5 2 7 4 4999 4990 4900 4909 5000 4991 4901 4910
4984 5 2 7 4 5000 4991 4901 4910 5001 4992 4902 4911
4985 5 2 7 4 5001 4992 4902 4911 5002 4993 4903 4912
4986 5 2 7 4 5002 4993 4903 4912 5003 4994 4904 4913
4987 5 2 7 4 5003 4994 4904 4913 5004 4995 4905 4914
4988 5 2 7 4 5004 4995 4905 4914 1738 1737 1727 1728
4989 5 2 7 4 704 703 693 694 5005 4996 4906 4915
4990 5 2 7 4 5005 4996 4906 4915 5006 4997 4907 4916
4991 5 2 7 4 5006 4997 4907 4916 5007 4998 4908 4917
4992 5 2 7 4 5007 4998 4908 4917 5008 4999 4909 4918
4993 5 2 7 4 5008 4999 4909 4918 5009 5000 4910 4919
4994 5 2 7 4 5009 5000 4910 4919 5010 5001 4911 4920
4995 5 2 7 4 5010 5001 4911 4920 5011 5002 4912 4921
4996 5 2 7 4 5011 5002 4912 4921 5012 5003 4913 4922
4997 5 2 7 4 5012 5003 4913 4922 5013 5004 4914 4923
4998 5 2 7 4 5013 5004 4914 4923 1739 1738 1728 1729
4999 5 2 7 4 705 704 694 695 5014 5005 4915 4924
5000 5 2 7 4 5014 5005 4915 4924 5015 5006 4916 4925
5001 5 2 7 4 5015 5006 4916 4925 5016 5007 4917 4926
5002 5 2 7 4 5016 5007 4917 4926 5017 5008 4918 4927
5003 5 2 7 4 5017 5008 4918 4927 5018 5009 4919 4928
5004 5 2 7 4 5018 5009 4919 4928 5019 5010 4920 4929
5005 5 2 7 4 5019 5010 4920 4929 5020 5011 4921 4930
5006 5 2 7 4 5020 5011 4921 4930 5021 5012 4922 4931
5007 5 2 7 4 5021 5012 4922 4931 5022 5013 4923 4932
5008 5 2 7 4 5022 5013 4923 4932 1740 1739 1729 1730
5009 5 2 7 4 706 705 695 696 5023 5014 4924 4933
5010 5 2 7 4 5023 5014 4924 4933 5024 5015 4925 4934
5011 5 2 7 4 5024 5015 4925 4934 5025 5016 4926 4935
5012 5 2 7 4 5025 5016 4926 4935 5026 5017 4927 4936
5013 5 2 7 4 5026 5017 4927 4936 5027 5018 4928 4937
5014 5 2 7 4 5027 5018 4928 4937 5028 5019 4929 4938
5015 5 2 7 4 5028 5019 4929 4938 5029 5020 4930 4939
5016 5 2 7 4 5029 5020 4930 4939 5030 5021 4931 4940
5017 5 2 7 4 5030 5021 4931 4940 5031 5022 4932 4941
5018 5 2 7 4 5031 5022 4932 4941 1741 1740 1730 1731
5019 5 2 7 4 707 706 696 697 5032 5023 4933 4942
5020 5 2 7 4 5032 5023 4933 4942 5033 5024 4934 4943
5021 5 2 7 4 5033 5024 4934 4943 5034 5025 4935 4944
5022 5 2 7 4 5034 5025 4935 4944 5035 5026 4936 4945
5023 5 2 7 4 5035 5026 4936 4945 5036 5027 4937 4946
5024 5 2 7 4 5036 5027 4937 4946 5037 5028 4938 4947
5025 5 2 7 4 5037 5028 4938 4947 5038 5029 4939 4948
5026 5 2 7 4 5038 5029 4939 4948 5039 5030 4940 4949
5027 5 2 7 4 5039 5030 4940 4949 5040 5031 4941 4950
5028 5 2 7 4 5040 5031 4941 4950 1742 1741 1731 1732
5029 5 2 7 4 708 707 697 698 5041 5032 4942 4951
5030 5 2 7 4 5041 5032 4942 4951 5042 5033 4943 4952
5031 5 2 7 4 5042 5033 4943 4952 5043 5034 4944 4953
5032 5 2 7 4 5043 5034 4944 4953 5044 5035 4945 4954
5033 5 2 7 4 5044 5035 4945 4954 5045 5036 4946 4955
5034 5 2 7 4 5045 5036 4946 4955 5046 5037 4947 4956
5035 5 2 7 4 5046 5037 4947 4956 5047 5038 4948 4957
5036 5 2 7 4 5047 5038 4948 4957 5048 5039 4949 4958
5037 5 2 7 4 5048 5039 4949 4958 5049 5040 4950 4959
5038 5 2 7 4 5049 5040 4950 4959 1743 1742 1732 1733
5039 5 2 7 4 709 708 698 699 5050 5041 4951 4960
5040 5 2 7 4 5050 5041 4951 4960 5051 5042 4952 4961
5041 5 2 7 4 5051 5042 4952 4961 5052 5043 4953 4962
5042 5 2 7 4 5052 5043 4953 4962 5053 5044 4954 4963
5043 5 2 7 4 5053 5044 4954 4963 5054 5045 4955 4964
5044 5 2 7 4 5054 5045 4955 4964 5055 5046 4956 4965
5045 5 2 7 4 5055 5046 4956 4965 5056 5047 4957 4966
5046 5 2 7 4 5056 5047 4957 4966 5057 5048 4958 4967
5047 5 2 7 4 5057 5048 4958 4967 5058 5049 4959 4968
5048 5 2 7 4 5058 5049 4959 4968 1744 1743 1733 1734
5049 5 2 7 4 710 709 699 700 5059 5050 4960 4969
5050 5 2 7 4 5059 5050 4960 4969 5060 5051 4961 4970
5051 5 2 7 4 5060 5051 4961 4970 5061 5052 4962 4971
5052 5 2 7 4 5061 5052 4962 4971 5062 5053 4963 4972
5053 5 2 7 4 5062 5053 4963 4972 5063 5054 4964 4973
5054 5 2 7 4 5063 5054 4964 4973 5064 5055 4965 4974
5055 5 2 7 4 5064 5055 4965 4974 5065 5056 4966 4975
5056 5 2 7 4 5065 5056 4966 4975 5066 5057 4967 4976
5057 5 2 7 4 5066 5057 4967 4976 5067 5058 4968 4977
5058 5 2 7 4 5067 5058 4968 4977 1745 1744 1734 1735
5059 5 2 7 4 711 710 700 701 5068 5059 4969 4978
5060 5 2 7 4 5068 5059 4969 4978 5069 5060 4970 4979
5061 5 2 7 4 5069 5060 4970 4979 5070 5061 4971 4980
5062 5 2 7 4 5070 5061 4971 4980 5071 5062 4972 4981
5063 5 2 7 4 5071 5062 4972 4981 5072 5063 4973 4982
5064 5 2 7 4 5072 5063 4973 4982 5073 5064 4974 4983
5065 5 2 7 4 5073 5064 4974 4983 5074 5065 4975 4984
5066 5 2 7 4 5074 5065 4975 4984 5075 5066 4976 4985
5067 5 2 7 4 5075 5066 4976 4985 5076 5067 4977 4986
5068 5 2 7 4 5076 5067 4977 4986 1746 1745 1735 1736
5069 5 2 7 4 72 711 701 71 1638 5068 4978 1629
5070 5 2 7 4 1638 5068 4978 1629 1639 5069 4979 1630
5071 5 2 7 4 1639 5069 4979 1630 1640 5070 4980 1631
5072 5 2 7 4 1640 5070 4980 1631 1641 5071 4981 1632
5073 5 2 7 4 1641 5071 4981 1632 1642 5072 4982 1633
5074 5 2 7 4 1642 5072 4982 1633 1643 5073 4983 1634
5075 5 2 7 4 1643 5073 4983 1634 1644 5074 4984 1635
5076 5 2 7 4 1644 5074 4984 1635 1645 5075 4985 1636
5077 5 2 7 4 1645 5075 4985 1636 1646 5076 4986 1637
5078 5 2 7 4 1646 5076 4986 1637 288 1746 1736 287
5079 5 2 7 4 82 2 117 702 1548 236 1363 4987
5080 5 2 7 4 1548 236 1363 4987 1549 237 1364 4988
5081 5 2 7 4 1549 237 1364 4988 1550 238 1365 4989
5082 5 2 7 4 1550 238 1365 4989 1551 239 1366 4990
5083 5 2 7 4 1551 239 1366 4990 1552 240 1367 4991
5084 5 2 7 4 1552 240 1367 4991 1553 241 1368 4992
5085 5 2 7 4 1553 241 1368 4992 1554 242 1369 4993
5086 5 2 7 4 1554 242 1369 4993 1555 243 1370 4994
5087 5 2 7 4 1555 243 1370 4994 1556 244 1371 4995
5088 5 2 7 4 1556 244 1371 4995 278 17 254 1737
5089 5 2 7 4 81 82 702 703 1539 1548 4987 4996
5090 5 2 7 4 1539 1548 4987 4996 1540 1549 4988 4997
5091 5 2 7 4 1540 1549 4988 4997 1541 1550 4989 4998
5092 5 2 7 4 1541 1550 4989 4998 1542 1551 4990 4999
5093 5 2 7 4 1542 1551 4990 4999 1543 1552 4991 5000
5094 5 2 7 4 1543 1552 4991 5000 1544 1553 4992 5001
5095 5 2 7 4 1544 1553 4992 5001 1545 1554 4993 5002
5096 5 2 7 4 1545 1554 4993 5002 1546 1555 4994 5003
5097 5 2 7 4 1546 1555 4994 5003 1547 1556 4995 5004
5098 5 2 7 4 1547 1556 4995 5004 277 278 1737 1738
5099 5 2 7 4 80 81 703 704 1530 1539 4996 5005
5100 5 2 7 4 1530 1539 4996 5005 1531 1540 4997 5006
5101 5 2 7 4 1531 1540 4997 5006 1532 1541 4998 5007
5102 5 2 7 4 1532 1541 4998 5007 1533 1542 4999 5008
5103 5 2 7 4 1533 1542 4999 5008 1534 1543 5000 5009
5104 5 2 7 4 1534 1543 5000 5009 1535 1544 5001 5010
5105 5 2 7 4 1535 1544 5001 5010 1536 1545 5002 5011
5106 5 2 7 4 1536 1545 5002 5011 1537 1546 5003 5012
5107 5 2 7 4 1537 1546 5003 5012 1538 1547 5004 5013
5108 5 2 7 4 1538 1547 5004 5013 276 277 1738 1739
5109 5 2 7 4 79 80 704 705 1521 1530 5005 5014
5110 5 2 7 4 1521 1530 5005 5014 1522 1531 5006 5015
5111 5 2 7 4 1522 1531 5006 5015 1523 1532 5007 5016
5112 5 2 7 4 1523 1532 5007 5016 1524 1533 5008 5017
5113 5 2 7 4 1524 1533 5008 5017 1525 1534 5009 5018
5114 5 2 7 4 1525 1534 5009 5018 1526 1535 5010 5019
5115 5 2 7 4 1526 1535 5010 5019 1527 1536 5011 5020
5116 5 2 7 4 1527 1536 5011 5020 1528 1537 5012 5021
5117 5 2 7 4 1528 1537 5012 5021 1529 1538 5013 5022
5118 5 2 7 4 1529 1538 5013 5022 275 276 1739 1740
5119 5 2 7 4 78 79 705 706 1512 1521 5014 5023
5120 5 2 7 4 1512 1521 5014 5023 1513 1522 5015 5024
5121 5 2 7 4 1513 1522 5015 5024 1514 1523 5016 5025
5122 5 2 7 4 1514 1523 5016 5025 1515 1524 5017 5026
5123 5 2 7 4 1515 1524 5017 5026 1516 1525 5018 5027
5124 5 2 7 4 1516 1525 5018 5027 1517 1526 5019 5028
5125 5 2 7 4 1517 1526 5019 5028 1518 1527 5020 5029
5126 5 2 7 4 1518 1527 5020 5029 1519 1528 5021 5030
5127 5 2 7 4 1519 1528 5021 5030 1520 1529 5022 5031
5128 5 2 7 4 1520 1529 5022 5031 274 275 1740 1741
5129 5 2 7 4 77 78 706 707 1503 1512 5023 5032
5130 5 2 7 4 1503 1512 5023 5032 1504 1513 5024 5033
5131 5 2 7 4 1504 1513 5024 5033 1505 1514 5025 5034
5132 5 2 7 4 1505 1514 5025 5034 1506 1515 5026 5035
5133 5 2 7 4 1506 1515 5026 5035 1507 1516 5027 5036
5134 5 2 7 4 1507 1516 5027 5036 1508 1517 5028 5037
5135 5 2 7 4 1508 1517 5028 5037 1509 1518 5029 5038
5136 5 2 7 4 1509 1518 5029 5038 1510 1519 5030 5039
5137 5 2 7 4 1510 1519 5030 5039 1511 1520 5031 5040
5138 5 2 7 4 1511 1520 5031 5040 273 274 1741 1742
5139 5 2 7 4 76 77 707 708 1494 1503 5032 5041
5140 5 2 7 4 1494 1503 5032 5041 1495 1504 5033 5042
5141 5 2 7 4 1495 1504 5033 5042 1496 1505 5034 5043
5142 5 2 7 4 1496 1505 5034 5043 1497 1506 5035 5044
5143 5 2 7 4 1497 1506 5035 5044 1498 1507 5036 5045
5144 5 2 7 4 1498 1507 5036 5045 1499 1508 5037 5046
5145 5 2 7 4 1499 1508 5037 5046 1500 1509 5038 5047
5146 5 2 7 4 1500 1509 5038 5047 1501 1510 5039 5048
5147 5 2 7 4 1501 1510 5039 5048 1502 1511 5040 5049
5148 5 2 7 4 1502 1511 5040 5049 272 273 1742 1743
5149 5 2 7 4 75 76 708 709 1485 1494 5041 5050
5150 5 2 7 4 1485 1494 5041 5050 1486 1495 5042 5051
5151 5 2 7 4 1486 1495 5042 5051 1487 1496 5043 5052
5152 5 2 7 4 1487 1496 5043 5052 1488 1497 5044 5053
5153 5 2 7 4 1488 1497 5044 5053 1489 1498 5045 5054
5154 5 2 7 4 1489 1498 5045 5054 1490 1499 5046 5055
5155 5 2 7 4 1490 1499 5046 5055 1491 1500 5047 5056
5156 5 2 7 4 1491 1500 5047 5056 1492 1501 5048 5057
5157 5 2 7 4 1492 1501 5048 5057 1493 1502 5049 5058
5158 5 2 7 4 1493 1502 5049 5058 271 272 1743 1744
5159 5 2 7 4 74 75 709 710 1476 1485 5050 5059
5160 5 2 7 4 1476 1485 5050 5059 1477 1486 5051 5060
5161 5 2 7 4 1477 1486 5051 5060 1478 1487 5052 5061
5162 5 2 7 4 1478 1487 5052 5061 1479 1488 5053 5062
5163 5 2 7 4 1479 1488 5053 5062 1480 1489 5054 5063
5164 5 2 7 4 1480 1489 5054 5063 1481 1490 5055 5064
5165 5 2 7 4 1481 1490 5055 5064 1482 1491 5056 5065
5166 5 2 7 4 1482 1491 5056 5065 1483 1492 5057 5066
5167 5 2 7 4 1483 1492 5057 5066 1484 1493 5058 5067
5168 5 2 7 4 1484 1493 5058 5067 270 271 1744 1745
5169 5 2 7 4 73 74 710 711 1467 1476 5059 5068
5170 5 2 7 4 1467 1476 5059 5068 1468 1477 5060 5069
5171 5 2 7 4 1468 1477 5060 5069 1469 1478 5061 5070
5172 5 2 7 4 1469 1478 5061 5070 1470 1479 5062 5071
5173 5 2 7 4 1470 1479 5062 5071 1471 1480 5063 5072
5174 5 2 7 4 1471 1480 5063 5072 1472 1481 5064 5073
5175 5 2 7 4 1472 1481 5064 5073 1473 1482 5065 5074
5176 5 2 7 4 1473 1482 5065 5074 1474 1483 5066 5075
5177 5 2 7 4 1474 1483 5066 5075 1475 1484 5067 5076
5178 5 2 7 4 1475 1484 5067 5076 269 270 1745 1746
5179 5 2 7 4 1 73 711 72 260 1467 5068 1638
5180 5 2 7 4 260 1467 5068 1638 261 1468 5069 1639
5181 5 2 7 4 261 1468 5069 1639 262 1469 5070 1640
5182 5 2 7 4 262 1469 5070 1640 263 1470 5071 1641
5183 5 2 7 4 263 1470 5071 1641 264 1471 5072 1642
5184 5 2 7 4 264 1471 5072 1642 265 1472 5073 1643
5185 5 2 7 4 265 1472 5073 1643 266 1473 5074 1644
5186 5 2 7 4 266 1473 5074 1644 267 1474 5075 1645
5187 5 2 7 4 267 1474 5075 1645 268 1475 5076 1646
5188 5 2 7 4 268 1475 5076 1646 18 269 1746 288
5189 5 2 7 5 892 136 10 173 5077 1747 289 1975
5190 5 2 7 5 5077 1747 289 1975 5078 1748 290 1976
5191 5 2 7 5 5078 1748 290 1976 5079 1749 291 1977
5192 5 2 7 5 5079 1749 291 1977 5080 1750 292 1978
5193 5 2 7 5 5080 1750 292 1978 5081 1751 293 1979
5194 5 2 7 5 5081 1751 293 1979 5082 1752 294 1980
5195 5 2 7 5 5082 1752 294 1980 5083 1753 295 1981
5196 5 2 7 5 5083 1753 295 1981 5084 1754 296 1982
5197 5 2 7 5 5084 1754 296 1982 5085 1755 297 1983
5198 5 2 7 5 5085 1755 297 1983 5086 1756 298 1984
5199 5 2 7 5 5086 1756 298 1984 5087 1757 299 1985
5200 5 2 7 5 5087 1757 299 1985 5088 1758 300 1986
5201 5 2 7 5 5088 1758 300 1986 1987 313 19 356
5202 5 2 7 5 893 892 173 172 5089 5077 1975 1963
5203 5 2 7 5 5089 5077 1975 1963 5090 5078 1976 1964
5204 5 2 7 5 5090 5078 1976 1964 5091 5079 1977 1965
5205 5 2 7 5 5091 5079 1977 1965 5092 5080 1978 1966
5206 5 2 7 5 5092 5080 1978 1966 5093 5081 1979 1967
5207 5 2 7 5 5093 5081 1979 1967 5094 5082 1980 1968
5208 5 2 7 5 5094 5082 1980 1968 5095 5083 1981 1969
5209 5 2 7 5 5095 5083 1981 1969 5096 5084 1982 1970
5210 5 2 7 5 5096 5084 1982 1970 5097 5085 1983 1971
5211 5 2 7 5 5097 5085 1983 1971 5098 5086 1984 1972
5212 5 2 7 5 5098 5086 1984 1972 5099 5087 1985 1973
5213 5 2 7 5 5099 5087 1985 1973 5100 5088 1986 1974
5214 5 2 7 5 5100 5088 1986 1974 1988 1987 356 355
5215 5 2 7 5 894 893 172 171 5101 5089 1963 1951
5216 5 2 7 5 5101 5089 1963 1951 5102 5090 1964 1952
5217 5 2 7 5 5102 5090 1964 1952 5103 5091 1965 1953
5218 5 2 7 5 5103 5091 1965 1953 5104 5092 1966 1954
5219 5 2 7 5 5104 5092 1966 1954 5105 5093 1967 1955
5220 5 2 7 5 5105 5093 1967 1955 5106 5094 1968 1956
5221 5 2 7 5 5106 5094 1968 1956 5107 5095 1969 1957
5222 5 2 7 5 5107 5095 1969 1957 5108 5096 1970 1958
5223 5 2 7 5 5108 5096 1970 1958 5109 5097 1971 1959
5224 5 2 7 5 5109 5097 1971 1959 5110 5098 1972 1960
5225 5 2 7 5 5110 5098 1972 1960 5111 5099 1973 1961
5226 5 2 7 5 5111 5099 1973 1961 5112 5100 1974 1962
5227 5 2 7 5 5112 5100 1974 1962 1989 1988 355 354
5228 5 2 7 5 895 894 171 170 5113 5101 1951 1939
5229 5 2 7 5 5113 5101 1951 1939 5114 5102 1952 1940
5230 5 2 7 5 5114 5102 1952 1940 5115 5103 1953 1941
5231 5 2 7 5 5115 5103 1953 1941 5116 5104 1954 1942
5232 5 2 7 5 5116 5104 1954 1942 5117 5105 1955 1943
5233 5 2 7 5 5117 5105 1955 1943 5118 5106 1956 1944
5234 5 2 7 5 5118 5106 1956 1944 5119 5107 1957 1945
5235 5 2 7 5 5119 5107 1957 1945 5120 5108 1958 1946
5236 5 2 7 5 5120 5108 1958 1946 5121 5109 1959 1947
5237 5 2 7 5 5121 5109 1959 1947 5122 5110 1960 1948
5238 5 2 7 5 5122 5110 1960 1948 5123 5111 1961 1949
5239 5 2 7 5 5123 5111 1961 1949 5124 5112 1962 1950
5240 5 2 7 5 5124 5112 1962 1950 1990 1989 354 353
5241 5 2 7 5 896 895 170 169 5125 5113 1939 1927
5242 5 2 7 5 5125 5113 1939 1927 5126 5114 1940 1928
5243 5 2 7 5 5126 5114 1940 1928 5127 5115 1941 1929
5244 5 2 7 5 5127 5115 1941 1929 5128 5116 1942 1930
5245 5 2 7 5 5128 5116 1942 1930 5129 5117 1943 1931
5246 5 2 7 5 5129 5117 1943 1931 5130 5118 1944 1932
5247 5 2 7 5 5130 5118 1944 1932 5131 5119 1945 1933
5248 5 2 7 5 5131 5119 1945 1933 5132 5120 1946 1934
5249 5 2 7 5 5132 5120 1946 1934 5133 5121 1947 1935
5250 5 2 7 5 5133 5121 1947 1935 5134 5122 1948 1936
5251 5 2 7 5 5134 5122 1948 1936 5135 5123 1949 1937
5252 5 2 7 5 5135 5123 1949 1937 5136 5124 1950 1938
5253 5 2 7 5 5136 5124 1950 1938 1991 1990 353 352
5254 5 2 7 5 168 896 169 13 1915 5125 1927 335
5255 5 2 7 5 1915 5125 1927 335 1916 5126 1928 336
5256 5 2 7 5 1916 5126 1928 336 1917 5127 1929 337
5257 5 2 7 5 1917 5127 1929 337 1918 5128 1930 338
5258 5 2 7 5 1918 5128 1930 338 1919 5129 1931 339
5259 5 2 7 5 1919 5129 1931 339 1920 5130 1932 340
5260 5 2 7 5 1920 5130 1932 340 1921 5131 1933 341
5261 5 2 7 5 1921 5131 1933 341 1922 5132 1934 342
5262 5 2 7 5 1922 5132 1934 342 1923 5133 1935 343
5263 5 2 7 5 1923 5133 1935 343 1924 5134 1936 344
5264 5 2 7 5 1924 5134 1936 344 1925 5135 1937 345
5265 5 2 7 5 1925 5135 1937 345 1926 5136 1938 346
5266 5 2 7 5 1926 5136 1938 346 351 1991 352 22
5267 5 2 7 5 897 137 136 892 5137 1759 1747 5077
5268 5 2 7 5 5137 1759 1747 5077 5138 1760 1748 5078
5269 5 2 7 5 5138 1760 1748 5078 5139 1761 1749 5079
5270 5 2 7 5 5139 1761 1749 5079 5140 1762 1750 5080
5271 5 2 7 5 5140 1762 1750 5080 5141 1763 1751 5081
5272 5 2 7 5 5141 1763 1751 5081 5142 1764 1752 5082
5273 5 2 7 5 5142 1764 1752 5082 5143 1765 1753 5083
5274 5 2 7 5 5143 1765 1753 5083 5144 1766 1754 5084
5275 5 2 7 5 5144 1766 1754 5084 5145 1767 1755 5085
5276 5 2 7 5 5145 1767 1755 5085 5146 1768 1756 5086
5277 5 2 7 5 5146 1768 1756 5086 5147 1769 1757 5087
5278 5 2 7 5 5147 1769 1757 5087 5148 1770 1758 5088
5279 5 2 7 5 5148 1770 1758 5088 1992 314 313 1987
5280 5 2 7 5 898 897 892 893 5149 5137 5077 5089
5281 5 2 7 5 5149 5137 5077 5089 5150 5138 5078 5090
5282 5 2 7 5 5150 5138 5078 5090 5151 5139 5079 5091
5283 5 2 7 5 5151 5139 5079 5091 5152 5140 5080 5092
5284 5 2 7 5 5152 5140 5080 5092 5153 5141 5081 5093
5285 5 2 7 5 5153 5141 5081 5093 5154 5142 5082 5094
5286 5 2 7 5 5154 5142 5082 5094 5155 5143 5083 5095
5287 5 2 7 5 5155 5143 5083 5095 5156 5144 5084 5096
5288 5 2 7 5 5156 5144 5084 5096 5157 5145 5085 5097
5289 5 2 7 5 5157 5145 5085 5097 5158 5146 5086 5098
5290 5 2 7 5 5158 5146 5086 5098 5159 5147 5087 5099
5291 5 2 7 5 5159 5147 5087 5099 5160 5148 5088 5100
5292 5 2 7 5 5160 5148 5088 5100 1993 1992 1987 1988
5293 5 2 7 5 899 898 893 894 5161 5149 5089 5101
5294 5 2 7 5 5161 5149 5089 5101 5162 5150 5090 5102
5295 5 2 7 5 5162 5150 5090 5102 5163 5151 5091 5103
5296 5 2 7 5 5163 5151 5091 5103 5164 5152 5092 5104
5297 5 2 7 5 5164 5152 5092 5104 5165 5153 5093 5105
5298 5 2 7 5 5165 5153 5093 5105 5166 5154 5094 5106
5299 5 2 7 5 5166 5154 5094 5106 5167 5155 5095 5107
5300 5 2 7 5 5167 5155 5095 5107 5168 5156 5096 5108
5301 5 2 7 5 5168 5156 5096 5108 5169 5157 5097 5109
5302 5 2 7 5 5169 5157 5097 5109 5170 5158 5098 5110
5303 5 2 7 5 5170 5158 5098 5110 5171 5159 5099 5111
5304 5 2 7 5 5171 5159 5099 5111 5172 5160 5100 5112
5305 5 2 7 5 5172 5160 5100 5112 1994 1993 1988 1989
5306 5 2 7 5 900 899 894 895 5173 5161 5101 5113
5307 5 2 7 5 5173 5161 5101 5113 5174 5162 5102 5114
5308 5 2 7 5 5174 5162 5102 5114 5175 5163 5103 5115
5309 5 2 7 5 5175 5163 5103 5115 5176 5164 5104 5116
5310 5 2 7 5 5176 5164 5104 5116 5177 5165 5105 5117
5311 5 2 7 5 5177 5165 5105 5117 5178 5166 5106 5118
5312 5 2 7 5 5178 5166 5106 5118 5179 5167 5107 5119
5313 5 2 7 5 5179 5167 5107 5119 5180 5168 5108 5120
5314 5 2 7 5 5180 5168 5108 5120 5181 5169 5109 5121
5315 5 2 7 5 5181 5169 5109 5121 5182 5170 5110 5122
5316 5 2 7 5 5182 5170 5110 5122 5183 5171 5111 5123
5317 5 2 7 5 5183 5171 5111 5123 5184 5172 5112 5124
5318 5 2 7 5 5184 5172 5112 5124 1995 1994 1989 1990
5319 5 2 7 5 901 900 895 896 5185 5173 5113 5125
5320 5 2 7 5 5185 5173 5113 5125 5186 5174 5114 5126
5321 5 2 7 5 5186 5174 5114 5126 5187 5175 5115 5127
5322 5 2 7 5 5187 5175 5115 5127 5188 5176 5116 5128
5323 5 2 7 5 5188 5176 5116 5128 5189 5177 5117 5129
5324 5 2 7 5 5189 5177 5117 5129 5190 5178 5118 5130
5325 5 2 7 5 5190 5178 5118 5130 5191 5179 5119 5131
5326 5 2 7 5 5191 5179 5119 5131 5192 5180 5120 5132
5327 5 2 7 5 5192 5180 5120 5132 5193 5181 5121 5133
5328 5 2 7 5 5193 5181 5121 5133 5194 5182 5122 5134
5329 5 2 7 5 5194 5182 5122 5134 5195 5183 5123 5135
5330 5 2 7 5 5195 5183 5123 5135 5196 5184 5124 5136
5331 5 2 7 5 5196 5184 5124 5136 1996 1995 1990 1991
5332 5 2 7 5 167 901 896 168 1903 5185 5125 1915
5333 5 2 7 5 1903 5185 5125 1915 1904 5186 5126 1916
5334 5 2 7 5 1904 5186 5126 1916 1905 5187 5127 1917
5335 5 2 7 5 1905 5187 5127 1917 1906 5188 5128 1918
5336 5 2 7 5 1906 5188 5128 1918 1907 5189 5129 1919
5337 5 2 7 5 1907 5189 5129 1919 1908 5190 5130 1920
5338 5 2 7 5 1908 5190 5130 1920 1909 5191 5131 1921
5339 5 2 7 5 1909 5191 5131 1921 1910 5192 5132 1922
5340 5 2 7 5 1910 5192 5132 1922 1911 5193 5133 1923
5341 5 2 7 5 1911 5193 5133 1923 1912 5194 5134 1924
5342 5 2 7 5 1912 5194 5134 1924 1913 5195 5135 1925
5343 5 2 7 5 1913 5195 5135 1925 1914 5196 5136 1926
5344 5 2 7 5 1914 5196 5136 1926 350 1996 1991 351
5345 5 2 7 5 902 138 137 897 5197 1771 1759 5137
5346 5 2 7 5 5197 1771 1759 5137 5198 1772 1760 5138
5347 5 2 7 5 5198 1772 1760 5138 5199 1773 1761 5139
5348 5 2 7 5 5199 1773 1761 5139 5200 1774 1762 5140
5349 5 2 7 5 5200 1774 1762 5140 5201 1775 1763 5141
5350 5 2 7 5 5201 1775 1763 5141 5202 1776 1764 5142
5351 5 2 7 5 5202 1776 1764 5142 5203 1777 1765 5143
5352 5 2 7 5 5203 1777 1765 5143 5204 1778 1766 5144
5353 5 2 7 5 5204 1778 1766 5144 5205 1779 1767 5145
5354 5 2 7 5 5205 1779 1767 5145 5206 1780 1768 5146
5355 5 2 7 5 5206 1780 1768 5146 5207 1781 1769 5147
5356 5 2 7 5 5207 1781 1769 5147 5208 1782 1770 5148
5357 5 2 7 5 5208 1782 1770 5148 1997 315 314 1992
5358 5 2 7 5 903 902 897 898 5209 5197 5137 5149
5359 5 2 7 5 5209 5197 5137 5149 5210 5198 5138 5150
5360 5 2 7 5 5210 5198 5138 5150 5211 5199 5139 5151
5361 5 2 7 5 5211 5199 5139 5151 5212 5200 5140 5152
5362 5 2 7 5 5212 5200 5140 5152 5213 5201 5141 5153
5363 5 2 7 5 5213 5201 5141 5153 5214 5202 5142 5154
5364 5 2 7 5 5214 5202 5142 5154 5215 5203 5143 5155
5365 5 2 7 5 5215 5203 5143 5155 5216 5204 5144 5156
5366 5 2 7 5 5216 5204 5144 5156 5217 5205 5145 5157
5367 5 2 7 5 5217 5205 5145 5157 5218 5206 5146 5158
5368 5 2 7 5 5218 5206 5146 5158 5219 5207 5147 5159
5369 5 2 7 5 5219 5207 5147 5159 5220 5208 5148 5160
5370 5 2 7 5 5220 5208 5148 5160 1998 1997 1992 1993
5371 5 2 7 5 904 903 898 899 5221 5209 5149 5161
5372 5 2 7 5 5221 5209 5149 5161 5222 5210 5150 5162
5373 5 2 7 5 5222 5210 5150 5162 5223 5211 5151 5163
5374 5 2 7 5 5223 5211 5151 5163 5224 5212 5152 5164
5375 5 2 7 5 5224 5212 5152 5164 5225 5213 5153 5165
5376 5 2 7 5 5225 5213 5153 5165 5226 5214 5154 5166
5377 5 2 7 5 5226 5214 5154 5166 5227 5215 5155 5167
5378 5 2 7 5 5227 5215 5155 5167 5228 5216 5156 5168
5379 5 2 7 5 5228 5216 5156 5168 5229 5217 5157 5169
5380 5 2 7 5 5229 5217 5157 5169 5230 5218 5158 5170
5381 5 2 7 5 5230 5218 5158 5170 5231 5219 5159 5171
5382 5 2 7 5 5231 5219 5159 5171 5232 5220 5160 5172
5383 5 2 7 5 5232 5220 5160 5172 1999 1998 1993 1994
5384 5 2 7 5 905 904 899 900 5233 5221 5161 5173
5385 5 2 7 5 5233 5221 5161 5173 5234 5222 5162 5174
5386 5 2 7 5 5234 5222 5162 5174 5235 5223 5163 5175
5387 5 2 7 5 5235 5223 5163 5175 5236 5224 5164 5176
5388 5 2 7 5 5236 5224 5164 5176 5237 5225 5165 5177
5389 5 2 7 5 5237 5225 5165 5177 5238 5226 5166 5178
5390 5 2 7 5 5238 5226 5166 5178 5239 5227 5167 5179
5391 5 2 7 5 5239 5227 5167 5179 5240 5228 5168 5180
5392 5 2 7 5 5240 5228 5168 5180 5241 5229 5169 5181
5393 5 2 7 5 5241 5229 5169 5181 5242 5230 5170 5182
5394 5 2 7 5 5242 5230 5170 5182 5243 5231 5171 5183
5395 5 2 7 5 5243 5231 5171 5183 5244 5232 5172 5184
5396 5 2 7 5 5244 5232 5172 5184 2000 1999 1994 1995
5397 5 2 7 5 906 905 900 901 5245 5233 5173 5185
5398 5 2 7 5 5245 5233 5173 5185 5246 5234 5174 5186
5399 5 2 7 5 5246 5234 5174 5186 5247 5235 5175 5187
5400 5 2 7 5 5247 5235 5175 5187 5248 5236 5176 5188
5401 5 2 7 5 5248 5236 5176 5188 5249 5237 5177 5189
5402 5 2 7 5 5249 5237 5177 5189 5250 5238 5178 5190
5403 5 2 7 5 5250 5238 5178 5190 5251 5239 5179 5191
5404 5 2 7 5 5251 5239 5179 5191 5252 5240 5180 5192
5405 5 2 7 5 5252 5240 5180 5192 5253 5241 5181 5193
5406 5 2 7 5 5253 5241 5181 5193 5254 5242 5182 5194
5407 5 2 7 5 5254 5242 5182 5194 5255 5243 5183 5195
5408 5 2 7 5 5255 5243 5183 5195 5256 5244 5184 5196
5409 5 2 7 5 5256 5244 5184 5196 2001 2000 1995 1996
5410 5 2 7 5 166 906 901 167 1891 5245 5185 1903
5411 5 2 7 5 1891 5245 5185 1903 1892 5246 5186 1904
5412 5 2 7 5 1892 5246 5186 1904 1893 5247 5187 1905
5413 5 2 7 5 1893 5247 5187 1905 1894 5248 5188 1906
5414 5 2 7 5 1894 5248 5188 1906 1895 5249 5189 1907
5415 5 2 7 5 1895 5249 5189 1907 1896 5250 5190 1908
5416 5 2 7 5 1896 5250 5190 1908 1897 5251 5191 1909
5417 5 2 7 5 1897 5251 5191 1909 1898 5252 5192 1910
5418 5 2 7 5 1898 5252 5192 1910 1899 5253 5193 1911
5419 5 2 7 5 1899 5253 5193 1911 1900 5254 5194 1912
5420 5 2 7 5 1900 5254 5194 1912 1901 5255 5195 1913
5421 5 2 7 5 1901 5255 5195 1913 1902 5256 5196 1914
5422 5 2 7 5 1902 5256 5196 1914 349 2001 1996 350
5423 5 2 7 5 907 139 138 902 5257 1783 1771 5197
5424 5 2 7 5 5257 1783 1771 5197 5258 1784 1772 5198
5425 5 2 7 5 5258 1784 1772 5198 5259 1785 1773 5199
5426 5 2 7 5 5259 1785 1773 5199 5260 1786 1774 5200
5427 5 2 7 5 5260 1786 1774 5200 5261 1787 1775 5201
5428 5 2 7 5 5261 1787 1775 5201 5262 1788 1776 5202
5429 5 2 7 5 5262 1788 1776 5202 5263 1789 1777 5203
5430 5 2 7 5 5263 1789 1777 5203 5264 1790 1778 5204
5431 5 2 7 5 5264 1790 1778 5204 5265 1791 1779 5205
5432 5 2 7 5 5265 1791 1779 5205 5266 1792 1780 5206
5433 5 2 7 5 5266 1792 1780 5206 5267 1793 1781 5207
5434 5 2 7 5 5267 1793 1781 5207 5268 1794 1782 5208
5435 5 2 7 5 5268 1794 1782 5208 2002 316 315 1997
5436 5 2 7 5 908 907 902 903 5269 5257 5197 5209
5437 5 2 7 5 5269 5257 5197 5209 5270 5258 5198 5210
5438 5 2 7 5 5270 5258 5198 5210 5271 5259 5199 5211
5439 5 2 7 5 5271 5259 5199 5211 5272 5260 5200 5212
5440 5 2 7 5 5272 5260 5200 5212 5273 5261 5201 5213
5441 5 2 7 5 5273 5261 5201 5213 5274 5262 5202 5214
5442 5 2 7 5 5274 5262 5202 5214 5275 5263 5203 5215
5443 5 2 7 5 5275 5263 5203 5215 5276 5264 5204 5216
5444 5 2 7 5 5276 5264 5204 5216 5277 5265 5205 5217
5445 5 2 7 5 5277 5265 5205 5217 5278 5266 5206 5218
5446 5 2 7 5 5278 5266 5206 5218 5279 5267 5207 5219
5447 5 2 7 5 5279 5267 5207 5219 5280 5268 5208 5220
5448 5 2 7 5 5280 5268 5208 5220 2003 2002 1997 1998
5449 5 2 7 5 909 908 903 904 5281 5269 5209 5221
5450 5 2 7 5 5281 5269 5209 5221 5282 5270 5210 5222
5451 5 2 7 5 5282 5270 5210 5222 5283 5271 5211 5223
5452 5 2 7 5 5283 5271 5211 5223 5284 5272 5212 5224
5453 5 2 7 5 5284 5272 5212 5224 5285 5273 5213 5225
5454 5 2 7 5 5285 5273 5213 5225 5286 5274 5214 5226
5455 5 2 7 5 5286 5274 5214 5226 5287 5275 5215 5227
5456 5 2 7 5 5287 5275 5215 5227 5288 5276 5216 5228
5457 5 2 7 5 5288 5276 5216 5228 5289 5277 5217 5229
5458 5 2 7 5 5289 5277 5217 5229 5290 5278 5218 5230
5459 5 2 7 5 5290 5278 5218 5230 5291 5279 5219 5231
5460 5 2 7 5 5291 5279 5219 5231 5292 5280 5220 5232
5461 5 2 7 5 5292 5280 5220 5232 2004 2003 1998 1999
5462 5 2 7 5 910 909 904 905 5293 5281 5221 5233
5463 5 2 7 5 5293 5281 5221 5233 5294 5282 5222 5234
5464 5 2 7 5 5294 5282 5222 5234 5295 5283 5223 5235
5465 5 2 7 5 5295 5283 5223 5235 5296 5284 5224 5236
5466 5 2 7 5 5296 5284 5224 5236 5297 5285 5225 5237
5467 5 2 7 5 5297 5285 5225 5237 5298 5286 5226 5238
5468 5 2 7 5 5298 5286 5226 5238 5299 5287 5227 5239
5469 5 2 7 5 5299 5287 5227 5239 5300 5288 5228 5240
5470 5 2 7 5 5300 5288 5228 5240 5301 5289 5229 5241
5471 5 2 7 5 5301 5289 5229 5241 5302 5290 5230 5242
5472 5 2 7 5 5302 5290 5230 5242 5303 5291 5231 5243
5473 5 2 7 5 5303 5291 5231 5243 5304 5292 5232 5244
5474 5 2 7 5 5304 5292 5232 5244 2005 2004 1999 2000
5475 5 2 7 5 911 910 905 906 5305 5293 5233 5245
5476 5 2 7 5 5305 5293 5233 5245 5306 5294 5234 5246
5477 5 2 7 5 5306 5294 5234 5246 5307 5295 5235 5247
5478 5 2 7 5 5307 5295 5235 5247 5308 5296 5236 5248
5479 5 2 7 5 5308 5296 5236 5248 5309 5297 5237 5249
5480 5 2 7 5 5309 5297 5237 5249 5310 5298 5238 5250
5481 5 2 7 5 5310 5298 5238 5250 5311 5299 5239 5251
5482 5 2 7 5 5311 5299 5239 5251 5312 5300 5240 5252
5483 5 2 7 5 5312 5300 5240 5252 5313 5301 5241 5253
5484 5 2 7 5 5313 5301 5241 5253 5314 5302 5242 5254
5485 5 2 7 5 5314 5302 5242 5254 5315 5303 5243 5255
5486 5 2 7 5 5315 5303 5243 5255 5316 5304 5244 5256
5487 5 2 7 5 5316 5304 5244 5256 2006 2005 2000 2001
5488 5 2 7 5 165 911 906 166 1879 5305 5245 1891
5489 5 2 7 5 1879 5305 5245 1891 1880 5306 5246 1892
5490 5 2 7 5 1880 5306 5246 1892 1881 5307 5247 1893
5491 5 2 7 5 1881 5307 5247 1893 1882 5308 5248 1894
5492 5 2 7 5 1882 5308 5248 1894 1883 5309 5249 1895
5493 5 2 7 5 1883 5309 5249 1895 1884 5310 5250 1896
5494 5 2 7 5 1884 5310 5250 1896 1885 5311 5251 1897
5495 5 2 7 5 1885 5311 5251 1897 1886 5312 5252 1898
5496 5 2 7 5 1886 5312 5252 1898 1887 5313 5253 1899
5497 5 2 7 5 1887 5313 5253 1899 1888 5314 5254 1900
5498 5 2 7 5 1888 5314 5254 1900 1889 5315 5255 1901
5499 5 2 7 5 1889 5315 5255 1901 1890 5316 5256 1902
5500 5 2 7 5 1890 5316 5256 1902 348 2006 2001 349
5501 5 2 7 5 912 140 139 907 5317 1795 1783 5257
5502 5 2 7 5 5317 1795 1783 5257 5318 1796 1784 5258
5503 5 2 7 5 5318 1796 1784 5258 5319 1797 1785 5259
5504 5 2 7 5 5319 1797 1785 5259 5320 1798 1786 5260
5505 5 2 7 5 5320 1798 1786 5260 5321 1799 1787 5261
5506 5 2 7 5 5321 1799 1787 5261 5322 1800 1788 5262
5507 5 2 7 5 5322 1800 1788 5262 5323 1801 1789 5263
5508 5 2 7 5 5323 1801 1789 5263 5324 1802 1790 5264
5509 5 2 7 5 5324 1802 1790 5264 5325 1803 1791 5265
5510 5 2 7 5 5325 1803 1791 5265 5326 1804 1792 5266
5511 5 2 7 5 5326 1804 1792 5266 5327 1805 1793 5267
5512 5 2 7 5 5327 1805 1793 5267 5328 1806 1794 5268
5513 5 2 7 5 5328 1806 1794 5268 2007 317 316 2002
5514 5 2 7 5 913 912 907 908 5329 5317 5257 5269
5515 5 2 7 5 5329 5317 5257 5269 5330 5318 5258 5270
5516 5 2 7 5 5330 5318 5258 5270 5331 5319 5259 5271
5517 5 2 7 5 5331 5319 5259 5271 5332 5320 5260 5272
5518 5 2 7 5 5332 5320 5260 5272 5333 5321 5261 5273
5519 5 2 7 5 5333 5321 5261 5273 5334 5322 5262 5274
5520 5 2 7 5 5334 5322 5262 5274 5335 5323 5263 5275
5521 5 2 7 5 5335 5323 5263 5275 5336 5324 5264 5276
5522 5 2 7 5 5336 5324 5264 5276 5337 5325 5265 5277
5523 5 2 7 5 5337 5325 5265 5277 5338 5326 5266 5278
5524 5 2 7 5 5338 5326 5266 5278 5339 5327 5267 5279
5525 5 2 7 5 5339 5327 5267 5279 5340 5328 5268 5280
5526 5 2 7 5 5340 5328 5268 5280 2008 2007 2002 2003
5527 5 2 7 5 914 913 908 909 5341 5329 5269 5281
5528 5 2 7 5 5341 5329 5269 5281 5342 5330 5270 5282
5529 5 2 7 5 5342 5330 5270 5282 5343 5331 5271 5283
5530 5 2 7 5 5343 5331 5271 5283 5344 5332 5272 5284
5531 5 2 7 5 5344 5332 5272 5284 5345 5333 5273 5285
5532 5 2 7 5 5345 5333 5273 5285 5346 5334 5274 5286
5533 5 2 7 5 5346 5334 5274 5286 5347 5335 5275 5287
5534 5 2 7 5 5347 5335 5275 5287 5348 5336 5276 5288
5535 5 2 7 5 5348 5336 5276 5288 5349 5337 5277 5289
5536 5 2 7 5 5349 5337 5277 5289 5350 5338 5278 5290
5537 5 2 7 5 5350 5338 5278 5290 5351 5339 5279 5291
5538 5 2 7 5 5351 5339 5279 5291 5352 5340 5280 5292
5539 5 2 7 5 5352 5340 5280 5292 2009 2008 2003 2004
5540 5 2 7 5 915 914 909 910 5353 5341 5281 5293
5541 5 2 7 5 5353 5341 5281 5293 5354 5342 5282 5294
5542 5 2 7 5 5354 5342 5282 5294 5355 5343 5283 5295
5543 5 2 7 5 5355 5343 5283 5295 5356 5344 5284 5296
5544 5 2 7 5 5356 5344 5284 5296 5357 5345 5285 5297
5545 5 2 7 5 5357 5345 5285 5297 5358 5346 5286 5298
5546 5 2 7 5 5358 5346 5286 5298 5359 5347 5287 5299
5547 5 2 7 5 5359 5347 5287 5299 5360 5348 5288 5300
5548 5 2 7 5 5360 5348 5288 5300 5361 5349 5289 5301
5549 5 2 7 5 5361 5349 5289 5301 5362 5350 5290 5302
5550 5 2 7 5 5362 5350 5290 5302 5363 5351 5291 5303
5551 5 2 7 5 5363 5351 5291 5303 5364 5352 5292 5304
5552 5 2 7 5 5364 5352 5292 5304 2010 2009 2004 2005
5553 5 2 7 5 916 915 910 911 5365 5353 5293 5305
5554 5 2 7 5 5365 5353 5293 5305 5366 5354 5294 5306
5555 5 2 7 5 5366 5354 5294 5306 5367 5355 5295 5307
5556 5 2 7 5 5367 5355 5295 5307 5368 5356 5296 5308
5557 5 2 7 5 5368 5356 5296 5308 5369 5357 5297 5309
5558 5 2 7 5 5369 5357 5297 5309 5370 5358 5298 5310
5559 5 2 7 5 5370 5358 5298 5310 5371 5359 5299 5311
5560 5 2 7 5 5371 5359 5299 5311 5372 5360 5300 5312
5561 5 2 7 5 5372 5360 5300 5312 5373 5361 5301 5313
5562 5 2 7 5 5373 5361 5301 5313 5374 5362 5302 5314
5563 5 2 7 5 5374 5362 5302 5314 5375 5363 5303 5315
5564 5 2 7 5 5375 5363 5303 5315 5376 5364 5304 5316
5565 5 2 7 5 5376 5364 5304 5316 2011 2010 2005 2006
5566 5 2 7 5 164 916 911 165 1867 5365 5305 1879
5567 5 2 7 5 1867 5365 5305 1879 1868 5366 5306 1880
5568 5 2 7 5 1868 5366 5306 1880 1869 5367 5307 1881
5569 5 2 7 5 1869 5367 5307 1881 1870 5368 5308 1882
5570 5 2 7 5 1870 5368 5308 1882 1871 5369 5309 1883
5571 5 2 7 5 1871 5369 5309 1883 1872 5370 5310 1884
5572 5 2 7 5 1872 5370 5310 1884 1873 5371 5311 1885
5573 5 2 7 5 1873 5371 5311 1885 1874 5372 5312 1886
5574 5 2 7 5 1874 5372 5312 1886 1875 5373 5313 1887
5575 5 2 7 5 1875 5373 5313 1887 1876 5374 5314 1888
5576 5 2 7 5 1876 5374 5314 1888 1877 5375 5315 1889
5577 5 2 7 5 1877 5375 5315 1889 1878 5376 5316 1890
5578 5 2 7 5 1878 5376 5316 1890 347 2011 2006 348
5579 5 2 7 5 150 11 140 912 1807 301 1795 5317
5580 5 2 7 5 1807 301 1795 5317 1808 302 1796 5318
5581 5 2 7 5 1808 302 1796 5318 1809 303 1797 5319
5582 5 2 7 5 1809 303 1797 5319 1810 304 1798 5320
5583 5 2 7 5 1810 304 1798 5320 1811 305 1799 5321
5584 5 2 7 5 1811 305 1799 5321 1812 306 1800 5322
5585 5 2 7 5 1812 306 1800 5322 1813 307 1801 5323
5586 5 2 7 5 1813 307 1801 5323 1814 308 1802 5324
5587 5 2 7 5 1814 308 1802 5324 1815 309 1803 5325
5588 5 2 7 5 1815 309 1803 5325 1816 310 1804 5326
5589 5 2 7 5 1816 310 1804 5326 1817 311 1805 5327
5590 5 2 7 5 1817 311 1805 5327 1818 312 1806 5328
5591 5 2 7 5 1818 312 1806 5328 330 20 317 2007
5592 5 2 7 5 151 150 912 913 1819 1807 5317 5329
5593 5 2 7 5 1819 1807 5317 5329 1820 1808 5318 5330
5594 5 2 7 5 1820 1808 5318 5330 1821 1809 5319 5331
5595 5 2 7 5 1821 1809 5319 5331 1822 1810 5320 5332
5596 5 2 7 5 1822 1810 5320 5332 1823 1811 5321 5333
5597 5 2 7 5 1823 1811 5321 5333 1824 1812 5322 5334
5598 5 2 7 5 1824 1812 5322 5334 1825 1813 5323 5335
5599 5 2 7 5 1825 1813 5323 5335 1826 1814 5324 5336
5600 5 2 7 5 1826 1814 5324 5336 1827 1815 5325 5337
5601 5 2 7 5 1827 1815 5325 5337 1828 1816 5326 5338
5602 5 2 7 5 1828 1816 5326 5338 1829 1817 5327 5339
5603 5 2 7 5 1829 1817 5327 5339 1830 1818 5328 5340
5604 5 2 7 5 1830 1818 5328 5340 331 330 2007 2008
5605 5 2 7 5 152 151 913 914 1831 1819 5329 5341
5606 5 2 7 5 1831 1819 5329 5341 1832 1820 5330 5342
5607 5 2 7 5 1832 1820 5330 5342 1833 1821 5331 5343
5608 5 2 7 5 1833 1821 5331 5343 1834 1822 5332 5344
5609 5 2 7 5 1834 1822 5332 5344 1835 1823 5333 5345
5610 5 2 7 5 1835 1823 5333 5345 1836 1824 5334 5346
5611 5 2 7 5 1836 1824 5334 5346 1837 1825 5335 5347
5612 5 2 7 5 1837 1825 5335 5347 1838 1826 5336 5348
5613 5 2 7 5 1838 1826 5336 5348 1839 1827 5337 5349
5614 5 2 7 5 1839 1827 5337 5349 1840 1828 5338 5350
5615 5 2 7 5 1840 1828 5338 5350 1841 1829 5339 5351
5616 5 2 7 5 1841 1829 5339 5351 1842 1830 5340 5352
5617 5 2 7 5 1842 1830 5340 5352 332 331 2008 2009
5618 5 2 7 5 153 152 914 915 1843 1831 5341 5353
5619 5 2 7 5 1843 1831 5341 5353 1844 1832 5342 5354
5620 5 2 7 5 1844 1832 5342 5354 1845 1833 5343 5355
5621 5 2 7 5 1845 1833 5343 5355 1846 1834 5344 5356
5622 5 2 7 5 1846 1834 5344 5356 1847 1835 5345 5357
5623 5 2 7 5 1847 1835 5345 5357 1848 1836 5346 5358
5624 5 2 7 5 1848 1836 5346 5358 1849 1837 5347 5359
5625 5 2 7 5 1849 1837 5347 5359 1850 1838 5348 5360
5626 5 2 7 5 1850 1838 5348 5360 1851 1839 5349 5361
5627 5 2 7 5 1851 1839 5349 5361 1852 1840 5350 5362
5628 5 2 7 5 1852 1840 5350 5362 1853 1841 5351 5363
5629 5 2 7 5 1853 1841 5351 5363 1854 1842 5352 5364
5630 5 2 7 5 1854 1842 5352 5364 333 332 2009 2010
5631 5 2 7 5 154 153 915 916 1855 1843 5353 5365
5632 5 2 7 5 1855 1843 5353 5365 1856 1844 5354 5366
5633 5 2 7 5 1856 1844 5354 5366 1857 1845 5355 5367
5634 5 2 7 5 1857 1845 5355 5367 1858 1846 5356 5368
5635 5 2 7 5 1858 1846 5356 5368 1859 1847 5357 5369
5636 5 2 7 5 1859 1847 5357 5369 1860 1848 5358 5370
5637 5 2 7 5 1860 1848 5358 5370 1861 1849 5359 5371
5638 5 2 7 5 1861 1849 5359 5371 1862 1850 5360 5372
5639 5 2 7 5 1862 1850 5360 5372 1863 1851 5361 5373
5640 5 2 7 5 1863 1851 5361 5373 1864 1852 5362 5374
5641 5 2 7 5 1864 1852 5362 5374 1865 1853 5363 5375
5642 5 2 7 5 1865 1853 5363 5375 1866 1854 5364 5376
5643 5 2 7 5 1866 1854 5364 5376 334 333 2010 2011
5644 5 2 7 5 12 154 916 164 318 1855 5365 1867
5645 5 2 7 5 318 1855 5365 1867 319 1856 5366 1868
5646 5 2 7 5 319 1856 5366 1868 320 1857 5367 1869
5647 5 2 7 5 320 1857 5367 1869 321 1858 5368 1870
5648 5 2 7 5 321 1858 5368 1870 322 1859 5369 1871
5649 5 2 7 5 322 1859 5369 1871 323 1860 5370 1872
5650 5 2 7 5 323 1860 5370 1872 324 1861 5371 1873
5651 5 2 7 5 324 1861 5371 1873 325 1862 5372 1874
5652 5 2 7 5 325 1862 5372 1874 326 1863 5373 1875
5653 5 2 7 5 326 1863 5373 1875 327 1864 5374 1876
5654 5 2 7 5 327 1864 5374 1876 328 1865 5375 1877
5655 5 2 7 5 328 1865 5375 1877 329 1866 5376 1878
5656 5 2 7 5 329 1866 5376 1878 21 334 2011 347
5657 5 2 7 6 10 183 1142 173 289 2012 5377 1975
5658 5 2 7 6 289 2012 5377 1975 290 2013 5378 1976
5659 5 2 7 6 290 2013 5378 1976 291 2014 5379 1977
5660 5 2 7 6 291 2014 5379 1977 292 2015 5380 1978
5661 5 2 7 6 292 2015 5380 1978 293 2016 5381 1979
5662 5 2 7 6 293 2016 5381 1979 294 2017 5382 1980
5663 5 2 7 6 294 2017 5382 1980 295 2018 5383 1981
5664 5 2 7 6 295 2018 5383 1981 296 2019 5384 1982
5665 5 2 7 6 296 2019 5384 1982 297 2020 5385 1983
5666 5 2 7 6 297 2020 5385 1983 298 2021 5386 1984
5667 5 2 7 6 298 2021 5386 1984 299 2022 5387 1985
5668 5 2 7 6 299 2022 5387 1985 300 2023 5388 1986
5669 5 2 7 6 300 2023 5388 1986 19 369 2312 356
5670 5 2 7 6 173 1142 1143 172 1975 5377 5389 1963
5671 5 2 7 6 1975 5377 5389 1963 1976 5378 5390 1964
5672 5 2 7 6 1976 5378 5390 1964 1977 5379 5391 1965
5673 5 2 7 6 1977 5379 5391 1965 1978 5380 5392 1966
5674 5 2 7 6 1978 5380 5392 1966 1979 5381 5393 1967
5675 5 2 7 6 1979 5381 5393 1967 1980 5382 5394 1968
5676 5 2 7 6 1980 5382 5394 1968 1981 5383 5395 1969
5677 5 2 7 6 1981 5383 5395 1969 1982 5384 5396 1970
5678 5 2 7 6 1982 5384 5396 1970 1983 5385 5397 1971
5679 5 2 7 6 1983 5385 5397 1971 1984 5386 5398 1972
5680 5 2 7 6 1984 5386 5398 1972 1985 5387 5399 1973
5681 5 2 7 6 1985 5387 5399 1973 1986 5388 5400 1974
5682 5 2 7 6 1986 5388 5400 1974 356 2312 2313 355
5683 5 2 7 6 172 1143 1144 171 1963 5389 5401 1951
5684 5 2 7 6 1963 5389 5401 1951 1964 5390 5402 1952
5685 5 2 7 6 1964 5390 5402 1952 1965 5391 5403 1953
5686 5 2 7 6 1965 5391 5403 1953 1966 5392 5404 1954
5687 5 2 7 6 1966 5392 5404 1954 1967 5393 5405 1955
5688 5 2 7 6 1967 5393 5405 1955 1968 5394 5406 1956
5689 5 2 7 6 1968 5394 5406 1956 1969 5395 5407 1957
5690 5 2 7 6 1969 5395 5407 1957 1970 5396 5408 1958
5691 5 2 7 6 1970 5396 5408 1958 1971 5397 5409 1959
5692 5 2 7 6 1971 5397 5409 1959 1972 5398 5410 1960
5693 5 2 7 6 1972 5398 5410 1960 1973 5399 5411 1961
5694 5 2 7 6 1973 5399 5411 1961 1974 5400 5412 1962
5695 5 2 7 6 1974 5400 5412 1962 355 2313 2314 354
5696 5 2 7 6 171 1144 1145 170 1951 5401 5413 1939
5697 5 2 7 6 1951 5401 5413 1939 1952 5402 5414 1940
5698 5 2 7 6 1952 5402 5414 1940 1953 5403 5415 1941
5699 5 2 7 6 1953 5403 5415 1941 1954 5404 5416 1942
5700 5 2 7 6 1954 5404 5416 1942 1955 5405 5417 1943
5701 5 2 7 6 1955 5405 5417 1943 1956 5406 5418 1944
5702 5 2 7 6 1956 5406 5418 1944 1957 5407 5419 1945
5703 5 2 7 6 1957 5407 5419 1945 1958 5408 5420 1946
5704 5 2 7 6 1958 5408 5420 1946 1959 5409 5421 1947
5705 5 2 7 6 1959 5409 5421 1947 1960 5410 5422 1948
5706 5 2 7 6 1960 5410 5422 1948 1961 5411 5423 1949
5707 5 2 7 6 1961 5411 5423 1949 1962 5412 5424 1950
5708 5 2 7 6 1962 5412 5424 1950 354 2314 2315 353
5709 5 2 7 6 170 1145 1146 169 1939 5413 5425 1927
5710 5 2 7 6 1939 5413 5425 1927 1940 5414 5426 1928
5711 5 2 7 6 1940 5414 5426 1928 1941 5415 5427 1929
5712 5 2 7 6 1941 5415 5427 1929 1942 5416 5428 1930
5713 5 2 7 6 1942 5416 5428 1930 1943 5417 5429 1931
5714 5 2 7 6 1943 5417 5429 1931 1944 5418 5430 1932
5715 5 2 7 6 1944 5418 5430 1932 1945 5419 5431 1933
5716 5 2 7 6 1945 5419 5431 1933 1946 5420 5432 1934
5717 5 2 7 6 1946 5420 5432 1934 1947 5421 5433 1935
5718 5 2 7 6 1947 5421 5433 1935 1948 5422 5434 1936
5719 5 2 7 6 1948 5422 5434 1936 1949 5423 5435 1937
5720 5 2 7 6 1949 5423 5435 1937 1950 5424 5436 1938
5721 5 2 7 6 1950 5424 5436 1938 353 2315 2316 352
5722 5 2 7 6 169 1146 207 13 1927 5425 2192 335
5723 5 2 7 6 1927 5425 2192 335 1928 5426 2193 336
5724 5 2 7 6 1928 5426 2193 336 1929 5427 2194 337
5725 5 2 7 6 1929 5427 2194 337 1930 5428 2195 338
5726 5 2 7 6 1930 5428 2195 338 1931 5429 2196 339
5727 5 2 7 6 1931 5429 2196 339 1932 5430 2197 340
5728 5 2 7 6 1932 5430 2197 340 1933 5431 2198 341
5729 5 2 7 6 1933 5431 2198 341 1934 5432 2199 342
5730 5 2 7 6 1934 5432 2199 342 1935 5433 2200 343
5731 5 2 7 6 1935 5433 2200 343 1936 5434 2201 344
5732 5 2 7 6 1936 5434 2201 344 1937 5435 2202 345
5733 5 2 7 6 1937 5435 2202 345 1938 5436 2203 346
5734 5 2 7 6 1938 5436 2203 346 352 2316 396 22
5735 5 2 7 6 183 184 1147 1142 2012 2024 5437 5377
5736 5 2 7 6 2012 2024 5437 5377 2013 2025 5438 5378
5737 5 2 7 6 2013 2025 5438 5378 2014 2026 5439 5379
5738 5 2 7 6 2014 2026 5439 5379 2015 2027 5440 5380
5739 5 2 7 6 2015 2027 5440 5380 2016 2028 5441 5381
5740 5 2 7 6 2016 2028 5441 5381 2017 2029 5442 5382
5741 5 2 7 6 2017 2029 5442 5382 2018 2030 5443 5383
5742 5 2 7 6 2018 2030 5443 5383 2019 2031 5444 5384
5743 5 2 7 6 2019 2031 5444 5384 2020 2032 5445 5385
5744 5 2 7 6 2020 2032 5445 5385 2021 2033 5446 5386
5745 5 2 7 6 2021 2033 5446 5386 2022 2034 5447 5387
5746 5 2 7 6 2022 2034 5447 5387 2023 2035 5448 5388
5747 5 2 7 6 2023 2035 5448 5388 369 370 2317 2312
5748 5 2 7 6 1142 1147 1148 1143 5377 5437 5449 5389
5749 5 2 7 6 5377 5437 5449 5389 5378 5438 5450 5390
5750 5 2 7 6 5378 5438 5450 5390 5379 5439 5451 5391
5751 5 2 7 6 5379 5439 5451 5391 5380 5440 5452 5392
5752 5 2 7 6 5380 5440 5452 5392 5381 5441 5453 5393
5753 5 2 7 6 5381 5441 5453 5393 5382 5442 5454 5394
5754 5 2 7 6 5382 5442 5454 5394 5383 5443 5455 5395
5755 5 2 7 6 5383 5443 5455 5395 5384 5444 5456 5396
5756 5 2 7 6 5384 5444 5456 5396 5385 5445 5457 5397
5757 5 2 7 6 5385 5445 5457 5397 5386 5446 5458 5398
5758 5 2 7 6 5386 5446 5458 5398 5387 5447 5459 5399
5759 5 2 7 6 5387 5447 5459 5399 5388 5448 5460 5400
5760 5 2 7 6 5388 5448 5460 5400 2312 2317 2318 2313
5761 5 2 7 6 1143 1148 1149 1144 5389 5449 5461 5401
5762 5 2 7 6 5389 5449 5461 5401 5390 5450 5462 5402
5763 5 2 7 6 5390 5450 5462 5402 5391 5451 5463 5403
5764 5 2 7 6 5391 5451 5463 5403 5392 5452 5464 5404
5765 5 2 7 6 5392 5452 5464 5404 5393 5453 5465 5405
5766 5 2 7 6 5393 5453 5465 5405 5394 5454 5466 5406
5767 5 2 7 6 5394 5454 5466 5406 5395 5455 5467 5407
5768 5 2 7 6 5395 5455 5467 5407 5396 5456 5468 5408
5769 5 2 7 6 5396 5456 5468 5408 5397 5457 5469 5409
5770 5 2 7 6 5397 5457 5469 5409 5398 5458 5470 5410
5771 5 2 7 6 5398 5458 5470 5410 5399 5459 5471 5411
5772 5 2 7 6 5399 5459 5471 5411 5400 5460 5472 5412
5773 5 2 7 6 5400 5460 5472 5412 2313 2318 2319 2314
5774 5 2 7 6 1144 1149 1150 1145 5401 5461 5473 5413
5775 5 2 7 6 5401 5461 5473 5413 5402 5462 5474 5414
5776 5 2 7 6 5402 5462 5474 5414 5403 5463 5475 5415
5777 5 2 7 6 5403 5463 5475 5415 5404 5464 5476 5416
5778 5 2 7 6 5404 5464 5476 5416 5405 5465 5477 5417
5779 5 2 7 6 5405 5465 5477 5417 5406 5466 5478 5418
5780 5 2 7 6 5406 5466 5478 5418 5407 5467 5479 5419
5781 5 2 7 6 5407 5467 5479 5419 5408 5468 5480 5420
5782 5 2 7 6 5408 5468 5480 5420 5409 5469 5481 5421
5783 5 2 7 6 5409 5469 5481 5421 5410 5470 5482 5422
5784 5 2 7 6 5410 5470 5482 5422 5411 5471 5483 5423
5785 5 2 7 6 5411 5471 5483 5423 5412 5472 5484 5424
5786 5 2 7 6 5412 5472 5484 5424 2314 2319 2320 2315
5787 5 2 7 6 1145 1150 1151 1146 5413 5473 5485 5425
5788 5 2 7 6 5413 5473 5485 5425 5414 5474 5486 5426
5789 5 2 7 6 5414 5474 5486 5426 5415 5475 5487 5427
5790 5 2 7 6 5415 5475 5487 5427 5416 5476 5488 5428
5791 5 2 7 6 5416 5476 5488 5428 5417 5477 5489 5429
5792 5 2 7 6 5417 5477 5489 5429 5418 5478 5490 5430
5793 5 2 7 6 5418 5478 5490 5430 5419 5479 5491 5431
5794 5 2 7 6 5419 5479 5491 5431 5420 5480 5492 5432
5795 5 2 7 6 5420 5480 5492 5432 5421 5481 5493 5433
5796 5 2 7 6 5421 5481 5493 5433 5422 5482 5494 5434
5797 5 2 7 6 5422 5482 5494 5434 5423 5483 5495 5435
5798 5 2 7 6 5423 5483 5495 5435 5424 5484 5496 5436
5799 5 2 7 6 5424 5484 5496 5436 2315 2320 2321 2316
5800 5 2 7 6 1146 1151 208 207 5425 5485 2204 2192
5801 5 2 7 6 5425 5485 2204 2192 5426 5486 2205 2193
5802 5 2 7 6 5426 5486 2205 2193 5427 5487 2206 2194
5803 5 2 7 6 5427 5487 2206 2194 5428 5488 2207 2195
5804 5 2 7 6 5428 5488 2207 2195 5429 5489 2208 2196
5805 5 2 7 6 5429 5489 2208 2196 5430 5490 2209 2197
5806 5 2 7 6 5430 5490 2209 2197 5431 5491 2210 2198
5807 5 2 7 6 5431 5491 2210 2198 5432 5492 2211 2199
5808 5 2 7 6 5432 5492 2211 2199 5433 5493 2212 2200
5809 5 2 7 6 5433 5493 2212 2200 5434 5494 2213 2201
5810 5 2 7 6 5434 5494 2213 2201 5435 5495 2214 2202
5811 5 2 7 6 5435 5495 2214 2202 5436 5496 2215 2203
5812 5 2 7 6 5436 5496 2215 2203 2316 2321 397 396
5813 5 2 7 6 184 185 1152 1147 2024 2036 5497 5437
5814 5 2 7 6 2024 2036 5497 5437 2025 2037 5498 5438
5815 5 2 7 6 2025 2037 5498 5438 2026 2038 5499 5439
5816 5 2 7 6 2026 2038 5499 5439 2027 2039 5500 5440
5817 5 2 7 6 2027 2039 5500 5440 2028 2040 5501 5441
5818 5 2 7 6 2028 2040 5501 5441 2029 2041 5502 5442
5819 5 2 7 6 2029 2041 5502 5442 2030 2042 5503 5443
5820 5 2 7 6 2030 2042 5503 5443 2031 2043 5504 5444
5821 5 2 7 6 2031 2043 5504 5444 2032 2044 5505 5445
5822 5 2 7 6 2032 2044 5505 5445 2033 2045 5506 5446
5823 5 2 7 6 2033 2045 5506 5446 2034 2046 5507 5447
5824 5 2 7 6 2034 2046 5507 5447 2035 2047 5508 5448
5825 5 2 7 6 2035 2047 5508 5448 370 371 2322 2317
5826 5 2 7 6 1147 1152 1153 1148 5437 5497 5509 5449
5827 5 2 7 6 5437 5497 5509 5449 5438 5498 5510 5450
5828 5 2 7 6 5438 5498 5510 5450 5439 5499 5511 5451
5829 5 2 7 6 5439 5499 5511 5451 5440 5500 5512 5452
5830 5 2 7 6 5440 5500 5512 5452 5441 5501 5513 5453
5831 5 2 7 6 5441 5501 5513 5453 5442 5502 5514 5454
5832 5 2 7 6 5442 5502 5514 5454 5443 5503 5515 5455
5833 5 2 7 6 5443 5503 5515 5455 5444 5504 5516 5456
5834 5 2 7 6 5444 5504 5516 5456 5445 5505 5517 5457
5835 5 2 7 6 5445 5505 5517 5457 5446 5506 5518 5458
5836 5 2 7 6 5446 5506 5518 5458 5447 5507 5519 5459
5837 5 2 7 6 5447 5507 5519 5459 5448 5508 5520 5460
5838 5 2 7 6 5448 5508 5520 5460 2317 2322 2323 2318
5839 5 2 7 6 1148 1153 1154 1149 5449 5509 5521 5461
5840 5 2 7 6 5449 5509 5521 5461 5450 5510 5522 5462
5841 5 2 7 6 5450 5510 5522 5462 5451 5511 5523 5463
5842 5 2 7 6 5451 5511 5523 5463 5452 5512 5524 5464
5843 5 2 7 6 5452 5512 5524 5464 5453 5513 5525 5465
5844 5 2 7 6 5453 5513 5525 5465 5454 5514 5526 5466
5845 5 2 7 6 5454 5514 5526 5466 5455 5515 5527 5467
5846 5 2 7 6 5455 5515 5527 5467 5456 5516 5528 5468
5847 5 2 7 6 5456 5516 5528 5468 5457 5517 5529 5469
5848 5 2 7 6 5457 5517 5529 5469 5458 5518 5530 5470
5849 5 2 7 6 5458 5518 5530 5470 5459 5519 5531 5471
5850 5 2 7 6 5459 5519 5531 5471 5460 5520 5532 5472
5851 5 2 7 6 5460 5520 5532 5472 2318 2323 2324 2319
5852 5 2 7 6 1149 1154 1155 1150 5461 5521 5533 5473
5853 5 2 7 6 5461 5521 5533 5473 5462 5522 5534 5474
5854 5 2 7 6 5462 5522 5534 5474 5463 5523 5535 5475
5855 5 2 7 6 5463 5523 5535 5475 5464 5524 5536 5476
5856 5 2 7 6 5464 5524 5536 5476 5465 5525 5537 5477
5857 5 2 7 6 5465 5525 5537 5477 5466 5526 5538 5478
5858 5 2 7 6 5466 5526 5538 5478 5467 5527 5539 5479
5859 5 2 7 6 5467 5527 5539 5479 5468 5528 5540 5480
5860 5 2 7 6 5468 5528 5540 5480 5469 5529 5541 5481
5861 5 2 7 6 5469 5529 5541 5481 5470 5530 5542 5482
5862 5 2 7 6 5470 5530 5542 5482 5471 5531 5543 5483
5863 5 2 7 6 5471 5531 5543 5483 5472 5532 5544 5484
5864 5 2 7 6 5472 5532 5544 5484 2319 2324 2325 2320
5865 5 2 7 6 1150 1155 1156 1151 5473 5533 5545 5485
5866 5 2 7 6 5473 5533 5545 5485 5474 5534 5546 5486
5867 5 2 7 6 5474 5534 5546 5486 5475 5535 5547 5487
5868 5 2 7 6 5475 5535 5547 5487 5476 5536 5548 5488
5869 5 2 7 6 5476 5536 5548 5488 5477 5537 5549 5489
5870 5 2 7 6 5477 5537 5549 5489 5478 5538 5550 5490
5871 5 2 7 6 5478 5538 5550 5490 5479 5539 5551 5491
5872 5 2 7 6 5479 5539 5551 5491 5480 5540 5552 5492
5873 5 2 7 6 5480 5540 5552 5492 5481 5541 5553 5493
5874 5 2 7 6 5481 5541 5553 5493 5482 5542 5554 5494
5875 5 2 7 6 5482 5542 5554 5494 5483 5543 5555 5495
5876 5 2 7 6 5483 5543 5555 5495 5484 5544 5556 5496
5877 5 2 7 6 5484 5544 5556 5496 2320 2325 2326 2321
5878 5 2 7 6 1151 1156 209 208 5485 5545 2216 2204
5879 5 2 7 6 5485 5545 2216 2204 5486 5546 2217 2205
5880 5 2 7 6 5486 5546 2217 2205 5487 5547 2218 2206
5881 5 2 7 6 5487 5547 2218 2206 5488 5548 2219 2207
5882 5 2 7 6 5488 5548 2219 2207 5489 5549 2220 2208
5883 5 2 7 6 5489 5549 2220 2208 5490 5550 2221 2209
5884 5 2 7 6 5490 5550 2221 2209 5491 5551 2222 2210
5885 5 2 7 6 5491 5551 2222 2210 5492 5552 2223 2211
5886 5 2 7 6 5492 5552 2223 2211 5493 5553 2224 2212
5887 5 2 7 6 5493 5553 2224 2212 5494 5554 2225 2213
5888 5 2 7 6 5494 5554 2225 2213 5495 5555 2226 2214
5889 5 2 7 6 5495 5555 2226 2214 5496 5556 2227 2215
5890 5 2 7 6 5496 5556 2227 2215 2321 2326 398 397
5891 5 2 7 6 185 186 1157 1152 2036 2048 5557 5497
5892 5 2 7 6 2036 2048 5557 5497 2037 2049 5558 5498
5893 5 2 7 6 2037 2049 5558 5498 2038 2050 5559 5499
5894 5 2 7 6 2038 2050 5559 5499 2039 2051 5560 5500
5895 5 2 7 6 2039 2051 5560 5500 2040 2052 5561 5501
5896 5 2 7 6 2040 2052 5561 5501 2041 2053 5562 5502
5897 5 2 7 6 2041 2053 5562 5502 2042 2054 5563 5503
5898 5 2 7 6 2042 2054 5563 5503 2043 2055 5564 5504
5899 5 2 7 6 2043 2055 5564 5504 2044 2056 5565 5505
5900 5 2 7 6 2044 2056 5565 5505 2045 2057 5566 5506
5901 5 2 7 6 2045 2057 5566 5506 2046 2058 5567 5507
5902 5 2 7 6 2046 2058 5567 5507 2047 2059 5568 5508
5903 5 2 7 6 2047 2059 5568 5508 371 372 2327 2322
5904 5 2 7 6 1152 1157 1158 1153 5497 5557 5569 5509
5905 5 2 7 6 5497 5557 5569 5509 5498 5558 5570 5510
5906 5 2 7 6 5498 5558 5570 5510 5499 5559 5571 5511
5907 5 2 7 6 5499 5559 5571 5511 5500 5560 5572 5512
5908 5 2 7 6 5500 5560 5572 5512 5501 5561 5573 5513
5909 5 2 7 6 5501 5561 5573 5513 5502 5562 5574 5514
5910 5 2 7 6 5502 5562 5574 5514 5503 5563 5575 5515
5911 5 2 7 6 5503 5563 5575 5515 5504 5564 5576 5516
5912 5 2 7 6 5504 5564 5576 5516 5505 5565 5577 5517
5913 5 2 7 6 5505 5565 5577 5517 5506 5566 5578 5518
5914 5 2 7 6 5506 5566 5578 5518 5507 5567 5579 5519
5915 5 2 7 6 5507 5567 5579 5519 5508 5568 5580 5520
5916 5 2 7 6 5508 5568 5580 5520 2322 2327 2328 2323
5917 5 2 7 6 1153 1158 1159 1154 5509 5569 5581 5521
5918 5 2 7 6 5509 5569 5581 5521 5510 5570 5582 5522
5919 5 2 7 6 5510 5570 5582 5522 5511 5571 5583 5523
5920 5 2 7 6 5511 5571 5583 5523 5512 5572 5584 5524
5921 5 2 7 6 5512 5572 5584 5524 5513 5573 5585 5525
5922 5 2 7 6 5513 5573 5585 5525 5514 5574 5586 5526
5923 5 2 7 6 5514 5574 5586 5526 5515 5575 5587 5527
5924 5 2 7 6 5515 5575 5587 5527 5516 5576 5588 5528
5925 5 2 7 6 5516 5576 5588 5528 5517 5577 5589 5529
5926 5 2 7 6 5517 5577 5589 5529 5518 5578 5590 5530
5927 5 2 7 6 5518 5578 5590 5530 5519 5579 5591 5531
5928 5 2 7 6 5519 5579 5591 5531 5520 5580 5592 5532
5929 5 2 7 6 5520 5580 5592 5532 2323 2328 2329 2324
5930 5 2 7 6 1154 1159 1160 1155 5521 5581 5593 5533
5931 5 2 7 6 5521 5581 5593 5533 5522 5582 5594 5534
5932 5 2 7 6 5522 5582 5594 5534 5523 5583 5595 5535
5933 5 2 7 6 5523 5583 5595 5535 5524 5584 5596 5536
5934 5 2 7 6 5524 5584 5596 5536 5525 5585 5597 5537
5935 5 2 7 6 5525 5585 5597 5537 5526 5586 5598 5538
5936 5 2 7 6 5526 5586 5598 5538 5527 5587 5599 5539
5937 5 2 7 6 5527 5587 5599 5539 5528 5588 5600 5540
5938 5 2 7 6 5528 5588 5600 5540 5529 5589 5601 5541
5939 5 2 7 6 5529 5589 5601 5541 5530 5590 5602 5542
5940 5 2 7 6 5530 5590 5602 5542 5531 5591 5603 5543
5941 5 2 7 6 5531 5591 5603 5543 5532 5592 5604 5544
5942 5 2 7 6 5532 5592 5604 5544 2324 2329 2330 2325
5943 5 2 7 6 1155 1160 1161 1156 5533 5593 5605 5545
5944 5 2 7 6 5533 5593 5605 5545 5534 5594 5606 5546
5945 5 2 7 6 5534 5594 5606 5546 5535 5595 5607 5547
5946 5 2 7 6 5535 5595 5607 5547 5536 5596 5608 5548
5947 5 2 7 6 5536 5596 5608 5548 5537 5597 5609 5549
5948 5 2 7 6 5537 5597 5609 5549 5538 5598 5610 5550
5949 5 2 7 6 5538 5598 5610 5550 5539 5599 5611 5551
5950 5 2 7 6 5539 5599 5611 5551 5540 5600 5612 5552
5951 5 2 7 6 5540 5600 5612 5552 5541 5601 5613 5553
5952 5 2 7 6 5541 5601 5613 5553 5542 5602 5614 5554
5953 5 2 7 6 5542 5602 5614 5554 5543 5603 5615 5555
5954 5 2 7 6 5543 5603 5615 5555 5544 5604 5616 5556
5955 5 2 7 6 5544 5604 5616 5556 2325 2330 2331 2326
5956 5 2 7 6 1156 1161 210 209 5545 5605 2228 2216
5957 5 2 7 6 5545 5605 2228 2216 5546 5606 2229 2217
5958 5 2 7 6 5546 5606 2229 2217 5547 5607 2230 2218
5959 5 2 7 6 5547 5607 2230 2218 5548 5608 2231 2219
5960 5 2 7 6 5548 5608 2231 2219 5549 5609 2232 2220
5961 5 2 7 6 5549 5609 2232 2220 5550 5610 2233 2221
5962 5 2 7 6 5550 5610 2233 2221 5551 5611 2234 2222
5963 5 2 7 6 5551 5611 2234 2222 5552 5612 2235 2223
5964 5 2 7 6 5552 5612 2235 2223 5553 5613 2236 2224
5965 5 2 7 6 5553 5613 2236 2224 5554 5614 2237 2225
5966 5 2 7 6 5554 5614 2237 2225 5555 5615 2238 2226
5967 5 2 7 6 5555 5615 2238 2226 5556 5616 2239 2227
5968 5 2 7 6 5556 5616 2239 2227 2326 2331 399 398
5969 5 2 7 6 186 187 1162 1157 2048 2060 5617 5557
5970 5 2 7 6 2048 2060 5617 5557 2049 2061 5618 5558
5971 5 2 7 6 2049 2061 5618 5558 2050 2062 5619 5559
5972 5 2 7 6 2050 2062 5619 5559 2051 2063 5620 5560
5973 5 2 7 6 2051 2063 5620 5560 2052 2064 5621 5561
5974 5 2 7 6 2052 2064 5621 5561 2053 2065 5622 5562
5975 5 2 7 6 2053 2065 5622 5562 2054 2066 5623 5563
5976 5 2 7 6 2054 2066 5623 5563 2055 2067 5624 5564
5977 5 2 7 6 2055 2067 5624 5564 2056 2068 5625 5565
5978 5 2 7 6 2056 2068 5625 5565 2057 2069 5626 5566
5979 5 2 7 6 2057 2069 5626 5566 2058 2070 5627 5567
5980 5 2 7 6 2058 2070 5627 5567 2059 2071 5628 5568
5981 5 2 7 6 2059 2071 5628 5568 372 373 2332 2327
5982 5 2 7 6 1157 1162 1163 1158 5557 5617 5629 5569
5983 5 2 7 6 5557 5617 5629 5569 5558 5618 5630 5570
5984 5 2 7 6 5558 5618 5630 5570 5559 5619 5631 5571
5985 5 2 7 6 5559 5619 5631 5571 5560 5620 5632 5572
5986 5 2 7 6 5560 5620 5632 5572 5561 5621 5633 5573
5987 5 2 7 6 5561 5621 5633 5573 5562 5622 5634 5574
5988 5 2 7 6 5562 5622 5634 5574 5563 5623 5635 5575
5989 5 2 7 6 5563 5623 5635 5575 5564 5624 5636 5576
5990 5 2 7 6 5564 5624 5636 5576 5565 5625 5637 5577
5991 5 2 7 6 5565 5625 5637 5577 5566 5626 5638 5578
5992 5 2 7 6 5566 5626 5638 5578 5567 5627 5639 5579
5993 5 2 7 6 5567 5627 5639 5579 5568 5628 5640 5580
5994 5 2 7 6 5568 5628 5640 5580 2327 2332 2333 2328
5995 5 2 7 6 1158 1163 1164 1159 5569 5629 5641 5581
5996 5 2 7 6 5569 5629 5641 5581 5570 5630 5642 5582
5997 5 2 7 6 5570 5630 5642 5582 5571 5631 5643 5583
5998 5 2 7 6 5571 5631 5643 5583 5572 5632 5644 5584
5999 5 2 7 6 5572 5632 5644 5584 5573 5633 5645 5585
6000 5 2 7 6 5573 5633 5645 5585 5574 5634 5646 5586
6001 5 2 7 6 5574 5634 5646 5586 5575 5635 5647 5587
6002 5 2 7 6 5575 5635 5647 5587 5576 5636 5648 5588
6003 5 2 7 6 5576 5636 5648 5588 5577 5637 5649 5589
6004 5 2 7 6 5577 5637 5649 5589 5578 5638 5650 5590
6005 5 2 7 6 5578 5638 5650 5590 5579 5639 5651 5591
6006 5 2 7 6 5579 5639 5651 5591 5580 5640 5652 5592
6007 5 2 7 6 5580 5640 5652 5592 2328 2333 2334 2329
6008 5 2 7 6 1159 1164 1165 1160 5581 5641 5653 5593
6009 5 2 7 6 5581 5641 5653 5593 5582 5642 5654 5594
6010 5 2 7 6 5582 5642 5654 5594 5583 5643 5655 5595
6011 5 2 7 6 5583 5643 5655 5595 5584 5644 5656 5596
6012 5 2 7 6 5584 5644 5656 5596 5585 5645 5657 5597
6013 5 2 7 6 5585 5645 5657 5597 5586 5646 5658 5598
6014 5 2 7 6 5586 5646 5658 5598 5587 5647 5659 5599
6015 5 2 7 6 5587 5647 5659 5599 5588 5648 5660 5600
6016 5 2 7 6 5588 5648 5660 5600 5589 5649 5661 5601
6017 5 2 7 6 5589 5649 5661 5601 5590 5650 5662 5602
6018 5 2 7 6 5590 5650 5662 5602 5591 5651 5663 5603
6019 5 2 7 6 5591 5651 5663 5603 5592 5652 5664 5604
6020 5 2 7 6 5592 5652 5664 5604 2329 2334 2335 2330
6021 5 2 7 6 1160 1165 1166 1161 5593 5653 5665 5605
6022 5 2 7 6 5593 5653 5665 5605 5594 5654 5666 5606
6023 5 2 7 6 5594 5654 5666 5606 5595 5655 5667 5607
6024 5 2 7 6 5595 5655 5667 5607 5596 5656 5668 5608
6025 5 2 7 6 5596 5656 5668 5608 5597 5657 5669 5609
6026 5 2 7 6 5597 5657 5669 5609 5598 5658 5670 5610
6027 5 2 7 6 5598 5658 5670 5610 5599 5659 5671 5611
6028 5 2 7 6 5599 5659 5671 5611 5600 5660 5672 5612
6029 5 2 7 6 5600 5660 5672 5612 5601 5661 5673 5613
6030 5 2 7 6 5601 5661 5673 5613 5602 5662 5674 5614
6031 5 2 7 6 5602 5662 5674 5614 5603 5663 5675 5615
6032 5 2 7 6 5603 5663 5675 5615 5604 5664 5676 5616
6033 5 2 7 6 5604 5664 5676 5616 2330 2335 2336 2331
6034 5 2 7 6 1161 1166 211 210 5605 5665 2240 2228
6035 5 2 7 6 5605 5665 2240 2228 5606 5666 2241 2229
6036 5 2 7 6 5606 5666 2241 2229 5607 5667 2242 2230
6037 5 2 7 6 5607 5667 2242 2230 5608 5668 2243 2231
6038 5 2 7 6 5608 5668 2243 2231 5609 5669 2244 2232
6039 5 2 7 6 5609 5669 2244 2232 5610 5670 2245 2233
6040 5 2 7 6 5610 5670 2245 2233 5611 5671 2246 2234
6041 5 2 7 6 5611 5671 2246 2234 5612 5672 2247 2235
6042 5 2 7 6 5612 5672 2247 2235 5613 5673 2248 2236
6043 5 2 7 6 5613 5673 2248 2236 5614 5674 2249 2237
6044 5 2 7 6 5614 5674 2249 2237 5615 5675 2250 2238
6045 5 2 7 6 5615 5675 2250 2238 5616 5676 2251 2239
6046 5 2 7 6 5616 5676 2251 2239 2331 2336 400 399
6047 5 2 7 6 187 188 1167 1162 2060 2072 5677 5617
6048 5 2 7 6 2060 2072 5677 5617 2061 2073 5678 5618
6049 5 2 7 6 2061 2073 5678 5618 2062 2074 5679 5619
6050 5 2 7 6 2062 2074 5679 5619 2063 2075 5680 5620
6051 5 2 7 6 2063 2075 5680 5620 2064 2076 5681 5621
6052 5 2 7 6 2064 2076 5681 5621 2065 2077 5682 5622
6053 5 2 7 6 2065 2077 5682 5622 2066 2078 5683 5623
6054 5 2 7 6 2066 2078 5683 5623 2067 2079 5684 5624
6055 5 2 7 6 2067 2079 5684 5624 2068 2080 5685 5625
6056 5 2 7 6 2068 2080 5685 5625 2069 2081 5686 5626
6057 5 2 7 6 2069 2081 5686 5626 2070 2082 5687 5627
6058 5 2 7 6 2070 2082 5687 5627 2071 2083 5688 5628
6059 5 2 7 6 2071 2083 5688 5628 373 374 2337 2332
6060 5 2 7 6 1162 1167 1168 1163 5617 5677 5689 5629
6061 5 2 7 6 5617 5677 5689 5629 5618 5678 5690 5630
6062 5 2 7 6 5618 5678 5690 5630 5619 5679 5691 5631
6063 5 2 7 6 5619 5679 5691 5631 5620 5680 5692 5632
6064 5 2 7 6 5620 5680 5692 5632 5621 5681 5693 5633
6065 5 2 7 6 5621 5681 5693 5633 5622 5682 5694 5634
6066 5 2 7 6 5622 5682 5694 5634 5623 5683 5695 5635
6067 5 2 7 6 5623 5683 5695 5635 5624 5684 5696 5636
6068 5 2 7 6 5624 5684 5696 5636 5625 5685 5697 5637
6069 5 2 7 6 5625 5685 5697 5637 5626 5686 5698 5638
6070 5 2 7 6 5626 5686 5698 5638 5627 5687 5699 5639
6071 5 2 7 6 5627 5687 5699 5639 5628 5688 5700 5640
6072 5 2 7 6 5628 5688 5700 5640 2332 2337 2338 2333
6073 5 2 7 6 1163 1168 1169 1164 5629 5689 5701 5641
6074 5 2 7 6 5629 5689 5701 5641 5630 5690 5702 5642
6075 5 2 7 6 5630 5690 5702 5642 5631 5691 5703 5643
6076 5 2 7 6 5631 5691 5703 5643 5632 5692 5704 5644
6077 5 2 7 6 5632 5692 5704 5644 5633 5693 5705 5645
6078 5 2 7 6 5633 5693 5705 5645 5634 5694 5706 5646
6079 5 2 7 6 5634 5694 5706 5646 5635 5695 5707 5647
6080 5 2 7 6 5635 5695 5707 5647 5636 5696 5708 5648
6081 5 2 7 6 5636 5696 5708 5648 5637 5697 5709 5649
6082 5 2 7 6 5637 5697 5709 5649 5638 5698 5710 5650
6083 5 2 7 6 5638 5698 5710 5650 5639 5699 5711 5651
6084 5 2 7 6 5639 5699 5711 5651 5640 5700 5712 5652
6085 5 2 7 6 5640 5700 5712 5652 2333 2338 2339 2334
6086 5 2 7 6 1164 1169 1170 1165 5641 5701 5713 5653
6087 5 2 7 6 5641 5701 5713 5653 5642 5702 5714 5654
6088 5 2 7 6 5642 5702 5714 5654 5643 5703 5715 5655
6089 5 2 7 6 5643 5703 5715 5655 5644 5704 5716 5656
6090 5 2 7 6 5644 5704 5716 5656 5645 5705 5717 5657
6091 5 2 7 6 5645 5705 5717 5657 5646 5706 5718 5658
6092 5 2 7 6 5646 5706 5718 5658 5647 5707 5719 5659
6093 5 2 7 6 5647 5707 5719 5659 5648 5708 5720 5660
6094 5 2 7 6 5648 5708 5720 5660 5649 5709 5721 5661
6095 5 2 7 6 5649 5709 5721 5661 5650 5710 5722 5662
6096 5 2 7 6 5650 5710 5722 5662 5651 5711 5723 5663
6097 5 2 7 6 5651 5711 5723 5663 5652 5712 5724 5664
6098 5 2 7 6 5652 5712 5724 5664 2334 2339 2340 2335
6099 5 2 7 6 1165 1170 1171 1166 5653 5713 5725 5665
6100 5 2 7 6 5653 5713 5725 5665 5654 5714 5726 5666
6101 5 2 7 6 5654 5714 5726 5666 5655 5715 5727 5667
6102 5 2 7 6 5655 5715 5727 5667 5656 5716 5728 5668
6103 5 2 7 6 5656 5716 5728 5668 5657 5717 5729 5669
6104 5 2 7 6 5657 5717 5729 5669 5658 5718 5730 5670
6105 5 2 7 6 5658 5718 5730 5670 5659 5719 5731 5671
6106 5 2 7 6 5659 5719 5731 5671 5660 5720 5732 5672
6107 5 2 7 6 5660 5720 5732 5672 5661 5721 5733 5673
6108 5 2 7 6 5661 5721 5733 5673 5662 5722 5734 5674
6109 5 2 7 6 5662 5722 5734 5674 5663 5723 5735 5675
6110 5 2 7 6 5663 5723 5735 5675 5664 5724 5736 5676
6111 5 2 7 6 5664 5724 5736 5676 2335 2340 2341 2336
6112 5 2 7 6 1166 1171 212 211 5665 5725 2252 2240
6113 5 2 7 6 5665 5725 2252 2240 5666 5726 2253 2241
6114 5 2 7 6 5666 5726 2253 2241 5667 5727 2254 2242
6115 5 2 7 6 5667 5727 2254 2242 5668 5728 2255 2243
6116 5 2 7 6 5668 5728 2255 2243 5669 5729 2256 2244
6117 5 2 7 6 5669 5729 2256 2244 5670 5730 2257 2245
6118 5 2 7 6 5670 5730 2257 2245 5671 5731 2258 2246
6119 5 2 7 6 5671 5731 2258 2246 5672 5732 2259 2247
6120 5 2 7 6 5672 5732 2259 2247 5673 5733 2260 2248
6121 5 2 7 6 5673 5733 2260 2248 5674 5734 2261 2249
6122 5 2 7 6 5674 5734 2261 2249 5675 5735 2262 2250
6123 5 2 7 6 5675 5735 2262 2250 5676 5736 2263 2251
6124 5 2 7 6 5676 5736 2263 2251 2336 2341 401 400
6125 5 2 7 6 188 189 1172 1167 2072 2084 5737 5677
6126 5 2 7 6 2072 2084 5737 5677 2073 2085 5738 5678
6127 5 2 7 6 2073 2085 5738 5678 2074 2086 5739 5679
6128 5 2 7 6 2074 2086 5739 5679 2075 2087 5740 5680
6129 5 2 7 6 2075 2087 5740 5680 2076 2088 5741 5681
6130 5 2 7 6 2076 2088 5741 5681 2077 2089 5742 5682
6131 5 2 7 6 2077 2089 5742 5682 2078 2090 5743 5683
6132 5 2 7 6 2078 2090 5743 5683 2079 2091 5744 5684
6133 5 2 7 6 2079 2091 5744 5684 2080 2092 5745 5685
6134 5 2 7 6 2080 2092 5745 5685 2081 2093 5746 5686
6135 5 2 7 6 2081 2093 5746 5686 2082 2094 5747 5687
6136 5 2 7 6 2082 2094 5747 5687 2083 2095 5748 5688
6137 5 2 7 6 2083 2095 5748 5688 374 375 2342 2337
6138 5 2 7 6 1167 1172 1173 1168 5677 5737 5749 5689
6139 5 2 7 6 5677 5737 5749 5689 5678 5738 5750 5690
6140 5 2 7 6 5678 5738 5750 5690 5679 5739 5751 5691
6141 5 2 7 6 5679 5739 5751 5691 5680 5740 5752 5692
6142 5 2 7 6 5680 5740 5752 5692 5681 5741 5753 5693
6143 5 2 7 6 5681 5741 5753 5693 5682 5742 5754 5694
6144 5 2 7 6 5682 5742 5754 5694 5683 5743 5755 5695
6145 5 2 7 6 5683 5743 5755 5695 5684 5744 5756 5696
6146 5 2 7 6 5684 5744 5756 5696 5685 5745 5757 5697
6147 5 2 7 6 5685 5745 5757 5697 5686 5746 5758 5698
6148 5 2 7 6 5686 5746 5758 5698 5687 5747 5759 5699
6149 5 2 7 6 5687 5747 5759 5699 5688 5748 5760 5700
6150 5 2 7 6 5688 5748 5760 5700 2337 2342 2343 2338
6151 5 2 7 6 1168 1173 1174 1169 5689 5749 5761 5701
6152 5 2 7 6 5689 5749 5761 5701 5690 5750 5762 5702
6153 5 2 7 6 5690 5750 5762 5702 5691 5751 5763 5703
6154 5 2 7 6 5691 5751 5763 5703 5692 5752 5764 5704
6155 5 2 7 6 5692 5752 5764 5704 5693 5753 5765 5705
6156 5 2 7 6 5693 5753 5765 5705 5694 5754 5766 5706
6157 5 2 7 6 5694 5754 5766 5706 5695 5755 5767 5707
6158 5 2 7 6 5695 5755 5767 5707 5696 5756 5768 5708
6159 5 2 7 6 5696 5756 5768 5708 5697 5757 5769 5709
6160 5 2 7 6 5697 5757 5769 5709 5698 5758 5770 5710
6161 5 2 7 6 5698 5758 5770 5710 5699 5759 5771 5711
6162 5 2 7 6 5699 5759 5771 5711 5700 5760 5772 5712
6163 5 2 7 6 5700 5760 5772 5712 2338 2343 2344 2339
6164 5 2 7 6 1169 1174 1175 1170 5701 5761 5773 5713
6165 5 2 7 6 5701 5761 5773 5713 5702 5762 5774 5714
6166 5 2 7 6 5702 5762 5774 5714 5703 5763 5775 5715
6167 5 2 7 6 5703 5763 5775 5715 5704 5764 5776 5716
6168 5 2 7 6 5704 5764 5776 5716 5705 5765 5777 5717
6169 5 2 7 6 5705 5765 5777 5717 5706 5766 5778 5718
6170 5 2 7 6 5706 5766 5778 5718 5707 5767 5779 5719
6171 5 2 7 6 5707 5767 5779 5719 5708 5768 5780 5720
6172 5 2 7 6 5708 5768 5780 5720 5709 5769 5781 5721
6173 5 2 7 6 5709 5769 5781 5721 5710 5770 5782 5722
6174 5 2 7 6 5710 5770 5782 5722 5711 5771 5783 5723
6175 5 2 7 6 5711 5771 5783 5723 5712 5772 5784 5724
6176 5 2 7 6 5712 5772 5784 5724 2339 2344 2345 2340
6177 5 2 7 6 1170 1175 1176 1171 5713 5773 5785 5725
6178 5 2 7 6 5713 5773 5785 5725 5714 5774 5786 5726
6179 5 2 7 6 5714 5774 5786 5726 5715 5775 5787 5727
6180 5 2 7 6 5715 5775 5787 5727 5716 5776 5788 5728
6181 5 2 7 6 5716 5776 5788 5728 5717 5777 5789 5729
6182 5 2 7 6 5717 5777 5789 5729 5718 5778 5790 5730
6183 5 2 7 6 5718 5778 5790 5730 5719 5779 5791 5731
6184 5 2 7 6 5719 5779 5791 5731 5720 5780 5792 5732
6185 5 2 7 6 5720 5780 5792 5732 5721 5781 5793 5733
6186 5 2 7 6 5721 5781 5793 5733 5722 5782 5794 5734
6187 5 2 7 6 5722 5782 5794 5734 5723 5783 5795 5735
6188 5 2 7 6 5723 5783 5795 5735 5724 5784 5796 5736
6189 5 2 7 6 5724 5784 5796 5736 2340 2345 2346 2341
6190 5 2 7 6 1171 1176 213 212 5725 5785 2264 2252
6191 5 2 7 6 5725 5785 2264 2252 5726 5786 2265 2253
6192 5 2 7 6 5726 5786 2265 2253 5727 5787 2266 2254
6193 5 2 7 6 5727 5787 2266 2254 5728 5788 2267 2255
6194 5 2 7 6 5728 5788 2267 2255 5729 5789 2268 2256
6195 5 2 7 6 5729 5789 2268 2256 5730 5790 2269 2257
6196 5 2 7 6 5730 5790 2269 2257 5731 5791 2270 2258
6197 5 2 7 6 5731 5791 2270 2258 5732 5792 2271 2259
6198 5 2 7 6 5732 5792 2271 2259 5733 5793 2272 2260
6199 5 2 7 6 5733 5793 2272 2260 5734 5794 2273 2261
6200 5 2 7 6 5734 5794 2273 2261 5735 5795 2274 2262
6201 5 2 7 6 5735 5795 2274 2262 5736 5796 2275 2263
6202 5 2 7 6 5736 5796 2275 2263 2341 2346 402 401
6203 5 2 7 6 189 190 1177 1172 2084 2096 5797 5737
6204 5 2 7 6 2084 2096 5797 5737 2085 2097 5798 5738
6205 5 2 7 6 2085 2097 5798 5738 2086 2098 5799 5739
6206 5 2 7 6 2086 2098 5799 5739 2087 2099 5800 5740
6207 5 2 7 6 2087 2099 5800 5740 2088 2100 5801 5741
6208 5 2 7 6 2088 2100 5801 5741 2089 2101 5802 5742
6209 5 2 7 6 2089 2101 5802 5742 2090 2102 5803 5743
6210 5 2 7 6 2090 2102 5803 5743 2091 2103 5804 5744
6211 5 2 7 6 2091 2103 5804 5744 2092 2104 5805 5745
6212 5 2 7 6 2092 2104 5805 5745 2093 2105 5806 5746
6213 5 2 7 6 2093 2105 5806 5746 2094 2106 5807 5747
6214 5 2 7 6 2094 2106 5807 5747 2095 2107 5808 5748
6215 5 2 7 6 2095 2107 5808 5748 375 376 2347 2342
6216 5 2 7 6 1172 1177 1178 1173 5737 5797 5809 5749
6217 5 2 7 6 5737 5797 5809 5749 5738 5798 5810 5750
6218 5 2 7 6 5738 5798 5810 5750 5739 5799 5811 5751
6219 5 2 7 6 5739 5799 5811 5751 5740 5800 5812 5752
6220 5 2 7 6 5740 5800 5812 5752 5741 5801 5813 5753
6221 5 2 7 6 5741 5801 5813 5753 5742 5802 5814 5754
6222 5 2 7 6 5742 5802 5814 5754 5743 5803 5815 5755
6223 5 2 7 6 5743 5803 5815 5755 5744 5804 5816 5756
6224 5 2 7 6 5744 5804 5816 5756 5745 5805 5817 5757
6225 5 2 7 6 5745 5805 5817 5757 5746 5806 5818 5758
6226 5 2 7 6 5746 5806 5818 5758 5747 5807 5819 5759
6227 5 2 7 6 5747 5807 5819 5759 5748 5808 5820 5760
6228 5 2 7 6 5748 5808 5820 5760 2342 2347 2348 2343
6229 5 2 7 6 1173 1178 1179 1174 5749 5809 5821 5761
6230 5 2 7 6 5749 5809 5821 5761 5750 5810 5822 5762
6231 5 2 7 6 5750 5810 5822 5762 5751 5811 5823 5763
6232 5 2 7 6 5751 5811 5823 5763 5752 5812 5824 5764
6233 5 2 7 6 5752 5812 5824 5764 5753 5813 5825 5765
6234 5 2 7 6 5753 5813 5825 5765 5754 5814 5826 5766
6235 5 2 7 6 5754 5814 5826 5766 5755 5815 5827 5767
6236 5 2 7 6 5755 5815 5827 5767 5756 5816 5828 5768
6237 5 2 7 6 5756 5816 5828 5768 5757 5817 5829 5769
6238 5 2 7 6 5757 5817 5829 5769 5758 5818 5830 5770
6239 5 2 7 6 5758 5818 5830 5770 5759 5819 5831 5771
6240 5 2 7 6 5759 5819 5831 5771 5760 5820 5832 5772
6241 5 2 7 6 5760 5820 5832 5772 2343 2348 2349 2344
6242 5 2 7 6 1174 1179 1180 1175 5761 5821 5833 5773
6243 5 2 7 6 5761 5821 5833 5773 5762 5822 5834 5774
6244 5 2 7 6 5762 5822 5834 5774 5763 5823 5835 5775
6245 5 2 7 6 5763 5823 5835 5775 5764 5824 5836 5776
6246 5 2 7 6 5764 5824 5836 5776 5765 5825 5837 5777
6247 5 2 7 6 5765 5825 5837 5777 5766 5826 5838 5778
6248 5 2 7 6 5766 5826 5838 5778 5767 5827 5839 5779
6249 5 2 7 6 5767 5827 5839 5779 5768 5828 5840 5780
6250 5 2 7 6 5768 5828 5840 5780 5769 5829 5841 5781
6251 5 2 7 6 5769 5829 5841 5781 5770 5830 5842 5782
6252 5 2 7 6 5770 5830 5842 5782 5771 5831 5843 5783
6253 5 2 7 6 5771 5831 5843 5783 5772 5832 5844 5784
6254 5 2 7 6 5772 5832 5844 5784 2344 2349 2350 2345
6255 5 2 7 6 1175 1180 1181 1176 5773 5833 5845 5785
6256 5 2 7 6 5773 5833 5845 5785 5774 5834 5846 5786
6257 5 2 7 6 5774 5834 5846 5786 5775 5835 5847 5787
6258 5 2 7 6 5775 5835 5847 5787 5776 5836 5848 5788
6259 5 2 7 6 5776 5836 5848 5788 5777 5837 5849 5789
6260 5 2 7 6 5777 5837 5849 5789 5778 5838 5850 5790
6261 5 2 7 6 5778 5838 5850 5790 5779 5839 5851 5791
6262 5 2 7 6 5779 5839 5851 5791 5780 5840 5852 5792
6263 5 2 7 6 5780 5840 5852 5792 5781 5841 5853 5793
6264 5 2 7 6 5781 5841 5853 5793 5782 5842 5854 5794
6265 5 2 7 6 5782 5842 5854 5794 5783 5843 5855 5795
6266 5 2 7 6 5783 5843 5855 5795 5784 5844 5856 5796
6267 5 2 7 6 5784 5844 5856 5796 2345 2350 2351 2346
6268 5 2 7 6 1176 1181 214 213 5785 5845 2276 2264
6269 5 2 7 6 5785 5845 2276 2264 5786 5846 2277 2265
6270 5 2 7 6 5786 5846 2277 2265 5787 5847 2278 2266
6271 5 2 7 6 5787 5847 2278 2266 5788 5848 2279 2267
6272 5 2 7 6 5788 5848 2279 2267 5789 5849 2280 2268
6273 5 2 7 6 5789 5849 2280 2268 5790 5850 2281 2269
6274 5 2 7 6 5790 5850 2281 2269 5791 5851 2282 2270
6275 5 2 7 6 5791 5851 2282 2270 5792 5852 2283 2271
6276 5 2 7 6 5792 5852 2283 2271 5793 5853 2284 2272
6277 5 2 7 6 5793 5853 2284 2272 5794 5854 2285 2273
6278 5 2 7 6 5794 5854 2285 2273 5795 5855 2286 2274
6279 5 2 7 6 5795 5855 2286 2274 5796 5856 2287 2275
6280 5 2 7 6 5796 5856 2287 2275 2346 2351 403 402
6281 5 2 7 6 190 191 1182 1177 2096 2108 5857 5797
6282 5 2 7 6 2096 2108 5857 5797 2097 2109 5858 5798
6283 5 2 7 6 2097 2109 5858 5798 2098 2110 5859 5799
6284 5 2 7 6 2098 2110 5859 5799 2099 2111 5860 5800
6285 5 2 7 6 2099 2111 5860 5800 2100 2112 5861 5801
6286 5 2 7 6 2100 2112 5861 5801 2101 2113 5862 5802
6287 5 2 7 6 2101 2113 5862 5802 2102 2114 5863 5803
6288 5 2 7 6 2102 2114 5863 5803 2103 2115 5864 5804
6289 5 2 7 6 2103 2115 5864 5804 2104 2116 5865 5805
6290 5 2 7 6 2104 2116 5865 5805 2105 2117 5866 5806
6291 5 2 7 6 2105 2117 5866 5806 2106 2118 5867 5807
6292 5 2 7 6 2106 2118 5867 5807 2107 2119 5868 5808
6293 5 2 7 6 2107 2119 5868 5808 376 377 2352 2347
6294 5 2 7 6 1177 1182 1183 1178 5797 5857 5869 5809
6295 5 2 7 6 5797 5857 5869 5809 5798 5858 5870 5810
6296 5 2 7 6 5798 5858 5870 5810 5799 5859 5871 5811
6297 5 2 7 6 5799 5859 5871 5811 5800 5860 5872 5812
6298 5 2 7 6 5800 5860 5872 5812 5801 5861 5873 5813
6299 5 2 7 6 5801 5861 5873 5813 5802 5862 5874 5814
6300 5 2 7 6 5802 5862 5874 5814 5803 5863 5875 5815
6301 5 2 7 6 5803 5863 5875 5815 5804 5864 5876 5816
6302 5 2 7 6 5804 5864 5876 5816 5805 5865 5877 5817
6303 5 2 7 6 5805 5865 5877 5817 5806 5866 5878 5818
6304 5 2 7 6 5806 5866 5878 5818 5807 5867 5879 5819
6305 5 2 7 6 5807 5867 5879 5819 5808 5868 5880 5820
6306 5 2 7 6 5808 5868 5880 5820 2347 2352 2353 2348
6307 5 2 7 6 1178 1183 1184 1179 5809 5869 5881 5821
6308 5 2 7 6 5809 5869 5881 5821 5810 5870 5882 5822
6309 5 2 7 6 5810 5870 5882 5822 5811 5871 5883 5823
6310 5 2 7 6 5811 5871 5883 5823 5812 5872 5884 5824
6311 5 2 7 6 5812 5872 5884 5824 5813 5873 5885 5825
6312 5 2 7 6 5813 5873 5885 5825 5814 5874 5886 5826
6313 5 2 7 6 5814 5874 5886 5826 5815 5875 5887 5827
6314 5 2 7 6 5815 5875 5887 5827 5816 5876 5888 5828
6315 5 2 7 6 5816 5876 5888 5828 5817 5877 5889 5829
6316 5 2 7 6 5817 5877 5889 5829 5818 5878 5890 5830
6317 5 2 7 6 5818 5878 5890 5830 5819 5879 5891 5831
6318 5 2 7 6 5819 5879 5891 5831 5820 5880 5892 5832
6319 5 2 7 6 5820 5880 5892 5832 2348 2353 2354 2349
6320 5 2 7 6 1179 1184 1185 1180 5821 5881 5893 5833
6321 5 2 7 6 5821 5881 5893 5833 5822 5882 5894 5834
6322 5 2 7 6 5822 5882 5894 5834 5823 5883 5895 5835
6323 5 2 7 6 5823 5883 5895 5835 5824 5884 5896 5836
6324 5 2 7 6 5824 5884 5896 5836 5825 5885 5897 5837
6325 5 2 7 6 5825 5885 5897 5837 5826 5886 5898 5838
6326 5 2 7 6 5826 5886 5898 5838 5827 5887 5899 5839
6327 5 2 7 6 5827 5887 5899 5839 5828 5888 5900 5840
6328 5 2 7 6 5828 5888 5900 5840 5829 5889 5901 5841
6329 5 2 7 6 5829 5889 5901 5841 5830 5890 5902 5842
6330 5 2 7 6 5830 5890 5902 5842 5831 5891 5903 5843
6331 5 2 7 6 5831 5891 5903 5843 5832 5892 5904 5844
6332 5 2 7 6 5832 5892 5904 5844 2349 2354 2355 2350
6333 5 2 7 6 1180 1185 1186 1181 5833 5893 5905 5845
6334 5 2 7 6 5833 5893 5905 5845 5834 5894 5906 5846
6335 5 2 7 6 5834 5894 5906 5846 5835 5895 5907 5847
6336 5 2 7 6 5835 5895 5907 5847 5836 5896 5908 5848
6337 5 2 7 6 5836 5896 5908 5848 5837 5897 5909 5849
6338 5 2 7 6 5837 5897 5909 5849 5838 5898 5910 5850
6339 5 2 7 6 5838 5898 5910 5850 5839 5899 5911 5851
6340 5 2 7 6 5839 5899 5911 5851 5840 5900 5912 5852
6341 5 2 7 6 5840 5900 5912 5852 5841 5901 5913 5853
6342 5 2 7 6 5841 5901 5913 5853 5842 5902 5914 5854
6343 5 2 7 6 5842 5902 5914 5854 5843 5903 5915 5855
6344 5 2 7 6 5843 5903 5915 5855 5844 5904 5916 5856
6345 5 2 7 6 5844 5904 5916 5856 2350 2355 2356 2351
6346 5 2 7 6 1181 1186 215 214 5845 5905 2288 2276
6347 5 2 7 6 5845 5905 2288 2276 5846 5906 2289 2277
6348 5 2 7 6 5846 5906 2289 2277 5847 5907 2290 2278
6349 5 2 7 6 5847 5907 2290 2278 5848 5908 2291 2279
6350 5 2 7 6 5848 5908 2291 2279 5849 5909 2292 2280
6351 5 2 7 6 5849 5909 2292 2280 5850 5910 2293 2281
6352 5 2 7 6 5850 5910 2293 2281 5851 5911 2294 2282
6353 5 2 7 6 5851 5911 2294 2282 5852 5912 2295 2283
6354 5 2 7 6 5852 5912 2295 2283 5853 5913 2296 2284
6355 5 2 7 6 5853 5913 2296 2284 5854 5914 2297 2285
6356 5 2 7 6 5854 5914 2297 2285 5855 5915 2298 2286
6357 5 2 7 6 5855 5915 2298 2286 5856 5916 2299 2287
6358 5 2 7 6 5856 5916 2299 2287 2351 2356 404 403
6359 5 2 7 6 191 192 1187 1182 2108 2120 5917 5857
6360 5 2 7 6 2108 2120 5917 5857 2109 2121 5918 5858
6361 5 2 7 6 2109 2121 5918 5858 2110 2122 5919 5859
6362 5 2 7 6 2110 2122 5919 5859 2111 2123 5920 5860
6363 5 2 7 6 2111 2123 5920 5860 2112 2124 5921 5861
6364 5 2 7 6 2112 2124 5921 5861 2113 2125 5922 5862
6365 5 2 7 6 2113 2125 5922 5862 2114 2126 5923 5863
6366 5 2 7 6 2114 2126 5923 5863 2115 2127 5924 5864
6367 5 2 7 6 2115 2127 5924 5864 2116 2128 5925 5865
6368 5 2 7 6 2116 2128 5925 5865 2117 2129 5926 5866
6369 5 2 7 6 2117 2129 5926 5866 2118 2130 5927 5867
6370 5 2 7 6 2118 2130 5927 5867 2119 2131 5928 5868
6371 5 2 7 6 2119 2131 5928 5868 377 378 2357 2352
6372 5 2 7 6 1182 1187 1188 1183 5857 5917 5929 5869
6373 5 2 7 6 5857 5917 5929 5869 5858 5918 5930 5870
6374 5 2 7 6 5858 5918 5930 5870 5859 5919 5931 5871
6375 5 2 7 6 5859 5919 5931 5871 5860 5920 5932 5872
6376 5 2 7 6 5860 5920 5932 5872 5861 5921 5933 5873
6377 5 2 7 6 5861 5921 5933 5873 5862 5922 5934 5874
6378 5 2 7 6 5862 5922 5934 5874 5863 5923 5935 5875
6379 5 2 7 6 5863 5923 5935 5875 5864 5924 5936 5876
6380 5 2 7 6 5864 5924 5936 5876 5865 5925 5937 5877
6381 5 2 7 6 5865 5925 5937 5877 5866 5926 5938 5878
6382 5 2 7 6 5866 5926 5938 5878 5867 5927 5939 5879
6383 5 2 7 6 5867 5927 5939 5879 5868 5928 5940 5880
6384 5 2 7 6 5868 5928 5940 5880 2352 2357 2358 2353
6385 5 2 7 6 1183 1188 1189 1184 5869 5929 5941 5881
6386 5 2 7 6 5869 5929 5941 5881 5870 5930 5942 5882
6387 5 2 7 6 5870 5930 5942 5882 5871 5931 5943 5883
6388 5 2 7 6 5871 5931 5943 5883 5872 5932 5944 5884
6389 5 2 7 6 5872 5932 5944 5884 5873 5933 5945 5885
6390 5 2 7 6 5873 5933 5945 5885 5874 5934 5946 5886
6391 5 2 7 6 5874 5934 5946 5886 5875 5935 5947 5887
6392 5 2 7 6 5875 5935 5947 5887 5876 5936 5948 5888
6393 5 2 7 6 5876 5936 5948 5888 5877 5937 5949 5889
6394 5 2 7 6 5877 5937 5949 5889 5878 5938 5950 5890
6395 5 2 7 6 5878 5938 5950 5890 5879 5939 5951 5891
6396 5 2 7 6 5879 5939 5951 5891 5880 5940 5952 5892
6397 5 2 7 6 5880 5940 5952 5892 2353 2358 2359 2354
6398 5 2 7 6 1184 1189 1190 1185 5881 5941 5953 5893
6399 5 2 7 6 5881 5941 5953 5893 5882 5942 5954 5894
6400 5 2 7 6 5882 5942 5954 5894 5883 5943 5955 5895
6401 5 2 7 6 5883 5943 5955 5895 5884 5944 5956 5896
6402 5 2 7 6 5884 5944 5956 5896 5885 5945 5957 5897
6403 5 2 7 6 5885 5945 5957 5897 5886 5946 5958 5898
6404 5 2 7 6 5886 5946 5958 5898 5887 5947 5959 5899
6405 5 2 7 6 5887 5947 5959 5899 5888 5948 5960 5900
6406 5 2 7 6 5888 5948 5960 5900 5889 5949 5961 5901
6407 5 2 7 6 5889 5949 5961 5901 5890 5950 5962 5902
6408 5 2 7 6 5890 5950 5962 5902 5891 5951 5963 5903
6409 5 2 7 6 5891 5951 5963 5903 5892 5952 5964 5904
6410 5 2 7 6 5892 5952 5964 5904 2354 2359 2360 2355
6411 5 2 7 6 1185 1190 1191 1186 5893 5953 5965 5905
6412 5 2 7 6 5893 5953 5965 5905 5894 5954 5966 5906
6413 5 2 7 6 5894 5954 5966 5906 5895 5955 5967 5907
6414 5 2 7 6 5895 5955 5967 5907 5896 5956 5968 5908
6415 5 2 7 6 5896 5956 5968 5908 5897 5957 5969 5909
6416 5 2 7 6 5897 5957 5969 5909 5898 5958 5970 5910
6417 5 2 7 6 5898 5958 5970 5910 5899 5959 5971 5911
6418 5 2 7 6 5899 5959 5971 5911 5900 5960 5972 5912
6419 5 2 7 6 5900 5960 5972 5912 5901 5961 5973 5913
6420 5 2 7 6 5901 5961 5973 5913 5902 5962 5974 5914
6421 5 2 7 6 5902 5962 5974 5914 5903 5963 5975 5915
6422 5 2 7 6 5903 5963 5975 5915 5904 5964 5976 5916
6423 5 2 7 6 5904 5964 5976 5916 2355 2360 2361 2356
6424 5 2 7 6 1186 1191 216 215 5905 5965 2300 2288
6425 5 2 7 6 5905 5965 2300 2288 5906 5966 2301 2289
6426 5 2 7 6 5906 5966 2301 2289 5907 5967 2302 2290
6427 5 2 7 6 5907 5967 2302 2290 5908 5968 2303 2291
6428 5 2 7 6 5908 5968 2303 2291 5909 5969 2304 2292
6429 5 2 7 6 5909 5969 2304 2292 5910 5970 2305 2293
6430 5 2 7 6 5910 5970 2305 2293 5911 5971 2306 2294
6431 5 2 7 6 5911 5971 2306 2294 5912 5972 2307 2295
6432 5 2 7 6 5912 5972 2307 2295 5913 5973 2308 2296
6433 5 2 7 6 5913 5973 2308 2296 5914 5974 2309 2297
6434 5 2 7 6 5914 5974 2309 2297 5915 5975 2310 2298
6435 5 2 7 6 5915 5975 2310 2298 5916 5976 2311 2299
6436 5 2 7 6 5916 5976 2311 2299 2356 2361 405 404
6437 5 2 7 6 192 14 202 1187 2120 357 2132 5917
6438 5 2 7 6 2120 357 2132 5917 2121 358 2133 5918
6439 5 2 7 6 2121 358 2133 5918 2122 359 2134 5919
6440 5 2 7 6 2122 359 2134 5919 2123 360 2135 5920
6441 5 2 7 6 2123 360 2135 5920 2124 361 2136 5921
6442 5 2 7 6 2124 361 2136 5921 2125 362 2137 5922
6443 5 2 7 6 2125 362 2137 5922 2126 363 2138 5923
6444 5 2 7 6 2126 363 2138 5923 2127 364 2139 5924
6445 5 2 7 6 2127 364 2139 5924 2128 365 2140 5925
6446 5 2 7 6 2128 365 2140 5925 2129 366 2141 5926
6447 5 2 7 6 2129 366 2141 5926 2130 367 2142 5927
6448 5 2 7 6 2130 367 2142 5927 2131 368 2143 5928
6449 5 2 7 6 2131 368 2143 5928 378 23 391 2357
6450 5 2 7 6 1187 202 203 1188 5917 2132 2144 5929
6451 5 2 7 6 5917 2132 2144 5929 5918 2133 2145 5930
6452 5 2 7 6 5918 2133 2145 5930 5919 2134 2146 5931
6453 5 2 7 6 5919 2134 2146 5931 5920 2135 2147 5932
6454 5 2 7 6 5920 2135 2147 5932 5921 2136 2148 5933
6455 5 2 7 6 5921 2136 2148 5933 5922 2137 2149 5934
6456 5 2 7 6 5922 2137 2149 5934 5923 2138 2150 5935
6457 5 2 7 6 5923 2138 2150 5935 5924 2139 2151 5936
6458 5 2 7 6 5924 2139 2151 5936 5925 2140 2152 5937
6459 5 2 7 6 5925 2140 2152 5937 5926 2141 2153 5938
6460 5 2 7 6 5926 2141 2153 5938 5927 2142 2154 5939
6461 5 2 7 6 5927 2142 2154 5939 5928 2143 2155 5940
6462 5 2 7 6 5928 2143 2155 5940 2357 391 392 2358
6463 5 2 7 6 1188 203 204 1189 5929 2144 2156 5941
6464 5 2 7 6 5929 2144 2156 5941 5930 2145 2157 5942
6465 5 2 7 6 5930 2145 2157 5942 5931 2146 2158 5943
6466 5 2 7 6 5931 2146 2158 5943 5932 2147 2159 5944
6467 5 2 7 6 5932 2147 2159 5944 5933 2148 2160 5945
6468 5 2 7 6 5933 2148 2160 5945 5934 2149 2161 5946
6469 5 2 7 6 5934 2149 2161 5946 5935 2150 2162 5947
6470 5 2 7 6 5935 2150 2162 5947 5936 2151 2163 5948
6471 5 2 7 6 5936 2151 2163 5948 5937 2152 2164 5949
6472 5 2 7 6 5937 2152 2164 5949 5938 2153 2165 5950
6473 5 2 7 6 5938 2153 2165 5950 5939 2154 2166 5951
6474 5 2 7 6 5939 2154 2166 5951 5940 2155 2167 5952
6475 5 2 7 6 5940 2155 2167 5952 2358 392 393 2359
6476 5 2 7 6 1189 204 205 1190 5941 2156 2168 5953
6477 5 2 7 6 5941 2156 2168 5953 5942 2157 2169 5954
6478 5 2 7 6 5942 2157 2169 5954 5943 2158 2170 5955
6479 5 2 7 6 5943 2158 2170 5955 5944 2159 2171 5956
6480 5 2 7 6 5944 2159 2171 5956 5945 2160 2172 5957
6481 5 2 7 6 5945 2160 2172 5957 5946 2161 2173 5958
6482 5 2 7 6 5946 2161 2173 5958 5947 2162 2174 5959
6483 5 2 7 6 5947 2162 2174 5959 5948 2163 2175 5960
6484 5 2 7 6 5948 2163 2175 5960 5949 2164 2176 5961
6485 5 2 7 6 5949 2164 2176 5961 5950 2165 2177 5962
6486 5 2 7 6 5950 2165 2177 5962 5951 2166 2178 5963
6487 5 2 7 6 5951 2166 2178 5963 5952 2167 2179 5964
6488 5 2 7 6 5952 2167 2179 5964 2359 393 394 2360
6489 5 2 7 6 1190 205 206 1191 5953 2168 2180 5965
6490 5 2 7 6 5953 2168 2180 5965 5954 2169 2181 5966
6491 5 2 7 6 5954 2169 2181 5966 5955 2170 2182 5967
6492 5 2 7 6 5955 2170 2182 5967 5956 2171 2183 5968
6493 5 2 7 6 5956 2171 2183 5968 5957 2172 2184 5969
6494 5 2 7 6 5957 2172 2184 5969 5958 2173 2185 5970
6495 5 2 7 6 5958 2173 2185 5970 5959 2174 2186 5971
6496 5 2 7 6 5959 2174 2186 5971 5960 2175 2187 5972
6497 5 2 7 6 5960 2175 2187 5972 5961 2176 2188 5973
6498 5 2 7 6 5961 2176 2188 5973 5962 2177 2189 5974
6499 5 2 7 6 5962 2177 2189 5974 5963 2178 2190 5975
6500 5 2 7 6 5963 2178 2190 5975 5964 2179 2191 5976
6501 5 2 7 6 5964 2179 2191 5976 2360 394 395 2361
6502 5 2 7 6 1191 206 15 216 5965 2180 379 2300
6503 5 2 7 6 5965 2180 379 2300 5966 2181 380 2301
6504 5 2 7 6 5966 2181 380 2301 5967 2182 381 2302
6505 5 2 7 6 5967 2182 381 2302 5968 2183 382 2303
6506 5 2 7 6 5968 2183 382 2303 5969 2184 383 2304
6507 5 2 7 6 5969 2184 383 2304 5970 2185 384 2305
6508 5 2 7 6 5970 2185 384 2305 5971 2186 385 2306
6509 5 2 7 6 5971 2186 385 2306 5972 2187 386 2307
6510 5 2 7 6 5972 2187 386 2307 5973 2188 387 2308
6511 5 2 7 6 5973 2188 387 2308 5974 2189 388 2309
6512 5 2 7 6 5974 2189 388 2309 5975 2190 389 2310
6513 5 2 7 6 5975 2190 389 2310 5976 2191 390 2311
6514 5 2 7 6 5976 2191 390 2311 2361 395 24 405
6515 5 2 7 7 16 226 1417 259 406 2362 5977 2650
6516 5 2 7 7 406 2362 5977 2650 407 2363 5978 2651
6517 5 2 7 7 407 2363 5978 2651 408 2364 5979 2652
6518 5 2 7 7 408 2364 5979 2652 409 2365 5980 2653
6519 5 2 7 7 409 2365 5980 2653 410 2366 5981 2654
6520 5 2 7 7 410 2366 5981 2654 411 2367 5982 2655
6521 5 2 7 7 411 2367 5982 2655 412 2368 5983 2656
6522 5 2 7 7 412 2368 5983 2656 413 2369 5984 2657
6523 5 2 7 7 413 2369 5984 2657 414 2370 5985 2658
6524 5 2 7 7 414 2370 5985 2658 415 2371 5986 2659
6525 5 2 7 7 415 2371 5986 2659 416 2372 5987 2660
6526 5 2 7 7 416 2372 5987 2660 417 2373 5988 2661
6527 5 2 7 7 417 2373 5988 2661 25 418 2662 454
6528 5 2 7 7 259 1417 1418 258 2650 5977 5989 2638
6529 5 2 7 7 2650 5977 5989 2638 2651 5978 5990 2639
6530 5 2 7 7 2651 5978 5990 2639 2652 5979 5991 2640
6531 5 2 7 7 2652 5979 5991 2640 2653 5980 5992 2641
6532 5 2 7 7 2653 5980 5992 2641 2654 5981 5993 2642
6533 5 2 7 7 2654 5981 5993 2642 2655 5982 5994 2643
6534 5 2 7 7 2655 5982 5994 2643 2656 5983 5995 2644
6535 5 2 7 7 2656 5983 5995 2644 2657 5984 5996 2645
6536 5 2 7 7 2657 5984 5996 2645 2658 5985 5997 2646
6537 5 2 7 7 2658 5985 5997 2646 2659 5986 5998 2647
6538 5 2 7 7 2659 5986 5998 2647 2660 5987 5999 2648
6539 5 2 7 7 2660 5987 5999 2648 2661 5988 6000 2649
6540 5 2 7 7 2661 5988 6000 2649 454 2662 2663 453
6541 5 2 7 7 258 1418 1419 257 2638 5989 6001 2626
6542 5 2 7 7 2638 5989 6001 2626 2639 5990 6002 2627
6543 5 2 7 7 2639 5990 6002 2627 2640 5991 6003 2628
6544 5 2 7 7 2640 5991 6003 2628 2641 5992 6004 2629
6545 5 2 7 7 2641 5992 6004 2629 2642 5993 6005 2630
6546 5 2 7 7 2642 5993 6005 2630 2643 5994 6006 2631
6547 5 2 7 7 2643 5994 6006 2631 2644 5995 6007 2632
6548 5 2 7 7 2644 5995 6007 2632 2645 5996 6008 2633
6549 5 2 7 7 2645 5996 6008 2633 2646 5997 6009 2634
6550 5 2 7 7 2646 5997 6009 2634 2647 5998 6010 2635
6551 5 2 7 7 2647 5998 6010 2635 2648 5999 6011 2636
6552 5 2 7 7 2648 5999 6011 2636 2649 6000 6012 2637
6553 5 2 7 7 2649 6000 6012 2637 453 2663 2664 452
6554 5 2 7 7 257 1419 1420 256 2626 6001 6013 2614
6555 5 2 7 7 2626 6001 6013 2614 2627 6002 6014 2615
6556 5 2 7 7 2627 6002 6014 2615 2628 6003 6015 2616
6557 5 2 7 7 2628 6003 6015 2616 2629 6004 6016 2617
6558 5 2 7 7 2629 6004 6016 2617 2630 6005 6017 2618
6559 5 2 7 7 2630 6005 6017 2618 2631 6006 6018 2619
6560 5 2 7 7 2631 6006 6018 2619 2632 6007 6019 2620
6561 5 2 7 7 2632 6007 6019 2620 2633 6008 6020 2621
6562 5 2 7 7 2633 6008 6020 2621 2634 6009 6021 2622
6563 5 2 7 7 2634 6009 6021 2622 2635 6010 6022 2623
6564 5 2 7 7 2635 6010 6022 2623 2636 6011 6023 2624
6565 5 2 7 7 2636 6011 6023 2624 2637 6012 6024 2625
6566 5 2 7 7 2637 6012 6024 2625 452 2664 2665 451
6567 5 2 7 7 256 1420 1421 255 2614 6013 6025 2602
6568 5 2 7 7 2614 6013 6025 2602 2615 6014 6026 2603
6569 5 2 7 7 2615 6014 6026 2603 2616 6015 6027 2604
6570 5 2 7 7 2616 6015 6027 2604 2617 6016 6028 2605
6571 5 2 7 7 2617 6016 6028 2605 2618 6017 6029 2606
6572 5 2 7 7 2618 6017 6029 2606 2619 6018 6030 2607
6573 5 2 7 7 2619 6018 6030 2607 2620 6019 6031 2608
6574 5 2 7 7 2620 6019 6031 2608 2621 6020 6032 2609
6575 5 2 7 7 2621 6020 6032 2609 2622 6021 6033 2610
6576 5 2 7 7 2622 6021 6033 2610 2623 6022 6034 2611
6577 5 2 7 7 2623 6022 6034 2611 2624 6023 6035 2612
6578 5 2 7 7 2624 6023 6035 2612 2625 6024 6036 2613
6579 5 2 7 7 2625 6024 6036 2613 451 2665 2666 450
6580 5 2 7 7 255 1421 254 17 2602 6025 2590 428
6581 5 2 7 7 2602 6025 2590 428 2603 6026 2591 429
6582 5 2 7 7 2603 6026 2591 429 2604 6027 2592 430
6583 5 2 7 7 2604 6027 2592 430 2605 6028 2593 431
6584 5 2 7 7 2605 6028 2593 431 2606 6029 2594 432
6585 5 2 7 7 2606 6029 2594 432 2607 6030 2595 433
6586 5 2 7 7 2607 6030 2595 433 2608 6031 2596 434
6587 5 2 7 7 2608 6031 2596 434 2609 6032 2597 435
6588 5 2 7 7 2609 6032 2597 435 2610 6033 2598 436
6589 5 2 7 7 2610 6033 2598 436 2611 6034 2599 437
6590 5 2 7 7 2611 6034 2599 437 2612 6035 2600 438
6591 5 2 7 7 2612 6035 2600 438 2613 6036 2601 439
6592 5 2 7 7 2613 6036 2601 439 450 2666 449 26
6593 5 2 7 7 226 227 1422 1417 2362 2374 6037 5977
6594 5 2 7 7 2362 2374 6037 5977 2363 2375 6038 5978
6595 5 2 7 7 2363 2375 6038 5978 2364 2376 6039 5979
6596 5 2 7 7 2364 2376 6039 5979 2365 2377 6040 5980
6597 5 2 7 7 2365 2377 6040 5980 2366 2378 6041 5981
6598 5 2 7 7 2366 2378 6041 5981 2367 2379 6042 5982
6599 5 2 7 7 2367 2379 6042 5982 2368 2380 6043 5983
6600 5 2 7 7 2368 2380 6043 5983 2369 2381 6044 5984
6601 5 2 7 7 2369 2381 6044 5984 2370 2382 6045 5985
6602 5 2 7 7 2370 2382 6045 5985 2371 2383 6046 5986
6603 5 2 7 7 2371 2383 6046 5986 2372 2384 6047 5987
6604 5 2 7 7 2372 2384 6047 5987 2373 2385 6048 5988
6605 5 2 7 7 2373 2385 6048 5988 418 419 2667 2662
6606 5 2 7 7 1417 1422 1423 1418 5977 6037 6049 5989
6607 5 2 7 7 5977 6037 6049 5989 5978 6038 6050 5990
6608 5 2 7 7 5978 6038 6050 5990 5979 6039 6051 5991
6609 5 2 7 7 5979 6039 6051 5991 5980 6040 6052 5992
6610 5 2 7 7 5980 6040 6052 5992 5981 6041 6053 5993
6611 5 2 7 7 5981 6041 6053 5993 5982 6042 6054 5994
6612 5 2 7 7 5982 6042 6054 5994 5983 6043 6055 5995
6613 5 2 7 7 5983 6043 6055 5995 5984 6044 6056 5996
6614 5 2 7 7 5984 6044 6056 5996 5985 6045 6057 5997
6615 5 2 7 7 5985 6045 6057 5997 5986 6046 6058 5998
6616 5 2 7 7 5986 6046 6058 5998 5987 6047 6059 5999
6617 5 2 7 7 5987 6047 6059 5999 5988 6048 6060 6000
6618 5 2 7 7 5988 6048 6060 6000 2662 2667 2668 2663
6619 5 2 7 7 1418 1423 1424 1419 5989 6049 6061 6001
6620 5 2 7 7 5989 6049 6061 6001 5990 6050 6062 6002
6621 5 2 7 7 5990 6050 6062 6002 5991 6051 6063 6003
6622 5 2 7 7 5991 6051 6063 6003 5992 6052 6064 6004
6623 5 2 7 7 5992 6052 6064 6004 5993 6053 6065 6005
6624 5 2 7 7 5993 6053 6065 6005 5994 6054 6066 6006
6625 5 2 7 7 5994 6054 6066 6006 5995 6055 6067 6007
6626 5 2 7 7 5995 6055 6067 6007 5996 6056 6068 6008
6627 5 2 7 7 5996 6056 6068 6008 5997 6057 6069 6009
6628 5 2 7 7 5997 6057 6069 6009 5998 6058 6070 6010
6629 5 2 7 7 5998 6058 6070 6010 5999 6059 6071 6011
6630 5 2 7 7 5999 6059 6071 6011 6000 6060 6072 6012
6631 5 2 7 7 6000 6060 6072 6012 2663 2668 2669 2664
6632 5 2 7 7 1419 1424 1425 1420 6001 6061 6073 6013
6633 5 2 7 7 6001 6061 6073 6013 6002 6062 6074 6014
6634 5 2 7 7 6002 6062 6074 6014 6003 6063 6075 6015
6635 5 2 7 7 6003 6063 6075 6015 6004 6064 6076 6016
6636 5 2 7 7 6004 6064 6076 6016 6005 6065 6077 6017
6637 5 2 7 7 6005 6065 6077 6017 6006 6066 6078 6018
6638 5 2 7 7 6006 6066 6078 6018 6007 6067 6079 6019
6639 5 2 7 7 6007 6067 6079 6019 6008 6068 6080 6020
6640 5 2 7 7 6008 6068 6080 6020 6009 6069 6081 6021
6641 5 2 7 7 6009 6069 6081 6021 6010 6070 6082 6022
6642 5 2 7 7 6010 6070 6082 6022 6011 6071 6083 6023
6643 5 2 7 7 6011 6071 6083 6023 6012 6072 6084 6024
6644 5 2 7 7 6012 6072 6084 6024 2664 2669 2670 2665
6645 5 2 7 7 1420 1425 1426 1421 6013 6073 6085 6025
6646 5 2 7 7 6013 6073 6085 6025 6014 6074 6086 6026
6647 5 2 7 7 6014 6074 6086 6026 6015 6075 6087 6027
6648 5 2 7 7 6015 6075 6087 6027 6016 6076 6088 6028
6649 5 2 7 7 6016 6076 6088 6028 6017 6077 6089 6029
6650 5 2 7 7 6017 6077 6089 6029 6018 6078 6090 6030
6651 5 2 7 7 6018 6078 6090 6030 6019 6079 6091 6031
6652 5 2 7 7 6019 6079 6091 6031 6020 6080 6092 6032
6653 5 2 7 7 6020 6080 6092 6032 6021 6081 6093 6033
6654 5 2 7 7 6021 6081 6093 6033 6022 6082 6094 6034
6655 5 2 7 7 6022 6082 6094 6034 6023 6083 6095 6035
6656 5 2 7 7 6023 6083 6095 6035 6024 6084 6096 6036
6657 5 2 7 7 6024 6084 6096 6036 2665 2670 2671 2666
6658 5 2 7 7 1421 1426 253 254 6025 6085 2578 2590
6659 5 2 7 7 6025 6085 2578 2590 6026 6086 2579 2591
6660 5 2 7 7 6026 6086 2579 2591 6027 6087 2580 2592
6661 5 2 7 7 6027 6087 2580 2592 6028 6088 2581 2593
6662 5 2 7 7 6028 6088 2581 2593 6029 6089 2582 2594
6663 5 2 7 7 6029 6089 2582 2594 6030 6090 2583 2595
6664 5 2 7 7 6030 6090 2583 2595 6031 6091 2584 2596
6665 5 2 7 7 6031 6091 2584 2596 6032 6092 2585 2597
6666 5 2 7 7 6032 6092 2585 2597 6033 6093 2586 2598
6667 5 2 7 7 6033 6093 2586 2598 6034 6094 2587 2599
6668 5 2 7 7 6034 6094 2587 2599 6035 6095 2588 2600
6669 5 2 7 7 6035 6095 2588 2600 6036 6096 2589 2601
6670 5 2 7 7 6036 6096 2589 2601 2666 2671 448 449
6671 5 2 7 7 227 228 1427 1422 2374 2386 6097 6037
6672 5 2 7 7 2374 2386 6097 6037 2375 2387 6098 6038
6673 5 2 7 7 2375 2387 6098 6038 2376 2388 6099 6039
6674 5 2 7 7 2376 2388 6099 6039 2377 2389 6100 6040
6675 5 2 7 7 2377 2389 6100 6040 2378 2390 6101 6041
6676 5 2 7 7 2378 2390 6101 6041 2379 2391 6102 6042
6677 5 2 7 7 2379 2391 6102 6042 2380 2392 6103 6043
6678 5 2 7 7 2380 2392 6103 6043 2381 2393 6104 6044
6679 5 2 7 7 2381 2393 6104 6044 2382 2394 6105 6045
6680 5 2 7 7 2382 2394 6105 6045 2383 2395 6106 6046
6681 5 2 7 7 2383 2395 6106 6046 2384 2396 6107 6047
6682 5 2 7 7 2384 2396 6107 6047 2385 2397 6108 6048
6683 5 2 7 7 2385 2397 6108 6048 419 420 2672 2667
6684 5 2 7 7 1422 1427 1428 1423 6037 6097 6109 6049
6685 5 2 7 7 6037 6097 6109 6049 6038 6098 6110 6050
6686 5 2 7 7 6038 6098 6110 6050 6039 6099 6111 6051
6687 5 2 7 7 6039 6099 6111 6051 6040 6100 6112 6052
6688 5 2 7 7 6040 6100 6112 6052 6041 6101 6113 6053
6689 5 2 7 7 6041 6101 6113 6053 6042 6102 6114 6054
6690 5 2 7 7 6042 6102 6114 6054 6043 6103 6115 6055
6691 5 2 7 7 6043 6103 6115 6055 6044 6104 6116 6056
6692 5 2 7 7 6044 6104 6116 6056 6045 6105 6117 6057
6693 5 2 7 7 6045 6105 6117 6057 6046 6106 6118 6058
6694 5 2 7 7 6046 6106 6118 6058 6047 6107 6119 6059
6695 5 2 7 7 6047 6107 6119 6059 6048 6108 6120 6060
6696 5 2 7 7 6048 6108 6120 6060 2667 2672 2673 2668
6697 5 2 7 7 1423 1428 1429 1424 6049 6109 6121 6061
6698 5 2 7 7 6049 6109 6121 6061 6050 6110 6122 6062
6699 5 2 7 7 6050 6110 6122 6062 6051 6111 6123 6063
6700 5 2 7 7 6051 6111 6123 6063 6052 6112 6124 6064
6701 5 2 7 7 6052 6112 6124 6064 6053 6113 6125 6065
6702 5 2 7 7 6053 6113 6125 6065 6054 6114 6126 6066
6703 5 2 7 7 6054 6114 6126 6066 6055 6115 6127 6067
6704 5 2 7 7 6055 6115 6127 6067 6056 6116 6128 6068
6705 5 2 7 7 6056 6116 6128 6068 6057 6117 6129 6069
6706 5 2 7 7 6057 6117 6129 6069 6058 6118 6130 6070
6707 5 2 7 7 6058 6118 6130 6070 6059 6119 6131 6071
6708 5 2 7 7 6059 6119 6131 6071 6060 6120 6132 6072
6709 5 2 7 7 6060 6120 6132 6072 2668 2673 2674 2669
6710 5 2 7 7 1424 1429 1430 1425 6061 6121 6133 6073
6711 5 2 7 7 6061 6121 6133 6073 6062 6122 6134 6074
6712 5 2 7 7 6062 6122 6134 6074 6063 6123 6135 6075
6713 5 2 7 7 6063 6123 6135 6075 6064 6124 6136 6076
6714 5 2 7 7 6064 6124 6136 6076 6065 6125 6137 6077
6715 5 2 7 7 6065 6125 6137 6077 6066 6126 6138 6078
6716 5 2 7 7 6066 6126 6138 6078 6067 6127 6139 6079
6717 5 2 7 7 6067 6127 6139 6079 6068 6128 6140 6080
6718 5 2 7 7 6068 6128 6140 6080 6069 6129 6141 6081
6719 5 2 7 7 6069 6129 6141 6081 6070 6130 6142 6082
6720 5 2 7 7 6070 6130 6142 6082 6071 6131 6143 6083
6721 5 2 7 7 6071 6131 6143 6083 6072 6132 6144 6084
6722 5 2 7 7 6072 6132 6144 6084 2669 2674 2675 2670
6723 5 2 7 7 1425 1430 1431 1426 6073 6133 6145 6085
6724 5 2 7 7 6073 6133 6145 6085 6074 6134 6146 6086
6725 5 2 7 7 6074 6134 6146 6086 6075 6135 6147 6087
6726 5 2 7 7 6075 6135 6147 6087 6076 6136 6148 6088
6727 5 2 7 7 6076 6136 6148 6088 6077 6137 6149 6089
6728 5 2 7 7 6077 6137 6149 6089 6078 6138 6150 6090
6729 5 2 7 7 6078 6138 6150 6090 6079 6139 6151 6091
6730 5 2 7 7 6079 6139 6151 6091 6080 6140 6152 6092
6731 5 2 7 7 6080 6140 6152 6092 6081 6141 6153 6093
6732 5 2 7 7 6081 6141 6153 6093 6082 6142 6154 6094
6733 5 2 7 7 6082 6142 6154 6094 6083 6143 6155 6095
6734 5 2 7 7 6083 6143 6155 6095 6084 6144 6156 6096
6735 5 2 7 7 6084 6144 6156 6096 2670 2675 2676 2671
6736 5 2 7 7 1426 1431 252 253 6085 6145 2566 2578
6737 5 2 7 7 6085 6145 2566 2578 6086 6146 2567 2579
6738 5 2 7 7 6086 6146 2567 2579 6087 6147 2568 2580
6739 5 2 7 7 6087 6147 2568 2580 6088 6148 2569 2581
6740 5 2 7 7 6088 6148 2569 2581 6089 6149 2570 2582
6741 5 2 7 7 6089 6149 2570 2582 6090 6150 2571 2583
6742 5 2 7 7 6090 6150 2571 2583 6091 6151 2572 2584
6743 5 2 7 7 6091 6151 2572 2584 6092 6152 2573 2585
6744 5 2 7 7 6092 6152 2573 2585 6093 6153 2574 2586
6745 5 2 7 7 6093 6153 2574 2586 6094 6154 2575 2587
6746 5 2 7 7 6094 6154 2575 2587 6095 6155 2576 2588
6747 5 2 7 7 6095 6155 2576 2588 6096 6156 2577 2589
6748 5 2 7 7 6096 6156 2577 2589 2671 2676 447 448
6749 5 2 7 7 228 229 1432 1427 2386 2398 6157 6097
6750 5 2 7 7 2386 2398 6157 6097 2387 2399 6158 6098
6751 5 2 7 7 2387 2399 6158 6098 2388 2400 6159 6099
6752 5 2 7 7 2388 2400 6159 6099 2389 2401 6160 6100
6753 5 2 7 7 2389 2401 6160 6100 2390 2402 6161 6101
6754 5 2 7 7 2390 2402 6161 6101 2391 2403 6162 6102
6755 5 2 7 7 2391 2403 6162 6102 2392 2404 6163 6103
6756 5 2 7 7 2392 2404 6163 6103 2393 2405 6164 6104
6757 5 2 7 7 2393 2405 6164 6104 2394 2406 6165 6105
6758 5 2 7 7 2394 2406 6165 6105 2395 2407 6166 6106
6759 5 2 7 7 2395 2407 6166 6106 2396 2408 6167 6107
6760 5 2 7 7 2396 2408 6167 6107 2397 2409 6168 6108
6761 5 2 7 7 2397 2409 6168 6108 420 421 2677 2672
6762 5 2 7 7 1427 1432 1433 1428 6097 6157 6169 6109
6763 5 2 7 7 6097 6157 6169 6109 6098 6158 6170 6110
6764 5 2 7 7 6098 6158 6170 6110 6099 6159 6171 6111
6765 5 2 7 7 6099 6159 6171 6111 6100 6160 6172 6112
6766 5 2 7 7 6100 6160 6172 6112 6101 6161 6173 6113
6767 5 2 7 7 6101 6161 6173 6113 6102 6162 6174 6114
6768 5 2 7 7 6102 6162 6174 6114 6103 6163 6175 6115
6769 5 2 7 7 6103 6163 6175 6115 6104 6164 6176 6116
6770 5 2 7 7 6104 6164 6176 6116 6105 6165 6177 6117
6771 5 2 7 7 6105 6165 6177 6117 6106 6166 6178 6118
6772 5 2 7 7 6106 6166 6178 6118 6107 6167 6179 6119
6773 5 2 7 7 6107 6167 6179 6119 6108 6168 6180 6120
6774 5 2 7 7 6108 6168 6180 6120 2672 2677 2678 2673
6775 5 2 7 7 1428 1433 1434 1429 6109 6169 6181 6121
6776 5 2 7 7 6109 6169 6181 6121 6110 6170 6182 6122
6777 5 2 7 7 6110 6170 6182 6122 6111 6171 6183 6123
6778 5 2 7 7 6111 6171 6183 6123 6112 6172 6184 6124
6779 5 2 7 7 6112 6172 6184 6124 6113 6173 6185 6125
6780 5 2 7 7 6113 6173 6185 6125 6114 6174 6186 6126
6781 5 2 7 7 6114 6174 6186 6126 6115 6175 6187 6127
6782 5 2 7 7 6115 6175 6187 6127 6116 6176 6188 6128
6783 5 2 7 7 6116 6176 6188 6128 6117 6177 6189 6129
6784 5 2 7 7 6117 6177 6189 6129 6118 6178 6190 6130
6785 5 2 7 7 6118 6178 6190 6130 6119 6179 6191 6131
6786 5 2 7 7 6119 6179 6191 6131 6120 6180 6192 6132
6787 5 2 7 7 6120 6180 6192 6132 2673 2678 2679 2674
6788 5 2 7 7 1429 1434 1435 1430 6121 6181 6193 6133
6789 5 2 7 7 6121 6181 6193 6133 6122 6182 6194 6134
6790 5 2 7 7 6122 6182 6194 6134 6123 6183 6195 6135
6791 5 2 7 7 6123 6183 6195 6135 6124 6184 6196 6136
6792 5 2 7 7 6124 6184 6196 6136 6125 6185 6197 6137
6793 5 2 7 7 6125 6185 6197 6137 6126 6186 6198 6138
6794 5 2 7 7 6126 6186 6198 6138 6127 6187 6199 6139
6795 5 2 7 7 6127 6187 6199 6139 6128 6188 6200 6140
6796 5 2 7 7 6128 6188 6200 6140 6129 6189 6201 6141
6797 5 2 7 7 6129 6189 6201 6141 6130 6190 6202 6142
6798 5 2 7 7 6130 6190 6202 6142 6131 6191 6203 6143
6799 5 2 7 7 6131 6191 6203 6143 6132 6192 6204 6144
6800 5 2 7 7 6132 6192 6204 6144 2674 2679 2680 2675
6801 5 2 7 7 1430 1435 1436 1431 6133 6193 6205 6145
6802 5 2 7 7 6133 6193 6205 6145 6134 6194 6206 6146
6803 5 2 7 7 6134 6194 6206 6146 6135 6195 6207 6147
6804 5 2 7 7 6135 6195 6207 6147 6136 6196 6208 6148
6805 5 2 7 7 6136 6196 6208 6148 6137 6197 6209 6149
6806 5 2 7 7 6137 6197 6209 6149 6138 6198 6210 6150
6807 5 2 7 7 6138 6198 6210 6150 6139 6199 6211 6151
6808 5 2 7 7 6139 6199 6211 6151 6140 6200 6212 6152
6809 5 2 7 7 6140 6200 6212 6152 6141 6201 6213 6153
6810 5 2 7 7 6141 6201 6213 6153 6142 6202 6214 6154
6811 5 2 7 7 6142 6202 6214 6154 6143 6203 6215 6155
6812 5 2 7 7 6143 6203 6215 6155 6144 6204 6216 6156
6813 5 2 7 7 6144 6204 6216 6156 2675 2680 2681 2676
6814 5 2 7 7 1431 1436 251 252 6145 6205 2554 2566
6815 5 2 7 7 6145 6205 2554 2566 6146 6206 2555 2567
6816 5 2 7 7 6146 6206 2555 2567 6147 6207 2556 2568
6817 5 2 7 7 6147 6207 2556 2568 6148 6208 2557 2569
6818 5 2 7 7 6148 6208 2557 2569 6149 6209 2558 2570
6819 5 2 7 7 6149 6209 2558 2570 6150 6210 2559 2571
6820 5 2 7 7 6150 6210 2559 2571 6151 6211 2560 2572
6821 5 2 7 7 6151 6211 2560 2572 6152 6212 2561 2573
6822 5 2 7 7 6152 6212 2561 2573 6153 6213 2562 2574
6823 5 2 7 7 6153 6213 2562 2574 6154 6214 2563 2575
6824 5 2 7 7 6154 6214 2563 2575 6155 6215 2564 2576
6825 5 2 7 7 6155 6215 2564 2576 6156 6216 2565 2577
6826 5 2 7 7 6156 6216 2565 2577 2676 2681 446 447
6827 5 2 7 7 229 230 1437 1432 2398 2410 6217 6157
6828 5 2 7 7 2398 2410 6217 6157 2399 2411 6218 6158
6829 5 2 7 7 2399 2411 6218 6158 2400 2412 6219 6159
6830 5 2 7 7 2400 2412 6219 6159 2401 2413 6220 6160
6831 5 2 7 7 2401 2413 6220 6160 2402 2414 6221 6161
6832 5 2 7 7 2402 2414 6221 6161 2403 2415 6222 6162
6833 5 2 7 7 2403 2415 6222 6162 2404 2416 6223 6163
6834 5 2 7 7 2404 2416 6223 6163 2405 2417 6224 6164
6835 5 2 7 7 2405 2417 6224 6164 2406 2418 6225 6165
6836 5 2 7 7 2406 2418 6225 6165 2407 2419 6226 6166
6837 5 2 7 7 2407 2419 6226 6166 2408 2420 6227 6167
6838 5 2 7 7 2408 2420 6227 6167 2409 2421 6228 6168
6839 5 2 7 7 2409 2421 6228 6168 421 422 2682 2677
6840 5 2 7 7 1432 1437 1438 1433 6157 6217 6229 6169
6841 5 2 7 7 6157 6217 6229 6169 6158 6218 6230 6170
6842 5 2 7 7 6158 6218 6230 6170 6159 6219 6231 6171
6843 5 2 7 7 6159 6219 6231 6171 6160 6220 6232 6172
6844 5 2 7 7 6160 6220 6232 6172 6161 6221 6233 6173
6845 5 2 7 7 6161 6221 6233 6173 6162 6222 6234 6174
6846 5 2 7 7 6162 6222 6234 6174 6163 6223 6235 6175
6847 5 2 7 7 6163 6223 6235 6175 6164 6224 6236 6176
6848 5 2 7 7 6164 6224 6236 6176 6165 6225 6237 6177
6849 5 2 7 7 6165 6225 6237 6177 6166 6226 6238 6178
6850 5 2 7 7 6166 6226 6238 6178 6167 6227 6239 6179
6851 5 2 7 7 6167 6227 6239 6179 6168 6228 6240 6180
6852 5 2 7 7 6168 6228 6240 6180 2677 2682 2683 2678
6853 5 2 7 7 1433 1438 1439 1434 6169 6229 6241 6181
6854 5 2 7 7 6169 6229 6241 6181 6170 6230 6242 6182
6855 5 2 7 7 6170 6230 6242 6182 6171 6231 6243 6183
6856 5 2 7 7 6171 6231 6243 6183 6172 6232 6244 6184
6857 5 2 7 7 6172 6232 6244 6184 6173 6233 6245 6185
6858 5 2 7 7 6173 6233 6245 6185 6174 6234 6246 6186
6859 5 2 7 7 6174 6234 6246 6186 6175 6235 6247 6187
6860 5 2 7 7 6175 6235 6247 6187 6176 6236 6248 6188
6861 5 2 7 7 6176 6236 6248 6188 6177 6237 6249 6189
6862 5 2 7 7 6177 6237 6249 6189 6178 6238 6250 6190
6863 5 2 7 7 6178 6238 6250 6190 6179 6239 6251 6191
6864 5 2 7 7 6179 6239 6251 6191 6180 6240 6252 6192
6865 5 2 7 7 6180 6240 6252 6192 2678 2683 2684 2679
6866 5 2 7 7 1434 1439 1440 1435 6181 6241 6253 6193
6867 5 2 7 7 6181 6241 6253 6193 6182 6242 6254 6194
6868 5 2 7 7 6182 6242 6254 6194 6183 6243 6255 6195
6869 5 2 7 7 6183 6243 6255 6195 6184 6244 6256 6196
6870 5 2 7 7 6184 6244 6256 6196 6185 6245 6257 6197
6871 5 2 7 7 6185 6245 6257 6197 6186 6246 6258 6198
6872 5 2 7 7 6186 6246 6258 6198 6187 6247 6259 6199
6873 5 2 7 7 6187 6247 6259 6199 6188 6248 6260 6200
6874 5 2 7 7 6188 6248 6260 6200 6189 6249 6261 6201
6875 5 2 7 7 6189 6249 6261 6201 6190 6250 6262 6202
6876 5 2 7 7 6190 6250 6262 6202 6191 6251 6263 6203
6877 5 2 7 7 6191 6251 6263 6203 6192 6252 6264 6204
6878 5 2 7 7 6192 6252 6264 6204 2679 2684 2685 2680
6879 5 2 7 7 1435 1440 1441 1436 6193 6253 6265 6205
6880 5 2 7 7 6193 6253 6265 6205 6194 6254 6266 6206
6881 5 2 7 7 6194 6254 6266 6206 6195 6255 6267 6207
6882 5 2 7 7 6195 6255 6267 6207 6196 6256 6268 6208
6883 5 2 7 7 6196 6256 6268 6208 6197 6257 6269 6209
6884 5 2 7 7 6197 6257 6269 6209 6198 6258 6270 6210
6885 5 2 7 7 6198 6258 6270 6210 6199 6259 6271 6211
6886 5 2 7 7 6199 6259 6271 6211 6200 6260 6272 6212
6887 5 2 7 7 6200 6260 6272 6212 6201 6261 6273 6213
6888 5 2 7 7 6201 6261 6273 6213 6202 6262 6274 6214
6889 5 2 7 7 6202 6262 6274 6214 6203 6263 6275 6215
6890 5 2 7 7 6203 6263 6275 6215 6204 6264 6276 6216
6891 5 2 7 7 6204 6264 6276 6216 2680 2685 2686 2681
6892 5 2 7 7 1436 1441 250 251 6205 6265 2542 2554
6893 5 2 7 7 6205 6265 2542 2554 6206 6266 2543 2555
6894 5 2 7 7 6206 6266 2543 2555 6207 6267 2544 2556
6895 5 2 7 7 6207 6267 2544 2556 6208 6268 2545 2557
6896 5 2 7 7 6208 6268 2545 2557 6209 6269 2546 2558
6897 5 2 7 7 6209 6269 2546 2558 6210 6270 2547 2559
6898 5 2 7 7 6210 6270 2547 2559 6211 6271 2548 2560
6899 5 2 7 7 6211 6271 2548 2560 6212 6272 2549 2561
6900 5 2 7 7 6212 6272 2549 2561 6213 6273 2550 2562
6901 5 2 7 7 6213 6273 2550 2562 6214 6274 2551 2563
6902 5 2 7 7 6214 6274 2551 2563 6215 6275 2552 2564
6903 5 2 7 7 6215 6275 2552 2564 6216 6276 2553 2565
6904 5 2 7 7 6216 6276 2553 2565 2681 2686 445 446
6905 5 2 7 7 230 231 1442 1437 2410 2422 6277 6217
6906 5 2 7 7 2410 2422 6277 6217 2411 2423 6278 6218
6907 5 2 7 7 2411 2423 6278 6218 2412 2424 6279 6219
6908 5 2 7 7 2412 2424 6279 6219 2413 2425 6280 6220
6909 5 2 7 7 2413 2425 6280 6220 2414 2426 6281 6221
6910 5 2 7 7 2414 2426 6281 6221 2415 2427 6282 6222
6911 5 2 7 7 2415 2427 6282 6222 2416 2428 6283 6223
6912 5 2 7 7 2416 2428 6283 6223 2417 2429 6284 6224
6913 5 2 7 7 2417 2429 6284 6224 2418 2430 6285 6225
6914 5 2 7 7 2418 2430 6285 6225 2419 2431 6286 6226
6915 5 2 7 7 2419 2431 6286 6226 2420 2432 6287 6227
6916 5 2 7 7 2420 2432 6287 6227 2421 2433 6288 6228
6917 5 2 7 7 2421 2433 6288 6228 422 423 2687 2682
6918 5 2 7 7 1437 1442 1443 1438 6217 6277 6289 6229
6919 5 2 7 7 6217 6277 6289 6229 6218 6278 6290 6230
6920 5 2 7 7 6218 6278 6290 6230 6219 6279 6291 6231
6921 5 2 7 7 6219 6279 6291 6231 6220 6280 6292 6232
6922 5 2 7 7 6220 6280 6292 6232 6221 6281 6293 6233
6923 5 2 7 7 6221 6281 6293 6233 6222 6282 6294 6234
6924 5 2 7 7 6222 6282 6294 6234 6223 6283 6295 6235
6925 5 2 7 7 6223 6283 6295 6235 6224 6284 6296 6236
6926 5 2 7 7 6224 6284 6296 6236 6225 6285 6297 6237
6927 5 2 7 7 6225 6285 6297 6237 6226 6286 6298 6238
6928 5 2 7 7 6226 6286 6298 6238 6227 6287 6299 6239
6929 5 2 7 7 6227 6287 6299 6239 6228 6288 6300 6240
6930 5 2 7 7 6228 6288 6300 6240 2682 2687 2688 2683
6931 5 2 7 7 1438 1443 1444 1439 6229 6289 6301 6241
6932 5 2 7 7 6229 6289 6301 6241 6230 6290 6302 6242
6933 5 2 7 7 6230 6290 6302 6242 6231 6291 6303 6243
6934 5 2 7 7 6231 6291 6303 6243 6232 6292 6304 6244
6935 5 2 7 7 6232 6292 6304 6244 6233 6293 6305 6245
6936 5 2 7 7 6233 6293 6305 6245 6234 6294 6306 6246
6937 5 2 7 7 6234 6294 6306 6246 6235 6295 6307 6247
6938 5 2 7 7 6235 6295 6307 6247 6236 6296 6308 6248
6939 5 2 7 7 6236 6296 6308 6248 6237 6297 6309 6249
6940 5 2 7 7 6237 6297 6309 6249 6238 6298 6310 6250
6941 5 2 7 7 6238 6298 6310 6250 6239 6299 6311 6251
6942 5 2 7 7 6239 6299 6311 6251 6240 6300 6312 6252
6943 5 2 7 7 6240 6300 6312 6252 2683 2688 2689 2684
6944 5 2 7 7 1439 1444 1445 1440 6241 6301 6313 6253
6945 5 2 7 7 6241 6301 6313 6253 6242 6302 6314 6254
6946 5 2 7 7 6242 6302 6314 6254 6243 6303 6315 6255
6947 5 2 7 7 6243 6303 6315 6255 6244 6304 6316 6256
6948 5 2 7 7 6244 6304 6316 6256 6245 6305 6317 6257
6949 5 2 7 7 6245 6305 6317 6257 6246 6306 6318 6258
6950 5 2 7 7 6246 6306 6318 6258 6247 6307 6319 6259
6951 5 2 7 7 6247 6307 6319 6259 6248 6308 6320 6260
6952 5 2 7 7 6248 6308 6320 6260 6249 6309 6321 6261
6953 5 2 7 7 6249 6309 6321 6261 6250 6310 6322 6262
6954 5 2 7 7 6250 6310 6322 6262 6251 6311 6323 6263
6955 5 2 7 7 6251 6311 6323 6263 6252 6312 6324 6264
6956 5 2 7 7 6252 6312 6324 6264 2684 2689 2690 2685
6957 5 2 7 7 1440 1445 1446 1441 6253 6313 6325 6265
6958 5 2 7 7 6253 6313 6325 6265 6254 6314 6326 6266
6959 5 2 7 7 6254 6314 6326 6266 6255 6315 6327 6267
6960 5 2 7 7 6255 6315 6327 6267 6256 6316 6328 6268
6961 5 2 7 7 6256 6316 6328 6268 6257 6317 6329 6269
6962 5 2 7 7 6257 6317 6329 6269 6258 6318 6330 6270
6963 5 2 7 7 6258 6318 6330 6270 6259 6319 6331 6271
6964 5 2 7 7 6259 6319 6331 6271 6260 6320 6332 6272
6965 5 2 7 7 6260 6320 6332 6272 6261 6321 6333 6273
6966 5 2 7 7 6261 6321 6333 6273 6262 6322 6334 6274
6967 5 2 7 7 6262 6322 6334 6274 6263 6323 6335 6275
6968 5 2 7 7 6263 6323 6335 6275 6264 6324 6336 6276
6969 5 2 7 7 6264 6324 6336 6276 2685 2690 2691 2686
6970 5 2 7 7 1441 1446 249 250 6265 6325 2530 2542
6971 5 2 7 7 6265 6325 2530 2542 6266 6326 2531 2543
6972 5 2 7 7 6266 6326 2531 2543 6267 6327 2532 2544
6973 5 2 7 7 6267 6327 2532 2544 6268 6328 2533 2545
6974 5 2 7 7 6268 6328 2533 2545 6269 6329 2534 2546
6975 5 2 7 7 6269 6329 2534 2546 6270 6330 2535 2547
6976 5 2 7 7 6270 6330 2535 2547 6271 6331 2536 2548
6977 5 2 7 7 6271 6331 2536 2548 6272 6332 2537 2549
6978 5 2 7 7 6272 6332 2537 2549 6273 6333 2538 2550
6979 5 2 7 7 6273 6333 2538 2550 6274 6334 2539 2551
6980 5 2 7 7 6274 6334 2539 2551 6275 6335 2540 2552
6981 5 2 7 7 6275 6335 2540 2552 6276 6336 2541 2553
6982 5 2 7 7 6276 6336 2541 2553 2686 2691 444 445
6983 5 2 7 7 231 232 1447 1442 2422 2434 6337 6277
6984 5 2 7 7 2422 2434 6337 6277 2423 2435 6338 6278
6985 5 2 7 7 2423 2435 6338 6278 2424 2436 6339 6279
6986 5 2 7 7 2424 2436 6339 6279 2425 2437 6340 6280
6987 5 2 7 7 2425 2437 6340 6280 2426 2438 6341 6281
6988 5 2 7 7 2426 2438 6341 6281 2427 2439 6342 6282
6989 5 2 7 7 2427 2439 6342 6282 2428 2440 6343 6283
6990 5 2 7 7 2428 2440 6343 6283 2429 2441 6344 6284
6991 5 2 7 7 2429 2441 6344 6284 2430 2442 6345 6285
6992 5 2 7 7 2430 2442 6345 6285 2431 2443 6346 6286
6993 5 2 7 7 2431 2443 6346 6286 2432 2444 6347 6287
6994 5 2 7 7 2432 2444 6347 6287 2433 2445 6348 6288
6995 5 2 7 7 2433 2445 6348 6288 423 424 2692 2687
6996 5 2 7 7 1442 1447 1448 1443 6277 6337 6349 6289
6997 5 2 7 7 6277 6337 6349 6289 6278 6338 6350 6290
6998 5 2 7 7 6278 6338 6350 6290 6279 6339 6351 6291
6999 5 2 7 7 6279 6339 6351 6291 6280 6340 6352 6292
7000 5 2 7 7 6280 6340 6352 6292 6281 6341 6353 6293
7001 5 2 7 7 6281 6341 6353 6293 6282 6342 6354 6294
7002 5 2 7 7 6282 6342 6354 6294 6283 6343 6355 6295
7003 5 2 7 7 6283 6343 6355 6295 6284 6344 6356 6296
7004 5 2 7 7 6284 6344 6356 6296 6285 6345 6357 6297
7005 5 2 7 7 6285 6345 6357 6297 6286 6346 6358 6298
7006 5 2 7 7 6286 6346 6358 6298 6287 6347 6359 6299
7007 5 2 7 7 6287 6347 6359 6299 6288 6348 6360 6300
7008 5 2 7 7 6288 6348 6360 6300 2687 2692 2693 2688
7009 5 2 7 7 1443 1448 1449 1444 6289 6349 6361 6301
7010 5 2 7 7 6289 6349 6361 6301 6290 6350 6362 6302
7011 5 2 7 7 6290 6350 6362 6302 6291 6351 6363 6303
7012 5 2 7 7 6291 6351 6363 6303 6292 6352 6364 6304
7013 5 2 7 7 6292 6352 6364 6304 6293 6353 6365 6305
7014 5 2 7 7 6293 6353 6365 6305 6294 6354 6366 6306
7015 5 2 7 7 6294 6354 6366 6306 6295 6355 6367 6307
7016 5 2 7 7 6295 6355 6367 6307 6296 6356 6368 6308
7017 5 2 7 7 6296 6356 6368 6308 6297 6357 6369 6309
7018 5 2 7 7 6297 6357 6369 6309 6298 6358 6370 6310
7019 5 2 7 7 6298 6358 6370 6310 6299 6359 6371 6311
7020 5 2 7 7 6299 6359 6371 6311 6300 6360 6372 6312
7021 5 2 7 7 6300 6360 6372 6312 2688 2693 2694 2689
7022 5 2 7 7 1444 1449 1450 1445 6301 6361 6373 6313
7023 5 2 7 7 6301 6361 6373 6313 6302 6362 6374 6314
7024 5 2 7 7 6302 6362 6374 6314 6303 6363 6375 6315
7025 5 2 7 7 6303 6363 6375 6315 6304 6364 6376 6316
7026 5 2 7 7 6304 6364 6376 6316 6305 6365 6377 6317
7027 5 2 7 7 6305 6365 6377 6317 6306 6366 6378 6318
7028 5 2 7 7 6306 6366 6378 6318 6307 6367 6379 6319
7029 5 2 7 7 6307 6367 6379 6319 6308 6368 6380 6320
7030 5 2 7 7 6308 6368 6380 6320 6309 6369 6381 6321
7031 5 2 7 7 6309 6369 6381 6321 6310 6370 6382 6322
7032 5 2 7 7 6310 6370 6382 6322 6311 6371 6383 6323
7033 5 2 7 7 6311 6371 6383 6323 6312 6372 6384 6324
7034 5 2 7 7 6312 6372 6384 6324 2689 2694 2695 2690
7035 5 2 7 7 1445 1450 1451 1446 6313 6373 6385 6325
7036 5 2 7 7 6313 6373 6385 6325 6314 6374 6386 6326
7037 5 2 7 7 6314 6374 6386 6326 6315 6375 6387 6327
7038 5 2 7 7 6315 6375 6387 6327 6316 6376 6388 6328
7039 5 2 7 7 6316 6376 6388 6328 6317 6377 6389 6329
7040 5 2 7 7 6317 6377 6389 6329 6318 6378 6390 6330
7041 5 2 7 7 6318 6378 6390 6330 6319 6379 6391 6331
7042 5 2 7 7 6319 6379 6391 6331 6320 6380 6392 6332
7043 5 2 7 7 6320 6380 6392 6332 6321 6381 6393 6333
7044 5 2 7 7 6321 6381 6393 6333 6322 6382 6394 6334
7045 5 2 7 7 6322 6382 6394 6334 6323 6383 6395 6335
7046 5 2 7 7 6323 6383 6395 6335 6324 6384 6396 6336
7047 5 2 7 7 6324 6384 6396 6336 2690 2695 2696 2691
7048 5 2 7 7 1446 1451 248 249 6325 6385 2518 2530
7049 5 2 7 7 6325 6385 2518 2530 6326 6386 2519 2531
7050 5 2 7 7 6326 6386 2519 2531 6327 6387 2520 2532
7051 5 2 7 7 6327 6387 2520 2532 6328 6388 2521 2533
7052 5 2 7 7 6328 6388 2521 2533 6329 6389 2522 2534
7053 5 2 7 7 6329 6389 2522 2534 6330 6390 2523 2535
7054 5 2 7 7 6330 6390 2523 2535 6331 6391 2524 2536
7055 5 2 7 7 6331 6391 2524 2536 6332 6392 2525 2537
7056 5 2 7 7 6332 6392 2525 2537 6333 6393 2526 2538
7057 5 2 7 7 6333 6393 2526 2538 6334 6394 2527 2539
7058 5 2 7 7 6334 6394 2527 2539 6335 6395 2528 2540
7059 5 2 7 7 6335 6395 2528 2540 6336 6396 2529 2541
7060 5 2 7 7 6336 6396 2529 2541 2691 2696 443 444
7061 5 2 7 7 232 233 1452 1447 2434 2446 6397 6337
7062 5 2 7 7 2434 2446 6397 6337 2435 2447 6398 6338
7063 5 2 7 7 2435 2447 6398 6338 2436 2448 6399 6339
7064 5 2 7 7 2436 2448 6399 6339 2437 2449 6400 6340
7065 5 2 7 7 2437 2449 6400 6340 2438 2450 6401 6341
7066 5 2 7 7 2438 2450 6401 6341 2439 2451 6402 6342
7067 5 2 7 7 2439 2451 6402 6342 2440 2452 6403 6343
7068 5 2 7 7 2440 2452 6403 6343 2441 2453 6404 6344
7069 5 2 7 7 2441 2453 6404 6344 2442 2454 6405 6345
7070 5 2 7 7 2442 2454 6405 6345 2443 2455 6406 6346
7071 5 2 7 7 2443 2455 6406 6346 2444 2456 6407 6347
7072 5 2 7 7 2444 2456 6407 6347 2445 2457 6408 6348
7073 5 2 7 7 2445 2457 6408 6348 424 425 2697 2692
7074 5 2 7 7 1447 1452 1453 1448 6337 6397 6409 6349
7075 5 2 7 7 6337 6397 6409 6349 6338 6398 6410 6350
7076 5 2 7 7 6338 6398 6410 6350 6339 6399 6411 6351
7077 5 2 7 7 6339 6399 6411 6351 6340 6400 6412 6352
7078 5 2 7 7 6340 6400 6412 6352 6341 6401 6413 6353
7079 5 2 7 7 6341 6401 6413 6353 6342 6402 6414 6354
7080 5 2 7 7 6342 6402 6414 6354 6343 6403 6415 6355
7081 5 2 7 7 6343 6403 6415 6355 6344 6404 6416 6356
7082 5 2 7 7 6344 6404 6416 6356 6345 6405 6417 6357
7083 5 2 7 7 6345 6405 6417 6357 6346 6406 6418 6358
7084 5 2 7 7 6346 6406 6418 6358 6347 6407 6419 6359
7085 5 2 7 7 6347 6407 6419 6359 6348 6408 6420 6360
7086 5 2 7 7 6348 6408 6420 6360 2692 2697 2698 2693
7087 5 2 7 7 1448 1453 1454 1449 6349 6409 6421 6361
7088 5 2 7 7 6349 6409 6421 6361 6350 6410 6422 6362
7089 5 2 7 7 6350 6410 6422 6362 6351 6411 6423 6363
7090 5 2 7 7 6351 6411 6423 6363 6352 6412 6424 6364
7091 5 2 7 7 6352 6412 6424 6364 6353 6413 6425 6365
7092 5 2 7 7 6353 6413 6425 6365 6354 6414 6426 6366
7093 5 2 7 7 6354 6414 6426 6366 6355 6415 6427 6367
7094 5 2 7 7 6355 6415 6427 6367 6356 6416 6428 6368
7095 5 2 7 7 6356 6416 6428 6368 6357 6417 6429 6369
7096 5 2 7 7 6357 6417 6429 6369 6358 6418 6430 6370
7097 5 2 7 7 6358 6418 6430 6370 6359 6419 6431 6371
7098 5 2 7 7 6359 6419 6431 6371 6360 6420 6432 6372
7099 5 2 7 7 6360 6420 6432 6372 2693 2698 2699 2694
7100 5 2 7 7 1449 1454 1455 1450 6361 6421 6433 6373
7101 5 2 7 7 6361 6421 6433 6373 6362 6422 6434 6374
7102 5 2 7 7 6362 6422 6434 6374 6363 6423 6435 6375
7103 5 2 7 7 6363 6423 6435 6375 6364 6424 6436 6376
7104 5 2 7 7 6364 6424 6436 6376 6365 6425 6437 6377
7105 5 2 7 7 6365 6425 6437 6377 6366 6426 6438 6378
7106 5 2 7 7 6366 6426 6438 6378 6367 6427 6439 6379
7107 5 2 7 7 6367 6427 6439 6379 6368 6428 6440 6380
7108 5 2 7 7 6368 6428 6440 6380 6369 6429 6441 6381
7109 5 2 7 7 6369 6429 6441 6381 6370 6430 6442 6382
7110 5 2 7 7 6370 6430 6442 6382 6371 6431 6443 6383
7111 5 2 7 7 6371 6431 6443 6383 6372 6432 6444 6384
7112 5 2 7 7 6372 6432 6444 6384 2694 2699 2700 2695
7113 5 2 7 7 1450 1455 1456 1451 6373 6433 6445 6385
7114 5 2 7 7 6373 6433 6445 6385 6374 6434 6446 6386
7115 5 2 7 7 6374 6434 6446 6386 6375 6435 6447 6387
7116 5 2 7 7 6375 6435 6447 6387 6376 6436 6448 6388
7117 5 2 7 7 6376 6436 6448 6388 6377 6437 6449 6389
7118 5 2 7 7 6377 6437 6449 6389 6378 6438 6450 6390
7119 5 2 7 7 6378 6438 6450 6390 6379 6439 6451 6391
7120 5 2 7 7 6379 6439 6451 6391 6380 6440 6452 6392
7121 5 2 7 7 6380 6440 6452 6392 6381 6441 6453 6393
7122 5 2 7 7 6381 6441 6453 6393 6382 6442 6454 6394
7123 5 2 7 7 6382 6442 6454 6394 6383 6443 6455 6395
7124 5 2 7 7 6383 6443 6455 6395 6384 6444 6456 6396
7125 5 2 7 7 6384 6444 6456 6396 2695 2700 2701 2696
7126 5 2 7 7 1451 1456 247 248 6385 6445 2506 2518
7127 5 2 7 7 6385 6445 2506 2518 6386 6446 2507 2519
7128 5 2 7 7 6386 6446 2507 2519 6387 6447 2508 2520
7129 5 2 7 7 6387 6447 2508 2520 6388 6448 2509 2521
7130 5 2 7 7 6388 6448 2509 2521 6389 6449 2510 2522
7131 5 2 7 7 6389 6449 2510 2522 6390 6450 2511 2523
7132 5 2 7 7 6390 6450 2511 2523 6391 6451 2512 2524
7133 5 2 7 7 6391 6451 2512 2524 6392 6452 2513 2525
7134 5 2 7 7 6392 6452 2513 2525 6393 6453 2514 2526
7135 5 2 7 7 6393 6453 2514 2526 6394 6454 2515 2527
7136 5 2 7 7 6394 6454 2515 2527 6395 6455 2516 2528
7137 5 2 7 7 6395 6455 2516 2528 6396 6456 2517 2529
7138 5 2 7 7 6396 6456 2517 2529 2696 2701 442 443
7139 5 2 7 7 233 234 1457 1452 2446 2458 6457 6397
7140 5 2 7 7 2446 2458 6457 6397 2447 2459 6458 6398
7141 5 2 7 7 2447 2459 6458 6398 2448 2460 6459 6399
7142 5 2 7 7 2448 2460 6459 6399 2449 2461 6460 6400
7143 5 2 7 7 2449 2461 6460 6400 2450 2462 6461 6401
7144 5 2 7 7 2450 2462 6461 6401 2451 2463 6462 6402
7145 5 2 7 7 2451 2463 6462 6402 2452 2464 6463 6403
7146 5 2 7 7 2452 2464 6463 6403 2453 2465 6464 6404
7147 5 2 7 7 2453 2465 6464 6404 2454 2466 6465 6405
7148 5 2 7 7 2454 2466 6465 6405 2455 2467 6466 6406
7149 5 2 7 7 2455 2467 6466 6406 2456 2468 6467 6407
7150 5 2 7 7 2456 2468 6467 6407 2457 2469 6468 6408
7151 5 2 7 7 2457 2469 6468 6408 425 426 2702 2697
7152 5 2 7 7 1452 1457 1458 1453 6397 6457 6469 6409
7153 5 2 7 7 6397 6457 6469 6409 6398 6458 6470 6410
7154 5 2 7 7 6398 6458 6470 6410 6399 6459 6471 6411
7155 5 2 7 7 6399 6459 6471 6411 6400 6460 6472 6412
7156 5 2 7 7 6400 6460 6472 6412 6401 6461 6473 6413
7157 5 2 7 7 6401 6461 6473 6413 6402 6462 6474 6414
7158 5 2 7 7 6402 6462 6474 6414 6403 6463 6475 6415
7159 5 2 7 7 6403 6463 6475 6415 6404 6464 6476 6416
7160 5 2 7 7 6404 6464 6476 6416 6405 6465 6477 6417
7161 5 2 7 7 6405 6465 6477 6417 6406 6466 6478 6418
7162 5 2 7 7 6406 6466 6478 6418 6407 6467 6479 6419
7163 5 2 7 7 6407 6467 6479 6419 6408 6468 6480 6420
7164 5 2 7 7 6408 6468 6480 6420 2697 2702 2703 2698
7165 5 2 7 7 1453 1458 1459 1454 6409 6469 6481 6421
7166 5 2 7 7 6409 6469 6481 6421 6410 6470 6482 6422
7167 5 2 7 7 6410 6470 6482 6422 6411 6471 6483 6423
7168 5 2 7 7 6411 6471 6483 6423 6412 6472 6484 6424
7169 5 2 7 7 6412 6472 6484 6424 6413 6473 6485 6425
7170 5 2 7 7 6413 6473 6485 6425 6414 6474 6486 6426
7171 5 2 7 7 6414 6474 6486 6426 6415 6475 6487 6427
7172 5 2 7 7 6415 6475 6487 6427 6416 6476 6488 6428
7173 5 2 7 7 6416 6476 6488 6428 6417 6477 6489 6429
7174 5 2 7 7 6417 6477 6489 6429 6418 6478 6490 6430
7175 5 2 7 7 6418 6478 6490 6430 6419 6479 6491 6431
7176 5 2 7 7 6419 6479 6491 6431 6420 6480 6492 6432
7177 5 2 7 7 6420 6480 6492 6432 2698 2703 2704 2699
7178 5 2 7 7 1454 1459 1460 1455 6421 6481 6493 6433
7179 5 2 7 7 6421 6481 6493 6433 6422 6482 6494 6434
7180 5 2 7 7 6422 6482 6494 6434 6423 6483 6495 6435
7181 5 2 7 7 6423 6483 6495 6435 6424 6484 6496 6436
7182 5 2 7 7 6424 6484 6496 6436 6425 6485 6497 6437
7183 5 2 7 7 6425 6485 6497 6437 6426 6486 6498 6438
7184 5 2 7 7 6426 6486 6498 6438 6427 6487 6499 6439
7185 5 2 7 7 6427 6487 6499 6439 6428 6488 6500 6440
7186 5 2 7 7 6428 6488 6500 6440 6429 6489 6501 6441
7187 5 2 7 7 6429 6489 6501 6441 6430 6490 6502 6442
7188 5 2 7 7 6430 6490 6502 6442 6431 6491 6503 6443
7189 5 2 7 7 6431 6491 6503 6443 6432 6492 6504 6444
7190 5 2 7 7 6432 6492 6504 6444 2699 2704 2705 2700
7191 5 2 7 7 1455 1460 1461 1456 6433 6493 6505 6445
7192 5 2 7 7 6433 6493 6505 6445 6434 6494 6506 6446
7193 5 2 7 7 6434 6494 6506 6446 6435 6495 6507 6447
7194 5 2 7 7 6435 6495 6507 6447 6436 6496 6508 6448
7195 5 2 7 7 6436 6496 6508 6448 6437 6497 6509 6449
7196 5 2 7 7 6437 6497 6509 6449 6438 6498 6510 6450
7197 5 2 7 7 6438 6498 6510 6450 6439 6499 6511 6451
7198 5 2 7 7 6439 6499 6511 6451 6440 6500 6512 6452
7199 5 2 7 7 6440 6500 6512 6452 6441 6501 6513 6453
7200 5 2 7 7 6441 6501 6513 6453 6442 6502 6514 6454
7201 5 2 7 7 6442 6502 6514 6454 6443 6503 6515 6455
7202 5 2 7 7 6443 6503 6515 6455 6444 6504 6516 6456
7203 5 2 7 7 6444 6504 6516 6456 2700 2705 2706 2701
7204 5 2 7 7 1456 1461 246 247 6445 6505 2494 2506
7205 5 2 7 7 6445 6505 2494 2506 6446 6506 2495 2507
7206 5 2 7 7 6446 6506 2495 2507 6447 6507 2496 2508
7207 5 2 7 7 6447 6507 2496 2508 6448 6508 2497 2509
7208 5 2 7 7 6448 6508 2497 2509 6449 6509 2498 2510
7209 5 2 7 7 6449 6509 2498 2510 6450 6510 2499 2511
7210 5 2 7 7 6450 6510 2499 2511 6451 6511 2500 2512
7211 5 2 7 7 6451 6511 2500 2512 6452 6512 2501 2513
7212 5 2 7 7 6452 6512 2501 2513 6453 6513 2502 2514
7213 5 2 7 7 6453 6513 2502 2514 6454 6514 2503 2515
7214 5 2 7 7 6454 6514 2503 2515 6455 6515 2504 2516
7215 5 2 7 7 6455 6515 2504 2516 6456 6516 2505 2517
7216 5 2 7 7 6456 6516 2505 2517 2701 2706 441 442
7217 5 2 7 7 234 235 1462 1457 2458 2470 6517 6457
7218 5 2 7 7 2458 2470 6517 6457 2459 2471 6518 6458
7219 5 2 7 7 2459 2471 6518 6458 2460 2472 6519 6459
7220 5 2 7 7 2460 2472 6519 6459 2461 2473 6520 6460
7221 5 2 7 7 2461 2473 6520 6460 2462 2474 6521 6461
7222 5 2 7 7 2462 2474 6521 6461 2463 2475 6522 6462
7223 5 2 7 7 2463 2475 6522 6462 2464 2476 6523 6463
7224 5 2 7 7 2464 2476 6523 6463 2465 2477 6524 6464
7225 5 2 7 7 2465 2477 6524 6464 2466 2478 6525 6465
7226 5 2 7 7 2466 2478 6525 6465 2467 2479 6526 6466
7227 5 2 7 7 2467 2479 6526 6466 2468 2480 6527 6467
7228 5 2 7 7 2468 2480 6527 6467 2469 2481 6528 6468
7229 5 2 7 7 2469 2481 6528 6468 426 427 2707 2702
7230 5 2 7 7 1457 1462 1463 1458 6457 6517 6529 6469
7231 5 2 7 7 6457 6517 6529 6469 6458 6518 6530 6470
7232 5 2 7 7 6458 6518 6530 6470 6459 6519 6531 6471
7233 5 2 7 7 6459 6519 6531 6471 6460 6520 6532 6472
7234 5 2 7 7 6460 6520 6532 6472 6461 6521 6533 6473
7235 5 2 7 7 6461 6521 6533 6473 6462 6522 6534 6474
7236 5 2 7 7 6462 6522 6534 6474 6463 6523 6535 6475
7237 5 2 7 7 6463 6523 6535 6475 6464 6524 6536 6476
7238 5 2 7 7 6464 6524 6536 6476 6465 6525 6537 6477
7239 5 2 7 7 6465 6525 6537 6477 6466 6526 6538 6478
7240 5 2 7 7 6466 6526 6538 6478 6467 6527 6539 6479
7241 5 2 7 7 6467 6527 6539 6479 6468 6528 6540 6480
7242 5 2 7 7 6468 6528 6540 6480 2702 2707 2708 2703
7243 5 2 7 7 1458 1463 1464 1459 6469 6529 6541 6481
7244 5 2 7 7 6469 6529 6541 6481 6470 6530 6542 6482
7245 5 2 7 7 6470 6530 6542 6482 6471 6531 6543 6483
7246 5 2 7 7 6471 6531 6543 6483 6472 6532 6544 6484
7247 5 2 7 7 6472 6532 6544 6484 6473 6533 6545 6485
7248 5 2 7 7 6473 6533 6545 6485 6474 6534 6546 6486
7249 5 2 7 7 6474 6534 6546 6486 6475 6535 6547 6487
7250 5 2 7 7 6475 6535 6547 6487 6476 6536 6548 6488
7251 5 2 7 7 6476 6536 6548 6488 6477 6537 6549 6489
7252 5 2 7 7 6477 6537 6549 6489 6478 6538 6550 6490
7253 5 2 7 7 6478 6538 6550 6490 6479 6539 6551 6491
7254 5 2 7 7 6479 6539 6551 6491 6480 6540 6552 6492
7255 5 2 7 7 6480 6540 6552 6492 2703 2708 2709 2704
7256 5 2 7 7 1459 1464 1465 1460 6481 6541 6553 6493
7257 5 2 7 7 6481 6541 6553 6493 6482 6542 6554 6494
7258 5 2 7 7 6482 6542 6554 6494 6483 6543 6555 6495
7259 5 2 7 7 6483 6543 6555 6495 6484 6544 6556 6496
7260 5 2 7 7 6484 6544 6556 6496 6485 6545 6557 6497
7261 5 2 7 7 6485 6545 6557 6497 6486 6546 6558 6498
7262 5 2 7 7 6486 6546 6558 6498 6487 6547 6559 6499
7263 5 2 7 7 6487 6547 6559 6499 6488 6548 6560 6500
7264 5 2 7 7 6488 6548 6560 6500 6489 6549 6561 6501
7265 5 2 7 7 6489 6549 6561 6501 6490 6550 6562 6502
7266 5 2 7 7 6490 6550 6562 6502 6491 6551 6563 6503
7267 5 2 7 7 6491 6551 6563 6503 6492 6552 6564 6504
7268 5 2 7 7 6492 6552 6564 6504 2704 2709 2710 2705
7269 5 2 7 7 1460 1465 1466 1461 6493 6553 6565 6505
7270 5 2 7 7 6493 6553 6565 6505 6494 6554 6566 6506
7271 5 2 7 7 6494 6554 6566 6506 6495 6555 6567 6507
7272 5 2 7 7 6495 6555 6567 6507 6496 6556 6568 6508
7273 5 2 7 7 6496 6556 6568 6508 6497 6557 6569 6509
7274 5 2 7 7 6497 6557 6569 6509 6498 6558 6570 6510
7275 5 2 7 7 6498 6558 6570 6510 6499 6559 6571 6511
7276 5 2 7 7 6499 6559 6571 6511 6500 6560 6572 6512
7277 5 2 7 7 6500 6560 6572 6512 6501 6561 6573 6513
7278 5 2 7 7 6501 6561 6573 6513 6502 6562 6574 6514
7279 5 2 7 7 6502 6562 6574 6514 6503 6563 6575 6515
7280 5 2 7 7 6503 6563 6575 6515 6504 6564 6576 6516
7281 5 2 7 7 6504 6564 6576 6516 2705 2710 2711 2706
7282 5 2 7 7 1461 1466 245 246 6505 6565 2482 2494
7283 5 2 7 7 6505 6565 2482 2494 6506 6566 2483 2495
7284 5 2 7 7 6506 6566 2483 2495 6507 6567 2484 2496
7285 5 2 7 7 6507 6567 2484 2496 6508 6568 2485 2497
7286 5 2 7 7 6508 6568 2485 2497 6509 6569 2486 2498
7287 5 2 7 7 6509 6569 2486 2498 6510 6570 2487 2499
7288 5 2 7 7 6510 6570 2487 2499 6511 6571 2488 2500
7289 5 2 7 7 6511 6571 2488 2500 6512 6572 2489 2501
7290 5 2 7 7 6512 6572 2489 2501 6513 6573 2490 2502
7291 5 2 7 7 6513 6573 2490 2502 6514 6574 2491 2503
7292 5 2 7 7 6514 6574 2491 2503 6515 6575 2492 2504
7293 5 2 7 7 6515 6575 2492 2504 6516 6576 2493 2505
7294 5 2 7 7 6516 6576 2493 2505 2706 2711 440 441
7295 5 2 7 7 235 12 164 1462 2470 318 1867 6517
7296 5 2 7 7 2470 318 1867 6517 2471 319 1868 6518
7297 5 2 7 7 2471 319 1868 6518 2472 320 1869 6519
7298 5 2 7 7 2472 320 1869 6519 2473 321 1870 6520
7299 5 2 7 7 2473 321 1870 6520 2474 322 1871 6521
7300 5 2 7 7 2474 322 1871 6521 2475 323 1872 6522
7301 5 2 7 7 2475 323 1872 6522 2476 324 1873 6523
7302 5 2 7 7 2476 324 1873 6523 2477 325 1874 6524
7303 5 2 7 7 2477 325 1874 6524 2478 326 1875 6525
7304 5 2 7 7 2478 326 1875 6525 2479 327 1876 6526
7305 5 2 7 7 2479 327 1876 6526 2480 328 1877 6527
7306 5 2 7 7 2480 328 1877 6527 2481 329 1878 6528
7307 5 2 7 7 2481 329 1878 6528 427 21 347 2707
7308 5 2 7 7 1462 164 165 1463 6517 1867 1879 6529
7309 5 2 7 7 6517 1867 1879 6529 6518 1868 1880 6530
7310 5 2 7 7 6518 1868 1880 6530 6519 1869 1881 6531
7311 5 2 7 7 6519 1869 1881 6531 6520 1870 1882 6532
7312 5 2 7 7 6520 1870 1882 6532 6521 1871 1883 6533
7313 5 2 7 7 6521 1871 1883 6533 6522 1872 1884 6534
7314 5 2 7 7 6522 1872 1884 6534 6523 1873 1885 6535
7315 5 2 7 7 6523 1873 1885 6535 6524 1874 1886 6536
7316 5 2 7 7 6524 1874 1886 6536 6525 1875 1887 6537
7317 5 2 7 7 6525 1875 1887 6537 6526 1876 1888 6538
7318 5 2 7 7 6526 1876 1888 6538 6527 1877 1889 6539
7319 5 2 7 7 6527 1877 1889 6539 6528 1878 1890 6540
7320 5 2 7 7 6528 1878 1890 6540 2707 347 348 2708
7321 5 2 7 7 1463 165 166 1464 6529 1879 1891 6541
7322 5 2 7 7 6529 1879 1891 6541 6530 1880 1892 6542
7323 5 2 7 7 6530 1880 1892 6542 6531 1881 1893 6543
7324 5 2 7 7 6531 1881 1893 6543 6532 1882 1894 6544
7325 5 2 7 7 6532 1882 1894 6544 6533 1883 1895 6545
7326 5 2 7 7 6533 1883 1895 6545 6534 1884 1896 6546
7327 5 2 7 7 6534 1884 1896 6546 6535 1885 1897 6547
7328 5 2 7 7 6535 1885 1897 6547 6536 1886 1898 6548
7329 5 2 7 7 6536 1886 1898 6548 6537 1887 1899 6549
7330 5 2 7 7 6537 1887 1899 6549 6538 1888 1900 6550
7331 5 2 7 7 6538 1888 1900 6550 6539 1889 1901 6551
7332 5 2 7 7 6539 1889 1901 6551 6540 1890 1902 6552
7333 5 2 7 7 6540 1890 1902 6552 2708 348 349 2709
7334 5 2 7 7 1464 166 167 1465 6541 1891 1903 6553
7335 5 2 7 7 6541 1891 1903 6553 6542 1892 1904 6554
7336 5 2 7 7 6542 1892 1904 6554 6543 1893 1905 6555
7337 5 2 7 7 6543 1893 1905 6555 6544 1894 1906 6556
7338 5 2 7 7 6544 1894 1906 6556 6545 1895 1907 6557
7339 5 2 7 7 6545 1895 1907 6557 6546 1896 1908 6558
7340 5 2 7 7 6546 1896 1908 6558 6547 1897 1909 6559
7341 5 2 7 7 6547 1897 1909 6559 6548 1898 1910 6560
7342 5 2 7 7 6548 1898 1910 6560 6549 1899 1911 6561
7343 5 2 7 7 6549 1899 1911 6561 6550 1900 1912 6562
7344 5 2 7 7 6550 1900 1912 6562 6551 1901 1913 6563
7345 5 2 7 7 6551 1901 1913 6563 6552 1902 1914 6564
7346 5 2 7 7 6552 1902 1914 6564 2709 349 350 2710
7347 5 2 7 7 1465 167 168 1466 6553 1903 1915 6565
7348 5 2 7 7 6553 1903 1915 6565 6554 1904 1916 6566
7349 5 2 7 7 6554 1904 1916 6566 6555 1905 1917 6567
7350 5 2 7 7 6555 1905 1917 6567 6556 1906 1918 6568
7351 5 2 7 7 6556 1906 1918 6568 6557 1907 1919 6569
7352 5 2 7 7 6557 1907 1919 6569 6558 1908 1920 6570
7353 5 2 7 7 6558 1908 1920 6570 6559 1909 1921 6571
7354 5 2 7 7 6559 1909 1921 6571 6560 1910 1922 6572
7355 5 2 7 7 6560 1910 1922 6572 6561 1911 1923 6573
7356 5 2 7 7 6561 1911 1923 6573 6562 1912 1924 6574
7357 5 2 7 7 6562 1912 1924 6574 6563 1913 1925 6575
7358 5 2 7 7 6563 1913 1925 6575 6564 1914 1926 6576
7359 5 2 7 7 6564 1914 1926 6576 2710 350 351 2711
7360 5 2 7 7 1466 168 13 245 6565 1915 335 2482
7361 5 2 7 7 6565 1915 335 2482 6566 1916 336 2483
7362 5 2 7 7 6566 1916 336 2483 6567 1917 337 2484
7363 5 2 7 7 6567 1917 337 2484 6568 1918 338 2485
7364 5 2 7 7 6568 1918 338 2485 6569 1919 339 2486
7365 5 2 7 7 6569 1919 339 2486 6570 1920 340 2487
7366 5 2 7 7 6570 1920 340 2487 6571 1921 341 2488
7367 5 2 7 7 6571 1921 341 2488 6572 1922 342 2489
7368 5 2 7 7 6572 1922 342 2489 6573 1923 343 2490
7369 5 2 7 7 6573 1923 343 2490 6574 1924 344 2491
7370 5 2 7 7 6574 1924 344 2491 6575 1925 345 2492
7371 5 2 7 7 6575 1925 345 2492 6576 1926 346 2493
7372 5 2 7 7 6576 1926 346 2493 2711 351 22 440
7373 5 2 7 8 1647 245 13 207 6577 2482 335 2192
7374 5 2 7 8 6577 2482 335 2192 6578 2483 336 2193
7375 5 2 7 8 6578 2483 336 2193 6579 2484 337 2194
7376 5 2 7 8 6579 2484 337 2194 6580 2485 338 2195
7377 5 2 7 8 6580 2485 338 2195 6581 2486 339 2196
7378 5 2 7 8 6581 2486 339 2196 6582 2487 340 2197
7379 5 2 7 8 6582 2487 340 2197 6583 2488 341 2198
7380 5 2 7 8 6583 2488 341 2198 6584 2489 342 2199
7381 5 2 7 8 6584 2489 342 2199 6585 2490 343 2200
7382 5 2 7 8 6585 2490 343 2200 6586 2491 344 2201
7383 5 2 7 8 6586 2491 344 2201 6587 2492 345 2202
7384 5 2 7 8 6587 2492 345 2202 6588 2493 346 2203
7385 5 2 7 8 6588 2493 346 2203 2952 440 22 396
7386 5 2 7 8 1648 1647 207 208 6589 6577 2192 2204
7387 5 2 7 8 6589 6577 2192 2204 6590 6578 2193 2205
7388 5 2 7 8 6590 6578 2193 2205 6591 6579 2194 2206
7389 5 2 7 8 6591 6579 2194 2206 6592 6580 2195 2207
7390 5 2 7 8 6592 6580 2195 2207 6593 6581 2196 2208
7391 5 2 7 8 6593 6581 2196 2208 6594 6582 2197 2209
7392 5 2 7 8 6594 6582 2197 2209 6595 6583 2198 2210
7393 5 2 7 8 6595 6583 2198 2210 6596 6584 2199 2211
7394 5 2 7 8 6596 6584 2199 2211 6597 6585 2200 2212
7395 5 2 7 8 6597 6585 2200 2212 6598 6586 2201 2213
7396 5 2 7 8 6598 6586 2201 2213 6599 6587 2202 2214
7397 5 2 7 8 6599 6587 2202 2214 6600 6588 2203 2215
7398 5 2 7 8 6600 6588 2203 2215 2953 2952 396 397
7399 5 2 7 8 1649 1648 208 209 6601 6589 2204 2216
7400 5 2 7 8 6601 6589 2204 2216 6602 6590 2205 2217
7401 5 2 7 8 6602 6590 2205 2217 6603 6591 2206 2218
7402 5 2 7 8 6603 6591 2206 2218 6604 6592 2207 2219
7403 5 2 7 8 6604 6592 2207 2219 6605 6593 2208 2220
7404 5 2 7 8 6605 6593 2208 2220 6606 6594 2209 2221
7405 5 2 7 8 6606 6594 2209 2221 6607 6595 2210 2222
7406 5 2 7 8 6607 6595 2210 2222 6608 6596 2211 2223
7407 5 2 7 8 6608 6596 2211 2223 6609 6597 2212 2224
7408 5 2 7 8 6609 6597 2212 2224 6610 6598 2213 2225
7409 5 2 7 8 6610 6598 2213 2225 6611 6599 2214 2226
7410 5 2 7 8 6611 6599 2214 2226 6612 6600 2215 2227
7411 5 2 7 8 6612 6600 2215 2227 2954 2953 397 398
7412 5 2 7 8 1650 1649 209 210 6613 6601 2216 2228
7413 5 2 7 8 6613 6601 2216 2228 6614 6602 2217 2229
7414 5 2 7 8 6614 6602 2217 2229 6615 6603 2218 2230
7415 5 2 7 8 6615 6603 2218 2230 6616 6604 2219 2231
7416 5 2 7 8 6616 6604 2219 2231 6617 6605 2220 2232
7417 5 2 7 8 6617 6605 2220 2232 6618 6606 2221 2233
7418 5 2 7 8 6618 6606 2221 2233 6619 6607 2222 2234
7419 5 2 7 8 6619 6607 2222 2234 6620 6608 2223 2235
7420 5 2 7 8 6620 6608 2223 2235 6621 6609 2224 2236
7421 5 2 7 8 6621 6609 2224 2236 6622 6610 2225 2237
7422 5 2 7 8 6622 6610 2225 2237 6623 6611 2226 2238
7423 5 2 7 8 6623 6611 2226 2238 6624 6612 2227 2239
7424 5 2 7 8 6624 6612 2227 2239 2955 2954 398 399
7425 5 2 7 8 1651 1650 210 211 6625 6613 2228 2240
7426 5 2 7 8 6625 6613 2228 2240 6626 6614 2229 2241
7427 5 2 7 8 6626 6614 2229 2241 6627 6615 2230 2242
7428 5 2 7 8 6627 6615 2230 2242 6628 6616 2231 2243
7429 5 2 7 8 6628 6616 2231 2243 6629 6617 2232 2244
7430 5 2 7 8 6629 6617 2232 2244 6630 6618 2233 2245
7431 5 2 7 8 6630 6618 2233 2245 6631 6619 2234 2246
7432 5 2 7 8 6631 6619 2234 2246 6632 6620 2235 2247
7433 5 2 7 8 6632 6620 2235 2247 6633 6621 2236 2248
7434 5 2 7 8 6633 6621 2236 2248 6634 6622 2237 2249
7435 5 2 7 8 6634 6622 2237 2249 6635 6623 2238 2250
7436 5 2 7 8 6635 6623 2238 2250 6636 6624 2239 2251
7437 5 2 7 8 6636 6624 2239 2251 2956 2955 399 400
7438 5 2 7 8 1652 1651 211 212 6637 6625 2240 2252
7439 5 2 7 8 6637 6625 2240 2252 6638 6626 2241 2253
7440 5 2 7 8 6638 6626 2241 2253 6639 6627 2242 2254
7441 5 2 7 8 6639 6627 2242 2254 6640 6628 2243 2255
7442 5 2 7 8 6640 6628 2243 2255 6641 6629 2244 2256
7443 5 2 7 8 6641 6629 2244 2256 6642 6630 2245 2257
7444 5 2 7 8 6642 6630 2245 2257 6643 6631 2246 2258
7445 5 2 7 8 6643 6631 2246 2258 6644 6632 2247 2259
7446 5 2 7 8 6644 6632 2247 2259 6645 6633 2248 2260
7447 5 2 7 8 6645 6633 2248 2260 6646 6634 2249 2261
7448 5 2 7 8 6646 6634 2249 2261 6647 6635 2250 2262
7449 5 2 7 8 6647 6635 2250 2262 6648 6636 2251 2263
7450 5 2 7 8 6648 6636 2251 2263 2957 2956 400 401
7451 5 2 7 8 1653 1652 212 213 6649 6637 2252 2264
7452 5 2 7 8 6649 6637 2252 2264 6650 6638 2253 2265
7453 5 2 7 8 6650 6638 2253 2265 6651 6639 2254 2266
7454 5 2 7 8 6651 6639 2254 2266 6652 6640 2255 2267
7455 5 2 7 8 6652 6640 2255 2267 6653 6641 2256 2268
7456 5 2 7 8 6653 6641 2256 2268 6654 6642 2257 2269
7457 5 2 7 8 6654 6642 2257 2269 6655 6643 2258 2270
7458 5 2 7 8 6655 6643 2258 2270 6656 6644 2259 2271
7459 5 2 7 8 6656 6644 2259 2271 6657 6645 2260 2272
7460 5 2 7 8 6657 6645 2260 2272 6658 6646 2261 2273
7461 5 2 7 8 6658 6646 2261 2273 6659 6647 2262 2274
7462 5 2 7 8 6659 6647 2262 2274 6660 6648 2263 2275
7463 5 2 7 8 6660 6648 2263 2275 2958 2957 401 402
7464 5 2 7 8 1654 1653 213 214 6661 6649 2264 2276
7465 5 2 7 8 6661 6649 2264 2276 6662 6650 2265 2277
7466 5 2 7 8 6662 6650 2265 2277 6663 6651 2266 2278
7467 5 2 7 8 6663 6651 2266 2278 6664 6652 2267 2279
7468 5 2 7 8 6664 6652 2267 2279 6665 6653 2268 2280
7469 5 2 7 8 6665 6653 2268 2280 6666 6654 2269 2281
7470 5 2 7 8 6666 6654 2269 2281 6667 6655 2270 2282
7471 5 2 7 8 6667 6655 2270 2282 6668 6656 2271 2283
7472 5 2 7 8 6668 6656 2271 2283 6669 6657 2272 2284
7473 5 2 7 8 6669 6657 2272 2284 6670 6658 2273 2285
7474 5 2 7 8 6670 6658 2273 2285 6671 6659 2274 2286
7475 5 2 7 8 6671 6659 2274 2286 6672 6660 2275 2287
7476 5 2 7 8 6672 6660 2275 2287 2959 2958 402 403
7477 5 2 7 8 1655 1654 214 215 6673 6661 2276 2288
7478 5 2 7 8 6673 6661 2276 2288 6674 6662 2277 2289
7479 5 2 7 8 6674 6662 2277 2289 6675 6663 2278 2290
7480 5 2 7 8 6675 6663 2278 2290 6676 6664 2279 2291
7481 5 2 7 8 6676 6664 2279 2291 6677 6665 2280 2292
7482 5 2 7 8 6677 6665 2280 2292 6678 6666 2281 2293
7483 5 2 7 8 6678 6666 2281 2293 6679 6667 2282 2294
7484 5 2 7 8 6679 6667 2282 2294 6680 6668 2283 2295
7485 5 2 7 8 6680 6668 2283 2295 6681 6669 2284 2296
7486 5 2 7 8 6681 6669 2284 2296 6682 6670 2285 2297
7487 5 2 7 8 6682 6670 2285 2297 6683 6671 2286 2298
7488 5 2 7 8 6683 6671 2286 2298 6684 6672 2287 2299
7489 5 2 7 8 6684 6672 2287 2299 2960 2959 403 404
7490 5 2 7 8 1656 1655 215 216 6685 6673 2288 2300
7491 5 2 7 8 6685 6673 2288 2300 6686 6674 2289 2301
7492 5 2 7 8 6686 6674 2289 2301 6687 6675 2290 2302
7493 5 2 7 8 6687 6675 2290 2302 6688 6676 2291 2303
7494 5 2 7 8 6688 6676 2291 2303 6689 6677 2292 2304
7495 5 2 7 8 6689 6677 2292 2304 6690 6678 2293 2305
7496 5 2 7 8 6690 6678 2293 2305 6691 6679 2294 2306
7497 5 2 7 8 6691 6679 2294 2306 6692 6680 2295 2307
7498 5 2 7 8 6692 6680 2295 2307 6693 6681 2296 2308
7499 5 2 7 8 6693 6681 2296 2308 6694 6682 2297 2309
7500 5 2 7 8 6694 6682 2297 2309 6695 6683 2298 2310
7501 5 2 7 8 6695 6683 2298 2310 6696 6684 2299 2311
7502 5 2 7 8 6696 6684 2299 2311 2961 2960 404 405
7503 5 2 7 8 279 1656 216 15 2832 6685 2300 379
7504 5 2 7 8 2832 6685 2300 379 2833 6686 2301 380
7505 5 2 7 8 2833 6686 2301 380 2834 6687 2302 381
7506 5 2 7 8 2834 6687 2302 381 2835 6688 2303 382
7507 5 2 7 8 2835 6688 2303 382 2836 6689 2304 383
7508 5 2 7 8 2836 6689 2304 383 2837 6690 2305 384
7509 5 2 7 8 2837 6690 2305 384 2838 6691 2306 385
7510 5 2 7 8 2838 6691 2306 385 2839 6692 2307 386
7511 5 2 7 8 2839 6692 2307 386 2840 6693 2308 387
7512 5 2 7 8 2840 6693 2308 387 2841 6694 2309 388
7513 5 2 7 8 2841 6694 2309 388 2842 6695 2310 389
7514 5 2 7 8 2842 6695 2310 389 2843 6696 2311 390
7515 5 2 7 8 2843 6696 2311 390 477 2961 405 24
7516 5 2 7 8 1657 246 245 1647 6697 2494 2482 6577
7517 5 2 7 8 6697 2494 2482 6577 6698 2495 2483 6578
7518 5 2 7 8 6698 2495 2483 6578 6699 2496 2484 6579
7519 5 2 7 8 6699 2496 2484 6579 6700 2497 2485 6580
7520 5 2 7 8 6700 2497 2485 6580 6701 2498 2486 6581
7521 5 2 7 8 6701 2498 2486 6581 6702 2499 2487 6582
7522 5 2 7 8 6702 2499 2487 6582 6703 2500 2488 6583
7523 5 2 7 8 6703 2500 2488 6583 6704 2501 2489 6584
7524 5 2 7 8 6704 2501 2489 6584 6705 2502 2490 6585
7525 5 2 7 8 6705 2502 2490 6585 6706 2503 2491 6586
7526 5 2 7 8 6706 2503 2491 6586 6707 2504 2492 6587
7527 5 2 7 8 6707 2504 2492 6587 6708 2505 2493 6588
7528 5 2 7 8 6708 2505 2493 6588 2962 441 440 2952
7529 5 2 7 8 1658 1657 1647 1648 6709 6697 6577 6589
7530 5 2 7 8 6709 6697 6577 6589 6710 6698 6578 6590
7531 5 2 7 8 6710 6698 6578 6590 6711 6699 6579 6591
7532 5 2 7 8 6711 6699 6579 6591 6712 6700 6580 6592
7533 5 2 7 8 6712 6700 6580 6592 6713 6701 6581 6593
7534 5 2 7 8 6713 6701 6581 6593 6714 6702 6582 6594
7535 5 2 7 8 6714 6702 6582 6594 6715 6703 6583 6595
7536 5 2 7 8 6715 6703 6583 6595 6716 6704 6584 6596
7537 5 2 7 8 6716 6704 6584 6596 6717 6705 6585 6597
7538 5 2 7 8 6717 6705 6585 6597 6718 6706 6586 6598
7539 5 2 7 8 6718 6706 6586 6598 6719 6707 6587 6599
7540 5 2 7 8 6719 6707 6587 6599 6720 6708 6588 6600
7541 5 2 7 8 6720 6708 6588 6600 2963 2962 2952 2953
7542 5 2 7 8 1659 1658 1648 1649 6721 6709 6589 6601
7543 5 2 7 8 6721 6709 6589 6601 6722 6710 6590 6602
7544 5 2 7 8 6722 6710 6590 6602 6723 6711 6591 6603
7545 5 2 7 8 6723 6711 6591 6603 6724 6712 6592 6604
7546 5 2 7 8 6724 6712 6592 6604 6725 6713 6593 6605
7547 5 2 7 8 6725 6713 6593 6605 6726 6714 6594 6606
7548 5 2 7 8 6726 6714 6594 6606 6727 6715 6595 6607
7549 5 2 7 8 6727 6715 6595 6607 6728 6716 6596 6608
7550 5 2 7 8 6728 6716 6596 6608 6729 6717 6597 6609
7551 5 2 7 8 6729 6717 6597 6609 6730 6718 6598 6610
7552 5 2 7 8 6730 6718 6598 6610 6731 6719 6599 6611
7553 5 2 7 8 6731 6719 6599 6611 6732 6720 6600 6612
7554 5 2 7 8 6732 6720 6600 6612 2964 2963 2953 2954
7555 5 2 7 8 1660 1659 1649 1650 6733 6721 6601 6613
7556 5 2 7 8 6733 6721 6601 6613 6734 6722 6602 6614
7557 5 2 7 8 6734 6722 6602 6614 6735 6723 6603 6615
7558 5 2 7 8 6735 6723 6603 6615 6736 6724 6604 6616
7559 5 2 7 8 6736 6724 6604 6616 6737 6725 6605 6617
7560 5 2 7 8 6737 6725 6605 6617 6738 6726 6606 6618
7561 5 2 7 8 6738 6726 6606 6618 6739 6727 6607 6619
7562 5 2 7 8 6739 6727 6607 6619 6740 6728 6608 6620
7563 5 2 7 8 6740 6728 6608 6620 6741 6729 6609 6621
7564 5 2 7 8 6741 6729 6609 6621 6742 6730 6610 6622
7565 5 2 7 8 6742 6730 6610 6622 6743 6731 6611 6623
7566 5 2 7 8 6743 6731 6611 6623 6744 6732 6612 6624
7567 5 2 7 8 6744 6732 6612 6624 2965 2964 2954 2955
7568 5 2 7 8 1661 1660 1650 1651 6745 6733 6613 6625
7569 5 2 7 8 6745 6733 6613 6625 6746 6734 6614 6626
7570 5 2 7 8 6746 6734 6614 6626 6747 6735 6615 6627
7571 5 2 7 8 6747 6735 6615 6627 6748 6736 6616 6628
7572 5 2 7 8 6748 6736 6616 6628 6749 6737 6617 6629
7573 5 2 7 8 6749 6737 6617 6629 6750 6738 6618 6630
7574 5 2 7 8 6750 6738 6618 6630 6751 6739 6619 6631
7575 5 2 7 8 6751 6739 6619 6631 6752 6740 6620 6632
7576 5 2 7 8 6752 6740 6620 6632 6753 6741 6621 6633
7577 5 2 7 8 6753 6741 6621 6633 6754 6742 6622 6634
7578 5 2 7 8 6754 6742 6622 6634 6755 6743 6623 6635
7579 5 2 7 8 6755 6743 6623 6635 6756 6744 6624 6636
7580 5 2 7 8 6756 6744 6624 6636 2966 2965 2955 2956
7581 5 2 7 8 1662 1661 1651 1652 6757 6745 6625 6637
7582 5 2 7 8 6757 6745 6625 6637 6758 6746 6626 6638
7583 5 2 7 8 6758 6746 6626 6638 6759 6747 6627 6639
7584 5 2 7 8 6759 6747 6627 6639 6760 6748 6628 6640
7585 5 2 7 8 6760 6748 6628 6640 6761 6749 6629 6641
7586 5 2 7 8 6761 6749 6629 6641 6762 6750 6630 6642
7587 5 2 7 8 6762 6750 6630 6642 6763 6751 6631 6643
7588 5 2 7 8 6763 6751 6631 6643 6764 6752 6632 6644
7589 5 2 7 8 6764 6752 6632 6644 6765 6753 6633 6645
7590 5 2 7 8 6765 6753 6633 6645 6766 6754 6634 6646
7591 5 2 7 8 6766 6754 6634 6646 6767 6755 6635 6647
7592 5 2 7 8 6767 6755 6635 6647 6768 6756 6636 6648
7593 5 2 7 8 6768 6756 6636 6648 2967 2966 2956 2957
7594 5 2 7 8 1663 1662 1652 1653 6769 6757 6637 6649
7595 5 2 7 8 6769 6757 6637 6649 6770 6758 6638 6650
7596 5 2 7 8 6770 6758 6638 6650 6771 6759 6639 6651
7597 5 2 7 8 6771 6759 6639 6651 6772 6760 6640 6652
7598 5 2 7 8 6772 6760 6640 6652 6773 6761 6641 6653
7599 5 2 7 8 6773 6761 6641 6653 6774 6762 6642 6654
7600 5 2 7 8 6774 6762 6642 6654 6775 6763 6643 6655
7601 5 2 7 8 6775 6763 6643 6655 6776 6764 6644 6656
7602 5 2 7 8 6776 6764 6644 6656 6777 6765 6645 6657
7603 5 2 7 8 6777 6765 6645 6657 6778 6766 6646 6658
7604 5 2 7 8 6778 6766 6646 6658 6779 6767 6647 6659
7605 5 2 7 8 6779 6767 6647 6659 6780 6768 6648 6660
7606 5 2 7 8 6780 6768 6648 6660 2968 2967 2957 2958
7607 5 2 7 8 1664 1663 1653 1654 6781 6769 6649 6661
7608 5 2 7 8 6781 6769 6649 6661 6782 6770 6650 6662
7609 5 2 7 8 6782 6770 6650 6662 6783 6771 6651 6663
7610 5 2 7 8 6783 6771 6651 6663 6784 6772 6652 6664
7611 5 2 7 8 6784 6772 6652 6664 6785 6773 6653 6665
7612 5 2 7 8 6785 6773 6653 6665 6786 6774 6654 6666
7613 5 2 7 8 6786 6774 6654 6666 6787 6775 6655 6667
7614 5 2 7 8 6787 6775 6655 6667 6788 6776 6656 6668
7615 5 2 7 8 6788 6776 6656 6668 6789 6777 6657 6669
7616 5 2 7 8 6789 6777 6657 6669 6790 6778 6658 6670
7617 5 2 7 8 6790 6778 6658 6670 6791 6779 6659 6671
7618 5 2 7 8 6791 6779 6659 6671 6792 6780 6660 6672
7619 5 2 7 8 6792 6780 6660 6672 2969 2968 2958 2959
7620 5 2 7 8 1665 1664 1654 1655 6793 6781 6661 6673
7621 5 2 7 8 6793 6781 6661 6673 6794 6782 6662 6674
7622 5 2 7 8 6794 6782 6662 6674 6795 6783 6663 6675
7623 5 2 7 8 6795 6783 6663 6675 6796 6784 6664 6676
7624 5 2 7 8 6796 6784 6664 6676 6797 6785 6665 6677
7625 5 2 7 8 6797 6785 6665 6677 6798 6786 6666 6678
7626 5 2 7 8 6798 6786 6666 6678 6799 6787 6667 6679
7627 5 2 7 8 6799 6787 6667 6679 6800 6788 6668 6680
7628 5 2 7 8 6800 6788 6668 6680 6801 6789 6669 6681
7629 5 2 7 8 6801 6789 6669 6681 6802 6790 6670 6682
7630 5 2 7 8 6802 6790 6670 6682 6803 6791 6671 6683
7631 5 2 7 8 6803 6791 6671 6683 6804 6792 6672 6684
7632 5 2 7 8 6804 6792 6672 6684 2970 2969 2959 2960
7633 5 2 7 8 1666 1665 1655 1656 6805 6793 6673 6685
7634 5 2 7 8 6805 6793 6673 6685 6806 6794 6674 6686
7635 5 2 7 8 6806 6794 6674 6686 6807 6795 6675 6687
7636 5 2 7 8 6807 6795 6675 6687 6808 6796 6676 6688
7637 5 2 7 8 6808 6796 6676 6688 6809 6797 6677 6689
7638 5 2 7 8 6809 6797 6677 6689 6810 6798 6678 6690
7639 5 2 7 8 6810 6798 6678 6690 6811 6799 6679 6691
7640 5 2 7 8 6811 6799 6679 6691 6812 6800 6680 6692
7641 5 2 7 8 6812 6800 6680 6692 6813 6801 6681 6693
7642 5 2 7 8 6813 6801 6681 6693 6814 6802 6682 6694
7643 5 2 7 8 6814 6802 6682 6694 6815 6803 6683 6695
7644 5 2 7 8 6815 6803 6683 6695 6816 6804 6684 6696
7645 5 2 7 8 6816 6804 6684 6696 2971 2970 2960 2961
7646 5 2 7 8 280 1666 1656 279 2844 6805 6685 2832
7647 5 2 7 8 2844 6805 6685 2832 2845 6806 6686 2833
7648 5 2 7 8 2845 6806 6686 2833 2846 6807 6687 2834
7649 5 2 7 8 2846 6807 6687 2834 2847 6808 6688 2835
7650 5 2 7 8 2847 6808 6688 2835 2848 6809 6689 2836
7651 5 2 7 8 2848 6809 6689 2836 2849 6810 6690 2837
7652 5 2 7 8 2849 6810 6690 2837 2850 6811 6691 2838
7653 5 2 7 8 2850 6811 6691 2838 2851 6812 6692 2839
7654 5 2 7 8 2851 6812 6692 2839 2852 6813 6693 2840
7655 5 2 7 8 2852 6813 6693 2840 2853 6814 6694 2841
7656 5 2 7 8 2853 6814 6694 2841 2854 6815 6695 2842
7657 5 2 7 8 2854 6815 6695 2842 2855 6816 6696 2843
7658 5 2 7 8 2855 6816 6696 2843 478 2971 2961 477
7659 5 2 7 8 1667 247 246 1657 6817 2506 2494 6697
7660 5 2 7 8 6817 2506 2494 6697 6818 2507 2495 6698
7661 5 2 7 8 6818 2507 2495 6698 6819 2508 2496 6699
7662 5 2 7 8 6819 2508 2496 6699 6820 2509 2497 6700
7663 5 2 7 8 6820 2509 2497 6700 6821 2510 2498 6701
7664 5 2 7 8 6821 2510 2498 6701 6822 2511 2499 6702
7665 5 2 7 8 6822 2511 2499 6702 6823 2512 2500 6703
7666 5 2 7 8 6823 2512 2500 6703 6824 2513 2501 6704
7667 5 2 7 8 6824 2513 2501 6704 6825 2514 2502 6705
7668 5 2 7 8 6825 2514 2502 6705 6826 2515 2503 6706
7669 5 2 7 8 6826 2515 2503 6706 6827 2516 2504 6707
7670 5 2 7 8 6827 2516 2504 6707 6828 2517 2505 6708
7671 5 2 7 8 6828 2517 2505 6708 2972 442 441 2962
7672 5 2 7 8 1668 1667 1657 1658 6829 6817 6697 6709
7673 5 2 7 8 6829 6817 6697 6709 6830 6818 6698 6710
7674 5 2 7 8 6830 6818 6698 6710 6831 6819 6699 6711
7675 5 2 7 8 6831 6819 6699 6711 6832 6820 6700 6712
7676 5 2 7 8 6832 6820 6700 6712 6833 6821 6701 6713
7677 5 2 7 8 6833 6821 6701 6713 6834 6822 6702 6714
7678 5 2 7 8 6834 6822 6702 6714 6835 6823 6703 6715
7679 5 2 7 8 6835 6823 6703 6715 6836 6824 6704 6716
7680 5 2 7 8 6836 6824 6704 6716 6837 6825 6705 6717
7681 5 2 7 8 6837 6825 6705 6717 6838 6826 6706 6718
7682 5 2 7 8 6838 6826 6706 6718 6839 6827 6707 6719
7683 5 2 7 8 6839 6827 6707 6719 6840 6828 6708 6720
7684 5 2 7 8 6840 6828 6708 6720 2973 2972 2962 2963
7685 5 2 7 8 1669 1668 1658 1659 6841 6829 6709 6721
7686 5 2 7 8 6841 6829 6709 6721 6842 6830 6710 6722
7687 5 2 7 8 6842 6830 6710 6722 6843 6831 6711 6723
7688 5 2 7 8 6843 6831 6711 6723 6844 6832 6712 6724
7689 5 2 7 8 6844 6832 6712 6724 6845 6833 6713 6725
7690 5 2 7 8 6845 6833 6713 6725 6846 6834 6714 6726
7691 5 2 7 8 6846 6834 6714 6726 6847 6835 6715 6727
7692 5 2 7 8 6847 6835 6715 6727 6848 6836 6716 6728
7693 5 2 7 8 6848 6836 6716 6728 6849 6837 6717 6729
7694 5 2 7 8 6849 6837 6717 6729 6850 6838 6718 6730
7695 5 2 7 8 6850 6838 6718 6730 6851 6839 6719 6731
7696 5 2 7 8 6851 6839 6719 6731 6852 6840 6720 6732
7697 5 2 7 8 6852 6840 6720 6732 2974 2973 2963 2964
7698 5 2 7 8 1670 1669 1659 1660 6853 6841 6721 6733
7699 5 2 7 8 6853 6841 6721 6733 6854 6842 6722 6734
7700 5 2 7 8 6854 6842 6722 6734 6855 6843 6723 6735
7701 5 2 7 8 6855 6843 6723 6735 6856 6844 6724 6736
7702 5 2 7 8 6856 6844 6724 6736 6857 6845 6725 6737
7703 5 2 7 8 6857 6845 6725 6737 6858 6846 6726 6738
7704 5 2 7 8 6858 6846 6726 6738 6859 6847 6727 6739
7705 5 2 7 8 6859 6847 6727 6739 6860 6848 6728 6740
7706 5 2 7 8 6860 6848 6728 6740 6861 6849 6729 6741
7707 5 2 7 8 6861 6849 6729 6741 6862 6850 6730 6742
7708 5 2 7 8 6862 6850 6730 6742 6863 6851 6731 6743
7709 5 2 7 8 6863 6851 6731 6743 6864 6852 6732 6744
7710 5 2 7 8 6864 6852 6732 6744 2975 2974 2964 2965
7711 5 2 7 8 1671 1670 1660 1661 6865 6853 6733 6745
7712 5 2 7 8 6865 6853 6733 6745 6866 6854 6734 6746
7713 5 2 7 8 6866 6854 6734 6746 6867 6855 6735 6747
7714 5 2 7 8 6867 6855 6735 6747 6868 6856 6736 6748
7715 5 2 7 8 6868 6856 6736 6748 6869 6857 6737 6749
7716 5 2 7 8 6869 6857 6737 6749 6870 6858 6738 6750
7717 5 2 7 8 6870 6858 6738 6750 6871 6859 6739 6751
7718 5 2 7 8 6871 6859 6739 6751 6872 6860 6740 6752
7719 5 2 7 8 6872 6860 6740 6752 6873 6861 6741 6753
7720 5 2 7 8 6873 6861 6741 6753 6874 6862 6742 6754
7721 5 2 7 8 6874 6862 6742 6754 6875 6863 6743 6755
7722 5 2 7 8 6875 6863 6743 6755 6876 6864 6744 6756
7723 5 2 7 8 6876 6864 6744 6756 2976 2975 2965 2966
7724 5 2 7 8 1672 1671 1661 1662 6877 6865 6745 6757
7725 5 2 7 8 6877 6865 6745 6757 6878 6866 6746 6758
7726 5 2 7 8 6878 6866 6746 6758 6879 6867 6747 6759
7727 5 2 7 8 6879 6867 6747 6759 6880 6868 6748 6760
7728 5 2 7 8 6880 6868 6748 6760 6881 6869 6749 6761
7729 5 2 7 8 6881 6869 6749 6761 6882 6870 6750 6762
7730 5 2 7 8 6882 6870 6750 6762 6883 6871 6751 6763
7731 5 2 7 8 6883 6871 6751 6763 6884 6872 6752 6764
7732 5 2 7 8 6884 6872 6752 6764 6885 6873 6753 6765
7733 5 2 7 8 6885 6873 6753 6765 6886 6874 6754 6766
7734 5 2 7 8 6886 6874 6754 6766 6887 6875 6755 6767
7735 5 2 7 8 6887 6875 6755 6767 6888 6876 6756 6768
7736 5 2 7 8 6888 6876 6756 6768 2977 2976 2966 2967
7737 5 2 7 8 1673 1672 1662 1663 6889 6877 6757 6769
7738 5 2 7 8 6889 6877 6757 6769 6890 6878 6758 6770
7739 5 2 7 8 6890 6878 6758 6770 6891 6879 6759 6771
7740 5 2 7 8 6891 6879 6759 6771 6892 6880 6760 6772
7741 5 2 7 8 6892 6880 6760 6772 6893 6881 6761 6773
7742 5 2 7 8 6893 6881 6761 6773 6894 6882 6762 6774
7743 5 2 7 8 6894 6882 6762 6774 6895 6883 6763 6775
7744 5 2 7 8 6895 6883 6763 6775 6896 6884 6764 6776
7745 5 2 7 8 6896 6884 6764 6776 6897 6885 6765 6777
7746 5 2 7 8 6897 6885 6765 6777 6898 6886 6766 6778
7747 5 2 7 8 6898 6886 6766 6778 6899 6887 6767 6779
7748 5 2 7 8 6899 6887 6767 6779 6900 6888 6768 6780
7749 5 2 7 8 6900 6888 6768 6780 2978 2977 2967 2968
7750 5 2 7 8 1674 1673 1663 1664 6901 6889 6769 6781
7751 5 2 7 8 6901 6889 6769 6781 6902 6890 6770 6782
7752 5 2 7 8 6902 6890 6770 6782 6903 6891 6771 6783
7753 5 2 7 8 6903 6891 6771 6783 6904 6892 6772 6784
7754 5 2 7 8 6904 6892 6772 6784 6905 6893 6773 6785
7755 5 2 7 8 6905 6893 6773 6785 6906 6894 6774 6786
7756 5 2 7 8 6906 6894 6774 6786 6907 6895 6775 6787
7757 5 2 7 8 6907 6895 6775 6787 6908 6896 6776 6788
7758 5 2 7 8 6908 6896 6776 6788 6909 6897 6777 6789
7759 5 2 7 8 6909 6897 6777 6789 6910 6898 6778 6790
7760 5 2 7 8 6910 6898 6778 6790 6911 6899 6779 6791
7761 5 2 7 8 6911 6899 6779 6791 6912 6900 6780 6792
7762 5 2 7 8 6912 6900 6780 6792 2979 2978 2968 2969
7763 5 2 7 8 1675 1674 1664 1665 6913 6901 6781 6793
7764 5 2 7 8 6913 6901 6781 6793 6914 6902 6782 6794
7765 5 2 7 8 6914 6902 6782 6794 6915 6903 6783 6795
7766 5 2 7 8 6915 6903 6783 6795 6916 6904 6784 6796
7767 5 2 7 8 6916 6904 6784 6796 6917 6905 6785 6797
7768 5 2 7 8 6917 6905 6785 6797 6918 6906 6786 6798
7769 5 2 7 8 6918 6906 6786 6798 6919 6907 6787 6799
7770 5 2 7 8 6919 6907 6787 6799 6920 6908 6788 6800
7771 5 2 7 8 6920 6908 6788 6800 6921 6909 6789 6801
7772 5 2 7 8 6921 6909 6789 6801 6922 6910 6790 6802
7773 5 2 7 8 6922 6910 6790 6802 6923 6911 6791 6803
7774 5 2 7 8 6923 6911 6791 6803 6924 6912 6792 6804
7775 5 2 7 8 6924 6912 6792 6804 2980 2979 2969 2970
7776 5 2 7 8 1676 1675 1665 1666 6925 6913 6793 6805
7777 5 2 7 8 6925 6913 6793 6805 6926 6914 6794 6806
7778 5 2 7 8 6926 6914 6794 6806 6927 6915 6795 6807
7779 5 2 7 8 6927 6915 6795 6807 6928 6916 6796 6808
7780 5 2 7 8 6928 6916 6796 6808 6929 6917 6797 6809
7781 5 2 7 8 6929 6917 6797 6809 6930 6918 6798 6810
7782 5 2 7 8 6930 6918 6798 6810 6931 6919 6799 6811
7783 5 2 7 8 6931 6919 6799 6811 6932 6920 6800 6812
7784 5 2 7 8 6932 6920 6800 6812 6933 6921 6801 6813
7785 5 2 7 8 6933 6921 6801 6813 6934 6922 6802 6814
7786 5 2 7 8 6934 6922 6802 6814 6935 6923 6803 6815
7787 5 2 7 8 6935 6923 6803 6815 6936 6924 6804 6816
7788 5 2 7 8 6936 6924 6804 6816 2981 2980 2970 2971
7789 5 2 7 8 281 1676 1666 280 2856 6925 6805 2844
7790 5 2 7 8 2856 6925 6805 2844 2857 6926 6806 2845
7791 5 2 7 8 2857 6926 6806 2845 2858 6927 6807 2846
7792 5 2 7 8 2858 6927 6807 2846 2859 6928 6808 2847
7793 5 2 7 8 2859 6928 6808 2847 2860 6929 6809 2848
7794 5 2 7 8 2860 6929 6809 2848 2861 6930 6810 2849
7795 5 2 7 8 2861 6930 6810 2849 2862 6931 6811 2850
7796 5 2 7 8 2862 6931 6811 2850 2863 6932 6812 2851
7797 5 2 7 8 2863 6932 6812 2851 2864 6933 6813 2852
7798 5 2 7 8 2864 6933 6813 2852 2865 6934 6814 2853
7799 5 2 7 8 2865 6934 6814 2853 2866 6935 6815 2854
7800 5 2 7 8 2866 6935 6815 2854 2867 6936 6816 2855
7801 5 2 7 8 2867 6936 6816 2855 479 2981 2971 478
7802 5 2 7 8 1677 248 247 1667 6937 2518 2506 6817
7803 5 2 7 8 6937 2518 2506 6817 6938 2519 2507 6818
7804 5 2 7 8 6938 2519 2507 6818 6939 2520 2508 6819
7805 5 2 7 8 6939 2520 2508 6819 6940 2521 2509 6820
7806 5 2 7 8 6940 2521 2509 6820 6941 2522 2510 6821
7807 5 2 7 8 6941 2522 2510 6821 6942 2523 2511 6822
7808 5 2 7 8 6942 2523 2511 6822 6943 2524 2512 6823
7809 5 2 7 8 6943 2524 2512 6823 6944 2525 2513 6824
7810 5 2 7 8 6944 2525 2513 6824 6945 2526 2514 6825
7811 5 2 7 8 6945 2526 2514 6825 6946 2527 2515 6826
7812 5 2 7 8 6946 2527 2515 6826 6947 2528 2516 6827
7813 5 2 7 8 6947 2528 2516 6827 6948 2529 2517 6828
7814 5 2 7 8 6948 2529 2517 6828 2982 443 442 2972
7815 5 2 7 8 1678 1677 1667 1668 6949 6937 6817 6829
7816 5 2 7 8 6949 6937 6817 6829 6950 6938 6818 6830
7817 5 2 7 8 6950 6938 6818 6830 6951 6939 6819 6831
7818 5 2 7 8 6951 6939 6819 6831 6952 6940 6820 6832
7819 5 2 7 8 6952 6940 6820 6832 6953 6941 6821 6833
7820 5 2 7 8 6953 6941 6821 6833 6954 6942 6822 6834
7821 5 2 7 8 6954 6942 6822 6834 6955 6943 6823 6835
7822 5 2 7 8 6955 6943 6823 6835 6956 6944 6824 6836
7823 5 2 7 8 6956 6944 6824 6836 6957 6945 6825 6837
7824 5 2 7 8 6957 6945 6825 6837 6958 6946 6826 6838
7825 5 2 7 8 6958 6946 6826 6838 6959 6947 6827 6839
7826 5 2 7 8 6959 6947 6827 6839 6960 6948 6828 6840
7827 5 2 7 8 6960 6948 6828 6840 2983 2982 2972 2973
7828 5 2 7 8 1679 1678 1668 1669 6961 6949 6829 6841
7829 5 2 7 8 6961 6949 6829 6841 6962 6950 6830 6842
7830 5 2 7 8 6962 6950 6830 6842 6963 6951 6831 6843
7831 5 2 7 8 6963 6951 6831 6843 6964 6952 6832 6844
7832 5 2 7 8 6964 6952 6832 6844 6965 6953 6833 6845
7833 5 2 7 8 6965 6953 6833 6845 6966 6954 6834 6846
7834 5 2 7 8 6966 6954 6834 6846 6967 6955 6835 6847
7835 5 2 7 8 6967 6955 6835 6847 6968 6956 6836 6848
7836 5 2 7 8 6968 6956 6836 6848 6969 6957 6837 6849
7837 5 2 7 8 6969 6957 6837 6849 6970 6958 6838 6850
7838 5 2 7 8 6970 6958 6838 6850 6971 6959 6839 6851
7839 5 2 7 8 6971 6959 6839 6851 6972 6960 6840 6852
7840 5 2 7 8 6972 6960 6840 6852 2984 2983 2973 2974
7841 5 2 7 8 1680 1679 1669 1670 6973 6961 6841 6853
7842 5 2 7 8 6973 6961 6841 6853 6974 6962 6842 6854
7843 5 2 7 8 6974 6962 6842 6854 6975 6963 6843 6855
7844 5 2 7 8 6975 6963 6843 6855 6976 6964 6844 6856
7845 5 2 7 8 6976 6964 6844 6856 6977 6965 6845 6857
7846 5 2 7 8 6977 6965 6845 6857 6978 6966 6846 6858
7847 5 2 7 8 6978 6966 6846 6858 6979 6967 6847 6859
7848 5 2 7 8 6979 6967 6847 6859 6980 6968 6848 6860
7849 5 2 7 8 6980 6968 6848 6860 6981 6969 6849 6861
7850 5 2 7 8 6981 6969 6849 6861 6982 6970 6850 6862
7851 5 2 7 8 6982 6970 6850 6862 6983 6971 6851 6863
7852 5 2 7 8 6983 6971 6851 6863 6984 6972 6852 6864
7853 5 2 7 8 6984 6972 6852 6864 2985 2984 2974 2975
7854 5 2 7 8 1681 1680 1670 1671 6985 6973 6853 6865
7855 5 2 7 8 6985 6973 6853 6865 6986 6974 6854 6866
7856 5 2 7 8 6986 6974 6854 6866 6987 6975 6855 6867
7857 5 2 7 8 6987 6975 6855 6867 6988 6976 6856 6868
7858 5 2 7 8 6988 6976 6856 6868 6989 6977 6857 6869
7859 5 2 7 8 6989 6977 6857 6869 6990 6978 6858 6870
7860 5 2 7 8 6990 6978 6858 6870 6991 6979 6859 6871
7861 5 2 7 8 6991 6979 6859 6871 6992 6980 6860 6872
7862 5 2 7 8 6992 6980 6860 6872 6993 6981 6861 6873
7863 5 2 7 8 6993 6981 6861 6873 6994 6982 6862 6874
7864 5 2 7 8 6994 6982 6862 6874 6995 6983 6863 6875
7865 5 2 7 8 6995 6983 6863 6875 6996 6984 6864 6876
7866 5 2 7 8 6996 6984 6864 6876 2986 2985 2975 2976
7867 5 2 7 8 1682 1681 1671 1672 6997 6985 6865 6877
7868 5 2 7 8 6997 6985 6865 6877 6998 6986 6866 6878
7869 5 2 7 8 6998 6986 6866 6878 6999 6987 6867 6879
7870 5 2 7 8 6999 6987 6867 6879 7000 6988 6868 6880
7871 5 2 7 8 7000 6988 6868 6880 7001 6989 6869 6881
7872 5 2 7 8 7001 6989 6869 6881 7002 6990 6870 6882
7873 5 2 7 8 7002 6990 6870 6882 7003 6991 6871 6883
7874 5 2 7 8 7003 6991 6871 6883 7004 6992 6872 6884
7875 5 2 7 8 7004 6992 6872 6884 7005 6993 6873 6885
7876 5 2 7 8 7005 6993 6873 6885 7006 6994 6874 6886
7877 5 2 7 8 7006 6994 6874 6886 7007 6995 6875 6887
7878 5 2 7 8 7007 6995 6875 6887 7008 6996 6876 6888
7879 5 2 7 8 7008 6996 6876 6888 2987 2986 2976 2977
7880 5 2 7 8 1683 1682 1672 1673 7009 6997 6877 6889
7881 5 2 7 8 7009 6997 6877 6889 7010 6998 6878 6890
7882 5 2 7 8 7010 6998 6878 6890 7011 6999 6879 6891
7883 5 2 7 8 7011 6999 6879 6891 7012 7000 6880 6892
7884 5 2 7 8 7012 7000 6880 6892 7013 7001 6881 6893
7885 5 2 7 8 7013 7001 6881 6893 7014 7002 6882 6894
7886 5 2 7 8 7014 7002 6882 6894 7015 7003 6883 6895
7887 5 2 7 8 7015 7003 6883 6895 7016 7004 6884 6896
7888 5 2 7 8 7016 7004 6884 6896 7017 7005 6885 6897
7889 5 2 7 8 7017 7005 6885 6897 7018 7006 6886 6898
7890 5 2 7 8 7018 7006 6886 6898 7019 7007 6887 6899
7891 5 2 7 8 7019 7007 6887 6899 7020 7008 6888 6900
7892 5 2 7 8 7020 7008 6888 6900 2988 2987 2977 2978
7893 5 2 7 8 1684 1683 1673 1674 7021 7009 6889 6901
7894 5 2 7 8 7021 7009 6889 6901 7022 7010 6890 6902
7895 5 2 7 8 7022 7010 6890 6902 7023 7011 6891 6903
7896 5 2 7 8 7023 7011 6891 6903 7024 7012 6892 6904
7897 5 2 7 8 7024 7012 6892 6904 7025 7013 6893 6905
7898 5 2 7 8 7025 7013 6893 6905 7026 7014 6894 6906
7899 5 2 7 8 7026 7014 6894 6906 7027 7015 6895 6907
7900 5 2 7 8 7027 7015 6895 6907 7028 7016 6896 6908
7901 5 2 7 8 7028 7016 6896 6908 7029 7017 6897 6909
7902 5 2 7 8 7029 7017 6897 6909 7030 7018 6898 6910
7903 5 2 7 8 7030 7018 6898 6910 7031 7019 6899 6911
7904 5 2 7 8 7031 7019 6899 6911 7032 7020 6900 6912
7905 5 2 7 8 7032 7020 6900 6912 2989 2988 2978 2979
7906 5 2 7 8 1685 1684 1674 1675 7033 7021 6901 6913
7907 5 2 7 8 7033 7021 6901 6913 7034 7022 6902 6914
7908 5 2 7 8 7034 7022 6902 6914 7035 7023 6903 6915
7909 5 2 7 8 7035 7023 6903 6915 7036 7024 6904 6916
7910 5 2 7 8 7036 7024 6904 6916 7037 7025 6905 6917
7911 5 2 7 8 7037 7025 6905 6917 7038 7026 6906 6918
7912 5 2 7 8 7038 7026 6906 6918 7039 7027 6907 6919
7913 5 2 7 8 7039 7027 6907 6919 7040 7028 6908 6920
7914 5 2 7 8 7040 7028 6908 6920 7041 7029 6909 6921
7915 5 2 7 8 7041 7029 6909 6921 7042 7030 6910 6922
7916 5 2 7 8 7042 7030 6910 6922 7043 7031 6911 6923
7917 5 2 7 8 7043 7031 6911 6923 7044 7032 6912 6924
7918 5 2 7 8 7044 7032 6912 6924 2990 2989 2979 2980
7919 5 2 7 8 1686 1685 1675 1676 7045 7033 6913 6925
7920 5 2 7 8 7045 7033 6913 6925 7046 7034 6914 6926
7921 5 2 7 8 7046 7034 6914 6926 7047 7035 6915 6927
7922 5 2 7 8 7047 7035 6915 6927 7048 7036 6916 6928
7923 5 2 7 8 7048 7036 6916 6928 7049 7037 6917 6929
7924 5 2 7 8 7049 7037 6917 6929 7050 7038 6918 6930
7925 5 2 7 8 7050 7038 6918 6930 7051 7039 6919 6931
7926 5 2 7 8 7051 7039 6919 6931 7052 7040 6920 6932
7927 5 2 7 8 7052 7040 6920 6932 7053 7041 6921 6933
7928 5 2 7 8 7053 7041 6921 6933 7054 7042 6922 6934
7929 5 2 7 8 7054 7042 6922 6934 7055 7043 6923 6935
7930 5 2 7 8 7055 7043 6923 6935 7056 7044 6924 6936
7931 5 2 7 8 7056 7044 6924 6936 2991 2990 2980 2981
7932 5 2 7 8 282 1686 1676 281 2868 7045 6925 2856
7933 5 2 7 8 2868 7045 6925 2856 2869 7046 6926 2857
7934 5 2 7 8 2869 7046 6926 2857 2870 7047 6927 2858
7935 5 2 7 8 2870 7047 6927 2858 2871 7048 6928 2859
7936 5 2 7 8 2871 7048 6928 2859 2872 7049 6929 2860
7937 5 2 7 8 2872 7049 6929 2860 2873 7050 6930 2861
7938 5 2 7 8 2873 7050 6930 2861 2874 7051 6931 2862
7939 5 2 7 8 2874 7051 6931 2862 2875 7052 6932 2863
7940 5 2 7 8 2875 7052 6932 2863 2876 7053 6933 2864
7941 5 2 7 8 2876 7053 6933 2864 2877 7054 6934 2865
7942 5 2 7 8 2877 7054 6934 2865 2878 7055 6935 2866
7943 5 2 7 8 2878 7055 6935 2866 2879 7056 6936 2867
7944 5 2 7 8 2879 7056 6936 2867 480 2991 2981 479
7945 5 2 7 8 1687 249 248 1677 7057 2530 2518 6937
7946 5 2 7 8 7057 2530 2518 6937 7058 2531 2519 6938
7947 5 2 7 8 7058 2531 2519 6938 7059 2532 2520 6939
7948 5 2 7 8 7059 2532 2520 6939 7060 2533 2521 6940
7949 5 2 7 8 7060 2533 2521 6940 7061 2534 2522 6941
7950 5 2 7 8 7061 2534 2522 6941 7062 2535 2523 6942
7951 5 2 7 8 7062 2535 2523 6942 7063 2536 2524 6943
7952 5 2 7 8 7063 2536 2524 6943 7064 2537 2525 6944
7953 5 2 7 8 7064 2537 2525 6944 7065 2538 2526 6945
7954 5 2 7 8 7065 2538 2526 6945 7066 2539 2527 6946
7955 5 2 7 8 7066 2539 2527 6946 7067 2540 2528 6947
7956 5 2 7 8 7067 2540 2528 6947 7068 2541 2529 6948
7957 5 2 7 8 7068 2541 2529 6948 2992 444 443 2982
7958 5 2 7 8 1688 1687 1677 1678 7069 7057 6937 6949
7959 5 2 7 8 7069 7057 6937 6949 7070 7058 6938 6950
7960 5 2 7 8 7070 7058 6938 6950 7071 7059 6939 6951
7961 5 2 7 8 7071 7059 6939 6951 7072 7060 6940 6952
7962 5 2 7 8 7072 7060 6940 6952 7073 7061 6941 6953
7963 5 2 7 8 7073 7061 6941 6953 7074 7062 6942 6954
7964 5 2 7 8 7074 7062 6942 6954 7075 7063 6943 6955
7965 5 2 7 8 7075 7063 6943 6955 7076 7064 6944 6956
7966 5 2 7 8 7076 7064 6944 6956 7077 7065 6945 6957
7967 5 2 7 8 7077 7065 6945 6957 7078 7066 6946 6958
7968 5 2 7 8 7078 7066 6946 6958 7079 7067 6947 6959
7969 5 2 7 8 7079 7067 6947 6959 7080 7068 6948 6960
7970 5 2 7 8 7080 7068 6948 6960 2993 2992 2982 2983
7971 5 2 7 8 1689 1688 1678 1679 7081 7069 6949 6961
7972 5 2 7 8 7081 7069 6949 6961 7082 7070 6950 6962
7973 5 2 7 8 7082 7070 6950 6962 7083 7071 6951 6963
7974 5 2 7 8 7083 7071 6951 6963 7084 7072 6952 6964
7975 5 2 7 8 7084 7072 6952 6964 7085 7073 6953 6965
7976 5 2 7 8 7085 7073 6953 6965 7086 7074 6954 6966
7977 5 2 7 8 7086 7074 6954 6966 7087 7075 6955 6967
7978 5 2 7 8 7087 7075 6955 6967 7088 7076 6956 6968
7979 5 2 7 8 7088 7076 6956 6968 7089 7077 6957 6969
7980 5 2 7 8 7089 7077 6957 6969 7090 7078 6958 6970
7981 5 2 7 8 7090 7078 6958 6970 7091 7079 6959 6971
7982 5 2 7 8 7091 7079 6959 6971 7092 7080 6960 6972
7983 5 2 7 8 7092 7080 6960 6972 2994 2993 2983 2984
7984 5 2 7 8 1690 1689 1679 1680 7093 7081 6961 6973
7985 5 2 7 8 7093 7081 6961 6973 7094 7082 6962 6974
7986 5 2 7 8 7094 7082 6962 6974 7095 7083 6963 6975
7987 5 2 7 8 7095 7083 6963 6975 7096 7084 6964 6976
7988 5 2 7 8 7096 7084 6964 6976 7097 7085 6965 6977
7989 5 2 7 8 7097 7085 6965 6977 7098 7086 6966 6978
7990 5 2 7 8 7098 7086 6966 6978 7099 7087 6967 6979
7991 5 2 7 8 7099 7087 6967 6979 7100 7088 6968 6980
7992 5 2 7 8 7100 7088 6968 6980 7101 7089 6969 6981
7993 5 2 7 8 7101 7089 6969 6981 7102 7090 6970 6982
7994 5 2 7 8 7102 7090 6970 6982 7103 7091 6971 6983
7995 5 2 7 8 7103 7091 6971 6983 7104 7092 6972 6984
7996 5 2 7 8 7104 7092 6972 6984 2995 2994 2984 2985
7997 5 2 7 8 1691 1690 1680 1681 7105 7093 6973 6985
7998 5 2 7 8 7105 7093 6973 6985 7106 7094 6974 6986
7999 5 2 7 8 7106 7094 6974 6986 7107 7095 6975 6987
8000 5 2 7 8 7107 7095 6975 6987 7108 7096 6976 6988
8001 5 2 7 8 7108 7096 6976 6988 7109 7097 6977 6989
8002 5 2 7 8 7109 7097 6977 6989 7110 7098 6978 6990
8003 5 2 7 8 7110 7098 6978 6990 7111 7099 6979 6991
8004 5 2 7 8 7111 7099 6979 6991 7112 7100 6980 6992
8005 5 2 7 8 7112 7100 6980 6992 7113 7101 6981 6993
8006 5 2 7 8 7113 7101 6981 6993 7114 7102 6982 6994
8007 5 2 7 8 7114 7102 6982 6994 7115 7103 6983 6995
8008 5 2 7 8 7115 7103 6983 6995 7116 7104 6984 6996
8009 5 2 7 8 7116 7104 6984 6996 2996 2995 2985 2986
8010 5 2 7 8 1692 1691 1681 1682 7117 7105 6985 6997
8011 5 2 7 8 7117 7105 6985 6997 7118 7106 6986 6998
8012 5 2 7 8 7118 7106 6986 6998 7119 7107 6987 6999
8013 5 2 7 8 7119 7107 6987 6999 7120 7108 6988 7000
8014 5 2 7 8 7120 7108 6988 7000 7121 7109 6989 7001
8015 5 2 7 8 7121 7109 6989 7001 7122 7110 6990 7002
8016 5 2 7 8 7122 7110 6990 7002 7123 7111 6991 7003
8017 5 2 7 8 7123 7111 6991 7003 7124 7112 6992 7004
8018 5 2 7 8 7124 7112 6992 7004 7125 7113 6993 7005
8019 5 2 7 8 7125 7113 6993 7005 7126 7114 6994 7006
8020 5 2 7 8 7126 7114 6994 7006 7127 7115 6995 7007
8021 5 2 7 8 7127 7115 6995 7007 7128 7116 6996 7008
8022 5 2 7 8 7128 7116 6996 7008 2997 2996 2986 2987
8023 5 2 7 8 1693 1692 1682 1683 7129 7117 6997 7009
8024 5 2 7 8 7129 7117 6997 7009 7130 7118 6998 7010
8025 5 2 7 8 7130 7118 6998 7010 7131 7119 6999 7011
8026 5 2 7 8 7131 7119 6999 7011 7132 7120 7000 7012
8027 5 2 7 8 7132 7120 7000 7012 7133 7121 7001 7013
8028 5 2 7 8 7133 7121 7001 7013 7134 7122 7002 7014
8029 5 2 7 8 7134 7122 7002 7014 7135 7123 7003 7015
8030 5 2 7 8 7135 7123 7003 7015 7136 7124 7004 7016
8031 5 2 7 8 7136 7124 7004 7016 7137 7125 7005 7017
8032 5 2 7 8 7137 7125 7005 7017 7138 7126 7006 7018
8033 5 2 7 8 7138 7126 7006 7018 7139 7127 7007 7019
8034 5 2 7 8 7139 7127 7007 7019 7140 7128 7008 7020
8035 5 2 7 8 7140 7128 7008 7020 2998 2997 2987 2988
8036 5 2 7 8 1694 1693 1683 1684 7141 7129 7009 7021
8037 5 2 7 8 7141 7129 7009 7021 7142 7130 7010 7022
8038 5 2 7 8 7142 7130 7010 7022 7143 7131 7011 7023
8039 5 2 7 8 7143 7131 7011 7023 7144 7132 7012 7024
8040 5 2 7 8 7144 7132 7012 7024 7145 7133 7013 7025
8041 5 2 7 8 7145 7133 7013 7025 7146 7134 7014 7026
8042 5 2 7 8 7146 7134 7014 7026 7147 7135 7015 7027
8043 5 2 7 8 7147 7135 7015 7027 7148 7136 7016 7028
8044 5 2 7 8 7148 7136 7016 7028 7149 7137 7017 7029
8045 5 2 7 8 7149 7137 7017 7029 7150 7138 7018 7030
8046 5 2 7 8 7150 7138 7018 7030 7151 7139 7019 7031
8047 5 2 7 8 7151 7139 7019 7031 7152 7140 7020 7032
8048 5 2 7 8 7152 7140 7020 7032 2999 2998 2988 2989
8049 5 2 7 8 1695 1694 1684 1685 7153 7141 7021 7033
8050 5 2 7 8 7153 7141 7021 7033 7154 7142 7022 7034
8051 5 2 7 8 7154 7142 7022 7034 7155 7143 7023 7035
8052 5 2 7 8 7155 7143 7023 7035 7156 7144 7024 7036
8053 5 2 7 8 7156 7144 7024 7036 7157 7145 7025 7037
8054 5 2 7 8 7157 7145 7025 7037 7158 7146 7026 7038
8055 5 2 7 8 7158 7146 7026 7038 7159 7147 7027 7039
8056 5 2 7 8 7159 7147 7027 7039 7160 7148 7028 7040
8057 5 2 7 8 7160 7148 7028 7040 7161 7149 7029 7041
8058 5 2 7 8 7161 7149 7029 7041 7162 7150 7030 7042
8059 5 2 7 8 7162 7150 7030 7042 7163 7151 7031 7043
8060 5 2 7 8 7163 7151 7031 7043 7164 7152 7032 7044
8061 5 2 7 8 7164 7152 7032 7044 3000 2999 2989 2990
8062 5 2 7 8 1696 1695 1685 1686 7165 7153 7033 7045
8063 5 2 7 8 7165 7153 7033 7045 7166 7154 7034 7046
8064 5 2 7 8 7166 7154 7034 7046 7167 7155 7035 7047
8065 5 2 7 8 7167 7155 7035 7047 7168 7156 7036 7048
8066 5 2 7 8 7168 7156 7036 7048 7169 7157 7037 7049
8067 5 2 7 8 7169 7157 7037 7049 7170 7158 7038 7050
8068 5 2 7 8 7170 7158 7038 7050 7171 7159 7039 7051
8069 5 2 7 8 7171 7159 7039 7051 7172 7160 7040 7052
8070 5 2 7 8 7172 7160 7040 7052 7173 7161 7041 7053
8071 5 2 7 8 7173 7161 7041 7053 7174 7162 7042 7054
8072 5 2 7 8 7174 7162 7042 7054 7175 7163 7043 7055
8073 5 2 7 8 7175 7163 7043 7055 7176 7164 7044 7056
8074 5 2 7 8 7176 7164 7044 7056 3001 3000 2990 2991
8075 5 2 7 8 283 1696 1686 282 2880 7165 7045 2868
8076 5 2 7 8 2880 7165 7045 2868 2881 7166 7046 2869
8077 5 2 7 8 2881 7166 7046 2869 2882 7167 7047 2870
8078 5 2 7 8 2882 7167 7047 2870 2883 7168 7048 2871
8079 5 2 7 8 2883 7168 7048 2871 2884 7169 7049 2872
8080 5 2 7 8 2884 7169 7049 2872 2885 7170 7050 2873
8081 5 2 7 8 2885 7170 7050 2873 2886 7171 7051 2874
8082 5 2 7 8 2886 7171 7051 2874 2887 7172 7052 2875
8083 5 2 7 8 2887 7172 7052 2875 2888 7173 7053 2876
8084 5 2 7 8 2888 7173 7053 2876 2889 7174 7054 2877
8085 5 2 7 8 2889 7174 7054 2877 2890 7175 7055 2878
8086 5 2 7 8 2890 7175 7055 2878 2891 7176 7056 2879
8087 5 2 7 8 2891 7176 7056 2879 481 3001 2991 480
8088 5 2 7 8 1697 250 249 1687 7177 2542 2530 7057
8089 5 2 7 8 7177 2542 2530 7057 7178 2543 2531 7058
8090 5 2 7 8 7178 2543 2531 7058 7179 2544 2532 7059
8091 5 2 7 8 7179 2544 2532 7059 7180 2545 2533 7060
8092 5 2 7 8 7180 2545 2533 7060 7181 2546 2534 7061
8093 5 2 7 8 7181 2546 2534 7061 7182 2547 2535 7062
8094 5 2 7 8 7182 2547 2535 7062 7183 2548 2536 7063
8095 5 2 7 8 7183 2548 2536 7063 7184 2549 2537 7064
8096 5 2 7 8 7184 2549 2537 7064 7185 2550 2538 7065
8097 5 2 7 8 7185 2550 2538 7065 7186 2551 2539 7066
8098 5 2 7 8 7186 2551 2539 7066 7187 2552 2540 7067
8099 5 2 7 8 7187 2552 2540 7067 7188 2553 2541 7068
8100 5 2 7 8 7188 2553 2541 7068 3002 445 444 2992
8101 5 2 7 8 1698 1697 1687 1688 7189 7177 7057 7069
8102 5 2 7 8 7189 7177 7057 7069 7190 7178 7058 7070
8103 5 2 7 8 7190 7178 7058 7070 7191 7179 7059 7071
8104 5 2 7 8 7191 7179 7059 7071 7192 7180 7060 7072
8105 5 2 7 8 7192 7180 7060 7072 7193 7181 7061 7073
8106 5 2 7 8 7193 7181 7061 7073 7194 7182 7062 7074
8107 5 2 7 8 7194 7182 7062 7074 7195 7183 7063 7075
8108 5 2 7 8 7195 7183 7063 7075 7196 7184 7064 7076
8109 5 2 7 8 7196 7184 7064 7076 7197 7185 7065 7077
8110 5 2 7 8 7197 7185 7065 7077 7198 7186 7066 7078
8111 5 2 7 8 7198 7186 7066 7078 7199 7187 7067 7079
8112 5 2 7 8 7199 7187 7067 7079 7200 7188 7068 7080
8113 5 2 7 8 7200 7188 7068 7080 3003 3002 2992 2993
8114 5 2 7 8 1699 1698 1688 1689 7201 7189 7069 7081
8115 5 2 7 8 7201 7189 7069 7081 7202 7190 7070 7082
8116 5 2 7 8 7202 7190 7070 7082 7203 7191 7071 7083
8117 5 2 7 8 7203 7191 7071 7083 7204 7192 7072 7084
8118 5 2 7 8 7204 7192 7072 7084 7205 7193 7073 7085
8119 5 2 7 8 7205 7193 7073 7085 7206 7194 7074 7086
8120 5 2 7 8 7206 7194 7074 7086 7207 7195 7075 7087
8121 5 2 7 8 7207 7195 7075 7087 7208 7196 7076 7088
8122 5 2 7 8 7208 7196 7076 7088 7209 7197 7077 7089
8123 5 2 7 8 7209 7197 7077 7089 7210 7198 7078 7090
8124 5 2 7 8 7210 7198 7078 7090 7211 7199 7079 7091
8125 5 2 7 8 7211 7199 7079 7091 7212 7200 7080 7092
8126 5 2 7 8 7212 7200 7080 7092 3004 3003 2993 2994
8127 5 2 7 8 1700 1699 1689 1690 7213 7201 7081 7093
8128 5 2 7 8 7213 7201 7081 7093 7214 7202 7082 7094
8129 5 2 7 8 7214 7202 7082 7094 7215 7203 7083 7095
8130 5 2 7 8 7215 7203 7083 7095 7216 7204 7084 7096
8131 5 2 7 8 7216 7204 7084 7096 7217 7205 7085 7097
8132 5 2 7 8 7217 7205 7085 7097 7218 7206 7086 7098
8133 5 2 7 8 7218 7206 7086 7098 7219 7207 7087 7099
8134 5 2 7 8 7219 7207 7087 7099 7220 7208 7088 7100
8135 5 2 7 8 7220 7208 7088 7100 7221 7209 7089 7101
8136 5 2 7 8 7221 7209 7089 7101 7222 7210 7090 7102
8137 5 2 7 8 7222 7210 7090 7102 7223 7211 7091 7103
8138 5 2 7 8 7223 7211 7091 7103 7224 7212 7092 7104
8139 5 2 7 8 7224 7212 7092 7104 3005 3004 2994 2995
8140 5 2 7 8 1701 1700 1690 1691 7225 7213 7093 7105
8141 5 2 7 8 7225 7213 7093 7105 7226 7214 7094 7106
8142 5 2 7 8 7226 7214 7094 7106 7227 7215 7095 7107
8143 5 2 7 8 7227 7215 7095 7107 7228 7216 7096 7108
8144 5 2 7 8 7228 7216 7096 7108 7229 7217 7097 7109
8145 5 2 7 8 7229 7217 7097 7109 7230 7218 7098 7110
8146 5 2 7 8 7230 7218 7098 7110 7231 7219 7099 7111
8147 5 2 7 8 7231 7219 7099 7111 7232 7220 7100 7112
8148 5 2 7 8 7232 7220 7100 7112 7233 7221 7101 7113
8149 5 2 7 8 7233 7221 7101 7113 7234 7222 7102 7114
8150 5 2 7 8 7234 7222 7102 7114 7235 7223 7103 7115
8151 5 2 7 8 7235 7223 7103 7115 7236 7224 7104 7116
8152 5 2 7 8 7236 7224 7104 7116 3006 3005 2995 2996
8153 5 2 7 8 1702 1701 1691 1692 7237 7225 7105 7117
8154 5 2 7 8 7237 7225 7105 7117 7238 7226 7106 7118
8155 5 2 7 8 7238 7226 7106 7118 7239 7227 7107 7119
8156 5 2 7 8 7239 7227 7107 7119 7240 7228 7108 7120
8157 5 2 7 8 7240 7228 7108 7120 7241 7229 7109 7121
8158 5 2 7 8 7241 7229 7109 7121 7242 7230 7110 7122
8159 5 2 7 8 7242 7230 7110 7122 7243 7231 7111 7123
8160 5 2 7 8 7243 7231 7111 7123 7244 7232 7112 7124
8161 5 2 7 8 7244 7232 7112 7124 7245 7233 7113 7125
8162 5 2 7 8 7245 7233 7113 7125 7246 7234 7114 7126
8163 5 2 7 8 7246 7234 7114 7126 7247 7235 7115 7127
8164 5 2 7 8 7247 7235 7115 7127 7248 7236 7116 7128
8165 5 2 7 8 7248 7236 7116 7128 3007 3006 2996 2997
8166 5 2 7 8 1703 1702 1692 1693 7249 7237 7117 7129
8167 5 2 7 8 7249 7237 7117 7129 7250 7238 7118 7130
8168 5 2 7 8 7250 7238 7118 7130 7251 7239 7119 7131
8169 5 2 7 8 7251 7239 7119 7131 7252 7240 7120 7132
8170 5 2 7 8 7252 7240 7120 7132 7253 7241 7121 7133
8171 5 2 7 8 7253 7241 7121 7133 7254 7242 7122 7134
8172 5 2 7 8 7254 7242 7122 7134 7255 7243 7123 7135
8173 5 2 7 8 7255 7243 7123 7135 7256 7244 7124 7136
8174 5 2 7 8 7256 7244 7124 7136 7257 7245 7125 7137
8175 5 2 7 8 7257 7245 7125 7137 7258 7246 7126 7138
8176 5 2 7 8 7258 7246 7126 7138 7259 7247 7127 7139
8177 5 2 7 8 7259 7247 7127 7139 7260 7248 7128 7140
8178 5 2 7 8 7260 7248 7128 7140 3008 3007 2997 2998
8179 5 2 7 8 1704 1703 1693 1694 7261 7249 7129 7141
8180 5 2 7 8 7261 7249 7129 7141 7262 7250 7130 7142
8181 5 2 7 8 7262 7250 7130 7142 7263 7251 7131 7143
8182 5 2 7 8 7263 7251 7131 7143 7264 7252 7132 7144
8183 5 2 7 8 7264 7252 7132 7144 7265 7253 7133 7145
8184 5 2 7 8 7265 7253 7133 7145 7266 7254 7134 7146
8185 5 2 7 8 7266 7254 7134 7146 7267 7255 7135 7147
8186 5 2 7 8 7267 7255 7135 7147 7268 7256 7136 7148
8187 5 2 7 8 7268 7256 7136 7148 7269 7257 7137 7149
8188 5 2 7 8 7269 7257 7137 7149 7270 7258 7138 7150
8189 5 2 7 8 7270 7258 7138 7150 7271 7259 7139 7151
8190 5 2 7 8 7271 7259 7139 7151 7272 7260 7140 7152
8191 5 2 7 8 7272 7260 7140 7152 3009 3008 2998 2999
8192 5 2 7 8 1705 1704 1694 1695 7273 7261 7141 7153
8193 5 2 7 8 7273 7261 7141 7153 7274 7262 7142 7154
8194 5 2 7 8 7274 7262 7142 7154 7275 7263 7143 7155
8195 5 2 7 8 7275 7263 7143 7155 7276 7264 7144 7156
8196 5 2 7 8 7276 7264 7144 7156 7277 7265 7145 7157
8197 5 2 7 8 7277 7265 7145 7157 7278 7266 7146 7158
8198 5 2 7 8 7278 7266 7146 7158 7279 7267 7147 7159
8199 5 2 7 8 7279 7267 7147 7159 7280 7268 7148 7160
8200 5 2 7 8 7280 7268 7148 7160 7281 7269 7149 7161
8201 5 2 7 8 7281 7269 7149 7161 7282 7270 7150 7162
8202 5 2 7 8 7282 7270 7150 7162 7283 7271 7151 7163
8203 5 2 7 8 7283 7271 7151 7163 7284 7272 7152 7164
8204 5 2 7 8 7284 7272 7152 7164 3010 3009 2999 3000
8205 5 2 7 8 1706 1705 1695 1696 7285 7273 7153 7165
8206 5 2 7 8 7285 7273 7153 7165 7286 7274 7154 7166
8207 5 2 7 8 7286 7274 7154 7166 7287 7275 7155 7167
8208 5 2 7 8 7287 7275 7155 7167 7288 7276 7156 7168
8209 5 2 7 8 7288 7276 7156 7168 7289 7277 7157 7169
8210 5 2 7 8 7289 7277 7157 7169 7290 7278 7158 7170
8211 5 2 7 8 7290 7278 7158 7170 7291 7279 7159 7171
8212 5 2 7 8 7291 7279 7159 7171 7292 7280 7160 7172
8213 5 2 7 8 7292 7280 7160 7172 7293 7281 7161 7173
8214 5 2 7 8 7293 7281 7161 7173 7294 7282 7162 7174
8215 5 2 7 8 7294 7282 7162 7174 7295 7283 7163 7175
8216 5 2 7 8 7295 7283 7163 7175 7296 7284 7164 7176
8217 5 2 7 8 7296 7284 7164 7176 3011 3010 3000 3001
8218 5 2 7 8 284 1706 1696 283 2892 7285 7165 2880
8219 5 2 7 8 2892 7285 7165 2880 2893 7286 7166 2881
8220 5 2 7 8 2893 7286 7166 2881 2894 7287 7167 2882
8221 5 2 7 8 2894 7287 7167 2882 2895 7288 7168 2883
8222 5 2 7 8 2895 7288 7168 2883 2896 7289 7169 2884
8223 5 2 7 8 2896 7289 7169 2884 2897 7290 7170 2885
8224 5 2 7 8 2897 7290 7170 2885 2898 7291 7171 2886
8225 5 2 7 8 2898 7291 7171 2886 2899 7292 7172 2887
8226 5 2 7 8 2899 7292 7172 2887 2900 7293 7173 2888
8227 5 2 7 8 2900 7293 7173 2888 2901 7294 7174 2889
8228 5 2 7 8 2901 7294 7174 2889 2902 7295 7175 2890
8229 5 2 7 8 2902 7295 7175 2890 2903 7296 7176 2891
8230 5 2 7 8 2903 7296 7176 2891 482 3011 3001 481
8231 5 2 7 8 1707 251 250 1697 7297 2554 2542 7177
8232 5 2 7 8 7297 2554 2542 7177 7298 2555 2543 7178
8233 5 2 7 8 7298 2555 2543 7178 7299 2556 2544 7179
8234 5 2 7 8 7299 2556 2544 7179 7300 2557 2545 7180
8235 5 2 7 8 7300 2557 2545 7180 7301 2558 2546 7181
8236 5 2 7 8 7301 2558 2546 7181 7302 2559 2547 7182
8237 5 2 7 8 7302 2559 2547 7182 7303 2560 2548 7183
8238 5 2 7 8 7303 2560 2548 7183 7304 2561 2549 7184
8239 5 2 7 8 7304 2561 2549 7184 7305 2562 2550 7185
8240 5 2 7 8 7305 2562 2550 7185 7306 2563 2551 7186
8241 5 2 7 8 7306 2563 2551 7186 7307 2564 2552 7187
8242 5 2 7 8 7307 2564 2552 7187 7308 2565 2553 7188
8243 5 2 7 8 7308 2565 2553 7188 3012 446 445 3002
8244 5 2 7 8 1708 1707 1697 1698 7309 7297 7177 7189
8245 5 2 7 8 7309 7297 7177 7189 7310 7298 7178 7190
8246 5 2 7 8 7310 7298 7178 7190 7311 7299 7179 7191
8247 5 2 7 8 7311 7299 7179 7191 7312 7300 7180 7192
8248 5 2 7 8 7312 7300 7180 7192 7313 7301 7181 7193
8249 5 2 7 8 7313 7301 7181 7193 7314 7302 7182 7194
8250 5 2 7 8 7314 7302 7182 7194 7315 7303 7183 7195
8251 5 2 7 8 7315 7303 7183 7195 7316 7304 7184 7196
8252 5 2 7 8 7316 7304 7184 7196 7317 7305 7185 7197
8253 5 2 7 8 7317 7305 7185 7197 7318 7306 7186 7198
8254 5 2 7 8 7318 7306 7186 7198 7319 7307 7187 7199
8255 5 2 7 8 7319 7307 7187 7199 7320 7308 7188 7200
8256 5 2 7 8 7320 7308 7188 7200 3013 3012 3002 3003
8257 5 2 7 8 1709 1708 1698 1699 7321 7309 7189 7201
8258 5 2 7 8 7321 7309 7189 7201 7322 7310 7190 7202
8259 5 2 7 8 7322 7310 7190 7202 7323 7311 7191 7203
8260 5 2 7 8 7323 7311 7191 7203 7324 7312 7192 7204
8261 5 2 7 8 7324 7312 7192 7204 7325 7313 7193 7205
8262 5 2 7 8 7325 7313 7193 7205 7326 7314 7194 7206
8263 5 2 7 8 7326 7314 7194 7206 7327 7315 7195 7207
8264 5 2 7 8 7327 7315 7195 7207 7328 7316 7196 7208
8265 5 2 7 8 7328 7316 7196 7208 7329 7317 7197 7209
8266 5 2 7 8 7329 7317 7197 7209 7330 7318 7198 7210
8267 5 2 7 8 7330 7318 7198 7210 7331 7319 7199 7211
8268 5 2 7 8 7331 7319 7199 7211 7332 7320 7200 7212
8269 5 2 7 8 7332 7320 7200 7212 3014 3013 3003 3004
8270 5 2 7 8 1710 1709 1699 1700 7333 7321 7201 7213
8271 5 2 7 8 7333 7321 7201 7213 7334 7322 7202 7214
8272 5 2 7 8 7334 7322 7202 7214 7335 7323 7203 7215
8273 5 2 7 8 7335 7323 7203 7215 7336 7324 7204 7216
8274 5 2 7 8 7336 7324 7204 7216 7337 7325 7205 7217
8275 5 2 7 8 7337 7325 7205 7217 7338 7326 7206 7218
8276 5 2 7 8 7338 7326 7206 7218 7339 7327 7207 7219
8277 5 2 7 8 7339 7327 7207 7219 7340 7328 7208 7220
8278 5 2 7 8 7340 7328 7208 7220 7341 7329 7209 7221
8279 5 2 7 8 7341 7329 7209 7221 7342 7330 7210 7222
8280 5 2 7 8 7342 7330 7210 7222 7343 7331 7211 7223
8281 5 2 7 8 7343 7331 7211 7223 7344 7332 7212 7224
8282 5 2 7 8 7344 7332 7212 7224 3015 3014 3004 3005
8283 5 2 7 8 1711 1710 1700 1701 7345 7333 7213 7225
8284 5 2 7 8 7345 7333 7213 7225 7346 7334 7214 7226
8285 5 2 7 8 7346 7334 7214 7226 7347 7335 7215 7227
8286 5 2 7 8 7347 7335 7215 7227 7348 7336 7216 7228
8287 5 2 7 8 7348 7336 7216 7228 7349 7337 7217 7229
8288 5 2 7 8 7349 7337 7217 7229 7350 7338 7218 7230
8289 5 2 7 8 7350 7338 7218 7230 7351 7339 7219 7231
8290 5 2 7 8 7351 7339 7219 7231 7352 7340 7220 7232
8291 5 2 7 8 7352 7340 7220 7232 7353 7341 7221 7233
8292 5 2 7 8 7353 7341 7221 7233 7354 7342 7222 7234
8293 5 2 7 8 7354 7342 7222 7234 7355 7343 7223 7235
8294 5 2 7 8 7355 7343 7223 7235 7356 7344 7224 7236
8295 5 2 7 8 7356 7344 7224 7236 3016 3015 3005 3006
8296 5 2 7 8 1712 1711 1701 1702 7357 7345 7225 7237
8297 5 2 7 8 7357 7345 7225 7237 7358 7346 7226 7238
8298 5 2 7 8 7358 7346 7226 7238 7359 7347 7227 7239
8299 5 2 7 8 7359 7347 7227 7239 7360 7348 7228 7240
8300 5 2 7 8 7360 7348 7228 7240 7361 7349 7229 7241
8301 5 2 7 8 7361 7349 7229 7241 7362 7350 7230 7242
8302 5 2 7 8 7362 7350 7230 7242 7363 7351 7231 7243
8303 5 2 7 8 7363 7351 7231 7243 7364 7352 7232 7244
8304 5 2 7 8 7364 7352 7232 7244 7365 7353 7233 7245
8305 5 2 7 8 7365 7353 7233 7245 7366 7354 7234 7246
8306 5 2 7 8 7366 7354 7234 7246 7367 7355 7235 7247
8307 5 2 7 8 7367 7355 7235 7247 7368 7356 7236 7248
8308 5 2 7 8 7368 7356 7236 7248 3017 3016 3006 3007
8309 5 2 7 8 1713 1712 1702 1703 7369 7357 7237 7249
8310 5 2 7 8 7369 7357 7237 7249 7370 7358 7238 7250
8311 5 2 7 8 7370 7358 7238 7250 7371 7359 7239 7251
8312 5 2 7 8 7371 7359 7239 7251 7372 7360 7240 7252
8313 5 2 7 8 7372 7360 7240 7252 7373 7361 7241 7253
8314 5 2 7 8 7373 7361 7241 7253 7374 7362 7242 7254
8315 5 2 7 8 7374 7362 7242 7254 7375 7363 7243 7255
8316 5 2 7 8 7375 7363 7243 7255 7376 7364 7244 7256
8317 5 2 7 8 7376 7364 7244 7256 7377 7365 7245 7257
8318 5 2 7 8 7377 7365 7245 7257 7378 7366 7246 7258
8319 5 2 7 8 7378 7366 7246 7258 7379 7367 7247 7259
8320 5 2 7 8 7379 7367 7247 7259 7380 7368 7248 7260
8321 5 2 7 8 7380 7368 7248 7260 3018 3017 3007 3008
8322 5 2 7 8 1714 1713 1703 1704 7381 7369 7249 7261
8323 5 2 7 8 7381 7369 7249 7261 7382 7370 7250 7262
8324 5 2 7 8 7382 7370 7250 7262 7383 7371 7251 7263
8325 5 2 7 8 7383 7371 7251 7263 7384 7372 7252 7264
8326 5 2 7 8 7384 7372 7252 7264 7385 7373 7253 7265
8327 5 2 7 8 7385 7373 7253 7265 7386 7374 7254 7266
8328 5 2 7 8 7386 7374 7254 7266 7387 7375 7255 7267
8329 5 2 7 8 7387 7375 7255 7267 7388 7376 7256 7268
8330 5 2 7 8 7388 7376 7256 7268 7389 7377 7257 7269
8331 5 2 7 8 7389 7377 7257 7269 7390 7378 7258 7270
8332 5 2 7 8 7390 7378 7258 7270 7391 7379 7259 7271
8333 5 2 7 8 7391 7379 7259 7271 7392 7380 7260 7272
8334 5 2 7 8 7392 7380 7260 7272 3019 3018 3008 3009
8335 5 2 7 8 1715 1714 1704 1705 7393 7381 7261 7273
8336 5 2 7 8 7393 7381 7261 7273 7394 7382 7262 7274
8337 5 2 7 8 7394 7382 7262 7274 7395 7383 7263 7275
8338 5 2 7 8 7395 7383 7263 7275 7396 7384 7264 7276
8339 5 2 7 8 7396 7384 7264 7276 7397 7385 7265 7277
8340 5 2 7 8 7397 7385 7265 7277 7398 7386 7266 7278
8341 5 2 7 8 7398 7386 7266 7278 7399 7387 7267 7279
8342 5 2 7 8 7399 7387 7267 7279 7400 7388 7268 7280
8343 5 2 7 8 7400 7388 7268 7280 7401 7389 7269 7281
8344 5 2 7 8 7401 7389 7269 7281 7402 7390 7270 7282
8345 5 2 7 8 7402 7390 7270 7282 7403 7391 7271 7283
8346 5 2 7 8 7403 7391 7271 7283 7404 7392 7272 7284
8347 5 2 7 8 7404 7392 7272 7284 3020 3019 3009 3010
8348 5 2 7 8 1716 1715 1705 1706 7405 7393 7273 7285
8349 5 2 7 8 7405 7393 7273 7285 7406 7394 7274 7286
8350 5 2 7 8 7406 7394 7274 7286 7407 7395 7275 7287
8351 5 2 7 8 7407 7395 7275 7287 7408 7396 7276 7288
8352 5 2 7 8 7408 7396 7276 7288 7409 7397 7277 7289
8353 5 2 7 8 7409 7397 7277 7289 7410 7398 7278 7290
8354 5 2 7 8 7410 7398 7278 7290 7411 7399 7279 7291
8355 5 2 7 8 7411 7399 7279 7291 7412 7400 7280 7292
8356 5 2 7 8 7412 7400 7280 7292 7413 7401 7281 7293
8357 5 2 7 8 7413 7401 7281 7293 7414 7402 7282 7294
8358 5 2 7 8 7414 7402 7282 7294 7415 7403 7283 7295
8359 5 2 7 8 7415 7403 7283 7295 7416 7404 7284 7296
8360 5 2 7 8 7416 7404 7284 7296 3021 3020 3010 3011
8361 5 2 7 8 285 1716 1706 284 2904 7405 7285 2892
8362 5 2 7 8 2904 7405 7285 2892 2905 7406 7286 2893
8363 5 2 7 8 2905 7406 7286 2893 2906 7407 7287 2894
8364 5 2 7 8 2906 7407 7287 2894 2907 7408 7288 2895
8365 5 2 7 8 2907 7408 7288 2895 2908 7409 7289 2896
8366 5 2 7 8 2908 7409 7289 2896 2909 7410 7290 2897
8367 5 2 7 8 2909 7410 7290 2897 2910 7411 7291 2898
8368 5 2 7 8 2910 7411 7291 2898 2911 7412 7292 2899
8369 5 2 7 8 2911 7412 7292 2899 2912 7413 7293 2900
8370 5 2 7 8 2912 7413 7293 2900 2913 7414 7294 2901
8371 5 2 7 8 2913 7414 7294 2901 2914 7415 7295 2902
8372 5 2 7 8 2914 7415 7295 2902 2915 7416 7296 2903
8373 5 2 7 8 2915 7416 7296 2903 483 3021 3011 482
8374 5 2 7 8 1717 252 251 1707 7417 2566 2554 7297
8375 5 2 7 8 7417 2566 2554 7297 7418 2567 2555 7298
8376 5 2 7 8 7418 2567 2555 7298 7419 2568 2556 7299
8377 5 2 7 8 7419 2568 2556 7299 7420 2569 2557 7300
8378 5 2 7 8 7420 2569 2557 7300 7421 2570 2558 7301
8379 5 2 7 8 7421 2570 2558 7301 7422 2571 2559 7302
8380 5 2 7 8 7422 2571 2559 7302 7423 2572 2560 7303
8381 5 2 7 8 7423 2572 2560 7303 7424 2573 2561 7304
8382 5 2 7 8 7424 2573 2561 7304 7425 2574 2562 7305
8383 5 2 7 8 7425 2574 2562 7305 7426 2575 2563 7306
8384 5 2 7 8 7426 2575 2563 7306 7427 2576 2564 7307
8385 5 2 7 8 7427 2576 2564 7307 7428 2577 2565 7308
8386 5 2 7 8 7428 2577 2565 7308 3022 447 446 3012
8387 5 2 7 8 1718 1717 1707 1708 7429 7417 7297 7309
8388 5 2 7 8 7429 7417 7297 7309 7430 7418 7298 7310
8389 5 2 7 8 7430 7418 7298 7310 7431 7419 7299 7311
8390 5 2 7 8 7431 7419 7299 7311 7432 7420 7300 7312
8391 5 2 7 8 7432 7420 7300 7312 7433 7421 7301 7313
8392 5 2 7 8 7433 7421 7301 7313 7434 7422 7302 7314
8393 5 2 7 8 7434 7422 7302 7314 7435 7423 7303 7315
8394 5 2 7 8 7435 7423 7303 7315 7436 7424 7304 7316
8395 5 2 7 8 7436 7424 7304 7316 7437 7425 7305 7317
8396 5 2 7 8 7437 7425 7305 7317 7438 7426 7306 7318
8397 5 2 7 8 7438 7426 7306 7318 7439 7427 7307 7319
8398 5 2 7 8 7439 7427 7307 7319 7440 7428 7308 7320
8399 5 2 7 8 7440 7428 7308 7320 3023 3022 3012 3013
8400 5 2 7 8 1719 1718 1708 1709 7441 7429 7309 7321
8401 5 2 7 8 7441 7429 7309 7321 7442 7430 7310 7322
8402 5 2 7 8 7442 7430 7310 7322 7443 7431 7311 7323
8403 5 2 7 8 7443 7431 7311 7323 7444 7432 7312 7324
8404 5 2 7 8 7444 7432 7312 7324 7445 7433 7313 7325
8405 5 2 7 8 7445 7433 7313 7325 7446 7434 7314 7326
8406 5 2 7 8 7446 7434 7314 7326 7447 7435 7315 7327
8407 5 2 7 8 7447 7435 7315 7327 7448 7436 7316 7328
8408 5 2 7 8 7448 7436 7316 7328 7449 7437 7317 7329
8409 5 2 7 8 7449 7437 7317 7329 7450 7438 7318 7330
8410 5 2 7 8 7450 7438 7318 7330 7451 7439 7319 7331
8411 5 2 7 8 7451 7439 7319 7331 7452 7440 7320 7332
8412 5 2 7 8 7452 7440 7320 7332 3024 3023 3013 3014
8413 5 2 7 8 1720 1719 1709 1710 7453 7441 7321 7333
8414 5 2 7 8 7453 7441 7321 7333 7454 7442 7322 7334
8415 5 2 7 8 7454 7442 7322 7334 7455 7443 7323 7335
8416 5 2 7 8 7455 7443 7323 7335 7456 7444 7324 7336
8417 5 2 7 8 7456 7444 7324 7336 7457 7445 7325 7337
8418 5 2 7 8 7457 7445 7325 7337 7458 7446 7326 7338
8419 5 2 7 8 7458 7446 7326 7338 7459 7447 7327 7339
8420 5 2 7 8 7459 7447 7327 7339 7460 7448 7328 7340
8421 5 2 7 8 7460 7448 7328 7340 7461 7449 7329 7341
8422 5 2 7 8 7461 7449 7329 7341 7462 7450 7330 7342
8423 5 2 7 8 7462 7450 7330 7342 7463 7451 7331 7343
8424 5 2 7 8 7463 7451 7331 7343 7464 7452 7332 7344
8425 5 2 7 8 7464 7452 7332 7344 3025 3024 3014 3015
8426 5 2 7 8 1721 1720 1710 1711 7465 7453 7333 7345
8427 5 2 7 8 7465 7453 7333 7345 7466 7454 7334 7346
8428 5 2 7 8 7466 7454 7334 7346 7467 7455 7335 7347
8429 5 2 7 8 7467 7455 7335 7347 7468 7456 7336 7348
8430 5 2 7 8 7468 7456 7336 7348 7469 7457 7337 7349
8431 5 2 7 8 7469 7457 7337 7349 7470 7458 7338 7350
8432 5 2 7 8 7470 7458 7338 7350 7471 7459 7339 7351
8433 5 2 7 8 7471 7459 7339 7351 7472 7460 7340 7352
8434 5 2 7 8 7472 7460 7340 7352 7473 7461 7341 7353
8435 5 2 7 8 7473 7461 7341 7353 7474 7462 7342 7354
8436 5 2 7 8 7474 7462 7342 7354 7475 7463 7343 7355
8437 5 2 7 8 7475 7463 7343 7355 7476 7464 7344 7356
8438 5 2 7 8 7476 7464 7344 7356 3026 3025 3015 3016
8439 5 2 7 8 1722 1721 1711 1712 7477 7465 7345 7357
8440 5 2 7 8 7477 7465 7345 7357 7478 7466 7346 7358
8441 5 2 7 8 7478 7466 7346 7358 7479 7467 7347 7359
8442 5 2 7 8 7479 7467 7347 7359 7480 7468 7348 7360
8443 5 2 7 8 7480 7468 7348 7360 7481 7469 7349 7361
8444 5 2 7 8 7481 7469 7349 7361 7482 7470 7350 7362
8445 5 2 7 8 7482 7470 7350 7362 7483 7471 7351 7363
8446 5 2 7 8 7483 7471 7351 7363 7484 7472 7352 7364
8447 5 2 7 8 7484 7472 7352 7364 7485 7473 7353 7365
8448 5 2 7 8 7485 7473 7353 7365 7486 7474 7354 7366
8449 5 2 7 8 7486 7474 7354 7366 7487 7475 7355 7367
8450 5 2 7 8 7487 7475 7355 7367 7488 7476 7356 7368
8451 5 2 7 8 7488 7476 7356 7368 3027 3026 3016 3017
8452 5 2 7 8 1723 1722 1712 1713 7489 7477 7357 7369
8453 5 2 7 8 7489 7477 7357 7369 7490 7478 7358 7370
8454 5 2 7 8 7490 7478 7358 7370 7491 7479 7359 7371
8455 5 2 7 8 7491 7479 7359 7371 7492 7480 7360 7372
8456 5 2 7 8 7492 7480 7360 7372 7493 7481 7361 7373
8457 5 2 7 8 7493 7481 7361 7373 7494 7482 7362 7374
8458 5 2 7 8 7494 7482 7362 7374 7495 7483 7363 7375
8459 5 2 7 8 7495 7483 7363 7375 7496 7484 7364 7376
8460 5 2 7 8 7496 7484 7364 7376 7497 7485 7365 7377
8461 5 2 7 8 7497 7485 7365 7377 7498 7486 7366 7378
8462 5 2 7 8 7498 7486 7366 7378 7499 7487 7367 7379
8463 5 2 7 8 7499 7487 7367 7379 7500 7488 7368 7380
8464 5 2 7 8 7500 7488 7368 7380 3028 3027 3017 3018
8465 5 2 7 8 1724 1723 1713 1714 7501 7489 7369 7381
8466 5 2 7 8 7501 7489 7369 7381 7502 7490 7370 7382
8467 5 2 7 8 7502 7490 7370 7382 7503 7491 7371 7383
8468 5 2 7 8 7503 7491 7371 7383 7504 7492 7372 7384
8469 5 2 7 8 7504 7492 7372 7384 7505 7493 7373 7385
8470 5 2 7 8 7505 7493 7373 7385 7506 7494 7374 7386
8471 5 2 7 8 7506 7494 7374 7386 7507 7495 7375 7387
8472 5 2 7 8 7507 7495 7375 7387 7508 7496 7376 7388
8473 5 2 7 8 7508 7496 7376 7388 7509 7497 7377 7389
8474 5 2 7 8 7509 7497 7377 7389 7510 7498 7378 7390
8475 5 2 7 8 7510 7498 7378 7390 7511 7499 7379 7391
8476 5 2 7 8 7511 7499 7379 7391 7512 7500 7380 7392
8477 5 2 7 8 7512 7500 7380 7392 3029 3028 3018 3019
8478 5 2 7 8 1725 1724 1714 1715 7513 7501 7381 7393
8479 5 2 7 8 7513 7501 7381 7393 7514 7502 7382 7394
8480 5 2 7 8 7514 7502 7382 7394 7515 7503 7383 7395
8481 5 2 7 8 7515 7503 7383 7395 7516 7504 7384 7396
8482 5 2 7 8 7516 7504 7384 7396 7517 7505 7385 7397
8483 5 2 7 8 7517 7505 7385 7397 7518 7506 7386 7398
8484 5 2 7 8 7518 7506 7386 7398 7519 7507 7387 7399
8485 5 2 7 8 7519 7507 7387 7399 7520 7508 7388 7400
8486 5 2 7 8 7520 7508 7388 7400 7521 7509 7389 7401
8487 5 2 7 8 7521 7509 7389 7401 7522 7510 7390 7402
8488 5 2 7 8 7522 7510 7390 7402 7523 7511 7391 7403
8489 5 2 7 8 7523 7511 7391 7403 7524 7512 7392 7404
8490 5 2 7 8 7524 7512 7392 7404 3030 3029 3019 3020
8491 5 2 7 8 1726 1725 1715 1716 7525 7513 7393 7405
8492 5 2 7 8 7525 7513 7393 7405 7526 7514 7394 7406
8493 5 2 7 8 7526 7514 7394 7406 7527 7515 7395 7407
8494 5 2 7 8 7527 7515 7395 7407 7528 7516 7396 7408
8495 5 2 7 8 7528 7516 7396 7408 7529 7517 7397 7409
8496 5 2 7 8 7529 7517 7397 7409 7530 7518 7398 7410
8497 5 2 7 8 7530 7518 7398 7410 7531 7519 7399 7411
8498 5 2 7 8 7531 7519 7399 7411 7532 7520 7400 7412
8499 5 2 7 8 7532 7520 7400 7412 7533 7521 7401 7413
8500 5 2 7 8 7533 7521 7401 7413 7534 7522 7402 7414
8501 5 2 7 8 7534 7522 7402 7414 7535 7523 7403 7415
8502 5 2 7 8 7535 7523 7403 7415 7536 7524 7404 7416
8503 5 2 7 8 7536 7524 7404 7416 3031 3030 3020 3021
8504 5 2 7 8 286 1726 1716 285 2916 7525 7405 2904
8505 5 2 7 8 2916 7525 7405 2904 2917 7526 7406 2905
8506 5 2 7 8 2917 7526 7406 2905 2918 7527 7407 2906
8507 5 2 7 8 2918 7527 7407 2906 2919 7528 7408 2907
8508 5 2 7 8 2919 7528 7408 2907 2920 7529 7409 2908
8509 5 2 7 8 2920 7529 7409 2908 2921 7530 7410 2909
8510 5 2 7 8 2921 7530 7410 2909 2922 7531 7411 2910
8511 5 2 7 8 2922 7531 7411 2910 2923 7532 7412 2911
8512 5 2 7 8 2923 7532 7412 2911 2924 7533 7413 2912
8513 5 2 7 8 2924 7533 7413 2912 2925 7534 7414 2913
8514 5 2 7 8 2925 7534 7414 2913 2926 7535 7415 2914
8515 5 2 7 8 2926 7535 7415 2914 2927 7536 7416 2915
8516 5 2 7 8 2927 7536 7416 2915 484 3031 3021 483
8517 5 2 7 8 1727 253 252 1717 7537 2578 2566 7417
8518 5 2 7 8 7537 2578 2566 7417 7538 2579 2567 7418
8519 5 2 7 8 7538 2579 2567 7418 7539 2580 2568 7419
8520 5 2 7 8 7539 2580 2568 7419 7540 2581 2569 7420
8521 5 2 7 8 7540 2581 2569 7420 7541 2582 2570 7421
8522 5 2 7 8 7541 2582 2570 7421 7542 2583 2571 7422
8523 5 2 7 8 7542 2583 2571 7422 7543 2584 2572 7423
8524 5 2 7 8 7543 2584 2572 7423 7544 2585 2573 7424
8525 5 2 7 8 7544 2585 2573 7424 7545 2586 2574 7425
8526 5 2 7 8 7545 2586 2574 7425 7546 2587 2575 7426
8527 5 2 7 8 7546 2587 2575 7426 7547 2588 2576 7427
8528 5 2 7 8 7547 2588 2576 7427 7548 2589 2577 7428
8529 5 2 7 8 7548 2589 2577 7428 3032 448 447 3022
8530 5 2 7 8 1728 1727 1717 1718 7549 7537 7417 7429
8531 5 2 7 8 7549 7537 7417 7429 7550 7538 7418 7430
8532 5 2 7 8 7550 7538 7418 7430 7551 7539 7419 7431
8533 5 2 7 8 7551 7539 7419 7431 7552 7540 7420 7432
8534 5 2 7 8 7552 7540 7420 7432 7553 7541 7421 7433
8535 5 2 7 8 7553 7541 7421 7433 7554 7542 7422 7434
8536 5 2 7 8 7554 7542 7422 7434 7555 7543 7423 7435
8537 5 2 7 8 7555 7543 7423 7435 7556 7544 7424 7436
8538 5 2 7 8 7556 7544 7424 7436 7557 7545 7425 7437
8539 5 2 7 8 7557 7545 7425 7437 7558 7546 7426 7438
8540 5 2 7 8 7558 7546 7426 7438 7559 7547 7427 7439
8541 5 2 7 8 7559 7547 7427 7439 7560 7548 7428 7440
8542 5 2 7 8 7560 7548 7428 7440 3033 3032 3022 3023
8543 5 2 7 8 1729 1728 1718 1719 7561 7549 7429 7441
8544 5 2 7 8 7561 7549 7429 7441 7562 7550 7430 7442
8545 5 2 7 8 7562 7550 7430 7442 7563 7551 7431 7443
8546 5 2 7 8 7563 7551 7431 7443 7564 7552 7432 7444
8547 5 2 7 8 7564 7552 7432 7444 7565 7553 7433 7445
8548 5 2 7 8 7565 7553 7433 7445 7566 7554 7434 7446
8549 5 2 7 8 7566 7554 7434 7446 7567 7555 7435 7447
8550 5 2 7 8 7567 7555 7435 7447 7568 7556 7436 7448
8551 5 2 7 8 7568 7556 7436 7448 7569 7557 7437 7449
8552 5 2 7 8 7569 7557 7437 7449 7570 7558 7438 7450
8553 5 2 7 8 7570 7558 7438 7450 7571 7559 7439 7451
8554 5 2 7 8 7571 7559 7439 7451 7572 7560 7440 7452
8555 5 2 7 8 7572 7560 7440 7452 3034 3033 3023 3024
8556 5 2 7 8 1730 1729 1719 1720 7573 7561 7441 7453
8557 5 2 7 8 7573 7561 7441 7453 7574 7562 7442 7454
8558 5 2 7 8 7574 7562 7442 7454 7575 7563 7443 7455
8559 5 2 7 8 7575 7563 7443 7455 7576 7564 7444 7456
8560 5 2 7 8 7576 7564 7444 7456 7577 7565 7445 7457
8561 5 2 7 8 7577 7565 7445 7457 7578 7566 7446 7458
8562 5 2 7 8 7578 7566 7446 7458 7579 7567 7447 7459
8563 5 2 7 8 7579 7567 7447 7459 7580 7568 7448 7460
8564 5 2 7 8 7580 7568 7448 7460 7581 7569 7449 7461
8565 5 2 7 8 7581 7569 7449 7461 7582 7570 7450 7462
8566 5 2 7 8 7582 7570 7450 7462 7583 7571 7451 7463
8567 5 2 7 8 7583 7571 7451 7463 7584 7572 7452 7464
8568 5 2 7 8 7584 7572 7452 7464 3035 3034 3024 3025
8569 5 2 7 8 1731 1730 1720 1721 7585 7573 7453 7465
8570 5 2 7 8 7585 7573 7453 7465 7586 7574 7454 7466
8571 5 2 7 8 7586 7574 7454 7466 7587 7575 7455 7467
8572 5 2 7 8 7587 7575 7455 7467 7588 7576 7456 7468
8573 5 2 7 8 7588 7576 7456 7468 7589 7577 7457 7469
8574 5 2 7 8 7589 7577 7457 7469 7590 7578 7458 7470
8575 5 2 7 8 7590 7578 7458 7470 7591 7579 7459 7471
8576 5 2 7 8 7591 7579 7459 7471 7592 7580 7460 7472
8577 5 2 7 8 7592 7580 7460 7472 7593 7581 7461 7473
8578 5 2 7 8 7593 7581 7461 7473 7594 7582 7462 7474
8579 5 2 7 8 7594 7582 7462 7474 7595 7583 7463 7475
8580 5 2 7 8 7595 7583 7463 7475 7596 7584 7464 7476
8581 5 2 7 8 7596 7584 7464 7476 3036 3035 3025 3026
8582 5 2 7 8 1732 1731 1721 1722 7597 7585 7465 7477
8583 5 2 7 8 7597 7585 7465 7477 7598 7586 7466 7478
8584 5 2 7 8 7598 7586 7466 7478 7599 7587 7467 7479
8585 5 2 7 8 7599 7587 7467 7479 7600 7588 7468 7480
8586 5 2 7 8 7600 7588 7468 7480 7601 7589 7469 7481
8587 5 2 7 8 7601 7589 7469 7481 7602 7590 7470 7482
8588 5 2 7 8 7602 7590 7470 7482 7603 7591 7471 7483
8589 5 2 7 8 7603 7591 7471 7483 7604 7592 7472 7484
8590 5 2 7 8 7604 7592 7472 7484 7605 7593 7473 7485
8591 5 2 7 8 7605 7593 7473 7485 7606 7594 7474 7486
8592 5 2 7 8 7606 7594 7474 7486 7607 7595 7475 7487
8593 5 2 7 8 7607 7595 7475 7487 7608 7596 7476 7488
8594 5 2 7 8 7608 7596 7476 7488 3037 3036 3026 3027
8595 5 2 7 8 1733 1732 1722 1723 7609 7597 7477 7489
8596 5 2 7 8 7609 7597 7477 7489 7610 7598 7478 7490
8597 5 2 7 8 7610 7598 7478 7490 7611 7599 7479 7491
8598 5 2 7 8 7611 7599 7479 7491 7612 7600 7480 7492
8599 5 2 7 8 7612 7600 7480 7492 7613 7601 7481 7493
8600 5 2 7 8 7613 7601 7481 7493 7614 7602 7482 7494
8601 5 2 7 8 7614 7602 7482 7494 7615 7603 7483 7495
8602 5 2 7 8 7615 7603 7483 7495 7616 7604 7484 7496
8603 5 2 7 8 7616 7604 7484 7496 7617 7605 7485 7497
8604 5 2 7 8 7617 7605 7485 7497 7618 7606 7486 7498
8605 5 2 7 8 7618 7606 7486 7498 7619 7607 7487 7499
8606 5 2 7 8 7619 7607 7487 7499 7620 7608 7488 7500
8607 5 2 7 8 7620 7608 7488 7500 3038 3037 3027 3028
8608 5 2 7 8 1734 1733 1723 1724 7621 7609 7489 7501
8609 5 2 7 8 7621 7609 7489 7501 7622 7610 7490 7502
8610 5 2 7 8 7622 7610 7490 7502 7623 7611 7491 7503
8611 5 2 7 8 7623 7611 7491 7503 7624 7612 7492 7504
8612 5 2 7 8 7624 7612 7492 7504 7625 7613 7493 7505
8613 5 2 7 8 7625 7613 7493 7505 7626 7614 7494 7506
8614 5 2 7 8 7626 7614 7494 7506 7627 7615 7495 7507
8615 5 2 7 8 7627 7615 7495 7507 7628 7616 7496 7508
8616 5 2 7 8 7628 7616 7496 7508 7629 7617 7497 7509
8617 5 2 7 8 7629 7617 7497 7509 7630 7618 7498 7510
8618 5 2 7 8 7630 7618 7498 7510 7631 7619 7499 7511
8619 5 2 7 8 7631 7619 7499 7511 7632 7620 7500 7512
8620 5 2 7 8 7632 7620 7500 7512 3039 3038 3028 3029
8621 5 2 7 8 1735 1734 1724 1725 7633 7621 7501 7513
8622 5 2 7 8 7633 7621 7501 7513 7634 7622 7502 7514
8623 5 2 7 8 7634 7622 7502 7514 7635 7623 7503 7515
8624 5 2 7 8 7635 7623 7503 7515 7636 7624 7504 7516
8625 5 2 7 8 7636 7624 7504 7516 7637 7625 7505 7517
8626 5 2 7 8 7637 7625 7505 7517 7638 7626 7506 7518
8627 5 2 7 8 7638 7626 7506 7518 7639 7627 7507 7519
8628 5 2 7 8 7639 7627 7507 7519 7640 7628 7508 7520
8629 5 2 7 8 7640 7628 7508 7520 7641 7629 7509 7521
8630 5 2 7 8 7641 7629 7509 7521 7642 7630 7510 7522
8631 5 2 7 8 7642 7630 7510 7522 7643 7631 7511 7523
8632 5 2 7 8 7643 7631 7511 7523 7644 7632 7512 7524
8633 5 2 7 8 7644 7632 7512 7524 3040 3039 3029 3030
8634 5 2 7 8 1736 1735 1725 1726 7645 7633 7513 7525
8635 5 2 7 8 7645 7633 7513 7525 7646 7634 7514 7526
8636 5 2 7 8 7646 7634 7514 7526 7647 7635 7515 7527
8637 5 2 7 8 7647 7635 7515 7527 7648 7636 7516 7528
8638 5 2 7 8 7648 7636 7516 7528 7649 7637 7517 7529
8639 5 2 7 8 7649 7637 7517 7529 7650 7638 7518 7530
8640 5 2 7 8 7650 7638 7518 7530 7651 7639 7519 7531
8641 5 2 7 8 7651 7639 7519 7531 7652 7640 7520 7532
8642 5 2 7 8 7652 7640 7520 7532 7653 7641 7521 7533
8643 5 2 7 8 7653 7641 7521 7533 7654 7642 7522 7534
8644 5 2 7 8 7654 7642 7522 7534 7655 7643 7523 7535
8645 5 2 7 8 7655 7643 7523 7535 7656 7644 7524 7536
8646 5 2 7 8 7656 7644 7524 7536 3041 3040 3030 3031
8647 5 2 7 8 287 1736 1726 286 2928 7645 7525 2916
8648 5 2 7 8 2928 7645 7525 2916 2929 7646 7526 2917
8649 5 2 7 8 2929 7646 7526 2917 2930 7647 7527 2918
8650 5 2 7 8 2930 7647 7527 2918 2931 7648 7528 2919
8651 5 2 7 8 2931 7648 7528 2919 2932 7649 7529 2920
8652 5 2 7 8 2932 7649 7529 2920 2933 7650 7530 2921
8653 5 2 7 8 2933 7650 7530 2921 2934 7651 7531 2922
8654 5 2 7 8 2934 7651 7531 2922 2935 7652 7532 2923
8655 5 2 7 8 2935 7652 7532 2923 2936 7653 7533 2924
8656 5 2 7 8 2936 7653 7533 2924 2937 7654 7534 2925
8657 5 2 7 8 2937 7654 7534 2925 2938 7655 7535 2926
8658 5 2 7 8 2938 7655 7535 2926 2939 7656 7536 2927
8659 5 2 7 8 2939 7656 7536 2927 485 3041 3031 484
8660 5 2 7 8 1737 254 253 1727 7657 2590 2578 7537
8661 5 2 7 8 7657 2590 2578 7537 7658 2591 2579 7538
8662 5 2 7 8 7658 2591 2579 7538 7659 2592 2580 7539
8663 5 2 7 8 7659 2592 2580 7539 7660 2593 2581 7540
8664 5 2 7 8 7660 2593 2581 7540 7661 2594 2582 7541
8665 5 2 7 8 7661 2594 2582 7541 7662 2595 2583 7542
8666 5 2 7 8 7662 2595 2583 7542 7663 2596 2584 7543
8667 5 2 7 8 7663 2596 2584 7543 7664 2597 2585 7544
8668 5 2 7 8 7664 2597 2585 7544 7665 2598 2586 7545
8669 5 2 7 8 7665 2598 2586 7545 7666 2599 2587 7546
8670 5 2 7 8 7666 2599 2587 7546 7667 2600 2588 7547
8671 5 2 7 8 7667 2600 2588 7547 7668 2601 2589 7548
8672 5 2 7 8 7668 2601 2589 7548 3042 449 448 3032
8673 5 2 7 8 1738 1737 1727 1728 7669 7657 7537 7549
8674 5 2 7 8 7669 7657 7537 7549 7670 7658 7538 7550
8675 5 2 7 8 7670 7658 7538 7550 7671 7659 7539 7551
8676 5 2 7 8 7671 7659 7539 7551 7672 7660 7540 7552
8677 5 2 7 8 7672 7660 7540 7552 7673 7661 7541 7553
8678 5 2 7 8 7673 7661 7541 7553 7674 7662 7542 7554
8679 5 2 7 8 7674 7662 7542 7554 7675 7663 7543 7555
8680 5 2 7 8 7675 7663 7543 7555 7676 7664 7544 7556
8681 5 2 7 8 7676 7664 7544 7556 7677 7665 7545 7557
8682 5 2 7 8 7677 7665 7545 7557 7678 7666 7546 7558
8683 5 2 7 8 7678 7666 7546 7558 7679 7667 7547 7559
8684 5 2 7 8 7679 7667 7547 7559 7680 7668 7548 7560
8685 5 2 7 8 7680 7668 7548 7560 3043 3042 3032 3033
8686 5 2 7 8 1739 1738 1728 1729 7681 7669 7549 7561
8687 5 2 7 8 7681 7669 7549 7561 7682 7670 7550 7562
8688 5 2 7 8 7682 7670 7550 7562 7683 7671 7551 7563
8689 5 2 7 8 7683 7671 7551 7563 7684 7672 7552 7564
8690 5 2 7 8 7684 7672 7552 7564 7685 7673 7553 7565
8691 5 2 7 8 7685 7673 7553 7565 7686 7674 7554 7566
8692 5 2 7 8 7686 7674 7554 7566 7687 7675 7555 7567
8693 5 2 7 8 7687 7675 7555 7567 7688 7676 7556 7568
8694 5 2 7 8 7688 7676 7556 7568 7689 7677 7557 7569
8695 5 2 7 8 7689 7677 7557 7569 7690 7678 7558 7570
8696 5 2 7 8 7690 7678 7558 7570 7691 7679 7559 7571
8697 5 2 7 8 7691 7679 7559 7571 7692 7680 7560 7572
8698 5 2 7 8 7692 7680 7560 7572 3044 3043 3033 3034
8699 5 2 7 8 1740 1739 1729 1730 7693 7681 7561 7573
8700 5 2 7 8 7693 7681 7561 7573 7694 7682 7562 7574
8701 5 2 7 8 7694 7682 7562 7574 7695 7683 7563 7575
8702 5 2 7 8 7695 7683 7563 7575 7696 7684 7564 7576
8703 5 2 7 8 7696 7684 7564 7576 7697 7685 7565 7577
8704 5 2 7 8 7697 7685 7565 7577 7698 7686 7566 7578
8705 5 2 7 8 7698 7686 7566 7578 7699 7687 7567 7579
8706 5 2 7 8 7699 7687 7567 7579 7700 7688 7568 7580
8707 5 2 7 8 7700 7688 7568 7580 7701 7689 7569 7581
8708 5 2 7 8 7701 7689 7569 7581 7702 7690 7570 7582
8709 5 2 7 8 7702 7690 7570 7582 7703 7691 7571 7583
8710 5 2 7 8 7703 7691 7571 7583 7704 7692 7572 7584
8711 5 2 7 8 7704 7692 7572 7584 3045 3044 3034 3035
8712 5 2 7 8 1741 1740 1730 1731 7705 7693 7573 7585
8713 5 2 7 8 7705 7693 7573 7585 7706 7694 7574 7586
8714 5 2 7 8 7706 7694 7574 7586 7707 7695 7575 7587
8715 5 2 7 8 7707 7695 7575 7587 7708 7696 7576 7588
8716 5 2 7 8 7708 7696 7576 7588 7709 7697 7577 7589
8717 5 2 7 8 7709 7697 7577 7589 7710 7698 7578 7590
8718 5 2 7 8 7710 7698 7578 7590 7711 7699 7579 7591
8719 5 2 7 8 7711 7699 7579 7591 7712 7700 7580 7592
8720 5 2 7 8 7712 7700 7580 7592 7713 7701 7581 7593
8721 5 2 7 8 7713 7701 7581 7593 7714 7702 7582 7594
8722 5 2 7 8 7714 7702 7582 7594 7715 7703 7583 7595
8723 5 2 7 8 7715 7703 7583 7595 7716 7704 7584 7596
8724 5 2 7 8 7716 7704 7584 7596 3046 3045 3035 3036
8725 5 2 7 8 1742 1741 1731 1732 7717 7705 7585 7597
8726 5 2 7 8 7717 7705 7585 7597 7718 7706 7586 7598
8727 5 2 7 8 7718 7706 7586 7598 7719 7707 7587 7599
8728 5 2 7 8 7719 7707 7587 7599 7720 7708 7588 7600
8729 5 2 7 8 7720 7708 7588 7600 7721 7709 7589 7601
8730 5 2 7 8 7721 7709 7589 7601 7722 7710 7590 7602
8731 5 2 7 8 7722 7710 7590 7602 7723 7711 7591 7603
8732 5 2 7 8 7723 7711 7591 7603 7724 7712 7592 7604
8733 5 2 7 8 7724 7712 7592 7604 7725 7713 7593 7605
8734 5 2 7 8 7725 7713 7593 7605 7726 7714 7594 7606
8735 5 2 7 8 7726 7714 7594 7606 7727 7715 7595 7607
8736 5 2 7 8 7727 7715 7595 7607 7728 7716 7596 7608
8737 5 2 7 8 7728 7716 7596 7608 3047 3046 3036 3037
8738 5 2 7 8 1743 1742 1732 1733 7729 7717 7597 7609
8739 5 2 7 8 7729 7717 7597 7609 7730 7718 7598 7610
8740 5 2 7 8 7730 7718 7598 7610 7731 7719 7599 7611
8741 5 2 7 8 7731 7719 7599 7611 7732 7720 7600 7612
8742 5 2 7 8 7732 7720 7600 7612 7733 7721 7601 7613
8743 5 2 7 8 7733 7721 7601 7613 7734 7722 7602 7614
8744 5 2 7 8 7734 7722 7602 7614 7735 7723 7603 7615
8745 5 2 7 8 7735 7723 7603 7615 7736 7724 7604 7616
8746 5 2 7 8 7736 7724 7604 7616 7737 7725 7605 7617
8747 5 2 7 8 7737 7725 7605 7617 7738 7726 7606 7618
8748 5 2 7 8 7738 7726 7606 7618 7739 7727 7607 7619
8749 5 2 7 8 7739 7727 7607 7619 7740 7728 7608 7620
8750 5 2 7 8 7740 7728 7608 7620 3048 3047 3037 3038
8751 5 2 7 8 1744 1743 1733 1734 7741 7729 7609 7621
8752 5 2 7 8 7741 7729 7609 7621 7742 7730 7610 7622
8753 5 2 7 8 7742 7730 7610 7622 7743 7731 7611 7623
8754 5 2 7 8 7743 7731 7611 7623 7744 7732 7612 7624
8755 5 2 7 8 7744 7732 7612 7624 7745 7733 7613 7625
8756 5 2 7 8 7745 7733 7613 7625 7746 7734 7614 7626
8757 5 2 7 8 7746 7734 7614 7626 7747 7735 7615 7627
8758 5 2 7 8 7747 7735 7615 7627 7748 7736 7616 7628
8759 5 2 7 8 7748 7736 7616 7628 7749 7737 7617 7629
8760 5 2 7 8 7749 7737 7617 7629 7750 7738 7618 7630
8761 5 2 7 8 7750 7738 7618 7630 7751 7739 7619 7631
8762 5 2 7 8 7751 7739 7619 7631 7752 7740 7620 7632
8763 5 2 7 8 7752 7740 7620 7632 3049 3048 3038 3039
8764 5 2 7 8 1745 1744 1734 1735 7753 7741 7621 7633
8765 5 2 7 8 7753 7741 7621 7633 7754 7742 7622 7634
8766 5 2 7 8 7754 7742 7622 7634 7755 7743 7623 7635
8767 5 2 7 8 7755 7743 7623 7635 7756 7744 7624 7636
8768 5 2 7 8 7756 7744 7624 7636 7757 7745 7625 7637
8769 5 2 7 8 7757 7745 7625 7637 7758 7746 7626 7638
8770 5 2 7 8 7758 7746 7626 7638 7759 7747 7627 7639
8771 5 2 7 8 7759 7747 7627 7639 7760 7748 7628 7640
8772 5 2 7 8 7760 7748 7628 7640 7761 7749 7629 7641
8773 5 2 7 8 7761 7749 7629 7641 7762 7750 7630 7642
8774 5 2 7 8 7762 7750 7630 7642 7763 7751 7631 7643
8775 5 2 7 8 7763 7751 7631 7643 7764 7752 7632 7644
8776 5 2 7 8 7764 7752 7632 7644 3050 3049 3039 3040
8777 5 2 7 8 1746 1745 1735 1736 7765 7753 7633 7645
8778 5 2 7 8 7765 7753 7633 7645 7766 7754 7634 7646
8779 5 2 7 8 7766 7754 7634 7646 7767 7755 7635 7647
8780 5 2 7 8 7767 7755 7635 7647 7768 7756 7636 7648
8781 5 2 7 8 7768 7756 7636 7648 7769 7757 7637 7649
8782 5 2 7 8 7769 7757 7637 7649 7770 7758 7638 7650
8783 5 2 7 8 7770 7758 7638 7650 7771 7759 7639 7651
8784 5 2 7 8 7771 7759 7639 7651 7772 7760 7640 7652
8785 5 2 7 8 7772 7760 7640 7652 7773 7761 7641 7653
8786 5 2 7 8 7773 7761 7641 7653 7774 7762 7642 7654
8787 5 2 7 8 7774 7762 7642 7654 7775 7763 7643 7655
8788 5 2 7 8 7775 7763 7643 7655 7776 7764 7644 7656
8789 5 2 7 8 7776 7764 7644 7656 3051 3050 3040 3041
8790 5 2 7 8 288 1746 1736 287 2940 7765 7645 2928
8791 5 2 7 8 2940 7765 7645 2928 2941 7766 7646 2929
8792 5 2 7 8 2941 7766 7646 2929 2942 7767 7647 2930
8793 5 2 7 8 2942 7767 7647 2930 2943 7768 7648 2931
8794 5 2 7 8 2943 7768 7648 2931 2944 7769 7649 2932
8795 5 2 7 8 2944 7769 7649 2932 2945 7770 7650 2933
8796 5 2 7 8 2945 7770 7650 2933 2946 7771 7651 2934
8797 5 2 7 8 2946 7771 7651 2934 2947 7772 7652 2935
8798 5 2 7 8 2947 7772 7652 2935 2948 7773 7653 2936
8799 5 2 7 8 2948 7773 7653 2936 2949 7774 7654 2937
8800 5 2 7 8 2949 7774 7654 2937 2950 7775 7655 2938
8801 5 2 7 8 2950 7775 7655 2938 2951 7776 7656 2939
8802 5 2 7 8 2951 7776 7656 2939 486 3051 3041 485
8803 5 2 7 8 278 17 254 1737 2820 428 2590 7657
8804 5 2 7 8 2820 428 2590 7657 2821 429 2591 7658
8805 5 2 7 8 2821 429 2591 7658 2822 430 2592 7659
8806 5 2 7 8 2822 430 2592 7659 2823 431 2593 7660
8807 5 2 7 8 2823 431 2593 7660 2824 432 2594 7661
8808 5 2 7 8 2824 432 2594 7661 2825 433 2595 7662
8809 5 2 7 8 2825 433 2595 7662 2826 434 2596 7663
8810 5 2 7 8 2826 434 2596 7663 2827 435 2597 7664
8811 5 2 7 8 2827 435 2597 7664 2828 436 2598 7665
8812 5 2 7 8 2828 436 2598 7665 2829 437 2599 7666
8813 5 2 7 8 2829 437 2599 7666 2830 438 2600 7667
8814 5 2 7 8 2830 438 2600 7667 2831 439 2601 7668
8815 5 2 7 8 2831 439 2601 7668 476 26 449 3042
8816 5 2 7 8 277 278 1737 1738 2808 2820 7657 7669
8817 5 2 7 8 2808 2820 7657 7669 2809 2821 7658 7670
8818 5 2 7 8 2809 2821 7658 7670 2810 2822 7659 7671
8819 5 2 7 8 2810 2822 7659 7671 2811 2823 7660 7672
8820 5 2 7 8 2811 2823 7660 7672 2812 2824 7661 7673
8821 5 2 7 8 2812 2824 7661 7673 2813 2825 7662 7674
8822 5 2 7 8 2813 2825 7662 7674 2814 2826 7663 7675
8823 5 2 7 8 2814 2826 7663 7675 2815 2827 7664 7676
8824 5 2 7 8 2815 2827 7664 7676 2816 2828 7665 7677
8825 5 2 7 8 2816 2828 7665 7677 2817 2829 7666 7678
8826 5 2 7 8 2817 2829 7666 7678 2818 2830 7667 7679
8827 5 2 7 8 2818 2830 7667 7679 2819 2831 7668 7680
8828 5 2 7 8 2819 2831 7668 7680 475 476 3042 3043
8829 5 2 7 8 276 277 1738 1739 2796 2808 7669 7681
8830 5 2 7 8 2796 2808 7669 7681 2797 2809 7670 7682
8831 5 2 7 8 2797 2809 7670 7682 2798 2810 7671 7683
8832 5 2 7 8 2798 2810 7671 7683 2799 2811 7672 7684
8833 5 2 7 8 2799 2811 7672 7684 2800 2812 7673 7685
8834 5 2 7 8 2800 2812 7673 7685 2801 2813 7674 7686
8835 5 2 7 8 2801 2813 7674 7686 2802 2814 7675 7687
8836 5 2 7 8 2802 2814 7675 7687 2803 2815 7676 7688
8837 5 2 7 8 2803 2815 7676 7688 2804 2816 7677 7689
8838 5 2 7 8 2804 2816 7677 7689 2805 2817 7678 7690
8839 5 2 7 8 2805 2817 7678 7690 2806 2818 7679 7691
8840 5 2 7 8 2806 2818 7679 7691 2807 2819 7680 7692
8841 5 2 7 8 2807 2819 7680 7692 474 475 3043 3044
8842 5 2 7 8 275 276 1739 1740 2784 2796 7681 7693
8843 5 2 7 8 2784 2796 7681 7693 2785 2797 7682 7694
8844 5 2 7 8 2785 2797 7682 7694 2786 2798 7683 7695
8845 5 2 7 8 2786 2798 7683 7695 2787 2799 7684 7696
8846 5 2 7 8 2787 2799 7684 7696 2788 2800 7685 7697
8847 5 2 7 8 2788 2800 7685 7697 2789 2801 7686 7698
8848 5 2 7 8 2789 2801 7686 7698 2790 2802 7687 7699
8849 5 2 7 8 2790 2802 7687 7699 2791 2803 7688 7700
8850 5 2 7 8 2791 2803 7688 7700 2792 2804 7689 7701
8851 5 2 7 8 2792 2804 7689 7701 2793 2805 7690 7702
8852 5 2 7 8 2793 2805 7690 7702 2794 2806 7691 7703
8853 5 2 7 8 2794 2806 7691 7703 2795 2807 7692 7704
8854 5 2 7 8 2795 2807 7692 7704 473 474 3044 3045
8855 5 2 7 8 274 275 1740 1741 2772 2784 7693 7705
8856 5 2 7 8 2772 2784 7693 7705 2773 2785 7694 7706
8857 5 2 7 8 2773 2785 7694 7706 2774 2786 7695 7707
8858 5 2 7 8 2774 2786 7695 7707 2775 2787 7696 7708
8859 5 2 7 8 2775 2787 7696 7708 2776 2788 7697 7709
8860 5 2 7 8 2776 2788 7697 7709 2777 2789 7698 7710
8861 5 2 7 8 2777 2789 7698 7710 2778 2790 7699 7711
8862 5 2 7 8 2778 2790 7699 7711 2779 2791 7700 7712
8863 5 2 7 8 2779 2791 7700 7712 2780 2792 7701 7713
8864 5 2 7 8 2780 2792 7701 7713 2781 2793 7702 7714
8865 5 2 7 8 2781 2793 7702 7714 2782 2794 7703 7715
8866 5 2 7 8 2782 2794 7703 7715 2783 2795 7704 7716
8867 5 2 7 8 2783 2795 7704 7716 472 473 3045 3046
8868 5 2 7 8 273 274 1741 1742 2760 2772 7705 7717
8869 5 2 7 8 2760 2772 7705 7717 2761 2773 7706 7718
8870 5 2 7 8 2761 2773 7706 7718 2762 2774 7707 7719
8871 5 2 7 8 2762 2774 7707 7719 2763 2775 7708 7720
8872 5 2 7 8 2763 2775 7708 7720 2764 2776 7709 7721
8873 5 2 7 8 2764 2776 7709 7721 2765 2777 7710 7722
8874 5 2 7 8 2765 2777 7710 7722 2766 2778 7711 7723
8875 5 2 7 8 2766 2778 7711 7723 2767 2779 7712 7724
8876 5 2 7 8 2767 2779 7712 7724 2768 2780 7713 7725
8877 5 2 7 8 2768 2780 7713 7725 2769 2781 7714 7726
8878 5 2 7 8 2769 2781 7714 7726 2770 2782 7715 7727
8879 5 2 7 8 2770 2782 7715 7727 2771 2783 7716 7728
8880 5 2 7 8 2771 2783 7716 7728 471 472 3046 3047
8881 5 2 7 8 272 273 1742 1743 2748 2760 7717 7729
8882 5 2 7 8 2748 2760 7717 7729 2749 2761 7718 7730
8883 5 2 7 8 2749 2761 7718 7730 2750 2762 7719 7731
8884 5 2 7 8 2750 2762 7719 7731 2751 2763 7720 7732
8885 5 2 7 8 2751 2763 7720 7732 2752 2764 7721 7733
8886 5 2 7 8 2752 2764 7721 7733 2753 2765 7722 7734
8887 5 2 7 8 2753 2765 7722 7734 2754 2766 7723 7735
8888 5 2 7 8 2754 2766 7723 7735 2755 2767 7724 7736
8889 5 2 7 8 2755 2767 7724 7736 2756 2768 7725 7737
8890 5 2 7 8 2756 2768 7725 7737 2757 2769 7726 7738
8891 5 2 7 8 2757 2769 7726 7738 2758 2770 7727 7739
8892 5 2 7 8 2758 2770 7727 7739 2759 2771 7728 7740
8893 5 2 7 8 2759 2771 7728 7740 470 471 3047 3048
8894 5 2 7 8 271 272 1743 1744 2736 2748 7729 7741
8895 5 2 7 8 2736 2748 7729 7741 2737 2749 7730 7742
8896 5 2 7 8 2737 2749 7730 7742 2738 2750 7731 7743
8897 5 2 7 8 2738 2750 7731 7743 2739 2751 7732 7744
8898 5 2 7 8 2739 2751 7732 7744 2740 2752 7733 7745
8899 5 2 7 8 2740 2752 7733 7745 2741 2753 7734 7746
8900 5 2 7 8 2741 2753 7734 7746 2742 2754 7735 7747
8901 5 2 7 8 2742 2754 7735 7747 2743 2755 7736 7748
8902 5 2 7 8 2743 2755 7736 7748 2744 2756 7737 7749
8903 5 2 7 8 2744 2756 7737 7749 2745 2757 7738 7750
8904 5 2 7 8 2745 2757 7738 7750 2746 2758 7739 7751
8905 5 2 7 8 2746 2758 7739 7751 2747 2759 7740 7752
8906 5 2 7 8 2747 2759 7740 7752 469 470 3048 3049
8907 5 2 7 8 270 271 1744 1745 2724 2736 7741 7753
8908 5 2 7 8 2724 2736 7741 7753 2725 2737 7742 7754
8909 5 2 7 8 2725 2737 7742 7754 2726 2738 7743 7755
8910 5 2 7 8 2726 2738 7743 7755 2727 2739 7744 7756
8911 5 2 7 8 2727 2739 7744 7756 2728 2740 7745 7757
8912 5 2 7 8 2728 2740 7745 7757 2729 2741 7746 7758
8913 5 2 7 8 2729 2741 7746 7758 2730 2742 7747 7759
8914 5 2 7 8 2730 2742 7747 7759 2731 2743 7748 7760
8915 5 2 7 8 2731 2743 7748 7760 2732 2744 7749 7761
8916 5 2 7 8 2732 2744 7749 7761 2733 2745 7750 7762
8917 5 2 7 8 2733 2745 7750 7762 2734 2746 7751 7763
8918 5 2 7 8 2734 2746 7751 7763 2735 2747 7752 7764
8919 5 2 7 8 2735 2747 7752 7764 468 469 3049 3050
8920 5 2 7 8 269 270 1745 1746 2712 2724 7753 7765
8921 5 2 7 8 2712 2724 7753 7765 2713 2725 7754 7766
8922 5 2 7 8 2713 2725 7754 7766 2714 2726 7755 7767
8923 5 2 7 8 2714 2726 7755 7767 2715 2727 7756 7768
8924 5 2 7 8 2715 2727 7756 7768 2716 2728 7757 7769
8925 5 2 7 8 2716 2728 7757 7769 2717 2729 7758 7770
8926 5 2 7 8 2717 2729 7758 7770 2718 2730 7759 7771
8927 5 2 7 8 2718 2730 7759 7771 2719 2731 7760 7772
8928 5 2 7 8 2719 2731 7760 7772 2720 2732 7761 7773
8929 5 2 7 8 2720 2732 7761 7773 2721 2733 7762 7774
8930 5 2 7 8 2721 2733 7762 7774 2722 2734 7763 7775
8931 5 2 7 8 2722 2734 7763 7775 2723 2735 7764 7776
8932 5 2 7 8 2723 2735 7764 7776 467 468 3050 3051
8933 5 2 7 8 18 269 1746 288 455 2712 7765 2940
8934 5 2 7 8 455 2712 7765 2940 456 2713 7766 2941
8935 5 2 7 8 456 2713 7766 2941 457 2714 7767 2942
8936 5 2 7 8 457 2714 7767 2942 458 2715 7768 2943
8937 5 2 7 8 458 2715 7768 2943 459 2716 7769 2944
8938 5 2 7 8 459 2716 7769 2944 460 2717 7770 2945
8939 5 2 7 8 460 2717 7770 2945 461 2718 7771 2946
8940 5 2 7 8 461 2718 7771 2946 462 2719 7772 2947
8941 5 2 7 8 462 2719 7772 2947 463 2720 7773 2948
8942 5 2 7 8 463 2720 7773 2948 464 2721 7774 2949
8943 5 2 7 8 464 2721 7774 2949 465 2722 7775 2950
8944 5 2 7 8 465 2722 7775 2950 466 2723 7776 2951
8945 5 2 7 8 466 2723 7776 2951 27 467 3051 486
$EndElements
