$MeshFormat
2.2 0 8
$EndMeshFormat
$PhysicalNames
7
2 1 "back"
2 2 "topleft"
2 3 "gamaH"
2 4 "gamaE"
2 5 "gamaB"
3 6 "core"
3 7 "air_coil"
$EndPhysicalNames
$Nodes
2629
1 0.4 0.4 -0
2 0.003 0.4 -0
3 0 0.4 -0
4 0.4 0 -0
5 0.4 0.006 -0
6 0 0.006 -0
7 0 0 -0
8 0.003 0.006 -0
9 0.003 0 -0
10 0.003 0 0.01
11 0 0 0.01
12 0 0.006 0.01
13 0.003 0.006 0.01
14 0.4 0 0.01
15 0.4 0.006 0.01
16 0 0.4 0.01
17 0.003 0.4 0.01
18 0.4 0.4 0.01
19 0.003 0 0.4
20 0 0 0.4
21 0 0.006 0.4
22 0.003 0.006 0.4
23 0.4 0 0.4
24 0.4 0.006 0.4
25 0 0.4 0.4
26 0.003 0.4 0.4
27 0.4 0.4 0.4
28 0 0.0012 0
29 0 0.0024 0
30 0 0.0036 0
31 0 0.0048 0
32 0.0005999999999999998 0.006 0
33 0.0012 0.006 0
34 0.0018 0.006 0
35 0.0024 0.006 0
36 0.003 0.0048 0
37 0.003 0.0036 0
38 0.003 0.0024 0
39 0.003 0.0012 0
40 0.0024 0 0
41 0.0018 0 0
42 0.0012 0 0
43 0.0005999999999999998 0 0
44 0.006278420207441461 0 0
45 0.008929962129242418 0 0
46 0.01261681654095733 0 0
47 0.01774322454240634 0 0
48 0.02487525419302998 0 0
49 0.03479224654124668 0 0
50 0.04854882113974504 0 0
51 0.06654796326620442 0 0
52 0.08507307641808191 0 0
53 0.1035981895699594 0 0
54 0.1221233027218369 0 0
55 0.1406484158737144 0 0
56 0.1591735290255918 0 0
57 0.1776986421774692 0 0
58 0.1962237553293466 0 0
59 0.2147488684812241 0 0
60 0.2332739816331016 0 0
61 0.2517990947849791 0 0
62 0.2703242079368567 0 0
63 0.2888493210887343 0 0
64 0.3073744342406119 0 0
65 0.3258995473924896 0 0
66 0.3444246605443672 0 0
67 0.3629497736962448 0 0
68 0.3814748868481224 0 0
69 0.4 0.05870444288099289 0
70 0.4 0.1013970976837186 0
71 0.4 0.1608424379629387 0
72 0.4 0.2389846934171923 0
73 0.4 0.3194923467085962 0
74 0.3190634924471412 0.4 0
75 0.2381269848942824 0.4 0
76 0.1593354218754336 0.4 0
77 0.09920052911926575 0.4 0
78 0.05608855316998512 0.4 0
79 0.02517635218183123 0.4 0
80 0 0.3808774963498251 0
81 0 0.3617549926996502 0
82 0 0.3426324890494753 0
83 0 0.3235099853993004 0
84 0 0.3043874817491255 0
85 0 0.2852649780989506 0
86 0 0.2661424744487757 0
87 0 0.2470199707986009 0
88 0 0.227897467148426 0
89 0 0.2087749634982511 0
90 0 0.1896524598480762 0
91 0 0.1705299561979013 0
92 0 0.1514074525477265 0
93 0 0.1322849488975516 0
94 0 0.1131624452473767 0
95 0 0.09403994159720186 0
96 0 0.07491743794702671 0
97 0 0.05589199380379656 0
98 0 0.04050950879916432 0
99 0 0.02955081914995744 0
100 0 0.02173974695449554 0
101 0 0.01618710304893151 0
102 0 0.01223592927295919 0
103 0 0.0094243379173376 0
104 0 0.007423653950789255 0
105 0.006278420207441461 0.006 0
106 0.008929962129242418 0.006 0
107 0.01261681654095733 0.006 0
108 0.01774322454240634 0.006 0
109 0.02487525419302998 0.006 0
110 0.03479224654124668 0.006 0
111 0.04854882113974504 0.006 0
112 0.06654796326620442 0.006 0
113 0.08507307641808191 0.006 0
114 0.1035981895699594 0.006 0
115 0.1221233027218369 0.006 0
116 0.1406484158737144 0.006 0
117 0.1591735290255918 0.006 0
118 0.1776986421774692 0.006 0
119 0.1962237553293466 0.006 0
120 0.2147488684812241 0.006 0
121 0.2332739816331016 0.006 0
122 0.2517990947849791 0.006 0
123 0.2703242079368567 0.006 0
124 0.2888493210887343 0.006 0
125 0.3073744342406119 0.006 0
126 0.3258995473924896 0.006 0
127 0.3444246605443672 0.006 0
128 0.3629497736962448 0.006 0
129 0.3814748868481224 0.006 0
130 0.003 0.009424337917337553 0
131 0.003 0.01223592927295934 0
132 0.003 0.01618710304893192 0
133 0.003 0.02173974695449663 0
134 0.003 0.02955081914995986 0
135 0.003 0.04050950879916859 0
136 0.003 0.05589199380380324 0
137 0.003 0.07491743794703332 0
138 0.003 0.09403994159720781 0
139 0.003 0.1131624452473823 0
140 0.003 0.1322849488975568 0
141 0.003 0.1514074525477311 0
142 0.003 0.1705299561979055 0
143 0.003 0.1896524598480799 0
144 0.003 0.2087749634982543 0
145 0.003 0.2278974671484288 0
146 0.003 0.2470199707986033 0
147 0.003 0.2661424744487779 0
148 0.003 0.2852649780989525 0
149 0.003 0.3043874817491271 0
150 0.003 0.3235099853993016 0
151 0.003 0.3426324890494762 0
152 0.003 0.3617549926996509 0
153 0.003 0.3808774963498254 0
154 0.003 0 0.00111111111111111
155 0.003 0 0.002222222222222221
156 0.003 0 0.003333333333333332
157 0.003 0 0.004444444444444444
158 0.003 0 0.005555555555555554
159 0.003 0 0.006666666666666666
160 0.003 0 0.007777777777777777
161 0.003 0 0.008888888888888889
162 0 0 0.00111111111111111
163 0 0 0.002222222222222221
164 0 0 0.003333333333333332
165 0 0 0.004444444444444444
166 0 0 0.005555555555555554
167 0 0 0.006666666666666666
168 0 0 0.007777777777777777
169 0 0 0.008888888888888889
170 0.0024 0 0.01
171 0.0018 0 0.01
172 0.0012 0 0.01
173 0.0005999999999999998 0 0.01
174 0 0.006 0.00111111111111111
175 0 0.006 0.002222222222222221
176 0 0.006 0.003333333333333332
177 0 0.006 0.004444444444444444
178 0 0.006 0.005555555555555554
179 0 0.006 0.006666666666666666
180 0 0.006 0.007777777777777777
181 0 0.006 0.008888888888888889
182 0 0.0012 0.01
183 0 0.0024 0.01
184 0 0.0036 0.01
185 0 0.0048 0.01
186 0.003 0.006 0.00111111111111111
187 0.003 0.006 0.002222222222222221
188 0.003 0.006 0.003333333333333332
189 0.003 0.006 0.004444444444444444
190 0.003 0.006 0.005555555555555554
191 0.003 0.006 0.006666666666666666
192 0.003 0.006 0.007777777777777777
193 0.003 0.006 0.008888888888888889
194 0.0005999999999999998 0.006 0.01
195 0.0012 0.006 0.01
196 0.0018 0.006 0.01
197 0.0024 0.006 0.01
198 0.003 0.0048 0.01
199 0.003 0.0036 0.01
200 0.003 0.0024 0.01
201 0.003 0.0012 0.01
202 0.006278420207441461 0 0.01
203 0.008929962129242418 0 0.01
204 0.01261681654095733 0 0.01
205 0.01774322454240634 0 0.01
206 0.02487525419302998 0 0.01
207 0.03479224654124668 0 0.01
208 0.04854882113974504 0 0.01
209 0.06654796326620442 0 0.01
210 0.08507307641808191 0 0.01
211 0.1035981895699594 0 0.01
212 0.1221233027218369 0 0.01
213 0.1406484158737144 0 0.01
214 0.1591735290255918 0 0.01
215 0.1776986421774692 0 0.01
216 0.1962237553293466 0 0.01
217 0.2147488684812241 0 0.01
218 0.2332739816331016 0 0.01
219 0.2517990947849791 0 0.01
220 0.2703242079368567 0 0.01
221 0.2888493210887343 0 0.01
222 0.3073744342406119 0 0.01
223 0.3258995473924896 0 0.01
224 0.3444246605443672 0 0.01
225 0.3629497736962448 0 0.01
226 0.3814748868481224 0 0.01
227 0.006278420207441461 0.006 0.01
228 0.008929962129242418 0.006 0.01
229 0.01261681654095733 0.006 0.01
230 0.01774322454240634 0.006 0.01
231 0.02487525419302998 0.006 0.01
232 0.03479224654124668 0.006 0.01
233 0.04854882113974504 0.006 0.01
234 0.06654796326620442 0.006 0.01
235 0.08507307641808191 0.006 0.01
236 0.1035981895699594 0.006 0.01
237 0.1221233027218369 0.006 0.01
238 0.1406484158737144 0.006 0.01
239 0.1591735290255918 0.006 0.01
240 0.1776986421774692 0.006 0.01
241 0.1962237553293466 0.006 0.01
242 0.2147488684812241 0.006 0.01
243 0.2332739816331016 0.006 0.01
244 0.2517990947849791 0.006 0.01
245 0.2703242079368567 0.006 0.01
246 0.2888493210887343 0.006 0.01
247 0.3073744342406119 0.006 0.01
248 0.3258995473924896 0.006 0.01
249 0.3444246605443672 0.006 0.01
250 0.3629497736962448 0.006 0.01
251 0.3814748868481224 0.006 0.01
252 0 0.3808774963498251 0.01
253 0 0.3617549926996502 0.01
254 0 0.3426324890494753 0.01
255 0 0.3235099853993004 0.01
256 0 0.3043874817491255 0.01
257 0 0.2852649780989506 0.01
258 0 0.2661424744487757 0.01
259 0 0.2470199707986009 0.01
260 0 0.227897467148426 0.01
261 0 0.2087749634982511 0.01
262 0 0.1896524598480762 0.01
263 0 0.1705299561979013 0.01
264 0 0.1514074525477265 0.01
265 0 0.1322849488975516 0.01
266 0 0.1131624452473767 0.01
267 0 0.09403994159720186 0.01
268 0 0.07491743794702671 0.01
269 0 0.05589199380379656 0.01
270 0 0.04050950879916432 0.01
271 0 0.02955081914995744 0.01
272 0 0.02173974695449554 0.01
273 0 0.01618710304893151 0.01
274 0 0.01223592927295919 0.01
275 0 0.0094243379173376 0.01
276 0 0.007423653950789255 0.01
277 0.003 0.009424337917337553 0.01
278 0.003 0.01223592927295934 0.01
279 0.003 0.01618710304893192 0.01
280 0.003 0.02173974695449663 0.01
281 0.003 0.02955081914995986 0.01
282 0.003 0.04050950879916859 0.01
283 0.003 0.05589199380380324 0.01
284 0.003 0.07491743794703332 0.01
285 0.003 0.09403994159720781 0.01
286 0.003 0.1131624452473823 0.01
287 0.003 0.1322849488975568 0.01
288 0.003 0.1514074525477311 0.01
289 0.003 0.1705299561979055 0.01
290 0.003 0.1896524598480799 0.01
291 0.003 0.2087749634982543 0.01
292 0.003 0.2278974671484288 0.01
293 0.003 0.2470199707986033 0.01
294 0.003 0.2661424744487779 0.01
295 0.003 0.2852649780989525 0.01
296 0.003 0.3043874817491271 0.01
297 0.003 0.3235099853993016 0.01
298 0.003 0.3426324890494762 0.01
299 0.003 0.3617549926996509 0.01
300 0.003 0.3808774963498254 0.01
301 0.3190634924471412 0.4 0.01
302 0.2381269848942824 0.4 0.01
303 0.1593354218754336 0.4 0.01
304 0.09920052911926575 0.4 0.01
305 0.05608855316998512 0.4 0.01
306 0.02517635218183123 0.4 0.01
307 0.4 0.05870444288099289 0.01
308 0.4 0.1013970976837186 0.01
309 0.4 0.1608424379629387 0.01
310 0.4 0.2389846934171923 0.01
311 0.4 0.3194923467085962 0.01
312 0.003 0 0.01141015764547211
313 0.003 0 0.01338650131811868
314 0.003 0 0.01615631191443482
315 0.003 0 0.02003815249388425
316 0.003 0 0.02547848130047006
317 0.003 0 0.03310785398513719
318 0.003 0 0.04377930999850664
319 0.003 0 0.05872457905434117
320 0.003 0 0.07752702569092708
321 0.003 0 0.09649602417969606
322 0.003 0 0.115465022668465
323 0.003 0 0.134434021157234
324 0.003 0 0.153403019646003
325 0.003 0 0.172372018134772
326 0.003 0 0.1913410166235411
327 0.003 0 0.2103100151123101
328 0.003 0 0.229279013601079
329 0.003 0 0.248248012089848
330 0.003 0 0.2672170105786169
331 0.003 0 0.2861860090673859
332 0.003 0 0.305155007556155
333 0.003 0 0.324124006044924
334 0.003 0 0.343093004533693
335 0.003 0 0.362062003022462
336 0.003 0 0.381031001511231
337 0 0 0.01141015764547211
338 0 0 0.01338650131811868
339 0 0 0.01615631191443482
340 0 0 0.02003815249388425
341 0 0 0.02547848130047006
342 0 0 0.03310785398513719
343 0 0 0.04377930999850664
344 0 0 0.05872457905434117
345 0 0 0.07752702569092708
346 0 0 0.09649602417969606
347 0 0 0.115465022668465
348 0 0 0.134434021157234
349 0 0 0.153403019646003
350 0 0 0.172372018134772
351 0 0 0.1913410166235411
352 0 0 0.2103100151123101
353 0 0 0.229279013601079
354 0 0 0.248248012089848
355 0 0 0.2672170105786169
356 0 0 0.2861860090673859
357 0 0 0.305155007556155
358 0 0 0.324124006044924
359 0 0 0.343093004533693
360 0 0 0.362062003022462
361 0 0 0.381031001511231
362 0 0.006 0.01141015764547211
363 0 0.006 0.01338650131811868
364 0 0.006 0.01615631191443482
365 0 0.006 0.02003815249388425
366 0 0.006 0.02547848130047006
367 0 0.006 0.03310785398513719
368 0 0.006 0.04377930999850664
369 0 0.006 0.05872457905434117
370 0 0.006 0.07752702569092708
371 0 0.006 0.09649602417969606
372 0 0.006 0.115465022668465
373 0 0.006 0.134434021157234
374 0 0.006 0.153403019646003
375 0 0.006 0.172372018134772
376 0 0.006 0.1913410166235411
377 0 0.006 0.2103100151123101
378 0 0.006 0.229279013601079
379 0 0.006 0.248248012089848
380 0 0.006 0.2672170105786169
381 0 0.006 0.2861860090673859
382 0 0.006 0.305155007556155
383 0 0.006 0.324124006044924
384 0 0.006 0.343093004533693
385 0 0.006 0.362062003022462
386 0 0.006 0.381031001511231
387 0.003 0.006 0.01141015764547211
388 0.003 0.006 0.01338650131811868
389 0.003 0.006 0.01615631191443482
390 0.003 0.006 0.02003815249388425
391 0.003 0.006 0.02547848130047006
392 0.003 0.006 0.03310785398513719
393 0.003 0.006 0.04377930999850664
394 0.003 0.006 0.05872457905434117
395 0.003 0.006 0.07752702569092708
396 0.003 0.006 0.09649602417969606
397 0.003 0.006 0.115465022668465
398 0.003 0.006 0.134434021157234
399 0.003 0.006 0.153403019646003
400 0.003 0.006 0.172372018134772
401 0.003 0.006 0.1913410166235411
402 0.003 0.006 0.2103100151123101
403 0.003 0.006 0.229279013601079
404 0.003 0.006 0.248248012089848
405 0.003 0.006 0.2672170105786169
406 0.003 0.006 0.2861860090673859
407 0.003 0.006 0.305155007556155
408 0.003 0.006 0.324124006044924
409 0.003 0.006 0.343093004533693
410 0.003 0.006 0.362062003022462
411 0.003 0.006 0.381031001511231
412 0.4 0 0.06219483288616993
413 0.4 0 0.1043345698332723
414 0.4 0 0.1628690570120601
415 0.4 0 0.2401273622370039
416 0.4 0 0.320063681118502
417 0.05608855316998508 0 0.4
418 0.09920052911926584 0 0.4
419 0.1593354218754338 0 0.4
420 0.2381269848942826 0 0.4
421 0.3190634924471413 0 0.4
422 0.4 0.006 0.06219483288616993
423 0.4 0.006 0.1043345698332723
424 0.4 0.006 0.1628690570120601
425 0.4 0.006 0.2401273622370039
426 0.4 0.006 0.320063681118502
427 0.05608855316998508 0.006 0.4
428 0.09920052911926584 0.006 0.4
429 0.1593354218754338 0.006 0.4
430 0.2381269848942826 0.006 0.4
431 0.3190634924471413 0.006 0.4
432 0 0.4 0.06219483288616993
433 0 0.4 0.1043345698332723
434 0 0.4 0.1628690570120601
435 0 0.4 0.2401273622370039
436 0 0.4 0.320063681118502
437 0 0.3194923467085961 0.4
438 0 0.2389846934171919 0.4
439 0 0.1608424379629383 0.4
440 0 0.1013970976837183 0.4
441 0 0.05870444288099275 0.4
442 0 0.02803877996927495 0.4
443 0.003 0.4 0.06219483288616993
444 0.003 0.4 0.1043345698332723
445 0.003 0.4 0.1628690570120601
446 0.003 0.4 0.2401273622370039
447 0.003 0.4 0.320063681118502
448 0.003 0.05870444288099289 0.4
449 0.003 0.1013970976837186 0.4
450 0.003 0.1608424379629387 0.4
451 0.003 0.2389846934171923 0.4
452 0.003 0.3194923467085962 0.4
453 0.4 0.4 0.08800000000000013
454 0.4 0.4 0.1660000000000003
455 0.4 0.4 0.2440000000000002
456 0.4 0.4 0.3220000000000001
457 0.3206000000000001 0.4 0.4
458 0.2412000000000002 0.4 0.4
459 0.1618000000000001 0.4 0.4
460 0.08239999999999981 0.4 0.4
461 0.4 0.08479999999999994 0.4
462 0.4 0.1636 0.4
463 0.4 0.2424000000000001 0.4
464 0.4 0.3212000000000002 0.4
465 0.0024 0.0012 0
466 0.0024 0.0024 0
467 0.0024 0.003600000000000001 0
468 0.0024 0.0048 0
469 0.0018 0.0012 0
470 0.0018 0.0024 0
471 0.0018 0.0036 0
472 0.0018 0.0048 0
473 0.0012 0.001199999999999999 0
474 0.0012 0.0024 0
475 0.0012 0.0036 0
476 0.0012 0.0048 0
477 0.0005999999999999999 0.0012 0
478 0.0005999999999999997 0.002399999999999999 0
479 0.0005999999999999998 0.0036 0
480 0.0005999999999999998 0.0048 0
481 0.004155647260470685 0.002902236568432044 0
482 0.007724044392974888 0.003919888703331984 0
483 0.01048554816863209 0.002943872690224792 0
484 0.01470099274851325 0.002994272723492326 0
485 0.02983375036713834 0.003 0
486 0.00415183488415008 0.004483706094738834 0
487 0.005848273734526538 0.003467745150889287 0
488 0.005544557318469728 0.001971440369512578 0
489 0.004127711660628669 0.001523056778326741 0
490 0.0213092393677182 0.003 0
491 0.007418721348824403 0.001781782556418589 0
492 0.001469154420460469 0.006767963675759076 0
493 0.0015 0.01896342500171391 0
494 0.001552274158217947 0.007917279147688777 0
495 0.001500000000000035 0.0142115161609456 0
496 0.001502721478457382 0.01067848561266918 0
497 0.0009761336105947984 0.007206219192397362 0
498 0.0007075480051758781 0.006566306136490979 0
499 0.01954214484581238 0.1992137116731671 0
500 0.2056518112551471 0.02229937357857775 0
501 0.1313858592977756 0.02204321859750707 0
502 0.01922200770257126 0.1220998542160543 0
503 0.2610616513609179 0.02163513800797365 0
504 0.01747179580306327 0.2558392749805543 0
505 0.07438177719963848 0.02056193083810373 0
506 0.3488126812796705 0.2005895203372453 0
507 0.03956237279191155 0.01749176221117935 0
508 0.02017028373085519 0.3139487335742144 0
509 0.3166369908165507 0.02204321859750721 0
510 0.02074555271515663 0.01118386698608617 0
511 0.01525193956694054 0.06545930457761026 0
512 0.1280129041994154 0.3564280594128634 0
513 0.01905384608958291 0.1609687043728183 0
514 0.1680551892346043 0.02202722608754884 0
515 0.01077039430429155 0.008842776079857811 0
516 0.00711527377257351 0.01896342500171441 0
517 0.01112754529023488 0.03503016397456421 0
518 0.02546684025809273 0.355397845374367 0
519 0.3525850745987107 0.02434051783191771 0
520 0.3681709570983237 0.08352960377342625 0
521 0.2781526662483444 0.3276325686282009 0
522 0.005546944109851154 0.01076155391089439 0
523 0.08611030967196455 0.3569543551062263 0
524 0.1003295251701826 0.3171279858346108 0
525 0.1518315465040809 0.3160318220135203 0
526 0.1261439063702557 0.2768094028498194 0
527 0.1733269173586317 0.2727613268822068 0
528 0.1428085464516122 0.2326900394728354 0
529 0.19414630761627 0.2312907154616065 0
530 0.1672303873631906 0.1952937656465652 0
531 0.1240951751893086 0.1925397703458857 0
532 0.1458592564551672 0.1604084492315046 0
533 0.1829409234781425 0.1589788488185358 0
534 0.160534024908134 0.1303437393685416 0
535 0.1938213081510466 0.1202183208971593 0
536 0.1284836949151401 0.1319857365412598 0
537 0.1406624028892806 0.1054911631555642 0
538 0.1116348915398845 0.1084995115397789 0
539 0.09933788883631983 0.1324469170463258 0
540 0.08513543045490259 0.1098232664873328 0
541 0.09633030259143818 0.08732569197129071 0
542 0.2203713325996124 0.1517315889116029 0
543 0.2294975598031236 0.1174023303852295 0
544 0.07259177731493288 0.08935392623635953 0
545 0.0733424756157379 0.1330308569084005 0
546 0.2099931807551783 0.09118483040922845 0
547 0.2401405624985587 0.08182730003915216 0
548 0.2627049858180975 0.1101076140224324 0
549 0.2725537947472919 0.07837372142168102 0
550 0.08599155364542208 0.1547211454307052 0
551 0.0832516750987408 0.06786008030564497 0
552 0.1057286231134036 0.06576194619037715 0
553 0.2985279113879437 0.1044132396921774 0
554 0.0613149878967954 0.0690482823672709 0
555 0.04711745968845354 0.08753969967074472 0
556 0.0839174489345926 0.2774395482112403 0
557 0.06052089064512153 0.1547225486266792 0
558 0.07330423068368086 0.1770075236024584 0
559 0.30611195121132 0.07009952895378488 0
560 0.2150827879953019 0.06347852160250775 0
561 0.1926097870657342 0.06851462368600589 0
562 0.2861333846291068 0.1374764256459906 0
563 0.3252485234999895 0.1304686643277638 0
564 0.04972736238287417 0.1737293440325988 0
565 0.05905614300186385 0.1987161491872788 0
566 0.0930872035064253 0.04892699785927729 0
567 0.05026375736027724 0.132170256305552 0
568 0.09980285576567229 0.2452415681565869 0
569 0.06270249148203105 0.2462128355970981 0
570 0.114471282184343 0.04700770267908749 0
571 0.128010363967741 0.06270697841891681 0
572 0.0371146516182968 0.3789910758941095 0
573 0.04755766615093215 0.2786157129319005 0
574 0.06209796819380367 0.3056327956044898 0
575 0.1675892104059398 0.09875798626972698 0
576 0.2819982795648959 0.0483155569759606 0
577 0.2586211908446271 0.05627668945188743 0
578 0.2334438395897882 0.0345115497554149 0
579 0.2279594686622233 0.2759671029841195 0
580 0.2420947464270993 0.225670566748816 0
581 0.086950521058945 0.1996091234881044 0
582 0.06092763991553324 0.1109348214096023 0
583 0.03687927239092109 0.1112804270225506 0
584 0.02914686221714516 0.09262524255943694 0
585 0.1475783199126476 0.07941807015610444 0
586 0.1027623964634015 0.02979407808995818 0
587 0.07211762728828641 0.05111288229057215 0
588 0.04990143289016111 0.0498346311748824 0
589 0.04300972736770203 0.0671379135708233 0
590 0.01409597949384211 0.04820075130148591 0
591 0.02388304646575651 0.03962302387377287 0
592 0.02022660537980267 0.02706319937213567 0
593 0.0327670406356578 0.02943384180175376 0
594 0.02873856305992981 0.02086677328437567 0
595 0.04633628910625298 0.03196936387269608 0
596 0.00758838917718016 0.008485737311482694 0
597 0.00862896851827058 0.02564528305222818 0
598 0.3336498683269641 0.2707567713677997 0
599 0.01506353469963012 0.009909916009575137 0
600 0.01588540555403858 0.01477739044854007 0
601 0.195491708905257 0.04234109756400883 0
602 0.1770347265634467 0.04989975013030104 0
603 0.1357915941138828 0.04167047492904372 0
604 0.005763878647604664 0.01421151616094535 0
605 0.008851534648860654 0.01189745905582254 0
606 0.05649974820765707 0.01924610834730037 0
607 0.01889207164150189 0.1417422269132414 0
608 0.03768901361314214 0.1523068550494789 0
609 0.03004933019558284 0.05552861729866915 0
610 0.1136680628482541 0.1580753170975374 0
611 0.01868730564545715 0.1800912080229927 0
612 0.1499109724496531 0.02204321859750705 0
613 0.158925591150659 0.04221657131585621 0
614 0.1869611987534079 0.02204321859750716 0
615 0.1216574840023993 0.08486722690533872 0
616 0.06351273748720571 0.03419662492438005 0
617 0.01956057394501173 0.2183362153233415 0
618 0.03737416296208126 0.2092950249055665 0
619 0.03750124990832121 0.2303862681710116 0
620 0.2130171566190773 0.3388869583235113 0
621 0.2107690844918336 0.1921766973166916 0
622 0.259589696968004 0.1748204949044426 0
623 0.01956057394501179 0.2374587189735161 0
624 0.3642291276755847 0.1226409284629595 0
625 0.020231493325575 0.2748073027849128 0
626 0.2425648478684881 0.02114439112417657 0
627 0.2791706419712602 0.02252152685885808 0
628 0.2969006836537775 0.02437362444520777 0
629 0.3065097044711443 0.0411187692378511 0
630 0.3310996266363698 0.04127763155853487 0
631 0.0186566405184225 0.1041390302796103 0
632 0.02124387018429599 0.3336052546410229 0
633 0.03942951237793091 0.3426324890494763 0
634 0.01801636968401651 0.3724263400215927 0
635 0.3430581189303004 0.06902640782898309 0
636 0.02224390216059541 0.2935686151480391 0
637 0.277251755703425 0.270976425887783 0
638 0.07697629121108024 0.2211921641466313 0
639 0.3611876845893147 0.049820303745227 0
640 0.03647572206138536 0.2535966280974065 0
641 0.01399044760557708 0.02043828158111582 0
642 0.3341291799976976 0.01993227359759198 0
643 0.3763662366220654 0.02514421074302298 0
644 0.03646945515908084 0.04182008353236397 0
645 0.2957613945853586 0.2186005172355237 0
646 0.2239407138650545 0.02105516970572707 0
647 0.09750667572008283 0.1763706452157651 0
648 0.147267258383777 0.05924779309088687 0
649 0.005137730188755185 0.008189446131671718 0
650 0.03858014895968279 0.3037077301075261 0
651 0.2521044253527229 0.1395119287494599 0
652 0.03529502719963398 0.1892674158084195 0
653 0.01085376453284867 0.01566964447723027 0
654 0.02839243897109395 0.01221475927709553 0
655 0.116431842149638 0.01940931221510581 0
656 0.169366757285733 0.06921729804866175 0
657 0.3461732054044899 0.3435763373409194 0
658 0.3342244316339104 0.09669639550651582 0
659 0.3112423114522832 0.1700888112002338 0
660 0.3499065287815056 0.1569260724582282 0
661 0.03258922454168273 0.1319199239013754 0
662 0.02132983554759979 0.0177573784915582 0
663 0.08271259845404186 0.03405675381015297 0
664 0.1078165717410344 0.2168794220424677 0
665 0.06633729681945488 0.3764192102642261 0
666 0.06290811150259418 0.3342038489857713 0
667 0.04073831582486048 0.3222884753270834 0
668 0.01618068407951806 0.08440835003343686 0
669 0.2517990947849791 0.03758412563434688 0
670 0.1751695599110117 0.3573626383403374 0
671 0.08970560762102463 0.01928255254764297 0
672 0.03209051098613808 0.1712727054572616 0
673 0.01228492674793388 0.01221943721420513 0
674 0.2154646066761265 0.03764214309657576 0
675 0.05472206771307553 0.2211604884015173 0
676 0.177492030312166 0.03497545936299237 0
677 0.121207387259804 0.0325846179156539 0
678 0.0172614746968289 0.3864589824531056 0
679 0.2355165447230732 0.05289599183237778 0
680 0.05289445370805571 0.357433137445696 0
681 0.02802866217460009 0.07526914323972242 0
682 0.2676141820571991 0.03694479533799822 0
683 0.1875359967466677 0.08930167230719574 0
684 0.0024 0 0.00111111111111111
685 0.0018 0 0.00111111111111111
686 0.0012 0 0.00111111111111111
687 0.0005999999999999998 0 0.00111111111111111
688 0.0024 0 0.002222222222222221
689 0.0018 0 0.002222222222222221
690 0.0012 0 0.002222222222222221
691 0.0005999999999999998 0 0.002222222222222221
692 0.0024 0 0.003333333333333333
693 0.0018 0 0.003333333333333333
694 0.0012 0 0.003333333333333332
695 0.0005999999999999998 0 0.003333333333333333
696 0.0024 0 0.004444444444444444
697 0.001800000000000001 0 0.004444444444444444
698 0.0012 0 0.004444444444444444
699 0.0005999999999999998 0 0.004444444444444444
700 0.0024 0 0.005555555555555556
701 0.0018 0 0.005555555555555554
702 0.0012 0 0.005555555555555554
703 0.0005999999999999998 0 0.005555555555555554
704 0.0024 0 0.006666666666666666
705 0.0018 0 0.006666666666666666
706 0.0012 0 0.006666666666666666
707 0.0005999999999999998 0 0.006666666666666666
708 0.0024 0 0.007777777777777776
709 0.0018 0 0.007777777777777778
710 0.0012 0 0.007777777777777777
711 0.0005999999999999998 0 0.007777777777777778
712 0.0024 0 0.008888888888888889
713 0.0018 0 0.008888888888888887
714 0.0012 0 0.008888888888888889
715 0.0005999999999999998 0 0.008888888888888889
716 0 0.0012 0.00111111111111111
717 0 0.0024 0.00111111111111111
718 0 0.0036 0.00111111111111111
719 0 0.0048 0.00111111111111111
720 0 0.001199999999999999 0.002222222222222221
721 0 0.0024 0.002222222222222221
722 0 0.0036 0.002222222222222221
723 0 0.0048 0.002222222222222221
724 0 0.0012 0.003333333333333333
725 0 0.0024 0.003333333333333333
726 0 0.0036 0.003333333333333332
727 0 0.0048 0.003333333333333333
728 0 0.0012 0.004444444444444444
729 0 0.002399999999999999 0.004444444444444444
730 0 0.0036 0.004444444444444444
731 0 0.0048 0.004444444444444444
732 0 0.0012 0.005555555555555556
733 0 0.002399999999999999 0.005555555555555554
734 0 0.0036 0.005555555555555554
735 0 0.0048 0.005555555555555554
736 0 0.001199999999999999 0.006666666666666666
737 0 0.0024 0.006666666666666666
738 0 0.0036 0.006666666666666666
739 0 0.0048 0.006666666666666666
740 0 0.0012 0.007777777777777776
741 0 0.002399999999999999 0.007777777777777778
742 0 0.0036 0.007777777777777777
743 0 0.0048 0.007777777777777778
744 0 0.001199999999999999 0.008888888888888889
745 0 0.0024 0.008888888888888887
746 0 0.003599999999999999 0.008888888888888889
747 0 0.0048 0.008888888888888889
748 0.0005999999999999998 0.006 0.00111111111111111
749 0.0012 0.006 0.00111111111111111
750 0.0018 0.006 0.00111111111111111
751 0.0024 0.006 0.00111111111111111
752 0.0005999999999999997 0.006 0.002222222222222221
753 0.0012 0.006 0.002222222222222221
754 0.0018 0.006 0.002222222222222221
755 0.0024 0.006 0.002222222222222221
756 0.0005999999999999998 0.006 0.003333333333333333
757 0.0012 0.006 0.003333333333333333
758 0.0018 0.006 0.003333333333333332
759 0.0024 0.006 0.003333333333333333
760 0.0005999999999999998 0.006 0.004444444444444444
761 0.001199999999999999 0.006 0.004444444444444444
762 0.0018 0.006 0.004444444444444444
763 0.0024 0.006 0.004444444444444444
764 0.0005999999999999998 0.006 0.005555555555555556
765 0.0012 0.006 0.005555555555555554
766 0.0018 0.006 0.005555555555555554
767 0.0024 0.006 0.005555555555555554
768 0.0005999999999999997 0.006 0.006666666666666666
769 0.0012 0.006 0.006666666666666666
770 0.0018 0.006 0.006666666666666666
771 0.0024 0.006 0.006666666666666666
772 0.0005999999999999998 0.006 0.007777777777777776
773 0.0012 0.006 0.007777777777777778
774 0.0018 0.006 0.007777777777777777
775 0.0024 0.006 0.007777777777777778
776 0.0005999999999999997 0.006 0.008888888888888889
777 0.0012 0.006 0.008888888888888887
778 0.0018 0.006 0.008888888888888889
779 0.0024 0.006 0.008888888888888889
780 0.003 0.0048 0.00111111111111111
781 0.003 0.0036 0.00111111111111111
782 0.003 0.0024 0.00111111111111111
783 0.003 0.0012 0.00111111111111111
784 0.003 0.0048 0.002222222222222221
785 0.003 0.0036 0.002222222222222221
786 0.003 0.0024 0.002222222222222221
787 0.003 0.0012 0.002222222222222221
788 0.003 0.0048 0.003333333333333333
789 0.003 0.0036 0.003333333333333333
790 0.003 0.0024 0.003333333333333332
791 0.003 0.0012 0.003333333333333333
792 0.003 0.0048 0.004444444444444444
793 0.003 0.003600000000000001 0.004444444444444444
794 0.003 0.0024 0.004444444444444444
795 0.003 0.0012 0.004444444444444444
796 0.003 0.0048 0.005555555555555556
797 0.003 0.003600000000000001 0.005555555555555554
798 0.003 0.0024 0.005555555555555554
799 0.003 0.0012 0.005555555555555554
800 0.003 0.0048 0.006666666666666666
801 0.003 0.0036 0.006666666666666666
802 0.003 0.0024 0.006666666666666666
803 0.003 0.0012 0.006666666666666666
804 0.003 0.0048 0.007777777777777776
805 0.003 0.003600000000000001 0.007777777777777778
806 0.003 0.0024 0.007777777777777777
807 0.003 0.0012 0.007777777777777778
808 0.003 0.0048 0.008888888888888889
809 0.003 0.0036 0.008888888888888887
810 0.003 0.002400000000000001 0.008888888888888889
811 0.003 0.0012 0.008888888888888889
812 0.0024 0.0012 0.01
813 0.0024 0.0024 0.01
814 0.0024 0.003600000000000001 0.01
815 0.0024 0.0048 0.01
816 0.0018 0.0012 0.01
817 0.0018 0.0024 0.01
818 0.0018 0.0036 0.01
819 0.0018 0.0048 0.01
820 0.0012 0.001199999999999999 0.01
821 0.0012 0.0024 0.01
822 0.0012 0.0036 0.01
823 0.0012 0.0048 0.01
824 0.0005999999999999999 0.0012 0.01
825 0.0005999999999999997 0.002399999999999999 0.01
826 0.0005999999999999998 0.0036 0.01
827 0.0005999999999999998 0.0048 0.01
828 0.004001678777086991 0 0.004999999999999999
829 0.01078802762056683 0 0.007263357049483692
830 0.007604191168341939 0 0.00229630266347904
831 0.004190008164222036 0 0.007317676589194305
832 0.004224759944438161 0 0.002605155749992745
833 0.01532540273294002 0 0.003178856822089829
834 0.01992960289490631 0 0.005025494391311561
835 0.007589867386982797 0 0.007413782937575834
836 0.009292987887339652 0 0.004808951603231693
837 0.006612240068968047 0 0.004888330455499525
838 0.3907374434240612 0 0.004999999999999999
839 0.2795867645127956 0 0.005
840 0.3166369908165507 0 0.005
841 0.3351621039684283 0 0.004999999999999999
842 0.3722123302721836 0 0.004999999999999999
843 0.261061651360918 0 0.005
844 0.2981118776646732 0 0.005
845 0.353687217120306 0 0.005
846 0.2425365382090403 0 0.004999999999999999
847 0.09433563299402067 0 0.004999999999999999
848 0.07581051984214315 0 0.004999999999999999
849 0.1128607461458982 0 0.005
850 0.1313858592977756 0 0.004999999999999999
851 0.2054863119052853 0 0.004999999999999999
852 0.2240114250571628 0 0.005
853 0.1499109724496531 0 0.004999999999999999
854 0.1869611987534079 0 0.005
855 0.1684360856015304 0 0.004999999999999999
856 0.01014069344800505 0 0.002358045266133998
857 0.05754839220297472 0 0.004999999999999999
858 0.005682422435531538 0 0.003163608232134775
859 0.005647268274526033 0 0.006625093006913134
860 0.004017631900107777 0 0.003874036261121656
861 0.003962250448649376 0 0.001666666666666665
862 0.01429038689069993 0 0.006919561609385011
863 0.003962250448649375 0 0.006111111111111111
864 0.005354718082839693 0 0.008376946598780055
865 0.00383301310209987 0 0.008404213250473573
866 0.01225950951414392 0 0.004684972063959255
867 0.005141161838375148 0 0.004444444444444443
868 0.02983375036713834 0 0.005000000000000004
869 0.04167053384049586 0 0.005
870 0.005571826499635262 0 0.001460771452132135
871 0.00494440992684805 0 0.005555555555555556
872 0.02487846541202616 0 0.005006373597827892
873 0.4 0.003 0.005000000000000001
874 0.004001678777086992 0.006 0.004999999999999999
875 0.01078802762056683 0.006 0.007263357049483692
876 0.007604191168341939 0.006 0.00229630266347904
877 0.004190008164222036 0.006 0.007317676589194304
878 0.004224759944438161 0.006 0.002605155749992745
879 0.01532540273294002 0.006 0.00317885682208983
880 0.01992960289490631 0.006 0.00502549439131156
881 0.007589867386982798 0.006 0.007413782937575832
882 0.009292987887339654 0.006 0.004808951603231693
883 0.006612240068968047 0.006 0.004888330455499524
884 0.3907374434240612 0.006 0.004999999999999999
885 0.2795867645127955 0.006 0.004999999999999999
886 0.2981118776646732 0.006 0.005
887 0.3166369908165507 0.006 0.005
888 0.3536872171203059 0.006 0.004999999999999999
889 0.3722123302721836 0.006 0.004999999999999999
890 0.2610616513609179 0.006 0.005
891 0.3351621039684283 0.006 0.004999999999999999
892 0.2425365382090403 0.006 0.004999999999999999
893 0.09433563299402067 0.006 0.005
894 0.07581051984214317 0.006 0.005
895 0.1313858592977757 0.006 0.005000000000000001
896 0.2240114250571628 0.006 0.005
897 0.1128607461458982 0.006 0.005
898 0.1869611987534079 0.006 0.004999999999999999
899 0.2054863119052853 0.006 0.004999999999999999
900 0.1499109724496531 0.006 0.004999999999999999
901 0.1684360856015304 0.006 0.004999999999999999
902 0.01014069344800505 0.006 0.002358045266133999
903 0.05754839220297473 0.006 0.004999999999999996
904 0.005682422435531537 0.006 0.003163608232134775
905 0.005647268274526033 0.006 0.006625093006913134
906 0.004017631900107777 0.006 0.003874036261121656
907 0.003962250448649376 0.006 0.001666666666666665
908 0.01429038689069993 0.006 0.006919561609385011
909 0.003962250448649375 0.006 0.006111111111111111
910 0.005354718082839695 0.006 0.008376946598780053
911 0.00383301310209987 0.006 0.008404213250473571
912 0.01225950951414392 0.006 0.004684972063959261
913 0.005141161838375149 0.006 0.004444444444444444
914 0.02983375036713834 0.006 0.005000000000000004
915 0.04167053384049586 0.006 0.005
916 0.005571826499635262 0.006 0.001460771452132134
917 0.00494440992684805 0.006 0.005555555555555555
918 0.02487846541202616 0.006 0.005006373597827891
919 0.004155647260470685 0.002902236568432044 0.01
920 0.007724044392974888 0.003919888703331984 0.01
921 0.01048554816863209 0.002943872690224792 0.01
922 0.01470099274851325 0.002994272723492326 0.01
923 0.02983375036713834 0.003 0.01
924 0.00415183488415008 0.004483706094738834 0.01
925 0.005848273734526538 0.003467745150889287 0.01
926 0.005544557318469728 0.001971440369512578 0.01
927 0.004127711660628669 0.001523056778326741 0.01
928 0.0213092393677182 0.003 0.01
929 0.007418721348824403 0.001781782556418589 0.01
930 0 0.007003293329613858 0.005000000000002589
931 0 0.006984845464802492 0.007254302623116102
932 0 0.007004744148686293 0.002714900192024433
933 0 0.01058285560611366 0.001851872808124905
934 0 0.01061858969374807 0.008002704937530669
935 0 0.01893662003314717 0.003579940355731433
936 0 0.008387328904385649 0.007968317479458085
937 0 0.009320949658703892 0.006492543487494858
938 0 0.01122580048822225 0.005876088209045272
939 0 0.008382017482450654 0.002006659523754447
940 0 0.00918887621319181 0.003537607828541279
941 0 0.01316400625459313 0.007274041096419792
942 0 0.0134736519416932 0.004777944024144375
943 0 0.02364919699018458 0.005000859160188246
944 0 0.08447868977211431 0.005
945 0 0.3904387481749126 0.005000000000000001
946 0 0.3330712372243879 0.005
947 0 0.2757037262738632 0.004999999999999999
948 0 0.1992137116731637 0.005
949 0 0.3713162445247377 0.005
950 0 0.3521937408745627 0.004999999999999999
951 0 0.3139487335742129 0.004999999999999999
952 0 0.2948262299240381 0.005
953 0 0.2374587189735134 0.005
954 0 0.2183362153233386 0.005
955 0 0.1800912080229888 0.005
956 0 0.1609687043728139 0.004999999999999999
957 0 0.141846200722639 0.005
958 0 0.1227236970724642 0.004999999999999999
959 0 0.1036011934222893 0.004999999999999999
960 0 0.2565812226236883 0.005
961 0 0.06540471587541163 0.005
962 0 0.01617634418465441 0.006261481665299174
963 0 0.006962250448656115 0.008333333333333333
964 0 0.006979763532683425 0.003878409291263784
965 0 0.006962250448649399 0.001666666666666666
966 0 0.007013899645800237 0.006116457844593849
967 0 0.04820075130148049 0.004999999999999999
968 0 0.03503016397456088 0.004999999999999999
969 0 0.01325354790258015 0.002234205569751317
970 0 0.008130026434182036 0.005620101503264016
971 0 0.01574313418049905 0.003235653637287571
972 0 0.009460979368113354 0.004974700022666785
973 0 0.01104304380084897 0.003876681577863779
974 0 0.007967410021574861 0.006690344587585381
975 0 0.008114611775124125 0.004390691996509392
976 0 0.007924731772959825 0.0033333333333179
977 0 0.006794446133930876 0.0007440027230767437
978 0 0.006794446133927545 0.009255997276926317
979 0 0.01935963844527938 0.007120287967429533
980 0 0.007798403471019177 0.009111529617943547
981 0 0.007797341186631557 0.0008834657826995713
982 0.003 0.007003741887028526 0.004999999999999999
983 0.003 0.01072543728663713 0.007611602969776299
984 0.003 0.007263185792395802 0.002664114312839024
985 0.003 0.006988072116874839 0.007260875448469609
986 0.003 0.0141435936831173 0.002683204290378154
987 0.003 0.01949684812413204 0.005587019927807711
988 0.003 0.01083013359514845 0.002434909539029194
989 0.003 0.01342547725987387 0.007538769049384092
990 0.003 0.024415596066609 0.005117403985561542
991 0.003 0.3904387481749127 0.005
992 0.003 0.2757037262738652 0.005
993 0.003 0.3139487335742143 0.005
994 0.003 0.3330712372243889 0.005
995 0.003 0.3521937408745636 0.005
996 0.003 0.2374587189735161 0.005
997 0.003 0.2565812226236905 0.004999999999999999
998 0.003 0.2948262299240398 0.004999999999999999
999 0.003 0.3713162445247381 0.005
1000 0.003 0.08447868977212057 0.005000000000000001
1001 0.003 0.1227236970724695 0.005
1002 0.003 0.2183362153233416 0.004999999999999999
1003 0.003 0.103601193422295 0.004999999999999999
1004 0.003 0.1609687043728183 0.005
1005 0.003 0.1992137116731671 0.004999999999999999
1006 0.003 0.1800912080229927 0.004999999999999999
1007 0.003 0.141846200722644 0.004999999999999999
1008 0.003 0.06540471587541828 0.005
1009 0.003 0.01218250024231363 0.005000000000000001
1010 0.003 0.009572375345481504 0.005262932814851922
1011 0.003 0.008921031120971076 0.007113447439698494
1012 0.003 0.008662974161144497 0.003355096170071722
1013 0.003 0.007009561194471955 0.006117553315485674
1014 0.003 0.006962250448649373 0.008333333333333331
1015 0.003 0.006962250448649374 0.003888888888888889
1016 0.003 0.04820075130148591 0.005
1017 0.003 0.007060120786704521 0.001519396792755951
1018 0.003 0.03503016397456422 0.005000000000000001
1019 0.003 0.008151743190852391 0.005555555555555557
1020 0.003 0.0086621978155052 0.001875617016317024
1021 0.003 0.01746875275533468 0.002875908559087189
1022 0.003 0.008427078502729357 0.008531309604658364
1023 0.003 0.007946207234020021 0.004444444444444444
1024 0.003 0.01571510381935108 0.00522070230090996
1025 0.003 0.007913809972075973 0.006666666666666668
1026 0.001469154420460469 0.006767963675759076 0.01
1027 0.0015 0.01896342500171391 0.01
1028 0.001552274158217947 0.007917279147688777 0.01
1029 0.001500000000000035 0.0142115161609456 0.01
1030 0.001502721478457382 0.01067848561266918 0.01
1031 0.0009761336105947984 0.007206219192397362 0.01
1032 0.0007075480051758781 0.006566306136490979 0.01
1033 0.01954214484581238 0.1992137116731671 0.01
1034 0.2056518112551471 0.02229937357857775 0.01
1035 0.1313858592977756 0.02204321859750707 0.01
1036 0.01922200770257126 0.1220998542160543 0.01
1037 0.2610616513609179 0.02163513800797368 0.01
1038 0.01747179580306327 0.2558392749805543 0.01
1039 0.07438177719963848 0.02056193083810373 0.01
1040 0.3488126812796705 0.2005895203372453 0.01
1041 0.03956237279191155 0.01749176221117935 0.01
1042 0.02017028373085519 0.3139487335742144 0.01
1043 0.3166369908165507 0.02204321859750721 0.01
1044 0.02074555271515663 0.01118386698608617 0.01
1045 0.01525193956694054 0.06545930457761026 0.01
1046 0.1280129041994154 0.3564280594128634 0.01
1047 0.01905384608958291 0.1609687043728183 0.01
1048 0.1680551892346043 0.02202722608754884 0.01
1049 0.01077039430429155 0.008842776079857811 0.01
1050 0.00711527377257351 0.01896342500171441 0.01
1051 0.01112754529023488 0.03503016397456421 0.01
1052 0.02546684025809273 0.355397845374367 0.01
1053 0.3525850745987107 0.02434051783191771 0.01
1054 0.3681709570983237 0.08352960377342625 0.01
1055 0.2781526662483444 0.3276325686282009 0.01
1056 0.005546944109851154 0.01076155391089439 0.01
1057 0.08611030967196455 0.3569543551062263 0.01
1058 0.1003295251701826 0.3171279858346108 0.01
1059 0.1518315465040809 0.3160318220135203 0.01
1060 0.1261439063702557 0.2768094028498194 0.01
1061 0.1733269173586317 0.2727613268822068 0.01
1062 0.1428085464516122 0.2326900394728354 0.01
1063 0.19414630761627 0.2312907154616065 0.01
1064 0.1672303873631906 0.1952937656465652 0.01
1065 0.1240951751893086 0.1925397703458857 0.01
1066 0.1458592564551672 0.1604084492315046 0.01
1067 0.1829409234781425 0.1589788488185358 0.01
1068 0.160534024908134 0.1303437393685416 0.01
1069 0.1938213081510466 0.1202183208971594 0.01
1070 0.1284836949151401 0.1319857365412598 0.01
1071 0.1406624028892806 0.1054911631555642 0.01
1072 0.1116348915398844 0.1084995115397789 0.01
1073 0.09933788883631983 0.1324469170463258 0.01
1074 0.08513543045490259 0.1098232664873328 0.01
1075 0.09633030259143817 0.08732569197129071 0.01
1076 0.2203713325996124 0.1517315889116029 0.01
1077 0.2294975598031236 0.1174023303852295 0.01
1078 0.07259177731493291 0.08935392623635953 0.01
1079 0.0733424756157379 0.1330308569084005 0.01
1080 0.2099931807551783 0.09118483040922849 0.01
1081 0.2401405624985587 0.0818273000391522 0.01
1082 0.2627049858180976 0.1101076140224325 0.01
1083 0.2725537947472919 0.07837372142168103 0.01
1084 0.08599155364542208 0.1547211454307052 0.01
1085 0.0832516750987408 0.06786008030564497 0.01
1086 0.1057286231134036 0.06576194619037715 0.01
1087 0.2985279113879438 0.1044132396921774 0.01
1088 0.06131498789679543 0.06904828236727092 0.01
1089 0.04711745968845354 0.08753969967074476 0.01
1090 0.0839174489345926 0.2774395482112403 0.01
1091 0.06052089064512153 0.1547225486266792 0.01
1092 0.07330423068368086 0.1770075236024584 0.01
1093 0.3061119512113201 0.07009952895378488 0.01
1094 0.2150827879953019 0.0634785216025078 0.01
1095 0.1926097870657343 0.06851462368600592 0.01
1096 0.2861333846291069 0.1374764256459906 0.01
1097 0.3252485234999896 0.1304686643277639 0.01
1098 0.04972736238287415 0.1737293440325988 0.01
1099 0.0590561430018639 0.1987161491872788 0.01
1100 0.0930872035064253 0.04892699785927729 0.01
1101 0.05026375736027727 0.132170256305552 0.01
1102 0.0998028557656723 0.2452415681565869 0.01
1103 0.06270249148203111 0.2462128355970981 0.01
1104 0.114471282184343 0.04700770267908749 0.01
1105 0.128010363967741 0.06270697841891681 0.01
1106 0.03711465161829683 0.3789910758941095 0.01
1107 0.04755766615093218 0.2786157129319005 0.01
1108 0.06209796819380367 0.3056327956044898 0.01
1109 0.1675892104059398 0.09875798626972698 0.01
1110 0.281998279564896 0.04831555697596063 0.01
1111 0.2586211908446271 0.05627668945188746 0.01
1112 0.2334438395897882 0.0345115497554149 0.01
1113 0.2279594686622233 0.2759671029841195 0.01
1114 0.2420947464270993 0.225670566748816 0.01
1115 0.08695052105894505 0.1996091234881043 0.01
1116 0.06092763991553324 0.1109348214096023 0.01
1117 0.03687927239092109 0.1112804270225506 0.01
1118 0.02914686221714519 0.09262524255943697 0.01
1119 0.1475783199126476 0.07941807015610444 0.01
1120 0.1027623964634015 0.02979407808995818 0.01
1121 0.07211762728828644 0.05111288229057215 0.01
1122 0.04990143289016111 0.04983463117488243 0.01
1123 0.04300972736770201 0.0671379135708233 0.01
1124 0.01409597949384211 0.04820075130148591 0.01
1125 0.02388304646575651 0.03962302387377287 0.01
1126 0.02022660537980267 0.02706319937213567 0.01
1127 0.0327670406356578 0.02943384180175376 0.01
1128 0.02873856305992981 0.02086677328437567 0.01
1129 0.04633628910625301 0.03196936387269608 0.01
1130 0.00758838917718016 0.008485737311482694 0.01
1131 0.00862896851827058 0.02564528305222818 0.01
1132 0.3336498683269641 0.2707567713677997 0.01
1133 0.01506353469963012 0.009909916009575137 0.01
1134 0.01588540555403858 0.01477739044854007 0.01
1135 0.195491708905257 0.04234109756400886 0.01
1136 0.1770347265634468 0.04989975013030104 0.01
1137 0.1357915941138828 0.04167047492904372 0.01
1138 0.005763878647604664 0.01421151616094535 0.01
1139 0.008851534648860654 0.01189745905582254 0.01
1140 0.0564997482076571 0.01924610834730042 0.01
1141 0.01889207164150189 0.1417422269132414 0.01
1142 0.03768901361314214 0.1523068550494789 0.01
1143 0.03004933019558281 0.05552861729866915 0.01
1144 0.1136680628482541 0.1580753170975374 0.01
1145 0.01868730564545715 0.1800912080229927 0.01
1146 0.1499109724496531 0.02204321859750705 0.01
1147 0.1589255911506591 0.04221657131585621 0.01
1148 0.1869611987534079 0.02204321859750716 0.01
1149 0.1216574840023993 0.08486722690533872 0.01
1150 0.06351273748720571 0.03419662492438005 0.01
1151 0.01956057394501173 0.2183362153233415 0.01
1152 0.03737416296208126 0.2092950249055665 0.01
1153 0.03750124990832121 0.2303862681710117 0.01
1154 0.2130171566190773 0.3388869583235113 0.01
1155 0.2107690844918336 0.1921766973166916 0.01
1156 0.259589696968004 0.1748204949044426 0.01
1157 0.01956057394501179 0.2374587189735161 0.01
1158 0.3642291276755847 0.1226409284629595 0.01
1159 0.020231493325575 0.2748073027849128 0.01
1160 0.2425648478684881 0.02114439112417657 0.01
1161 0.2791706419712602 0.02252152685885811 0.01
1162 0.2969006836537775 0.02437362444520777 0.01
1163 0.3065097044711443 0.0411187692378511 0.01
1164 0.3310996266363698 0.04127763155853487 0.01
1165 0.0186566405184225 0.1041390302796103 0.01
1166 0.02124387018429599 0.3336052546410229 0.01
1167 0.03942951237793091 0.3426324890494763 0.01
1168 0.01801636968401651 0.3724263400215927 0.01
1169 0.3430581189303004 0.06902640782898309 0.01
1170 0.02224390216059541 0.2935686151480391 0.01
1171 0.277251755703425 0.270976425887783 0.01
1172 0.07697629121108034 0.2211921641466313 0.01
1173 0.3611876845893147 0.049820303745227 0.01
1174 0.03647572206138541 0.2535966280974066 0.01
1175 0.01399044760557708 0.02043828158111582 0.01
1176 0.3341291799976976 0.01993227359759198 0.01
1177 0.3763662366220655 0.02514421074302298 0.01
1178 0.03646945515908084 0.04182008353236397 0.01
1179 0.2957613945853586 0.2186005172355237 0.01
1180 0.2239407138650545 0.02105516970572707 0.01
1181 0.09750667572008284 0.1763706452157651 0.01
1182 0.147267258383777 0.05924779309088687 0.01
1183 0.005137730188755185 0.008189446131671718 0.01
1184 0.03858014895968279 0.3037077301075261 0.01
1185 0.2521044253527229 0.13951192874946 0.01
1186 0.03529502719963398 0.1892674158084195 0.01
1187 0.01085376453284867 0.01566964447723027 0.01
1188 0.02839243897109395 0.01221475927709553 0.01
1189 0.116431842149638 0.01940931221510581 0.01
1190 0.169366757285733 0.06921729804866175 0.01
1191 0.3461732054044899 0.3435763373409194 0.01
1192 0.3342244316339104 0.09669639550651582 0.01
1193 0.3112423114522833 0.1700888112002338 0.01
1194 0.3499065287815056 0.1569260724582282 0.01
1195 0.03258922454168275 0.1319199239013754 0.01
1196 0.02132983554759979 0.0177573784915582 0.01
1197 0.08271259845404189 0.03405675381015302 0.01
1198 0.1078165717410344 0.2168794220424677 0.01
1199 0.06633729681945488 0.3764192102642261 0.01
1200 0.06290811150259418 0.3342038489857713 0.01
1201 0.04073831582486048 0.3222884753270834 0.01
1202 0.01618068407951806 0.08440835003343686 0.01
1203 0.2517990947849791 0.03758412563434682 0.01
1204 0.1751695599110117 0.3573626383403374 0.01
1205 0.08970560762102466 0.01928255254764299 0.01
1206 0.03209051098613808 0.1712727054572616 0.01
1207 0.01228492674793388 0.01221943721420513 0.01
1208 0.2154646066761265 0.03764214309657579 0.01
1209 0.05472206771307558 0.2211604884015173 0.01
1210 0.177492030312166 0.03497545936299237 0.01
1211 0.121207387259804 0.0325846179156539 0.01
1212 0.0172614746968289 0.3864589824531055 0.01
1213 0.2355165447230732 0.05289599183237784 0.01
1214 0.05289445370805571 0.357433137445696 0.01
1215 0.02802866217460001 0.07526914323972247 0.01
1216 0.2676141820571991 0.03694479533799824 0.01
1217 0.1875359967466677 0.08930167230719575 0.01
1218 0.001550729849969122 0 0.01060347035360305
1219 0.001543482728544961 0 0.01242090231150505
1220 0.0015 0 0.02275831689717715
1221 0.001502263782202466 0 0.01464903550503291
1222 0.0015 0 0.01809723220415954
1223 0.0007584549749948535 0 0.01055189842150772
1224 0.002309184824963975 0 0.01054957618436349
1225 0.001191409330664733 0 0.01125405156783875
1226 0.00197193784768175 0 0.01125797375385629
1227 0 0.003 0.01100033425175503
1228 0 0.002069632299517213 0.01414516769600286
1229 0 0.001244938716586202 0.01221169518444449
1230 0 0.00482740958610248 0.01222607530098432
1231 0 0.003097823032461376 0.01854360427340763
1232 0 0.004247330013397992 0.01410207854932785
1233 0 0.003 0.03844358199182191
1234 0 0.0018 0.01103923048454133
1235 0 0.0042 0.01103923048454133
1236 0 0.003055615802229126 0.01225197313594246
1237 0 0.003007129958634211 0.02245112209952631
1238 0 0.003 0.02929316764280363
1239 0 0.0033298049673739 0.01596454061177901
1240 0 0.0008489877433172403 0.01093221666289159
1241 0 0.005165481917220497 0.01093509268619955
1242 0.001449270150030878 0.006 0.01060347035360305
1243 0.001456517271455039 0.006 0.01242090231150505
1244 0.0015 0.006 0.02275831689717715
1245 0.001497736217797534 0.006 0.01464903550503291
1246 0.0015 0.006 0.01809723220415954
1247 0.002241545025005146 0.006 0.01055189842150772
1248 0.000690815175036025 0.006 0.01054957618436349
1249 0.001808590669335267 0.006 0.01125405156783875
1250 0.00102806215231825 0.006 0.01125797375385629
1251 0.003 0.003 0.01098477575864051
1252 0.003 0.003930367700482787 0.01414516769600286
1253 0.003 0.004755061283413798 0.01221169518444449
1254 0.003 0.00117259041389752 0.01222607530098432
1255 0.003 0.002902176967538624 0.01854360427340763
1256 0.003 0.001752669986602009 0.01410207854932785
1257 0.003 0.003 0.03844358199182192
1258 0.003 0.004200000000000001 0.01103923048454133
1259 0.003 0.0018 0.01103923048454133
1260 0.003 0.002944384197770874 0.01224975049406895
1261 0.003 0.00299287004136579 0.02245112209952631
1262 0.003 0.003 0.02929316764280363
1263 0.003 0.0026701950326261 0.01596454061177901
1264 0.003 0.0008345180827795031 0.01093509268619955
1265 0.003 0.00515101225668276 0.01093221666289159
1266 0.0015 0.003 0.4
1267 0.01973636596671464 0 0.2010779489362977
1268 0.2050031279359036 0 0.02592197066862692
1269 0.1307776915120887 0 0.02829246448181879
1270 0.01899965546149656 0 0.1251102225320419
1271 0.02131525585043344 0 0.2573390046528047
1272 0.2614458551208431 0 0.02638603467220933
1273 0.07548371761657013 0 0.02527111165124104
1274 0.3436447096246908 0 0.2004788667923742
1275 0.04167053384049586 0 0.02025095518702343
1276 0.3156651460609726 0 0.02701123796867333
1277 0.02073053322342778 0 0.313994659879587
1278 0.02076734703247558 0 0.01507959651036919
1279 0.0162881238474143 0 0.0685022417291081
1280 0.01092449128140349 0 0.03844358199182192
1281 0.1278772940481337 0 0.356420458885009
1282 0.01942763457562259 0 0.1628875188903876
1283 0.1690962741287273 0 0.02476460032371585
1284 0.01065333834035105 0 0.01285683572378767
1285 0.007036617753344051 0 0.02275831689717715
1286 0.3569900712420245 0 0.02850275891906517
1287 0.02304034271722716 0 0.3539318831232361
1288 0.3635059172950157 0 0.0832647013597211
1289 0.2809973200911459 0 0.3284321513990425
1290 0.005495552114054871 0 0.01464697789938301
1291 0.3379268081714938 0 0.1431463831928537
1292 0.2946276000628681 0 0.168004257347188
1293 0.2933377189664515 0 0.1193529505031395
1294 0.2538030078216095 0 0.1415683667259883
1295 0.2485110974889462 0 0.1894003776882121
1296 0.2096032847890441 0 0.1565158497069802
1297 0.2050073628956999 0 0.2055337404426309
1298 0.1712407367274088 0 0.1771405630016788
1299 0.1724392444378657 0 0.1399240865624342
1300 0.141866068823849 0 0.1547950664763704
1301 0.1326956693696257 0 0.1862668784380034
1302 0.1447468392913518 0 0.1215124570386429
1303 0.1170273465810817 0 0.1346349223440893
1304 0.1196767243493506 0 0.1022385585249721
1305 0.1715317218598599 0 0.1069198893626912
1306 0.09517198605216849 0 0.1176091432370729
1307 0.09142710971315174 0 0.1443681916660337
1308 0.09591408593310546 0 0.09221930303393858
1309 0.07534476128825725 0 0.1030036387059818
1310 0.07748956767377804 0 0.07960424105622087
1311 0.09621531846053391 0 0.06994178661553443
1312 0.05773900024382132 0 0.08881610983796955
1313 0.06057829193919884 0 0.06730071640267014
1314 0.258050205759748 0 0.09462825545144771
1315 0.05467299022178446 0 0.1112787711640332
1316 0.2930548090767327 0 0.07605417321882449
1317 0.03681669150619711 0 0.0943497708987278
1318 0.2429868765579487 0 0.2367315320034994
1319 0.1927069778265176 0 0.2509471640636504
1320 0.2227479144398144 0 0.1137285695526351
1321 0.2261183350344343 0 0.07825243350003756
1322 0.2521073877695996 0 0.06375457377299468
1323 0.2298463294323011 0 0.04844175310377084
1324 0.2008084933611527 0 0.06134176410814791
1325 0.07828166673695007 0 0.3570541577244402
1326 0.1058507209607874 0 0.3162819251721472
1327 0.1486240061987369 0 0.3120195114565132
1328 0.1247204961061316 0 0.2775311171548648
1329 0.08680180055042558 0 0.2793833059072049
1330 0.1033238482904041 0 0.2468629205403929
1331 0.0656865646055568 0 0.2499481808672724
1332 0.08326173080664992 0 0.2204564089023517
1333 0.05514290029404165 0 0.2221374602528246
1334 0.06930982844781554 0 0.1970126277832641
1335 0.06560722700156246 0 0.3136450074317866
1336 0.1426414076923054 0 0.2438007173847184
1337 0.05435103551496154 0 0.2814616826022356
1338 0.0995350304452613 0 0.1920608073721106
1339 0.004729693914973045 0 0.01192028830332268
1340 0.1474173928282461 0 0.09157520473508887
1341 0.1730214657491828 0 0.07762584975912358
1342 0.1493299503211912 0 0.06536266669116012
1343 0.1279367912226013 0 0.07540145348282618
1344 0.1302994185259581 0 0.05125735701527636
1345 0.1716044071265769 0 0.05248457987674122
1346 0.1491761833540401 0 0.04359960195234914
1347 0.112947562031549 0 0.03887737099324064
1348 0.07946817232822928 0 0.05926085478890488
1349 0.06303019577520999 0 0.04905089830047405
1350 0.04560505373138152 0 0.05546684644257672
1351 0.04322036778019442 0 0.07373863662493151
1352 0.0474151646085135 0 0.036060542651313
1353 0.03091436470611285 0 0.04409567466170728
1354 0.01646656552988869 0 0.05073634864085388
1355 0.05498814004668923 0 0.02175382610341144
1356 0.3352709089031576 0 0.2721161642677449
1357 0.008708108085576859 0 0.02931234120887313
1358 0.01737554606007557 0 0.03181084393277493
1359 0.006030248068429934 0 0.01810691348711512
1360 0.01064963786155332 0 0.01936426065637725
1361 0.279179950921627 0 0.04931159375831849
1362 0.02947772307770762 0 0.0175734593753809
1363 0.03305729651246225 0 0.02913385417087039
1364 0.01503187226127058 0 0.0138047166197134
1365 0.072141402447238 0 0.1271101789452992
1366 0.06579195027358989 0 0.1514618941457513
1367 0.05083950596926183 0 0.1328730251524804
1368 0.0422220590868391 0 0.1556103645327109
1369 0.3325427252111596 0 0.09348510589469189
1370 0.320769393074583 0 0.06310218664664174
1371 0.1114468741376856 0 0.1636129374743641
1372 0.03802657668365923 0 0.2424600893658439
1373 0.03164119599678674 0 0.2205387197295208
1374 0.0178114334894458 0 0.08658589326457987
1375 0.04318035928400721 0 0.1997906835122045
1376 0.03054683355958492 0 0.1818559598243061
1377 0.008725377376397139 0 0.01552212483948773
1378 0.05051596565710374 0 0.3422076934258028
1379 0.01935817120816121 0 0.1058082638267765
1380 0.09535009632391843 0 0.02757858518867789
1381 0.1981407650855333 0 0.09331955253083064
1382 0.01990624633862866 0 0.1443131946526019
1383 0.2249963932053896 0 0.3337632477636353
1384 0.3444649713098906 0 0.05422094209561509
1385 0.2228764350594174 0 0.02682067034141097
1386 0.1869906995130437 0 0.02532645297103654
1387 0.05279542145329667 0 0.1763184101413225
1388 0.1205738171814204 0 0.2171877036644503
1389 0.01584117185823778 0 0.01853804379241296
1390 0.02256515527885175 0 0.02305566113584302
1391 0.01389784620799004 0 0.02447241229302767
1392 0.2369862504710153 0 0.2867591667631265
1393 0.09754097225835842 0 0.04986840650656865
1394 0.03889867837374413 0 0.3015840063841185
1395 0.02584590969475275 0 0.2796273793228027
1396 0.2425365382090404 0 0.0260432185975071
1397 0.2795822425465469 0 0.02434816940560691
1398 0.03557919054578582 0 0.1173090124552156
1399 0.007468724013743331 0 0.01249103779433018
1400 0.08171770241180012 0 0.1708058114304744
1401 0.3351621039684283 0 0.02604321859750684
1402 0.2981118776646732 0 0.0260432185975067
1403 0.02210687071038318 0 0.3335875792555366
1404 0.2881785361731237 0 0.2180180885281252
1405 0.01860220665636959 0 0.2362765589659651
1406 0.04547083257137772 0 0.3649480473080651
1407 0.1619852164842761 0 0.2136784893491249
1408 0.376385040985534 0 0.04333883580759314
1409 0.1514039390431074 0 0.02561854296799777
1410 0.02145548231429571 0 0.3754386357625506
1411 0.1934395413773228 0 0.04130519334886326
1412 0.03016946076308774 0 0.06104906759173925
1413 0.08015502788421397 0 0.04087964669085257
1414 0.02052365220664951 0 0.04045898419526185
1415 0.3035349073694067 0 0.04768693264542419
1416 0.0181075792972014 0 0.2968411541190844
1417 0.1125541706010866 0 0.06112239599260719
1418 0.1608728251462256 0 0.2767376862273111
1419 0.2793007369990562 0 0.2675155635372747
1420 0.03350933148040239 0 0.1350431638650102
1421 0.03918623592127177 0 0.3225320587135172
1422 0.347066344288289 0 0.3441223993570579
1423 0.06421444918623936 0 0.03460320507945842
1424 0.1911733000083147 0 0.3013137699545381
1425 0.3667950901355339 0 0.1174199634585198
1426 0.2517990947849788 0 0.04276305402716442
1427 0.1129593684318705 0 0.02294968413274746
1428 0.1789372989543045 0 0.3510681407003093
1429 0.1946166600687555 0 0.1220488089023486
1430 0.3734323099668633 0 0.02372127122568722
1431 0.01486050803858734 0 0.1818565173791566
1432 0.01218027953956197 0 0.0160171963263558
1433 0.04104506846987275 0 0.2621672673621918
1434 0.1768531164668887 0 0.03671076681614833
1435 0.110384961107519 0 0.08138800134219686
1436 0.01477747877422591 0 0.2197169260893944
1437 0.02488720295283039 0 0.0337110036192915
1438 0.1636267840238681 0 0.03663561838739045
1439 0.3239193043566562 0 0.04361290359077224
1440 0.02847282959704597 0 0.07670802136300235
1441 0.03544484024926199 0 0.1686919667035125
1442 0.2103947854332195 0 0.04076627031416398
1443 0.2705980883819268 0 0.07093714905039634
1444 0.01973636596671465 0.006 0.2010779489362977
1445 0.2050031279359036 0.006 0.02592197066862691
1446 0.1307776915120887 0.006 0.02829246448181879
1447 0.01899965546149656 0.006 0.1251102225320419
1448 0.02131525585043346 0.006 0.2573390046528046
1449 0.2614458551208431 0.006 0.02638603467220933
1450 0.07548371761657013 0.006 0.02527111165124104
1451 0.3436447096246908 0.006 0.2004788667923742
1452 0.04167053384049586 0.006 0.02025095518702343
1453 0.3156651460609726 0.006 0.02701123796867333
1454 0.02073053322342776 0.006 0.313994659879587
1455 0.02076734703247558 0.006 0.01507959651036919
1456 0.0162881238474143 0.006 0.0685022417291081
1457 0.01092449128140349 0.006 0.03844358199182192
1458 0.1278772940481337 0.006 0.356420458885009
1459 0.01942763457562259 0.006 0.1628875188903876
1460 0.1690962741287273 0.006 0.02476460032371585
1461 0.01065333834035105 0.006 0.01285683572378767
1462 0.007036617753344051 0.006 0.02275831689717715
1463 0.3569900712420245 0.006 0.02850275891906517
1464 0.02304034271722711 0.006 0.3539318831232361
1465 0.3635059172950157 0.006 0.0832647013597211
1466 0.2809973200911459 0.006 0.3284321513990425
1467 0.005495552114054872 0.006 0.01464697789938301
1468 0.3379268081714938 0.006 0.1431463831928537
1469 0.2946276000628681 0.006 0.168004257347188
1470 0.2933377189664515 0.006 0.1193529505031395
1471 0.2538030078216095 0.006 0.1415683667259883
1472 0.2485110974889462 0.006 0.1894003776882121
1473 0.2096032847890441 0.006 0.1565158497069802
1474 0.2050073628956999 0.006 0.2055337404426309
1475 0.1712407367274088 0.006 0.1771405630016788
1476 0.1724392444378657 0.006 0.1399240865624342
1477 0.141866068823849 0.006 0.1547950664763704
1478 0.1326956693696257 0.006 0.1862668784380034
1479 0.1447468392913518 0.006 0.1215124570386429
1480 0.1170273465810817 0.006 0.1346349223440893
1481 0.1196767243493506 0.006 0.1022385585249721
1482 0.1715317218598599 0.006 0.1069198893626912
1483 0.09517198605216849 0.006 0.1176091432370729
1484 0.09142710971315174 0.006 0.1443681916660337
1485 0.09591408593310546 0.006 0.09221930303393858
1486 0.07534476128825725 0.006 0.1030036387059818
1487 0.07748956767377804 0.006 0.07960424105622087
1488 0.09621531846053391 0.006 0.06994178661553443
1489 0.05773900024382132 0.006 0.08881610983796955
1490 0.06057829193919884 0.006 0.06730071640267014
1491 0.258050205759748 0.006 0.09462825545144771
1492 0.05467299022178446 0.006 0.1112787711640332
1493 0.2930548090767327 0.006 0.07605417321882449
1494 0.03681669150619711 0.006 0.0943497708987278
1495 0.2429868765579487 0.006 0.2367315320034994
1496 0.1927069778265176 0.006 0.2509471640636504
1497 0.2227479144398144 0.006 0.1137285695526351
1498 0.2261183350344343 0.006 0.07825243350003756
1499 0.2521073877695996 0.006 0.06375457377299468
1500 0.2298463294323011 0.006 0.04844175310377084
1501 0.2008084933611527 0.006 0.06134176410814791
1502 0.07828166673695003 0.006 0.3570541577244402
1503 0.1058507209607874 0.006 0.3162819251721472
1504 0.1486240061987369 0.006 0.3120195114565132
1505 0.1247204961061316 0.006 0.2775311171548648
1506 0.08680180055042558 0.006 0.2793833059072049
1507 0.103323848290404 0.006 0.2468629205403929
1508 0.0656865646055568 0.006 0.2499481808672724
1509 0.08326173080664989 0.006 0.2204564089023517
1510 0.05514290029404168 0.006 0.2221374602528246
1511 0.06930982844781558 0.006 0.197012627783264
1512 0.06560722700156246 0.006 0.3136450074317866
1513 0.1426414076923054 0.006 0.2438007173847184
1514 0.05435103551496152 0.006 0.2814616826022356
1515 0.09953503044526127 0.006 0.1920608073721106
1516 0.004729693914973045 0.006 0.01192028830332268
1517 0.1474173928282461 0.006 0.09157520473508887
1518 0.1730214657491828 0.006 0.07762584975912358
1519 0.1493299503211912 0.006 0.06536266669116012
1520 0.1279367912226013 0.006 0.07540145348282618
1521 0.1302994185259581 0.006 0.05125735701527636
1522 0.1716044071265769 0.006 0.05248457987674122
1523 0.1491761833540401 0.006 0.04359960195234914
1524 0.112947562031549 0.006 0.03887737099324064
1525 0.07946817232822928 0.006 0.05926085478890488
1526 0.06303019577520999 0.006 0.04905089830047405
1527 0.04560505373138152 0.006 0.05546684644257672
1528 0.04322036778019442 0.006 0.07373863662493151
1529 0.0474151646085135 0.006 0.036060542651313
1530 0.03091436470611285 0.006 0.04409567466170728
1531 0.01646656552988869 0.006 0.05073634864085388
1532 0.05498814004668923 0.006 0.02175382610341144
1533 0.3352709089031576 0.006 0.2721161642677449
1534 0.008708108085576859 0.006 0.02931234120887313
1535 0.01737554606007557 0.006 0.03181084393277493
1536 0.006030248068429936 0.006 0.01810691348711512
1537 0.01064963786155332 0.006 0.01936426065637725
1538 0.279179950921627 0.006 0.04931159375831849
1539 0.02947772307770762 0.006 0.0175734593753809
1540 0.03305729651246225 0.006 0.02913385417087039
1541 0.01503187226127058 0.006 0.01380471661971339
1542 0.072141402447238 0.006 0.1271101789452992
1543 0.06579195027358992 0.006 0.1514618941457512
1544 0.05083950596926184 0.006 0.1328730251524804
1545 0.04222205908683911 0.006 0.1556103645327109
1546 0.3325427252111596 0.006 0.09348510589469189
1547 0.320769393074583 0.006 0.06310218664664174
1548 0.1114468741376856 0.006 0.1636129374743641
1549 0.03802657668365928 0.006 0.2424600893658439
1550 0.03164119599678679 0.006 0.2205387197295208
1551 0.0178114334894458 0.006 0.08658589326457987
1552 0.04318035928400725 0.006 0.1997906835122044
1553 0.03054683355958494 0.006 0.181855959824306
1554 0.008725377376397142 0.006 0.01552212483948773
1555 0.05051596565710367 0.006 0.3422076934258028
1556 0.01935817120816121 0.006 0.1058082638267765
1557 0.09535009632391843 0.006 0.02757858518867789
1558 0.1981407650855333 0.006 0.09331955253083064
1559 0.01990624633862866 0.006 0.1443131946526019
1560 0.2249963932053896 0.006 0.3337632477636353
1561 0.3444649713098906 0.006 0.05422094209561509
1562 0.2228764350594175 0.006 0.02682067034141097
1563 0.1869906995130437 0.006 0.02532645297103654
1564 0.0527954214532968 0.006 0.1763184101413223
1565 0.1205738171814204 0.006 0.2171877036644503
1566 0.01584117185823779 0.006 0.01853804379241295
1567 0.02256515527885175 0.006 0.02305566113584302
1568 0.01389784620799005 0.006 0.02447241229302767
1569 0.2369862504710153 0.006 0.2867591667631265
1570 0.09754097225835842 0.006 0.04986840650656865
1571 0.03889867837374412 0.006 0.3015840063841185
1572 0.02584590969475275 0.006 0.2796273793228027
1573 0.2425365382090404 0.006 0.0260432185975071
1574 0.2795822425465469 0.006 0.02434816940560691
1575 0.03557919054578582 0.006 0.1173090124552156
1576 0.007468724013743331 0.006 0.01249103779433018
1577 0.08171770241180015 0.006 0.1708058114304743
1578 0.3351621039684283 0.006 0.02604321859750684
1579 0.2981118776646732 0.006 0.0260432185975067
1580 0.02210687071038317 0.006 0.3335875792555365
1581 0.2881785361731237 0.006 0.2180180885281252
1582 0.01860220665636962 0.006 0.2362765589659651
1583 0.0454708325713777 0.006 0.3649480473080651
1584 0.1619852164842761 0.006 0.2136784893491249
1585 0.376385040985534 0.006 0.04333883580759314
1586 0.1514039390431074 0.006 0.02561854296799777
1587 0.02145548231429572 0.006 0.3754386357625506
1588 0.1934395413773228 0.006 0.04130519334886326
1589 0.03016946076308774 0.006 0.06104906759173925
1590 0.08015502788421397 0.006 0.04087964669085257
1591 0.02052365220664951 0.006 0.04045898419526185
1592 0.3035349073694067 0.006 0.04768693264542419
1593 0.01810757929720137 0.006 0.2968411541190844
1594 0.1125541706010866 0.006 0.06112239599260719
1595 0.1608728251462256 0.006 0.2767376862273111
1596 0.2793007369990562 0.006 0.2675155635372747
1597 0.0335093314804024 0.006 0.1350431638650101
1598 0.03918623592127175 0.006 0.3225320587135172
1599 0.347066344288289 0.006 0.3441223993570579
1600 0.06421444918623936 0.006 0.03460320507945842
1601 0.1911733000083147 0.006 0.3013137699545381
1602 0.3667950901355339 0.006 0.1174199634585198
1603 0.2517990947849788 0.006 0.04276305402716442
1604 0.1129593684318705 0.006 0.02294968413274746
1605 0.1789372989543045 0.006 0.3510681407003093
1606 0.1946166600687555 0.006 0.1220488089023486
1607 0.3734323099668633 0.006 0.02372127122568722
1608 0.01486050803858727 0.006 0.1818565173791567
1609 0.01218027953956198 0.006 0.0160171963263558
1610 0.04104506846987277 0.006 0.2621672673621919
1611 0.1768531164668887 0.006 0.03671076681614833
1612 0.110384961107519 0.006 0.08138800134219686
1613 0.01477747877422596 0.006 0.2197169260893944
1614 0.02488720295283039 0.006 0.0337110036192915
1615 0.1636267840238681 0.006 0.03663561838739045
1616 0.3239193043566562 0.006 0.04361290359077224
1617 0.02847282959704597 0.006 0.07670802136300235
1618 0.03544484024926202 0.006 0.1686919667035124
1619 0.2103947854332195 0.006 0.04076627031416398
1620 0.2705980883819268 0.006 0.07093714905039634
1621 0 0.1968779266242074 0.0271842980751907
1622 0 0.02228574278578077 0.2003223696135329
1623 0 0.1196005986218461 0.02791113335914502
1624 0 0.02228422251477152 0.1438057291776812
1625 0 0.02102121145019276 0.2543514876718848
1626 0 0.2565812226236883 0.02701639696566912
1627 0 0.02037407597066254 0.08631752868820541
1628 0 0.01814867394218433 0.04876322788046341
1629 0 0.1986283666701733 0.3428918237193835
1630 0 0.3139487335742129 0.02709397431963682
1631 0 0.02477841167823863 0.3140257049718477
1632 0 0.01141428950491324 0.02869997144447816
1633 0 0.06540471587541169 0.02489907036683194
1634 0 0.1609687043728139 0.02613059780834819
1635 0 0.03503016397456066 0.01812754529023351
1636 0 0.3574056950968371 0.1323868719112002
1637 0 0.008712188665309761 0.0179256541497821
1638 0 0.01896342500171438 0.0141152737725731
1639 0 0.02590077403608648 0.355566609465817
1640 0 0.0785622758725798 0.3686935881948777
1641 0 0.3540438586705301 0.02978059706065023
1642 0 0.007424917789784768 0.0123864430489613
1643 0 0.3278239997859214 0.2817742130847161
1644 0 0.01083013359514851 0.01208377633950205
1645 0 0.04083300870847639 0.3760333622256246
1646 0 0.1408390266145486 0.3366541016426346
1647 0 0.1662382165424041 0.2931415183276072
1648 0 0.1171743640403433 0.2910091849866056
1649 0 0.1401758848073141 0.2514948221395867
1650 0 0.1883088613375177 0.2470667406093546
1651 0 0.1559739197225447 0.2073293741536322
1652 0 0.2049380034608234 0.2036084314473877
1653 0 0.1771018885512852 0.1691877511075769
1654 0 0.1398813318881368 0.1697096095366256
1655 0 0.1567454679043651 0.1380805905806934
1656 0 0.1885132836675602 0.1320266441212525
1657 0 0.1217573253724272 0.1414974681078438
1658 0 0.1371989885751228 0.1136792622653617
1659 0 0.1074409501244137 0.1163509783795723
1660 0 0.1060903621054673 0.1669247439224884
1661 0 0.1195796469014139 0.09044401647805213
1662 0 0.09335214247090057 0.09297110712310655
1663 0 0.1465956644857366 0.0876168863412335
1664 0 0.08071111472443215 0.1163616214570737
1665 0 0.1044129937935863 0.07058148543293083
1666 0 0.08108625077179887 0.07286839663397811
1667 0 0.09710791017489739 0.2525620918085835
1668 0 0.09137111713589074 0.05293724486014687
1669 0 0.07494493410931019 0.2881648198467121
1670 0 0.2357674857256459 0.24218944598719
1671 0 0.2509331658366971 0.1932622442177834
1672 0 0.07147179139766546 0.05531150811138918
1673 0 0.05953800204906656 0.0744175840518803
1674 0 0.05243803753147697 0.05428503611085308
1675 0 0.1134410599135995 0.2191650949602792
1676 0 0.07755679363297285 0.221640713046265
1677 0 0.05966488403909476 0.249984085301544
1678 0 0.04850565937289686 0.2221972501115405
1679 0 0.05835067622600121 0.2018771975417866
1680 0 0.05517776364014049 0.3459113348962151
1681 0 0.1127450729217936 0.04921138956157702
1682 0 0.3580163785274094 0.08368270601632244
1683 0 0.3178339700976909 0.1106319170695573
1684 0 0.3132948147101323 0.1520460773757298
1685 0 0.279061798740781 0.1289423031480994
1686 0 0.2798965369055141 0.08713891538795401
1687 0 0.24812329176501 0.1070165934451807
1688 0 0.2473490799507778 0.0749873989168031
1689 0 0.220986222547871 0.08820793373210789
1690 0 0.2231612197568941 0.06190699610435635
1691 0 0.1976659841948449 0.07243460238142076
1692 0 0.3159530431962697 0.0689490716601785
1693 0 0.2848933595130658 0.0539439704503069
1694 0 0.09058691372040423 0.3264941133228139
1695 0 0.09879331330797464 0.03461960000385148
1696 0 0.1336793373281891 0.04518075081906715
1697 0 0.2467177510263126 0.1455010511054164
1698 0 0.09250548307275264 0.1400004572644989
1699 0 0.06591801413896314 0.1368453631013077
1700 0 0.05685227331074527 0.1145324307277574
1701 0 0.07682443113605186 0.1613461306775403
1702 0 0.05293014152387765 0.1554526275633125
1703 0 0.04130881896952787 0.1346026584627178
1704 0 0.0365662115066317 0.112334075659069
1705 0 0.04897290638584223 0.09441022117055677
1706 0 0.2710805266010047 0.3342910023022174
1707 0 0.04820075130148072 0.02109597949384133
1708 0 0.03956122806308859 0.03099039530110345
1709 0 0.02680442139681588 0.02785919730243171
1710 0 0.03014054105796216 0.04123109764883576
1711 0 0.03772998762470903 0.07575034153786434
1712 0 0.02564528305222596 0.01562896851826587
1713 0 0.01418121459948385 0.01294641040859726
1714 0 0.01550112390837854 0.01786250557933564
1715 0 0.1283432591953817 0.06762694354521469
1716 0 0.1540246713312932 0.06002526809215676
1717 0 0.01264373184381479 0.03685892607234074
1718 0 0.009967069058407385 0.02264455575861617
1719 0 0.008038325119580414 0.01467646377212882
1720 0 0.04645489261708374 0.2754653947423728
1721 0 0.07008544828546437 0.09426022686072545
1722 0 0.1658683995248172 0.1083450118301281
1723 0 0.02001222365570104 0.06732574796772882
1724 0 0.1716847788926162 0.0805281190559642
1725 0 0.04707229464318374 0.3025132674370499
1726 0 0.01089452003892738 0.01542751018755718
1727 0 0.1415580823859756 0.02684629033306927
1728 0 0.02163841711452286 0.1628687203530647
1729 0 0.1797196839448742 0.05729131105181302
1730 0 0.08752435651003776 0.1911645874227407
1731 0 0.05352694066495822 0.03573253085367634
1732 0 0.01491562000454777 0.02341221396877936
1733 0 0.02456479432126274 0.2209895445307633
1734 0 0.2162470194443862 0.02740531357395318
1735 0 0.1793589336041869 0.02602189587874641
1736 0 0.02240767146081246 0.1817695265805374
1737 0 0.3338271423113015 0.2263319261787112
1738 0 0.287468421293577 0.2380403294801767
1739 0 0.3431623729233739 0.0535041003966986
1740 0 0.2039152058418184 0.04691738880978592
1741 0 0.2374587189735134 0.02656057394501208
1742 0 0.246441384997031 0.04832418693774035
1743 0 0.03421463376425143 0.2392025734468332
1744 0 0.03309805918249142 0.05562941676203163
1745 0 0.08096320797391326 0.03611410687407918
1746 0 0.02907515728447368 0.2915717131168505
1747 0 0.2756417898428823 0.02846897677609377
1748 0 0.2947539707545604 0.02926701406682058
1749 0 0.03964473794883372 0.1902984374132888
1750 0 0.02201571132379765 0.1251849050852432
1751 0 0.02123339258226181 0.372091397722132
1752 0 0.02047381964802947 0.02141362735866867
1753 0 0.3330712372243878 0.02656057394501212
1754 0 0.02242763457562202 0.3336085052893082
1755 0 0.216439710445137 0.2874573466637764
1756 0 0.3653077709292102 0.05114456206097066
1757 0 0.1942164890246127 0.09936492229825505
1758 0 0.2185630497578606 0.1220732937775582
1759 0 0.03843974684283313 0.1706120666664528
1760 0 0.1517874003923734 0.04080238687038398
1761 0 0.3753741792272126 0.02819825827093093
1762 0 0.01792923636303689 0.0296177584727991
1763 0 0.3055223474319603 0.04529166809931697
1764 0 0.2128212605157968 0.160322617963137
1765 0 0.04175296129999551 0.04357369533530005
1766 0 0.04300317417229949 0.3235573556988026
1767 0 0.01963749392195036 0.1059805234240806
1768 0 0.008584069809617012 0.01140793100508094
1769 0 0.2663520759582702 0.2790284916450277
1770 0 0.0237212946519848 0.2732488817382416
1771 0 0.05888919644889007 0.1776578441773364
1772 0 0.3001558555202564 0.1959295506564004
1773 0 0.2660114538107619 0.04416155395889908
1774 0 0.1686160889041063 0.04183664591852232
1775 0 0.3436793746191044 0.3472257793010871
1776 0 0.1144455503708379 0.3663683606320652
1777 0 0.2780326771668359 0.1631362453006859
1778 0 0.3522043480433182 0.1804617972685542
1779 0 0.04055171980632039 0.2569451254320215
1780 0 0.3235099853993004 0.04334753517291079
1781 0 0.02125421549608519 0.03851634165266088
1782 0 0.08447868977211437 0.02154333281526068
1783 0 0.2254447098027287 0.04222289187416958
1784 0 0.06382366924918764 0.3194831762775138
1785 0 0.1205822060279572 0.1908586819991532
1786 0 0.01836012790714137 0.2384141262680817
1787 0 0.03223979886112854 0.09727193644697098
1788 0 0.007203051381181436 0.01120100462810347
1789 0 0.009154393270611627 0.01319642487064606
1790 0 0.06671981998940585 0.04057651384716585
1791 0 0.03532026939310662 0.1534683604446458
1792 0 0.02042103625200259 0.3858311522917975
1793 0 0.03867032213095511 0.2071369598421824
1794 0 0.01199810433511417 0.01945448792881409
1795 0 0.2649183630354301 0.06171120513034068
1796 0 0.1036011934222892 0.02000039255290007
1797 0 0.1856975677838386 0.03985030794681167
1798 0.003 0.1989665699103925 0.02753364755745898
1799 0.003 0.02242763457562254 0.2008255158679256
1800 0.003 0.125262668558649 0.02654052099488454
1801 0.003 0.02399254631450277 0.145135335717811
1802 0.003 0.0230003602405394 0.2586843716245802
1803 0.003 0.2568706401244288 0.02620286204718163
1804 0.003 0.02162656024818874 0.08598918109508026
1805 0.003 0.01697612402178938 0.05113329084439844
1806 0.003 0.1987918707662217 0.3429524295967293
1807 0.003 0.3139487335742144 0.02656057394501183
1808 0.003 0.02324226662325039 0.313951037044369
1809 0.003 0.0116593467556522 0.02929316764280363
1810 0.003 0.06263852173361736 0.02545822599759506
1811 0.003 0.0342002007062714 0.0185407229736525
1812 0.003 0.357680896040754 0.1302962615194276
1813 0.003 0.008880249447662806 0.01809723220415953
1814 0.003 0.1602733264741397 0.02671980214494944
1815 0.003 0.01896342500171428 0.01411527377257351
1816 0.003 0.3521937408745635 0.02755811676722439
1817 0.003 0.02405588108631296 0.3552426065764128
1818 0.003 0.08005077028235574 0.3630270763858399
1819 0.003 0.3303995703696734 0.2806350202346281
1820 0.003 0.01047478568012367 0.01255976498312324
1821 0.003 0.008449166698389556 0.01471075850891113
1822 0.003 0.1409005830700681 0.3372037061235249
1823 0.003 0.1659411839314133 0.2934587884457165
1824 0.003 0.1168987750893414 0.2922320405847543
1825 0.003 0.1392413577635816 0.2523024660013958
1826 0.003 0.1873761826551306 0.2469252323214465
1827 0.003 0.1542830075270314 0.207921888804717
1828 0.003 0.2047929188938895 0.2039313685220067
1829 0.003 0.1767009581246513 0.1703082850936491
1830 0.003 0.1379372198479885 0.1708786187624563
1831 0.003 0.1531943324968753 0.1400799108948758
1832 0.003 0.186530494325191 0.1358729777648778
1833 0.003 0.1190490516341408 0.142982976443824
1834 0.003 0.132847709205169 0.1149756526873931
1835 0.003 0.1041690017981568 0.1182246369833102
1836 0.003 0.103917933382493 0.1686239395962169
1837 0.003 0.1166963115166068 0.09272966091887018
1838 0.003 0.08961892512541338 0.09566615082566826
1839 0.003 0.1444005530992178 0.08825228313322563
1840 0.003 0.07682558743199011 0.1190095962767424
1841 0.003 0.1014565960970622 0.07297169319935112
1842 0.003 0.07718527698842562 0.07534085366625899
1843 0.003 0.09621613285280996 0.2541924511499102
1844 0.003 0.08702754557052553 0.05587066982925005
1845 0.003 0.06577173399391145 0.05829382157556857
1846 0.003 0.07315014764965726 0.290583790690881
1847 0.003 0.05567790087644919 0.07634297766927231
1848 0.003 0.2349692420783926 0.241200531339246
1849 0.003 0.2522909906276021 0.1983121824415033
1850 0.003 0.04761414509224852 0.05876334823869469
1851 0.003 0.1075822487052188 0.05064425618884797
1852 0.003 0.111976950300392 0.2205329071472854
1853 0.003 0.0761162716633928 0.2236613425771045
1854 0.003 0.06245668703392817 0.2530484163741736
1855 0.003 0.04481177791579641 0.2231940141441922
1856 0.003 0.05613663413277008 0.1991789878415879
1857 0.003 0.09163039555394344 0.03951211887715324
1858 0.003 0.3610071247518029 0.08559137809697225
1859 0.003 0.3208755672308798 0.1040335044135932
1860 0.003 0.3122814356981183 0.1463426562360672
1861 0.003 0.2813912430222779 0.1168743341874849
1862 0.003 0.2898944963688213 0.07486596367624464
1863 0.003 0.2532396262206192 0.09147528032491592
1864 0.003 0.2438295095587603 0.126786517699822
1865 0.003 0.3291517338927226 0.0632920976883414
1866 0.003 0.2215586767723636 0.09966291529978467
1867 0.003 0.2310953602833582 0.06663896469452835
1868 0.003 0.2004369112330154 0.07727203876195586
1869 0.003 0.2626343540143982 0.0605931348384448
1870 0.003 0.2822647937965047 0.04557202407501502
1871 0.003 0.007724715049308462 0.01201119707593753
1872 0.003 0.2214720119890528 0.1598579877891196
1873 0.003 0.08972592275005671 0.1421065821029708
1874 0.003 0.06332583450752631 0.1394890094371075
1875 0.003 0.05394079857964795 0.1172752906652109
1876 0.003 0.07529890266919675 0.1638844330392255
1877 0.003 0.04778650729057505 0.158203933874166
1878 0.003 0.04218137120871952 0.2758684982851107
1879 0.003 0.349623646938009 0.1820014253168498
1880 0.003 0.2713884731252023 0.3329144336641723
1881 0.003 0.04586423836955574 0.01952077325579436
1882 0.003 0.03839196365457119 0.03019582169247931
1883 0.003 0.02666017389984279 0.0275276443795021
1884 0.003 0.03085616184610782 0.03919085741061884
1885 0.003 0.05629560815898984 0.0429674016523581
1886 0.003 0.02447072480021441 0.01483656635012837
1887 0.003 0.01378945584840791 0.03860322556565607
1888 0.003 0.0100683478922723 0.02280310739173794
1889 0.003 0.01376300722819878 0.01968502575288283
1890 0.003 0.02044241056602423 0.0197423054224287
1891 0.003 0.2068479421221549 0.05144271224237996
1892 0.003 0.1817894563446211 0.06037170624948577
1893 0.003 0.2284989425010808 0.0424694444984669
1894 0.003 0.1724214171222323 0.08355657803569225
1895 0.003 0.155778629713932 0.06482683381715695
1896 0.003 0.1270801531302571 0.06540526000377912
1897 0.003 0.1420546457087197 0.0432742297391152
1898 0.003 0.01985839024111781 0.06721081550638555
1899 0.003 0.1631877727518449 0.1111678382198466
1900 0.003 0.09060157274434243 0.3316525040670387
1901 0.003 0.05978776986418931 0.3195489133205368
1902 0.003 0.0359965564391163 0.07280680984472267
1903 0.003 0.04002714639631878 0.09548840402264884
1904 0.003 0.06419776014184121 0.09666874285467721
1905 0.003 0.03421359062388516 0.1156790971364463
1906 0.003 0.04139483200476404 0.1343943674593879
1907 0.003 0.02650117074907215 0.1652393760966823
1908 0.003 0.01384114021303773 0.01266307530545304
1909 0.003 0.04272216685195755 0.1795475155857311
1910 0.003 0.08637095659042528 0.1926374781264027
1911 0.003 0.1790934601364303 0.02701115355917897
1912 0.003 0.1934502869188807 0.1059979002997481
1913 0.003 0.02375990959124245 0.2178506742731073
1914 0.003 0.2183362153233417 0.02656057394501196
1915 0.003 0.2857448500233897 0.235783911002203
1916 0.003 0.05064479419880068 0.3434836294236464
1917 0.003 0.02383055072451971 0.2375840163037757
1918 0.003 0.01155485599311096 0.01563690190314813
1919 0.003 0.2682114959893224 0.1562976309977109
1920 0.003 0.2752519318069135 0.02688118113247872
1921 0.003 0.01992187320497622 0.2767252795734929
1922 0.003 0.29965469735425 0.1902498188764343
1923 0.003 0.1422566084373593 0.02330691057578984
1924 0.003 0.07426142914253317 0.04120690012907011
1925 0.003 0.2942509001291397 0.02681900841170316
1926 0.003 0.3330712372243889 0.02695225082483009
1927 0.003 0.02242763457562218 0.2956705083117707
1928 0.003 0.02242763457562208 0.3336085052893082
1929 0.003 0.2162949466025112 0.2867614270943725
1930 0.003 0.03074208477243102 0.05384260638379466
1931 0.003 0.02191706333361016 0.1827408527112055
1932 0.003 0.03939861795842265 0.3771817942814645
1933 0.003 0.3760968704372816 0.02813528362175272
1934 0.003 0.3601803265009743 0.05165675161611011
1935 0.003 0.01712088772907748 0.02532880520139704
1936 0.003 0.2378966186164861 0.0262236607454962
1937 0.003 0.16616825838354 0.04534596002583445
1938 0.003 0.08220476984421136 0.02513916284249567
1939 0.003 0.1880813769559104 0.04217701463905908
1940 0.003 0.04408329827478066 0.301614291215387
1941 0.003 0.123223494987493 0.04377468567998616
1942 0.003 0.02037357598931133 0.03361849918020717
1943 0.003 0.2652260901321761 0.2783830917766427
1944 0.003 0.02083465430840133 0.1032332393162751
1945 0.003 0.1053008520705865 0.02937296351190965
1946 0.003 0.0207252192608923 0.1278981917335458
1947 0.003 0.03620754093024278 0.2065002457493412
1948 0.003 0.3330845529370644 0.2257595075334238
1949 0.003 0.05103322119579186 0.03036910417483099
1950 0.003 0.3442560780406944 0.3467226270034605
1951 0.003 0.1147584923486847 0.3663766573152807
1952 0.003 0.04227427034569029 0.04354656269737162
1953 0.003 0.03941125659954002 0.248248012089848
1954 0.003 0.2154009050681897 0.1274275777886124
1955 0.003 0.265437592063262 0.04103736279010926
1956 0.003 0.01571296780041719 0.01636851643129724
1957 0.003 0.02038666756082257 0.3724724130361788
1958 0.003 0.118897213529666 0.1921189664874157
1959 0.003 0.02707936175102452 0.02047764313698252
1960 0.003 0.3246383350979857 0.04037479888241935
1961 0.003 0.06147057526862781 0.1792033007578116
1962 0.003 0.305691498809898 0.04624741111312257
1963 0.003 0.02254748049560949 0.04327769587693504
1964 0.003 0.3406429073842266 0.04231023100733219
1965 0.003 0.2487564758030331 0.04210908398231673
1966 0.003 0.04003715270732863 0.3224412752586495
1967 0.003 0.03462349024666368 0.1922926295248732
1968 0.06111404217310334 0.4 0.1978882168020464
1969 0.324700848859253 0.4 0.2019641924608459
1970 0.200651261777255 0.4 0.06876556166917186
1971 0.07631704109792176 0.4 0.04318689269605482
1972 0.2041560632480486 0.4 0.3209812438396671
1973 0.04858834687434094 0.4 0.1328588202632378
1974 0.1122837841000218 0.4 0.1504987713778328
1975 0.1297769612184974 0.4 0.2187004540541181
1976 0.1804772643617173 0.4 0.1739084389353985
1977 0.04314119253250415 0.4 0.0792514657217257
1978 0.03445385649704047 0.4 0.03577219855065841
1979 0.1416866015856202 0.4 0.07268765628628915
1980 0.1987501566069605 0.4 0.2408893324097915
1981 0.2785952386707118 0.4 0.07916428340628617
1982 0.07647583924554963 0.4 0.2755267351670486
1983 0.2468381905807776 0.4 0.1912173405491035
1984 0.2702771248639095 0.4 0.259632151842592
1985 0.08730931454685403 0.4 0.08926448796891343
1986 0.1231296034233038 0.4 0.3359659271639318
1987 0.337145495453288 0.4 0.124338198885657
1988 0.2829008345330841 0.4 0.3348490366644807
1989 0.3368485005847034 0.4 0.2843418120053512
1990 0.2254489212012558 0.4 0.1286649065817245
1991 0.1659522547481621 0.4 0.116351830324168
1992 0.149771123423232 0.4 0.2785947537988258
1993 0.3469608453142282 0.4 0.06230049645838866
1994 0.06227471006177709 0.4 0.3405884636230527
1995 0.3480698670235576 0.4 0.3482381697339664
1996 0.2825457389530572 0.4 0.1450697843767234
1997 0.1127697816450191 0.4 0.04502780739025149
1998 0.1255930001312535 0.4 0.1083247431950097
1999 0.4 0.06525079257609355 0.202792559406547
2000 0.4 0.3346633640701389 0.2071187361058332
2001 0.4 0.1898726362196393 0.07295135826923538
2002 0.4 0.2058311394453848 0.3337773468993086
2003 0.4 0.07885594096129248 0.04713757080220426
2004 0.4 0.06671960214228635 0.1325313472479592
2005 0.4 0.125112070995628 0.1707665228195764
2006 0.4 0.1251753352785328 0.2444840774511232
2007 0.4 0.1915799974922932 0.202647318485276
2008 0.4 0.1275747644874169 0.1084008417272225
2009 0.4 0.04728403859086668 0.08014078792648489
2010 0.4 0.2759187732795246 0.06969590565535072
2011 0.4 0.232070571299073 0.1315703989142196
2012 0.4 0.1240262874017047 0.05217632795820579
2013 0.4 0.2829453009855707 0.3233166760729356
2014 0.4 0.1261354917339214 0.3268506199103257
2015 0.4 0.3266058929055294 0.1296578862981203
2016 0.4 0.2357555931599374 0.2619722257763291
2017 0.4 0.3419721064163759 0.2801623288528952
2018 0.4 0.0651354751675549 0.2796052362000991
2019 0.4 0.04059266500143565 0.04441831648157603
2020 0.4 0.08553602344018564 0.09022809030772772
2021 0.4 0.1732420080988101 0.137267288043106
2022 0.4 0.2653026366811682 0.1961339938924867
2023 0.4 0.1795321925721875 0.2736292192363959
2024 0.4 0.3421805752162636 0.3423916580389946
2025 0.4 0.3426423735278329 0.06665367674864915
2026 0.4 0.06355346561731816 0.3421364319307238
2027 0.4 0.2921278002626382 0.2537407921400959
2028 0.06301810260196636 0.2011903615158254 0.4
2029 0.3349549499317904 0.2059043411292554 0.4
2030 0.1886590663751921 0.06965978536093548 0.4
2031 0.2043852399911236 0.3333249847496758 0.4
2032 0.07647183154449719 0.04351107775024557 0.4
2033 0.06423566219434806 0.1295933827168756 0.4
2034 0.1234619659296834 0.1686541344978172 0.4
2035 0.1234173837388582 0.2432126644455168 0.4
2036 0.1902956752137407 0.2008100189062058 0.4
2037 0.1258114490416657 0.1054808075669722 0.4
2038 0.04470272593163002 0.07685225613908711 0.4
2039 0.2751547673436459 0.06631970534911391 0.4
2040 0.2312254445478177 0.128750393363683 0.4
2041 0.1221191414657772 0.04861347031463945 0.4
2042 0.1241367803212691 0.3263086530701867 0.4
2043 0.2819938016091365 0.3226201045353216 0.4
2044 0.3237961091108394 0.127986249071282 0.4
2045 0.2345695294982417 0.2606000654940087 0.4
2046 0.3416005866033398 0.2790619508995683 0.4
2047 0.06277101728544998 0.2786994196222563 0.4
2048 0.0379655935957606 0.04083491305905623 0.4
2049 0.08354326825517412 0.08707262274363373 0.4
2050 0.1718907202216199 0.1346710279391227 0.4
2051 0.2633174130086187 0.1939095126791482 0.4
2052 0.1780615631309972 0.2727457549425872 0.4
2053 0.3420964176156553 0.06330805337006484 0.4
2054 0.3417744006021809 0.3419333427387458 0.4
2055 0.06098377053613346 0.3417139575186887 0.4
2056 0.2912872561302254 0.2524191949474605 0.4
2057 0.002399999999999999 0.001199999999999999 0.001111111111111111
2058 0.0024 0.0024 0.00111111111111111
2059 0.002400000000000001 0.003600000000000001 0.00111111111111111
2060 0.002399999999999999 0.0048 0.001111111111111111
2061 0.0018 0.0012 0.00111111111111111
2062 0.0018 0.0024 0.00111111111111111
2063 0.0018 0.003599999999999999 0.00111111111111111
2064 0.0018 0.0048 0.001111111111111111
2065 0.0012 0.0012 0.001111111111111111
2066 0.001200000000000001 0.0024 0.00111111111111111
2067 0.0012 0.003600000000000002 0.00111111111111111
2068 0.0012 0.0048 0.001111111111111111
2069 0.0005999999999999997 0.0012 0.001111111111111111
2070 0.0005999999999999998 0.002399999999999998 0.00111111111111111
2071 0.0005999999999999999 0.0036 0.00111111111111111
2072 0.0005999999999999997 0.0048 0.00111111111111111
2073 0.002399999999999999 0.001199999999999999 0.002222222222222222
2074 0.0024 0.002399999999999999 0.002222222222222222
2075 0.0024 0.003600000000000001 0.002222222222222222
2076 0.002399999999999999 0.0048 0.002222222222222222
2077 0.001800000000000001 0.0012 0.002222222222222222
2078 0.0018 0.002399999999999999 0.002222222222222222
2079 0.0018 0.003599999999999999 0.002222222222222222
2080 0.0018 0.0048 0.002222222222222222
2081 0.0012 0.001199999999999999 0.002222222222222222
2082 0.0012 0.0024 0.002222222222222222
2083 0.0012 0.003600000000000001 0.002222222222222222
2084 0.0012 0.0048 0.002222222222222222
2085 0.0005999999999999998 0.001199999999999999 0.002222222222222222
2086 0.0005999999999999999 0.002399999999999998 0.002222222222222222
2087 0.0005999999999999996 0.003600000000000002 0.002222222222222222
2088 0.0005999999999999994 0.0048 0.002222222222222222
2089 0.002399999999999999 0.001199999999999999 0.003333333333333332
2090 0.0024 0.002399999999999999 0.003333333333333334
2091 0.0024 0.003600000000000001 0.003333333333333331
2092 0.002399999999999999 0.0048 0.003333333333333332
2093 0.001800000000000001 0.0012 0.003333333333333334
2094 0.0018 0.002399999999999999 0.003333333333333334
2095 0.0018 0.003599999999999999 0.003333333333333333
2096 0.0018 0.0048 0.003333333333333335
2097 0.0012 0.001199999999999999 0.003333333333333332
2098 0.0012 0.0024 0.003333333333333332
2099 0.0012 0.003600000000000002 0.003333333333333332
2100 0.0012 0.0048 0.003333333333333332
2101 0.0005999999999999998 0.001199999999999999 0.003333333333333332
2102 0.0005999999999999997 0.002399999999999998 0.003333333333333334
2103 0.0005999999999999999 0.003600000000000001 0.003333333333333331
2104 0.0005999999999999997 0.0048 0.003333333333333332
2105 0.002399999999999999 0.001199999999999999 0.004444444444444444
2106 0.0024 0.002399999999999998 0.004444444444444444
2107 0.0024 0.003600000000000002 0.004444444444444444
2108 0.002399999999999999 0.0048 0.004444444444444444
2109 0.001800000000000001 0.0012 0.004444444444444444
2110 0.0018 0.002399999999999998 0.004444444444444444
2111 0.0018 0.003600000000000002 0.004444444444444444
2112 0.0018 0.0048 0.004444444444444444
2113 0.0012 0.0012 0.004444444444444444
2114 0.001200000000000001 0.002399999999999998 0.004444444444444444
2115 0.001199999999999999 0.003600000000000001 0.004444444444444444
2116 0.001199999999999999 0.0048 0.004444444444444444
2117 0.0005999999999999997 0.001199999999999999 0.004444444444444443
2118 0.0005999999999999998 0.002399999999999999 0.004444444444444444
2119 0.0005999999999999998 0.003599999999999999 0.004444444444444444
2120 0.0005999999999999997 0.0048 0.004444444444444444
2121 0.0024 0.001199999999999999 0.005555555555555559
2122 0.0024 0.0024 0.005555555555555559
2123 0.0024 0.0036 0.005555555555555559
2124 0.002399999999999999 0.0048 0.005555555555555556
2125 0.0018 0.0012 0.005555555555555554
2126 0.0018 0.002399999999999999 0.005555555555555555
2127 0.0018 0.003600000000000002 0.005555555555555556
2128 0.0018 0.0048 0.005555555555555555
2129 0.0012 0.0012 0.005555555555555556
2130 0.0012 0.0024 0.005555555555555556
2131 0.0012 0.003600000000000002 0.005555555555555557
2132 0.0012 0.0048 0.005555555555555557
2133 0.0005999999999999997 0.001199999999999999 0.005555555555555555
2134 0.0005999999999999998 0.002399999999999998 0.005555555555555555
2135 0.0005999999999999998 0.003600000000000002 0.005555555555555557
2136 0.0005999999999999998 0.0048 0.005555555555555555
2137 0.002399999999999999 0.001199999999999999 0.006666666666666664
2138 0.0024 0.002399999999999999 0.006666666666666669
2139 0.0024 0.003600000000000001 0.006666666666666664
2140 0.002399999999999999 0.0048 0.006666666666666664
2141 0.001800000000000001 0.0012 0.006666666666666666
2142 0.0018 0.002399999999999999 0.006666666666666667
2143 0.0018 0.003599999999999999 0.006666666666666665
2144 0.0018 0.0048 0.006666666666666664
2145 0.0012 0.001199999999999999 0.006666666666666665
2146 0.0012 0.0024 0.006666666666666669
2147 0.0012 0.003600000000000002 0.006666666666666664
2148 0.0012 0.0048 0.006666666666666664
2149 0.0005999999999999998 0.001199999999999999 0.006666666666666664
2150 0.0005999999999999998 0.002399999999999998 0.006666666666666669
2151 0.0005999999999999995 0.003600000000000002 0.006666666666666664
2152 0.0005999999999999994 0.0048 0.006666666666666664
2153 0.002399999999999999 0.0012 0.007777777777777776
2154 0.0024 0.0024 0.007777777777777778
2155 0.0024 0.003600000000000001 0.007777777777777776
2156 0.002399999999999999 0.004800000000000001 0.007777777777777776
2157 0.0018 0.0012 0.007777777777777779
2158 0.0018 0.002399999999999999 0.007777777777777776
2159 0.0018 0.003600000000000002 0.007777777777777776
2160 0.0018 0.0048 0.007777777777777776
2161 0.0012 0.0012 0.007777777777777781
2162 0.0012 0.002399999999999999 0.007777777777777779
2163 0.0012 0.003600000000000002 0.007777777777777778
2164 0.0012 0.0048 0.007777777777777778
2165 0.0005999999999999997 0.001199999999999999 0.007777777777777776
2166 0.0005999999999999998 0.002399999999999998 0.007777777777777778
2167 0.0005999999999999998 0.0036 0.007777777777777776
2168 0.0005999999999999998 0.0048 0.007777777777777776
2169 0.002399999999999999 0.001199999999999999 0.008888888888888892
2170 0.0024 0.0024 0.008888888888888887
2171 0.0024 0.003600000000000001 0.008888888888888884
2172 0.002399999999999999 0.0048 0.008888888888888885
2173 0.001800000000000001 0.0012 0.008888888888888885
2174 0.0018 0.002400000000000001 0.008888888888888887
2175 0.0018 0.003599999999999999 0.008888888888888884
2176 0.0018 0.004800000000000001 0.008888888888888884
2177 0.0012 0.001199999999999999 0.008888888888888891
2178 0.0012 0.0024 0.008888888888888887
2179 0.0012 0.0036 0.008888888888888884
2180 0.0012 0.0048 0.008888888888888885
2181 0.0005999999999999997 0.001199999999999999 0.008888888888888892
2182 0.0005999999999999998 0.002399999999999998 0.008888888888888885
2183 0.0005999999999999994 0.003599999999999999 0.008888888888888884
2184 0.0005999999999999994 0.0048 0.008888888888888884
2185 0.005956557348381966 0.003 0.006712888888888887
2186 0.005959989945088887 0.003 0.003379555555555555
2187 0.004862436433417825 0.0018 0.002175999999999999
2188 0.004862436433417824 0.004200000000000001 0.002175999999999999
2189 0.004743112987614856 0.004200000000000001 0.004490666666666665
2190 0.004831004494876689 0.002357201646090535 0.004999999999999999
2191 0.004830923713362932 0.003557201646090535 0.008333333333333333
2192 0.004758685854078899 0.0018 0.007731555555555555
2193 0.004662007476555673 0.004200000000000001 0.006620444444444444
2194 0.004116842294017304 0.001242798353909465 0.004999999999999999
2195 0.00442026664152339 0.003 0.00328711111111111
2196 0.004157840258812914 0.003 0.006712888888888887
2197 0.004092600052612903 0.0018 0.003379555555555554
2198 0.004092600052612902 0.004200000000000001 0.003379555555555555
2199 0.004048073569707165 0.0018 0.006620444444444444
2200 0.004121807456770299 0.004200000000000001 0.005601777777777777
2201 0.004160251177397553 0.004757201646090536 0.008333333333333331
2202 0.004017269805524736 0.003 0.002175999999999999
2203 0.003955669599278008 0.003 0.007823999999999999
2204 0.008567209427986134 0.003 0.005048908849533608
2205 0.004028333680934237 0.003000000000000001 0.004398222222222221
2206 0.004042404659389127 0.003 0.005601777777777778
2207 0.004004788532469997 0.003 0.008842666666666667
2208 0.004004788532469997 0.003 0.001157333333333333
2209 0.003970850444675701 0.004842798353909467 0.007222222222222221
2210 0.004011501988344159 0.001157201646090535 0.008333333333333333
2211 0.004015623273534462 0.001157201646090535 0.001666666666666666
2212 0.004015623273534462 0.004842798353909465 0.001666666666666666
2213 0.003461880215351701 0.0054 0.0005555555555555551
2214 0.003577350269189625 0.004200000000000001 0.0005555555555555551
2215 0.003577350269189625 0.003 0.0005555555555555551
2216 0.003577350269189626 0.0018 0.0005555555555555551
2217 0.003461880215351701 0.0005999999999999998 0.0005555555555555551
2218 0.003577350269189626 0.0054 0.001666666666666666
2219 0.003577350269189626 0.004200000000000001 0.001666666666666666
2220 0.003577350269189626 0.003 0.001666666666666666
2221 0.003577350269189626 0.0018 0.001666666666666666
2222 0.003577350269189626 0.0005999999999999998 0.001666666666666666
2223 0.003346410161513776 0.0054 0.002777777777777777
2224 0.003577350269189626 0.004200000000000001 0.002777777777777777
2225 0.003577350269189626 0.003 0.002777777777777777
2226 0.003577350269189626 0.0018 0.002777777777777777
2227 0.003346410161513776 0.0005999999999999998 0.002777777777777777
2228 0.003288675134594813 0.0054 0.003888888888888888
2229 0.003577350269189625 0.004200000000000001 0.003888888888888888
2230 0.003577350269189626 0.003 0.003888888888888888
2231 0.003577350269189626 0.0018 0.003888888888888888
2232 0.003577350269189626 0.0005999999999999998 0.003888888888888888
2233 0.003288675134594813 0.0054 0.004999999999999999
2234 0.003577350269189626 0.004200000000000001 0.004999999999999999
2235 0.003577350269189626 0.003 0.004999999999999998
2236 0.003577350269189626 0.0018 0.004999999999999998
2237 0.003288675134594813 0.0005999999999999998 0.004999999999999998
2238 0.003577350269189626 0.0054 0.006111111111111111
2239 0.003577350269189626 0.004200000000000001 0.006111111111111111
2240 0.003577350269189626 0.003 0.006111111111111111
2241 0.003577350269189626 0.0018 0.006111111111111111
2242 0.003577350269189626 0.0005999999999999998 0.006111111111111111
2243 0.003577350269189625 0.0054 0.007222222222222221
2244 0.003209954676572888 0.004189268582403956 0.007226149297717054
2245 0.003577350269189626 0.003 0.007222222222222222
2246 0.003577350269189626 0.0018 0.007222222222222221
2247 0.003404145188432738 0.0005999999999999998 0.007222222222222222
2248 0.003577350269189626 0.0054 0.008333333333333333
2249 0.003577350269189626 0.004200000000000001 0.008333333333333333
2250 0.003577350269189626 0.003 0.008333333333333331
2251 0.003288675134594813 0.0018 0.008333333333333333
2252 0.003577350269189626 0.0005999999999999998 0.008333333333333333
2253 0.003404145188432738 0.0054 0.009444444444444445
2254 0.003577350269189626 0.004200000000000001 0.009444444444444445
2255 0.003577350269189626 0.003 0.009444444444444445
2256 0.003577350269189626 0.0018 0.009444444444444445
2257 0.003404145188432738 0.0005999999999999998 0.009444444444444445
2258 0.001564403292181069 0.007513616413005932 0.003888888888888889
2259 0.001564403292181071 0.007496177169903298 0.00611111111111111
2260 0.001435596707818931 0.007501094923228938 0.004999999999999999
2261 0.0015 0.007632703628361483 0.002025444444444443
2262 0.00156440329218107 0.007502566760395322 0.002777777777777777
2263 0.00156440329218107 0.007511341511932778 0.007222222222222222
2264 0.0015 0.007299106381738345 0.008771868429212912
2265 0.0021 0.00710357973731755 0.0009143333333333329
2266 0.0008160520392616178 0.007031941243469466 0.003928390438818768
2267 0.0008999999999999998 0.00684425842444697 0.0009143333333333328
2268 0.002231080084454331 0.007031445847230791 0.004988414529283552
2269 0.0007820357853691553 0.007001594750613351 0.006166808022596986
2270 0.00156440329218107 0.006757337856907845 0.001666666666666666
2271 0.002076792979090406 0.006747339072277337 0.002725281670334758
2272 0.002157179414350936 0.006795222201055238 0.003891704485036444
2273 0.0007765150312808067 0.006845983771805305 0.004971263206055807
2274 0.002187809080438815 0.006781161662668853 0.006166915918706842
2275 0.000835980439091133 0.006960268219316099 0.008064638087289185
2276 0.001539661092428303 0.006697641628222065 0.007178664130951478
2277 0.0021 0.006855828653493797 0.007974555555555556
2278 0.00203559670781893 0.007376531341807891 0.009444444444444445
2279 0.0008981979196648287 0.006810329947006346 0.002731995075539794
2280 0.000835596707818928 0.006558863557141638 0.009444444444444443
2281 0.0015 0.006666810850039696 0.005358777777777777
2282 0.0015 0.006666615248758083 0.006469888888888888
2283 0.0015 0.006812991994069306 0.004444604376180044
2284 0.0015 0.006667342653598361 0.003530111111111111
2285 0.0002428571428571428 0.006190203862697678 0.0005914502541310196
2286 0.0008999999999999999 0.006408248290463863 0.0005555555555555551
2287 0.0015 0.006408248290463863 0.0005555555555555551
2288 0.0021 0.006408248290463863 0.0005555555555555551
2289 0.0027 0.006285773803324704 0.0005555555555555551
2290 0.0002999999999999999 0.006204124145231932 0.001666666666666666
2291 0.0008999999999999999 0.006408248290463863 0.001666666666666666
2292 0.0015 0.006367423461417477 0.001666666666666666
2293 0.0021 0.006408248290463863 0.001666666666666666
2294 0.0027 0.006244948974278318 0.001666666666666666
2295 0.0002999999999999999 0.006204124145231932 0.002777777777777777
2296 0.0008999999999999998 0.006408248290463863 0.002777777777777777
2297 0.0015 0.006408248290463863 0.002777777777777777
2298 0.0021 0.006408248290463863 0.002777777777777777
2299 0.0027 0.006408248290463863 0.002777777777777777
2300 0.0002999999999999999 0.006204124145231932 0.003888888888888888
2301 0.0008999999999999998 0.006408248290463863 0.003888888888888888
2302 0.0015 0.006408248290463863 0.003888888888888888
2303 0.0021 0.006367423461417477 0.003888888888888888
2304 0.0027 0.006204124145231932 0.003888888888888888
2305 0.0002999999999999999 0.006408248290463863 0.004999999999999999
2306 0.0008999999999999998 0.006326598632371091 0.004999999999999999
2307 0.0015 0.006408248290463863 0.004999999999999998
2308 0.0021 0.006367423461417477 0.004999999999999998
2309 0.0027 0.006204124145231932 0.004999999999999998
2310 0.0002999999999999999 0.006204124145231932 0.006111111111111111
2311 0.0008999999999999998 0.006367423461417477 0.006111111111111111
2312 0.0015 0.006408248290463863 0.006111111111111111
2313 0.0021 0.006326598632371091 0.006111111111111111
2314 0.0027 0.006408248290463863 0.006111111111111111
2315 0.0002999999999999999 0.006204124145231932 0.007222222222222221
2316 0.0008999999999999998 0.006408248290463863 0.007222222222222221
2317 0.0015 0.006367423461417477 0.007222222222222222
2318 0.0021 0.006408248290463863 0.007222222222222221
2319 0.0027 0.006204124145231932 0.007222222222222222
2320 0.0002999999999999999 0.006204124145231932 0.008333333333333333
2321 0.0008999999999999998 0.006367423461417477 0.008333333333333333
2322 0.0015 0.006408248290463863 0.008333333333333331
2323 0.0021 0.006244948974278318 0.008333333333333333
2324 0.0027 0.006204124145231932 0.008333333333333333
2325 0.0002999999999999999 0.006408248290463863 0.009444444444444445
2326 0.0008999999999999998 0.006285773803324704 0.009444444444444445
2327 0.0015 0.006408248290463863 0.009444444444444445
2328 0.0021 0.006408248290463863 0.009444444444444445
2329 0.0027 0.006326598632371091 0.009444444444444445
2330 0.01307946609605004 0.02340540286892833 0.005
2331 0.07303149758064352 0.103335940517691 0.004970410595584757
2332 0.2145634001845942 0.1297840800646639 0.005000000000000002
2333 0.3129547647443914 0.09040305471749273 0.004999999999999999
2334 0.08214093206076532 0.2562979839883085 0.004999999999999999
2335 0.1756007990046248 0.08819335664226639 0.005014222965457371
2336 0.07328497330209384 0.147491516988595 0.005
2337 0.007958799036369797 0.01093121367664454 0.005057520105406629
2338 0.005738844608804482 0.008672284995614678 0.00512325579642221
2339 0.01315006523911021 0.01110798080133996 0.005000000000000001
2340 0.00510527365906388 0.008085895566962799 0.002488463174685931
2341 0.008519931324580444 0.01647960386122389 0.004999999999999999
2342 0.0051418508868629 0.008071425941515005 0.007441044958600257
2343 0.004308374437300317 0.007307746169552955 0.005557208802151261
2344 0.002 0.002 0.2008255158679255
2345 0.001 0.004 0.1628875188903875
2346 0.001125 0.003375000000000001 0.1427329579960705
2347 0.0013125 0.00225 0.1237639595073015
2348 0.0015 0.003 0.1059805234240805
2349 0.001 0.002 0.08701152493531156
2350 0.002 0.004000000000000001 0.05125194452642391
2351 0.001 0.003999999999999999 0.2197945143566944
2352 0.0013125 0.00375 0.2399490752510116
2353 0.002 0.004000000000000001 0.2956705083117706
2354 0.001 0.002 0.3146395068005395
2355 0.001 0.002 0.3336085052893085
2356 0.0015 0.001424999999999999 0.01141855152820043
2357 0.0015 0.004575000000000001 0.01141855152820043
2358 0.0008689880581534588 0.0006498778685895099 0.01065834638843816
2359 0.002079169532321325 0.005260889202395351 0.01066281784727005
2360 0.0015 0.002625 0.01116726934916525
2361 0.002038623534433274 0.0007413465274716172 0.0106826503214266
2362 0.0009816794806430547 0.005369542478204229 0.01064305024999672
2363 0.0008511556930042598 0.003428190012620547 0.01085727941730441
2364 0.001727099861916122 0.004225716550320398 0.0106050830592215
2365 0.002179364844431366 0.003478281872254054 0.01096863374960906
2366 0.000801668928614404 0.001890553384003019 0.01065244939435043
2367 0.002203412376306329 0.00188764053857562 0.01064969891968056
2368 0.0003957347894212291 0.005426002865111033 0.01042932477622519
2369 0.002677788527204351 0.0004856923509007631 0.01039481975466074
2370 0.0008999999999999999 0.004575000000000001 0.01075372240443008
2371 0.0003711623858819231 0.00405594345100527 0.0104900829766978
2372 0.0003770280637192136 0.003183322466227031 0.01036640946675244
2373 0.0027 0.0005999999999999998 0.01021213203435596
2374 0.0027 0.0018 0.01033941125496954
2375 0.0027 0.003 0.01021213203435596
2376 0.0027 0.004200000000000001 0.01021213203435596
2377 0.0027 0.0054 0.01029698484809835
2378 0.0021 0.0005999999999999998 0.01042426406871193
2379 0.0021 0.0018 0.01025455844122716
2380 0.0021 0.003 0.01021213203435596
2381 0.0021 0.004200000000000001 0.01042426406871193
2382 0.002106492742618271 0.005463179449559657 0.01021990008088149
2383 0.0015 0.0005999999999999998 0.01042426406871193
2384 0.0015 0.0018 0.01042426406871193
2385 0.0015 0.003 0.01042426406871193
2386 0.001556731523417455 0.004206424218246583 0.01015125240738091
2387 0.0015 0.0054 0.01042426406871193
2388 0.0009 0.0005999999999999998 0.01033941125496954
2389 0.0009 0.0018 0.01025455844122716
2390 0.0009 0.003 0.01029698484809835
2391 0.0008999999999999999 0.004200000000000001 0.01042426406871193
2392 0.0008999999999999999 0.0054 0.01042426406871193
2393 0.0003080331957174217 0.000596622422612743 0.01010234546899363
2394 0.0002999999999999999 0.0018 0.01033941125496954
2395 0.0002999999999999999 0.003 0.01012727922061358
2396 0.0002999999999999999 0.004200000000000001 0.01021213203435596
2397 0.0002999999999999999 0.0054 0.01016970562748477
2398 0.3607790843971488 0.003 0.3121007482477683
2399 0.009680114239075714 0.002999999999999998 0.353028963559797
2400 0.1234467631808721 0.003 0.1510143087649412
2401 0.06803039856874944 0.002999999999999999 0.2308473500074828
2402 0.2328956516338531 0.003 0.02095462964630603
2403 0.1686561484439295 0.003 0.01492153344123862
2404 0.06258558391795435 0.003 0.1010328399026615
2405 0.03151930708250287 0.003000000000000001 0.207135784059341
2406 0.008578788655571551 0.003 0.2009096602240496
2407 0.008635415446209552 0.003 0.1440500784852797
2408 0.05580511214850686 0.002998740611009717 0.01495318703718656
2409 0.005985050818128574 0.002661006249342594 0.01297425717728309
2410 0.004611292733511149 0.003571338569935043 0.01164360516363573
2411 0.001418836202741579 0.007380782900147906 0.01135746300651733
2412 0.1830785295843114 0.1866004564062982 0.1905841971358866
2413 0.115722767595701 0.1192624308908311 0.1232563504304235
2414 0.1081514501502611 0.2293638243020794 0.1159591564130009
2415 0.0726695842602116 0.07558521258464065 0.07851900087971599
2416 0.2731318357161838 0.1248940237532634 0.1296802516710805
2417 0.1142580559136714 0.11811464678222 0.2620324470324875
2418 0.07325663554759083 0.1622258816371669 0.07955200352824417
2419 0.1391626308503475 0.06946031794845985 0.07315303755352132
2420 0.08328403656492481 0.08429219134530151 0.187588130605162
2421 0.04296903731130965 0.04619004409325068 0.04989809622426813
2422 0.2110077361071583 0.07705057170147496 0.08130956016344225
2423 0.1920163842059451 0.09574389948074616 0.169793785906508
2424 0.2553623739829052 0.1270583288223474 0.2710220003246411
2425 0.05600706855135817 0.0598986019579681 0.1278475817875145
2426 0.2652740562770018 0.243977313186002 0.1256979510110272
2427 0.1041210693880361 0.2784195370158297 0.2086545091154406
2428 0.08629474082520699 0.04545405243268619 0.05031250800606666
2429 0.1926634294432398 0.1651097158614227 0.1014594420792271
2430 0.04825607669875241 0.118723859628914 0.05477098991735863
2431 0.2691008956927133 0.263977838565181 0.2581040230806338
2432 0.0921105246891757 0.1754304762319773 0.1917317171052685
2433 0.2805580757527806 0.07443906090867297 0.07906207957112033
2434 0.08325327152073818 0.3045971876131846 0.09028656347785442
2435 0.05512102975645269 0.1173909032124099 0.1088961798013978
2436 0.0260073116194528 0.02981636375038688 0.03297855158565403
2437 0.05699748394716452 0.2145865322871473 0.06603781435893739
2438 0.1137924668057 0.1247383880963144 0.06476183541294243
2439 0.1109623639251136 0.05919371706322211 0.1198799684064142
2440 0.04535077653932761 0.04875099579598341 0.1697054013240149
2441 0.06946409350749992 0.0719147251300029 0.3339509261613158
2442 0.05864351129943682 0.1991284515029054 0.1221386534591756
2443 0.1811255843888145 0.2997521400966457 0.1163134861978828
2444 0.1248090520090674 0.04305127172197218 0.04614612948448705
2445 0.03874019420171302 0.08350132475488367 0.04605165379877974
2446 0.04018752789310942 0.1776802072986423 0.04760198229430853
2447 0.1828072961303602 0.04257688554520196 0.04745216598624805
2448 0.1505987054220639 0.2201260272686047 0.2931263455486777
2449 0.17017826919691 0.06308570541312386 0.1234716812623197
2450 0.01361186891273257 0.01658981609117652 0.02063231444542538
2451 0.04089450678997373 0.05242616452093053 0.08965449139514241
2452 0.06679206489511567 0.06934385564236378 0.2681413014285935
2453 0.2477930038279369 0.04963738958956494 0.05322488228746693
2454 0.1866136905881444 0.08331396185393188 0.2759682751061873
2455 0.1687061328104626 0.1155882899101482 0.06308064410705276
2456 0.1077017912691549 0.07945187975477255 0.04780346163334974
2457 0.1337598857617105 0.1861643375019021 0.07424776370696091
2458 0.04222395696390135 0.04440077863306545 0.212841584462345
2459 0.04975334884507759 0.3118256638616898 0.05616380969878852
2460 0.3158302838188487 0.05654052754230028 0.05209741390872526
2461 0.3271415107289176 0.1534236167796089 0.08321104286582262
2462 0.04512719288219974 0.2647284073488656 0.05091450637360186
2463 0.2477664006185382 0.121335062468784 0.06570989808393468
2464 0.0487654851222178 0.1001475416092267 0.1535854024012938
2465 0.1405813995347196 0.06537318755949108 0.2071947811474838
2466 0.08262055077752964 0.04151474686212173 0.0918725469341443
2467 0.08944655993009909 0.04911937312591357 0.1586425553687626
2468 0.2775123041506229 0.1874381762542868 0.20107768367993
2469 0.07269279375055163 0.07601370816308561 0.04182674967000955
2470 0.03731904506390827 0.08832824774515294 0.08249001741903565
2471 0.1958851710148646 0.2766060383386711 0.204016739327266
2472 0.06083289279252956 0.2657014085791761 0.1335437412600167
2473 0.07621890283845978 0.2129429529041264 0.2587800108734568
2474 0.09261190919318753 0.2983530889023358 0.3038792981056303
2475 0.05571905825910783 0.1529157244876794 0.1488117248474359
2476 0.03219287823856638 0.03555013587346816 0.1259016441881642
2477 0.2671440096563402 0.08513395609986402 0.2013407236547962
2478 0.132879265764188 0.1256861549068562 0.1852483801691429
2479 0.05601061093334222 0.1303157031363071 0.1985167836760732
2480 0.0391681625421778 0.04220704752260244 0.3120563069690631
2481 0.126040859471883 0.06630402214222501 0.3021438098091851
2482 0.1072289530582899 0.03505423605180987 0.0708012878477165
2483 0.1405212514617915 0.1775263870120893 0.1384320742880009
2484 0.1870250444139443 0.2353520519690012 0.08250973528637724
2485 0.02606467614346196 0.05950762568384863 0.03422750744949916
2486 0.09820611003823257 0.2530239611445244 0.06579007919562158
2487 0.07228840485506463 0.3345720735986231 0.1564820354122125
2488 0.04172042437771328 0.04379038695321388 0.2519790691879335
2489 0.03290336588345348 0.3329482266804429 0.03879884863587123
2490 0.07325583061311736 0.1476147973047982 0.04478164474443561
2491 0.347239803316023 0.0941535968778827 0.0668291083624567
2492 0.07854521500392229 0.1608624393530597 0.319590965665114
2493 0.02962757819594736 0.03203427983129367 0.06891174617223761
2494 0.007314658511328348 0.01028714028792948 0.01433095199777873
2495 0.3272915328504267 0.07706746672531595 0.1342984397174749
2496 0.2290108211829364 0.06142137748284382 0.1367301688784939
2497 0.06454236648230144 0.0335960418106837 0.03775138265924677
2498 0.06428954474118621 0.03533065048022192 0.06726390582996611
2499 0.07879804961009607 0.1867541109266304 0.0480543657712778
2500 0.1553974363353091 0.1334630512164519 0.3250201234062939
2501 0.2552715180783093 0.1908696664071401 0.07927636172476582
2502 0.2828612150654011 0.3151847457888052 0.1822023650893778
2503 0.1914094757228018 0.3076888949632081 0.2954048710827781
2504 0.1702636725830777 0.02804813681927242 0.03249799519681747
2505 0.1680430642097234 0.2401289161275347 0.1488580046614919
2506 0.08391474511885506 0.1111140150332429 0.04719747774278623
2507 0.2236323498892347 0.03135676659955706 0.03438232147695181
2508 0.3090219492129072 0.1950613628840841 0.3094845771721454
2509 0.03218205219999387 0.2177440962656383 0.0417427925900755
2510 0.08269931463698223 0.08825049106868657 0.1159071607783815
2511 0.03419185102120503 0.1423503484981312 0.0395849253541731
2512 0.03816666997829988 0.1494065613760832 0.07620780099586927
2513 0.0602263710500138 0.2294026330098655 0.185078997727821
2514 0.1377190292913303 0.05408238276049588 0.1600650576269778
2515 0.1560763297028076 0.0691994786448205 0.04244350370249039
2516 0.1926844210838872 0.07954558103008097 0.04664967189223868
2517 0.08840193948368523 0.05456940464304302 0.2264720588733087
2518 0.1084516386145311 0.09137361124122814 0.08573838645725715
2519 0.03757458141461475 0.1873236944282629 0.08758757004715526
2520 0.1703520134083404 0.1177151493473429 0.11792529952556
2521 0.3127087409849422 0.3164342632238278 0.09548018776057794
2522 0.1787033012300929 0.1549834790137059 0.2577557302286498
2523 0.01603263566652361 0.03145276667350708 0.02249801993946077
2524 0.1335220676495016 0.04029397535905514 0.09684186781020716
2525 0.1216253080401457 0.2882942639834769 0.1404417055095926
2526 0.04982316085710073 0.09084166205190124 0.2272508311648269
2527 0.1834633248262776 0.04451907794756813 0.08886243118911691
2528 0.01621106136734536 0.01865539329905371 0.03713179978882791
2529 0.05733710501688106 0.1269897220216745 0.2727544792629417
2530 0.02744461577812634 0.0324452742745522 0.1819628738708486
2531 0.2594685173271192 0.03137406876846756 0.03498684187083152
2532 0.3303057782584931 0.2332141718162424 0.08054624761270109
2533 0.2226774856215784 0.184642346211466 0.323593286645491
2534 0.03031443083980019 0.06557307751424744 0.06661879273215675
2535 0.02616659987853285 0.2642590209332063 0.03182702406370791
2536 0.04440962243167908 0.0240473081404059 0.02813582253494435
2537 0.02737100469759923 0.1155809782730138 0.03493259959330466
2538 0.03674576492241532 0.08827550551260867 0.1181315221099224
2539 0.1067001515515184 0.08793667683482426 0.1516462105656988
2540 0.03925476490025898 0.02478066162557808 0.04849572429768935
2541 0.08506324680809371 0.03764138646963403 0.1257691553069265
2542 0.0259743948053392 0.02885470425103704 0.09374721531669439
2543 0.1535039313774895 0.03659280374700461 0.05805017717278949
2544 0.1104892617380438 0.1620107486758617 0.04993115107903618
2545 0.3224009621627233 0.1311680561240013 0.1843888091938489
2546 0.2813292926049325 0.03960354698230588 0.06268012252638189
2547 0.05278855247005233 0.03195203482068087 0.1466133883453328
2548 0.02573254627002024 0.01764813073889797 0.02136540705333714
2549 0.0857298828850501 0.3511008287095751 0.06343513065362111
2550 0.134821035201108 0.3386403689418442 0.1001923422755209
2551 0.1475978085588995 0.2893463446215792 0.06604888559870357
2552 0.1124194840512874 0.02831676798616954 0.03141430689188522
2553 0.3244171544699582 0.3246581099800426 0.252598750779991
2554 0.09591222578430651 0.1641410047168886 0.1230221695141133
2555 0.05289718990073347 0.06105189412149103 0.03226295866795565
2556 0.3200188599195567 0.08319420895848477 0.3113477234976784
2557 0.104291721971927 0.05367720359236966 0.03317524077512025
2558 0.2125820194166607 0.0396302972480797 0.06787454287628963
2559 0.01833803510032698 0.04468241207935861 0.03248417149099377
2560 0.1958173698119823 0.02683115991114299 0.03105481763658097
2561 0.2413839597721803 0.1823193916506505 0.1445508986674232
2562 0.1378856188074329 0.1015755007989999 0.04712063263049816
2563 0.1992661650079329 0.06401848686712035 0.2204008647563569
2564 0.05742840931815039 0.03610715383891246 0.1091224803581788
2565 0.1419490319464372 0.02856025654267809 0.0335756641728587
2566 0.04034474382631101 0.04390226424563193 0.02985841113274241
2567 0.08466189863772473 0.02582478789041161 0.031027553327494
2568 0.04126404351253706 0.2764812473872235 0.09401567101222739
2569 0.07439123090762474 0.125812450664354 0.07914508348764353
2570 0.04872323528937202 0.3419825958450728 0.09707828510003592
2571 0.150369456641674 0.3339898785816515 0.191499916875543
2572 0.02145133388226358 0.04119957998772647 0.05246902032115372
2573 0.3121447165918708 0.2738593768115415 0.3253320320054532
2574 0.0358755305756585 0.1479295324047867 0.1123689134866628
2575 0.1333227122205276 0.2190744594599627 0.2229828661440334
2576 0.04173621631463527 0.04399685348632523 0.3521896632999213
2577 0.3285452089099332 0.1954564418067183 0.1456702194777552
2578 0.2232307393688379 0.1181189376731804 0.112730782580593
2579 0.09258726008053669 0.200615323216171 0.08706122624247731
2580 0.2095524980705641 0.2209363403409743 0.2496393014540007
2581 0.2455337816526103 0.07118669063822214 0.3139707153263926
2582 0.1397022263228506 0.08518329108201778 0.1099341892906144
2583 0.144034274447114 0.1403338546380924 0.04510777620341163
2584 0.1459919757604733 0.143805882096317 0.09015628653400826
2585 0.02390461340737444 0.02710988875326602 0.2090238206437126
2586 0.02426916386138963 0.1889206157967681 0.03143341072767131
2587 0.2009408904426209 0.1516611832998028 0.05502904078290415
2588 0.01953143702774697 0.02339249367829958 0.05416694787155805
2589 0.07450238717237169 0.04326343711534412 0.1931658821566598
2590 0.0671826568000433 0.2335199484216681 0.3295002217148816
2591 0.2431493988023268 0.05176649886312067 0.09657634582077115
2592 0.04404838103434062 0.2342868365458254 0.1020502236624875
2593 0.1136327256573263 0.04261744651717451 0.1890019575343228
2594 0.2357844379274294 0.2835941662920744 0.07787391709460664
2595 0.3263972074766869 0.02939119341345802 0.03281654504630557
2596 0.3585126408561561 0.05037362475001287 0.0534946699129451
2597 0.04827949980780052 0.02744503553991042 0.08339600845379941
2598 0.01296258892689825 0.01220356487258443 0.0162191255458909
2599 0.03034791794876451 0.02770909246958021 0.157755044664123
2600 0.04241241997500704 0.08333125663497842 0.1889803758324734
2601 0.02531057006760403 0.3041761913552878 0.03251104354781387
2602 0.007893722741777184 0.01100064532765822 0.01987821088982412
2603 0.09831188365040948 0.06321779353841438 0.07062918823806383
2604 0.12376665738104 0.04672134987197549 0.2553984672333169
2605 0.2301167214935154 0.1405639387605626 0.2011477119367616
2606 0.08438104219206151 0.1235715382109537 0.1652926168421192
2607 0.2985314907335677 0.1182116868568379 0.05936326960128815
2608 0.2318634156540288 0.08572705423815215 0.04864541327939405
2609 0.3335833201897567 0.07781915524696731 0.2370054427853481
2610 0.3147584700817899 0.04278280278416228 0.09733527170575859
2611 0.03213689434022923 0.1191755826298574 0.08158876243091286
2612 0.04863650478708045 0.1772546955969917 0.2219720541770577
2613 0.027904025614348 0.05329078744917295 0.1469654843816615
2614 0.2162767603006573 0.3389543147496035 0.1645203363520107
2615 0.1507277880168949 0.09616423906580446 0.1519349595175687
2616 0.05929985618268568 0.1003524735621741 0.03623661737181538
2617 0.2343674339539973 0.3325446060423122 0.2379652134757061
2618 0.3232860079294465 0.2508345787412253 0.2006260430083282
2619 0.05483390197734815 0.06751888685804863 0.05853642606929637
2620 0.1727984558509341 0.08236117557311699 0.08889992097612857
2621 0.2873143350581989 0.0303528117719376 0.03547592936595798
2622 0.02480682314212573 0.09910103673623408 0.060321411401384
2623 0.03010288497410342 0.06114054981890288 0.1142177148981674
2624 0.05945524091729128 0.2334499917133196 0.03970023480413448
2625 0.03865040407752433 0.3635610493635448 0.03706883890995262
2626 0.2002161078602711 0.1474735144067987 0.1524883770237513
2627 0.3333177133886367 0.1703830539813333 0.2451073410214749
2628 0.1111034657737771 0.2132269776746818 0.05163048385071367
2629 0.1839541368633413 0.04973930495537457 0.1662078546680266
$EndNodes
$Elements
13095
1 2 2 3 2 4 5 129
2 2 2 3 2 129 68 4
3 2 2 3 2 36 486 8
4 2 2 3 2 8 486 105
5 2 2 3 2 9 489 39
6 2 2 3 2 44 489 9
7 2 2 3 2 37 486 36
8 2 2 3 2 38 481 37
9 2 2 3 2 481 486 37
10 2 2 3 2 39 489 38
11 2 2 3 2 38 489 481
12 2 2 3 2 45 491 44
13 2 2 3 2 488 489 44
14 2 2 3 2 44 491 488
15 2 2 3 2 46 483 45
16 2 2 3 2 483 491 45
17 2 2 3 2 47 484 46
18 2 2 3 2 46 484 483
19 2 2 3 2 48 490 47
20 2 2 3 2 108 484 47
21 2 2 3 2 47 490 108
22 2 2 3 2 49 485 48
23 2 2 3 2 48 485 109
24 2 2 3 2 109 490 48
25 2 2 3 2 110 49 50
26 2 2 3 2 110 485 49
27 2 2 3 2 111 50 51
28 2 2 3 2 110 50 111
29 2 2 3 2 52 112 51
30 2 2 3 2 51 112 111
31 2 2 3 2 53 113 52
32 2 2 3 2 52 113 112
33 2 2 3 2 54 114 53
34 2 2 3 2 53 114 113
35 2 2 3 2 55 115 54
36 2 2 3 2 54 115 114
37 2 2 3 2 56 116 55
38 2 2 3 2 55 116 115
39 2 2 3 2 56 57 118
40 2 2 3 2 56 117 116
41 2 2 3 2 118 117 56
42 2 2 3 2 57 58 118
43 2 2 3 2 59 119 58
44 2 2 3 2 58 119 118
45 2 2 3 2 60 120 59
46 2 2 3 2 59 120 119
47 2 2 3 2 61 121 60
48 2 2 3 2 60 121 120
49 2 2 3 2 62 122 61
50 2 2 3 2 61 122 121
51 2 2 3 2 63 123 62
52 2 2 3 2 62 123 122
53 2 2 3 2 64 124 63
54 2 2 3 2 63 124 123
55 2 2 3 2 64 65 126
56 2 2 3 2 64 125 124
57 2 2 3 2 126 125 64
58 2 2 3 2 65 66 127
59 2 2 3 2 126 65 127
60 2 2 3 2 66 67 128
61 2 2 3 2 127 66 128
62 2 2 3 2 67 68 129
63 2 2 3 2 128 67 129
64 2 2 3 2 105 482 106
65 2 2 3 2 105 487 482
66 2 2 3 2 486 487 105
67 2 2 3 2 106 483 107
68 2 2 3 2 482 483 106
69 2 2 3 2 107 484 108
70 2 2 3 2 483 484 107
71 2 2 3 2 108 490 109
72 2 2 3 2 109 485 110
73 2 2 3 2 481 487 486
74 2 2 3 2 481 488 487
75 2 2 3 2 481 489 488
76 2 2 3 2 482 491 483
77 2 2 3 2 487 491 482
78 2 2 3 2 488 491 487
79 2 2 3 3 3 153 2
80 2 2 3 3 80 153 3
81 2 2 3 3 32 498 6
82 2 2 3 3 6 498 104
83 2 2 3 3 8 494 35
84 2 2 3 3 130 494 8
85 2 2 3 3 33 498 32
86 2 2 3 3 34 492 33
87 2 2 3 3 492 498 33
88 2 2 3 3 35 492 34
89 2 2 3 3 35 494 492
90 2 2 3 3 81 152 80
91 2 2 3 3 152 153 80
92 2 2 3 3 82 151 81
93 2 2 3 3 151 152 81
94 2 2 3 3 83 150 82
95 2 2 3 3 150 151 82
96 2 2 3 3 84 149 83
97 2 2 3 3 149 150 83
98 2 2 3 3 85 148 84
99 2 2 3 3 148 149 84
100 2 2 3 3 147 85 86
101 2 2 3 3 147 148 85
102 2 2 3 3 146 86 87
103 2 2 3 3 147 86 146
104 2 2 3 3 145 87 88
105 2 2 3 3 146 87 145
106 2 2 3 3 89 144 88
107 2 2 3 3 88 144 145
108 2 2 3 3 90 143 89
109 2 2 3 3 89 143 144
110 2 2 3 3 90 91 142
111 2 2 3 3 90 142 143
112 2 2 3 3 91 92 141
113 2 2 3 3 142 91 141
114 2 2 3 3 92 93 140
115 2 2 3 3 141 92 140
116 2 2 3 3 93 94 139
117 2 2 3 3 140 93 139
118 2 2 3 3 94 95 138
119 2 2 3 3 139 94 138
120 2 2 3 3 95 96 137
121 2 2 3 3 138 95 137
122 2 2 3 3 96 97 136
123 2 2 3 3 137 96 136
124 2 2 3 3 97 98 135
125 2 2 3 3 136 97 135
126 2 2 3 3 98 99 134
127 2 2 3 3 135 98 134
128 2 2 3 3 99 100 133
129 2 2 3 3 134 99 133
130 2 2 3 3 101 493 100
131 2 2 3 3 100 493 133
132 2 2 3 3 102 495 101
133 2 2 3 3 132 493 101
134 2 2 3 3 101 495 132
135 2 2 3 3 103 496 102
136 2 2 3 3 131 495 102
137 2 2 3 3 102 496 131
138 2 2 3 3 104 494 103
139 2 2 3 3 494 496 103
140 2 2 3 3 104 497 494
141 2 2 3 3 104 498 497
142 2 2 3 3 131 496 130
143 2 2 3 3 130 496 494
144 2 2 3 3 132 495 131
145 2 2 3 3 133 493 132
146 2 2 3 3 494 497 492
147 2 2 3 3 497 498 492
148 2 2 3 4 73 657 1
149 2 2 3 4 1 657 74
150 2 2 3 4 79 678 2
151 2 2 3 4 2 678 153
152 2 2 3 4 5 643 69
153 2 2 3 4 129 643 5
154 2 2 3 4 8 649 105
155 2 2 3 4 130 649 8
156 2 2 3 4 69 520 70
157 2 2 3 4 69 639 520
158 2 2 3 4 69 643 639
159 2 2 3 4 70 624 71
160 2 2 3 4 520 624 70
161 2 2 3 4 71 506 72
162 2 2 3 4 71 660 506
163 2 2 3 4 624 660 71
164 2 2 3 4 72 598 73
165 2 2 3 4 506 598 72
166 2 2 3 4 598 657 73
167 2 2 3 4 74 521 75
168 2 2 3 4 74 657 521
169 2 2 3 4 75 670 76
170 2 2 3 4 521 620 75
171 2 2 3 4 620 670 75
172 2 2 3 4 76 512 77
173 2 2 3 4 76 670 512
174 2 2 3 4 77 665 78
175 2 2 3 4 512 523 77
176 2 2 3 4 523 665 77
177 2 2 3 4 78 572 79
178 2 2 3 4 78 665 572
179 2 2 3 4 572 678 79
180 2 2 3 4 105 596 106
181 2 2 3 4 105 649 596
182 2 2 3 4 106 515 107
183 2 2 3 4 106 596 515
184 2 2 3 4 107 599 108
185 2 2 3 4 515 599 107
186 2 2 3 4 108 510 109
187 2 2 3 4 108 599 510
188 2 2 3 4 109 654 110
189 2 2 3 4 510 654 109
190 2 2 3 4 110 507 111
191 2 2 3 4 110 654 507
192 2 2 3 4 111 606 112
193 2 2 3 4 507 606 111
194 2 2 3 4 112 505 113
195 2 2 3 4 112 606 505
196 2 2 3 4 113 671 114
197 2 2 3 4 505 671 113
198 2 2 3 4 114 655 115
199 2 2 3 4 586 655 114
200 2 2 3 4 114 671 586
201 2 2 3 4 115 501 116
202 2 2 3 4 115 655 501
203 2 2 3 4 116 612 117
204 2 2 3 4 501 612 116
205 2 2 3 4 117 514 118
206 2 2 3 4 117 612 514
207 2 2 3 4 118 614 119
208 2 2 3 4 514 614 118
209 2 2 3 4 119 500 120
210 2 2 3 4 119 614 500
211 2 2 3 4 120 646 121
212 2 2 3 4 500 646 120
213 2 2 3 4 121 626 122
214 2 2 3 4 121 646 626
215 2 2 3 4 122 503 123
216 2 2 3 4 122 626 503
217 2 2 3 4 123 627 124
218 2 2 3 4 503 627 123
219 2 2 3 4 124 628 125
220 2 2 3 4 627 628 124
221 2 2 3 4 125 509 126
222 2 2 3 4 125 628 509
223 2 2 3 4 126 642 127
224 2 2 3 4 509 642 126
225 2 2 3 4 127 519 128
226 2 2 3 4 127 642 519
227 2 2 3 4 128 643 129
228 2 2 3 4 519 643 128
229 2 2 3 4 131 522 130
230 2 2 3 4 522 649 130
231 2 2 3 4 132 604 131
232 2 2 3 4 131 604 522
233 2 2 3 4 133 516 132
234 2 2 3 4 516 604 132
235 2 2 3 4 134 597 133
236 2 2 3 4 133 597 516
237 2 2 3 4 135 517 134
238 2 2 3 4 517 597 134
239 2 2 3 4 136 590 135
240 2 2 3 4 135 590 517
241 2 2 3 4 137 511 136
242 2 2 3 4 511 590 136
243 2 2 3 4 138 668 137
244 2 2 3 4 137 668 511
245 2 2 3 4 139 631 138
246 2 2 3 4 631 668 138
247 2 2 3 4 140 502 139
248 2 2 3 4 502 631 139
249 2 2 3 4 141 607 140
250 2 2 3 4 140 607 502
251 2 2 3 4 142 513 141
252 2 2 3 4 513 607 141
253 2 2 3 4 143 611 142
254 2 2 3 4 142 611 513
255 2 2 3 4 144 499 143
256 2 2 3 4 499 611 143
257 2 2 3 4 145 617 144
258 2 2 3 4 144 617 499
259 2 2 3 4 146 623 145
260 2 2 3 4 145 623 617
261 2 2 3 4 147 504 146
262 2 2 3 4 504 623 146
263 2 2 3 4 148 625 147
264 2 2 3 4 147 625 504
265 2 2 3 4 149 636 148
266 2 2 3 4 148 636 625
267 2 2 3 4 150 508 149
268 2 2 3 4 508 636 149
269 2 2 3 4 151 632 150
270 2 2 3 4 150 632 508
271 2 2 3 4 152 518 151
272 2 2 3 4 518 632 151
273 2 2 3 4 153 634 152
274 2 2 3 4 152 634 518
275 2 2 3 4 153 678 634
276 2 2 3 4 499 652 611
277 2 2 3 4 617 618 499
278 2 2 3 4 618 652 499
279 2 2 3 4 500 614 601
280 2 2 3 4 601 674 500
281 2 2 3 4 500 674 646
282 2 2 3 4 603 612 501
283 2 2 3 4 501 677 603
284 2 2 3 4 655 677 501
285 2 2 3 4 583 631 502
286 2 2 3 4 502 661 583
287 2 2 3 4 607 661 502
288 2 2 3 4 626 669 503
289 2 2 3 4 503 682 627
290 2 2 3 4 669 682 503
291 2 2 3 4 504 640 623
292 2 2 3 4 625 640 504
293 2 2 3 4 606 616 505
294 2 2 3 4 616 663 505
295 2 2 3 4 663 671 505
296 2 2 3 4 506 645 598
297 2 2 3 4 506 659 645
298 2 2 3 4 506 660 659
299 2 2 3 4 507 594 593
300 2 2 3 4 593 595 507
301 2 2 3 4 507 654 594
302 2 2 3 4 595 606 507
303 2 2 3 4 632 667 508
304 2 2 3 4 508 650 636
305 2 2 3 4 508 667 650
306 2 2 3 4 628 629 509
307 2 2 3 4 629 630 509
308 2 2 3 4 630 642 509
309 2 2 3 4 599 600 510
310 2 2 3 4 600 662 510
311 2 2 3 4 510 662 654
312 2 2 3 4 511 609 590
313 2 2 3 4 511 681 609
314 2 2 3 4 668 681 511
315 2 2 3 4 512 524 523
316 2 2 3 4 512 525 524
317 2 2 3 4 512 670 525
318 2 2 3 4 513 608 607
319 2 2 3 4 513 672 608
320 2 2 3 4 611 672 513
321 2 2 3 4 612 613 514
322 2 2 3 4 613 676 514
323 2 2 3 4 514 676 614
324 2 2 3 4 596 605 515
325 2 2 3 4 515 673 599
326 2 2 3 4 605 673 515
327 2 2 3 4 597 641 516
328 2 2 3 4 516 653 604
329 2 2 3 4 641 653 516
330 2 2 3 4 590 591 517
331 2 2 3 4 591 592 517
332 2 2 3 4 592 597 517
333 2 2 3 4 518 634 572
334 2 2 3 4 572 680 518
335 2 2 3 4 518 633 632
336 2 2 3 4 518 680 633
337 2 2 3 4 630 639 519
338 2 2 3 4 519 642 630
339 2 2 3 4 639 643 519
340 2 2 3 4 520 658 624
341 2 2 3 4 520 639 635
342 2 2 3 4 635 658 520
343 2 2 3 4 579 620 521
344 2 2 3 4 521 637 579
345 2 2 3 4 598 637 521
346 2 2 3 4 521 657 598
347 2 2 3 4 522 605 596
348 2 2 3 4 596 649 522
349 2 2 3 4 604 605 522
350 2 2 3 4 524 666 523
351 2 2 3 4 523 680 665
352 2 2 3 4 666 680 523
353 2 2 3 4 525 526 524
354 2 2 3 4 526 556 524
355 2 2 3 4 556 574 524
356 2 2 3 4 574 666 524
357 2 2 3 4 525 527 526
358 2 2 3 4 525 620 527
359 2 2 3 4 525 670 620
360 2 2 3 4 527 528 526
361 2 2 3 4 528 568 526
362 2 2 3 4 526 568 556
363 2 2 3 4 527 529 528
364 2 2 3 4 527 579 529
365 2 2 3 4 527 620 579
366 2 2 3 4 529 530 528
367 2 2 3 4 530 531 528
368 2 2 3 4 531 664 528
369 2 2 3 4 528 664 568
370 2 2 3 4 529 621 530
371 2 2 3 4 579 580 529
372 2 2 3 4 580 621 529
373 2 2 3 4 530 532 531
374 2 2 3 4 530 533 532
375 2 2 3 4 530 621 533
376 2 2 3 4 532 610 531
377 2 2 3 4 531 647 581
378 2 2 3 4 581 664 531
379 2 2 3 4 610 647 531
380 2 2 3 4 533 534 532
381 2 2 3 4 534 536 532
382 2 2 3 4 536 610 532
383 2 2 3 4 533 535 534
384 2 2 3 4 533 542 535
385 2 2 3 4 533 621 542
386 2 2 3 4 535 575 534
387 2 2 3 4 534 537 536
388 2 2 3 4 534 575 537
389 2 2 3 4 542 543 535
390 2 2 3 4 543 546 535
391 2 2 3 4 546 683 535
392 2 2 3 4 535 683 575
393 2 2 3 4 537 538 536
394 2 2 3 4 538 539 536
395 2 2 3 4 539 610 536
396 2 2 3 4 537 615 538
397 2 2 3 4 575 585 537
398 2 2 3 4 585 615 537
399 2 2 3 4 538 540 539
400 2 2 3 4 538 541 540
401 2 2 3 4 538 615 541
402 2 2 3 4 540 545 539
403 2 2 3 4 545 550 539
404 2 2 3 4 550 610 539
405 2 2 3 4 541 544 540
406 2 2 3 4 544 582 540
407 2 2 3 4 540 582 545
408 2 2 3 4 541 551 544
409 2 2 3 4 541 552 551
410 2 2 3 4 541 615 552
411 2 2 3 4 542 651 543
412 2 2 3 4 621 622 542
413 2 2 3 4 622 651 542
414 2 2 3 4 543 547 546
415 2 2 3 4 543 548 547
416 2 2 3 4 543 651 548
417 2 2 3 4 551 554 544
418 2 2 3 4 554 555 544
419 2 2 3 4 555 582 544
420 2 2 3 4 545 557 550
421 2 2 3 4 545 567 557
422 2 2 3 4 545 582 567
423 2 2 3 4 547 560 546
424 2 2 3 4 560 561 546
425 2 2 3 4 561 683 546
426 2 2 3 4 548 549 547
427 2 2 3 4 549 577 547
428 2 2 3 4 547 679 560
429 2 2 3 4 577 679 547
430 2 2 3 4 548 553 549
431 2 2 3 4 548 562 553
432 2 2 3 4 548 651 562
433 2 2 3 4 553 559 549
434 2 2 3 4 559 576 549
435 2 2 3 4 576 577 549
436 2 2 3 4 557 558 550
437 2 2 3 4 558 647 550
438 2 2 3 4 550 647 610
439 2 2 3 4 552 566 551
440 2 2 3 4 551 587 554
441 2 2 3 4 566 587 551
442 2 2 3 4 552 570 566
443 2 2 3 4 552 571 570
444 2 2 3 4 552 615 571
445 2 2 3 4 553 658 559
446 2 2 3 4 562 563 553
447 2 2 3 4 563 658 553
448 2 2 3 4 554 589 555
449 2 2 3 4 587 588 554
450 2 2 3 4 588 589 554
451 2 2 3 4 555 583 582
452 2 2 3 4 555 584 583
453 2 2 3 4 555 681 584
454 2 2 3 4 589 681 555
455 2 2 3 4 568 569 556
456 2 2 3 4 569 573 556
457 2 2 3 4 573 574 556
458 2 2 3 4 557 564 558
459 2 2 3 4 557 608 564
460 2 2 3 4 567 608 557
461 2 2 3 4 564 565 558
462 2 2 3 4 565 581 558
463 2 2 3 4 581 647 558
464 2 2 3 4 559 629 576
465 2 2 3 4 559 630 629
466 2 2 3 4 559 635 630
467 2 2 3 4 559 658 635
468 2 2 3 4 560 601 561
469 2 2 3 4 560 674 601
470 2 2 3 4 560 679 674
471 2 2 3 4 601 602 561
472 2 2 3 4 602 656 561
473 2 2 3 4 656 683 561
474 2 2 3 4 562 659 563
475 2 2 3 4 562 651 622
476 2 2 3 4 622 659 562
477 2 2 3 4 624 658 563
478 2 2 3 4 563 660 624
479 2 2 3 4 659 660 563
480 2 2 3 4 564 652 565
481 2 2 3 4 608 672 564
482 2 2 3 4 564 672 652
483 2 2 3 4 565 638 581
484 2 2 3 4 565 652 618
485 2 2 3 4 618 675 565
486 2 2 3 4 565 675 638
487 2 2 3 4 570 586 566
488 2 2 3 4 586 663 566
489 2 2 3 4 566 663 587
490 2 2 3 4 582 583 567
491 2 2 3 4 583 661 567
492 2 2 3 4 567 661 608
493 2 2 3 4 568 638 569
494 2 2 3 4 568 664 638
495 2 2 3 4 569 640 573
496 2 2 3 4 619 640 569
497 2 2 3 4 569 675 619
498 2 2 3 4 638 675 569
499 2 2 3 4 571 603 570
500 2 2 3 4 570 677 586
501 2 2 3 4 603 677 570
502 2 2 3 4 571 615 585
503 2 2 3 4 585 648 571
504 2 2 3 4 571 648 603
505 2 2 3 4 634 678 572
506 2 2 3 4 665 680 572
507 2 2 3 4 573 650 574
508 2 2 3 4 625 636 573
509 2 2 3 4 573 640 625
510 2 2 3 4 636 650 573
511 2 2 3 4 650 667 574
512 2 2 3 4 574 667 666
513 2 2 3 4 575 656 585
514 2 2 3 4 575 683 656
515 2 2 3 4 576 682 577
516 2 2 3 4 576 628 627
517 2 2 3 4 627 682 576
518 2 2 3 4 576 629 628
519 2 2 3 4 669 679 577
520 2 2 3 4 577 682 669
521 2 2 3 4 626 646 578
522 2 2 3 4 578 669 626
523 2 2 3 4 646 674 578
524 2 2 3 4 578 679 669
525 2 2 3 4 674 679 578
526 2 2 3 4 579 637 580
527 2 2 3 4 580 622 621
528 2 2 3 4 580 645 622
529 2 2 3 4 637 645 580
530 2 2 3 4 638 664 581
531 2 2 3 4 584 631 583
532 2 2 3 4 584 668 631
533 2 2 3 4 584 681 668
534 2 2 3 4 585 656 648
535 2 2 3 4 586 677 655
536 2 2 3 4 586 671 663
537 2 2 3 4 587 616 588
538 2 2 3 4 587 663 616
539 2 2 3 4 588 609 589
540 2 2 3 4 588 616 595
541 2 2 3 4 595 644 588
542 2 2 3 4 588 644 609
543 2 2 3 4 609 681 589
544 2 2 3 4 590 609 591
545 2 2 3 4 591 593 592
546 2 2 3 4 591 644 593
547 2 2 3 4 609 644 591
548 2 2 3 4 593 594 592
549 2 2 3 4 594 662 592
550 2 2 3 4 592 641 597
551 2 2 3 4 592 662 641
552 2 2 3 4 593 644 595
553 2 2 3 4 654 662 594
554 2 2 3 4 595 616 606
555 2 2 3 4 598 645 637
556 2 2 3 4 599 673 600
557 2 2 3 4 600 653 641
558 2 2 3 4 641 662 600
559 2 2 3 4 600 673 653
560 2 2 3 4 601 676 602
561 2 2 3 4 614 676 601
562 2 2 3 4 613 656 602
563 2 2 3 4 602 676 613
564 2 2 3 4 603 613 612
565 2 2 3 4 603 648 613
566 2 2 3 4 604 653 605
567 2 2 3 4 653 673 605
568 2 2 3 4 608 661 607
569 2 2 3 4 652 672 611
570 2 2 3 4 648 656 613
571 2 2 3 4 617 619 618
572 2 2 3 4 617 623 619
573 2 2 3 4 619 675 618
574 2 2 3 4 623 640 619
575 2 2 3 4 645 659 622
576 2 2 3 4 635 639 630
577 2 2 3 4 633 667 632
578 2 2 3 4 666 667 633
579 2 2 3 4 633 680 666
580 2 2 4 10 4 14 838
581 2 2 4 10 68 4 838
582 2 2 4 10 9 44 870
583 2 2 4 10 154 9 861
584 2 2 4 10 861 9 870
585 2 2 4 10 10 161 865
586 2 2 4 10 202 10 864
587 2 2 4 10 864 10 865
588 2 2 4 10 14 226 838
589 2 2 4 10 44 45 830
590 2 2 4 10 44 830 870
591 2 2 4 10 45 46 856
592 2 2 4 10 830 45 856
593 2 2 4 10 46 47 833
594 2 2 4 10 46 833 866
595 2 2 4 10 856 46 866
596 2 2 4 10 47 48 834
597 2 2 4 10 833 47 834
598 2 2 4 10 48 49 868
599 2 2 4 10 834 48 872
600 2 2 4 10 48 868 872
601 2 2 4 10 49 50 869
602 2 2 4 10 49 207 868
603 2 2 4 10 207 49 869
604 2 2 4 10 50 51 857
605 2 2 4 10 208 50 857
606 2 2 4 10 50 208 869
607 2 2 4 10 51 52 848
608 2 2 4 10 209 51 848
609 2 2 4 10 51 209 857
610 2 2 4 10 52 53 847
611 2 2 4 10 210 52 847
612 2 2 4 10 52 210 848
613 2 2 4 10 53 54 849
614 2 2 4 10 53 211 847
615 2 2 4 10 211 53 849
616 2 2 4 10 54 55 850
617 2 2 4 10 54 212 849
618 2 2 4 10 212 54 850
619 2 2 4 10 55 56 853
620 2 2 4 10 55 213 850
621 2 2 4 10 213 55 853
622 2 2 4 10 56 57 855
623 2 2 4 10 56 214 853
624 2 2 4 10 214 56 855
625 2 2 4 10 57 58 854
626 2 2 4 10 215 57 854
627 2 2 4 10 57 215 855
628 2 2 4 10 58 59 851
629 2 2 4 10 216 58 851
630 2 2 4 10 58 216 854
631 2 2 4 10 59 60 852
632 2 2 4 10 59 217 851
633 2 2 4 10 217 59 852
634 2 2 4 10 60 61 846
635 2 2 4 10 218 60 846
636 2 2 4 10 60 218 852
637 2 2 4 10 61 62 843
638 2 2 4 10 219 61 843
639 2 2 4 10 61 219 846
640 2 2 4 10 62 63 839
641 2 2 4 10 220 62 839
642 2 2 4 10 62 220 843
643 2 2 4 10 63 64 844
644 2 2 4 10 63 221 839
645 2 2 4 10 221 63 844
646 2 2 4 10 64 65 840
647 2 2 4 10 222 64 840
648 2 2 4 10 64 222 844
649 2 2 4 10 65 66 841
650 2 2 4 10 65 223 840
651 2 2 4 10 223 65 841
652 2 2 4 10 66 67 845
653 2 2 4 10 66 224 841
654 2 2 4 10 224 66 845
655 2 2 4 10 67 68 842
656 2 2 4 10 225 67 842
657 2 2 4 10 67 225 845
658 2 2 4 10 226 68 838
659 2 2 4 10 68 226 842
660 2 2 4 10 155 154 861
661 2 2 4 10 156 155 832
662 2 2 4 10 832 155 861
663 2 2 4 10 157 156 860
664 2 2 4 10 156 832 860
665 2 2 4 10 158 157 828
666 2 2 4 10 828 157 860
667 2 2 4 10 159 158 863
668 2 2 4 10 158 828 863
669 2 2 4 10 160 159 831
670 2 2 4 10 831 159 863
671 2 2 4 10 161 160 865
672 2 2 4 10 160 831 865
673 2 2 4 10 203 202 835
674 2 2 4 10 835 202 864
675 2 2 4 10 204 203 829
676 2 2 4 10 829 203 835
677 2 2 4 10 205 204 862
678 2 2 4 10 204 829 862
679 2 2 4 10 206 205 834
680 2 2 4 10 834 205 862
681 2 2 4 10 207 206 868
682 2 2 4 10 206 834 872
683 2 2 4 10 868 206 872
684 2 2 4 10 208 207 869
685 2 2 4 10 209 208 857
686 2 2 4 10 210 209 848
687 2 2 4 10 211 210 847
688 2 2 4 10 212 211 849
689 2 2 4 10 213 212 850
690 2 2 4 10 214 213 853
691 2 2 4 10 215 214 855
692 2 2 4 10 216 215 854
693 2 2 4 10 217 216 851
694 2 2 4 10 218 217 852
695 2 2 4 10 219 218 846
696 2 2 4 10 220 219 843
697 2 2 4 10 221 220 839
698 2 2 4 10 222 221 844
699 2 2 4 10 223 222 840
700 2 2 4 10 224 223 841
701 2 2 4 10 225 224 845
702 2 2 4 10 226 225 842
703 2 2 4 10 828 860 867
704 2 2 4 10 863 828 871
705 2 2 4 10 828 867 871
706 2 2 4 10 829 835 836
707 2 2 4 10 829 836 866
708 2 2 4 10 862 829 866
709 2 2 4 10 830 836 837
710 2 2 4 10 836 830 856
711 2 2 4 10 830 837 858
712 2 2 4 10 830 858 870
713 2 2 4 10 859 831 863
714 2 2 4 10 831 859 864
715 2 2 4 10 831 864 865
716 2 2 4 10 832 858 860
717 2 2 4 10 858 832 870
718 2 2 4 10 832 861 870
719 2 2 4 10 833 834 862
720 2 2 4 10 833 862 866
721 2 2 4 10 836 835 837
722 2 2 4 10 837 835 859
723 2 2 4 10 859 835 864
724 2 2 4 10 836 856 866
725 2 2 4 10 858 837 867
726 2 2 4 10 837 859 871
727 2 2 4 10 867 837 871
728 2 2 4 10 860 858 867
729 2 2 4 10 859 863 871
730 2 2 5 11 4 5 873
731 2 2 5 11 14 4 873
732 2 2 5 11 5 15 873
733 2 2 5 11 15 14 873
734 2 2 5 14 16 3 945
735 2 2 5 14 3 80 945
736 2 2 5 14 104 6 977
737 2 2 5 14 6 174 977
738 2 2 5 14 181 12 978
739 2 2 5 14 12 276 978
740 2 2 5 14 252 16 945
741 2 2 5 14 80 81 949
742 2 2 5 14 80 252 945
743 2 2 5 14 252 80 949
744 2 2 5 14 81 82 950
745 2 2 5 14 81 253 949
746 2 2 5 14 253 81 950
747 2 2 5 14 82 83 946
748 2 2 5 14 254 82 946
749 2 2 5 14 82 254 950
750 2 2 5 14 83 84 951
751 2 2 5 14 83 255 946
752 2 2 5 14 255 83 951
753 2 2 5 14 84 85 952
754 2 2 5 14 84 256 951
755 2 2 5 14 256 84 952
756 2 2 5 14 85 86 947
757 2 2 5 14 257 85 947
758 2 2 5 14 85 257 952
759 2 2 5 14 86 87 960
760 2 2 5 14 86 258 947
761 2 2 5 14 258 86 960
762 2 2 5 14 87 88 953
763 2 2 5 14 259 87 953
764 2 2 5 14 87 259 960
765 2 2 5 14 88 89 954
766 2 2 5 14 88 260 953
767 2 2 5 14 260 88 954
768 2 2 5 14 89 90 948
769 2 2 5 14 261 89 948
770 2 2 5 14 89 261 954
771 2 2 5 14 90 91 955
772 2 2 5 14 90 262 948
773 2 2 5 14 262 90 955
774 2 2 5 14 91 92 956
775 2 2 5 14 91 263 955
776 2 2 5 14 263 91 956
777 2 2 5 14 92 93 957
778 2 2 5 14 92 264 956
779 2 2 5 14 264 92 957
780 2 2 5 14 93 94 958
781 2 2 5 14 93 265 957
782 2 2 5 14 265 93 958
783 2 2 5 14 94 95 959
784 2 2 5 14 94 266 958
785 2 2 5 14 266 94 959
786 2 2 5 14 95 96 944
787 2 2 5 14 267 95 944
788 2 2 5 14 95 267 959
789 2 2 5 14 96 97 961
790 2 2 5 14 96 268 944
791 2 2 5 14 268 96 961
792 2 2 5 14 97 98 967
793 2 2 5 14 97 269 961
794 2 2 5 14 269 97 967
795 2 2 5 14 98 99 968
796 2 2 5 14 98 270 967
797 2 2 5 14 270 98 968
798 2 2 5 14 99 100 943
799 2 2 5 14 271 99 943
800 2 2 5 14 99 271 968
801 2 2 5 14 100 101 935
802 2 2 5 14 100 935 943
803 2 2 5 14 101 102 969
804 2 2 5 14 935 101 971
805 2 2 5 14 101 969 971
806 2 2 5 14 102 103 933
807 2 2 5 14 102 933 969
808 2 2 5 14 103 104 981
809 2 2 5 14 933 103 939
810 2 2 5 14 939 103 981
811 2 2 5 14 104 977 981
812 2 2 5 14 174 175 965
813 2 2 5 14 174 965 977
814 2 2 5 14 175 176 932
815 2 2 5 14 175 932 965
816 2 2 5 14 176 177 964
817 2 2 5 14 932 176 964
818 2 2 5 14 177 178 930
819 2 2 5 14 177 930 964
820 2 2 5 14 178 179 966
821 2 2 5 14 930 178 966
822 2 2 5 14 179 180 931
823 2 2 5 14 179 931 966
824 2 2 5 14 180 181 963
825 2 2 5 14 931 180 963
826 2 2 5 14 963 181 978
827 2 2 5 14 253 252 949
828 2 2 5 14 254 253 950
829 2 2 5 14 255 254 946
830 2 2 5 14 256 255 951
831 2 2 5 14 257 256 952
832 2 2 5 14 258 257 947
833 2 2 5 14 259 258 960
834 2 2 5 14 260 259 953
835 2 2 5 14 261 260 954
836 2 2 5 14 262 261 948
837 2 2 5 14 263 262 955
838 2 2 5 14 264 263 956
839 2 2 5 14 265 264 957
840 2 2 5 14 266 265 958
841 2 2 5 14 267 266 959
842 2 2 5 14 268 267 944
843 2 2 5 14 269 268 961
844 2 2 5 14 270 269 967
845 2 2 5 14 271 270 968
846 2 2 5 14 272 271 943
847 2 2 5 14 273 272 979
848 2 2 5 14 272 943 979
849 2 2 5 14 274 273 941
850 2 2 5 14 941 273 962
851 2 2 5 14 962 273 979
852 2 2 5 14 275 274 934
853 2 2 5 14 934 274 941
854 2 2 5 14 276 275 980
855 2 2 5 14 275 934 936
856 2 2 5 14 275 936 980
857 2 2 5 14 978 276 980
858 2 2 5 14 964 930 975
859 2 2 5 14 930 966 970
860 2 2 5 14 930 970 975
861 2 2 5 14 936 931 963
862 2 2 5 14 931 936 974
863 2 2 5 14 966 931 974
864 2 2 5 14 932 939 965
865 2 2 5 14 939 932 976
866 2 2 5 14 932 964 976
867 2 2 5 14 933 939 940
868 2 2 5 14 933 940 973
869 2 2 5 14 969 933 973
870 2 2 5 14 936 934 937
871 2 2 5 14 937 934 938
872 2 2 5 14 938 934 941
873 2 2 5 14 943 935 979
874 2 2 5 14 962 935 971
875 2 2 5 14 935 962 979
876 2 2 5 14 936 937 974
877 2 2 5 14 936 963 980
878 2 2 5 14 937 938 972
879 2 2 5 14 970 937 972
880 2 2 5 14 937 970 974
881 2 2 5 14 938 941 942
882 2 2 5 14 938 942 973
883 2 2 5 14 972 938 973
884 2 2 5 14 940 939 976
885 2 2 5 14 965 939 981
886 2 2 5 14 940 972 973
887 2 2 5 14 972 940 975
888 2 2 5 14 975 940 976
889 2 2 5 14 942 941 962
890 2 2 5 14 942 962 971
891 2 2 5 14 969 942 971
892 2 2 5 14 942 969 973
893 2 2 5 14 963 978 980
894 2 2 5 14 964 975 976
895 2 2 5 14 977 965 981
896 2 2 5 14 970 966 974
897 2 2 5 14 970 972 975
898 2 2 5 16 3 17 2
899 2 2 5 16 3 16 17
900 2 2 5 18 18 1 301
901 2 2 5 18 301 1 74
902 2 2 5 18 17 79 2
903 2 2 5 18 306 79 17
904 2 2 5 18 302 74 75
905 2 2 5 18 301 74 302
906 2 2 5 18 303 75 76
907 2 2 5 18 302 75 303
908 2 2 5 18 77 303 76
909 2 2 5 18 304 77 78
910 2 2 5 18 77 304 303
911 2 2 5 18 79 306 78
912 2 2 5 18 304 78 305
913 2 2 5 18 78 306 305
914 2 2 5 19 18 73 1
915 2 2 5 19 5 307 15
916 2 2 5 19 307 5 69
917 2 2 5 19 73 18 311
918 2 2 5 19 308 69 70
919 2 2 5 19 308 307 69
920 2 2 5 19 309 70 71
921 2 2 5 19 309 308 70
922 2 2 5 19 310 71 72
923 2 2 5 19 310 309 71
924 2 2 5 19 73 310 72
925 2 2 5 19 310 73 311
926 2 2 4 21 10 1224 170
927 2 2 4 21 312 1224 10
928 2 2 4 21 173 1223 11
929 2 2 4 21 11 1223 337
930 2 2 4 21 19 20 361
931 2 2 4 21 361 336 19
932 2 2 4 21 170 1224 171
933 2 2 4 21 171 1218 172
934 2 2 4 21 171 1224 1218
935 2 2 4 21 172 1223 173
936 2 2 4 21 1218 1223 172
937 2 2 4 21 313 1219 312
938 2 2 4 21 1219 1226 312
939 2 2 4 21 312 1226 1224
940 2 2 4 21 314 1221 313
941 2 2 4 21 313 1221 1219
942 2 2 4 21 315 1222 314
943 2 2 4 21 339 1221 314
944 2 2 4 21 314 1222 339
945 2 2 4 21 316 1220 315
946 2 2 4 21 315 1220 340
947 2 2 4 21 340 1222 315
948 2 2 4 21 341 316 317
949 2 2 4 21 341 1220 316
950 2 2 4 21 342 317 318
951 2 2 4 21 341 317 342
952 2 2 4 21 343 318 319
953 2 2 4 21 342 318 343
954 2 2 4 21 344 319 320
955 2 2 4 21 343 319 344
956 2 2 4 21 345 320 321
957 2 2 4 21 344 320 345
958 2 2 4 21 346 321 322
959 2 2 4 21 345 321 346
960 2 2 4 21 322 323 348
961 2 2 4 21 346 322 347
962 2 2 4 21 347 322 348
963 2 2 4 21 323 324 349
964 2 2 4 21 348 323 349
965 2 2 4 21 324 325 350
966 2 2 4 21 349 324 350
967 2 2 4 21 325 326 351
968 2 2 4 21 350 325 351
969 2 2 4 21 326 327 352
970 2 2 4 21 351 326 352
971 2 2 4 21 327 328 353
972 2 2 4 21 352 327 353
973 2 2 4 21 328 329 354
974 2 2 4 21 353 328 354
975 2 2 4 21 354 329 330
976 2 2 4 21 330 331 356
977 2 2 4 21 354 330 355
978 2 2 4 21 355 330 356
979 2 2 4 21 331 332 357
980 2 2 4 21 356 331 357
981 2 2 4 21 332 333 358
982 2 2 4 21 357 332 358
983 2 2 4 21 333 334 359
984 2 2 4 21 358 333 359
985 2 2 4 21 334 335 360
986 2 2 4 21 359 334 360
987 2 2 4 21 335 336 361
988 2 2 4 21 360 335 361
989 2 2 4 21 337 1219 338
990 2 2 4 21 337 1225 1219
991 2 2 4 21 1223 1225 337
992 2 2 4 21 338 1221 339
993 2 2 4 21 1219 1221 338
994 2 2 4 21 339 1222 340
995 2 2 4 21 340 1220 341
996 2 2 4 21 1218 1225 1223
997 2 2 4 21 1224 1226 1218
998 2 2 4 21 1218 1226 1225
999 2 2 4 21 1225 1226 1219
1000 2 2 5 22 11 1240 182
1001 2 2 5 22 337 1240 11
1002 2 2 5 22 185 1241 12
1003 2 2 5 22 12 1241 362
1004 2 2 5 22 20 21 386
1005 2 2 5 22 386 361 20
1006 2 2 5 22 182 1234 183
1007 2 2 5 22 182 1240 1234
1008 2 2 5 22 183 1227 184
1009 2 2 5 22 183 1234 1227
1010 2 2 5 22 184 1235 185
1011 2 2 5 22 1227 1235 184
1012 2 2 5 22 1235 1241 185
1013 2 2 5 22 338 1229 337
1014 2 2 5 22 1229 1240 337
1015 2 2 5 22 339 1228 338
1016 2 2 5 22 1228 1229 338
1017 2 2 5 22 340 1231 339
1018 2 2 5 22 339 1239 1228
1019 2 2 5 22 1231 1239 339
1020 2 2 5 22 341 1237 340
1021 2 2 5 22 340 1237 1231
1022 2 2 5 22 342 1238 341
1023 2 2 5 22 366 1237 341
1024 2 2 5 22 341 1238 366
1025 2 2 5 22 343 1233 342
1026 2 2 5 22 342 1233 367
1027 2 2 5 22 367 1238 342
1028 2 2 5 22 368 343 344
1029 2 2 5 22 368 1233 343
1030 2 2 5 22 369 344 345
1031 2 2 5 22 368 344 369
1032 2 2 5 22 370 345 346
1033 2 2 5 22 369 345 370
1034 2 2 5 22 371 346 347
1035 2 2 5 22 370 346 371
1036 2 2 5 22 347 348 373
1037 2 2 5 22 371 347 372
1038 2 2 5 22 372 347 373
1039 2 2 5 22 348 349 374
1040 2 2 5 22 373 348 374
1041 2 2 5 22 349 350 375
1042 2 2 5 22 374 349 375
1043 2 2 5 22 375 350 351
1044 2 2 5 22 351 352 377
1045 2 2 5 22 375 351 376
1046 2 2 5 22 376 351 377
1047 2 2 5 22 352 353 378
1048 2 2 5 22 377 352 378
1049 2 2 5 22 353 354 379
1050 2 2 5 22 378 353 379
1051 2 2 5 22 354 355 380
1052 2 2 5 22 379 354 380
1053 2 2 5 22 355 356 381
1054 2 2 5 22 380 355 381
1055 2 2 5 22 356 357 382
1056 2 2 5 22 381 356 382
1057 2 2 5 22 357 358 383
1058 2 2 5 22 382 357 383
1059 2 2 5 22 358 359 384
1060 2 2 5 22 383 358 384
1061 2 2 5 22 384 359 360
1062 2 2 5 22 360 361 386
1063 2 2 5 22 384 360 385
1064 2 2 5 22 385 360 386
1065 2 2 5 22 362 1230 363
1066 2 2 5 22 362 1241 1230
1067 2 2 5 22 363 1232 364
1068 2 2 5 22 1230 1232 363
1069 2 2 5 22 364 1231 365
1070 2 2 5 22 364 1239 1231
1071 2 2 5 22 1232 1239 364
1072 2 2 5 22 365 1237 366
1073 2 2 5 22 1231 1237 365
1074 2 2 5 22 366 1238 367
1075 2 2 5 22 367 1233 368
1076 2 2 5 22 1234 1236 1227
1077 2 2 5 22 1227 1236 1235
1078 2 2 5 22 1228 1236 1229
1079 2 2 5 22 1232 1236 1228
1080 2 2 5 22 1228 1239 1232
1081 2 2 5 22 1229 1236 1234
1082 2 2 5 22 1234 1240 1229
1083 2 2 5 22 1230 1236 1232
1084 2 2 5 22 1235 1236 1230
1085 2 2 5 22 1230 1241 1235
1086 2 2 5 25 20 19 1266
1087 2 2 5 25 19 22 1266
1088 2 2 5 25 21 20 1266
1089 2 2 5 25 22 21 1266
1090 2 2 4 26 10 202 1339
1091 2 2 4 26 312 10 1339
1092 2 2 4 26 226 14 1430
1093 2 2 4 26 14 412 1408
1094 2 2 4 26 14 1408 1430
1095 2 2 4 26 19 336 1410
1096 2 2 4 26 417 19 1410
1097 2 2 4 26 416 23 1422
1098 2 2 4 26 23 421 1422
1099 2 2 4 26 202 203 1399
1100 2 2 4 26 1339 202 1399
1101 2 2 4 26 203 204 1284
1102 2 2 4 26 203 1284 1399
1103 2 2 4 26 204 205 1364
1104 2 2 4 26 1284 204 1364
1105 2 2 4 26 205 206 1278
1106 2 2 4 26 205 1278 1364
1107 2 2 4 26 206 207 1362
1108 2 2 4 26 1278 206 1362
1109 2 2 4 26 207 208 1275
1110 2 2 4 26 207 1275 1362
1111 2 2 4 26 208 209 1355
1112 2 2 4 26 1275 208 1355
1113 2 2 4 26 209 210 1273
1114 2 2 4 26 209 1273 1355
1115 2 2 4 26 210 211 1380
1116 2 2 4 26 1273 210 1380
1117 2 2 4 26 211 212 1427
1118 2 2 4 26 1380 211 1427
1119 2 2 4 26 212 213 1269
1120 2 2 4 26 212 1269 1427
1121 2 2 4 26 213 214 1409
1122 2 2 4 26 1269 213 1409
1123 2 2 4 26 214 215 1283
1124 2 2 4 26 214 1283 1409
1125 2 2 4 26 215 216 1386
1126 2 2 4 26 1283 215 1386
1127 2 2 4 26 216 217 1268
1128 2 2 4 26 216 1268 1386
1129 2 2 4 26 217 218 1385
1130 2 2 4 26 1268 217 1385
1131 2 2 4 26 218 219 1396
1132 2 2 4 26 1385 218 1396
1133 2 2 4 26 219 220 1272
1134 2 2 4 26 219 1272 1396
1135 2 2 4 26 220 221 1397
1136 2 2 4 26 1272 220 1397
1137 2 2 4 26 221 222 1402
1138 2 2 4 26 1397 221 1402
1139 2 2 4 26 222 223 1276
1140 2 2 4 26 222 1276 1402
1141 2 2 4 26 223 224 1401
1142 2 2 4 26 1276 223 1401
1143 2 2 4 26 224 225 1286
1144 2 2 4 26 224 1286 1401
1145 2 2 4 26 225 226 1430
1146 2 2 4 26 1286 225 1430
1147 2 2 4 26 313 312 1339
1148 2 2 4 26 314 313 1290
1149 2 2 4 26 1290 313 1339
1150 2 2 4 26 315 314 1359
1151 2 2 4 26 314 1290 1359
1152 2 2 4 26 316 315 1285
1153 2 2 4 26 1285 315 1359
1154 2 2 4 26 317 316 1357
1155 2 2 4 26 316 1285 1357
1156 2 2 4 26 318 317 1280
1157 2 2 4 26 1280 317 1357
1158 2 2 4 26 319 318 1354
1159 2 2 4 26 318 1280 1354
1160 2 2 4 26 320 319 1279
1161 2 2 4 26 1279 319 1354
1162 2 2 4 26 321 320 1374
1163 2 2 4 26 320 1279 1374
1164 2 2 4 26 322 321 1379
1165 2 2 4 26 321 1374 1379
1166 2 2 4 26 323 322 1270
1167 2 2 4 26 1270 322 1379
1168 2 2 4 26 324 323 1382
1169 2 2 4 26 323 1270 1382
1170 2 2 4 26 325 324 1282
1171 2 2 4 26 1282 324 1382
1172 2 2 4 26 326 325 1431
1173 2 2 4 26 325 1282 1431
1174 2 2 4 26 327 326 1267
1175 2 2 4 26 1267 326 1431
1176 2 2 4 26 328 327 1436
1177 2 2 4 26 327 1267 1436
1178 2 2 4 26 329 328 1405
1179 2 2 4 26 1405 328 1436
1180 2 2 4 26 330 329 1271
1181 2 2 4 26 1271 329 1405
1182 2 2 4 26 331 330 1395
1183 2 2 4 26 330 1271 1395
1184 2 2 4 26 332 331 1416
1185 2 2 4 26 331 1395 1416
1186 2 2 4 26 333 332 1277
1187 2 2 4 26 1277 332 1416
1188 2 2 4 26 334 333 1403
1189 2 2 4 26 333 1277 1403
1190 2 2 4 26 335 334 1287
1191 2 2 4 26 1287 334 1403
1192 2 2 4 26 336 335 1410
1193 2 2 4 26 335 1287 1410
1194 2 2 4 26 412 413 1288
1195 2 2 4 26 412 1288 1408
1196 2 2 4 26 413 414 1425
1197 2 2 4 26 1288 413 1425
1198 2 2 4 26 414 415 1274
1199 2 2 4 26 414 1274 1291
1200 2 2 4 26 414 1291 1425
1201 2 2 4 26 415 416 1356
1202 2 2 4 26 1274 415 1356
1203 2 2 4 26 1356 416 1422
1204 2 2 4 26 418 417 1325
1205 2 2 4 26 1325 417 1406
1206 2 2 4 26 1406 417 1410
1207 2 2 4 26 419 418 1281
1208 2 2 4 26 1281 418 1325
1209 2 2 4 26 420 419 1428
1210 2 2 4 26 419 1281 1428
1211 2 2 4 26 421 420 1289
1212 2 2 4 26 1289 420 1383
1213 2 2 4 26 1383 420 1428
1214 2 2 4 26 421 1289 1422
1215 2 2 4 26 1373 1267 1375
1216 2 2 4 26 1267 1373 1436
1217 2 2 4 26 1375 1267 1376
1218 2 2 4 26 1376 1267 1431
1219 2 2 4 26 1268 1385 1442
1220 2 2 4 26 1386 1268 1411
1221 2 2 4 26 1411 1268 1442
1222 2 2 4 26 1344 1269 1346
1223 2 2 4 26 1269 1344 1347
1224 2 2 4 26 1346 1269 1409
1225 2 2 4 26 1269 1347 1427
1226 2 2 4 26 1270 1379 1398
1227 2 2 4 26 1382 1270 1420
1228 2 2 4 26 1270 1398 1420
1229 2 2 4 26 1372 1271 1405
1230 2 2 4 26 1271 1372 1433
1231 2 2 4 26 1395 1271 1433
1232 2 2 4 26 1361 1272 1397
1233 2 2 4 26 1272 1361 1426
1234 2 2 4 26 1396 1272 1426
1235 2 2 4 26 1355 1273 1423
1236 2 2 4 26 1273 1380 1413
1237 2 2 4 26 1273 1413 1423
1238 2 2 4 26 1291 1274 1292
1239 2 2 4 26 1292 1274 1404
1240 2 2 4 26 1274 1356 1404
1241 2 2 4 26 1352 1275 1355
1242 2 2 4 26 1275 1352 1363
1243 2 2 4 26 1362 1275 1363
1244 2 2 4 26 1276 1401 1439
1245 2 2 4 26 1402 1276 1415
1246 2 2 4 26 1415 1276 1439
1247 2 2 4 26 1394 1277 1416
1248 2 2 4 26 1277 1394 1421
1249 2 2 4 26 1403 1277 1421
1250 2 2 4 26 1278 1362 1390
1251 2 2 4 26 1364 1278 1389
1252 2 2 4 26 1389 1278 1390
1253 2 2 4 26 1279 1354 1412
1254 2 2 4 26 1374 1279 1440
1255 2 2 4 26 1279 1412 1440
1256 2 2 4 26 1354 1280 1414
1257 2 2 4 26 1280 1357 1358
1258 2 2 4 26 1280 1358 1414
1259 2 2 4 26 1281 1325 1326
1260 2 2 4 26 1281 1326 1327
1261 2 2 4 26 1281 1327 1428
1262 2 2 4 26 1368 1282 1382
1263 2 2 4 26 1282 1368 1441
1264 2 2 4 26 1282 1376 1431
1265 2 2 4 26 1376 1282 1441
1266 2 2 4 26 1283 1386 1434
1267 2 2 4 26 1409 1283 1438
1268 2 2 4 26 1283 1434 1438
1269 2 2 4 26 1284 1364 1432
1270 2 2 4 26 1284 1377 1399
1271 2 2 4 26 1377 1284 1432
1272 2 2 4 26 1357 1285 1391
1273 2 2 4 26 1285 1359 1360
1274 2 2 4 26 1285 1360 1391
1275 2 2 4 26 1286 1384 1401
1276 2 2 4 26 1384 1286 1408
1277 2 2 4 26 1408 1286 1430
1278 2 2 4 26 1378 1287 1403
1279 2 2 4 26 1287 1378 1406
1280 2 2 4 26 1287 1406 1410
1281 2 2 4 26 1288 1369 1384
1282 2 2 4 26 1369 1288 1425
1283 2 2 4 26 1288 1384 1408
1284 2 2 4 26 1356 1289 1419
1285 2 2 4 26 1289 1356 1422
1286 2 2 4 26 1289 1383 1392
1287 2 2 4 26 1289 1392 1419
1288 2 2 4 26 1290 1339 1399
1289 2 2 4 26 1359 1290 1377
1290 2 2 4 26 1377 1290 1399
1291 2 2 4 26 1291 1292 1293
1292 2 2 4 26 1291 1293 1369
1293 2 2 4 26 1291 1369 1425
1294 2 2 4 26 1293 1292 1294
1295 2 2 4 26 1294 1292 1295
1296 2 2 4 26 1295 1292 1404
1297 2 2 4 26 1293 1294 1314
1298 2 2 4 26 1293 1314 1316
1299 2 2 4 26 1293 1316 1369
1300 2 2 4 26 1294 1295 1296
1301 2 2 4 26 1294 1296 1320
1302 2 2 4 26 1314 1294 1320
1303 2 2 4 26 1296 1295 1297
1304 2 2 4 26 1297 1295 1318
1305 2 2 4 26 1318 1295 1404
1306 2 2 4 26 1296 1297 1298
1307 2 2 4 26 1296 1298 1299
1308 2 2 4 26 1296 1299 1429
1309 2 2 4 26 1320 1296 1429
1310 2 2 4 26 1298 1297 1407
1311 2 2 4 26 1297 1318 1319
1312 2 2 4 26 1297 1319 1407
1313 2 2 4 26 1299 1298 1300
1314 2 2 4 26 1300 1298 1301
1315 2 2 4 26 1301 1298 1407
1316 2 2 4 26 1299 1300 1302
1317 2 2 4 26 1299 1302 1305
1318 2 2 4 26 1299 1305 1429
1319 2 2 4 26 1300 1301 1371
1320 2 2 4 26 1302 1300 1303
1321 2 2 4 26 1303 1300 1371
1322 2 2 4 26 1301 1338 1371
1323 2 2 4 26 1338 1301 1388
1324 2 2 4 26 1388 1301 1407
1325 2 2 4 26 1302 1303 1304
1326 2 2 4 26 1302 1304 1340
1327 2 2 4 26 1305 1302 1340
1328 2 2 4 26 1304 1303 1306
1329 2 2 4 26 1306 1303 1307
1330 2 2 4 26 1307 1303 1371
1331 2 2 4 26 1304 1306 1308
1332 2 2 4 26 1304 1308 1435
1333 2 2 4 26 1340 1304 1343
1334 2 2 4 26 1343 1304 1435
1335 2 2 4 26 1305 1340 1341
1336 2 2 4 26 1305 1341 1381
1337 2 2 4 26 1305 1381 1429
1338 2 2 4 26 1306 1307 1365
1339 2 2 4 26 1308 1306 1309
1340 2 2 4 26 1309 1306 1365
1341 2 2 4 26 1365 1307 1366
1342 2 2 4 26 1366 1307 1400
1343 2 2 4 26 1307 1371 1400
1344 2 2 4 26 1308 1309 1310
1345 2 2 4 26 1308 1310 1311
1346 2 2 4 26 1308 1311 1435
1347 2 2 4 26 1310 1309 1312
1348 2 2 4 26 1312 1309 1315
1349 2 2 4 26 1315 1309 1365
1350 2 2 4 26 1311 1310 1348
1351 2 2 4 26 1310 1312 1313
1352 2 2 4 26 1310 1313 1348
1353 2 2 4 26 1311 1348 1393
1354 2 2 4 26 1311 1393 1417
1355 2 2 4 26 1311 1417 1435
1356 2 2 4 26 1313 1312 1351
1357 2 2 4 26 1312 1315 1317
1358 2 2 4 26 1312 1317 1351
1359 2 2 4 26 1348 1313 1349
1360 2 2 4 26 1349 1313 1350
1361 2 2 4 26 1350 1313 1351
1362 2 2 4 26 1316 1314 1443
1363 2 2 4 26 1314 1320 1321
1364 2 2 4 26 1314 1321 1322
1365 2 2 4 26 1314 1322 1443
1366 2 2 4 26 1317 1315 1398
1367 2 2 4 26 1315 1365 1367
1368 2 2 4 26 1315 1367 1398
1369 2 2 4 26 1316 1361 1415
1370 2 2 4 26 1361 1316 1443
1371 2 2 4 26 1369 1316 1370
1372 2 2 4 26 1370 1316 1415
1373 2 2 4 26 1351 1317 1440
1374 2 2 4 26 1374 1317 1379
1375 2 2 4 26 1317 1374 1440
1376 2 2 4 26 1379 1317 1398
1377 2 2 4 26 1319 1318 1392
1378 2 2 4 26 1392 1318 1419
1379 2 2 4 26 1318 1404 1419
1380 2 2 4 26 1319 1336 1407
1381 2 2 4 26 1336 1319 1418
1382 2 2 4 26 1319 1392 1424
1383 2 2 4 26 1418 1319 1424
1384 2 2 4 26 1321 1320 1381
1385 2 2 4 26 1381 1320 1429
1386 2 2 4 26 1322 1321 1323
1387 2 2 4 26 1323 1321 1324
1388 2 2 4 26 1324 1321 1381
1389 2 2 4 26 1322 1323 1426
1390 2 2 4 26 1361 1322 1426
1391 2 2 4 26 1322 1361 1443
1392 2 2 4 26 1323 1324 1442
1393 2 2 4 26 1323 1385 1396
1394 2 2 4 26 1385 1323 1442
1395 2 2 4 26 1323 1396 1426
1396 2 2 4 26 1324 1341 1345
1397 2 2 4 26 1341 1324 1381
1398 2 2 4 26 1324 1345 1411
1399 2 2 4 26 1324 1411 1442
1400 2 2 4 26 1326 1325 1335
1401 2 2 4 26 1335 1325 1378
1402 2 2 4 26 1378 1325 1406
1403 2 2 4 26 1327 1326 1328
1404 2 2 4 26 1328 1326 1329
1405 2 2 4 26 1329 1326 1335
1406 2 2 4 26 1327 1328 1418
1407 2 2 4 26 1327 1418 1424
1408 2 2 4 26 1327 1424 1428
1409 2 2 4 26 1328 1329 1330
1410 2 2 4 26 1328 1330 1336
1411 2 2 4 26 1328 1336 1418
1412 2 2 4 26 1330 1329 1331
1413 2 2 4 26 1331 1329 1337
1414 2 2 4 26 1329 1335 1337
1415 2 2 4 26 1330 1331 1332
1416 2 2 4 26 1330 1332 1388
1417 2 2 4 26 1336 1330 1388
1418 2 2 4 26 1332 1331 1333
1419 2 2 4 26 1333 1331 1372
1420 2 2 4 26 1331 1337 1433
1421 2 2 4 26 1372 1331 1433
1422 2 2 4 26 1332 1333 1334
1423 2 2 4 26 1332 1334 1338
1424 2 2 4 26 1332 1338 1388
1425 2 2 4 26 1334 1333 1375
1426 2 2 4 26 1333 1372 1373
1427 2 2 4 26 1333 1373 1375
1428 2 2 4 26 1338 1334 1400
1429 2 2 4 26 1334 1375 1387
1430 2 2 4 26 1334 1387 1400
1431 2 2 4 26 1337 1335 1394
1432 2 2 4 26 1335 1378 1421
1433 2 2 4 26 1394 1335 1421
1434 2 2 4 26 1336 1388 1407
1435 2 2 4 26 1337 1394 1395
1436 2 2 4 26 1337 1395 1433
1437 2 2 4 26 1371 1338 1400
1438 2 2 4 26 1341 1340 1342
1439 2 2 4 26 1342 1340 1343
1440 2 2 4 26 1341 1342 1345
1441 2 2 4 26 1342 1343 1344
1442 2 2 4 26 1342 1344 1346
1443 2 2 4 26 1345 1342 1346
1444 2 2 4 26 1344 1343 1417
1445 2 2 4 26 1417 1343 1435
1446 2 2 4 26 1347 1344 1417
1447 2 2 4 26 1345 1346 1438
1448 2 2 4 26 1411 1345 1434
1449 2 2 4 26 1434 1345 1438
1450 2 2 4 26 1346 1409 1438
1451 2 2 4 26 1380 1347 1393
1452 2 2 4 26 1347 1380 1427
1453 2 2 4 26 1393 1347 1417
1454 2 2 4 26 1348 1349 1413
1455 2 2 4 26 1393 1348 1413
1456 2 2 4 26 1349 1350 1352
1457 2 2 4 26 1349 1352 1423
1458 2 2 4 26 1413 1349 1423
1459 2 2 4 26 1350 1351 1412
1460 2 2 4 26 1352 1350 1353
1461 2 2 4 26 1353 1350 1412
1462 2 2 4 26 1412 1351 1440
1463 2 2 4 26 1352 1353 1363
1464 2 2 4 26 1352 1355 1423
1465 2 2 4 26 1354 1353 1412
1466 2 2 4 26 1353 1354 1414
1467 2 2 4 26 1363 1353 1437
1468 2 2 4 26 1353 1414 1437
1469 2 2 4 26 1404 1356 1419
1470 2 2 4 26 1358 1357 1391
1471 2 2 4 26 1390 1358 1391
1472 2 2 4 26 1358 1390 1437
1473 2 2 4 26 1414 1358 1437
1474 2 2 4 26 1360 1359 1377
1475 2 2 4 26 1360 1377 1432
1476 2 2 4 26 1360 1389 1391
1477 2 2 4 26 1389 1360 1432
1478 2 2 4 26 1361 1397 1402
1479 2 2 4 26 1361 1402 1415
1480 2 2 4 26 1362 1363 1390
1481 2 2 4 26 1390 1363 1437
1482 2 2 4 26 1364 1389 1432
1483 2 2 4 26 1365 1366 1367
1484 2 2 4 26 1367 1366 1368
1485 2 2 4 26 1368 1366 1387
1486 2 2 4 26 1387 1366 1400
1487 2 2 4 26 1367 1368 1420
1488 2 2 4 26 1398 1367 1420
1489 2 2 4 26 1368 1382 1420
1490 2 2 4 26 1368 1387 1441
1491 2 2 4 26 1369 1370 1384
1492 2 2 4 26 1384 1370 1439
1493 2 2 4 26 1370 1415 1439
1494 2 2 4 26 1373 1372 1405
1495 2 2 4 26 1373 1405 1436
1496 2 2 4 26 1375 1376 1387
1497 2 2 4 26 1387 1376 1441
1498 2 2 4 26 1378 1403 1421
1499 2 2 4 26 1380 1393 1413
1500 2 2 4 26 1392 1383 1424
1501 2 2 4 26 1424 1383 1428
1502 2 2 4 26 1401 1384 1439
1503 2 2 4 26 1386 1411 1434
1504 2 2 4 26 1389 1390 1391
1505 2 2 4 26 1395 1394 1416
1506 2 2 5 27 412 14 15
1507 2 2 5 27 412 15 422
1508 2 2 5 27 23 426 24
1509 2 2 5 27 426 23 416
1510 2 2 5 27 423 413 412
1511 2 2 5 27 423 412 422
1512 2 2 5 27 413 424 414
1513 2 2 5 27 413 423 424
1514 2 2 5 27 414 425 415
1515 2 2 5 27 414 424 425
1516 2 2 5 27 415 426 416
1517 2 2 5 27 425 426 415
1518 2 2 5 29 427 22 19
1519 2 2 5 29 19 417 427
1520 2 2 5 29 23 24 431
1521 2 2 5 29 431 421 23
1522 2 2 5 29 417 418 428
1523 2 2 5 29 417 428 427
1524 2 2 5 29 428 418 419
1525 2 2 5 29 419 420 430
1526 2 2 5 29 428 419 429
1527 2 2 5 29 419 430 429
1528 2 2 5 29 420 421 431
1529 2 2 5 29 430 420 431
1530 2 2 5 30 276 12 1788
1531 2 2 5 30 12 362 1788
1532 2 2 5 30 16 252 1761
1533 2 2 5 30 432 16 1761
1534 2 2 5 30 386 21 1792
1535 2 2 5 30 21 442 1792
1536 2 2 5 30 25 436 1775
1537 2 2 5 30 437 25 1775
1538 2 2 5 30 252 253 1761
1539 2 2 5 30 253 254 1641
1540 2 2 5 30 253 1641 1761
1541 2 2 5 30 254 255 1753
1542 2 2 5 30 1641 254 1753
1543 2 2 5 30 255 256 1630
1544 2 2 5 30 255 1630 1753
1545 2 2 5 30 256 257 1748
1546 2 2 5 30 1630 256 1748
1547 2 2 5 30 257 258 1747
1548 2 2 5 30 257 1747 1748
1549 2 2 5 30 258 259 1626
1550 2 2 5 30 258 1626 1747
1551 2 2 5 30 259 260 1741
1552 2 2 5 30 1626 259 1741
1553 2 2 5 30 260 261 1734
1554 2 2 5 30 260 1734 1741
1555 2 2 5 30 261 262 1621
1556 2 2 5 30 261 1621 1734
1557 2 2 5 30 262 263 1735
1558 2 2 5 30 1621 262 1735
1559 2 2 5 30 263 264 1634
1560 2 2 5 30 263 1634 1735
1561 2 2 5 30 264 265 1727
1562 2 2 5 30 1634 264 1727
1563 2 2 5 30 265 266 1623
1564 2 2 5 30 265 1623 1727
1565 2 2 5 30 266 267 1796
1566 2 2 5 30 1623 266 1796
1567 2 2 5 30 267 268 1782
1568 2 2 5 30 267 1782 1796
1569 2 2 5 30 268 269 1633
1570 2 2 5 30 268 1633 1782
1571 2 2 5 30 269 270 1707
1572 2 2 5 30 1633 269 1707
1573 2 2 5 30 270 271 1635
1574 2 2 5 30 270 1635 1707
1575 2 2 5 30 271 272 1712
1576 2 2 5 30 1635 271 1712
1577 2 2 5 30 272 273 1638
1578 2 2 5 30 272 1638 1712
1579 2 2 5 30 273 274 1713
1580 2 2 5 30 1638 273 1713
1581 2 2 5 30 274 275 1644
1582 2 2 5 30 274 1644 1713
1583 2 2 5 30 275 276 1768
1584 2 2 5 30 1644 275 1768
1585 2 2 5 30 1768 276 1788
1586 2 2 5 30 362 363 1642
1587 2 2 5 30 362 1642 1788
1588 2 2 5 30 363 364 1719
1589 2 2 5 30 1642 363 1719
1590 2 2 5 30 364 365 1637
1591 2 2 5 30 364 1637 1719
1592 2 2 5 30 365 366 1718
1593 2 2 5 30 1637 365 1718
1594 2 2 5 30 366 367 1632
1595 2 2 5 30 366 1632 1718
1596 2 2 5 30 367 368 1717
1597 2 2 5 30 1632 367 1717
1598 2 2 5 30 368 369 1628
1599 2 2 5 30 368 1628 1717
1600 2 2 5 30 369 370 1723
1601 2 2 5 30 1628 369 1723
1602 2 2 5 30 370 371 1627
1603 2 2 5 30 370 1627 1723
1604 2 2 5 30 371 372 1767
1605 2 2 5 30 1627 371 1767
1606 2 2 5 30 372 373 1750
1607 2 2 5 30 372 1750 1767
1608 2 2 5 30 373 374 1624
1609 2 2 5 30 373 1624 1750
1610 2 2 5 30 374 375 1728
1611 2 2 5 30 1624 374 1728
1612 2 2 5 30 375 376 1736
1613 2 2 5 30 1728 375 1736
1614 2 2 5 30 376 377 1622
1615 2 2 5 30 376 1622 1736
1616 2 2 5 30 377 378 1733
1617 2 2 5 30 1622 377 1733
1618 2 2 5 30 378 379 1786
1619 2 2 5 30 1733 378 1786
1620 2 2 5 30 379 380 1625
1621 2 2 5 30 379 1625 1786
1622 2 2 5 30 380 381 1770
1623 2 2 5 30 1625 380 1770
1624 2 2 5 30 381 382 1746
1625 2 2 5 30 381 1746 1770
1626 2 2 5 30 382 383 1631
1627 2 2 5 30 382 1631 1746
1628 2 2 5 30 383 384 1754
1629 2 2 5 30 1631 383 1754
1630 2 2 5 30 384 385 1639
1631 2 2 5 30 384 1639 1754
1632 2 2 5 30 385 386 1751
1633 2 2 5 30 1639 385 1751
1634 2 2 5 30 1751 386 1792
1635 2 2 5 30 433 432 1682
1636 2 2 5 30 1682 432 1756
1637 2 2 5 30 1756 432 1761
1638 2 2 5 30 434 433 1636
1639 2 2 5 30 1636 433 1682
1640 2 2 5 30 435 434 1778
1641 2 2 5 30 434 1636 1778
1642 2 2 5 30 436 435 1643
1643 2 2 5 30 1643 435 1737
1644 2 2 5 30 1737 435 1778
1645 2 2 5 30 436 1643 1775
1646 2 2 5 30 438 437 1706
1647 2 2 5 30 1706 437 1775
1648 2 2 5 30 439 438 1629
1649 2 2 5 30 1629 438 1706
1650 2 2 5 30 440 439 1776
1651 2 2 5 30 439 1629 1646
1652 2 2 5 30 439 1646 1776
1653 2 2 5 30 441 440 1640
1654 2 2 5 30 1640 440 1776
1655 2 2 5 30 442 441 1645
1656 2 2 5 30 441 1640 1645
1657 2 2 5 30 442 1645 1792
1658 2 2 5 30 1734 1621 1740
1659 2 2 5 30 1621 1735 1797
1660 2 2 5 30 1740 1621 1797
1661 2 2 5 30 1622 1733 1793
1662 2 2 5 30 1736 1622 1749
1663 2 2 5 30 1749 1622 1793
1664 2 2 5 30 1681 1623 1695
1665 2 2 5 30 1623 1681 1696
1666 2 2 5 30 1695 1623 1796
1667 2 2 5 30 1623 1696 1727
1668 2 2 5 30 1624 1703 1750
1669 2 2 5 30 1703 1624 1791
1670 2 2 5 30 1624 1728 1791
1671 2 2 5 30 1743 1625 1779
1672 2 2 5 30 1625 1743 1786
1673 2 2 5 30 1625 1770 1779
1674 2 2 5 30 1626 1741 1742
1675 2 2 5 30 1626 1742 1773
1676 2 2 5 30 1747 1626 1773
1677 2 2 5 30 1627 1711 1723
1678 2 2 5 30 1711 1627 1787
1679 2 2 5 30 1627 1767 1787
1680 2 2 5 30 1710 1628 1744
1681 2 2 5 30 1628 1710 1781
1682 2 2 5 30 1717 1628 1781
1683 2 2 5 30 1628 1723 1744
1684 2 2 5 30 1646 1629 1647
1685 2 2 5 30 1647 1629 1755
1686 2 2 5 30 1629 1706 1755
1687 2 2 5 30 1630 1748 1763
1688 2 2 5 30 1753 1630 1780
1689 2 2 5 30 1630 1763 1780
1690 2 2 5 30 1631 1725 1746
1691 2 2 5 30 1725 1631 1766
1692 2 2 5 30 1631 1754 1766
1693 2 2 5 30 1632 1717 1762
1694 2 2 5 30 1718 1632 1732
1695 2 2 5 30 1732 1632 1762
1696 2 2 5 30 1633 1707 1731
1697 2 2 5 30 1633 1731 1790
1698 2 2 5 30 1633 1745 1782
1699 2 2 5 30 1745 1633 1790
1700 2 2 5 30 1634 1727 1760
1701 2 2 5 30 1735 1634 1774
1702 2 2 5 30 1634 1760 1774
1703 2 2 5 30 1707 1635 1708
1704 2 2 5 30 1708 1635 1709
1705 2 2 5 30 1709 1635 1712
1706 2 2 5 30 1636 1682 1683
1707 2 2 5 30 1636 1683 1684
1708 2 2 5 30 1636 1684 1778
1709 2 2 5 30 1637 1718 1794
1710 2 2 5 30 1719 1637 1726
1711 2 2 5 30 1726 1637 1794
1712 2 2 5 30 1712 1638 1752
1713 2 2 5 30 1638 1713 1714
1714 2 2 5 30 1638 1714 1752
1715 2 2 5 30 1639 1645 1680
1716 2 2 5 30 1645 1639 1751
1717 2 2 5 30 1639 1680 1754
1718 2 2 5 30 1645 1640 1680
1719 2 2 5 30 1680 1640 1694
1720 2 2 5 30 1694 1640 1776
1721 2 2 5 30 1739 1641 1753
1722 2 2 5 30 1641 1739 1756
1723 2 2 5 30 1641 1756 1761
1724 2 2 5 30 1642 1719 1789
1725 2 2 5 30 1642 1768 1788
1726 2 2 5 30 1768 1642 1789
1727 2 2 5 30 1706 1643 1769
1728 2 2 5 30 1643 1706 1775
1729 2 2 5 30 1643 1737 1738
1730 2 2 5 30 1643 1738 1769
1731 2 2 5 30 1713 1644 1726
1732 2 2 5 30 1726 1644 1789
1733 2 2 5 30 1644 1768 1789
1734 2 2 5 30 1645 1751 1792
1735 2 2 5 30 1646 1647 1648
1736 2 2 5 30 1646 1648 1694
1737 2 2 5 30 1646 1694 1776
1738 2 2 5 30 1648 1647 1649
1739 2 2 5 30 1649 1647 1650
1740 2 2 5 30 1650 1647 1755
1741 2 2 5 30 1648 1649 1667
1742 2 2 5 30 1648 1667 1669
1743 2 2 5 30 1648 1669 1694
1744 2 2 5 30 1649 1650 1651
1745 2 2 5 30 1649 1651 1675
1746 2 2 5 30 1667 1649 1675
1747 2 2 5 30 1651 1650 1652
1748 2 2 5 30 1652 1650 1670
1749 2 2 5 30 1670 1650 1755
1750 2 2 5 30 1651 1652 1653
1751 2 2 5 30 1651 1653 1654
1752 2 2 5 30 1651 1654 1785
1753 2 2 5 30 1675 1651 1785
1754 2 2 5 30 1653 1652 1764
1755 2 2 5 30 1652 1670 1671
1756 2 2 5 30 1652 1671 1764
1757 2 2 5 30 1654 1653 1655
1758 2 2 5 30 1655 1653 1656
1759 2 2 5 30 1656 1653 1764
1760 2 2 5 30 1654 1655 1657
1761 2 2 5 30 1654 1657 1660
1762 2 2 5 30 1654 1660 1785
1763 2 2 5 30 1655 1656 1722
1764 2 2 5 30 1657 1655 1658
1765 2 2 5 30 1658 1655 1722
1766 2 2 5 30 1722 1656 1757
1767 2 2 5 30 1757 1656 1758
1768 2 2 5 30 1758 1656 1764
1769 2 2 5 30 1657 1658 1659
1770 2 2 5 30 1657 1659 1698
1771 2 2 5 30 1660 1657 1698
1772 2 2 5 30 1659 1658 1661
1773 2 2 5 30 1661 1658 1663
1774 2 2 5 30 1663 1658 1722
1775 2 2 5 30 1659 1661 1662
1776 2 2 5 30 1659 1662 1664
1777 2 2 5 30 1659 1664 1698
1778 2 2 5 30 1660 1698 1701
1779 2 2 5 30 1660 1701 1730
1780 2 2 5 30 1660 1730 1785
1781 2 2 5 30 1662 1661 1665
1782 2 2 5 30 1661 1663 1715
1783 2 2 5 30 1665 1661 1715
1784 2 2 5 30 1664 1662 1721
1785 2 2 5 30 1662 1665 1666
1786 2 2 5 30 1662 1666 1721
1787 2 2 5 30 1715 1663 1716
1788 2 2 5 30 1716 1663 1724
1789 2 2 5 30 1663 1722 1724
1790 2 2 5 30 1698 1664 1699
1791 2 2 5 30 1699 1664 1700
1792 2 2 5 30 1700 1664 1721
1793 2 2 5 30 1666 1665 1668
1794 2 2 5 30 1668 1665 1681
1795 2 2 5 30 1681 1665 1715
1796 2 2 5 30 1666 1668 1672
1797 2 2 5 30 1666 1672 1673
1798 2 2 5 30 1666 1673 1721
1799 2 2 5 30 1669 1667 1677
1800 2 2 5 30 1667 1675 1676
1801 2 2 5 30 1667 1676 1677
1802 2 2 5 30 1672 1668 1745
1803 2 2 5 30 1668 1681 1695
1804 2 2 5 30 1668 1695 1745
1805 2 2 5 30 1669 1677 1720
1806 2 2 5 30 1694 1669 1784
1807 2 2 5 30 1669 1720 1725
1808 2 2 5 30 1669 1725 1784
1809 2 2 5 30 1671 1670 1738
1810 2 2 5 30 1738 1670 1769
1811 2 2 5 30 1670 1755 1769
1812 2 2 5 30 1671 1697 1764
1813 2 2 5 30 1697 1671 1777
1814 2 2 5 30 1671 1738 1772
1815 2 2 5 30 1671 1772 1777
1816 2 2 5 30 1673 1672 1674
1817 2 2 5 30 1674 1672 1790
1818 2 2 5 30 1672 1745 1790
1819 2 2 5 30 1673 1674 1711
1820 2 2 5 30 1705 1673 1711
1821 2 2 5 30 1673 1705 1721
1822 2 2 5 30 1711 1674 1744
1823 2 2 5 30 1674 1731 1765
1824 2 2 5 30 1731 1674 1790
1825 2 2 5 30 1744 1674 1765
1826 2 2 5 30 1676 1675 1730
1827 2 2 5 30 1730 1675 1785
1828 2 2 5 30 1677 1676 1678
1829 2 2 5 30 1678 1676 1679
1830 2 2 5 30 1679 1676 1730
1831 2 2 5 30 1677 1678 1743
1832 2 2 5 30 1720 1677 1779
1833 2 2 5 30 1677 1743 1779
1834 2 2 5 30 1678 1679 1793
1835 2 2 5 30 1678 1733 1743
1836 2 2 5 30 1733 1678 1793
1837 2 2 5 30 1679 1730 1771
1838 2 2 5 30 1749 1679 1771
1839 2 2 5 30 1679 1749 1793
1840 2 2 5 30 1680 1694 1784
1841 2 2 5 30 1754 1680 1766
1842 2 2 5 30 1766 1680 1784
1843 2 2 5 30 1696 1681 1715
1844 2 2 5 30 1683 1682 1692
1845 2 2 5 30 1692 1682 1739
1846 2 2 5 30 1739 1682 1756
1847 2 2 5 30 1684 1683 1685
1848 2 2 5 30 1685 1683 1686
1849 2 2 5 30 1686 1683 1692
1850 2 2 5 30 1684 1685 1777
1851 2 2 5 30 1772 1684 1777
1852 2 2 5 30 1684 1772 1778
1853 2 2 5 30 1685 1686 1687
1854 2 2 5 30 1685 1687 1697
1855 2 2 5 30 1685 1697 1777
1856 2 2 5 30 1687 1686 1688
1857 2 2 5 30 1688 1686 1795
1858 2 2 5 30 1686 1692 1693
1859 2 2 5 30 1686 1693 1795
1860 2 2 5 30 1687 1688 1689
1861 2 2 5 30 1687 1689 1758
1862 2 2 5 30 1697 1687 1758
1863 2 2 5 30 1689 1688 1690
1864 2 2 5 30 1690 1688 1742
1865 2 2 5 30 1742 1688 1795
1866 2 2 5 30 1689 1690 1691
1867 2 2 5 30 1689 1691 1757
1868 2 2 5 30 1689 1757 1758
1869 2 2 5 30 1691 1690 1740
1870 2 2 5 30 1740 1690 1783
1871 2 2 5 30 1690 1742 1783
1872 2 2 5 30 1724 1691 1729
1873 2 2 5 30 1691 1724 1757
1874 2 2 5 30 1729 1691 1740
1875 2 2 5 30 1693 1692 1763
1876 2 2 5 30 1692 1739 1780
1877 2 2 5 30 1763 1692 1780
1878 2 2 5 30 1747 1693 1748
1879 2 2 5 30 1693 1747 1773
1880 2 2 5 30 1748 1693 1763
1881 2 2 5 30 1693 1773 1795
1882 2 2 5 30 1745 1695 1782
1883 2 2 5 30 1782 1695 1796
1884 2 2 5 30 1696 1715 1716
1885 2 2 5 30 1696 1716 1760
1886 2 2 5 30 1727 1696 1760
1887 2 2 5 30 1697 1758 1764
1888 2 2 5 30 1698 1699 1701
1889 2 2 5 30 1699 1700 1703
1890 2 2 5 30 1701 1699 1702
1891 2 2 5 30 1702 1699 1703
1892 2 2 5 30 1703 1700 1704
1893 2 2 5 30 1704 1700 1705
1894 2 2 5 30 1705 1700 1721
1895 2 2 5 30 1701 1702 1771
1896 2 2 5 30 1730 1701 1771
1897 2 2 5 30 1702 1703 1791
1898 2 2 5 30 1702 1759 1771
1899 2 2 5 30 1759 1702 1791
1900 2 2 5 30 1703 1704 1750
1901 2 2 5 30 1704 1705 1787
1902 2 2 5 30 1750 1704 1767
1903 2 2 5 30 1767 1704 1787
1904 2 2 5 30 1705 1711 1787
1905 2 2 5 30 1755 1706 1769
1906 2 2 5 30 1707 1708 1731
1907 2 2 5 30 1708 1709 1710
1908 2 2 5 30 1708 1710 1765
1909 2 2 5 30 1731 1708 1765
1910 2 2 5 30 1710 1709 1781
1911 2 2 5 30 1709 1712 1752
1912 2 2 5 30 1709 1752 1762
1913 2 2 5 30 1709 1762 1781
1914 2 2 5 30 1710 1744 1765
1915 2 2 5 30 1723 1711 1744
1916 2 2 5 30 1714 1713 1726
1917 2 2 5 30 1714 1726 1794
1918 2 2 5 30 1714 1732 1752
1919 2 2 5 30 1732 1714 1794
1920 2 2 5 30 1716 1724 1729
1921 2 2 5 30 1716 1729 1774
1922 2 2 5 30 1760 1716 1774
1923 2 2 5 30 1762 1717 1781
1924 2 2 5 30 1718 1732 1794
1925 2 2 5 30 1719 1726 1789
1926 2 2 5 30 1725 1720 1746
1927 2 2 5 30 1746 1720 1770
1928 2 2 5 30 1770 1720 1779
1929 2 2 5 30 1724 1722 1757
1930 2 2 5 30 1725 1766 1784
1931 2 2 5 30 1728 1736 1759
1932 2 2 5 30 1728 1759 1791
1933 2 2 5 30 1729 1740 1797
1934 2 2 5 30 1774 1729 1797
1935 2 2 5 30 1752 1732 1762
1936 2 2 5 30 1743 1733 1786
1937 2 2 5 30 1734 1740 1783
1938 2 2 5 30 1741 1734 1783
1939 2 2 5 30 1735 1774 1797
1940 2 2 5 30 1736 1749 1759
1941 2 2 5 30 1738 1737 1772
1942 2 2 5 30 1772 1737 1778
1943 2 2 5 30 1739 1753 1780
1944 2 2 5 30 1742 1741 1783
1945 2 2 5 30 1773 1742 1795
1946 2 2 5 30 1759 1749 1771
1947 2 2 5 32 443 17 16
1948 2 2 5 32 443 16 432
1949 2 2 5 32 26 436 25
1950 2 2 5 32 436 26 447
1951 2 2 5 32 433 443 432
1952 2 2 5 32 445 433 434
1953 2 2 5 32 443 433 444
1954 2 2 5 32 433 445 444
1955 2 2 5 32 445 434 435
1956 2 2 5 32 436 447 435
1957 2 2 5 32 445 435 446
1958 2 2 5 32 435 447 446
1959 2 2 5 33 22 442 21
1960 2 2 5 33 448 442 22
1961 2 2 5 33 452 26 25
1962 2 2 5 33 452 25 437
1963 2 2 5 33 437 438 451
1964 2 2 5 33 452 437 451
1965 2 2 5 33 439 450 438
1966 2 2 5 33 438 450 451
1967 2 2 5 33 439 440 449
1968 2 2 5 33 449 450 439
1969 2 2 5 33 448 440 441
1970 2 2 5 33 449 440 448
1971 2 2 5 33 441 442 448
1972 2 2 5 34 306 17 1978
1973 2 2 5 34 17 443 1978
1974 2 2 5 34 18 301 1993
1975 2 2 5 34 453 18 1993
1976 2 2 5 34 447 26 1994
1977 2 2 5 34 26 460 1994
1978 2 2 5 34 27 456 1995
1979 2 2 5 34 457 27 1995
1980 2 2 5 34 301 302 1981
1981 2 2 5 34 301 1981 1993
1982 2 2 5 34 302 303 1970
1983 2 2 5 34 302 1970 1981
1984 2 2 5 34 303 304 1997
1985 2 2 5 34 1970 303 1979
1986 2 2 5 34 1979 303 1997
1987 2 2 5 34 304 305 1971
1988 2 2 5 34 304 1971 1997
1989 2 2 5 34 305 306 1978
1990 2 2 5 34 1971 305 1978
1991 2 2 5 34 443 444 1977
1992 2 2 5 34 443 1977 1978
1993 2 2 5 34 444 445 1973
1994 2 2 5 34 444 1973 1977
1995 2 2 5 34 445 446 1968
1996 2 2 5 34 445 1968 1973
1997 2 2 5 34 446 447 1982
1998 2 2 5 34 1968 446 1982
1999 2 2 5 34 1982 447 1994
2000 2 2 5 34 454 453 1987
2001 2 2 5 34 1987 453 1993
2002 2 2 5 34 455 454 1969
2003 2 2 5 34 1969 454 1987
2004 2 2 5 34 456 455 1989
2005 2 2 5 34 455 1969 1989
2006 2 2 5 34 456 1989 1995
2007 2 2 5 34 458 457 1988
2008 2 2 5 34 1988 457 1995
2009 2 2 5 34 459 458 1972
2010 2 2 5 34 1972 458 1988
2011 2 2 5 34 460 459 1986
2012 2 2 5 34 459 1972 1986
2013 2 2 5 34 460 1986 1994
2014 2 2 5 34 1973 1968 1974
2015 2 2 5 34 1974 1968 1975
2016 2 2 5 34 1975 1968 1982
2017 2 2 5 34 1969 1983 1984
2018 2 2 5 34 1983 1969 1996
2019 2 2 5 34 1969 1984 1989
2020 2 2 5 34 1969 1987 1996
2021 2 2 5 34 1970 1979 1991
2022 2 2 5 34 1981 1970 1990
2023 2 2 5 34 1990 1970 1991
2024 2 2 5 34 1977 1971 1978
2025 2 2 5 34 1971 1977 1985
2026 2 2 5 34 1971 1985 1997
2027 2 2 5 34 1980 1972 1984
2028 2 2 5 34 1972 1980 1992
2029 2 2 5 34 1984 1972 1988
2030 2 2 5 34 1986 1972 1992
2031 2 2 5 34 1973 1974 1985
2032 2 2 5 34 1977 1973 1985
2033 2 2 5 34 1974 1975 1976
2034 2 2 5 34 1974 1976 1991
2035 2 2 5 34 1985 1974 1998
2036 2 2 5 34 1974 1991 1998
2037 2 2 5 34 1976 1975 1980
2038 2 2 5 34 1980 1975 1992
2039 2 2 5 34 1975 1982 1992
2040 2 2 5 34 1976 1980 1983
2041 2 2 5 34 1976 1983 1990
2042 2 2 5 34 1976 1990 1991
2043 2 2 5 34 1985 1979 1997
2044 2 2 5 34 1979 1985 1998
2045 2 2 5 34 1991 1979 1998
2046 2 2 5 34 1983 1980 1984
2047 2 2 5 34 1981 1987 1993
2048 2 2 5 34 1987 1981 1996
2049 2 2 5 34 1981 1990 1996
2050 2 2 5 34 1982 1986 1992
2051 2 2 5 34 1986 1982 1994
2052 2 2 5 34 1990 1983 1996
2053 2 2 5 34 1984 1988 1989
2054 2 2 5 34 1989 1988 1995
2055 2 2 5 35 15 307 2019
2056 2 2 5 35 422 15 2019
2057 2 2 5 35 311 18 2025
2058 2 2 5 35 18 453 2025
2059 2 2 5 35 24 426 2026
2060 2 2 5 35 461 24 2026
2061 2 2 5 35 456 27 2024
2062 2 2 5 35 27 464 2024
2063 2 2 5 35 307 308 2003
2064 2 2 5 35 307 2003 2019
2065 2 2 5 35 308 309 2012
2066 2 2 5 35 2003 308 2012
2067 2 2 5 35 309 310 2001
2068 2 2 5 35 309 2001 2012
2069 2 2 5 35 310 311 2010
2070 2 2 5 35 2001 310 2010
2071 2 2 5 35 2010 311 2025
2072 2 2 5 35 423 422 2009
2073 2 2 5 35 2009 422 2019
2074 2 2 5 35 424 423 2004
2075 2 2 5 35 2004 423 2009
2076 2 2 5 35 425 424 1999
2077 2 2 5 35 1999 424 2004
2078 2 2 5 35 426 425 2018
2079 2 2 5 35 425 1999 2018
2080 2 2 5 35 426 2018 2026
2081 2 2 5 35 453 454 2015
2082 2 2 5 35 453 2015 2025
2083 2 2 5 35 454 455 2000
2084 2 2 5 35 454 2000 2015
2085 2 2 5 35 455 456 2017
2086 2 2 5 35 2000 455 2017
2087 2 2 5 35 2017 456 2024
2088 2 2 5 35 462 461 2014
2089 2 2 5 35 2014 461 2026
2090 2 2 5 35 463 462 2002
2091 2 2 5 35 2002 462 2014
2092 2 2 5 35 464 463 2013
2093 2 2 5 35 463 2002 2013
2094 2 2 5 35 464 2013 2024
2095 2 2 5 35 1999 2004 2005
2096 2 2 5 35 1999 2005 2006
2097 2 2 5 35 1999 2006 2018
2098 2 2 5 35 2015 2000 2022
2099 2 2 5 35 2000 2017 2027
2100 2 2 5 35 2022 2000 2027
2101 2 2 5 35 2001 2008 2012
2102 2 2 5 35 2008 2001 2021
2103 2 2 5 35 2001 2010 2011
2104 2 2 5 35 2001 2011 2021
2105 2 2 5 35 2013 2002 2016
2106 2 2 5 35 2002 2014 2023
2107 2 2 5 35 2016 2002 2023
2108 2 2 5 35 2003 2009 2019
2109 2 2 5 35 2009 2003 2020
2110 2 2 5 35 2003 2012 2020
2111 2 2 5 35 2005 2004 2008
2112 2 2 5 35 2008 2004 2020
2113 2 2 5 35 2004 2009 2020
2114 2 2 5 35 2006 2005 2007
2115 2 2 5 35 2007 2005 2021
2116 2 2 5 35 2005 2008 2021
2117 2 2 5 35 2006 2007 2023
2118 2 2 5 35 2006 2014 2018
2119 2 2 5 35 2014 2006 2023
2120 2 2 5 35 2011 2007 2021
2121 2 2 5 35 2007 2011 2022
2122 2 2 5 35 2016 2007 2022
2123 2 2 5 35 2007 2016 2023
2124 2 2 5 35 2012 2008 2020
2125 2 2 5 35 2011 2010 2015
2126 2 2 5 35 2015 2010 2025
2127 2 2 5 35 2011 2015 2022
2128 2 2 5 35 2013 2016 2027
2129 2 2 5 35 2013 2017 2024
2130 2 2 5 35 2017 2013 2027
2131 2 2 5 35 2018 2014 2026
2132 2 2 5 35 2016 2022 2027
2133 2 2 5 36 22 427 2048
2134 2 2 5 36 448 22 2048
2135 2 2 5 36 431 24 2053
2136 2 2 5 36 24 461 2053
2137 2 2 5 36 26 452 2055
2138 2 2 5 36 460 26 2055
2139 2 2 5 36 27 457 2054
2140 2 2 5 36 464 27 2054
2141 2 2 5 36 427 428 2032
2142 2 2 5 36 427 2032 2048
2143 2 2 5 36 428 429 2041
2144 2 2 5 36 2032 428 2041
2145 2 2 5 36 429 430 2030
2146 2 2 5 36 429 2030 2041
2147 2 2 5 36 430 431 2039
2148 2 2 5 36 2030 430 2039
2149 2 2 5 36 2039 431 2053
2150 2 2 5 36 449 448 2038
2151 2 2 5 36 2038 448 2048
2152 2 2 5 36 450 449 2033
2153 2 2 5 36 2033 449 2038
2154 2 2 5 36 451 450 2028
2155 2 2 5 36 2028 450 2033
2156 2 2 5 36 452 451 2047
2157 2 2 5 36 451 2028 2047
2158 2 2 5 36 452 2047 2055
2159 2 2 5 36 457 458 2043
2160 2 2 5 36 457 2043 2054
2161 2 2 5 36 458 459 2031
2162 2 2 5 36 458 2031 2043
2163 2 2 5 36 459 460 2042
2164 2 2 5 36 2031 459 2042
2165 2 2 5 36 2042 460 2055
2166 2 2 5 36 461 462 2044
2167 2 2 5 36 461 2044 2053
2168 2 2 5 36 462 463 2029
2169 2 2 5 36 462 2029 2044
2170 2 2 5 36 463 464 2046
2171 2 2 5 36 2029 463 2046
2172 2 2 5 36 2046 464 2054
2173 2 2 5 36 2028 2033 2034
2174 2 2 5 36 2028 2034 2035
2175 2 2 5 36 2028 2035 2047
2176 2 2 5 36 2044 2029 2051
2177 2 2 5 36 2029 2046 2056
2178 2 2 5 36 2051 2029 2056
2179 2 2 5 36 2030 2037 2041
2180 2 2 5 36 2037 2030 2050
2181 2 2 5 36 2030 2039 2040
2182 2 2 5 36 2030 2040 2050
2183 2 2 5 36 2031 2042 2052
2184 2 2 5 36 2043 2031 2045
2185 2 2 5 36 2045 2031 2052
2186 2 2 5 36 2032 2038 2048
2187 2 2 5 36 2038 2032 2049
2188 2 2 5 36 2032 2041 2049
2189 2 2 5 36 2034 2033 2037
2190 2 2 5 36 2037 2033 2049
2191 2 2 5 36 2033 2038 2049
2192 2 2 5 36 2035 2034 2036
2193 2 2 5 36 2036 2034 2050
2194 2 2 5 36 2034 2037 2050
2195 2 2 5 36 2035 2036 2052
2196 2 2 5 36 2035 2042 2047
2197 2 2 5 36 2042 2035 2052
2198 2 2 5 36 2040 2036 2050
2199 2 2 5 36 2036 2040 2051
2200 2 2 5 36 2045 2036 2051
2201 2 2 5 36 2036 2045 2052
2202 2 2 5 36 2041 2037 2049
2203 2 2 5 36 2040 2039 2044
2204 2 2 5 36 2044 2039 2053
2205 2 2 5 36 2040 2044 2051
2206 2 2 5 36 2047 2042 2055
2207 2 2 5 36 2043 2045 2056
2208 2 2 5 36 2043 2046 2054
2209 2 2 5 36 2046 2043 2056
2210 2 2 5 36 2045 2051 2056
2211 3 2 3 1 9 40 465 39
2212 3 2 3 1 39 465 466 38
2213 3 2 3 1 38 466 467 37
2214 3 2 3 1 37 467 468 36
2215 3 2 3 1 36 468 35 8
2216 3 2 3 1 40 41 469 465
2217 3 2 3 1 465 469 470 466
2218 3 2 3 1 466 470 471 467
2219 3 2 3 1 467 471 472 468
2220 3 2 3 1 468 472 34 35
2221 3 2 3 1 41 42 473 469
2222 3 2 3 1 469 473 474 470
2223 3 2 3 1 470 474 475 471
2224 3 2 3 1 471 475 476 472
2225 3 2 3 1 472 476 33 34
2226 3 2 3 1 42 43 477 473
2227 3 2 3 1 473 477 478 474
2228 3 2 3 1 474 478 479 475
2229 3 2 3 1 475 479 480 476
2230 3 2 3 1 476 480 32 33
2231 3 2 3 1 43 7 28 477
2232 3 2 3 1 477 28 29 478
2233 3 2 3 1 478 29 30 479
2234 3 2 3 1 479 30 31 480
2235 3 2 3 1 480 31 6 32
2236 3 2 4 5 9 154 684 40
2237 3 2 4 5 40 684 685 41
2238 3 2 4 5 41 685 686 42
2239 3 2 4 5 42 686 687 43
2240 3 2 4 5 43 687 162 7
2241 3 2 4 5 154 155 688 684
2242 3 2 4 5 684 688 689 685
2243 3 2 4 5 685 689 690 686
2244 3 2 4 5 686 690 691 687
2245 3 2 4 5 687 691 163 162
2246 3 2 4 5 155 156 692 688
2247 3 2 4 5 688 692 693 689
2248 3 2 4 5 689 693 694 690
2249 3 2 4 5 690 694 695 691
2250 3 2 4 5 691 695 164 163
2251 3 2 4 5 156 157 696 692
2252 3 2 4 5 692 696 697 693
2253 3 2 4 5 693 697 698 694
2254 3 2 4 5 694 698 699 695
2255 3 2 4 5 695 699 165 164
2256 3 2 4 5 157 158 700 696
2257 3 2 4 5 696 700 701 697
2258 3 2 4 5 697 701 702 698
2259 3 2 4 5 698 702 703 699
2260 3 2 4 5 699 703 166 165
2261 3 2 4 5 158 159 704 700
2262 3 2 4 5 700 704 705 701
2263 3 2 4 5 701 705 706 702
2264 3 2 4 5 702 706 707 703
2265 3 2 4 5 703 707 167 166
2266 3 2 4 5 159 160 708 704
2267 3 2 4 5 704 708 709 705
2268 3 2 4 5 705 709 710 706
2269 3 2 4 5 706 710 711 707
2270 3 2 4 5 707 711 168 167
2271 3 2 4 5 160 161 712 708
2272 3 2 4 5 708 712 713 709
2273 3 2 4 5 709 713 714 710
2274 3 2 4 5 710 714 715 711
2275 3 2 4 5 711 715 169 168
2276 3 2 4 5 161 10 170 712
2277 3 2 4 5 712 170 171 713
2278 3 2 4 5 713 171 172 714
2279 3 2 4 5 714 172 173 715
2280 3 2 4 5 715 173 11 169
2281 3 2 5 6 7 162 716 28
2282 3 2 5 6 28 716 717 29
2283 3 2 5 6 29 717 718 30
2284 3 2 5 6 30 718 719 31
2285 3 2 5 6 31 719 174 6
2286 3 2 5 6 162 163 720 716
2287 3 2 5 6 716 720 721 717
2288 3 2 5 6 717 721 722 718
2289 3 2 5 6 718 722 723 719
2290 3 2 5 6 719 723 175 174
2291 3 2 5 6 163 164 724 720
2292 3 2 5 6 720 724 725 721
2293 3 2 5 6 721 725 726 722
2294 3 2 5 6 722 726 727 723
2295 3 2 5 6 723 727 176 175
2296 3 2 5 6 164 165 728 724
2297 3 2 5 6 724 728 729 725
2298 3 2 5 6 725 729 730 726
2299 3 2 5 6 726 730 731 727
2300 3 2 5 6 727 731 177 176
2301 3 2 5 6 165 166 732 728
2302 3 2 5 6 728 732 733 729
2303 3 2 5 6 729 733 734 730
2304 3 2 5 6 730 734 735 731
2305 3 2 5 6 731 735 178 177
2306 3 2 5 6 166 167 736 732
2307 3 2 5 6 732 736 737 733
2308 3 2 5 6 733 737 738 734
2309 3 2 5 6 734 738 739 735
2310 3 2 5 6 735 739 179 178
2311 3 2 5 6 167 168 740 736
2312 3 2 5 6 736 740 741 737
2313 3 2 5 6 737 741 742 738
2314 3 2 5 6 738 742 743 739
2315 3 2 5 6 739 743 180 179
2316 3 2 5 6 168 169 744 740
2317 3 2 5 6 740 744 745 741
2318 3 2 5 6 741 745 746 742
2319 3 2 5 6 742 746 747 743
2320 3 2 5 6 743 747 181 180
2321 3 2 5 6 169 11 182 744
2322 3 2 5 6 744 182 183 745
2323 3 2 5 6 745 183 184 746
2324 3 2 5 6 746 184 185 747
2325 3 2 5 6 747 185 12 181
2326 3 2 2 7 6 174 748 32
2327 3 2 2 7 32 748 749 33
2328 3 2 2 7 33 749 750 34
2329 3 2 2 7 34 750 751 35
2330 3 2 2 7 35 751 186 8
2331 3 2 2 7 174 175 752 748
2332 3 2 2 7 748 752 753 749
2333 3 2 2 7 749 753 754 750
2334 3 2 2 7 750 754 755 751
2335 3 2 2 7 751 755 187 186
2336 3 2 2 7 175 176 756 752
2337 3 2 2 7 752 756 757 753
2338 3 2 2 7 753 757 758 754
2339 3 2 2 7 754 758 759 755
2340 3 2 2 7 755 759 188 187
2341 3 2 2 7 176 177 760 756
2342 3 2 2 7 756 760 761 757
2343 3 2 2 7 757 761 762 758
2344 3 2 2 7 758 762 763 759
2345 3 2 2 7 759 763 189 188
2346 3 2 2 7 177 178 764 760
2347 3 2 2 7 760 764 765 761
2348 3 2 2 7 761 765 766 762
2349 3 2 2 7 762 766 767 763
2350 3 2 2 7 763 767 190 189
2351 3 2 2 7 178 179 768 764
2352 3 2 2 7 764 768 769 765
2353 3 2 2 7 765 769 770 766
2354 3 2 2 7 766 770 771 767
2355 3 2 2 7 767 771 191 190
2356 3 2 2 7 179 180 772 768
2357 3 2 2 7 768 772 773 769
2358 3 2 2 7 769 773 774 770
2359 3 2 2 7 770 774 775 771
2360 3 2 2 7 771 775 192 191
2361 3 2 2 7 180 181 776 772
2362 3 2 2 7 772 776 777 773
2363 3 2 2 7 773 777 778 774
2364 3 2 2 7 774 778 779 775
2365 3 2 2 7 775 779 193 192
2366 3 2 2 7 181 12 194 776
2367 3 2 2 7 776 194 195 777
2368 3 2 2 7 777 195 196 778
2369 3 2 2 7 778 196 197 779
2370 3 2 2 7 779 197 13 193
2371 3 2 1 8 8 186 780 36
2372 3 2 1 8 36 780 781 37
2373 3 2 1 8 37 781 782 38
2374 3 2 1 8 38 782 783 39
2375 3 2 1 8 39 783 154 9
2376 3 2 1 8 186 187 784 780
2377 3 2 1 8 780 784 785 781
2378 3 2 1 8 781 785 786 782
2379 3 2 1 8 782 786 787 783
2380 3 2 1 8 783 787 155 154
2381 3 2 1 8 187 188 788 784
2382 3 2 1 8 784 788 789 785
2383 3 2 1 8 785 789 790 786
2384 3 2 1 8 786 790 791 787
2385 3 2 1 8 787 791 156 155
2386 3 2 1 8 188 189 792 788
2387 3 2 1 8 788 792 793 789
2388 3 2 1 8 789 793 794 790
2389 3 2 1 8 790 794 795 791
2390 3 2 1 8 791 795 157 156
2391 3 2 1 8 189 190 796 792
2392 3 2 1 8 792 796 797 793
2393 3 2 1 8 793 797 798 794
2394 3 2 1 8 794 798 799 795
2395 3 2 1 8 795 799 158 157
2396 3 2 1 8 190 191 800 796
2397 3 2 1 8 796 800 801 797
2398 3 2 1 8 797 801 802 798
2399 3 2 1 8 798 802 803 799
2400 3 2 1 8 799 803 159 158
2401 3 2 1 8 191 192 804 800
2402 3 2 1 8 800 804 805 801
2403 3 2 1 8 801 805 806 802
2404 3 2 1 8 802 806 807 803
2405 3 2 1 8 803 807 160 159
2406 3 2 1 8 192 193 808 804
2407 3 2 1 8 804 808 809 805
2408 3 2 1 8 805 809 810 806
2409 3 2 1 8 806 810 811 807
2410 3 2 1 8 807 811 161 160
2411 3 2 1 8 193 13 198 808
2412 3 2 1 8 808 198 199 809
2413 3 2 1 8 809 199 200 810
2414 3 2 1 8 810 200 201 811
2415 3 2 1 8 811 201 10 161
2416 3 2 2 9 10 201 812 170
2417 3 2 2 9 201 200 813 812
2418 3 2 2 9 200 199 814 813
2419 3 2 2 9 199 198 815 814
2420 3 2 2 9 198 13 197 815
2421 3 2 2 9 170 812 816 171
2422 3 2 2 9 812 813 817 816
2423 3 2 2 9 813 814 818 817
2424 3 2 2 9 814 815 819 818
2425 3 2 2 9 815 197 196 819
2426 3 2 2 9 171 816 820 172
2427 3 2 2 9 816 817 821 820
2428 3 2 2 9 817 818 822 821
2429 3 2 2 9 818 819 823 822
2430 3 2 2 9 819 196 195 823
2431 3 2 2 9 172 820 824 173
2432 3 2 2 9 820 821 825 824
2433 3 2 2 9 821 822 826 825
2434 3 2 2 9 822 823 827 826
2435 3 2 2 9 823 195 194 827
2436 3 2 2 9 173 824 182 11
2437 3 2 2 9 824 825 183 182
2438 3 2 2 9 825 826 184 183
2439 3 2 2 9 826 827 185 184
2440 3 2 2 9 827 194 12 185
2441 4 2 7 2 800 2244 801 2209
2442 4 2 7 2 858 867 2190 2197
2443 4 2 7 2 482 2186 491 2204
2444 4 2 7 2 792 2234 793 2189
2445 4 2 7 2 793 2229 792 2189
2446 4 2 7 2 491 2186 830 2204
2447 4 2 7 2 920 929 2185 2204
2448 4 2 7 2 482 876 2186 2204
2449 4 2 7 2 801 2239 800 2209
2450 4 2 7 2 867 2194 2190 2197
2451 4 2 7 2 806 2251 807 2210
2452 4 2 7 2 811 2251 810 2210
2453 4 2 7 2 912 829 875 2204
2454 4 2 7 2 883 2186 2185 2189
2455 4 2 7 2 835 2185 929 2204
2456 4 2 7 2 920 2185 881 2204
2457 4 2 7 2 871 2190 2194 2199
2458 4 2 7 2 926 2191 2185 2192
2459 4 2 7 2 2244 805 2203 2209
2460 4 2 7 2 189 792 874 2233
2461 4 2 7 2 157 795 2237 828
2462 4 2 7 2 856 491 830 2204
2463 4 2 7 2 810 2207 2256 2210
2464 4 2 7 2 920 881 875 2204
2465 4 2 7 2 482 902 876 2204
2466 4 2 7 2 807 2246 806 2210
2467 4 2 7 2 811 810 2256 2210
2468 4 2 7 2 2185 2189 2186 2190
2469 4 2 7 2 871 859 2190 2199
2470 4 2 7 2 858 2190 2186 2197
2471 4 2 7 2 902 866 912 2204
2472 4 2 7 2 883 2189 2185 2193
2473 4 2 7 2 2185 2190 859 2199
2474 4 2 7 2 792 189 874 2228
2475 4 2 7 2 157 795 828 2232
2476 4 2 7 2 917 2189 883 2193
2477 4 2 7 2 795 828 2232 2194
2478 4 2 7 2 867 871 2190 2194
2479 4 2 7 2 829 921 875 2204
2480 4 2 7 2 866 829 912 2204
2481 4 2 7 2 790 2225 789 2195
2482 4 2 7 2 795 2237 828 2194
2483 4 2 7 2 789 2230 790 2195
2484 4 2 7 2 482 491 483 2204
2485 4 2 7 2 2189 2193 917 2200
2486 4 2 7 2 2185 837 2190 2204
2487 4 2 7 2 2186 2190 837 2204
2488 4 2 7 2 920 921 929 2204
2489 4 2 7 2 2185 2190 2186 2204
2490 4 2 7 2 2193 2200 2185 2206
2491 4 2 7 2 483 902 482 2204
2492 4 2 7 2 2244 2203 2196 2209
2493 4 2 7 2 920 875 921 2204
2494 4 2 7 2 921 835 929 2204
2495 4 2 7 2 482 487 2186 2188
2496 4 2 7 2 856 483 491 2204
2497 4 2 7 2 905 883 2185 2193
2498 4 2 7 2 810 2251 2207 2210
2499 4 2 7 2 881 2185 920 2191
2500 4 2 7 2 482 2186 876 2188
2501 4 2 7 2 921 829 875 908
2502 4 2 7 2 905 917 883 2193
2503 4 2 7 2 837 859 2185 2190
2504 4 2 7 2 2185 859 2192 2199
2505 4 2 7 2 2185 2186 883 2204
2506 4 2 7 2 2189 2185 2193 2200
2507 4 2 7 2 929 926 2185 2192
2508 4 2 7 2 2187 2202 2188 2208
2509 4 2 7 2 866 483 902 912
2510 4 2 7 2 835 921 829 2204
2511 4 2 7 2 829 912 875 908
2512 4 2 7 2 801 2193 2239 2209
2513 4 2 7 2 837 871 859 2190
2514 4 2 7 2 858 2186 2187 2197
2515 4 2 7 2 866 484 483 912
2516 4 2 7 2 906 2228 788 2198
2517 4 2 7 2 487 2187 2186 2188
2518 4 2 7 2 830 2186 837 2204
2519 4 2 7 2 876 883 2186 2204
2520 4 2 7 2 487 488 491 2187
2521 4 2 7 2 910 920 925 2191
2522 4 2 7 2 883 904 2186 2189
2523 4 2 7 2 889 67 68 842
2524 4 2 7 2 853 117 116 900
2525 4 2 7 2 57 901 56 855
2526 4 2 7 2 830 858 2186 2187
2527 4 2 7 2 487 491 2186 2187
2528 4 2 7 2 2187 2188 487 2208
2529 4 2 7 2 876 2186 904 2188
2530 4 2 7 2 830 2186 491 2187
2531 4 2 7 2 51 52 894 848
2532 4 2 7 2 2188 2189 904 2198
2533 4 2 7 2 867 860 2194 2197
2534 4 2 7 2 802 801 2245 2196
2535 4 2 7 2 904 876 883 2186
2536 4 2 7 2 858 837 830 2186
2537 4 2 7 2 863 2194 2242 2199
2538 4 2 7 2 219 890 220 843
2539 4 2 7 2 892 60 61 846
2540 4 2 7 2 890 61 62 843
2541 4 2 7 2 123 63 885 839
2542 4 2 7 2 852 60 120 896
2543 4 2 7 2 851 59 58 899
2544 4 2 7 2 897 53 54 849
2545 4 2 7 2 854 240 241 898
2546 4 2 7 2 58 898 118 854
2547 4 2 7 2 241 851 899 242
2548 4 2 7 2 54 55 895 850
2549 4 2 7 2 214 901 215 855
2550 4 2 7 2 2238 2200 909 2209
2551 4 2 7 2 831 2199 2247 2210
2552 4 2 7 2 802 2240 801 2196
2553 4 2 7 2 929 2185 835 2192
2554 4 2 7 2 218 244 846 892
2555 4 2 7 2 852 242 243 896
2556 4 2 7 2 910 2185 881 2191
2557 4 2 7 2 867 871 837 2190
2558 4 2 7 2 859 835 2185 2192
2559 4 2 7 2 209 894 210 848
2560 4 2 7 2 245 839 885 246
2561 4 2 7 2 2232 2194 860 2197
2562 4 2 7 2 841 127 65 891
2563 4 2 7 2 796 2239 797 2200
2564 4 2 7 2 912 866 484 879
2565 4 2 7 2 211 897 212 849
2566 4 2 7 2 797 2234 796 2200
2567 4 2 7 2 904 2188 2186 2189
2568 4 2 7 2 883 881 905 2185
2569 4 2 7 2 837 859 835 2185
2570 4 2 7 2 210 893 211 847
2571 4 2 7 2 2203 2207 2251 2210
2572 4 2 7 2 837 2185 835 2204
2573 4 2 7 2 881 2185 883 2204
2574 4 2 7 2 881 920 910 2191
2575 4 2 7 2 878 2198 2223 2212
2576 4 2 7 2 883 913 904 2189
2577 4 2 7 2 2190 2205 2236 2206
2578 4 2 7 2 238 853 900 239
2579 4 2 7 2 913 2189 906 2198
2580 4 2 7 2 2246 2192 806 2210
2581 4 2 7 2 832 2227 2197 2211
2582 4 2 7 2 862 866 829 912
2583 4 2 7 2 903 111 112 857
2584 4 2 7 2 233 234 857 903
2585 4 2 7 2 904 2189 913 2198
2586 4 2 7 2 833 484 866 879
2587 4 2 7 2 918 880 490 872
2588 4 2 7 2 125 840 126 887
2589 4 2 7 2 928 880 918 872
2590 4 2 7 2 836 866 856 2204
2591 4 2 7 2 902 912 882 2204
2592 4 2 7 2 188 788 906 2228
2593 4 2 7 2 2190 2194 2236 2205
2594 4 2 7 2 2236 2194 2190 2206
2595 4 2 7 2 2190 2199 2196 2206
2596 4 2 7 2 247 248 840 887
2597 4 2 7 2 788 2229 789 2198
2598 4 2 7 2 895 212 850 213
2599 4 2 7 2 834 833 862 879
2600 4 2 7 2 789 2224 788 2198
2601 4 2 7 2 844 125 124 886
2602 4 2 7 2 844 246 247 886
2603 4 2 7 2 908 922 862 880
2604 4 2 7 2 914 918 485 872
2605 4 2 7 2 487 491 482 2186
2606 4 2 7 2 923 918 914 872
2607 4 2 7 2 797 2240 798 2206
2608 4 2 7 2 795 799 2237 2194
2609 4 2 7 2 902 483 107 912
2610 4 2 7 2 791 790 2231 2197
2611 4 2 7 2 798 2235 797 2206
2612 4 2 7 2 799 795 2236 2194
2613 4 2 7 2 794 2230 793 2205
2614 4 2 7 2 929 864 926 2192
2615 4 2 7 2 791 2226 790 2197
2616 4 2 7 2 793 2235 794 2205
2617 4 2 7 2 483 856 46 866
2618 4 2 7 2 484 833 47 879
2619 4 2 7 2 916 487 482 2188
2620 4 2 7 2 223 891 224 841
2621 4 2 7 2 2249 2203 2201 2207
2622 4 2 7 2 904 913 906 2198
2623 4 2 7 2 830 836 856 2204
2624 4 2 7 2 876 902 882 2204
2625 4 2 7 2 871 2194 863 2199
2626 4 2 7 2 803 2241 802 2199
2627 4 2 7 2 910 905 881 2185
2628 4 2 7 2 487 488 2187 2208
2629 4 2 7 2 858 860 867 2197
2630 4 2 7 2 802 2246 803 2199
2631 4 2 7 2 920 881 228 875
2632 4 2 7 2 2190 2185 2196 2199
2633 4 2 7 2 888 66 128 845
2634 4 2 7 2 916 482 876 2188
2635 4 2 7 2 829 866 836 2204
2636 4 2 7 2 912 875 882 2204
2637 4 2 7 2 883 917 913 2189
2638 4 2 7 2 836 830 837 2204
2639 4 2 7 2 876 882 883 2204
2640 4 2 7 2 250 251 842 889
2641 4 2 7 2 847 114 113 893
2642 4 2 7 2 788 188 906 2223
2643 4 2 7 2 874 2189 917 2200
2644 4 2 7 2 2191 2192 926 2207
2645 4 2 7 2 786 2220 785 2202
2646 4 2 7 2 862 912 879 866
2647 4 2 7 2 835 829 836 2204
2648 4 2 7 2 882 875 881 2204
2649 4 2 7 2 484 107 483 912
2650 4 2 7 2 785 2225 786 2202
2651 4 2 7 2 2186 2189 2188 2198
2652 4 2 7 2 879 908 862 880
2653 4 2 7 2 484 483 46 866
2654 4 2 7 2 2248 2201 804 2209
2655 4 2 7 2 2191 2196 2192 2203
2656 4 2 7 2 805 2250 806 2203
2657 4 2 7 2 831 859 863 2199
2658 4 2 7 2 2196 2203 2193 2209
2659 4 2 7 2 806 2245 805 2203
2660 4 2 7 2 2190 2195 2186 2197
2661 4 2 7 2 834 862 922 880
2662 4 2 7 2 833 866 862 879
2663 4 2 7 2 831 2192 859 2199
2664 4 2 7 2 912 829 862 908
2665 4 2 7 2 2193 2200 2239 2209
2666 4 2 7 2 925 2191 924 2201
2667 4 2 7 2 929 835 864 2192
2668 4 2 7 2 203 929 921 835
2669 4 2 7 2 2186 2187 2195 2202
2670 4 2 7 2 829 921 204 922
2671 4 2 7 2 2186 2195 2188 2202
2672 4 2 7 2 2232 828 860 2194
2673 4 2 7 2 871 863 859 2199
2674 4 2 7 2 2185 2196 2193 2206
2675 4 2 7 2 2248 808 804 2201
2676 4 2 7 2 810 2250 809 2207
2677 4 2 7 2 808 2249 804 2201
2678 4 2 7 2 810 809 2255 2207
2679 4 2 7 2 2194 2199 2190 2206
2680 4 2 7 2 250 845 224 888
2681 4 2 7 2 782 781 2220 2208
2682 4 2 7 2 906 878 904 2198
2683 4 2 7 2 835 921 203 829
2684 4 2 7 2 859 864 835 2192
2685 4 2 7 2 833 834 47 879
2686 4 2 7 2 2190 2197 2194 2205
2687 4 2 7 2 782 2215 781 2208
2688 4 2 7 2 870 491 488 2187
2689 4 2 7 2 925 910 2191 2201
2690 4 2 7 2 860 858 832 2197
2691 4 2 7 2 913 917 874 2189
2692 4 2 7 2 834 490 880 872
2693 4 2 7 2 2185 2190 2196 2206
2694 4 2 7 2 880 928 834 872
2695 4 2 7 2 828 2237 158 863
2696 4 2 7 2 836 837 835 2204
2697 4 2 7 2 882 881 883 2204
2698 4 2 7 2 230 922 908 880
2699 4 2 7 2 862 205 834 922
2700 4 2 7 2 190 2233 874 909
2701 4 2 7 2 2228 906 189 874
2702 4 2 7 2 2232 157 860 828
2703 4 2 7 2 879 862 834 880
2704 4 2 7 2 2224 2198 2188 2212
2705 4 2 7 2 804 2244 800 2209
2706 4 2 7 2 2187 2197 2226 2211
2707 4 2 7 2 485 868 914 872
2708 4 2 7 2 878 2188 904 2198
2709 4 2 7 2 914 868 923 872
2710 4 2 7 2 2186 2189 2195 2205
2711 4 2 7 2 56 117 116 853
2712 4 2 7 2 58 118 57 854
2713 4 2 7 2 117 56 118 901
2714 4 2 7 2 901 57 56 118
2715 4 2 7 2 858 2187 832 2197
2716 4 2 7 2 2243 804 800 2209
2717 4 2 7 2 228 921 920 875
2718 4 2 7 2 2195 2197 2190 2205
2719 4 2 7 2 874 906 913 2189
2720 4 2 7 2 251 225 842 226
2721 4 2 7 2 68 129 67 889
2722 4 2 7 2 4 129 68 838
2723 4 2 7 2 2186 2188 2187 2202
2724 4 2 7 2 912 862 879 908
2725 4 2 7 2 112 52 894 51
2726 4 2 7 2 870 830 491 2187
2727 4 2 7 2 905 2193 910 2209
2728 4 2 7 2 830 870 858 2187
2729 4 2 7 2 2186 2195 2189 2198
2730 4 2 7 2 916 876 904 2188
2731 4 2 7 2 909 2200 2193 2209
2732 4 2 7 2 219 245 890 244
2733 4 2 7 2 61 890 62 122
2734 4 2 7 2 63 123 62 839
2735 4 2 7 2 60 892 61 121
2736 4 2 7 2 61 122 121 892
2737 4 2 7 2 113 53 847 52
2738 4 2 7 2 245 219 890 220
2739 4 2 7 2 62 123 122 890
2740 4 2 7 2 64 126 840 65
2741 4 2 7 2 55 115 895 116
2742 4 2 7 2 60 120 59 852
2743 4 2 7 2 55 115 54 895
2744 4 2 7 2 242 216 851 217
2745 4 2 7 2 59 120 119 899
2746 4 2 7 2 52 112 894 113
2747 4 2 7 2 240 854 241 215
2748 4 2 7 2 60 121 120 896
2749 4 2 7 2 119 58 59 899
2750 4 2 7 2 216 242 851 241
2751 4 2 7 2 241 215 854 216
2752 4 2 7 2 898 58 118 119
2753 4 2 7 2 56 116 55 853
2754 4 2 7 2 239 240 214 901
2755 4 2 7 2 240 214 901 215
2756 4 2 7 2 2186 2195 2190 2205
2757 4 2 7 2 51 111 50 857
2758 4 2 7 2 208 209 857 233
2759 4 2 7 2 2191 2193 2203 2209
2760 4 2 7 2 2186 2190 2189 2205
2761 4 2 7 2 922 230 834 880
2762 4 2 7 2 218 244 219 846
2763 4 2 7 2 852 242 217 243
2764 4 2 7 2 894 209 210 234
2765 4 2 7 2 484 47 108 879
2766 4 2 7 2 205 230 834 922
2767 4 2 7 2 917 2193 909 2200
2768 4 2 7 2 808 2253 924 2201
2769 4 2 7 2 63 124 123 885
2770 4 2 7 2 246 220 839 221
2771 4 2 7 2 64 124 63 844
2772 4 2 7 2 245 839 246 220
2773 4 2 7 2 127 841 65 66
2774 4 2 7 2 127 65 891 126
2775 4 2 7 2 243 244 218 892
2776 4 2 7 2 217 243 218 852
2777 4 2 7 2 874 917 909 2200
2778 4 2 7 2 222 248 223 840
2779 4 2 7 2 909 2193 905 2209
2780 4 2 7 2 787 783 2221 2211
2781 4 2 7 2 2246 2199 2192 2210
2782 4 2 7 2 784 2219 780 2212
2783 4 2 7 2 780 486 2213 2212
2784 4 2 7 2 787 2222 783 2211
2785 4 2 7 2 485 918 109 872
2786 4 2 7 2 923 231 918 872
2787 4 2 7 2 2190 2189 2205 2206
2788 4 2 7 2 780 2218 784 2212
2789 4 2 7 2 853 239 213 214
2790 4 2 7 2 2192 2196 2185 2199
2791 4 2 7 2 909 905 877 2209
2792 4 2 7 2 783 2217 489 2211
2793 4 2 7 2 2214 2208 486 2212
2794 4 2 7 2 912 484 107 879
2795 4 2 7 2 807 2251 811 2210
2796 4 2 7 2 51 111 857 112
2797 4 2 7 2 209 233 234 857
2798 4 2 7 2 46 833 484 866
2799 4 2 7 2 840 125 126 64
2800 4 2 7 2 247 221 844 222
2801 4 2 7 2 927 2257 811 2210
2802 4 2 7 2 893 210 211 235
2803 4 2 7 2 234 235 210 894
2804 4 2 7 2 2252 807 811 2210
2805 4 2 7 2 2216 489 2208 2211
2806 4 2 7 2 927 2256 2207 2210
2807 4 2 7 2 2186 2188 2195 2198
2808 4 2 7 2 2191 2203 2201 2209
2809 4 2 7 2 248 222 247 840
2810 4 2 7 2 2187 2186 2195 2197
2811 4 2 7 2 246 844 247 221
2812 4 2 7 2 64 125 124 844
2813 4 2 7 2 926 2192 864 2210
2814 4 2 7 2 238 853 239 213
2815 4 2 7 2 918 490 109 872
2816 4 2 7 2 231 928 918 872
2817 4 2 7 2 212 238 895 237
2818 4 2 7 2 2192 2199 831 2210
2819 4 2 7 2 2193 2196 2191 2203
2820 4 2 7 2 925 910 227 920
2821 4 2 7 2 2254 2201 924 2207
2822 4 2 7 2 490 47 834 880
2823 4 2 7 2 238 212 895 213
2824 4 2 7 2 830 856 45 491
2825 4 2 7 2 108 47 490 880
2826 4 2 7 2 928 834 230 880
2827 4 2 7 2 223 249 891 248
2828 4 2 7 2 879 834 47 880
2829 4 2 7 2 834 230 205 928
2830 4 2 7 2 862 829 204 922
2831 4 2 7 2 66 67 128 845
2832 4 2 7 2 879 47 108 880
2833 4 2 7 2 877 905 910 2209
2834 4 2 7 2 128 67 129 889
2835 4 2 7 2 225 251 842 250
2836 4 2 7 2 2192 2207 2203 2210
2837 4 2 7 2 114 847 113 53
2838 4 2 7 2 114 897 54 115
2839 4 2 7 2 53 897 54 114
2840 4 2 7 2 2185 2192 2191 2196
2841 4 2 7 2 780 2214 486 2212
2842 4 2 7 2 869 50 110 915
2843 4 2 7 2 878 2188 2198 2212
2844 4 2 7 2 832 2197 2187 2211
2845 4 2 7 2 2185 2191 2193 2196
2846 4 2 7 2 127 66 128 888
2847 4 2 7 2 2200 2205 2189 2206
2848 4 2 7 2 482 106 876 902
2849 4 2 7 2 486 2208 2188 2212
2850 4 2 7 2 861 9 154 2217
2851 4 2 7 2 831 160 865 2247
2852 4 2 7 2 783 489 2216 2211
2853 4 2 7 2 486 2188 916 2212
2854 4 2 7 2 870 2187 488 2211
2855 4 2 7 2 211 897 236 212
2856 4 2 7 2 811 2256 927 2210
2857 4 2 7 2 808 924 2254 2201
2858 4 2 7 2 893 235 211 236
2859 4 2 7 2 2253 198 808 924
2860 4 2 7 2 486 2213 36 780
2861 4 2 7 2 905 909 917 2193
2862 4 2 7 2 860 828 867 2194
2863 4 2 7 2 233 869 232 915
2864 4 2 7 2 236 237 212 897
2865 4 2 7 2 868 206 207 923
2866 4 2 7 2 868 49 48 485
2867 4 2 7 2 910 881 227 920
2868 4 2 7 2 487 2188 486 2208
2869 4 2 7 2 249 223 891 224
2870 4 2 7 2 783 39 489 2217
2871 4 2 7 2 927 2257 201 811
2872 4 2 7 2 863 159 831 2247
2873 4 2 7 2 483 45 856 491
2874 4 2 7 2 2201 2203 2191 2207
2875 4 2 7 2 2213 8 186 907
2876 4 2 7 2 845 250 224 225
2877 4 2 7 2 925 926 919 2207
2878 4 2 7 2 198 808 924 2254
2879 4 2 7 2 486 36 2214 780
2880 4 2 7 2 925 2191 926 2207
2881 4 2 7 2 487 481 488 2208
2882 4 2 7 2 2248 911 2201 2209
2883 4 2 7 2 877 910 2201 2209
2884 4 2 7 2 831 2247 865 2210
2885 4 2 7 2 106 482 483 902
2886 4 2 7 2 2256 927 201 811
2887 4 2 7 2 783 489 39 2216
2888 4 2 7 2 158 157 2237 828
2889 4 2 7 2 916 486 487 2188
2890 4 2 7 2 189 190 2233 874
2891 4 2 7 2 865 161 10 2257
2892 4 2 7 2 2191 2203 2192 2207
2893 4 2 7 2 231 232 923 914
2894 4 2 7 2 109 110 914 485
2895 4 2 7 2 867 828 871 2194
2896 4 2 7 2 2189 2198 2195 2205
2897 4 2 7 2 2196 2200 2193 2206
2898 4 2 7 2 860 832 156 2227
2899 4 2 7 2 188 878 906 2223
2900 4 2 7 2 487 482 105 916
2901 4 2 7 2 2196 2199 2192 2203
2902 4 2 7 2 250 224 249 888
2903 4 2 7 2 861 155 832 2227
2904 4 2 7 2 911 13 193 2253
2905 4 2 7 2 907 878 187 2223
2906 4 2 7 2 877 192 191 2243
2907 4 2 7 2 831 159 160 2247
2908 4 2 7 2 832 861 2227 2211
2909 4 2 7 2 2195 2198 2188 2202
2910 4 2 7 2 878 2223 907 2212
2911 4 2 7 2 916 482 105 876
2912 4 2 7 2 926 929 202 864
2913 4 2 7 2 2187 2197 2195 2202
2914 4 2 7 2 927 2256 919 2207
2915 4 2 7 2 868 914 49 485
2916 4 2 7 2 487 486 481 2208
2917 4 2 7 2 2216 489 481 2208
2918 4 2 7 2 828 863 871 2194
2919 4 2 7 2 919 926 927 2207
2920 4 2 7 2 232 869 208 207
2921 4 2 7 2 110 49 50 869
2922 4 2 7 2 481 489 488 2208
2923 4 2 7 2 832 155 156 2227
2924 4 2 7 2 859 831 864 2192
2925 4 2 7 2 878 188 187 2223
2926 4 2 7 2 914 918 109 485
2927 4 2 7 2 48 868 485 872
2928 4 2 7 2 914 231 918 923
2929 4 2 7 2 923 868 206 872
2930 4 2 7 2 924 2201 2191 2207
2931 4 2 7 2 868 232 914 923
2932 4 2 7 2 485 109 48 872
2933 4 2 7 2 206 231 923 872
2934 4 2 7 2 835 202 929 864
2935 4 2 7 2 914 49 232 868
2936 4 2 7 2 832 2187 870 2211
2937 4 2 7 2 834 48 47 490
2938 4 2 7 2 490 109 108 880
2939 4 2 7 2 916 2188 878 2212
2940 4 2 7 2 864 2192 831 2210
2941 4 2 7 2 834 205 206 928
2942 4 2 7 2 928 230 231 880
2943 4 2 7 2 490 834 48 872
2944 4 2 7 2 880 490 109 918
2945 4 2 7 2 199 200 2255 919
2946 4 2 7 2 2215 38 37 481
2947 4 2 7 2 858 870 832 2187
2948 4 2 7 2 231 928 880 918
2949 4 2 7 2 206 834 928 872
2950 4 2 7 2 921 228 229 875
2951 4 2 7 2 904 878 916 2188
2952 4 2 7 2 8 105 916 486
2953 4 2 7 2 48 109 490 872
2954 4 2 7 2 928 231 206 872
2955 4 2 7 2 228 227 881 920
2956 4 2 7 2 489 38 2216 481
2957 4 2 7 2 200 927 2256 919
2958 4 2 7 2 204 203 921 829
2959 4 2 7 2 483 107 106 902
2960 4 2 7 2 105 487 916 486
2961 4 2 7 2 44 870 491 488
2962 4 2 7 2 869 233 232 208
2963 4 2 7 2 111 110 50 915
2964 4 2 7 2 856 46 45 483
2965 4 2 7 2 869 110 232 915
2966 4 2 7 2 877 2201 911 2209
2967 4 2 7 2 106 105 482 876
2968 4 2 7 2 830 44 870 491
2969 4 2 7 2 860 156 157 2232
2970 4 2 7 2 832 870 861 2211
2971 4 2 7 2 916 878 907 2212
2972 4 2 7 2 188 189 2228 906
2973 4 2 7 2 158 159 863 2242
2974 4 2 7 2 190 191 2238 909
2975 4 2 7 2 2222 155 154 861
2976 4 2 7 2 203 202 929 835
2977 4 2 7 2 39 9 489 2217
2978 4 2 7 2 201 10 2257 927
2979 4 2 7 2 37 36 2214 486
2980 4 2 7 2 924 199 198 2254
2981 4 2 7 2 108 107 484 879
2982 4 2 7 2 47 46 833 484
2983 4 2 7 2 186 187 2218 907
2984 4 2 7 2 2253 13 198 924
2985 4 2 7 2 2213 36 8 486
2986 4 2 7 2 251 15 838 884
2987 4 2 7 2 200 201 2256 927
2988 4 2 7 2 489 38 39 2216
2989 4 2 7 2 838 5 129 884
2990 4 2 7 2 160 161 865 2252
2991 4 2 7 2 192 193 2248 911
2992 4 2 7 2 864 831 865 2210
2993 4 2 7 2 830 45 44 491
2994 4 2 7 2 922 229 230 908
2995 4 2 7 2 877 910 911 2201
2996 4 2 7 2 862 204 205 922
2997 4 2 7 2 232 207 49 869
2998 4 2 7 2 49 207 232 868
2999 4 2 7 2 110 869 232 49
3000 4 2 7 2 914 110 49 485
3001 4 2 7 2 868 207 232 923
3002 4 2 7 2 49 232 110 914
3003 4 2 7 2 226 251 14 838
3004 4 2 7 2 894 209 51 848
3005 4 2 7 2 853 239 117 900
3006 4 2 7 2 215 901 57 855
3007 4 2 7 2 857 111 233 903
3008 4 2 7 2 842 251 68 889
3009 4 2 7 2 869 233 50 915
3010 4 2 7 2 854 118 240 898
3011 4 2 7 2 854 241 58 898
3012 4 2 7 2 851 242 59 899
3013 4 2 7 2 852 120 242 896
3014 4 2 7 2 846 244 61 892
3015 4 2 7 2 245 839 123 885
3016 4 2 7 2 241 851 58 899
3017 4 2 7 2 56 901 214 855
3018 4 2 7 2 890 62 220 843
3019 4 2 7 2 897 211 53 849
3020 4 2 7 2 890 219 61 843
3021 4 2 7 2 903 112 234 857
3022 4 2 7 2 852 243 60 896
3023 4 2 7 2 60 218 846 892
3024 4 2 7 2 129 4 5 838
3025 4 2 7 2 840 248 126 887
3026 4 2 7 2 841 65 223 891
3027 4 2 7 2 885 63 246 839
3028 4 2 7 2 838 129 251 884
3029 4 2 7 2 54 897 849 212
3030 4 2 7 2 54 895 212 850
3031 4 2 7 2 847 113 210 893
3032 4 2 7 2 894 52 210 848
3033 4 2 7 2 844 124 246 886
3034 4 2 7 2 853 116 238 900
3035 4 2 7 2 55 213 895 850
3036 4 2 7 2 66 888 224 845
3037 4 2 7 2 125 247 840 887
3038 4 2 7 2 844 247 125 886
3039 4 2 7 2 841 224 127 891
3040 4 2 7 2 67 889 250 842
3041 4 2 7 2 211 893 114 847
3042 4 2 7 2 50 233 208 857
3043 4 2 7 2 111 857 233 50
3044 4 2 7 2 251 842 68 226
3045 4 2 7 2 226 68 251 838
3046 4 2 7 2 888 128 250 845
3047 4 2 7 2 112 209 51 894
3048 4 2 7 2 901 215 57 240
3049 4 2 7 2 240 215 57 854
3050 4 2 7 2 214 239 117 853
3051 4 2 7 2 117 56 214 853
3052 4 2 7 2 118 854 240 57
3053 4 2 7 2 118 57 240 901
3054 4 2 7 2 901 56 214 117
3055 4 2 7 2 214 901 117 239
3056 4 2 7 2 112 234 209 894
3057 4 2 7 2 112 51 209 857
3058 4 2 7 2 251 129 68 889
3059 4 2 7 2 129 838 251 68
3060 4 2 7 2 854 241 216 58
3061 4 2 7 2 851 241 58 216
3062 4 2 7 2 852 242 59 217
3063 4 2 7 2 242 851 59 217
3064 4 2 7 2 120 852 242 59
3065 4 2 7 2 120 59 242 899
3066 4 2 7 2 123 220 245 890
3067 4 2 7 2 62 890 220 123
3068 4 2 7 2 119 58 241 898
3069 4 2 7 2 58 119 241 899
3070 4 2 7 2 122 61 244 892
3071 4 2 7 2 61 219 244 846
3072 4 2 7 2 244 61 122 890
3073 4 2 7 2 219 890 61 244
3074 4 2 7 2 839 245 123 220
3075 4 2 7 2 839 220 123 62
3076 4 2 7 2 209 234 112 857
3077 4 2 7 2 60 243 892 121
3078 4 2 7 2 121 60 243 896
3079 4 2 7 2 65 126 223 891
3080 4 2 7 2 840 126 223 65
3081 4 2 7 2 246 63 844 221
3082 4 2 7 2 63 221 246 839
3083 4 2 7 2 243 60 892 218
3084 4 2 7 2 60 218 243 852
3085 4 2 7 2 248 840 126 223
3086 4 2 7 2 126 248 223 891
3087 4 2 7 2 895 54 212 115
3088 4 2 7 2 54 897 212 115
3089 4 2 7 2 847 113 52 210
3090 4 2 7 2 210 113 52 894
3091 4 2 7 2 63 246 844 124
3092 4 2 7 2 124 63 246 885
3093 4 2 7 2 208 233 50 869
3094 4 2 7 2 116 853 238 55
3095 4 2 7 2 116 55 238 895
3096 4 2 7 2 897 212 115 237
3097 4 2 7 2 115 212 895 237
3098 4 2 7 2 64 125 222 840
3099 4 2 7 2 222 125 64 844
3100 4 2 7 2 113 210 893 235
3101 4 2 7 2 210 235 113 894
3102 4 2 7 2 233 111 50 915
3103 4 2 7 2 55 213 238 895
3104 4 2 7 2 55 853 238 213
3105 4 2 7 2 125 247 222 840
3106 4 2 7 2 844 247 222 125
3107 4 2 7 2 224 127 66 841
3108 4 2 7 2 888 66 224 127
3109 4 2 7 2 67 250 225 842
3110 4 2 7 2 67 250 845 225
3111 4 2 7 2 114 211 847 53
3112 4 2 7 2 114 211 53 897
3113 4 2 7 2 224 249 127 891
3114 4 2 7 2 127 249 224 888
3115 4 2 7 2 250 67 845 128
3116 4 2 7 2 889 67 250 128
3117 4 2 7 2 211 893 236 114
3118 4 2 7 2 114 211 897 236
3119 4 2 7 2 15 14 251 838
3120 4 2 7 2 838 15 873 884
3121 4 2 7 2 838 873 5 884
3122 4 2 7 2 873 4 14 838
3123 4 2 7 2 873 5 4 838
3124 4 2 7 2 15 5 873 884
3125 4 2 7 2 14 15 873 838
3126 4 2 7 2 2204 483 866 856
3127 4 2 7 2 2204 866 483 902
3128 4 2 7 2 2199 2241 2206 2194
3129 4 2 7 2 795 2236 2231 794
3130 4 2 7 2 795 2231 2236 2194
3131 4 2 7 2 2234 796 2233 792
3132 4 2 7 2 2234 2233 796 2200
3133 4 2 7 2 874 2234 2233 792
3134 4 2 7 2 874 2233 2234 2200
3135 4 2 7 2 2189 2234 874 792
3136 4 2 7 2 2189 874 2234 2200
3137 4 2 7 2 2189 2205 2234 793
3138 4 2 7 2 2189 2234 2205 2200
3139 4 2 7 2 2206 2235 2236 798
3140 4 2 7 2 2206 2236 2235 2205
3141 4 2 7 2 794 2236 2235 798
3142 4 2 7 2 794 2235 2236 2205
3143 4 2 7 2 793 2235 2234 797
3144 4 2 7 2 793 2234 2235 2205
3145 4 2 7 2 2234 2235 2200 797
3146 4 2 7 2 2234 2200 2235 2205
3147 4 2 7 2 2200 2235 2206 797
3148 4 2 7 2 2200 2206 2235 2205
3149 4 2 7 2 2188 2202 2224 785
3150 4 2 7 2 2188 2224 2202 2198
3151 4 2 7 2 2212 2224 2223 784
3152 4 2 7 2 2212 2223 2224 2198
3153 4 2 7 2 788 2223 2224 784
3154 4 2 7 2 788 2224 2223 2198
3155 4 2 7 2 2226 2211 2227 787
3156 4 2 7 2 2227 2211 2226 2197
3157 4 2 7 2 2227 791 2226 787
3158 4 2 7 2 2226 791 2227 2197
3159 4 2 7 2 2187 2226 2202 786
3160 4 2 7 2 2187 2202 2226 2197
3161 4 2 7 2 2221 2208 2216 782
3162 4 2 7 2 2216 2208 2221 2211
3163 4 2 7 2 2216 783 2221 782
3164 4 2 7 2 2221 783 2216 2211
3165 4 2 7 2 2246 2192 2203 806
3166 4 2 7 2 2203 2192 2246 2199
3167 4 2 7 2 2246 803 2247 807
3168 4 2 7 2 2247 803 2246 2199
3169 4 2 7 2 2247 2210 2246 807
3170 4 2 7 2 2246 2210 2247 2199
3171 4 2 7 2 2208 2219 2214 781
3172 4 2 7 2 2208 2214 2219 2212
3173 4 2 7 2 780 2214 2219 781
3174 4 2 7 2 780 2219 2214 2212
3175 4 2 7 2 2245 805 2244 801
3176 4 2 7 2 2244 805 2245 2203
3177 4 2 7 2 2244 2196 2245 801
3178 4 2 7 2 2245 2196 2244 2203
3179 4 2 7 2 806 2245 2246 802
3180 4 2 7 2 806 2246 2245 2203
3181 4 2 7 2 2246 2245 2199 802
3182 4 2 7 2 2246 2199 2245 2203
3183 4 2 7 2 2199 2245 2196 802
3184 4 2 7 2 2199 2196 2245 2203
3185 4 2 7 2 2239 2206 797 2200
3186 4 2 7 2 2196 2206 2239 2200
3187 4 2 7 2 2193 2239 2196 801
3188 4 2 7 2 2193 2196 2239 2200
3189 4 2 7 2 2239 2209 2238 800
3190 4 2 7 2 2238 2209 2239 2200
3191 4 2 7 2 2238 796 2239 800
3192 4 2 7 2 2239 796 2238 2200
3193 4 2 7 2 785 2225 2224 789
3194 4 2 7 2 2224 2225 785 2202
3195 4 2 7 2 2225 2198 2224 789
3196 4 2 7 2 2224 2198 2225 2202
3197 4 2 7 2 2225 2195 2198 789
3198 4 2 7 2 2198 2195 2225 2202
3199 4 2 7 2 2225 786 2226 790
3200 4 2 7 2 2225 2226 786 2202
3201 4 2 7 2 2197 2225 2226 790
3202 4 2 7 2 2197 2226 2225 2202
3203 4 2 7 2 2195 2225 2197 790
3204 4 2 7 2 2195 2197 2225 2202
3205 4 2 7 2 2200 2233 909 874
3206 4 2 7 2 808 2249 2254 809
3207 4 2 7 2 808 2254 2249 2201
3208 4 2 7 2 2207 2254 2249 809
3209 4 2 7 2 2207 2249 2254 2201
3210 4 2 7 2 2199 2196 2240 802
3211 4 2 7 2 2240 2196 2199 2206
3212 4 2 7 2 797 2240 2239 801
3213 4 2 7 2 797 2239 2240 2206
3214 4 2 7 2 2196 2239 2240 801
3215 4 2 7 2 2196 2240 2239 2206
3216 4 2 7 2 788 2229 2228 792
3217 4 2 7 2 2228 2229 788 2198
3218 4 2 7 2 2228 906 2229 2198
3219 4 2 7 2 906 2189 2229 2198
3220 4 2 7 2 2205 2189 2229 793
3221 4 2 7 2 2229 2189 2205 2198
3222 4 2 7 2 2195 2197 2230 790
3223 4 2 7 2 2195 2230 2197 2205
3224 4 2 7 2 2230 793 2229 789
3225 4 2 7 2 2230 2229 793 2205
3226 4 2 7 2 2198 2230 2229 789
3227 4 2 7 2 2198 2229 2230 2205
3228 4 2 7 2 2195 2230 2198 789
3229 4 2 7 2 2195 2198 2230 2205
3230 4 2 7 2 790 2231 2230 794
3231 4 2 7 2 2230 2231 790 2197
3232 4 2 7 2 2231 2205 2230 794
3233 4 2 7 2 2230 2205 2231 2197
3234 4 2 7 2 2231 2236 2205 794
3235 4 2 7 2 2231 791 2232 795
3236 4 2 7 2 2232 791 2231 2197
3237 4 2 7 2 2232 2194 2231 795
3238 4 2 7 2 2231 2194 2232 2197
3239 4 2 7 2 2206 2189 2185 2190
3240 4 2 7 2 2206 2185 2189 2200
3241 4 2 7 2 2241 802 2240 798
3242 4 2 7 2 2240 802 2241 2199
3243 4 2 7 2 2240 2206 2241 798
3244 4 2 7 2 2241 2206 2240 2199
3245 4 2 7 2 803 2241 2242 799
3246 4 2 7 2 803 2242 2241 2199
3247 4 2 7 2 2194 2242 2241 799
3248 4 2 7 2 2194 2241 2242 2199
3249 4 2 7 2 805 2250 2249 809
3250 4 2 7 2 805 2249 2250 2203
3251 4 2 7 2 2207 2249 2250 809
3252 4 2 7 2 2207 2250 2249 2203
3253 4 2 7 2 2250 806 2251 810
3254 4 2 7 2 2251 806 2250 2203
3255 4 2 7 2 2251 2207 2250 810
3256 4 2 7 2 2250 2207 2251 2203
3257 4 2 7 2 2190 858 837 867
3258 4 2 7 2 2190 837 858 2186
3259 4 2 7 2 863 2199 2247 831
3260 4 2 7 2 2193 910 2185 905
3261 4 2 7 2 2193 2185 910 2191
3262 4 2 7 2 2198 2223 906 878
3263 4 2 7 2 2198 906 2223 788
3264 4 2 7 2 2202 2220 2221 786
3265 4 2 7 2 2202 2221 2220 2208
3266 4 2 7 2 782 2221 2220 786
3267 4 2 7 2 782 2220 2221 2208
3268 4 2 7 2 781 2220 2219 785
3269 4 2 7 2 781 2219 2220 2208
3270 4 2 7 2 2202 2219 2220 785
3271 4 2 7 2 2202 2220 2219 2208
3272 4 2 7 2 2197 860 2227 832
3273 4 2 7 2 2208 2221 2187 2202
3274 4 2 7 2 2208 2187 2221 2211
3275 4 2 7 2 786 2187 2221 2202
3276 4 2 7 2 785 2219 2188 2202
3277 4 2 7 2 2208 2188 2219 2202
3278 4 2 7 2 2208 2219 2188 2212
3279 4 2 7 2 861 2222 2217 154
3280 4 2 7 2 861 2217 2222 2211
3281 4 2 7 2 783 2217 2222 154
3282 4 2 7 2 783 2222 2217 2211
3283 4 2 7 2 2243 804 2248 192
3284 4 2 7 2 2243 2248 804 2209
3285 4 2 7 2 911 2243 2248 192
3286 4 2 7 2 911 2248 2243 2209
3287 4 2 7 2 877 2243 911 192
3288 4 2 7 2 877 911 2243 2209
3289 4 2 7 2 780 2218 2213 186
3290 4 2 7 2 780 2213 2218 2212
3291 4 2 7 2 907 2213 2218 186
3292 4 2 7 2 907 2218 2213 2212
3293 4 2 7 2 2191 926 929 925
3294 4 2 7 2 929 926 2191 2185
3295 4 2 7 2 929 920 2191 925
3296 4 2 7 2 2191 920 929 2185
3297 4 2 7 2 800 2243 2238 191
3298 4 2 7 2 2238 2243 800 2209
3299 4 2 7 2 2243 909 2238 191
3300 4 2 7 2 2238 909 2243 2209
3301 4 2 7 2 2243 877 909 191
3302 4 2 7 2 909 877 2243 2209
3303 4 2 7 2 2200 2238 2233 796
3304 4 2 7 2 2200 2233 2238 909
3305 4 2 7 2 190 2233 2238 796
3306 4 2 7 2 190 2238 2233 909
3307 4 2 7 2 787 2222 2227 155
3308 4 2 7 2 787 2227 2222 2211
3309 4 2 7 2 861 2227 2222 155
3310 4 2 7 2 861 2222 2227 2211
3311 4 2 7 2 865 2252 2247 160
3312 4 2 7 2 865 2247 2252 2210
3313 4 2 7 2 807 2247 2252 160
3314 4 2 7 2 807 2252 2247 2210
3315 4 2 7 2 2199 2242 2247 803
3316 4 2 7 2 2199 2247 2242 863
3317 4 2 7 2 159 2247 2242 803
3318 4 2 7 2 159 2242 2247 863
3319 4 2 7 2 2209 801 2196 2244
3320 4 2 7 2 2209 2196 801 2193
3321 4 2 7 2 907 2218 2223 187
3322 4 2 7 2 907 2223 2218 2212
3323 4 2 7 2 784 2223 2218 187
3324 4 2 7 2 784 2218 2223 2212
3325 4 2 7 2 2232 2197 2227 791
3326 4 2 7 2 2227 2197 2232 860
3327 4 2 7 2 2227 156 2232 791
3328 4 2 7 2 2232 156 2227 860
3329 4 2 7 2 2209 805 804 2244
3330 4 2 7 2 874 2189 2229 906
3331 4 2 7 2 2229 2189 874 792
3332 4 2 7 2 2229 2228 874 906
3333 4 2 7 2 874 2228 2229 792
3334 4 2 7 2 2194 863 2237 828
3335 4 2 7 2 809 2255 2254 199
3336 4 2 7 2 809 2254 2255 2207
3337 4 2 7 2 2254 2255 924 199
3338 4 2 7 2 2254 924 2255 2207
3339 4 2 7 2 924 2255 919 199
3340 4 2 7 2 924 919 2255 2207
3341 4 2 7 2 2215 781 2214 37
3342 4 2 7 2 2215 2214 781 2208
3343 4 2 7 2 486 2215 2214 37
3344 4 2 7 2 486 2214 2215 2208
3345 4 2 7 2 481 2215 486 37
3346 4 2 7 2 481 486 2215 2208
3347 4 2 7 2 2210 806 2203 2192
3348 4 2 7 2 2210 2203 806 2251
3349 4 2 7 2 2248 2201 2253 808
3350 4 2 7 2 2253 2201 2248 911
3351 4 2 7 2 2253 193 2248 808
3352 4 2 7 2 2248 193 2253 911
3353 4 2 7 2 2210 2252 2257 811
3354 4 2 7 2 2210 2257 2252 865
3355 4 2 7 2 161 2257 2252 811
3356 4 2 7 2 161 2252 2257 865
3357 4 2 7 2 2255 200 2256 919
3358 4 2 7 2 2256 200 2255 810
3359 4 2 7 2 2256 2207 2255 919
3360 4 2 7 2 2255 2207 2256 810
3361 4 2 7 2 2215 38 2216 782
3362 4 2 7 2 2216 38 2215 481
3363 4 2 7 2 2216 2208 2215 782
3364 4 2 7 2 2215 2208 2216 481
3365 4 2 7 2 908 921 229 875
3366 4 2 7 2 908 229 921 922
3367 4 2 7 2 829 922 908 921
3368 4 2 7 2 908 922 829 862
3369 4 2 7 2 10 2257 864 865
3370 4 2 7 2 2210 864 2257 865
3371 4 2 7 2 2211 2217 870 861
3372 4 2 7 2 9 870 2217 861
3373 4 2 7 2 2209 2191 910 2201
3374 4 2 7 2 2209 910 2191 2193
3375 4 2 7 2 2253 13 910 911
3376 4 2 7 2 910 2201 2253 911
3377 4 2 7 2 2212 2213 916 486
3378 4 2 7 2 2212 916 2213 907
3379 4 2 7 2 8 916 2213 486
3380 4 2 7 2 8 2213 916 907
3381 4 2 7 2 2210 926 2207 927
3382 4 2 7 2 2210 2207 926 2192
3383 4 2 7 2 2207 925 924 919
3384 4 2 7 2 2207 924 925 2191
3385 4 2 7 2 2211 488 2208 2187
3386 4 2 7 2 2211 2208 488 489
3387 4 2 7 2 2187 2221 2226 786
3388 4 2 7 2 2187 2226 2221 2211
3389 4 2 7 2 787 2226 2221 786
3390 4 2 7 2 787 2221 2226 2211
3391 4 2 7 2 784 2219 2224 785
3392 4 2 7 2 784 2224 2219 2212
3393 4 2 7 2 2188 2224 2219 785
3394 4 2 7 2 2188 2219 2224 2212
3395 4 2 7 2 2203 2249 2209 805
3396 4 2 7 2 2203 2209 2249 2201
3397 4 2 7 2 804 2209 2249 805
3398 4 2 7 2 804 2249 2209 2201
3399 4 2 7 2 2242 2194 2237 799
3400 4 2 7 2 2237 2194 2242 863
3401 4 2 7 2 2237 158 2242 799
3402 4 2 7 2 2242 158 2237 863
3403 4 2 7 2 2241 798 2236 799
3404 4 2 7 2 2236 798 2241 2206
3405 4 2 7 2 2236 2194 2241 799
3406 4 2 7 2 2241 2194 2236 2206
3407 4 2 7 2 2194 2231 2205 2197
3408 4 2 7 2 2194 2205 2231 2236
3409 4 2 7 2 10 2257 202 864
3410 4 2 7 2 202 2257 10 927
3411 4 2 7 2 2217 9 44 870
3412 4 2 7 2 44 9 2217 489
3413 4 2 7 2 44 488 2211 870
3414 4 2 7 2 2211 488 44 489
3415 4 2 7 2 2217 44 2211 870
3416 4 2 7 2 2211 44 2217 489
3417 4 2 7 2 2253 13 227 910
3418 4 2 7 2 2253 227 13 924
3419 4 2 7 2 925 2201 227 910
3420 4 2 7 2 925 227 2201 924
3421 4 2 7 2 2201 2253 227 910
3422 4 2 7 2 2201 227 2253 924
3423 4 2 7 2 864 2257 927 2210
3424 4 2 7 2 927 2257 864 202
3425 4 2 7 2 927 926 864 2210
3426 4 2 7 2 864 926 927 202
3427 4 2 7 3 2316 769 768 2282
3428 4 2 7 3 970 972 2259 2260
3429 4 2 7 3 764 768 2311 966
3430 4 2 7 3 975 2258 972 2260
3431 4 2 7 3 760 756 964 2301
3432 4 2 7 3 763 767 982 2308
3433 4 2 7 3 2316 768 2269 2282
3434 4 2 7 3 760 2305 764 2273
3435 4 2 7 3 767 771 2314 2274
3436 4 2 7 3 937 970 972 2259
3437 4 2 7 3 756 752 932 2296
3438 4 2 7 3 931 2316 768 2269
3439 4 2 7 3 940 972 975 2258
3440 4 2 7 3 1011 937 2259 2263
3441 4 2 7 3 1010 972 2258 2260
3442 4 2 7 3 1011 936 937 2263
3443 4 2 7 3 1010 2259 972 2260
3444 4 2 7 3 966 2311 764 2269
3445 4 2 7 3 768 2311 966 2269
3446 4 2 7 3 2287 749 750 2267
3447 4 2 7 3 1011 937 936 934
3448 4 2 7 3 940 1010 972 2258
3449 4 2 7 3 937 974 2259 2263
3450 4 2 7 3 1010 2258 1023 2260
3451 4 2 7 3 759 763 1015 2303
3452 4 2 7 3 767 982 2308 2268
3453 4 2 7 3 763 2308 982 2268
3454 4 2 7 3 2316 2269 2276 2282
3455 4 2 7 3 774 773 2322 2277
3456 4 2 7 3 778 777 2327 2264
3457 4 2 7 3 939 933 940 1020
3458 4 2 7 3 1012 2258 940 2262
3459 4 2 7 3 974 970 937 2259
3460 4 2 7 3 1010 1011 937 2259
3461 4 2 7 3 2301 964 760 2266
3462 4 2 7 3 756 964 2301 2266
3463 4 2 7 3 939 494 1020 2261
3464 4 2 7 3 975 972 970 2260
3465 4 2 7 3 779 193 1014 2329
3466 4 2 7 3 937 972 1010 2259
3467 4 2 7 3 1019 2259 1010 2260
3468 4 2 7 3 1002 88 144 954
3469 4 2 7 3 948 143 89 1005
3470 4 2 7 3 961 136 96 1008
3471 4 2 7 3 940 1012 1010 2258
3472 4 2 7 3 934 936 1011 1022
3473 4 2 7 3 284 267 1000 944
3474 4 2 7 3 779 778 2328 2278
3475 4 2 7 3 778 2322 777 2264
3476 4 2 7 3 258 997 293 960
3477 4 2 7 3 946 150 82 994
3478 4 2 7 3 1010 1012 940 973
3479 4 2 7 3 976 940 2258 2262
3480 4 2 7 3 930 970 2269 2273
3481 4 2 7 3 972 1010 940 973
3482 4 2 7 3 936 1011 1022 2263
3483 4 2 7 3 261 1005 290 948
3484 4 2 7 3 931 2316 2269 2276
3485 4 2 7 3 939 933 1020 496
3486 4 2 7 3 1011 937 934 983
3487 4 2 7 3 1026 1028 197 2278
3488 4 2 7 3 1010 1019 1011 2259
3489 4 2 7 3 977 2286 32 498
3490 4 2 7 3 940 1012 1020 988
3491 4 2 7 3 2260 2269 970 2273
3492 4 2 7 3 937 1010 972 938
3493 4 2 7 3 988 940 1012 973
3494 4 2 7 3 767 2314 1013 2274
3495 4 2 7 3 975 2266 2260 2273
3496 4 2 7 3 937 1011 1010 983
3497 4 2 7 3 494 939 1020 496
3498 4 2 7 3 964 760 2266 2273
3499 4 2 7 3 771 1013 2314 2274
3500 4 2 7 3 2301 760 761 2266
3501 4 2 7 3 1025 1011 1019 2259
3502 4 2 7 3 760 930 2305 2273
3503 4 2 7 3 764 2305 930 2273
3504 4 2 7 3 764 930 2269 2273
3505 4 2 7 3 2311 765 764 2269
3506 4 2 7 3 763 762 2308 2268
3507 4 2 7 3 2310 764 178 966
3508 4 2 7 3 1023 1010 1012 2258
3509 4 2 7 3 767 982 2268 2274
3510 4 2 7 3 773 2316 772 2275
3511 4 2 7 3 940 975 976 2258
3512 4 2 7 3 2310 179 768 966
3513 4 2 7 3 764 2269 765 2273
3514 4 2 7 3 1020 933 940 988
3515 4 2 7 3 178 179 2310 966
3516 4 2 7 3 1010 972 938 973
3517 4 2 7 3 1010 937 983 938
3518 4 2 7 3 1011 934 1022 983
3519 4 2 7 3 937 934 983 938
3520 4 2 7 3 1022 934 936 1030
3521 4 2 7 3 2314 190 767 1013
3522 4 2 7 3 937 936 974 2263
3523 4 2 7 3 964 177 2300 760
3524 4 2 7 3 974 966 970 2269
3525 4 2 7 3 2309 190 982 767
3526 4 2 7 3 2305 177 930 760
3527 4 2 7 3 930 970 966 2269
3528 4 2 7 3 763 189 982 2309
3529 4 2 7 3 32 977 6 2285
3530 4 2 7 3 936 2263 1022 2264
3531 4 2 7 3 2296 932 756 2279
3532 4 2 7 3 2305 930 178 764
3533 4 2 7 3 930 178 177 2305
3534 4 2 7 3 764 765 2306 2273
3535 4 2 7 3 189 190 982 2309
3536 4 2 7 3 932 2296 752 2279
3537 4 2 7 3 765 2312 766 2281
3538 4 2 7 3 984 2258 2271 2272
3539 4 2 7 3 767 766 2313 2274
3540 4 2 7 3 2291 2270 965 2279
3541 4 2 7 3 779 2328 197 2278
3542 4 2 7 3 176 177 2300 964
3543 4 2 7 3 765 2269 2312 2281
3544 4 2 7 3 2259 2268 1019 2274
3545 4 2 7 3 755 187 984 2299
3546 4 2 7 3 764 930 966 2269
3547 4 2 7 3 2300 756 176 964
3548 4 2 7 3 776 963 978 2280
3549 4 2 7 3 2312 2274 766 2281
3550 4 2 7 3 964 930 760 2273
3551 4 2 7 3 762 2268 763 2272
3552 4 2 7 3 767 1013 982 2274
3553 4 2 7 3 748 2291 749 2267
3554 4 2 7 3 770 769 2317 2282
3555 4 2 7 3 1028 936 1022 2264
3556 4 2 7 3 2297 757 758 2284
3557 4 2 7 3 936 275 1028 1030
3558 4 2 7 3 939 494 103 496
3559 4 2 7 3 1022 936 1028 1030
3560 4 2 7 3 756 964 2266 2279
3561 4 2 7 3 974 970 2259 2269
3562 4 2 7 3 2258 2260 975 2266
3563 4 2 7 3 1012 1010 988 973
3564 4 2 7 3 2296 756 757 2279
3565 4 2 7 3 970 2260 2259 2269
3566 4 2 7 3 761 762 2302 2283
3567 4 2 7 3 2307 762 761 2283
3568 4 2 7 3 965 2291 748 2267
3569 4 2 7 3 776 2275 963 2280
3570 4 2 7 3 976 975 964 2266
3571 4 2 7 3 976 2258 975 2266
3572 4 2 7 3 933 939 103 496
3573 4 2 7 3 275 936 934 1030
3574 4 2 7 3 976 939 940 2262
3575 4 2 7 3 2290 174 175 965
3576 4 2 7 3 136 961 96 97
3577 4 2 7 3 268 269 961 283
3578 4 2 7 3 91 142 90 955
3579 4 2 7 3 143 948 89 90
3580 4 2 7 3 144 88 89 954
3581 4 2 7 3 1000 137 95 138
3582 4 2 7 3 138 94 1003 139
3583 4 2 7 3 86 147 85 947
3584 4 2 7 3 139 140 93 1001
3585 4 2 7 3 140 92 1007 141
3586 4 2 7 3 142 91 141 1004
3587 4 2 7 3 3 153 945 80
3588 4 2 7 3 88 1002 144 145
3589 4 2 7 3 1005 89 144 143
3590 4 2 7 3 145 87 996 146
3591 4 2 7 3 146 86 997 147
3592 4 2 7 3 2303 762 763 2272
3593 4 2 7 3 963 181 180 2320
3594 4 2 7 3 2295 932 176 756
3595 4 2 7 3 190 191 1013 2314
3596 4 2 7 3 288 287 264 1007
3597 4 2 7 3 259 292 996 293
3598 4 2 7 3 1025 1011 2259 2263
3599 4 2 7 3 2318 774 775 2277
3600 4 2 7 3 263 288 1004 289
3601 4 2 7 3 267 268 944 284
3602 4 2 7 3 136 96 1008 137
3603 4 2 7 3 764 930 178 966
3604 4 2 7 3 750 2293 751 2265
3605 4 2 7 3 191 2314 771 1013
3606 4 2 7 3 1010 1023 1019 2260
3607 4 2 7 3 983 934 1022 1030
3608 4 2 7 3 930 177 964 760
3609 4 2 7 3 290 289 262 1006
3610 4 2 7 3 190 982 767 1013
3611 4 2 7 3 2266 2260 2273 2283
3612 4 2 7 3 187 188 984 2299
3613 4 2 7 3 748 174 2290 965
3614 4 2 7 3 932 176 175 2295
3615 4 2 7 3 2303 763 1015 2272
3616 4 2 7 3 2303 1015 759 2272
3617 4 2 7 3 2320 963 181 776
3618 4 2 7 3 186 2289 751 2265
3619 4 2 7 3 1028 277 13 2278
3620 4 2 7 3 997 258 293 294
3621 4 2 7 3 150 946 82 83
3622 4 2 7 3 293 259 258 960
3623 4 2 7 3 936 1028 980 2264
3624 4 2 7 3 931 180 179 2315
3625 4 2 7 3 761 2302 2266 2283
3626 4 2 7 3 931 179 768 2315
3627 4 2 7 3 989 1029 962 941
3628 4 2 7 3 933 940 988 973
3629 4 2 7 3 969 988 933 496
3630 4 2 7 3 966 931 768 2269
3631 4 2 7 3 988 1020 933 496
3632 4 2 7 3 2307 2268 762 2283
3633 4 2 7 3 948 290 261 262
3634 4 2 7 3 292 291 260 1002
3635 4 2 7 3 977 174 6 2285
3636 4 2 7 3 193 13 1014 2329
3637 4 2 7 3 2316 931 2275 2276
3638 4 2 7 3 2259 2260 1019 2268
3639 4 2 7 3 2258 2272 2268 2283
3640 4 2 7 3 2297 2279 757 2284
3641 4 2 7 3 83 149 951 84
3642 4 2 7 3 969 988 1009 973
3643 4 2 7 3 1005 261 290 291
3644 4 2 7 3 752 932 175 2295
3645 4 2 7 3 2292 753 754 2270
3646 4 2 7 3 989 983 938 1009
3647 4 2 7 3 976 2262 2258 2266
3648 4 2 7 3 2259 2263 974 2269
3649 4 2 7 3 965 2291 2267 2270
3650 4 2 7 3 773 2275 2322 2277
3651 4 2 7 3 285 284 267 1000
3652 4 2 7 3 969 1009 942 973
3653 4 2 7 3 773 772 2321 2275
3654 4 2 7 3 2269 2273 2260 2281
3655 4 2 7 3 294 295 992 257
3656 4 2 7 3 966 974 931 2269
3657 4 2 7 3 1009 1010 938 973
3658 4 2 7 3 765 2273 2269 2281
3659 4 2 7 3 941 983 934 938
3660 4 2 7 3 2316 2275 773 2276
3661 4 2 7 3 967 135 97 1016
3662 4 2 7 3 282 967 269 1016
3663 4 2 7 3 152 80 999 153
3664 4 2 7 3 999 300 252 299
3665 4 2 7 3 1023 2268 2258 2272
3666 4 2 7 3 265 286 1001 287
3667 4 2 7 3 494 939 981 2261
3668 4 2 7 3 974 2263 931 2269
3669 4 2 7 3 148 84 998 149
3670 4 2 7 3 984 2258 2262 2271
3671 4 2 7 3 989 1029 279 962
3672 4 2 7 3 255 993 297 296
3673 4 2 7 3 756 932 176 964
3674 4 2 7 3 266 285 1003 286
3675 4 2 7 3 931 768 179 966
3676 4 2 7 3 2259 2268 2274 2281
3677 4 2 7 3 938 983 1010 1009
3678 4 2 7 3 278 989 983 1030
3679 4 2 7 3 969 971 986 495
3680 4 2 7 3 2325 776 978 2280
3681 4 2 7 3 297 255 254 946
3682 4 2 7 3 969 933 988 973
3683 4 2 7 3 2263 2276 2269 2282
3684 4 2 7 3 100 101 493 935
3685 4 2 7 3 1030 934 274 941
3686 4 2 7 3 275 980 936 1028
3687 4 2 7 3 978 980 1031 2280
3688 4 2 7 3 762 2272 2302 2283
3689 4 2 7 3 2307 2273 765 2281
3690 4 2 7 3 1022 13 277 2278
3691 4 2 7 3 756 932 964 2279
3692 4 2 7 3 2269 2312 2281 2282
3693 4 2 7 3 981 494 103 939
3694 4 2 7 3 2274 2281 2312 2282
3695 4 2 7 3 2260 2258 2268 2283
3696 4 2 7 3 1009 988 969 986
3697 4 2 7 3 1023 982 1019 2268
3698 4 2 7 3 2260 2266 2258 2283
3699 4 2 7 3 763 2268 1015 2272
3700 4 2 7 3 931 2269 2263 2276
3701 4 2 7 3 1023 2260 2258 2268
3702 4 2 7 3 1026 2264 2327 2280
3703 4 2 7 3 979 272 273 1027
3704 4 2 7 3 151 81 82 950
3705 4 2 7 3 295 998 256 296
3706 4 2 7 3 941 989 983 938
3707 4 2 7 3 988 1010 1009 973
3708 4 2 7 3 279 280 987 1027
3709 4 2 7 3 779 2264 778 2278
3710 4 2 7 3 130 494 1020 496
3711 4 2 7 3 978 12 181 2325
3712 4 2 7 3 751 2288 750 2265
3713 4 2 7 3 181 776 978 2325
3714 4 2 7 3 942 1009 969 986
3715 4 2 7 3 963 2264 978 2280
3716 4 2 7 3 1023 1019 2260 2268
3717 4 2 7 3 1009 938 942 973
3718 4 2 7 3 748 749 2286 2267
3719 4 2 7 3 1015 763 982 2268
3720 4 2 7 3 779 197 2329 2278
3721 4 2 7 3 986 971 132 495
3722 4 2 7 3 150 82 994 151
3723 4 2 7 3 1015 2304 189 763
3724 4 2 7 3 762 2268 2272 2283
3725 4 2 7 3 969 131 988 496
3726 4 2 7 3 776 963 181 978
3727 4 2 7 3 2307 765 766 2281
3728 4 2 7 3 2318 775 985 2277
3729 4 2 7 3 2297 2271 2279 2284
3730 4 2 7 3 132 133 493 1021
3731 4 2 7 3 969 933 102 496
3732 4 2 7 3 2262 2266 2279 2284
3733 4 2 7 3 1032 978 1031 2280
3734 4 2 7 3 936 2263 2264 2275
3735 4 2 7 3 197 1028 13 2278
3736 4 2 7 3 131 969 986 495
3737 4 2 7 3 774 2323 775 2277
3738 4 2 7 3 2324 193 1014 779
3739 4 2 7 3 192 193 1014 2324
3740 4 2 7 3 2287 750 2265 2267
3741 4 2 7 3 2263 2274 2276 2282
3742 4 2 7 3 769 770 2312 2282
3743 4 2 7 3 938 941 989 1009
3744 4 2 7 3 278 989 1030 941
3745 4 2 7 3 942 941 938 1009
3746 4 2 7 3 2302 758 757 2284
3747 4 2 7 3 2260 2268 2259 2281
3748 4 2 7 3 982 1015 189 763
3749 4 2 7 3 32 977 498 6
3750 4 2 7 3 980 2264 1031 2280
3751 4 2 7 3 2260 2259 2269 2281
3752 4 2 7 3 969 988 131 986
3753 4 2 7 3 188 189 1015 2304
3754 4 2 7 3 778 2264 2327 2278
3755 4 2 7 3 1012 984 2258 2262
3756 4 2 7 3 2286 498 977 2267
3757 4 2 7 3 2307 2281 2268 2283
3758 4 2 7 3 2258 2266 2262 2284
3759 4 2 7 3 1030 274 278 941
3760 4 2 7 3 2261 2262 932 2279
3761 4 2 7 3 978 2264 980 2280
3762 4 2 7 3 942 969 971 986
3763 4 2 7 3 2307 2273 2281 2283
3764 4 2 7 3 976 932 939 2262
3765 4 2 7 3 932 965 2261 2279
3766 4 2 7 3 2263 2269 2259 2282
3767 4 2 7 3 2258 2271 2272 2284
3768 4 2 7 3 770 2317 2276 2282
3769 4 2 7 3 2302 2266 2283 2284
3770 4 2 7 3 277 1022 1028 1030
3771 4 2 7 3 135 967 97 98
3772 4 2 7 3 967 282 269 270
3773 4 2 7 3 2319 192 985 775
3774 4 2 7 3 2319 192 191 985
3775 4 2 7 3 971 1024 942 986
3776 4 2 7 3 2304 188 759 1015
3777 4 2 7 3 942 1024 989 1009
3778 4 2 7 3 974 936 931 2263
3779 4 2 7 3 1027 273 979 962
3780 4 2 7 3 963 2275 2264 2280
3781 4 2 7 3 273 1027 279 962
3782 4 2 7 3 1024 279 987 962
3783 4 2 7 3 2263 2274 985 2276
3784 4 2 7 3 1023 1015 2268 2272
3785 4 2 7 3 931 2263 936 2275
3786 4 2 7 3 298 253 950 254
3787 4 2 7 3 989 279 1024 962
3788 4 2 7 3 941 942 989 1009
3789 4 2 7 3 1025 2263 2259 2274
3790 4 2 7 3 942 989 1024 941
3791 4 2 7 3 1009 942 1024 986
3792 4 2 7 3 969 102 131 496
3793 4 2 7 3 2263 2259 2274 2282
3794 4 2 7 3 773 2276 2275 2277
3795 4 2 7 3 497 977 498 2267
3796 4 2 7 3 965 2270 2261 2279
3797 4 2 7 3 1024 962 942 941
3798 4 2 7 3 962 1029 273 941
3799 4 2 7 3 971 962 1024 935
3800 4 2 7 3 2318 985 2276 2277
3801 4 2 7 3 981 2261 965 2267
3802 4 2 7 3 1022 277 983 1030
3803 4 2 7 3 988 130 1020 496
3804 4 2 7 3 1018 968 134 281
3805 4 2 7 3 279 1029 273 962
3806 4 2 7 3 982 1023 1015 2268
3807 4 2 7 3 986 132 131 495
3808 4 2 7 3 963 980 978 2264
3809 4 2 7 3 2325 978 1032 2280
3810 4 2 7 3 1020 2261 494 2265
3811 4 2 7 3 492 33 34 2287
3812 4 2 7 3 2327 195 196 1026
3813 4 2 7 3 2302 2283 2272 2284
3814 4 2 7 3 2263 2275 931 2276
3815 4 2 7 3 494 981 497 2267
3816 4 2 7 3 1022 2264 2263 2277
3817 4 2 7 3 1029 274 273 941
3818 4 2 7 3 195 1026 2327 2280
3819 4 2 7 3 969 131 102 495
3820 4 2 7 3 494 2261 981 2267
3821 4 2 7 3 1025 1013 985 2274
3822 4 2 7 3 943 99 271 990
3823 4 2 7 3 779 2277 2264 2278
3824 4 2 7 3 270 1018 281 968
3825 4 2 7 3 1022 2263 985 2277
3826 4 2 7 3 968 134 135 1018
3827 4 2 7 3 498 32 33 2286
3828 4 2 7 3 133 493 1021 935
3829 4 2 7 3 965 2267 2261 2270
3830 4 2 7 3 278 989 1029 279
3831 4 2 7 3 962 1024 989 941
3832 4 2 7 3 283 282 269 1016
3833 4 2 7 3 135 97 1016 136
3834 4 2 7 3 2259 2269 2281 2282
3835 4 2 7 3 2294 187 1017 755
3836 4 2 7 3 1012 1020 984 2262
3837 4 2 7 3 942 962 1024 971
3838 4 2 7 3 2259 2281 2274 2282
3839 4 2 7 3 1017 1020 130 2265
3840 4 2 7 3 1025 985 2263 2274
3841 4 2 7 3 1026 1031 2264 2280
3842 4 2 7 3 1020 2261 984 2262
3843 4 2 7 3 102 101 969 495
3844 4 2 7 3 2322 2275 2264 2277
3845 4 2 7 3 963 931 936 2275
3846 4 2 7 3 2287 2265 492 2267
3847 4 2 7 3 2289 186 8 1017
3848 4 2 7 3 101 132 971 495
3849 4 2 7 3 932 2261 939 2262
3850 4 2 7 3 497 104 977 2267
3851 4 2 7 3 965 939 932 2261
3852 4 2 7 3 985 1022 1025 2263
3853 4 2 7 3 1025 1022 1011 2263
3854 4 2 7 3 971 969 101 495
3855 4 2 7 3 2325 978 12 1032
3856 4 2 7 3 186 187 1017 2294
3857 4 2 7 3 497 492 2265 2267
3858 4 2 7 3 2327 2264 1026 2278
3859 4 2 7 3 1021 971 1024 935
3860 4 2 7 3 132 971 986 1021
3861 4 2 7 3 2270 2271 2262 2279
3862 4 2 7 3 99 134 271 990
3863 4 2 7 3 271 134 99 968
3864 4 2 7 3 985 775 192 2277
3865 4 2 7 3 1028 2264 1022 2278
3866 4 2 7 3 1014 1022 985 2277
3867 4 2 7 3 1021 493 101 935
3868 4 2 7 3 100 99 943 990
3869 4 2 7 3 990 134 271 281
3870 4 2 7 3 130 1020 494 2265
3871 4 2 7 3 968 271 134 281
3872 4 2 7 3 1021 101 971 935
3873 4 2 7 3 981 939 965 2261
3874 4 2 7 3 2258 2262 2271 2284
3875 4 2 7 3 498 104 6 977
3876 4 2 7 3 99 100 133 990
3877 4 2 7 3 1031 978 276 980
3878 4 2 7 3 980 1028 1031 2264
3879 4 2 7 3 98 134 968 99
3880 4 2 7 3 281 270 968 271
3881 4 2 7 3 943 271 272 990
3882 4 2 7 3 1032 978 276 1031
3883 4 2 7 3 498 497 104 977
3884 4 2 7 3 963 180 931 2275
3885 4 2 7 3 280 272 271 990
3886 4 2 7 3 987 1024 962 935
3887 4 2 7 3 1021 987 133 935
3888 4 2 7 3 494 2265 2261 2267
3889 4 2 7 3 984 2262 2261 2271
3890 4 2 7 3 187 984 1017 755
3891 4 2 7 3 276 1031 980 1028
3892 4 2 7 3 2325 12 194 1032
3893 4 2 7 3 104 494 981 497
3894 4 2 7 3 934 274 275 1030
3895 4 2 7 3 277 278 983 1030
3896 4 2 7 3 986 971 1024 1021
3897 4 2 7 3 977 981 965 2267
3898 4 2 7 3 980 275 276 1028
3899 4 2 7 3 494 103 104 981
3900 4 2 7 3 988 131 130 496
3901 4 2 7 3 978 276 12 1032
3902 4 2 7 3 979 987 962 935
3903 4 2 7 3 933 103 102 496
3904 4 2 7 3 2268 2281 2260 2283
3905 4 2 7 3 2266 2258 2283 2284
3906 4 2 7 3 2261 2267 2265 2270
3907 4 2 7 3 2260 2281 2273 2283
3908 4 2 7 3 985 2263 2276 2277
3909 4 2 7 3 497 981 104 2267
3910 4 2 7 3 2264 2275 2263 2277
3911 4 2 7 3 498 492 497 2267
3912 4 2 7 3 2262 2279 2271 2284
3913 4 2 7 3 1027 987 979 280
3914 4 2 7 3 979 987 935 943
3915 4 2 7 3 981 977 104 2267
3916 4 2 7 3 1024 987 1021 935
3917 4 2 7 3 195 1032 1026 2280
3918 4 2 7 3 2272 2283 2258 2284
3919 4 2 7 3 186 1017 2289 2265
3920 4 2 7 3 945 16 252 300
3921 4 2 7 3 971 132 101 1021
3922 4 2 7 3 984 1020 1017 2261
3923 4 2 7 3 134 99 133 990
3924 4 2 7 3 1018 270 281 282
3925 4 2 7 3 134 98 968 135
3926 4 2 7 3 493 133 100 935
3927 4 2 7 3 968 135 270 1018
3928 4 2 7 3 967 282 135 1016
3929 4 2 7 3 2275 2276 2263 2277
3930 4 2 7 3 493 101 132 1021
3931 4 2 7 3 990 271 280 281
3932 4 2 7 3 494 497 2265 2267
3933 4 2 7 3 1017 2261 1020 2265
3934 4 2 7 3 2261 2270 2262 2279
3935 4 2 7 3 1031 1026 2264 2278
3936 4 2 7 3 2293 1017 2265 2270
3937 4 2 7 3 197 13 2329 2278
3938 4 2 7 3 492 494 497 2265
3939 4 2 7 3 1032 1031 1026 2280
3940 4 2 7 3 2262 2270 2261 2271
3941 4 2 7 3 1022 277 1028 2278
3942 4 2 7 3 961 136 1008 283
3943 4 2 7 3 80 252 949 999
3944 4 2 7 3 991 945 153 300
3945 4 2 7 3 91 263 956 1004
3946 4 2 7 3 94 1003 266 959
3947 4 2 7 3 95 1000 267 944
3948 4 2 7 3 1014 985 192 2277
3949 4 2 7 3 92 264 957 1007
3950 4 2 7 3 996 259 87 953
3951 4 2 7 3 948 290 143 1005
3952 4 2 7 3 135 98 270 967
3953 4 2 7 3 86 258 960 997
3954 4 2 7 3 135 270 282 967
3955 4 2 7 3 89 1005 261 948
3956 4 2 7 3 1002 260 88 954
3957 4 2 7 3 2261 2265 1017 2270
3958 4 2 7 3 967 97 269 1016
3959 4 2 7 3 84 998 256 952
3960 4 2 7 3 979 272 1027 280
3961 4 2 7 3 265 1001 958 93
3962 4 2 7 3 946 150 994 297
3963 4 2 7 3 270 98 135 968
3964 4 2 7 3 135 270 1018 282
3965 4 2 7 3 1031 2264 1028 2278
3966 4 2 7 3 269 136 97 961
3967 4 2 7 3 269 136 961 283
3968 4 2 7 3 153 80 252 945
3969 4 2 7 3 143 90 262 948
3970 4 2 7 3 142 91 263 955
3971 4 2 7 3 252 153 945 300
3972 4 2 7 3 252 80 153 999
3973 4 2 7 3 263 142 1004 91
3974 4 2 7 3 94 1003 139 266
3975 4 2 7 3 252 153 300 999
3976 4 2 7 3 95 1000 138 267
3977 4 2 7 3 87 293 996 146
3978 4 2 7 3 1001 93 287 140
3979 4 2 7 3 264 92 141 1007
3980 4 2 7 3 141 264 1007 288
3981 4 2 7 3 293 87 259 960
3982 4 2 7 3 293 87 996 259
3983 4 2 7 3 268 96 944 284
3984 4 2 7 3 142 263 1004 289
3985 4 2 7 3 96 137 284 1008
3986 4 2 7 3 290 948 143 262
3987 4 2 7 3 143 262 1006 290
3988 4 2 7 3 947 147 258 86
3989 4 2 7 3 258 147 997 86
3990 4 2 7 3 147 258 997 294
3991 4 2 7 3 261 144 89 954
3992 4 2 7 3 1005 89 261 144
3993 4 2 7 3 286 266 139 1003
3994 4 2 7 3 88 145 260 1002
3995 4 2 7 3 145 260 1002 292
3996 4 2 7 3 150 255 946 83
3997 4 2 7 3 1005 144 261 291
3998 4 2 7 3 265 1001 93 287
3999 4 2 7 3 285 267 138 1000
4000 4 2 7 3 255 150 946 297
4001 4 2 7 3 255 993 150 297
4002 4 2 7 3 950 298 151 995
4003 4 2 7 3 97 136 269 1016
4004 4 2 7 3 1031 1028 1026 2278
4005 4 2 7 3 136 269 1016 283
4006 4 2 7 3 256 149 84 951
4007 4 2 7 3 998 84 256 149
4008 4 2 7 3 257 992 148 295
4009 4 2 7 3 998 149 256 296
4010 4 2 7 3 82 298 950 254
4011 4 2 7 3 82 298 151 950
4012 4 2 7 3 298 994 82 151
4013 4 2 7 3 756 760 964 2300
4014 4 2 7 3 752 756 932 2295
4015 4 2 7 3 763 759 1015 2304
4016 4 2 7 3 764 768 966 2310
4017 4 2 7 3 767 763 982 2309
4018 4 2 7 3 760 764 2306 2273
4019 4 2 7 3 767 2313 771 2274
4020 4 2 7 3 774 2323 2322 778
4021 4 2 7 3 774 2322 2323 2277
4022 4 2 7 3 2322 2323 2264 778
4023 4 2 7 3 2322 2264 2323 2277
4024 4 2 7 3 2264 2323 779 778
4025 4 2 7 3 2264 779 2323 2277
4026 4 2 7 3 2292 753 2291 749
4027 4 2 7 3 2292 2291 753 2270
4028 4 2 7 3 2267 2292 2291 749
4029 4 2 7 3 2267 2291 2292 2270
4030 4 2 7 3 750 2292 2267 749
4031 4 2 7 3 2284 2272 759 2271
4032 4 2 7 3 754 2298 2297 758
4033 4 2 7 3 2297 2298 754 2271
4034 4 2 7 3 2298 2284 2297 758
4035 4 2 7 3 2297 2284 2298 2271
4036 4 2 7 3 2298 759 2284 758
4037 4 2 7 3 2284 759 2298 2271
4038 4 2 7 3 2317 770 2318 774
4039 4 2 7 3 2317 2318 770 2276
4040 4 2 7 3 2277 2317 2318 774
4041 4 2 7 3 2277 2318 2317 2276
4042 4 2 7 3 773 2317 2277 774
4043 4 2 7 3 773 2277 2317 2276
4044 4 2 7 3 749 2286 2287 33
4045 4 2 7 3 749 2287 2286 2267
4046 4 2 7 3 2287 2286 492 33
4047 4 2 7 3 2287 492 2286 2267
4048 4 2 7 3 492 2286 498 33
4049 4 2 7 3 492 498 2286 2267
4050 4 2 7 3 195 2326 2327 777
4051 4 2 7 3 195 2327 2326 2280
4052 4 2 7 3 2275 776 2264 2280
4053 4 2 7 3 776 2326 2325 194
4054 4 2 7 3 776 2325 2326 2280
4055 4 2 7 3 776 2321 2264 777
4056 4 2 7 3 776 2264 2321 2275
4057 4 2 7 3 2264 2321 2322 777
4058 4 2 7 3 2264 2322 2321 2275
4059 4 2 7 3 2322 2321 773 777
4060 4 2 7 3 2322 773 2321 2275
4061 4 2 7 3 754 2292 2293 750
4062 4 2 7 3 754 2293 2292 2270
4063 4 2 7 3 2293 2292 2265 750
4064 4 2 7 3 2293 2265 2292 2270
4065 4 2 7 3 2265 2292 2267 750
4066 4 2 7 3 2265 2267 2292 2270
4067 4 2 7 3 754 2297 2270 753
4068 4 2 7 3 754 2270 2297 2271
4069 4 2 7 3 2279 2297 2270 2271
4070 4 2 7 3 2318 770 2282 771
4071 4 2 7 3 2282 770 2318 2276
4072 4 2 7 3 2318 2282 2274 771
4073 4 2 7 3 2274 2282 2318 2276
4074 4 2 7 3 985 2274 2318 2276
4075 4 2 7 3 2294 755 2293 751
4076 4 2 7 3 2294 2293 755 1017
4077 4 2 7 3 2265 2294 2293 751
4078 4 2 7 3 2265 2293 2294 1017
4079 4 2 7 3 186 2294 2265 751
4080 4 2 7 3 186 2265 2294 1017
4081 4 2 7 3 778 2328 2327 196
4082 4 2 7 3 778 2327 2328 2278
4083 4 2 7 3 2327 2328 1026 196
4084 4 2 7 3 2327 1026 2328 2278
4085 4 2 7 3 1026 2328 197 196
4086 4 2 7 3 1026 197 2328 2278
4087 4 2 7 3 2288 750 2287 34
4088 4 2 7 3 2288 2287 750 2265
4089 4 2 7 3 492 2288 2287 34
4090 4 2 7 3 492 2287 2288 2265
4091 4 2 7 3 35 2288 492 34
4092 4 2 7 3 754 2271 2293 2270
4093 4 2 7 3 2282 771 2313 2274
4094 4 2 7 3 2282 2313 771 770
4095 4 2 7 3 766 2312 2313 2274
4096 4 2 7 3 766 2313 2312 770
4097 4 2 7 3 2312 2282 2313 2274
4098 4 2 7 3 2312 2313 2282 770
4099 4 2 7 3 2282 768 2311 769
4100 4 2 7 3 2282 2311 768 2269
4101 4 2 7 3 765 2312 2311 769
4102 4 2 7 3 765 2311 2312 2269
4103 4 2 7 3 2312 2282 2311 769
4104 4 2 7 3 2312 2311 2282 2269
4105 4 2 7 3 759 2299 1015 188
4106 4 2 7 3 984 1015 2299 188
4107 4 2 7 3 284 944 137 96
4108 4 2 7 3 284 137 944 1000
4109 4 2 7 3 95 137 944 96
4110 4 2 7 3 95 944 137 1000
4111 4 2 7 3 267 959 138 95
4112 4 2 7 3 94 138 959 95
4113 4 2 7 3 94 959 138 1003
4114 4 2 7 3 138 959 285 1003
4115 4 2 7 3 138 285 959 267
4116 4 2 7 3 266 285 959 1003
4117 4 2 7 3 266 959 285 267
4118 4 2 7 3 139 266 958 94
4119 4 2 7 3 139 93 958 1001
4120 4 2 7 3 958 93 139 94
4121 4 2 7 3 264 956 141 92
4122 4 2 7 3 91 141 956 92
4123 4 2 7 3 91 956 141 1004
4124 4 2 7 3 142 955 289 1006
4125 4 2 7 3 142 289 955 263
4126 4 2 7 3 262 289 955 1006
4127 4 2 7 3 262 955 289 263
4128 4 2 7 3 145 260 953 88
4129 4 2 7 3 145 87 953 996
4130 4 2 7 3 953 87 145 88
4131 4 2 7 3 1006 142 90 143
4132 4 2 7 3 90 142 1006 955
4133 4 2 7 3 90 262 1006 143
4134 4 2 7 3 1006 262 90 955
4135 4 2 7 3 960 86 146 87
4136 4 2 7 3 146 86 960 997
4137 4 2 7 3 146 293 960 87
4138 4 2 7 3 960 293 146 997
4139 4 2 7 3 257 952 148 85
4140 4 2 7 3 84 148 952 85
4141 4 2 7 3 84 952 148 998
4142 4 2 7 3 956 141 288 264
4143 4 2 7 3 288 141 956 1004
4144 4 2 7 3 288 263 956 264
4145 4 2 7 3 956 263 288 1004
4146 4 2 7 3 283 1008 268 284
4147 4 2 7 3 283 268 1008 961
4148 4 2 7 3 96 268 1008 284
4149 4 2 7 3 96 1008 268 961
4150 4 2 7 3 992 257 85 947
4151 4 2 7 3 85 257 992 148
4152 4 2 7 3 85 147 992 947
4153 4 2 7 3 992 147 85 148
4154 4 2 7 3 145 953 292 996
4155 4 2 7 3 145 292 953 260
4156 4 2 7 3 259 292 953 996
4157 4 2 7 3 259 953 292 260
4158 4 2 7 3 149 951 296 993
4159 4 2 7 3 149 296 951 256
4160 4 2 7 3 255 296 951 993
4161 4 2 7 3 255 951 296 256
4162 4 2 7 3 139 958 286 1001
4163 4 2 7 3 139 286 958 266
4164 4 2 7 3 265 286 958 1001
4165 4 2 7 3 265 958 286 266
4166 4 2 7 3 93 287 957 265
4167 4 2 7 3 264 287 957 1007
4168 4 2 7 3 264 957 287 265
4169 4 2 7 3 3 17 991 2
4170 4 2 7 3 3 153 991 945
4171 4 2 7 3 991 153 3 2
4172 4 2 7 3 144 954 291 1002
4173 4 2 7 3 144 291 954 261
4174 4 2 7 3 260 291 954 1002
4175 4 2 7 3 260 954 291 261
4176 4 2 7 3 252 949 299 253
4177 4 2 7 3 252 299 949 999
4178 4 2 7 3 81 299 949 253
4179 4 2 7 3 147 947 294 992
4180 4 2 7 3 147 294 947 258
4181 4 2 7 3 257 294 947 992
4182 4 2 7 3 257 947 294 258
4183 4 2 7 3 2262 1012 939 940
4184 4 2 7 3 1020 939 1012 940
4185 4 2 7 3 255 993 83 150
4186 4 2 7 3 255 83 993 951
4187 4 2 7 3 149 83 993 150
4188 4 2 7 3 149 993 83 951
4189 4 2 7 3 148 952 295 998
4190 4 2 7 3 148 295 952 257
4191 4 2 7 3 256 295 952 998
4192 4 2 7 3 256 952 295 257
4193 4 2 7 3 2273 970 975 930
4194 4 2 7 3 2273 975 970 2260
4195 4 2 7 3 82 994 254 946
4196 4 2 7 3 82 254 994 298
4197 4 2 7 3 297 254 994 946
4198 4 2 7 3 297 994 254 298
4199 4 2 7 3 772 2275 776 2321
4200 4 2 7 3 2262 1020 939 1012
4201 4 2 7 3 2262 939 1020 2261
4202 4 2 7 3 92 140 957 93
4203 4 2 7 3 92 957 140 1007
4204 4 2 7 3 287 957 140 93
4205 4 2 7 3 287 140 957 1007
4206 4 2 7 3 2274 1019 1025 1013
4207 4 2 7 3 2274 1025 1019 2259
4208 4 2 7 3 299 995 81 152
4209 4 2 7 3 151 81 995 152
4210 4 2 7 3 151 995 81 950
4211 4 2 7 3 1027 962 987 279
4212 4 2 7 3 987 962 1027 979
4213 4 2 7 3 299 152 949 999
4214 4 2 7 3 299 949 152 81
4215 4 2 7 3 80 949 152 999
4216 4 2 7 3 80 152 949 81
4217 4 2 7 3 941 983 1030 934
4218 4 2 7 3 941 1030 983 989
4219 4 2 7 3 2266 2262 964 976
4220 4 2 7 3 2266 964 2262 2279
4221 4 2 7 3 932 964 2262 976
4222 4 2 7 3 932 2262 964 2279
4223 4 2 7 3 759 2272 2299 2271
4224 4 2 7 3 759 2299 2272 1015
4225 4 2 7 3 984 2299 2272 2271
4226 4 2 7 3 984 2272 2299 1015
4227 4 2 7 3 2273 964 975 2266
4228 4 2 7 3 2273 975 964 930
4229 4 2 7 3 2274 982 1019 1013
4230 4 2 7 3 2274 1019 982 2268
4231 4 2 7 3 776 2275 2320 963
4232 4 2 7 3 776 2320 2275 772
4233 4 2 7 3 180 2320 2275 963
4234 4 2 7 3 180 2275 2320 772
4235 4 2 7 3 2277 775 779 2323
4236 4 2 7 3 2282 2317 2316 769
4237 4 2 7 3 2282 2316 2317 2276
4238 4 2 7 3 773 2316 2317 769
4239 4 2 7 3 773 2317 2316 2276
4240 4 2 7 3 81 253 995 299
4241 4 2 7 3 81 995 253 950
4242 4 2 7 3 298 995 253 299
4243 4 2 7 3 298 253 995 950
4244 4 2 7 3 278 941 1029 989
4245 4 2 7 3 1029 941 278 274
4246 4 2 7 3 963 2264 936 980
4247 4 2 7 3 963 936 2264 2275
4248 4 2 7 3 984 2272 1012 2258
4249 4 2 7 3 984 1012 2272 1015
4250 4 2 7 3 1023 1012 2272 2258
4251 4 2 7 3 1023 2272 1012 1015
4252 4 2 7 3 3 991 16 945
4253 4 2 7 3 3 16 991 17
4254 4 2 7 3 300 16 991 945
4255 4 2 7 3 300 991 16 17
4256 4 2 7 3 2277 779 2324 1014
4257 4 2 7 3 2324 779 2277 775
4258 4 2 7 3 2324 192 2277 1014
4259 4 2 7 3 2277 192 2324 775
4260 4 2 7 3 1017 2289 130 8
4261 4 2 7 3 1017 130 2289 2265
4262 4 2 7 3 130 2289 494 8
4263 4 2 7 3 130 494 2289 2265
4264 4 2 7 3 494 2289 35 8
4265 4 2 7 3 2325 2280 194 2326
4266 4 2 7 3 2325 194 2280 1032
4267 4 2 7 3 195 194 2280 2326
4268 4 2 7 3 195 2280 194 1032
4269 4 2 7 3 987 990 935 943
4270 4 2 7 3 987 935 990 133
4271 4 2 7 3 100 935 990 943
4272 4 2 7 3 100 990 935 133
4273 4 2 7 3 2278 1022 2277 2264
4274 4 2 7 3 987 990 979 280
4275 4 2 7 3 987 979 990 943
4276 4 2 7 3 272 979 990 280
4277 4 2 7 3 272 990 979 943
4278 4 2 7 3 965 174 2267 748
4279 4 2 7 3 965 2267 174 977
4280 4 2 7 3 2285 32 2286 748
4281 4 2 7 3 2285 2286 32 977
4282 4 2 7 3 2267 2285 2286 748
4283 4 2 7 3 2267 2286 2285 977
4284 4 2 7 3 174 2285 2267 748
4285 4 2 7 3 174 2267 2285 977
4286 4 2 7 3 175 2290 932 752
4287 4 2 7 3 175 932 2290 965
4288 4 2 7 3 2290 748 2291 752
4289 4 2 7 3 2290 2291 748 965
4290 4 2 7 3 2279 2290 2291 752
4291 4 2 7 3 2279 2291 2290 965
4292 4 2 7 3 932 2290 2279 752
4293 4 2 7 3 932 2279 2290 965
4294 4 2 7 3 191 2319 1013 771
4295 4 2 7 3 191 1013 2319 985
4296 4 2 7 3 2319 775 2318 771
4297 4 2 7 3 2319 2318 775 985
4298 4 2 7 3 2274 2319 2318 771
4299 4 2 7 3 2274 2318 2319 985
4300 4 2 7 3 1013 2319 2274 771
4301 4 2 7 3 1013 2274 2319 985
4302 4 2 7 3 2315 768 2316 772
4303 4 2 7 3 2315 2316 768 931
4304 4 2 7 3 2275 2315 2316 772
4305 4 2 7 3 2275 2316 2315 931
4306 4 2 7 3 180 2315 2275 772
4307 4 2 7 3 180 2275 2315 931
4308 4 2 7 3 761 2301 2302 757
4309 4 2 7 3 761 2302 2301 2266
4310 4 2 7 3 2302 2301 2284 757
4311 4 2 7 3 2302 2284 2301 2266
4312 4 2 7 3 2284 2301 756 757
4313 4 2 7 3 2284 756 2301 2266
4314 4 2 7 3 2279 2284 756 757
4315 4 2 7 3 2279 756 2284 2266
4316 4 2 7 3 762 2308 2307 766
4317 4 2 7 3 762 2307 2308 2268
4318 4 2 7 3 2307 2308 2281 766
4319 4 2 7 3 2307 2281 2308 2268
4320 4 2 7 3 2281 2308 767 766
4321 4 2 7 3 2281 767 2308 2268
4322 4 2 7 3 2274 2281 767 766
4323 4 2 7 3 2274 767 2281 2268
4324 4 2 7 3 759 2298 2299 755
4325 4 2 7 3 759 2299 2298 2271
4326 4 2 7 3 1017 984 2293 755
4327 4 2 7 3 2303 762 2302 758
4328 4 2 7 3 2303 2302 762 2272
4329 4 2 7 3 2284 2303 2302 758
4330 4 2 7 3 2284 2302 2303 2272
4331 4 2 7 3 759 2303 2284 758
4332 4 2 7 3 759 2284 2303 2272
4333 4 2 7 3 765 2306 2307 761
4334 4 2 7 3 765 2307 2306 2273
4335 4 2 7 3 2307 2306 2283 761
4336 4 2 7 3 2307 2283 2306 2273
4337 4 2 7 3 2283 2306 760 761
4338 4 2 7 3 2283 760 2306 2273
4339 4 2 7 3 2266 2283 760 761
4340 4 2 7 3 2266 760 2283 2273
4341 4 2 7 3 757 2296 2297 753
4342 4 2 7 3 757 2297 2296 2279
4343 4 2 7 3 2297 2296 2270 753
4344 4 2 7 3 2297 2270 2296 2279
4345 4 2 7 3 2270 2296 2291 753
4346 4 2 7 3 2270 2291 2296 2279
4347 4 2 7 3 2291 2296 752 753
4348 4 2 7 3 2291 752 2296 2279
4349 4 2 7 3 751 2288 2289 35
4350 4 2 7 3 751 2289 2288 2265
4351 4 2 7 3 494 2289 492 35
4352 4 2 7 3 494 492 2289 2265
4353 4 2 7 3 2289 2288 492 35
4354 4 2 7 3 2289 492 2288 2265
4355 4 2 7 3 13 2329 1022 1014
4356 4 2 7 3 13 1022 2329 2278
4357 4 2 7 3 1022 2329 2277 1014
4358 4 2 7 3 1022 2277 2329 2278
4359 4 2 7 3 2277 2329 779 1014
4360 4 2 7 3 2277 779 2329 2278
4361 4 2 7 3 776 2280 777 2264
4362 4 2 7 3 776 777 2280 2326
4363 4 2 7 3 2327 777 2280 2264
4364 4 2 7 3 2327 2280 777 2326
4365 4 2 7 3 2261 984 2270 1017
4366 4 2 7 3 2261 2270 984 2271
4367 4 2 7 3 2293 2270 984 1017
4368 4 2 7 3 2293 984 2270 2271
4369 4 2 7 3 2298 755 2271 2299
4370 4 2 7 3 984 2271 755 2299
4371 4 2 7 3 984 755 2271 2293
4372 4 2 7 3 755 2271 754 2298
4373 4 2 7 3 755 754 2271 2293
4374 4 2 7 4 600 2339 1134 2341
4375 4 2 7 4 988 522 986 2337
4376 4 2 7 4 582 544 540 2331
4377 4 2 7 4 600 510 1134 2339
4378 4 2 7 4 1078 1116 1074 2331
4379 4 2 7 4 1009 988 986 2337
4380 4 2 7 4 1190 1109 1217 2335
4381 4 2 7 4 575 656 683 2335
4382 4 2 7 4 876 882 902 2337
4383 4 2 7 4 641 1175 1126 2330
4384 4 2 7 4 876 2338 2337 2340
4385 4 2 7 4 876 902 596 2337
4386 4 2 7 4 983 2338 2337 2342
4387 4 2 7 4 902 2337 882 2339
4388 4 2 7 4 983 989 1056 2337
4389 4 2 7 4 882 881 875 2337
4390 4 2 7 4 876 2337 596 2340
4391 4 2 7 4 1044 1134 510 2339
4392 4 2 7 4 881 2337 2338 2342
4393 4 2 7 4 1056 983 2337 2342
4394 4 2 7 4 988 2337 2338 2340
4395 4 2 7 4 875 882 2337 2339
4396 4 2 7 4 988 522 2337 2340
4397 4 2 7 4 882 2337 876 2338
4398 4 2 7 4 882 876 883 2338
4399 4 2 7 4 983 1009 989 2337
4400 4 2 7 4 1139 1187 1207 2337
4401 4 2 7 4 881 1049 875 2337
4402 4 2 7 4 600 1134 641 2341
4403 4 2 7 4 1009 2337 986 2341
4404 4 2 7 4 881 1130 2337 2342
4405 4 2 7 4 881 1130 1049 2337
4406 4 2 7 4 987 990 1050 2341
4407 4 2 7 4 902 882 912 2339
4408 4 2 7 4 882 881 2337 2338
4409 4 2 7 4 596 2337 522 2340
4410 4 2 7 4 902 515 2337 2339
4411 4 2 7 4 879 880 599 2339
4412 4 2 7 4 510 600 1134 662
4413 4 2 7 4 983 1009 2337 2338
4414 4 2 7 4 987 516 990 2341
4415 4 2 7 4 522 604 986 2337
4416 4 2 7 4 902 515 596 2337
4417 4 2 7 4 1207 2339 2337 2341
4418 4 2 7 4 904 883 876 2340
4419 4 2 7 4 641 1134 600 662
4420 4 2 7 4 875 2337 1049 2339
4421 4 2 7 4 1130 1056 2337 2342
4422 4 2 7 4 882 883 881 2338
4423 4 2 7 4 875 912 882 2339
4424 4 2 7 4 1019 1011 1025 2343
4425 4 2 7 4 988 2337 1009 2338
4426 4 2 7 4 641 1126 592 2330
4427 4 2 7 4 983 1010 1009 2338
4428 4 2 7 4 1024 1009 986 2341
4429 4 2 7 4 906 913 2340 2343
4430 4 2 7 4 1011 2338 983 2342
4431 4 2 7 4 1044 510 1134 1196
4432 4 2 7 4 1044 510 880 2339
4433 4 2 7 4 1207 2337 1187 2341
4434 4 2 7 4 1138 1056 989 2337
4435 4 2 7 4 1139 1187 2337 2341
4436 4 2 7 4 600 641 653 2341
4437 4 2 7 4 1187 1175 1134 2341
4438 4 2 7 4 1015 906 2340 2343
4439 4 2 7 4 1012 988 2338 2340
4440 4 2 7 4 1010 983 1011 2338
4441 4 2 7 4 1015 2340 1023 2343
4442 4 2 7 4 605 2337 515 2339
4443 4 2 7 4 986 2337 604 2341
4444 4 2 7 4 653 605 673 2341
4445 4 2 7 4 880 510 599 2339
4446 4 2 7 4 1044 880 1133 2339
4447 4 2 7 4 1133 1134 1044 2339
4448 4 2 7 4 510 600 599 2339
4449 4 2 7 4 1175 641 1134 2341
4450 4 2 7 4 1044 510 1188 918
4451 4 2 7 4 1138 2337 989 2341
4452 4 2 7 4 510 1044 880 918
4453 4 2 7 4 522 596 605 2337
4454 4 2 7 4 988 1009 1010 2338
4455 4 2 7 4 883 2338 876 2340
4456 4 2 7 4 879 908 880 2339
4457 4 2 7 4 596 515 605 2337
4458 4 2 7 4 988 1010 1012 2338
4459 4 2 7 4 1133 880 908 2339
4460 4 2 7 4 662 1134 510 1196
4461 4 2 7 4 902 912 515 2339
4462 4 2 7 4 641 1175 1134 662
4463 4 2 7 4 605 604 522 2337
4464 4 2 7 4 1130 1056 1139 2337
4465 4 2 7 4 673 605 515 2339
4466 4 2 7 4 662 1175 1134 1196
4467 4 2 7 4 1049 1130 1139 2337
4468 4 2 7 4 874 1015 982 2343
4469 4 2 7 4 1138 1139 1056 2337
4470 4 2 7 4 522 986 131 988
4471 4 2 7 4 1190 656 1109 2335
4472 4 2 7 4 1006 142 143 611
4473 4 2 7 4 144 143 499 1005
4474 4 2 7 4 605 604 2337 2341
4475 4 2 7 4 1044 510 1196 1188
4476 4 2 7 4 1139 2337 1138 2341
4477 4 2 7 4 502 140 139 1001
4478 4 2 7 4 1003 138 139 631
4479 4 2 7 4 1004 141 142 513
4480 4 2 7 4 289 290 1145 1006
4481 4 2 7 4 1175 2330 641 2341
4482 4 2 7 4 288 289 1047 1004
4483 4 2 7 4 617 145 144 1002
4484 4 2 7 4 883 905 881 2338
4485 4 2 7 4 516 597 990 2341
4486 4 2 7 4 1131 1050 990 2341
4487 4 2 7 4 290 291 1033 1005
4488 4 2 7 4 905 881 2338 2342
4489 4 2 7 4 146 147 997 504
4490 4 2 7 4 293 294 1038 997
4491 4 2 7 4 291 292 1151 1002
4492 4 2 7 4 890 123 122 503
4493 4 2 7 4 245 244 1037 890
4494 4 2 7 4 287 288 1141 1007
4495 4 2 7 4 607 141 140 1007
4496 4 2 7 4 1015 906 984 2340
4497 4 2 7 4 286 287 1036 1001
4498 4 2 7 4 906 874 913 2343
4499 4 2 7 4 1069 535 1076 2332
4500 4 2 7 4 1109 656 575 2335
4501 4 2 7 4 1011 2342 1025 2343
4502 4 2 7 4 984 906 878 2340
4503 4 2 7 4 906 913 904 2340
4504 4 2 7 4 2338 2340 913 2343
4505 4 2 7 4 917 2338 913 2343
4506 4 2 7 4 895 116 115 501
4507 4 2 7 4 996 145 146 623
4508 4 2 7 4 292 293 1157 996
4509 4 2 7 4 646 120 121 896
4510 4 2 7 4 113 112 894 505
4511 4 2 7 4 626 121 122 892
4512 4 2 7 4 1131 597 2330 2341
4513 4 2 7 4 1079 557 1091 2336
4514 4 2 7 4 242 243 896 1180
4515 4 2 7 4 662 641 1175 1126
4516 4 2 7 4 244 243 1160 892
4517 4 2 7 4 599 515 912 2339
4518 4 2 7 4 875 1049 908 2339
4519 4 2 7 4 1079 545 557 2336
4520 4 2 7 4 510 662 1196 654
4521 4 2 7 4 1023 2338 1019 2343
4522 4 2 7 4 1196 662 1175 1126
4523 4 2 7 4 1188 654 232 914
4524 4 2 7 4 1024 1138 989 2341
4525 4 2 7 4 234 235 894 1039
4526 4 2 7 4 912 515 599 879
4527 4 2 7 4 514 117 118 901
4528 4 2 7 4 1000 137 138 668
4529 4 2 7 4 1011 983 1022 2342
4530 4 2 7 4 515 912 107 879
4531 4 2 7 4 1011 1019 1010 2338
4532 4 2 7 4 1020 522 988 2340
4533 4 2 7 4 535 542 1076 2332
4534 4 2 7 4 917 905 2338 2343
4535 4 2 7 4 557 550 1091 2336
4536 4 2 7 4 511 137 136 1008
4537 4 2 7 4 912 107 902 515
4538 4 2 7 4 874 906 1015 2343
4539 4 2 7 4 1078 544 1116 2331
4540 4 2 7 4 241 240 1148 898
4541 4 2 7 4 898 119 118 614
4542 4 2 7 4 296 297 1042 993
4543 4 2 7 4 993 149 150 508
4544 4 2 7 4 1023 2340 2338 2343
4545 4 2 7 4 242 241 1034 899
4546 4 2 7 4 899 120 119 500
4547 4 2 7 4 1126 1196 662 594
4548 4 2 7 4 283 284 1045 1008
4549 4 2 7 4 240 239 1048 901
4550 4 2 7 4 237 238 895 1035
4551 4 2 7 4 13 193 1014 911
4552 4 2 7 4 985 909 1013 2343
4553 4 2 7 4 1084 545 1079 2336
4554 4 2 7 4 298 299 1052 995
4555 4 2 7 4 995 151 152 518
4556 4 2 7 4 604 1021 986 2341
4557 4 2 7 4 559 1093 658 2333
4558 4 2 7 4 285 286 1165 1003
4559 4 2 7 4 599 912 879 2339
4560 4 2 7 4 986 1021 1024 2341
4561 4 2 7 4 1023 982 1015 2343
4562 4 2 7 4 1020 649 522 2340
4563 4 2 7 4 879 108 599 880
4564 4 2 7 4 1192 658 1093 2333
4565 4 2 7 4 991 153 2 678
4566 4 2 7 4 510 654 1188 918
4567 4 2 7 4 544 1078 540 2331
4568 4 2 7 4 999 152 153 634
4569 4 2 7 4 300 999 1168 299
4570 4 2 7 4 542 543 1077 2332
4571 4 2 7 4 117 116 900 612
4572 4 2 7 4 1116 544 582 2331
4573 4 2 7 4 550 1084 1091 2336
4574 4 2 7 4 1056 1022 983 2342
4575 4 2 7 4 550 545 1084 2336
4576 4 2 7 4 516 641 597 2341
4577 4 2 7 4 1131 1175 1050 2341
4578 4 2 7 4 190 874 982 909
4579 4 2 7 4 234 233 1140 903
4580 4 2 7 4 903 112 111 606
4581 4 2 7 4 1013 190 982 909
4582 4 2 7 4 641 2330 597 2341
4583 4 2 7 4 1078 1074 540 2331
4584 4 2 7 4 632 151 150 994
4585 4 2 7 4 297 298 1166 994
4586 4 2 7 4 1012 1023 1015 2340
4587 4 2 7 4 1192 1087 553 2333
4588 4 2 7 4 874 1015 189 982
4589 4 2 7 4 1015 984 1012 2340
4590 4 2 7 4 992 147 148 625
4591 4 2 7 4 294 295 1159 992
4592 4 2 7 4 1012 2338 1023 2340
4593 4 2 7 4 594 1196 662 654
4594 4 2 7 4 1183 911 1014 2342
4595 4 2 7 4 985 877 909 2343
4596 4 2 7 4 671 893 236 1205
4597 4 2 7 4 1013 1025 985 2343
4598 4 2 7 4 284 285 1202 1000
4599 4 2 7 4 593 1128 1126 594
4600 4 2 7 4 1074 582 540 2331
4601 4 2 7 4 110 232 654 914
4602 4 2 7 4 556 1103 569 2334
4603 4 2 7 4 1131 2330 1175 2341
4604 4 2 7 4 636 149 148 998
4605 4 2 7 4 295 296 1170 998
4606 4 2 7 4 582 1074 1116 2331
4607 4 2 7 4 1196 1126 1128 594
4608 4 2 7 4 553 658 1192 2333
4609 4 2 7 4 1012 1020 988 2340
4610 4 2 7 4 878 906 904 2340
4611 4 2 7 4 239 238 1146 900
4612 4 2 7 4 126 127 642 891
4613 4 2 7 4 599 515 107 879
4614 4 2 7 4 885 124 123 627
4615 4 2 7 4 245 246 885 1161
4616 4 2 7 4 509 125 126 887
4617 4 2 7 4 909 877 905 2343
4618 4 2 7 4 1183 1022 1056 2342
4619 4 2 7 4 628 124 125 886
4620 4 2 7 4 246 247 886 1162
4621 4 2 7 4 1131 990 597 2341
4622 4 2 7 4 912 875 908 2339
4623 4 2 7 4 1139 1138 1187 2341
4624 4 2 7 4 605 653 604 2341
4625 4 2 7 4 248 247 1043 887
4626 4 2 7 4 655 114 115 897
4627 4 2 7 4 878 907 984 2340
4628 4 2 7 4 986 522 131 604
4629 4 2 7 4 654 1196 510 1188
4630 4 2 7 4 917 883 913 2338
4631 4 2 7 4 893 114 113 671
4632 4 2 7 4 553 1087 559 2333
4633 4 2 7 4 917 905 883 2338
4634 4 2 7 4 1012 1010 1023 2338
4635 4 2 7 4 1207 1134 1133 2339
4636 4 2 7 4 600 673 599 2339
4637 4 2 7 4 281 134 1018 1131
4638 4 2 7 4 236 237 897 1189
4639 4 2 7 4 1056 278 989 983
4640 4 2 7 4 559 1087 1093 2333
4641 4 2 7 4 893 235 236 1205
4642 4 2 7 4 888 128 127 519
4643 4 2 7 4 1126 662 641 592
4644 4 2 7 4 1018 1131 597 517
4645 4 2 7 4 599 673 515 2339
4646 4 2 7 4 1049 1207 1133 2339
4647 4 2 7 4 1126 592 593 594
4648 4 2 7 4 593 507 1128 594
4649 4 2 7 4 1131 134 1018 597
4650 4 2 7 4 1039 671 894 505
4651 4 2 7 4 1076 542 1077 2332
4652 4 2 7 4 881 910 1130 2342
4653 4 2 7 4 655 1189 236 897
4654 4 2 7 4 1050 1138 279 1024
4655 4 2 7 4 1138 1024 1050 2341
4656 4 2 7 4 1126 592 591 593
4657 4 2 7 4 556 1090 1103 2334
4658 4 2 7 4 106 876 902 596
4659 4 2 7 4 1130 1183 1056 2342
4660 4 2 7 4 596 522 649 2340
4661 4 2 7 4 594 1128 1196 654
4662 4 2 7 4 591 1126 1051 592
4663 4 2 7 4 1052 995 151 298
4664 4 2 7 4 592 1126 662 594
4665 4 2 7 4 248 249 891 1176
4666 4 2 7 4 1020 649 130 522
4667 4 2 7 4 916 876 596 2340
4668 4 2 7 4 984 188 878 906
4669 4 2 7 4 985 2342 877 2343
4670 4 2 7 4 1133 230 908 880
4671 4 2 7 4 1102 569 1103 2334
4672 4 2 7 4 1128 593 1126 1127
4673 4 2 7 4 984 188 906 1015
4674 4 2 7 4 1019 1023 1010 2338
4675 4 2 7 4 1049 1133 908 2339
4676 4 2 7 4 516 987 1021 2341
4677 4 2 7 4 593 591 1126 1127
4678 4 2 7 4 592 1051 591 517
4679 4 2 7 4 671 1039 894 1205
4680 4 2 7 4 911 1014 13 1183
4681 4 2 7 4 123 890 1037 503
4682 4 2 7 4 1037 890 122 503
4683 4 2 7 4 656 1190 683 2335
4684 4 2 7 4 988 1020 130 522
4685 4 2 7 4 1127 593 595 507
4686 4 2 7 4 1036 287 140 1001
4687 4 2 7 4 1138 989 279 1024
4688 4 2 7 4 1022 277 1056 983
4689 4 2 7 4 994 150 632 297
4690 4 2 7 4 507 1128 594 654
4691 4 2 7 4 893 236 114 671
4692 4 2 7 4 888 249 250 1053
4693 4 2 7 4 1175 1187 1050 2341
4694 4 2 7 4 653 641 516 2341
4695 4 2 7 4 151 995 1052 518
4696 4 2 7 4 905 2342 2338 2343
4697 4 2 7 4 1041 507 233 915
4698 4 2 7 4 1130 910 1183 2342
4699 4 2 7 4 1122 644 1178 609
4700 4 2 7 4 654 1128 1196 1188
4701 4 2 7 4 505 894 113 671
4702 4 2 7 4 281 990 134 1131
4703 4 2 7 4 13 911 1183 910
4704 4 2 7 4 516 133 987 990
4705 4 2 7 4 122 244 890 1037
4706 4 2 7 4 890 245 123 1037
4707 4 2 7 4 1005 143 499 290
4708 4 2 7 4 503 1160 122 1037
4709 4 2 7 4 987 280 1050 990
4710 4 2 7 4 1131 1126 1175 2330
4711 4 2 7 4 1005 1033 144 291
4712 4 2 7 4 611 1006 289 1145
4713 4 2 7 4 880 108 599 510
4714 4 2 7 4 1131 990 134 597
4715 4 2 7 4 987 1050 1024 2341
4716 4 2 7 4 683 1190 1217 2335
4717 4 2 7 4 1131 1018 1051 517
4718 4 2 7 4 1006 289 142 611
4719 4 2 7 4 1160 503 122 626
4720 4 2 7 4 140 502 1036 1001
4721 4 2 7 4 877 2342 905 2343
4722 4 2 7 4 880 1133 230 1044
4723 4 2 7 4 236 1189 655 1120
4724 4 2 7 4 1002 1151 145 292
4725 4 2 7 4 1180 646 121 896
4726 4 2 7 4 1033 144 499 1005
4727 4 2 7 4 671 894 113 1205
4728 4 2 7 4 1145 611 1006 290
4729 4 2 7 4 1041 1128 654 1188
4730 4 2 7 4 1038 504 625 640
4731 4 2 7 4 121 626 646 1180
4732 4 2 7 4 235 894 1039 1205
4733 4 2 7 4 1129 507 1140 1041
4734 4 2 7 4 1004 288 141 513
4735 4 2 7 4 507 1127 593 1128
4736 4 2 7 4 994 632 1166 297
4737 4 2 7 4 611 143 1006 290
4738 4 2 7 4 242 646 1180 896
4739 4 2 7 4 626 121 1160 1180
4740 4 2 7 4 189 190 874 982
4741 4 2 7 4 626 1160 121 892
4742 4 2 7 4 606 903 112 1140
4743 4 2 7 4 513 142 1004 289
4744 4 2 7 4 611 1145 499 290
4745 4 2 7 4 1022 277 1183 1056
4746 4 2 7 4 122 1037 1160 244
4747 4 2 7 4 122 1160 626 892
4748 4 2 7 4 1015 189 906 874
4749 4 2 7 4 611 289 1047 1145
4750 4 2 7 4 504 147 997 1038
4751 4 2 7 4 499 143 611 290
4752 4 2 7 4 279 987 1050 1024
4753 4 2 7 4 499 1033 1005 290
4754 4 2 7 4 144 291 617 1002
4755 4 2 7 4 227 1130 881 910
4756 4 2 7 4 289 513 142 611
4757 4 2 7 4 1203 503 1037 1160
4758 4 2 7 4 294 997 147 1038
4759 4 2 7 4 1122 595 1150 1129
4760 4 2 7 4 1127 593 1178 595
4761 4 2 7 4 1045 590 1143 1124
4762 4 2 7 4 895 115 237 501
4763 4 2 7 4 916 596 649 2340
4764 4 2 7 4 1120 671 236 1205
4765 4 2 7 4 1150 616 588 587
4766 4 2 7 4 606 595 507 1140
4767 4 2 7 4 501 612 1137 1035
4768 4 2 7 4 1203 503 1160 626
4769 4 2 7 4 1160 122 244 892
4770 4 2 7 4 916 904 876 2340
4771 4 2 7 4 597 134 1018 517
4772 4 2 7 4 1018 281 1131 1051
4773 4 2 7 4 641 592 597 2330
4774 4 2 7 4 111 233 507 915
4775 4 2 7 4 121 243 1160 1180
4776 4 2 7 4 1121 587 1122 1088
4777 4 2 7 4 121 243 1180 896
4778 4 2 7 4 646 242 120 896
4779 4 2 7 4 112 606 1140 1039
4780 4 2 7 4 587 588 1122 1088
4781 4 2 7 4 894 235 113 1205
4782 4 2 7 4 243 121 1160 892
4783 4 2 7 4 507 1129 1140 595
4784 4 2 7 4 606 112 505 1039
4785 4 2 7 4 1141 141 1007 288
4786 4 2 7 4 288 1004 1047 513
4787 4 2 7 4 1183 910 911 2342
4788 4 2 7 4 593 1178 591 1127
4789 4 2 7 4 569 1102 568 2334
4790 4 2 7 4 240 514 118 901
4791 4 2 7 4 1025 2342 985 2343
4792 4 2 7 4 649 8 916 907
4793 4 2 7 4 501 238 895 116
4794 4 2 7 4 1034 119 899 241
4795 4 2 7 4 501 237 895 1035
4796 4 2 7 4 1051 1018 135 517
4797 4 2 7 4 909 905 917 2343
4798 4 2 7 4 606 1140 1039 1150
4799 4 2 7 4 1004 1047 513 289
4800 4 2 7 4 1033 499 1145 290
4801 4 2 7 4 140 607 287 1036
4802 4 2 7 4 1039 505 606 1150
4803 4 2 7 4 996 292 145 623
4804 4 2 7 4 1157 146 996 293
4805 4 2 7 4 995 152 299 518
4806 4 2 7 4 908 875 229 1049
4807 4 2 7 4 1007 140 607 287
4808 4 2 7 4 586 1100 570 566
4809 4 2 7 4 584 1118 555 583
4810 4 2 7 4 1047 513 289 611
4811 4 2 7 4 1078 544 1089 1116
4812 4 2 7 4 150 297 993 508
4813 4 2 7 4 591 1051 1124 517
4814 4 2 7 4 1112 578 1160 1180
4815 4 2 7 4 1202 668 138 631
4816 4 2 7 4 646 626 578 1180
4817 4 2 7 4 1088 587 588 554
4818 4 2 7 4 1089 554 544 1088
4819 4 2 7 4 591 1125 1126 1127
4820 4 2 7 4 117 1048 239 901
4821 4 2 7 4 118 240 898 614
4822 4 2 7 4 898 241 119 1148
4823 4 2 7 4 1130 227 1183 910
4824 4 2 7 4 903 234 112 1140
4825 4 2 7 4 8 186 907 1017
4826 4 2 7 4 238 501 895 1035
4827 4 2 7 4 507 1129 1127 1041
4828 4 2 7 4 908 879 912 2339
4829 4 2 7 4 236 114 655 897
4830 4 2 7 4 282 1124 135 1016
4831 4 2 7 4 291 1033 144 617
4832 4 2 7 4 907 649 1017 2340
4833 4 2 7 4 242 120 899 1034
4834 4 2 7 4 617 1151 145 1002
4835 4 2 7 4 1104 1120 1100 570
4836 4 2 7 4 1143 511 590 1045
4837 4 2 7 4 626 1160 578 1180
4838 4 2 7 4 587 1122 1150 1121
4839 4 2 7 4 588 1122 1150 587
4840 4 2 7 4 285 138 1003 631
4841 4 2 7 4 596 902 106 515
4842 4 2 7 4 551 554 1088 544
4843 4 2 7 4 1122 644 595 1178
4844 4 2 7 4 288 1141 141 513
4845 4 2 7 4 583 1117 1089 1116
4846 4 2 7 4 1126 591 1051 1125
4847 4 2 7 4 1033 499 144 617
4848 4 2 7 4 1197 663 587 1100
4849 4 2 7 4 1022 13 1014 1183
4850 4 2 7 4 550 557 1091 1092
4851 4 2 7 4 1069 1077 543 2332
4852 4 2 7 4 878 187 188 984
4853 4 2 7 4 545 1074 1073 1079
4854 4 2 7 4 1101 557 1079 567
4855 4 2 7 4 1001 139 502 286
4856 4 2 7 4 1206 564 608 672
4857 4 2 7 4 1140 234 112 1039
4858 4 2 7 4 1047 608 1141 513
4859 4 2 7 4 1013 985 191 909
4860 4 2 7 4 1024 1021 987 2341
4861 4 2 7 4 516 1021 604 2341
4862 4 2 7 4 1178 644 591 609
4863 4 2 7 4 1003 285 631 1165
4864 4 2 7 4 607 140 502 1036
4865 4 2 7 4 1183 1014 1022 2342
4866 4 2 7 4 1085 551 1088 1078
4867 4 2 7 4 1180 646 242 1034
4868 4 2 7 4 1142 557 1101 608
4869 4 2 7 4 291 1151 617 1002
4870 4 2 7 4 1162 125 247 886
4871 4 2 7 4 578 1112 679 1208
4872 4 2 7 4 1203 1112 578 1160
4873 4 2 7 4 593 644 1178 595
4874 4 2 7 4 555 1089 544 1116
4875 4 2 7 4 1116 544 555 582
4876 4 2 7 4 552 1100 551 566
4877 4 2 7 4 505 1039 663 1150
4878 4 2 7 4 1197 663 1100 586
4879 4 2 7 4 557 567 1101 608
4880 4 2 7 4 557 550 558 1092
4881 4 2 7 4 540 1074 539 545
4882 4 2 7 4 616 595 1150 588
4883 4 2 7 4 233 507 1041 1140
4884 4 2 7 4 1003 139 286 631
4885 4 2 7 4 1041 654 232 1188
4886 4 2 7 4 570 1100 552 566
4887 4 2 7 4 591 1143 1124 1125
4888 4 2 7 4 551 1085 1075 1078
4889 4 2 7 4 1160 578 1203 626
4890 4 2 7 4 112 894 505 1039
4891 4 2 7 4 905 910 881 2342
4892 4 2 7 4 1101 661 1117 1195
4893 4 2 7 4 239 117 900 1146
4894 4 2 7 4 1042 993 297 508
4895 4 2 7 4 587 1197 1150 663
4896 4 2 7 4 1089 555 583 1116
4897 4 2 7 4 555 583 1116 582
4898 4 2 7 4 1093 630 1163 629
4899 4 2 7 4 557 1101 1079 1091
4900 4 2 7 4 551 1100 587 566
4901 4 2 7 4 568 1090 556 2334
4902 4 2 7 4 297 150 632 508
4903 4 2 7 4 998 1170 149 296
4904 4 2 7 4 663 587 1100 566
4905 4 2 7 4 541 1075 538 540
4906 4 2 7 4 982 909 874 2343
4907 4 2 7 4 595 1129 1127 507
4908 4 2 7 4 1038 640 1157 504
4909 4 2 7 4 1141 288 1047 513
4910 4 2 7 4 1013 909 982 2343
4911 4 2 7 4 616 1150 663 587
4912 4 2 7 4 1124 517 1051 135
4913 4 2 7 4 591 644 1178 593
4914 4 2 7 4 1079 545 567 557
4915 4 2 7 4 141 1141 1007 607
4916 4 2 7 4 1100 570 552 1104
4917 4 2 7 4 607 1141 608 513
4918 4 2 7 4 607 1141 287 1036
4919 4 2 7 4 544 1088 1078 1089
4920 4 2 7 4 120 242 646 1034
4921 4 2 7 4 907 916 649 2340
4922 4 2 7 4 1143 590 591 1124
4923 4 2 7 4 677 1211 1137 570
4924 4 2 7 4 1107 640 1103 1174
4925 4 2 7 4 1100 586 570 1120
4926 4 2 7 4 631 286 1003 1165
4927 4 2 7 4 1091 557 1101 1142
4928 4 2 7 4 545 1116 1074 1079
4929 4 2 7 4 1140 606 595 1150
4930 4 2 7 4 1166 151 518 632
4931 4 2 7 4 1143 1122 1178 609
4932 4 2 7 4 1074 1072 1075 540
4933 4 2 7 4 511 1143 590 609
4934 4 2 7 4 917 913 874 2343
4935 4 2 7 4 566 1100 663 586
4936 4 2 7 4 1168 634 572 518
4937 4 2 7 4 1086 552 541 615
4938 4 2 7 4 613 648 1182 656
4939 4 2 7 4 1077 548 1082 1081
4940 4 2 7 4 1100 587 1121 1085
4941 4 2 7 4 907 187 878 984
4942 4 2 7 4 1074 539 1072 540
4943 4 2 7 4 607 1141 1007 287
4944 4 2 7 4 1101 661 1195 608
4945 4 2 7 4 589 1122 1088 1123
4946 4 2 7 4 654 1188 918 914
4947 4 2 7 4 1078 551 1088 544
4948 4 2 7 4 1140 595 1129 1150
4949 4 2 7 4 292 1151 145 623
4950 4 2 7 4 877 911 910 2342
4951 4 2 7 4 502 1036 1001 286
4952 4 2 7 4 240 514 901 1048
4953 4 2 7 4 1197 587 1121 1100
4954 4 2 7 4 606 507 111 1140
4955 4 2 7 4 1084 550 1091 1092
4956 4 2 7 4 1101 1116 1117 567
4957 4 2 7 4 1033 291 1151 617
4958 4 2 7 4 504 997 146 1038
4959 4 2 7 4 907 1017 984 2340
4960 4 2 7 4 582 1074 540 545
4961 4 2 7 4 232 110 507 915
4962 4 2 7 4 1102 1090 568 2334
4963 4 2 7 4 1127 507 1041 1128
4964 4 2 7 4 617 1033 499 618
4965 4 2 7 4 1075 551 1086 1085
4966 4 2 7 4 503 1203 669 626
4967 4 2 7 4 1150 505 606 616
4968 4 2 7 4 138 285 1202 631
4969 4 2 7 4 1080 543 1081 546
4970 4 2 7 4 1120 655 236 586
4971 4 2 7 4 114 236 655 586
4972 4 2 7 4 1078 541 551 544
4973 4 2 7 4 282 283 1124 1016
4974 4 2 7 4 136 135 590 1016
4975 4 2 7 4 993 149 508 296
4976 4 2 7 4 591 1125 1178 1143
4977 4 2 7 4 612 1146 1137 1035
4978 4 2 7 4 612 1137 603 501
4979 4 2 7 4 1141 607 141 513
4980 4 2 7 4 997 293 146 1038
4981 4 2 7 4 543 1081 548 1077
4982 4 2 7 4 1081 543 548 547
4983 4 2 7 4 508 1042 993 296
4984 4 2 7 4 75 1055 74 302
4985 4 2 7 4 1092 558 1098 1099
4986 4 2 7 4 570 1104 1137 1105
4987 4 2 7 4 1034 119 500 899
4988 4 2 7 4 126 248 1043 887
4989 4 2 7 4 553 1082 548 549
4990 4 2 7 4 567 1101 1116 1079
4991 4 2 7 4 590 135 1124 1016
4992 4 2 7 4 999 634 1168 299
4993 4 2 7 4 504 146 1157 1038
4994 4 2 7 4 1042 297 632 508
4995 4 2 7 4 139 502 286 631
4996 4 2 7 4 1074 582 1116 545
4997 4 2 7 4 595 1122 1150 588
4998 4 2 7 4 1055 75 74 521
4999 4 2 7 4 302 1055 74 301
5000 4 2 7 4 1120 1211 677 570
5001 4 2 7 4 1051 135 1018 282
5002 4 2 7 4 240 898 614 1148
5003 4 2 7 4 614 898 119 1148
5004 4 2 7 4 558 564 1098 565
5005 4 2 7 4 293 1157 146 1038
5006 4 2 7 4 544 1078 541 540
5007 4 2 7 4 608 1206 672 1047
5008 4 2 7 4 236 114 671 586
5009 4 2 7 4 671 1120 236 586
5010 4 2 7 4 894 112 234 1039
5011 4 2 7 4 999 153 300 1168
5012 4 2 7 4 549 1087 1082 1083
5013 4 2 7 4 551 1075 541 1078
5014 4 2 7 4 1075 615 1086 541
5015 4 2 7 4 117 1048 901 514
5016 4 2 7 4 285 1202 631 1165
5017 4 2 7 4 1105 615 1119 571
5018 4 2 7 4 554 1089 544 555
5019 4 2 7 4 543 535 1069 2332
5020 4 2 7 4 297 632 1166 1042
5021 4 2 7 4 615 1149 1071 1072
5022 4 2 7 4 1197 587 1150 1121
5023 4 2 7 4 615 541 1075 538
5024 4 2 7 4 1088 589 1123 1089
5025 4 2 7 4 545 1073 1084 1079
5026 4 2 7 4 514 614 240 118
5027 4 2 7 4 1116 583 1117 567
5028 4 2 7 4 1073 539 1074 545
5029 4 2 7 4 552 541 551 1086
5030 4 2 7 4 1088 1121 587 1085
5031 4 2 7 4 1206 611 1047 1145
5032 4 2 7 4 602 656 613 1136
5033 4 2 7 4 609 1143 1122 589
5034 4 2 7 4 1178 1129 595 1122
5035 4 2 7 4 1141 1195 661 608
5036 4 2 7 4 885 246 124 627
5037 4 2 7 4 1171 637 1055 1132
5038 4 2 7 4 511 668 284 1045
5039 4 2 7 4 631 502 286 1165
5040 4 2 7 4 1086 551 1100 1085
5041 4 2 7 4 1082 553 1087 549
5042 4 2 7 4 251 250 1177 889
5043 4 2 7 4 889 129 128 643
5044 4 2 7 4 589 1143 1122 1123
5045 4 2 7 4 631 1117 502 1165
5046 4 2 7 4 632 1042 508 1201
5047 4 2 7 4 1075 541 1078 540
5048 4 2 7 4 1045 511 681 1143
5049 4 2 7 4 105 916 876 596
5050 4 2 7 4 233 111 507 1140
5051 4 2 7 4 615 1119 585 1071
5052 4 2 7 4 120 899 1034 500
5053 4 2 7 4 617 1151 1033 1152
5054 4 2 7 4 1178 1125 591 1127
5055 4 2 7 4 246 124 628 886
5056 4 2 7 4 1052 995 299 518
5057 4 2 7 4 1148 119 1034 241
5058 4 2 7 4 1138 1056 278 989
5059 4 2 7 4 652 611 1145 499
5060 4 2 7 4 625 148 992 295
5061 4 2 7 4 1039 1197 663 1150
5062 4 2 7 4 1112 679 1203 578
5063 4 2 7 4 615 1149 1119 1071
5064 4 2 7 4 907 649 8 1017
5065 4 2 7 4 588 1088 589 1122
5066 4 2 7 4 545 567 1116 1079
5067 4 2 7 4 668 284 137 511
5068 4 2 7 4 644 1122 588 609
5069 4 2 7 4 1042 632 1166 1201
5070 4 2 7 4 1141 661 607 608
5071 4 2 7 4 551 1100 1085 587
5072 4 2 7 4 1186 565 564 652
5073 4 2 7 4 608 1047 672 513
5074 4 2 7 4 1037 627 123 503
5075 4 2 7 4 606 111 903 1140
5076 4 2 7 4 1072 538 1075 540
5077 4 2 7 4 1150 663 505 616
5078 4 2 7 4 900 116 238 612
5079 4 2 7 4 1074 1075 1078 540
5080 4 2 7 4 1017 649 1020 2340
5081 4 2 7 4 1047 672 611 1206
5082 4 2 7 4 1071 538 615 1072
5083 4 2 7 4 885 123 245 627
5084 4 2 7 4 538 1071 536 1072
5085 4 2 7 4 1066 532 1065 1064
5086 4 2 7 4 153 999 634 1168
5087 4 2 7 4 1107 573 556 1103
5088 4 2 7 4 634 1168 299 518
5089 4 2 7 4 538 1072 539 540
5090 4 2 7 4 998 148 636 295
5091 4 2 7 4 292 996 1157 623
5092 4 2 7 4 1157 996 146 623
5093 4 2 7 4 551 1086 1100 552
5094 4 2 7 4 556 1090 526 1058
5095 4 2 7 4 1072 536 538 539
5096 4 2 7 4 502 1036 286 1165
5097 4 2 7 4 1073 539 1072 1074
5098 4 2 7 4 554 1088 587 551
5099 4 2 7 4 604 653 516 2341
5100 4 2 7 4 1138 1050 1187 2341
5101 4 2 7 4 147 992 294 625
5102 4 2 7 4 583 1116 582 567
5103 4 2 7 4 502 1036 1165 1117
5104 4 2 7 4 618 1186 1099 1152
5105 4 2 7 4 1120 1197 1100 586
5106 4 2 7 4 551 1075 1086 541
5107 4 2 7 4 1070 539 1072 1073
5108 4 2 7 4 1202 284 668 1045
5109 4 2 7 4 1100 1104 552 1086
5110 4 2 7 4 1083 549 1087 559
5111 4 2 7 4 1129 1127 1178 595
5112 4 2 7 4 631 1202 1118 1165
5113 4 2 7 4 584 668 1202 631
5114 4 2 7 4 1124 136 1045 590
5115 4 2 7 4 510 880 109 918
5116 4 2 7 4 145 1151 617 623
5117 4 2 7 4 1197 1205 671 1120
5118 4 2 7 4 877 191 985 909
5119 4 2 7 4 591 1051 1125 1124
5120 4 2 7 4 1124 135 1051 282
5121 4 2 7 4 1099 558 1098 565
5122 4 2 7 4 1098 557 1142 608
5123 4 2 7 4 545 539 550 1084
5124 4 2 7 4 1062 530 1063 1064
5125 4 2 7 4 534 1068 1069 1067
5126 4 2 7 4 615 1075 1086 1149
5127 4 2 7 4 1141 1142 608 1047
5128 4 2 7 4 231 880 1044 918
5129 4 2 7 4 1149 615 1075 1072
5130 4 2 7 4 1089 1215 589 1123
5131 4 2 7 4 612 1146 1147 1137
5132 4 2 7 4 1137 613 612 603
5133 4 2 7 4 1088 588 589 554
5134 4 2 7 4 565 564 1098 1186
5135 4 2 7 4 1117 1089 1118 583
5136 4 2 7 4 1036 661 1117 502
5137 4 2 7 4 1098 1091 557 1092
5138 4 2 7 4 661 1101 1117 567
5139 4 2 7 4 1104 552 1105 570
5140 4 2 7 4 567 1116 582 545
5141 4 2 7 4 1132 72 73 310
5142 4 2 7 4 1137 603 570 1105
5143 4 2 7 4 549 553 1087 559
5144 4 2 7 4 615 1119 571 585
5145 4 2 7 4 1174 1038 1159 640
5146 4 2 7 4 298 151 1052 1166
5147 4 2 7 4 507 1041 1128 654
5148 4 2 7 4 672 1047 611 513
5149 4 2 7 4 1202 1118 584 631
5150 4 2 7 4 1208 1135 1094 674
5151 4 2 7 4 627 123 245 1037
5152 4 2 7 4 573 556 1103 569
5153 4 2 7 4 551 1088 587 1085
5154 4 2 7 4 1081 546 543 547
5155 4 2 7 4 543 1080 1081 1077
5156 4 2 7 4 1105 615 1149 1119
5157 4 2 7 4 1034 646 120 500
5158 4 2 7 4 578 669 1203 626
5159 4 2 7 4 1038 625 1159 640
5160 4 2 7 4 1065 528 530 531
5161 4 2 7 4 1112 578 1180 1208
5162 4 2 7 4 609 1122 588 589
5163 4 2 7 4 499 1145 1186 1033
5164 4 2 7 4 1208 646 578 1180
5165 4 2 7 4 72 1132 73 598
5166 4 2 7 4 250 128 888 1053
5167 4 2 7 4 1211 1137 501 677
5168 4 2 7 4 661 1036 1117 1195
5169 4 2 7 4 1150 606 595 616
5170 4 2 7 4 1098 1206 608 1142
5171 4 2 7 4 1093 635 1169 1164
5172 4 2 7 4 127 249 888 1053
5173 4 2 7 4 1189 501 115 655
5174 4 2 7 4 681 1118 555 584
5175 4 2 7 4 110 232 507 654
5176 4 2 7 4 504 625 147 1038
5177 4 2 7 4 576 1093 1083 1110
5178 4 2 7 4 1104 1137 1211 570
5179 4 2 7 4 310 73 1132 311
5180 4 2 7 4 552 1105 615 1086
5181 4 2 7 4 111 233 903 1140
5182 4 2 7 4 1124 591 517 590
5183 4 2 7 4 1080 535 543 546
5184 4 2 7 4 1143 511 681 609
5185 4 2 7 4 1071 536 1068 537
5186 4 2 7 4 558 1098 557 1092
5187 4 2 7 4 1064 530 1065 1062
5188 4 2 7 4 625 294 147 1038
5189 4 2 7 4 612 116 238 501
5190 4 2 7 4 1143 590 609 591
5191 4 2 7 4 1142 1101 1195 608
5192 4 2 7 4 632 1166 151 994
5193 4 2 7 4 1088 589 1089 554
5194 4 2 7 4 652 1186 565 618
5195 4 2 7 4 1157 623 504 640
5196 4 2 7 4 564 1098 557 558
5197 4 2 7 4 656 585 1119 1109
5198 4 2 7 4 557 1091 1098 1142
5199 4 2 7 4 538 1075 615 1072
5200 4 2 7 4 232 507 1041 915
5201 4 2 7 4 559 1087 1083 1093
5202 4 2 7 4 1133 908 229 1049
5203 4 2 7 4 127 1176 642 891
5204 4 2 7 4 1117 661 567 583
5205 4 2 7 4 516 987 133 1021
5206 4 2 7 4 661 1101 567 608
5207 4 2 7 4 105 916 596 649
5208 4 2 7 4 1073 545 1084 539
5209 4 2 7 4 1065 530 532 531
5210 4 2 7 4 649 130 8 1017
5211 4 2 7 4 635 1093 630 1164
5212 4 2 7 4 1159 1174 640 1107
5213 4 2 7 4 1147 613 1182 656
5214 4 2 7 4 1148 514 614 240
5215 4 2 7 4 550 539 610 1084
5216 4 2 7 4 138 1000 668 1202
5217 4 2 7 4 1089 555 1118 583
5218 4 2 7 4 537 1071 536 538
5219 4 2 7 4 1148 614 1135 1034
5220 4 2 7 4 663 1197 671 586
5221 4 2 7 4 645 1193 622 659
5222 4 2 7 4 538 1071 615 537
5223 4 2 7 4 13 1022 277 1183
5224 4 2 7 4 1048 1146 117 239
5225 4 2 7 4 568 1102 528 1060
5226 4 2 7 4 631 1118 1117 1165
5227 4 2 7 4 1082 549 1081 548
5228 4 2 7 4 1105 552 615 571
5229 4 2 7 4 1148 514 240 1048
5230 4 2 7 4 654 510 109 918
5231 4 2 7 4 625 1159 640 573
5232 4 2 7 4 602 1135 561 1136
5233 4 2 7 4 1070 539 1073 1144
5234 4 2 7 4 1188 231 1044 918
5235 4 2 7 4 984 1020 1012 2340
5236 4 2 7 4 635 658 1093 1169
5237 4 2 7 4 618 617 1033 1152
5238 4 2 7 4 680 1052 572 518
5239 4 2 7 4 501 238 612 1035
5240 4 2 7 4 1177 251 129 884
5241 4 2 7 4 137 1000 284 668
5242 4 2 7 4 530 1065 532 1064
5243 4 2 7 4 635 1093 559 630
5244 4 2 7 4 1105 603 570 571
5245 4 2 7 4 1014 985 1022 2342
5246 4 2 7 4 511 136 590 1045
5247 4 2 7 4 247 125 509 887
5248 4 2 7 4 518 1052 151 1166
5249 4 2 7 4 1069 575 1109 1068
5250 4 2 7 4 583 1118 631 584
5251 4 2 7 4 1045 511 136 1008
5252 4 2 7 4 549 1082 1081 1083
5253 4 2 7 4 1034 614 119 1148
5254 4 2 7 4 1068 1070 536 1071
5255 4 2 7 4 1211 1120 1104 570
5256 4 2 7 4 601 1034 614 500
5257 4 2 7 4 1190 1147 1182 656
5258 4 2 7 4 1151 292 1157 623
5259 4 2 7 4 621 1076 542 1156
5260 4 2 7 4 1098 1099 565 1186
5261 4 2 7 4 634 999 152 299
5262 4 2 7 4 1068 575 1071 537
5263 4 2 7 4 557 1098 564 608
5264 4 2 7 4 877 985 192 911
5265 4 2 7 4 1215 681 555 589
5266 4 2 7 4 1081 548 549 547
5267 4 2 7 4 507 110 111 915
5268 4 2 7 4 1041 233 232 915
5269 4 2 7 4 1189 655 1120 1211
5270 4 2 7 4 1060 526 1090 1058
5271 4 2 7 4 1071 585 615 537
5272 4 2 7 4 136 1124 1045 283
5273 4 2 7 4 1087 563 1192 553
5274 4 2 7 4 127 249 1176 891
5275 4 2 7 4 907 878 916 2340
5276 4 2 7 4 1067 1069 535 1076
5277 4 2 7 4 1211 655 1120 677
5278 4 2 7 4 1025 1022 985 2342
5279 4 2 7 4 136 1045 1008 283
5280 4 2 7 4 562 1193 622 1096
5281 4 2 7 4 1035 1137 501 1211
5282 4 2 7 4 1171 580 637 645
5283 4 2 7 4 580 1179 1171 1114
5284 4 2 7 4 505 1039 671 663
5285 4 2 7 4 1094 560 1080 1081
5286 4 2 7 4 1186 499 1033 618
5287 4 2 7 4 1195 1141 1142 608
5288 4 2 7 4 614 1034 119 500
5289 4 2 7 4 627 1216 576 682
5290 4 2 7 4 609 681 1143 589
5291 4 2 7 4 668 1000 284 1202
5292 4 2 7 4 612 900 117 1146
5293 4 2 7 4 514 1210 676 613
5294 4 2 7 4 1119 1190 656 1109
5295 4 2 7 4 539 1073 1144 1084
5296 4 2 7 4 1109 585 1119 1071
5297 4 2 7 4 1070 536 1071 1072
5298 4 2 7 4 1215 1143 589 1123
5299 4 2 7 4 1163 576 1093 629
5300 4 2 7 4 525 1061 1154 1059
5301 4 2 7 4 1143 1178 591 609
5302 4 2 7 4 611 1206 652 1145
5303 4 2 7 4 1034 1180 646 1208
5304 4 2 7 4 1183 227 13 910
5305 4 2 7 4 1203 503 1216 1037
5306 4 2 7 4 564 1206 608 1098
5307 4 2 7 4 1087 562 563 553
5308 4 2 7 4 1093 559 658 635
5309 4 2 7 4 1147 613 656 1136
5310 4 2 7 4 501 115 237 1189
5311 4 2 7 4 1095 1135 561 1094
5312 4 2 7 4 152 634 299 518
5313 4 2 7 4 604 132 986 1021
5314 4 2 7 4 1093 630 1164 1163
5315 4 2 7 4 1082 562 553 548
5316 4 2 7 4 1135 601 1094 674
5317 4 2 7 4 539 1070 1072 536
5318 4 2 7 4 1119 1105 648 1182
5319 4 2 7 4 1124 517 135 590
5320 4 2 7 4 623 146 1157 504
5321 4 2 7 4 511 681 668 1045
5322 4 2 7 4 536 1068 1066 1070
5323 4 2 7 4 683 1217 575 2335
5324 4 2 7 4 284 511 1045 1008
5325 4 2 7 4 1135 601 561 1094
5326 4 2 7 4 1210 676 1135 1148
5327 4 2 7 4 534 1069 535 1067
5328 4 2 7 4 1017 1020 984 2340
5329 4 2 7 4 669 1203 679 578
5330 4 2 7 4 1155 621 1114 1156
5331 4 2 7 4 526 568 528 1060
5332 4 2 7 4 1066 532 1064 533
5333 4 2 7 4 502 661 607 1036
5334 4 2 7 4 552 1104 1105 1086
5335 4 2 7 4 1137 603 677 570
5336 4 2 7 4 681 1215 1045 1143
5337 4 2 7 4 649 130 1017 1020
5338 4 2 7 4 572 1214 1106 1052
5339 4 2 7 4 1156 580 1179 622
5340 4 2 7 4 1063 528 530 1062
5341 4 2 7 4 630 1093 559 629
5342 4 2 7 4 647 1181 531 581
5343 4 2 7 4 679 578 1208 674
5344 4 2 7 4 656 1190 1147 1136
5345 4 2 7 4 1118 681 555 1215
5346 4 2 7 4 1092 581 558 1099
5347 4 2 7 4 658 1192 1093 1169
5348 4 2 7 4 126 1043 509 887
5349 4 2 7 4 1099 618 1152 1209
5350 4 2 7 4 1077 1069 543 1080
5351 4 2 7 4 1206 611 652 672
5352 4 2 7 4 580 1156 1179 1114
5353 4 2 7 4 128 250 889 1177
5354 4 2 7 4 533 1067 535 1076
5355 4 2 7 4 1068 1069 575 534
5356 4 2 7 4 1068 575 1109 1071
5357 4 2 7 4 1177 15 251 884
5358 4 2 7 4 640 1107 1103 573
5359 4 2 7 4 511 284 137 1008
5360 4 2 7 4 553 1087 562 1082
5361 4 2 7 4 149 1170 508 296
5362 4 2 7 4 1144 610 531 532
5363 4 2 7 4 632 1201 633 1166
5364 4 2 7 4 661 1195 1141 1036
5365 4 2 7 4 1035 501 237 1189
5366 4 2 7 4 1090 1107 556 1103
5367 4 2 7 4 1064 1067 533 1155
5368 4 2 7 4 105 8 916 649
5369 4 2 7 4 1156 1179 1193 622
5370 4 2 7 4 1083 559 576 549
5371 4 2 7 4 590 1124 136 1016
5372 4 2 7 4 563 553 658 1192
5373 4 2 7 4 508 1170 1042 296
5374 4 2 7 4 608 1206 1047 1142
5375 4 2 7 4 615 1086 1105 1149
5376 4 2 7 4 550 647 558 1092
5377 4 2 7 4 1046 304 523 1057
5378 4 2 7 4 1201 508 632 667
5379 4 2 7 4 1213 679 1081 1111
5380 4 2 7 4 503 1037 627 1216
5381 4 2 7 4 576 628 1161 627
5382 4 2 7 4 1205 671 1039 1197
5383 4 2 7 4 1156 651 1096 1185
5384 4 2 7 4 644 1122 595 588
5385 4 2 7 4 677 586 1120 570
5386 4 2 7 4 654 1041 232 507
5387 4 2 7 4 546 1080 560 1081
5388 4 2 7 4 570 552 1105 571
5389 4 2 7 4 1058 526 556 524
5390 4 2 7 4 1099 565 1186 618
5391 4 2 7 4 1068 534 1066 1067
5392 4 2 7 4 1013 982 1019 2343
5393 4 2 7 4 1202 668 681 1045
5394 4 2 7 4 1162 628 125 886
5395 4 2 7 4 1055 637 1171 579
5396 4 2 7 4 536 534 1068 537
5397 4 2 7 4 1208 1094 679 674
5398 4 2 7 4 1141 607 661 1036
5399 4 2 7 4 651 1156 542 1185
5400 4 2 7 4 528 1065 530 1062
5401 4 2 7 4 1172 675 565 1209
5402 4 2 7 4 1108 524 556 574
5403 4 2 7 4 1052 1168 572 518
5404 4 2 7 4 1067 535 534 533
5405 4 2 7 4 1094 679 1081 1213
5406 4 2 7 4 1119 1105 571 648
5407 4 2 7 4 1058 1060 526 1059
5408 4 2 7 4 982 1023 1019 2343
5409 4 2 7 4 506 71 72 1040
5410 4 2 7 4 990 516 133 597
5411 4 2 7 4 530 1064 533 1155
5412 4 2 7 4 1022 1025 1011 2342
5413 4 2 7 4 1130 228 227 881
5414 4 2 7 4 1067 1066 1064 533
5415 4 2 7 4 1152 617 1151 619
5416 4 2 7 4 1048 514 612 1147
5417 4 2 7 4 1103 640 573 569
5418 4 2 7 4 642 630 1176 519
5419 4 2 7 4 1103 640 1153 1174
5420 4 2 7 4 536 1144 539 1070
5421 4 2 7 4 612 1048 117 514
5422 4 2 7 4 18 1 1191 301
5423 4 2 7 4 612 1147 613 1137
5424 4 2 7 4 1172 569 1102 638
5425 4 2 7 4 1 73 1191 657
5426 4 2 7 4 636 1170 149 998
5427 4 2 7 4 542 533 535 1076
5428 4 2 7 4 561 1094 1080 1095
5429 4 2 7 4 681 1215 1143 589
5430 4 2 7 4 560 1094 601 674
5431 4 2 7 4 601 561 1094 560
5432 4 2 7 4 1147 514 1210 1048
5433 4 2 7 4 1102 1062 528 1060
5434 4 2 7 4 1102 664 528 1198
5435 4 2 7 4 1000 138 285 1202
5436 4 2 7 4 1166 298 151 994
5437 4 2 7 4 1182 648 1119 656
5438 4 2 7 4 1093 576 1083 559
5439 4 2 7 4 554 1089 555 589
5440 4 2 7 4 647 550 1084 1092
5441 4 2 7 4 645 1179 1040 1132
5442 4 2 7 4 1068 536 1066 534
5443 4 2 7 4 575 1217 1109 2335
5444 4 2 7 4 1137 603 1105 1182
5445 4 2 7 4 1176 248 126 891
5446 4 2 7 4 1076 621 1155 1156
5447 4 2 7 4 519 888 128 1053
5448 4 2 7 4 523 1058 1046 1057
5449 4 2 7 4 563 1087 1192 1097
5450 4 2 7 4 648 1105 603 1182
5451 4 2 7 4 640 1038 1157 1174
5452 4 2 7 4 307 5 643 69
5453 4 2 7 4 1193 562 622 659
5454 4 2 7 4 1179 580 1171 645
5455 4 2 7 4 581 558 1099 565
5456 4 2 7 4 614 1135 676 1148
5457 4 2 7 4 576 1163 1093 1110
5458 4 2 7 4 1120 671 1197 586
5459 4 2 7 4 238 900 612 1146
5460 4 2 7 4 575 1068 534 537
5461 4 2 7 4 1156 621 580 622
5462 4 2 7 4 631 1117 583 502
5463 4 2 7 4 664 1198 531 528
5464 4 2 7 4 1064 532 530 533
5465 4 2 7 4 1209 565 618 675
5466 4 2 7 4 528 1063 530 529
5467 4 2 7 4 1197 671 1039 663
5468 4 2 7 4 509 1043 247 887
5469 4 2 7 4 1111 577 1081 1083
5470 4 2 7 4 577 1081 679 1111
5471 4 2 7 4 1095 561 1135 1136
5472 4 2 7 4 1154 75 1055 620
5473 4 2 7 4 563 1097 562 1087
5474 4 2 7 4 621 580 1114 1156
5475 4 2 7 4 18 1 73 1191
5476 4 2 7 4 563 1193 562 1097
5477 4 2 7 4 634 572 678 1168
5478 4 2 7 4 536 1066 1144 1070
5479 4 2 7 4 564 652 672 1206
5480 4 2 7 4 72 506 1040 598
5481 4 2 7 4 650 1170 1107 1184
5482 4 2 7 4 679 1094 1081 560
5483 4 2 7 4 877 910 905 2342
5484 4 2 7 4 531 610 1181 647
5485 4 2 7 4 601 1135 561 602
5486 4 2 7 4 1117 502 661 583
5487 4 2 7 4 576 628 1162 1161
5488 4 2 7 4 1071 575 585 537
5489 4 2 7 4 280 1050 990 1131
5490 4 2 7 4 1185 651 1082 1077
5491 4 2 7 4 73 18 1191 311
5492 4 2 7 4 1043 248 126 1176
5493 4 2 7 4 613 1137 1182 603
5494 4 2 7 4 246 885 1161 627
5495 4 2 7 4 556 1058 1108 1090
5496 4 2 7 4 1162 247 125 509
5497 4 2 7 4 1209 619 569 675
5498 4 2 7 4 651 548 1082 1077
5499 4 2 7 4 1168 572 1106 1052
5500 4 2 7 4 648 603 613 1182
5501 4 2 7 4 1166 633 1167 1201
5502 4 2 7 4 1109 656 585 575
5503 4 2 7 4 524 1058 526 525
5504 4 2 7 4 658 1054 1158 1192
5505 4 2 7 4 1042 508 1201 650
5506 4 2 7 4 535 1080 543 1069
5507 4 2 7 4 278 1056 277 983
5508 4 2 7 4 1176 519 127 642
5509 4 2 7 4 503 1216 682 669
5510 4 2 7 4 1136 656 561 602
5511 4 2 7 4 1166 518 633 632
5512 4 2 7 4 1186 652 1145 499
5513 4 2 7 4 1090 526 568 556
5514 4 2 7 4 579 1154 1061 1113
5515 4 2 7 4 637 1171 645 1132
5516 4 2 7 4 623 1157 619 640
5517 4 2 7 4 904 916 878 2340
5518 4 2 7 4 1052 680 1167 633
5519 4 2 7 4 618 1033 1186 1152
5520 4 2 7 4 1146 612 238 1035
5521 4 2 7 4 1016 1124 136 283
5522 4 2 7 4 1172 1209 565 1099
5523 4 2 7 4 514 1210 1148 676
5524 4 2 7 4 571 585 1119 648
5525 4 2 7 4 1052 680 572 1214
5526 4 2 7 4 580 645 1179 622
5527 4 2 7 4 520 1054 1158 658
5528 4 2 7 4 1076 533 1067 1155
5529 4 2 7 4 1153 619 640 569
5530 4 2 7 4 1013 1019 1025 2343
5531 4 2 7 4 548 651 543 1077
5532 4 2 7 4 625 1159 573 636
5533 4 2 7 4 190 191 909 1013
5534 4 2 7 4 1048 612 1146 1147
5535 4 2 7 4 556 573 1107 574
5536 4 2 7 4 303 512 1046 304
5537 4 2 7 4 532 1065 1144 1066
5538 4 2 7 4 536 1144 610 539
5539 4 2 7 4 519 127 888 1053
5540 4 2 7 4 1189 115 897 655
5541 4 2 7 4 1105 648 603 571
5542 4 2 7 4 1061 525 1154 527
5543 4 2 7 4 525 527 620 1154
5544 4 2 7 4 1112 1213 679 1208
5545 4 2 7 4 71 310 1040 309
5546 4 2 7 4 1069 535 575 534
5547 4 2 7 4 678 1106 1212 1168
5548 4 2 7 4 1215 555 1089 589
5549 4 2 7 4 1132 73 1191 311
5550 4 2 7 4 1094 561 1080 560
5551 4 2 7 4 560 546 1081 547
5552 4 2 7 4 1159 625 992 295
5553 4 2 7 4 1216 627 576 1161
5554 4 2 7 4 1048 612 117 1146
5555 4 2 7 4 1193 645 622 1179
5556 4 2 7 4 534 532 1066 533
5557 4 2 7 4 1217 683 575 535
5558 4 2 7 4 69 639 1054 520
5559 4 2 7 4 249 127 1176 1053
5560 4 2 7 4 500 1034 646 674
5561 4 2 7 4 1137 603 501 677
5562 4 2 7 4 1152 618 617 619
5563 4 2 7 4 1216 627 503 682
5564 4 2 7 4 619 617 1151 623
5565 4 2 7 4 1052 299 1168 518
5566 4 2 7 4 651 1082 1096 1185
5567 4 2 7 4 1094 679 1213 1208
5568 4 2 7 4 639 1173 307 1054
5569 4 2 7 4 683 1080 535 1217
5570 4 2 7 4 562 1082 651 548
5571 4 2 7 4 75 1154 1055 302
5572 4 2 7 4 1090 1102 568 1060
5573 4 2 7 4 503 1203 1216 669
5574 4 2 7 4 521 75 620 1055
5575 4 2 7 4 1194 506 71 660
5576 4 2 7 4 642 1176 126 891
5577 4 2 7 4 575 1071 585 1109
5578 4 2 7 4 681 1215 1202 1045
5579 4 2 7 4 310 71 1040 72
5580 4 2 7 4 542 621 1156 622
5581 4 2 7 4 1144 532 536 610
5582 4 2 7 4 1014 192 985 911
5583 4 2 7 4 519 1173 1164 1053
5584 4 2 7 4 1161 885 245 627
5585 4 2 7 4 1040 506 645 598
5586 4 2 7 4 1193 1156 622 1096
5587 4 2 7 4 658 1158 563 1192
5588 4 2 7 4 1076 542 533 621
5589 4 2 7 4 569 1172 1102 1103
5590 4 2 7 4 562 1097 1193 1096
5591 4 2 7 4 627 245 1161 1037
5592 4 2 7 4 1099 565 618 1209
5593 4 2 7 4 581 1181 531 1115
5594 4 2 7 4 988 130 131 522
5595 4 2 7 4 670 75 76 1204
5596 4 2 7 4 132 604 516 1021
5597 4 2 7 4 1186 652 499 618
5598 4 2 7 4 1096 562 1097 1087
5599 4 2 7 4 1084 1181 647 1092
5600 4 2 7 4 539 1144 610 1084
5601 4 2 7 4 542 651 1185 1077
5602 4 2 7 4 126 509 1176 642
5603 4 2 7 4 1063 530 1155 1064
5604 4 2 7 4 512 1046 304 523
5605 4 2 7 4 1162 628 576 1163
5606 4 2 7 4 1154 527 620 579
5607 4 2 7 4 1061 527 1154 579
5608 4 2 7 4 985 192 191 877
5609 4 2 7 4 1170 650 1107 636
5610 4 2 7 4 1107 1159 1170 636
5611 4 2 7 4 1089 555 1215 1118
5612 4 2 7 4 532 536 534 1066
5613 4 2 7 4 106 105 876 596
5614 4 2 7 4 621 530 533 1155
5615 4 2 7 4 1201 632 633 667
5616 4 2 7 4 1055 1154 579 1113
5617 4 2 7 4 1200 523 524 666
5618 4 2 7 4 1118 583 631 1117
5619 4 2 7 4 1212 991 153 300
5620 4 2 7 4 648 585 1119 656
5621 4 2 7 4 601 1034 500 674
5622 4 2 7 4 1034 601 614 1135
5623 4 2 7 4 1067 534 1066 533
5624 4 2 7 4 512 524 1058 523
5625 4 2 7 4 1080 683 535 546
5626 4 2 7 4 1211 655 501 1189
5627 4 2 7 4 586 1120 655 677
5628 4 2 7 4 679 1111 1203 669
5629 4 2 7 4 651 542 543 1077
5630 4 2 7 4 664 1102 528 568
5631 4 2 7 4 1080 560 561 546
5632 4 2 7 4 153 1212 300 1168
5633 4 2 7 4 109 654 918 914
5634 4 2 7 4 680 1052 518 633
5635 4 2 7 4 525 524 1058 512
5636 4 2 7 4 1163 628 576 629
5637 4 2 7 4 655 1211 501 677
5638 4 2 7 4 918 1188 231 914
5639 4 2 7 4 1217 575 1109 1069
5640 4 2 7 4 1107 640 1159 573
5641 4 2 7 4 1132 1040 72 310
5642 4 2 7 4 633 1167 1052 1166
5643 4 2 7 4 1094 560 679 674
5644 4 2 7 4 1162 246 628 886
5645 4 2 7 4 1065 532 1144 531
5646 4 2 7 4 514 676 1148 614
5647 4 2 7 4 619 1209 569 1153
5648 4 2 7 4 1198 1065 531 528
5649 4 2 7 4 1209 569 1172 675
5650 4 2 7 4 1087 1096 562 1082
5651 4 2 7 4 1108 556 1107 574
5652 4 2 7 4 574 1108 524 1200
5653 4 2 7 4 1204 75 76 303
5654 4 2 7 4 1157 619 1151 623
5655 4 2 7 4 646 1208 578 674
5656 4 2 7 4 1210 514 1148 1048
5657 4 2 7 4 1179 645 1171 1132
5658 4 2 7 4 526 1090 568 1060
5659 4 2 7 4 563 1192 1158 1097
5660 4 2 7 4 247 1162 1043 509
5661 4 2 7 4 598 1040 72 1132
5662 4 2 7 4 531 610 1144 1181
5663 4 2 7 4 115 1189 897 237
5664 4 2 7 4 109 108 880 510
5665 4 2 7 4 998 636 1170 295
5666 4 2 7 4 228 229 875 1049
5667 4 2 7 4 1107 650 1184 574
5668 4 2 7 4 651 622 1096 562
5669 4 2 7 4 549 1081 577 1083
5670 4 2 7 4 628 124 246 627
5671 4 2 7 4 579 1171 1055 1113
5672 4 2 7 4 1156 1076 542 1185
5673 4 2 7 4 880 230 231 1044
5674 4 2 7 4 1110 576 1162 1161
5675 4 2 7 4 1046 512 1058 523
5676 4 2 7 4 549 1081 547 577
5677 4 2 7 4 1083 1111 577 1110
5678 4 2 7 4 512 303 77 304
5679 4 2 7 4 1058 1059 512 1046
5680 4 2 7 4 524 574 1200 666
5681 4 2 7 4 634 678 153 1168
5682 4 2 7 4 1113 580 1171 1114
5683 4 2 7 4 579 1171 580 637
5684 4 2 7 4 576 1216 577 682
5685 4 2 7 4 992 294 625 1159
5686 4 2 7 4 610 550 1084 647
5687 4 2 7 4 1081 577 679 547
5688 4 2 7 4 1164 1176 519 1053
5689 4 2 7 4 1055 1154 620 579
5690 4 2 7 4 1190 1182 1119 656
5691 4 2 7 4 576 559 1093 629
5692 4 2 7 4 565 1172 1099 581
5693 4 2 7 4 307 1173 639 1177
5694 4 2 7 4 636 148 625 295
5695 4 2 7 4 675 1172 565 638
5696 4 2 7 4 1176 509 630 642
5697 4 2 7 4 1174 1153 1157 640
5698 4 2 7 4 294 625 1159 1038
5699 4 2 7 4 647 581 558 1092
5700 4 2 7 4 1186 652 1206 1145
5701 4 2 7 4 303 1204 75 302
5702 4 2 7 4 1190 561 1095 1136
5703 4 2 7 4 668 681 584 1202
5704 4 2 7 4 1063 579 580 529
5705 4 2 7 4 576 1083 577 1110
5706 4 2 7 4 1203 1213 679 1112
5707 4 2 7 4 1193 645 506 659
5708 4 2 7 4 679 560 1081 547
5709 4 2 7 4 1058 523 1200 1057
5710 4 2 7 4 577 1216 669 682
5711 4 2 7 4 1212 306 1106 678
5712 4 2 7 4 113 893 671 1205
5713 4 2 7 4 508 1042 1170 650
5714 4 2 7 4 501 1211 1189 1035
5715 4 2 7 4 1137 613 1182 1147
5716 4 2 7 4 650 1201 1042 1184
5717 4 2 7 4 613 1210 676 1136
5718 4 2 7 4 681 1118 584 1202
5719 4 2 7 4 643 307 639 1177
5720 4 2 7 4 1058 556 1108 524
5721 4 2 7 4 563 1194 1193 1097
5722 4 2 7 4 509 1043 126 1176
5723 4 2 7 4 676 1135 1136 1210
5724 4 2 7 4 1090 556 1107 1108
5725 4 2 7 4 71 70 1158 624
5726 4 2 7 4 1061 526 528 1060
5727 4 2 7 4 1208 646 1034 674
5728 4 2 7 4 580 1113 1063 1114
5729 4 2 7 4 1066 536 1144 532
5730 4 2 7 4 1212 153 991 678
5731 4 2 7 4 678 1212 153 1168
5732 4 2 7 4 1193 563 562 659
5733 4 2 7 4 149 1170 636 508
5734 4 2 7 4 667 1201 508 650
5735 4 2 7 4 533 1076 621 1155
5736 4 2 7 4 656 1136 561 1190
5737 4 2 7 4 683 1190 561 1095
5738 4 2 7 4 598 645 1040 1132
5739 4 2 7 4 518 1166 633 1052
5740 4 2 7 4 514 612 1147 613
5741 4 2 7 4 304 77 512 523
5742 4 2 7 4 621 1063 530 1155
5743 4 2 7 4 78 1106 306 572
5744 4 2 7 4 1102 638 664 1172
5745 4 2 7 4 1203 1111 1216 669
5746 4 2 7 4 304 1057 1199 665
5747 4 2 7 4 1162 576 1110 1163
5748 4 2 7 4 107 106 902 515
5749 4 2 7 4 1163 630 1043 509
5750 4 2 7 4 1095 561 683 1080
5751 4 2 7 4 1208 1034 1135 674
5752 4 2 7 4 520 658 635 1169
5753 4 2 7 4 1186 564 1206 652
5754 4 2 7 4 620 521 1055 579
5755 4 2 7 4 514 1147 1210 613
5756 4 2 7 4 1190 656 683 561
5757 4 2 7 4 1065 531 1181 1115
5758 4 2 7 4 893 113 235 1205
5759 4 2 7 4 528 1102 1198 1062
5760 4 2 7 4 1102 638 569 568
5761 4 2 7 4 1153 619 1157 640
5762 4 2 7 4 525 1058 526 1059
5763 4 2 7 4 1161 627 1037 1216
5764 4 2 7 4 1061 528 1062 1060
5765 4 2 7 4 519 1176 127 1053
5766 4 2 7 4 1181 610 1084 647
5767 4 2 7 4 676 601 1135 614
5768 4 2 7 4 509 630 1043 1176
5769 4 2 7 4 1115 581 1092 1099
5770 4 2 7 4 78 306 79 572
5771 4 2 7 4 1153 1152 1151 619
5772 4 2 7 4 1115 531 581 1198
5773 4 2 7 4 528 1198 1065 1062
5774 4 2 7 4 640 1103 1153 569
5775 4 2 7 4 984 907 187 1017
5776 4 2 7 4 1110 576 1161 1216
5777 4 2 7 4 564 1186 1206 1098
5778 4 2 7 4 621 1114 1063 1155
5779 4 2 7 4 599 107 108 879
5780 4 2 7 4 1198 531 581 664
5781 4 2 7 4 1152 618 619 1209
5782 4 2 7 4 1201 633 1167 666
5783 4 2 7 4 1018 281 1051 282
5784 4 2 7 4 134 135 1018 517
5785 4 2 7 4 125 628 1162 509
5786 4 2 7 4 520 1158 624 658
5787 4 2 7 4 637 1055 521 579
5788 4 2 7 4 1082 562 651 1096
5789 4 2 7 4 565 1172 581 638
5790 4 2 7 4 70 309 1158 308
5791 4 2 7 4 1063 621 530 529
5792 4 2 7 4 576 1083 549 577
5793 4 2 7 4 1204 670 75 1154
5794 4 2 7 4 1192 658 1054 1169
5795 4 2 7 4 1052 680 1214 1167
5796 4 2 7 4 681 1215 1118 1202
5797 4 2 7 4 1107 573 636 650
5798 4 2 7 4 528 1062 1063 1061
5799 4 2 7 4 1159 1107 573 636
5800 4 2 7 4 1190 683 1217 1095
5801 4 2 7 4 1106 1199 1214 572
5802 4 2 7 4 575 1217 535 1069
5803 4 2 7 4 620 75 670 1154
5804 4 2 7 4 69 1054 308 520
5805 4 2 7 4 1185 1076 542 1077
5806 4 2 7 4 523 1058 1200 524
5807 4 2 7 4 581 647 1181 1092
5808 4 2 7 4 523 304 665 1057
5809 4 2 7 4 658 520 1054 1169
5810 4 2 7 4 683 1217 1095 1080
5811 4 2 7 4 250 128 1053 1177
5812 4 2 7 4 1069 1217 535 1080
5813 4 2 7 4 1172 675 569 638
5814 4 2 7 4 1201 650 574 1184
5815 4 2 7 4 665 304 78 1199
5816 4 2 7 4 279 280 1050 987
5817 4 2 7 4 307 69 639 1054
5818 4 2 7 4 889 251 129 1177
5819 4 2 7 4 601 1135 1034 674
5820 4 2 7 4 1144 1065 531 1181
5821 4 2 7 4 1059 525 1058 512
5822 4 2 7 4 650 1201 574 667
5823 4 2 7 4 1158 658 563 624
5824 4 2 7 4 650 1042 1170 1184
5825 4 2 7 4 1063 529 580 621
5826 4 2 7 4 664 1172 1198 1102
5827 4 2 7 4 633 1201 667 666
5828 4 2 7 4 1111 1213 679 1203
5829 4 2 7 4 666 574 1201 667
5830 4 2 7 4 660 1194 659 563
5831 4 2 7 4 651 1156 1096 622
5832 4 2 7 4 1200 1057 680 1214
5833 4 2 7 4 1162 509 1163 1043
5834 4 2 7 4 569 1103 1153 1209
5835 4 2 7 4 602 613 676 1136
5836 4 2 7 4 618 619 1209 675
5837 4 2 7 4 1151 1153 619 1157
5838 4 2 7 4 572 1106 678 1168
5839 4 2 7 4 1135 602 676 1136
5840 4 2 7 4 624 1194 71 660
5841 4 2 7 4 1080 561 683 546
5842 4 2 7 4 1164 630 639 519
5843 4 2 7 4 622 1156 542 651
5844 4 2 7 4 1108 1058 524 1200
5845 4 2 7 4 598 637 645 1132
5846 4 2 7 4 1161 628 246 627
5847 4 2 7 4 1114 621 1063 580
5848 4 2 7 4 1179 645 1040 1193
5849 4 2 7 4 308 520 1054 1158
5850 4 2 7 4 1171 579 580 1113
5851 4 2 7 4 528 1063 529 1061
5852 4 2 7 4 302 1204 75 1154
5853 4 2 7 4 17 991 1212 300
5854 4 2 7 4 1040 71 1194 506
5855 4 2 7 4 630 1163 629 509
5856 4 2 7 4 1199 304 78 305
5857 4 2 7 4 1193 659 1194 563
5858 4 2 7 4 1158 563 1097 1194
5859 4 2 7 4 1053 519 1173 1177
5860 4 2 7 4 610 1181 1084 1144
5861 4 2 7 4 1194 624 71 1158
5862 4 2 7 4 131 132 986 604
5863 4 2 7 4 650 1107 573 574
5864 4 2 7 4 625 1159 636 295
5865 4 2 7 4 639 1173 1164 519
5866 4 2 7 4 1199 680 1214 572
5867 4 2 7 4 77 76 303 512
5868 4 2 7 4 635 639 520 1169
5869 4 2 7 4 579 1063 580 1113
5870 4 2 7 4 1065 531 1115 1198
5871 4 2 7 4 1099 1115 581 1172
5872 4 2 7 4 908 229 230 1133
5873 4 2 7 4 1111 679 577 669
5874 4 2 7 4 874 909 917 2343
5875 4 2 7 4 307 639 69 643
5876 4 2 7 4 188 189 906 1015
5877 4 2 7 4 508 1170 636 650
5878 4 2 7 4 128 519 1053 1177
5879 4 2 7 4 1061 529 579 1063
5880 4 2 7 4 638 1172 581 664
5881 4 2 7 4 1162 628 246 1161
5882 4 2 7 4 569 1209 1172 1103
5883 4 2 7 4 572 1106 306 678
5884 4 2 7 4 71 1040 1194 309
5885 4 2 7 4 1106 78 1199 572
5886 4 2 7 4 1159 1170 636 295
5887 4 2 7 4 680 1167 633 666
5888 4 2 7 4 1040 645 506 1193
5889 4 2 7 4 619 1153 1152 1209
5890 4 2 7 4 1194 659 506 660
5891 4 2 7 4 639 1173 1054 1169
5892 4 2 7 4 1061 526 1060 1059
5893 4 2 7 4 989 278 1138 279
5894 4 2 7 4 1169 639 1164 635
5895 4 2 7 4 630 1164 1176 519
5896 4 2 7 4 639 1054 520 1169
5897 4 2 7 4 1216 1110 577 1111
5898 4 2 7 4 670 1059 525 1154
5899 4 2 7 4 1163 628 509 1162
5900 4 2 7 4 638 1102 664 568
5901 4 2 7 4 1108 1107 1184 574
5902 4 2 7 4 1115 581 1181 1092
5903 4 2 7 4 506 1193 659 1194
5904 4 2 7 4 132 133 1021 516
5905 4 2 7 4 572 306 79 678
5906 4 2 7 4 630 639 635 1164
5907 4 2 7 4 628 1163 509 629
5908 4 2 7 4 1216 576 577 1110
5909 4 2 7 4 110 109 914 654
5910 4 2 7 4 231 232 914 1188
5911 4 2 7 4 613 1147 1210 1136
5912 4 2 7 4 1199 680 1057 1214
5913 4 2 7 4 602 1135 676 601
5914 4 2 7 4 643 128 889 1177
5915 4 2 7 4 523 1200 680 666
5916 4 2 7 4 563 660 1194 624
5917 4 2 7 4 1054 69 308 307
5918 4 2 7 4 577 1216 1111 669
5919 4 2 7 4 639 1169 1164 1173
5920 4 2 7 4 581 1198 1172 1115
5921 4 2 7 4 70 309 71 1158
5922 4 2 7 4 1106 78 306 305
5923 4 2 7 4 1198 581 1172 664
5924 4 2 7 4 1158 563 1194 624
5925 4 2 7 4 680 1199 665 572
5926 4 2 7 4 678 17 991 1212
5927 4 2 7 4 70 1158 624 520
5928 4 2 7 4 304 523 665 77
5929 4 2 7 4 1200 523 680 1057
5930 4 2 7 4 1059 670 1204 1154
5931 4 2 7 4 133 134 990 597
5932 4 2 7 4 678 17 2 991
5933 4 2 7 4 620 670 525 1154
5934 4 2 7 4 526 1061 528 527
5935 4 2 7 4 630 1164 1163 1043
5936 4 2 7 4 193 192 1014 911
5937 4 2 7 4 1061 1063 579 1113
5938 4 2 7 4 512 1059 1204 1046
5939 4 2 7 4 308 69 520 70
5940 4 2 7 4 281 280 990 1131
5941 4 2 7 4 1061 529 528 527
5942 4 2 7 4 574 1200 1201 1108
5943 4 2 7 4 680 1199 1057 665
5944 4 2 7 4 630 1164 1043 1176
5945 4 2 7 4 680 1200 1214 1167
5946 4 2 7 4 1201 574 1108 1184
5947 4 2 7 4 304 665 78 77
5948 4 2 7 4 1200 574 1201 666
5949 4 2 7 4 519 639 1173 1177
5950 4 2 7 4 303 512 1204 1046
5951 4 2 7 4 529 1061 579 527
5952 4 2 7 4 308 520 1158 70
5953 4 2 7 4 665 1199 78 572
5954 4 2 7 4 526 1061 525 1059
5955 4 2 7 4 639 519 643 1177
5956 4 2 7 4 1200 1201 1167 666
5957 4 2 7 4 71 1194 1158 309
5958 4 2 7 4 78 1199 305 1106
5959 4 2 7 4 680 1057 523 665
5960 4 2 7 4 1193 506 1040 1194
5961 4 2 7 4 670 1059 512 525
5962 4 2 7 4 519 128 643 1177
5963 4 2 7 4 187 186 1017 907
5964 4 2 7 4 1061 527 526 525
5965 4 2 7 4 680 1200 1167 666
5966 4 2 7 4 1059 670 512 1204
5967 4 2 7 4 1204 512 76 670
5968 4 2 7 4 512 303 1204 76
5969 4 2 7 4 643 889 129 1177
5970 4 2 7 4 17 79 678 2
5971 4 2 7 4 306 17 678 1212
5972 4 2 7 4 79 17 678 306
5973 4 2 7 4 542 535 543 2332
5974 4 2 7 4 1087 1192 1093 2333
5975 4 2 7 4 1076 1077 1069 2332
5976 4 2 7 4 557 545 550 2336
5977 4 2 7 4 569 568 556 2334
5978 4 2 7 4 658 553 559 2333
5979 4 2 7 4 1079 1091 1084 2336
5980 4 2 7 4 1103 1090 1102 2334
5981 4 2 7 4 2339 605 2341 673
5982 4 2 7 4 2339 2341 605 2337
5983 4 2 7 4 2340 883 913 904
5984 4 2 7 4 2340 913 883 2338
5985 4 2 7 4 1207 2337 1049 1139
5986 4 2 7 4 1207 1049 2337 2339
5987 4 2 7 4 881 1049 228 875
5988 4 2 7 4 228 1049 881 1130
5989 4 2 7 4 2341 1009 989 1024
5990 4 2 7 4 2341 989 1009 2337
5991 4 2 7 4 2343 1011 2338 1019
5992 4 2 7 4 2343 2338 1011 2342
5993 4 2 7 4 2341 1207 1134 1187
5994 4 2 7 4 2341 1134 1207 2339
5995 4 2 7 4 673 2341 600 653
5996 4 2 7 4 600 2341 673 2339
5997 4 2 7 4 884 5 1177 15
5998 4 2 7 4 307 5 1177 643
5999 4 2 7 4 307 1177 5 15
6000 4 2 7 4 911 985 2342 877
6001 4 2 7 4 911 2342 985 1014
6002 4 2 7 4 74 657 1055 521
6003 4 2 7 4 301 1055 657 1191
6004 4 2 7 4 657 1055 301 74
6005 4 2 7 4 657 1 301 1191
6006 4 2 7 4 301 1 657 74
6007 4 2 7 4 1132 73 657 1191
6008 4 2 7 4 657 73 1132 598
6009 4 2 7 4 657 1055 1132 1191
6010 4 2 7 4 2330 1126 1051 1131
6011 4 2 7 4 2330 1051 1126 592
6012 4 2 7 4 517 2330 1051 1131
6013 4 2 7 4 517 1051 2330 592
6014 4 2 7 4 597 2330 517 1131
6015 4 2 7 4 597 517 2330 592
6016 4 2 7 4 5 1177 129 884
6017 4 2 7 4 5 129 1177 643
6018 4 2 7 4 521 637 1132 1055
6019 4 2 7 4 1132 637 521 598
6020 4 2 7 4 1132 657 521 1055
6021 4 2 7 4 521 657 1132 598
6022 4 2 7 5 399 373 398 2346
6023 4 2 7 5 813 2379 812 2367
6024 4 2 7 5 824 2393 173 2358
6025 4 2 7 5 825 824 2389 2366
6026 4 2 7 5 2387 823 819 2370
6027 4 2 7 5 819 818 2381 2364
6028 4 2 7 5 812 2374 813 2367
6029 4 2 7 5 825 2394 824 2366
6030 4 2 7 5 1236 1260 2356 2360
6031 4 2 7 5 323 348 349 2346
6032 4 2 7 5 1242 2387 2359 2362
6033 4 2 7 5 393 369 368 2350
6034 4 2 7 5 818 822 2385 2365
6035 4 2 7 5 820 816 2384 2356
6036 4 2 7 5 1236 2357 1260 2360
6037 4 2 7 5 1260 1228 1236 2356
6038 4 2 7 5 1236 1252 1260 2357
6039 4 2 7 5 823 2387 2362 2370
6040 4 2 7 5 369 393 394 2350
6041 4 2 7 5 1228 1219 1229 2356
6042 4 2 7 5 1253 1252 1243 2357
6043 4 2 7 5 1254 1219 1256 2356
6044 4 2 7 5 1230 1243 1232 2357
6045 4 2 7 5 2359 2362 2387 2370
6046 4 2 7 5 1260 2360 2357 2365
6047 4 2 7 5 1232 1236 1230 2357
6048 4 2 7 5 1256 1260 1254 2356
6049 4 2 7 5 1236 2357 2360 2363
6050 4 2 7 5 346 2348 347 322
6051 4 2 7 5 2348 346 321 322
6052 4 2 7 5 1260 1256 1228 2356
6053 4 2 7 5 1236 1232 1252 2357
6054 4 2 7 5 1228 1229 1236 2356
6055 4 2 7 5 1252 1253 1260 2357
6056 4 2 7 5 814 2381 818 2365
6057 4 2 7 5 821 817 2385 2360
6058 4 2 7 5 1228 1256 1219 2356
6059 4 2 7 5 1232 1243 1252 2357
6060 4 2 7 5 1228 1252 1260 1236
6061 4 2 7 5 821 2360 825 2366
6062 4 2 7 5 2391 826 822 2363
6063 4 2 7 5 2360 2363 2357 2365
6064 4 2 7 5 1227 2363 825 2372
6065 4 2 7 5 822 818 2364 2365
6066 4 2 7 5 813 1251 2365 2367
6067 4 2 7 5 822 818 2386 2364
6068 4 2 7 5 812 816 2361 2367
6069 4 2 7 5 2356 2360 1259 2367
6070 4 2 7 5 1256 1252 1260 1228
6071 4 2 7 5 1228 1232 1252 1236
6072 4 2 7 5 1234 2360 2356 2366
6073 4 2 7 5 184 826 2371 2372
6074 4 2 7 5 2393 182 11 1240
6075 4 2 7 5 1242 2359 2357 2362
6076 4 2 7 5 1227 825 2363 2366
6077 4 2 7 5 1221 1263 1228 1239
6078 4 2 7 5 1239 1263 1252 1245
6079 4 2 7 5 2384 2356 816 2367
6080 4 2 7 5 1218 2356 1226 2361
6081 4 2 7 5 1242 2357 1250 2362
6082 4 2 7 5 1243 1232 1252 1245
6083 4 2 7 5 1256 1219 1221 1228
6084 4 2 7 5 814 1258 2381 2365
6085 4 2 7 5 2394 183 182 1234
6086 4 2 7 5 1253 2357 1258 2365
6087 4 2 7 5 822 2363 2385 2365
6088 4 2 7 5 2391 826 2363 2371
6089 4 2 7 5 816 812 2379 2367
6090 4 2 7 5 1246 1239 1263 1255
6091 4 2 7 5 821 825 2389 2366
6092 4 2 7 5 1239 1252 1232 1245
6093 4 2 7 5 1263 1256 1221 1228
6094 4 2 7 5 1259 2360 1251 2367
6095 4 2 7 5 199 200 1251 2375
6096 4 2 7 5 2391 2363 822 2364
6097 4 2 7 5 2363 2364 2357 2365
6098 4 2 7 5 1239 339 1263 1222
6099 4 2 7 5 389 1239 1263 1246
6100 4 2 7 5 813 2365 2360 2367
6101 4 2 7 5 2363 2371 826 2372
6102 4 2 7 5 200 201 1259 2374
6103 4 2 7 5 1234 1227 2360 2366
6104 4 2 7 5 172 1218 2383 2358
6105 4 2 7 5 1225 2356 1218 2358
6106 4 2 7 5 1249 2357 1242 2359
6107 4 2 7 5 2375 813 200 1251
6108 4 2 7 5 2378 812 816 2361
6109 4 2 7 5 2392 827 823 2362
6110 4 2 7 5 389 1252 1263 1245
6111 4 2 7 5 1228 339 1221 1239
6112 4 2 7 5 1226 1218 1225 2356
6113 4 2 7 5 1250 1242 1249 2357
6114 4 2 7 5 1234 1236 2356 2360
6115 4 2 7 5 1236 1235 2357 2363
6116 4 2 7 5 386 20 361 1266
6117 4 2 7 5 2356 2361 816 2367
6118 4 2 7 5 814 818 2380 2365
6119 4 2 7 5 2376 199 198 1258
6120 4 2 7 5 368 367 1257 1233
6121 4 2 7 5 1257 342 318 1233
6122 4 2 7 5 1260 2357 1253 2365
6123 4 2 7 5 1229 2356 1225 2358
6124 4 2 7 5 1253 2357 1249 2359
6125 4 2 7 5 2360 2363 825 2366
6126 4 2 7 5 1263 1221 339 1239
6127 4 2 7 5 1263 1239 389 1245
6128 4 2 7 5 1260 1253 1258 2365
6129 4 2 7 5 822 826 2390 2363
6130 4 2 7 5 338 1221 1219 1228
6131 4 2 7 5 1252 388 1243 1245
6132 4 2 7 5 196 1242 2387 2359
6133 4 2 7 5 1259 2356 1260 2360
6134 4 2 7 5 1239 1246 1231 1255
6135 4 2 7 5 1228 1219 338 1229
6136 4 2 7 5 2381 2364 818 2365
6137 4 2 7 5 388 1253 1252 1243
6138 4 2 7 5 2357 2362 2359 2370
6139 4 2 7 5 1252 1232 1228 1239
6140 4 2 7 5 1252 1256 1263 1228
6141 4 2 7 5 391 390 1261 1244
6142 4 2 7 5 315 316 1261 1220
6143 4 2 7 5 361 411 386 1266
6144 4 2 7 5 361 411 1266 336
6145 4 2 7 5 1229 1240 2356 2358
6146 4 2 7 5 386 20 1266 21
6147 4 2 7 5 812 2361 1264 2367
6148 4 2 7 5 1264 2361 2356 2367
6149 4 2 7 5 2362 2368 827 2370
6150 4 2 7 5 1234 1227 1236 2360
6151 4 2 7 5 1263 389 1246 1255
6152 4 2 7 5 339 1239 1231 1222
6153 4 2 7 5 2393 824 1240 2358
6154 4 2 7 5 1258 2357 2364 2365
6155 4 2 7 5 1237 340 1220 341
6156 4 2 7 5 1237 1244 365 366
6157 4 2 7 5 2377 815 198 1265
6158 4 2 7 5 2393 824 182 1240
6159 4 2 7 5 1251 1259 1260 2360
6160 4 2 7 5 1236 1235 1230 2357
6161 4 2 7 5 1260 1259 1254 2356
6162 4 2 7 5 1228 1263 1252 1239
6163 4 2 7 5 1229 1234 1236 2356
6164 4 2 7 5 12 362 1241 2368
6165 4 2 7 5 1239 389 364 1246
6166 4 2 7 5 339 314 1263 1222
6167 4 2 7 5 1243 363 1232 1245
6168 4 2 7 5 1264 2356 1259 2367
6169 4 2 7 5 199 2376 814 1258
6170 4 2 7 5 313 1219 1221 1256
6171 4 2 7 5 1240 2356 2358 2366
6172 4 2 7 5 1227 184 2371 2372
6173 4 2 7 5 2360 2365 1251 2367
6174 4 2 7 5 1245 1239 389 364
6175 4 2 7 5 339 314 1221 1263
6176 4 2 7 5 2391 823 827 2370
6177 4 2 7 5 1218 171 172 2383
6178 4 2 7 5 1251 2360 1260 2365
6179 4 2 7 5 1232 1230 363 1243
6180 4 2 7 5 1258 2364 2381 2365
6181 4 2 7 5 1219 313 1254 1256
6182 4 2 7 5 822 2364 2363 2365
6183 4 2 7 5 392 393 367 1257
6184 4 2 7 5 1241 2357 1230 2370
6185 4 2 7 5 1240 1234 2356 2366
6186 4 2 7 5 1236 2360 1227 2363
6187 4 2 7 5 390 1231 1255 1261
6188 4 2 7 5 411 21 386 1266
6189 4 2 7 5 2391 2363 2370 2371
6190 4 2 7 5 823 2362 827 2370
6191 4 2 7 5 1240 2358 824 2366
6192 4 2 7 5 1258 1251 1260 2365
6193 4 2 7 5 1238 317 341 1262
6194 4 2 7 5 366 1262 392 1238
6195 4 2 7 5 2357 2363 1235 2370
6196 4 2 7 5 1227 2363 2360 2366
6197 4 2 7 5 1225 1229 1219 2356
6198 4 2 7 5 1243 1249 1253 2357
6199 4 2 7 5 1231 390 1237 1261
6200 4 2 7 5 342 1257 318 317
6201 4 2 7 5 1227 2371 2363 2372
6202 4 2 7 5 2393 1240 11 2358
6203 4 2 7 5 2391 2363 2364 2370
6204 4 2 7 5 2359 2364 2357 2370
6205 4 2 7 5 1219 1254 1226 2356
6206 4 2 7 5 1243 1230 1250 2357
6207 4 2 7 5 390 1244 1237 1261
6208 4 2 7 5 340 1237 1220 1261
6209 4 2 7 5 1241 827 2368 2370
6210 4 2 7 5 2357 2359 1258 2364
6211 4 2 7 5 340 1231 1255 1222
6212 4 2 7 5 1246 390 1231 1255
6213 4 2 7 5 172 1223 1218 2358
6214 4 2 7 5 1246 364 1239 1231
6215 4 2 7 5 1255 1263 314 1222
6216 4 2 7 5 390 1246 389 1255
6217 4 2 7 5 1231 340 339 1222
6218 4 2 7 5 1244 1237 1261 391
6219 4 2 7 5 170 171 1224 2378
6220 4 2 7 5 1242 195 196 2387
6221 4 2 7 5 199 1258 814 2365
6222 4 2 7 5 1235 1241 1230 2370
6223 4 2 7 5 194 2392 1248 2368
6224 4 2 7 5 2385 2363 2360 2365
6225 4 2 7 5 1243 387 1253 1249
6226 4 2 7 5 1225 337 1219 1229
6227 4 2 7 5 1236 1227 1235 2363
6228 4 2 7 5 315 1255 314 1222
6229 4 2 7 5 1246 365 364 1231
6230 4 2 7 5 2392 195 194 1248
6231 4 2 7 5 1254 1259 1264 2356
6232 4 2 7 5 1219 1226 1225 2356
6233 4 2 7 5 1243 1250 1249 2357
6234 4 2 7 5 1256 1221 314 1263
6235 4 2 7 5 1245 1232 1239 364
6236 4 2 7 5 341 1261 1237 391
6237 4 2 7 5 196 1247 1242 2359
6238 4 2 7 5 1261 1237 1220 341
6239 4 2 7 5 315 1255 340 1261
6240 4 2 7 5 1237 365 390 1231
6241 4 2 7 5 1235 1230 2357 2370
6242 4 2 7 5 2392 827 2362 2368
6243 4 2 7 5 1235 1227 184 2371
6244 4 2 7 5 365 390 1244 1237
6245 4 2 7 5 1220 315 340 1261
6246 4 2 7 5 312 1226 1219 1254
6247 4 2 7 5 1250 362 1230 1243
6248 4 2 7 5 1262 366 392 391
6249 4 2 7 5 317 341 1262 316
6250 4 2 7 5 1229 1240 1234 2356
6251 4 2 7 5 1223 11 1240 2358
6252 4 2 7 5 318 343 1233 342
6253 4 2 7 5 393 367 1257 368
6254 4 2 7 5 170 2378 1224 2369
6255 4 2 7 5 1248 2392 2362 2368
6256 4 2 7 5 1238 1262 341 366
6257 4 2 7 5 1241 2368 2362 2370
6258 4 2 7 5 338 339 1221 1228
6259 4 2 7 5 340 1255 315 1222
6260 4 2 7 5 365 1246 390 1231
6261 4 2 7 5 389 388 1252 1245
6262 4 2 7 5 2357 2364 2363 2370
6263 4 2 7 5 320 344 369 319
6264 4 2 7 5 319 394 369 320
6265 4 2 7 5 401 375 351 376
6266 4 2 7 5 411 360 361 386
6267 4 2 7 5 344 320 369 345
6268 4 2 7 5 394 370 320 395
6269 4 2 7 5 1218 1226 1224 2361
6270 4 2 7 5 1248 1242 1250 2362
6271 4 2 7 5 1251 1258 199 2365
6272 4 2 7 5 1245 363 1232 364
6273 4 2 7 5 313 1221 314 1256
6274 4 2 7 5 826 2396 184 2371
6275 4 2 7 5 369 320 370 345
6276 4 2 7 5 370 394 320 369
6277 4 2 7 5 1235 2363 1227 2371
6278 4 2 7 5 1224 2361 1264 2369
6279 4 2 7 5 312 1224 1226 2361
6280 4 2 7 5 1250 362 1248 2362
6281 4 2 7 5 411 385 360 386
6282 4 2 7 5 325 350 351 400
6283 4 2 7 5 400 350 351 375
6284 4 2 7 5 1224 2378 2361 2369
6285 4 2 7 5 337 1223 11 1240
6286 4 2 7 5 351 326 325 400
6287 4 2 7 5 326 351 401 400
6288 4 2 7 5 375 401 351 400
6289 4 2 7 5 361 335 411 336
6290 4 2 7 5 335 361 411 360
6291 4 2 7 5 1219 337 338 1229
6292 4 2 7 5 388 387 1253 1243
6293 4 2 7 5 1235 2370 2363 2371
6294 4 2 7 5 198 13 2377 1265
6295 4 2 7 5 1218 1223 1225 2358
6296 4 2 7 5 1247 1249 1242 2359
6297 4 2 7 5 316 341 1262 391
6298 4 2 7 5 1261 341 316 391
6299 4 2 7 5 362 363 1230 1243
6300 4 2 7 5 317 1238 341 342
6301 4 2 7 5 1238 367 392 366
6302 4 2 7 5 312 1264 1224 2361
6303 4 2 7 5 12 1248 362 2368
6304 4 2 7 5 411 385 410 360
6305 4 2 7 5 312 1219 313 1254
6306 4 2 7 5 2395 826 184 2372
6307 4 2 7 5 337 1225 1223 2358
6308 4 2 7 5 1247 387 1249 2359
6309 4 2 7 5 366 1262 341 391
6310 4 2 7 5 366 341 1237 391
6311 4 2 7 5 334 359 360 384
6312 4 2 7 5 335 411 410 360
6313 4 2 7 5 312 1264 10 2369
6314 4 2 7 5 341 1220 1261 316
6315 4 2 7 5 1237 1244 366 391
6316 4 2 7 5 354 380 330 379
6317 4 2 7 5 380 330 355 354
6318 4 2 7 5 329 354 330 379
6319 4 2 7 5 360 410 384 385
6320 4 2 7 5 379 330 329 404
6321 4 2 7 5 1240 337 1223 2358
6322 4 2 7 5 1247 1265 387 2359
6323 4 2 7 5 380 330 381 355
6324 4 2 7 5 381 355 330 356
6325 4 2 7 5 1241 2370 1235 2371
6326 4 2 7 5 367 1257 1233 342
6327 4 2 7 5 1238 392 317 1262
6328 4 2 7 5 312 1224 1264 2369
6329 4 2 7 5 380 405 330 379
6330 4 2 7 5 405 330 379 404
6331 4 2 7 5 330 381 356 331
6332 4 2 7 5 2397 194 12 2368
6333 4 2 7 5 411 336 22 1266
6334 4 2 7 5 194 1248 12 2368
6335 4 2 7 5 330 380 381 405
6336 4 2 7 5 381 331 405 406
6337 4 2 7 5 330 381 331 405
6338 4 2 7 5 19 361 1266 336
6339 4 2 7 5 361 19 1266 20
6340 4 2 7 5 367 392 1257 317
6341 4 2 7 5 22 21 411 1266
6342 4 2 7 5 347 397 2348 372
6343 4 2 7 5 397 347 2348 322
6344 4 2 7 5 342 367 1257 317
6345 4 2 7 5 312 10 1224 2369
6346 4 2 7 5 1265 13 1247 387
6347 4 2 7 5 392 1238 317 367
6348 4 2 7 5 317 342 367 1238
6349 4 2 7 5 368 318 393 2350
6350 4 2 7 5 368 318 1233 1257
6351 4 2 7 5 320 370 345 2349
6352 4 2 7 5 352 402 327 2344
6353 4 2 7 5 397 347 322 2347
6354 4 2 7 5 347 397 372 2347
6355 4 2 7 5 400 350 375 2345
6356 4 2 7 5 329 354 379 2352
6357 4 2 7 5 403 353 378 2351
6358 4 2 7 5 329 379 404 2352
6359 4 2 7 5 383 333 358 2354
6360 4 2 7 5 333 383 358 2355
6361 4 2 7 5 373 323 348 2347
6362 4 2 7 5 336 19 22 1266
6363 4 2 7 5 351 326 401 2344
6364 4 2 7 5 353 403 378 2352
6365 4 2 7 5 352 402 377 2351
6366 4 2 7 5 323 373 348 2346
6367 4 2 7 5 1224 10 170 2369
6368 4 2 7 5 374 399 349 2346
6369 4 2 7 5 323 398 373 2346
6370 4 2 7 5 399 374 349 2345
6371 4 2 7 5 10 2373 170 2369
6372 4 2 7 5 381 331 406 2353
6373 4 2 7 5 334 359 384 2355
6374 4 2 7 5 371 321 346 2349
6375 4 2 7 5 368 318 343 1233
6376 4 2 7 5 318 368 393 1257
6377 4 2 7 5 382 407 332 2353
6378 4 2 7 5 332 382 357 2354
6379 4 2 7 5 371 321 2348 346
6380 4 2 7 5 321 371 2348 396
6381 4 2 7 5 394 319 369 2350
6382 4 2 7 5 378 404 379 2352
6383 4 2 7 5 372 373 347 2347
6384 4 2 7 5 371 346 370 2349
6385 4 2 7 5 378 379 353 2352
6386 4 2 7 5 345 321 320 2349
6387 4 2 7 5 394 318 319 2350
6388 4 2 7 5 393 318 394 2350
6389 4 2 7 5 348 323 322 2347
6390 4 2 7 5 346 321 345 2349
6391 4 2 7 5 370 346 345 2349
6392 4 2 7 5 322 347 348 2347
6393 4 2 7 5 348 347 373 2347
6394 4 2 7 5 399 400 374 2345
6395 4 2 7 5 400 375 374 2345
6396 4 2 7 5 373 399 374 2346
6397 4 2 7 5 374 349 348 2346
6398 4 2 7 5 373 374 348 2346
6399 4 2 7 5 403 329 404 2352
6400 4 2 7 5 377 378 352 2351
6401 4 2 7 5 334 333 359 2355
6402 4 2 7 5 333 358 359 2355
6403 4 2 7 5 383 358 357 2354
6404 4 2 7 5 357 382 383 2354
6405 4 2 7 5 406 332 407 2353
6406 4 2 7 5 382 381 407 2353
6407 4 2 7 5 407 381 406 2353
6408 4 2 7 5 377 403 378 2351
6409 4 2 7 5 403 377 402 2351
6410 4 2 7 5 353 352 378 2351
6411 4 2 7 5 352 327 326 2344
6412 4 2 7 5 326 351 352 2344
6413 4 2 7 5 404 378 403 2352
6414 4 2 7 5 327 401 326 2344
6415 4 2 7 5 401 327 402 2344
6416 4 2 7 5 354 353 379 2352
6417 4 2 7 5 331 332 406 2353
6418 4 2 7 5 332 358 333 2354
6419 4 2 7 5 332 357 358 2354
6420 4 2 7 5 384 358 383 2355
6421 4 2 7 5 384 359 358 2355
6422 4 2 7 5 375 349 374 2345
6423 4 2 7 5 350 349 375 2345
6424 4 2 7 5 397 322 323 2347
6425 4 2 7 5 372 396 397 2348
6426 4 2 7 5 396 321 397 2348
6427 4 2 7 5 321 322 397 2348
6428 4 2 7 5 2348 346 347 371
6429 4 2 7 5 372 396 2348 371
6430 4 2 7 5 2348 347 372 371
6431 4 2 7 5 173 2388 824 2358
6432 4 2 7 5 819 2386 818 2364
6433 4 2 7 5 827 2392 194 2368
6434 4 2 7 5 194 2397 827 2368
6435 4 2 7 5 826 2395 825 2372
6436 4 2 7 5 2380 813 2360 817
6437 4 2 7 5 2380 2360 813 2365
6438 4 2 7 5 2385 2380 2360 817
6439 4 2 7 5 2385 2360 2380 2365
6440 4 2 7 5 818 2380 2385 817
6441 4 2 7 5 818 2385 2380 2365
6442 4 2 7 5 825 2390 2360 821
6443 4 2 7 5 825 2360 2390 2363
6444 4 2 7 5 2360 2390 2385 821
6445 4 2 7 5 2360 2385 2390 2363
6446 4 2 7 5 2385 2390 822 821
6447 4 2 7 5 2385 822 2390 2363
6448 4 2 7 5 1258 2359 2381 2364
6449 4 2 7 5 2395 825 1227 183
6450 4 2 7 5 1227 825 2395 2372
6451 4 2 7 5 1227 184 2395 183
6452 4 2 7 5 2395 184 1227 2372
6453 4 2 7 5 2363 825 826 2390
6454 4 2 7 5 2363 826 825 2372
6455 4 2 7 5 2365 814 813 2380
6456 4 2 7 5 2396 184 1235 185
6457 4 2 7 5 1235 184 2396 2371
6458 4 2 7 5 2396 1235 1241 185
6459 4 2 7 5 1241 1235 2396 2371
6460 4 2 7 5 2396 1241 827 185
6461 4 2 7 5 1258 1265 2381 2359
6462 4 2 7 5 819 2382 2381 815
6463 4 2 7 5 2382 197 2377 815
6464 4 2 7 5 812 2374 1264 201
6465 4 2 7 5 812 1264 2374 2367
6466 4 2 7 5 1259 1264 2374 201
6467 4 2 7 5 1259 2374 1264 2367
6468 4 2 7 5 825 2394 1227 183
6469 4 2 7 5 825 1227 2394 2366
6470 4 2 7 5 1234 1227 2394 183
6471 4 2 7 5 1234 2394 1227 2366
6472 4 2 7 5 2394 824 1240 182
6473 4 2 7 5 1240 824 2394 2366
6474 4 2 7 5 1240 1234 2394 182
6475 4 2 7 5 2394 1234 1240 2366
6476 4 2 7 5 2397 827 1241 185
6477 4 2 7 5 1241 827 2397 2368
6478 4 2 7 5 1241 12 2397 185
6479 4 2 7 5 2397 12 1241 2368
6480 4 2 7 5 2358 337 1229 1240
6481 4 2 7 5 2358 1229 337 1225
6482 4 2 7 5 2359 387 1253 1265
6483 4 2 7 5 2359 1253 387 1249
6484 4 2 7 5 1259 2374 1251 200
6485 4 2 7 5 1259 1251 2374 2367
6486 4 2 7 5 813 1251 2374 200
6487 4 2 7 5 813 2374 1251 2367
6488 4 2 7 5 2359 1253 1258 1265
6489 4 2 7 5 2359 1258 1253 2357
6490 4 2 7 5 2357 1241 2362 2370
6491 4 2 7 5 2358 11 173 1223
6492 4 2 7 5 2358 173 11 2393
6493 4 2 7 5 1231 1261 340 1255
6494 4 2 7 5 340 1261 1231 1237
6495 4 2 7 5 2356 2360 2384 2366
6496 4 2 7 5 2356 2384 2360 2367
6497 4 2 7 5 2358 172 173 2388
6498 4 2 7 5 2358 173 172 1223
6499 4 2 7 5 1255 1239 1222 1231
6500 4 2 7 5 1255 1222 1239 1263
6501 4 2 7 5 2378 1224 1218 171
6502 4 2 7 5 2378 1218 1224 2361
6503 4 2 7 5 2383 2378 1218 171
6504 4 2 7 5 2383 1218 2378 2361
6505 4 2 7 5 816 2378 2383 171
6506 4 2 7 5 816 2383 2378 2361
6507 4 2 7 5 2349 395 370 371
6508 4 2 7 5 2349 370 395 320
6509 4 2 7 5 321 396 2349 371
6510 4 2 7 5 321 2349 396 320
6511 4 2 7 5 396 395 2349 371
6512 4 2 7 5 396 2349 395 320
6513 4 2 7 5 2351 328 403 353
6514 4 2 7 5 2351 403 328 402
6515 4 2 7 5 352 327 2351 353
6516 4 2 7 5 352 2351 327 402
6517 4 2 7 5 327 328 2351 353
6518 4 2 7 5 327 2351 328 402
6519 4 2 7 5 398 397 2347 372
6520 4 2 7 5 2347 397 398 323
6521 4 2 7 5 2347 373 398 372
6522 4 2 7 5 398 373 2347 323
6523 4 2 7 5 377 2344 352 351
6524 4 2 7 5 352 2344 377 402
6525 4 2 7 5 376 401 2344 351
6526 4 2 7 5 2344 401 376 402
6527 4 2 7 5 377 376 2344 351
6528 4 2 7 5 2344 376 377 402
6529 4 2 7 5 324 399 2346 349
6530 4 2 7 5 2346 399 324 398
6531 4 2 7 5 2346 323 324 349
6532 4 2 7 5 324 323 2346 398
6533 4 2 7 5 329 328 2352 403
6534 4 2 7 5 329 2352 328 354
6535 4 2 7 5 353 2352 328 403
6536 4 2 7 5 353 328 2352 354
6537 4 2 7 5 2361 312 2356 1226
6538 4 2 7 5 2361 2356 312 1264
6539 4 2 7 5 1254 2356 312 1226
6540 4 2 7 5 1254 312 2356 1264
6541 4 2 7 5 2357 2362 1230 1250
6542 4 2 7 5 2357 1230 2362 1241
6543 4 2 7 5 362 1230 2362 1250
6544 4 2 7 5 362 2362 1230 1241
6545 4 2 7 5 325 2345 400 399
6546 4 2 7 5 400 2345 325 350
6547 4 2 7 5 324 349 2345 399
6548 4 2 7 5 2345 349 324 350
6549 4 2 7 5 325 324 2345 399
6550 4 2 7 5 2345 324 325 350
6551 4 2 7 5 10 2373 1264 201
6552 4 2 7 5 10 1264 2373 2369
6553 4 2 7 5 812 1264 2373 201
6554 4 2 7 5 2368 362 2362 1248
6555 4 2 7 5 2368 2362 362 1241
6556 4 2 7 5 408 2355 333 334
6557 4 2 7 5 333 2355 408 383
6558 4 2 7 5 409 384 2355 334
6559 4 2 7 5 2355 384 409 383
6560 4 2 7 5 408 409 2355 334
6561 4 2 7 5 2355 409 408 383
6562 4 2 7 5 2354 407 332 382
6563 4 2 7 5 2354 332 407 333
6564 4 2 7 5 383 408 2354 382
6565 4 2 7 5 383 2354 408 333
6566 4 2 7 5 408 407 2354 382
6567 4 2 7 5 408 2354 407 333
6568 4 2 7 5 356 2353 381 382
6569 4 2 7 5 381 2353 356 331
6570 4 2 7 5 357 332 2353 382
6571 4 2 7 5 2353 332 357 331
6572 4 2 7 5 356 357 2353 382
6573 4 2 7 5 2353 357 356 331
6574 4 2 7 5 409 410 360 335
6575 4 2 7 5 360 410 409 384
6576 4 2 7 5 360 334 409 335
6577 4 2 7 5 409 334 360 384
6578 4 2 7 5 2377 197 1247 13
6579 4 2 7 5 1247 1265 2377 13
6580 4 2 7 5 2377 1265 1247 2359
6581 4 2 7 5 2376 814 2381 815
6582 4 2 7 5 2376 2381 814 1258
6583 4 2 7 5 1265 2376 2381 815
6584 4 2 7 5 1265 2381 2376 1258
6585 4 2 7 5 198 2376 1265 815
6586 4 2 7 5 198 1265 2376 1258
6587 4 2 7 5 2350 369 344 319
6588 4 2 7 5 2350 344 369 368
6589 4 2 7 5 343 2350 344 319
6590 4 2 7 5 343 344 2350 368
6591 4 2 7 5 318 2350 343 319
6592 4 2 7 5 318 343 2350 368
6593 4 2 7 5 199 2375 2365 814
6594 4 2 7 5 199 2365 2375 1251
6595 4 2 7 5 813 2365 2375 814
6596 4 2 7 5 813 2375 2365 1251
6597 4 2 7 5 172 2388 2383 820
6598 4 2 7 5 172 2383 2388 2358
6599 4 2 7 5 2366 824 2388 2358
6600 4 2 7 5 2364 2370 2387 819
6601 4 2 7 5 2387 2370 2364 2359
6602 4 2 7 5 2382 2381 2364 819
6603 4 2 7 5 2364 2381 2382 2359
6604 4 2 7 5 196 2382 2387 819
6605 4 2 7 5 2387 2382 196 2359
6606 4 2 7 5 2382 2364 2387 819
6607 4 2 7 5 2387 2364 2382 2359
6608 4 2 7 5 823 2392 2387 195
6609 4 2 7 5 823 2387 2392 2362
6610 4 2 7 5 2387 2392 1242 195
6611 4 2 7 5 2387 1242 2392 2362
6612 4 2 7 5 1242 2392 1248 195
6613 4 2 7 5 1242 1248 2392 2362
6614 4 2 7 5 2386 822 2391 823
6615 4 2 7 5 2386 2391 822 2364
6616 4 2 7 5 2370 2386 2391 823
6617 4 2 7 5 2370 2391 2386 2364
6618 4 2 7 5 819 2386 2370 823
6619 4 2 7 5 819 2370 2386 2364
6620 4 2 7 5 824 2389 2388 820
6621 4 2 7 5 824 2388 2389 2366
6622 4 2 7 5 2389 821 2384 820
6623 4 2 7 5 2389 2384 821 2366
6624 4 2 7 5 2379 816 2384 817
6625 4 2 7 5 2379 2384 816 2367
6626 4 2 7 5 2373 170 2378 812
6627 4 2 7 5 2373 2378 170 2369
6628 4 2 7 5 2361 2373 2378 812
6629 4 2 7 5 2361 2378 2373 2369
6630 4 2 7 5 1264 2373 2361 812
6631 4 2 7 5 1264 2361 2373 2369
6632 4 2 7 5 826 2396 2391 827
6633 4 2 7 5 826 2391 2396 2371
6634 4 2 7 5 2391 2396 2370 827
6635 4 2 7 5 2391 2370 2396 2371
6636 4 2 7 5 2370 2396 1241 827
6637 4 2 7 5 2370 1241 2396 2371
6638 4 2 7 5 816 2383 2356 820
6639 4 2 7 5 2356 2383 816 2361
6640 4 2 7 5 2382 815 2359 2381
6641 4 2 7 5 2382 2359 815 2377
6642 4 2 7 5 1265 2359 815 2381
6643 4 2 7 5 1265 815 2359 2377
6644 4 2 7 5 821 2384 2360 2366
6645 4 2 7 5 2360 2384 821 817
6646 4 2 7 5 2377 2382 1247 197
6647 4 2 7 5 2377 1247 2382 2359
6648 4 2 7 5 196 1247 2382 197
6649 4 2 7 5 196 2382 1247 2359
6650 4 2 7 5 2366 2358 2383 2356
6651 4 2 7 5 2383 2358 2366 2388
6652 4 2 7 5 2366 2383 820 2356
6653 4 2 7 5 820 2383 2366 2388
6654 4 2 7 5 2389 820 2366 2388
6655 4 2 7 5 2383 2356 1218 2361
6656 4 2 7 5 2383 1218 2356 2358
6657 4 2 7 5 2384 2366 820 2356
6658 4 2 7 5 820 2366 2384 2389
6659 4 2 7 5 2367 813 817 2360
6660 4 2 7 5 817 813 2367 2379
6661 4 2 7 5 817 2384 2367 2360
6662 4 2 7 5 2367 2384 817 2379
6663 4 2 7 6 1355 209 208 2408
6664 4 2 7 6 1536 1263 1467 2409
6665 4 2 7 6 233 234 1532 2408
6666 4 2 7 6 920 1461 1576 2409
6667 4 2 7 6 1359 1290 1263 2409
6668 4 2 7 6 1554 1377 1359 2409
6669 4 2 7 6 1536 1359 1263 2409
6670 4 2 7 6 1536 1467 1554 2409
6671 4 2 7 6 929 921 920 2409
6672 4 2 7 6 1554 1461 1377 2409
6673 4 2 7 6 921 1461 920 2409
6674 4 2 7 6 1290 1359 1377 2409
6675 4 2 7 6 1377 1461 1284 2409
6676 4 2 7 6 1359 1536 1554 2409
6677 4 2 7 6 1554 1576 1461 2409
6678 4 2 7 6 1554 1377 1461 1609
6679 4 2 7 6 1284 921 1461 922
6680 4 2 7 6 1461 1377 1432 1609
6681 4 2 7 6 1432 1284 1377 1461
6682 4 2 7 6 1284 1461 921 2409
6683 4 2 7 6 1537 1377 1359 1554
6684 4 2 7 6 1399 1377 1284 2409
6685 4 2 7 6 1254 1339 1259 2410
6686 4 2 7 6 1554 1536 1359 1537
6687 4 2 7 6 1432 1541 1461 1609
6688 4 2 7 6 1554 1377 1609 1537
6689 4 2 7 6 1461 1364 1284 922
6690 4 2 7 6 1284 1432 1364 1461
6691 4 2 7 6 1467 1263 1252 2409
6692 4 2 7 6 1377 1432 1609 1360
6693 4 2 7 6 1253 1516 1252 2410
6694 4 2 7 6 1259 1260 1254 2410
6695 4 2 7 6 1536 1255 1359 1462
6696 4 2 7 6 1359 1263 1255 1536
6697 4 2 7 6 1356 426 1533 2398
6698 4 2 7 6 1356 416 426 2398
6699 4 2 7 6 1377 1537 1359 1360
6700 4 2 7 6 1259 1339 927 2410
6701 4 2 7 6 1364 1461 1541 922
6702 4 2 7 6 1541 1432 1461 1364
6703 4 2 7 6 1259 1254 1264 1339
6704 4 2 7 6 1462 1359 1536 1537
6705 4 2 7 6 1263 1290 1256 2409
6706 4 2 7 6 1251 1259 919 2410
6707 4 2 7 6 1537 1377 1609 1360
6708 4 2 7 6 208 209 233 2408
6709 4 2 7 6 925 2409 1576 2410
6710 4 2 7 6 205 1364 1541 922
6711 4 2 7 6 1252 1253 388 1516
6712 4 2 7 6 927 1339 926 2410
6713 4 2 7 6 1263 1256 1252 2409
6714 4 2 7 6 1254 1256 1339 2409
6715 4 2 7 6 1554 1467 1576 2409
6716 4 2 7 6 233 209 234 2408
6717 4 2 7 6 1254 1260 1256 2409
6718 4 2 7 6 1360 1432 1609 1389
6719 4 2 7 6 1460 1283 239 2403
6720 4 2 7 6 1576 925 920 2409
6721 4 2 7 6 1508 1333 1510 2401
6722 4 2 7 6 1262 1462 1285 391
6723 4 2 7 6 1260 2409 1254 2410
6724 4 2 7 6 1332 1331 1509 2401
6725 4 2 7 6 1508 1509 1331 2401
6726 4 2 7 6 1255 1261 1285 1462
6727 4 2 7 6 1467 1252 1516 2410
6728 4 2 7 6 925 1576 227 2410
6729 4 2 7 6 1432 1541 1609 1389
6730 4 2 7 6 313 1254 1256 1339
6731 4 2 7 6 1537 1285 1359 1360
6732 4 2 7 6 1254 2409 1339 2410
6733 4 2 7 6 1399 203 929 1284
6734 4 2 7 6 240 239 214 2403
6735 4 2 7 6 240 214 215 2403
6736 4 2 7 6 926 1339 1399 2409
6737 4 2 7 6 1259 1264 927 1339
6738 4 2 7 6 239 1283 214 2403
6739 4 2 7 6 316 1262 1285 391
6740 4 2 7 6 1467 2409 1252 2410
6741 4 2 7 6 1339 2409 926 2410
6742 4 2 7 6 1461 921 229 922
6743 4 2 7 6 1541 230 205 922
6744 4 2 7 6 204 921 1284 922
6745 4 2 7 6 1251 919 199 1258
6746 4 2 7 6 1251 1260 1259 2410
6747 4 2 7 6 1285 1359 1255 1462
6748 4 2 7 6 1516 1576 2409 2410
6749 4 2 7 6 1537 1285 1360 1391
6750 4 2 7 6 1516 227 1576 2410
6751 4 2 7 6 401 327 326 2406
6752 4 2 7 6 327 401 402 2406
6753 4 2 7 6 1467 1516 2409 2410
6754 4 2 7 6 243 1385 218 2402
6755 4 2 7 6 1263 389 1536 1467
6756 4 2 7 6 323 398 324 2407
6757 4 2 7 6 919 1259 927 2410
6758 4 2 7 6 1339 202 926 1399
6759 4 2 7 6 1312 1489 1315 2404
6760 4 2 7 6 1550 1267 1444 2405
6761 4 2 7 6 1265 1253 1258 2410
6762 4 2 7 6 1576 920 228 1461
6763 4 2 7 6 1262 1285 1462 1357
6764 4 2 7 6 1312 1486 1489 2404
6765 4 2 7 6 1373 1267 1550 2405
6766 4 2 7 6 389 1263 1252 1467
6767 4 2 7 6 1550 1552 1373 2405
6768 4 2 7 6 1462 1285 1359 1537
6769 4 2 7 6 1267 1375 1444 2405
6770 4 2 7 6 1260 1252 1256 2409
6771 4 2 7 6 1360 1609 1537 1389
6772 4 2 7 6 334 1464 409 2399
6773 4 2 7 6 920 227 925 1576
6774 4 2 7 6 926 1399 929 2409
6775 4 2 7 6 1516 1576 1467 2409
6776 4 2 7 6 1315 1489 1492 2404
6777 4 2 7 6 1537 1462 1285 1568
6778 4 2 7 6 1331 1333 1508 2401
6779 4 2 7 6 1312 1309 1486 2404
6780 4 2 7 6 1432 1364 1541 1389
6781 4 2 7 6 326 1444 401 2406
6782 4 2 7 6 1460 215 1283 2403
6783 4 2 7 6 1290 1377 1399 2409
6784 4 2 7 6 921 929 203 1284
6785 4 2 7 6 1261 1285 1462 391
6786 4 2 7 6 209 1355 234 2408
6787 4 2 7 6 1252 2409 1260 2410
6788 4 2 7 6 1375 1373 1552 2405
6789 4 2 7 6 1467 1252 388 1516
6790 4 2 7 6 1548 1477 1371 2400
6791 4 2 7 6 1385 243 1562 2402
6792 4 2 7 6 919 927 926 2410
6793 4 2 7 6 1375 1552 1444 2405
6794 4 2 7 6 1462 1262 1534 391
6795 4 2 7 6 316 1285 1262 1357
6796 4 2 7 6 1259 919 200 1251
6797 4 2 7 6 1267 327 402 2406
6798 4 2 7 6 1339 1256 1290 2409
6799 4 2 7 6 398 323 1559 2407
6800 4 2 7 6 324 398 399 2407
6801 4 2 7 6 202 929 926 1399
6802 4 2 7 6 1285 1261 316 391
6803 4 2 7 6 240 215 1460 2403
6804 4 2 7 6 1541 1364 205 1278
6805 4 2 7 6 1541 1461 229 922
6806 4 2 7 6 926 929 925 2409
6807 4 2 7 6 1364 204 1284 922
6808 4 2 7 6 920 921 228 1461
6809 4 2 7 6 1263 389 1255 1536
6810 4 2 7 6 1389 1537 1360 1391
6811 4 2 7 6 925 929 920 2409
6812 4 2 7 6 1355 1532 234 2408
6813 4 2 7 6 1371 1303 1548 2400
6814 4 2 7 6 1315 1492 1309 2404
6815 4 2 7 6 1309 1492 1486 2404
6816 4 2 7 6 1455 205 230 928
6817 4 2 7 6 1357 1285 1462 1568
6818 4 2 7 6 1303 1480 1548 2400
6819 4 2 7 6 1339 1256 313 1290
6820 4 2 7 6 1253 1252 1260 2410
6821 4 2 7 6 1258 924 1265 2410
6822 4 2 7 6 409 335 334 2399
6823 4 2 7 6 335 409 410 2399
6824 4 2 7 6 326 1267 1444 2406
6825 4 2 7 6 1359 314 1263 1290
6826 4 2 7 6 925 227 924 2410
6827 4 2 7 6 1364 1541 1389 1278
6828 4 2 7 6 1300 1371 1477 2400
6829 4 2 7 6 1462 1262 1357 1534
6830 4 2 7 6 1285 1537 1568 1391
6831 4 2 7 6 1567 1568 1391 1535
6832 4 2 7 6 1573 243 218 2402
6833 4 2 7 6 926 2409 925 2410
6834 4 2 7 6 1265 1516 1253 2410
6835 4 2 7 6 1267 402 1444 2406
6836 4 2 7 6 1391 1568 1357 1535
6837 4 2 7 6 1464 334 1287 2399
6838 4 2 7 6 1541 205 230 1455
6839 4 2 7 6 1566 1537 1609 1389
6840 4 2 7 6 1559 323 1382 2407
6841 4 2 7 6 227 1516 924 2410
6842 4 2 7 6 1258 1251 919 2410
6843 4 2 7 6 1278 1455 206 928
6844 4 2 7 6 1568 1534 1357 1535
6845 4 2 7 6 1324 1619 1323 1442
6846 4 2 7 6 1566 1609 1541 1389
6847 4 2 7 6 1568 1357 1285 1391
6848 4 2 7 6 1390 1391 1358 1535
6849 4 2 7 6 1566 1389 1567 1391
6850 4 2 7 6 1396 1385 1562 2402
6851 4 2 7 6 399 1382 324 2407
6852 4 2 7 6 1530 1353 1352 1350
6853 4 2 7 6 1350 1526 1529 1527
6854 4 2 7 6 335 410 1287 2399
6855 4 2 7 6 1389 1566 1537 1391
6856 4 2 7 6 226 14 251 1430
6857 4 2 7 6 205 1455 1278 928
6858 4 2 7 6 924 1516 1265 2410
6859 4 2 7 6 314 1263 1255 1359
6860 4 2 7 6 1380 1590 1413 1570
6861 4 2 7 6 1591 1414 1530 1531
6862 4 2 7 6 314 1256 1263 1290
6863 4 2 7 6 1358 1391 1357 1535
6864 4 2 7 6 393 392 1457 1257
6865 4 2 7 6 215 216 1563 1386
6866 4 2 7 6 1534 1357 1462 1568
6867 4 2 7 6 216 1563 1386 1268
6868 4 2 7 6 1460 215 1386 1283
6869 4 2 7 6 1526 1529 1352 1350
6870 4 2 7 6 1526 1352 1349 1350
6871 4 2 7 6 1350 1529 1530 1527
6872 4 2 7 6 1386 1563 215 1460
6873 4 2 7 6 231 206 1455 928
6874 4 2 7 6 1270 1556 322 1447
6875 4 2 7 6 1535 1358 1390 1614
6876 4 2 7 6 1568 1566 1567 1391
6877 4 2 7 6 1317 1312 1489 1315
6878 4 2 7 6 1270 322 323 1447
6879 4 2 7 6 1535 1534 1357 1457
6880 4 2 7 6 1493 1443 1314 1620
6881 4 2 7 6 1264 312 10 1339
6882 4 2 7 6 421 1289 420 431
6883 4 2 7 6 1487 1312 1486 1489
6884 4 2 7 6 1339 1290 1399 2409
6885 4 2 7 6 397 322 1556 1447
6886 4 2 7 6 1529 1530 1352 1350
6887 4 2 7 6 322 397 323 1447
6888 4 2 7 6 1423 1600 1352 1349
6889 4 2 7 6 1271 1582 329 404
6890 4 2 7 6 1618 1282 1368 1441
6891 4 2 7 6 206 207 923 1362
6892 4 2 7 6 1484 1371 1577 1307
6893 4 2 7 6 1555 1335 1502 1378
6894 4 2 7 6 1568 1537 1566 1391
6895 4 2 7 6 241 242 1445 1268
6896 4 2 7 6 1600 1355 1273 1423
6897 4 2 7 6 1483 1306 1481 1480
6898 4 2 7 6 1289 430 420 431
6899 4 2 7 6 1289 1466 430 431
6900 4 2 7 6 1341 1558 1381 1324
6901 4 2 7 6 1324 1518 1558 1501
6902 4 2 7 6 1558 1341 1518 1324
6903 4 2 7 6 1445 1563 241 1268
6904 4 2 7 6 242 241 216 1268
6905 4 2 7 6 242 216 217 1268
6906 4 2 7 6 317 1257 318 1280
6907 4 2 7 6 1363 1529 1540 1530
6908 4 2 7 6 1490 1313 1487 1312
6909 4 2 7 6 1582 1405 1271 329
6910 4 2 7 6 1525 1348 1310 1313
6911 4 2 7 6 1412 1531 1354 1279
6912 4 2 7 6 1312 1487 1486 1310
6913 4 2 7 6 240 241 1563 215
6914 4 2 7 6 241 215 216 1563
6915 4 2 7 6 923 231 206 1362
6916 4 2 7 6 1556 1379 1494 1398
6917 4 2 7 6 1563 216 241 1268
6918 4 2 7 6 1389 1455 1541 1566
6919 4 2 7 6 1567 1389 1566 1455
6920 4 2 7 6 333 407 1454 332
6921 4 2 7 6 1294 1296 1295 1471
6922 4 2 7 6 1393 1380 1413 1570
6923 4 2 7 6 1380 1557 1590 1570
6924 4 2 7 6 322 1556 321 397
6925 4 2 7 6 1563 240 215 1460
6926 4 2 7 6 1346 1586 1409 1269
6927 4 2 7 6 387 1265 13 1516
6928 4 2 7 6 1517 1479 1304 1340
6929 4 2 7 6 1556 1270 322 1379
6930 4 2 7 6 1456 1531 1589 1279
6931 4 2 7 6 1575 1398 1494 1315
6932 4 2 7 6 1573 1396 1562 2402
6933 4 2 7 6 1315 1489 1494 1492
6934 4 2 7 6 1489 1494 1317 1315
6935 4 2 7 6 1573 218 1396 2402
6936 4 2 7 6 1412 1589 1531 1279
6937 4 2 7 6 1457 1358 1357 1535
6938 4 2 7 6 1479 1304 1480 1481
6939 4 2 7 6 1302 1480 1304 1303
6940 4 2 7 6 1434 1522 1588 1611
6941 4 2 7 6 1365 1542 1543 1307
6942 4 2 7 6 1455 1541 205 1278
6943 4 2 7 6 211 235 210 1380
6944 4 2 7 6 1487 1490 1312 1489
6945 4 2 7 6 1391 1390 1567 1535
6946 4 2 7 6 1412 1527 1530 1589
6947 4 2 7 6 1309 1310 1312 1486
6948 4 2 7 6 1295 1296 1297 1472
6949 4 2 7 6 1556 396 321 397
6950 4 2 7 6 1526 1349 1348 1313
6951 4 2 7 6 1307 1365 1542 1306
6952 4 2 7 6 1317 1528 1489 1351
6953 4 2 7 6 1313 1487 1525 1490
6954 4 2 7 6 312 1264 1254 1339
6955 4 2 7 6 1348 1310 1311 1525
6956 4 2 7 6 1613 1267 1550 1436
6957 4 2 7 6 1264 10 927 1339
6958 4 2 7 6 1334 1552 1375 1333
6959 4 2 7 6 1304 1479 1480 1302
6960 4 2 7 6 1296 1473 1472 1471
6961 4 2 7 6 1472 1295 1296 1471
6962 4 2 7 6 1577 1307 1371 1400
6963 4 2 7 6 398 323 397 1447
6964 4 2 7 6 1348 1525 1526 1313
6965 4 2 7 6 1356 425 426 415
6966 4 2 7 6 321 1379 1556 322
6967 4 2 7 6 1411 1588 1345 1324
6968 4 2 7 6 1530 1350 1412 1353
6969 4 2 7 6 1366 1543 1387 1400
6970 4 2 7 6 919 924 199 1258
6971 4 2 7 6 425 1356 426 1533
6972 4 2 7 6 1531 1414 1457 1591
6973 4 2 7 6 317 392 1257 1457
6974 4 2 7 6 206 1455 1278 1362
6975 4 2 7 6 1487 1310 1308 1486
6976 4 2 7 6 1570 1348 1311 1525
6977 4 2 7 6 416 415 1356 426
6978 4 2 7 6 1308 1485 1306 1304
6979 4 2 7 6 1570 1590 1413 1348
6980 4 2 7 6 243 217 1385 242
6981 4 2 7 6 238 1409 1269 213
6982 4 2 7 6 1409 238 1269 1586
6983 4 2 7 6 1355 209 234 1273
6984 4 2 7 6 1313 1310 1487 1312
6985 4 2 7 6 1283 1460 239 1409
6986 4 2 7 6 1353 1412 1531 1354
6987 4 2 7 6 1486 1306 1542 1309
6988 4 2 7 6 1367 1545 1366 1544
6989 4 2 7 6 1519 1518 1340 1342
6990 4 2 7 6 1410 22 427 1587
6991 4 2 7 6 1552 1553 1376 1444
6992 4 2 7 6 1551 1374 1494 1556
6993 4 2 7 6 407 333 1454 408
6994 4 2 7 6 1351 1489 1490 1528
6995 4 2 7 6 212 1446 238 237
6996 4 2 7 6 1348 1590 1413 1349
6997 4 2 7 6 1582 1271 1448 404
6998 4 2 7 6 1312 1490 1313 1351
6999 4 2 7 6 1521 1347 1594 1524
7000 4 2 7 6 1347 1594 1417 1344
7001 4 2 7 6 1545 1366 1387 1368
7002 4 2 7 6 217 243 1385 218
7003 4 2 7 6 1398 1317 1494 1315
7004 4 2 7 6 1494 1575 1315 1492
7005 4 2 7 6 1348 1570 1590 1525
7006 4 2 7 6 1348 1590 1349 1526
7007 4 2 7 6 1447 1270 1556 1575
7008 4 2 7 6 1446 1347 1521 1524
7009 4 2 7 6 1347 1557 1570 1524
7010 4 2 7 6 1558 1324 1321 1381
7011 4 2 7 6 1585 15 412 1408
7012 4 2 7 6 1450 210 235 1380
7013 4 2 7 6 1479 1304 1481 1517
7014 4 2 7 6 1324 1558 1321 1501
7015 4 2 7 6 1253 1265 387 1516
7016 4 2 7 6 1395 330 1448 1271
7017 4 2 7 6 1379 1494 1374 1556
7018 4 2 7 6 1371 1484 1577 1548
7019 4 2 7 6 231 232 1539 923
7020 4 2 7 6 1315 1492 1542 1309
7021 4 2 7 6 1570 1393 1380 1347
7022 4 2 7 6 1570 1380 1557 1347
7023 4 2 7 6 1309 1492 1542 1486
7024 4 2 7 6 1437 1614 1353 1363
7025 4 2 7 6 1357 1262 317 1534
7026 4 2 7 6 1398 1494 1556 1575
7027 4 2 7 6 1309 1306 1308 1486
7028 4 2 7 6 1346 1446 1269 1521
7029 4 2 7 6 1590 1348 1525 1526
7030 4 2 7 6 1317 1489 1312 1351
7031 4 2 7 6 1304 1480 1306 1303
7032 4 2 7 6 1304 1480 1481 1306
7033 4 2 7 6 1614 1358 1390 1437
7034 4 2 7 6 1412 1530 1531 1589
7035 4 2 7 6 1267 1375 1376 1444
7036 4 2 7 6 1345 1522 1518 1501
7037 4 2 7 6 1334 1387 1564 1400
7038 4 2 7 6 1382 1459 1282 1368
7039 4 2 7 6 1368 1545 1366 1367
7040 4 2 7 6 1434 1563 1460 1611
7041 4 2 7 6 1397 1538 1579 1574
7042 4 2 7 6 1346 1523 1446 1521
7043 4 2 7 6 238 212 213 1269
7044 4 2 7 6 1310 1308 1311 1488
7045 4 2 7 6 1293 1493 1546 1316
7046 4 2 7 6 1591 1535 1358 1457
7047 4 2 7 6 1600 1413 1349 1423
7048 4 2 7 6 1365 1543 1366 1307
7049 4 2 7 6 1535 1390 1567 1614
7050 4 2 7 6 1455 1390 1389 1278
7051 4 2 7 6 1277 332 333 1454
7052 4 2 7 6 1521 1269 1346 1344
7053 4 2 7 6 1406 427 1502 1583
7054 4 2 7 6 1350 1530 1412 1527
7055 4 2 7 6 1543 1564 1387 1400
7056 4 2 7 6 1333 1550 1552 1373
7057 4 2 7 6 1450 1273 210 1380
7058 4 2 7 6 1420 1597 1382 1368
7059 4 2 7 6 1309 1308 1310 1486
7060 4 2 7 6 1307 1542 1543 1484
7061 4 2 7 6 1350 1490 1526 1527
7062 4 2 7 6 1525 1526 1313 1490
7063 4 2 7 6 1265 924 13 1516
7064 4 2 7 6 1420 1597 1368 1367
7065 4 2 7 6 1400 1577 1338 1371
7066 4 2 7 6 1294 1295 1469 1471
7067 4 2 7 6 927 10 202 1339
7068 4 2 7 6 1530 1412 1531 1353
7069 4 2 7 6 1479 1302 1304 1340
7070 4 2 7 6 1306 1365 1542 1309
7071 4 2 7 6 1332 1515 1388 1338
7072 4 2 7 6 1346 1615 1522 1438
7073 4 2 7 6 1343 1520 1304 1517
7074 4 2 7 6 1382 399 1559 2407
7075 4 2 7 6 1547 1546 1316 1370
7076 4 2 7 6 1455 1389 1541 1278
7077 4 2 7 6 1490 1312 1489 1351
7078 4 2 7 6 1374 396 321 1556
7079 4 2 7 6 1482 1479 1517 1340
7080 4 2 7 6 1412 1528 1527 1589
7081 4 2 7 6 1480 1302 1479 1477
7082 4 2 7 6 1303 1484 1307 1371
7083 4 2 7 6 1488 1311 1310 1525
7084 4 2 7 6 1525 1310 1487 1313
7085 4 2 7 6 1306 1484 1542 1307
7086 4 2 7 6 1354 394 1279 1531
7087 4 2 7 6 248 222 223 1276
7088 4 2 7 6 1349 1600 1352 1526
7089 4 2 7 6 1600 1529 1352 1526
7090 4 2 7 6 1577 1511 1564 1400
7091 4 2 7 6 1457 1357 317 1534
7092 4 2 7 6 1511 1334 1564 1400
7093 4 2 7 6 1530 1353 1363 1352
7094 4 2 7 6 1485 1306 1486 1308
7095 4 2 7 6 1386 1434 1460 1283
7096 4 2 7 6 1508 1506 1331 1507
7097 4 2 7 6 1315 1542 1365 1309
7098 4 2 7 6 1382 1559 1459 1368
7099 4 2 7 6 1559 1459 1368 1545
7100 4 2 7 6 1279 394 320 1456
7101 4 2 7 6 1525 1311 1570 1488
7102 4 2 7 6 1376 1553 1552 1564
7103 4 2 7 6 1366 1367 1544 1365
7104 4 2 7 6 1427 1604 1380 1347
7105 4 2 7 6 927 202 926 1339
7106 4 2 7 6 1386 1563 1411 1268
7107 4 2 7 6 1434 1563 1386 1460
7108 4 2 7 6 1455 206 231 1362
7109 4 2 7 6 1564 1543 1577 1400
7110 4 2 7 6 1346 1446 1586 1269
7111 4 2 7 6 926 925 919 2410
7112 4 2 7 6 1278 1455 1390 1362
7113 4 2 7 6 242 1385 1445 1268
7114 4 2 7 6 211 1604 1380 1427
7115 4 2 7 6 1270 323 1382 1447
7116 4 2 7 6 1348 1570 1311 1393
7117 4 2 7 6 1313 1526 1349 1350
7118 4 2 7 6 1371 1577 1515 1548
7119 4 2 7 6 1345 1518 1341 1324
7120 4 2 7 6 1324 1345 1518 1501
7121 4 2 7 6 1279 1456 1531 394
7122 4 2 7 6 1500 1321 1501 1323
7123 4 2 7 6 1283 239 214 1409
7124 4 2 7 6 1308 1310 1487 1488
7125 4 2 7 6 1446 1346 1586 1523
7126 4 2 7 6 1521 1269 1347 1446
7127 4 2 7 6 924 227 13 1516
7128 4 2 7 6 1487 1308 1485 1486
7129 4 2 7 6 1400 1366 1543 1307
7130 4 2 7 6 1374 1551 396 1556
7131 4 2 7 6 1323 1500 1619 1501
7132 4 2 7 6 1484 1306 1542 1483
7133 4 2 7 6 1608 1431 1553 1444
7134 4 2 7 6 239 213 214 1409
7135 4 2 7 6 1551 320 396 395
7136 4 2 7 6 1556 1398 1270 1379
7137 4 2 7 6 1385 242 217 1268
7138 4 2 7 6 1306 1484 1307 1303
7139 4 2 7 6 1372 1550 1333 1373
7140 4 2 7 6 1273 234 1532 1450
7141 4 2 7 6 1532 1355 234 1273
7142 4 2 7 6 1307 1543 1577 1484
7143 4 2 7 6 1295 1472 1469 1471
7144 4 2 7 6 1521 1342 1343 1344
7145 4 2 7 6 1273 234 210 209
7146 4 2 7 6 1379 1317 1494 1398
7147 4 2 7 6 1418 1496 1336 1595
7148 4 2 7 6 1501 1324 1323 1321
7149 4 2 7 6 1400 1577 1511 1338
7150 4 2 7 6 23 1599 1422 431
7151 4 2 7 6 1297 1472 1318 1295
7152 4 2 7 6 1511 1334 1400 1338
7153 4 2 7 6 1355 1600 1273 1532
7154 4 2 7 6 1532 1600 1273 1450
7155 4 2 7 6 1337 1512 1329 1514
7156 4 2 7 6 1595 1418 1496 1601
7157 4 2 7 6 1590 1413 1450 1380
7158 4 2 7 6 1521 1347 1344 1594
7159 4 2 7 6 1269 1521 1347 1344
7160 4 2 7 6 1604 212 1446 1427
7161 4 2 7 6 1515 1371 1548 1478
7162 4 2 7 6 1619 1324 1323 1501
7163 4 2 7 6 1413 1393 1570 1348
7164 4 2 7 6 1333 1511 1552 1510
7165 4 2 7 6 1375 1552 1334 1564
7166 4 2 7 6 1502 1325 1335 1326
7167 4 2 7 6 1379 1374 321 1556
7168 4 2 7 6 1506 1329 1328 1503
7169 4 2 7 6 1574 1397 1538 1449
7170 4 2 7 6 1527 1350 1490 1528
7171 4 2 7 6 1426 1322 1361 1603
7172 4 2 7 6 1294 1314 1491 1293
7173 4 2 7 6 1485 1483 1306 1481
7174 4 2 7 6 1528 1317 1489 1494
7175 4 2 7 6 394 1279 320 319
7176 4 2 7 6 1567 1362 1540 1390
7177 4 2 7 6 1457 1414 1358 1591
7178 4 2 7 6 1517 1518 1482 1340
7179 4 2 7 6 1507 1506 1331 1330
7180 4 2 7 6 1488 1310 1487 1525
7181 4 2 7 6 1557 1450 235 1380
7182 4 2 7 6 1302 1479 1477 1476
7183 4 2 7 6 1306 1483 1484 1480
7184 4 2 7 6 394 1354 1279 319
7185 4 2 7 6 405 331 1572 406
7186 4 2 7 6 1304 1435 1612 1343
7187 4 2 7 6 1340 1517 1518 1519
7188 4 2 7 6 318 1457 1354 1280
7189 4 2 7 6 1304 1343 1517 1340
7190 4 2 7 6 1374 1456 1279 320
7191 4 2 7 6 1477 1298 1301 1300
7192 4 2 7 6 1452 1363 1529 1540
7193 4 2 7 6 1528 1527 1350 1412
7194 4 2 7 6 222 1453 248 247
7195 4 2 7 6 396 320 1374 321
7196 4 2 7 6 1543 1387 1545 1366
7197 4 2 7 6 1610 1337 1433 1331
7198 4 2 7 6 1282 1618 1368 1459
7199 4 2 7 6 1329 1337 1514 1331
7200 4 2 7 6 1273 1450 1413 1380
7201 4 2 7 6 1343 1417 1594 1344
7202 4 2 7 6 1271 1372 1405 1582
7203 4 2 7 6 1367 1597 1545 1544
7204 4 2 7 6 1331 1332 1509 1330
7205 4 2 7 6 1558 1321 1501 1498
7206 4 2 7 6 211 236 235 1380
7207 4 2 7 6 329 403 1405 328
7208 4 2 7 6 1456 394 320 395
7209 4 2 7 6 1608 1431 1459 1553
7210 4 2 7 6 1594 1393 1347 1417
7211 4 2 7 6 1570 1347 1524 1594
7212 4 2 7 6 1354 393 318 394
7213 4 2 7 6 1287 410 1464 2399
7214 4 2 7 6 1334 1511 1552 1333
7215 4 2 7 6 1528 1440 1317 1617
7216 4 2 7 6 425 1274 1356 1451
7217 4 2 7 6 1373 1375 1552 1333
7218 4 2 7 6 1322 1620 1443 1538
7219 4 2 7 6 1543 1544 1542 1365
7220 4 2 7 6 1362 1567 1540 1539
7221 4 2 7 6 1509 1508 1331 1507
7222 4 2 7 6 1445 1411 1563 1268
7223 4 2 7 6 1393 1594 1347 1570
7224 4 2 7 6 1505 1506 1328 1503
7225 4 2 7 6 1544 1367 1315 1365
7226 4 2 7 6 1305 1482 1479 1476
7227 4 2 7 6 1552 1376 1375 1444
7228 4 2 7 6 238 1586 1446 1269
7229 4 2 7 6 1515 1338 1577 1371
7230 4 2 7 6 389 1252 388 1467
7231 4 2 7 6 1511 1334 1338 1332
7232 4 2 7 6 23 431 1422 421
7233 4 2 7 6 1545 1543 1366 1544
7234 4 2 7 6 1347 1604 1446 1427
7235 4 2 7 6 1390 1614 1437 1363
7236 4 2 7 6 1572 330 405 1448
7237 4 2 7 6 1526 1313 1490 1350
7238 4 2 7 6 1523 1346 1522 1519
7239 4 2 7 6 1479 1482 1305 1340
7240 4 2 7 6 200 199 1251 919
7241 4 2 7 6 1368 1597 1559 1545
7242 4 2 7 6 1559 1382 1597 1368
7243 4 2 7 6 1409 1460 239 1586
7244 4 2 7 6 1569 1319 1318 1392
7245 4 2 7 6 1479 1302 1305 1476
7246 4 2 7 6 239 238 213 1409
7247 4 2 7 6 1542 1315 1544 1492
7248 4 2 7 6 23 1599 431 24
7249 4 2 7 6 238 239 1586 1409
7250 4 2 7 6 1618 1376 1282 1441
7251 4 2 7 6 1515 1332 1388 1509
7252 4 2 7 6 243 242 1385 1562
7253 4 2 7 6 320 1551 396 1374
7254 4 2 7 6 1299 1475 1473 1476
7255 4 2 7 6 323 398 1559 1447
7256 4 2 7 6 1319 1496 1601 1569
7257 4 2 7 6 1314 1491 1320 1294
7258 4 2 7 6 1390 1567 1614 1540
7259 4 2 7 6 1545 1368 1597 1367
7260 4 2 7 6 1328 1503 1504 1505
7261 4 2 7 6 1321 1558 1381 1320
7262 4 2 7 6 1371 1515 1338 1301
7263 4 2 7 6 1302 1479 1305 1340
7264 4 2 7 6 1363 1529 1530 1352
7265 4 2 7 6 235 234 210 1450
7266 4 2 7 6 1558 1305 1341 1381
7267 4 2 7 6 425 415 1274 414
7268 4 2 7 6 1306 1486 1542 1483
7269 4 2 7 6 1506 1329 1331 1330
7270 4 2 7 6 1482 1558 1341 1518
7271 4 2 7 6 392 317 1262 1534
7272 4 2 7 6 1414 1354 1457 1280
7273 4 2 7 6 1267 1613 1550 1444
7274 4 2 7 6 1363 1452 1529 1275
7275 4 2 7 6 329 1582 403 404
7276 4 2 7 6 1459 1368 1545 1618
7277 4 2 7 6 1303 1484 1371 1548
7278 4 2 7 6 1546 1293 1316 1369
7279 4 2 7 6 1400 1543 1577 1307
7280 4 2 7 6 1387 1543 1545 1564
7281 4 2 7 6 320 1551 1456 395
7282 4 2 7 6 1540 1362 1539 1452
7283 4 2 7 6 1446 212 238 1269
7284 4 2 7 6 1549 1333 1508 1372
7285 4 2 7 6 212 1604 1446 237
7286 4 2 7 6 1485 1308 1487 1488
7287 4 2 7 6 1507 1331 1509 1330
7288 4 2 7 6 1372 1582 1550 1405
7289 4 2 7 6 1510 1333 1332 2401
7290 4 2 7 6 1518 1341 1482 1340
7291 4 2 7 6 1329 1506 1512 1503
7292 4 2 7 6 234 1273 210 1450
7293 4 2 7 6 1267 1436 1373 1550
7294 4 2 7 6 392 317 1534 1457
7295 4 2 7 6 1343 1519 1342 1521
7296 4 2 7 6 1493 1293 1546 1470
7297 4 2 7 6 1306 1485 1486 1483
7298 4 2 7 6 1315 1575 1398 1544
7299 4 2 7 6 329 330 1271 404
7300 4 2 7 6 1258 1260 1251 2410
7301 4 2 7 6 1494 1379 1374 1317
7302 4 2 7 6 1398 1556 1270 1575
7303 4 2 7 6 1320 1498 1491 1321
7304 4 2 7 6 1518 1341 1340 1342
7305 4 2 7 6 1426 1361 1272 1603
7306 4 2 7 6 1322 1538 1361 1603
7307 4 2 7 6 1362 923 231 1539
7308 4 2 7 6 1305 1558 1341 1482
7309 4 2 7 6 1338 1577 1511 1515
7310 4 2 7 6 1407 1584 1496 1474
7311 4 2 7 6 1372 1271 1448 1582
7312 4 2 7 6 1296 1606 1497 1429
7313 4 2 7 6 1582 329 403 1405
7314 4 2 7 6 211 1604 1427 212
7315 4 2 7 6 326 1608 1444 1431
7316 4 2 7 6 1323 1396 1385 1562
7317 4 2 7 6 1600 1413 1590 1349
7318 4 2 7 6 1404 1274 1451 1356
7319 4 2 7 6 1394 1593 1395 1416
7320 4 2 7 6 1522 1345 1588 1501
7321 4 2 7 6 1519 1340 1343 1342
7322 4 2 7 6 1330 1507 1506 1328
7323 4 2 7 6 1520 1481 1304 1517
7324 4 2 7 6 1608 326 1444 401
7325 4 2 7 6 1484 1303 1480 1548
7326 4 2 7 6 1430 15 251 1607
7327 4 2 7 6 208 233 1532 2408
7328 4 2 7 6 1316 1493 1314 1293
7329 4 2 7 6 1478 1301 1477 1475
7330 4 2 7 6 1300 1477 1298 1299
7331 4 2 7 6 1349 1590 1600 1526
7332 4 2 7 6 1557 1590 1450 1380
7333 4 2 7 6 1547 1384 1546 1370
7334 4 2 7 6 1504 1281 1326 1327
7335 4 2 7 6 1477 1548 1371 1478
7336 4 2 7 6 1315 1542 1544 1365
7337 4 2 7 6 331 405 1572 330
7338 4 2 7 6 1321 1500 1501 1498
7339 4 2 7 6 1317 1617 1440 1374
7340 4 2 7 6 1389 1390 1567 1391
7341 4 2 7 6 1552 1375 1376 1564
7342 4 2 7 6 1351 1490 1350 1528
7343 4 2 7 6 1341 1305 1482 1340
7344 4 2 7 6 1464 1403 1580 1378
7345 4 2 7 6 1388 1301 1478 1584
7346 4 2 7 6 1361 1579 1402 1397
7347 4 2 7 6 1521 1343 1594 1344
7348 4 2 7 6 1474 1319 1407 1297
7349 4 2 7 6 1299 1477 1302 1300
7350 4 2 7 6 1613 327 1267 1436
7351 4 2 7 6 1350 1313 1490 1351
7352 4 2 7 6 1473 1296 1497 1471
7353 4 2 7 6 1464 1287 1403 1378
7354 4 2 7 6 1387 1375 1334 1564
7355 4 2 7 6 1333 1549 1508 1510
7356 4 2 7 6 1322 1499 1538 1603
7357 4 2 7 6 1512 1335 1502 1555
7358 4 2 7 6 23 426 1599 24
7359 4 2 7 6 1544 1543 1366 1365
7360 4 2 7 6 1449 1272 1361 1603
7361 4 2 7 6 1383 430 420 1289
7362 4 2 7 6 1478 1301 1475 1584
7363 4 2 7 6 1331 1514 1506 1508
7364 4 2 7 6 1436 1613 1405 1550
7365 4 2 7 6 427 417 19 1410
7366 4 2 7 6 22 1410 427 19
7367 4 2 7 6 1523 1346 1519 1521
7368 4 2 7 6 1354 393 394 1531
7369 4 2 7 6 1528 1350 1351 1412
7370 4 2 7 6 1539 1362 207 1452
7371 4 2 7 6 1454 332 407 1593
7372 4 2 7 6 1481 1306 1485 1304
7373 4 2 7 6 412 422 15 1585
7374 4 2 7 6 15 14 412 1408
7375 4 2 7 6 1431 1376 1553 1444
7376 4 2 7 6 1298 1475 1584 1474
7377 4 2 7 6 1440 1528 1317 1351
7378 4 2 7 6 1538 1397 1579 1361
7379 4 2 7 6 1457 318 1354 393
7380 4 2 7 6 1346 1342 1521 1344
7381 4 2 7 6 1303 1306 1484 1480
7382 4 2 7 6 1511 1338 1515 1332
7383 4 2 7 6 314 313 1256 1290
7384 4 2 7 6 1519 1343 1520 1521
7385 4 2 7 6 1274 425 1356 415
7386 4 2 7 6 1292 1295 1469 1294
7387 4 2 7 6 1384 1561 1465 1408
7388 4 2 7 6 327 1613 1267 402
7389 4 2 7 6 1565 1388 1478 1584
7390 4 2 7 6 1367 1315 1398 1544
7391 4 2 7 6 1388 1509 1332 1330
7392 4 2 7 6 1358 1535 1591 1614
7393 4 2 7 6 1573 219 218 244
7394 4 2 7 6 1456 1374 1551 320
7395 4 2 7 6 1356 425 1451 1533
7396 4 2 7 6 1376 1441 1618 1387
7397 4 2 7 6 1345 1519 1346 1342
7398 4 2 7 6 1438 1460 1409 1615
7399 4 2 7 6 330 1572 1395 1448
7400 4 2 7 6 1358 1457 1357 1280
7401 4 2 7 6 1562 242 1385 1445
7402 4 2 7 6 1343 1517 1519 1520
7403 4 2 7 6 1519 1345 1518 1342
7404 4 2 7 6 331 1395 1593 1416
7405 4 2 7 6 1506 1329 1330 1328
7406 4 2 7 6 1361 1397 1272 1449
7407 4 2 7 6 1347 1604 1557 1524
7408 4 2 7 6 419 1428 1605 430
7409 4 2 7 6 1374 1494 1617 1551
7410 4 2 7 6 1575 1315 1492 1544
7411 4 2 7 6 1376 1431 1267 1444
7412 4 2 7 6 1314 1499 1322 1321
7413 4 2 7 6 1460 1438 1409 1283
7414 4 2 7 6 222 1453 1276 248
7415 4 2 7 6 1552 1511 1334 1564
7416 4 2 7 6 1352 1355 1600 1423
7417 4 2 7 6 1324 1588 1345 1501
7418 4 2 7 6 1422 1466 431 1599
7419 4 2 7 6 243 244 1573 218
7420 4 2 7 6 1604 1557 1380 1347
7421 4 2 7 6 1257 317 1457 1280
7422 4 2 7 6 1466 1289 1356 1422
7423 4 2 7 6 1558 1321 1498 1320
7424 4 2 7 6 1585 1465 1561 1408
7425 4 2 7 6 1515 1509 1388 1565
7426 4 2 7 6 1458 1281 419 428
7427 4 2 7 6 1557 235 236 1380
7428 4 2 7 6 1550 1333 1552 1510
7429 4 2 7 6 1465 1288 1384 1408
7430 4 2 7 6 200 927 919 1259
7431 4 2 7 6 1443 1322 1538 1361
7432 4 2 7 6 1434 1588 1563 1611
7433 4 2 7 6 1345 1588 1411 1434
7434 4 2 7 6 1376 1282 1431 1553
7435 4 2 7 6 1550 1372 1333 1549
7436 4 2 7 6 1531 1414 1353 1354
7437 4 2 7 6 1612 1304 1485 1435
7438 4 2 7 6 1322 1499 1323 1321
7439 4 2 7 6 1329 1328 1503 1326
7440 4 2 7 6 1605 429 419 430
7441 4 2 7 6 1449 1361 1538 1603
7442 4 2 7 6 1530 1414 1591 1614
7443 4 2 7 6 1515 1301 1388 1338
7444 4 2 7 6 920 228 227 1576
7445 4 2 7 6 1387 1618 1368 1441
7446 4 2 7 6 1493 1491 1314 1293
7447 4 2 7 6 1363 1614 1530 1540
7448 4 2 7 6 1512 1506 1329 1514
7449 4 2 7 6 1373 1405 1372 1550
7450 4 2 7 6 1500 1323 1499 1321
7451 4 2 7 6 389 390 1255 1536
7452 4 2 7 6 1328 1507 1506 1505
7453 4 2 7 6 330 1448 1271 404
7454 4 2 7 6 1326 1504 1328 1503
7455 4 2 7 6 316 1262 317 1357
7456 4 2 7 6 1534 1262 392 391
7457 4 2 7 6 1395 1571 1337 1572
7458 4 2 7 6 1439 1616 1384 1401
7459 4 2 7 6 1282 325 399 324
7460 4 2 7 6 1600 1273 1413 1423
7461 4 2 7 6 1496 1513 1336 1595
7462 4 2 7 6 1555 1464 1580 1378
7463 4 2 7 6 1509 1565 1507 1330
7464 4 2 7 6 1504 1326 1328 1327
7465 4 2 7 6 1620 1322 1499 1538
7466 4 2 7 6 1593 1394 1277 1416
7467 4 2 7 6 1299 1477 1475 1476
7468 4 2 7 6 1593 1277 332 1416
7469 4 2 7 6 1298 1477 1301 1475
7470 4 2 7 6 1613 328 327 1436
7471 4 2 7 6 331 330 1572 1395
7472 4 2 7 6 1507 1330 1513 1328
7473 4 2 7 6 1281 428 1325 418
7474 4 2 7 6 1504 1418 1328 1595
7475 4 2 7 6 1510 1333 1511 1332
7476 4 2 7 6 1271 1448 1395 1433
7477 4 2 7 6 1454 333 1403 408
7478 4 2 7 6 1422 1289 421 431
7479 4 2 7 6 1424 1319 1418 1601
7480 4 2 7 6 1397 1361 1538 1449
7481 4 2 7 6 1563 1411 1434 1386
7482 4 2 7 6 1355 208 1532 2408
7483 4 2 7 6 1333 1550 1549 1510
7484 4 2 7 6 1520 1304 1612 1343
7485 4 2 7 6 224 250 1463 225
7486 4 2 7 6 1500 1573 1396 1562
7487 4 2 7 6 1477 1299 1302 1476
7488 4 2 7 6 332 1593 406 407
7489 4 2 7 6 1337 1394 1571 1395
7490 4 2 7 6 1443 1493 1314 1316
7491 4 2 7 6 1475 1301 1298 1584
7492 4 2 7 6 1316 1493 1546 1547
7493 4 2 7 6 1440 1528 1412 1589
7494 4 2 7 6 1282 1459 1431 1553
7495 4 2 7 6 1403 334 408 333
7496 4 2 7 6 1613 1582 1405 1550
7497 4 2 7 6 1325 1502 1335 1378
7498 4 2 7 6 1362 231 1455 1539
7499 4 2 7 6 1340 1519 1343 1517
7500 4 2 7 6 1407 1474 1298 1584
7501 4 2 7 6 1604 1347 1446 1524
7502 4 2 7 6 1457 1414 1280 1358
7503 4 2 7 6 1277 1571 1593 1454
7504 4 2 7 6 1414 1614 1358 1591
7505 4 2 7 6 1506 1329 1514 1331
7506 4 2 7 6 1353 1530 1414 1531
7507 4 2 7 6 424 1425 1468 1602
7508 4 2 7 6 1387 1376 1375 1564
7509 4 2 7 6 1418 1595 1504 1601
7510 4 2 7 6 1512 1394 1571 1337
7511 4 2 7 6 1615 1346 1522 1523
7512 4 2 7 6 1421 1598 1403 1378
7513 4 2 7 6 1331 1514 1610 1337
7514 4 2 7 6 1594 1311 1393 1417
7515 4 2 7 6 1277 1593 332 1454
7516 4 2 7 6 1342 1519 1346 1521
7517 4 2 7 6 1570 1311 1594 1488
7518 4 2 7 6 327 402 328 1613
7519 4 2 7 6 1260 1258 1253 2410
7520 4 2 7 6 921 229 228 1461
7521 4 2 7 6 1354 394 318 319
7522 4 2 7 6 1428 419 420 430
7523 4 2 7 6 1604 211 1380 236
7524 4 2 7 6 1334 1511 1333 1332
7525 4 2 7 6 1570 1311 1393 1594
7526 4 2 7 6 333 1454 1403 1277
7527 4 2 7 6 1402 1579 1361 1415
7528 4 2 7 6 1466 1422 431 1289
7529 4 2 7 6 393 1354 1457 1531
7530 4 2 7 6 1376 1618 1282 1553
7531 4 2 7 6 1474 1407 1298 1297
7532 4 2 7 6 245 244 219 1272
7533 4 2 7 6 245 219 220 1272
7534 4 2 7 6 1270 1447 1597 1575
7535 4 2 7 6 1371 1515 1301 1478
7536 4 2 7 6 1456 1440 1374 1279
7537 4 2 7 6 323 1559 1382 1447
7538 4 2 7 6 1538 1415 1579 1592
7539 4 2 7 6 1390 1455 1389 1567
7540 4 2 7 6 1565 1509 1388 1330
7541 4 2 7 6 1332 1515 1511 1509
7542 4 2 7 6 1572 331 1593 406
7543 4 2 7 6 1614 1353 1414 1437
7544 4 2 7 6 1371 1300 1477 1301
7545 4 2 7 6 1466 1289 1419 1356
7546 4 2 7 6 1269 1446 212 1427
7547 4 2 7 6 1504 1328 1505 1595
7548 4 2 7 6 1293 1493 1491 1470
7549 4 2 7 6 1299 1305 1302 1476
7550 4 2 7 6 1433 1572 1337 1610
7551 4 2 7 6 1455 1567 1390 1362
7552 4 2 7 6 1429 1606 1299 1296
7553 4 2 7 6 1429 1320 1497 1296
7554 4 2 7 6 1311 1594 1435 1417
7555 4 2 7 6 1415 1538 1579 1361
7556 4 2 7 6 1431 1459 400 1608
7557 4 2 7 6 1496 1319 1407 1474
7558 4 2 7 6 1435 1488 1594 1311
7559 4 2 7 6 1594 1520 1343 1521
7560 4 2 7 6 1459 325 1431 400
7561 4 2 7 6 1406 1587 427 1583
7562 4 2 7 6 428 1281 419 418
7563 4 2 7 6 1494 1317 1617 1528
7564 4 2 7 6 1488 1308 1311 1435
7565 4 2 7 6 1275 1529 1363 1352
7566 4 2 7 6 1267 1431 326 1444
7567 4 2 7 6 1362 207 923 1539
7568 4 2 7 6 1275 1452 1529 1532
7569 4 2 7 6 919 924 1258 2410
7570 4 2 7 6 314 1255 315 1359
7571 4 2 7 6 1409 1438 1615 1346
7572 4 2 7 6 1459 325 400 399
7573 4 2 7 6 1585 412 1465 1408
7574 4 2 7 6 1321 1491 1499 1498
7575 4 2 7 6 1335 1512 1329 1337
7576 4 2 7 6 1592 1616 1439 1276
7577 4 2 7 6 334 1580 408 409
7578 4 2 7 6 1288 1465 412 1408
7579 4 2 7 6 1518 1522 1345 1519
7580 4 2 7 6 1593 331 1416 332
7581 4 2 7 6 1475 1298 1477 1299
7582 4 2 7 6 1459 1282 1618 1553
7583 4 2 7 6 1528 1440 1617 1589
7584 4 2 7 6 1519 1345 1346 1522
7585 4 2 7 6 1440 1456 1589 1279
7586 4 2 7 6 1488 1435 1594 1612
7587 4 2 7 6 1328 1513 1507 1505
7588 4 2 7 6 1455 1567 1362 1539
7589 4 2 7 6 1589 1412 1440 1279
7590 4 2 7 6 1598 1580 1403 1378
7591 4 2 7 6 1304 1308 1485 1435
7592 4 2 7 6 1540 1363 1390 1362
7593 4 2 7 6 1588 1411 1563 1445
7594 4 2 7 6 1435 1488 1485 1612
7595 4 2 7 6 921 203 204 1284
7596 4 2 7 6 1572 1337 1395 1433
7597 4 2 7 6 402 403 328 1613
7598 4 2 7 6 1427 1269 1446 1347
7599 4 2 7 6 1301 1388 1407 1584
7600 4 2 7 6 1504 1327 1428 1281
7601 4 2 7 6 1498 1320 1491 1497
7602 4 2 7 6 1597 1420 1398 1367
7603 4 2 7 6 1331 1610 1372 1433
7604 4 2 7 6 207 232 1539 1452
7605 4 2 7 6 1615 1460 1409 1586
7606 4 2 7 6 1614 1414 1358 1437
7607 4 2 7 6 246 220 1397 245
7608 4 2 7 6 220 246 1397 221
7609 4 2 7 6 1385 1445 1268 1442
7610 4 2 7 6 1362 1540 1363 1452
7611 4 2 7 6 1407 1298 1301 1584
7612 4 2 7 6 1491 1314 1620 1493
7613 4 2 7 6 1499 1500 1321 1498
7614 4 2 7 6 1592 1616 1276 1453
7615 4 2 7 6 402 1613 1267 1444
7616 4 2 7 6 232 207 208 1452
7617 4 2 7 6 1617 1374 1456 1440
7618 4 2 7 6 1546 1561 1384 1547
7619 4 2 7 6 1553 1376 1618 1564
7620 4 2 7 6 1336 1319 1496 1418
7621 4 2 7 6 1529 1355 1600 1352
7622 4 2 7 6 1319 1496 1418 1601
7623 4 2 7 6 1378 1598 1335 1421
7624 4 2 7 6 1319 1407 1336 1496
7625 4 2 7 6 330 405 1448 404
7626 4 2 7 6 1305 1429 1381 1558
7627 4 2 7 6 1357 1457 317 1280
7628 4 2 7 6 1606 1476 1299 1473
7629 4 2 7 6 430 1428 1383 420
7630 4 2 7 6 1448 1549 1372 1582
7631 4 2 7 6 1597 1398 1575 1544
7632 4 2 7 6 1373 1436 1405 1550
7633 4 2 7 6 250 224 1463 249
7634 4 2 7 6 1345 1341 1518 1342
7635 4 2 7 6 1435 1594 1343 1417
7636 4 2 7 6 1514 1331 1610 1508
7637 4 2 7 6 1463 1561 1401 1286
7638 4 2 7 6 1301 1477 1371 1478
7639 4 2 7 6 326 1608 1431 400
7640 4 2 7 6 1405 328 1613 1436
7641 4 2 7 6 1363 1390 1614 1540
7642 4 2 7 6 1494 1374 1617 1317
7643 4 2 7 6 1278 206 205 928
7644 4 2 7 6 230 231 1455 928
7645 4 2 7 6 1608 326 401 400
7646 4 2 7 6 325 326 1431 400
7647 4 2 7 6 1372 1549 1610 1508
7648 4 2 7 6 1581 1295 1472 1469
7649 4 2 7 6 229 230 1541 922
7650 4 2 7 6 1355 1529 1600 1532
7651 4 2 7 6 1597 1270 1382 1447
7652 4 2 7 6 1254 313 312 1339
7653 4 2 7 6 1364 205 204 922
7654 4 2 7 6 1510 1332 1509 2401
7655 4 2 7 6 1530 1353 1614 1363
7656 4 2 7 6 1442 1323 1562 1619
7657 4 2 7 6 1301 1515 1388 1478
7658 4 2 7 6 1562 1385 1323 1442
7659 4 2 7 6 1413 1450 1600 1590
7660 4 2 7 6 1305 1606 1558 1482
7661 4 2 7 6 1415 1538 1493 1592
7662 4 2 7 6 1314 1491 1321 1320
7663 4 2 7 6 1318 1472 1581 1295
7664 4 2 7 6 211 1604 212 236
7665 4 2 7 6 1456 1440 1589 1617
7666 4 2 7 6 1435 1594 1612 1343
7667 4 2 7 6 1286 1463 1561 1585
7668 4 2 7 6 1333 1372 1331 1508
7669 4 2 7 6 1337 1571 1512 1514
7670 4 2 7 6 1468 1425 414 1291
7671 4 2 7 6 325 1459 1431 1282
7672 4 2 7 6 1452 1363 1362 1275
7673 4 2 7 6 1374 1617 1456 1551
7674 4 2 7 6 1253 387 388 1516
7675 4 2 7 6 1289 1569 1419 1392
7676 4 2 7 6 1612 1481 1304 1520
7677 4 2 7 6 1414 1531 1457 1354
7678 4 2 7 6 1361 1538 1493 1415
7679 4 2 7 6 1514 1337 1571 1572
7680 4 2 7 6 1401 1578 1561 1463
7681 4 2 7 6 1369 1316 1546 1370
7682 4 2 7 6 1380 236 1557 1604
7683 4 2 7 6 1459 1282 325 399
7684 4 2 7 6 1419 1466 1596 1569
7685 4 2 7 6 1277 1598 1571 1454
7686 4 2 7 6 1580 1598 1555 1378
7687 4 2 7 6 1565 1507 1330 1513
7688 4 2 7 6 1572 1395 1571 1593
7689 4 2 7 6 1595 1336 1418 1328
7690 4 2 7 6 1318 1472 1495 1581
7691 4 2 7 6 1398 1597 1270 1420
7692 4 2 7 6 1582 1372 1550 1549
7693 4 2 7 6 1273 1600 1413 1450
7694 4 2 7 6 1276 248 1401 223
7695 4 2 7 6 1478 1515 1388 1565
7696 4 2 7 6 1528 1351 1440 1412
7697 4 2 7 6 1398 1597 1367 1544
7698 4 2 7 6 1572 1433 1448 1610
7699 4 2 7 6 1593 331 332 406
7700 4 2 7 6 1320 1498 1558 1497
7701 4 2 7 6 1604 212 236 237
7702 4 2 7 6 1606 1296 1497 1473
7703 4 2 7 6 1418 1504 1328 1327
7704 4 2 7 6 1410 427 1406 1587
7705 4 2 7 6 247 221 222 1579
7706 4 2 7 6 14 15 1430 1408
7707 4 2 7 6 1593 1394 1395 1571
7708 4 2 7 6 1268 1445 1411 1442
7709 4 2 7 6 1561 1465 1546 1384
7710 4 2 7 6 1578 1561 1616 1401
7711 4 2 7 6 1522 1434 1588 1345
7712 4 2 7 6 1597 1398 1270 1575
7713 4 2 7 6 1485 1308 1488 1435
7714 4 2 7 6 1264 927 201 1259
7715 4 2 7 6 1433 1448 1372 1271
7716 4 2 7 6 1586 1409 1615 1346
7717 4 2 7 6 1493 1547 1415 1592
7718 4 2 7 6 1452 207 208 1275
7719 4 2 7 6 1330 1388 1565 1513
7720 4 2 7 6 1328 1595 1513 1505
7721 4 2 7 6 247 246 221 1579
7722 4 2 7 6 1282 399 1382 324
7723 4 2 7 6 1452 1362 207 1275
7724 4 2 7 6 219 1573 218 1396
7725 4 2 7 6 1463 224 225 1286
7726 4 2 7 6 1433 1572 1448 1395
7727 4 2 7 6 403 1405 328 1613
7728 4 2 7 6 1546 1288 1384 1465
7729 4 2 7 6 1258 924 198 1265
7730 4 2 7 6 1573 1396 1603 1500
7731 4 2 7 6 1396 1323 1500 1562
7732 4 2 7 6 1387 1545 1368 1618
7733 4 2 7 6 201 10 927 1264
7734 4 2 7 6 929 202 203 1399
7735 4 2 7 6 1332 1511 1510 1509
7736 4 2 7 6 1572 331 1395 1593
7737 4 2 7 6 1305 1482 1476 1606
7738 4 2 7 6 1463 224 1401 249
7739 4 2 7 6 1322 1620 1314 1443
7740 4 2 7 6 1464 1580 334 409
7741 4 2 7 6 1443 1620 1493 1538
7742 4 2 7 6 1330 1336 1513 1328
7743 4 2 7 6 1287 1464 1406 1378
7744 4 2 7 6 1275 1529 1352 1355
7745 4 2 7 6 1598 1378 1335 1555
7746 4 2 7 6 919 925 924 2410
7747 4 2 7 6 1442 1562 1445 1619
7748 4 2 7 6 1562 1442 1445 1385
7749 4 2 7 6 1325 428 417 418
7750 4 2 7 6 1514 1337 1572 1610
7751 4 2 7 6 249 248 223 1401
7752 4 2 7 6 1355 1275 1529 1532
7753 4 2 7 6 1388 1565 1513 1584
7754 4 2 7 6 391 390 1462 1261
7755 4 2 7 6 1438 1345 1522 1346
7756 4 2 7 6 315 316 1285 1261
7757 4 2 7 6 1270 1597 1382 1420
7758 4 2 7 6 1411 1442 1619 1324
7759 4 2 7 6 1429 1381 1558 1320
7760 4 2 7 6 1606 1305 1558 1429
7761 4 2 7 6 411 22 336 1410
7762 4 2 7 6 13 198 924 1265
7763 4 2 7 6 207 232 923 1539
7764 4 2 7 6 1316 1547 1370 1415
7765 4 2 7 6 403 1582 1405 1613
7766 4 2 7 6 412 1585 1465 422
7767 4 2 7 6 1335 1598 1394 1421
7768 4 2 7 6 1272 244 219 1573
7769 4 2 7 6 1465 412 423 1288
7770 4 2 7 6 1603 1323 1396 1426
7771 4 2 7 6 1571 1277 1593 1394
7772 4 2 7 6 1611 1434 1438 1460
7773 4 2 7 6 1419 1569 1318 1392
7774 4 2 7 6 1384 1369 1546 1370
7775 4 2 7 6 1555 1583 1464 1378
7776 4 2 7 6 1588 1434 1563 1411
7777 4 2 7 6 1304 1612 1485 1481
7778 4 2 7 6 1276 1579 1592 1453
7779 4 2 7 6 251 225 226 1430
7780 4 2 7 6 1512 1394 1598 1571
7781 4 2 7 6 1603 1426 1322 1323
7782 4 2 7 6 424 1425 414 1468
7783 4 2 7 6 1580 1403 408 1454
7784 4 2 7 6 1569 1289 1383 1392
7785 4 2 7 6 419 429 1458 428
7786 4 2 7 6 1415 1592 1439 1276
7787 4 2 7 6 1580 334 408 1403
7788 4 2 7 6 1438 1615 1611 1460
7789 4 2 7 6 1324 1588 1619 1411
7790 4 2 7 6 1611 1434 1522 1438
7791 4 2 7 6 248 1276 1401 1453
7792 4 2 7 6 1397 246 245 1574
7793 4 2 7 6 1442 1445 1411 1619
7794 4 2 7 6 1491 1321 1499 1314
7795 4 2 7 6 423 1425 424 1602
7796 4 2 7 6 1460 1434 1438 1283
7797 4 2 7 6 1296 1606 1299 1473
7798 4 2 7 6 201 200 1259 927
7799 4 2 7 6 924 198 199 1258
7800 4 2 7 6 1606 1299 1305 1429
7801 4 2 7 6 1493 1443 1538 1361
7802 4 2 7 6 1520 1612 1594 1343
7803 4 2 7 6 1454 1403 1277 1598
7804 4 2 7 6 1615 1586 1346 1523
7805 4 2 7 6 1555 1502 1583 1378
7806 4 2 7 6 249 223 224 1401
7807 4 2 7 6 1616 1439 1276 1401
7808 4 2 7 6 1615 1611 1522 1438
7809 4 2 7 6 1387 1618 1376 1564
7810 4 2 7 6 1620 1322 1314 1499
7811 4 2 7 6 1595 1513 1336 1328
7812 4 2 7 6 1598 1394 1421 1277
7813 4 2 7 6 399 1282 1382 1459
7814 4 2 7 6 1382 1597 1447 1559
7815 4 2 7 6 1425 423 424 413
7816 4 2 7 6 1448 1433 1372 1610
7817 4 2 7 6 1288 1546 1384 1369
7818 4 2 7 6 1387 1545 1618 1564
7819 4 2 7 6 411 335 1410 336
7820 4 2 7 6 1616 1276 1453 1401
7821 4 2 7 6 245 220 1397 1272
7822 4 2 7 6 222 1579 1453 247
7823 4 2 7 6 1457 318 1257 1280
7824 4 2 7 6 208 233 232 1452
7825 4 2 7 6 1388 1330 1336 1513
7826 4 2 7 6 1616 1547 1592 1439
7827 4 2 7 6 1610 1331 1372 1508
7828 4 2 7 6 1606 1429 1558 1497
7829 4 2 7 6 427 1410 1406 417
7830 4 2 7 6 1445 1588 1411 1619
7831 4 2 7 6 1323 1603 1396 1500
7832 4 2 7 6 399 1459 1382 1559
7833 4 2 7 6 1549 1610 1448 1372
7834 4 2 7 6 1476 1299 1305 1606
7835 4 2 7 6 1499 1323 1603 1322
7836 4 2 7 6 1598 1394 1277 1571
7837 4 2 7 6 244 245 1449 1272
7838 4 2 7 6 1428 1424 1601 1383
7839 4 2 7 6 1583 1406 1464 1378
7840 4 2 7 6 1323 1499 1603 1500
7841 4 2 7 6 1512 1335 1394 1337
7842 4 2 7 6 1397 246 1579 221
7843 4 2 7 6 224 1463 1401 1286
7844 4 2 7 6 412 1465 423 422
7845 4 2 7 6 1502 1406 1583 1378
7846 4 2 7 6 1569 1289 1419 1466
7847 4 2 7 6 1323 1500 1562 1619
7848 4 2 7 6 1561 1384 1286 1408
7849 4 2 7 6 1464 1403 334 1580
7850 4 2 7 6 1561 1384 1401 1286
7851 4 2 7 6 1295 1581 1318 1404
7852 4 2 7 6 1403 1464 334 1287
7853 4 2 7 6 1414 1530 1353 1614
7854 4 2 7 6 249 1578 1401 1463
7855 4 2 7 6 1616 1384 1547 1439
7856 4 2 7 6 335 411 1410 410
7857 4 2 7 6 14 15 251 1430
7858 4 2 7 6 1585 1561 1286 1408
7859 4 2 7 6 1493 1316 1361 1415
7860 4 2 7 6 1425 1465 1288 1546
7861 4 2 7 6 1602 1425 1468 1546
7862 4 2 7 6 1579 1276 222 1453
7863 4 2 7 6 1415 1579 1276 1402
7864 4 2 7 6 225 1607 251 250
7865 4 2 7 6 1396 1272 219 1573
7866 4 2 7 6 1579 1415 1276 1592
7867 4 2 7 6 1561 1384 1616 1401
7868 4 2 7 6 1425 413 424 414
7869 4 2 7 6 1560 1383 1601 1569
7870 4 2 7 6 393 318 1257 1457
7871 4 2 7 6 221 222 1579 1402
7872 4 2 7 6 1275 208 1452 1532
7873 4 2 7 6 1578 1453 248 1401
7874 4 2 7 6 1316 1493 1547 1415
7875 4 2 7 6 1403 1277 1598 1421
7876 4 2 7 6 423 412 413 1288
7877 4 2 7 6 1598 1335 1512 1555
7878 4 2 7 6 1320 1558 1429 1497
7879 4 2 7 6 1410 335 410 1287
7880 4 2 7 6 1605 1504 1601 1428
7881 4 2 7 6 1578 1616 1453 1401
7882 4 2 7 6 1588 1324 1619 1501
7883 4 2 7 6 1574 245 1397 1449
7884 4 2 7 6 1580 1403 1454 1598
7885 4 2 7 6 249 248 1401 1578
7886 4 2 7 6 1415 1547 1439 1592
7887 4 2 7 6 1449 244 1272 1573
7888 4 2 7 6 1546 1288 1425 1369
7889 4 2 7 6 208 233 1452 1532
7890 4 2 7 6 246 1397 1579 1574
7891 4 2 7 6 1443 1493 1316 1361
7892 4 2 7 6 1547 1415 1439 1370
7893 4 2 7 6 1463 225 250 1607
7894 4 2 7 6 1425 1465 423 1288
7895 4 2 7 6 1276 1579 222 1402
7896 4 2 7 6 208 1275 1355 1532
7897 4 2 7 6 1598 1335 1394 1512
7898 4 2 7 6 419 429 1605 1458
7899 4 2 7 6 1272 1397 245 1449
7900 4 2 7 6 1502 1325 1406 1378
7901 4 2 7 6 1425 1602 1465 1546
7902 4 2 7 6 1620 1499 1314 1491
7903 4 2 7 6 1370 1547 1384 1439
7904 4 2 7 6 1607 225 251 1430
7905 4 2 7 6 1396 1603 1272 1573
7906 4 2 7 6 410 1587 1287 1464
7907 4 2 7 6 221 1579 1397 1402
7908 4 2 7 6 1587 1287 1464 1406
7909 4 2 7 6 1410 411 22 1587
7910 4 2 7 6 1603 1396 1272 1426
7911 4 2 7 6 1434 1345 1522 1438
7912 4 2 7 6 225 1463 1286 1607
7913 4 2 7 6 1603 1449 1272 1573
7914 4 2 7 6 1430 225 1286 1607
7915 4 2 7 6 1465 1425 423 1602
7916 4 2 7 6 1406 1464 1587 1583
7917 4 2 7 6 1384 1616 1547 1561
7918 4 2 7 6 1425 423 413 1288
7919 4 2 7 6 1463 1286 1607 1585
7920 4 2 7 6 336 22 19 1410
7921 4 2 7 6 1410 410 411 1587
7922 4 2 7 6 1287 1587 1410 1406
7923 4 2 7 6 1587 1410 410 1287
7924 4 2 7 6 1548 1480 1477 2400
7925 4 2 7 6 1371 1300 1303 2400
7926 4 2 7 6 1422 416 1356 2398
7927 4 2 7 6 1315 1309 1312 2404
7928 4 2 7 6 1283 215 214 2403
7929 4 2 7 6 1508 1510 1509 2401
7930 4 2 7 6 1464 410 409 2399
7931 4 2 7 6 1267 1373 1375 2405
7932 4 2 7 6 327 1267 326 2406
7933 4 2 7 6 1331 1332 1333 2401
7934 4 2 7 6 243 1573 1562 2402
7935 4 2 7 6 1599 1533 426 2398
7936 4 2 7 6 1382 323 324 2407
7937 4 2 7 6 218 1385 1396 2402
7938 4 2 7 6 402 401 1444 2406
7939 4 2 7 6 239 240 1460 2403
7940 4 2 7 6 1287 334 335 2399
7941 4 2 7 6 398 1559 399 2407
7942 4 2 7 6 1444 1552 1550 2405
7943 4 2 7 6 1492 1489 1486 2404
7944 4 2 7 6 1255 1462 390 1261
7945 4 2 7 6 390 1462 1255 1536
7946 4 2 7 6 1285 1255 315 1261
7947 4 2 7 6 1285 315 1255 1359
7948 4 2 7 6 1284 929 2409 921
7949 4 2 7 6 1284 2409 929 1399
7950 4 2 7 6 1474 1472 1296 1473
7951 4 2 7 6 1296 1472 1474 1297
7952 4 2 7 6 1474 1298 1296 1297
7953 4 2 7 6 1475 1299 1296 1298
7954 4 2 7 6 1296 1299 1475 1473
7955 4 2 7 6 1296 1474 1475 1298
7956 4 2 7 6 1475 1474 1296 1473
7957 4 2 7 6 1495 1474 1319 1496
7958 4 2 7 6 1319 1569 1495 1496
7959 4 2 7 6 1495 1569 1319 1318
7960 4 2 7 6 1502 1512 1326 1335
7961 4 2 7 6 1502 1326 1512 1503
7962 4 2 7 6 1329 1326 1512 1335
7963 4 2 7 6 1329 1512 1326 1503
7964 4 2 7 6 1569 1560 1289 1466
7965 4 2 7 6 1569 1289 1560 1383
7966 4 2 7 6 430 1289 1560 1466
7967 4 2 7 6 430 1560 1289 1383
7968 4 2 7 6 1472 1297 1495 1474
7969 4 2 7 6 1472 1495 1297 1318
7970 4 2 7 6 1319 1495 1297 1474
7971 4 2 7 6 1319 1297 1495 1318
7972 4 2 7 6 1502 1326 1281 1325
7973 4 2 7 6 1281 428 1502 1325
7974 4 2 7 6 1502 428 1281 1458
7975 4 2 7 6 1466 1596 1356 1419
7976 4 2 7 6 1466 1356 1596 1533
7977 4 2 7 6 1319 1424 1569 1601
7978 4 2 7 6 1319 1569 1424 1392
7979 4 2 7 6 1383 1569 1424 1601
7980 4 2 7 6 1383 1424 1569 1392
7981 4 2 7 6 425 1451 414 1274
7982 4 2 7 6 425 414 1451 424
7983 4 2 7 6 1468 1451 414 424
7984 4 2 7 6 1320 1296 1471 1497
7985 4 2 7 6 1471 1296 1320 1294
7986 4 2 7 6 1471 1491 1320 1497
7987 4 2 7 6 1320 1491 1471 1294
7988 4 2 7 6 2398 1422 426 1599
7989 4 2 7 6 2398 426 1422 416
7990 4 2 7 6 23 426 1422 1599
7991 4 2 7 6 23 1422 426 416
7992 4 2 7 6 1581 1451 1356 1404
7993 4 2 7 6 1356 1451 1581 1533
7994 4 2 7 6 1581 1596 1356 1533
7995 4 2 7 6 1503 1504 1281 1326
7996 4 2 7 6 1281 1504 1503 1458
7997 4 2 7 6 1281 1502 1503 1326
7998 4 2 7 6 1503 1502 1281 1458
7999 4 2 7 6 1292 1293 1468 1291
8000 4 2 7 6 1546 1293 1468 1470
8001 4 2 7 6 1601 1560 1428 1383
8002 4 2 7 6 1601 1428 1560 1605
8003 4 2 7 6 430 1428 1560 1383
8004 4 2 7 6 430 1560 1428 1605
8005 4 2 7 6 1496 1584 1336 1513
8006 4 2 7 6 1496 1336 1584 1407
8007 4 2 7 6 1388 1336 1584 1513
8008 4 2 7 6 1388 1584 1336 1407
8009 4 2 7 6 1286 1408 1607 1585
8010 4 2 7 6 1286 1607 1408 1430
8011 4 2 7 6 15 1607 1408 1585
8012 4 2 7 6 15 1408 1607 1430
8013 4 2 7 6 1294 1293 1469 1292
8014 4 2 7 6 1468 1293 1469 1470
8015 4 2 7 6 1468 1469 1293 1292
8016 4 2 7 6 1406 1325 427 417
8017 4 2 7 6 1406 427 1325 1502
8018 4 2 7 6 428 427 1325 417
8019 4 2 7 6 428 1325 427 1502
8020 4 2 7 6 1468 1292 1451 1469
8021 4 2 7 6 1404 1292 1451 1274
8022 4 2 7 6 419 1458 1428 1281
8023 4 2 7 6 419 1428 1458 1605
8024 4 2 7 6 1504 1428 1458 1281
8025 4 2 7 6 1504 1458 1428 1605
8026 4 2 7 6 1327 1428 1601 1504
8027 4 2 7 6 1601 1428 1327 1424
8028 4 2 7 6 1601 1418 1327 1504
8029 4 2 7 6 1327 1418 1601 1424
8030 4 2 7 6 414 1291 1451 1468
8031 4 2 7 6 414 1451 1291 1274
8032 4 2 7 6 1292 1451 1291 1468
8033 4 2 7 6 1292 1291 1451 1274
8034 4 2 7 6 1451 1292 1581 1469
8035 4 2 7 6 1451 1581 1292 1404
8036 4 2 7 6 1295 1581 1292 1469
8037 4 2 7 6 1295 1292 1581 1404
8038 4 2 7 6 1425 1369 1468 1546
8039 4 2 7 6 1425 1468 1369 1291
8040 4 2 7 6 1293 1468 1369 1546
8041 4 2 7 6 1293 1369 1468 1291
8042 4 2 7 6 1318 1581 1419 1404
8043 4 2 7 6 1356 1581 1419 1596
8044 4 2 7 6 1356 1419 1581 1404
8045 4 2 7 6 2398 1599 1356 1422
8046 4 2 7 6 2398 1356 1599 1533
8047 4 2 7 6 1466 1356 1599 1422
8048 4 2 7 6 1466 1599 1356 1533
8049 4 2 7 6 1303 2400 1477 1480
8050 4 2 7 6 1477 2400 1303 1300
8051 4 2 7 6 1477 1302 1303 1480
8052 4 2 7 6 1303 1302 1477 1300
8053 4 2 7 6 1471 1491 1293 1294
8054 4 2 7 6 1293 1491 1471 1470
8055 4 2 7 6 1293 1469 1471 1294
8056 4 2 7 6 1471 1469 1293 1470
8057 4 2 7 6 1495 1569 1419 1596
8058 4 2 7 6 1419 1569 1495 1318
8059 4 2 7 6 1419 1581 1495 1596
8060 4 2 7 6 1495 1581 1419 1318
8061 4 2 7 7 1747 1870 1748 1693
8062 4 2 7 7 1917 1743 1953 1855
8063 4 2 7 7 1745 1857 1695 1668
8064 4 2 7 7 1757 1912 1894 1868
8065 4 2 7 7 1688 1689 1690 1867
8066 4 2 7 7 1912 1757 1656 1758
8067 4 2 7 7 1742 1688 1690 1867
8068 4 2 7 7 1849 1671 1919 1872
8069 4 2 7 7 1879 1684 1860 1922
8070 4 2 7 7 1697 1919 1777 1671
8071 4 2 7 7 1757 1656 1722 1912
8072 4 2 7 7 1876 1702 1874 1877
8073 4 2 7 7 1683 1860 1684 1685
8074 4 2 7 7 1846 1694 1900 1824
8075 4 2 7 7 1965 1742 1893 1867
8076 4 2 7 7 1845 1844 1924 1672
8077 4 2 7 7 1772 1777 1684 1922
8078 4 2 7 7 1623 1945 1695 1796
8079 4 2 7 7 1845 1672 1674 1673
8080 4 2 7 7 1705 1904 1721 1700
8081 4 2 7 7 1810 1790 1885 1924
8082 4 2 7 7 443 1933 1934 1756
8083 4 2 7 7 399 400 1907 1728
8084 4 2 7 7 1716 1895 1724 1663
8085 4 2 7 7 1915 1922 1772 1948
8086 4 2 7 7 448 449 1818 1640
8087 4 2 7 7 1891 1740 1691 1690
8088 4 2 7 7 1664 1840 1838 1835
8089 4 2 7 7 1868 1691 1757 1689
8090 4 2 7 7 1864 1954 1758 1866
8091 4 2 7 7 1800 265 1623 1727
8092 4 2 7 7 1731 1885 1790 1674
8093 4 2 7 7 1903 1787 1804 1944
8094 4 2 7 7 1892 1691 1868 1891
8095 4 2 7 7 1667 1854 1669 1677
8096 4 2 7 7 1896 1941 1696 1897
8097 4 2 7 7 1745 1924 1938 1857
8098 4 2 7 7 403 404 1917 1786
8099 4 2 7 7 1872 1954 1832 1764
8100 4 2 7 7 1741 1742 1965 1626
8101 4 2 7 7 1846 1854 1878 1720
8102 4 2 7 7 1837 1838 1662 1841
8103 4 2 7 7 1838 1662 1721 1664
8104 4 2 7 7 1666 1668 1844 1672
8105 4 2 7 7 1790 1924 1745 1672
8106 4 2 7 7 1721 1673 1666 1842
8107 4 2 7 7 1772 1671 1849 1738
8108 4 2 7 7 1680 1754 1766 1916
8109 4 2 7 7 1700 1840 1664 1699
8110 4 2 7 7 1844 1666 1842 1841
8111 4 2 7 7 1716 1895 1897 1937
8112 4 2 7 7 1834 1658 1899 1839
8113 4 2 7 7 1834 1659 1657 1658
8114 4 2 7 7 1740 1939 1798 1891
8115 4 2 7 7 1026 1242 1247 1249
8116 4 2 7 7 1907 399 1728 1801
8117 4 2 7 7 1831 1657 1654 1655
8118 4 2 7 7 1885 1845 1674 1850
8119 4 2 7 7 1653 1655 1656 1832
8120 4 2 7 7 1839 1837 1661 1896
8121 4 2 7 7 1851 1681 1668 1665
8122 4 2 7 7 1770 1878 1921 1802
8123 4 2 7 7 1668 1844 1857 1851
8124 4 2 7 7 1899 1722 1912 1894
8125 4 2 7 7 1680 1639 1754 1916
8126 4 2 7 7 1736 1967 1749 1622
8127 4 2 7 7 404 1802 1917 1625
8128 4 2 7 7 1953 1743 1779 1677
8129 4 2 7 7 1720 1669 1854 1677
8130 4 2 7 7 1623 1941 1945 1800
8131 4 2 7 7 1821 1642 1243 1245
8132 4 2 7 7 1705 1673 1847 1711
8133 4 2 7 7 1834 1835 1659 1837
8134 4 2 7 7 1680 1900 1818 1916
8135 4 2 7 7 1661 1659 1662 1837
8136 4 2 7 7 1665 1851 1896 1841
8137 4 2 7 7 1903 1704 1905 1875
8138 4 2 7 7 1937 1897 1716 1760
8139 4 2 7 7 1659 1698 1664 1835
8140 4 2 7 7 1692 1686 1862 1683
8141 4 2 7 7 1856 1749 1909 1967
8142 4 2 7 7 1875 1704 1703 1700
8143 4 2 7 7 1658 1899 1722 1655
8144 4 2 7 7 1702 1791 1877 1759
8145 4 2 7 7 1779 1770 1625 1802
8146 4 2 7 7 1665 1662 1666 1841
8147 4 2 7 7 1655 1831 1899 1832
8148 4 2 7 7 1678 1855 1856 1853
8149 4 2 7 7 1700 1875 1904 1840
8150 4 2 7 7 1673 1847 1845 1842
8151 4 2 7 7 1026 1247 197 1028
8152 4 2 7 7 1777 1860 1684 1922
8153 4 2 7 7 1643 1819 435 436
8154 4 2 7 7 1642 1871 1243 2411
8155 4 2 7 7 1871 1642 1243 1821
8156 4 2 7 7 1959 1635 1712 1709
8157 4 2 7 7 1833 1873 1698 1835
8158 4 2 7 7 1897 1696 1716 1760
8159 4 2 7 7 1656 1832 1912 1954
8160 4 2 7 7 1681 1668 1695 1851
8161 4 2 7 7 1696 1800 1623 1727
8162 4 2 7 7 1703 1750 1704 1905
8163 4 2 7 7 1759 1736 1728 1907
8164 4 2 7 7 1855 1953 1854 1677
8165 4 2 7 7 1911 1939 1774 1937
8166 4 2 7 7 1774 1729 1716 1937
8167 4 2 7 7 1800 286 1945 1623
8168 4 2 7 7 1712 1752 1959 1709
8169 4 2 7 7 1857 1695 1851 1945
8170 4 2 7 7 1731 1708 1707 1949
8171 4 2 7 7 1821 1243 388 1245
8172 4 2 7 7 1696 1897 1727 1760
8173 4 2 7 7 1729 1939 1797 1740
8174 4 2 7 7 1789 1871 1642 2411
8175 4 2 7 7 1874 1873 1840 1699
8176 4 2 7 7 1657 1833 1834 1831
8177 4 2 7 7 1028 1026 1247 2411
8178 4 2 7 7 1892 1729 1724 1691
8179 4 2 7 7 1934 1756 1858 443
8180 4 2 7 7 1683 1862 1692 1859
8181 4 2 7 7 265 1923 264 1727
8182 4 2 7 7 1678 1856 1679 1853
8183 4 2 7 7 1716 1774 1937 1760
8184 4 2 7 7 1700 1703 1875 1699
8185 4 2 7 7 1821 1719 1642 1245
8186 4 2 7 7 1669 1846 1843 1824
8187 4 2 7 7 1724 1757 1722 1894
8188 4 2 7 7 1711 1902 1847 1903
8189 4 2 7 7 435 1737 1819 1643
8190 4 2 7 7 1873 1698 1699 1701
8191 4 2 7 7 1937 1774 1911 1814
8192 4 2 7 7 1783 1914 1893 1891
8193 4 2 7 7 1682 1865 1858 1859
8194 4 2 7 7 1789 1642 1871 1821
8195 4 2 7 7 1703 1874 1699 1702
8196 4 2 7 7 277 1820 1768 2411
8197 4 2 7 7 1705 1711 1903 1787
8198 4 2 7 7 1032 1248 1242 2411
8199 4 2 7 7 1856 1910 1679 1853
8200 4 2 7 7 1695 1857 1938 1945
8201 4 2 7 7 1249 387 1247 2411
8202 4 2 7 7 1243 1642 363 1245
8203 4 2 7 7 277 1768 1028 2411
8204 4 2 7 7 1669 1846 1854 1843
8205 4 2 7 7 1759 1728 1791 1907
8206 4 2 7 7 1849 1922 1772 1915
8207 4 2 7 7 1832 1656 1653 1764
8208 4 2 7 7 1860 1685 1919 1777
8209 4 2 7 7 1871 1243 388 1821
8210 4 2 7 7 285 284 1938 1782
8211 4 2 7 7 1695 1681 1945 1623
8212 4 2 7 7 1032 1242 1026 2411
8213 4 2 7 7 1657 1660 1698 1833
8214 4 2 7 7 1943 1819 1643 1880
8215 4 2 7 7 432 1682 1858 433
8216 4 2 7 7 1854 1855 1677 1853
8217 4 2 7 7 1248 1250 1242 2411
8218 4 2 7 7 1670 1849 1738 1915
8219 4 2 7 7 1891 1783 1740 1690
8220 4 2 7 7 1961 1730 1771 1679
8221 4 2 7 7 1923 1800 1897 1727
8222 4 2 7 7 1913 1733 1622 377
8223 4 2 7 7 1719 1821 389 1245
8224 4 2 7 7 1943 1915 1738 1819
8225 4 2 7 7 1738 1849 1772 1915
8226 4 2 7 7 1851 1681 1896 1941
8227 4 2 7 7 1652 1849 1671 1670
8228 4 2 7 7 1715 1839 1661 1896
8229 4 2 7 7 1242 1249 1026 2411
8230 4 2 7 7 1724 1894 1895 1892
8231 4 2 7 7 1642 1789 1719 1821
8232 4 2 7 7 1797 1911 1939 1774
8233 4 2 7 7 1836 1660 1830 1833
8234 4 2 7 7 1782 1633 1938 1745
8235 4 2 7 7 277 1871 1820 2411
8236 4 2 7 7 1892 1729 1939 1937
8237 4 2 7 7 1768 1820 277 1030
8238 4 2 7 7 1625 404 1786 1917
8239 4 2 7 7 1902 1744 1723 1711
8240 4 2 7 7 1031 1032 1026 2411
8241 4 2 7 7 1245 389 1719 364
8242 4 2 7 7 1742 1893 1783 1741
8243 4 2 7 7 1758 1954 1912 1866
8244 4 2 7 7 1895 1839 1715 1896
8245 4 2 7 7 1820 1768 1644 1030
8246 4 2 7 7 1249 1247 1026 2411
8247 4 2 7 7 1242 1247 196 1026
8248 4 2 7 7 1701 1730 1836 1660
8249 4 2 7 7 1688 1742 1869 1867
8250 4 2 7 7 1789 1642 1768 2411
8251 4 2 7 7 1768 277 1028 1030
8252 4 2 7 7 1676 1853 1910 1852
8253 4 2 7 7 1788 1031 276 1768
8254 4 2 7 7 1871 1820 1789 1821
8255 4 2 7 7 1901 1940 1725 1846
8256 4 2 7 7 1878 1746 1720 1770
8257 4 2 7 7 1781 1963 1710 1628
8258 4 2 7 7 1689 1868 1691 1690
8259 4 2 7 7 1633 1810 284 1938
8260 4 2 7 7 1885 1949 1731 1810
8261 4 2 7 7 1744 1930 1850 1902
8262 4 2 7 7 1743 1917 1786 1733
8263 4 2 7 7 1874 1840 1875 1699
8264 4 2 7 7 1672 1845 1666 1673
8265 4 2 7 7 1820 1644 278 1030
8266 4 2 7 7 1768 1789 1820 1644
8267 4 2 7 7 1764 1872 1671 1652
8268 4 2 7 7 1674 1952 1885 1850
8269 4 2 7 7 1839 1661 1658 1663
8270 4 2 7 7 1719 363 1642 1245
8271 4 2 7 7 1788 1031 1768 2411
8272 4 2 7 7 1733 1743 1855 1678
8273 4 2 7 7 1678 1677 1855 1853
8274 4 2 7 7 1716 1895 1663 1715
8275 4 2 7 7 1787 1903 1705 1704
8276 4 2 7 7 1830 1654 1829 1831
8277 4 2 7 7 1876 1873 1874 1701
8278 4 2 7 7 1031 1788 1032 2411
8279 4 2 7 7 1805 369 1723 1628
8280 4 2 7 7 1835 1838 1662 1837
8281 4 2 7 7 1028 275 1768 1030
8282 4 2 7 7 387 1871 1247 2411
8283 4 2 7 7 280 279 1815 1027
8284 4 2 7 7 1704 1750 1767 1905
8285 4 2 7 7 1032 1788 1248 2411
8286 4 2 7 7 1913 1917 1855 1733
8287 4 2 7 7 1032 12 1248 1788
8288 4 2 7 7 1727 1923 264 1634
8289 4 2 7 7 1925 256 257 1748
8290 4 2 7 7 1946 1750 373 1624
8291 4 2 7 7 1827 1828 1829 1651
8292 4 2 7 7 1644 1918 1820 1908
8293 4 2 7 7 1844 1668 1666 1665
8294 4 2 7 7 389 364 1246 1637
8295 4 2 7 7 1894 1895 1839 1663
8296 4 2 7 7 1726 1918 1820 1644
8297 4 2 7 7 1242 195 1248 1032
8298 4 2 7 7 451 452 1880 1706
8299 4 2 7 7 389 1821 1719 1637
8300 4 2 7 7 1955 1747 1626 1773
8301 4 2 7 7 387 13 1247 1871
8302 4 2 7 7 1874 1699 1702 1701
8303 4 2 7 7 1701 1876 1873 1836
8304 4 2 7 7 1843 1667 1669 1648
8305 4 2 7 7 195 1242 1026 1032
8306 4 2 7 7 1749 1856 1771 1679
8307 4 2 7 7 1671 1697 1919 1872
8308 4 2 7 7 1669 1784 1725 1846
8309 4 2 7 7 1690 1689 1868 1867
8310 4 2 7 7 1692 1865 1682 1859
8311 4 2 7 7 1651 1827 1828 1826
8312 4 2 7 7 278 1644 274 1030
8313 4 2 7 7 1827 1826 1649 1825
8314 4 2 7 7 1938 1633 1810 1924
8315 4 2 7 7 1941 1800 1696 1897
8316 4 2 7 7 1783 1893 1742 1690
8317 4 2 7 7 1248 1788 1250 2411
8318 4 2 7 7 1667 1669 1854 1843
8319 4 2 7 7 1677 1667 1853 1676
8320 4 2 7 7 1715 1896 1681 1696
8321 4 2 7 7 1947 1855 1856 1793
8322 4 2 7 7 1853 1678 1677 1676
8323 4 2 7 7 1709 1708 1710 1884
8324 4 2 7 7 1949 1731 1952 1885
8325 4 2 7 7 1821 1820 1789 1726
8326 4 2 7 7 1244 1718 365 366
8327 4 2 7 7 1835 1662 1659 1837
8328 4 2 7 7 253 254 1816 1641
8329 4 2 7 7 1027 1815 273 279
8330 4 2 7 7 1942 1781 1709 1762
8331 4 2 7 7 1638 273 272 1027
8332 4 2 7 7 1941 1681 1896 1696
8333 4 2 7 7 1663 1839 1661 1715
8334 4 2 7 7 1902 1850 1744 1711
8335 4 2 7 7 1641 254 1816 1753
8336 4 2 7 7 364 389 1719 1637
8337 4 2 7 7 1242 1250 1249 2411
8338 4 2 7 7 1247 13 197 1028
8339 4 2 7 7 1949 1881 1707 1810
8340 4 2 7 7 1652 1849 1670 1848
8341 4 2 7 7 1681 1851 1945 1941
8342 4 2 7 7 1653 1829 1652 1651
8343 4 2 7 7 1771 1961 1909 1877
8344 4 2 7 7 1725 1940 1631 1746
8345 4 2 7 7 1782 1695 1945 1796
8346 4 2 7 7 362 1788 1642 1250
8347 4 2 7 7 1675 1827 1651 1649
8348 4 2 7 7 1854 1878 1720 1779
8349 4 2 7 7 446 445 1879 1778
8350 4 2 7 7 390 391 1888 1244
8351 4 2 7 7 1681 1896 1715 1665
8352 4 2 7 7 1675 1667 1676 1852
8353 4 2 7 7 1878 1720 1779 1770
8354 4 2 7 7 1673 1845 1666 1842
8355 4 2 7 7 1700 1904 1721 1664
8356 4 2 7 7 1852 1958 1675 1827
8357 4 2 7 7 1722 1724 1894 1663
8358 4 2 7 7 1769 1943 1643 1880
8359 4 2 7 7 1657 1698 1659 1835
8360 4 2 7 7 1826 1650 1651 1649
8361 4 2 7 7 1695 1938 1782 1945
8362 4 2 7 7 1855 1793 1733 1678
8363 4 2 7 7 1956 1918 1726 1713
8364 4 2 7 7 1730 1958 1785 1675
8365 4 2 7 7 1621 1798 1911 290
8366 4 2 7 7 1749 1909 1736 1759
8367 4 2 7 7 1667 1843 1852 1825
8368 4 2 7 7 1848 1670 1652 1650
8369 4 2 7 7 1645 1640 1818 1680
8370 4 2 7 7 1250 1788 1642 2411
8371 4 2 7 7 260 1734 1914 1741
8372 4 2 7 7 1820 1789 1726 1644
8373 4 2 7 7 259 1803 1936 293
8374 4 2 7 7 292 293 259 1936
8375 4 2 7 7 1737 1948 446 1819
8376 4 2 7 7 289 262 263 1735
8377 4 2 7 7 288 263 264 1634
8378 4 2 7 7 288 289 263 1634
8379 4 2 7 7 1744 1628 1710 1930
8380 4 2 7 7 1654 1653 1831 1655
8381 4 2 7 7 1787 1627 1944 1767
8382 4 2 7 7 1879 1778 1772 1737
8383 4 2 7 7 283 1707 1881 1810
8384 4 2 7 7 1641 1739 1934 1756
8385 4 2 7 7 1877 1771 1702 1759
8386 4 2 7 7 290 261 262 1621
8387 4 2 7 7 1945 1623 286 1796
8388 4 2 7 7 1791 1877 1759 1907
8389 4 2 7 7 1882 1708 1952 1949
8390 4 2 7 7 293 258 1803 294
8391 4 2 7 7 289 290 262 1735
8392 4 2 7 7 365 390 1718 1244
8393 4 2 7 7 278 274 1908 1029
8394 4 2 7 7 289 290 1735 1911
8395 4 2 7 7 1817 1639 1932 1916
8396 4 2 7 7 1901 1725 1766 1784
8397 4 2 7 7 1666 1844 1665 1841
8398 4 2 7 7 1621 1798 1734 1740
8399 4 2 7 7 259 1803 293 258
8400 4 2 7 7 1853 1910 1679 1676
8401 4 2 7 7 437 1706 451 438
8402 4 2 7 7 446 435 1819 447
8403 4 2 7 7 1723 1805 1628 1930
8404 4 2 7 7 436 1819 435 447
8405 4 2 7 7 1913 403 1917 1733
8406 4 2 7 7 290 291 261 1621
8407 4 2 7 7 283 284 1633 1810
8408 4 2 7 7 1747 258 257 1920
8409 4 2 7 7 1649 1648 1667 1825
8410 4 2 7 7 1709 1959 1811 1883
8411 4 2 7 7 1813 389 1246 1637
8412 4 2 7 7 1706 452 437 451
8413 4 2 7 7 1966 1766 1916 1901
8414 4 2 7 7 1635 1709 1882 1708
8415 4 2 7 7 263 1735 1634 289
8416 4 2 7 7 1644 1768 275 1030
8417 4 2 7 7 1725 1966 1766 1631
8418 4 2 7 7 1642 362 1250 1243
8419 4 2 7 7 1028 276 1031 1768
8420 4 2 7 7 1711 1847 1705 1903
8421 4 2 7 7 1820 1644 1908 278
8422 4 2 7 7 1815 1713 273 279
8423 4 2 7 7 1819 1738 1943 1643
8424 4 2 7 7 1803 294 258 1920
8425 4 2 7 7 401 1799 1622 402
8426 4 2 7 7 1843 1648 1824 1825
8427 4 2 7 7 451 1706 1880 1806
8428 4 2 7 7 1804 1627 395 396
8429 4 2 7 7 1908 1713 1815 279
8430 4 2 7 7 1925 1748 1870 1962
8431 4 2 7 7 1830 1785 1958 1827
8432 4 2 7 7 402 376 1622 401
8433 4 2 7 7 1651 1827 1826 1649
8434 4 2 7 7 294 257 258 1920
8435 4 2 7 7 1739 1934 1756 1682
8436 4 2 7 7 268 269 283 1633
8437 4 2 7 7 1744 1723 1628 1930
8438 4 2 7 7 294 295 257 1920
8439 4 2 7 7 403 377 1913 402
8440 4 2 7 7 1682 1858 1756 432
8441 4 2 7 7 1931 376 1736 375
8442 4 2 7 7 1650 1826 1647 1649
8443 4 2 7 7 1667 1843 1853 1852
8444 4 2 7 7 1959 1811 1635 1709
8445 4 2 7 7 1643 1819 436 1775
8446 4 2 7 7 1931 1736 376 1622
8447 4 2 7 7 1644 1726 1918 1908
8448 4 2 7 7 1922 1772 1777 1671
8449 4 2 7 7 1910 1730 1679 1676
8450 4 2 7 7 1789 1719 1821 1726
8451 4 2 7 7 1646 1694 1648 1824
8452 4 2 7 7 196 195 1242 1026
8453 4 2 7 7 1780 1630 1753 1960
8454 4 2 7 7 1250 1642 1243 2411
8455 4 2 7 7 283 284 268 1633
8456 4 2 7 7 1637 1821 1719 1726
8457 4 2 7 7 1709 1811 1635 1882
8458 4 2 7 7 1722 1899 1658 1663
8459 4 2 7 7 401 375 376 1931
8460 4 2 7 7 259 1803 258 1626
8461 4 2 7 7 1714 1956 1918 1726
8462 4 2 7 7 1031 276 1032 1788
8463 4 2 7 7 1807 256 1630 255
8464 4 2 7 7 1028 1768 1031 2411
8465 4 2 7 7 1849 1652 1828 1848
8466 4 2 7 7 1828 1848 1650 1826
8467 4 2 7 7 1698 1657 1833 1835
8468 4 2 7 7 1775 1950 452 1880
8469 4 2 7 7 1626 1803 258 1920
8470 4 2 7 7 1663 1895 1839 1715
8471 4 2 7 7 1680 1694 1900 1784
8472 4 2 7 7 1811 1709 1883 1882
8473 4 2 7 7 1908 1644 274 278
8474 4 2 7 7 1911 1735 1621 290
8475 4 2 7 7 1794 1714 1918 1726
8476 4 2 7 7 376 402 1622 377
8477 4 2 7 7 1848 1652 1828 1650
8478 4 2 7 7 1942 1935 1809 1762
8479 4 2 7 7 1621 1735 262 290
8480 4 2 7 7 1803 259 1936 1626
8481 4 2 7 7 1634 1735 1911 289
8482 4 2 7 7 1647 1648 1649 1825
8483 4 2 7 7 1806 438 1706 1629
8484 4 2 7 7 1880 1755 1929 1806
8485 4 2 7 7 1852 1675 1667 1649
8486 4 2 7 7 1785 1675 1827 1651
8487 4 2 7 7 365 1813 1637 1718
8488 4 2 7 7 1880 1643 1769 1706
8489 4 2 7 7 1910 1730 1676 1675
8490 4 2 7 7 1896 1661 1715 1665
8491 4 2 7 7 1677 1667 1854 1853
8492 4 2 7 7 1821 389 1813 1637
8493 4 2 7 7 1891 1893 1783 1690
8494 4 2 7 7 1801 1624 398 399
8495 4 2 7 7 450 438 451 1806
8496 4 2 7 7 1843 1667 1648 1825
8497 4 2 7 7 375 1728 400 374
8498 4 2 7 7 1904 1700 1840 1664
8499 4 2 7 7 288 289 1634 1814
8500 4 2 7 7 1654 1660 1657 1833
8501 4 2 7 7 1248 1788 362 1250
8502 4 2 7 7 273 1638 1815 1027
8503 4 2 7 7 1775 1819 436 1950
8504 4 2 7 7 1813 1246 365 1637
8505 4 2 7 7 1654 1829 1653 1651
8506 4 2 7 7 452 1775 1880 1706
8507 4 2 7 7 446 1879 1948 1737
8508 4 2 7 7 1908 1644 1726 1713
8509 4 2 7 7 1714 1956 1726 1713
8510 4 2 7 7 1895 1894 1724 1663
8511 4 2 7 7 1788 12 1248 362
8512 4 2 7 7 1828 1652 1829 1651
8513 4 2 7 7 296 255 1807 297
8514 4 2 7 7 1685 1860 1684 1777
8515 4 2 7 7 1880 1775 1643 1706
8516 4 2 7 7 276 12 1032 1788
8517 4 2 7 7 1669 1694 1784 1846
8518 4 2 7 7 1956 1908 1713 1815
8519 4 2 7 7 439 1629 1822 1646
8520 4 2 7 7 396 1944 1767 397
8521 4 2 7 7 290 291 1621 1798
8522 4 2 7 7 365 390 1813 1718
8523 4 2 7 7 1954 1912 1656 1758
8524 4 2 7 7 1785 1660 1654 1830
8525 4 2 7 7 1854 1846 1669 1720
8526 4 2 7 7 1813 1637 1718 1794
8527 4 2 7 7 1876 1730 1910 1836
8528 4 2 7 7 401 375 1931 400
8529 4 2 7 7 257 1925 1748 1747
8530 4 2 7 7 1806 1706 1755 1629
8531 4 2 7 7 25 452 437 1775
8532 4 2 7 7 257 295 1925 1920
8533 4 2 7 7 1933 17 16 443
8534 4 2 7 7 370 394 1898 395
8535 4 2 7 7 1807 256 255 296
8536 4 2 7 7 1799 1931 401 1622
8537 4 2 7 7 1621 1911 1798 1797
8538 4 2 7 7 1820 1821 1918 1726
8539 4 2 7 7 1713 1908 274 1029
8540 4 2 7 7 1029 1713 1908 279
8541 4 2 7 7 1912 1722 1757 1894
8542 4 2 7 7 1706 451 438 1806
8543 4 2 7 7 1849 1670 1848 1915
8544 4 2 7 7 396 1627 395 371
8545 4 2 7 7 370 395 1627 371
8546 4 2 7 7 1790 1885 1731 1810
8547 4 2 7 7 403 1786 1917 1733
8548 4 2 7 7 389 1821 388 1245
8549 4 2 7 7 1628 1963 1710 1930
8550 4 2 7 7 370 394 369 1898
8551 4 2 7 7 1905 1704 1703 1875
8552 4 2 7 7 369 1898 1723 370
8553 4 2 7 7 286 287 265 1800
8554 4 2 7 7 1742 1869 1795 1688
8555 4 2 7 7 1247 197 196 1026
8556 4 2 7 7 1918 1813 1794 1726
8557 4 2 7 7 1775 452 437 1706
8558 4 2 7 7 1931 376 401 1622
8559 4 2 7 7 287 264 1923 288
8560 4 2 7 7 1708 1709 1882 1884
8561 4 2 7 7 1029 273 1713 279
8562 4 2 7 7 436 26 1950 447
8563 4 2 7 7 373 399 1624 374
8564 4 2 7 7 1639 1817 385 384
8565 4 2 7 7 446 435 1737 1819
8566 4 2 7 7 1911 1814 1634 289
8567 4 2 7 7 1939 1798 1911 1797
8568 4 2 7 7 1767 396 372 371
8569 4 2 7 7 396 1767 372 397
8570 4 2 7 7 1800 1623 1941 1696
8571 4 2 7 7 390 1246 365 1813
8572 4 2 7 7 1711 1723 1902 1627
8573 4 2 7 7 1624 1946 1750 1703
8574 4 2 7 7 1648 1669 1843 1824
8575 4 2 7 7 256 295 1925 257
8576 4 2 7 7 256 1807 1925 296
8577 4 2 7 7 1846 1669 1694 1824
8578 4 2 7 7 1790 1810 1633 1924
8579 4 2 7 7 435 445 1778 434
8580 4 2 7 7 1963 1884 1710 1930
8581 4 2 7 7 1884 1710 1709 1781
8582 4 2 7 7 1747 1626 258 1920
8583 4 2 7 7 1924 1938 1633 1745
8584 4 2 7 7 1660 1654 1830 1833
8585 4 2 7 7 1917 1743 1855 1733
8586 4 2 7 7 1713 274 273 1029
8587 4 2 7 7 259 1741 1936 1626
8588 4 2 7 7 1839 1658 1899 1663
8589 4 2 7 7 1776 1822 439 1951
8590 4 2 7 7 1891 1691 1868 1690
8591 4 2 7 7 1896 1681 1851 1665
8592 4 2 7 7 1667 1853 1676 1852
8593 4 2 7 7 1703 1906 1875 1874
8594 4 2 7 7 295 256 1925 296
8595 4 2 7 7 1959 1752 1890 1883
8596 4 2 7 7 1918 1956 1908 1713
8597 4 2 7 7 1710 1708 1765 1884
8598 4 2 7 7 1964 1816 1641 1934
8599 4 2 7 7 1748 1925 1807 1962
8600 4 2 7 7 1650 1848 1929 1826
8601 4 2 7 7 1856 1749 1793 1679
8602 4 2 7 7 1738 1769 1943 1643
8603 4 2 7 7 1243 1249 1250 2411
8604 4 2 7 7 1813 1637 1794 1726
8605 4 2 7 7 399 373 1624 398
8606 4 2 7 7 1874 1875 1703 1699
8607 4 2 7 7 1629 1806 450 1822
8608 4 2 7 7 1778 1879 446 1737
8609 4 2 7 7 1883 1752 1890 1935
8610 4 2 7 7 398 1946 1624 1801
8611 4 2 7 7 1648 1694 1669 1824
8612 4 2 7 7 1881 1707 270 1635
8613 4 2 7 7 1781 1709 1884 1942
8614 4 2 7 7 382 1808 1631 383
8615 4 2 7 7 1863 1795 1869 1688
8616 4 2 7 7 399 400 1728 374
8617 4 2 7 7 1750 373 372 1946
8618 4 2 7 7 1709 1883 1882 1884
8619 4 2 7 7 1876 1701 1730 1836
8620 4 2 7 7 445 435 1778 446
8621 4 2 7 7 1243 388 387 1871
8622 4 2 7 7 1755 1880 1706 1806
8623 4 2 7 7 1786 403 378 1733
8624 4 2 7 7 1764 1653 1829 1652
8625 4 2 7 7 1631 1940 1966 1808
8626 4 2 7 7 1962 1763 1693 1692
8627 4 2 7 7 1888 1718 390 1244
8628 4 2 7 7 1649 1667 1852 1825
8629 4 2 7 7 1638 1713 273 1815
8630 4 2 7 7 1675 1676 1910 1852
8631 4 2 7 7 1958 1910 1730 1836
8632 4 2 7 7 1725 1669 1846 1720
8633 4 2 7 7 1687 1863 1686 1861
8634 4 2 7 7 389 1246 390 1813
8635 4 2 7 7 1813 1794 1889 1918
8636 4 2 7 7 1915 1670 1848 1943
8637 4 2 7 7 1752 1732 1935 1762
8638 4 2 7 7 1714 1889 1890 1732
8639 4 2 7 7 1699 1874 1873 1701
8640 4 2 7 7 291 292 260 1914
8641 4 2 7 7 364 365 1246 1637
8642 4 2 7 7 1888 1718 1632 1732
8643 4 2 7 7 447 436 1819 1950
8644 4 2 7 7 1918 1821 1813 1726
8645 4 2 7 7 267 268 284 1782
8646 4 2 7 7 274 1644 1908 1713
8647 4 2 7 7 433 445 1812 444
8648 4 2 7 7 1857 1695 1668 1851
8649 4 2 7 7 1857 1745 1924 1844
8650 4 2 7 7 1917 1786 1625 1743
8651 4 2 7 7 450 439 1629 1822
8652 4 2 7 7 1791 1703 1702 1877
8653 4 2 7 7 264 287 1923 265
8654 4 2 7 7 1723 1898 1805 1930
8655 4 2 7 7 1774 1735 1911 1634
8656 4 2 7 7 1747 257 1925 1920
8657 4 2 7 7 1823 1646 1629 1647
8658 4 2 7 7 1625 1802 405 404
8659 4 2 7 7 1910 1730 1961 1679
8660 4 2 7 7 1714 1889 1794 1918
8661 4 2 7 7 1637 1813 1821 1726
8662 4 2 7 7 1248 194 12 1032
8663 4 2 7 7 1646 1822 439 1776
8664 4 2 7 7 1884 1963 1781 1942
8665 4 2 7 7 1960 1630 1807 1763
8666 4 2 7 7 1893 1742 1965 1741
8667 4 2 7 7 435 1778 446 1737
8668 4 2 7 7 1958 1785 1675 1827
8669 4 2 7 7 398 372 1946 397
8670 4 2 7 7 372 398 1946 373
8671 4 2 7 7 1783 1914 1734 1741
8672 4 2 7 7 380 1625 405 379
8673 4 2 7 7 1941 1945 1681 1623
8674 4 2 7 7 1708 1765 1952 1731
8675 4 2 7 7 1793 1855 1856 1678
8676 4 2 7 7 1800 1696 1897 1727
8677 4 2 7 7 1908 1726 1918 1713
8678 4 2 7 7 1888 1889 1732 1935
8679 4 2 7 7 1624 1801 1703 1791
8680 4 2 7 7 404 378 379 1786
8681 4 2 7 7 1881 1635 1811 1882
8682 4 2 7 7 1712 1886 1811 1959
8683 4 2 7 7 1881 1635 1882 1708
8684 4 2 7 7 1635 1881 1707 1708
8685 4 2 7 7 1731 1952 1708 1949
8686 4 2 7 7 1935 1709 1752 1762
8687 4 2 7 7 391 366 392 1632
8688 4 2 7 7 278 277 1820 1030
8689 4 2 7 7 1709 1883 1884 1942
8690 4 2 7 7 443 1756 1858 432
8691 4 2 7 7 1826 1929 1650 1647
8692 4 2 7 7 379 1625 405 404
8693 4 2 7 7 1630 255 1753 1807
8694 4 2 7 7 1770 1779 1878 1802
8695 4 2 7 7 1807 1630 1748 1763
8696 4 2 7 7 1914 1741 1936 292
8697 4 2 7 7 1797 1939 1729 1774
8698 4 2 7 7 1905 1703 1906 1875
8699 4 2 7 7 1774 1939 1729 1937
8700 4 2 7 7 1029 1908 278 279
8701 4 2 7 7 1823 1629 1755 1647
8702 4 2 7 7 1922 1879 1772 1948
8703 4 2 7 7 1708 1882 1952 1884
8704 4 2 7 7 1769 1755 1880 1706
8705 4 2 7 7 444 433 1858 1812
8706 4 2 7 7 1856 1910 1961 1679
8707 4 2 7 7 1670 1848 1929 1650
8708 4 2 7 7 1727 1760 1814 1634
8709 4 2 7 7 1942 1883 1935 1762
8710 4 2 7 7 1639 1645 1932 1916
8711 4 2 7 7 1781 1717 1887 1628
8712 4 2 7 7 1876 1874 1702 1701
8713 4 2 7 7 1840 1700 1875 1699
8714 4 2 7 7 1654 1653 1829 1831
8715 4 2 7 7 286 1623 266 1796
8716 4 2 7 7 1248 195 194 1032
8717 4 2 7 7 1739 1964 1641 1934
8718 4 2 7 7 1801 1624 1728 1791
8719 4 2 7 7 297 1926 1753 1807
8720 4 2 7 7 404 378 1786 403
8721 4 2 7 7 297 1753 255 1807
8722 4 2 7 7 408 382 1808 407
8723 4 2 7 7 1629 1822 1646 1823
8724 4 2 7 7 265 1800 1923 1727
8725 4 2 7 7 1670 1848 1943 1929
8726 4 2 7 7 1869 1773 1742 1795
8727 4 2 7 7 1925 1870 1747 1920
8728 4 2 7 7 1924 1633 1790 1745
8729 4 2 7 7 1245 1719 363 364
8730 4 2 7 7 1854 1667 1843 1853
8731 4 2 7 7 1730 1910 1958 1675
8732 4 2 7 7 1860 1683 1861 1685
8733 4 2 7 7 1734 1798 291 1914
8734 4 2 7 7 1723 1898 369 1805
8735 4 2 7 7 1741 1914 260 292
8736 4 2 7 7 1857 1745 1844 1668
8737 4 2 7 7 1966 1725 1940 1631
8738 4 2 7 7 1817 410 385 384
8739 4 2 7 7 1745 1938 1782 1695
8740 4 2 7 7 284 285 267 1782
8741 4 2 7 7 1782 285 267 1796
8742 4 2 7 7 1887 1781 1963 1942
8743 4 2 7 7 1736 1909 1967 1931
8744 4 2 7 7 1815 1638 272 1027
8745 4 2 7 7 394 369 1898 1805
8746 4 2 7 7 366 1888 1718 1632
8747 4 2 7 7 1858 443 432 433
8748 4 2 7 7 382 408 1808 383
8749 4 2 7 7 255 297 254 1753
8750 4 2 7 7 390 1813 1718 1888
8751 4 2 7 7 1832 1653 1829 1764
8752 4 2 7 7 1929 1826 1823 1647
8753 4 2 7 7 1797 1735 1911 1774
8754 4 2 7 7 1638 1956 1713 1815
8755 4 2 7 7 1769 1670 1738 1943
8756 4 2 7 7 267 285 266 1796
8757 4 2 7 7 362 1642 363 1243
8758 4 2 7 7 1823 1822 1646 1824
8759 4 2 7 7 1799 1913 1947 1622
8760 4 2 7 7 1714 1956 1713 1638
8761 4 2 7 7 1952 1765 1708 1884
8762 4 2 7 7 1863 1686 1795 1688
8763 4 2 7 7 1028 275 276 1768
8764 4 2 7 7 1690 1893 1742 1867
8765 4 2 7 7 1822 1629 1806 1823
8766 4 2 7 7 396 1804 1627 1944
8767 4 2 7 7 269 270 1881 1707
8768 4 2 7 7 1817 410 384 409
8769 4 2 7 7 1809 1888 1632 1732
8770 4 2 7 7 1889 1714 1956 1918
8771 4 2 7 7 1718 1888 1794 1732
8772 4 2 7 7 1732 1809 1888 1935
8773 4 2 7 7 1847 1850 1902 1711
8774 4 2 7 7 1808 1631 1940 1927
8775 4 2 7 7 1938 1745 1857 1695
8776 4 2 7 7 1794 1888 1813 1889
8777 4 2 7 7 1923 1800 265 287
8778 4 2 7 7 282 269 270 1881
8779 4 2 7 7 1910 1958 1675 1852
8780 4 2 7 7 1755 1929 1806 1823
8781 4 2 7 7 270 281 1635 271
8782 4 2 7 7 450 439 1822 1951
8783 4 2 7 7 298 253 254 1816
8784 4 2 7 7 1813 1718 1888 1794
8785 4 2 7 7 1946 1624 1801 1703
8786 4 2 7 7 404 379 1625 1786
8787 4 2 7 7 1890 1889 1714 1956
8788 4 2 7 7 392 391 1632 1809
8789 4 2 7 7 285 286 266 1796
8790 4 2 7 7 1890 1956 1638 1815
8791 4 2 7 7 1942 1809 1717 1762
8792 4 2 7 7 1749 1909 1967 1736
8793 4 2 7 7 1956 1714 1890 1638
8794 4 2 7 7 298 299 253 1816
8795 4 2 7 7 1928 1808 408 383
8796 4 2 7 7 1866 1758 1864 1687
8797 4 2 7 7 297 298 1753 1926
8798 4 2 7 7 1621 1735 1911 1797
8799 4 2 7 7 1814 1774 1911 1634
8800 4 2 7 7 1629 1755 1806 1823
8801 4 2 7 7 1858 443 433 444
8802 4 2 7 7 1910 1730 1876 1961
8803 4 2 7 7 1889 1794 1888 1732
8804 4 2 7 7 1671 1922 1772 1849
8805 4 2 7 7 1967 1736 1931 1622
8806 4 2 7 7 1890 1752 1714 1732
8807 4 2 7 7 1915 1738 1670 1943
8808 4 2 7 7 1803 1936 1965 1626
8809 4 2 7 7 1942 1717 1781 1762
8810 4 2 7 7 1656 1832 1954 1764
8811 4 2 7 7 1794 1889 1714 1732
8812 4 2 7 7 1644 275 274 1030
8813 4 2 7 7 272 1815 1027 280
8814 4 2 7 7 1810 1731 1790 1633
8815 4 2 7 7 391 1888 366 1632
8816 4 2 7 7 1883 1709 1752 1935
8817 4 2 7 7 1645 1639 1680 1916
8818 4 2 7 7 281 1712 1886 1811
8819 4 2 7 7 1741 1893 1914 1936
8820 4 2 7 7 1788 1768 1642 2411
8821 4 2 7 7 1809 1632 1717 1762
8822 4 2 7 7 408 409 1928 383
8823 4 2 7 7 381 407 406 1927
8824 4 2 7 7 1957 386 1751 385
8825 4 2 7 7 1960 1780 1630 1763
8826 4 2 7 7 1244 1888 1718 366
8827 4 2 7 7 1929 1755 1670 1650
8828 4 2 7 7 448 441 440 1640
8829 4 2 7 7 1791 1728 1801 1907
8830 4 2 7 7 1870 1747 1920 1955
8831 4 2 7 7 1946 373 398 1624
8832 4 2 7 7 1679 1678 1853 1676
8833 4 2 7 7 1714 1752 1890 1638
8834 4 2 7 7 1883 1709 1935 1762
8835 4 2 7 7 1784 1901 1725 1846
8836 4 2 7 7 1695 1681 1851 1945
8837 4 2 7 7 1763 1748 1807 1962
8838 4 2 7 7 1965 1893 1741 1936
8839 4 2 7 7 299 300 252 1761
8840 4 2 7 7 1744 1710 1765 1930
8841 4 2 7 7 369 393 1805 394
8842 4 2 7 7 1732 1889 1890 1935
8843 4 2 7 7 1814 1760 1774 1634
8844 4 2 7 7 1679 1793 1856 1678
8845 4 2 7 7 1929 1755 1650 1647
8846 4 2 7 7 1877 1909 1771 1759
8847 4 2 7 7 1635 281 282 1811
8848 4 2 7 7 271 272 280 1886
8849 4 2 7 7 1703 1801 1946 1906
8850 4 2 7 7 1940 1725 1966 1901
8851 4 2 7 7 1799 1967 1931 1622
8852 4 2 7 7 1923 1727 1814 1634
8853 4 2 7 7 393 367 1717 392
8854 4 2 7 7 385 411 1957 386
8855 4 2 7 7 1926 1753 1816 298
8856 4 2 7 7 1717 1887 392 1809
8857 4 2 7 7 297 298 254 1753
8858 4 2 7 7 366 367 392 1632
8859 4 2 7 7 1927 1631 1940 1746
8860 4 2 7 7 1951 1776 1822 1900
8861 4 2 7 7 1749 1771 1856 1909
8862 4 2 7 7 1636 1684 1879 1778
8863 4 2 7 7 1962 1693 1862 1692
8864 4 2 7 7 1631 1808 382 1927
8865 4 2 7 7 1028 1031 1026 2411
8866 4 2 7 7 282 283 269 1881
8867 4 2 7 7 1783 1893 1914 1741
8868 4 2 7 7 381 382 407 1927
8869 4 2 7 7 1639 1817 1751 385
8870 4 2 7 7 1717 1887 1809 1942
8871 4 2 7 7 1632 391 1888 1809
8872 4 2 7 7 1870 1748 1925 1747
8873 4 2 7 7 1963 1887 1805 1628
8874 4 2 7 7 1935 1732 1632 1762
8875 4 2 7 7 1774 1937 1760 1814
8876 4 2 7 7 1752 1959 1709 1883
8877 4 2 7 7 299 252 253 1761
8878 4 2 7 7 1808 407 382 1927
8879 4 2 7 7 1936 1741 1965 1626
8880 4 2 7 7 1815 1638 1890 1886
8881 4 2 7 7 441 1932 442 1645
8882 4 2 7 7 1753 1816 1964 1926
8883 4 2 7 7 1964 1641 1816 1753
8884 4 2 7 7 1766 1966 1725 1901
8885 4 2 7 7 1805 1887 393 1628
8886 4 2 7 7 1754 1631 1808 383
8887 4 2 7 7 1639 1817 384 1754
8888 4 2 7 7 1807 1960 1763 1962
8889 4 2 7 7 409 384 1817 1754
8890 4 2 7 7 1638 1752 1890 1712
8891 4 2 7 7 411 385 1957 410
8892 4 2 7 7 393 392 1717 1887
8893 4 2 7 7 1753 254 1816 298
8894 4 2 7 7 406 381 1927 1921
8895 4 2 7 7 1244 1888 366 391
8896 4 2 7 7 1856 1961 1771 1679
8897 4 2 7 7 1815 272 1638 1886
8898 4 2 7 7 439 449 1951 450
8899 4 2 7 7 1932 442 1645 1792
8900 4 2 7 7 1819 1737 1738 1643
8901 4 2 7 7 1779 1720 1854 1677
8902 4 2 7 7 1962 1780 1763 1692
8903 4 2 7 7 281 270 1635 282
8904 4 2 7 7 1628 1805 1963 1930
8905 4 2 7 7 1965 1803 1626 1955
8906 4 2 7 7 1802 1921 1770 405
8907 4 2 7 7 282 1881 1635 1811
8908 4 2 7 7 1811 1635 1712 1959
8909 4 2 7 7 1754 409 384 383
8910 4 2 7 7 1921 406 381 405
8911 4 2 7 7 1632 1809 1732 1935
8912 4 2 7 7 1771 1961 1856 1909
8913 4 2 7 7 1767 1944 1787 1704
8914 4 2 7 7 1948 1879 1772 1737
8915 4 2 7 7 272 1815 280 1886
8916 4 2 7 7 1712 1752 1890 1959
8917 4 2 7 7 1887 1963 1781 1628
8918 4 2 7 7 1767 1944 1704 1905
8919 4 2 7 7 1858 1756 1934 1682
8920 4 2 7 7 281 271 280 1886
8921 4 2 7 7 1817 409 1754 1928
8922 4 2 7 7 1755 1929 1823 1647
8923 4 2 7 7 1953 1779 1854 1677
8924 4 2 7 7 1947 1967 1799 1622
8925 4 2 7 7 1732 1890 1752 1935
8926 4 2 7 7 1787 1627 1804 1944
8927 4 2 7 7 1636 1778 445 434
8928 4 2 7 7 1964 1753 1926 1960
8929 4 2 7 7 1808 1928 1754 383
8930 4 2 7 7 440 449 448 1640
8931 4 2 7 7 367 393 1717 368
8932 4 2 7 7 272 271 1712 1886
8933 4 2 7 7 1632 1809 1935 1762
8934 4 2 7 7 1709 1883 1942 1762
8935 4 2 7 7 409 1754 1928 383
8936 4 2 7 7 270 282 1881 1635
8937 4 2 7 7 1712 1890 1638 1886
8938 4 2 7 7 441 1932 448 442
8939 4 2 7 7 1645 1932 1792 1751
8940 4 2 7 7 1933 299 1816 1761
8941 4 2 7 7 1751 1792 386 1957
8942 4 2 7 7 1763 1960 1780 1962
8943 4 2 7 7 1932 1645 1639 1751
8944 4 2 7 7 1712 1638 272 1886
8945 4 2 7 7 1886 1712 1890 1959
8946 4 2 7 7 269 1707 1881 283
8947 4 2 7 7 300 299 1933 1761
8948 4 2 7 7 300 17 16 1933
8949 4 2 7 7 1887 1717 1781 1942
8950 4 2 7 7 1710 1884 1963 1781
8951 4 2 7 7 1932 1792 1751 1957
8952 4 2 7 7 21 22 1792 442
8953 4 2 7 7 271 281 1712 1886
8954 4 2 7 7 1870 1693 1862 1962
8955 4 2 7 7 286 285 1945 1796
8956 4 2 7 7 1904 1705 1847 1903
8957 4 2 7 7 1842 1721 1904 1838
8958 4 2 7 7 1674 1744 1850 1711
8959 4 2 7 7 1759 1877 1909 1907
8960 4 2 7 7 1909 1749 1771 1759
8961 4 2 7 7 1877 1801 1907 1791
8962 4 2 7 7 1869 1863 1688 1867
8963 4 2 7 7 1872 1832 1829 1764
8964 4 2 7 7 1681 1941 1623 1696
8965 4 2 7 7 1760 1937 1897 1814
8966 4 2 7 7 1742 1965 1869 1867
8967 4 2 7 7 1683 1692 1682 1859
8968 4 2 7 7 1867 1689 1868 1866
8969 4 2 7 7 1868 1891 1690 1867
8970 4 2 7 7 1863 1862 1686 1861
8971 4 2 7 7 1864 1863 1866 1687
8972 4 2 7 7 1690 1891 1893 1867
8973 4 2 7 7 1687 1864 1863 1861
8974 4 2 7 7 1862 1865 1962 1692
8975 4 2 7 7 1753 1964 1641 1739
8976 4 2 7 7 1693 1686 1862 1692
8977 4 2 7 7 1739 1865 1964 1934
8978 4 2 7 7 1692 1865 1739 1682
8979 4 2 7 7 1777 1919 1860 1922
8980 4 2 7 7 1689 1758 1866 1687
8981 4 2 7 7 1683 1859 1860 1861
8982 4 2 7 7 1688 1863 1686 1687
8983 4 2 7 7 1656 1954 1758 1764
8984 4 2 7 7 1670 1849 1671 1738
8985 4 2 7 7 1758 1697 1864 1687
8986 4 2 7 7 1861 1683 1686 1685
8987 4 2 7 7 1686 1687 1861 1685
8988 4 2 7 7 1685 1861 1860 1919
8989 4 2 7 7 1919 1685 1697 1777
8990 4 2 7 7 1872 1671 1697 1764
8991 4 2 7 7 1919 1697 1864 1872
8992 4 2 7 7 1932 442 22 448
8993 4 2 7 7 1927 382 1631 1746
8994 4 2 7 7 1927 381 382 1746
8995 4 2 7 7 1878 1927 1940 1746
8996 4 2 7 7 1802 1779 1878 1953
8997 4 2 7 7 1854 1878 1779 1953
8998 4 2 7 7 1862 1865 1692 1859
8999 4 2 7 7 1927 381 1770 1921
9000 4 2 7 7 1770 381 1927 1746
9001 4 2 7 7 1770 1878 1927 1921
9002 4 2 7 7 1927 1878 1770 1746
9003 4 2 7 7 1687 1866 1688 1863
9004 4 2 7 7 1687 1688 1866 1689
9005 4 2 7 7 1867 1688 1866 1863
9006 4 2 7 7 1867 1866 1688 1689
9007 4 2 7 7 1711 1674 1847 1850
9008 4 2 7 7 1711 1847 1674 1673
9009 4 2 7 7 1845 1847 1674 1850
9010 4 2 7 7 1845 1674 1847 1673
9011 4 2 7 7 1904 1903 1700 1705
9012 4 2 7 7 1904 1700 1903 1875
9013 4 2 7 7 1704 1700 1903 1705
9014 4 2 7 7 1704 1903 1700 1875
9015 4 2 7 7 1818 1776 1951 1900
9016 4 2 7 7 1680 1694 1818 1900
9017 4 2 7 7 1680 1818 1694 1640
9018 4 2 7 7 1694 1776 1818 1900
9019 4 2 7 7 1694 1818 1776 1640
9020 4 2 7 7 1897 1814 1727 1760
9021 4 2 7 7 1727 1814 1897 1923
9022 4 2 7 7 1861 1862 1683 1859
9023 4 2 7 7 1861 1683 1862 1686
9024 4 2 7 7 1868 1912 1689 1757
9025 4 2 7 7 1868 1689 1912 1866
9026 4 2 7 7 1758 1689 1912 1757
9027 4 2 7 7 1758 1912 1689 1866
9028 4 2 7 7 1870 1693 1869 1862
9029 4 2 7 7 1846 1900 1784 1901
9030 4 2 7 7 1846 1784 1900 1694
9031 4 2 7 7 1742 1626 1955 1965
9032 4 2 7 7 1955 1626 1742 1773
9033 4 2 7 7 1955 1869 1742 1965
9034 4 2 7 7 1742 1869 1955 1773
9035 4 2 7 7 1934 1865 1682 1739
9036 4 2 7 7 1682 1865 1934 1858
9037 4 2 7 7 1770 381 405 1921
9038 4 2 7 7 405 381 1770 380
9039 4 2 7 7 1818 1916 1645 1680
9040 4 2 7 7 1645 1916 1818 1932
9041 4 2 7 7 285 1945 1782 1938
9042 4 2 7 7 285 1782 1945 1796
9043 4 2 7 7 1903 1944 1704 1787
9044 4 2 7 7 1704 1944 1903 1905
9045 4 2 7 7 1658 1659 1837 1834
9046 4 2 7 7 1837 1659 1658 1661
9047 4 2 7 7 1837 1839 1658 1834
9048 4 2 7 7 1658 1839 1837 1661
9049 4 2 7 7 1838 1904 1664 1721
9050 4 2 7 7 1664 1904 1838 1840
9051 4 2 7 7 2411 1820 1789 1871
9052 4 2 7 7 2411 1789 1820 1768
9053 4 2 7 7 1849 1872 1652 1671
9054 4 2 7 7 1849 1652 1872 1828
9055 4 2 7 7 1783 1891 1734 1914
9056 4 2 7 7 1783 1734 1891 1740
9057 4 2 7 7 1798 1734 1891 1914
9058 4 2 7 7 1798 1891 1734 1740
9059 4 2 7 7 1696 1897 1715 1896
9060 4 2 7 7 1696 1715 1897 1716
9061 4 2 7 7 1895 1715 1897 1896
9062 4 2 7 7 1895 1897 1715 1716
9063 4 2 7 7 1834 1657 1655 1658
9064 4 2 7 7 1655 1657 1834 1831
9065 4 2 7 7 1655 1899 1834 1658
9066 4 2 7 7 1834 1899 1655 1831
9067 4 2 7 7 1885 1674 1672 1790
9068 4 2 7 7 1672 1674 1885 1845
9069 4 2 7 7 1672 1924 1885 1790
9070 4 2 7 7 1885 1924 1672 1845
9071 4 2 7 7 1683 1859 1812 1860
9072 4 2 7 7 1916 1900 1784 1680
9073 4 2 7 7 1784 1900 1916 1901
9074 4 2 7 7 1784 1766 1916 1680
9075 4 2 7 7 1916 1766 1784 1901
9076 4 2 7 7 1716 1937 1892 1895
9077 4 2 7 7 1892 1937 1716 1729
9078 4 2 7 7 1892 1724 1716 1895
9079 4 2 7 7 1716 1724 1892 1729
9080 4 2 7 7 1767 1905 1946 1944
9081 4 2 7 7 1946 1905 1767 1750
9082 4 2 7 7 1946 397 1767 1944
9083 4 2 7 7 1909 1907 1736 1759
9084 4 2 7 7 1736 1907 1909 1931
9085 4 2 7 7 1874 1877 1703 1906
9086 4 2 7 7 1703 1877 1874 1702
9087 4 2 7 7 1844 1845 1666 1672
9088 4 2 7 7 1844 1666 1845 1842
9089 4 2 7 7 1745 1672 1844 1668
9090 4 2 7 7 1844 1672 1745 1924
9091 4 2 7 7 1702 1771 1876 1701
9092 4 2 7 7 1730 1876 1771 1701
9093 4 2 7 7 1730 1771 1876 1961
9094 4 2 7 7 1731 1674 1952 1885
9095 4 2 7 7 1952 1674 1731 1765
9096 4 2 7 7 1896 1665 1837 1661
9097 4 2 7 7 1896 1837 1665 1841
9098 4 2 7 7 1662 1837 1665 1661
9099 4 2 7 7 1662 1665 1837 1841
9100 4 2 7 7 1664 1699 1873 1698
9101 4 2 7 7 1873 1699 1664 1840
9102 4 2 7 7 1873 1835 1664 1698
9103 4 2 7 7 1664 1835 1873 1840
9104 4 2 7 7 1868 1757 1724 1894
9105 4 2 7 7 1724 1757 1868 1691
9106 4 2 7 7 1724 1892 1868 1894
9107 4 2 7 7 1868 1892 1724 1691
9108 4 2 7 7 1880 1819 1775 1950
9109 4 2 7 7 1880 1775 1819 1643
9110 4 2 7 7 1664 1662 1835 1838
9111 4 2 7 7 1835 1662 1664 1659
9112 4 2 7 7 1684 1772 1879 1778
9113 4 2 7 7 1684 1879 1772 1922
9114 4 2 7 7 1746 1878 1725 1940
9115 4 2 7 7 1746 1725 1878 1720
9116 4 2 7 7 1846 1725 1878 1940
9117 4 2 7 7 1846 1878 1725 1720
9118 4 2 7 7 1764 1872 1758 1697
9119 4 2 7 7 1764 1758 1872 1954
9120 4 2 7 7 1864 1758 1872 1697
9121 4 2 7 7 1864 1872 1758 1954
9122 4 2 7 7 1919 1671 1922 1777
9123 4 2 7 7 1922 1671 1919 1849
9124 4 2 7 7 1912 1832 1722 1899
9125 4 2 7 7 1912 1722 1832 1656
9126 4 2 7 7 1655 1722 1832 1899
9127 4 2 7 7 1655 1832 1722 1656
9128 4 2 7 7 1841 1838 1666 1842
9129 4 2 7 7 1841 1666 1838 1662
9130 4 2 7 7 1721 1666 1838 1842
9131 4 2 7 7 1721 1838 1666 1662
9132 4 2 7 7 1876 1877 1771 1702
9133 4 2 7 7 1771 1877 1876 1961
9134 4 2 7 7 1707 1810 1731 1949
9135 4 2 7 7 1731 1810 1707 1633
9136 4 2 7 7 1819 1915 1737 1948
9137 4 2 7 7 1819 1737 1915 1738
9138 4 2 7 7 1772 1737 1915 1948
9139 4 2 7 7 1772 1915 1737 1738
9140 4 2 7 7 1960 1962 1692 1780
9141 4 2 7 7 1960 1692 1962 1865
9142 4 2 7 7 1739 1960 1692 1780
9143 4 2 7 7 1739 1692 1960 1865
9144 4 2 7 7 1964 1739 1960 1865
9145 4 2 7 7 1851 1844 1665 1668
9146 4 2 7 7 1851 1665 1844 1841
9147 4 2 7 7 1729 1939 1891 1892
9148 4 2 7 7 1891 1939 1729 1740
9149 4 2 7 7 1891 1691 1729 1892
9150 4 2 7 7 1729 1691 1891 1740
9151 4 2 7 7 433 1858 1636 1682
9152 4 2 7 7 433 1636 1858 1812
9153 4 2 7 7 1904 1842 1673 1721
9154 4 2 7 7 1673 1842 1904 1847
9155 4 2 7 7 1673 1705 1904 1721
9156 4 2 7 7 1904 1705 1673 1847
9157 4 2 7 7 1834 1835 1657 1659
9158 4 2 7 7 1834 1657 1835 1833
9159 4 2 7 7 1663 1894 1899 1839
9160 4 2 7 7 1663 1899 1894 1722
9161 4 2 7 7 1902 1627 1787 1711
9162 4 2 7 7 1787 1627 1902 1804
9163 4 2 7 7 1787 1903 1902 1711
9164 4 2 7 7 1902 1903 1787 1804
9165 4 2 7 7 1693 1748 1962 1870
9166 4 2 7 7 1962 1748 1693 1763
9167 4 2 7 7 1860 1879 1636 1684
9168 4 2 7 7 1636 1879 1860 1812
9169 4 2 7 7 1636 1683 1860 1684
9170 4 2 7 7 1860 1683 1636 1812
9171 4 2 7 7 1697 1919 1861 1685
9172 4 2 7 7 1861 1919 1697 1864
9173 4 2 7 7 1861 1687 1697 1685
9174 4 2 7 7 1697 1687 1861 1864
9175 4 2 7 7 1701 1698 1836 1873
9176 4 2 7 7 1701 1836 1698 1660
9177 4 2 7 7 1833 1836 1698 1873
9178 4 2 7 7 1833 1698 1836 1660
9179 4 2 7 7 1831 1833 1654 1657
9180 4 2 7 7 1831 1654 1833 1830
9181 4 2 7 7 1625 1770 405 1802
9182 4 2 7 7 1625 405 1770 380
9183 4 2 7 7 1779 1743 1802 1625
9184 4 2 7 7 1779 1802 1743 1953
9185 4 2 7 7 1917 1802 1743 1625
9186 4 2 7 7 1917 1743 1802 1953
9187 4 2 7 7 277 2411 1247 1871
9188 4 2 7 7 1247 2411 277 1028
9189 4 2 7 7 1247 13 277 1871
9190 4 2 7 7 277 13 1247 1028
9191 4 2 7 7 1832 1831 1653 1655
9192 4 2 7 7 1832 1653 1831 1829
9193 4 2 7 7 1879 445 1636 1778
9194 4 2 7 7 1636 445 1879 1812
9195 4 2 7 7 1827 1852 1649 1675
9196 4 2 7 7 1827 1649 1852 1825
9197 4 2 7 7 1756 1934 1761 1933
9198 4 2 7 7 1756 1761 1934 1641
9199 4 2 7 7 1816 1761 1934 1933
9200 4 2 7 7 1816 1934 1761 1641
9201 4 2 7 7 1623 265 286 266
9202 4 2 7 7 286 265 1623 1800
9203 4 2 7 7 1761 16 443 1933
9204 4 2 7 7 443 16 1761 432
9205 4 2 7 7 443 1756 1761 1933
9206 4 2 7 7 1761 1756 443 432
9207 4 2 7 7 1828 1651 1650 1652
9208 4 2 7 7 1650 1651 1828 1826
9209 4 2 7 7 1694 1824 1822 1900
9210 4 2 7 7 1822 1824 1694 1646
9211 4 2 7 7 1822 1776 1694 1900
9212 4 2 7 7 1694 1776 1822 1646
9213 4 2 7 7 1825 1826 1647 1823
9214 4 2 7 7 1825 1647 1826 1649
9215 4 2 7 7 1629 438 450 1806
9216 4 2 7 7 1629 450 438 439
9217 4 2 7 7 2411 387 1243 1249
9218 4 2 7 7 2411 1243 387 1871
9219 4 2 7 7 1660 1830 1958 1836
9220 4 2 7 7 1958 1830 1660 1785
9221 4 2 7 7 1958 1730 1660 1836
9222 4 2 7 7 1660 1730 1958 1785
9223 4 2 7 7 1967 1622 1793 1749
9224 4 2 7 7 1793 1622 1967 1947
9225 4 2 7 7 1793 1856 1967 1749
9226 4 2 7 7 1967 1856 1793 1947
9227 4 2 7 7 452 1950 25 26
9228 4 2 7 7 452 25 1950 1775
9229 4 2 7 7 436 25 1950 26
9230 4 2 7 7 436 1950 25 1775
9231 4 2 7 7 1797 1798 1740 1939
9232 4 2 7 7 1797 1740 1798 1621
9233 4 2 7 7 1795 1863 1862 1686
9234 4 2 7 7 1862 1863 1795 1869
9235 4 2 7 7 1862 1693 1795 1686
9236 4 2 7 7 1795 1693 1862 1869
9237 4 2 7 7 1636 433 445 1812
9238 4 2 7 7 445 433 1636 434
9239 4 2 7 7 291 1621 1734 261
9240 4 2 7 7 291 1734 1621 1798
9241 4 2 7 7 1648 1646 1823 1647
9242 4 2 7 7 1823 1646 1648 1824
9243 4 2 7 7 1823 1825 1648 1647
9244 4 2 7 7 1648 1825 1823 1824
9245 4 2 7 7 1785 1654 1827 1830
9246 4 2 7 7 1785 1827 1654 1651
9247 4 2 7 7 1829 1827 1654 1830
9248 4 2 7 7 1829 1654 1827 1651
9249 4 2 7 7 1880 1769 1929 1755
9250 4 2 7 7 1880 1929 1769 1943
9251 4 2 7 7 1670 1929 1769 1755
9252 4 2 7 7 1670 1769 1929 1943
9253 4 2 7 7 1677 1743 1855 1953
9254 4 2 7 7 1677 1855 1743 1678
9255 4 2 7 7 1703 1877 1801 1906
9256 4 2 7 7 1801 1877 1703 1791
9257 4 2 7 7 1916 1966 1754 1766
9258 4 2 7 7 1916 1754 1966 1928
9259 4 2 7 7 1631 1754 1966 1766
9260 4 2 7 7 1829 1652 1872 1764
9261 4 2 7 7 1829 1872 1652 1828
9262 4 2 7 7 1733 403 377 1913
9263 4 2 7 7 1733 377 403 378
9264 4 2 7 7 1817 1916 1754 1639
9265 4 2 7 7 1754 1916 1817 1928
9266 4 2 7 7 1622 402 1913 377
9267 4 2 7 7 1913 402 1622 1799
9268 4 2 7 7 283 1633 1707 1810
9269 4 2 7 7 1707 1633 283 269
9270 4 2 7 7 370 1898 1627 395
9271 4 2 7 7 370 1627 1898 1723
9272 4 2 7 7 1804 1627 1898 395
9273 4 2 7 7 1816 253 1761 299
9274 4 2 7 7 1761 253 1816 1641
9275 4 2 7 7 16 300 1761 252
9276 4 2 7 7 16 1761 300 1933
9277 4 2 7 7 1931 375 1728 400
9278 4 2 7 7 1728 375 1931 1736
9279 4 2 7 7 1728 1907 1931 400
9280 4 2 7 7 1931 1907 1728 1736
9281 4 2 7 7 288 1634 1923 1814
9282 4 2 7 7 288 1923 1634 264
9283 4 2 7 7 399 1624 1728 1801
9284 4 2 7 7 399 1728 1624 374
9285 4 2 7 7 1741 292 259 1936
9286 4 2 7 7 259 292 1741 260
9287 4 2 7 7 1640 441 1932 448
9288 4 2 7 7 1932 441 1640 1645
9289 4 2 7 7 1932 1818 1640 448
9290 4 2 7 7 1640 1818 1932 1645
9291 4 2 7 7 1946 372 1767 397
9292 4 2 7 7 1946 1767 372 1750
9293 4 2 7 7 1946 1703 1905 1750
9294 4 2 7 7 1946 1905 1703 1906
9295 4 2 7 7 1723 1930 1902 1898
9296 4 2 7 7 1902 1930 1723 1744
9297 4 2 7 7 1957 385 1817 410
9298 4 2 7 7 1817 385 1957 1751
9299 4 2 7 7 1626 1920 1955 1803
9300 4 2 7 7 1955 1920 1626 1747
9301 4 2 7 7 1807 1748 256 1925
9302 4 2 7 7 1807 256 1748 1630
9303 4 2 7 7 1782 284 1633 268
9304 4 2 7 7 1782 1633 284 1938
9305 4 2 7 7 1765 1930 1850 1744
9306 4 2 7 7 1850 1930 1765 1952
9307 4 2 7 7 1850 1674 1765 1744
9308 4 2 7 7 1765 1674 1850 1952
9309 4 2 7 7 1708 1881 1949 1882
9310 4 2 7 7 1708 1949 1881 1707
9311 4 2 7 7 1884 1765 1930 1952
9312 4 2 7 7 1884 1930 1765 1710
9313 4 2 7 7 1753 1807 1960 1630
9314 4 2 7 7 1960 1807 1753 1926
9315 4 2 7 7 1751 1932 1817 1639
9316 4 2 7 7 1751 1817 1932 1957
9317 4 2 7 7 1635 281 1712 271
9318 4 2 7 7 1712 281 1635 1811
9319 4 2 7 7 291 1734 260 261
9320 4 2 7 7 291 260 1734 1914
9321 4 2 7 7 1869 1693 1773 1795
9322 4 2 7 7 1628 393 369 368
9323 4 2 7 7 1628 369 393 1805
9324 4 2 7 7 396 1767 1627 371
9325 4 2 7 7 1627 1767 396 1944
9326 4 2 7 7 1632 392 1717 367
9327 4 2 7 7 1717 392 1632 1809
9328 4 2 7 7 440 1951 439 449
9329 4 2 7 7 439 1951 440 1776
9330 4 2 7 7 1640 1818 1951 449
9331 4 2 7 7 1951 1818 1640 1776
9332 4 2 7 7 440 1640 1951 449
9333 4 2 7 7 1951 1640 440 1776
9334 4 2 7 7 393 1717 1628 1887
9335 4 2 7 7 1628 1717 393 368
9336 4 2 7 7 1808 1754 1966 1631
9337 4 2 7 7 1808 1966 1754 1928
9338 4 2 7 7 1693 1869 1955 1870
9339 4 2 7 7 1955 1869 1693 1773
9340 4 2 7 7 1955 1747 1693 1870
9341 4 2 7 7 1693 1747 1955 1773
9342 4 2 7 7 1753 1739 1960 1964
9343 4 2 7 7 1960 1739 1753 1780
9344 4 2 7 7 386 1957 21 411
9345 4 2 7 7 386 21 1957 1792
9346 4 2 7 7 22 21 1957 411
9347 4 2 7 7 22 1957 21 1792
9348 4 2 7 7 22 1792 1932 1957
9349 4 2 7 7 22 1932 1792 442
9350 4 2 7 7 1682 1683 1858 1636
9351 4 2 7 7 1682 1858 1683 1859
9352 4 2 7 7 1812 1858 1683 1636
9353 4 2 7 7 1812 1683 1858 1859
9354 4 2 7 7 1855 1913 1793 1947
9355 4 2 7 7 1855 1793 1913 1733
9356 4 2 7 7 1622 1793 1913 1947
9357 4 2 7 7 1622 1913 1793 1733
9358 4 2 7 7 1627 1898 1902 1804
9359 4 2 7 7 1627 1902 1898 1723
9360 4 2 7 8 2443 2550 1204 2551
9361 4 2 7 8 1138 1187 1956 2494
9362 4 2 7 8 1471 2495 1470 2496
9363 4 2 7 8 1968 2427 1948 2487
9364 4 2 7 8 1488 1525 1487 2498
9365 4 2 7 8 1206 1047 2446 2586
9366 4 2 7 8 2478 2522 2465 2563
9367 4 2 7 8 2432 2483 2414 2575
9368 4 2 7 8 1848 1915 2473 2513
9369 4 2 7 8 1470 2591 2496 2610
9370 4 2 7 8 2432 2414 2513 2575
9371 4 2 7 8 1206 2446 1047 2511
9372 4 2 7 8 2445 2616 2430 2619
9373 4 2 7 8 1488 2482 1525 2498
9374 4 2 7 8 2428 1121 2497 2555
9375 4 2 7 8 1187 1956 2494 2598
9376 4 2 7 8 1857 2445 1118 2537
9377 4 2 7 8 1064 2484 2457 2587
9378 4 2 7 8 1922 2472 2427 2513
9379 4 2 7 8 1480 2439 1479 2524
9380 4 2 7 8 1919 2472 1922 2513
9381 4 2 7 8 1975 2474 2427 2571
9382 4 2 7 8 2430 2470 2445 2619
9383 4 2 7 8 1485 2466 1481 2482
9384 4 2 7 8 1471 2496 1470 2591
9385 4 2 7 8 1948 2427 1982 2474
9386 4 2 7 8 2503 1988 2573 2617
9387 4 2 7 8 1485 1483 1481 2466
9388 4 2 7 8 1549 1550 1582 2585
9389 4 2 7 8 2465 2478 2417 2522
9390 4 2 7 8 2417 2478 2432 2522
9391 4 2 7 8 1954 1864 1872 2592
9392 4 2 7 8 2045 2533 2431 2573
9393 4 2 7 8 1495 2477 2563 2581
9394 4 2 7 8 2553 2573 1988 2617
9395 4 2 7 8 2425 2464 2440 2467
9396 4 2 7 8 1948 1968 1982 2427
9397 4 2 7 8 1470 2496 2495 2610
9398 4 2 7 8 1079 2490 1101 2616
9399 4 2 7 8 2427 2487 1968 2571
9400 4 2 7 8 2414 2432 2442 2554
9401 4 2 7 8 2415 2430 2616 2619
9402 4 2 7 8 2418 2438 2544 2584
9403 4 2 7 8 2420 2417 2479 2526
9404 4 2 7 8 1202 1215 1118 2445
9405 4 2 7 8 1094 2507 2447 2560
9406 4 2 7 8 1945 1857 1118 2537
9407 4 2 7 8 1570 1525 1488 2482
9408 4 2 7 8 2423 2522 2478 2563
9409 4 2 7 8 1098 1091 1092 2490
9410 4 2 7 8 2455 2422 2516 2608
9411 4 2 7 8 1110 2546 2531 2621
9412 4 2 7 8 2425 2415 2451 2538
9413 4 2 7 8 2483 2505 2414 2575
9414 4 2 7 8 1868 1891 1867 2509
9415 4 2 7 8 2415 2470 2451 2538
9416 4 2 7 8 2455 2518 2438 2562
9417 4 2 7 8 1085 2428 1121 2557
9418 4 2 7 8 1471 1469 1470 2495
9419 4 2 7 8 1915 2427 1948 2474
9420 4 2 7 8 1488 1487 2482 2498
9421 4 2 7 8 1471 1469 2495 2496
9422 4 2 7 8 2431 2503 2045 2573
9423 4 2 7 8 1835 2435 1833 2538
9424 4 2 7 8 2438 2554 2418 2569
9425 4 2 7 8 2431 2045 2503 2533
9426 4 2 7 8 1506 1512 1503 2441
9427 4 2 7 8 2423 2478 2465 2563
9428 4 2 7 8 2427 2513 2414 2575
9429 4 2 7 8 1506 2452 1514 2480
9430 4 2 7 8 1469 1471 1472 2496
9431 4 2 7 8 2444 2456 1105 2557
9432 4 2 7 8 2415 2470 2430 2619
9433 4 2 7 8 1846 2452 2441 2480
9434 4 2 7 8 1525 1590 2497 2567
9435 4 2 7 8 1495 1596 2477 2581
9436 4 2 7 8 2425 2451 2415 2564
9437 4 2 7 8 1915 1848 1849 2513
9438 4 2 7 8 2412 2471 2468 2561
9439 4 2 7 8 1082 1083 2607 2608
9440 4 2 7 8 1094 2447 1135 2560
9441 4 2 7 8 1936 2509 1157 2535
9442 4 2 7 8 2428 1525 2482 2498
9443 4 2 7 8 1835 1834 1833 2435
9444 4 2 7 8 1121 1100 2428 2567
9445 4 2 7 8 2446 2499 1099 2509
9446 4 2 7 8 1814 2446 1047 2586
9447 4 2 7 8 2465 2522 2454 2563
9448 4 2 7 8 1483 1481 2466 2541
9449 4 2 7 8 2451 2466 2415 2564
9450 4 2 7 8 2417 2478 2420 2479
9451 4 2 7 8 1090 2459 2462 2486
9452 4 2 7 8 1156 1185 1096 2463
9453 4 2 7 8 1868 1892 1891 2446
9454 4 2 7 8 1101 1116 1079 2616
9455 4 2 7 8 1595 1504 1601 2481
9456 4 2 7 8 1085 1121 2428 2469
9457 4 2 7 8 1945 1118 1202 1165
9458 4 2 7 8 2454 2481 2030 2500
9459 4 2 7 8 2457 2583 1064 2587
9460 4 2 7 8 1948 2427 1922 2487
9461 4 2 7 8 1919 1922 1849 2513
9462 4 2 7 8 2426 2468 2471 2561
9463 4 2 7 8 2043 2503 1988 2573
9464 4 2 7 8 1954 1872 2442 2592
9465 4 2 7 8 1064 1155 2484 2587
9466 4 2 7 8 1140 1600 1039 2497
9467 4 2 7 8 1105 2456 2444 2515
9468 4 2 7 8 1110 2453 1111 2531
9469 4 2 7 8 2425 2415 2466 2564
9470 4 2 7 8 2417 2420 2517 2526
9471 4 2 7 8 1829 2475 2442 2513
9472 4 2 7 8 1047 2446 1814 2511
9473 4 2 7 8 2427 2472 1922 2487
9474 4 2 7 8 1512 1506 1514 2480
9475 4 2 7 8 2412 2505 2471 2561
9476 4 2 7 8 1111 1110 1083 2453
9477 4 2 7 8 1481 2524 2466 2541
9478 4 2 7 8 1582 1917 2488 2585
9479 4 2 7 8 2454 2465 2417 2522
9480 4 2 7 8 1149 2456 1105 2515
9481 4 2 7 8 1570 2428 1525 2482
9482 4 2 7 8 2441 2452 1846 2529
9483 4 2 7 8 1992 2474 1975 2571
9484 4 2 7 8 1202 1938 1215 2445
9485 4 2 7 8 2417 2420 2465 2517
9486 4 2 7 8 1868 2446 1891 2519
9487 4 2 7 8 1114 1179 1171 2501
9488 4 2 7 8 2428 2469 1121 2555
9489 4 2 7 8 2441 2481 2417 2492
9490 4 2 7 8 1867 2462 2437 2509
9491 4 2 7 8 1525 2497 2428 2567
9492 4 2 7 8 2428 2497 1121 2567
9493 4 2 7 8 2426 2471 2468 2618
9494 4 2 7 8 2471 2503 2427 2575
9495 4 2 7 8 1091 1098 1142 2511
9496 4 2 7 8 1073 2438 2490 2506
9497 4 2 7 8 1479 2439 1480 2514
9498 4 2 7 8 1534 1535 1568 2450
9499 4 2 7 8 1605 1601 1504 2481
9500 4 2 7 8 1479 2439 2514 2524
9501 4 2 7 8 1917 1802 1448 1953
9502 4 2 7 8 2414 2486 2484 2628
9503 4 2 7 8 2417 2432 2479 2612
9504 4 2 7 8 1156 2463 1096 2607
9505 4 2 7 8 2446 2509 1099 2586
9506 4 2 7 8 1110 1083 2453 2546
9507 4 2 7 8 1938 1857 1924 2445
9508 4 2 7 8 1472 2563 2496 2629
9509 4 2 7 8 2414 2442 2432 2513
9510 4 2 7 8 1121 1197 1100 2567
9511 4 2 7 8 2417 2473 2432 2612
9512 4 2 7 8 1992 2503 2474 2571
9513 4 2 7 8 2430 2506 2415 2616
9514 4 2 7 8 2418 2554 2438 2584
9515 4 2 7 8 2419 2562 2518 2582
9516 4 2 7 8 2417 2432 2473 2575
9517 4 2 7 8 2518 2562 2455 2582
9518 4 2 7 8 1922 1948 1915 2427
9519 4 2 7 8 1982 2427 1975 2474
9520 4 2 7 8 1067 1064 2583 2587
9521 4 2 7 8 1975 2427 1968 2571
9522 4 2 7 8 2426 2471 2505 2561
9523 4 2 7 8 1570 1525 2428 2567
9524 4 2 7 8 1085 1121 1100 2557
9525 4 2 7 8 2466 2524 2482 2603
9526 4 2 7 8 1834 1835 1837 2611
9527 4 2 7 8 1900 1822 2441 2529
9528 4 2 7 8 2427 2473 1915 2513
9529 4 2 7 8 1101 2490 2430 2616
9530 4 2 7 8 1900 1901 1846 2480
9531 4 2 7 8 2427 2414 2505 2575
9532 4 2 7 8 1525 1590 1526 2497
9533 4 2 7 8 1110 2453 2531 2546
9534 4 2 7 8 1121 2428 1100 2557
9535 4 2 7 8 2417 2522 2432 2575
9536 4 2 7 8 1073 1072 2438 2506
9537 4 2 7 8 1506 2452 2441 2481
9538 4 2 7 8 2414 2484 2457 2628
9539 4 2 7 8 2414 2427 2505 2525
9540 4 2 7 8 2417 2452 2441 2529
9541 4 2 7 8 1114 2501 1171 2594
9542 4 2 7 8 1480 2467 2439 2541
9543 4 2 7 8 2464 2467 2425 2539
9544 4 2 7 8 1206 1047 1142 2511
9545 4 2 7 8 2414 2483 2432 2554
9546 4 2 7 8 1185 2463 1156 2587
9547 4 2 7 8 2481 2492 2441 2500
9548 4 2 7 8 2414 2513 2427 2525
9549 4 2 7 8 1073 1072 1070 2438
9550 4 2 7 8 1605 2454 1601 2481
9551 4 2 7 8 1485 1481 1612 2482
9552 4 2 7 8 1083 1093 1087 2607
9553 4 2 7 8 2415 2616 2469 2619
9554 4 2 7 8 1915 2473 2427 2474
9555 4 2 7 8 1938 2445 1924 2485
9556 4 2 7 8 2432 2522 2478 2575
9557 4 2 7 8 2418 2544 2554 2584
9558 4 2 7 8 1915 1943 2473 2474
9559 4 2 7 8 1833 2464 2435 2574
9560 4 2 7 8 2417 2479 2529 2612
9561 4 2 7 8 2431 2503 2573 2617
9562 4 2 7 8 2448 2427 2503 2575
9563 4 2 7 8 1165 1945 1118 2537
9564 4 2 7 8 2441 2452 2417 2481
9565 4 2 7 8 1134 1044 1196 2598
9566 4 2 7 8 1990 2443 2594 2614
9567 4 2 7 8 1975 1982 1968 2427
9568 4 2 7 8 1215 2445 1938 2485
9569 4 2 7 8 1094 2447 2507 2516
9570 4 2 7 8 1090 1060 1058 2486
9571 4 2 7 8 2414 2483 2457 2484
9572 4 2 7 8 2052 2448 2503 2533
9573 4 2 7 8 2435 2464 1833 2538
9574 4 2 7 8 2428 2497 1525 2498
9575 4 2 7 8 2413 2554 2438 2569
9576 4 2 7 8 2474 2503 2427 2571
9577 4 2 7 8 1137 1182 2444 2565
9578 4 2 7 8 1152 1099 2509 2586
9579 4 2 7 8 1891 2509 2446 2586
9580 4 2 7 8 1829 2475 2513 2612
9581 4 2 7 8 1572 1878 2480 2488
9582 4 2 7 8 1506 1508 1514 2488
9583 4 2 7 8 1481 2482 2466 2524
9584 4 2 7 8 1570 1590 1525 2567
9585 4 2 7 8 2415 2430 2470 2569
9586 4 2 7 8 2415 2510 2466 2603
9587 4 2 7 8 2468 2471 2431 2618
9588 4 2 7 8 1919 1860 1922 2472
9589 4 2 7 8 1514 1572 2480 2488
9590 4 2 7 8 1149 1105 1119 2515
9591 4 2 7 8 1204 2443 1970 2550
9592 4 2 7 8 1844 1845 1924 2534
9593 4 2 7 8 1569 1495 2563 2581
9594 4 2 7 8 1083 2460 2433 2546
9595 4 2 7 8 2464 2425 2510 2539
9596 4 2 7 8 1062 2484 2551 2628
9597 4 2 7 8 2414 2472 2513 2525
9598 4 2 7 8 1154 2443 1204 2551
9599 4 2 7 8 1085 2469 2428 2557
9600 4 2 7 8 1556 1905 1447 2476
9601 4 2 7 8 1058 1090 2434 2459
9602 4 2 7 8 1448 1582 1917 2488
9603 4 2 7 8 1185 1156 1076 2587
9604 4 2 7 8 2431 2573 2553 2617
9605 4 2 7 8 2477 2495 1469 2496
9606 4 2 7 8 2037 2481 2441 2500
9607 4 2 7 8 2468 2471 2412 2580
9608 4 2 7 8 2417 2529 2473 2612
9609 4 2 7 8 2417 2432 2478 2479
9610 4 2 7 8 1506 2441 1503 2481
9611 4 2 7 8 1067 1064 1066 2583
9612 4 2 7 8 2428 2552 1570 2567
9613 4 2 7 8 1900 1824 1822 2529
9614 4 2 7 8 1072 2506 2456 2562
9615 4 2 7 8 1970 1990 2443 2594
9616 4 2 7 8 2426 2502 2471 2618
9617 4 2 7 8 2417 2473 2448 2575
9618 4 2 7 8 2447 2527 2515 2543
9619 4 2 7 8 1094 1095 1135 2447
9620 4 2 7 8 2037 2441 2492 2500
9621 4 2 7 8 1080 1069 2516 2608
9622 4 2 7 8 2417 2465 2420 2478
9623 4 2 7 8 1990 2594 2521 2614
9624 4 2 7 8 1549 1582 2488 2585
9625 4 2 7 8 2418 2544 2457 2554
9626 4 2 7 8 1605 2030 2454 2481
9627 4 2 7 8 1526 1525 2497 2498
9628 4 2 7 8 2466 2524 2439 2541
9629 4 2 7 8 2417 2441 2492 2529
9630 4 2 7 8 1848 1915 1943 2473
9631 4 2 7 8 2448 2503 2471 2575
9632 4 2 7 8 1155 2501 2484 2587
9633 4 2 7 8 1090 1058 2434 2486
9634 4 2 7 8 2417 2448 2522 2575
9635 4 2 7 8 2457 2484 2429 2587
9636 4 2 7 8 1845 1885 2485 2572
9637 4 2 7 8 1832 1872 1829 2442
9638 4 2 7 8 2486 2551 2484 2628
9639 4 2 7 8 1924 1845 2485 2534
9640 4 2 7 8 1064 2457 1066 2583
9641 4 2 7 8 1105 1137 1182 2444
9642 4 2 7 8 1893 1965 1867 2509
9643 4 2 7 8 2052 2503 2045 2533
9644 4 2 7 8 1077 2587 1069 2608
9645 4 2 7 8 1596 2477 2581 2609
9646 4 2 7 8 1179 1171 2501 2532
9647 4 2 7 8 2415 2506 2469 2616
9648 4 2 7 8 1832 2442 1829 2475
9649 4 2 7 8 2451 2425 2538 2623
9650 4 2 7 8 1458 2041 1605 2481
9651 4 2 7 8 1570 2428 2482 2552
9652 4 2 7 8 1090 2434 2459 2486
9653 4 2 7 8 1506 1507 1508 2517
9654 4 2 7 8 1894 1892 2446 2512
9655 4 2 7 8 1956 1050 1815 2450
9656 4 2 7 8 1860 2472 2568 2570
9657 4 2 7 8 1039 1600 1450 2497
9658 4 2 7 8 1085 1086 1075 2557
9659 4 2 7 8 1956 1187 1050 2450
9660 4 2 7 8 1187 2450 1956 2598
9661 4 2 7 8 1479 2514 2449 2524
9662 4 2 7 8 1834 1833 2435 2574
9663 4 2 7 8 2033 2037 2049 2441
9664 4 2 7 8 2448 2474 2052 2503
9665 4 2 7 8 1520 2444 1521 2482
9666 4 2 7 8 1458 1503 2441 2481
9667 4 2 7 8 2466 2482 1487 2498
9668 4 2 7 8 1062 2551 2486 2628
9669 4 2 7 8 1868 1867 2437 2509
9670 4 2 7 8 2419 2455 2562 2582
9671 4 2 7 8 1094 2516 2507 2608
9672 4 2 7 8 1878 1846 2480 2488
9673 4 2 7 8 2448 2473 2417 2492
9674 4 2 7 8 1892 1939 1891 2586
9675 4 2 7 8 2415 2425 2466 2510
9676 4 2 7 8 1082 2607 2463 2608
9677 4 2 7 8 2437 1099 2499 2509
9678 4 2 7 8 2414 2505 2484 2551
9679 4 2 7 8 1921 1802 1878 2488
9680 4 2 7 8 2440 2464 2420 2467
9681 4 2 7 8 1595 1601 2454 2481
9682 4 2 7 8 1080 1077 1069 2608
9683 4 2 7 8 2031 1988 2043 2503
9684 4 2 7 8 1965 2462 1867 2509
9685 4 2 7 8 1514 1610 1572 2488
9686 4 2 7 8 1526 1527 2498 2540
9687 4 2 7 8 2430 2415 2506 2569
9688 4 2 7 8 1520 1521 2444 2543
9689 4 2 7 8 1834 2435 1835 2611
9690 4 2 7 8 2425 2510 2415 2538
9691 4 2 7 8 1480 1484 2467 2541
9692 4 2 7 8 2426 2471 2443 2505
9693 4 2 7 8 1836 1830 1958 2464
9694 4 2 7 8 2501 2532 1171 2594
9695 4 2 7 8 1951 2441 1822 2492
9696 4 2 7 8 1872 1829 2442 2513
9697 4 2 7 8 2444 2482 1520 2543
9698 4 2 7 8 1530 2436 1614 2528
9699 4 2 7 8 2433 2453 1083 2546
9700 4 2 7 8 2484 2486 2414 2551
9701 4 2 7 8 2431 2533 2503 2580
9702 4 2 7 8 1458 1503 1502 2441
9703 4 2 7 8 2043 2045 2503 2573
9704 4 2 7 8 1614 2436 1540 2548
9705 4 2 7 8 2427 2503 2471 2571
9706 4 2 7 8 1937 1814 2446 2511
9707 4 2 7 8 1046 2549 1058 2551
9708 4 2 7 8 1872 1864 2472 2592
9709 4 2 7 8 2443 2551 1154 2594
9710 4 2 7 8 1479 2449 1482 2524
9711 4 2 7 8 1050 1187 1956 1138
9712 4 2 7 8 1192 1087 1093 2607
9713 4 2 7 8 1965 2509 1936 2535
9714 4 2 7 8 1125 1127 1178 2436
9715 4 2 7 8 1094 2507 1213 2608
9716 4 2 7 8 1058 1108 1090 2459
9717 4 2 7 8 2423 2522 2563 2605
9718 4 2 7 8 1548 1480 1484 2467
9719 4 2 7 8 1099 2509 2437 2624
9720 4 2 7 8 1614 2528 2436 2548
9721 4 2 7 8 2420 2479 2478 2606
9722 4 2 7 8 2423 2478 2522 2605
9723 4 2 7 8 1046 2550 2549 2551
9724 4 2 7 8 1570 2482 1594 2552
9725 4 2 7 8 2495 2596 2009 2610
9726 4 2 7 8 2437 2499 2446 2509
9727 4 2 7 8 1995 1988 1989 2573
9728 4 2 7 8 1937 2446 1814 2586
9729 4 2 7 8 1833 2475 2464 2574
9730 4 2 7 8 2507 2516 2447 2558
9731 4 2 7 8 2414 2525 2505 2551
9732 4 2 7 8 2415 2510 2470 2538
9733 4 2 7 8 1083 2433 2607 2608
9734 4 2 7 8 2417 2492 2481 2500
9735 4 2 7 8 1079 2506 2490 2616
9736 4 2 7 8 1190 1136 1095 2447
9737 4 2 7 8 1072 1075 2456 2506
9738 4 2 7 8 2428 2555 2497 2619
9739 4 2 7 8 2466 2510 2439 2603
9740 4 2 7 8 2471 2502 2431 2618
9741 4 2 7 8 1900 1846 2441 2480
9742 4 2 7 8 1532 1600 1140 2497
9743 4 2 7 8 2052 2448 2035 2474
9744 4 2 7 8 1860 2568 1859 2570
9745 4 2 7 8 1083 2453 2433 2608
9746 4 2 7 8 2444 2524 2482 2543
9747 4 2 7 8 1100 2557 2428 2567
9748 4 2 7 8 2448 2427 2474 2503
9749 4 2 7 8 1937 2446 1895 2511
9750 4 2 7 8 1047 1206 1145 2586
9751 4 2 7 8 2430 2490 1101 2511
9752 4 2 7 8 1105 2444 1182 2515
9753 4 2 7 8 1564 2530 1552 2589
9754 4 2 7 8 2427 2448 2473 2575
9755 4 2 7 8 1540 1614 1530 2436
9756 4 2 7 8 2416 2463 2501 2607
9757 4 2 7 8 2416 2496 2423 2578
9758 4 2 7 8 1469 1472 2477 2496
9759 4 2 7 8 1924 2485 2445 2534
9760 4 2 7 8 2034 2492 2448 2500
9761 4 2 7 8 1809 1534 2450 2528
9762 4 2 7 8 1528 1527 2540 2597
9763 4 2 7 8 1138 1139 1187 2494
9764 4 2 7 8 1876 1873 2464 2613
9765 4 2 7 8 1857 1844 1924 2445
9766 4 2 7 8 1215 1123 2445 2485
9767 4 2 7 8 2457 2483 2429 2484
9768 4 2 7 8 1526 2498 2497 2540
9769 4 2 7 8 1558 2527 1497 2558
9770 4 2 7 8 1156 2501 2463 2607
9771 4 2 7 8 1152 1186 1099 2586
9772 4 2 7 8 1844 1924 2445 2534
9773 4 2 7 8 1571 1572 1593 2480
9774 4 2 7 8 1958 1836 2464 2600
9775 4 2 7 8 1480 2467 1548 2514
9776 4 2 7 8 2491 2596 2495 2610
9777 4 2 7 8 1981 2521 1990 2594
9778 4 2 7 8 2424 2508 2468 2580
9779 4 2 7 8 2422 2455 2578 2587
9780 4 2 7 8 1138 1956 1908 2494
9781 4 2 7 8 2448 2492 2417 2500
9782 4 2 7 8 1869 1863 1867 2462
9783 4 2 7 8 1458 2441 2041 2481
9784 4 2 7 8 1872 2472 2442 2592
9785 4 2 7 8 1895 2446 1892 2512
9786 4 2 7 8 1472 2477 2496 2563
9787 4 2 7 8 2443 2471 2426 2614
9788 4 2 7 8 2467 2510 2425 2539
9789 4 2 7 8 1951 1900 1822 2441
9790 4 2 7 8 1060 1058 2486 2551
9791 4 2 7 8 1915 1948 1819 2474
9792 4 2 7 8 2435 2538 1835 2611
9793 4 2 7 8 2448 2492 2034 2590
9794 4 2 7 8 1073 2490 2438 2544
9795 4 2 7 8 2413 2435 2554 2569
9796 4 2 7 8 1988 2553 1989 2573
9797 4 2 7 8 1480 2439 2467 2514
9798 4 2 7 8 1182 2515 2444 2565
9799 4 2 7 8 1860 1861 1859 2568
9800 4 2 7 8 2456 2469 2415 2506
9801 4 2 7 8 2045 2056 2533 2573
9802 4 2 7 8 1514 2480 2452 2488
9803 4 2 7 8 2484 2505 2429 2561
9804 4 2 7 8 1572 1921 1878 2488
9805 4 2 7 8 1884 2528 2436 2588
9806 4 2 7 8 2466 2510 2425 2541
9807 4 2 7 8 1912 1832 1899 2519
9808 4 2 7 8 1038 1803 1936 2535
9809 4 2 7 8 1448 1572 1610 2488
9810 4 2 7 8 1075 1078 2469 2506
9811 4 2 7 8 1070 2438 1072 2562
9812 4 2 7 8 2415 2470 2435 2569
9813 4 2 7 8 2421 2498 2497 2619
9814 4 2 7 8 1605 1601 2454 2581
9815 4 2 7 8 1448 1549 1582 2488
9816 4 2 7 8 2031 1972 1988 2503
9817 4 2 7 8 1892 1891 2446 2586
9818 4 2 7 8 2425 2510 2467 2541
9819 4 2 7 8 1873 2538 2464 2613
9820 4 2 7 8 1594 1520 1521 2482
9821 4 2 7 8 1595 2454 1496 2604
9822 4 2 7 8 2440 2464 2425 2613
9823 4 2 7 8 1965 2462 2509 2535
9824 4 2 7 8 1596 1495 1569 2581
9825 4 2 7 8 2431 2471 2468 2580
9826 4 2 7 8 1072 2438 2506 2562
9827 4 2 7 8 1595 1496 1513 2604
9828 4 2 7 8 1904 2470 2451 2534
9829 4 2 7 8 1992 1982 1975 2474
9830 4 2 7 8 1951 2033 2441 2492
9831 4 2 7 8 1085 1075 2456 2557
9832 4 2 7 8 2515 2419 2543 2620
9833 4 2 7 8 2437 2462 1867 2592
9834 4 2 7 8 2482 2524 1520 2543
9835 4 2 7 8 2508 2533 2056 2573
9836 4 2 7 8 1860 1922 2472 2487
9837 4 2 7 8 2516 2558 2507 2608
9838 4 2 7 8 1564 1577 2547 2589
9839 4 2 7 8 1506 1508 2452 2517
9840 4 2 7 8 2417 2448 2500 2522
9841 4 2 7 8 2434 2486 1058 2551
9842 4 2 7 8 1822 2492 2441 2529
9843 4 2 7 8 2424 2500 2454 2581
9844 4 2 7 8 1892 2446 1868 2519
9845 4 2 7 8 1948 1982 1819 2474
9846 4 2 7 8 1571 1514 1572 2480
9847 4 2 7 8 1489 2466 1487 2597
9848 4 2 7 8 1085 2456 2469 2557
9849 4 2 7 8 1594 1521 2444 2482
9850 4 2 7 8 2419 2524 2439 2603
9851 4 2 7 8 2454 2500 2030 2581
9852 4 2 7 8 1970 1981 1990 2594
9853 4 2 7 8 1985 1998 2487 2550
9854 4 2 7 8 1118 2537 2445 2616
9855 4 2 7 8 1099 1209 1152 2509
9856 4 2 7 8 1474 2563 1472 2629
9857 4 2 7 8 1085 2456 1075 2469
9858 4 2 7 8 1984 2553 1988 2617
9859 4 2 7 8 1506 1514 2452 2488
9860 4 2 7 8 1469 2495 2477 2609
9861 4 2 7 8 1995 2054 1988 2573
9862 4 2 7 8 2445 2485 1123 2555
9863 4 2 7 8 1996 1990 2521 2614
9864 4 2 7 8 1594 1521 1524 2552
9865 4 2 7 8 1838 2538 2470 2611
9866 4 2 7 8 2524 2527 1517 2543
9867 4 2 7 8 2421 2497 2555 2619
9868 4 2 7 8 1886 1959 1890 2450
9869 4 2 7 8 1898 1804 1456 2493
9870 4 2 7 8 1487 1489 1486 2466
9871 4 2 7 8 1157 2509 1153 2535
9872 4 2 7 8 2497 2498 2428 2619
9873 4 2 7 8 1956 2494 2598 2602
9874 4 2 7 8 1114 2484 1155 2501
9875 4 2 7 8 1606 2449 2496 2527
9876 4 2 7 8 1894 1895 1892 2512
9877 4 2 7 8 2498 2540 1527 2597
9878 4 2 7 8 1886 1131 1959 2450
9879 4 2 7 8 1809 2450 1935 2528
9880 4 2 7 8 1556 1944 1447 1905
9881 4 2 7 8 2044 2040 2508 2556
9882 4 2 7 8 1496 1569 1495 2563
9883 4 2 7 8 2424 2563 2477 2581
9884 4 2 7 8 1490 1526 1527 2498
9885 4 2 7 8 1073 2438 1070 2544
9886 4 2 7 8 2417 2479 2526 2529
9887 4 2 7 8 2458 2488 1510 2517
9888 4 2 7 8 2456 2515 1149 2562
9889 4 2 7 8 1829 1830 2475 2479
9890 4 2 7 8 1991 1970 2443 2550
9891 4 2 7 8 1852 2479 1825 2526
9892 4 2 7 8 2463 2578 2422 2591
9893 4 2 7 8 1477 1479 1480 2514
9894 4 2 7 8 2413 2435 2510 2606
9895 4 2 7 8 1896 1941 2511 2537
9896 4 2 7 8 1473 1472 2496 2629
9897 4 2 7 8 2417 2465 2454 2604
9898 4 2 7 8 1047 1145 1911 2586
9899 4 2 7 8 1833 1830 2464 2475
9900 4 2 7 8 2466 2439 2524 2603
9901 4 2 7 8 2460 2491 1093 2607
9902 4 2 7 8 2416 2495 2477 2496
9903 4 2 7 8 1150 1129 2536 2566
9904 4 2 7 8 1892 1894 2446 2519
9905 4 2 7 8 2413 2510 2435 2569
9906 4 2 7 8 1593 1808 1454 2480
9907 4 2 7 8 2037 2441 2033 2492
9908 4 2 7 8 1970 2443 1154 2594
9909 4 2 7 8 1569 2563 2454 2581
9910 4 2 7 8 1077 2463 2587 2608
9911 4 2 7 8 2430 2537 1101 2616
9912 4 2 7 8 2041 2441 2037 2481
9913 4 2 7 8 1075 2469 2456 2506
9914 4 2 7 8 1832 1899 2519 2574
9915 4 2 7 8 2468 2508 2431 2580
9916 4 2 7 8 1961 1909 1877 2530
9917 4 2 7 8 1528 1490 1527 2597
9918 4 2 7 8 2016 2573 2553 2618
9919 4 2 7 8 2435 2470 2415 2510
9920 4 2 7 8 1904 1842 2470 2534
9921 4 2 7 8 2412 2478 2522 2575
9922 4 2 7 8 1535 2450 1534 2528
9923 4 2 7 8 2432 2513 2475 2612
9924 4 2 7 8 2449 2578 2422 2620
9925 4 2 7 8 1087 1082 1083 2607
9926 4 2 7 8 2413 2554 2435 2606
9927 4 2 7 8 1085 1088 1121 2555
9928 4 2 7 8 2414 2483 2484 2505
9929 4 2 7 8 1524 1570 1594 2552
9930 4 2 7 8 1543 1564 1577 2547
9931 4 2 7 8 1456 1551 1617 2493
9932 4 2 7 8 1479 1477 1476 2514
9933 4 2 7 8 1874 2538 1873 2613
9934 4 2 7 8 2429 2561 2505 2626
9935 4 2 7 8 2426 2532 2521 2618
9936 4 2 7 8 1094 1095 2447 2516
9937 4 2 7 8 1086 1105 2456 2557
9938 4 2 7 8 2423 2416 2578 2626
9939 4 2 7 8 1860 2472 1861 2568
9940 4 2 7 8 1192 1093 2491 2607
9941 4 2 7 8 1197 1121 2497 2567
9942 4 2 7 8 1804 1551 1456 2493
9943 4 2 7 8 1075 1074 1078 2506
9944 4 2 7 8 2442 2475 2432 2513
9945 4 2 7 8 2457 2554 2544 2584
9946 4 2 7 8 2419 2439 2518 2603
9947 4 2 7 8 2432 2475 2442 2554
9948 4 2 7 8 1517 2527 1518 2543
9949 4 2 7 8 2415 2466 2451 2498
9950 4 2 7 8 2431 2553 2573 2618
9951 4 2 7 8 1904 2470 1838 2623
9952 4 2 7 8 2503 2533 2448 2580
9953 4 2 7 8 2422 2578 2463 2587
9954 4 2 7 8 2484 2501 2429 2587
9955 4 2 7 8 1944 1905 1556 2542
9956 4 2 7 8 1954 1912 1866 2592
9957 4 2 7 8 2417 2517 2452 2526
9958 4 2 7 8 1905 2476 1556 2542
9959 4 2 7 8 2416 2477 2423 2496
9960 4 2 7 8 2413 2438 2554 2584
9961 4 2 7 8 2413 2520 2483 2615
9962 4 2 7 8 1965 1893 1936 2509
9963 4 2 7 8 2461 2501 1193 2607
9964 4 2 7 8 2419 2482 2444 2524
9965 4 2 7 8 1499 1620 2546 2591
9966 4 2 7 8 2437 2509 2462 2624
9967 4 2 7 8 1072 1074 1075 2506
9968 4 2 7 8 1064 1155 1063 2484
9969 4 2 7 8 1532 2497 1140 2536
9970 4 2 7 8 2457 2584 2583 2587
9971 4 2 7 8 2038 1818 1951 2441
9972 4 2 7 8 2451 2470 1904 2623
9973 4 2 7 8 1101 2537 1117 2616
9974 4 2 7 8 2412 2432 2478 2575
9975 4 2 7 8 1606 2496 1497 2527
9976 4 2 7 8 1508 1510 2488 2517
9977 4 2 7 8 2515 2543 2527 2620
9978 4 2 7 8 2426 2443 2484 2505
9979 4 2 7 8 1902 2493 1847 2542
9980 4 2 7 8 2456 2506 2415 2518
9981 4 2 7 8 2417 2492 2473 2529
9982 4 2 7 8 1532 1600 2497 2536
9983 4 2 7 8 1594 2444 1521 2552
9984 4 2 7 8 1140 1039 1150 2497
9985 4 2 7 8 1924 1845 1885 2485
9986 4 2 7 8 1117 2537 1118 2616
9987 4 2 7 8 2464 2510 2435 2606
9988 4 2 7 8 1127 1178 2436 2566
9989 4 2 7 8 2451 2493 2421 2498
9990 4 2 7 8 2470 2510 2435 2538
9991 4 2 7 8 1876 2464 2600 2613
9992 4 2 7 8 2027 2553 2016 2573
9993 4 2 7 8 2477 2424 2581 2609
9994 4 2 7 8 1090 2459 1108 2462
9995 4 2 7 8 1564 2547 2440 2589
9996 4 2 7 8 1809 2450 1534 2602
9997 4 2 7 8 1141 1036 1195 2537
9998 4 2 7 8 2031 2043 2045 2503
9999 4 2 7 8 2459 2462 1870 2601
10000 4 2 7 8 1829 2479 2475 2612
10001 4 2 7 8 1157 1153 1174 2535
10002 4 2 7 8 2030 2481 2037 2500
10003 4 2 7 8 2424 2454 2500 2522
10004 4 2 7 8 2426 2505 2484 2561
10005 4 2 7 8 2423 2478 2605 2626
10006 4 2 7 8 1895 1937 1892 2446
10007 4 2 7 8 1847 2493 2451 2542
10008 4 2 7 8 2462 2437 2486 2592
10009 4 2 7 8 2413 2438 2518 2569
10010 4 2 7 8 1091 1101 2490 2511
10011 4 2 7 8 2052 2036 2448 2533
10012 4 2 7 8 2415 2518 2506 2569
10013 4 2 7 8 1458 1605 1504 2481
10014 4 2 7 8 2432 2554 2483 2606
10015 4 2 7 8 1867 1868 2437 2592
10016 4 2 7 8 2470 2569 2430 2611
10017 4 2 7 8 2473 2529 1823 2612
10018 4 2 7 8 2452 2480 1846 2488
10019 4 2 7 8 1482 2524 2449 2527
10020 4 2 7 8 2430 2511 1101 2537
10021 4 2 7 8 2415 2428 2498 2619
10022 4 2 7 8 1602 2495 2009 2610
10023 4 2 7 8 1496 2454 1569 2563
10024 4 2 7 8 2435 2554 2475 2606
10025 4 2 7 8 1506 2452 1508 2488
10026 4 2 7 8 1826 2473 1823 2612
10027 4 2 7 8 1119 1149 2515 2562
10028 4 2 7 8 1448 1917 1953 2488
10029 4 2 7 8 1479 1476 2449 2514
10030 4 2 7 8 1114 1063 1155 2484
10031 4 2 7 8 2508 2618 2016 2627
10032 4 2 7 8 1073 2490 1079 2506
10033 4 2 7 8 1818 1900 1951 2441
10034 4 2 7 8 1213 2507 2453 2608
10035 4 2 7 8 2426 2577 2532 2618
10036 4 2 7 8 1594 2482 2444 2552
10037 4 2 7 8 1217 1069 1109 2516
10038 4 2 7 8 2034 2448 2036 2500
10039 4 2 7 8 1121 1122 1150 2497
10040 4 2 7 8 1092 1099 1098 2499
10041 4 2 7 8 1517 2524 1482 2527
10042 4 2 7 8 2464 2475 2435 2574
10043 4 2 7 8 1843 1846 2452 2529
10044 4 2 7 8 1896 2511 2430 2537
10045 4 2 7 8 1873 1835 1833 2538
10046 4 2 7 8 2496 2563 2423 2629
10047 4 2 7 8 1995 2024 2054 2573
10048 4 2 7 8 2032 2041 1502 2441
10049 4 2 7 8 2427 2473 2448 2474
10050 4 2 7 8 2448 2575 2471 2580
10051 4 2 7 8 1854 2452 2488 2526
10052 4 2 7 8 1970 1154 1981 2594
10053 4 2 7 8 1845 2485 2534 2572
10054 4 2 7 8 2434 2462 2459 2486
10055 4 2 7 8 2446 2511 2490 2512
10056 4 2 7 8 2413 2518 2510 2569
10057 4 2 7 8 1469 1451 2495 2609
10058 4 2 7 8 1125 1127 2436 2523
10059 4 2 7 8 1157 1038 1936 2535
10060 4 2 7 8 2429 2501 2484 2561
10061 4 2 7 8 1147 2504 1136 2515
10062 4 2 7 8 2415 2498 2451 2619
10063 4 2 7 8 1486 2466 1489 2564
10064 4 2 7 8 1448 1953 1802 2488
10065 4 2 7 8 2008 2461 2495 2545
10066 4 2 7 8 1876 2440 1961 2613
10067 4 2 7 8 2439 2467 2510 2541
10068 4 2 7 8 2420 2467 2464 2539
10069 4 2 7 8 1114 2484 2501 2594
10070 4 2 7 8 2466 2498 1487 2597
10071 4 2 7 8 1185 1082 1096 2463
10072 4 2 7 8 1086 2456 1075 2557
10073 4 2 7 8 1058 2549 2434 2551
10074 4 2 7 8 1490 2498 1527 2597
10075 4 2 7 8 1575 1556 1447 2476
10076 4 2 7 8 1534 2450 1568 2602
10077 4 2 7 8 1520 2524 1519 2543
10078 4 2 7 8 2450 2528 1535 2548
10079 4 2 7 8 1830 1836 1833 2464
10080 4 2 7 8 1204 1154 1970 2443
10081 4 2 7 8 1954 1872 1832 2442
10082 4 2 7 8 1606 1497 1558 2527
10083 4 2 7 8 1867 1866 1868 2592
10084 4 2 7 8 2538 2613 1874 2623
10085 4 2 7 8 1584 2465 1513 2563
10086 4 2 7 8 2466 1489 2564 2597
10087 4 2 7 8 1850 1847 1902 2572
10088 4 2 7 8 1089 1118 2445 2616
10089 4 2 7 8 2431 2533 2508 2573
10090 4 2 7 8 1506 1507 2517 2604
10091 4 2 7 8 2422 2578 2455 2620
10092 4 2 7 8 1998 1974 2487 2550
10093 4 2 7 8 1147 2504 2515 2565
10094 4 2 7 8 2052 2474 2042 2503
10095 4 2 7 8 2486 2525 2414 2551
10096 4 2 7 8 1884 1883 2523 2528
10097 4 2 7 8 2443 2426 2594 2614
10098 4 2 7 8 1099 1209 2509 2624
10099 4 2 7 8 2447 2515 2527 2620
10100 4 2 7 8 1863 1867 2462 2592
10101 4 2 7 8 2415 2518 2510 2603
10102 4 2 7 8 1513 2563 2465 2604
10103 4 2 7 8 1520 1517 1519 2524
10104 4 2 7 8 2429 2484 2483 2505
10105 4 2 7 8 2030 1605 2454 2581
10106 4 2 7 8 1149 1086 1105 2456
10107 4 2 7 8 2472 2434 2568 2570
10108 4 2 7 8 2451 2493 1847 2534
10109 4 2 7 8 1134 1196 2450 2598
10110 4 2 7 8 1179 2501 1193 2532
10111 4 2 7 8 1458 1502 2041 2441
10112 4 2 7 8 1059 1046 1058 2551
10113 4 2 7 8 2461 2545 2021 2577
10114 4 2 7 8 1116 1101 1117 2616
10115 4 2 7 8 1529 1526 1600 2497
10116 4 2 7 8 1044 1455 2548 2598
10117 4 2 7 8 1090 1108 1107 2462
10118 4 2 7 8 2433 2578 2463 2591
10119 4 2 7 8 1506 2452 2481 2604
10120 4 2 7 8 1972 1988 2503 2617
10121 4 2 7 8 2484 2505 2443 2551
10122 4 2 7 8 1567 1568 1535 2450
10123 4 2 7 8 2449 2514 2439 2524
10124 4 2 7 8 2451 2538 2470 2623
10125 4 2 7 8 1476 1482 1479 2449
10126 4 2 7 8 2416 2501 2561 2577
10127 4 2 7 8 2458 2530 1856 2600
10128 4 2 7 8 2442 2472 1872 2513
10129 4 2 7 8 1447 1905 1946 2476
10130 4 2 7 8 1871 1516 1183 2494
10131 4 2 7 8 1991 2571 2550 2614
10132 4 2 7 8 2418 2490 2438 2569
10133 4 2 7 8 1814 1047 1911 2586
10134 4 2 7 8 1193 2501 2461 2532
10135 4 2 7 8 1483 1485 1486 2466
10136 4 2 7 8 2454 2563 2424 2581
10137 4 2 7 8 1127 2436 2523 2548
10138 4 2 7 8 1552 2530 2458 2589
10139 4 2 7 8 2021 2461 2008 2545
10140 4 2 7 8 1496 2563 1513 2604
10141 4 2 7 8 1526 2497 1529 2540
10142 4 2 7 8 2415 2510 2518 2569
10143 4 2 7 8 1896 2537 2430 2622
10144 4 2 7 8 2436 1125 2523 2559
10145 4 2 7 8 2419 2524 2444 2543
10146 4 2 7 8 2421 2451 2498 2619
10147 4 2 7 8 1137 1105 1104 2444
10148 4 2 7 8 2412 2522 2478 2605
10149 4 2 7 8 1529 2497 2536 2540
10150 4 2 7 8 1895 2511 2446 2512
10151 4 2 7 8 2414 2472 2442 2513
10152 4 2 7 8 1923 1800 1141 2511
10153 4 2 7 8 1065 1066 1064 2457
10154 4 2 7 8 2415 2435 2510 2569
10155 4 2 7 8 1846 1854 2452 2488
10156 4 2 7 8 2444 2456 2419 2515
10157 4 2 7 8 2527 2543 2419 2620
10158 4 2 7 8 1149 1072 1075 2456
10159 4 2 7 8 1065 2457 1064 2628
10160 4 2 7 8 2424 2533 2500 2581
10161 4 2 7 8 1595 2481 2454 2604
10162 4 2 7 8 2453 2507 2558 2608
10163 4 2 7 8 1099 2446 1098 2499
10164 4 2 7 8 1985 2550 2487 2570
10165 4 2 7 8 2439 2510 2466 2541
10166 4 2 7 8 1991 2550 2443 2614
10167 4 2 7 8 1959 1883 1890 2450
10168 4 2 7 8 1847 2534 2493 2572
10169 4 2 7 8 2505 2525 2443 2551
10170 4 2 7 8 1825 2526 2479 2529
10171 4 2 7 8 2466 2541 2425 2564
10172 4 2 7 8 1508 2488 2452 2517
10173 4 2 7 8 2430 2511 1896 2611
10174 4 2 7 8 2465 2417 2517 2604
10175 4 2 7 8 2419 2527 2524 2543
10176 4 2 7 8 1473 1474 1472 2629
10177 4 2 7 8 2413 2483 2478 2615
10178 4 2 7 8 2454 2563 2522 2605
10179 4 2 7 8 1079 1116 2506 2616
10180 4 2 7 8 1109 2515 2455 2562
10181 4 2 7 8 2042 2474 1986 2503
10182 4 2 7 8 1970 1990 1991 2443
10183 4 2 7 8 1876 2600 2440 2613
10184 4 2 7 8 2445 2537 1857 2622
10185 4 2 7 8 1063 1062 1064 2484
10186 4 2 7 8 2445 2470 2430 2622
10187 4 2 7 8 1141 1800 1036 2537
10188 4 2 7 8 1147 2515 1182 2565
10189 4 2 7 8 2447 2516 2515 2620
10190 4 2 7 8 2027 2016 2553 2618
10191 4 2 7 8 1904 2451 1847 2534
10192 4 2 7 8 2457 2544 1066 2583
10193 4 2 7 8 1512 1555 1502 2576
10194 4 2 7 8 1111 2453 1083 2608
10195 4 2 7 8 2471 2502 2426 2614
10196 4 2 7 8 1577 2467 2547 2589
10197 4 2 7 8 2510 2518 2439 2603
10198 4 2 7 8 1136 2447 1190 2515
10199 4 2 7 8 2455 2515 1109 2516
10200 4 2 7 8 1840 2538 1874 2623
10201 4 2 7 8 2521 2532 2011 2618
10202 4 2 7 8 1981 1996 1990 2521
10203 4 2 7 8 2502 2594 2426 2614
10204 4 2 7 8 2463 2607 2433 2608
10205 4 2 7 8 2464 2538 2425 2613
10206 4 2 7 8 1084 2490 1073 2544
10207 4 2 7 8 2437 2579 2486 2592
10208 4 2 7 8 1905 2542 1903 2623
10209 4 2 7 8 2523 2528 2450 2548
10210 4 2 7 8 2455 2582 2419 2620
10211 4 2 7 8 2428 2415 2498 2603
10212 4 2 7 8 2424 2533 2508 2580
10213 4 2 7 8 2463 2501 1156 2587
10214 4 2 7 8 2031 2042 1986 2503
10215 4 2 7 8 1150 2536 2497 2566
10216 4 2 7 8 1846 1854 1843 2452
10217 4 2 7 8 1965 1869 1867 2462
10218 4 2 7 8 2433 2495 2491 2607
10219 4 2 7 8 1917 1855 2488 2585
10220 4 2 7 8 1830 2464 2475 2479
10221 4 2 7 8 2490 2506 2430 2616
10222 4 2 7 8 1150 2497 1122 2566
10223 4 2 7 8 1089 1215 1123 2445
10224 4 2 7 8 1589 1528 1527 2540
10225 4 2 7 8 1810 1045 1938 2485
10226 4 2 7 8 1897 1895 1896 2511
10227 4 2 7 8 2450 2523 1883 2528
10228 4 2 7 8 1529 2497 1600 2536
10229 4 2 7 8 1581 1495 1596 2477
10230 4 2 7 8 2418 2442 2519 2574
10231 4 2 7 8 2442 2418 2554 2574
10232 4 2 7 8 2051 2508 2040 2533
10233 4 2 7 8 1868 2519 2437 2592
10234 4 2 7 8 1860 2487 2472 2570
10235 4 2 7 8 2035 2448 2034 2590
10236 4 2 7 8 2433 2416 2578 2591
10237 4 2 7 8 1149 1072 2456 2562
10238 4 2 7 8 1088 2555 2469 2616
10239 4 2 7 8 2000 2502 2015 2618
10240 4 2 7 8 1985 2549 2550 2570
10241 4 2 7 8 1596 2581 2556 2609
10242 4 2 7 8 1830 1958 2464 2479
10243 4 2 7 8 1894 2512 2446 2519
10244 4 2 7 8 1519 2524 1517 2543
10245 4 2 7 8 1495 2477 1472 2563
10246 4 2 7 8 2412 2478 2432 2483
10247 4 2 7 8 1905 2476 2542 2623
10248 4 2 7 8 1085 1121 2469 2555
10249 4 2 7 8 2041 2037 2030 2481
10250 4 2 7 8 1194 1097 1158 2461
10251 4 2 7 8 2451 2498 2466 2597
10252 4 2 7 8 2502 2521 2015 2618
10253 4 2 7 8 1073 1074 1072 2506
10254 4 2 7 8 1848 1828 2513 2612
10255 4 2 7 8 1996 2521 2502 2614
10256 4 2 7 8 1088 1089 2555 2616
10257 4 2 7 8 2416 2461 2501 2577
10258 4 2 7 8 2469 2555 2428 2619
10259 4 2 7 8 1831 2475 1833 2574
10260 4 2 7 8 1873 1833 2464 2538
10261 4 2 7 8 1215 1938 1045 2485
10262 4 2 7 8 1840 1873 1874 2538
10263 4 2 7 8 2449 2520 2578 2620
10264 4 2 7 8 2521 2594 2502 2614
10265 4 2 7 8 1097 1158 2461 2491
10266 4 2 7 8 2437 2499 1099 2624
10267 4 2 7 8 2449 2496 2422 2578
10268 4 2 7 8 2427 2513 2472 2525
10269 4 2 7 8 1991 2443 1990 2614
10270 4 2 7 8 1577 2467 1543 2547
10271 4 2 7 8 1073 1079 1074 2506
10272 4 2 7 8 2511 2512 1896 2611
10273 4 2 7 8 1089 1117 1118 2616
10274 4 2 7 8 1543 2467 1484 2541
10275 4 2 7 8 2440 2530 2458 2600
10276 4 2 7 8 2412 2605 2478 2626
10277 4 2 7 8 2420 2464 2440 2600
10278 4 2 7 8 1136 2504 2447 2515
10279 4 2 7 8 2433 2416 2495 2607
10280 4 2 7 8 1855 2458 1853 2488
10281 4 2 7 8 1066 2457 1065 2544
10282 4 2 7 8 1564 2440 2530 2589
10283 4 2 7 8 2416 2501 2463 2578
10284 4 2 7 8 1520 1519 1521 2543
10285 4 2 7 8 1062 1060 2486 2551
10286 4 2 7 8 1912 2519 1866 2592
10287 4 2 7 8 2463 2501 2429 2578
10288 4 2 7 8 2469 2506 1078 2616
10289 4 2 7 8 1528 2540 2493 2597
10290 4 2 7 8 2426 2532 2501 2594
10291 4 2 7 8 1044 2548 1196 2598
10292 4 2 7 8 2014 2029 2002 2508
10293 4 2 7 8 1122 2497 1121 2555
10294 4 2 7 8 1896 1941 2537 2622
10295 4 2 7 8 1478 2465 1475 2514
10296 4 2 7 8 1479 1482 1517 2524
10297 4 2 7 8 1497 2558 2527 2591
10298 4 2 7 8 1092 2490 1084 2499
10299 4 2 7 8 1919 1872 1864 2472
10300 4 2 7 8 1074 1079 1116 2506
10301 4 2 7 8 1118 1215 1089 2445
10302 4 2 7 8 2429 2501 2463 2587
10303 4 2 7 8 2471 2503 2448 2580
10304 4 2 7 8 2472 2568 2486 2592
10305 4 2 7 8 1154 1055 1981 2594
10306 4 2 7 8 1127 2523 1126 2548
10307 4 2 7 8 2493 2498 2451 2597
10308 4 2 7 8 2505 2561 2412 2626
10309 4 2 7 8 2475 2554 2435 2574
10310 4 2 7 8 1992 1980 2503 2571
10311 4 2 7 8 2440 2600 2464 2613
10312 4 2 7 8 2550 2571 2443 2614
10313 4 2 7 8 1447 1944 1946 1905
10314 4 2 7 8 2418 2554 2457 2579
10315 4 2 7 8 1884 2523 2436 2528
10316 4 2 7 8 1122 2497 2555 2566
10317 4 2 7 8 1197 1121 1150 2497
10318 4 2 7 8 2418 2499 2446 2519
10319 4 2 7 8 1482 2449 1606 2527
10320 4 2 7 8 1494 2542 1575 2564
10321 4 2 7 8 2051 2056 2508 2533
10322 4 2 7 8 2504 2543 2515 2565
10323 4 2 7 8 2462 2486 2437 2624
10324 4 2 7 8 1127 2536 2436 2548
10325 4 2 7 8 1076 1156 1155 2587
10326 4 2 7 8 1203 1112 1160 2531
10327 4 2 7 8 1494 1575 1492 2564
10328 4 2 7 8 1829 1827 1830 2479
10329 4 2 7 8 1181 1092 1084 2499
10330 4 2 7 8 1163 1093 1110 2621
10331 4 2 7 8 1481 1480 1479 2524
10332 4 2 7 8 2456 2506 2438 2562
10333 4 2 7 8 1089 2445 1123 2555
10334 4 2 7 8 2500 2533 2040 2581
10335 4 2 7 8 1904 1842 1838 2470
10336 4 2 7 8 2419 2444 2482 2603
10337 4 2 7 8 1104 2444 1105 2557
10338 4 2 7 8 1496 2454 2563 2604
10339 4 2 7 8 1904 1903 1847 2451
10340 4 2 7 8 2512 2569 2418 2574
10341 4 2 7 8 1851 2537 1941 2622
10342 4 2 7 8 1079 1091 1101 2490
10343 4 2 7 8 1927 1878 1940 2480
10344 4 2 7 8 1081 1111 1083 2608
10345 4 2 7 8 1834 2574 2435 2611
10346 4 2 7 8 1992 1986 2474 2503
10347 4 2 7 8 2496 2578 2416 2591
10348 4 2 7 8 2426 2521 2502 2618
10349 4 2 7 8 1934 2570 2489 2625
10350 4 2 7 8 2024 2553 2017 2573
10351 4 2 7 8 1085 2469 1088 2555
10352 4 2 7 8 2467 2541 1543 2547
10353 4 2 7 8 1845 1850 1885 2572
10354 4 2 7 8 1850 2534 1847 2572
10355 4 2 7 8 1954 2442 1912 2592
10356 4 2 7 8 1506 2517 2452 2604
10357 4 2 7 8 1847 2493 1902 2572
10358 4 2 7 8 1854 1843 2452 2526
10359 4 2 7 8 1876 1961 2440 2600
10360 4 2 7 8 1108 2459 1107 2462
10361 4 2 7 8 1519 1517 1518 2543
10362 4 2 7 8 1511 1564 1552 2589
10363 4 2 7 8 1935 2450 1809 2602
10364 4 2 7 8 2043 1988 2054 2573
10365 4 2 7 8 1853 2488 2458 2526
10366 4 2 7 8 2428 2482 2466 2498
10367 4 2 7 8 1846 1878 1854 2488
10368 4 2 7 8 1135 1095 1136 2447
10369 4 2 7 8 1958 2464 2479 2600
10370 4 2 7 8 2435 2569 2470 2611
10371 4 2 7 8 1847 2451 1903 2542
10372 4 2 7 8 1600 1526 1590 2497
10373 4 2 7 8 1593 1927 1808 2480
10374 4 2 7 8 2415 2469 2456 2603
10375 4 2 7 8 1510 1508 1509 2517
10376 4 2 7 8 2419 2482 2524 2603
10377 4 2 7 8 1039 2497 1450 2567
10378 4 2 7 8 1832 2519 2442 2574
10379 4 2 7 8 2421 2493 2451 2534
10380 4 2 7 8 1979 2549 1046 2550
10381 4 2 7 8 2425 2467 2440 2547
10382 4 2 7 8 1843 1824 1846 2529
10383 4 2 7 8 1125 2436 1178 2566
10384 4 2 7 8 1862 2459 1870 2601
10385 4 2 7 8 1058 2459 2434 2549
10386 4 2 7 8 2446 2499 2437 2519
10387 4 2 7 8 2415 2456 2518 2603
10388 4 2 7 8 2415 2469 2428 2619
10389 4 2 7 8 2036 2500 2448 2533
10390 4 2 7 8 1069 2455 1109 2516
10391 4 2 7 8 1959 2450 1131 2523
10392 4 2 7 8 2442 2475 1832 2574
10393 4 2 7 8 1905 1903 1875 2623
10394 4 2 7 8 2478 2479 2432 2606
10395 4 2 7 8 1937 1814 1911 2586
10396 4 2 7 8 2035 2474 2448 2590
10397 4 2 7 8 1497 2527 2496 2591
10398 4 2 7 8 2462 2486 2568 2592
10399 4 2 7 8 2458 2526 2589 2600
10400 4 2 7 8 2032 2441 1502 2576
10401 4 2 7 8 2431 2618 2508 2627
10402 4 2 7 8 2432 2483 2478 2606
10403 4 2 7 8 2435 2569 2512 2574
10404 4 2 7 8 2416 2495 2461 2545
10405 4 2 7 8 1823 2473 2492 2529
10406 4 2 7 8 1868 1866 2519 2592
10407 4 2 7 8 1184 1107 1108 2601
10408 4 2 7 8 1510 2458 2517 2589
10409 4 2 7 8 1535 2528 1614 2548
10410 4 2 7 8 1540 2436 2536 2548
10411 4 2 7 8 1540 2436 1530 2540
10412 4 2 7 8 1091 1084 1092 2490
10413 4 2 7 8 2470 2538 1838 2623
10414 4 2 7 8 1090 2486 2462 2624
10415 4 2 7 8 1828 1829 2513 2612
10416 4 2 7 8 2484 2501 2426 2561
10417 4 2 7 8 2446 2490 2418 2512
10418 4 2 7 8 1895 1896 2511 2512
10419 4 2 7 8 1526 1490 1525 2498
10420 4 2 7 8 2052 2045 2036 2533
10421 4 2 7 8 1567 2450 1535 2548
10422 4 2 7 8 2031 1986 1972 2503
10423 4 2 7 8 1928 1808 1966 2480
10424 4 2 7 8 1842 1904 1847 2534
10425 4 2 7 8 2434 2525 2486 2551
10426 4 2 7 8 1103 1090 2462 2624
10427 4 2 7 8 1530 1614 1591 2528
10428 4 2 7 8 1953 1917 1855 2488
10429 4 2 7 8 2428 2498 2466 2603
10430 4 2 7 8 1091 1142 1101 2511
10431 4 2 7 8 1575 2542 2476 2564
10432 4 2 7 8 1480 1548 1477 2514
10433 4 2 7 8 1577 1484 1543 2467
10434 4 2 7 8 2418 2438 2490 2544
10435 4 2 7 8 1848 2513 2473 2612
10436 4 2 7 8 1540 2536 2436 2540
10437 4 2 7 8 2014 2556 2508 2627
10438 4 2 7 8 2524 2527 2419 2620
10439 4 2 7 8 1987 2015 2502 2521
10440 4 2 7 8 1853 2458 1856 2600
10441 4 2 7 8 2434 2487 2550 2570
10442 4 2 7 8 2041 2030 1605 2481
10443 4 2 7 8 2413 2518 2438 2584
10444 4 2 7 8 2430 2490 2511 2512
10445 4 2 7 8 2491 2495 2461 2607
10446 4 2 7 8 1496 1595 1601 2454
10447 4 2 7 8 2052 2035 2042 2474
10448 4 2 7 8 1544 2547 1542 2564
10449 4 2 7 8 2444 2482 2428 2552
10450 4 2 7 8 1989 2017 2024 2553
10451 4 2 7 8 2468 2508 2424 2627
10452 4 2 7 8 2423 2605 2416 2626
10453 4 2 7 8 2455 2578 2520 2620
10454 4 2 7 8 1175 1196 1126 2450
10455 4 2 7 8 1127 1128 1041 2548
10456 4 2 7 8 1902 1847 1903 2542
10457 4 2 7 8 1833 1831 1830 2475
10458 4 2 7 8 2423 2496 2477 2563
10459 4 2 7 8 2464 2510 2425 2538
10460 4 2 7 8 2041 2049 2037 2441
10461 4 2 7 8 1589 2493 1528 2540
10462 4 2 7 8 1601 1569 1496 2454
10463 4 2 7 8 1809 1935 1942 2528
10464 4 2 7 8 2414 2472 2486 2592
10465 4 2 7 8 1552 1510 1511 2458
10466 4 2 7 8 2466 2498 2415 2603
10467 4 2 7 8 1137 2552 1211 2565
10468 4 2 7 8 2423 2477 2416 2605
10469 4 2 7 8 2454 2424 2563 2605
10470 4 2 7 8 2416 2501 2461 2607
10471 4 2 7 8 2525 2550 2487 2571
10472 4 2 7 8 2051 2045 2056 2533
10473 4 2 7 8 1896 1851 1941 2622
10474 4 2 7 8 2413 2582 2518 2584
10475 4 2 7 8 1896 1941 1897 2511
10476 4 2 7 8 1175 1050 1187 2450
10477 4 2 7 8 1140 2497 1150 2536
10478 4 2 7 8 2426 2484 2443 2594
10479 4 2 7 8 2000 2553 2502 2618
10480 4 2 7 8 1825 2529 2479 2612
10481 4 2 7 8 2421 2534 2451 2619
10482 4 2 7 8 1949 1124 1810 2559
10483 4 2 7 8 1467 1516 1871 2494
10484 4 2 7 8 1490 1489 1487 2597
10485 4 2 7 8 1807 1042 1926 2489
10486 4 2 7 8 1482 1476 1606 2449
10487 4 2 7 8 1495 1472 1474 2563
10488 4 2 7 8 1153 1174 2535 2624
10489 4 2 7 8 2414 2472 2434 2486
10490 4 2 7 8 1940 1878 1846 2480
10491 4 2 7 8 1546 1547 2460 2596
10492 4 2 7 8 1912 2442 1832 2519
10493 4 2 7 8 1575 1556 2476 2542
10494 4 2 7 8 2434 2550 2549 2570
10495 4 2 7 8 2424 2580 2468 2605
10496 4 2 7 8 1496 1584 1513 2563
10497 4 2 7 8 2452 2517 2417 2604
10498 4 2 7 8 2461 2491 2008 2495
10499 4 2 7 8 2424 2522 2500 2533
10500 4 2 7 8 1171 2532 2521 2594
10501 4 2 7 8 1979 1046 1204 2550
10502 4 2 7 8 1884 1963 2528 2588
10503 4 2 7 8 1974 1985 1998 2487
10504 4 2 7 8 1832 2475 1831 2574
10505 4 2 7 8 1555 1512 2480 2576
10506 4 2 7 8 2419 2455 2515 2562
10507 4 2 7 8 1606 2496 2449 2629
10508 4 2 7 8 1581 1469 2477 2609
10509 4 2 7 8 1153 2535 2509 2624
10510 4 2 7 8 2038 1818 2441 2576
10511 4 2 7 8 2502 2521 2426 2594
10512 4 2 7 8 2421 2498 2493 2540
10513 4 2 7 8 2532 2577 2011 2618
10514 4 2 7 8 2424 2545 2477 2605
10515 4 2 7 8 1483 2466 1486 2541
10516 4 2 7 8 1873 1836 1876 2464
10517 4 2 7 8 2430 2512 2511 2611
10518 4 2 7 8 2463 2578 2429 2587
10519 4 2 7 8 1200 1108 1058 2459
10520 4 2 7 8 2471 2505 2427 2525
10521 4 2 7 8 1112 2507 1160 2531
10522 4 2 7 8 1840 1904 1838 2623
10523 4 2 7 8 1105 1182 1119 2515
10524 4 2 7 8 1564 1618 2530 2599
10525 4 2 7 8 1099 2499 1172 2624
10526 4 2 7 8 2422 2496 2449 2527
10527 4 2 7 8 1896 2430 2611 2622
10528 4 2 7 8 2443 2505 2471 2525
10529 4 2 7 8 2436 2566 2559 2572
10530 4 2 7 8 2436 2559 1884 2572
10531 4 2 7 8 1890 1956 1815 2450
10532 4 2 7 8 1127 2436 2536 2566
10533 4 2 7 8 1510 2517 1509 2589
10534 4 2 7 8 2457 2429 2584 2587
10535 4 2 7 8 1946 1559 1447 2476
10536 4 2 7 8 1991 1974 2550 2571
10537 4 2 7 8 1530 2436 2528 2540
10538 4 2 7 8 2493 2540 2498 2597
10539 4 2 7 8 2421 2485 2445 2555
10540 4 2 7 8 1125 2559 2436 2566
10541 4 2 7 8 1843 1852 1825 2526
10542 4 2 7 8 1150 1122 1129 2566
10543 4 2 7 8 1912 1954 1832 2442
10544 4 2 7 8 1082 1081 1083 2608
10545 4 2 7 8 1844 2445 1857 2622
10546 4 2 7 8 2431 2508 2468 2627
10547 4 2 7 8 1961 1877 2440 2530
10548 4 2 7 8 1959 1883 2450 2523
10549 4 2 7 8 1190 2447 1095 2516
10550 4 2 7 8 1613 1582 1550 2585
10551 4 2 7 8 1141 1195 2511 2537
10552 4 2 7 8 1454 1571 1593 2480
10553 4 2 7 8 1516 1576 1183 2494
10554 4 2 7 8 1605 1560 1601 2581
10555 4 2 7 8 1502 1503 1512 2441
10556 4 2 7 8 1068 1109 2455 2562
10557 4 2 7 8 2412 2483 2432 2575
10558 4 2 7 8 1144 1073 1070 2544
10559 4 2 7 8 2038 1951 2033 2441
10560 4 2 7 8 1498 1558 1497 2558
10561 4 2 7 8 2423 2449 2520 2578
10562 4 2 7 8 1190 1217 1109 2515
10563 4 2 7 8 1854 2488 1853 2526
10564 4 2 7 8 1897 1937 1895 2511
10565 4 2 7 8 1142 1047 1141 2511
10566 4 2 7 8 2412 2505 2483 2575
10567 4 2 7 8 1079 1073 1084 2490
10568 4 2 7 8 2451 2466 2564 2597
10569 4 2 7 8 1619 2558 2507 2560
10570 4 2 7 8 2516 2527 2447 2558
10571 4 2 7 8 1856 1947 1967 2585
10572 4 2 7 8 1113 1063 1114 2484
10573 4 2 7 8 2036 2034 2035 2448
10574 4 2 7 8 2419 2456 2444 2603
10575 4 2 7 8 1559 1597 1447 2476
10576 4 2 7 8 1862 1870 1962 2601
10577 4 2 7 8 2015 2521 2011 2618
10578 4 2 7 8 1062 1065 1064 2628
10579 4 2 7 8 1078 2506 1074 2616
10580 4 2 7 8 1101 2511 1195 2537
10581 4 2 7 8 1542 1543 1484 2541
10582 4 2 7 8 1876 1874 1873 2613
10583 4 2 7 8 2428 2444 2557 2603
10584 4 2 7 8 1870 2459 1862 2462
10585 4 2 7 8 2442 2519 1912 2592
10586 4 2 7 8 2465 2563 2454 2604
10587 4 2 7 8 1938 1924 1810 2485
10588 4 2 7 8 2434 2414 2486 2525
10589 4 2 7 8 1085 1075 1078 2469
10590 4 2 7 8 1972 1984 1988 2617
10591 4 2 7 8 1862 2459 1859 2568
10592 4 2 7 8 2435 2475 2464 2606
10593 4 2 7 8 1903 2451 1904 2623
10594 4 2 7 8 2051 2044 2040 2508
10595 4 2 7 8 1179 1156 1193 2501
10596 4 2 7 8 1089 2445 2555 2616
10597 4 2 7 8 2424 2468 2545 2605
10598 4 2 7 8 1505 1506 1503 2481
10599 4 2 7 8 1499 2546 2453 2591
10600 4 2 7 8 1070 2544 2438 2583
10601 4 2 7 8 1068 2583 2455 2587
10602 4 2 7 8 2536 2540 2497 2566
10603 4 2 7 8 2465 2420 2478 2539
10604 4 2 7 8 1829 1827 2479 2612
10605 4 2 7 8 1478 1584 1475 2465
10606 4 2 7 8 2430 2490 2512 2569
10607 4 2 7 8 1549 2488 2458 2585
10608 4 2 7 8 2440 2547 2467 2589
10609 4 2 7 8 2445 2485 2421 2534
10610 4 2 7 8 1820 1871 1183 2494
10611 4 2 7 8 2447 2527 2516 2620
10612 4 2 7 8 2462 2535 1870 2601
10613 4 2 7 8 2465 2420 2539 2593
10614 4 2 7 8 1884 2436 2572 2588
10615 4 2 7 8 1042 1166 1926 2489
10616 4 2 7 8 1156 2501 1155 2587
10617 4 2 7 8 2044 2029 2014 2508
10618 4 2 7 8 1855 1853 1854 2488
10619 4 2 7 8 1055 2521 1981 2594
10620 4 2 7 8 1106 1212 1168 2625
10621 4 2 7 8 2423 2496 2449 2578
10622 4 2 7 8 1517 1482 1518 2527
10623 4 2 7 8 2452 2526 1843 2529
10624 4 2 7 8 1499 1491 1620 2591
10625 4 2 7 8 2461 2495 2416 2607
10626 4 2 7 8 1845 2534 1850 2572
10627 4 2 7 8 2549 2550 2434 2551
10628 4 2 7 8 1506 2481 1505 2604
10629 4 2 7 8 1596 1581 2477 2609
10630 4 2 7 8 1974 2487 2550 2571
10631 4 2 7 8 1088 2469 1078 2616
10632 4 2 7 8 1082 1185 1077 2463
10633 4 2 7 8 1068 1071 1109 2562
10634 4 2 7 8 1131 1050 1175 2450
10635 4 2 7 8 2455 2429 2578 2587
10636 4 2 7 8 2418 2457 2544 2579
10637 4 2 7 8 1210 1135 1136 2560
10638 4 2 7 8 2503 2571 1980 2617
10639 4 2 7 8 1141 2511 1800 2537
10640 4 2 7 8 2424 2522 2580 2605
10641 4 2 7 8 1069 1068 2455 2587
10642 4 2 7 8 1124 2485 1810 2559
10643 4 2 7 8 2508 2533 2431 2580
10644 4 2 7 8 2002 2014 462 2029
10645 4 2 7 8 1543 2541 1542 2547
10646 4 2 7 8 1070 2438 2562 2583
10647 4 2 7 8 1187 2494 1139 2598
10648 4 2 7 8 2428 2469 2415 2603
10649 4 2 7 8 2451 2534 2470 2619
10650 4 2 7 8 1615 2504 1523 2543
10651 4 2 7 8 1215 1202 1045 1938
10652 4 2 7 8 1501 2447 1518 2527
10653 4 2 7 8 1882 1884 2523 2559
10654 4 2 7 8 1490 1487 2498 2597
10655 4 2 7 8 2497 2498 2421 2540
10656 4 2 7 8 2417 2454 2481 2604
10657 4 2 7 8 1123 2485 1143 2566
10658 4 2 7 8 1172 2624 2499 2628
10659 4 2 7 8 1872 2472 1919 2513
10660 4 2 7 8 2036 2035 2052 2448
10661 4 2 7 8 1067 1155 1064 2587
10662 4 2 7 8 1069 1068 1109 2455
10663 4 2 7 8 1870 1869 1955 2535
10664 4 2 7 8 1943 1915 1819 2474
10665 4 2 7 8 2428 2469 2456 2557
10666 4 2 7 8 1111 1213 1203 2531
10667 4 2 7 8 1839 2512 1894 2574
10668 4 2 7 8 1852 1827 1825 2479
10669 4 2 7 8 1120 2557 1100 2567
10670 4 2 7 8 1521 2444 2543 2565
10671 4 2 7 8 2419 2582 2524 2620
10672 4 2 7 8 1548 1484 1577 2467
10673 4 2 7 8 2445 1844 2534 2622
10674 4 2 7 8 2444 2428 2482 2603
10675 4 2 7 8 1546 1561 1547 2596
10676 4 2 7 8 1544 1542 1492 2564
10677 4 2 7 8 1903 2542 2451 2623
10678 4 2 7 8 2556 2581 2424 2609
10679 4 2 7 8 1862 1865 1859 2459
10680 4 2 7 8 2415 2451 2470 2619
10681 4 2 7 8 1478 2465 2514 2593
10682 4 2 7 8 1834 1837 1839 2611
10683 4 2 7 8 2044 2508 2014 2556
10684 4 2 7 8 1084 2499 2490 2544
10685 4 2 7 8 1500 1499 2453 2558
10686 4 2 7 8 1107 2462 2459 2601
10687 4 2 7 8 2458 2526 2517 2589
10688 4 2 7 8 1124 1949 1881 2559
10689 4 2 7 8 1069 1217 1080 2516
10690 4 2 7 8 2424 2477 2545 2609
10691 4 2 7 8 2016 2508 2002 2573
10692 4 2 7 8 1969 2502 2000 2553
10693 4 2 7 8 1088 1078 1089 2616
10694 4 2 7 8 2473 2474 1943 2590
10695 4 2 7 8 2037 2492 2034 2500
10696 4 2 7 8 1468 1999 2004 2495
10697 4 2 7 8 2429 2520 2455 2578
10698 4 2 7 8 1060 1102 1062 2486
10699 4 2 7 8 2457 2554 2483 2579
10700 4 2 7 8 2008 2495 2005 2545
10701 4 2 7 8 2416 2463 2433 2578
10702 4 2 7 8 1525 1490 1487 2498
10703 4 2 7 8 1181 2499 1084 2544
10704 4 2 7 8 1594 1570 1488 2482
10705 4 2 7 8 1549 1510 2458 2488
10706 4 2 7 8 1116 1074 2506 2616
10707 4 2 7 8 2435 2510 2464 2538
10708 4 2 7 8 2029 2046 2002 2573
10709 4 2 7 8 1137 1147 1182 2565
10710 4 2 7 8 1518 2447 1522 2543
10711 4 2 7 8 1127 1129 1178 2566
10712 4 2 7 8 2414 2486 2579 2592
10713 4 2 7 8 2434 2486 2472 2568
10714 4 2 7 8 1450 2497 1600 2567
10715 4 2 7 8 1097 2491 2461 2607
10716 4 2 7 8 1163 2460 1093 2621
10717 4 2 7 8 2022 2000 2015 2618
10718 4 2 7 8 1086 1149 1075 2456
10719 4 2 7 8 2031 2052 2042 2503
10720 4 2 7 8 1872 1828 1829 2513
10721 4 2 7 8 2496 2527 2422 2591
10722 4 2 7 8 2040 2030 2500 2581
10723 4 2 7 8 2049 2041 2032 2441
10724 4 2 7 8 1876 2464 1836 2600
10725 4 2 7 8 1217 2515 1190 2516
10726 4 2 7 8 2021 2008 2005 2545
10727 4 2 7 8 1999 1468 1451 2495
10728 4 2 7 8 2436 2523 1884 2559
10729 4 2 7 8 1804 1551 2493 2542
10730 4 2 7 8 1997 1046 1979 2549
10731 4 2 7 8 1062 2486 1102 2628
10732 4 2 7 8 2472 2487 2434 2570
10733 4 2 7 8 1103 1102 1090 2624
10734 4 2 7 8 1961 2440 1877 2613
10735 4 2 7 8 1109 1119 2515 2562
10736 4 2 7 8 1610 1514 1508 2488
10737 4 2 7 8 1509 1515 2589 2593
10738 4 2 7 8 1552 1550 1510 2585
10739 4 2 7 8 1542 2547 2541 2564
10740 4 2 7 8 1487 1486 1485 2466
10741 4 2 7 8 1475 2514 2465 2629
10742 4 2 7 8 1127 1126 1128 2548
10743 4 2 7 8 1505 2481 1595 2604
10744 4 2 7 8 1595 1505 1504 2481
10745 4 2 7 8 1471 1470 1491 2591
10746 4 2 7 8 1143 1125 1178 2566
10747 4 2 7 8 1170 1920 1159 2535
10748 4 2 7 8 1500 1498 1499 2558
10749 4 2 7 8 1143 2559 1125 2566
10750 4 2 7 8 1518 1501 1522 2447
10751 4 2 7 8 2508 2556 2424 2627
10752 4 2 7 8 2420 2589 2526 2600
10753 4 2 7 8 2439 2510 2467 2539
10754 4 2 7 8 2446 2512 2418 2519
10755 4 2 7 8 2418 2437 2499 2519
10756 4 2 7 8 1210 1136 2447 2560
10757 4 2 7 8 1581 1451 1469 2609
10758 4 2 7 8 1181 2499 2544 2628
10759 4 2 7 8 2009 1602 2004 2495
10760 4 2 7 8 2023 2014 2508 2627
10761 4 2 7 8 1898 2493 1456 2588
10762 4 2 7 8 2031 2045 2052 2503
10763 4 2 7 8 454 2000 1969 1987
10764 4 2 7 8 2454 2522 2424 2605
10765 4 2 7 8 2444 2552 2428 2557
10766 4 2 7 8 2427 2505 2471 2575
10767 4 2 7 8 2429 2501 2561 2578
10768 4 2 7 8 2443 2525 2471 2571
10769 4 2 7 8 1883 1884 1942 2528
10770 4 2 7 8 2438 2506 2456 2518
10771 4 2 7 8 1999 2495 1451 2609
10772 4 2 7 8 1476 1606 2449 2629
10773 4 2 7 8 1882 1884 1883 2523
10774 4 2 7 8 1192 2491 1097 2607
10775 4 2 7 8 1214 1057 1199 2625
10776 4 2 7 8 2441 2480 1512 2576
10777 4 2 7 8 1894 2512 2519 2574
10778 4 2 7 8 1998 1991 1974 2550
10779 4 2 7 8 1082 2463 1077 2608
10780 4 2 7 8 1209 1099 1172 2624
10781 4 2 7 8 1902 1804 1898 2493
10782 4 2 7 8 2465 2539 2514 2593
10783 4 2 7 8 1518 2527 2447 2543
10784 4 2 7 8 1511 1510 1509 2589
10785 4 2 7 8 1190 2515 2447 2516
10786 4 2 7 8 2515 2543 2444 2565
10787 4 2 7 8 1869 1863 2462 2568
10788 4 2 7 8 2464 2539 2510 2606
10789 4 2 7 8 1097 1192 1158 2491
10790 4 2 7 8 2417 2526 2452 2529
10791 4 2 7 8 2418 2519 2512 2574
10792 4 2 7 8 1458 1504 1503 2481
10793 4 2 7 8 1840 1838 2538 2623
10794 4 2 7 8 1082 1096 2463 2607
10795 4 2 7 8 1045 1810 1124 2485
10796 4 2 7 8 1841 1838 2470 2611
10797 4 2 7 8 2419 2515 2455 2620
10798 4 2 7 8 1799 1444 1931 2530
10799 4 2 7 8 1494 2542 2564 2597
10800 4 2 7 8 1172 1102 2624 2628
10801 4 2 7 8 1834 1831 1833 2574
10802 4 2 7 8 1204 1970 1979 2550
10803 4 2 7 8 2414 2434 2472 2525
10804 4 2 7 8 1486 2541 2466 2564
10805 4 2 7 8 1098 1206 2446 2586
10806 4 2 7 8 2442 2554 2475 2574
10807 4 2 7 8 2490 2506 2438 2569
10808 4 2 7 8 2416 2545 2461 2577
10809 4 2 7 8 1472 1471 1473 2496
10810 4 2 7 8 2425 2613 2538 2623
10811 4 2 7 8 1098 1186 1206 2586
10812 4 2 7 8 1961 1856 1909 2530
10813 4 2 7 8 2472 2487 2427 2525
10814 4 2 7 8 1541 1455 1133 2598
10815 4 2 7 8 2008 2491 2020 2495
10816 4 2 7 8 1210 2447 1136 2504
10817 4 2 7 8 1567 1535 1614 2548
10818 4 2 7 8 2449 2524 2439 2582
10819 4 2 7 8 2424 2609 2545 2627
10820 4 2 7 8 1530 2528 1591 2588
10821 4 2 7 8 1169 2491 2460 2596
10822 4 2 7 8 1544 2476 2547 2564
10823 4 2 7 8 1485 1612 1488 2482
10824 4 2 7 8 1050 1956 1815 1138
10825 4 2 7 8 1590 1600 2497 2567
10826 4 2 7 8 1117 1101 1195 2537
10827 4 2 7 8 1617 2493 1551 2542
10828 4 2 7 8 2443 2550 2525 2571
10829 4 2 7 8 2468 2424 2545 2627
10830 4 2 7 8 1501 2558 1619 2560
10831 4 2 7 8 1860 1919 1861 2472
10832 4 2 7 8 1454 1580 1598 2480
10833 4 2 7 8 2433 2491 2460 2607
10834 4 2 7 8 2416 2561 2501 2578
10835 4 2 7 8 2004 2020 2009 2495
10836 4 2 7 8 2431 2468 2618 2627
10837 4 2 7 8 2488 2517 2458 2526
10838 4 2 7 8 1522 1588 1611 2447
10839 4 2 7 8 2413 2483 2520 2584
10840 4 2 7 8 1070 1072 1071 2562
10841 4 2 7 8 1999 2545 2495 2609
10842 4 2 7 8 2475 2479 2432 2612
10843 4 2 7 8 2421 2534 2485 2572
10844 4 2 7 8 1511 2458 1510 2589
10845 4 2 7 8 1618 1564 1545 2599
10846 4 2 7 8 2416 2561 2468 2577
10847 4 2 7 8 2439 2518 2510 2582
10848 4 2 7 8 1150 2497 1039 2567
10849 4 2 7 8 2456 2557 2444 2603
10850 4 2 7 8 2024 2017 2013 2573
10851 4 2 7 8 1068 1067 2583 2587
10852 4 2 7 8 1556 1944 397 1447
10853 4 2 7 8 2465 2514 2539 2615
10854 4 2 7 8 1848 1828 1849 2513
10855 4 2 7 8 1925 1920 1170 2601
10856 4 2 7 8 1937 1897 1814 2511
10857 4 2 7 8 2426 2561 2501 2577
10858 4 2 7 8 2414 2457 2483 2579
10859 4 2 7 8 1511 1552 2458 2589
10860 4 2 7 8 1462 1888 1534 2602
10861 4 2 7 8 2017 2553 2013 2573
10862 4 2 7 8 1956 2598 2450 2602
10863 4 2 7 8 1131 2450 1175 2523
10864 4 2 7 8 1565 2465 1478 2593
10865 4 2 7 8 1825 1843 2526 2529
10866 4 2 7 8 2416 2433 2463 2607
10867 4 2 7 8 1842 2534 1844 2622
10868 4 2 7 8 1956 1908 1815 1138
10869 4 2 7 8 1916 1901 1900 2576
10870 4 2 7 8 1144 1084 1073 2544
10871 4 2 7 8 1987 2502 1996 2521
10872 4 2 7 8 2439 2510 2413 2582
10873 4 2 7 8 1856 1967 2530 2585
10874 4 2 7 8 1053 2595 1463 2596
10875 4 2 7 8 1197 2497 1150 2567
10876 4 2 7 8 1905 1875 2476 2623
10877 4 2 7 8 1956 2450 1889 2602
10878 4 2 7 8 1845 1844 1842 2534
10879 4 2 7 8 2006 2556 2014 2627
10880 4 2 7 8 2432 2475 2554 2606
10881 4 2 7 8 1821 1467 1871 2494
10882 4 2 7 8 2440 2530 1877 2613
10883 4 2 7 8 1577 1548 2467 2593
10884 4 2 7 8 2419 2518 2439 2582
10885 4 2 7 8 1816 1926 1166 2489
10886 4 2 7 8 2424 2477 2563 2605
10887 4 2 7 8 1542 2541 1486 2564
10888 4 2 7 8 1929 1823 2473 2492
10889 4 2 7 8 2509 2535 2462 2624
10890 4 2 7 8 2476 2542 2451 2564
10891 4 2 7 8 1839 1894 1899 2574
10892 4 2 7 8 2417 2481 2454 2500
10893 4 2 7 8 2471 2571 2503 2617
10894 4 2 7 8 1827 1825 2479 2612
10895 4 2 7 8 1879 1948 1922 2487
10896 4 2 7 8 2419 2439 2524 2582
10897 4 2 7 8 1196 2548 2450 2598
10898 4 2 7 8 1841 1837 1838 2611
10899 4 2 7 8 1131 1886 1050 2450
10900 4 2 7 8 2506 2518 2438 2569
10901 4 2 7 8 2418 2490 2446 2499
10902 4 2 7 8 1548 2514 2467 2593
10903 4 2 7 8 2471 2525 2427 2571
10904 4 2 7 8 2419 2515 2456 2562
10905 4 2 7 8 2420 2440 2467 2589
10906 4 2 7 8 1900 2441 1818 2576
10907 4 2 7 8 1549 1508 1510 2488
10908 4 2 7 8 2006 2609 2556 2627
10909 4 2 7 8 2428 2456 2469 2603
10910 4 2 7 8 1469 1451 1468 2495
10911 4 2 7 8 2462 2568 1863 2592
10912 4 2 7 8 1584 1475 2465 2629
10913 4 2 7 8 1883 1935 1890 2450
10914 4 2 7 8 1200 2459 1058 2549
10915 4 2 7 8 1950 1819 1994 2474
10916 4 2 7 8 1952 1884 2559 2572
10917 4 2 7 8 2495 2545 2477 2609
10918 4 2 7 8 2414 2483 2554 2579
10919 4 2 7 8 2413 2510 2439 2539
10920 4 2 7 8 1873 1833 1836 2464
10921 4 2 7 8 1509 1565 1515 2593
10922 4 2 7 8 1986 2055 1994 2474
10923 4 2 7 8 1112 1180 1160 2507
10924 4 2 7 8 1831 1832 1829 2475
10925 4 2 7 8 1950 2055 2047 2474
10926 4 2 7 8 2452 2417 2481 2604
10927 4 2 7 8 1807 1926 1960 2489
10928 4 2 7 8 2456 2518 2419 2562
10929 4 2 7 8 1512 1502 2441 2576
10930 4 2 7 8 1494 2564 1492 2597
10931 4 2 7 8 1923 1897 1800 2511
10932 4 2 7 8 1923 1814 1897 2511
10933 4 2 7 8 2455 2583 2584 2587
10934 4 2 7 8 1611 1522 2447 2504
10935 4 2 7 8 1033 1151 1914 2509
10936 4 2 7 8 1950 2047 1880 2474
10937 4 2 7 8 2414 2457 2579 2628
10938 4 2 7 8 1061 1154 2551 2594
10939 4 2 7 8 1059 1154 1204 2551
10940 4 2 7 8 2469 2616 2445 2619
10941 4 2 7 8 1986 2042 2055 2474
10942 4 2 7 8 2449 2527 2524 2620
10943 4 2 7 8 1931 1444 1608 2530
10944 4 2 7 8 1958 2479 1852 2600
10945 4 2 7 8 2029 2002 2508 2573
10946 4 2 7 8 1175 1187 1134 2598
10947 4 2 7 8 1123 2555 2485 2566
10948 4 2 7 8 2436 2528 2540 2588
10949 4 2 7 8 2491 2495 2433 2610
10950 4 2 7 8 1859 2568 2459 2570
10951 4 2 7 8 1501 2447 2527 2558
10952 4 2 7 8 1577 1515 1548 2593
10953 4 2 7 8 1870 1920 1925 2601
10954 4 2 7 8 1526 1529 1527 2540
10955 4 2 7 8 1936 1803 1965 2535
10956 4 2 7 8 1822 1806 2028 2492
10957 4 2 7 8 1197 1120 1100 2567
10958 4 2 7 8 1991 1976 2571 2614
10959 4 2 7 8 1196 1175 1134 2450
10960 4 2 7 8 1107 2535 2462 2601
10961 4 2 7 8 1853 2526 2458 2600
10962 4 2 7 8 2028 2034 2492 2590
10963 4 2 7 8 2428 2466 2482 2603
10964 4 2 7 8 1210 2447 2504 2560
10965 4 2 7 8 2460 2491 2433 2610
10966 4 2 7 8 1044 1134 1133 2598
10967 4 2 7 8 2005 2495 1999 2545
10968 4 2 7 8 1906 2476 1875 2623
10969 4 2 7 8 1196 1126 2450 2548
10970 4 2 7 8 1521 2552 2444 2565
10971 4 2 7 8 2458 2488 1855 2585
10972 4 2 7 8 2458 2530 1552 2585
10973 4 2 7 8 1894 2519 1899 2574
10974 4 2 7 8 1516 1467 1576 2494
10975 4 2 7 8 1934 1858 2570 2625
10976 4 2 7 8 2014 2044 462 2029
10977 4 2 7 8 2434 2462 2486 2568
10978 4 2 7 8 2520 2582 2455 2620
10979 4 2 7 8 2556 2609 2424 2627
10980 4 2 7 8 2507 2558 2447 2560
10981 4 2 7 8 1217 1109 2515 2516
10982 4 2 7 8 1856 1855 1947 2585
10983 4 2 7 8 1115 1172 1099 2499
10984 4 2 7 8 2439 2539 2514 2582
10985 4 2 7 8 1193 1096 1097 2607
10986 4 2 7 8 1966 1928 2480 2576
10987 4 2 7 8 1147 1136 1190 2515
10988 4 2 7 8 1194 1158 2012 2461
10989 4 2 7 8 1936 1914 1157 2509
10990 4 2 7 8 1565 2593 2517 2604
10991 4 2 7 8 1564 2530 2440 2599
10992 4 2 7 8 2552 2557 1120 2567
10993 4 2 7 8 1601 1569 2454 2581
10994 4 2 7 8 2493 2534 2421 2572
10995 4 2 7 8 2451 2542 2476 2623
10996 4 2 7 8 2469 2555 2445 2616
10997 4 2 7 8 1124 1881 1949 1810
10998 4 2 7 8 285 1165 1945 1202
10999 4 2 7 8 1584 1474 1475 2629
11000 4 2 7 8 1907 1931 1608 2530
11001 4 2 7 8 2000 454 2015 1987
11002 4 2 7 8 2530 2599 1877 2613
11003 4 2 7 8 1851 1857 2537 2622
11004 4 2 7 8 1899 1832 1831 2574
11005 4 2 7 8 2429 2483 2457 2584
11006 4 2 7 8 1820 1821 1871 2494
11007 4 2 7 8 1181 1115 2499 2628
11008 4 2 7 8 2426 2501 2484 2594
11009 4 2 7 8 2489 2549 1200 2625
11010 4 2 7 8 1870 1862 1869 2462
11011 4 2 7 8 1172 2499 1115 2628
11012 4 2 7 8 1097 1194 1193 2461
11013 4 2 7 8 2013 2002 2046 2573
11014 4 2 7 8 2527 2558 2422 2591
11015 4 2 7 8 2013 2027 2016 2573
11016 4 2 7 8 2412 2478 2483 2626
11017 4 2 7 8 1102 2486 1090 2624
11018 4 2 7 8 1996 1987 1969 2502
11019 4 2 7 8 1552 1564 1553 2530
11020 4 2 7 8 1107 2459 1108 2601
11021 4 2 7 8 2453 2507 1500 2558
11022 4 2 7 8 2461 2532 2501 2577
11023 4 2 7 8 2515 2516 2455 2620
11024 4 2 7 8 1491 2591 1470 2610
11025 4 2 7 8 2445 2421 2555 2619
11026 4 2 7 8 2512 2569 2435 2611
11027 4 2 7 8 2517 2526 2420 2589
11028 4 2 7 8 2421 2497 2540 2566
11029 4 2 7 8 1885 2559 2485 2572
11030 4 2 7 8 1570 2552 1557 2567
11031 4 2 7 8 2440 2547 1564 2599
11032 4 2 7 8 2425 2541 2467 2547
11033 4 2 7 8 1137 2444 2552 2565
11034 4 2 7 8 1542 1486 1492 2564
11035 4 2 7 8 2470 2538 2435 2611
11036 4 2 7 8 1069 1067 1068 2587
11037 4 2 7 8 1158 2012 2461 2491
11038 4 2 7 8 2468 2416 2545 2605
11039 4 2 7 8 1584 2465 2563 2629
11040 4 2 7 8 1087 1192 1097 2607
11041 4 2 7 8 1113 2484 1114 2594
11042 4 2 7 8 1477 1478 1475 2514
11043 4 2 7 8 2499 2624 2437 2628
11044 4 2 7 8 1559 1597 2476 2599
11045 4 2 7 8 2037 2033 2034 2492
11046 4 2 7 8 1104 2552 2444 2557
11047 4 2 7 8 1200 2489 2459 2549
11048 4 2 7 8 2418 2512 2490 2569
11049 4 2 7 8 1941 1800 2511 2537
11050 4 2 7 8 1834 1839 2574 2611
11051 4 2 7 8 2465 2539 2478 2615
11052 4 2 7 8 2458 2530 2440 2589
11053 4 2 7 8 1124 1125 1143 2559
11054 4 2 7 8 1530 2540 2528 2588
11055 4 2 7 8 2049 2038 2033 2441
11056 4 2 7 8 2455 2582 2520 2584
11057 4 2 7 8 1986 1982 1992 2474
11058 4 2 7 8 1802 1953 1878 2488
11059 4 2 7 8 1193 1097 2461 2607
11060 4 2 7 8 1480 1483 1484 2541
11061 4 2 7 8 1950 1994 2055 2474
11062 4 2 7 8 1509 1508 1507 2517
11063 4 2 7 8 1985 2487 1973 2570
11064 4 2 7 8 2038 2441 2032 2576
11065 4 2 7 8 2418 2437 2519 2579
11066 4 2 7 8 1160 2507 1573 2531
11067 4 2 7 8 1588 1501 1619 2560
11068 4 2 7 8 1197 1150 1039 2567
11069 4 2 7 8 2416 2468 2561 2605
11070 4 2 7 8 1547 2460 1592 2546
11071 4 2 7 8 1553 1564 1618 2530
11072 4 2 7 8 1862 1962 2459 2601
11073 4 2 7 8 2438 2518 2456 2562
11074 4 2 7 8 1127 2536 1129 2566
11075 4 2 7 8 1615 1523 1522 2543
11076 4 2 7 8 1492 1486 1489 2564
11077 4 2 7 8 1848 2473 1826 2612
11078 4 2 7 8 1109 1071 1119 2562
11079 4 2 7 8 1124 1143 2485 2559
11080 4 2 7 8 1524 1521 1446 2552
11081 4 2 7 8 2412 2468 2580 2605
11082 4 2 7 8 2477 2545 2416 2605
11083 4 2 7 8 2442 2472 2414 2592
11084 4 2 7 8 1986 459 2042 2031
11085 4 2 7 8 1192 1169 1054 2491
11086 4 2 7 8 2491 2460 2596 2610
11087 4 2 7 8 2424 2522 2533 2580
11088 4 2 7 8 1830 1831 1829 2475
11089 4 2 7 8 2416 2468 2545 2577
11090 4 2 7 8 1809 1457 1534 2528
11091 4 2 7 8 1941 1800 1897 2511
11092 4 2 7 8 1521 2543 1523 2565
11093 4 2 7 8 1823 1822 1824 2529
11094 4 2 7 8 2453 2591 2433 2608
11095 4 2 7 8 1946 1801 1559 2476
11096 4 2 7 8 1559 2476 1801 2599
11097 4 2 7 8 1823 1826 1929 2473
11098 4 2 7 8 2050 2040 2030 2500
11099 4 2 7 8 2421 2566 2436 2572
11100 4 2 7 8 1588 2447 1501 2560
11101 4 2 7 8 1127 1041 2536 2548
11102 4 2 7 8 1819 1982 1994 2474
11103 4 2 7 8 1143 1045 1124 2485
11104 4 2 7 8 1573 1160 1180 2507
11105 4 2 7 8 1068 2562 2455 2583
11106 4 2 7 8 2412 2471 2505 2575
11107 4 2 7 8 1581 1472 1495 2477
11108 4 2 7 8 1606 1473 2496 2629
11109 4 2 7 8 2417 2500 2454 2522
11110 4 2 7 8 2439 2514 2449 2582
11111 4 2 7 8 1968 1948 1879 2487
11112 4 2 7 8 2421 2445 2534 2619
11113 4 2 7 8 1558 1501 1518 2527
11114 4 2 7 8 1498 2558 1497 2591
11115 4 2 7 8 1149 1071 1072 2562
11116 4 2 7 8 1062 2484 1061 2551
11117 4 2 7 8 1617 1589 1456 2493
11118 4 2 7 8 2510 2539 2413 2606
11119 4 2 7 8 2459 2462 2434 2568
11120 4 2 7 8 2483 2554 2457 2584
11121 4 2 7 8 1061 2551 2484 2594
11122 4 2 7 8 1603 1500 1499 2453
11123 4 2 7 8 2447 2515 2504 2543
11124 4 2 7 8 1110 1111 1216 2531
11125 4 2 7 8 1589 1456 2493 2588
11126 4 2 7 8 2428 2557 2552 2567
11127 4 2 7 8 1038 293 1936 1803
11128 4 2 7 8 1856 2530 2458 2585
11129 4 2 7 8 2022 2015 2011 2618
11130 4 2 7 8 2431 2503 2471 2580
11131 4 2 7 8 2449 2514 1476 2629
11132 4 2 7 8 1869 2462 1965 2535
11133 4 2 7 8 1181 2544 1065 2628
11134 4 2 7 8 1448 1610 1549 2488
11135 4 2 7 8 2510 2518 2413 2582
11136 4 2 7 8 1126 1175 2450 2523
11137 4 2 7 8 1042 1926 297 1807
11138 4 2 7 8 1920 2535 1170 2601
11139 4 2 7 8 1049 2494 1461 2598
11140 4 2 7 8 1603 1500 2453 2531
11141 4 2 7 8 2013 2016 2002 2573
11142 4 2 7 8 1187 1139 1207 2598
11143 4 2 7 8 2487 2525 2434 2550
11144 4 2 7 8 2010 2011 2521 2532
11145 4 2 7 8 1157 1174 1038 2535
11146 4 2 7 8 2423 2465 2478 2615
11147 4 2 7 8 1478 1477 1548 2514
11148 4 2 7 8 1090 1107 1103 2462
11149 4 2 7 8 2054 2024 2046 2573
11150 4 2 7 8 1033 1152 1151 2509
11151 4 2 7 8 1910 1853 1856 2600
11152 4 2 7 8 1521 1446 2552 2565
11153 4 2 7 8 2489 2570 2549 2625
11154 4 2 7 8 1457 1887 1805 2528
11155 4 2 7 8 2420 2467 2539 2593
11156 4 2 7 8 1563 1148 1460 2504
11157 4 2 7 8 1511 1577 1564 2589
11158 4 2 7 8 2432 2513 2473 2575
11159 4 2 7 8 2043 2031 458 1988
11160 4 2 7 8 1140 1150 1129 2536
11161 4 2 7 8 1119 1071 1149 2562
11162 4 2 7 8 1193 2461 1040 2532
11163 4 2 7 8 2434 2550 2525 2551
11164 4 2 7 8 1564 2547 1545 2599
11165 4 2 7 8 1515 1577 2589 2593
11166 4 2 7 8 2514 2615 2465 2629
11167 4 2 7 8 2422 2455 2516 2620
11168 4 2 7 8 1870 2535 1920 2601
11169 4 2 7 8 1148 240 1563 1460
11170 4 2 7 8 1182 1147 1190 2515
11171 4 2 7 8 2422 2578 2496 2591
11172 4 2 7 8 1565 1584 1478 2465
11173 4 2 7 8 1608 1459 1907 2530
11174 4 2 7 8 1859 2459 1865 2570
11175 4 2 7 8 2479 2526 1852 2600
11176 4 2 7 8 2436 2528 2523 2548
11177 4 2 7 8 2501 2532 2426 2577
11178 4 2 7 8 2013 2553 2027 2573
11179 4 2 7 8 1211 2552 1035 2565
11180 4 2 7 8 1854 1953 1855 2488
11181 4 2 7 8 2473 2513 2432 2612
11182 4 2 7 8 1619 1500 2507 2558
11183 4 2 7 8 1615 1522 2504 2543
11184 4 2 7 8 1945 1851 1857 2537
11185 4 2 7 8 1033 2509 1798 2586
11186 4 2 7 8 1992 1975 1980 2571
11187 4 2 7 8 1151 1157 1914 2509
11188 4 2 7 8 2448 2473 2492 2590
11189 4 2 7 8 1537 1568 2598 2602
11190 4 2 7 8 2467 2589 1577 2593
11191 4 2 7 8 1477 1476 2514 2629
11192 4 2 7 8 1494 1492 1489 2597
11193 4 2 7 8 2050 2034 2036 2500
11194 4 2 7 8 2448 2474 2473 2590
11195 4 2 7 8 1854 1853 1843 2526
11196 4 2 7 8 1972 458 2031 1988
11197 4 2 7 8 1906 1875 2613 2623
11198 4 2 7 8 1500 2507 2453 2531
11199 4 2 7 8 1847 1850 1845 2534
11200 4 2 7 8 1194 1040 1193 2461
11201 4 2 7 8 1171 1132 2521 2532
11202 4 2 7 8 2476 2564 2451 2623
11203 4 2 7 8 1867 1891 1893 2509
11204 4 2 7 8 1849 1872 1919 2513
11205 4 2 7 8 1547 1546 2460 2610
11206 4 2 7 8 1597 1544 1575 2476
11207 4 2 7 8 1842 2470 2534 2622
11208 4 2 7 8 1986 459 2031 1972
11209 4 2 7 8 2419 2444 2515 2543
11210 4 2 7 8 1993 1981 1191 2521
11211 4 2 7 8 2422 2527 2516 2558
11212 4 2 7 8 1114 1155 1156 2501
11213 4 2 7 8 1088 1089 1123 2555
11214 4 2 7 8 2439 2413 2539 2582
11215 4 2 7 8 1088 1085 1078 2469
11216 4 2 7 8 1992 1972 1986 2503
11217 4 2 7 8 1977 2570 1858 2625
11218 4 2 7 8 1856 1853 1855 2458
11219 4 2 7 8 2524 2582 2449 2620
11220 4 2 7 8 1946 397 1944 1447
11221 4 2 7 8 2413 2554 2483 2584
11222 4 2 7 8 1910 2526 1853 2600
11223 4 2 7 8 2421 2436 2540 2572
11224 4 2 7 8 1906 2613 2476 2623
11225 4 2 7 8 1865 2459 2489 2570
11226 4 2 7 8 1509 2589 2517 2593
11227 4 2 7 8 1033 1914 1798 2509
11228 4 2 7 8 2414 2554 2442 2579
11229 4 2 7 8 2458 2589 2440 2600
11230 4 2 7 8 1061 1154 1059 2551
11231 4 2 7 8 1565 2465 2593 2604
11232 4 2 7 8 1509 2517 1565 2593
11233 4 2 7 8 2422 2527 2449 2620
11234 4 2 7 8 1522 1501 1588 2447
11235 4 2 7 8 2457 1065 2544 2628
11236 4 2 7 8 297 1166 1926 1042
11237 4 2 7 8 2035 2047 2474 2590
11238 4 2 7 8 1842 1841 1838 2470
11239 4 2 7 8 2420 2479 2464 2600
11240 4 2 7 8 1929 1806 1823 2492
11241 4 2 7 8 1482 1606 1558 2527
11242 4 2 7 8 1557 1120 1205 2567
11243 4 2 7 8 2420 2465 2517 2593
11244 4 2 7 8 1054 2491 1169 2596
11245 4 2 7 8 2477 2495 2416 2545
11246 4 2 7 8 1125 1126 1127 2523
11247 4 2 7 8 2418 2499 2437 2579
11248 4 2 7 8 1082 1077 1081 2608
11249 4 2 7 8 1848 1826 1828 2612
11250 4 2 7 8 1603 2453 1499 2531
11251 4 2 7 8 2521 2532 2426 2594
11252 4 2 7 8 1812 2487 1860 2570
11253 4 2 7 8 1911 1047 289 1145
11254 4 2 7 8 1584 2563 1474 2629
11255 4 2 7 8 2046 2002 463 2029
11256 4 2 7 8 1820 1183 1056 2494
11257 4 2 7 8 2050 2500 2036 2533
11258 4 2 7 8 1521 1519 1523 2543
11259 4 2 7 8 1090 1102 1060 2486
11260 4 2 7 8 2418 2544 2499 2579
11261 4 2 7 8 1875 1903 1904 2623
11262 4 2 7 8 1183 1576 1130 2494
11263 4 2 7 8 1859 1812 1860 2570
11264 4 2 7 8 1967 1909 1856 2530
11265 4 2 7 8 1213 2453 2507 2531
11266 4 2 7 8 2433 2591 2546 2610
11267 4 2 7 8 1492 2564 1489 2597
11268 4 2 7 8 1907 1877 1909 2530
11269 4 2 7 8 1620 1538 1499 2546
11270 4 2 7 8 1077 1076 1069 2587
11271 4 2 7 8 1958 1852 1910 2600
11272 4 2 7 8 1928 1580 2480 2576
11273 4 2 7 8 2473 2513 2427 2575
11274 4 2 7 8 1200 1201 2459 2489
11275 4 2 7 8 1934 1977 1858 2625
11276 4 2 7 8 424 1468 1999 2004
11277 4 2 7 8 2436 2421 2540 2566
11278 4 2 7 8 1546 2596 2460 2610
11279 4 2 7 8 1213 1081 1094 2608
11280 4 2 7 8 2023 2006 2014 2627
11281 4 2 7 8 2412 2580 2522 2605
11282 4 2 7 8 1094 1208 1213 2507
11283 4 2 7 8 1460 1048 1586 2504
11284 4 2 7 8 2418 2519 2442 2579
11285 4 2 7 8 1956 1918 1908 2494
11286 4 2 7 8 1472 1581 1469 2477
11287 4 2 7 8 1547 1592 1493 2546
11288 4 2 7 8 2035 2047 2042 2474
11289 4 2 7 8 1501 2527 1558 2558
11290 4 2 7 8 1523 2504 1615 2565
11291 4 2 7 8 1445 1562 1034 2507
11292 4 2 7 8 1952 2559 1885 2572
11293 4 2 7 8 1570 1524 1557 2552
11294 4 2 7 8 1130 1576 1461 2494
11295 4 2 7 8 1816 1166 1052 2489
11296 4 2 7 8 2484 2551 2443 2594
11297 4 2 7 8 1929 2492 2473 2590
11298 4 2 7 8 2414 2579 2442 2592
11299 4 2 7 8 1617 1528 1589 2493
11300 4 2 7 8 1043 1162 1453 2595
11301 4 2 7 8 2459 2549 2489 2570
11302 4 2 7 8 2423 2615 2478 2626
11303 4 2 7 8 1143 2485 2559 2566
11304 4 2 7 8 2007 2021 2545 2577
11305 4 2 7 8 1541 1049 1461 2598
11306 4 2 7 8 2014 2002 2023 2508
11307 4 2 7 8 1034 1562 1180 2507
11308 4 2 7 8 2430 2569 2512 2611
11309 4 2 7 8 1165 1118 1117 2537
11310 4 2 7 8 1123 1143 1122 2566
11311 4 2 7 8 1079 1084 1091 2490
11312 4 2 7 8 2032 1502 1583 2576
11313 4 2 7 8 2429 2520 2483 2584
11314 4 2 7 8 1462 1534 1568 2602
11315 4 2 7 8 1565 1509 1507 2517
11316 4 2 7 8 2486 2437 2624 2628
11317 4 2 7 8 2420 2440 2589 2600
11318 4 2 7 8 1870 2462 1869 2535
11319 4 2 7 8 2512 2574 1839 2611
11320 4 2 7 8 1955 1869 1965 2535
11321 4 2 7 8 1991 1976 1974 2571
11322 4 2 7 8 1928 1817 1464 2576
11323 4 2 7 8 1555 1512 1598 2480
11324 4 2 7 8 2497 2421 2555 2566
11325 4 2 7 8 1861 1919 1864 2472
11326 4 2 7 8 2046 2024 2013 2573
11327 4 2 7 8 1913 1855 1917 2585
11328 4 2 7 8 1894 1912 1899 2519
11329 4 2 7 8 2050 2040 2500 2533
11330 4 2 7 8 1124 2523 1125 2559
11331 4 2 7 8 1862 2462 2459 2568
11332 4 2 7 8 2023 2508 2016 2627
11333 4 2 7 8 2007 2577 2545 2627
11334 4 2 7 8 1189 1446 1035 2552
11335 4 2 7 8 1918 2494 1956 2602
11336 4 2 7 8 2430 2506 2490 2569
11337 4 2 7 8 1938 1202 285 1945
11338 4 2 7 8 1174 2462 1107 2535
11339 4 2 7 8 1513 1584 1565 2465
11340 4 2 7 8 1190 1109 1119 2515
11341 4 2 7 8 1133 1455 1044 2598
11342 4 2 7 8 1842 1841 2470 2622
11343 4 2 7 8 2043 2056 2045 2573
11344 4 2 7 8 1799 1931 1967 2530
11345 4 2 7 8 1464 1580 1928 2576
11346 4 2 7 8 1126 2523 2450 2548
11347 4 2 7 8 1171 2521 1055 2594
11348 4 2 7 8 1193 1040 1179 2532
11349 4 2 7 8 1080 2516 1094 2608
11350 4 2 7 8 2500 2522 2448 2533
11351 4 2 7 8 1804 2493 1902 2542
11352 4 2 7 8 2436 2540 2536 2566
11353 4 2 7 8 1864 1861 2472 2568
11354 4 2 7 8 1497 1606 1473 2496
11355 4 2 7 8 1868 1866 1912 2519
11356 4 2 7 8 1892 1868 1894 2519
11357 4 2 7 8 2577 2618 2468 2627
11358 4 2 7 8 1448 1582 404 1917
11359 4 2 7 8 1895 1839 1896 2512
11360 4 2 7 8 2442 2554 2418 2579
11361 4 2 7 8 1966 1901 1916 2480
11362 4 2 7 8 1446 1586 238 1035
11363 4 2 7 8 1200 1214 1167 2489
11364 4 2 7 8 1478 2514 1548 2593
11365 4 2 7 8 1071 2562 1068 2583
11366 4 2 7 8 2029 2508 2056 2573
11367 4 2 7 8 2429 2455 2520 2584
11368 4 2 7 8 1033 1152 2509 2586
11369 4 2 7 8 1447 1597 1575 2476
11370 4 2 7 8 2412 2471 2575 2580
11371 4 2 7 8 2412 2561 2468 2605
11372 4 2 7 8 1573 1037 1160 2531
11373 4 2 7 8 2030 1560 1605 2581
11374 4 2 7 8 1172 1198 1102 2628
11375 4 2 7 8 2007 2618 2577 2627
11376 4 2 7 8 1876 1961 1877 2613
11377 4 2 7 8 2447 2558 1501 2560
11378 4 2 7 8 1960 2489 1962 2601
11379 4 2 7 8 1054 1158 1192 2491
11380 4 2 7 8 402 1799 1913 1613
11381 4 2 7 8 2468 2561 2426 2577
11382 4 2 7 8 1991 1979 1970 2550
11383 4 2 7 8 1586 1615 2504 2565
11384 4 2 7 8 1114 1156 1179 2501
11385 4 2 7 8 2470 2611 2430 2622
11386 4 2 7 8 2005 2004 1999 2495
11387 4 2 7 8 2486 2624 1102 2628
11388 4 2 7 8 2434 2487 2472 2525
11389 4 2 7 8 1468 1999 1451 424
11390 4 2 7 8 1465 1561 1546 2596
11391 4 2 7 8 2514 2539 2467 2593
11392 4 2 7 8 2455 2562 2438 2583
11393 4 2 7 8 2423 2563 2477 2605
11394 4 2 7 8 2028 450 1806 1822
11395 4 2 7 8 1896 2512 1839 2611
11396 4 2 7 8 2442 2519 2437 2579
11397 4 2 7 8 2440 2425 2547 2613
11398 4 2 7 8 1906 1875 1874 2613
11399 4 2 7 8 1905 1875 1906 2476
11400 4 2 7 8 2028 2035 2034 2590
11401 4 2 7 8 2419 2518 2456 2603
11402 4 2 7 8 1988 1984 1989 2553
11403 4 2 7 8 2470 2534 2445 2619
11404 4 2 7 8 1981 1055 1191 2521
11405 4 2 7 8 1586 1146 238 1035
11406 4 2 7 8 2445 2537 2430 2616
11407 4 2 7 8 2435 2574 2512 2611
11408 4 2 7 8 1808 1927 1940 2480
11409 4 2 7 8 1168 1212 1933 2625
11410 4 2 7 8 1195 1101 1142 2511
11411 4 2 7 8 1483 1486 1542 2541
11412 4 2 7 8 1984 2502 2553 2617
11413 4 2 7 8 1598 2480 1580 2576
11414 4 2 7 8 2431 2502 2471 2617
11415 4 2 7 8 2426 2468 2577 2618
11416 4 2 7 8 2430 2537 2445 2622
11417 4 2 7 8 444 1812 1858 2570
11418 4 2 7 8 1563 1460 1611 2504
11419 4 2 7 8 1111 2453 1213 2531
11420 4 2 7 8 1093 1164 1169 2460
11421 4 2 7 8 1853 1910 1852 2526
11422 4 2 7 8 2425 2451 2564 2623
11423 4 2 7 8 301 1191 1993 1981
11424 4 2 7 8 1816 1964 1926 2489
11425 4 2 7 8 1460 1586 1615 2504
11426 4 2 7 8 1135 2447 1136 2560
11427 4 2 7 8 1799 1444 2530 2585
11428 4 2 7 8 1512 1514 1571 2480
11429 4 2 7 8 1900 1818 1916 2576
11430 4 2 7 8 1167 2489 1214 2625
11431 4 2 7 8 1810 1924 1885 2485
11432 4 2 7 8 2013 2017 2027 2553
11433 4 2 7 8 2442 2579 2437 2592
11434 4 2 7 8 2452 2517 2488 2526
11435 4 2 7 8 1054 2003 2491 2596
11436 4 2 7 8 1618 1459 1553 2530
11437 4 2 7 8 2545 2577 2468 2627
11438 4 2 7 8 1907 1877 2530 2599
11439 4 2 7 8 1848 1943 1929 2473
11440 4 2 7 8 2493 2540 1589 2588
11441 4 2 7 8 1823 2492 1822 2529
11442 4 2 7 8 2428 2557 2456 2603
11443 4 2 7 8 1175 2450 1187 2598
11444 4 2 7 8 1544 2476 1597 2547
11445 4 2 7 8 2413 2539 2478 2606
11446 4 2 7 8 2420 2539 2464 2606
11447 4 2 7 8 1838 1835 1840 2538
11448 4 2 7 8 2007 2021 2005 2545
11449 4 2 7 8 1864 2568 2472 2592
11450 4 2 7 8 1811 1959 1131 2523
11451 4 2 7 8 1181 1065 1115 2628
11452 4 2 7 8 2038 2049 2032 2441
11453 4 2 7 8 463 2013 2002 2046
11454 4 2 7 8 1552 1510 2458 2585
11455 4 2 7 8 1513 2465 1565 2604
11456 4 2 7 8 1555 1598 1580 2576
11457 4 2 7 8 1094 1080 1095 2516
11458 4 2 7 8 2471 2443 2571 2614
11459 4 2 7 8 1591 2528 1531 2588
11460 4 2 7 8 1446 1189 1604 2552
11461 4 2 7 8 2422 2591 2453 2608
11462 4 2 7 8 1037 244 1573 1160
11463 4 2 7 8 1215 1143 1123 2485
11464 4 2 7 8 2427 2525 2487 2571
11465 4 2 7 8 2440 2599 2530 2613
11466 4 2 7 8 1174 2462 2535 2624
11467 4 2 7 8 1575 1494 1556 2542
11468 4 2 7 8 1816 1052 1168 2625
11469 4 2 7 8 1062 1063 1061 2484
11470 4 2 7 8 2541 2547 2425 2564
11471 4 2 7 8 1865 1862 1962 2459
11472 4 2 7 8 1468 1470 1469 2495
11473 4 2 7 8 1898 1456 1804 395
11474 4 2 7 8 286 1036 1945 1165
11475 4 2 7 8 2030 2039 1560 2581
11476 4 2 7 8 1597 2547 2476 2599
11477 4 2 7 8 1499 2531 2453 2546
11478 4 2 7 8 1981 1970 302 1154
11479 4 2 7 8 1082 1087 1096 2607
11480 4 2 7 8 1538 2531 1499 2546
11481 4 2 7 8 1553 1608 1444 2530
11482 4 2 7 8 1962 2489 2459 2601
11483 4 2 7 8 2002 2016 2023 2508
11484 4 2 7 8 1852 2526 1910 2600
11485 4 2 7 8 2517 2593 2465 2604
11486 4 2 7 8 1619 1501 1500 2558
11487 4 2 7 8 1977 444 1858 2570
11488 4 2 7 8 1195 1142 1141 2511
11489 4 2 7 8 2053 2014 2026 2556
11490 4 2 7 8 1165 1036 1945 2537
11491 4 2 7 8 2422 2558 2516 2608
11492 4 2 7 8 2431 2471 2503 2617
11493 4 2 7 8 2459 2489 1201 2601
11494 4 2 7 8 1889 1956 1890 2450
11495 4 2 7 8 1977 2549 2570 2625
11496 4 2 7 8 1557 1604 1120 2552
11497 4 2 7 8 1948 1968 446 1982
11498 4 2 7 8 1958 1910 1836 2600
11499 4 2 7 8 1540 2536 1452 2548
11500 4 2 7 8 2439 2467 2514 2539
11501 4 2 7 8 2050 2030 2037 2500
11502 4 2 7 8 2561 2416 2605 2626
11503 4 2 7 8 2422 2516 2527 2620
11504 4 2 7 8 1189 1035 1211 2552
11505 4 2 7 8 1523 2543 2504 2565
11506 4 2 7 8 1070 2562 1071 2583
11507 4 2 7 8 1566 1568 1567 2450
11508 4 2 7 8 2475 2479 2464 2606
11509 4 2 7 8 1180 1562 1573 2507
11510 4 2 7 8 1936 1893 1914 2509
11511 4 2 7 8 1446 1035 2552 2565
11512 4 2 7 8 1608 1553 1459 2530
11513 4 2 7 8 1054 1173 2003 2596
11514 4 2 7 8 2483 2520 2429 2626
11515 4 2 7 8 1594 1612 1520 2482
11516 4 2 7 8 1964 1934 1865 2489
11517 4 2 7 8 1902 1930 2572 2588
11518 4 2 7 8 1613 402 1799 1444
11519 4 2 7 8 1880 2474 2047 2590
11520 4 2 7 8 1175 1134 2450 2598
11521 4 2 7 8 1477 1475 1476 2629
11522 4 2 7 8 1477 2514 1475 2629
11523 4 2 7 8 2455 2584 2429 2587
11524 4 2 7 8 1840 1835 1873 2538
11525 4 2 7 8 2414 2579 2486 2628
11526 4 2 7 8 1535 1534 1457 2528
11527 4 2 7 8 1468 1470 2495 2610
11528 4 2 7 8 1875 1874 2613 2623
11529 4 2 7 8 1809 1534 1888 2602
11530 4 2 7 8 1553 1444 1552 2585
11531 4 2 7 8 1856 1961 1910 2600
11532 4 2 7 8 1174 1103 1107 2462
11533 4 2 7 8 1983 2502 1984 2617
11534 4 2 7 8 1137 1211 1035 2565
11535 4 2 7 8 1537 1609 1554 2602
11536 4 2 7 8 1113 1114 1171 2594
11537 4 2 7 8 1034 1445 2507 2560
11538 4 2 7 8 1841 2611 2470 2622
11539 4 2 7 8 1123 1122 2555 2566
11540 4 2 7 8 2437 2519 2442 2592
11541 4 2 7 8 1066 1065 1144 2544
11542 4 2 7 8 1960 1865 1962 2489
11543 4 2 7 8 2420 2478 2539 2606
11544 4 2 7 8 1901 1940 1846 2480
11545 4 2 7 8 1124 1881 2523 2559
11546 4 2 7 8 1144 2544 1070 2583
11547 4 2 7 8 1590 1450 1600 2567
11548 4 2 7 8 1532 1529 1600 2536
11549 4 2 7 8 1120 1604 1189 2552
11550 4 2 7 8 1160 243 1573 1180
11551 4 2 7 8 1499 1498 1491 2591
11552 4 2 7 8 2018 2556 2006 2609
11553 4 2 7 8 2027 2000 2022 2553
11554 4 2 7 8 1984 2502 1969 2553
11555 4 2 7 8 1939 1937 1911 2586
11556 4 2 7 8 1943 1929 2473 2590
11557 4 2 7 8 2016 2618 2007 2627
11558 4 2 7 8 1041 1452 2536 2548
11559 4 2 7 8 288 1923 1141 1047
11560 4 2 7 8 2437 2486 2579 2628
11561 4 2 7 8 2000 2022 2553 2618
11562 4 2 7 8 1936 1157 293 1038
11563 4 2 7 8 1507 1565 2517 2604
11564 4 2 7 8 1609 1541 1461 2598
11565 4 2 7 8 1863 2568 1864 2592
11566 4 2 7 8 1839 1895 1894 2512
11567 4 2 7 8 1563 1445 241 2560
11568 4 2 7 8 1505 1503 1504 2481
11569 4 2 7 8 1120 1104 1100 2557
11570 4 2 7 8 2420 2464 2479 2606
11571 4 2 7 8 1586 1523 1615 2565
11572 4 2 7 8 1801 1946 1906 2476
11573 4 2 7 8 1583 2048 2032 2576
11574 4 2 7 8 2015 2010 2011 2521
11575 4 2 7 8 1966 1916 1928 2576
11576 4 2 7 8 1059 1058 1060 2551
11577 4 2 7 8 2001 1194 2012 2461
11578 4 2 7 8 1999 2005 2545 2609
11579 4 2 7 8 1100 1086 1085 2557
11580 4 2 7 8 1876 1836 1910 2600
11581 4 2 7 8 1902 2493 1898 2588
11582 4 2 7 8 1154 302 1981 1055
11583 4 2 7 8 1807 1042 2489 2601
11584 4 2 7 8 1194 2001 1040 2461
11585 4 2 7 8 1908 1820 1056 2494
11586 4 2 7 8 1038 1159 294 1803
11587 4 2 7 8 1884 1930 1963 2588
11588 4 2 7 8 1093 1163 1164 2460
11589 4 2 7 8 1063 1113 1061 2484
11590 4 2 7 8 2499 2579 2544 2628
11591 4 2 7 8 1528 2493 1617 2597
11592 4 2 7 8 2027 2553 2022 2618
11593 4 2 7 8 1511 1509 1515 2589
11594 4 2 7 8 1599 1466 2053 2556
11595 4 2 7 8 1976 1980 2571 2614
11596 4 2 7 8 1191 1132 2010 2521
11597 4 2 7 8 1986 1994 1982 2474
11598 4 2 7 8 2423 2465 2615 2629
11599 4 2 7 8 1497 2496 1471 2591
11600 4 2 7 8 1551 1804 1456 395
11601 4 2 7 8 1198 1172 1115 2628
11602 4 2 7 8 1869 2462 1862 2568
11603 4 2 7 8 240 1148 1048 1460
11604 4 2 7 8 1034 242 1180 1562
11605 4 2 7 8 1201 1108 1200 2459
11606 4 2 7 8 1537 1568 1566 2598
11607 4 2 7 8 1830 1827 1958 2479
11608 4 2 7 8 2004 2008 2020 2495
11609 4 2 7 8 1048 1460 1148 2504
11610 4 2 7 8 1538 1603 1499 2531
11611 4 2 7 8 2493 2542 1617 2597
11612 4 2 7 8 1084 1144 1181 2544
11613 4 2 7 8 2514 2582 2539 2615
11614 4 2 7 8 1191 2010 2025 2521
11615 4 2 7 8 1987 1993 2025 2521
11616 4 2 7 8 1217 1190 1095 2516
11617 4 2 7 8 2001 2461 2021 2577
11618 4 2 7 8 1985 1974 1973 2487
11619 4 2 7 8 1863 1866 1867 2592
11620 4 2 7 8 1054 2003 2012 2491
11621 4 2 7 8 1604 236 1557 1120
11622 4 2 7 8 1049 1133 1207 2598
11623 4 2 7 8 2412 2575 2522 2580
11624 4 2 7 8 1981 301 1191 1055
11625 4 2 7 8 1952 1930 1884 2572
11626 4 2 7 8 1553 2530 1444 2585
11627 4 2 7 8 1564 1543 1545 2547
11628 4 2 7 8 1864 1863 1861 2568
11629 4 2 7 8 1468 2004 1602 2495
11630 4 2 7 8 1596 2556 1533 2609
11631 4 2 7 8 1553 1552 2530 2585
11632 4 2 7 8 1604 1189 236 1120
11633 4 2 7 8 1051 1881 1811 2523
11634 4 2 7 8 2436 2540 2572 2588
11635 4 2 7 8 1902 2572 2493 2588
11636 4 2 7 8 2525 2550 2443 2551
11637 4 2 7 8 1476 1473 1606 2629
11638 4 2 7 8 1808 1940 1966 2480
11639 4 2 7 8 1950 1880 1819 2474
11640 4 2 7 8 1460 1048 239 1586
11641 4 2 7 8 1116 1078 1074 2616
11642 4 2 7 8 1592 1453 1579 2621
11643 4 2 7 8 2571 2614 1980 2617
11644 4 2 7 8 1557 2552 1120 2567
11645 4 2 7 8 1801 1906 1877 2613
11646 4 2 7 8 2042 2047 2055 2474
11647 4 2 7 8 2006 2545 2005 2609
11648 4 2 7 8 1511 1515 1577 2589
11649 4 2 7 8 2413 2520 2582 2584
11650 4 2 7 8 1061 1113 1154 2594
11651 4 2 7 8 1827 1852 1958 2479
11652 4 2 7 8 1495 1474 1496 2563
11653 4 2 7 8 388 1871 1467 1516
11654 4 2 7 8 1203 1160 1037 2531
11655 4 2 7 8 1586 1035 1446 2565
11656 4 2 7 8 1159 294 1803 1920
11657 4 2 7 8 1812 1973 2487 2570
11658 4 2 7 8 1876 1910 1961 2600
11659 4 2 7 8 1884 2572 1930 2588
11660 4 2 7 8 2438 2583 2544 2584
11661 4 2 7 8 1041 1188 1539 2548
11662 4 2 7 8 1932 1818 2038 2576
11663 4 2 7 8 1562 1034 242 1445
11664 4 2 7 8 1971 2549 1977 2625
11665 4 2 7 8 1929 1806 2492 2590
11666 4 2 7 8 2453 2558 2422 2608
11667 4 2 7 8 1942 1887 1809 2528
11668 4 2 7 8 2018 2014 2006 2556
11669 4 2 7 8 2418 2490 2499 2544
11670 4 2 7 8 1539 1452 1041 2548
11671 4 2 7 8 1984 1983 1969 2502
11672 4 2 7 8 1882 1952 1884 2559
11673 4 2 7 8 2008 2004 2005 2495
11674 4 2 7 8 2478 2539 2413 2615
11675 4 2 7 8 1057 2549 1199 2625
11676 4 2 7 8 1146 1035 1586 2565
11677 4 2 7 8 1107 1170 2535 2601
11678 4 2 7 8 1901 1916 2480 2576
11679 4 2 7 8 1215 1045 1143 2485
11680 4 2 7 8 1819 1948 446 1982
11681 4 2 7 8 1555 2480 1598 2576
11682 4 2 7 8 2476 2425 2547 2564
11683 4 2 7 8 2014 2053 2044 2556
11684 4 2 7 8 1906 1946 1905 2476
11685 4 2 7 8 1612 1594 1488 2482
11686 4 2 7 8 1452 1140 1041 2536
11687 4 2 7 8 1455 1188 1044 2548
11688 4 2 7 8 1963 1805 1887 2528
11689 4 2 7 8 1586 2504 1146 2565
11690 4 2 7 8 1058 1046 1057 2549
11691 4 2 7 8 1146 1586 1048 2504
11692 4 2 7 8 2475 2432 2479 2606
11693 4 2 7 8 2007 2545 2006 2627
11694 4 2 7 8 1543 1542 1544 2547
11695 4 2 7 8 1929 1826 1848 2473
11696 4 2 7 8 2044 2051 2029 2508
11697 4 2 7 8 1563 2504 1611 2560
11698 4 2 7 8 1887 1457 1809 2528
11699 4 2 7 8 1053 1173 2595 2596
11700 4 2 7 8 2029 2051 2056 2508
11701 4 2 7 8 1468 2495 1602 2610
11702 4 2 7 8 1171 1132 1055 2521
11703 4 2 7 8 1457 1805 1531 2528
11704 4 2 7 8 1130 1056 1183 2494
11705 4 2 7 8 1459 2530 1618 2599
11706 4 2 7 8 1198 1062 1102 2628
11707 4 2 7 8 1497 1471 1491 2591
11708 4 2 7 8 1798 2509 1891 2586
11709 4 2 7 8 1598 1571 1454 2480
11710 4 2 7 8 2001 2532 2461 2577
11711 4 2 7 8 1819 1880 1943 2474
11712 4 2 7 8 2005 2006 2007 2545
11713 4 2 7 8 1935 1889 2450 2602
11714 4 2 7 8 1173 1053 1177 2596
11715 4 2 7 8 2455 2583 2438 2584
11716 4 2 7 8 1051 1124 1881 2523
11717 4 2 7 8 1879 1922 1860 2487
11718 4 2 7 8 1199 2549 1971 2625
11719 4 2 7 8 1522 2447 2504 2543
11720 4 2 7 8 1070 1071 1068 2583
11721 4 2 7 8 2445 2534 2470 2622
11722 4 2 7 8 2451 2564 2542 2597
11723 4 2 7 8 1445 1619 1562 2507
11724 4 2 7 8 1530 1591 1531 2588
11725 4 2 7 8 2423 2563 2465 2629
11726 4 2 7 8 1042 1201 1166 2489
11727 4 2 7 8 2030 2039 430 1560
11728 4 2 7 8 1802 404 1917 1448
11729 4 2 7 8 2445 2555 2469 2619
11730 4 2 7 8 1086 1104 1105 2557
11731 4 2 7 8 2437 2579 2499 2628
11732 4 2 7 8 1935 1809 1888 2602
11733 4 2 7 8 1120 2552 1104 2557
11734 4 2 7 8 1126 1131 1175 2523
11735 4 2 7 8 1801 1877 2599 2613
11736 4 2 7 8 1964 2489 1816 2625
11737 4 2 7 8 1033 290 1145 2586
11738 4 2 7 8 2420 2526 2479 2600
11739 4 2 7 8 1112 1213 1208 2507
11740 4 2 7 8 400 1931 1608 1907
11741 4 2 7 8 1130 1461 1049 2494
11742 4 2 7 8 1099 1092 1115 2499
11743 4 2 7 8 1459 1907 2530 2599
11744 4 2 7 8 1463 2595 1561 2596
11745 4 2 7 8 1952 1885 1850 2572
11746 4 2 7 8 2028 2034 2033 2492
11747 4 2 7 8 2522 2575 2448 2580
11748 4 2 7 8 1609 2598 1554 2602
11749 4 2 7 8 1549 1610 1508 2488
11750 4 2 7 8 1110 2531 1216 2621
11751 4 2 7 8 2028 2492 1806 2590
11752 4 2 7 8 2029 2056 2046 2573
11753 4 2 7 8 1519 1518 1522 2543
11754 4 2 7 8 1619 2507 1445 2560
11755 4 2 7 8 1466 2039 2053 2556
11756 4 2 7 8 1541 1133 1049 2598
11757 4 2 7 8 1533 1599 2018 2556
11758 4 2 7 8 1539 1540 1452 2548
11759 4 2 7 8 1047 1814 1911 289
11760 4 2 7 8 422 1585 1465 2596
11761 4 2 7 8 1561 1616 1547 2595
11762 4 2 7 8 1151 291 1033 1914
11763 4 2 7 8 1159 1107 1170 2535
11764 4 2 7 8 2561 2578 2416 2626
11765 4 2 7 8 1954 1866 1864 2592
11766 4 2 7 8 1103 2462 1174 2624
11767 4 2 7 8 1164 2460 1163 2595
11768 4 2 7 8 1481 1479 1517 2524
11769 4 2 7 8 1113 1061 2484 2594
11770 4 2 7 8 1959 1811 1883 2523
11771 4 2 7 8 2422 2558 2453 2591
11772 4 2 7 8 292 1936 1914 1157
11773 4 2 7 8 2459 2568 2434 2570
11774 4 2 7 8 1178 1122 1143 2566
11775 4 2 7 8 288 1814 1923 1047
11776 4 2 7 8 1590 1570 1557 2567
11777 4 2 7 8 1881 1882 1811 2523
11778 4 2 7 8 286 1800 1945 1036
11779 4 2 7 8 2449 2496 2423 2629
11780 4 2 7 8 1800 1945 1036 2537
11781 4 2 7 8 1545 2547 1597 2599
11782 4 2 7 8 1148 1563 241 2560
11783 4 2 7 8 1205 1557 236 1120
11784 4 2 7 8 1164 1053 1173 2595
11785 4 2 7 8 1880 1943 2474 2590
11786 4 2 7 8 431 1599 1466 2053
11787 4 2 7 8 1200 1058 1057 2549
11788 4 2 7 8 1062 1061 1060 2551
11789 4 2 7 8 1065 1181 1144 2544
11790 4 2 7 8 1068 1067 1066 2583
11791 4 2 7 8 1865 2459 1962 2489
11792 4 2 7 8 455 1969 2000 2553
11793 4 2 7 8 2423 2520 2449 2615
11794 4 2 7 8 2485 2555 2421 2566
11795 4 2 7 8 1054 2012 1158 2491
11796 4 2 7 8 1568 2450 1566 2598
11797 4 2 7 8 1153 1157 1151 2509
11798 4 2 7 8 2006 2545 2609 2627
11799 4 2 7 8 1930 1902 1898 2588
11800 4 2 7 8 1849 1828 1872 2513
11801 4 2 7 8 2448 2533 2522 2580
11802 4 2 7 8 1980 1972 1992 2503
11803 4 2 7 8 1589 2540 1530 2588
11804 4 2 7 8 1993 1191 2025 2521
11805 4 2 7 8 1799 2530 1967 2585
11806 4 2 7 8 1882 2523 1881 2559
11807 4 2 7 8 1875 1840 1874 2623
11808 4 2 7 8 1148 2504 1563 2560
11809 4 2 7 8 2420 2517 2589 2593
11810 4 2 7 8 1878 1953 1854 2488
11811 4 2 7 8 2008 2461 2012 2491
11812 4 2 7 8 2017 455 2000 2553
11813 4 2 7 8 1214 2489 1200 2625
11814 4 2 7 8 1972 2503 1980 2617
11815 4 2 7 8 1134 1187 1207 2598
11816 4 2 7 8 1482 1558 1518 2527
11817 4 2 7 8 1973 1879 1812 2487
11818 4 2 7 8 1555 1580 1464 2576
11819 4 2 7 8 1077 1080 1081 2608
11820 4 2 7 8 1132 2010 2521 2532
11821 4 2 7 8 1841 1896 2611 2622
11822 4 2 7 8 1592 2546 2460 2621
11823 4 2 7 8 2420 2589 2467 2593
11824 4 2 7 8 1468 1602 1546 2610
11825 4 2 7 8 1473 1471 1497 2496
11826 4 2 7 8 298 1816 1926 1166
11827 4 2 7 8 2450 2598 1568 2602
11828 4 2 7 8 2425 2564 2476 2623
11829 4 2 7 8 1596 1466 2556 2581
11830 4 2 7 8 1052 1166 1167 2489
11831 4 2 7 8 2003 2020 2491 2596
11832 4 2 7 8 1592 2595 1453 2621
11833 4 2 7 8 1999 2006 2005 2609
11834 4 2 7 8 2429 2578 2561 2626
11835 4 2 7 8 1216 1037 1161 2531
11836 4 2 7 8 1506 1505 1507 2604
11837 4 2 7 8 1122 1121 1088 2555
11838 4 2 7 8 243 1573 1180 1562
11839 4 2 7 8 1043 1163 1162 2595
11840 4 2 7 8 1066 2544 1144 2583
11841 4 2 7 8 1179 1132 1171 2532
11842 4 2 7 8 2026 2053 461 2014
11843 4 2 7 8 1517 1520 1481 2524
11844 4 2 7 8 2018 1599 2026 2556
11845 4 2 7 8 1541 1566 1455 2598
11846 4 2 7 8 1147 1210 1136 2504
11847 4 2 7 8 1496 1474 1584 2563
11848 4 2 7 8 1828 1827 1829 2612
11849 4 2 7 8 1608 1459 400 1907
11850 4 2 7 8 1081 1080 1094 2608
11851 4 2 7 8 1545 1544 1597 2547
11852 4 2 7 8 1484 1483 1542 2541
11853 4 2 7 8 1822 1823 1806 2492
11854 4 2 7 8 1117 1089 1116 2616
11855 4 2 7 8 2476 2547 2425 2613
11856 4 2 7 8 1842 1847 1845 2534
11857 4 2 7 8 1554 2598 2494 2602
11858 4 2 7 8 1856 2458 1855 2585
11859 4 2 7 8 1911 1145 290 2586
11860 4 2 7 8 1531 1805 394 2588
11861 4 2 7 8 1805 2528 1963 2588
11862 4 2 7 8 307 1173 2003 1054
11863 4 2 7 8 287 1141 1800 1036
11864 4 2 7 8 1054 1169 1173 2596
11865 4 2 7 8 1617 2542 1494 2597
11866 4 2 7 8 1966 2480 1916 2576
11867 4 2 7 8 2007 2011 2577 2618
11868 4 2 7 8 2544 2583 2457 2584
11869 4 2 7 8 2449 2582 2514 2615
11870 4 2 7 8 1884 1963 1942 2528
11871 4 2 7 8 1053 1578 1463 2595
11872 4 2 7 8 1932 2038 2048 2576
11873 4 2 7 8 1983 1996 2502 2614
11874 4 2 7 8 1051 1125 1124 2523
11875 4 2 7 8 1800 1923 1141 287
11876 4 2 7 8 1825 1824 1843 2529
11877 4 2 7 8 1811 1886 1131 1959
11878 4 2 7 8 1960 1807 2489 2601
11879 4 2 7 8 1842 1844 1841 2622
11880 4 2 7 8 394 1805 1898 2588
11881 4 2 7 8 1957 1817 1932 2576
11882 4 2 7 8 1466 2039 2556 2581
11883 4 2 7 8 388 1871 1821 1467
11884 4 2 7 8 1850 1902 1930 2572
11885 4 2 7 8 1896 1839 1837 2611
11886 4 2 7 8 1934 443 1977 2625
11887 4 2 7 8 1034 241 1445 2560
11888 4 2 7 8 1037 1449 1161 2531
11889 4 2 7 8 2471 2614 2571 2617
11890 4 2 7 8 1097 1096 1087 2607
11891 4 2 7 8 1491 1470 1493 2610
11892 4 2 7 8 1914 1151 292 1157
11893 4 2 7 8 1997 1057 1046 2549
11894 4 2 7 8 1457 1531 1591 2528
11895 4 2 7 8 1466 1560 2039 2581
11896 4 2 7 8 1798 1891 1939 2586
11897 4 2 7 8 2502 2553 2431 2618
11898 4 2 7 8 1138 1056 1139 2494
11899 4 2 7 8 1152 1209 1153 2509
11900 4 2 7 8 2471 2502 2614 2617
11901 4 2 7 8 1887 393 1457 1805
11902 4 2 7 8 1843 1853 1852 2526
11903 4 2 7 8 1040 2461 2001 2532
11904 4 2 7 8 2015 1987 2025 2521
11905 4 2 7 8 1601 1560 1569 2581
11906 4 2 7 8 1591 1614 1535 2528
11907 4 2 7 8 2431 2553 2502 2617
11908 4 2 7 8 1528 1617 1494 2597
11909 4 2 7 8 1903 1804 1902 2542
11910 4 2 7 8 1801 1877 1907 2599
11911 4 2 7 8 2423 2520 2615 2626
11912 4 2 7 8 447 1819 1994 1950
11913 4 2 7 8 1522 1523 1519 2543
11914 4 2 7 8 1041 1128 1188 2548
11915 4 2 7 8 1502 2032 428 2041
11916 4 2 7 8 1196 1128 1126 2548
11917 4 2 7 8 1456 1531 394 2588
11918 4 2 7 8 1172 1102 1103 2624
11919 4 2 7 8 1914 1891 1798 2509
11920 4 2 7 8 2544 2579 2457 2628
11921 4 2 7 8 2004 424 1468 1602
11922 4 2 7 8 1466 2039 431 2053
11923 4 2 7 8 2421 2540 2493 2572
11924 4 2 7 8 2425 2476 2613 2623
11925 4 2 7 8 1205 1039 1450 2567
11926 4 2 7 8 2047 452 1950 1880
11927 4 2 7 8 1533 2018 1599 426
11928 4 2 7 8 1813 389 1821 1467
11929 4 2 7 8 1129 1122 1178 2566
11930 4 2 7 8 1862 1859 1861 2568
11931 4 2 7 8 1613 1799 1913 2585
11932 4 2 7 8 1983 1996 1969 2502
11933 4 2 7 8 1987 1996 1981 2521
11934 4 2 7 8 1203 1216 1111 2531
11935 4 2 7 8 1115 1092 1181 2499
11936 4 2 7 8 2423 2578 2520 2626
11937 4 2 7 8 1989 455 2017 2553
11938 4 2 7 8 1588 1563 1611 2560
11939 4 2 7 8 1454 407 1808 1593
11940 4 2 7 8 1536 1554 1467 2494
11941 4 2 7 8 1501 1558 1498 2558
11942 4 2 7 8 229 1461 1541 1049
11943 4 2 7 8 1049 1139 1130 2494
11944 4 2 7 8 1894 1868 1912 2519
11945 4 2 7 8 1052 1816 2489 2625
11946 4 2 7 8 2003 1173 307 2596
11947 4 2 7 8 1452 1532 1140 2536
11948 4 2 7 8 1920 1870 1955 2535
11949 4 2 7 8 394 1898 1456 2588
11950 4 2 7 8 299 1168 1816 1052
11951 4 2 7 8 1798 1033 291 1914
11952 4 2 7 8 455 1989 1969 2553
11953 4 2 7 8 1805 1531 2528 2588
11954 4 2 7 8 444 1973 1812 2570
11955 4 2 7 8 2053 461 2014 2044
11956 4 2 7 8 1129 1127 1041 2536
11957 4 2 7 8 1147 1146 2504 2565
11958 4 2 7 8 1841 1851 1896 2622
11959 4 2 7 8 237 1446 1189 1604
11960 4 2 7 8 1033 1186 1152 2586
11961 4 2 7 8 2043 2054 2046 2573
11962 4 2 7 8 1095 1080 1217 2516
11963 4 2 7 8 448 1818 2038 1932
11964 4 2 7 8 1596 1533 1581 2609
11965 4 2 7 8 1823 1824 1825 2529
11966 4 2 7 8 1971 1199 1057 2549
11967 4 2 7 8 1169 1164 1173 2596
11968 4 2 7 8 1994 1982 1819 447
11969 4 2 7 8 1582 403 1917 1613
11970 4 2 7 8 1844 1857 1851 2622
11971 4 2 7 8 2037 2034 2050 2500
11972 4 2 7 8 1973 444 1977 2570
11973 4 2 7 8 1860 1812 1879 2487
11974 4 2 7 8 1554 1461 1576 2494
11975 4 2 7 8 1044 1188 1196 2548
11976 4 2 7 8 1578 1053 1176 2595
11977 4 2 7 8 1950 2055 452 2047
11978 4 2 7 8 1182 1190 1119 2515
11979 4 2 7 8 1162 2595 1163 2621
11980 4 2 7 8 1576 228 1130 1461
11981 4 2 7 8 1585 422 2019 2596
11982 4 2 7 8 283 1124 1045 1810
11983 4 2 7 8 2493 2451 2542 2597
11984 4 2 7 8 248 1043 1453 1176
11985 4 2 7 8 1928 1916 1817 2576
11986 4 2 7 8 1599 2018 2026 426
11987 4 2 7 8 1055 1132 1191 2521
11988 4 2 7 8 1538 2546 1592 2621
11989 4 2 7 8 1516 227 1183 1576
11990 4 2 7 8 2453 2546 2433 2591
11991 4 2 7 8 1908 1056 1138 2494
11992 4 2 7 8 1944 1903 1905 2542
11993 4 2 7 8 1107 1184 1170 2601
11994 4 2 7 8 1989 456 2024 2017
11995 4 2 7 8 1995 456 2024 1989
11996 4 2 7 8 2051 2036 2045 2533
11997 4 2 7 8 1208 1034 1180 2507
11998 4 2 7 8 1038 1159 1803 2535
11999 4 2 7 8 1988 457 2054 1995
12000 4 2 7 8 2027 2022 2016 2618
12001 4 2 7 8 1115 1065 1198 2628
12002 4 2 7 8 1210 2504 1148 2560
12003 4 2 7 8 1066 1144 1070 2583
12004 4 2 7 8 1556 1551 1944 2542
12005 4 2 7 8 1132 311 1191 2010
12006 4 2 7 8 2030 2040 2039 2581
12007 4 2 7 8 1036 1117 1195 2537
12008 4 2 7 8 1533 2556 2018 2609
12009 4 2 7 8 1613 1444 1799 2585
12010 4 2 7 8 1972 1980 1984 2617
12011 4 2 7 8 1991 1990 1976 2614
12012 4 2 7 8 1163 2595 2460 2621
12013 4 2 7 8 2413 2539 2582 2615
12014 4 2 7 8 1062 1198 1065 2628
12015 4 2 7 8 2032 1502 427 1583
12016 4 2 7 8 1596 1466 1533 2556
12017 4 2 7 8 1463 1561 1585 2596
12018 4 2 7 8 2025 1191 311 2010
12019 4 2 7 8 237 1446 1035 1189
12020 4 2 7 8 1106 1978 1212 2625
12021 4 2 7 8 1474 1473 1475 2629
12022 4 2 7 8 2449 2615 2514 2629
12023 4 2 7 8 1827 1826 1825 2612
12024 4 2 7 8 1449 1037 1573 2531
12025 4 2 7 8 1138 1908 1815 279
12026 4 2 7 8 1146 239 1048 1586
12027 4 2 7 8 1205 1120 1197 2567
12028 4 2 7 8 1452 233 1041 1140
12029 4 2 7 8 1034 1148 241 2560
12030 4 2 7 8 1940 1901 1966 2480
12031 4 2 7 8 2050 2036 2040 2533
12032 4 2 7 8 1881 1124 283 1810
12033 4 2 7 8 1585 1561 1465 2596
12034 4 2 7 8 1045 1202 284 1938
12035 4 2 7 8 1913 1917 403 1613
12036 4 2 7 8 2412 2561 2605 2626
12037 4 2 7 8 408 1808 1928 1454
12038 4 2 7 8 1964 1816 1934 2625
12039 4 2 7 8 1489 1490 1528 2597
12040 4 2 7 8 1200 1167 1201 2489
12041 4 2 7 8 1841 1896 1837 2611
12042 4 2 7 8 1935 1889 1890 2450
12043 4 2 7 8 1589 1527 1530 2540
12044 4 2 7 8 1920 1803 1159 2535
12045 4 2 7 8 1964 1960 1926 2489
12046 4 2 7 8 1164 2595 1173 2596
12047 4 2 7 8 1459 1801 1907 2599
12048 4 2 7 8 1557 1524 1604 2552
12049 4 2 7 8 1999 1451 425 2609
12050 4 2 7 8 1987 1981 1993 2521
12051 4 2 7 8 1599 2053 2026 2556
12052 4 2 7 8 2048 2032 427 1583
12053 4 2 7 8 443 1858 1934 1977
12054 4 2 7 8 1446 1604 1524 2552
12055 4 2 7 8 1804 1944 1551 2542
12056 4 2 7 8 2021 2001 2008 2461
12057 4 2 7 8 1207 1133 1134 2598
12058 4 2 7 8 1869 1862 1863 2568
12059 4 2 7 8 1976 1983 1980 2614
12060 4 2 7 8 1932 1916 1818 2576
12061 4 2 7 8 2048 2038 2032 2576
12062 4 2 7 8 1173 2019 307 2596
12063 4 2 7 8 1611 1615 1522 2504
12064 4 2 7 8 428 1458 1502 2041
12065 4 2 7 8 1978 1971 1977 2625
12066 4 2 7 8 1987 1993 453 2025
12067 4 2 7 8 1821 1918 1813 2494
12068 4 2 7 8 1592 2460 2595 2621
12069 4 2 7 8 1171 1055 1113 2594
12070 4 2 7 8 1067 1076 1155 2587
12071 4 2 7 8 1033 1798 290 2586
12072 4 2 7 8 1986 460 2055 2042
12073 4 2 7 8 392 1534 1809 1457
12074 4 2 7 8 1957 1932 1587 2576
12075 4 2 7 8 1199 1978 1106 2625
12076 4 2 7 8 1498 1497 1491 2591
12077 4 2 7 8 1450 1557 1205 2567
12078 4 2 7 8 1153 2509 1209 2624
12079 4 2 7 8 2413 2582 2520 2615
12080 4 2 7 8 1531 1589 1530 2588
12081 4 2 7 8 310 1040 2001 2532
12082 4 2 7 8 1501 1498 1500 2558
12083 4 2 7 8 1840 1875 1904 2623
12084 4 2 7 8 1165 1117 1036 2537
12085 4 2 7 8 1863 1864 1866 2592
12086 4 2 7 8 2054 464 2046 2024
12087 4 2 7 8 1907 1909 1931 2530
12088 4 2 7 8 2003 2009 2020 2596
12089 4 2 7 8 1883 1811 1882 2523
12090 4 2 7 8 1979 1991 1998 2550
12091 4 2 7 8 1451 1533 425 2609
12092 4 2 7 8 1968 1879 1973 2487
12093 4 2 7 8 2493 2572 2540 2588
12094 4 2 7 8 1810 1045 284 1938
12095 4 2 7 8 1530 1527 1529 2540
12096 4 2 7 8 1120 1211 1104 2552
12097 4 2 7 8 1041 1140 1129 2536
12098 4 2 7 8 1918 1956 1889 2602
12099 4 2 7 8 1502 1555 1583 2576
12100 4 2 7 8 1877 1874 1876 2613
12101 4 2 7 8 1042 1201 2489 2601
12102 4 2 7 8 1458 429 1605 2041
12103 4 2 7 8 1978 1977 443 2625
12104 4 2 7 8 1208 1034 2507 2560
12105 4 2 7 8 1949 1885 1952 2559
12106 4 2 7 8 1858 1859 1865 2570
12107 4 2 7 8 1567 1614 1540 2548
12108 4 2 7 8 1933 1816 1168 2625
12109 4 2 7 8 460 2055 1994 1986
12110 4 2 7 8 1934 1978 443 2625
12111 4 2 7 8 1980 2614 1983 2617
12112 4 2 7 8 1183 277 1871 1820
12113 4 2 7 8 1971 1057 1997 2549
12114 4 2 7 8 1052 1816 298 1166
12115 4 2 7 8 1076 1067 1069 2587
12116 4 2 7 8 1551 396 1556 1944
12117 4 2 7 8 1616 1453 1592 2595
12118 4 2 7 8 1078 1116 1089 2616
12119 4 2 7 8 464 2013 2046 2024
12120 4 2 7 8 2009 422 1465 2596
12121 4 2 7 8 1533 2018 425 2609
12122 4 2 7 8 1983 2614 2502 2617
12123 4 2 7 8 1589 1531 1456 2588
12124 4 2 7 8 2476 2599 2547 2613
12125 4 2 7 8 1040 310 1132 2532
12126 4 2 7 8 1978 1934 1933 2625
12127 4 2 7 8 1037 244 1449 1573
12128 4 2 7 8 2043 1988 457 2054
12129 4 2 7 8 2449 2582 2520 2620
12130 4 2 7 8 1893 1891 1914 2509
12131 4 2 7 8 1446 1521 1523 2565
12132 4 2 7 8 1574 1449 1538 2531
12133 4 2 7 8 1617 1551 1494 2542
12134 4 2 7 8 230 1541 1455 1133
12135 4 2 7 8 1839 1899 1834 2574
12136 4 2 7 8 2011 2001 2021 2577
12137 4 2 7 8 425 2018 1999 2609
12138 4 2 7 8 1147 1146 1048 2504
12139 4 2 7 8 296 1042 1807 2601
12140 4 2 7 8 1560 2039 430 1466
12141 4 2 7 8 1459 1559 1801 2599
12142 4 2 7 8 405 1802 1921 1448
12143 4 2 7 8 1980 1975 1976 2571
12144 4 2 7 8 1139 1056 1130 2494
12145 4 2 7 8 1537 2598 1609 2602
12146 4 2 7 8 1154 1113 1055 2594
12147 4 2 7 8 1908 1918 1820 2494
12148 4 2 7 8 1161 1449 1574 2531
12149 4 2 7 8 1153 1103 1174 2624
12150 4 2 7 8 2007 2016 2022 2618
12151 4 2 7 8 296 1807 1925 2601
12152 4 2 7 8 235 1450 1557 1205
12153 4 2 7 8 2028 451 2047 2590
12154 4 2 7 8 1512 1571 1598 2480
12155 4 2 7 8 2007 2022 2011 2618
12156 4 2 7 8 1932 2038 448 2048
12157 4 2 7 8 1146 1137 1035 2565
12158 4 2 7 8 1559 1545 1597 2599
12159 4 2 7 8 1450 235 1039 1205
12160 4 2 7 8 1811 1131 1051 2523
12161 4 2 7 8 1210 1048 1148 2504
12162 4 2 7 8 2039 2044 2053 2556
12163 4 2 7 8 1911 290 1798 2586
12164 4 2 7 8 1851 1945 1941 2537
12165 4 2 7 8 2047 451 1880 2590
12166 4 2 7 8 451 2028 1806 2590
12167 4 2 7 8 309 1194 2012 2001
12168 4 2 7 8 396 1551 1804 1944
12169 4 2 7 8 1554 2494 1536 2602
12170 4 2 7 8 1964 1934 2489 2625
12171 4 2 7 8 1538 2531 2546 2621
12172 4 2 7 8 1147 1137 1146 2565
12173 4 2 7 8 1920 1955 1803 2535
12174 4 2 7 8 1534 1888 1462 391
12175 4 2 7 8 406 1593 1572 1921
12176 4 2 7 8 2000 2027 2017 2553
12177 4 2 7 8 1587 1583 1464 2576
12178 4 2 7 8 301 1981 302 1055
12179 4 2 7 8 2023 2016 2007 2627
12180 4 2 7 8 1921 1572 405 1448
12181 4 2 7 8 2011 2532 2001 2577
12182 4 2 7 8 1153 1151 1152 2509
12183 4 2 7 8 1161 2531 1574 2621
12184 4 2 7 8 1596 1569 1466 2581
12185 4 2 7 8 1505 1595 1513 2604
12186 4 2 7 8 1467 1554 1576 2494
12187 4 2 7 8 2003 307 2019 2596
12188 4 2 7 8 1478 1548 1515 2593
12189 4 2 7 8 1985 1973 1977 2570
12190 4 2 7 8 2001 2012 2008 2461
12191 4 2 7 8 2003 2012 308 1054
12192 4 2 7 8 2520 2582 2449 2615
12193 4 2 7 8 1587 2048 1583 2576
12194 4 2 7 8 1593 406 1927 1921
12195 4 2 7 8 2056 2043 2046 2573
12196 4 2 7 8 1216 2531 1161 2621
12197 4 2 7 8 1531 1457 393 1805
12198 4 2 7 8 1538 1574 2531 2621
12199 4 2 7 8 1882 1949 1952 2559
12200 4 2 7 8 1455 1539 1188 2548
12201 4 2 7 8 446 1819 1982 447
12202 4 2 7 8 1186 1145 1206 2586
12203 4 2 7 8 1573 1562 1500 2507
12204 4 2 7 8 1985 1977 2549 2570
12205 4 2 7 8 2423 2615 2449 2629
12206 4 2 7 8 1177 2019 1173 2596
12207 4 2 7 8 398 1946 1559 1447
12208 4 2 7 8 430 1605 2030 1560
12209 4 2 7 8 1964 1865 1960 2489
12210 4 2 7 8 1871 387 1183 1516
12211 4 2 7 8 2429 2520 2578 2626
12212 4 2 7 8 1561 1463 1578 2595
12213 4 2 7 8 1133 229 1541 1049
12214 4 2 7 8 1976 1975 1974 2571
12215 4 2 7 8 1615 1611 1460 2504
12216 4 2 7 8 1462 1568 1537 2602
12217 4 2 7 8 1907 399 1801 1459
12218 4 2 7 8 310 2001 2010 2532
12219 4 2 7 8 1899 1831 1834 2574
12220 4 2 7 8 1132 310 2010 2532
12221 4 2 7 8 1556 1494 1551 2542
12222 4 2 7 8 1968 1973 1974 2487
12223 4 2 7 8 1451 1581 1533 2609
12224 4 2 7 8 461 2014 2044 462
12225 4 2 7 8 453 2015 1987 2025
12226 4 2 7 8 1199 305 1106 1978
12227 4 2 7 8 1122 1088 1123 2555
12228 4 2 7 8 1529 1452 1540 2536
12229 4 2 7 8 1104 1086 1100 2557
12230 4 2 7 8 1166 1201 1167 2489
12231 4 2 7 8 1983 1990 1996 2614
12232 4 2 7 8 451 1806 1880 2590
12233 4 2 7 8 1466 1599 1533 2556
12234 4 2 7 8 1183 277 1820 1056
12235 4 2 7 8 1208 1180 1112 2507
12236 4 2 7 8 1813 390 1536 2602
12237 4 2 7 8 1593 407 1808 1927
12238 4 2 7 8 1205 1197 1039 2567
12239 4 2 7 8 1130 1183 227 1576
12240 4 2 7 8 1199 1971 1978 2625
12241 4 2 7 8 303 1979 1997 1046
12242 4 2 7 8 1935 1888 1889 2602
12243 4 2 7 8 1820 1918 1821 2494
12244 4 2 7 8 2035 2028 2047 2590
12245 4 2 7 8 1535 1457 1591 2528
12246 4 2 7 8 1493 1592 1538 2546
12247 4 2 7 8 1812 1859 1858 2570
12248 4 2 7 8 1140 1452 233 1532
12249 4 2 7 8 1800 1941 1945 2537
12250 4 2 7 8 2011 2021 2007 2577
12251 4 2 7 8 1578 248 1453 1176
12252 4 2 7 8 1879 1973 1812 445
12253 4 2 7 8 2025 2010 2015 2521
12254 4 2 7 8 1969 455 2000 454
12255 4 2 7 8 1543 1544 1545 2547
12256 4 2 7 8 1037 1216 1203 2531
12257 4 2 7 8 1928 1580 408 1454
12258 4 2 7 8 2020 2008 2012 2491
12259 4 2 7 8 2433 2546 2460 2610
12260 4 2 7 8 1609 1537 1566 2598
12261 4 2 7 8 2026 2014 2018 2556
12262 4 2 7 8 1882 1881 1949 2559
12263 4 2 7 8 2009 2019 422 2596
12264 4 2 7 8 1586 1446 1523 2565
12265 4 2 7 8 2434 2549 2459 2570
12266 4 2 7 8 1979 1985 1997 2549
12267 4 2 7 8 1587 1932 2048 2576
12268 4 2 7 8 1461 228 1130 1049
12269 4 2 7 8 389 1813 1536 1467
12270 4 2 7 8 1988 458 2043 457
12271 4 2 7 8 458 2031 459 1972
12272 4 2 7 8 1131 1126 1051 2523
12273 4 2 7 8 1464 1583 1555 2576
12274 4 2 7 8 1188 232 1041 1539
12275 4 2 7 8 1930 1952 1850 2572
12276 4 2 7 8 1167 1052 2489 2625
12277 4 2 7 8 1138 1815 1050 279
12278 4 2 7 8 1979 303 1204 1046
12279 4 2 7 8 1459 1801 1559 399
12280 4 2 7 8 1158 308 2012 1054
12281 4 2 7 8 2003 2020 2012 2491
12282 4 2 7 8 1567 1539 1455 2548
12283 4 2 7 8 1826 1827 1828 2612
12284 4 2 7 8 1507 1513 1565 2604
12285 4 2 7 8 1820 1908 1056 278
12286 4 2 7 8 1515 1565 1478 2593
12287 4 2 7 8 1210 1148 1135 2560
12288 4 2 7 8 1984 1969 1989 2553
12289 4 2 7 8 1799 1967 1947 2585
12290 4 2 7 8 1444 1550 1552 2585
12291 4 2 7 8 1179 1040 1132 2532
12292 4 2 7 8 1931 1909 1967 2530
12293 4 2 7 8 1489 1528 1494 2597
12294 4 2 7 8 1978 1933 1212 2625
12295 4 2 7 8 1475 1473 1476 2629
12296 4 2 7 8 1803 1955 1965 2535
12297 4 2 7 8 1536 2494 1813 2602
12298 4 2 7 8 1813 2494 1918 2602
12299 4 2 7 8 1194 309 1040 2001
12300 4 2 7 8 1468 1546 1470 2610
12301 4 2 7 8 463 2013 2046 464
12302 4 2 7 8 1449 1603 1538 2531
12303 4 2 7 8 1147 1048 1210 2504
12304 4 2 7 8 446 1879 1968 1948
12305 4 2 7 8 1862 1861 1863 2568
12306 4 2 7 8 1168 1052 1106 2625
12307 4 2 7 8 409 1817 1464 1928
12308 4 2 7 8 1963 1887 1942 2528
12309 4 2 7 8 24 2026 1599 2053
12310 4 2 7 8 2547 2599 2440 2613
12311 4 2 7 8 2024 2054 27 1995
12312 4 2 7 8 1943 1880 1929 2590
12313 4 2 7 8 1950 1994 26 2055
12314 4 2 7 8 2041 429 1605 2030
12315 4 2 7 8 1817 1916 1932 2576
12316 4 2 7 8 1176 1578 249 1053
12317 4 2 7 8 1133 1455 230 1044
12318 4 2 7 8 1547 1493 1546 2610
12319 4 2 7 8 1978 1934 443 1933
12320 4 2 7 8 294 293 1038 1803
12321 4 2 7 8 22 1957 1587 411
12322 4 2 7 8 1977 1971 1985 2549
12323 4 2 7 8 1126 1125 1051 2523
12324 4 2 7 8 2025 1993 18 1191
12325 4 2 7 8 445 1879 1973 1968
12326 4 2 7 8 1042 1184 1201 2601
12327 4 2 7 8 1809 1887 392 1457
12328 4 2 7 8 1208 1135 1034 2560
12329 4 2 7 8 1110 1216 1161 2621
12330 4 2 7 8 1131 281 1886 1811
12331 4 2 7 8 1211 1120 1189 2552
12332 4 2 7 8 1464 1580 409 1928
12333 4 2 7 8 1999 2018 2006 2609
12334 4 2 7 8 1070 1068 1066 2583
12335 4 2 7 8 1450 1590 1557 2567
12336 4 2 7 8 460 1986 459 2042
12337 4 2 7 8 289 290 1911 1145
12338 4 2 7 8 1540 1539 1567 2548
12339 4 2 7 8 2036 2051 2040 2533
12340 4 2 7 8 309 1194 1158 2012
12341 4 2 7 8 285 286 1945 1165
12342 4 2 7 8 1162 246 1574 1161
12343 4 2 7 8 452 451 1880 2047
12344 4 2 7 8 1906 1874 1877 2613
12345 4 2 7 8 1545 1459 1618 2599
12346 4 2 7 8 387 1183 13 1871
12347 4 2 7 8 1537 1554 1536 2602
12348 4 2 7 8 1170 1042 296 2601
12349 4 2 7 8 423 1602 2004 2009
12350 4 2 7 8 1805 1930 1898 2588
12351 4 2 7 8 1500 1562 1619 2507
12352 4 2 7 8 401 1799 402 1444
12353 4 2 7 8 292 293 1936 1157
12354 4 2 7 8 1164 1176 1053 2595
12355 4 2 7 8 1044 1455 231 1188
12356 4 2 7 8 2018 1533 425 426
12357 4 2 7 8 449 1951 2033 2038
12358 4 2 7 8 1459 1545 1559 2599
12359 4 2 7 8 1177 251 15 1607
12360 4 2 7 8 462 463 2002 2029
12361 4 2 7 8 1170 296 1925 2601
12362 4 2 7 8 1466 2039 430 431
12363 4 2 7 8 1452 1529 1532 2536
12364 4 2 7 8 13 1183 387 1516
12365 4 2 7 8 1541 1609 1566 2598
12366 4 2 7 8 1453 1176 1043 2595
12367 4 2 7 8 454 2015 1987 453
12368 4 2 7 8 1951 449 1818 2038
12369 4 2 7 8 1588 1445 1563 2560
12370 4 2 7 8 2007 2006 2023 2627
12371 4 2 7 8 1446 238 237 1035
12372 4 2 7 8 2009 423 1602 1465
12373 4 2 7 8 1588 1619 1445 2560
12374 4 2 7 8 305 1199 1971 1978
12375 4 2 7 8 241 242 1034 1445
12376 4 2 7 8 240 241 1148 1563
12377 4 2 7 8 1539 232 1041 1452
12378 4 2 7 8 1463 250 1053 1607
12379 4 2 7 8 1805 1963 1930 2588
12380 4 2 7 8 1620 1493 1538 2546
12381 4 2 7 8 242 243 1180 1562
12382 4 2 7 8 1607 15 1177 2019
12383 4 2 7 8 1804 1903 1944 2542
12384 4 2 7 8 15 1607 1585 2019
12385 4 2 7 8 1103 1153 1209 2624
12386 4 2 7 8 304 1046 1997 1057
12387 4 2 7 8 391 1534 1888 1809
12388 4 2 7 8 1613 1550 1444 2585
12389 4 2 7 8 1997 304 1057 1971
12390 4 2 7 8 1913 1947 1855 2585
12391 4 2 7 8 1929 1880 1806 2590
12392 4 2 7 8 1188 1128 1196 2548
12393 4 2 7 8 408 407 1808 1454
12394 4 2 7 8 304 1057 1971 1199
12395 4 2 7 8 1159 1038 1174 2535
12396 4 2 7 8 290 291 1798 1033
12397 4 2 7 8 400 399 1907 1459
12398 4 2 7 8 1162 1161 1574 2621
12399 4 2 7 8 1145 1186 1033 2586
12400 4 2 7 8 239 240 1048 1460
12401 4 2 7 8 450 451 2028 1806
12402 4 2 7 8 297 298 1926 1166
12403 4 2 7 8 1159 1174 1107 2535
12404 4 2 7 8 1946 398 1559 1801
12405 4 2 7 8 1851 1841 1844 2622
12406 4 2 7 8 425 1451 1999 424
12407 4 2 7 8 1110 1162 1163 2621
12408 4 2 7 8 2010 1132 311 310
12409 4 2 7 8 1053 1578 249 1463
12410 4 2 7 8 1168 299 1816 1933
12411 4 2 7 8 2010 2001 2011 2532
12412 4 2 7 8 286 287 1800 1036
12413 4 2 7 8 288 289 1814 1047
12414 4 2 7 8 1616 1561 1578 2595
12415 4 2 7 8 1574 1579 246 1162
12416 4 2 7 8 281 1131 1051 1811
12417 4 2 7 8 390 1462 1536 2602
12418 4 2 7 8 297 296 1042 1807
12419 4 2 7 8 1881 282 1051 1811
12420 4 2 7 8 17 306 1978 1212
12421 4 2 7 8 1214 1199 1106 2625
12422 4 2 7 8 298 299 1816 1052
12423 4 2 7 8 2017 1989 456 455
12424 4 2 7 8 1204 303 1979 1970
12425 4 2 7 8 1177 307 1173 2019
12426 4 2 7 8 1976 1990 1983 2614
12427 4 2 7 8 1925 1962 1870 2601
12428 4 2 7 8 431 24 1599 2053
12429 4 2 7 8 234 235 1039 1450
12430 4 2 7 8 295 294 1159 1920
12431 4 2 7 8 395 1551 1804 396
12432 4 2 7 8 1507 1505 1513 2604
12433 4 2 7 8 1148 1034 1135 2560
12434 4 2 7 8 1470 1546 1493 2610
12435 4 2 7 8 1110 1161 1162 2621
12436 4 2 7 8 2055 1994 26 460
12437 4 2 7 8 2003 2019 2009 2596
12438 4 2 7 8 1960 1962 1807 2601
12439 4 2 7 8 456 2024 27 1995
12440 4 2 7 8 1538 1579 1574 2621
12441 4 2 7 8 1466 1569 1560 2581
12442 4 2 7 8 2026 24 1599 426
12443 4 2 7 8 309 310 1040 2001
12444 4 2 7 8 2054 27 464 2024
12445 4 2 7 8 1980 1983 1984 2617
12446 4 2 7 8 1933 1934 1816 2625
12447 4 2 7 8 1191 18 2025 311
12448 4 2 7 8 1209 1172 1103 2624
12449 4 2 7 8 1579 1162 1574 2621
12450 4 2 7 8 1059 1060 1061 2551
12451 4 2 7 8 402 1913 403 1613
12452 4 2 7 8 284 283 1045 1810
12453 4 2 7 8 2053 24 2026 461
12454 4 2 7 8 1578 1176 1453 2595
12455 4 2 7 8 447 1994 26 1950
12456 4 2 7 8 1191 1993 18 301
12457 4 2 7 8 429 1605 2030 430
12458 4 2 7 8 404 403 1917 1582
12459 4 2 7 8 1502 2032 427 428
12460 4 2 7 8 1212 1978 17 1933
12461 4 2 7 8 2055 26 1950 452
12462 4 2 7 8 1449 1573 1603 2531
12463 4 2 7 8 1602 2004 424 423
12464 4 2 7 8 1817 1957 410 1464
12465 4 2 7 8 453 1993 18 2025
12466 4 2 7 8 390 1813 1888 2602
12467 4 2 7 8 1177 15 307 2019
12468 4 2 7 8 1951 2033 450 449
12469 4 2 7 8 1167 1214 1052 2625
12470 4 2 7 8 287 288 1923 1141
12471 4 2 7 8 1183 277 13 1871
12472 4 2 7 8 1947 1913 1799 2585
12473 4 2 7 8 306 1106 1978 1212
12474 4 2 7 8 445 446 1879 1968
12475 4 2 7 8 22 2048 1932 448
12476 4 2 7 8 422 15 1585 2019
12477 4 2 7 8 394 1456 1898 395
12478 4 2 7 8 427 22 2048 1587
12479 4 2 7 8 1971 1997 1985 2549
12480 4 2 7 8 1889 1813 1918 2602
12481 4 2 7 8 1587 2048 427 1583
12482 4 2 7 8 302 1970 1204 1154
12483 4 2 7 8 295 296 1925 1170
12484 4 2 7 8 2054 457 27 1995
12485 4 2 7 8 1557 236 235 1205
12486 4 2 7 8 1538 1592 1579 2621
12487 4 2 7 8 1933 1978 17 443
12488 4 2 7 8 291 292 1914 1151
12489 4 2 7 8 243 244 1160 1573
12490 4 2 7 8 1572 406 1921 405
12491 4 2 7 8 238 239 1146 1586
12492 4 2 7 8 1051 1124 282 1881
12493 4 2 7 8 1944 396 1556 397
12494 4 2 7 8 443 1858 1977 444
12495 4 2 7 8 1052 1214 1106 2625
12496 4 2 7 8 1050 280 1815 1886
12497 4 2 7 8 1188 1455 231 1539
12498 4 2 7 8 1908 1138 1056 278
12499 4 2 7 8 1911 1798 1939 2586
12500 4 2 7 8 1946 398 397 1447
12501 4 2 7 8 1183 13 227 1516
12502 4 2 7 8 244 245 1037 1449
12503 4 2 7 8 1204 303 1970 302
12504 4 2 7 8 247 248 1043 1453
12505 4 2 7 8 1448 405 1802 404
12506 4 2 7 8 388 1821 389 1467
12507 4 2 7 8 394 1531 393 1805
12508 4 2 7 8 410 1817 1464 409
12509 4 2 7 8 1053 249 250 1463
12510 4 2 7 8 1177 1053 250 1607
12511 4 2 7 8 1925 1807 1962 2601
12512 4 2 7 8 1931 1608 401 400
12513 4 2 7 8 1812 1973 444 445
12514 4 2 7 8 1056 277 1820 278
12515 4 2 7 8 398 1559 1801 399
12516 4 2 7 8 449 448 1818 2038
12517 4 2 7 8 423 2009 422 1465
12518 4 2 7 8 1046 1997 303 304
12519 4 2 7 8 2003 308 307 1054
12520 4 2 7 8 227 228 1130 1576
12521 4 2 7 8 390 1888 1462 2602
12522 4 2 7 8 1164 1163 1043 2595
12523 4 2 7 8 233 234 1140 1532
12524 4 2 7 8 1536 1462 1537 2602
12525 4 2 7 8 236 237 1189 1604
12526 4 2 7 8 284 285 1938 1202
12527 4 2 7 8 429 1458 428 2041
12528 4 2 7 8 1170 1184 1042 2601
12529 4 2 7 8 1616 1578 1453 2595
12530 4 2 7 8 245 246 1161 1574
12531 4 2 7 8 1871 388 387 1516
12532 4 2 7 8 246 247 1162 1579
12533 4 2 7 8 407 1593 406 1927
12534 4 2 7 8 1212 300 1168 1933
12535 4 2 7 8 1928 1580 409 408
12536 4 2 7 8 1587 410 1957 1464
12537 4 2 7 8 309 1158 308 2012
12538 4 2 7 8 1199 1971 304 305
12539 4 2 7 8 1043 1176 1164 2595
12540 4 2 7 8 305 306 1106 1978
12541 4 2 7 8 230 229 1541 1133
12542 4 2 7 8 1041 232 233 1452
12543 4 2 7 8 229 228 1461 1049
12544 4 2 7 8 1813 1889 1888 2602
12545 4 2 7 8 299 1168 300 1933
12546 4 2 7 8 248 249 1176 1578
12547 4 2 7 8 280 1050 1131 1886
12548 4 2 7 8 281 1051 282 1811
12549 4 2 7 8 300 1212 17 1933
12550 4 2 7 8 282 283 1881 1124
12551 4 2 7 8 1455 231 230 1044
12552 4 2 7 8 279 280 1815 1050
12553 4 2 7 8 1813 390 389 1536
12554 4 2 7 8 391 392 1534 1809
12555 4 2 7 8 393 392 1887 1457
12556 4 2 7 8 391 390 1888 1462
12557 4 2 7 8 232 231 1539 1188
12558 4 2 7 8 250 251 1177 1607
12559 4 2 7 8 410 1957 411 1587
12560 4 2 7 8 1908 1138 278 279
12561 4 2 7 8 1131 281 280 1886
12562 4 2 7 8 2445 1202 1857 1118
12563 4 2 7 8 2445 1857 1202 1938
12564 4 2 7 8 1945 1857 1202 1118
12565 4 2 7 8 1945 1202 1857 1938
12566 4 2 7 8 2480 1506 2441 1512
12567 4 2 7 8 2480 2441 1506 2452
12568 4 2 7 8 2560 1094 1208 1135
12569 4 2 7 8 2560 1208 1094 2507
12570 4 2 7 8 2446 2509 2519 2437
12571 4 2 7 8 2446 2519 2509 1891
12572 4 2 7 8 1868 2519 2509 2437
12573 4 2 7 8 1868 2509 2519 1891
12574 4 2 7 8 2608 2455 1069 2516
12575 4 2 7 8 2608 1069 2455 2587
12576 4 2 7 8 1064 2628 2484 1062
12577 4 2 7 8 2484 2628 1064 2457
12578 4 2 7 8 1039 234 1532 1140
12579 4 2 7 8 1532 234 1039 1450
12580 4 2 7 8 1532 1600 1039 1140
12581 4 2 7 8 1039 1600 1532 1450
12582 4 2 7 8 2490 1098 2511 2446
12583 4 2 7 8 2490 2511 1098 1091
12584 4 2 7 8 1921 1448 2488 1572
12585 4 2 7 8 2488 1448 1921 1802
12586 4 2 7 8 2513 1915 1922 1849
12587 4 2 7 8 2513 1922 1915 2427
12588 4 2 7 8 2529 1900 1846 2441
12589 4 2 7 8 2529 1846 1900 1824
12590 4 2 7 8 2587 1185 1077 1076
12591 4 2 7 8 2587 1077 1185 2463
12592 4 2 7 8 2541 1481 1480 1483
12593 4 2 7 8 2587 2422 2608 2463
12594 4 2 7 8 2587 2608 2422 2455
12595 4 2 7 8 1093 2491 1169 1192
12596 4 2 7 8 1169 2491 1093 2460
12597 4 2 7 8 2607 1156 1193 1096
12598 4 2 7 8 2607 1193 1156 2501
12599 4 2 7 8 1989 2573 2024 1995
12600 4 2 7 8 2024 2573 1989 2553
12601 4 2 7 8 2511 1098 1206 2446
12602 4 2 7 8 2511 1206 1098 1142
12603 4 2 7 8 1815 2450 1886 1890
12604 4 2 7 8 1886 2450 1815 1050
12605 4 2 7 8 2584 2518 2455 2582
12606 4 2 7 8 2584 2455 2518 2438
12607 4 2 7 8 2610 2591 2495 2433
12608 4 2 7 8 2610 2495 2591 2496
12609 4 2 7 8 2416 2495 2591 2433
12610 4 2 7 8 2416 2591 2495 2496
12611 4 2 7 8 2463 2591 2608 2433
12612 4 2 7 8 2608 2591 2463 2422
12613 4 2 7 8 1487 2482 1485 1488
12614 4 2 7 8 1485 2482 1487 2466
12615 4 2 7 8 2541 2524 1480 1481
12616 4 2 7 8 2541 1480 2524 2439
12617 4 2 7 8 2573 2618 2508 2431
12618 4 2 7 8 2508 2618 2573 2016
12619 4 2 7 8 2581 2533 2556 2424
12620 4 2 7 8 2581 2556 2533 2040
12621 4 2 7 8 2508 2556 2533 2424
12622 4 2 7 8 2508 2533 2556 2040
12623 4 2 7 8 1098 2499 2490 1092
12624 4 2 7 8 2490 2499 1098 2446
12625 4 2 7 8 1835 2611 1838 1837
12626 4 2 7 8 1838 2611 1835 2538
12627 4 2 7 8 2531 1112 1213 1203
12628 4 2 7 8 2531 1213 1112 2507
12629 4 2 7 8 2596 2020 2495 2009
12630 4 2 7 8 2596 2495 2020 2491
12631 4 2 7 8 2600 2530 1961 2440
12632 4 2 7 8 2600 1961 2530 1856
12633 4 2 7 8 2505 2626 2483 2429
12634 4 2 7 8 2483 2626 2505 2412
12635 4 2 7 8 1968 2571 1974 1975
12636 4 2 7 8 1974 2571 1968 2487
12637 4 2 7 8 2606 2483 2413 2554
12638 4 2 7 8 2606 2413 2483 2478
12639 4 2 7 8 1823 2612 1825 1826
12640 4 2 7 8 1825 2612 1823 2529
12641 4 2 7 8 2551 1046 1204 1059
12642 4 2 7 8 2551 1204 1046 2550
12643 4 2 7 8 2552 1137 1104 2444
12644 4 2 7 8 2552 1104 1137 1211
12645 4 2 7 8 2528 1935 1883 2450
12646 4 2 7 8 2528 1883 1935 1942
12647 4 2 7 8 2615 2483 2626 2520
12648 4 2 7 8 2615 2626 2483 2478
12649 4 2 7 8 1481 2482 1520 1612
12650 4 2 7 8 1481 1520 2482 2524
12651 4 2 7 8 2480 1900 2576 2441
12652 4 2 7 8 2480 2576 1900 1901
12653 4 2 7 8 1546 2596 1602 1465
12654 4 2 7 8 1546 1602 2596 2610
12655 4 2 7 8 2009 1602 2596 1465
12656 4 2 7 8 2009 2596 1602 2610
12657 4 2 7 8 2621 1093 2546 2460
12658 4 2 7 8 2621 2546 1093 1110
12659 4 2 7 8 1083 2546 1093 2460
12660 4 2 7 8 1083 1093 2546 1110
12661 4 2 7 8 1611 2560 2447 1588
12662 4 2 7 8 2447 2560 1611 2504
12663 4 2 7 8 2492 1951 2028 1822
12664 4 2 7 8 2492 2028 1951 2033
12665 4 2 7 8 450 2028 1951 1822
12666 4 2 7 8 450 1951 2028 2033
12667 4 2 7 8 1613 1917 2585 1913
12668 4 2 7 8 1613 2585 1917 1582
12669 4 2 7 8 2596 1547 2595 1561
12670 4 2 7 8 2596 2595 1547 2460
12671 4 2 7 8 2574 2569 2554 2435
12672 4 2 7 8 2574 2554 2569 2418
12673 4 2 7 8 2556 2040 2039 2044
12674 4 2 7 8 2556 2039 2040 2581
12675 4 2 7 8 2564 1575 1544 2476
12676 4 2 7 8 2564 1544 1575 1492
12677 4 2 7 8 1047 1923 2511 1814
12678 4 2 7 8 1047 2511 1923 1141
12679 4 2 7 8 2548 2598 1566 2450
12680 4 2 7 8 1566 2598 2548 1455
12681 4 2 7 8 1566 1567 2548 2450
12682 4 2 7 8 2548 1567 1566 1455
12683 4 2 7 8 2558 1499 2591 1498
12684 4 2 7 8 2558 2591 1499 2453
12685 4 2 7 8 2570 1934 1865 1858
12686 4 2 7 8 2570 1865 1934 2489
12687 4 2 7 8 2608 1111 1213 1081
12688 4 2 7 8 2608 1213 1111 2453
12689 4 2 7 8 1987 2000 2502 2015
12690 4 2 7 8 1987 2502 2000 1969
12691 4 2 7 8 2586 1892 1937 2446
12692 4 2 7 8 2586 1937 1892 1939
12693 4 2 7 8 2610 2591 1493 1491
12694 4 2 7 8 2610 1493 2591 2546
12695 4 2 7 8 1620 1493 2591 1491
12696 4 2 7 8 1620 2591 1493 2546
12697 4 2 7 8 1928 1454 2480 1580
12698 4 2 7 8 2480 1454 1928 1808
12699 4 2 7 8 2531 1500 1573 1603
12700 4 2 7 8 2531 1573 1500 2507
12701 4 2 7 8 1444 1931 401 1799
12702 4 2 7 8 1444 401 1931 1608
12703 4 2 7 8 2540 1540 1529 1530
12704 4 2 7 8 2540 1529 1540 2536
12705 4 2 7 8 2586 1098 1099 2446
12706 4 2 7 8 2586 1099 1098 1186
12707 4 2 7 8 2598 1554 1461 1609
12708 4 2 7 8 2598 1461 1554 2494
12709 4 2 7 8 2572 2566 2485 2421
12710 4 2 7 8 2572 2485 2566 2559
12711 4 2 7 8 1453 1162 247 1579
12712 4 2 7 8 1453 247 1162 1043
12713 4 2 7 8 2585 1510 1549 1550
12714 4 2 7 8 2585 1549 1510 2458
12715 4 2 7 8 2598 1139 1049 2494
12716 4 2 7 8 2598 1049 1139 1207
12717 4 2 7 8 2625 1057 1200 1214
12718 4 2 7 8 2625 1200 1057 2549
12719 4 2 7 8 2550 1985 1979 2549
12720 4 2 7 8 2550 1979 1985 1998
12721 4 2 7 8 2613 1801 2476 2599
12722 4 2 7 8 2613 2476 1801 1906
12723 4 2 7 8 1810 2559 1885 1949
12724 4 2 7 8 1885 2559 1810 2485
12725 4 2 7 8 2596 1164 2460 1169
12726 4 2 7 8 2596 2460 1164 2595
12727 4 2 7 8 1108 2601 1201 1184
12728 4 2 7 8 1201 2601 1108 2459
12729 4 2 7 8 1464 1957 2576 1817
12730 4 2 7 8 1464 2576 1957 1587
12731 4 2 7 8 1878 1921 2480 1927
12732 4 2 7 8 1878 2480 1921 1572
12733 4 2 7 8 1593 2480 1921 1927
12734 4 2 7 8 1593 1921 2480 1572
12735 4 2 7 8 2546 1547 2610 1493
12736 4 2 7 8 2546 2610 1547 2460
12737 4 2 7 8 2595 1547 1592 1616
12738 4 2 7 8 2595 1592 1547 2460
12739 4 2 7 8 2621 1453 1162 2595
12740 4 2 7 8 2621 1162 1453 1579
12741 4 2 7 8 1920 1170 295 1925
12742 4 2 7 8 1920 295 1170 1159
12743 4 2 7 8 1161 1449 245 1574
12744 4 2 7 8 245 1449 1161 1037
12745 4 2 7 8 1813 1467 2494 1536
12746 4 2 7 8 2494 1467 1813 1821
12747 4 2 7 8 1932 1587 22 1957
12748 4 2 7 8 1932 22 1587 2048
12749 4 2 7 8 1607 2019 2596 1585
12750 4 2 7 8 2596 2019 1607 1177
12751 4 2 7 8 2596 1463 1607 1585
12752 4 2 7 8 1607 1053 2596 1177
12753 4 2 7 8 1607 2596 1053 1463
12754 4 2 7 8 2460 1083 2607 1093
12755 4 2 7 8 2460 2607 1083 2433
12756 5 2 6 1 684 154 9 40 2057 783 39 465
12757 5 2 6 1 2057 783 39 465 2058 782 38 466
12758 5 2 6 1 2058 782 38 466 2059 781 37 467
12759 5 2 6 1 2059 781 37 467 2060 780 36 468
12760 5 2 6 1 2060 780 36 468 751 186 8 35
12761 5 2 6 1 685 684 40 41 2061 2057 465 469
12762 5 2 6 1 2061 2057 465 469 2062 2058 466 470
12763 5 2 6 1 2062 2058 466 470 2063 2059 467 471
12764 5 2 6 1 2063 2059 467 471 2064 2060 468 472
12765 5 2 6 1 2064 2060 468 472 750 751 35 34
12766 5 2 6 1 686 685 41 42 2065 2061 469 473
12767 5 2 6 1 2065 2061 469 473 2066 2062 470 474
12768 5 2 6 1 2066 2062 470 474 2067 2063 471 475
12769 5 2 6 1 2067 2063 471 475 2068 2064 472 476
12770 5 2 6 1 2068 2064 472 476 749 750 34 33
12771 5 2 6 1 687 686 42 43 2069 2065 473 477
12772 5 2 6 1 2069 2065 473 477 2070 2066 474 478
12773 5 2 6 1 2070 2066 474 478 2071 2067 475 479
12774 5 2 6 1 2071 2067 475 479 2072 2068 476 480
12775 5 2 6 1 2072 2068 476 480 748 749 33 32
12776 5 2 6 1 162 687 43 7 716 2069 477 28
12777 5 2 6 1 716 2069 477 28 717 2070 478 29
12778 5 2 6 1 717 2070 478 29 718 2071 479 30
12779 5 2 6 1 718 2071 479 30 719 2072 480 31
12780 5 2 6 1 719 2072 480 31 174 748 32 6
12781 5 2 6 1 688 155 154 684 2073 787 783 2057
12782 5 2 6 1 2073 787 783 2057 2074 786 782 2058
12783 5 2 6 1 2074 786 782 2058 2075 785 781 2059
12784 5 2 6 1 2075 785 781 2059 2076 784 780 2060
12785 5 2 6 1 2076 784 780 2060 755 187 186 751
12786 5 2 6 1 689 688 684 685 2077 2073 2057 2061
12787 5 2 6 1 2077 2073 2057 2061 2078 2074 2058 2062
12788 5 2 6 1 2078 2074 2058 2062 2079 2075 2059 2063
12789 5 2 6 1 2079 2075 2059 2063 2080 2076 2060 2064
12790 5 2 6 1 2080 2076 2060 2064 754 755 751 750
12791 5 2 6 1 690 689 685 686 2081 2077 2061 2065
12792 5 2 6 1 2081 2077 2061 2065 2082 2078 2062 2066
12793 5 2 6 1 2082 2078 2062 2066 2083 2079 2063 2067
12794 5 2 6 1 2083 2079 2063 2067 2084 2080 2064 2068
12795 5 2 6 1 2084 2080 2064 2068 753 754 750 749
12796 5 2 6 1 691 690 686 687 2085 2081 2065 2069
12797 5 2 6 1 2085 2081 2065 2069 2086 2082 2066 2070
12798 5 2 6 1 2086 2082 2066 2070 2087 2083 2067 2071
12799 5 2 6 1 2087 2083 2067 2071 2088 2084 2068 2072
12800 5 2 6 1 2088 2084 2068 2072 752 753 749 748
12801 5 2 6 1 163 691 687 162 720 2085 2069 716
12802 5 2 6 1 720 2085 2069 716 721 2086 2070 717
12803 5 2 6 1 721 2086 2070 717 722 2087 2071 718
12804 5 2 6 1 722 2087 2071 718 723 2088 2072 719
12805 5 2 6 1 723 2088 2072 719 175 752 748 174
12806 5 2 6 1 692 156 155 688 2089 791 787 2073
12807 5 2 6 1 2089 791 787 2073 2090 790 786 2074
12808 5 2 6 1 2090 790 786 2074 2091 789 785 2075
12809 5 2 6 1 2091 789 785 2075 2092 788 784 2076
12810 5 2 6 1 2092 788 784 2076 759 188 187 755
12811 5 2 6 1 693 692 688 689 2093 2089 2073 2077
12812 5 2 6 1 2093 2089 2073 2077 2094 2090 2074 2078
12813 5 2 6 1 2094 2090 2074 2078 2095 2091 2075 2079
12814 5 2 6 1 2095 2091 2075 2079 2096 2092 2076 2080
12815 5 2 6 1 2096 2092 2076 2080 758 759 755 754
12816 5 2 6 1 694 693 689 690 2097 2093 2077 2081
12817 5 2 6 1 2097 2093 2077 2081 2098 2094 2078 2082
12818 5 2 6 1 2098 2094 2078 2082 2099 2095 2079 2083
12819 5 2 6 1 2099 2095 2079 2083 2100 2096 2080 2084
12820 5 2 6 1 2100 2096 2080 2084 757 758 754 753
12821 5 2 6 1 695 694 690 691 2101 2097 2081 2085
12822 5 2 6 1 2101 2097 2081 2085 2102 2098 2082 2086
12823 5 2 6 1 2102 2098 2082 2086 2103 2099 2083 2087
12824 5 2 6 1 2103 2099 2083 2087 2104 2100 2084 2088
12825 5 2 6 1 2104 2100 2084 2088 756 757 753 752
12826 5 2 6 1 164 695 691 163 724 2101 2085 720
12827 5 2 6 1 724 2101 2085 720 725 2102 2086 721
12828 5 2 6 1 725 2102 2086 721 726 2103 2087 722
12829 5 2 6 1 726 2103 2087 722 727 2104 2088 723
12830 5 2 6 1 727 2104 2088 723 176 756 752 175
12831 5 2 6 1 696 157 156 692 2105 795 791 2089
12832 5 2 6 1 2105 795 791 2089 2106 794 790 2090
12833 5 2 6 1 2106 794 790 2090 2107 793 789 2091
12834 5 2 6 1 2107 793 789 2091 2108 792 788 2092
12835 5 2 6 1 2108 792 788 2092 763 189 188 759
12836 5 2 6 1 697 696 692 693 2109 2105 2089 2093
12837 5 2 6 1 2109 2105 2089 2093 2110 2106 2090 2094
12838 5 2 6 1 2110 2106 2090 2094 2111 2107 2091 2095
12839 5 2 6 1 2111 2107 2091 2095 2112 2108 2092 2096
12840 5 2 6 1 2112 2108 2092 2096 762 763 759 758
12841 5 2 6 1 698 697 693 694 2113 2109 2093 2097
12842 5 2 6 1 2113 2109 2093 2097 2114 2110 2094 2098
12843 5 2 6 1 2114 2110 2094 2098 2115 2111 2095 2099
12844 5 2 6 1 2115 2111 2095 2099 2116 2112 2096 2100
12845 5 2 6 1 2116 2112 2096 2100 761 762 758 757
12846 5 2 6 1 699 698 694 695 2117 2113 2097 2101
12847 5 2 6 1 2117 2113 2097 2101 2118 2114 2098 2102
12848 5 2 6 1 2118 2114 2098 2102 2119 2115 2099 2103
12849 5 2 6 1 2119 2115 2099 2103 2120 2116 2100 2104
12850 5 2 6 1 2120 2116 2100 2104 760 761 757 756
12851 5 2 6 1 165 699 695 164 728 2117 2101 724
12852 5 2 6 1 728 2117 2101 724 729 2118 2102 725
12853 5 2 6 1 729 2118 2102 725 730 2119 2103 726
12854 5 2 6 1 730 2119 2103 726 731 2120 2104 727
12855 5 2 6 1 731 2120 2104 727 177 760 756 176
12856 5 2 6 1 700 158 157 696 2121 799 795 2105
12857 5 2 6 1 2121 799 795 2105 2122 798 794 2106
12858 5 2 6 1 2122 798 794 2106 2123 797 793 2107
12859 5 2 6 1 2123 797 793 2107 2124 796 792 2108
12860 5 2 6 1 2124 796 792 2108 767 190 189 763
12861 5 2 6 1 701 700 696 697 2125 2121 2105 2109
12862 5 2 6 1 2125 2121 2105 2109 2126 2122 2106 2110
12863 5 2 6 1 2126 2122 2106 2110 2127 2123 2107 2111
12864 5 2 6 1 2127 2123 2107 2111 2128 2124 2108 2112
12865 5 2 6 1 2128 2124 2108 2112 766 767 763 762
12866 5 2 6 1 702 701 697 698 2129 2125 2109 2113
12867 5 2 6 1 2129 2125 2109 2113 2130 2126 2110 2114
12868 5 2 6 1 2130 2126 2110 2114 2131 2127 2111 2115
12869 5 2 6 1 2131 2127 2111 2115 2132 2128 2112 2116
12870 5 2 6 1 2132 2128 2112 2116 765 766 762 761
12871 5 2 6 1 703 702 698 699 2133 2129 2113 2117
12872 5 2 6 1 2133 2129 2113 2117 2134 2130 2114 2118
12873 5 2 6 1 2134 2130 2114 2118 2135 2131 2115 2119
12874 5 2 6 1 2135 2131 2115 2119 2136 2132 2116 2120
12875 5 2 6 1 2136 2132 2116 2120 764 765 761 760
12876 5 2 6 1 166 703 699 165 732 2133 2117 728
12877 5 2 6 1 732 2133 2117 728 733 2134 2118 729
12878 5 2 6 1 733 2134 2118 729 734 2135 2119 730
12879 5 2 6 1 734 2135 2119 730 735 2136 2120 731
12880 5 2 6 1 735 2136 2120 731 178 764 760 177
12881 5 2 6 1 704 159 158 700 2137 803 799 2121
12882 5 2 6 1 2137 803 799 2121 2138 802 798 2122
12883 5 2 6 1 2138 802 798 2122 2139 801 797 2123
12884 5 2 6 1 2139 801 797 2123 2140 800 796 2124
12885 5 2 6 1 2140 800 796 2124 771 191 190 767
12886 5 2 6 1 705 704 700 701 2141 2137 2121 2125
12887 5 2 6 1 2141 2137 2121 2125 2142 2138 2122 2126
12888 5 2 6 1 2142 2138 2122 2126 2143 2139 2123 2127
12889 5 2 6 1 2143 2139 2123 2127 2144 2140 2124 2128
12890 5 2 6 1 2144 2140 2124 2128 770 771 767 766
12891 5 2 6 1 706 705 701 702 2145 2141 2125 2129
12892 5 2 6 1 2145 2141 2125 2129 2146 2142 2126 2130
12893 5 2 6 1 2146 2142 2126 2130 2147 2143 2127 2131
12894 5 2 6 1 2147 2143 2127 2131 2148 2144 2128 2132
12895 5 2 6 1 2148 2144 2128 2132 769 770 766 765
12896 5 2 6 1 707 706 702 703 2149 2145 2129 2133
12897 5 2 6 1 2149 2145 2129 2133 2150 2146 2130 2134
12898 5 2 6 1 2150 2146 2130 2134 2151 2147 2131 2135
12899 5 2 6 1 2151 2147 2131 2135 2152 2148 2132 2136
12900 5 2 6 1 2152 2148 2132 2136 768 769 765 764
12901 5 2 6 1 167 707 703 166 736 2149 2133 732
12902 5 2 6 1 736 2149 2133 732 737 2150 2134 733
12903 5 2 6 1 737 2150 2134 733 738 2151 2135 734
12904 5 2 6 1 738 2151 2135 734 739 2152 2136 735
12905 5 2 6 1 739 2152 2136 735 179 768 764 178
12906 5 2 6 1 708 160 159 704 2153 807 803 2137
12907 5 2 6 1 2153 807 803 2137 2154 806 802 2138
12908 5 2 6 1 2154 806 802 2138 2155 805 801 2139
12909 5 2 6 1 2155 805 801 2139 2156 804 800 2140
12910 5 2 6 1 2156 804 800 2140 775 192 191 771
12911 5 2 6 1 709 708 704 705 2157 2153 2137 2141
12912 5 2 6 1 2157 2153 2137 2141 2158 2154 2138 2142
12913 5 2 6 1 2158 2154 2138 2142 2159 2155 2139 2143
12914 5 2 6 1 2159 2155 2139 2143 2160 2156 2140 2144
12915 5 2 6 1 2160 2156 2140 2144 774 775 771 770
12916 5 2 6 1 710 709 705 706 2161 2157 2141 2145
12917 5 2 6 1 2161 2157 2141 2145 2162 2158 2142 2146
12918 5 2 6 1 2162 2158 2142 2146 2163 2159 2143 2147
12919 5 2 6 1 2163 2159 2143 2147 2164 2160 2144 2148
12920 5 2 6 1 2164 2160 2144 2148 773 774 770 769
12921 5 2 6 1 711 710 706 707 2165 2161 2145 2149
12922 5 2 6 1 2165 2161 2145 2149 2166 2162 2146 2150
12923 5 2 6 1 2166 2162 2146 2150 2167 2163 2147 2151
12924 5 2 6 1 2167 2163 2147 2151 2168 2164 2148 2152
12925 5 2 6 1 2168 2164 2148 2152 772 773 769 768
12926 5 2 6 1 168 711 707 167 740 2165 2149 736
12927 5 2 6 1 740 2165 2149 736 741 2166 2150 737
12928 5 2 6 1 741 2166 2150 737 742 2167 2151 738
12929 5 2 6 1 742 2167 2151 738 743 2168 2152 739
12930 5 2 6 1 743 2168 2152 739 180 772 768 179
12931 5 2 6 1 712 161 160 708 2169 811 807 2153
12932 5 2 6 1 2169 811 807 2153 2170 810 806 2154
12933 5 2 6 1 2170 810 806 2154 2171 809 805 2155
12934 5 2 6 1 2171 809 805 2155 2172 808 804 2156
12935 5 2 6 1 2172 808 804 2156 779 193 192 775
12936 5 2 6 1 713 712 708 709 2173 2169 2153 2157
12937 5 2 6 1 2173 2169 2153 2157 2174 2170 2154 2158
12938 5 2 6 1 2174 2170 2154 2158 2175 2171 2155 2159
12939 5 2 6 1 2175 2171 2155 2159 2176 2172 2156 2160
12940 5 2 6 1 2176 2172 2156 2160 778 779 775 774
12941 5 2 6 1 714 713 709 710 2177 2173 2157 2161
12942 5 2 6 1 2177 2173 2157 2161 2178 2174 2158 2162
12943 5 2 6 1 2178 2174 2158 2162 2179 2175 2159 2163
12944 5 2 6 1 2179 2175 2159 2163 2180 2176 2160 2164
12945 5 2 6 1 2180 2176 2160 2164 777 778 774 773
12946 5 2 6 1 715 714 710 711 2181 2177 2161 2165
12947 5 2 6 1 2181 2177 2161 2165 2182 2178 2162 2166
12948 5 2 6 1 2182 2178 2162 2166 2183 2179 2163 2167
12949 5 2 6 1 2183 2179 2163 2167 2184 2180 2164 2168
12950 5 2 6 1 2184 2180 2164 2168 776 777 773 772
12951 5 2 6 1 169 715 711 168 744 2181 2165 740
12952 5 2 6 1 744 2181 2165 740 745 2182 2166 741
12953 5 2 6 1 745 2182 2166 741 746 2183 2167 742
12954 5 2 6 1 746 2183 2167 742 747 2184 2168 743
12955 5 2 6 1 747 2184 2168 743 181 776 772 180
12956 5 2 6 1 170 10 161 712 812 201 811 2169
12957 5 2 6 1 812 201 811 2169 813 200 810 2170
12958 5 2 6 1 813 200 810 2170 814 199 809 2171
12959 5 2 6 1 814 199 809 2171 815 198 808 2172
12960 5 2 6 1 815 198 808 2172 197 13 193 779
12961 5 2 6 1 171 170 712 713 816 812 2169 2173
12962 5 2 6 1 816 812 2169 2173 817 813 2170 2174
12963 5 2 6 1 817 813 2170 2174 818 814 2171 2175
12964 5 2 6 1 818 814 2171 2175 819 815 2172 2176
12965 5 2 6 1 819 815 2172 2176 196 197 779 778
12966 5 2 6 1 172 171 713 714 820 816 2173 2177
12967 5 2 6 1 820 816 2173 2177 821 817 2174 2178
12968 5 2 6 1 821 817 2174 2178 822 818 2175 2179
12969 5 2 6 1 822 818 2175 2179 823 819 2176 2180
12970 5 2 6 1 823 819 2176 2180 195 196 778 777
12971 5 2 6 1 173 172 714 715 824 820 2177 2181
12972 5 2 6 1 824 820 2177 2181 825 821 2178 2182
12973 5 2 6 1 825 821 2178 2182 826 822 2179 2183
12974 5 2 6 1 826 822 2179 2183 827 823 2180 2184
12975 5 2 6 1 827 823 2180 2184 194 195 777 776
12976 5 2 6 1 11 173 715 169 182 824 2181 744
12977 5 2 6 1 182 824 2181 744 183 825 2182 745
12978 5 2 6 1 183 825 2182 745 184 826 2183 746
12979 5 2 6 1 184 826 2183 746 185 827 2184 747
12980 5 2 6 1 185 827 2184 747 12 194 776 181
12981 7 2 7 2 8 186 780 36 2213
12982 7 2 7 2 36 780 781 37 2214
12983 7 2 7 2 37 781 782 38 2215
12984 7 2 7 2 38 782 783 39 2216
12985 7 2 7 2 39 783 154 9 2217
12986 7 2 7 2 186 187 784 780 2218
12987 7 2 7 2 780 784 785 781 2219
12988 7 2 7 2 781 785 786 782 2220
12989 7 2 7 2 782 786 787 783 2221
12990 7 2 7 2 783 787 155 154 2222
12991 7 2 7 2 187 188 788 784 2223
12992 7 2 7 2 784 788 789 785 2224
12993 7 2 7 2 785 789 790 786 2225
12994 7 2 7 2 786 790 791 787 2226
12995 7 2 7 2 787 791 156 155 2227
12996 7 2 7 2 188 189 792 788 2228
12997 7 2 7 2 788 792 793 789 2229
12998 7 2 7 2 789 793 794 790 2230
12999 7 2 7 2 790 794 795 791 2231
13000 7 2 7 2 791 795 157 156 2232
13001 7 2 7 2 189 190 796 792 2233
13002 7 2 7 2 792 796 797 793 2234
13003 7 2 7 2 793 797 798 794 2235
13004 7 2 7 2 794 798 799 795 2236
13005 7 2 7 2 795 799 158 157 2237
13006 7 2 7 2 190 191 800 796 2238
13007 7 2 7 2 796 800 801 797 2239
13008 7 2 7 2 797 801 802 798 2240
13009 7 2 7 2 798 802 803 799 2241
13010 7 2 7 2 799 803 159 158 2242
13011 7 2 7 2 191 192 804 800 2243
13012 7 2 7 2 800 804 805 801 2244
13013 7 2 7 2 801 805 806 802 2245
13014 7 2 7 2 802 806 807 803 2246
13015 7 2 7 2 803 807 160 159 2247
13016 7 2 7 2 192 193 808 804 2248
13017 7 2 7 2 804 808 809 805 2249
13018 7 2 7 2 805 809 810 806 2250
13019 7 2 7 2 806 810 811 807 2251
13020 7 2 7 2 807 811 161 160 2252
13021 7 2 7 2 193 13 198 808 2253
13022 7 2 7 2 808 198 199 809 2254
13023 7 2 7 2 809 199 200 810 2255
13024 7 2 7 2 810 200 201 811 2256
13025 7 2 7 2 811 201 10 161 2257
13026 7 2 7 3 6 174 748 32 2285
13027 7 2 7 3 32 748 749 33 2286
13028 7 2 7 3 33 749 750 34 2287
13029 7 2 7 3 34 750 751 35 2288
13030 7 2 7 3 35 751 186 8 2289
13031 7 2 7 3 174 175 752 748 2290
13032 7 2 7 3 748 752 753 749 2291
13033 7 2 7 3 749 753 754 750 2292
13034 7 2 7 3 750 754 755 751 2293
13035 7 2 7 3 751 755 187 186 2294
13036 7 2 7 3 175 176 756 752 2295
13037 7 2 7 3 752 756 757 753 2296
13038 7 2 7 3 753 757 758 754 2297
13039 7 2 7 3 754 758 759 755 2298
13040 7 2 7 3 755 759 188 187 2299
13041 7 2 7 3 176 177 760 756 2300
13042 7 2 7 3 756 760 761 757 2301
13043 7 2 7 3 757 761 762 758 2302
13044 7 2 7 3 758 762 763 759 2303
13045 7 2 7 3 759 763 189 188 2304
13046 7 2 7 3 177 178 764 760 2305
13047 7 2 7 3 760 764 765 761 2306
13048 7 2 7 3 761 765 766 762 2307
13049 7 2 7 3 762 766 767 763 2308
13050 7 2 7 3 763 767 190 189 2309
13051 7 2 7 3 178 179 768 764 2310
13052 7 2 7 3 764 768 769 765 2311
13053 7 2 7 3 765 769 770 766 2312
13054 7 2 7 3 766 770 771 767 2313
13055 7 2 7 3 767 771 191 190 2314
13056 7 2 7 3 179 180 772 768 2315
13057 7 2 7 3 768 772 773 769 2316
13058 7 2 7 3 769 773 774 770 2317
13059 7 2 7 3 770 774 775 771 2318
13060 7 2 7 3 771 775 192 191 2319
13061 7 2 7 3 180 181 776 772 2320
13062 7 2 7 3 772 776 777 773 2321
13063 7 2 7 3 773 777 778 774 2322
13064 7 2 7 3 774 778 779 775 2323
13065 7 2 7 3 775 779 193 192 2324
13066 7 2 7 3 181 12 194 776 2325
13067 7 2 7 3 776 194 195 777 2326
13068 7 2 7 3 777 195 196 778 2327
13069 7 2 7 3 778 196 197 779 2328
13070 7 2 7 3 779 197 13 193 2329
13071 7 2 7 5 812 170 10 201 2373
13072 7 2 7 5 813 812 201 200 2374
13073 7 2 7 5 814 813 200 199 2375
13074 7 2 7 5 815 814 199 198 2376
13075 7 2 7 5 197 815 198 13 2377
13076 7 2 7 5 816 171 170 812 2378
13077 7 2 7 5 817 816 812 813 2379
13078 7 2 7 5 818 817 813 814 2380
13079 7 2 7 5 819 818 814 815 2381
13080 7 2 7 5 196 819 815 197 2382
13081 7 2 7 5 820 172 171 816 2383
13082 7 2 7 5 821 820 816 817 2384
13083 7 2 7 5 822 821 817 818 2385
13084 7 2 7 5 823 822 818 819 2386
13085 7 2 7 5 195 823 819 196 2387
13086 7 2 7 5 824 173 172 820 2388
13087 7 2 7 5 825 824 820 821 2389
13088 7 2 7 5 826 825 821 822 2390
13089 7 2 7 5 827 826 822 823 2391
13090 7 2 7 5 194 827 823 195 2392
13091 7 2 7 5 182 11 173 824 2393
13092 7 2 7 5 183 182 824 825 2394
13093 7 2 7 5 184 183 825 826 2395
13094 7 2 7 5 185 184 826 827 2396
13095 7 2 7 5 12 185 827 194 2397
$EndElements
