$MeshFormat
2.2 0 8
$EndMeshFormat
$PhysicalNames
7
2 1 "back"
2 2 "topleft"
2 3 "gamaH"
2 4 "gamaE"
2 5 "gamaB"
3 6 "core"
3 7 "air_coil"
$EndPhysicalNames
$Nodes
3061
1 0.4 0.4 -0
2 0.03 0.4 -0
3 0 0.4 -0
4 0.4 0 -0
5 0.4 0.06 -0
6 0 0.06 -0
7 0 0 -0
8 0.03 0.06 -0
9 0.03 0 -0
10 0.03 0 0.1
11 0 0 0.1
12 0 0.06 0.1
13 0.03 0.06 0.1
14 0.4 0 0.1
15 0.4 0.06 0.1
16 0 0.4 0.1
17 0.03 0.4 0.1
18 0.4 0.4 0.1
19 0.03 0 0.4
20 0 0 0.4
21 0 0.06 0.4
22 0.03 0.06 0.4
23 0.4 0 0.4
24 0.4 0.06 0.4
25 0 0.4 0.4
26 0.03 0.4 0.4
27 0.4 0.4 0.4
28 0 0.008571428571428594 0
29 0 0.0171428571428572 0
30 0 0.0257142857142858 0
31 0 0.03428571428571438 0
32 0 0.04285714285714291 0
33 0 0.05142857142857146 0
34 0.004285714285714297 0.06 0
35 0.008571428571428598 0.06 0
36 0.0128571428571429 0.06 0
37 0.01714285714285719 0.06 0
38 0.02142857142857146 0.06 0
39 0.02571428571428573 0.06 0
40 0.03 0.05142857142857141 0
41 0.03 0.0428571428571428 0
42 0.03 0.0342857142857142 0
43 0.03 0.02571428571428562 0
44 0.03 0.01714285714285708 0
45 0.03 0.008571428571428542 0
46 0.0257142857142857 0 0
47 0.0214285714285714 0 0
48 0.0171428571428571 0 0
49 0.01285714285714281 0 0
50 0.008571428571428542 0 0
51 0.004285714285714271 0 0
52 0.03470412773527646 0 0
53 0.03852610904617244 0 0
54 0.04385711605589274 0 0
55 0.05129295468432657 0 0
56 0.06166467056732095 0 0
57 0.0761314354906741 0 0
58 0.096310077536607 0 0
59 0.1244558265530139 0 0
60 0.1637169310914182 0 0
61 0.2184688241169642 0 0
62 0.2948426991212625 0 0
63 0.4 0.1733333333333336 0
64 0.4 0.2866666666666672 0
65 0.3075 0.4 0
66 0.215 0.4 0
67 0.1225000000000001 0.4 0
68 0 0.304013625364918 0
69 0 0.2347358005514781 0
70 0 0.1847317281045482 0
71 0 0.148640850645243 0
72 0 0.1037910875415275 0
73 0 0.09022161514519184 0
74 0 0.08042785870043778 0
75 0 0.0733592202459577 0
76 0 0.06825743605464313 0
77 0 0.06457522662044696 0
78 0 0.06191902289190881 0
79 0.03470412773527646 0.06 0
80 0.03852610904617244 0.06 0
81 0.04385711605589274 0.06 0
82 0.05129295468432657 0.06 0
83 0.06166467056732095 0.06 0
84 0.0761314354906741 0.06 0
85 0.096310077536607 0.06 0
86 0.1244558265530139 0.06 0
87 0.1637169310914182 0.06 0
88 0.2184688241169642 0.06 0
89 0.2948426991212625 0.06 0
90 0.03 0.06457522662044689 0
91 0.03 0.06825743605464286 0
92 0.03 0.07335922024595726 0
93 0.03 0.08042785870043702 0
94 0.03 0.0902216151451907 0
95 0.03 0.1037910875415259 0
96 0.03 0.1225918979978662 0
97 0.03 0.1847317281045467 0
98 0.03 0.2347358005514773 0
99 0.03 0.3040136253649178 0
100 0.03 0 0.00625000000000001
101 0.03 0 0.01250000000000002
102 0.03 0 0.01875000000000003
103 0.03 0 0.02500000000000005
104 0.03 0 0.03125000000000006
105 0.03 0 0.03750000000000005
106 0.03 0 0.04375000000000005
107 0.03 0 0.05000000000000004
108 0.03 0 0.05625000000000004
109 0.03 0 0.06250000000000006
110 0.03 0 0.06875000000000005
111 0.03 0 0.07500000000000004
112 0.03 0 0.08125000000000003
113 0.03 0 0.08750000000000002
114 0.03 0 0.09375000000000001
115 0 0 0.00625000000000001
116 0 0 0.01250000000000002
117 0 0 0.01875000000000003
118 0 0 0.02500000000000005
119 0 0 0.03125000000000006
120 0 0 0.03750000000000005
121 0 0 0.04375000000000005
122 0 0 0.05000000000000004
123 0 0 0.05625000000000004
124 0 0 0.06250000000000006
125 0 0 0.06875000000000005
126 0 0 0.07500000000000004
127 0 0 0.08125000000000003
128 0 0 0.08750000000000002
129 0 0 0.09375000000000001
130 0.0257142857142857 0 0.1
131 0.0214285714285714 0 0.1
132 0.0171428571428571 0 0.1
133 0.01285714285714281 0 0.1
134 0.008571428571428542 0 0.1
135 0.004285714285714271 0 0.1
136 0 0.06 0.00625000000000001
137 0 0.06 0.01250000000000002
138 0 0.06 0.01875000000000003
139 0 0.06 0.02500000000000005
140 0 0.06 0.03125000000000006
141 0 0.06 0.03750000000000005
142 0 0.06 0.04375000000000005
143 0 0.06 0.05000000000000004
144 0 0.06 0.05625000000000004
145 0 0.06 0.06250000000000006
146 0 0.06 0.06875000000000005
147 0 0.06 0.07500000000000004
148 0 0.06 0.08125000000000003
149 0 0.06 0.08750000000000002
150 0 0.06 0.09375000000000001
151 0 0.008571428571428594 0.1
152 0 0.0171428571428572 0.1
153 0 0.0257142857142858 0.1
154 0 0.03428571428571438 0.1
155 0 0.04285714285714291 0.1
156 0 0.05142857142857146 0.1
157 0.03 0.06 0.00625000000000001
158 0.03 0.06 0.01250000000000002
159 0.03 0.06 0.01875000000000003
160 0.03 0.06 0.02500000000000005
161 0.03 0.06 0.03125000000000006
162 0.03 0.06 0.03750000000000005
163 0.03 0.06 0.04375000000000005
164 0.03 0.06 0.05000000000000004
165 0.03 0.06 0.05625000000000004
166 0.03 0.06 0.06250000000000006
167 0.03 0.06 0.06875000000000005
168 0.03 0.06 0.07500000000000004
169 0.03 0.06 0.08125000000000003
170 0.03 0.06 0.08750000000000002
171 0.03 0.06 0.09375000000000001
172 0.004285714285714297 0.06 0.1
173 0.008571428571428598 0.06 0.1
174 0.0128571428571429 0.06 0.1
175 0.01714285714285719 0.06 0.1
176 0.02142857142857146 0.06 0.1
177 0.02571428571428573 0.06 0.1
178 0.03 0.05142857142857141 0.1
179 0.03 0.0428571428571428 0.1
180 0.03 0.0342857142857142 0.1
181 0.03 0.02571428571428562 0.1
182 0.03 0.01714285714285708 0.1
183 0.03 0.008571428571428542 0.1
184 0.03470412773527646 0 0.1
185 0.03852610904617244 0 0.1
186 0.04385711605589274 0 0.1
187 0.05129295468432657 0 0.1
188 0.06166467056732095 0 0.1
189 0.0761314354906741 0 0.1
190 0.096310077536607 0 0.1
191 0.1244558265530139 0 0.1
192 0.1637169310914182 0 0.1
193 0.2184688241169642 0 0.1
194 0.2948426991212625 0 0.1
195 0.03470412773527646 0.06 0.1
196 0.03852610904617244 0.06 0.1
197 0.04385711605589274 0.06 0.1
198 0.05129295468432657 0.06 0.1
199 0.06166467056732095 0.06 0.1
200 0.0761314354906741 0.06 0.1
201 0.096310077536607 0.06 0.1
202 0.1244558265530139 0.06 0.1
203 0.1637169310914182 0.06 0.1
204 0.2184688241169642 0.06 0.1
205 0.2948426991212625 0.06 0.1
206 0 0.304013625364918 0.1
207 0 0.2347358005514781 0.1
208 0 0.1847317281045482 0.1
209 0 0.148640850645243 0.1
210 0 0.1037910875415275 0.1
211 0 0.09022161514519184 0.1
212 0 0.08042785870043778 0.1
213 0 0.0733592202459577 0.1
214 0 0.06825743605464313 0.1
215 0 0.06457522662044696 0.1
216 0 0.06191902289190881 0.1
217 0.03 0.06457522662044689 0.1
218 0.03 0.06825743605464286 0.1
219 0.03 0.07335922024595726 0.1
220 0.03 0.08042785870043702 0.1
221 0.03 0.0902216151451907 0.1
222 0.03 0.1037910875415259 0.1
223 0.03 0.1225918979978662 0.1
224 0.03 0.1847317281045467 0.1
225 0.03 0.2347358005514773 0.1
226 0.03 0.3040136253649178 0.1
227 0.3075 0.4 0.1
228 0.215 0.4 0.1
229 0.1225000000000001 0.4 0.1
230 0.4 0.1733333333333336 0.1
231 0.4 0.2866666666666672 0.1
232 0.03 0 0.1044023526695514
233 0.03 0 0.1078751356476822
234 0.03 0 0.1126630458503893
235 0.03 0 0.1192347769577841
236 0.03 0 0.1282549178471135
237 0.03 0 0.1406356745133018
238 0.03 0 0.1576290929840833
239 0.03 0 0.1809537115533553
240 0.03 0 0.2129719510036375
241 0.03 0 0.2569087666887342
242 0.03 0 0.3172214708307029
243 0 0 0.1044023526695514
244 0 0 0.1078751356476822
245 0 0 0.1126630458503893
246 0 0 0.1192347769577841
247 0 0 0.1282549178471135
248 0 0 0.1406356745133018
249 0 0 0.1576290929840833
250 0 0 0.1809537115533553
251 0 0 0.2129719510036375
252 0 0 0.2569087666887342
253 0 0 0.3172214708307029
254 0 0.06 0.1044023526695514
255 0 0.06 0.1078751356476822
256 0 0.06 0.1126630458503893
257 0 0.06 0.1192347769577841
258 0 0.06 0.1282549178471135
259 0 0.06 0.1406356745133018
260 0 0.06 0.1576290929840833
261 0 0.06 0.1809537115533553
262 0 0.06 0.2129719510036375
263 0 0.06 0.2569087666887342
264 0 0.06 0.3172214708307029
265 0.03 0.06 0.1044023526695514
266 0.03 0.06 0.1078751356476822
267 0.03 0.06 0.1126630458503893
268 0.03 0.06 0.1192347769577841
269 0.03 0.06 0.1282549178471135
270 0.03 0.06 0.1406356745133018
271 0.03 0.06 0.1576290929840833
272 0.03 0.06 0.1809537115533553
273 0.03 0.06 0.2129719510036375
274 0.03 0.06 0.2569087666887342
275 0.03 0.06 0.3172214708307029
276 0.4 0 0.2
277 0.4 0 0.2999999999999998
278 0.1225 0 0.4
279 0.2150000000000001 0 0.4
280 0.3075 0 0.4
281 0.4 0.06 0.2
282 0.4 0.06 0.2999999999999998
283 0.1225 0.06 0.4
284 0.2150000000000001 0.06 0.4
285 0.3075 0.06 0.4
286 0 0.4 0.2
287 0 0.4 0.2999999999999998
288 0 0.2866666666666665 0.4
289 0 0.1733333333333328 0.4
290 0.03 0.4 0.2
291 0.03 0.4 0.2999999999999998
292 0.03 0.1733333333333336 0.4
293 0.03 0.2866666666666672 0.4
294 0.4 0.4 0.2
295 0.4 0.4 0.2999999999999998
296 0.3075 0.4 0.4
297 0.215 0.4 0.4
298 0.1225000000000001 0.4 0.4
299 0.4 0.1733333333333336 0.4
300 0.4 0.2866666666666672 0.4
301 0.0257142857142857 0.008571428571428553 0
302 0.02571428571428571 0.0171428571428571 0
303 0.02571428571428572 0.02571428571428564 0
304 0.02571428571428572 0.03428571428571422 0
305 0.02571428571428572 0.04285714285714282 0
306 0.02571428571428572 0.05142857142857141 0
307 0.02142857142857141 0.008571428571428556 0
308 0.02142857142857142 0.01714285714285711 0
309 0.02142857142857143 0.02571428571428567 0
310 0.02142857142857143 0.03428571428571425 0
311 0.02142857142857144 0.04285714285714283 0
312 0.02142857142857145 0.05142857142857142 0
313 0.01714285714285711 0.008571428571428567 0
314 0.01714285714285713 0.01714285714285713 0
315 0.01714285714285714 0.0257142857142857 0
316 0.01714285714285715 0.03428571428571428 0
317 0.01714285714285716 0.04285714285714284 0
318 0.01714285714285717 0.05142857142857142 0
319 0.01285714285714282 0.008571428571428574 0
320 0.01285714285714283 0.01714285714285714 0
321 0.01285714285714285 0.02571428571428572 0
322 0.01285714285714286 0.0342857142857143 0
323 0.01285714285714287 0.04285714285714286 0
324 0.01285714285714289 0.05142857142857143 0
325 0.008571428571428549 0.008571428571428577 0
326 0.008571428571428556 0.01714285714285716 0
327 0.008571428571428565 0.02571428571428575 0
328 0.008571428571428574 0.03428571428571433 0
329 0.008571428571428581 0.04285714285714288 0
330 0.008571428571428589 0.05142857142857143 0
331 0.004285714285714276 0.008571428571428587 0
332 0.004285714285714275 0.01714285714285718 0
333 0.004285714285714283 0.02571428571428577 0
334 0.004285714285714285 0.03428571428571436 0
335 0.004285714285714289 0.0428571428571429 0
336 0.004285714285714289 0.05142857142857146 0
337 0.037607012015511 0.02927215479862148 0
338 0.06890251474768322 0.04950614305565274 0
339 0.05559853263558456 0.006818807709483222 0
340 0.04691547599468807 0.05484990544162707 0
341 0.04195261681763071 0.003919393571314746 0
342 0.08731211501678901 0.01440633294399991 0
343 0.1055531881004984 0.03780018132226173 0
344 0.0366227189266973 0.04632345242660951 0
345 0.03486990790325631 0.056606193751365 0
346 0.03683329710496897 0.01300901360381356 0
347 0.08882082350347495 0.04026475623032653 0
348 0.1485989273336199 0.02894327359028385 0
349 0.0706901205835945 0.01540475972470355 0
350 0.05808926568254011 0.04855975907259047 0
351 0.06314545509343383 0.03965092925731726 0
352 0.05268545023198826 0.04010487888284561 0
353 0.05737924348048692 0.03089986046959584 0
354 0.06814628381053678 0.02990268188673154 0
355 0.03703821264377202 0.02116042857746385 0
356 0.04380744037401105 0.01738535448329809 0
357 0.0475750353701096 0.005378439603630002 0
358 0.1054885066141669 0.01714714328813401 0
359 0.03765810531919664 0.03782963587371705 0
360 0.3474213495606312 0.03 0
361 0.04668156331351944 0.0322891579632584 0
362 0.03657421382693496 0.004401680937698861 0
363 0.04034172357571383 0.05561375467306064 0
364 0.05157582313979747 0.02204672089350896 0
365 0.06105213343403806 0.02267567224118922 0
366 0.07436469109618735 0.03934656895369439 0
367 0.08074644923000193 0.02772363394338254 0
368 0.04437863149200438 0.04275876367620709 0
369 0.1888805728212585 0.02994498508904018 0
370 0.0428687888122242 0.00943022674842954 0
371 0.04981580274791694 0.012697314611626 0
372 0.04206271789245139 0.04986036752088609 0
373 0.2566557616191134 0.03 0
374 0.0805475563331591 0.04921995303760254 0
375 0.04346223738025309 0.02450515735270471 0
376 0.04965019556704606 0.04840894969993165 0
377 0.1235187914549257 0.02499202338740093 0
378 0.06490877166958861 0.007804668171981756 0
379 0.09358421649298623 0.02746840954562094 0
380 0.05376963210860408 0.0543200236054336 0
381 0.05894019736842004 0.01457465722541545 0
382 0.03677941365962378 0.05196646796009853 0
383 0.01502289196060004 0.06391149978803556 0
384 0.004569385662025423 0.07633545305349138 0
385 0.02619641918681372 0.0708083281503 0
386 0.002744613409304791 0.06641633133754501 0
387 0.02374176894467458 0.08494433229381568 0
388 0.0231901314003553 0.0636000039025767 0
389 0.002059023707751363 0.06283816649090965 0
390 0.005477036451195901 0.06383379450089652 0
391 0.006635205450191264 0.06769260766890134 0
392 0.009904602830633338 0.06404443827437539 0
393 0.01148199844502022 0.06841930025887741 0
394 0.017618210491643 0.06923298181516402 0
395 0.01367782631200662 0.07340187865156755 0
396 0.01921923413271379 0.07506154696699707 0
397 0.01617423948349184 0.07829369672640918 0
398 0.01969846425460573 0.09666482176843388 0
399 0.008431727096981992 0.09179717925299177 0
400 0.02474992909266699 0.07678899184833637 0
401 0.02653201193123979 0.06637597560008734 0
402 0.01928571428571432 0.06545957830433385 0
403 0.02253590959972553 0.06788954202183567 0
404 0.00611449320542772 0.08355590933094537 0
405 0.003455067435429046 0.07050067368803403 0
406 0.015 0.2097337643280126 0
407 0.0080272388776578 0.07246865844836975 0
408 0.01626053546260467 0.113191492769696 0
409 0.02708728580917616 0.06291024122462219 0
410 0.01055294346451674 0.07788842891277042 0
411 0.02206394050071261 0.07195627816052663 0
412 0.015 0.1601740512130511 0
413 0.02031167182258214 0.08008055844564288 0
414 0.01544425559445372 0.08474970347958705 0
415 0.01928571428571432 0.06230925880360058 0
416 0.187326399459421 0.09659034775447095 0
417 0.04039144682440521 0.09308213280818045 0
418 0.1091206223740295 0.08083577944471665 0
419 0.03553474039814328 0.07766238505783496 0
420 0.05647881262582377 0.06771089729308652 0
421 0.07330479703171933 0.209733764328012 0
422 0.03642541801894875 0.06336923239903552 0
423 0.3018504542377638 0.2300000000000004 0
424 0.1729361219249647 0.3302113704250722 0
425 0.07826320940271456 0.1608043208624169 0
426 0.1171870373521079 0.186128494842377 0
427 0.11776170746959 0.1424649202998897 0
428 0.08192172430356973 0.1190978259149625 0
429 0.1607914965293534 0.1657702772327878 0
430 0.1595227013451953 0.2166836850303886 0
431 0.03476194700146185 0.07120212243187002 0
432 0.0405531346495541 0.07393634202530164 0
433 0.04757503537010965 0.065528206324418 0
434 0.2162514991324823 0.1941925765906619 0
435 0.03378987837445549 0.06630163168598871 0
436 0.08188946377617379 0.0769971477916834 0
437 0.2467609134995856 0.1088238232868217 0
438 0.042063718072997 0.08275967046354413 0
439 0.05284429746512798 0.08881173786996319 0
440 0.04927298722591325 0.0749266719486662 0
441 0.06308184108613926 0.07852362465092283 0
442 0.2580221612055508 0.3243468569202482 0
443 0.05187452590789096 0.1075863231046068 0
444 0.07886865009026869 0.2693747129581975 0
445 0.1417930717128959 0.08711338223216036 0
446 0.04058147919385272 0.06339329044673139 0
447 0.3179703057791157 0.1322759492382033 0
448 0.2075988175314774 0.2610969384305382 0
449 0.07051484331074009 0.0946693391703155 0
450 0.09521912322635685 0.3291244750608409 0
451 0.09208914339074177 0.09589236176580221 0
452 0.05441189192283505 0.1389624191968798 0
453 0.03303893865261615 0.06299383990722626 0
454 0.03822105855891378 0.06758214704135027 0
455 0.1380857504133658 0.2728960284933957 0
456 0.06889805302899746 0.06902943273862747 0
457 0.1547605502722627 0.1235794967317835 0
458 0.3334745230886629 0.3282027047173832 0
459 0.1143690883619318 0.2308849890553368 0
460 0.1162411365871816 0.1081639610648858 0
461 0.2643677678160825 0.1614985388090642 0
462 0.03526575161794329 0.08514470613280789 0
463 0.2044010764946251 0.1427377537046978 0
464 0.04324073899966868 0.0690733315572935 0
465 0.0257142857142857 0 0.00625000000000001
466 0.0214285714285714 0 0.006250000000000008
467 0.0171428571428571 0 0.00625000000000001
468 0.01285714285714281 0 0.00625000000000001
469 0.008571428571428539 0 0.006250000000000008
470 0.004285714285714278 0 0.006250000000000009
471 0.0257142857142857 0 0.01250000000000002
472 0.0214285714285714 0 0.01250000000000002
473 0.01714285714285711 0 0.01250000000000002
474 0.01285714285714281 0 0.01250000000000002
475 0.008571428571428542 0 0.01250000000000002
476 0.004285714285714271 0 0.01250000000000002
477 0.0257142857142857 0 0.01875000000000003
478 0.0214285714285714 0 0.01875000000000003
479 0.0171428571428571 0 0.01875000000000003
480 0.01285714285714281 0 0.01875000000000003
481 0.008571428571428542 0 0.01875000000000003
482 0.004285714285714275 0 0.01875000000000004
483 0.0257142857142857 0 0.02500000000000005
484 0.0214285714285714 0 0.02500000000000005
485 0.0171428571428571 0 0.02500000000000005
486 0.01285714285714281 0 0.02500000000000005
487 0.008571428571428542 0 0.02500000000000005
488 0.004285714285714268 0 0.02500000000000005
489 0.0257142857142857 0 0.03125000000000006
490 0.0214285714285714 0 0.03125000000000006
491 0.0171428571428571 0 0.03125000000000006
492 0.01285714285714281 0 0.03125000000000006
493 0.008571428571428539 0 0.03125000000000006
494 0.004285714285714271 0 0.03125000000000006
495 0.0257142857142857 0 0.03750000000000005
496 0.0214285714285714 0 0.03750000000000005
497 0.0171428571428571 0 0.03750000000000005
498 0.01285714285714281 0 0.03750000000000005
499 0.008571428571428542 0 0.03750000000000005
500 0.004285714285714268 0 0.03750000000000005
501 0.0257142857142857 0 0.04375000000000005
502 0.0214285714285714 0 0.04375000000000005
503 0.0171428571428571 0 0.04375000000000004
504 0.01285714285714281 0 0.04375000000000004
505 0.008571428571428542 0 0.04375000000000004
506 0.004285714285714275 0 0.04375000000000005
507 0.0257142857142857 0 0.05000000000000004
508 0.0214285714285714 0 0.05000000000000006
509 0.0171428571428571 0 0.05000000000000004
510 0.01285714285714281 0 0.05000000000000004
511 0.008571428571428542 0 0.05000000000000006
512 0.004285714285714271 0 0.05000000000000004
513 0.0257142857142857 0 0.05625000000000005
514 0.0214285714285714 0 0.05625000000000005
515 0.0171428571428571 0 0.05625000000000005
516 0.01285714285714281 0 0.05625000000000004
517 0.008571428571428542 0 0.05625000000000004
518 0.004285714285714271 0 0.05625000000000004
519 0.0257142857142857 0 0.06250000000000006
520 0.0214285714285714 0 0.06250000000000006
521 0.0171428571428571 0 0.06250000000000006
522 0.01285714285714281 0 0.06250000000000006
523 0.008571428571428542 0 0.06250000000000006
524 0.004285714285714271 0 0.06250000000000006
525 0.0257142857142857 0 0.06875000000000002
526 0.0214285714285714 0 0.06875000000000005
527 0.0171428571428571 0 0.06875000000000005
528 0.01285714285714281 0 0.06875000000000005
529 0.008571428571428542 0 0.06875000000000005
530 0.004285714285714271 0 0.06875000000000006
531 0.0257142857142857 0 0.07500000000000004
532 0.0214285714285714 0 0.07500000000000004
533 0.0171428571428571 0 0.07500000000000004
534 0.01285714285714281 0 0.07500000000000004
535 0.008571428571428539 0 0.07500000000000005
536 0.004285714285714275 0 0.07500000000000004
537 0.0257142857142857 0 0.08125000000000004
538 0.0214285714285714 0 0.08125000000000003
539 0.0171428571428571 0 0.08125000000000004
540 0.01285714285714281 0 0.08125000000000003
541 0.008571428571428542 0 0.08125000000000003
542 0.004285714285714268 0 0.08125000000000003
543 0.0257142857142857 0 0.08750000000000002
544 0.0214285714285714 0 0.08750000000000002
545 0.0171428571428571 0 0.08750000000000002
546 0.01285714285714281 0 0.08750000000000002
547 0.008571428571428542 0 0.08750000000000002
548 0.004285714285714275 0 0.08750000000000002
549 0.0257142857142857 0 0.09375000000000001
550 0.0214285714285714 0 0.09374999999999999
551 0.0171428571428571 0 0.09375000000000003
552 0.01285714285714281 0 0.09375
553 0.008571428571428542 0 0.09375000000000001
554 0.004285714285714275 0 0.09375000000000001
555 0 0.008571428571428594 0.00625000000000001
556 0 0.0171428571428572 0.006250000000000008
557 0 0.02571428571428579 0.006250000000000009
558 0 0.03428571428571438 0.00625000000000001
559 0 0.04285714285714292 0.006250000000000008
560 0 0.05142857142857144 0.006250000000000009
561 0 0.008571428571428594 0.01250000000000002
562 0 0.0171428571428572 0.01250000000000002
563 0 0.02571428571428579 0.01250000000000003
564 0 0.03428571428571438 0.01250000000000002
565 0 0.04285714285714291 0.01250000000000002
566 0 0.05142857142857146 0.01250000000000002
567 0 0.008571428571428594 0.01875000000000003
568 0 0.0171428571428572 0.01875000000000003
569 0 0.0257142857142858 0.01875000000000003
570 0 0.03428571428571438 0.01875000000000003
571 0 0.04285714285714291 0.01875000000000003
572 0 0.05142857142857145 0.01875000000000004
573 0 0.008571428571428594 0.02500000000000005
574 0 0.0171428571428572 0.02500000000000005
575 0 0.0257142857142858 0.02500000000000005
576 0 0.03428571428571438 0.02500000000000005
577 0 0.04285714285714291 0.02500000000000005
578 0 0.05142857142857146 0.02500000000000005
579 0 0.008571428571428594 0.03125000000000006
580 0 0.0171428571428572 0.03125000000000006
581 0 0.02571428571428579 0.03125000000000006
582 0 0.03428571428571438 0.03125000000000006
583 0 0.04285714285714292 0.03125000000000006
584 0 0.05142857142857146 0.03125000000000006
585 0 0.008571428571428596 0.03750000000000005
586 0 0.0171428571428572 0.03750000000000005
587 0 0.02571428571428579 0.03750000000000005
588 0 0.03428571428571438 0.03750000000000005
589 0 0.04285714285714291 0.03750000000000005
590 0 0.05142857142857146 0.03750000000000005
591 0 0.008571428571428594 0.04375000000000004
592 0 0.0171428571428572 0.04375000000000005
593 0 0.02571428571428579 0.04375000000000004
594 0 0.03428571428571438 0.04375000000000004
595 0 0.04285714285714291 0.04375000000000004
596 0 0.05142857142857145 0.04375000000000005
597 0 0.008571428571428594 0.05000000000000005
598 0 0.0171428571428572 0.05000000000000006
599 0 0.02571428571428579 0.05000000000000005
600 0 0.03428571428571438 0.05000000000000004
601 0 0.04285714285714291 0.05000000000000006
602 0 0.05142857142857146 0.05000000000000004
603 0 0.008571428571428594 0.05625000000000005
604 0 0.0171428571428572 0.05625000000000005
605 0 0.0257142857142858 0.05625000000000004
606 0 0.03428571428571438 0.05625000000000004
607 0 0.04285714285714291 0.05625000000000004
608 0 0.05142857142857146 0.05625000000000004
609 0 0.008571428571428594 0.06250000000000006
610 0 0.0171428571428572 0.06250000000000006
611 0 0.02571428571428579 0.06250000000000006
612 0 0.03428571428571438 0.06250000000000006
613 0 0.04285714285714291 0.06250000000000006
614 0 0.05142857142857146 0.06250000000000006
615 0 0.008571428571428594 0.06875000000000002
616 0 0.0171428571428572 0.06875000000000005
617 0 0.0257142857142858 0.06875000000000003
618 0 0.03428571428571438 0.06875000000000005
619 0 0.04285714285714291 0.06875000000000005
620 0 0.05142857142857146 0.06875000000000006
621 0 0.008571428571428596 0.07500000000000007
622 0 0.0171428571428572 0.07500000000000004
623 0 0.02571428571428579 0.07500000000000004
624 0 0.03428571428571438 0.07500000000000004
625 0 0.04285714285714292 0.07500000000000005
626 0 0.05142857142857145 0.07500000000000004
627 0 0.008571428571428594 0.08125000000000004
628 0 0.0171428571428572 0.08125000000000003
629 0 0.0257142857142858 0.08125000000000003
630 0 0.03428571428571438 0.08125000000000003
631 0 0.04285714285714291 0.08125000000000003
632 0 0.05142857142857146 0.08125000000000003
633 0 0.008571428571428594 0.08750000000000001
634 0 0.0171428571428572 0.08750000000000002
635 0 0.0257142857142858 0.08750000000000001
636 0 0.03428571428571438 0.08750000000000002
637 0 0.04285714285714291 0.08750000000000002
638 0 0.05142857142857145 0.08750000000000002
639 0 0.008571428571428593 0.09375000000000001
640 0 0.0171428571428572 0.09374999999999999
641 0 0.02571428571428579 0.09375
642 0 0.03428571428571437 0.09375
643 0 0.04285714285714291 0.09375000000000001
644 0 0.05142857142857145 0.09375000000000001
645 0.004285714285714297 0.06 0.00625000000000001
646 0.008571428571428598 0.06 0.006250000000000008
647 0.0128571428571429 0.06 0.006250000000000009
648 0.01714285714285719 0.06 0.00625000000000001
649 0.02142857142857146 0.06 0.006250000000000008
650 0.02571428571428572 0.06 0.006250000000000009
651 0.004285714285714297 0.06 0.01250000000000002
652 0.008571428571428598 0.06 0.01250000000000002
653 0.01285714285714289 0.06 0.01250000000000003
654 0.01714285714285719 0.06 0.01250000000000002
655 0.02142857142857146 0.06 0.01250000000000002
656 0.02571428571428573 0.06 0.01250000000000002
657 0.004285714285714297 0.06 0.01875000000000003
658 0.008571428571428598 0.06 0.01875000000000003
659 0.0128571428571429 0.06 0.01875000000000003
660 0.01714285714285719 0.06 0.01875000000000003
661 0.02142857142857146 0.06 0.01875000000000003
662 0.02571428571428572 0.06 0.01875000000000004
663 0.004285714285714297 0.06 0.02500000000000005
664 0.008571428571428598 0.06 0.02500000000000005
665 0.0128571428571429 0.06 0.02500000000000005
666 0.01714285714285719 0.06 0.02500000000000005
667 0.02142857142857146 0.06 0.02500000000000005
668 0.02571428571428573 0.06 0.02500000000000005
669 0.004285714285714297 0.06 0.03125000000000006
670 0.008571428571428598 0.06 0.03125000000000006
671 0.0128571428571429 0.06 0.03125000000000006
672 0.01714285714285719 0.06 0.03125000000000006
673 0.02142857142857146 0.06 0.03125000000000006
674 0.02571428571428573 0.06 0.03125000000000006
675 0.004285714285714298 0.06 0.03750000000000005
676 0.008571428571428598 0.06 0.03750000000000005
677 0.0128571428571429 0.06 0.03750000000000005
678 0.01714285714285719 0.06 0.03750000000000005
679 0.02142857142857146 0.06 0.03750000000000005
680 0.02571428571428573 0.06 0.03750000000000005
681 0.004285714285714297 0.06 0.04375000000000004
682 0.008571428571428598 0.06 0.04375000000000005
683 0.0128571428571429 0.06 0.04375000000000004
684 0.01714285714285719 0.06 0.04375000000000004
685 0.02142857142857146 0.06 0.04375000000000004
686 0.02571428571428572 0.06 0.04375000000000005
687 0.004285714285714297 0.06 0.05000000000000005
688 0.008571428571428598 0.06 0.05000000000000006
689 0.0128571428571429 0.06 0.05000000000000005
690 0.01714285714285719 0.06 0.05000000000000004
691 0.02142857142857146 0.06 0.05000000000000006
692 0.02571428571428573 0.06 0.05000000000000004
693 0.004285714285714297 0.06 0.05625000000000005
694 0.008571428571428598 0.06 0.05625000000000005
695 0.0128571428571429 0.06 0.05625000000000004
696 0.01714285714285719 0.06 0.05625000000000004
697 0.02142857142857146 0.06 0.05625000000000004
698 0.02571428571428573 0.06 0.05625000000000004
699 0.004285714285714297 0.06 0.06250000000000006
700 0.008571428571428598 0.06 0.06250000000000006
701 0.0128571428571429 0.06 0.06250000000000006
702 0.01714285714285719 0.06 0.06250000000000006
703 0.02142857142857146 0.06 0.06250000000000006
704 0.02571428571428573 0.06 0.06250000000000006
705 0.004285714285714297 0.06 0.06875000000000002
706 0.0085714285714286 0.06 0.06875000000000005
707 0.0128571428571429 0.06 0.06875000000000003
708 0.01714285714285719 0.06 0.06875000000000005
709 0.02142857142857146 0.06 0.06875000000000005
710 0.02571428571428573 0.06 0.06875000000000006
711 0.004285714285714298 0.06 0.07500000000000007
712 0.0085714285714286 0.06 0.07500000000000004
713 0.0128571428571429 0.06 0.07500000000000004
714 0.01714285714285719 0.06 0.07500000000000004
715 0.02142857142857146 0.06 0.07500000000000005
716 0.02571428571428572 0.06 0.07500000000000004
717 0.004285714285714297 0.06 0.08125000000000004
718 0.008571428571428598 0.06 0.08125000000000003
719 0.0128571428571429 0.06 0.08125000000000003
720 0.01714285714285719 0.06 0.08125000000000003
721 0.02142857142857146 0.06 0.08125000000000003
722 0.02571428571428573 0.06 0.08125000000000003
723 0.004285714285714297 0.06 0.08750000000000001
724 0.008571428571428598 0.06 0.08750000000000002
725 0.0128571428571429 0.06 0.08750000000000001
726 0.01714285714285719 0.06 0.08750000000000002
727 0.02142857142857146 0.06 0.08750000000000002
728 0.02571428571428572 0.06 0.08750000000000002
729 0.004285714285714296 0.06 0.09375000000000001
730 0.008571428571428598 0.06 0.09374999999999999
731 0.0128571428571429 0.06 0.09375
732 0.01714285714285719 0.06 0.09375
733 0.02142857142857146 0.06 0.09375000000000001
734 0.02571428571428572 0.06 0.09375000000000001
735 0.03 0.05142857142857141 0.00625000000000001
736 0.03 0.0428571428571428 0.006250000000000008
737 0.03 0.0342857142857142 0.00625000000000001
738 0.03 0.02571428571428562 0.00625000000000001
739 0.03 0.01714285714285708 0.006250000000000008
740 0.03 0.008571428571428556 0.006250000000000009
741 0.03 0.05142857142857141 0.01250000000000002
742 0.03 0.0428571428571428 0.01250000000000002
743 0.03 0.03428571428571421 0.01250000000000002
744 0.03 0.02571428571428562 0.01250000000000002
745 0.03 0.01714285714285708 0.01250000000000002
746 0.03 0.008571428571428542 0.01250000000000002
747 0.03 0.05142857142857141 0.01875000000000003
748 0.03 0.0428571428571428 0.01875000000000003
749 0.03 0.0342857142857142 0.01875000000000003
750 0.03 0.02571428571428562 0.01875000000000003
751 0.03 0.01714285714285708 0.01875000000000003
752 0.03 0.008571428571428549 0.01875000000000004
753 0.03 0.05142857142857141 0.02500000000000005
754 0.03 0.0428571428571428 0.02500000000000005
755 0.03 0.0342857142857142 0.02500000000000005
756 0.03 0.02571428571428562 0.02500000000000005
757 0.03 0.01714285714285708 0.02500000000000005
758 0.03 0.008571428571428535 0.02500000000000005
759 0.03 0.05142857142857141 0.03125000000000006
760 0.03 0.0428571428571428 0.03125000000000006
761 0.03 0.0342857142857142 0.03125000000000006
762 0.03 0.02571428571428562 0.03125000000000006
763 0.03 0.01714285714285708 0.03125000000000006
764 0.03 0.008571428571428542 0.03125000000000006
765 0.03 0.05142857142857141 0.03750000000000005
766 0.03 0.0428571428571428 0.03750000000000005
767 0.03 0.0342857142857142 0.03750000000000005
768 0.03 0.02571428571428561 0.03750000000000005
769 0.03 0.01714285714285708 0.03750000000000005
770 0.03 0.008571428571428535 0.03750000000000005
771 0.03 0.05142857142857141 0.04375000000000005
772 0.03 0.0428571428571428 0.04375000000000005
773 0.03 0.0342857142857142 0.04375000000000004
774 0.03 0.02571428571428562 0.04375000000000004
775 0.03 0.01714285714285708 0.04375000000000004
776 0.03 0.008571428571428549 0.04375000000000005
777 0.03 0.05142857142857141 0.05000000000000004
778 0.03 0.0428571428571428 0.05000000000000006
779 0.03 0.0342857142857142 0.05000000000000004
780 0.03 0.02571428571428562 0.05000000000000004
781 0.03 0.01714285714285708 0.05000000000000006
782 0.03 0.008571428571428542 0.05000000000000004
783 0.03 0.05142857142857141 0.05625000000000005
784 0.03 0.0428571428571428 0.05625000000000005
785 0.03 0.0342857142857142 0.05625000000000005
786 0.03 0.02571428571428562 0.05625000000000004
787 0.03 0.01714285714285708 0.05625000000000004
788 0.03 0.008571428571428542 0.05625000000000004
789 0.03 0.05142857142857141 0.06250000000000006
790 0.03 0.0428571428571428 0.06250000000000006
791 0.03 0.0342857142857142 0.06250000000000006
792 0.03 0.02571428571428562 0.06250000000000006
793 0.03 0.01714285714285708 0.06250000000000006
794 0.03 0.008571428571428542 0.06250000000000006
795 0.03 0.05142857142857141 0.06875000000000002
796 0.03 0.0428571428571428 0.06875000000000005
797 0.03 0.0342857142857142 0.06875000000000005
798 0.03 0.02571428571428562 0.06875000000000005
799 0.03 0.01714285714285708 0.06875000000000005
800 0.03 0.008571428571428542 0.06875000000000006
801 0.03 0.05142857142857141 0.07500000000000004
802 0.03 0.0428571428571428 0.07500000000000004
803 0.03 0.0342857142857142 0.07500000000000004
804 0.03 0.02571428571428561 0.07500000000000004
805 0.03 0.01714285714285708 0.07500000000000005
806 0.03 0.008571428571428549 0.07500000000000004
807 0.03 0.05142857142857141 0.08125000000000004
808 0.03 0.0428571428571428 0.08125000000000003
809 0.03 0.0342857142857142 0.08125000000000004
810 0.03 0.02571428571428562 0.08125000000000003
811 0.03 0.01714285714285708 0.08125000000000003
812 0.03 0.008571428571428535 0.08125000000000003
813 0.03 0.0514285714285714 0.08750000000000002
814 0.03 0.0428571428571428 0.08750000000000002
815 0.03 0.0342857142857142 0.08750000000000002
816 0.03 0.02571428571428562 0.08750000000000002
817 0.03 0.01714285714285708 0.08750000000000002
818 0.03 0.008571428571428549 0.08750000000000002
819 0.03 0.05142857142857141 0.09375000000000001
820 0.03 0.0428571428571428 0.09374999999999999
821 0.03 0.0342857142857142 0.09375000000000003
822 0.03 0.02571428571428563 0.09375
823 0.03 0.01714285714285708 0.09375000000000001
824 0.03 0.008571428571428549 0.09375000000000001
825 0.0257142857142857 0.008571428571428553 0.1
826 0.02571428571428571 0.0171428571428571 0.1
827 0.02571428571428572 0.02571428571428564 0.1
828 0.02571428571428572 0.03428571428571422 0.1
829 0.02571428571428572 0.04285714285714282 0.1
830 0.02571428571428572 0.05142857142857141 0.1
831 0.02142857142857141 0.008571428571428556 0.1
832 0.02142857142857142 0.01714285714285711 0.1
833 0.02142857142857143 0.02571428571428567 0.1
834 0.02142857142857143 0.03428571428571425 0.1
835 0.02142857142857144 0.04285714285714283 0.1
836 0.02142857142857145 0.05142857142857142 0.1
837 0.01714285714285711 0.008571428571428567 0.1
838 0.01714285714285713 0.01714285714285713 0.1
839 0.01714285714285714 0.0257142857142857 0.1
840 0.01714285714285715 0.03428571428571428 0.1
841 0.01714285714285716 0.04285714285714284 0.1
842 0.01714285714285717 0.05142857142857142 0.1
843 0.01285714285714282 0.008571428571428574 0.1
844 0.01285714285714283 0.01714285714285714 0.1
845 0.01285714285714285 0.02571428571428572 0.1
846 0.01285714285714286 0.0342857142857143 0.1
847 0.01285714285714287 0.04285714285714286 0.1
848 0.01285714285714289 0.05142857142857143 0.1
849 0.008571428571428549 0.008571428571428577 0.1
850 0.008571428571428556 0.01714285714285716 0.1
851 0.008571428571428565 0.02571428571428575 0.1
852 0.008571428571428574 0.03428571428571433 0.1
853 0.008571428571428581 0.04285714285714288 0.1
854 0.008571428571428589 0.05142857142857143 0.1
855 0.004285714285714276 0.008571428571428587 0.1
856 0.004285714285714275 0.01714285714285718 0.1
857 0.004285714285714283 0.02571428571428577 0.1
858 0.004285714285714285 0.03428571428571436 0.1
859 0.004285714285714289 0.0428571428571429 0.1
860 0.004285714285714289 0.05142857142857146 0.1
861 0.03547130305211132 0 0.0464291051060787
862 0.03541265877365273 0 0.06562500000000004
863 0.03574731718817892 0 0.02818826171364321
864 0.08622075651364056 0 0.08499809872007393
865 0.06715516948215984 0 0.01140335048645681
866 0.05614805117263052 0 0.09239637246753703
867 0.03535102681264758 0 0.0156413729783229
868 0.03493662344434104 0 0.07932623332585551
869 0.04146544876967956 0 0.09547188392582413
870 0.110455826664613 0 0.0204011666591348
871 0.04725470465587319 0 0.004606537082984128
872 0.144086378822216 0 0.07081197621617807
873 0.03671809495937346 0 0.003697792259033072
874 0.1954723240975837 0 0.04247064790978286
875 0.03436161654750405 0 0.09076998617900617
876 0.1155142100914424 0 0.07039888142540088
877 0.08915319904002827 0 0.02254203411065681
878 0.0989594318315476 0 0.03876002956952473
879 0.07966507944758301 0 0.03945519669673916
880 0.08809943415662597 0 0.05525274219587396
881 0.06876348965304219 0 0.05194885700066823
882 0.0623721145010378 0 0.03966363262419217
883 0.05481355856372555 0 0.05427538267298965
884 0.06170473258704132 0 0.06420466929612691
885 0.05003913541507257 0 0.04017598594248407
886 0.05517886373705048 0 0.03023051068801911
887 0.05006055857707445 0 0.06323886628315067
888 0.05427979464125311 0 0.07300281889718427
889 0.06561368026960203 0 0.07572447736621038
890 0.0440927070964597 0 0.05528685578665432
891 0.04374610631919426 0 0.07139337237752191
892 0.04774583300221699 0 0.0808082763304578
893 0.1231377852711498 0 0.04525204807609078
894 0.2444190741148074 0 0.04849412958195658
895 0.06946023039519282 0 0.02630870521812529
896 0.06889805302899751 0 0.08953600072172235
897 0.03509826757219843 0 0.00904102097082523
898 0.04017672533327389 0 0.01238525060929844
899 0.04095409672091511 0 0.01879981001624999
900 0.04664201809247608 0 0.01553750238556237
901 0.0435998021110129 0 0.03149979652691823
902 0.05809387717311069 0 0.00961090393370413
903 0.04736564557694019 0 0.02360385424037088
904 0.04769410011547728 0 0.09424300710747435
905 0.04342324708903696 0 0.08968099480461894
906 0.03900662496949909 0 0.08487030259106207
907 0.03674358427684775 0 0.09594112993258309
908 0.05722373743505645 0 0.08247393563901431
909 0.05645332002716794 0 0.01820333169562034
910 0.04132704141784318 0 0.003873169024444439
911 0.03546732311648008 0 0.02189657411803603
912 0.04076975447034487 0 0.03984354057888705
913 0.07754866880997667 0 0.06847155590905506
914 0.1560349655013603 0 0.04159355576999503
915 0.0358461201002255 0 0.0348177664699081
916 0.03596507942503861 0 0.07317146622677878
917 0.03608243276911988 0 0.05921447596444244
918 0.03632427581405592 0 0.05229094712412792
919 0.05031153008004183 0 0.0878100686682704
920 0.09596077110758072 0 0.06993261337900555
921 0.0418788927071002 0 0.06295171408235388
922 0.04075149797713884 0 0.02500000000000005
923 0.3474213495606312 0 0.05
924 0.135560267016311 0 0.02144935410104412
925 0.03441743552453634 0 0.04046808243097479
926 0.04238492430428564 0 0.04667646061043008
927 0.1036923283604569 0 0.08506591870489606
928 0.040280053432058 0 0.07791393017033521
929 0.1755558847259085 0 0.07097523597919118
930 0.1043343264916693 0 0.05591926292917918
931 0.03284436438622857 0 0.003484134712250005
932 0.03293049375641496 0 0.09631587373022704
933 0.04387997205269886 0 0.008733879223313808
934 0.07457028965555419 0 0.07968253317926544
935 0.07964202238893241 0 0.01205081796304778
936 0.03944002026707757 0 0.007546222417382998
937 0.03366097299226883 0 0.08474330441918476
938 0.04947490862705028 0 0.04826814863229376
939 0.05127743573324546 0 0.0107284949171038
940 0.03903859446254217 0 0.09222195186778992
941 0.05391672856277538 0 0.004989187186758411
942 0.05657912775380883 0 0.04591602918238769
943 0.4 0.03 0.05
944 0.03547130305211132 0.06 0.04642910510607869
945 0.03541265877365273 0.06 0.06562500000000004
946 0.03574731718817892 0.06 0.02818826171364321
947 0.08622075651364056 0.06 0.08499809872007393
948 0.06715516948215984 0.06 0.01140335048645681
949 0.05614805117263053 0.06 0.09239637246753703
950 0.03535102681264758 0.06 0.0156413729783229
951 0.03493662344434104 0.06 0.07932623332585551
952 0.04146544876967959 0.06 0.09547188392582409
953 0.110455826664613 0.06 0.0204011666591348
954 0.04725470465587319 0.06 0.004606537082984128
955 0.144086378822216 0.06 0.07081197621617807
956 0.03671809495937346 0.06 0.003697792259033072
957 0.1954723240975837 0.06 0.04247064790978286
958 0.03436161654750407 0.06 0.09076998617900614
959 0.1155142100914424 0.06 0.07039888142540088
960 0.08915319904002827 0.06 0.02254203411065681
961 0.0989594318315476 0.06 0.03876002956952473
962 0.07966507944758301 0.06 0.03945519669673917
963 0.08809943415662597 0.06 0.05525274219587396
964 0.06876348965304219 0.06 0.05194885700066823
965 0.0623721145010378 0.06 0.03966363262419217
966 0.05481355856372554 0.06 0.05427538267298966
967 0.06170473258704133 0.06 0.06420466929612691
968 0.05003913541507256 0.06 0.04017598594248407
969 0.05517886373705048 0.06 0.03023051068801911
970 0.05006055857707444 0.06 0.06323886628315067
971 0.05427979464125311 0.06 0.07300281889718428
972 0.06561368026960201 0.06 0.07572447736621039
973 0.0440927070964597 0.06 0.05528685578665432
974 0.04374610631919426 0.06 0.07139337237752189
975 0.04774583300221701 0.06 0.08080827633045777
976 0.1231377852711498 0.06 0.04525204807609078
977 0.2444190741148074 0.06 0.04849412958195658
978 0.06946023039519282 0.06 0.0263087052181253
979 0.06889805302899751 0.06 0.08953600072172235
980 0.03509826757219843 0.06 0.00904102097082523
981 0.04017672533327389 0.06 0.01238525060929844
982 0.04095409672091511 0.06 0.01879981001624999
983 0.04664201809247608 0.06 0.01553750238556238
984 0.0435998021110129 0.06 0.03149979652691823
985 0.05809387717311069 0.06 0.00961090393370413
986 0.04736564557694019 0.06 0.02360385424037088
987 0.0476941001154773 0.06 0.09424300710747435
988 0.043423247089037 0.06 0.08968099480461894
989 0.03900662496949912 0.06 0.08487030259106207
990 0.03674358427684778 0.06 0.09594112993258304
991 0.05722373743505646 0.06 0.08247393563901428
992 0.05645332002716794 0.06 0.01820333169562034
993 0.04132704141784318 0.06 0.003873169024444439
994 0.03546732311648008 0.06 0.02189657411803603
995 0.04076975447034488 0.06 0.03984354057888704
996 0.07754866880997667 0.06 0.06847155590905507
997 0.1560349655013603 0.06 0.04159355576999503
998 0.0358461201002255 0.06 0.0348177664699081
999 0.03596507942503861 0.06 0.07317146622677875
1000 0.03608243276911988 0.06 0.05921447596444244
1001 0.03632427581405592 0.06 0.05229094712412792
1002 0.05031153008004187 0.06 0.08781006866827043
1003 0.09596077110758074 0.06 0.06993261337900555
1004 0.0418788927071002 0.06 0.06295171408235388
1005 0.04075149797713884 0.06 0.02500000000000005
1006 0.3474213495606312 0.06 0.05
1007 0.135560267016311 0.06 0.02144935410104412
1008 0.03441743552453634 0.06 0.04046808243097478
1009 0.04238492430428564 0.06 0.04667646061043006
1010 0.1036923283604569 0.06 0.08506591870489606
1011 0.04028005343205801 0.06 0.0779139301703352
1012 0.1755558847259085 0.06 0.07097523597919118
1013 0.1043343264916693 0.06 0.05591926292917918
1014 0.03284436438622857 0.06 0.003484134712250005
1015 0.03293049375641496 0.06 0.09631587373022704
1016 0.04387997205269886 0.06 0.008733879223313808
1017 0.07457028965555419 0.06 0.07968253317926544
1018 0.07964202238893239 0.06 0.01205081796304778
1019 0.03944002026707757 0.06 0.007546222417382998
1020 0.03366097299226885 0.06 0.08474330441918476
1021 0.04947490862705027 0.06 0.04826814863229377
1022 0.05127743573324546 0.06 0.01072849491710379
1023 0.03903859446254226 0.06 0.09222195186778975
1024 0.05391672856277538 0.06 0.00498918718675841
1025 0.0565791277538088 0.06 0.0459160291823877
1026 0.03770114546518241 0.03064007261945967 0.1
1027 0.06890251474768322 0.01049385694434726 0.1
1028 0.05543509241374686 0.05327181587983884 0.1
1029 0.04709518474922891 0.005252512110930564 0.1
1030 0.04119161255103262 0.05603663979690202 0.1
1031 0.0873121150167889 0.04559366705600022 0.1
1032 0.1055531881004983 0.02219981867773829 0.1
1033 0.03719860636293426 0.01361963460225252 0.1
1034 0.03548634419149255 0.003353688761037553 0.1
1035 0.03716341773755941 0.04628681386954113 0.1
1036 0.08882082350347489 0.01973524376967361 0.1
1037 0.1485989273336199 0.03105672640971615 0.1
1038 0.07064628216510419 0.04480957237361265 0.1
1039 0.05817929919172149 0.01146434241053415 0.1
1040 0.06316046067829736 0.02035308765653689 0.1
1041 0.05297288771345129 0.01990148830902274 0.1
1042 0.05736567673865098 0.02919940783592281 0.1
1043 0.06814628381053653 0.03009731811326862 0.1
1044 0.03736558420084771 0.03861027642811733 0.1
1045 0.04396410560128713 0.04245554190459793 0.1
1046 0.04711349184782382 0.05483898966069451 0.1
1047 0.1054885066141668 0.04285285671186603 0.1
1048 0.03776997886489561 0.02214582608219058 0.1
1049 0.3474213495606312 0.03 0.1
1050 0.04677332978902699 0.02771072985947959 0.1
1051 0.03545092876567002 0.05658144925513644 0.1
1052 0.04110252267096628 0.004191027181656905 0.1
1053 0.05160785808553228 0.03748804505149476 0.1
1054 0.06104321540370489 0.03729302746104984 0.1
1055 0.07436469109618771 0.02065343104630576 0.1
1056 0.08073914282692016 0.03231208807300361 0.1
1057 0.04443272660461497 0.01714031443136054 0.1
1058 0.1888805728212585 0.03005501491095982 0.1
1059 0.04302357568003887 0.04984771527944144 0.1
1060 0.04297411647422625 0.01004903907833614 0.1
1061 0.04995408895732262 0.04721910414785483 0.1
1062 0.04990397447364117 0.0115812787891251 0.1
1063 0.2566557616191134 0.03 0.1
1064 0.08054755633315894 0.01078004696239734 0.1
1065 0.04368001983247743 0.03538555583676573 0.1
1066 0.03735231793992386 0.007956963638942331 0.1
1067 0.1235187914549257 0.03500797661259906 0.1
1068 0.03828372326153839 0.05202348430534524 0.1
1069 0.06489697978196873 0.05221095489392801 0.1
1070 0.09358275521236983 0.03253873485765636 0.1
1071 0.05376963210860394 0.005679976394566476 0.1
1072 0.05893058613456328 0.04538208663462982 0.1
1073 0 0.06467173145603461 0.03500000000000022
1074 0 0.06541265877365277 0.05312500000000004
1075 0 0.06549860413768904 0.07189202885824726
1076 0 0.076333576191356 0.005786821782598133
1077 0 0.06541265877365271 0.08437500000000003
1078 0 0.0851592206869568 0.09256707214203141
1079 0 0.06455111159634574 0.0214956406304089
1080 0 0.09609091542872561 0.01307115675579519
1081 0 0.1262159690933853 0.07466193308730237
1082 0 0.07071829786992678 0.0961347480072844
1083 0 0.06717479346783006 0.003660689816385229
1084 0 0.1615487701666801 0.03054411652932328
1085 0 0.208570298154244 0.07148339357956636
1086 0 0.2577943219966653 0.0564632794165592
1087 0 0.1314005508761941 0.03079076952899006
1088 0 0.06641633133754499 0.09725538659069521
1089 0 0.06764261010618272 0.09270405524490316
1090 0 0.07254120628604888 0.09055873629041802
1091 0 0.06525327703022255 0.008686820891619108
1092 0 0.08449367849853645 0.006585319059723392
1093 0 0.08065774561809036 0.01593663974206082
1094 0 0.08871299121124621 0.0278781442049631
1095 0 0.06282402193886227 0.09755488145068744
1096 0 0.1666862893748957 0.06874438327537052
1097 0 0.1059619138180771 0.02929271477463614
1098 0 0.09566770395633767 0.043419904170166
1099 0 0.0819123257503106 0.03928468276807284
1100 0 0.08417429467536558 0.05465424908442846
1101 0 0.1027857127589461 0.0614955636140346
1102 0 0.08964955975279248 0.07029211212786564
1103 0 0.07779475576261219 0.06731690042368758
1104 0 0.07943173637477707 0.07805635789608777
1105 0 0.1165409347634864 0.0488967627877873
1106 0 0.07691307472428827 0.02811711164452368
1107 0 0.06315372000173475 0.003099585118000724
1108 0 0.07055741820770367 0.006801562650058582
1109 0 0.07169081937590827 0.01213584136973017
1110 0 0.06538374851289186 0.07817507404049646
1111 0 0.06436219064371984 0.06625340577164922
1112 0 0.07195596784692176 0.07471636097139152
1113 0 0.06543901271677044 0.05967341757651536
1114 0 0.07282781611744671 0.05815882451064489
1115 0 0.07669354609031798 0.09467682545080608
1116 0 0.1041322630278749 0.07885589734912316
1117 0 0.08829440212070594 0.08252930947550299
1118 0 0.09431971770445136 0.09079045579333152
1119 0 0.0672740921098714 0.02833442220385402
1120 0 0.06481436040326527 0.04658667599584788
1121 0 0.06541265877365188 0.04062500000000004
1122 0 0.06419936536290755 0.09418734067033098
1123 0 0.07914123059085165 0.08708268431077959
1124 0 0.0724824060700886 0.08381713942306727
1125 0 0.2006194439212218 0.03000985481998445
1126 0 0.1404785028549283 0.05072759304175471
1127 0 0.3471019558162682 0.05033648893255722
1128 0 0.119652334367598 0.01355134901154382
1129 0 0.06562409921033968 0.01559108434063376
1130 0 0.0642580385324158 0.0899647846620783
1131 0 0.06859478346755316 0.08805474219875972
1132 0 0.06964639120419336 0.06633515635202264
1133 0 0.07157172788052973 0.03613243276594834
1134 0 0.0716723990858773 0.0201262916740635
1135 0 0.07104272863829864 0.003154709264928363
1136 0 0.07257306111096773 0.04650819684355227
1137 0.03 0.06541265877365274 0.04687500000000005
1138 0.03 0.06541265877365274 0.06562500000000004
1139 0.03 0.06553501390988722 0.02812500000000005
1140 0.03 0.09573473634033208 0.009601100338649481
1141 0.03 0.09733093197648141 0.08969019028539373
1142 0.03 0.07664049122344063 0.09492627776555641
1143 0.03 0.06552277058505632 0.01534475005432146
1144 0.03 0.06622286946620708 0.07807188330426153
1145 0.03 0.07621503546812596 0.005892430687093894
1146 0.03 0.1504718626721247 0.04140960598695122
1147 0.03 0.06703739770045881 0.09622108215239078
1148 0.03 0.06649403914956639 0.003495733746698066
1149 0.03 0.2130491838294038 0.05043641685427111
1150 0.03 0.08440920821429632 0.007464954486991631
1151 0.03 0.08715662761435394 0.01847329298971619
1152 0.03 0.09971247677850002 0.02236779830656773
1153 0.03 0.08942472986096953 0.03054823932052958
1154 0.03 0.1043597933448497 0.03584215654902796
1155 0.03 0.08964977008956916 0.0448187911530472
1156 0.03 0.1071740211006861 0.05088208009741826
1157 0.03 0.09256930982129277 0.06023404466233601
1158 0.03 0.1082322882103049 0.06881909457206765
1159 0.03 0.07941580829388938 0.05563750195049398
1160 0.03 0.07997098334630959 0.06780343141004196
1161 0.03 0.07739122693131077 0.04408620900533518
1162 0.03 0.09187899137397473 0.07330484674230578
1163 0.03 0.08102552040116706 0.07772697670304501
1164 0.03 0.07753019028632062 0.02505273169318556
1165 0.03 0.1147720857949905 0.02656830171025771
1166 0.03 0.1299103173395742 0.05887196169395029
1167 0.03 0.08761449783685687 0.09072985518063062
1168 0.03 0.2737591413907755 0.05007273614237851
1169 0.03 0.06507901485303227 0.0913047140385633
1170 0.03 0.1536618130512065 0.07848896655522757
1171 0.03 0.07363844744252844 0.07373266227898005
1172 0.03 0.0779394958274597 0.01440443489861385
1173 0.03 0.0710516368138405 0.0106675595056743
1174 0.03 0.07253660556935643 0.08142569912334612
1175 0.03 0.06545736826829623 0.02182829167572028
1176 0.03 0.07138781601907437 0.01871629463791925
1177 0.03 0.07060603318792757 0.004455973064719232
1178 0.03 0.06511191455680308 0.008849345438456009
1179 0.03 0.06541265877365274 0.08437500000000006
1180 0.03 0.07088312329348689 0.09291191611755222
1181 0.03 0.06580204429677541 0.0345319305433226
1182 0.03 0.07200203702174143 0.03091285293024227
1183 0.03 0.06554389800444763 0.05937500000000004
1184 0.03 0.07194241853754793 0.06224015556008933
1185 0.03 0.06560939521764723 0.07179479747225716
1186 0.03 0.06557582604127904 0.05312500000000002
1187 0.03 0.07162828243603961 0.05000000000000004
1188 0.03 0.07877058310514312 0.08775401725676246
1189 0.03 0.06551799274794363 0.04071841103769204
1190 0.03 0.07082543433347292 0.02500000000000006
1191 0.03 0.3479331105119215 0.05000378676293099
1192 0.03 0.1121188801906321 0.08600152710656146
1193 0.03 0.1101621748165137 0.01160620211793591
1194 0.03 0.069932310893404 0.08750000000000006
1195 0.03 0.07993694668188858 0.03466883573089609
1196 0.03 0.07082124666264071 0.05607553150211669
1197 0.03 0.07230526151856756 0.03844158325993529
1198 0.03 0.06271626868563465 0.003412653622362522
1199 0.03 0.1016414728242391 0.07927588377493393
1200 0.03 0.06333832783478759 0.09625515923819082
1201 0.03 0.0708868288806393 0.06848939252258865
1202 0.03 0.08913392889338968 0.08250466999208395
1203 0.03 0.07091953326100842 0.09688783752417351
1204 0.03 0.177502210257587 0.05679751646794794
1205 0.03 0.1350661804060297 0.01946921591123248
1206 0.03 0.07037783622695397 0.04394588618613753
1207 0.03 0.06831590592703439 0.006867152938886901
1208 0.03 0.1247804595212599 0.03838073422788549
1209 0.03 0.08272869362583123 0.09463680337740603
1210 0.03 0.1287078785065222 0.07743934377212085
1211 0.01502289196060004 0.06391149978803556 0.1
1212 0.004569385662025423 0.07633545305349138 0.1
1213 0.02619641918681372 0.0708083281503 0.1
1214 0.002744613409304791 0.06641633133754501 0.1
1215 0.02374176894467458 0.08494433229381568 0.1
1216 0.0231901314003553 0.0636000039025767 0.1
1217 0.002059023707751363 0.06283816649090965 0.1
1218 0.005477036451195901 0.06383379450089652 0.1
1219 0.006635205450191264 0.06769260766890134 0.1
1220 0.009904602830633338 0.06404443827437539 0.1
1221 0.01148199844502022 0.06841930025887741 0.1
1222 0.017618210491643 0.06923298181516402 0.1
1223 0.01367782631200662 0.07340187865156755 0.1
1224 0.01921923413271379 0.07506154696699707 0.1
1225 0.01617423948349184 0.07829369672640918 0.1
1226 0.01969846425460573 0.09666482176843388 0.1
1227 0.008431727096981992 0.09179717925299177 0.1
1228 0.02474992909266699 0.07678899184833637 0.1
1229 0.02653201193123979 0.06637597560008734 0.1
1230 0.01928571428571432 0.06545957830433385 0.1
1231 0.02253590959972553 0.06788954202183567 0.1
1232 0.00611449320542772 0.08355590933094537 0.1
1233 0.003455067435429046 0.07050067368803403 0.1
1234 0.015 0.2097337643280126 0.1
1235 0.0080272388776578 0.07246865844836975 0.1
1236 0.01626053546260467 0.113191492769696 0.1
1237 0.02708728580917616 0.06291024122462219 0.1
1238 0.01055294346451674 0.07788842891277042 0.1
1239 0.02206394050071261 0.07195627816052663 0.1
1240 0.015 0.1601740512130511 0.1
1241 0.02031167182258214 0.08008055844564288 0.1
1242 0.01544425559445372 0.08474970347958705 0.1
1243 0.01928571428571432 0.06230925880360058 0.1
1244 0.08106570179092054 0.4 0.05000000000000001
1245 0.16875 0.4 0.05
1246 0.26125 0.4 0.05000000000000001
1247 0.3489342982090796 0.4 0.05000000000000001
1248 0.4 0.2300000000000004 0.05
1249 0.4 0.1166666666666668 0.05
1250 0.4 0.3433333333333337 0.05
1251 0.187326399459421 0.09659034775447095 0.1
1252 0.04039144682440521 0.09308213280818045 0.1
1253 0.1091206223740295 0.08083577944471665 0.1
1254 0.03553474039814328 0.07766238505783496 0.1
1255 0.05647881262582377 0.06771089729308652 0.1
1256 0.07330479703171933 0.209733764328012 0.1
1257 0.03642541801894897 0.06336923239903558 0.1
1258 0.3018504542377638 0.2300000000000004 0.1
1259 0.1729361219249647 0.3302113704250722 0.1
1260 0.07826320940271456 0.1608043208624169 0.1
1261 0.1171870373521079 0.186128494842377 0.1
1262 0.11776170746959 0.1424649202998897 0.1
1263 0.08192172430356973 0.1190978259149625 0.1
1264 0.1607914965293534 0.1657702772327878 0.1
1265 0.1595227013451953 0.2166836850303886 0.1
1266 0.03476194700146198 0.07120212243187005 0.1
1267 0.04055313464955432 0.0739363420253015 0.1
1268 0.04757503537010965 0.065528206324418 0.1
1269 0.2162514991324823 0.1941925765906619 0.1
1270 0.03378987837445571 0.06630163168598879 0.1
1271 0.08188946377617379 0.0769971477916834 0.1
1272 0.2467609134995856 0.1088238232868217 0.1
1273 0.042063718072997 0.0827596704635441 0.1
1274 0.05284429746512798 0.08881173786996319 0.1
1275 0.04927298722591331 0.07492667194866598 0.1
1276 0.06308184108613926 0.0785236246509228 0.1
1277 0.2580221612055508 0.3243468569202482 0.1
1278 0.05187452590789096 0.1075863231046068 0.1
1279 0.07886865009026869 0.2693747129581975 0.1
1280 0.1417930717128959 0.08711338223216036 0.1
1281 0.04058147919385297 0.063393290446731 0.1
1282 0.3179703057791157 0.1322759492382033 0.1
1283 0.2075988175314774 0.2610969384305382 0.1
1284 0.07051484331074009 0.0946693391703155 0.1
1285 0.09521912322635685 0.3291244750608409 0.1
1286 0.09208914339074177 0.09589236176580221 0.1
1287 0.05441189192283505 0.1389624191968798 0.1
1288 0.03303893865261626 0.06299383990722635 0.1
1289 0.03822105855891403 0.06758214704135002 0.1
1290 0.1380857504133658 0.2728960284933957 0.1
1291 0.06889805302899746 0.06902943273862747 0.1
1292 0.1547605502722627 0.1235794967317835 0.1
1293 0.3334745230886629 0.3282027047173832 0.1
1294 0.1143690883619318 0.2308849890553368 0.1
1295 0.1162411365871816 0.1081639610648858 0.1
1296 0.2643677678160825 0.1614985388090642 0.1
1297 0.03526575161794329 0.08514470613280789 0.1
1298 0.2044010764946251 0.1427377537046978 0.1
1299 0.04324073899966885 0.06907333155729331 0.1
1300 0.01499999999999995 0 0.1037115374447904
1301 0.0249585195560445 0 0.1158028728462472
1302 0.00433070277097955 0 0.1156389850376741
1303 0.003140087895293048 0 0.1060994026105078
1304 0.02675088156618526 0 0.1061623795356398
1305 0.02100240443210673 0 0.1344150894360092
1306 0.01284570415360006 0 0.1506773250998793
1307 0.02055739075149907 0 0.125684144333187
1308 0.01300991767270476 0 0.1293222602203697
1309 0.01428578519272679 0 0.1202438404147556
1310 0.006364236392008994 0 0.1230630215686396
1311 0.01284397307660962 0 0.1141842953922829
1312 0.01456914083072001 0 0.1655685868349513
1313 0.003058583818062448 0 0.1096999752416436
1314 0.00697171897384596 0 0.1077264404905107
1315 0.02628222535954212 0 0.1104089447202785
1316 0.02318921105627735 0 0.1078717840883263
1317 0.02330743781175632 0 0.1035235015599981
1318 0.01938656305583018 0 0.1057576853429348
1319 0.01922308647088255 0 0.1098212530389335
1320 0.006683256428507072 0 0.1035365377869219
1321 0.01023137213784297 0 0.1056075159916949
1322 0.015 0 0.2870651187597185
1323 0.02255094279577217 0 0.1118287216976014
1324 0.0186140771701674 0 0.1147392964826514
1325 0.015 0 0.2349403588461858
1326 0.015 0 0.1969628312784964
1327 0.01211583206811063 0 0.1392732389586396
1328 0.002835061921684631 0 0.1028361245263229
1329 0.02714339851742448 0 0.1028615533108835
1330 0.008204558370252926 0 0.1122586592322171
1331 0.01632864103561789 0 0.1075723473849173
1332 0.01254801731050376 0 0.109039874175283
1333 0.00583542288441026 0 0.1340087336103369
1334 0.02094057077997457 0 0.1195872870975129
1335 0.02119278813076348 0 0.1445260841983826
1336 0.01582649352831261 0 0.1112658089763364
1337 0.01071428571428567 0 0.1024151161071006
1338 0.009404460708677655 0 0.1172143257246938
1339 0.02560539349483821 0 0.1222012890177727
1340 0.01927722084602473 0 0.1023779524953519
1341 0 0.03000000000000009 0.1074230748895809
1342 0 0.007846901108275716 0.1344746205973211
1343 0 0.05359709898387557 0.1228565605369196
1344 0 0.004918868976213732 0.1159489114040867
1345 0 0.0466624237360325 0.1501685530065159
1346 0 0.05670398008473233 0.1107733056989288
1347 0 0.01672343548427782 0.169245145358038
1348 0 0.01348831735524947 0.1065154420212637
1349 0 0.00331141441885155 0.104916591260956
1350 0 0.03735516061326011 0.1991203496224712
1351 0 0.04722881768040517 0.1063959815396839
1352 0 0.02955680943568416 0.2290766192364385
1353 0 0.01647819234542429 0.1531909411184548
1354 0 0.04607075364798868 0.1651228980738122
1355 0 0.04615262330939929 0.1365447713280227
1356 0 0.03584857097438448 0.142212376297772
1357 0 0.03572774198051157 0.1301928943509824
1358 0 0.0259908041589581 0.1348958165537142
1359 0 0.02635404872696474 0.1241465633718708
1360 0 0.03643553490743083 0.1174844825671353
1361 0 0.006569717041907028 0.1237448474024488
1362 0 0.01206138978069748 0.1186234599969652
1363 0 0.05570516023199005 0.1152109867529978
1364 0 0.04734332625152836 0.117693386949332
1365 0 0.02148917108542872 0.1069186617301254
1366 0 0.03848775741209195 0.1073747673232144
1367 0 0.05569005882446694 0.1059810076821358
1368 0 0.004191642773356883 0.1100259888167326
1369 0 0.01561295230034682 0.1275811836954526
1370 0 0.02517358155377916 0.1148229160160546
1371 0 0.04471521072035758 0.125745914082667
1372 0 0.03160839750899189 0.1575623010120549
1373 0 0.03332301159596261 0.1775041543325048
1374 0 0.01776376618053539 0.1905246035423982
1375 0 0.02999999999999997 0.2870651187597185
1376 0 0.03 0.3586107354153515
1377 0 0.009679796848629137 0.1118388581156593
1378 0 0.050909339544346 0.1114897383823988
1379 0 0.01692300653112237 0.1131037810925694
1380 0 0.04278469419295317 0.1128837616713144
1381 0 0.01934522057411588 0.1197263716462298
1382 0 0.01674850934299735 0.1402740186326581
1383 0 0.02533489486615123 0.1456270907229308
1384 0 0.05289298660272649 0.1308075676616049
1385 0 0.007909895132225408 0.1069529684994665
1386 0 0.02988920235892103 0.2574898178434064
1387 0 0.008409811366106315 0.1460095109337189
1388 0 0.02037231595736623 0.2081564193994505
1389 0.01500000000000004 0.06 0.1037115374447904
1390 0.005041480443955495 0.06 0.1158028728462472
1391 0.02566929722902045 0.06 0.1156389850376741
1392 0.02685991210470695 0.06 0.1060994026105078
1393 0.003249118433814737 0.06 0.1061623795356398
1394 0.008997595567893268 0.06 0.1344150894360092
1395 0.01715429584639994 0.06 0.1506773250998793
1396 0.009442609248500933 0.06 0.125684144333187
1397 0.01699008232729524 0.06 0.1293222602203697
1398 0.01571421480727321 0.06 0.1202438404147556
1399 0.02363576360799101 0.06 0.1230630215686396
1400 0.01715602692339038 0.06 0.1141842953922829
1401 0.01543085916927999 0.06 0.1655685868349513
1402 0.02694141618193755 0.06 0.1096999752416436
1403 0.02302828102615403 0.06 0.1077264404905107
1404 0.003717774640457876 0.06 0.1104089447202785
1405 0.006810788943722653 0.06 0.1078717840883263
1406 0.006692562188243685 0.06 0.1035235015599981
1407 0.01061343694416982 0.06 0.1057576853429348
1408 0.01077691352911744 0.06 0.1098212530389335
1409 0.02331674357149293 0.06 0.1035365377869219
1410 0.01976862786215703 0.06 0.1056075159916949
1411 0.015 0.06 0.2870651187597185
1412 0.007449057204227829 0.06 0.1118287216976014
1413 0.01138592282983259 0.06 0.1147392964826514
1414 0.015 0.06 0.2349403588461858
1415 0.015 0.06 0.1969628312784964
1416 0.01788416793188937 0.06 0.1392732389586396
1417 0.02716493807831537 0.06 0.1028361245263229
1418 0.002856601482575513 0.06 0.1028615533108835
1419 0.02179544162974707 0.06 0.1122586592322171
1420 0.01367135896438211 0.06 0.1075723473849173
1421 0.01745198268949624 0.06 0.109039874175283
1422 0.02416457711558974 0.06 0.1340087336103369
1423 0.009059429220025426 0.06 0.1195872870975129
1424 0.008807211869236515 0.06 0.1445260841983826
1425 0.01417350647168738 0.06 0.1112658089763364
1426 0.01928571428571432 0.06 0.1024151161071006
1427 0.02059553929132234 0.06 0.1172143257246938
1428 0.004394606505161788 0.06 0.1222012890177727
1429 0.01072277915397527 0.06 0.1023779524953519
1430 0.03 0.02999999999999991 0.1074230748895809
1431 0.03 0.05215309889172429 0.1344746205973211
1432 0.03 0.006402901016124424 0.1228565605369196
1433 0.03 0.05508113102378626 0.1159489114040867
1434 0.03 0.0133375762639675 0.1501685530065159
1435 0.03 0.003296019915267678 0.1107733056989288
1436 0.03 0.04327656451572218 0.169245145358038
1437 0.03 0.04651168264475053 0.1065154420212637
1438 0.03 0.05668858558114845 0.104916591260956
1439 0.03 0.02264483938673989 0.1991203496224712
1440 0.03 0.01277118231959483 0.1063959815396839
1441 0.03 0.03044319056431584 0.2290766192364385
1442 0.03 0.04352180765457571 0.1531909411184548
1443 0.03 0.01392924635201132 0.1651228980738122
1444 0.03 0.01384737669060071 0.1365447713280227
1445 0.03 0.02415142902561552 0.142212376297772
1446 0.03 0.02427225801948844 0.1301928943509824
1447 0.03 0.0340091958410419 0.1348958165537142
1448 0.03 0.03364595127303526 0.1241465633718708
1449 0.03 0.02356446509256917 0.1174844825671353
1450 0.03 0.05343028295809297 0.1237448474024488
1451 0.03 0.04793861021930253 0.1186234599969652
1452 0.03 0.004294839768009942 0.1152109867529978
1453 0.03 0.01265667374847164 0.117693386949332
1454 0.03 0.03851082891457128 0.1069186617301254
1455 0.03 0.02151224258790806 0.1073747673232144
1456 0.03 0.004309941175533058 0.1059810076821358
1457 0.03 0.05580835722664312 0.1100259888167326
1458 0.03 0.04438704769965318 0.1275811836954527
1459 0.03 0.03482641844622084 0.1148229160160546
1460 0.03 0.01528478927964241 0.125745914082667
1461 0.03 0.0283916024910081 0.1575623010120549
1462 0.03 0.02667698840403739 0.1775041543325048
1463 0.03 0.04223623381946461 0.1905246035423982
1464 0.03 0.03000000000000003 0.2870651187597185
1465 0.03 0.03 0.3586107354153515
1466 0.03 0.05032020315137086 0.1118388581156593
1467 0.03 0.009090660455654001 0.1114897383823988
1468 0.03 0.04307699346887763 0.1131037810925694
1469 0.03 0.01721530580704683 0.1128837616713144
1470 0.03 0.04065477942588413 0.1197263716462298
1471 0.03 0.04325149065700265 0.1402740186326581
1472 0.03 0.03466510513384878 0.1456270907229308
1473 0.03 0.007107013397273508 0.1308075676616049
1474 0.03 0.05209010486777459 0.1069529684994665
1475 0.03 0.03011079764107897 0.2574898178434064
1476 0.03 0.05159018863389369 0.146009510933719
1477 0.03 0.03962768404263377 0.2081564193994505
1478 0.015 0.03 0.4
1479 0.06288950364654289 0 0.2349403588461858
1480 0.04780698328949625 0 0.1684321562969534
1481 0.03935892562764809 0 0.1332324046690107
1482 0.03515265500345247 0 0.1166344617620193
1483 0.1910928776041912 0 0.1407088220881528
1484 0.1078241734727179 0 0.1196627647773512
1485 0.06833098379128894 0 0.1106692087703081
1486 0.04830813097562456 0 0.106146839072179
1487 0.03637348128368876 0 0.1032791072276553
1488 0.2650258821497574 0 0.3252500300413249
1489 0.0345347304468773 0 0.1106651316952323
1490 0.04002264831813959 0 0.1132448264473372
1491 0.0412370484752316 0 0.122039716914495
1492 0.04988916216671238 0 0.1283724174132055
1493 0.05183804158441663 0 0.1396268282014841
1494 0.06457993635465033 0 0.1344067482149577
1495 0.06555902576311459 0 0.1529901869615542
1496 0.07222437594458594 0 0.1784000756271688
1497 0.09556017336692751 0 0.1618545081030538
1498 0.1041072048588801 0 0.1959028304364759
1499 0.1301191110050985 0 0.1675292248189403
1500 0.1487366775928674 0 0.2083130521336775
1501 0.03372450627162072 0 0.1060623750868656
1502 0.2443110490726392 0 0.1469377543191364
1503 0.2037563688650929 0 0.1996503674884028
1504 0.2756449195816092 0 0.2032786755095922
1505 0.07321026222601648 0 0.2848046256177338
1506 0.1394661025577704 0 0.1274887189130204
1507 0.08559352586967763 0 0.1149426985605091
1508 0.05593051105173121 0 0.1083840684644046
1509 0.04839037710079805 0 0.1152203161918547
1510 0.1869480716513645 0 0.3243747584043652
1511 0.04009661494448627 0 0.103576533647903
1512 0.1075858996110483 0 0.2414597303701162
1513 0.166998050843237 0 0.2562150353226876
1514 0.05105907574452574 0 0.1936415723539669
1515 0.06017232146601002 0 0.1201572664364507
1516 0.2308458128126343 0 0.2605115601181747
1517 0.07747330624328978 0 0.3420848151648215
1518 0.03292339341702601 0 0.1028116697188807
1519 0.03799381951989296 0 0.1073484469257769
1520 0.08668532145945948 0 0.13618794126526
1521 0.3302757333648281 0 0.2514943958792383
1522 0.1241154745264149 0 0.3029807434213895
1523 0.07391295833087927 0 0.1238908395639733
1524 0.03980315800995776 0 0.1491323837486925
1525 0.1124556851397817 0 0.1434084061754954
1526 0.3337098332908739 0 0.3314628457940584
1527 0.1669580270910407 0 0.1743993208352198
1528 0.07584091400723605 0 0.2057702852900488
1529 0.3355630420586373 0 0.158648879737072
1530 0.0347518955013794 0 0.1237448474024488
1531 0.04311145115247236 0 0.1075894937141751
1532 0.4 0.03 0.3499999999999999
1533 0.4 0.03 0.15
1534 0.4 0.03 0.2499999999999999
1535 0.06288950364654289 0.06 0.2349403588461858
1536 0.04780698328949625 0.06 0.1684321562969534
1537 0.03935892562764809 0.06 0.1332324046690107
1538 0.03515265500345247 0.06 0.1166344617620193
1539 0.1910928776041912 0.06 0.1407088220881528
1540 0.1078241734727179 0.06 0.1196627647773512
1541 0.06833098379128894 0.06 0.1106692087703081
1542 0.04830813097562456 0.06 0.106146839072179
1543 0.03637348128368876 0.06 0.1032791072276553
1544 0.2650258821497574 0.06 0.3252500300413249
1545 0.0345347304468773 0.06 0.1106651316952323
1546 0.04002264831813959 0.06 0.1132448264473372
1547 0.0412370484752316 0.06 0.122039716914495
1548 0.04988916216671238 0.06 0.1283724174132055
1549 0.05183804158441663 0.06 0.1396268282014841
1550 0.06457993635465033 0.06 0.1344067482149577
1551 0.06555902576311459 0.06 0.1529901869615542
1552 0.07222437594458594 0.06 0.1784000756271688
1553 0.09556017336692751 0.06 0.1618545081030538
1554 0.1041072048588801 0.06 0.1959028304364759
1555 0.1301191110050985 0.06 0.1675292248189403
1556 0.1487366775928674 0.06 0.2083130521336775
1557 0.03372450627162072 0.06 0.1060623750868656
1558 0.2443110490726392 0.06 0.1469377543191364
1559 0.2037563688650929 0.06 0.1996503674884028
1560 0.2756449195816092 0.06 0.2032786755095922
1561 0.07321026222601648 0.06 0.2848046256177338
1562 0.1394661025577704 0.06 0.1274887189130204
1563 0.08559352586967763 0.06 0.1149426985605091
1564 0.05593051105173121 0.06 0.1083840684644046
1565 0.04839037710079805 0.06 0.1152203161918547
1566 0.1869480716513645 0.06 0.3243747584043652
1567 0.04009661494448627 0.06 0.103576533647903
1568 0.1075858996110483 0.06 0.2414597303701162
1569 0.166998050843237 0.06 0.2562150353226876
1570 0.05105907574452574 0.06 0.1936415723539669
1571 0.06017232146601002 0.06 0.1201572664364507
1572 0.2308458128126343 0.06 0.2605115601181747
1573 0.07747330624328978 0.06 0.3420848151648215
1574 0.03292339341702601 0.06 0.1028116697188807
1575 0.03799381951989296 0.06 0.1073484469257769
1576 0.08668532145945948 0.06 0.13618794126526
1577 0.3302757333648281 0.06 0.2514943958792383
1578 0.1241154745264149 0.06 0.3029807434213895
1579 0.07391295833087927 0.06 0.1238908395639733
1580 0.03980315800995776 0.06 0.1491323837486925
1581 0.1124556851397817 0.06 0.1434084061754954
1582 0.3337098332908739 0.06 0.3314628457940584
1583 0.1669580270910407 0.06 0.1743993208352198
1584 0.07584091400723605 0.06 0.2057702852900488
1585 0.3355630420586373 0.06 0.158648879737072
1586 0.0347518955013794 0.06 0.1237448474024488
1587 0.04311145115247236 0.06 0.1075894937141751
1588 0.07625000000000001 0.03 0.4
1589 0.35375 0.03 0.4
1590 0.16875 0.03 0.4
1591 0.26125 0.03 0.4
1592 0 0.09327679258470795 0.2302908108421873
1593 0 0.06970075963899403 0.1313419778429485
1594 0 0.0823862089960079 0.1677560160821603
1595 0 0.06491886897621374 0.1159489114040867
1596 0 0.2100107033547031 0.1381351121131918
1597 0 0.08432232052198302 0.107833931690955
1598 0 0.06616392031843599 0.1032580595517784
1599 0 0.1262159690933853 0.1253380669126976
1600 0 0.3270007024815927 0.2419540559300922
1601 0 0.1653057062317378 0.1320972996242588
1602 0 0.1446881259184432 0.1624168851674193
1603 0 0.06348172132181129 0.1059355486258145
1604 0 0.06268998185876717 0.1022659934745241
1605 0 0.06698632222624173 0.1071818556378959
1606 0 0.07674477170863481 0.106658892702228
1607 0 0.08146465610056564 0.115772859708952
1608 0 0.09225560964943258 0.1145947915633898
1609 0 0.08343828974567336 0.1294169154039433
1610 0 0.2651907160879038 0.1483118117408006
1611 0 0.2224523819504071 0.1941863948203026
1612 0 0.07080832815030008 0.1037009744646044
1613 0 0.101929874152636 0.2872252237429784
1614 0 0.1392127444474591 0.2474044889943556
1615 0 0.06574464624502363 0.1230145490128312
1616 0 0.1112201202766095 0.1534806081808647
1617 0 0.1187447772790166 0.1889130245803707
1618 0 0.1680240973245359 0.2050343387314133
1619 0 0.1925116190120801 0.2543247263100605
1620 0 0.08288155577194645 0.1961771028123422
1621 0 0.06424552650947191 0.1103750145857876
1622 0 0.07071805050875879 0.1120196090860128
1623 0 0.07347409688594836 0.1462629926864874
1624 0 0.1538622551554926 0.3113191843418465
1625 0 0.2312270653310789 0.3233149291032377
1626 0 0.3291692367100579 0.1650187557064927
1627 0 0.07307546636654932 0.1209780962962036
1628 0 0.1093714486704967 0.3475696213923187
1629 0 0.1813323654821711 0.1673217166375263
1630 0 0.1046471085467306 0.1285269018606011
1631 0 0.09103316489019397 0.1450886868428114
1632 0 0.3167741804167848 0.3183371401680153
1633 0 0.2614627209196461 0.2553273188166286
1634 0 0.2799556698483759 0.2004145241368389
1635 0.03 0.0727193909419145 0.1491323837486925
1636 0.03 0.08345899181192501 0.199059824781291
1637 0.03 0.06675147862085919 0.1237448474024488
1638 0.03 0.2073776901008733 0.1427140803166321
1639 0.03 0.06382124627925921 0.1103272371831908
1640 0.03 0.07689353947319713 0.1052699475930256
1641 0.03 0.0975265084776147 0.1114608915405423
1642 0.03 0.1058403152381238 0.2860791898771424
1643 0.03 0.3304033833915367 0.2399478263759886
1644 0.03 0.06614019608875434 0.1035632511857957
1645 0.03 0.1536618130512065 0.1351060663806683
1646 0.03 0.1711248602585409 0.1840258188232874
1647 0.03 0.2268619020734731 0.1928495285709789
1648 0.03 0.1846195873407192 0.2365069711864684
1649 0.03 0.06334047570965598 0.1061132472041853
1650 0.03 0.124877481164598 0.1688503572366886
1651 0.03 0.1174185952987325 0.1405570865061512
1652 0.03 0.0853131053579933 0.1080566493213714
1653 0.03 0.08693137517576895 0.1188607272542214
1654 0.03 0.06478870777317984 0.1159489114040867
1655 0.03 0.06881280493424732 0.1123089971904848
1656 0.03 0.06940998095948232 0.1344499833566687
1657 0.03 0.08645914416448164 0.1372778654338205
1658 0.03 0.09538206678346135 0.1572586010021688
1659 0.03 0.1256455529830581 0.2113371640788152
1660 0.03 0.06717615166918536 0.1076684292027349
1661 0.03 0.07090113901428491 0.1043982649713173
1662 0.03 0.262828160394087 0.1474576455828688
1663 0.03 0.2377959888101981 0.3330703440689747
1664 0.03 0.3298356514090811 0.1635598458707169
1665 0.03 0.07810455575869571 0.1269308831262824
1666 0.03 0.1012515958824443 0.1251918175146643
1667 0.03 0.06281117968377144 0.1028157702119065
1668 0.03 0.1132045693106326 0.3439758201902272
1669 0.03 0.2506698656287945 0.2588349301025503
1670 0.03 0.1690322960011168 0.3005327424776412
1671 0.03 0.07779948506907199 0.1704126874814219
1672 0.03 0.079319019623963 0.1123971295196259
1673 0.03 0.07384312857214774 0.118057509519997
1674 0.03 0.09171940223399272 0.2359284461810188
1675 0.03 0.3175893174161994 0.3219755167579189
1676 0.03 0.2801197925793945 0.2005299553006207
1677 0.03 0.1193379641668388 0.1201934273199599
1678 0.03 0.07353602334036219 0.1090935823760708
1679 0.03 0.144305533455535 0.259553126528186
1680 0.03 0.1014327155624229 0.1813837269160771
1681 0.1145841108866985 0.4 0.2499999999999999
1682 0.26125 0.4 0.1801073498500605
1683 0.26125 0.4 0.3198926501499395
1684 0.16875 0.4 0.3230656831833938
1685 0.16875 0.4 0.1769343168166062
1686 0.3220304683063718 0.4 0.2499999999999999
1687 0.213473281187352 0.4 0.25
1688 0.333709833290874 0.4 0.3314628457940583
1689 0.09602036516850981 0.4 0.3317124122191284
1690 0.09602036516850992 0.4 0.1682875877808716
1691 0.3337098332908739 0.4 0.1685371542059417
1692 0.4 0.3133974596215564 0.2499999999999999
1693 0.4 0.1466025403784436 0.2499999999999999
1694 0.4 0.2300000000000004 0.3125199161326069
1695 0.4 0.2300000000000004 0.187480083867393
1696 0.4 0.1347621302024695 0.3294918079927568
1697 0.4 0.1347621302024694 0.170508192007243
1698 0.4 0.3252378697975306 0.3294918079927567
1699 0.4 0.3252378697975307 0.1705081920072432
1700 0.315106356670214 0.230939608741009 0.4
1701 0.169688481541777 0.1428467136034584 0.4
1702 0.169688481541777 0.3193457067922292 0.4
1703 0.2589350761366275 0.3194111510227789 0.4
1704 0.2589350761366275 0.1434598756858595 0.4
1705 0.1135579924914508 0.2312528116546787 0.4
1706 0.2143185774197456 0.2312093112500023 0.4
1707 0.09307112191627606 0.329604329416373 0.4
1708 0.3369288780837239 0.3296043294163729 0.4
1709 0.3369288780837242 0.1303956705836272 0.4
1710 0.09307112191627588 0.1303956705836272 0.4
1711 0.0257142857142857 0.008571428571428563 0.006250000000000007
1712 0.02571428571428571 0.01714285714285708 0.006250000000000007
1713 0.02571428571428573 0.02571428571428564 0.00625000000000001
1714 0.02571428571428572 0.03428571428571422 0.006250000000000012
1715 0.02571428571428572 0.04285714285714283 0.006250000000000007
1716 0.02571428571428572 0.05142857142857144 0.006250000000000012
1717 0.02142857142857141 0.008571428571428563 0.006250000000000004
1718 0.02142857142857141 0.01714285714285711 0.006250000000000008
1719 0.02142857142857143 0.02571428571428568 0.006250000000000009
1720 0.02142857142857143 0.03428571428571425 0.006250000000000007
1721 0.02142857142857144 0.04285714285714283 0.006250000000000009
1722 0.02142857142857146 0.05142857142857143 0.006250000000000008
1723 0.01714285714285711 0.008571428571428577 0.006250000000000007
1724 0.01714285714285713 0.01714285714285713 0.006250000000000007
1725 0.01714285714285714 0.0257142857142857 0.00625000000000001
1726 0.01714285714285715 0.03428571428571429 0.006250000000000012
1727 0.01714285714285717 0.04285714285714286 0.006250000000000007
1728 0.01714285714285717 0.05142857142857141 0.006250000000000011
1729 0.01285714285714283 0.008571428571428577 0.006250000000000007
1730 0.01285714285714283 0.01714285714285714 0.006250000000000008
1731 0.01285714285714285 0.02571428571428573 0.006250000000000009
1732 0.01285714285714287 0.03428571428571427 0.006250000000000011
1733 0.01285714285714287 0.04285714285714286 0.006250000000000009
1734 0.01285714285714289 0.05142857142857143 0.006250000000000012
1735 0.008571428571428548 0.008571428571428584 0.006250000000000004
1736 0.008571428571428556 0.01714285714285715 0.006250000000000007
1737 0.00857142857142856 0.02571428571428575 0.006250000000000009
1738 0.008571428571428574 0.03428571428571433 0.006250000000000008
1739 0.008571428571428579 0.04285714285714289 0.006250000000000008
1740 0.008571428571428582 0.05142857142857143 0.006250000000000009
1741 0.004285714285714282 0.008571428571428591 0.006250000000000006
1742 0.00428571428571428 0.01714285714285718 0.006250000000000006
1743 0.004285714285714286 0.02571428571428578 0.006250000000000008
1744 0.004285714285714288 0.03428571428571434 0.006250000000000011
1745 0.00428571428571429 0.04285714285714291 0.006250000000000006
1746 0.004285714285714289 0.05142857142857146 0.006250000000000009
1747 0.0257142857142857 0.008571428571428556 0.01250000000000002
1748 0.0257142857142857 0.0171428571428571 0.01250000000000003
1749 0.02571428571428572 0.02571428571428564 0.01250000000000002
1750 0.02571428571428571 0.03428571428571422 0.01250000000000002
1751 0.02571428571428571 0.04285714285714283 0.01250000000000003
1752 0.02571428571428572 0.05142857142857144 0.01250000000000002
1753 0.02142857142857141 0.00857142857142856 0.01250000000000003
1754 0.02142857142857142 0.01714285714285711 0.01250000000000002
1755 0.02142857142857143 0.02571428571428567 0.01250000000000003
1756 0.02142857142857144 0.03428571428571428 0.01250000000000003
1757 0.02142857142857144 0.0428571428571428 0.01250000000000003
1758 0.02142857142857144 0.05142857142857143 0.01250000000000003
1759 0.01714285714285712 0.00857142857142857 0.01250000000000002
1760 0.01714285714285713 0.01714285714285713 0.01250000000000003
1761 0.01714285714285714 0.0257142857142857 0.01250000000000002
1762 0.01714285714285716 0.03428571428571428 0.01250000000000002
1763 0.01714285714285717 0.04285714285714286 0.01250000000000003
1764 0.01714285714285717 0.05142857142857141 0.01250000000000002
1765 0.01285714285714282 0.008571428571428577 0.01250000000000002
1766 0.01285714285714283 0.01714285714285715 0.01250000000000002
1767 0.01285714285714285 0.02571428571428572 0.01250000000000003
1768 0.01285714285714286 0.03428571428571431 0.01250000000000002
1769 0.01285714285714287 0.04285714285714286 0.01250000000000003
1770 0.01285714285714288 0.05142857142857144 0.01250000000000003
1771 0.008571428571428549 0.008571428571428577 0.01250000000000003
1772 0.008571428571428553 0.01714285714285717 0.01250000000000003
1773 0.008571428571428565 0.02571428571428574 0.01250000000000003
1774 0.00857142857142857 0.03428571428571434 0.01250000000000003
1775 0.008571428571428577 0.04285714285714287 0.01250000000000003
1776 0.008571428571428591 0.05142857142857148 0.01250000000000003
1777 0.004285714285714275 0.008571428571428591 0.01250000000000002
1778 0.004285714285714274 0.01714285714285718 0.01250000000000003
1779 0.004285714285714282 0.02571428571428576 0.01250000000000002
1780 0.004285714285714285 0.03428571428571435 0.01250000000000002
1781 0.004285714285714286 0.04285714285714291 0.01250000000000003
1782 0.00428571428571429 0.05142857142857146 0.01250000000000002
1783 0.0257142857142857 0.008571428571428556 0.01875000000000004
1784 0.02571428571428571 0.0171428571428571 0.01875000000000004
1785 0.02571428571428572 0.02571428571428563 0.01875000000000004
1786 0.02571428571428571 0.03428571428571422 0.01875000000000004
1787 0.02571428571428571 0.04285714285714283 0.01875000000000002
1788 0.02571428571428573 0.05142857142857143 0.01875000000000004
1789 0.02142857142857141 0.008571428571428563 0.01875000000000005
1790 0.02142857142857142 0.01714285714285711 0.01875000000000001
1791 0.02142857142857142 0.02571428571428567 0.01875000000000003
1792 0.02142857142857143 0.03428571428571425 0.01875000000000003
1793 0.02142857142857144 0.04285714285714282 0.01875000000000003
1794 0.02142857142857144 0.05142857142857144 0.01875000000000003
1795 0.01714285714285712 0.008571428571428574 0.01875000000000004
1796 0.01714285714285713 0.01714285714285713 0.01875000000000002
1797 0.01714285714285713 0.0257142857142857 0.01875000000000004
1798 0.01714285714285715 0.03428571428571428 0.01875000000000002
1799 0.01714285714285717 0.04285714285714286 0.01875000000000003
1800 0.01714285714285717 0.05142857142857142 0.01875000000000004
1801 0.01285714285714282 0.008571428571428577 0.01875000000000004
1802 0.01285714285714284 0.01714285714285715 0.01875000000000003
1803 0.01285714285714285 0.02571428571428572 0.01875000000000003
1804 0.01285714285714287 0.03428571428571428 0.01875000000000003
1805 0.01285714285714287 0.04285714285714286 0.01875000000000003
1806 0.01285714285714289 0.05142857142857143 0.01875000000000003
1807 0.008571428571428549 0.008571428571428577 0.01875000000000003
1808 0.008571428571428556 0.01714285714285717 0.01875000000000002
1809 0.008571428571428565 0.02571428571428575 0.01875000000000002
1810 0.008571428571428572 0.03428571428571434 0.01875000000000003
1811 0.008571428571428575 0.04285714285714289 0.01875000000000001
1812 0.008571428571428591 0.05142857142857143 0.01875000000000002
1813 0.004285714285714278 0.008571428571428587 0.01875000000000004
1814 0.004285714285714277 0.01714285714285718 0.01875000000000003
1815 0.004285714285714285 0.02571428571428577 0.01875000000000004
1816 0.004285714285714287 0.03428571428571435 0.01875000000000004
1817 0.004285714285714291 0.04285714285714291 0.01875000000000004
1818 0.00428571428571429 0.05142857142857146 0.01875000000000004
1819 0.0257142857142857 0.008571428571428549 0.02500000000000006
1820 0.02571428571428571 0.0171428571428571 0.02500000000000005
1821 0.02571428571428572 0.02571428571428565 0.02500000000000005
1822 0.02571428571428572 0.03428571428571422 0.02500000000000005
1823 0.02571428571428572 0.04285714285714282 0.02500000000000004
1824 0.02571428571428572 0.05142857142857144 0.02500000000000005
1825 0.02142857142857141 0.008571428571428553 0.02500000000000005
1826 0.02142857142857141 0.01714285714285711 0.02500000000000005
1827 0.02142857142857142 0.02571428571428567 0.02500000000000005
1828 0.02142857142857142 0.03428571428571425 0.02500000000000005
1829 0.02142857142857143 0.0428571428571428 0.02500000000000005
1830 0.02142857142857143 0.05142857142857141 0.02500000000000005
1831 0.01714285714285711 0.008571428571428563 0.02500000000000007
1832 0.01714285714285713 0.01714285714285713 0.02500000000000005
1833 0.01714285714285714 0.02571428571428569 0.02500000000000005
1834 0.01714285714285715 0.03428571428571428 0.02500000000000005
1835 0.01714285714285717 0.04285714285714284 0.02500000000000005
1836 0.01714285714285717 0.05142857142857141 0.02500000000000005
1837 0.01285714285714282 0.00857142857142857 0.02500000000000006
1838 0.01285714285714284 0.01714285714285715 0.02500000000000005
1839 0.01285714285714284 0.02571428571428572 0.02500000000000005
1840 0.01285714285714286 0.03428571428571428 0.02500000000000005
1841 0.01285714285714288 0.04285714285714288 0.02500000000000005
1842 0.01285714285714289 0.05142857142857146 0.02500000000000005
1843 0.008571428571428548 0.008571428571428577 0.02500000000000006
1844 0.008571428571428555 0.01714285714285717 0.02500000000000004
1845 0.008571428571428568 0.02571428571428576 0.02500000000000003
1846 0.008571428571428574 0.03428571428571434 0.02500000000000005
1847 0.008571428571428577 0.04285714285714286 0.02500000000000005
1848 0.008571428571428591 0.05142857142857147 0.02500000000000005
1849 0.00428571428571427 0.008571428571428587 0.02500000000000007
1850 0.004285714285714274 0.01714285714285718 0.02500000000000005
1851 0.004285714285714282 0.02571428571428579 0.02500000000000005
1852 0.004285714285714284 0.03428571428571435 0.02500000000000005
1853 0.004285714285714286 0.04285714285714291 0.02500000000000005
1854 0.004285714285714287 0.05142857142857146 0.02500000000000005
1855 0.0257142857142857 0.008571428571428555 0.03125000000000006
1856 0.02571428571428571 0.01714285714285709 0.03125000000000004
1857 0.02571428571428573 0.02571428571428564 0.03125000000000005
1858 0.02571428571428572 0.03428571428571422 0.03125000000000004
1859 0.02571428571428572 0.04285714285714283 0.03125000000000005
1860 0.02571428571428573 0.05142857142857144 0.03125000000000006
1861 0.02142857142857141 0.00857142857142856 0.03125000000000008
1862 0.02142857142857141 0.01714285714285711 0.03125000000000005
1863 0.02142857142857143 0.02571428571428567 0.03125000000000008
1864 0.02142857142857143 0.03428571428571425 0.03125000000000008
1865 0.02142857142857144 0.04285714285714282 0.03125000000000005
1866 0.02142857142857146 0.05142857142857143 0.03125000000000005
1867 0.01714285714285711 0.00857142857142857 0.03125000000000008
1868 0.01714285714285713 0.01714285714285713 0.03125000000000005
1869 0.01714285714285714 0.0257142857142857 0.03125000000000008
1870 0.01714285714285715 0.03428571428571428 0.03125000000000007
1871 0.01714285714285717 0.04285714285714286 0.03125000000000005
1872 0.01714285714285717 0.05142857142857141 0.03125000000000008
1873 0.01285714285714282 0.008571428571428577 0.03125000000000008
1874 0.01285714285714283 0.01714285714285714 0.03125000000000005
1875 0.01285714285714285 0.02571428571428572 0.03125000000000007
1876 0.01285714285714286 0.0342857142857143 0.03125000000000007
1877 0.01285714285714287 0.04285714285714286 0.03125000000000005
1878 0.01285714285714289 0.05142857142857145 0.03125000000000005
1879 0.008571428571428548 0.008571428571428577 0.03125000000000008
1880 0.008571428571428556 0.01714285714285716 0.03125000000000005
1881 0.008571428571428565 0.02571428571428575 0.03125000000000008
1882 0.008571428571428577 0.03428571428571434 0.03125000000000008
1883 0.008571428571428581 0.04285714285714287 0.03125000000000005
1884 0.008571428571428589 0.05142857142857148 0.03125000000000008
1885 0.004285714285714276 0.008571428571428587 0.03125000000000008
1886 0.004285714285714276 0.01714285714285718 0.03125000000000004
1887 0.004285714285714283 0.02571428571428578 0.03125000000000007
1888 0.004285714285714286 0.03428571428571434 0.03125000000000008
1889 0.004285714285714289 0.04285714285714291 0.03125000000000005
1890 0.004285714285714291 0.05142857142857147 0.03125000000000007
1891 0.0257142857142857 0.008571428571428549 0.03750000000000005
1892 0.02571428571428571 0.0171428571428571 0.03750000000000005
1893 0.02571428571428573 0.02571428571428564 0.03750000000000005
1894 0.02571428571428572 0.03428571428571422 0.03750000000000007
1895 0.02571428571428573 0.04285714285714284 0.03750000000000005
1896 0.02571428571428572 0.05142857142857143 0.03750000000000005
1897 0.02142857142857141 0.008571428571428553 0.03750000000000005
1898 0.02142857142857141 0.01714285714285711 0.03750000000000005
1899 0.02142857142857142 0.02571428571428566 0.03750000000000004
1900 0.02142857142857143 0.03428571428571425 0.03750000000000006
1901 0.02142857142857144 0.0428571428571428 0.03750000000000005
1902 0.02142857142857144 0.05142857142857143 0.03750000000000005
1903 0.01714285714285712 0.008571428571428563 0.03750000000000005
1904 0.01714285714285713 0.01714285714285713 0.03750000000000004
1905 0.01714285714285714 0.0257142857142857 0.03750000000000005
1906 0.01714285714285716 0.03428571428571428 0.03750000000000006
1907 0.01714285714285717 0.04285714285714286 0.03750000000000005
1908 0.01714285714285718 0.05142857142857141 0.03750000000000005
1909 0.01285714285714282 0.00857142857142857 0.03750000000000005
1910 0.01285714285714283 0.01714285714285715 0.03750000000000005
1911 0.01285714285714285 0.02571428571428571 0.03750000000000005
1912 0.01285714285714286 0.03428571428571431 0.03750000000000006
1913 0.01285714285714287 0.04285714285714286 0.03750000000000004
1914 0.01285714285714289 0.05142857142857146 0.03750000000000005
1915 0.008571428571428548 0.008571428571428577 0.03750000000000005
1916 0.008571428571428555 0.01714285714285717 0.03750000000000005
1917 0.008571428571428568 0.02571428571428575 0.03750000000000005
1918 0.008571428571428574 0.03428571428571434 0.03750000000000006
1919 0.008571428571428577 0.04285714285714287 0.03750000000000005
1920 0.008571428571428591 0.05142857142857146 0.03750000000000005
1921 0.004285714285714273 0.008571428571428587 0.03750000000000005
1922 0.004285714285714274 0.01714285714285718 0.03750000000000005
1923 0.004285714285714282 0.02571428571428576 0.03750000000000005
1924 0.004285714285714284 0.03428571428571436 0.03750000000000006
1925 0.004285714285714289 0.04285714285714291 0.03750000000000005
1926 0.00428571428571429 0.05142857142857148 0.03750000000000005
1927 0.02571428571428569 0.008571428571428555 0.04375000000000006
1928 0.02571428571428571 0.0171428571428571 0.04375000000000006
1929 0.02571428571428573 0.02571428571428564 0.04375000000000007
1930 0.02571428571428572 0.03428571428571422 0.04375000000000005
1931 0.02571428571428571 0.04285714285714282 0.04375000000000006
1932 0.02571428571428572 0.05142857142857143 0.04375000000000006
1933 0.02142857142857141 0.008571428571428563 0.04375000000000006
1934 0.02142857142857142 0.01714285714285711 0.04375000000000007
1935 0.02142857142857143 0.02571428571428566 0.04375000000000006
1936 0.02142857142857143 0.03428571428571425 0.04375000000000005
1937 0.02142857142857144 0.0428571428571428 0.04375000000000007
1938 0.02142857142857144 0.05142857142857141 0.04375000000000005
1939 0.01714285714285712 0.008571428571428574 0.04375000000000001
1940 0.01714285714285713 0.01714285714285713 0.04375000000000005
1941 0.01714285714285713 0.0257142857142857 0.04375000000000005
1942 0.01714285714285715 0.03428571428571428 0.04375000000000005
1943 0.01714285714285717 0.04285714285714286 0.04375000000000005
1944 0.01714285714285717 0.05142857142857141 0.04375000000000004
1945 0.01285714285714282 0.008571428571428577 0.04375000000000001
1946 0.01285714285714283 0.01714285714285715 0.04375000000000004
1947 0.01285714285714285 0.02571428571428572 0.04375000000000004
1948 0.01285714285714287 0.03428571428571428 0.04375000000000005
1949 0.01285714285714287 0.04285714285714286 0.04375000000000005
1950 0.01285714285714289 0.05142857142857143 0.04375000000000004
1951 0.008571428571428551 0.008571428571428577 0.04375000000000001
1952 0.008571428571428553 0.01714285714285717 0.04375000000000002
1953 0.008571428571428567 0.02571428571428575 0.04375000000000002
1954 0.008571428571428574 0.03428571428571434 0.04375000000000001
1955 0.008571428571428577 0.04285714285714289 0.04375000000000005
1956 0.008571428571428591 0.05142857142857144 0.04375000000000005
1957 0.004285714285714278 0.008571428571428587 0.04375000000000004
1958 0.004285714285714277 0.01714285714285718 0.04375000000000007
1959 0.004285714285714285 0.02571428571428577 0.04375000000000004
1960 0.004285714285714289 0.03428571428571435 0.04375000000000002
1961 0.00428571428571429 0.04285714285714291 0.04375000000000004
1962 0.004285714285714289 0.05142857142857144 0.04375000000000005
1963 0.0257142857142857 0.008571428571428556 0.05000000000000004
1964 0.0257142857142857 0.0171428571428571 0.05000000000000005
1965 0.02571428571428572 0.02571428571428563 0.05000000000000006
1966 0.02571428571428572 0.03428571428571422 0.05000000000000002
1967 0.02571428571428571 0.04285714285714283 0.05000000000000006
1968 0.02571428571428572 0.05142857142857143 0.05000000000000004
1969 0.02142857142857141 0.00857142857142856 0.05000000000000007
1970 0.02142857142857142 0.01714285714285711 0.0500000000000001
1971 0.02142857142857143 0.02571428571428566 0.05000000000000009
1972 0.02142857142857143 0.03428571428571425 0.05000000000000007
1973 0.02142857142857144 0.0428571428571428 0.05000000000000007
1974 0.02142857142857144 0.05142857142857142 0.05000000000000006
1975 0.01714285714285711 0.00857142857142857 0.05000000000000007
1976 0.01714285714285713 0.01714285714285713 0.05000000000000009
1977 0.01714285714285714 0.0257142857142857 0.05000000000000007
1978 0.01714285714285715 0.03428571428571428 0.05000000000000004
1979 0.01714285714285717 0.04285714285714286 0.05000000000000007
1980 0.01714285714285717 0.05142857142857142 0.05000000000000007
1981 0.01285714285714283 0.008571428571428577 0.05000000000000007
1982 0.01285714285714283 0.01714285714285715 0.05000000000000009
1983 0.01285714285714285 0.02571428571428573 0.05000000000000007
1984 0.01285714285714286 0.03428571428571428 0.05000000000000007
1985 0.01285714285714287 0.04285714285714286 0.05000000000000007
1986 0.01285714285714289 0.05142857142857143 0.05000000000000007
1987 0.008571428571428549 0.008571428571428577 0.05000000000000007
1988 0.008571428571428553 0.01714285714285717 0.05000000000000009
1989 0.008571428571428568 0.02571428571428575 0.05000000000000009
1990 0.008571428571428574 0.03428571428571434 0.05000000000000007
1991 0.008571428571428577 0.04285714285714287 0.05000000000000006
1992 0.008571428571428591 0.05142857142857145 0.05000000000000007
1993 0.004285714285714275 0.008571428571428587 0.05000000000000005
1994 0.004285714285714274 0.01714285714285718 0.05000000000000006
1995 0.004285714285714282 0.02571428571428577 0.05000000000000006
1996 0.004285714285714284 0.03428571428571435 0.05000000000000005
1997 0.004285714285714286 0.04285714285714291 0.05000000000000006
1998 0.00428571428571429 0.05142857142857145 0.05000000000000004
1999 0.02571428571428569 0.008571428571428556 0.05625000000000003
2000 0.02571428571428571 0.0171428571428571 0.05625000000000004
2001 0.02571428571428572 0.02571428571428563 0.05625000000000004
2002 0.02571428571428571 0.03428571428571422 0.05625000000000006
2003 0.02571428571428572 0.04285714285714283 0.05625000000000002
2004 0.02571428571428572 0.05142857142857143 0.05625000000000002
2005 0.02142857142857142 0.008571428571428556 0.05625000000000003
2006 0.02142857142857141 0.01714285714285711 0.05625000000000003
2007 0.02142857142857143 0.02571428571428567 0.05625000000000002
2008 0.02142857142857143 0.03428571428571425 0.05625000000000006
2009 0.02142857142857144 0.04285714285714282 0.05625000000000003
2010 0.02142857142857144 0.05142857142857142 0.05625000000000003
2011 0.01714285714285711 0.00857142857142857 0.05625000000000006
2012 0.01714285714285713 0.01714285714285713 0.05625000000000002
2013 0.01714285714285713 0.0257142857142857 0.05625000000000002
2014 0.01714285714285715 0.03428571428571428 0.05625000000000002
2015 0.01714285714285717 0.04285714285714286 0.05625000000000004
2016 0.01714285714285717 0.05142857142857141 0.05625000000000004
2017 0.01285714285714283 0.008571428571428577 0.05625000000000003
2018 0.01285714285714284 0.01714285714285715 0.05625000000000002
2019 0.01285714285714285 0.02571428571428572 0.05625000000000004
2020 0.01285714285714287 0.03428571428571428 0.05625000000000005
2021 0.01285714285714287 0.04285714285714286 0.05625000000000002
2022 0.01285714285714289 0.05142857142857143 0.05625000000000003
2023 0.008571428571428549 0.008571428571428577 0.05625000000000003
2024 0.008571428571428553 0.01714285714285717 0.05625000000000005
2025 0.008571428571428567 0.02571428571428575 0.05625000000000006
2026 0.008571428571428574 0.03428571428571434 0.05625000000000006
2027 0.008571428571428579 0.04285714285714289 0.05625000000000005
2028 0.008571428571428591 0.05142857142857146 0.05625000000000006
2029 0.004285714285714276 0.008571428571428589 0.05625000000000003
2030 0.004285714285714275 0.01714285714285719 0.05625000000000006
2031 0.004285714285714282 0.02571428571428577 0.05625000000000004
2032 0.004285714285714285 0.03428571428571435 0.05625000000000003
2033 0.004285714285714287 0.04285714285714291 0.05625000000000004
2034 0.00428571428571429 0.05142857142857145 0.05625000000000003
2035 0.0257142857142857 0.008571428571428555 0.06250000000000006
2036 0.02571428571428571 0.0171428571428571 0.06250000000000008
2037 0.02571428571428572 0.02571428571428564 0.06250000000000006
2038 0.02571428571428571 0.03428571428571422 0.06250000000000006
2039 0.02571428571428572 0.04285714285714282 0.06250000000000006
2040 0.02571428571428572 0.05142857142857144 0.06250000000000004
2041 0.02142857142857141 0.00857142857142856 0.06250000000000007
2042 0.02142857142857142 0.01714285714285711 0.06250000000000008
2043 0.02142857142857143 0.02571428571428567 0.06250000000000006
2044 0.02142857142857143 0.03428571428571425 0.06250000000000007
2045 0.02142857142857144 0.04285714285714282 0.06250000000000006
2046 0.02142857142857144 0.05142857142857142 0.06250000000000006
2047 0.01714285714285712 0.00857142857142857 0.06250000000000006
2048 0.01714285714285713 0.01714285714285713 0.06250000000000008
2049 0.01714285714285714 0.0257142857142857 0.06250000000000006
2050 0.01714285714285715 0.03428571428571428 0.06250000000000006
2051 0.01714285714285717 0.04285714285714285 0.06250000000000007
2052 0.01714285714285717 0.05142857142857141 0.06250000000000006
2053 0.01285714285714282 0.008571428571428577 0.06250000000000007
2054 0.01285714285714283 0.01714285714285715 0.06250000000000008
2055 0.01285714285714285 0.02571428571428573 0.06250000000000006
2056 0.01285714285714287 0.03428571428571431 0.06250000000000006
2057 0.01285714285714287 0.04285714285714286 0.06250000000000006
2058 0.01285714285714289 0.05142857142857143 0.06250000000000006
2059 0.008571428571428549 0.008571428571428577 0.06250000000000006
2060 0.008571428571428553 0.01714285714285717 0.06250000000000008
2061 0.008571428571428567 0.02571428571428574 0.06250000000000006
2062 0.008571428571428574 0.03428571428571434 0.06250000000000006
2063 0.008571428571428577 0.04285714285714287 0.06250000000000006
2064 0.008571428571428591 0.05142857142857148 0.06250000000000006
2065 0.004285714285714276 0.008571428571428587 0.06250000000000006
2066 0.004285714285714274 0.01714285714285718 0.06250000000000008
2067 0.004285714285714282 0.02571428571428577 0.06250000000000006
2068 0.004285714285714284 0.03428571428571434 0.06250000000000006
2069 0.004285714285714287 0.04285714285714291 0.06250000000000006
2070 0.004285714285714289 0.05142857142857145 0.06250000000000006
2071 0.02571428571428569 0.008571428571428556 0.06875000000000002
2072 0.02571428571428571 0.0171428571428571 0.06875000000000003
2073 0.02571428571428572 0.02571428571428564 0.06875000000000002
2074 0.02571428571428572 0.03428571428571422 0.06875000000000003
2075 0.02571428571428572 0.04285714285714284 0.06875000000000002
2076 0.02571428571428572 0.05142857142857143 0.06875000000000002
2077 0.02142857142857141 0.008571428571428558 0.06875000000000003
2078 0.02142857142857141 0.01714285714285711 0.06875000000000007
2079 0.02142857142857143 0.02571428571428567 0.06875000000000007
2080 0.02142857142857143 0.03428571428571425 0.06875000000000002
2081 0.02142857142857144 0.04285714285714282 0.06875000000000002
2082 0.02142857142857144 0.05142857142857142 0.06875000000000001
2083 0.01714285714285711 0.00857142857142857 0.06875000000000001
2084 0.01714285714285713 0.01714285714285713 0.06875000000000007
2085 0.01714285714285713 0.02571428571428569 0.06875000000000009
2086 0.01714285714285715 0.03428571428571428 0.06875000000000002
2087 0.01714285714285717 0.04285714285714286 0.06875000000000002
2088 0.01714285714285717 0.0514285714285714 0.06875000000000002
2089 0.01285714285714282 0.008571428571428574 0.06875000000000002
2090 0.01285714285714284 0.01714285714285715 0.06875000000000007
2091 0.01285714285714285 0.02571428571428572 0.06875000000000001
2092 0.01285714285714286 0.03428571428571427 0.06875000000000002
2093 0.01285714285714288 0.04285714285714286 0.06875000000000002
2094 0.01285714285714289 0.05142857142857143 0.06875000000000002
2095 0.008571428571428549 0.008571428571428577 0.06875000000000002
2096 0.008571428571428553 0.01714285714285717 0.06875000000000009
2097 0.008571428571428565 0.02571428571428574 0.06875000000000001
2098 0.008571428571428574 0.03428571428571434 0.06875000000000002
2099 0.008571428571428584 0.04285714285714287 0.06875000000000001
2100 0.008571428571428591 0.05142857142857146 0.06875000000000001
2101 0.004285714285714276 0.008571428571428587 0.06875000000000003
2102 0.004285714285714275 0.01714285714285718 0.06875000000000003
2103 0.004285714285714282 0.02571428571428577 0.06875000000000003
2104 0.004285714285714284 0.03428571428571435 0.06875000000000003
2105 0.004285714285714287 0.04285714285714291 0.06875000000000003
2106 0.00428571428571429 0.05142857142857145 0.06875000000000005
2107 0.0257142857142857 0.00857142857142856 0.07500000000000008
2108 0.02571428571428571 0.01714285714285708 0.07500000000000001
2109 0.02571428571428572 0.02571428571428564 0.07500000000000002
2110 0.02571428571428572 0.03428571428571422 0.07500000000000004
2111 0.02571428571428572 0.04285714285714283 0.07500000000000007
2112 0.02571428571428572 0.05142857142857144 0.07500000000000007
2113 0.02142857142857141 0.008571428571428561 0.07500000000000004
2114 0.02142857142857141 0.01714285714285711 0.07500000000000004
2115 0.02142857142857143 0.02571428571428567 0.07500000000000002
2116 0.02142857142857143 0.03428571428571425 0.07500000000000005
2117 0.02142857142857144 0.04285714285714282 0.07500000000000007
2118 0.02142857142857145 0.05142857142857142 0.07500000000000005
2119 0.01714285714285711 0.00857142857142857 0.07500000000000002
2120 0.01714285714285713 0.01714285714285713 0.07500000000000001
2121 0.01714285714285715 0.02571428571428569 0.07500000000000001
2122 0.01714285714285716 0.03428571428571428 0.07500000000000004
2123 0.01714285714285717 0.04285714285714286 0.07500000000000007
2124 0.01714285714285718 0.05142857142857141 0.07500000000000007
2125 0.01285714285714282 0.008571428571428577 0.07500000000000002
2126 0.01285714285714283 0.01714285714285715 0.07500000000000001
2127 0.01285714285714285 0.02571428571428572 0.07500000000000001
2128 0.01285714285714286 0.03428571428571431 0.07500000000000004
2129 0.01285714285714287 0.04285714285714286 0.07500000000000007
2130 0.01285714285714289 0.05142857142857143 0.07500000000000007
2131 0.008571428571428548 0.008571428571428582 0.07500000000000008
2132 0.008571428571428555 0.01714285714285716 0.07500000000000009
2133 0.008571428571428565 0.02571428571428574 0.07500000000000009
2134 0.008571428571428577 0.03428571428571434 0.07500000000000004
2135 0.008571428571428586 0.04285714285714288 0.07500000000000009
2136 0.008571428571428591 0.05142857142857143 0.07500000000000009
2137 0.004285714285714279 0.008571428571428587 0.07500000000000004
2138 0.004285714285714279 0.01714285714285718 0.07500000000000005
2139 0.004285714285714287 0.02571428571428576 0.07500000000000004
2140 0.004285714285714289 0.03428571428571436 0.07500000000000007
2141 0.004285714285714292 0.04285714285714291 0.07500000000000007
2142 0.004285714285714292 0.05142857142857143 0.07500000000000007
2143 0.0257142857142857 0.008571428571428548 0.08125000000000003
2144 0.02571428571428571 0.0171428571428571 0.08125000000000003
2145 0.02571428571428572 0.02571428571428563 0.08125000000000004
2146 0.02571428571428572 0.03428571428571422 0.08125000000000004
2147 0.02571428571428572 0.04285714285714282 0.08125000000000006
2148 0.02571428571428572 0.05142857142857145 0.08125000000000003
2149 0.02142857142857141 0.008571428571428549 0.08124999999999999
2150 0.02142857142857142 0.01714285714285711 0.08125
2151 0.02142857142857143 0.02571428571428566 0.08125000000000003
2152 0.02142857142857144 0.03428571428571426 0.0812500000000001
2153 0.02142857142857144 0.0428571428571428 0.08125000000000007
2154 0.02142857142857144 0.05142857142857143 0.08125000000000007
2155 0.01714285714285711 0.008571428571428563 0.08125000000000006
2156 0.01714285714285713 0.01714285714285713 0.08125000000000002
2157 0.01714285714285713 0.0257142857142857 0.08125000000000004
2158 0.01714285714285715 0.03428571428571427 0.08125000000000004
2159 0.01714285714285717 0.04285714285714286 0.08125000000000007
2160 0.01714285714285717 0.05142857142857142 0.08125000000000004
2161 0.01285714285714283 0.008571428571428567 0.08124999999999999
2162 0.01285714285714284 0.01714285714285715 0.08125
2163 0.01285714285714285 0.02571428571428572 0.08125
2164 0.01285714285714287 0.03428571428571428 0.08125000000000002
2165 0.01285714285714287 0.04285714285714286 0.08125000000000004
2166 0.01285714285714289 0.05142857142857146 0.08125000000000002
2167 0.008571428571428549 0.008571428571428574 0.08125
2168 0.008571428571428556 0.01714285714285717 0.08125000000000003
2169 0.008571428571428568 0.02571428571428575 0.08125000000000002
2170 0.008571428571428574 0.03428571428571434 0.08125000000000002
2171 0.008571428571428577 0.04285714285714288 0.08125000000000004
2172 0.008571428571428594 0.05142857142857146 0.08125000000000004
2173 0.004285714285714271 0.008571428571428587 0.08125000000000006
2174 0.004285714285714274 0.01714285714285718 0.08125000000000004
2175 0.004285714285714282 0.02571428571428577 0.08125000000000002
2176 0.004285714285714284 0.03428571428571435 0.08125000000000007
2177 0.004285714285714285 0.04285714285714291 0.08125000000000004
2178 0.004285714285714287 0.05142857142857148 0.08125000000000006
2179 0.0257142857142857 0.008571428571428556 0.08750000000000002
2180 0.0257142857142857 0.0171428571428571 0.08750000000000002
2181 0.02571428571428571 0.02571428571428563 0.08750000000000002
2182 0.02571428571428572 0.03428571428571422 0.08750000000000002
2183 0.02571428571428572 0.04285714285714284 0.08750000000000004
2184 0.02571428571428572 0.05142857142857141 0.08750000000000001
2185 0.02142857142857142 0.008571428571428563 0.08750000000000005
2186 0.02142857142857142 0.01714285714285711 0.08750000000000002
2187 0.02142857142857143 0.02571428571428566 0.08750000000000002
2188 0.02142857142857143 0.03428571428571426 0.08750000000000002
2189 0.02142857142857144 0.0428571428571428 0.08750000000000004
2190 0.02142857142857144 0.05142857142857142 0.08750000000000002
2191 0.01714285714285711 0.008571428571428572 0.08750000000000002
2192 0.01714285714285713 0.01714285714285712 0.08750000000000004
2193 0.01714285714285714 0.0257142857142857 0.08750000000000004
2194 0.01714285714285715 0.03428571428571429 0.08750000000000002
2195 0.01714285714285717 0.04285714285714286 0.08750000000000002
2196 0.01714285714285717 0.05142857142857141 0.08750000000000001
2197 0.01285714285714282 0.008571428571428577 0.08750000000000002
2198 0.01285714285714284 0.01714285714285715 0.08750000000000002
2199 0.01285714285714285 0.02571428571428573 0.08750000000000004
2200 0.01285714285714286 0.03428571428571427 0.08750000000000002
2201 0.01285714285714287 0.04285714285714286 0.08750000000000002
2202 0.01285714285714289 0.05142857142857141 0.08750000000000001
2203 0.008571428571428548 0.008571428571428577 0.08750000000000002
2204 0.008571428571428555 0.01714285714285717 0.08750000000000005
2205 0.008571428571428567 0.02571428571428575 0.08750000000000002
2206 0.008571428571428574 0.03428571428571434 0.08750000000000004
2207 0.008571428571428577 0.04285714285714287 0.08750000000000004
2208 0.008571428571428591 0.05142857142857145 0.08750000000000002
2209 0.004285714285714278 0.008571428571428587 0.08750000000000004
2210 0.004285714285714278 0.01714285714285718 0.08750000000000002
2211 0.004285714285714286 0.02571428571428577 0.08750000000000002
2212 0.004285714285714289 0.03428571428571434 0.08750000000000004
2213 0.004285714285714289 0.04285714285714291 0.08750000000000004
2214 0.00428571428571429 0.05142857142857144 0.08750000000000001
2215 0.0257142857142857 0.008571428571428555 0.09375000000000003
2216 0.02571428571428571 0.0171428571428571 0.09375000000000003
2217 0.02571428571428572 0.02571428571428565 0.09374999999999999
2218 0.02571428571428572 0.03428571428571422 0.09375000000000004
2219 0.02571428571428571 0.04285714285714282 0.09374999999999999
2220 0.02571428571428573 0.05142857142857144 0.09375000000000004
2221 0.02142857142857141 0.008571428571428561 0.09374999999999999
2222 0.02142857142857142 0.01714285714285711 0.09374999999999999
2223 0.02142857142857143 0.02571428571428566 0.09375
2224 0.02142857142857144 0.03428571428571425 0.09375000000000006
2225 0.02142857142857144 0.04285714285714282 0.09374999999999999
2226 0.02142857142857144 0.05142857142857143 0.09375
2227 0.01714285714285711 0.00857142857142857 0.09375
2228 0.01714285714285712 0.01714285714285712 0.09375000000000003
2229 0.01714285714285713 0.02571428571428569 0.09375
2230 0.01714285714285715 0.03428571428571427 0.09375000000000006
2231 0.01714285714285717 0.04285714285714286 0.09374999999999999
2232 0.01714285714285717 0.05142857142857142 0.09374999999999997
2233 0.01285714285714282 0.008571428571428572 0.09374999999999994
2234 0.01285714285714285 0.01714285714285714 0.09374999999999994
2235 0.01285714285714285 0.02571428571428572 0.09374999999999996
2236 0.01285714285714287 0.03428571428571428 0.09374999999999997
2237 0.01285714285714288 0.04285714285714286 0.09374999999999997
2238 0.01285714285714289 0.05142857142857144 0.09374999999999997
2239 0.008571428571428548 0.008571428571428577 0.09375000000000003
2240 0.008571428571428553 0.01714285714285717 0.09374999999999999
2241 0.00857142857142856 0.02571428571428575 0.09374999999999997
2242 0.008571428571428574 0.03428571428571432 0.09375000000000003
2243 0.008571428571428575 0.04285714285714289 0.09375000000000003
2244 0.008571428571428591 0.05142857142857146 0.09375
2245 0.004285714285714276 0.008571428571428587 0.09375000000000003
2246 0.004285714285714278 0.01714285714285718 0.09374999999999999
2247 0.004285714285714283 0.02571428571428577 0.09375
2248 0.004285714285714287 0.03428571428571435 0.09375
2249 0.004285714285714289 0.04285714285714291 0.09375000000000006
2250 0.004285714285714289 0.05142857142857146 0.09375000000000004
2251 0.06039984712559634 0.02999999999999991 0.05137627551020413
2252 0.05603941836479477 0.02999999999999991 0.02637627551020412
2253 0.05603567332461296 0.02999999999999991 0.07362372448979593
2254 0.04834132095640611 0.04185360863095231 0.05937500000000005
2255 0.04834132095640599 0.01814639136904755 0.05937500000000005
2256 0.0453698657576619 0.03528924851190469 0.08437500000000003
2257 0.04689466995594707 0.01814639136904755 0.08437500000000002
2258 0.04797201727179323 0.04185360863095231 0.04062500000000004
2259 0.04797201727179311 0.01814639136904755 0.04062500000000004
2260 0.04540018986353146 0.02471075148809516 0.01562500000000003
2261 0.04689169735959298 0.04185360863095232 0.01562500000000002
2262 0.04559976343141667 0.02999999999999991 0.04862372448979596
2263 0.0422091584270794 0.01285714285714281 0.02637627551020411
2264 0.04305203799047647 0.0471428571428571 0.07637627551020414
2265 0.04226198796103672 0.01285714285714281 0.01112372448979597
2266 0.0425541135884917 0.02671781994047609 0.02812500000000006
2267 0.04187315231247473 0.03857142857142851 0.03262627551020415
2268 0.04254852831247611 0.03328218005952371 0.07187500000000004
2269 0.04187285046360971 0.02142857142857135 0.07637627551020411
2270 0.04159024155093049 0.01285714285714281 0.06737372448979599
2271 0.04173549351869817 0.0471428571428571 0.08887627551020413
2272 0.04209570668616826 0.0471428571428571 0.02637627551020414
2273 0.0425320485153927 0.0471428571428571 0.04862372448979594
2274 0.04253204851539263 0.01285714285714282 0.04862372448979598
2275 0.03918248117150713 0.05042503720238093 0.009375000000000017
2276 0.08684099299976655 0.03011932369241703 0.06811488028084561
2277 0.08631212778660709 0.03 0.03397646257655427
2278 0.04050189735666674 0.02999999999999991 0.06112372448979595
2279 0.0403298790462784 0.03528924851190468 0.02187500000000004
2280 0.03982225049562043 0.02999999999999991 0.03887627551020415
2281 0.03960813468457224 0.0385714285714285 0.04512627551020416
2282 0.03960813468457219 0.02142857142857135 0.04512627551020409
2283 0.03964398373679186 0.0385714285714285 0.05487372448979595
2284 0.03964398373679184 0.02142857142857135 0.05487372448979598
2285 0.03946193454198847 0.008828494267875145 0.0888482566265734
2286 0.03910992271556415 0.01285714285714281 0.07987372448979596
2287 0.03964575410467189 0.05042503720238091 0.06562500000000003
2288 0.03992931608008769 0.03328218005952373 0.009375000000000019
2289 0.03985630172140644 0.02671781994047611 0.09062500000000001
2290 0.03942925707017032 0.01814639136904755 0.03437500000000005
2291 0.03976433389002919 0.0471428571428571 0.03612372448979595
2292 0.03856049874832523 0.0471428571428571 0.01737372448979594
2293 0.03859387624491703 0.01285714285714282 0.01737372448979599
2294 0.03849623358796131 0.02142857142857135 0.06737372448979599
2295 0.03783343561928017 0.02142857142857135 0.02012627551020408
2296 0.03779652525368683 0.02142857142857135 0.01112372448979597
2297 0.1133732733759567 0.03 0.05063075090208048
2298 0.03859503028182033 0.02999999999999991 0.07987372448979595
2299 0.03783353779954214 0.0385714285714285 0.08262627551020413
2300 0.03797340964943161 0.0471428571428571 0.05762627551020415
2301 0.03797340964943161 0.0385714285714285 0.06387627551020415
2302 0.03797340964943155 0.01285714285714281 0.05762627551020411
2303 0.06882407375032762 0.01820909789595056 0.08177143580846541
2304 0.03800516981909151 0.04185360863095233 0.009375000000000015
2305 0.03881866333282747 0.009574962797619008 0.04062500000000004
2306 0.03800046614492894 0.03528924851190468 0.09062500000000002
2307 0.06481207933812949 0.04319305702351781 0.01765601701657298
2308 0.0602551458500914 0.04333139928217448 0.08321828478770213
2309 0.060450377986512 0.0185067514309632 0.01572468460497392
2310 0.03738898251699086 0.0385714285714285 0.07637627551020416
2311 0.03767470767710514 0.01814639136904755 0.09062500000000001
2312 0.0555889400470802 0.01499174066700799 0.07249291260432469
2313 0.06693009760841812 0.04144853333281413 0.03735702104982224
2314 0.06693009760841781 0.01855146666718575 0.03735702104982229
2315 0.03682503070316084 0.0471428571428571 0.03262627551020415
2316 0.03724625206516015 0.0471428571428571 0.08262627551020413
2317 0.03687453477163687 0.01285714285714281 0.03262627551020411
2318 0.0370161417966663 0.0471428571428571 0.04237372448979595
2319 0.03651907686082496 0.02999999999999991 0.01737372448979596
2320 0.03651907686082496 0.02999999999999991 0.02637627551020412
2321 0.06619607471861021 0.04209316593113666 0.06406506712839319
2322 0.03672832119101989 0.0385714285714285 0.03887627551020417
2323 0.03672819039548068 0.02142857142857135 0.0826262755102041
2324 0.03670350596351935 0.02999999999999991 0.06737372448979596
2325 0.03739330682902555 0.02999999999999991 0.05137627551020413
2326 0.03702114004971571 0.007567894345238071 0.07187500000000005
2327 0.07193282530584789 0.0188115652020259 0.06249157161459441
2328 0.03695718469621409 0.007567894345238087 0.009375000000000014
2329 0.0362165594573049 0.02142857142857135 0.007626275510204065
2330 0.03632748435836073 0.03869442121325544 0.0925808947221029
2331 0.03622330706785155 0.0471428571428571 0.007626275510204107
2332 0.07970663594415192 0.04132645930563983 0.08248230781810681
2333 0.03627204208814424 0.01285714285714282 0.09237372448979596
2334 0.03627814571218839 0.04714285714285711 0.09237372448979592
2335 0.03619141899491806 0.01285714285714282 0.007626275510204051
2336 0.05363411629656842 0.04228578660511902 0.0291325314215363
2337 0.03614607353733333 0.02999999999999991 0.05487372448979597
2338 0.03647668356145484 0.007567894345238082 0.02187500000000004
2339 0.0364684936691369 0.05243210565476188 0.02187500000000004
2340 0.03539674024119953 0.0471428571428571 0.02637627551020414
2341 0.03616944000926158 0.04185360863095232 0.02187500000000004
2342 0.03539810067239096 0.01285714285714281 0.0263762755102041
2343 0.03709205822418747 0.05286645393977953 0.07752932235197585
2344 0.05606233097623376 0.03241940870437539 0.0132224636417154
2345 0.05604809125700486 0.02759980180756411 0.08678406577643821
2346 0.03633775402725397 0.02999999999999992 0.09237372448979594
2347 0.03485321191240242 0.046524837393326 0.07342249882247343
2348 0.0363293568607309 0.02999999999999991 0.007626275510204089
2349 0.0358681879285889 0.02999999999999991 0.04512627551020412
2350 0.05111467539654077 0.04977757867935111 0.08354479274044348
2351 0.03645291287853036 0.01613932291666662 0.07187500000000005
2352 0.03578245801844024 0.02142857142857135 0.05137627551020411
2353 0.03578245801844022 0.0385714285714285 0.05137627551020415
2354 0.03539417126412873 0.02142857142857135 0.07637627551020411
2355 0.03633607145351965 0.05243210565476188 0.05312500000000005
2356 0.05540597175893946 0.04677500041135654 0.07121923565452926
2357 0.03642834349634367 0.02471075148809515 0.03437500000000005
2358 0.03633607145351959 0.007567894345238076 0.05312500000000004
2359 0.03537572467297163 0.0471428571428571 0.04862372448979594
2360 0.03539122965760034 0.02999999999999991 0.07362372448979593
2361 0.03537572467297158 0.01285714285714282 0.04862372448979599
2362 0.07444478470139454 0.02880401117758063 0.01616135730177724
2363 0.03634692891786157 0.007567894345238075 0.08437500000000003
2364 0.0363568784713268 0.02142857142857135 0.09237372448979594
2365 0.03633938986067949 0.0385714285714285 0.007626275510204107
2366 0.04806524040934532 0.05185652069319869 0.008456579797362538
2367 0.04813233869851145 0.01559611183705354 0.01877042434560879
2368 0.05165521341351406 0.01928008250616946 0.02944304932984279
2369 0.05389298824066603 0.01092456143754216 0.01032398612578744
2370 0.03535454934356811 0.02142857142857135 0.06112372448979599
2371 0.03511676716824865 0.02142857142857135 0.02637627551020409
2372 0.03511680260499783 0.0385714285714285 0.08887627551020415
2373 0.03624170220884633 0.01613932291666662 0.04062500000000004
2374 0.03536191843546597 0.02142857142857135 0.03612372448979598
2375 0.05572913272998313 0.01262993192054622 0.04985085126853643
2376 0.05572913272998321 0.04737006807945375 0.04985085126853644
2377 0.03538129404214485 0.0471428571428571 0.06112372448979594
2378 0.05217920829058274 0.02952950209258207 0.03813800287538138
2379 0.04834496099502703 0.02566840302339821 0.06702450240084437
2380 0.03516568719285344 0.0385714285714285 0.07012627551020414
2381 0.0821431474979195 0.04075564804448035 0.05116373739529957
2382 0.03516568719285344 0.01285714285714281 0.0638762755102041
2383 0.03431986852906668 0.04705183611917003 0.08918544801928625
2384 0.03647939482831732 0.05340902477097802 0.03928522521204651
2385 0.05070015417655458 0.01016413984267254 0.08976971233053681
2386 0.03540239013027838 0.03857142857142851 0.02987372448979596
2387 0.03470153851590142 0.02999999999999992 0.01112372448979593
2388 0.03476976440514755 0.03027210391259213 0.03259827707068024
2389 0.04498236058810415 0.05238122496313444 0.02004732145282782
2390 0.03462218632430981 0.0471428571428571 0.01387627551020412
2391 0.03461402208433689 0.01285714285714281 0.01387627551020407
2392 0.03463481669284304 0.01285714285714282 0.08612372448979595
2393 0.03443415809678336 0.02142857142857135 0.02987372448979599
2394 0.0449603035642422 0.007597758784017662 0.02004426351365347
2395 0.03445966984215023 0.0471428571428571 0.06737372448979594
2396 0.03465256782461081 0.03857142857142851 0.01387627551020411
2397 0.03440264201620404 0.01285714285714282 0.0701262755102041
2398 0.0343365183182671 0.01285714285714281 0.07637627551020411
2399 0.03452522057604364 0.0552899366122 0.09295568897265631
2400 0.03465723255112794 0.02142857142857135 0.08612372448979595
2401 0.03471904972186196 0.0557142857142857 0.04512627551020414
2402 0.03465213265122257 0.02999999999999991 0.08612372448979592
2403 0.06770784554946151 0.03195038125950546 0.08076747551074813
2404 0.03518000331979942 0.05463685460911399 0.006148655708825747
2405 0.03537117727493123 0.05464174811866781 0.01240536680764243
2406 0.05070943195258804 0.04193111676503804 0.09052102559123416
2407 0.04534108421063225 0.05217310221975941 0.04144534598574729
2408 0.04148437304083411 0.0529753235954123 0.09333134295596442
2409 0.04613398497354496 0.008694166494269033 0.07477139834233351
2410 0.09186621426493288 0.02025645775575078 0.01803043383716834
2411 0.04777889717087574 0.02857736040536399 0.0781794315172596
2412 0.04769670282351018 0.009267289499426441 0.03476089292564578
2413 0.04127461588797617 0.04350660390158325 0.06911495928401923
2414 0.036281062721729 0.05327115668542746 0.0292756985563414
2415 0.03464701285283417 0.02999999999999991 0.06387627551020414
2416 0.0362810020599315 0.006728763578785745 0.02927580790827753
2417 0.09938323417245644 0.03787170971482687 0.08162180359508711
2418 0.03627865949543958 0.006123036696696854 0.09308655143728219
2419 0.03395779000182371 0.0385714285714285 0.01737372448979593
2420 0.03395779000182371 0.0385714285714285 0.02637627551020414
2421 0.05026055930579072 0.05167276454898034 0.09225780569665584
2422 0.03473656477916193 0.004797075933893994 0.03577604683589939
2423 0.08842267171479666 0.01963902122786016 0.0510534950267538
2424 0.03553256273851965 0.0538865118779188 0.07037023928466028
2425 0.03629667357299483 0.05388642806640014 0.08636949930738964
2426 0.03525727049922667 0.03528924851190469 0.05937500000000005
2427 0.05087741960634785 0.03133507459924548 0.0580656367799095
2428 0.03390470498822468 0.004285714285714275 0.08887627551020411
2429 0.03425280680506963 0.004285714285714278 0.00487372448979595
2430 0.03425280680506964 0.004285714285714271 0.01387627551020408
2431 0.03525727049922663 0.007567894345238084 0.05937500000000005
2432 0.05564539129065602 0.04416740067226039 0.009627394614044596
2433 0.04791362798435307 0.03925997856676101 0.04996952007788268
2434 0.04791362798435288 0.02074002143323887 0.04996952007788263
2435 0.03398381328867056 0.01285714285714281 0.03612372448979598
2436 0.03398381328867056 0.01285714285714282 0.04512627551020411
2437 0.1035832403426452 0.01850422666618216 0.06497890568110376
2438 0.04597085292968051 0.02023825443612528 0.008052803814018459
2439 0.04607254194234091 0.00824457179039396 0.0601658032683997
2440 0.08328933031725706 0.01330518823783522 0.07599777252715656
2441 0.03423261192970699 0.0471428571428571 0.03887627551020416
2442 0.03406999472786598 0.004285714285714276 0.01737372448979598
2443 0.1095052980637323 0.03578462578290525 0.02660308852245072
2444 0.1409698416083464 0.03 0.03316676785029606
2445 0.03591114223693575 0.006679735545074248 0.04565695364548965
2446 0.0342654003141777 0.02999999999999991 0.03612372448979594
2447 0.08106030029851848 0.02645430114392428 0.08585811932364586
2448 0.03406695275453677 0.0557142857142857 0.01737372448979595
2449 0.0467803748342747 0.007316710134274953 0.007662050752737914
2450 0.04990859466750616 0.03935596534768023 0.07596807205849461
2451 0.03365318838462136 0.0385714285714285 0.05487372448979595
2452 0.03481355302874618 0.02471075148809516 0.01562500000000003
2453 0.03406695275453676 0.0557142857142857 0.02637627551020413
2454 0.03481355302874619 0.02671781994047609 0.02187500000000004
2455 0.03481355302874619 0.03328218005952373 0.02187500000000004
2456 0.04659295517143967 0.05137612116664203 0.05893465083670121
2457 0.034069994727866 0.004285714285714267 0.0263762755102041
2458 0.03414395252732723 0.0385714285714285 0.04237372448979595
2459 0.03414395252732719 0.02142857142857135 0.042373724489796
2460 0.034164330862062 0.02142857142857135 0.05762627551020411
2461 0.03365962527355701 0.0557142857142857 0.003125000000000005
2462 0.03365962527355701 0.0471428571428571 0.003125000000000005
2463 0.03365962527355701 0.0385714285714285 0.003125000000000005
2464 0.033659625273557 0.02999999999999991 0.003125000000000005
2465 0.033659625273557 0.02142857142857135 0.003125000000000005
2466 0.033659625273557 0.01285714285714282 0.003125000000000005
2467 0.0332936627462013 0.004285714285714275 0.003125000000000005
2468 0.03365962527355701 0.0557142857142857 0.009375000000000017
2469 0.03365962527355701 0.0471428571428571 0.009375000000000017
2470 0.03365962527355701 0.03857142857142851 0.009375000000000017
2471 0.033659625273557 0.02999999999999991 0.009375000000000017
2472 0.033659625273557 0.02142857142857135 0.009375000000000017
2473 0.033659625273557 0.01285714285714282 0.009375000000000017
2474 0.033659625273557 0.004285714285714275 0.009375000000000017
2475 0.0332936627462013 0.0557142857142857 0.01562500000000003
2476 0.03365962527355701 0.0471428571428571 0.01562500000000003
2477 0.03292770021884561 0.03857142857142851 0.01562500000000003
2478 0.033659625273557 0.02999999999999991 0.01562500000000003
2479 0.033659625273557 0.02142857142857135 0.01562500000000003
2480 0.033659625273557 0.01285714285714282 0.01562500000000003
2481 0.0332936627462013 0.004285714285714273 0.01562500000000003
2482 0.03365962527355701 0.0557142857142857 0.02187500000000004
2483 0.03365962527355701 0.0471428571428571 0.02187500000000004
2484 0.03365962527355701 0.0385714285714285 0.02187500000000004
2485 0.033659625273557 0.02999999999999991 0.02187500000000004
2486 0.033659625273557 0.02142857142857135 0.02187500000000004
2487 0.0332936627462013 0.01285714285714281 0.02187500000000004
2488 0.033659625273557 0.004285714285714271 0.02187500000000004
2489 0.0332936627462013 0.0557142857142857 0.02812500000000005
2490 0.03365962527355701 0.0471428571428571 0.02812500000000005
2491 0.03292770021884561 0.03857142857142851 0.02812500000000005
2492 0.033659625273557 0.02999999999999991 0.02812500000000005
2493 0.0332936627462013 0.02142857142857135 0.02812500000000005
2494 0.033659625273557 0.01285714285714281 0.02812500000000005
2495 0.0332936627462013 0.004285714285714269 0.02812500000000005
2496 0.033659625273557 0.0557142857142857 0.03437500000000005
2497 0.033659625273557 0.0471428571428571 0.03437500000000005
2498 0.0329244194698281 0.03687254902141505 0.03431230498856806
2499 0.0332936627462013 0.02999999999999991 0.03437500000000006
2500 0.03365962527355699 0.02142857142857135 0.03437500000000006
2501 0.03292770021884559 0.01285714285714281 0.03437500000000006
2502 0.0311056875526703 0.00408042872800813 0.03418002167225756
2503 0.033659625273557 0.0557142857142857 0.04062500000000004
2504 0.0332936627462013 0.0471428571428571 0.04062500000000004
2505 0.0332936627462013 0.0385714285714285 0.04062500000000004
2506 0.0325617376914899 0.02999999999999991 0.04062500000000004
2507 0.03329366274620129 0.02142857142857135 0.04062500000000004
2508 0.0321957751641342 0.01285714285714281 0.04062500000000004
2509 0.03256173769148989 0.004285714285714271 0.04062500000000004
2510 0.033659625273557 0.0557142857142857 0.04687500000000004
2511 0.03365962527355701 0.0471428571428571 0.04687500000000005
2512 0.0321957751641342 0.0385714285714285 0.04687500000000004
2513 0.033659625273557 0.02999999999999991 0.04687500000000004
2514 0.0321957751641342 0.02142857142857135 0.04687500000000004
2515 0.03292770021884559 0.01285714285714282 0.04687500000000004
2516 0.03365962527355699 0.004285714285714273 0.04687500000000004
2517 0.033659625273557 0.0557142857142857 0.05312500000000004
2518 0.0332936627462013 0.0471428571428571 0.05312500000000005
2519 0.03292770021884561 0.0385714285714285 0.05312500000000005
2520 0.033659625273557 0.02999999999999991 0.05312500000000004
2521 0.03365962527355699 0.02142857142857135 0.05312500000000005
2522 0.03329366274620129 0.01285714285714281 0.05312500000000003
2523 0.033659625273557 0.004285714285714271 0.05312500000000003
2524 0.0318298126367785 0.0557142857142857 0.05937500000000005
2525 0.03365962527355701 0.0471428571428571 0.05937500000000005
2526 0.03365962527355701 0.03857142857142851 0.05937500000000005
2527 0.03292770021884561 0.02999999999999991 0.05937500000000005
2528 0.0332936627462013 0.02142857142857135 0.05937500000000005
2529 0.033659625273557 0.01285714285714281 0.05937500000000005
2530 0.0332936627462013 0.004285714285714271 0.05937500000000005
2531 0.0329277002188456 0.0557142857142857 0.06562500000000004
2532 0.0332936627462013 0.0471428571428571 0.06562500000000004
2533 0.033659625273557 0.03857142857142851 0.06562500000000004
2534 0.033659625273557 0.02999999999999991 0.06562500000000004
2535 0.03365962527355699 0.02142857142857135 0.06562500000000004
2536 0.033659625273557 0.01285714285714281 0.06562500000000006
2537 0.033659625273557 0.004285714285714271 0.06562500000000004
2538 0.033659625273557 0.0557142857142857 0.07187500000000004
2539 0.03098446782782305 0.04744099237702574 0.07170731829681962
2540 0.033659625273557 0.0385714285714285 0.07187500000000005
2541 0.033659625273557 0.02999999999999991 0.07187500000000005
2542 0.03080523548160789 0.02146908023009925 0.07192595651298157
2543 0.03329366274620129 0.01285714285714281 0.07187500000000005
2544 0.03365962527355699 0.004285714285714273 0.07187500000000005
2545 0.033659625273557 0.0557142857142857 0.07812500000000004
2546 0.0332936627462013 0.0471428571428571 0.07812500000000004
2547 0.033659625273557 0.0385714285714285 0.07812500000000004
2548 0.033659625273557 0.02999999999999991 0.07812500000000004
2549 0.03365962527355699 0.02142857142857135 0.07812500000000004
2550 0.03329366274620129 0.01285714285714281 0.07812500000000004
2551 0.03365962527355699 0.004285714285714271 0.07812500000000004
2552 0.033659625273557 0.0557142857142857 0.08437500000000003
2553 0.033659625273557 0.0471428571428571 0.08437500000000003
2554 0.033659625273557 0.0385714285714285 0.08437500000000003
2555 0.033659625273557 0.02999999999999991 0.08437500000000003
2556 0.03365962527355699 0.02142857142857135 0.08437500000000003
2557 0.03076580706389321 0.01270429618935557 0.08431707716315678
2558 0.03329366274620129 0.004285714285714271 0.08437500000000003
2559 0.033659625273557 0.0557142857142857 0.09062500000000001
2560 0.03227762609299302 0.04712716386291106 0.09077322115744203
2561 0.033659625273557 0.0385714285714285 0.09062500000000001
2562 0.033659625273557 0.02999999999999991 0.09062500000000001
2563 0.03365962527355699 0.02142857142857135 0.09062500000000001
2564 0.03365962527355699 0.01285714285714282 0.09062500000000001
2565 0.03292770021884559 0.004285714285714275 0.09062500000000001
2566 0.0332936627462013 0.0557142857142857 0.09687500000000002
2567 0.03365962527355701 0.0471428571428571 0.09687499999999999
2568 0.033659625273557 0.0385714285714285 0.09687499999999999
2569 0.033659625273557 0.02999999999999991 0.09687500000000002
2570 0.03365962527355699 0.02142857142857135 0.09687499999999999
2571 0.03365962527355699 0.01285714285714282 0.09687500000000002
2572 0.03365962527355699 0.004285714285714273 0.09687500000000002
2573 0.0159356398809524 0.07448158433605144 0.02187500000000004
2574 0.01337268479789977 0.07237869106426968 0.01183948386141696
2575 0.01500000000000005 0.07319635180168275 0.08667219387755105
2576 0.01500000000000004 0.07508116288330216 0.03832780612244902
2577 0.01406436011904763 0.0745204774728447 0.06562500000000004
2578 0.01593563988095242 0.07425686924431327 0.05312500000000004
2579 0.02022135416666667 0.06961064888708696 0.009375000000000015
2580 0.01372957100091627 0.07179023144403389 0.08708420582919975
2581 0.02022135416666667 0.0703838238733539 0.05937500000000005
2582 0.02022135416666669 0.06914309514102851 0.09062500000000001
2583 0.009778645833333349 0.0703154793040193 0.01562500000000003
2584 0.009778645833333351 0.07048635424658681 0.05937500000000005
2585 0.02022135416666668 0.06976194408528899 0.02812500000000006
2586 0.02022135416666669 0.06978656249669413 0.04062500000000004
2587 0.01928571428571432 0.07099522860969149 0.07582780612244903
2588 0.009778645833333344 0.07053041119996695 0.07812500000000004
2589 0.009778645833333346 0.07050276726936619 0.04062500000000005
2590 0.01071428571428575 0.06951039573983939 0.03042219387755108
2591 0.007364211309523873 0.06766912792194299 0.09062500000000001
2592 0.01928571428571432 0.06849767127415894 0.06792219387755107
2593 0.01164992559523814 0.06793849040405794 0.07187500000000004
2594 0.01071428571428575 0.06851661438479743 0.05082780612244903
2595 0.01835007440476195 0.0679397552312913 0.04687500000000004
2596 0.01406436011904767 0.06739742464674039 0.02187500000000004
2597 0.01164992559523816 0.06732964262701585 0.06562500000000004
2598 0.01071045052125175 0.0665442339374394 0.006509661581366902
2599 0.02263578869047624 0.06655697492770386 0.01562500000000003
2600 0.02263578869047621 0.066879718478197 0.05312500000000005
2601 0.01593563988095242 0.06724765474527168 0.03437500000000006
2602 0.006428571428571447 0.06702311771476838 0.02417219387755107
2603 0.01406436011904764 0.06602966331874775 0.09062500000000001
2604 0.01835007440476194 0.06684645922949589 0.08437500000000003
2605 0.01036658211283512 0.06561228052840948 0.08359815002736125
2606 0.01393802265646451 0.08491614882111956 0.07738125290544712
2607 0.02022135416666667 0.06584590581786057 0.02187500000000004
2608 0.0159356398809524 0.06584590581786057 0.01562500000000003
2609 0.01406436011904764 0.06565102455066889 0.07812500000000003
2610 0.02357142857142859 0.06616991330946329 0.08042219387755105
2611 0.006428571428571448 0.06592905057879994 0.01167219387755104
2612 0.02263578869047622 0.06594657843733631 0.03437500000000006
2613 0.007364211309523853 0.06544227815399099 0.07812500000000003
2614 0.01593563988095242 0.06588683404330198 0.05312500000000004
2615 0.01835007440476196 0.06580310317083257 0.05937500000000005
2616 0.01164992559523812 0.06580249910962618 0.05937500000000005
2617 0.02357142857142859 0.0651706197233958 0.005422193877551018
2618 0.02357142857142859 0.06517061972339577 0.094577806122449
2619 0.02357142857142859 0.06614206918067587 0.06332780612244904
2620 0.006428571428571448 0.06614210449970964 0.05542219387755108
2621 0.0159356398809524 0.06517701362422584 0.009375000000000015
2622 0.02357142857142859 0.06582287197009941 0.07417219387755106
2623 0.02357142857142859 0.06541422513666055 0.08667219387755104
2624 0.0204409763492347 0.0800774556921396 0.01053206262984961
2625 0.005492931547619054 0.06440532355681476 0.09062500000000001
2626 0.02022135416666667 0.06409621929591643 0.009375000000000015
2627 0.02357142857142859 0.06568671513390584 0.04457780612244903
2628 0.01593563988095242 0.065258289310358 0.04062500000000004
2629 0.01071428571428575 0.06522148388612095 0.04292219387755107
2630 0.006428571428571443 0.06568635626132002 0.06957780612244902
2631 0.02022135416666668 0.06409621929591641 0.09062500000000001
2632 0.01593563988095242 0.06516818611190803 0.07187500000000005
2633 0.01071428571428575 0.06550461090137341 0.03667219387755108
2634 0.006428571428571446 0.06570172787527466 0.01792219387755106
2635 0.005859856480126436 0.06528987362689351 0.06289373594301031
2636 0.0159356398809524 0.06524690060968581 0.02812500000000006
2637 0.02450706845238095 0.06443642798793969 0.009375000000000017
2638 0.02450706845238095 0.06446500457334593 0.02187500000000004
2639 0.01071428571428574 0.06480353642676813 0.09457780612244897
2640 0.02514570378932825 0.06396771105114776 0.05337144280809245
2641 0.01966869076123694 0.08323058874057092 0.08912886028499883
2642 0.005478797680041557 0.06426998516795504 0.06561676736030803
2643 0.01453080097750751 0.09047210493148962 0.02125916248793524
2644 0.02450706845238095 0.0644809720086162 0.05937500000000005
2645 0.02450706845238096 0.06445043997990478 0.09062500000000001
2646 0.02450706845238096 0.06445679059838726 0.04687500000000004
2647 0.02450706845238095 0.06447927306591385 0.02812500000000006
2648 0.005492931547619083 0.06447242924593254 0.07187500000000005
2649 0.005492931547619023 0.06445679059838726 0.08437500000000003
2650 0.02450706845238096 0.06447683336264994 0.04062500000000004
2651 0.02450706845238094 0.06448405674957969 0.01562500000000003
2652 0.00549293154761906 0.06447528354590426 0.009375000000000017
2653 0.005492931547619039 0.06440575391095278 0.03437500000000005
2654 0.02451249523491626 0.06443050074256824 0.06566104848860614
2655 0.02450706845238097 0.06453612907745408 0.03437500000000006
2656 0.005492931547619058 0.0644968037349066 0.01562500000000003
2657 0.005492931547619062 0.0643731984945215 0.02187500000000004
2658 0.00977864583333336 0.06462393350894487 0.02812500000000005
2659 0.02450706845238096 0.06445679059838726 0.08437500000000002
2660 0.01427287082803012 0.06309673332003574 0.009428575901946961
2661 0.01593563988095242 0.06455933833486593 0.06562500000000004
2662 0.007364211309523837 0.06410693311997874 0.04687500000000006
2663 0.01406436011904766 0.06410693311997874 0.04687500000000004
2664 0.01837338913312107 0.06458095060349762 0.004796599487201367
2665 0.02263578869047623 0.06394498459654609 0.08437500000000003
2666 0.005492931547619054 0.0644696724740719 0.05937500000000005
2667 0.004812302362351199 0.0648845854846492 0.04651033245831515
2668 0.01181309058564361 0.07133998122760932 0.0939504183739142
2669 0.009203415686501307 0.08021680092260239 0.09049824975567075
2670 0.02450706845238096 0.06463421453393917 0.07812500000000004
2671 0.02450739471971785 0.06449066806906199 0.07186977726717496
2672 0.01835007440476193 0.06360726510413366 0.09062500000000001
2673 0.01016196750770212 0.08215395051599554 0.009615716651572216
2674 0.01835007440476196 0.06418160662527314 0.02187500000000004
2675 0.005492931547619059 0.06494258053552607 0.02812500000000006
2676 0.01808998749819525 0.06446971688106597 0.09539773306246206
2677 0.01164992559523815 0.06411670049314393 0.03437500000000005
2678 0.01117591565895801 0.06484240501462937 0.01364435237022427
2679 0.01164992559523814 0.06353400863270767 0.01562500000000003
2680 0.006662542488964101 0.07271341579831343 0.00893348389856943
2681 0.004625604255818495 0.06547820200538647 0.09574323700047882
2682 0.0183966238839286 0.06369569057964057 0.07840455994897963
2683 0.005492931547619035 0.06445196816067804 0.07812500000000006
2684 0.009778645833333321 0.06301353847443154 0.09062500000000001
2685 0.005492931547619043 0.06445679059838712 0.04062500000000004
2686 0.02022135416666667 0.06282170428063329 0.003125000000000005
2687 0.01295397607695087 0.06350561612588999 0.08506186787416377
2688 0.02692150297619051 0.0630956064985962 0.003125000000000006
2689 0.01987637595978161 0.06299050959774741 0.09663844351527881
2690 0.01723430345655597 0.07624196533760064 0.09300091287527523
2691 0.01164992559523815 0.06330848616718571 0.04062500000000004
2692 0.02263578869047625 0.06351711434649585 0.05937500000000005
2693 0.01400244751103243 0.09037949483348058 0.06207580439755531
2694 0.01531609302508782 0.09150902837080606 0.03765242117216586
2695 0.02692150297619049 0.06309560649859619 0.096875
2696 0.01164992559523815 0.06355022437928862 0.05312500000000005
2697 0.005492931547619049 0.06445679059838727 0.05312500000000005
2698 0.007364211309523842 0.0635168763982091 0.05937500000000005
2699 0.01164992559523813 0.06330426636681918 0.02812500000000006
2700 0.009778645833333361 0.06303584241745355 0.009375000000000017
2701 0.01548910590883982 0.06316226201860108 0.00341057378700741
2702 0.007364211309523854 0.06316492607452909 0.08437500000000002
2703 0.009778645833333349 0.06304278259235313 0.01562500000000003
2704 0.02022135416666667 0.06302990798681236 0.04687500000000005
2705 0.01567051936066568 0.06972147068893644 0.005665208336621932
2706 0.02022135416666668 0.06303712625017255 0.02812500000000006
2707 0.0202213541666667 0.06303966473712931 0.05312500000000005
2708 0.01389896303088582 0.07637192630257661 0.006230262728546286
2709 0.01406436011904765 0.06362953927727781 0.07187500000000004
2710 0.02022135416666669 0.06303634099998953 0.04062500000000004
2711 0.009778645833333342 0.06303492467833852 0.07187500000000005
2712 0.02315304381320073 0.07267622978610339 0.08462184837781896
2713 0.02020882573951724 0.06306398395429477 0.071719660260211
2714 0.02022135416666669 0.06308793351692113 0.07812500000000004
2715 0.00501055594777767 0.06607701285035369 0.004556758152567673
2716 0.02055125382428716 0.06323729148265476 0.0655836552020877
2717 0.01835007440476195 0.06292325774146491 0.04687500000000004
2718 0.02227261566489162 0.075003081673625 0.005965337233059038
2719 0.01055644382863019 0.08084022741548384 0.02960130368229467
2720 0.007364211309523857 0.06292607774256459 0.03437500000000006
2721 0.005756840252691563 0.07144822061676059 0.0947434770652833
2722 0.01593563988095242 0.06302933955662555 0.08437500000000002
2723 0.0106214007992937 0.06324903840244946 0.0656466329184215
2724 0.01928571428571432 0.06341803123987948 0.01332780612244901
2725 0.02263578869047624 0.06248096580715393 0.01562500000000003
2726 0.01019711864109549 0.0633892165527191 0.0218479387054629
2727 0.01465091297024546 0.09960396964985209 0.0845317815662453
2728 0.002142857142857149 0.06207019667802707 0.003125000000000005
2729 0.006428571428571447 0.06258774584753383 0.003125000000000005
2730 0.01071428571428575 0.06181142209327368 0.003125000000000005
2731 0.0151262069968608 0.06117400531118183 0.002505390248651697
2732 0.01928571428571432 0.06207019667802706 0.003125000000000005
2733 0.02357142857142859 0.06258774584753382 0.003125000000000005
2734 0.02785714285714286 0.06232897126278044 0.003125000000000005
2735 0.002142857142857149 0.06258774584753383 0.009375000000000017
2736 0.006428571428571447 0.06258774584753383 0.009375000000000017
2737 0.01071428571428575 0.06232897126278045 0.009375000000000017
2738 0.01511920648512838 0.06169410097950321 0.009384237224473627
2739 0.01928571428571432 0.06129387292376691 0.009375000000000017
2740 0.02357142857142859 0.06258774584753382 0.009375000000000017
2741 0.02785714285714286 0.06258774584753382 0.009375000000000017
2742 0.002142857142857149 0.06258774584753383 0.01562500000000003
2743 0.006428571428571447 0.06258774584753383 0.01562500000000003
2744 0.01071428571428575 0.06232897126278045 0.01562500000000003
2745 0.01500000000000004 0.06258774584753383 0.01562500000000003
2746 0.01928571428571432 0.06258774584753382 0.01562500000000003
2747 0.02357142857142859 0.06207019667802706 0.01562500000000003
2748 0.02785714285714287 0.06258774584753382 0.01562500000000003
2749 0.002142857142857149 0.06258774584753383 0.02187500000000004
2750 0.006428571428571447 0.06258774584753383 0.02187500000000004
2751 0.01071428571428575 0.06181142209327369 0.02187500000000004
2752 0.01500000000000004 0.06258774584753383 0.02187500000000004
2753 0.01928571428571432 0.06258774584753382 0.02187500000000004
2754 0.02357142857142859 0.06258774584753382 0.02187500000000004
2755 0.02785714285714286 0.06258774584753382 0.02187500000000004
2756 0.002142857142857149 0.06258774584753383 0.02812500000000005
2757 0.006428571428571447 0.06258774584753383 0.02812500000000005
2758 0.01071428571428575 0.06258774584753383 0.02812500000000005
2759 0.01500000000000004 0.06258774584753383 0.02812500000000005
2760 0.01928571428571432 0.06232897126278044 0.02812500000000005
2761 0.02357142857142859 0.06258774584753382 0.02812500000000005
2762 0.02785714285714287 0.06258774584753382 0.02812500000000005
2763 0.002142857142857149 0.06258774584753382 0.03437500000000006
2764 0.006428571428571448 0.06232897126278045 0.03437500000000006
2765 0.01071428571428575 0.06258774584753382 0.03437500000000006
2766 0.01500000000000004 0.06258774584753382 0.03437500000000006
2767 0.01928571428571432 0.06258774584753382 0.03437500000000006
2768 0.0235714285714286 0.06258774584753382 0.03437500000000006
2769 0.02785714285714287 0.06258774584753382 0.03437500000000006
2770 0.002142857142857149 0.06258774584753383 0.04062500000000004
2771 0.006428571428571448 0.06181142209327368 0.04062500000000004
2772 0.01071428571428575 0.06258774584753383 0.04062500000000004
2773 0.01500000000000004 0.06258774584753382 0.04062500000000004
2774 0.01928571428571432 0.06232897126278043 0.04062500000000004
2775 0.02357142857142859 0.06258774584753382 0.04062500000000004
2776 0.02785714285714287 0.06258774584753382 0.04062500000000004
2777 0.002142857142857149 0.06258774584753383 0.04687500000000004
2778 0.006428571428571447 0.06258774584753383 0.04687500000000004
2779 0.01071428571428575 0.06258774584753383 0.04687500000000004
2780 0.01500000000000004 0.06258774584753383 0.04687500000000004
2781 0.01928571428571432 0.06232897126278044 0.04687500000000004
2782 0.02357142857142859 0.06258774584753382 0.04687500000000004
2783 0.02785714285714286 0.06258774584753382 0.04687500000000004
2784 0.002142857142857149 0.06258774584753383 0.05312500000000005
2785 0.006428571428571447 0.06181142209327368 0.05312500000000005
2786 0.01071428571428575 0.06258774584753382 0.05312500000000005
2787 0.01500000000000004 0.06258774584753382 0.05312500000000003
2788 0.01928571428571432 0.06232897126278043 0.05312500000000005
2789 0.02357142857142859 0.06258774584753382 0.05312500000000003
2790 0.02785714285714287 0.06258774584753382 0.05312500000000003
2791 0.002142857142857149 0.06258774584753383 0.05937500000000005
2792 0.006428571428571447 0.06258774584753383 0.05937500000000005
2793 0.01071428571428575 0.06258774584753383 0.05937500000000005
2794 0.01500000000000004 0.06258774584753383 0.05937500000000005
2795 0.01928571428571432 0.06258774584753382 0.05937500000000005
2796 0.02357142857142859 0.06258774584753382 0.05937500000000005
2797 0.02785714285714287 0.06258774584753382 0.05937500000000005
2798 0.002142857142857149 0.06232897126278044 0.06562500000000004
2799 0.006602468993237183 0.06090570059357322 0.06537837632610717
2800 0.01071428571428575 0.06232897126278045 0.06562500000000004
2801 0.01500000000000004 0.06258774584753382 0.06562500000000004
2802 0.01928571428571432 0.06232897126278043 0.06562500000000004
2803 0.02357142857142859 0.06258774584753382 0.06562500000000006
2804 0.02785714285714287 0.06258774584753382 0.06562500000000004
2805 0.002142857142857149 0.06258774584753383 0.07187500000000005
2806 0.006428571428571449 0.06258774584753383 0.07187500000000005
2807 0.01071428571428575 0.06232897126278045 0.07187500000000004
2808 0.01500000000000004 0.06258774584753382 0.07187500000000004
2809 0.01928571428571433 0.06232897126278044 0.07187500000000005
2810 0.02357142857142859 0.06258774584753382 0.07187500000000005
2811 0.02785714285714287 0.06258774584753382 0.07187500000000005
2812 0.002142857142857149 0.06258774584753382 0.07812500000000004
2813 0.006428571428571448 0.06258774584753382 0.07812500000000004
2814 0.01071428571428575 0.06258774584753383 0.07812500000000004
2815 0.01500000000000004 0.06258774584753382 0.07812500000000004
2816 0.01928571428571432 0.06258774584753382 0.07812500000000004
2817 0.02357142857142859 0.06258774584753382 0.07812500000000004
2818 0.02785714285714286 0.06258774584753382 0.07812500000000004
2819 0.002142857142857149 0.06258774584753382 0.08437500000000003
2820 0.006428571428571447 0.06258774584753382 0.08437500000000003
2821 0.0107252287827727 0.06161995281827565 0.08420631104398402
2822 0.01500000000000004 0.06232897126278044 0.08437500000000003
2823 0.01928571428571432 0.06258774584753382 0.08437500000000003
2824 0.02357142857142859 0.06258774584753382 0.08437500000000003
2825 0.02785714285714287 0.06258774584753382 0.08437500000000003
2826 0.002142857142857149 0.06258774584753383 0.09062500000000001
2827 0.006428571428571447 0.06258774584753382 0.09062500000000001
2828 0.01071428571428575 0.06232897126278044 0.09062500000000001
2829 0.01500000000000004 0.06258774584753382 0.09062500000000001
2830 0.01928571428571432 0.06258774584753382 0.09062500000000001
2831 0.02357142857142859 0.06258774584753382 0.09062500000000001
2832 0.02785714285714286 0.06258774584753382 0.09062500000000001
2833 0.002142857142857149 0.06258774584753382 0.09687500000000002
2834 0.006428571428571447 0.06258774584753383 0.09687499999999999
2835 0.01071428571428575 0.06258774584753383 0.09687499999999999
2836 0.01500000000000004 0.06258774584753383 0.09687499999999999
2837 0.01928571428571432 0.06155264750852029 0.09687499999999999
2838 0.02357142857142859 0.06258774584753382 0.09687500000000002
2839 0.02785714285714286 0.06258774584753382 0.09687500000000002
2840 0.07905881595377766 0.1079394256156254 0.04992921830601732
2841 0.06076747980429131 0.08934078311555824 0.07094580565872431
2842 0.05213160695846124 0.08214441893672174 0.04438763544060986
2843 0.04918670018369552 0.07932772732408734 0.01937485453032908
2844 0.04718165848275049 0.07797089169272553 0.08230710638250965
2845 0.04607792688166393 0.07590182481058558 0.06001237322625172
2846 0.03898825539718091 0.06916131821525351 0.009143445256026858
2847 0.0390533177923482 0.06905960126959604 0.02184110482642257
2848 0.04398428521354127 0.07430731764805099 0.03459047770439602
2849 0.1312474788334313 0.1114559762770345 0.05
2850 0.07548498845865947 0.08849704370571614 0.02808438487560458
2851 0.04017622736963108 0.07019489470252585 0.09003098326736557
2852 0.08706834697971676 0.08529001559526093 0.06524978782370061
2853 0.04664339063808894 0.09593580683374833 0.08301350806054807
2854 0.03972986290930376 0.070712884891908 0.07723907059678524
2855 0.05546581742446122 0.1063654082463797 0.02761180776216347
2856 0.101935078045595 0.1574559298112085 0.05
2857 0.04193572917048829 0.07240404238512838 0.04668357721686152
2858 0.1103483487912125 0.08853697559056645 0.04461403015292793
2859 0.06799216515867529 0.07684601948123597 0.08245514765797445
2860 0.05813571400695106 0.1203982812389417 0.06854919034746518
2861 0.04052703943757055 0.08054208440158551 0.01062733673357354
2862 0.03907045264375915 0.0692285332598353 0.06499551064467929
2863 0.03630357771449442 0.06591029236940703 0.09444084729141582
2864 0.03790879576765713 0.06803090065957818 0.03123000548871648
2865 0.04427742651115683 0.09449887317549294 0.01698918464381498
2866 0.04789162145960944 0.06795896611334196 0.008570664598932175
2867 0.1217859973311071 0.2088850122576023 0.05
2868 0.04926407079592283 0.0702305990567179 0.07055453488240068
2869 0.03774287487606245 0.06752004042389069 0.05580648792833418
2870 0.04958793007426491 0.0689054579381294 0.09126460910318003
2871 0.03671144880608492 0.06695832226616101 0.04382224941279041
2872 0.06178169433500972 0.07327691801197604 0.01476785111116031
2873 0.01500000000000003 0.04446428571428571 0.1155110405265076
2874 0.01392857142857143 0.02142857142857142 0.1160409191539041
2875 0.01766410399711005 0.01098937657287353 0.1108711008361892
2876 0.0182142857142857 0.04714285714285713 0.1117454385376049
2877 0.01178571428571429 0.01285714285714287 0.1117454385376049
2878 0.0196382332798147 0.0346320995339628 0.1090634541175183
2879 0.009642857142857137 0.03000000000000001 0.1100008758660417
2880 0.009642857142857172 0.03857142857142859 0.1087489995304323
2881 0.01607142857142857 0.02142857142857143 0.1093049078578929
2882 0.009642857142857175 0.04714285714285715 0.107778582894921
2883 0.02614571491568281 0.003785033640351773 0.1050044080297793
2884 0.01398844322946584 0.005211182292688374 0.1058437464088461
2885 0.01500000000000004 0.05303571428571428 0.1066315144714358
2886 0.02171854050054833 0.04733796342682242 0.1050148386323722
2887 0.02464285714285716 0.02999999999999996 0.1070798310829531
2888 0.01821428571428572 0.02142857142857139 0.1096203528970242
2889 0.01392857142857142 0.02999999999999999 0.1070798310829531
2890 0.005879924488012756 0.01310680362399438 0.10669377926178
2891 0.01178571428571429 0.02142857142857145 0.1099206816874525
2892 0.005357142857142907 0.05571428571428572 0.1050701345662092
2893 0.01010297185695692 0.004451698995529384 0.1038675095493448
2894 0.01864396346472339 0.05520641430798658 0.104696151694997
2895 0.01528749570662344 0.03311846890082746 0.1249197390507537
2896 0.01473151112181606 0.012396510961325 0.1048409648628767
2897 0.01639166849213769 0.01170239957520544 0.1229861100966246
2898 0.01553666916336717 0.03824349223716376 0.1061403938777433
2899 0.02464285714285716 0.03857142857142854 0.1058279547473438
2900 0.02035714285714281 0.004285714285714278 0.1037706912442323
2901 0.00816466749796429 0.05187620943808018 0.1149785863728089
2902 0.01528030692587928 0.02131864648548034 0.1357257446498334
2903 0.02357142857142859 0.05303571428571428 0.1055919896911995
2904 0.01575286230964954 0.04538352200672768 0.1344490789392371
2905 0.01114115780669159 0.05538909551179359 0.1036627967673757
2906 0.02892857142857147 0.0557142857142857 0.1034375147065225
2907 0.02343072675102896 0.0564393456918658 0.1029745772795148
2908 0.02159871348776459 0.005686779678054839 0.109645177400162
2909 0.01821428571428573 0.01285714285714284 0.10659391329394
2910 0.005993602566955376 0.02548346820709799 0.1061251879961659
2911 0.01053411492244998 0.02985229318665584 0.1047881843271151
2912 0.02357142857142857 0.01874999999999995 0.1063017526879198
2913 0.01006943666248568 0.006155657536900894 0.110235198827713
2914 0.01071428571428569 0.01005282205644926 0.1054568677449502
2915 0.005480580927495839 0.005312724010463658 0.1052160685341711
2916 0.02357142857142856 0.0101785714285714 0.1054731286947744
2917 0.02282889821600489 0.004886107095318049 0.1034879928114057
2918 0.01403650746260327 0.0219273940041386 0.1043374325293997
2919 0.02285362276607148 0.007864726422936435 0.1175932382410664
2920 0.006428571428571419 0.03267857142857149 0.1053833117443161
2921 0.002814900318425212 0.02956967701730408 0.1034833706983335
2922 0.01500000000000003 0.04446428571428571 0.1053761601492774
2923 0.00930106795107114 0.04825350844024583 0.1037930868691765
2924 0.02071607966861572 0.0507134026698931 0.1206280846175992
2925 0.01928571428571428 0.0326785714285714 0.1055667279933258
2926 0.008037990493049749 0.008574180765832511 0.1184107200953304
2927 0.009534869481851281 0.05402585149123375 0.1092272652410611
2928 0.0149110612869222 0.05353084630734451 0.1134952945227495
2929 0.01071428571428569 0.01553571428571429 0.1048255492296281
2930 0.005494397362745561 0.01989697588180586 0.1063828171529943
2931 0.01443283413987743 0.0318236433387343 0.1477127028546362
2932 0.02173796894987756 0.01675785129160405 0.1164978683259794
2933 0.006428571428571434 0.04262465445102731 0.105566968537004
2934 0.0104374483645435 0.03851931356845841 0.1037316583094165
2935 0.003007677658273696 0.03771929882106946 0.1038473387201729
2936 0.02303077690742475 0.05268802764842754 0.1130186578992741
2937 0.01868679349506079 0.007963894732342986 0.1050702689289038
2938 0.01450104350377291 0.004300684518120251 0.1030884932674943
2939 0.01909625836559337 0.01178749420013187 0.1024647255415645
2940 0.0198200677657821 0.04145730560582007 0.1045316615658491
2941 0.02453630836250009 0.02425748328463756 0.1057306725025409
2942 0.02748103057233968 0.02098003209656673 0.1035705979158198
2943 0.009434983658439533 0.04944345288523584 0.1251843930012279
2944 0.01634900943555167 0.006416168652501771 0.1069568358898956
2945 0.01534666790976696 0.00673383272410909 0.1167725169198183
2946 0.01928571428571429 0.02732142857142855 0.1046443687779641
2947 0.01493566670401027 0.030582329963382 0.1031510513626318
2948 0.02452933813394705 0.03030672042394212 0.1032813973697899
2949 0.01117384222444771 0.01074152040146051 0.1333038290330018
2950 0.02703024182096833 0.0485803836669363 0.103036957592275
2951 0.00258908893375947 0.021139121898909 0.1028409646517833
2952 0.02770681347142517 0.03940236928291088 0.1023972504010478
2953 0.008676432968188817 0.01702204079413878 0.1224523086473164
2954 0.02785714285714285 0.004285714285714274 0.1030304576336566
2955 0.02826530612244898 0.01284076942141939 0.1015068972107643
2956 0.02785714285714286 0.02142857142857136 0.101818274580194
2957 0.02785714285714286 0.02999999999999992 0.101818274580194
2958 0.02785714285714286 0.03857142857142851 0.1012121830534627
2959 0.02785714285714286 0.04714285714285711 0.100909137290097
2960 0.02785714285714287 0.0557142857142857 0.1024243661069253
2961 0.02357142857142856 0.004285714285714277 0.1021213203435597
2962 0.02357142857142856 0.01285714285714283 0.1015152288168283
2963 0.02418239246607341 0.02135696067052576 0.1018416963493963
2964 0.02357142857142857 0.02999999999999995 0.1012121830534627
2965 0.02357142857142858 0.03857142857142853 0.101818274580194
2966 0.02357142857142858 0.04714285714285711 0.1030304576336566
2967 0.02357142857142859 0.0557142857142857 0.101818274580194
2968 0.01928571428571425 0.004285714285714281 0.1030304576336566
2969 0.01928571428571427 0.01285714285714284 0.1012121830534627
2970 0.01928571428571428 0.0214285714285714 0.1030304576336566
2971 0.01928571428571429 0.02999999999999997 0.1030304576336566
2972 0.0192857142857143 0.03857142857142855 0.1030304576336566
2973 0.01990934398555529 0.04602524105594435 0.1017543241972246
2974 0.01928571428571432 0.05571428571428572 0.1030304576336566
2975 0.01486575734383189 0.003314996751240376 0.1012085578435101
2976 0.01499999999999997 0.01285714285714286 0.1030304576336566
2977 0.01499999999999999 0.02142857142857142 0.1015152288168283
2978 0.015 0.03 0.1021213203435597
2979 0.01500000000000001 0.03857142857142858 0.102727411870291
2980 0.01500000000000002 0.04714285714285714 0.1030304576336566
2981 0.01500000000000004 0.05571428571428572 0.1024243661069253
2982 0.01071428571428568 0.004285714285714288 0.1030304576336566
2983 0.01071428571428569 0.01285714285714287 0.1030304576336566
2984 0.0107142857142857 0.02142857142857145 0.1030304576336566
2985 0.01071428571428571 0.03000000000000003 0.1030304576336566
2986 0.01071428571428572 0.0385714285714286 0.1030304576336566
2987 0.01036125160871069 0.04742030751008681 0.1009482417731069
2988 0.01071428571428574 0.05571428571428572 0.101818274580194
2989 0.006428571428571409 0.004285714285714291 0.1030304576336566
2990 0.006428571428571414 0.01285714285714288 0.102727411870291
2991 0.006428571428571419 0.02142857142857147 0.1015152288168283
2992 0.006428571428571428 0.03000000000000005 0.1030304576336566
2993 0.006428571428571432 0.03857142857142862 0.1030304576336566
2994 0.006428571428571436 0.04714285714285717 0.1030304576336566
2995 0.006428571428571443 0.05571428571428572 0.1030304576336566
2996 0.002142857142857137 0.004285714285714295 0.1030304576336566
2997 0.002142857142857138 0.01285714285714289 0.1030304576336566
2998 0.002142857142857139 0.02142857142857149 0.1012121830534627
2999 0.002142857142857142 0.03000000000000008 0.1015152288168283
3000 0.002142857142857143 0.03857142857142864 0.1015152288168283
3001 0.001734693877551021 0.0471592305785806 0.1015068972107643
3002 0.002142857142857146 0.05571428571428573 0.1015152288168283
3003 0.05903387427173497 0.03054737145689288 0.1296320363234359
3004 0.04701931168788398 0.03879207719856133 0.1167162294766025
3005 0.04768324431578046 0.01823277327902206 0.1181610140192528
3006 0.0872459556126701 0.02760826070497435 0.1273041120102872
3007 0.05375427858362837 0.03546131732494115 0.1536619788388225
3008 0.03991943770946441 0.009658082526628862 0.1096280430254297
3009 0.04029117193572453 0.0463779446906268 0.1106351908880846
3010 0.06466447619747387 0.04255920502277419 0.1168736991637496
3011 0.04563963652363398 0.04091003541060437 0.1336673282691506
3012 0.06885467022038616 0.01706770470339912 0.1169738474259151
3013 0.03935012840569604 0.0347016638452766 0.1094372912662935
3014 0.04615920363464434 0.02030254916066022 0.1354084396587162
3015 0.04147914198970939 0.04785163654882354 0.1226532930223521
3016 0.05792838602977116 0.02324691335448529 0.1116782611063479
3017 0.05485017635094723 0.04829347997483188 0.110936002239017
3018 0.0361549886999014 0.005729382283963924 0.1057233717557889
3019 0.0361549886999014 0.05430796722749096 0.1057233717557889
3020 0.1196071728307556 0.02999999999999999 0.1321948345854666
3021 0.05074868971437615 0.009591889258525322 0.1106618280552709
3022 0.08479963420387711 0.03 0.1591100305597455
3023 0.06149486980122322 0.03 0.1847345590906845
3024 0.03595595457391146 0.05358419480948695 0.1125063767262959
3025 0.03985628900958191 0.01011741180168208 0.1265342973039051
3026 0.01494013316933983 0.07547921630358696 0.1147484758880675
3027 0.008401286512235406 0.06857272662075092 0.109645177400162
3028 0.0202514960050344 0.06826058698397122 0.1084314048203149
3029 0.01469844528328302 0.07483824769387172 0.1345438172669242
3030 0.02459432244043105 0.06530911840105139 0.1052923541172907
3031 0.02156661303961416 0.07717901233232419 0.1084423999606734
3032 0.01282464300874473 0.06582935985825501 0.1055153520589618
3033 0.01427039496072977 0.08862627998904221 0.1141632153799913
3034 0.005264097087792924 0.06564043927967585 0.1054158608061884
3035 0.01978244080640071 0.06926387528226731 0.1213515053484348
3036 0.02272243511546265 0.06665376325893521 0.1151062075238232
3037 0.007894115964759127 0.0758290917074512 0.1069792013320235
3038 0.009291519972358164 0.06958696831329271 0.1226331702934421
3039 0.01459784491949682 0.06682580587816672 0.1120976371855283
3040 0.008382903414674051 0.06618969346964129 0.1162804065781893
3041 0.1625135329455693 0.1901733746969831 0.230492813902841
3042 0.1109691091958599 0.1339428807470595 0.1760833836403251
3043 0.07499783773532681 0.1018345477090964 0.1431753809304036
3044 0.05273168403798163 0.08128063685271601 0.1213870399902974
3045 0.285427700239405 0.182085020667241 0.2200616476363486
3046 0.1398613323284542 0.2971497982345265 0.2087954691869521
3047 0.04188824447179999 0.07216086529099856 0.1121503172073519
3048 0.2349155970480925 0.2747534526140112 0.2855263719663492
3049 0.1004144386399868 0.2075394206671267 0.1695078524811648
3050 0.1909324431152889 0.1362446998984486 0.1786278816988466
3051 0.0361549886999014 0.06566296274910192 0.1057233717557889
3052 0.1086122189888336 0.1378417819378751 0.2549628806788102
3053 0.1226292851531053 0.2534145286380737 0.297544906857622
3054 0.2993648649731041 0.2890311955251298 0.197236097709837
3055 0.2300616472836066 0.1742176580350627 0.3062862659509454
3056 0.07244326332920302 0.0777298778072483 0.1167221943566508
3057 0.07613471485295978 0.1054778713876322 0.1901557789763438
3058 0.1521568192228028 0.1069272275495809 0.1515624458003413
3059 0.1698388553795055 0.2379597129260216 0.1720594337375151
3060 0.04143402976872294 0.07252102134704087 0.1250064554927637
3061 0.0544813860965203 0.08496759192246663 0.150638512951091
$EndNodes
$Elements
13045
1 2 2 3 2 5 360 4
2 2 2 3 2 4 360 62
3 2 2 3 2 89 360 5
4 2 2 3 2 40 345 8
5 2 2 3 2 8 345 79
6 2 2 3 2 9 362 45
7 2 2 3 2 52 362 9
8 2 2 3 2 41 344 40
9 2 2 3 2 344 382 40
10 2 2 3 2 40 382 345
11 2 2 3 2 42 359 41
12 2 2 3 2 41 359 344
13 2 2 3 2 43 337 42
14 2 2 3 2 337 359 42
15 2 2 3 2 44 355 43
16 2 2 3 2 43 355 337
17 2 2 3 2 45 346 44
18 2 2 3 2 346 355 44
19 2 2 3 2 45 362 346
20 2 2 3 2 53 362 52
21 2 2 3 2 54 341 53
22 2 2 3 2 341 362 53
23 2 2 3 2 55 357 54
24 2 2 3 2 54 357 341
25 2 2 3 2 56 339 55
26 2 2 3 2 339 357 55
27 2 2 3 2 57 378 56
28 2 2 3 2 56 378 339
29 2 2 3 2 58 342 57
30 2 2 3 2 342 349 57
31 2 2 3 2 349 378 57
32 2 2 3 2 59 358 58
33 2 2 3 2 58 358 342
34 2 2 3 2 60 348 59
35 2 2 3 2 348 377 59
36 2 2 3 2 59 377 358
37 2 2 3 2 61 369 60
38 2 2 3 2 60 369 348
39 2 2 3 2 62 373 61
40 2 2 3 2 88 369 61
41 2 2 3 2 61 373 88
42 2 2 3 2 62 360 89
43 2 2 3 2 89 373 62
44 2 2 3 2 79 345 80
45 2 2 3 2 80 363 81
46 2 2 3 2 345 363 80
47 2 2 3 2 81 340 82
48 2 2 3 2 81 363 340
49 2 2 3 2 82 380 83
50 2 2 3 2 340 380 82
51 2 2 3 2 83 338 84
52 2 2 3 2 83 350 338
53 2 2 3 2 83 380 350
54 2 2 3 2 84 374 85
55 2 2 3 2 338 374 84
56 2 2 3 2 85 343 86
57 2 2 3 2 85 347 343
58 2 2 3 2 85 374 347
59 2 2 3 2 86 348 87
60 2 2 3 2 343 377 86
61 2 2 3 2 86 377 348
62 2 2 3 2 87 369 88
63 2 2 3 2 348 369 87
64 2 2 3 2 88 373 89
65 2 2 3 2 355 375 337
66 2 2 3 2 337 361 359
67 2 2 3 2 337 375 361
68 2 2 3 2 350 351 338
69 2 2 3 2 351 366 338
70 2 2 3 2 366 374 338
71 2 2 3 2 339 371 357
72 2 2 3 2 339 381 371
73 2 2 3 2 378 381 339
74 2 2 3 2 363 372 340
75 2 2 3 2 372 376 340
76 2 2 3 2 376 380 340
77 2 2 3 2 357 370 341
78 2 2 3 2 341 370 362
79 2 2 3 2 342 367 349
80 2 2 3 2 358 379 342
81 2 2 3 2 342 379 367
82 2 2 3 2 347 379 343
83 2 2 3 2 358 377 343
84 2 2 3 2 343 379 358
85 2 2 3 2 359 368 344
86 2 2 3 2 368 372 344
87 2 2 3 2 372 382 344
88 2 2 3 2 345 382 363
89 2 2 3 2 346 356 355
90 2 2 3 2 346 370 356
91 2 2 3 2 362 370 346
92 2 2 3 2 366 367 347
93 2 2 3 2 347 374 366
94 2 2 3 2 367 379 347
95 2 2 3 2 354 365 349
96 2 2 3 2 349 367 354
97 2 2 3 2 365 381 349
98 2 2 3 2 349 381 378
99 2 2 3 2 350 352 351
100 2 2 3 2 350 376 352
101 2 2 3 2 350 380 376
102 2 2 3 2 352 353 351
103 2 2 3 2 353 354 351
104 2 2 3 2 354 366 351
105 2 2 3 2 352 361 353
106 2 2 3 2 352 368 361
107 2 2 3 2 352 376 368
108 2 2 3 2 353 365 354
109 2 2 3 2 361 364 353
110 2 2 3 2 364 365 353
111 2 2 3 2 354 367 366
112 2 2 3 2 356 375 355
113 2 2 3 2 356 371 364
114 2 2 3 2 364 375 356
115 2 2 3 2 370 371 356
116 2 2 3 2 357 371 370
117 2 2 3 2 361 368 359
118 2 2 3 2 361 375 364
119 2 2 3 2 363 382 372
120 2 2 3 2 364 381 365
121 2 2 3 2 371 381 364
122 2 2 3 2 368 376 372
123 2 2 3 3 68 2 3
124 2 2 3 3 99 2 68
125 2 2 3 3 34 389 6
126 2 2 3 3 6 389 78
127 2 2 3 3 8 409 39
128 2 2 3 3 90 409 8
129 2 2 3 3 35 390 34
130 2 2 3 3 34 390 389
131 2 2 3 3 36 392 35
132 2 2 3 3 35 392 390
133 2 2 3 3 37 383 36
134 2 2 3 3 383 392 36
135 2 2 3 3 38 415 37
136 2 2 3 3 37 415 383
137 2 2 3 3 39 388 38
138 2 2 3 3 388 415 38
139 2 2 3 3 39 409 388
140 2 2 3 3 99 68 69
141 2 2 3 3 70 406 69
142 2 2 3 3 99 69 98
143 2 2 3 3 69 406 98
144 2 2 3 3 71 412 70
145 2 2 3 3 97 406 70
146 2 2 3 3 70 412 97
147 2 2 3 3 72 408 71
148 2 2 3 3 71 408 96
149 2 2 3 3 96 412 71
150 2 2 3 3 73 399 72
151 2 2 3 3 72 399 398
152 2 2 3 3 398 408 72
153 2 2 3 3 74 404 73
154 2 2 3 3 73 404 399
155 2 2 3 3 75 384 74
156 2 2 3 3 384 404 74
157 2 2 3 3 76 405 75
158 2 2 3 3 75 405 384
159 2 2 3 3 77 386 76
160 2 2 3 3 386 405 76
161 2 2 3 3 78 389 77
162 2 2 3 3 77 389 386
163 2 2 3 3 91 401 90
164 2 2 3 3 401 409 90
165 2 2 3 3 92 385 91
166 2 2 3 3 385 401 91
167 2 2 3 3 93 400 92
168 2 2 3 3 92 400 385
169 2 2 3 3 94 387 93
170 2 2 3 3 387 400 93
171 2 2 3 3 95 398 94
172 2 2 3 3 94 398 387
173 2 2 3 3 96 408 95
174 2 2 3 3 95 408 398
175 2 2 3 3 97 412 96
176 2 2 3 3 98 406 97
177 2 2 3 3 383 393 392
178 2 2 3 3 383 394 393
179 2 2 3 3 383 402 394
180 2 2 3 3 383 415 402
181 2 2 3 3 384 410 404
182 2 2 3 3 405 407 384
183 2 2 3 3 407 410 384
184 2 2 3 3 400 411 385
185 2 2 3 3 385 403 401
186 2 2 3 3 385 411 403
187 2 2 3 3 389 390 386
188 2 2 3 3 390 391 386
189 2 2 3 3 391 405 386
190 2 2 3 3 398 414 387
191 2 2 3 3 387 413 400
192 2 2 3 3 387 414 413
193 2 2 3 3 401 403 388
194 2 2 3 3 388 409 401
195 2 2 3 3 388 403 402
196 2 2 3 3 402 415 388
197 2 2 3 3 390 392 391
198 2 2 3 3 392 393 391
199 2 2 3 3 393 407 391
200 2 2 3 3 391 407 405
201 2 2 3 3 394 395 393
202 2 2 3 3 395 407 393
203 2 2 3 3 394 396 395
204 2 2 3 3 394 411 396
205 2 2 3 3 402 403 394
206 2 2 3 3 403 411 394
207 2 2 3 3 396 397 395
208 2 2 3 3 397 410 395
209 2 2 3 3 395 410 407
210 2 2 3 3 396 413 397
211 2 2 3 3 396 411 400
212 2 2 3 3 400 413 396
213 2 2 3 3 397 414 410
214 2 2 3 3 413 414 397
215 2 2 3 3 399 414 398
216 2 2 3 3 404 414 399
217 2 2 3 3 410 414 404
218 2 2 3 4 64 458 1
219 2 2 3 4 1 458 65
220 2 2 3 4 67 450 2
221 2 2 3 4 2 450 99
222 2 2 3 4 5 447 63
223 2 2 3 4 89 447 5
224 2 2 3 4 8 453 79
225 2 2 3 4 90 453 8
226 2 2 3 4 63 423 64
227 2 2 3 4 63 447 423
228 2 2 3 4 423 458 64
229 2 2 3 4 65 442 66
230 2 2 3 4 65 458 442
231 2 2 3 4 66 424 67
232 2 2 3 4 66 442 424
233 2 2 3 4 424 450 67
234 2 2 3 4 79 422 80
235 2 2 3 4 79 453 422
236 2 2 3 4 80 446 81
237 2 2 3 4 422 446 80
238 2 2 3 4 81 433 82
239 2 2 3 4 81 446 433
240 2 2 3 4 82 420 83
241 2 2 3 4 82 433 420
242 2 2 3 4 83 456 84
243 2 2 3 4 420 456 83
244 2 2 3 4 84 436 85
245 2 2 3 4 84 456 436
246 2 2 3 4 85 418 86
247 2 2 3 4 85 436 418
248 2 2 3 4 86 445 87
249 2 2 3 4 418 445 86
250 2 2 3 4 87 416 88
251 2 2 3 4 87 445 416
252 2 2 3 4 88 437 89
253 2 2 3 4 416 437 88
254 2 2 3 4 437 447 89
255 2 2 3 4 91 435 90
256 2 2 3 4 435 453 90
257 2 2 3 4 92 431 91
258 2 2 3 4 431 435 91
259 2 2 3 4 93 419 92
260 2 2 3 4 419 431 92
261 2 2 3 4 94 462 93
262 2 2 3 4 93 462 419
263 2 2 3 4 95 417 94
264 2 2 3 4 417 462 94
265 2 2 3 4 96 443 95
266 2 2 3 4 95 443 417
267 2 2 3 4 97 452 96
268 2 2 3 4 96 452 443
269 2 2 3 4 98 421 97
270 2 2 3 4 421 425 97
271 2 2 3 4 425 452 97
272 2 2 3 4 99 444 98
273 2 2 3 4 98 444 421
274 2 2 3 4 99 450 444
275 2 2 3 4 416 463 437
276 2 2 3 4 445 457 416
277 2 2 3 4 457 463 416
278 2 2 3 4 417 439 438
279 2 2 3 4 438 462 417
280 2 2 3 4 417 443 439
281 2 2 3 4 436 451 418
282 2 2 3 4 418 460 445
283 2 2 3 4 451 460 418
284 2 2 3 4 419 432 431
285 2 2 3 4 419 438 432
286 2 2 3 4 419 462 438
287 2 2 3 4 433 440 420
288 2 2 3 4 440 441 420
289 2 2 3 4 441 456 420
290 2 2 3 4 421 426 425
291 2 2 3 4 421 459 426
292 2 2 3 4 444 459 421
293 2 2 3 4 422 453 435
294 2 2 3 4 435 454 422
295 2 2 3 4 422 454 446
296 2 2 3 4 434 448 423
297 2 2 3 4 423 461 434
298 2 2 3 4 423 448 442
299 2 2 3 4 442 458 423
300 2 2 3 4 447 461 423
301 2 2 3 4 442 448 424
302 2 2 3 4 448 455 424
303 2 2 3 4 424 455 450
304 2 2 3 4 426 427 425
305 2 2 3 4 427 428 425
306 2 2 3 4 428 452 425
307 2 2 3 4 426 429 427
308 2 2 3 4 426 430 429
309 2 2 3 4 426 459 430
310 2 2 3 4 427 460 428
311 2 2 3 4 429 457 427
312 2 2 3 4 457 460 427
313 2 2 3 4 428 449 443
314 2 2 3 4 443 452 428
315 2 2 3 4 428 451 449
316 2 2 3 4 428 460 451
317 2 2 3 4 430 434 429
318 2 2 3 4 434 463 429
319 2 2 3 4 429 463 457
320 2 2 3 4 430 448 434
321 2 2 3 4 430 455 448
322 2 2 3 4 430 459 455
323 2 2 3 4 432 454 431
324 2 2 3 4 431 454 435
325 2 2 3 4 438 440 432
326 2 2 3 4 440 464 432
327 2 2 3 4 432 464 454
328 2 2 3 4 433 464 440
329 2 2 3 4 446 464 433
330 2 2 3 4 461 463 434
331 2 2 3 4 441 449 436
332 2 2 3 4 436 456 441
333 2 2 3 4 449 451 436
334 2 2 3 4 437 461 447
335 2 2 3 4 437 463 461
336 2 2 3 4 439 440 438
337 2 2 3 4 439 441 440
338 2 2 3 4 439 449 441
339 2 2 3 4 443 449 439
340 2 2 3 4 450 455 444
341 2 2 3 4 455 459 444
342 2 2 3 4 445 460 457
343 2 2 3 4 454 464 446
344 2 2 4 10 4 14 923
345 2 2 4 10 62 4 923
346 2 2 4 10 9 52 931
347 2 2 4 10 100 9 931
348 2 2 4 10 10 114 932
349 2 2 4 10 184 10 932
350 2 2 4 10 14 194 923
351 2 2 4 10 52 53 873
352 2 2 4 10 52 873 931
353 2 2 4 10 53 54 910
354 2 2 4 10 873 53 910
355 2 2 4 10 54 55 871
356 2 2 4 10 54 871 910
357 2 2 4 10 55 56 941
358 2 2 4 10 871 55 941
359 2 2 4 10 56 57 865
360 2 2 4 10 56 865 902
361 2 2 4 10 56 902 941
362 2 2 4 10 57 58 935
363 2 2 4 10 865 57 935
364 2 2 4 10 58 59 870
365 2 2 4 10 58 870 877
366 2 2 4 10 58 877 935
367 2 2 4 10 59 60 924
368 2 2 4 10 870 59 924
369 2 2 4 10 60 61 874
370 2 2 4 10 60 874 914
371 2 2 4 10 60 914 924
372 2 2 4 10 61 62 894
373 2 2 4 10 874 61 894
374 2 2 4 10 62 194 894
375 2 2 4 10 194 62 923
376 2 2 4 10 101 100 897
377 2 2 4 10 897 100 931
378 2 2 4 10 102 101 867
379 2 2 4 10 867 101 897
380 2 2 4 10 103 102 911
381 2 2 4 10 102 867 911
382 2 2 4 10 104 103 863
383 2 2 4 10 863 103 911
384 2 2 4 10 105 104 915
385 2 2 4 10 104 863 915
386 2 2 4 10 106 105 925
387 2 2 4 10 105 915 925
388 2 2 4 10 107 106 861
389 2 2 4 10 861 106 925
390 2 2 4 10 108 107 918
391 2 2 4 10 107 861 918
392 2 2 4 10 109 108 917
393 2 2 4 10 917 108 918
394 2 2 4 10 110 109 862
395 2 2 4 10 862 109 917
396 2 2 4 10 111 110 916
397 2 2 4 10 110 862 916
398 2 2 4 10 112 111 868
399 2 2 4 10 868 111 916
400 2 2 4 10 113 112 937
401 2 2 4 10 112 868 937
402 2 2 4 10 114 113 875
403 2 2 4 10 875 113 937
404 2 2 4 10 114 875 932
405 2 2 4 10 185 184 907
406 2 2 4 10 907 184 932
407 2 2 4 10 186 185 869
408 2 2 4 10 869 185 907
409 2 2 4 10 187 186 904
410 2 2 4 10 186 869 904
411 2 2 4 10 188 187 866
412 2 2 4 10 866 187 904
413 2 2 4 10 189 188 896
414 2 2 4 10 188 866 896
415 2 2 4 10 190 189 864
416 2 2 4 10 864 189 896
417 2 2 4 10 191 190 927
418 2 2 4 10 190 864 927
419 2 2 4 10 192 191 872
420 2 2 4 10 872 191 876
421 2 2 4 10 876 191 927
422 2 2 4 10 193 192 929
423 2 2 4 10 192 872 929
424 2 2 4 10 194 193 894
425 2 2 4 10 193 874 894
426 2 2 4 10 874 193 929
427 2 2 4 10 912 861 925
428 2 2 4 10 861 912 926
429 2 2 4 10 918 861 926
430 2 2 4 10 862 891 916
431 2 2 4 10 891 862 921
432 2 2 4 10 862 917 921
433 2 2 4 10 863 901 915
434 2 2 4 10 901 863 922
435 2 2 4 10 863 911 922
436 2 2 4 10 864 896 934
437 2 2 4 10 864 913 920
438 2 2 4 10 913 864 934
439 2 2 4 10 864 920 927
440 2 2 4 10 865 895 909
441 2 2 4 10 895 865 935
442 2 2 4 10 902 865 909
443 2 2 4 10 896 866 908
444 2 2 4 10 866 904 919
445 2 2 4 10 908 866 919
446 2 2 4 10 867 897 898
447 2 2 4 10 867 898 899
448 2 2 4 10 867 899 911
449 2 2 4 10 906 868 928
450 2 2 4 10 868 906 937
451 2 2 4 10 868 916 928
452 2 2 4 10 904 869 905
453 2 2 4 10 905 869 940
454 2 2 4 10 869 907 940
455 2 2 4 10 877 870 878
456 2 2 4 10 878 870 893
457 2 2 4 10 893 870 924
458 2 2 4 10 910 871 933
459 2 2 4 10 933 871 939
460 2 2 4 10 939 871 941
461 2 2 4 10 872 876 893
462 2 2 4 10 872 893 914
463 2 2 4 10 872 914 929
464 2 2 4 10 873 897 931
465 2 2 4 10 897 873 936
466 2 2 4 10 873 910 936
467 2 2 4 10 914 874 929
468 2 2 4 10 906 875 937
469 2 2 4 10 875 906 940
470 2 2 4 10 875 907 932
471 2 2 4 10 907 875 940
472 2 2 4 10 893 876 930
473 2 2 4 10 920 876 927
474 2 2 4 10 876 920 930
475 2 2 4 10 877 878 879
476 2 2 4 10 877 879 895
477 2 2 4 10 877 895 935
478 2 2 4 10 879 878 880
479 2 2 4 10 880 878 930
480 2 2 4 10 878 893 930
481 2 2 4 10 879 880 881
482 2 2 4 10 879 881 882
483 2 2 4 10 879 882 895
484 2 2 4 10 881 880 913
485 2 2 4 10 913 880 920
486 2 2 4 10 920 880 930
487 2 2 4 10 882 881 942
488 2 2 4 10 883 881 884
489 2 2 4 10 881 883 942
490 2 2 4 10 884 881 913
491 2 2 4 10 882 885 886
492 2 2 4 10 885 882 942
493 2 2 4 10 882 886 895
494 2 2 4 10 883 884 887
495 2 2 4 10 883 887 890
496 2 2 4 10 883 890 938
497 2 2 4 10 883 938 942
498 2 2 4 10 887 884 888
499 2 2 4 10 888 884 889
500 2 2 4 10 889 884 913
501 2 2 4 10 886 885 901
502 2 2 4 10 901 885 912
503 2 2 4 10 912 885 926
504 2 2 4 10 926 885 938
505 2 2 4 10 938 885 942
506 2 2 4 10 895 886 909
507 2 2 4 10 886 901 903
508 2 2 4 10 886 903 909
509 2 2 4 10 887 888 891
510 2 2 4 10 890 887 921
511 2 2 4 10 887 891 921
512 2 2 4 10 888 889 908
513 2 2 4 10 891 888 892
514 2 2 4 10 892 888 908
515 2 2 4 10 889 896 908
516 2 2 4 10 896 889 934
517 2 2 4 10 889 913 934
518 2 2 4 10 890 917 918
519 2 2 4 10 917 890 921
520 2 2 4 10 890 918 926
521 2 2 4 10 890 926 938
522 2 2 4 10 891 892 928
523 2 2 4 10 916 891 928
524 2 2 4 10 892 905 906
525 2 2 4 10 905 892 919
526 2 2 4 10 892 906 928
527 2 2 4 10 892 908 919
528 2 2 4 10 914 893 924
529 2 2 4 10 898 897 936
530 2 2 4 10 899 898 900
531 2 2 4 10 900 898 933
532 2 2 4 10 933 898 936
533 2 2 4 10 899 900 903
534 2 2 4 10 899 903 922
535 2 2 4 10 911 899 922
536 2 2 4 10 903 900 909
537 2 2 4 10 909 900 939
538 2 2 4 10 900 933 939
539 2 2 4 10 903 901 922
540 2 2 4 10 901 912 915
541 2 2 4 10 902 909 939
542 2 2 4 10 902 939 941
543 2 2 4 10 904 905 919
544 2 2 4 10 906 905 940
545 2 2 4 10 910 933 936
546 2 2 4 10 915 912 925
547 2 2 5 11 4 5 943
548 2 2 5 11 14 4 943
549 2 2 5 11 5 15 943
550 2 2 5 11 15 14 943
551 2 2 5 14 16 3 1127
552 2 2 5 14 3 68 1127
553 2 2 5 14 78 6 1107
554 2 2 5 14 6 136 1107
555 2 2 5 14 150 12 1095
556 2 2 5 14 12 216 1095
557 2 2 5 14 206 16 1127
558 2 2 5 14 68 69 1086
559 2 2 5 14 68 1086 1127
560 2 2 5 14 69 70 1125
561 2 2 5 14 1086 69 1125
562 2 2 5 14 70 71 1084
563 2 2 5 14 70 1084 1125
564 2 2 5 14 71 72 1128
565 2 2 5 14 1084 71 1087
566 2 2 5 14 1087 71 1128
567 2 2 5 14 72 73 1080
568 2 2 5 14 72 1080 1128
569 2 2 5 14 73 74 1092
570 2 2 5 14 1080 73 1092
571 2 2 5 14 74 75 1076
572 2 2 5 14 74 1076 1092
573 2 2 5 14 75 76 1135
574 2 2 5 14 1076 75 1135
575 2 2 5 14 76 77 1083
576 2 2 5 14 76 1083 1135
577 2 2 5 14 77 78 1107
578 2 2 5 14 1083 77 1107
579 2 2 5 14 136 137 1091
580 2 2 5 14 136 1091 1107
581 2 2 5 14 137 138 1129
582 2 2 5 14 1091 137 1129
583 2 2 5 14 138 139 1079
584 2 2 5 14 138 1079 1129
585 2 2 5 14 139 140 1119
586 2 2 5 14 1079 139 1119
587 2 2 5 14 140 141 1073
588 2 2 5 14 140 1073 1119
589 2 2 5 14 141 142 1121
590 2 2 5 14 1073 141 1121
591 2 2 5 14 142 143 1120
592 2 2 5 14 142 1120 1121
593 2 2 5 14 143 144 1074
594 2 2 5 14 143 1074 1120
595 2 2 5 14 144 145 1113
596 2 2 5 14 1074 144 1113
597 2 2 5 14 145 146 1111
598 2 2 5 14 145 1111 1113
599 2 2 5 14 146 147 1075
600 2 2 5 14 146 1075 1111
601 2 2 5 14 147 148 1110
602 2 2 5 14 1075 147 1110
603 2 2 5 14 148 149 1077
604 2 2 5 14 148 1077 1110
605 2 2 5 14 149 150 1130
606 2 2 5 14 1077 149 1130
607 2 2 5 14 150 1095 1122
608 2 2 5 14 150 1122 1130
609 2 2 5 14 207 206 1086
610 2 2 5 14 1086 206 1127
611 2 2 5 14 208 207 1085
612 2 2 5 14 1085 207 1086
613 2 2 5 14 209 208 1096
614 2 2 5 14 208 1085 1096
615 2 2 5 14 210 209 1081
616 2 2 5 14 1081 209 1096
617 2 2 5 14 211 210 1118
618 2 2 5 14 210 1081 1116
619 2 2 5 14 210 1116 1118
620 2 2 5 14 212 211 1078
621 2 2 5 14 1078 211 1118
622 2 2 5 14 213 212 1115
623 2 2 5 14 212 1078 1115
624 2 2 5 14 214 213 1082
625 2 2 5 14 1082 213 1115
626 2 2 5 14 215 214 1088
627 2 2 5 14 214 1082 1088
628 2 2 5 14 216 215 1095
629 2 2 5 14 215 1088 1095
630 2 2 5 14 1119 1073 1133
631 2 2 5 14 1073 1121 1133
632 2 2 5 14 1074 1113 1114
633 2 2 5 14 1074 1114 1136
634 2 2 5 14 1120 1074 1136
635 2 2 5 14 1075 1110 1112
636 2 2 5 14 1111 1075 1132
637 2 2 5 14 1075 1112 1132
638 2 2 5 14 1092 1076 1093
639 2 2 5 14 1093 1076 1109
640 2 2 5 14 1076 1108 1109
641 2 2 5 14 1108 1076 1135
642 2 2 5 14 1110 1077 1124
643 2 2 5 14 1124 1077 1131
644 2 2 5 14 1077 1130 1131
645 2 2 5 14 1115 1078 1123
646 2 2 5 14 1117 1078 1118
647 2 2 5 14 1078 1117 1123
648 2 2 5 14 1079 1119 1134
649 2 2 5 14 1129 1079 1134
650 2 2 5 14 1080 1092 1093
651 2 2 5 14 1080 1093 1094
652 2 2 5 14 1080 1094 1097
653 2 2 5 14 1080 1097 1128
654 2 2 5 14 1081 1096 1126
655 2 2 5 14 1101 1081 1105
656 2 2 5 14 1081 1101 1116
657 2 2 5 14 1105 1081 1126
658 2 2 5 14 1088 1082 1089
659 2 2 5 14 1089 1082 1090
660 2 2 5 14 1090 1082 1115
661 2 2 5 14 1091 1083 1107
662 2 2 5 14 1083 1091 1108
663 2 2 5 14 1083 1108 1135
664 2 2 5 14 1084 1087 1126
665 2 2 5 14 1084 1096 1125
666 2 2 5 14 1096 1084 1126
667 2 2 5 14 1085 1086 1125
668 2 2 5 14 1096 1085 1125
669 2 2 5 14 1087 1097 1105
670 2 2 5 14 1097 1087 1128
671 2 2 5 14 1087 1105 1126
672 2 2 5 14 1088 1089 1122
673 2 2 5 14 1095 1088 1122
674 2 2 5 14 1089 1090 1131
675 2 2 5 14 1122 1089 1130
676 2 2 5 14 1130 1089 1131
677 2 2 5 14 1090 1115 1123
678 2 2 5 14 1090 1123 1124
679 2 2 5 14 1090 1124 1131
680 2 2 5 14 1108 1091 1109
681 2 2 5 14 1109 1091 1129
682 2 2 5 14 1094 1093 1106
683 2 2 5 14 1106 1093 1134
684 2 2 5 14 1093 1109 1134
685 2 2 5 14 1097 1094 1098
686 2 2 5 14 1098 1094 1099
687 2 2 5 14 1099 1094 1106
688 2 2 5 14 1097 1098 1105
689 2 2 5 14 1098 1099 1100
690 2 2 5 14 1098 1100 1101
691 2 2 5 14 1098 1101 1105
692 2 2 5 14 1100 1099 1136
693 2 2 5 14 1099 1106 1133
694 2 2 5 14 1099 1133 1136
695 2 2 5 14 1101 1100 1102
696 2 2 5 14 1102 1100 1103
697 2 2 5 14 1103 1100 1114
698 2 2 5 14 1114 1100 1136
699 2 2 5 14 1101 1102 1116
700 2 2 5 14 1102 1103 1104
701 2 2 5 14 1102 1104 1117
702 2 2 5 14 1116 1102 1117
703 2 2 5 14 1104 1103 1112
704 2 2 5 14 1112 1103 1132
705 2 2 5 14 1103 1114 1132
706 2 2 5 14 1104 1112 1124
707 2 2 5 14 1117 1104 1123
708 2 2 5 14 1123 1104 1124
709 2 2 5 14 1106 1119 1133
710 2 2 5 14 1119 1106 1134
711 2 2 5 14 1109 1129 1134
712 2 2 5 14 1112 1110 1124
713 2 2 5 14 1113 1111 1132
714 2 2 5 14 1114 1113 1132
715 2 2 5 14 1116 1117 1118
716 2 2 5 14 1121 1120 1136
717 2 2 5 14 1133 1121 1136
718 2 2 5 16 3 17 2
719 2 2 5 16 3 16 17
720 2 2 5 18 18 1 1247
721 2 2 5 18 1 65 1247
722 2 2 5 18 2 17 1244
723 2 2 5 18 67 2 1244
724 2 2 5 18 17 229 1244
725 2 2 5 18 227 18 1247
726 2 2 5 18 65 66 1246
727 2 2 5 18 65 1246 1247
728 2 2 5 18 66 67 1245
729 2 2 5 18 66 1245 1246
730 2 2 5 18 67 1244 1245
731 2 2 5 18 228 227 1246
732 2 2 5 18 1246 227 1247
733 2 2 5 18 229 228 1245
734 2 2 5 18 1245 228 1246
735 2 2 5 18 1244 229 1245
736 2 2 5 19 1 18 1250
737 2 2 5 19 64 1 1250
738 2 2 5 19 15 5 1249
739 2 2 5 19 5 63 1249
740 2 2 5 19 230 15 1249
741 2 2 5 19 18 231 1250
742 2 2 5 19 63 64 1248
743 2 2 5 19 230 63 1248
744 2 2 5 19 63 230 1249
745 2 2 5 19 64 231 1248
746 2 2 5 19 231 64 1250
747 2 2 5 19 231 230 1248
748 2 2 4 21 10 1329 130
749 2 2 4 21 232 1329 10
750 2 2 4 21 135 1328 11
751 2 2 4 21 11 1328 243
752 2 2 4 21 19 20 242
753 2 2 4 21 20 253 242
754 2 2 4 21 130 1317 131
755 2 2 4 21 130 1329 1317
756 2 2 4 21 131 1340 132
757 2 2 4 21 1317 1340 131
758 2 2 4 21 132 1300 133
759 2 2 4 21 132 1340 1300
760 2 2 4 21 133 1337 134
761 2 2 4 21 1300 1337 133
762 2 2 4 21 134 1320 135
763 2 2 4 21 134 1337 1320
764 2 2 4 21 1320 1328 135
765 2 2 4 21 233 1304 232
766 2 2 4 21 1304 1329 232
767 2 2 4 21 234 1315 233
768 2 2 4 21 233 1315 1304
769 2 2 4 21 235 1301 234
770 2 2 4 21 1301 1315 234
771 2 2 4 21 236 1339 235
772 2 2 4 21 235 1339 1301
773 2 2 4 21 237 1305 236
774 2 2 4 21 1305 1307 236
775 2 2 4 21 1307 1339 236
776 2 2 4 21 238 1335 237
777 2 2 4 21 237 1335 1305
778 2 2 4 21 239 1312 238
779 2 2 4 21 238 1312 1306
780 2 2 4 21 1306 1335 238
781 2 2 4 21 240 1326 239
782 2 2 4 21 250 1312 239
783 2 2 4 21 239 1326 250
784 2 2 4 21 241 1325 240
785 2 2 4 21 240 1325 251
786 2 2 4 21 251 1326 240
787 2 2 4 21 242 1322 241
788 2 2 4 21 241 1322 252
789 2 2 4 21 252 1325 241
790 2 2 4 21 253 1322 242
791 2 2 4 21 243 1303 244
792 2 2 4 21 243 1328 1303
793 2 2 4 21 244 1313 245
794 2 2 4 21 1303 1313 244
795 2 2 4 21 245 1302 246
796 2 2 4 21 245 1313 1302
797 2 2 4 21 246 1310 247
798 2 2 4 21 1302 1310 246
799 2 2 4 21 247 1333 248
800 2 2 4 21 1310 1333 247
801 2 2 4 21 248 1306 249
802 2 2 4 21 248 1327 1306
803 2 2 4 21 248 1333 1327
804 2 2 4 21 249 1312 250
805 2 2 4 21 1306 1312 249
806 2 2 4 21 250 1326 251
807 2 2 4 21 251 1325 252
808 2 2 4 21 252 1322 253
809 2 2 4 21 1318 1331 1300
810 2 2 4 21 1300 1340 1318
811 2 2 4 21 1300 1332 1321
812 2 2 4 21 1321 1337 1300
813 2 2 4 21 1331 1332 1300
814 2 2 4 21 1301 1323 1315
815 2 2 4 21 1301 1324 1323
816 2 2 4 21 1301 1334 1324
817 2 2 4 21 1301 1339 1334
818 2 2 4 21 1302 1338 1310
819 2 2 4 21 1313 1330 1302
820 2 2 4 21 1330 1338 1302
821 2 2 4 21 1303 1314 1313
822 2 2 4 21 1303 1320 1314
823 2 2 4 21 1303 1328 1320
824 2 2 4 21 1315 1316 1304
825 2 2 4 21 1316 1317 1304
826 2 2 4 21 1317 1329 1304
827 2 2 4 21 1305 1308 1307
828 2 2 4 21 1305 1327 1308
829 2 2 4 21 1305 1335 1327
830 2 2 4 21 1327 1335 1306
831 2 2 4 21 1308 1309 1307
832 2 2 4 21 1309 1334 1307
833 2 2 4 21 1334 1339 1307
834 2 2 4 21 1308 1310 1309
835 2 2 4 21 1308 1333 1310
836 2 2 4 21 1327 1333 1308
837 2 2 4 21 1310 1338 1309
838 2 2 4 21 1311 1324 1309
839 2 2 4 21 1309 1338 1311
840 2 2 4 21 1324 1334 1309
841 2 2 4 21 1311 1336 1324
842 2 2 4 21 1330 1332 1311
843 2 2 4 21 1311 1338 1330
844 2 2 4 21 1332 1336 1311
845 2 2 4 21 1314 1330 1313
846 2 2 4 21 1320 1321 1314
847 2 2 4 21 1321 1332 1314
848 2 2 4 21 1314 1332 1330
849 2 2 4 21 1315 1323 1316
850 2 2 4 21 1316 1318 1317
851 2 2 4 21 1316 1319 1318
852 2 2 4 21 1316 1323 1319
853 2 2 4 21 1318 1340 1317
854 2 2 4 21 1319 1331 1318
855 2 2 4 21 1323 1324 1319
856 2 2 4 21 1324 1336 1319
857 2 2 4 21 1319 1336 1331
858 2 2 4 21 1320 1337 1321
859 2 2 4 21 1331 1336 1332
860 2 2 5 22 11 1349 151
861 2 2 5 22 243 1349 11
862 2 2 5 22 156 1367 12
863 2 2 5 22 12 1367 254
864 2 2 5 22 21 1376 20
865 2 2 5 22 20 1376 253
866 2 2 5 22 264 1376 21
867 2 2 5 22 151 1348 152
868 2 2 5 22 151 1385 1348
869 2 2 5 22 1349 1385 151
870 2 2 5 22 152 1365 153
871 2 2 5 22 1348 1365 152
872 2 2 5 22 153 1341 154
873 2 2 5 22 153 1365 1341
874 2 2 5 22 154 1366 155
875 2 2 5 22 1341 1366 154
876 2 2 5 22 155 1351 156
877 2 2 5 22 155 1366 1351
878 2 2 5 22 1351 1367 156
879 2 2 5 22 244 1349 243
880 2 2 5 22 245 1368 244
881 2 2 5 22 244 1368 1349
882 2 2 5 22 246 1344 245
883 2 2 5 22 1344 1368 245
884 2 2 5 22 247 1361 246
885 2 2 5 22 246 1361 1344
886 2 2 5 22 248 1342 247
887 2 2 5 22 1342 1361 247
888 2 2 5 22 249 1387 248
889 2 2 5 22 248 1387 1342
890 2 2 5 22 250 1347 249
891 2 2 5 22 1347 1353 249
892 2 2 5 22 1353 1387 249
893 2 2 5 22 251 1374 250
894 2 2 5 22 250 1374 1347
895 2 2 5 22 252 1352 251
896 2 2 5 22 1352 1388 251
897 2 2 5 22 251 1388 1374
898 2 2 5 22 253 1375 252
899 2 2 5 22 252 1386 1352
900 2 2 5 22 1375 1386 252
901 2 2 5 22 264 1375 253
902 2 2 5 22 253 1376 264
903 2 2 5 22 254 1367 255
904 2 2 5 22 255 1346 256
905 2 2 5 22 255 1367 1346
906 2 2 5 22 256 1363 257
907 2 2 5 22 1346 1363 256
908 2 2 5 22 257 1343 258
909 2 2 5 22 257 1363 1343
910 2 2 5 22 258 1384 259
911 2 2 5 22 1343 1384 258
912 2 2 5 22 259 1345 260
913 2 2 5 22 259 1355 1345
914 2 2 5 22 259 1384 1355
915 2 2 5 22 260 1354 261
916 2 2 5 22 1345 1354 260
917 2 2 5 22 261 1350 262
918 2 2 5 22 261 1373 1350
919 2 2 5 22 1354 1373 261
920 2 2 5 22 262 1352 263
921 2 2 5 22 1350 1352 262
922 2 2 5 22 263 1375 264
923 2 2 5 22 1352 1386 263
924 2 2 5 22 263 1386 1375
925 2 2 5 22 1360 1366 1341
926 2 2 5 22 1341 1370 1360
927 2 2 5 22 1365 1370 1341
928 2 2 5 22 1342 1369 1361
929 2 2 5 22 1342 1382 1369
930 2 2 5 22 1342 1387 1382
931 2 2 5 22 1363 1364 1343
932 2 2 5 22 1364 1371 1343
933 2 2 5 22 1371 1384 1343
934 2 2 5 22 1361 1362 1344
935 2 2 5 22 1362 1377 1344
936 2 2 5 22 1344 1377 1368
937 2 2 5 22 1345 1372 1354
938 2 2 5 22 1355 1356 1345
939 2 2 5 22 1356 1372 1345
940 2 2 5 22 1346 1378 1363
941 2 2 5 22 1367 1378 1346
942 2 2 5 22 1347 1372 1353
943 2 2 5 22 1347 1373 1372
944 2 2 5 22 1347 1374 1373
945 2 2 5 22 1348 1379 1365
946 2 2 5 22 1377 1379 1348
947 2 2 5 22 1348 1385 1377
948 2 2 5 22 1368 1385 1349
949 2 2 5 22 1350 1388 1352
950 2 2 5 22 1373 1374 1350
951 2 2 5 22 1374 1388 1350
952 2 2 5 22 1366 1380 1351
953 2 2 5 22 1351 1378 1367
954 2 2 5 22 1351 1380 1378
955 2 2 5 22 1372 1383 1353
956 2 2 5 22 1353 1383 1382
957 2 2 5 22 1382 1387 1353
958 2 2 5 22 1372 1373 1354
959 2 2 5 22 1355 1357 1356
960 2 2 5 22 1355 1371 1357
961 2 2 5 22 1355 1384 1371
962 2 2 5 22 1357 1358 1356
963 2 2 5 22 1358 1383 1356
964 2 2 5 22 1356 1383 1372
965 2 2 5 22 1357 1359 1358
966 2 2 5 22 1357 1360 1359
967 2 2 5 22 1357 1371 1360
968 2 2 5 22 1359 1369 1358
969 2 2 5 22 1369 1382 1358
970 2 2 5 22 1382 1383 1358
971 2 2 5 22 1360 1370 1359
972 2 2 5 22 1359 1381 1369
973 2 2 5 22 1370 1381 1359
974 2 2 5 22 1360 1371 1364
975 2 2 5 22 1364 1380 1360
976 2 2 5 22 1360 1380 1366
977 2 2 5 22 1361 1369 1362
978 2 2 5 22 1369 1381 1362
979 2 2 5 22 1362 1379 1377
980 2 2 5 22 1362 1381 1379
981 2 2 5 22 1363 1378 1364
982 2 2 5 22 1378 1380 1364
983 2 2 5 22 1365 1379 1370
984 2 2 5 22 1377 1385 1368
985 2 2 5 22 1379 1381 1370
986 2 2 5 25 20 19 1478
987 2 2 5 25 19 22 1478
988 2 2 5 25 21 20 1478
989 2 2 5 25 22 21 1478
990 2 2 4 26 10 184 1518
991 2 2 4 26 232 10 1518
992 2 2 4 26 194 14 1529
993 2 2 4 26 14 276 1529
994 2 2 4 26 19 242 1517
995 2 2 4 26 278 19 1517
996 2 2 4 26 277 23 1526
997 2 2 4 26 23 280 1526
998 2 2 4 26 184 185 1487
999 2 2 4 26 184 1487 1518
1000 2 2 4 26 185 186 1511
1001 2 2 4 26 1487 185 1511
1002 2 2 4 26 186 187 1486
1003 2 2 4 26 186 1486 1531
1004 2 2 4 26 1511 186 1531
1005 2 2 4 26 187 188 1508
1006 2 2 4 26 1486 187 1508
1007 2 2 4 26 188 189 1485
1008 2 2 4 26 188 1485 1508
1009 2 2 4 26 189 190 1507
1010 2 2 4 26 1485 189 1507
1011 2 2 4 26 190 191 1484
1012 2 2 4 26 190 1484 1507
1013 2 2 4 26 191 192 1506
1014 2 2 4 26 1484 191 1506
1015 2 2 4 26 192 193 1483
1016 2 2 4 26 192 1483 1506
1017 2 2 4 26 193 194 1502
1018 2 2 4 26 1483 193 1502
1019 2 2 4 26 1502 194 1529
1020 2 2 4 26 233 232 1501
1021 2 2 4 26 1501 232 1518
1022 2 2 4 26 234 233 1489
1023 2 2 4 26 1489 233 1501
1024 2 2 4 26 235 234 1482
1025 2 2 4 26 1482 234 1489
1026 2 2 4 26 236 235 1530
1027 2 2 4 26 235 1482 1530
1028 2 2 4 26 237 236 1481
1029 2 2 4 26 1481 236 1530
1030 2 2 4 26 238 237 1524
1031 2 2 4 26 237 1481 1524
1032 2 2 4 26 239 238 1480
1033 2 2 4 26 1480 238 1524
1034 2 2 4 26 240 239 1514
1035 2 2 4 26 239 1480 1514
1036 2 2 4 26 241 240 1479
1037 2 2 4 26 1479 240 1514
1038 2 2 4 26 242 241 1505
1039 2 2 4 26 241 1479 1505
1040 2 2 4 26 242 1505 1517
1041 2 2 4 26 276 277 1521
1042 2 2 4 26 276 1521 1529
1043 2 2 4 26 1521 277 1526
1044 2 2 4 26 279 278 1510
1045 2 2 4 26 1510 278 1522
1046 2 2 4 26 278 1517 1522
1047 2 2 4 26 280 279 1488
1048 2 2 4 26 1488 279 1510
1049 2 2 4 26 280 1488 1526
1050 2 2 4 26 1505 1479 1512
1051 2 2 4 26 1512 1479 1528
1052 2 2 4 26 1479 1514 1528
1053 2 2 4 26 1480 1495 1496
1054 2 2 4 26 1495 1480 1524
1055 2 2 4 26 1480 1496 1514
1056 2 2 4 26 1481 1491 1492
1057 2 2 4 26 1491 1481 1530
1058 2 2 4 26 1481 1492 1493
1059 2 2 4 26 1481 1493 1524
1060 2 2 4 26 1482 1489 1490
1061 2 2 4 26 1482 1490 1491
1062 2 2 4 26 1482 1491 1530
1063 2 2 4 26 1483 1502 1503
1064 2 2 4 26 1483 1503 1527
1065 2 2 4 26 1506 1483 1527
1066 2 2 4 26 1484 1506 1525
1067 2 2 4 26 1507 1484 1520
1068 2 2 4 26 1520 1484 1525
1069 2 2 4 26 1485 1507 1523
1070 2 2 4 26 1508 1485 1515
1071 2 2 4 26 1515 1485 1523
1072 2 2 4 26 1486 1508 1509
1073 2 2 4 26 1486 1509 1531
1074 2 2 4 26 1487 1501 1518
1075 2 2 4 26 1501 1487 1519
1076 2 2 4 26 1487 1511 1519
1077 2 2 4 26 1488 1510 1516
1078 2 2 4 26 1488 1516 1521
1079 2 2 4 26 1488 1521 1526
1080 2 2 4 26 1490 1489 1519
1081 2 2 4 26 1489 1501 1519
1082 2 2 4 26 1491 1490 1509
1083 2 2 4 26 1509 1490 1531
1084 2 2 4 26 1490 1519 1531
1085 2 2 4 26 1492 1491 1509
1086 2 2 4 26 1493 1492 1494
1087 2 2 4 26 1494 1492 1515
1088 2 2 4 26 1492 1509 1515
1089 2 2 4 26 1493 1494 1495
1090 2 2 4 26 1493 1495 1524
1091 2 2 4 26 1495 1494 1520
1092 2 2 4 26 1494 1515 1523
1093 2 2 4 26 1520 1494 1523
1094 2 2 4 26 1496 1495 1497
1095 2 2 4 26 1497 1495 1520
1096 2 2 4 26 1496 1497 1498
1097 2 2 4 26 1496 1498 1528
1098 2 2 4 26 1514 1496 1528
1099 2 2 4 26 1498 1497 1499
1100 2 2 4 26 1499 1497 1525
1101 2 2 4 26 1497 1520 1525
1102 2 2 4 26 1498 1499 1500
1103 2 2 4 26 1498 1500 1512
1104 2 2 4 26 1498 1512 1528
1105 2 2 4 26 1500 1499 1527
1106 2 2 4 26 1506 1499 1525
1107 2 2 4 26 1499 1506 1527
1108 2 2 4 26 1500 1503 1513
1109 2 2 4 26 1503 1500 1527
1110 2 2 4 26 1512 1500 1513
1111 2 2 4 26 1503 1502 1504
1112 2 2 4 26 1504 1502 1529
1113 2 2 4 26 1503 1504 1516
1114 2 2 4 26 1513 1503 1516
1115 2 2 4 26 1516 1504 1521
1116 2 2 4 26 1521 1504 1529
1117 2 2 4 26 1505 1512 1522
1118 2 2 4 26 1517 1505 1522
1119 2 2 4 26 1507 1520 1523
1120 2 2 4 26 1509 1508 1515
1121 2 2 4 26 1510 1513 1516
1122 2 2 4 26 1513 1510 1522
1123 2 2 4 26 1519 1511 1531
1124 2 2 4 26 1512 1513 1522
1125 2 2 5 27 14 15 1533
1126 2 2 5 27 276 14 1533
1127 2 2 5 27 15 281 1533
1128 2 2 5 27 24 23 1532
1129 2 2 5 27 23 277 1532
1130 2 2 5 27 282 24 1532
1131 2 2 5 27 277 276 1534
1132 2 2 5 27 281 276 1533
1133 2 2 5 27 276 281 1534
1134 2 2 5 27 277 282 1532
1135 2 2 5 27 282 277 1534
1136 2 2 5 27 281 282 1534
1137 2 2 5 29 19 1588 22
1138 2 2 5 29 278 1588 19
1139 2 2 5 29 22 1588 283
1140 2 2 5 29 24 1589 23
1141 2 2 5 29 23 1589 280
1142 2 2 5 29 285 1589 24
1143 2 2 5 29 279 1590 278
1144 2 2 5 29 283 1588 278
1145 2 2 5 29 278 1590 283
1146 2 2 5 29 280 1591 279
1147 2 2 5 29 284 1590 279
1148 2 2 5 29 279 1591 284
1149 2 2 5 29 280 1589 285
1150 2 2 5 29 285 1591 280
1151 2 2 5 29 283 1590 284
1152 2 2 5 29 284 1591 285
1153 2 2 5 30 216 12 1604
1154 2 2 5 30 12 254 1604
1155 2 2 5 30 16 206 1626
1156 2 2 5 30 286 16 1626
1157 2 2 5 30 264 21 1628
1158 2 2 5 30 21 289 1628
1159 2 2 5 30 25 287 1632
1160 2 2 5 30 288 25 1632
1161 2 2 5 30 206 207 1610
1162 2 2 5 30 206 1610 1626
1163 2 2 5 30 207 208 1596
1164 2 2 5 30 207 1596 1610
1165 2 2 5 30 208 209 1601
1166 2 2 5 30 1596 208 1601
1167 2 2 5 30 209 210 1599
1168 2 2 5 30 209 1599 1601
1169 2 2 5 30 210 211 1608
1170 2 2 5 30 1599 210 1630
1171 2 2 5 30 210 1608 1630
1172 2 2 5 30 211 212 1597
1173 2 2 5 30 211 1597 1608
1174 2 2 5 30 212 213 1606
1175 2 2 5 30 1597 212 1606
1176 2 2 5 30 213 214 1612
1177 2 2 5 30 1606 213 1612
1178 2 2 5 30 214 215 1598
1179 2 2 5 30 214 1598 1612
1180 2 2 5 30 215 216 1604
1181 2 2 5 30 1598 215 1604
1182 2 2 5 30 254 255 1603
1183 2 2 5 30 254 1603 1604
1184 2 2 5 30 255 256 1621
1185 2 2 5 30 1603 255 1621
1186 2 2 5 30 256 257 1595
1187 2 2 5 30 256 1595 1621
1188 2 2 5 30 257 258 1615
1189 2 2 5 30 1595 257 1615
1190 2 2 5 30 258 259 1593
1191 2 2 5 30 258 1593 1615
1192 2 2 5 30 259 260 1623
1193 2 2 5 30 1593 259 1623
1194 2 2 5 30 260 261 1594
1195 2 2 5 30 260 1594 1623
1196 2 2 5 30 261 262 1620
1197 2 2 5 30 1594 261 1620
1198 2 2 5 30 262 263 1592
1199 2 2 5 30 262 1592 1620
1200 2 2 5 30 263 264 1613
1201 2 2 5 30 1592 263 1613
1202 2 2 5 30 1613 264 1628
1203 2 2 5 30 287 286 1600
1204 2 2 5 30 1600 286 1626
1205 2 2 5 30 287 1600 1632
1206 2 2 5 30 289 288 1625
1207 2 2 5 30 1625 288 1632
1208 2 2 5 30 1624 289 1625
1209 2 2 5 30 289 1624 1628
1210 2 2 5 30 1592 1613 1614
1211 2 2 5 30 1592 1614 1617
1212 2 2 5 30 1592 1617 1620
1213 2 2 5 30 1609 1593 1623
1214 2 2 5 30 1593 1609 1627
1215 2 2 5 30 1615 1593 1627
1216 2 2 5 30 1616 1594 1617
1217 2 2 5 30 1594 1616 1631
1218 2 2 5 30 1617 1594 1620
1219 2 2 5 30 1623 1594 1631
1220 2 2 5 30 1595 1615 1627
1221 2 2 5 30 1621 1595 1622
1222 2 2 5 30 1622 1595 1627
1223 2 2 5 30 1596 1601 1629
1224 2 2 5 30 1610 1596 1611
1225 2 2 5 30 1611 1596 1629
1226 2 2 5 30 1597 1606 1607
1227 2 2 5 30 1597 1607 1608
1228 2 2 5 30 1603 1598 1604
1229 2 2 5 30 1598 1603 1605
1230 2 2 5 30 1598 1605 1612
1231 2 2 5 30 1601 1599 1602
1232 2 2 5 30 1602 1599 1616
1233 2 2 5 30 1616 1599 1630
1234 2 2 5 30 1600 1626 1634
1235 2 2 5 30 1632 1600 1633
1236 2 2 5 30 1633 1600 1634
1237 2 2 5 30 1601 1602 1629
1238 2 2 5 30 1602 1616 1617
1239 2 2 5 30 1602 1617 1618
1240 2 2 5 30 1602 1618 1629
1241 2 2 5 30 1605 1603 1621
1242 2 2 5 30 1612 1605 1622
1243 2 2 5 30 1605 1621 1622
1244 2 2 5 30 1607 1606 1622
1245 2 2 5 30 1606 1612 1622
1246 2 2 5 30 1608 1607 1609
1247 2 2 5 30 1609 1607 1627
1248 2 2 5 30 1607 1622 1627
1249 2 2 5 30 1608 1609 1630
1250 2 2 5 30 1609 1623 1631
1251 2 2 5 30 1630 1609 1631
1252 2 2 5 30 1610 1611 1634
1253 2 2 5 30 1626 1610 1634
1254 2 2 5 30 1611 1618 1619
1255 2 2 5 30 1618 1611 1629
1256 2 2 5 30 1611 1619 1633
1257 2 2 5 30 1611 1633 1634
1258 2 2 5 30 1614 1613 1624
1259 2 2 5 30 1624 1613 1628
1260 2 2 5 30 1617 1614 1618
1261 2 2 5 30 1618 1614 1619
1262 2 2 5 30 1619 1614 1624
1263 2 2 5 30 1616 1630 1631
1264 2 2 5 30 1619 1624 1625
1265 2 2 5 30 1619 1625 1633
1266 2 2 5 30 1625 1632 1633
1267 2 2 5 32 16 290 17
1268 2 2 5 32 16 286 290
1269 2 2 5 32 291 25 26
1270 2 2 5 32 287 25 291
1271 2 2 5 32 286 287 291
1272 2 2 5 32 286 291 290
1273 2 2 5 33 289 21 22
1274 2 2 5 33 292 289 22
1275 2 2 5 33 25 293 26
1276 2 2 5 33 288 293 25
1277 2 2 5 33 292 288 289
1278 2 2 5 33 292 293 288
1279 2 2 5 34 229 17 1690
1280 2 2 5 34 17 290 1690
1281 2 2 5 34 18 227 1691
1282 2 2 5 34 294 18 1691
1283 2 2 5 34 291 26 1689
1284 2 2 5 34 26 298 1689
1285 2 2 5 34 27 295 1688
1286 2 2 5 34 296 27 1688
1287 2 2 5 34 227 228 1682
1288 2 2 5 34 227 1682 1691
1289 2 2 5 34 228 229 1685
1290 2 2 5 34 1682 228 1685
1291 2 2 5 34 1685 229 1690
1292 2 2 5 34 290 291 1681
1293 2 2 5 34 290 1681 1690
1294 2 2 5 34 1681 291 1689
1295 2 2 5 34 295 294 1686
1296 2 2 5 34 1686 294 1691
1297 2 2 5 34 295 1686 1688
1298 2 2 5 34 297 296 1683
1299 2 2 5 34 1683 296 1688
1300 2 2 5 34 298 297 1684
1301 2 2 5 34 297 1683 1684
1302 2 2 5 34 298 1684 1689
1303 2 2 5 34 1681 1684 1687
1304 2 2 5 34 1684 1681 1689
1305 2 2 5 34 1685 1681 1687
1306 2 2 5 34 1681 1685 1690
1307 2 2 5 34 1682 1685 1687
1308 2 2 5 34 1686 1682 1687
1309 2 2 5 34 1682 1686 1691
1310 2 2 5 34 1684 1683 1687
1311 2 2 5 34 1683 1686 1687
1312 2 2 5 34 1686 1683 1688
1313 2 2 5 35 15 230 1697
1314 2 2 5 35 281 15 1697
1315 2 2 5 35 231 18 1699
1316 2 2 5 35 18 294 1699
1317 2 2 5 35 24 282 1696
1318 2 2 5 35 299 24 1696
1319 2 2 5 35 295 27 1698
1320 2 2 5 35 27 300 1698
1321 2 2 5 35 230 231 1695
1322 2 2 5 35 230 1695 1697
1323 2 2 5 35 1695 231 1699
1324 2 2 5 35 282 281 1693
1325 2 2 5 35 1693 281 1697
1326 2 2 5 35 282 1693 1696
1327 2 2 5 35 294 295 1692
1328 2 2 5 35 294 1692 1699
1329 2 2 5 35 1692 295 1698
1330 2 2 5 35 300 299 1694
1331 2 2 5 35 1694 299 1696
1332 2 2 5 35 300 1694 1698
1333 2 2 5 35 1692 1694 1695
1334 2 2 5 35 1694 1692 1698
1335 2 2 5 35 1692 1695 1699
1336 2 2 5 35 1694 1693 1695
1337 2 2 5 35 1693 1694 1696
1338 2 2 5 35 1695 1693 1697
1339 2 2 5 36 22 283 1710
1340 2 2 5 36 292 22 1710
1341 2 2 5 36 285 24 1709
1342 2 2 5 36 24 299 1709
1343 2 2 5 36 26 293 1707
1344 2 2 5 36 298 26 1707
1345 2 2 5 36 27 296 1708
1346 2 2 5 36 300 27 1708
1347 2 2 5 36 283 284 1701
1348 2 2 5 36 283 1701 1710
1349 2 2 5 36 284 285 1704
1350 2 2 5 36 1701 284 1704
1351 2 2 5 36 1704 285 1709
1352 2 2 5 36 293 292 1705
1353 2 2 5 36 1705 292 1710
1354 2 2 5 36 293 1705 1707
1355 2 2 5 36 296 297 1703
1356 2 2 5 36 296 1703 1708
1357 2 2 5 36 297 298 1702
1358 2 2 5 36 297 1702 1703
1359 2 2 5 36 1702 298 1707
1360 2 2 5 36 299 300 1700
1361 2 2 5 36 299 1700 1709
1362 2 2 5 36 1700 300 1708
1363 2 2 5 36 1700 1703 1706
1364 2 2 5 36 1703 1700 1708
1365 2 2 5 36 1704 1700 1706
1366 2 2 5 36 1700 1704 1709
1367 2 2 5 36 1701 1704 1706
1368 2 2 5 36 1705 1701 1706
1369 2 2 5 36 1701 1705 1710
1370 2 2 5 36 1703 1702 1706
1371 2 2 5 36 1702 1705 1706
1372 2 2 5 36 1705 1702 1707
1373 3 2 3 1 9 46 301 45
1374 3 2 3 1 45 301 302 44
1375 3 2 3 1 44 302 303 43
1376 3 2 3 1 43 303 304 42
1377 3 2 3 1 42 304 305 41
1378 3 2 3 1 41 305 306 40
1379 3 2 3 1 40 306 39 8
1380 3 2 3 1 46 47 307 301
1381 3 2 3 1 301 307 308 302
1382 3 2 3 1 302 308 309 303
1383 3 2 3 1 303 309 310 304
1384 3 2 3 1 304 310 311 305
1385 3 2 3 1 305 311 312 306
1386 3 2 3 1 306 312 38 39
1387 3 2 3 1 47 48 313 307
1388 3 2 3 1 307 313 314 308
1389 3 2 3 1 308 314 315 309
1390 3 2 3 1 309 315 316 310
1391 3 2 3 1 310 316 317 311
1392 3 2 3 1 311 317 318 312
1393 3 2 3 1 312 318 37 38
1394 3 2 3 1 48 49 319 313
1395 3 2 3 1 313 319 320 314
1396 3 2 3 1 314 320 321 315
1397 3 2 3 1 315 321 322 316
1398 3 2 3 1 316 322 323 317
1399 3 2 3 1 317 323 324 318
1400 3 2 3 1 318 324 36 37
1401 3 2 3 1 49 50 325 319
1402 3 2 3 1 319 325 326 320
1403 3 2 3 1 320 326 327 321
1404 3 2 3 1 321 327 328 322
1405 3 2 3 1 322 328 329 323
1406 3 2 3 1 323 329 330 324
1407 3 2 3 1 324 330 35 36
1408 3 2 3 1 50 51 331 325
1409 3 2 3 1 325 331 332 326
1410 3 2 3 1 326 332 333 327
1411 3 2 3 1 327 333 334 328
1412 3 2 3 1 328 334 335 329
1413 3 2 3 1 329 335 336 330
1414 3 2 3 1 330 336 34 35
1415 3 2 3 1 51 7 28 331
1416 3 2 3 1 331 28 29 332
1417 3 2 3 1 332 29 30 333
1418 3 2 3 1 333 30 31 334
1419 3 2 3 1 334 31 32 335
1420 3 2 3 1 335 32 33 336
1421 3 2 3 1 336 33 6 34
1422 3 2 4 5 9 100 465 46
1423 3 2 4 5 46 465 466 47
1424 3 2 4 5 47 466 467 48
1425 3 2 4 5 48 467 468 49
1426 3 2 4 5 49 468 469 50
1427 3 2 4 5 50 469 470 51
1428 3 2 4 5 51 470 115 7
1429 3 2 4 5 100 101 471 465
1430 3 2 4 5 465 471 472 466
1431 3 2 4 5 466 472 473 467
1432 3 2 4 5 467 473 474 468
1433 3 2 4 5 468 474 475 469
1434 3 2 4 5 469 475 476 470
1435 3 2 4 5 470 476 116 115
1436 3 2 4 5 101 102 477 471
1437 3 2 4 5 471 477 478 472
1438 3 2 4 5 472 478 479 473
1439 3 2 4 5 473 479 480 474
1440 3 2 4 5 474 480 481 475
1441 3 2 4 5 475 481 482 476
1442 3 2 4 5 476 482 117 116
1443 3 2 4 5 102 103 483 477
1444 3 2 4 5 477 483 484 478
1445 3 2 4 5 478 484 485 479
1446 3 2 4 5 479 485 486 480
1447 3 2 4 5 480 486 487 481
1448 3 2 4 5 481 487 488 482
1449 3 2 4 5 482 488 118 117
1450 3 2 4 5 103 104 489 483
1451 3 2 4 5 483 489 490 484
1452 3 2 4 5 484 490 491 485
1453 3 2 4 5 485 491 492 486
1454 3 2 4 5 486 492 493 487
1455 3 2 4 5 487 493 494 488
1456 3 2 4 5 488 494 119 118
1457 3 2 4 5 104 105 495 489
1458 3 2 4 5 489 495 496 490
1459 3 2 4 5 490 496 497 491
1460 3 2 4 5 491 497 498 492
1461 3 2 4 5 492 498 499 493
1462 3 2 4 5 493 499 500 494
1463 3 2 4 5 494 500 120 119
1464 3 2 4 5 105 106 501 495
1465 3 2 4 5 495 501 502 496
1466 3 2 4 5 496 502 503 497
1467 3 2 4 5 497 503 504 498
1468 3 2 4 5 498 504 505 499
1469 3 2 4 5 499 505 506 500
1470 3 2 4 5 500 506 121 120
1471 3 2 4 5 106 107 507 501
1472 3 2 4 5 501 507 508 502
1473 3 2 4 5 502 508 509 503
1474 3 2 4 5 503 509 510 504
1475 3 2 4 5 504 510 511 505
1476 3 2 4 5 505 511 512 506
1477 3 2 4 5 506 512 122 121
1478 3 2 4 5 107 108 513 507
1479 3 2 4 5 507 513 514 508
1480 3 2 4 5 508 514 515 509
1481 3 2 4 5 509 515 516 510
1482 3 2 4 5 510 516 517 511
1483 3 2 4 5 511 517 518 512
1484 3 2 4 5 512 518 123 122
1485 3 2 4 5 108 109 519 513
1486 3 2 4 5 513 519 520 514
1487 3 2 4 5 514 520 521 515
1488 3 2 4 5 515 521 522 516
1489 3 2 4 5 516 522 523 517
1490 3 2 4 5 517 523 524 518
1491 3 2 4 5 518 524 124 123
1492 3 2 4 5 109 110 525 519
1493 3 2 4 5 519 525 526 520
1494 3 2 4 5 520 526 527 521
1495 3 2 4 5 521 527 528 522
1496 3 2 4 5 522 528 529 523
1497 3 2 4 5 523 529 530 524
1498 3 2 4 5 524 530 125 124
1499 3 2 4 5 110 111 531 525
1500 3 2 4 5 525 531 532 526
1501 3 2 4 5 526 532 533 527
1502 3 2 4 5 527 533 534 528
1503 3 2 4 5 528 534 535 529
1504 3 2 4 5 529 535 536 530
1505 3 2 4 5 530 536 126 125
1506 3 2 4 5 111 112 537 531
1507 3 2 4 5 531 537 538 532
1508 3 2 4 5 532 538 539 533
1509 3 2 4 5 533 539 540 534
1510 3 2 4 5 534 540 541 535
1511 3 2 4 5 535 541 542 536
1512 3 2 4 5 536 542 127 126
1513 3 2 4 5 112 113 543 537
1514 3 2 4 5 537 543 544 538
1515 3 2 4 5 538 544 545 539
1516 3 2 4 5 539 545 546 540
1517 3 2 4 5 540 546 547 541
1518 3 2 4 5 541 547 548 542
1519 3 2 4 5 542 548 128 127
1520 3 2 4 5 113 114 549 543
1521 3 2 4 5 543 549 550 544
1522 3 2 4 5 544 550 551 545
1523 3 2 4 5 545 551 552 546
1524 3 2 4 5 546 552 553 547
1525 3 2 4 5 547 553 554 548
1526 3 2 4 5 548 554 129 128
1527 3 2 4 5 114 10 130 549
1528 3 2 4 5 549 130 131 550
1529 3 2 4 5 550 131 132 551
1530 3 2 4 5 551 132 133 552
1531 3 2 4 5 552 133 134 553
1532 3 2 4 5 553 134 135 554
1533 3 2 4 5 554 135 11 129
1534 3 2 5 6 7 115 555 28
1535 3 2 5 6 28 555 556 29
1536 3 2 5 6 29 556 557 30
1537 3 2 5 6 30 557 558 31
1538 3 2 5 6 31 558 559 32
1539 3 2 5 6 32 559 560 33
1540 3 2 5 6 33 560 136 6
1541 3 2 5 6 115 116 561 555
1542 3 2 5 6 555 561 562 556
1543 3 2 5 6 556 562 563 557
1544 3 2 5 6 557 563 564 558
1545 3 2 5 6 558 564 565 559
1546 3 2 5 6 559 565 566 560
1547 3 2 5 6 560 566 137 136
1548 3 2 5 6 116 117 567 561
1549 3 2 5 6 561 567 568 562
1550 3 2 5 6 562 568 569 563
1551 3 2 5 6 563 569 570 564
1552 3 2 5 6 564 570 571 565
1553 3 2 5 6 565 571 572 566
1554 3 2 5 6 566 572 138 137
1555 3 2 5 6 117 118 573 567
1556 3 2 5 6 567 573 574 568
1557 3 2 5 6 568 574 575 569
1558 3 2 5 6 569 575 576 570
1559 3 2 5 6 570 576 577 571
1560 3 2 5 6 571 577 578 572
1561 3 2 5 6 572 578 139 138
1562 3 2 5 6 118 119 579 573
1563 3 2 5 6 573 579 580 574
1564 3 2 5 6 574 580 581 575
1565 3 2 5 6 575 581 582 576
1566 3 2 5 6 576 582 583 577
1567 3 2 5 6 577 583 584 578
1568 3 2 5 6 578 584 140 139
1569 3 2 5 6 119 120 585 579
1570 3 2 5 6 579 585 586 580
1571 3 2 5 6 580 586 587 581
1572 3 2 5 6 581 587 588 582
1573 3 2 5 6 582 588 589 583
1574 3 2 5 6 583 589 590 584
1575 3 2 5 6 584 590 141 140
1576 3 2 5 6 120 121 591 585
1577 3 2 5 6 585 591 592 586
1578 3 2 5 6 586 592 593 587
1579 3 2 5 6 587 593 594 588
1580 3 2 5 6 588 594 595 589
1581 3 2 5 6 589 595 596 590
1582 3 2 5 6 590 596 142 141
1583 3 2 5 6 121 122 597 591
1584 3 2 5 6 591 597 598 592
1585 3 2 5 6 592 598 599 593
1586 3 2 5 6 593 599 600 594
1587 3 2 5 6 594 600 601 595
1588 3 2 5 6 595 601 602 596
1589 3 2 5 6 596 602 143 142
1590 3 2 5 6 122 123 603 597
1591 3 2 5 6 597 603 604 598
1592 3 2 5 6 598 604 605 599
1593 3 2 5 6 599 605 606 600
1594 3 2 5 6 600 606 607 601
1595 3 2 5 6 601 607 608 602
1596 3 2 5 6 602 608 144 143
1597 3 2 5 6 123 124 609 603
1598 3 2 5 6 603 609 610 604
1599 3 2 5 6 604 610 611 605
1600 3 2 5 6 605 611 612 606
1601 3 2 5 6 606 612 613 607
1602 3 2 5 6 607 613 614 608
1603 3 2 5 6 608 614 145 144
1604 3 2 5 6 124 125 615 609
1605 3 2 5 6 609 615 616 610
1606 3 2 5 6 610 616 617 611
1607 3 2 5 6 611 617 618 612
1608 3 2 5 6 612 618 619 613
1609 3 2 5 6 613 619 620 614
1610 3 2 5 6 614 620 146 145
1611 3 2 5 6 125 126 621 615
1612 3 2 5 6 615 621 622 616
1613 3 2 5 6 616 622 623 617
1614 3 2 5 6 617 623 624 618
1615 3 2 5 6 618 624 625 619
1616 3 2 5 6 619 625 626 620
1617 3 2 5 6 620 626 147 146
1618 3 2 5 6 126 127 627 621
1619 3 2 5 6 621 627 628 622
1620 3 2 5 6 622 628 629 623
1621 3 2 5 6 623 629 630 624
1622 3 2 5 6 624 630 631 625
1623 3 2 5 6 625 631 632 626
1624 3 2 5 6 626 632 148 147
1625 3 2 5 6 127 128 633 627
1626 3 2 5 6 627 633 634 628
1627 3 2 5 6 628 634 635 629
1628 3 2 5 6 629 635 636 630
1629 3 2 5 6 630 636 637 631
1630 3 2 5 6 631 637 638 632
1631 3 2 5 6 632 638 149 148
1632 3 2 5 6 128 129 639 633
1633 3 2 5 6 633 639 640 634
1634 3 2 5 6 634 640 641 635
1635 3 2 5 6 635 641 642 636
1636 3 2 5 6 636 642 643 637
1637 3 2 5 6 637 643 644 638
1638 3 2 5 6 638 644 150 149
1639 3 2 5 6 129 11 151 639
1640 3 2 5 6 639 151 152 640
1641 3 2 5 6 640 152 153 641
1642 3 2 5 6 641 153 154 642
1643 3 2 5 6 642 154 155 643
1644 3 2 5 6 643 155 156 644
1645 3 2 5 6 644 156 12 150
1646 3 2 2 7 6 136 645 34
1647 3 2 2 7 34 645 646 35
1648 3 2 2 7 35 646 647 36
1649 3 2 2 7 36 647 648 37
1650 3 2 2 7 37 648 649 38
1651 3 2 2 7 38 649 650 39
1652 3 2 2 7 39 650 157 8
1653 3 2 2 7 136 137 651 645
1654 3 2 2 7 645 651 652 646
1655 3 2 2 7 646 652 653 647
1656 3 2 2 7 647 653 654 648
1657 3 2 2 7 648 654 655 649
1658 3 2 2 7 649 655 656 650
1659 3 2 2 7 650 656 158 157
1660 3 2 2 7 137 138 657 651
1661 3 2 2 7 651 657 658 652
1662 3 2 2 7 652 658 659 653
1663 3 2 2 7 653 659 660 654
1664 3 2 2 7 654 660 661 655
1665 3 2 2 7 655 661 662 656
1666 3 2 2 7 656 662 159 158
1667 3 2 2 7 138 139 663 657
1668 3 2 2 7 657 663 664 658
1669 3 2 2 7 658 664 665 659
1670 3 2 2 7 659 665 666 660
1671 3 2 2 7 660 666 667 661
1672 3 2 2 7 661 667 668 662
1673 3 2 2 7 662 668 160 159
1674 3 2 2 7 139 140 669 663
1675 3 2 2 7 663 669 670 664
1676 3 2 2 7 664 670 671 665
1677 3 2 2 7 665 671 672 666
1678 3 2 2 7 666 672 673 667
1679 3 2 2 7 667 673 674 668
1680 3 2 2 7 668 674 161 160
1681 3 2 2 7 140 141 675 669
1682 3 2 2 7 669 675 676 670
1683 3 2 2 7 670 676 677 671
1684 3 2 2 7 671 677 678 672
1685 3 2 2 7 672 678 679 673
1686 3 2 2 7 673 679 680 674
1687 3 2 2 7 674 680 162 161
1688 3 2 2 7 141 142 681 675
1689 3 2 2 7 675 681 682 676
1690 3 2 2 7 676 682 683 677
1691 3 2 2 7 677 683 684 678
1692 3 2 2 7 678 684 685 679
1693 3 2 2 7 679 685 686 680
1694 3 2 2 7 680 686 163 162
1695 3 2 2 7 142 143 687 681
1696 3 2 2 7 681 687 688 682
1697 3 2 2 7 682 688 689 683
1698 3 2 2 7 683 689 690 684
1699 3 2 2 7 684 690 691 685
1700 3 2 2 7 685 691 692 686
1701 3 2 2 7 686 692 164 163
1702 3 2 2 7 143 144 693 687
1703 3 2 2 7 687 693 694 688
1704 3 2 2 7 688 694 695 689
1705 3 2 2 7 689 695 696 690
1706 3 2 2 7 690 696 697 691
1707 3 2 2 7 691 697 698 692
1708 3 2 2 7 692 698 165 164
1709 3 2 2 7 144 145 699 693
1710 3 2 2 7 693 699 700 694
1711 3 2 2 7 694 700 701 695
1712 3 2 2 7 695 701 702 696
1713 3 2 2 7 696 702 703 697
1714 3 2 2 7 697 703 704 698
1715 3 2 2 7 698 704 166 165
1716 3 2 2 7 145 146 705 699
1717 3 2 2 7 699 705 706 700
1718 3 2 2 7 700 706 707 701
1719 3 2 2 7 701 707 708 702
1720 3 2 2 7 702 708 709 703
1721 3 2 2 7 703 709 710 704
1722 3 2 2 7 704 710 167 166
1723 3 2 2 7 146 147 711 705
1724 3 2 2 7 705 711 712 706
1725 3 2 2 7 706 712 713 707
1726 3 2 2 7 707 713 714 708
1727 3 2 2 7 708 714 715 709
1728 3 2 2 7 709 715 716 710
1729 3 2 2 7 710 716 168 167
1730 3 2 2 7 147 148 717 711
1731 3 2 2 7 711 717 718 712
1732 3 2 2 7 712 718 719 713
1733 3 2 2 7 713 719 720 714
1734 3 2 2 7 714 720 721 715
1735 3 2 2 7 715 721 722 716
1736 3 2 2 7 716 722 169 168
1737 3 2 2 7 148 149 723 717
1738 3 2 2 7 717 723 724 718
1739 3 2 2 7 718 724 725 719
1740 3 2 2 7 719 725 726 720
1741 3 2 2 7 720 726 727 721
1742 3 2 2 7 721 727 728 722
1743 3 2 2 7 722 728 170 169
1744 3 2 2 7 149 150 729 723
1745 3 2 2 7 723 729 730 724
1746 3 2 2 7 724 730 731 725
1747 3 2 2 7 725 731 732 726
1748 3 2 2 7 726 732 733 727
1749 3 2 2 7 727 733 734 728
1750 3 2 2 7 728 734 171 170
1751 3 2 2 7 150 12 172 729
1752 3 2 2 7 729 172 173 730
1753 3 2 2 7 730 173 174 731
1754 3 2 2 7 731 174 175 732
1755 3 2 2 7 732 175 176 733
1756 3 2 2 7 733 176 177 734
1757 3 2 2 7 734 177 13 171
1758 3 2 1 8 8 157 735 40
1759 3 2 1 8 40 735 736 41
1760 3 2 1 8 41 736 737 42
1761 3 2 1 8 42 737 738 43
1762 3 2 1 8 43 738 739 44
1763 3 2 1 8 44 739 740 45
1764 3 2 1 8 45 740 100 9
1765 3 2 1 8 157 158 741 735
1766 3 2 1 8 735 741 742 736
1767 3 2 1 8 736 742 743 737
1768 3 2 1 8 737 743 744 738
1769 3 2 1 8 738 744 745 739
1770 3 2 1 8 739 745 746 740
1771 3 2 1 8 740 746 101 100
1772 3 2 1 8 158 159 747 741
1773 3 2 1 8 741 747 748 742
1774 3 2 1 8 742 748 749 743
1775 3 2 1 8 743 749 750 744
1776 3 2 1 8 744 750 751 745
1777 3 2 1 8 745 751 752 746
1778 3 2 1 8 746 752 102 101
1779 3 2 1 8 159 160 753 747
1780 3 2 1 8 747 753 754 748
1781 3 2 1 8 748 754 755 749
1782 3 2 1 8 749 755 756 750
1783 3 2 1 8 750 756 757 751
1784 3 2 1 8 751 757 758 752
1785 3 2 1 8 752 758 103 102
1786 3 2 1 8 160 161 759 753
1787 3 2 1 8 753 759 760 754
1788 3 2 1 8 754 760 761 755
1789 3 2 1 8 755 761 762 756
1790 3 2 1 8 756 762 763 757
1791 3 2 1 8 757 763 764 758
1792 3 2 1 8 758 764 104 103
1793 3 2 1 8 161 162 765 759
1794 3 2 1 8 759 765 766 760
1795 3 2 1 8 760 766 767 761
1796 3 2 1 8 761 767 768 762
1797 3 2 1 8 762 768 769 763
1798 3 2 1 8 763 769 770 764
1799 3 2 1 8 764 770 105 104
1800 3 2 1 8 162 163 771 765
1801 3 2 1 8 765 771 772 766
1802 3 2 1 8 766 772 773 767
1803 3 2 1 8 767 773 774 768
1804 3 2 1 8 768 774 775 769
1805 3 2 1 8 769 775 776 770
1806 3 2 1 8 770 776 106 105
1807 3 2 1 8 163 164 777 771
1808 3 2 1 8 771 777 778 772
1809 3 2 1 8 772 778 779 773
1810 3 2 1 8 773 779 780 774
1811 3 2 1 8 774 780 781 775
1812 3 2 1 8 775 781 782 776
1813 3 2 1 8 776 782 107 106
1814 3 2 1 8 164 165 783 777
1815 3 2 1 8 777 783 784 778
1816 3 2 1 8 778 784 785 779
1817 3 2 1 8 779 785 786 780
1818 3 2 1 8 780 786 787 781
1819 3 2 1 8 781 787 788 782
1820 3 2 1 8 782 788 108 107
1821 3 2 1 8 165 166 789 783
1822 3 2 1 8 783 789 790 784
1823 3 2 1 8 784 790 791 785
1824 3 2 1 8 785 791 792 786
1825 3 2 1 8 786 792 793 787
1826 3 2 1 8 787 793 794 788
1827 3 2 1 8 788 794 109 108
1828 3 2 1 8 166 167 795 789
1829 3 2 1 8 789 795 796 790
1830 3 2 1 8 790 796 797 791
1831 3 2 1 8 791 797 798 792
1832 3 2 1 8 792 798 799 793
1833 3 2 1 8 793 799 800 794
1834 3 2 1 8 794 800 110 109
1835 3 2 1 8 167 168 801 795
1836 3 2 1 8 795 801 802 796
1837 3 2 1 8 796 802 803 797
1838 3 2 1 8 797 803 804 798
1839 3 2 1 8 798 804 805 799
1840 3 2 1 8 799 805 806 800
1841 3 2 1 8 800 806 111 110
1842 3 2 1 8 168 169 807 801
1843 3 2 1 8 801 807 808 802
1844 3 2 1 8 802 808 809 803
1845 3 2 1 8 803 809 810 804
1846 3 2 1 8 804 810 811 805
1847 3 2 1 8 805 811 812 806
1848 3 2 1 8 806 812 112 111
1849 3 2 1 8 169 170 813 807
1850 3 2 1 8 807 813 814 808
1851 3 2 1 8 808 814 815 809
1852 3 2 1 8 809 815 816 810
1853 3 2 1 8 810 816 817 811
1854 3 2 1 8 811 817 818 812
1855 3 2 1 8 812 818 113 112
1856 3 2 1 8 170 171 819 813
1857 3 2 1 8 813 819 820 814
1858 3 2 1 8 814 820 821 815
1859 3 2 1 8 815 821 822 816
1860 3 2 1 8 816 822 823 817
1861 3 2 1 8 817 823 824 818
1862 3 2 1 8 818 824 114 113
1863 3 2 1 8 171 13 178 819
1864 3 2 1 8 819 178 179 820
1865 3 2 1 8 820 179 180 821
1866 3 2 1 8 821 180 181 822
1867 3 2 1 8 822 181 182 823
1868 3 2 1 8 823 182 183 824
1869 3 2 1 8 824 183 10 114
1870 3 2 2 9 10 183 825 130
1871 3 2 2 9 183 182 826 825
1872 3 2 2 9 182 181 827 826
1873 3 2 2 9 181 180 828 827
1874 3 2 2 9 180 179 829 828
1875 3 2 2 9 179 178 830 829
1876 3 2 2 9 178 13 177 830
1877 3 2 2 9 130 825 831 131
1878 3 2 2 9 825 826 832 831
1879 3 2 2 9 826 827 833 832
1880 3 2 2 9 827 828 834 833
1881 3 2 2 9 828 829 835 834
1882 3 2 2 9 829 830 836 835
1883 3 2 2 9 830 177 176 836
1884 3 2 2 9 131 831 837 132
1885 3 2 2 9 831 832 838 837
1886 3 2 2 9 832 833 839 838
1887 3 2 2 9 833 834 840 839
1888 3 2 2 9 834 835 841 840
1889 3 2 2 9 835 836 842 841
1890 3 2 2 9 836 176 175 842
1891 3 2 2 9 132 837 843 133
1892 3 2 2 9 837 838 844 843
1893 3 2 2 9 838 839 845 844
1894 3 2 2 9 839 840 846 845
1895 3 2 2 9 840 841 847 846
1896 3 2 2 9 841 842 848 847
1897 3 2 2 9 842 175 174 848
1898 3 2 2 9 133 843 849 134
1899 3 2 2 9 843 844 850 849
1900 3 2 2 9 844 845 851 850
1901 3 2 2 9 845 846 852 851
1902 3 2 2 9 846 847 853 852
1903 3 2 2 9 847 848 854 853
1904 3 2 2 9 848 174 173 854
1905 3 2 2 9 134 849 855 135
1906 3 2 2 9 849 850 856 855
1907 3 2 2 9 850 851 857 856
1908 3 2 2 9 851 852 858 857
1909 3 2 2 9 852 853 859 858
1910 3 2 2 9 853 854 860 859
1911 3 2 2 9 854 173 172 860
1912 3 2 2 9 135 855 151 11
1913 3 2 2 9 855 856 152 151
1914 3 2 2 9 856 857 153 152
1915 3 2 2 9 857 858 154 153
1916 3 2 2 9 858 859 155 154
1917 3 2 2 9 859 860 156 155
1918 3 2 2 9 860 172 12 156
1919 4 2 7 2 812 2550 811 2286
1920 4 2 7 2 1029 869 1052 2285
1921 4 2 7 2 2255 2375 2312 2439
1922 4 2 7 2 812 2551 806 2398
1923 4 2 7 2 2316 2350 2343 2425
1924 4 2 7 2 2498 760 766 2386
1925 4 2 7 2 2261 2389 2336 2432
1926 4 2 7 2 2312 2327 2255 2379
1927 4 2 7 2 812 2363 2551 2398
1928 4 2 7 2 1040 2345 2303 2385
1929 4 2 7 2 810 2548 809 2298
1930 4 2 7 2 1041 2345 1040 2385
1931 4 2 7 2 2266 2290 2280 2357
1932 4 2 7 2 2253 2327 2379 2427
1933 4 2 7 2 1039 1040 2303 2385
1934 4 2 7 2 2256 2289 1065 2306
1935 4 2 7 2 2291 2336 2272 2407
1936 4 2 7 2 2303 2345 2257 2385
1937 4 2 7 2 2316 2271 2350 2425
1938 4 2 7 2 799 2535 798 2294
1939 4 2 7 2 1029 1052 1060 2285
1940 4 2 7 2 2266 2267 2252 2279
1941 4 2 7 2 795 789 2531 2424
1942 4 2 7 2 811 2557 812 2286
1943 4 2 7 2 2257 2312 2303 2385
1944 4 2 7 2 872 1067 2297 2437
1945 4 2 7 2 909 2309 2367 2368
1946 4 2 7 2 2496 765 759 2384
1947 4 2 7 2 1013 2276 1003 2381
1948 4 2 7 2 2253 2327 2312 2379
1949 4 2 7 2 2551 2326 806 2398
1950 4 2 7 2 1019 993 2275 2404
1951 4 2 7 2 1067 2417 2297 2437
1952 4 2 7 2 2548 810 804 2298
1953 4 2 7 2 809 2548 803 2298
1954 4 2 7 2 750 2486 751 2295
1955 4 2 7 2 809 808 2554 2299
1956 4 2 7 2 2264 2343 2316 2350
1957 4 2 7 2 1041 1040 1039 2385
1958 4 2 7 2 745 2296 2479 2391
1959 4 2 7 2 2551 868 2326 2363
1960 4 2 7 2 374 2307 366 2362
1961 4 2 7 2 965 2336 2258 2407
1962 4 2 7 2 886 2368 2367 2394
1963 4 2 7 2 2309 2314 895 2362
1964 4 2 7 2 1052 2285 869 2418
1965 4 2 7 2 745 2472 744 2296
1966 4 2 7 2 2551 2363 2326 2398
1967 4 2 7 2 960 2277 2307 2362
1968 4 2 7 2 374 1018 2307 2362
1969 4 2 7 2 790 2533 791 2301
1970 4 2 7 2 1013 1003 2276 2417
1971 4 2 7 2 1065 1053 1050 2256
1972 4 2 7 2 869 1029 904 2285
1973 4 2 7 2 960 2307 1018 2362
1974 4 2 7 2 809 2555 810 2298
1975 4 2 7 2 788 787 2529 2302
1976 4 2 7 2 1050 1065 2256 2289
1977 4 2 7 2 2303 2312 2257 2345
1978 4 2 7 2 2252 2260 2266 2279
1979 4 2 7 2 984 2291 2272 2407
1980 4 2 7 2 804 2354 2542 2360
1981 4 2 7 2 793 2535 799 2294
1982 4 2 7 2 792 798 2535 2294
1983 4 2 7 2 960 2307 2277 2313
1984 4 2 7 2 2343 2350 975 2425
1985 4 2 7 2 2498 2322 767 2446
1986 4 2 7 2 978 2307 960 2313
1987 4 2 7 2 872 2297 955 2444
1988 4 2 7 2 936 2328 910 2429
1989 4 2 7 2 794 2382 2537 2431
1990 4 2 7 2 2259 2280 2266 2290
1991 4 2 7 2 2260 2279 2261 2288
1992 4 2 7 2 2254 2278 2268 2301
1993 4 2 7 2 1016 1019 993 2275
1994 4 2 7 2 960 347 2277 2362
1995 4 2 7 2 1053 2256 1065 2406
1996 4 2 7 2 803 802 2547 2310
1997 4 2 7 2 2303 2312 908 2385
1998 4 2 7 2 898 2394 2328 2430
1999 4 2 7 2 2498 766 2322 2386
2000 4 2 7 2 790 2301 2526 2377
2001 4 2 7 2 2261 2279 2260 2344
2002 4 2 7 2 984 2272 969 2407
2003 4 2 7 2 910 2328 341 2429
2004 4 2 7 2 2367 2368 2263 2394
2005 4 2 7 2 2258 2376 965 2407
2006 4 2 7 2 798 2542 799 2294
2007 4 2 7 2 2252 2260 2279 2344
2008 4 2 7 2 909 2367 886 2368
2009 4 2 7 2 2263 2394 2368 2412
2010 4 2 7 2 2260 2319 2295 2454
2011 4 2 7 2 1000 2524 2355 2377
2012 4 2 7 2 972 1017 2308 2332
2013 4 2 7 2 2255 2327 2312 2375
2014 4 2 7 2 1013 2297 2276 2381
2015 4 2 7 2 2319 2387 2296 2452
2016 4 2 7 2 2336 2389 2307 2432
2017 4 2 7 2 807 2553 808 2316
2018 4 2 7 2 1067 959 2297 2417
2019 4 2 7 2 872 876 1067 2437
2020 4 2 7 2 989 2343 975 2425
2021 4 2 7 2 347 2277 2362 2410
2022 4 2 7 2 2486 757 751 2295
2023 4 2 7 2 872 1037 955 2297
2024 4 2 7 2 884 2312 2375 2439
2025 4 2 7 2 996 2321 2276 2332
2026 4 2 7 2 2272 2336 969 2407
2027 4 2 7 2 809 2554 815 2299
2028 4 2 7 2 2554 808 814 2299
2029 4 2 7 2 935 2309 895 2362
2030 4 2 7 2 886 2368 2394 2412
2031 4 2 7 2 2254 2268 2427 2450
2032 4 2 7 2 352 2261 368 2288
2033 4 2 7 2 1067 955 1037 2297
2034 4 2 7 2 910 2328 936 2449
2035 4 2 7 2 2286 2385 2285 2409
2036 4 2 7 2 872 1067 1037 2297
2037 4 2 7 2 996 2276 1003 2332
2038 4 2 7 2 2289 2323 2298 2411
2039 4 2 7 2 779 2520 780 2325
2040 4 2 7 2 2269 2324 2294 2360
2041 4 2 7 2 374 347 1018 2362
2042 4 2 7 2 2263 2266 2295 2371
2043 4 2 7 2 886 895 2309 2368
2044 4 2 7 2 791 2533 797 2301
2045 4 2 7 2 2533 790 796 2301
2046 4 2 7 2 2263 2295 2266 2367
2047 4 2 7 2 2261 368 2288 2304
2048 4 2 7 2 1040 1027 1039 2303
2049 4 2 7 2 974 2264 2287 2356
2050 4 2 7 2 2328 2394 2293 2430
2051 4 2 7 2 751 2479 750 2295
2052 4 2 7 2 1050 2257 1057 2289
2053 4 2 7 2 2257 2289 1050 2345
2054 4 2 7 2 2266 2320 2319 2454
2055 4 2 7 2 809 2547 808 2299
2056 4 2 7 2 895 2362 2314 2410
2057 4 2 7 2 349 2309 935 2362
2058 4 2 7 2 2260 2288 361 2438
2059 4 2 7 2 363 2275 993 2404
2060 4 2 7 2 759 2497 760 2315
2061 4 2 7 2 2252 2279 2261 2344
2062 4 2 7 2 745 744 2479 2296
2063 4 2 7 2 2529 787 793 2302
2064 4 2 7 2 1039 2303 896 2385
2065 4 2 7 2 972 2321 1017 2332
2066 4 2 7 2 2479 2296 2295 2391
2067 4 2 7 2 2256 1050 2289 2345
2068 4 2 7 2 2277 2313 2307 2362
2069 4 2 7 2 2313 2314 2252 2362
2070 4 2 7 2 341 2328 910 2449
2071 4 2 7 2 972 2308 2321 2332
2072 4 2 7 2 2356 2376 2254 2456
2073 4 2 7 2 772 2504 771 2318
2074 4 2 7 2 2267 2279 2272 2336
2075 4 2 7 2 791 2526 790 2301
2076 4 2 7 2 1053 1050 2256 2345
2077 4 2 7 2 763 2501 764 2317
2078 4 2 7 2 965 2258 2336 2376
2079 4 2 7 2 898 2328 2265 2449
2080 4 2 7 2 988 2350 2271 2425
2081 4 2 7 2 909 886 2309 2368
2082 4 2 7 2 809 2298 803 2310
2083 4 2 7 2 2279 2288 2260 2319
2084 4 2 7 2 2293 2430 2394 2442
2085 4 2 7 2 2257 1057 2289 2311
2086 4 2 7 2 2299 2306 2271 2372
2087 4 2 7 2 2256 1053 2345 2406
2088 4 2 7 2 2252 2279 2267 2336
2089 4 2 7 2 996 1003 2276 2381
2090 4 2 7 2 892 906 2285 2363
2091 4 2 7 2 788 2522 787 2302
2092 4 2 7 2 1013 2276 2297 2417
2093 4 2 7 2 162 2503 765 2384
2094 4 2 7 2 2260 361 2288 2344
2095 4 2 7 2 955 1012 872 2444
2096 4 2 7 2 766 2505 767 2322
2097 4 2 7 2 909 886 2367 2394
2098 4 2 7 2 1041 2257 2345 2385
2099 4 2 7 2 1067 959 955 2297
2100 4 2 7 2 2253 2251 2327 2427
2101 4 2 7 2 750 2478 749 2319
2102 4 2 7 2 1041 2257 1050 2345
2103 4 2 7 2 755 2492 756 2320
2104 4 2 7 2 993 2275 363 2366
2105 4 2 7 2 361 2344 2260 2438
2106 4 2 7 2 804 2548 2298 2360
2107 4 2 7 2 803 2298 2548 2360
2108 4 2 7 2 960 1018 347 2362
2109 4 2 7 2 2266 2319 2260 2454
2110 4 2 7 2 809 803 2547 2310
2111 4 2 7 2 808 2547 802 2310
2112 4 2 7 2 811 810 2556 2323
2113 4 2 7 2 2276 2321 996 2381
2114 4 2 7 2 1069 1072 1028 2421
2115 4 2 7 2 361 352 368 2288
2116 4 2 7 2 2268 2324 2269 2360
2117 4 2 7 2 2253 2427 2268 2450
2118 4 2 7 2 2254 2301 2268 2413
2119 4 2 7 2 898 2265 2328 2394
2120 4 2 7 2 2256 2306 1065 2406
2121 4 2 7 2 2261 2279 2252 2336
2122 4 2 7 2 1052 1060 2285 2418
2123 4 2 7 2 2287 2356 2264 2413
2124 4 2 7 2 1050 1041 1057 2257
2125 4 2 7 2 2251 2314 2313 2381
2126 4 2 7 2 2550 2286 812 2398
2127 4 2 7 2 2253 2379 2268 2427
2128 4 2 7 2 963 1013 1003 2381
2129 4 2 7 2 865 935 349 2309
2130 4 2 7 2 2272 2279 2261 2336
2131 4 2 7 2 2275 2304 368 2366
2132 4 2 7 2 969 2336 2272 2389
2133 4 2 7 2 803 2540 802 2310
2134 4 2 7 2 2394 2430 899 2442
2135 4 2 7 2 2268 2254 2413 2450
2136 4 2 7 2 2293 2295 2260 2296
2137 4 2 7 2 2266 2295 2260 2367
2138 4 2 7 2 2271 2330 2306 2406
2139 4 2 7 2 889 2312 2303 2327
2140 4 2 7 2 2258 2336 2291 2407
2141 4 2 7 2 814 2299 808 2316
2142 4 2 7 2 868 928 2326 2363
2143 4 2 7 2 814 808 2553 2316
2144 4 2 7 2 2266 2260 2295 2454
2145 4 2 7 2 1043 2303 1040 2345
2146 4 2 7 2 974 2287 970 2356
2147 4 2 7 2 981 2275 2389 2405
2148 4 2 7 2 340 993 363 2366
2149 4 2 7 2 1045 2306 1065 2330
2150 4 2 7 2 2314 2368 886 2412
2151 4 2 7 2 895 2314 2309 2368
2152 4 2 7 2 2306 2330 1045 2406
2153 4 2 7 2 2498 2386 2322 2446
2154 4 2 7 2 1005 2339 2272 2414
2155 4 2 7 2 736 2463 344 2365
2156 4 2 7 2 2253 2327 2321 2403
2157 4 2 7 2 820 2560 819 2334
2158 4 2 7 2 808 2546 807 2316
2159 4 2 7 2 2251 2314 2381 2423
2160 4 2 7 2 2264 975 2343 2350
2161 4 2 7 2 2257 2345 2312 2411
2162 4 2 7 2 2263 2290 2266 2371
2163 4 2 7 2 735 2469 736 2331
2164 4 2 7 2 2252 2314 2309 2362
2165 4 2 7 2 992 2307 2336 2389
2166 4 2 7 2 2286 2363 928 2409
2167 4 2 7 2 2260 2288 2261 2344
2168 4 2 7 2 2261 2304 2275 2366
2169 4 2 7 2 739 2473 740 2335
2170 4 2 7 2 2271 1045 2330 2406
2171 4 2 7 2 757 2342 2295 2371
2172 4 2 7 2 2313 2336 2258 2376
2173 4 2 7 2 892 2285 2385 2409
2174 4 2 7 2 2257 2285 1057 2311
2175 4 2 7 2 2329 2348 2296 2438
2176 4 2 7 2 2272 2291 2267 2336
2177 4 2 7 2 354 2307 351 2344
2178 4 2 7 2 926 2274 885 2305
2179 4 2 7 2 975 989 1011 2343
2180 4 2 7 2 1069 2308 1072 2421
2181 4 2 7 2 2295 2296 2479 2452
2182 4 2 7 2 2309 2344 364 2438
2183 4 2 7 2 992 2307 2389 2432
2184 4 2 7 2 2261 368 2304 2366
2185 4 2 7 2 988 2271 2408 2425
2186 4 2 7 2 2496 2384 759 2414
2187 4 2 7 2 899 2394 898 2430
2188 4 2 7 2 738 2472 739 2329
2189 4 2 7 2 884 2312 2327 2375
2190 4 2 7 2 2307 2313 2252 2362
2191 4 2 7 2 2251 2327 2314 2423
2192 4 2 7 2 866 1039 896 2385
2193 4 2 7 2 780 2513 779 2325
2194 4 2 7 2 972 2321 2308 2356
2195 4 2 7 2 2266 2279 2260 2319
2196 4 2 7 2 2253 2303 2312 2327
2197 4 2 7 2 2265 2293 2260 2296
2198 4 2 7 2 2535 2294 793 2370
2199 4 2 7 2 792 2294 2535 2370
2200 4 2 7 2 892 928 2363 2409
2201 4 2 7 2 791 2301 797 2415
2202 4 2 7 2 824 2564 823 2333
2203 4 2 7 2 896 2303 908 2385
2204 4 2 7 2 949 2350 2308 2421
2205 4 2 7 2 786 2520 785 2337
2206 4 2 7 2 2269 2298 2323 2411
2207 4 2 7 2 879 2314 2277 2410
2208 4 2 7 2 2251 2321 2313 2376
2209 4 2 7 2 1039 1027 896 2303
2210 4 2 7 2 970 2356 2287 2456
2211 4 2 7 2 2286 2326 928 2363
2212 4 2 7 2 821 2561 820 2330
2213 4 2 7 2 1069 1028 949 2421
2214 4 2 7 2 2366 2389 2261 2432
2215 4 2 7 2 759 2489 161 2414
2216 4 2 7 2 2272 2291 984 2414
2217 4 2 7 2 2306 2330 2271 2372
2218 4 2 7 2 2312 2385 2257 2409
2219 4 2 7 2 104 2495 764 2416
2220 4 2 7 2 760 2490 759 2315
2221 4 2 7 2 736 2470 737 2365
2222 4 2 7 2 988 2408 2271 2421
2223 4 2 7 2 1045 1065 2306 2406
2224 4 2 7 2 895 935 865 2309
2225 4 2 7 2 2259 2368 2314 2412
2226 4 2 7 2 2279 2319 2266 2320
2227 4 2 7 2 885 2305 2274 2412
2228 4 2 7 2 2296 2348 2288 2438
2229 4 2 7 2 167 2538 795 2424
2230 4 2 7 2 2292 2366 2275 2389
2231 4 2 7 2 2263 2338 922 2416
2232 4 2 7 2 1000 2355 2300 2377
2233 4 2 7 2 2270 2370 2302 2382
2234 4 2 7 2 374 366 347 2362
2235 4 2 7 2 996 963 1003 2381
2236 4 2 7 2 2252 2267 2266 2378
2237 4 2 7 2 776 2516 106 2445
2238 4 2 7 2 2265 2394 898 2449
2239 4 2 7 2 938 885 2274 2375
2240 4 2 7 2 878 2297 2277 2423
2241 4 2 7 2 962 960 2277 2313
2242 4 2 7 2 926 938 885 2274
2243 4 2 7 2 771 2511 772 2318
2244 4 2 7 2 1069 949 2308 2421
2245 4 2 7 2 2314 2375 2259 2412
2246 4 2 7 2 375 2288 2348 2438
2247 4 2 7 2 2267 2341 2279 2386
2248 4 2 7 2 2356 2413 2287 2456
2249 4 2 7 2 823 2563 822 2364
2250 4 2 7 2 983 2366 1022 2389
2251 4 2 7 2 908 2385 2312 2409
2252 4 2 7 2 764 2494 763 2317
2253 4 2 7 2 753 2490 754 2340
2254 4 2 7 2 2268 2294 2269 2324
2255 4 2 7 2 774 773 2513 2349
2256 4 2 7 2 114 2565 824 2418
2257 4 2 7 2 936 910 873 2429
2258 4 2 7 2 375 2348 2329 2438
2259 4 2 7 2 975 2264 971 2350
2260 4 2 7 2 2255 2251 2327 2375
2261 4 2 7 2 2275 2366 981 2389
2262 4 2 7 2 737 2471 738 2348
2263 4 2 7 2 2258 2251 2376 2433
2264 4 2 7 2 2256 2345 2289 2411
2265 4 2 7 2 1000 2300 2287 2377
2266 4 2 7 2 2251 2258 2378 2433
2267 4 2 7 2 992 2389 2366 2432
2268 4 2 7 2 2261 2396 2279 2419
2269 4 2 7 2 886 2314 895 2368
2270 4 2 7 2 779 778 2519 2353
2271 4 2 7 2 781 780 2521 2352
2272 4 2 7 2 1054 2308 2345 2406
2273 4 2 7 2 962 978 960 2313
2274 4 2 7 2 1037 872 955 1012
2275 4 2 7 2 361 364 2344 2438
2276 4 2 7 2 877 895 879 2314
2277 4 2 7 2 967 2376 2356 2456
2278 4 2 7 2 2309 2314 2252 2368
2279 4 2 7 2 2267 2280 2266 2378
2280 4 2 7 2 1038 1054 2308 2403
2281 4 2 7 2 822 2562 821 2346
2282 4 2 7 2 2259 2266 2280 2378
2283 4 2 7 2 2251 2381 2327 2423
2284 4 2 7 2 2260 2344 2309 2438
2285 4 2 7 2 2326 2363 2286 2398
2286 4 2 7 2 2285 2286 2257 2385
2287 4 2 7 2 767 2498 766 2322
2288 4 2 7 2 1054 2345 2308 2403
2289 4 2 7 2 2272 2341 2267 2386
2290 4 2 7 2 750 749 2485 2319
2291 4 2 7 2 365 2309 354 2344
2292 4 2 7 2 812 2286 2557 2392
2293 4 2 7 2 2557 2286 811 2392
2294 4 2 7 2 758 757 2494 2342
2295 4 2 7 2 2261 2279 2341 2419
2296 4 2 7 2 756 2485 755 2320
2297 4 2 7 2 814 2372 2316 2383
2298 4 2 7 2 892 928 906 2363
2299 4 2 7 2 804 2541 803 2360
2300 4 2 7 2 2269 2312 2270 2379
2301 4 2 7 2 2305 2416 901 2422
2302 4 2 7 2 757 2295 2486 2371
2303 4 2 7 2 972 996 1017 2321
2304 4 2 7 2 2253 2251 2321 2327
2305 4 2 7 2 2259 2375 2314 2378
2306 4 2 7 2 2254 2268 2278 2427
2307 4 2 7 2 2271 2330 1045 2334
2308 4 2 7 2 961 2277 2297 2381
2309 4 2 7 2 819 1068 2567 2334
2310 4 2 7 2 2289 2257 2323 2411
2311 4 2 7 2 811 2549 810 2323
2312 4 2 7 2 2261 2279 2272 2341
2313 4 2 7 2 2278 2325 2284 2337
2314 4 2 7 2 2283 2325 2278 2337
2315 4 2 7 2 2253 2303 2327 2403
2316 4 2 7 2 1032 2440 1036 2447
2317 4 2 7 2 895 935 2362 2410
2318 4 2 7 2 761 2491 760 2386
2319 4 2 7 2 877 2314 879 2410
2320 4 2 7 2 375 361 2288 2438
2321 4 2 7 2 909 2367 2309 2369
2322 4 2 7 2 890 938 2274 2439
2323 4 2 7 2 2271 2299 2256 2306
2324 4 2 7 2 887 2409 2312 2439
2325 4 2 7 2 2252 2260 2367 2368
2326 4 2 7 2 1016 2275 993 2366
2327 4 2 7 2 2251 2253 2321 2427
2328 4 2 7 2 2293 2394 2338 2442
2329 4 2 7 2 802 2539 801 2347
2330 4 2 7 2 1060 1029 2285 2385
2331 4 2 7 2 805 804 2549 2354
2332 4 2 7 2 2275 2292 2261 2366
2333 4 2 7 2 2321 2327 2276 2403
2334 4 2 7 2 2293 2328 2265 2394
2335 4 2 7 2 2270 2294 2269 2379
2336 4 2 7 2 905 869 904 2285
2337 4 2 7 2 770 2508 776 2305
2338 4 2 7 2 790 2525 789 2377
2339 4 2 7 2 2266 2267 2320 2388
2340 4 2 7 2 769 2500 768 2374
2341 4 2 7 2 2256 2350 2271 2406
2342 4 2 7 2 2279 2386 2341 2420
2343 4 2 7 2 2289 2311 1057 2364
2344 4 2 7 2 2260 2319 2296 2452
2345 4 2 7 2 756 2493 757 2371
2346 4 2 7 2 368 2304 2275 2331
2347 4 2 7 2 815 2299 2554 2372
2348 4 2 7 2 2554 2299 814 2372
2349 4 2 7 2 908 2303 889 2312
2350 4 2 7 2 2252 2260 2309 2367
2351 4 2 7 2 884 887 2312 2439
2352 4 2 7 2 370 2328 341 2449
2353 4 2 7 2 982 2405 2389 2448
2354 4 2 7 2 971 975 974 2264
2355 4 2 7 2 985 1024 380 2366
2356 4 2 7 2 2303 2276 2327 2403
2357 4 2 7 2 793 2528 792 2370
2358 4 2 7 2 364 2369 2309 2438
2359 4 2 7 2 2462 382 735 2331
2360 4 2 7 2 985 350 948 2432
2361 4 2 7 2 2272 2336 2261 2389
2362 4 2 7 2 996 1017 2321 2332
2363 4 2 7 2 2533 2301 796 2380
2364 4 2 7 2 797 2301 2533 2380
2365 4 2 7 2 2294 2370 2270 2382
2366 4 2 7 2 803 2310 2298 2360
2367 4 2 7 2 2259 2282 2280 2290
2368 4 2 7 2 352 2261 2344 2432
2369 4 2 7 2 2313 2376 2321 2381
2370 4 2 7 2 2289 2345 2257 2411
2371 4 2 7 2 347 960 2277 2443
2372 4 2 7 2 797 796 2540 2380
2373 4 2 7 2 362 341 2328 2429
2374 4 2 7 2 778 2511 777 2359
2375 4 2 7 2 934 889 2303 2440
2376 4 2 7 2 2285 2311 2286 2392
2377 4 2 7 2 782 2515 781 2361
2378 4 2 7 2 824 2572 114 2418
2379 4 2 7 2 2272 2279 2267 2341
2380 4 2 7 2 2277 2410 347 2443
2381 4 2 7 2 2303 2276 2403 2447
2382 4 2 7 2 2257 2385 2286 2409
2383 4 2 7 2 934 2303 1064 2440
2384 4 2 7 2 2321 2327 2251 2381
2385 4 2 7 2 2300 2377 2301 2413
2386 4 2 7 2 2292 2389 2275 2405
2387 4 2 7 2 2266 2280 2267 2388
2388 4 2 7 2 804 2298 2354 2360
2389 4 2 7 2 2317 2416 2305 2422
2390 4 2 7 2 2269 2270 2312 2409
2391 4 2 7 2 2311 2323 2286 2392
2392 4 2 7 2 895 2314 877 2410
2393 4 2 7 2 2303 2345 1043 2403
2394 4 2 7 2 1032 2417 2440 2447
2395 4 2 7 2 2314 2362 2277 2410
2396 4 2 7 2 2277 878 2410 2443
2397 4 2 7 2 974 2287 2264 2424
2398 4 2 7 2 2280 2281 2258 2322
2399 4 2 7 2 814 2561 815 2372
2400 4 2 7 2 351 354 366 2307
2401 4 2 7 2 784 2526 785 2451
2402 4 2 7 2 2296 2288 2348 2387
2403 4 2 7 2 2296 2319 2260 2387
2404 4 2 7 2 819 2567 820 2334
2405 4 2 7 2 2258 2280 2262 2281
2406 4 2 7 2 2262 2280 2259 2282
2407 4 2 7 2 736 2462 735 2331
2408 4 2 7 2 2257 2312 2269 2411
2409 4 2 7 2 814 2299 2316 2372
2410 4 2 7 2 813 2560 814 2383
2411 4 2 7 2 2253 2312 2303 2345
2412 4 2 7 2 740 2466 739 2335
2413 4 2 7 2 765 2496 162 2384
2414 4 2 7 2 2254 2376 2427 2433
2415 4 2 7 2 904 2285 1029 2385
2416 4 2 7 2 794 793 2536 2382
2417 4 2 7 2 1003 2332 2276 2417
2418 4 2 7 2 866 896 908 2385
2419 4 2 7 2 2253 2312 2345 2411
2420 4 2 7 2 905 892 906 2285
2421 4 2 7 2 2276 2440 2417 2447
2422 4 2 7 2 982 981 2389 2405
2423 4 2 7 2 745 2480 746 2391
2424 4 2 7 2 741 2476 742 2390
2425 4 2 7 2 1016 981 2275 2366
2426 4 2 7 2 933 910 936 2449
2427 4 2 7 2 896 1064 934 2303
2428 4 2 7 2 2256 2345 2308 2406
2429 4 2 7 2 342 2362 349 2410
2430 4 2 7 2 984 2291 2384 2414
2431 4 2 7 2 2261 2288 2279 2396
2432 4 2 7 2 2308 2345 2256 2450
2433 4 2 7 2 41 344 736 2463
2434 4 2 7 2 338 366 374 2307
2435 4 2 7 2 739 2465 738 2329
2436 4 2 7 2 2299 2310 808 2316
2437 4 2 7 2 2529 2302 793 2382
2438 4 2 7 2 2259 2290 2266 2368
2439 4 2 7 2 761 2499 762 2388
2440 4 2 7 2 2288 2304 368 2365
2441 4 2 7 2 884 2312 889 2327
2442 4 2 7 2 1054 2345 1053 2406
2443 4 2 7 2 2252 2266 2260 2368
2444 4 2 7 2 1065 2306 2289 2346
2445 4 2 7 2 938 2375 2274 2439
2446 4 2 7 2 881 2327 2314 2375
2447 4 2 7 2 961 2297 1013 2381
2448 4 2 7 2 363 2275 372 2366
2449 4 2 7 2 2272 2339 1005 2389
2450 4 2 7 2 365 364 2309 2344
2451 4 2 7 2 785 2527 786 2337
2452 4 2 7 2 2312 2409 2270 2439
2453 4 2 7 2 2270 2255 2302 2370
2454 4 2 7 2 813 2552 170 2425
2455 4 2 7 2 2267 2279 2266 2320
2456 4 2 7 2 2281 2318 2291 2322
2457 4 2 7 2 372 2275 368 2366
2458 4 2 7 2 824 823 2571 2333
2459 4 2 7 2 755 2484 754 2420
2460 4 2 7 2 2314 2327 2251 2375
2461 4 2 7 2 792 791 2534 2415
2462 4 2 7 2 763 2493 762 2393
2463 4 2 7 2 813 2553 807 2425
2464 4 2 7 2 2267 2280 2258 2322
2465 4 2 7 2 2261 2272 2292 2341
2466 4 2 7 2 903 886 2394 2412
2467 4 2 7 2 2267 2386 2320 2388
2468 4 2 7 2 347 367 379 2362
2469 4 2 7 2 735 2461 157 2404
2470 4 2 7 2 820 2568 821 2330
2471 4 2 7 2 865 2309 378 2369
2472 4 2 7 2 742 2477 743 2396
2473 4 2 7 2 2321 2332 2308 2403
2474 4 2 7 2 2270 2294 2255 2370
2475 4 2 7 2 749 748 2484 2419
2476 4 2 7 2 2288 2319 2279 2396
2477 4 2 7 2 954 993 340 2366
2478 4 2 7 2 2259 2375 2274 2412
2479 4 2 7 2 754 2483 753 2340
2480 4 2 7 2 2290 2371 2342 2393
2481 4 2 7 2 1038 1043 1054 2403
2482 4 2 7 2 368 2275 372 2331
2483 4 2 7 2 2266 2367 2260 2368
2484 4 2 7 2 2271 2306 2256 2406
2485 4 2 7 2 969 992 2336 2389
2486 4 2 7 2 817 818 2557 2392
2487 4 2 7 2 2252 2261 2336 2344
2488 4 2 7 2 2274 2375 885 2412
2489 4 2 7 2 765 2504 766 2441
2490 4 2 7 2 805 2550 806 2398
2491 4 2 7 2 792 2294 2370 2415
2492 4 2 7 2 962 2313 2277 2381
2493 4 2 7 2 969 992 2307 2336
2494 4 2 7 2 737 2463 736 2365
2495 4 2 7 2 754 2491 755 2420
2496 4 2 7 2 796 2532 795 2395
2497 4 2 7 2 769 2508 770 2435
2498 4 2 7 2 1005 2272 984 2414
2499 4 2 7 2 2300 2355 1000 2456
2500 4 2 7 2 964 2321 2376 2381
2501 4 2 7 2 1022 985 992 2366
2502 4 2 7 2 2252 2314 2313 2378
2503 4 2 7 2 892 2385 908 2409
2504 4 2 7 2 2260 2296 2288 2438
2505 4 2 7 2 888 2312 887 2409
2506 4 2 7 2 985 2366 380 2432
2507 4 2 7 2 744 2471 743 2387
2508 4 2 7 2 2300 2287 2377 2413
2509 4 2 7 2 382 2275 363 2404
2510 4 2 7 2 749 2477 748 2419
2511 4 2 7 2 340 363 372 2366
2512 4 2 7 2 797 2301 2380 2415
2513 4 2 7 2 2276 2381 2297 2423
2514 4 2 7 2 2276 2332 2321 2403
2515 4 2 7 2 2258 2267 2291 2336
2516 4 2 7 2 922 2338 2263 2394
2517 4 2 7 2 2314 2327 881 2423
2518 4 2 7 2 816 2555 815 2402
2519 4 2 7 2 768 2499 767 2446
2520 4 2 7 2 817 2556 816 2400
2521 4 2 7 2 1072 2308 2406 2421
2522 4 2 7 2 2552 807 2343 2425
2523 4 2 7 2 776 2508 775 2436
2524 4 2 7 2 774 2506 773 2349
2525 4 2 7 2 2564 824 818 2333
2526 4 2 7 2 979 2308 1017 2332
2527 4 2 7 2 770 2501 769 2435
2528 4 2 7 2 1059 1061 1045 2271
2529 4 2 7 2 773 2505 772 2458
2530 4 2 7 2 775 2507 774 2459
2531 4 2 7 2 2256 2289 2298 2411
2532 4 2 7 2 785 2519 784 2451
2533 4 2 7 2 779 2512 778 2353
2534 4 2 7 2 781 2514 780 2352
2535 4 2 7 2 759 2384 2315 2414
2536 4 2 7 2 2313 2314 2277 2381
2537 4 2 7 2 787 786 2528 2460
2538 4 2 7 2 758 2487 757 2342
2539 4 2 7 2 822 2570 823 2364
2540 4 2 7 2 735 157 2468 2404
2541 4 2 7 2 1053 1042 1050 2345
2542 4 2 7 2 2317 2412 2305 2416
2543 4 2 7 2 349 354 365 2309
2544 4 2 7 2 804 803 2548 2360
2545 4 2 7 2 799 2543 800 2397
2546 4 2 7 2 892 2285 905 2385
2547 4 2 7 2 2312 2379 2269 2411
2548 4 2 7 2 2268 2379 2278 2427
2549 4 2 7 2 2345 2411 2256 2450
2550 4 2 7 2 1057 2257 1041 2385
2551 4 2 7 2 1054 1042 1053 2345
2552 4 2 7 2 2286 2351 2269 2409
2553 4 2 7 2 766 2497 765 2441
2554 4 2 7 2 1043 2345 1054 2403
2555 4 2 7 2 2254 2356 2321 2376
2556 4 2 7 2 984 2272 1005 2389
2557 4 2 7 2 775 2515 776 2436
2558 4 2 7 2 2263 2367 2266 2368
2559 4 2 7 2 2258 2313 2251 2378
2560 4 2 7 2 1043 1055 1040 2303
2561 4 2 7 2 738 2464 737 2348
2562 4 2 7 2 365 353 364 2344
2563 4 2 7 2 2271 2408 1059 2421
2564 4 2 7 2 773 772 2512 2458
2565 4 2 7 2 774 2514 775 2459
2566 4 2 7 2 757 2486 756 2371
2567 4 2 7 2 2269 2323 2257 2411
2568 4 2 7 2 760 2498 761 2386
2569 4 2 7 2 974 971 2264 2356
2570 4 2 7 2 2316 2372 2271 2383
2571 4 2 7 2 746 2473 745 2391
2572 4 2 7 2 793 2370 2294 2382
2573 4 2 7 2 742 2469 741 2390
2574 4 2 7 2 361 364 353 2344
2575 4 2 7 2 787 2521 786 2460
2576 4 2 7 2 2272 2315 2291 2414
2577 4 2 7 2 886 895 909 2309
2578 4 2 7 2 763 762 2500 2393
2579 4 2 7 2 2264 2350 2256 2450
2580 4 2 7 2 805 2542 804 2354
2581 4 2 7 2 884 2375 883 2439
2582 4 2 7 2 806 2543 805 2398
2583 4 2 7 2 381 378 2309 2369
2584 4 2 7 2 2272 2340 2341 2386
2585 4 2 7 2 2255 2284 2302 2370
2586 4 2 7 2 370 2328 2265 2335
2587 4 2 7 2 768 767 2506 2446
2588 4 2 7 2 768 2507 769 2374
2589 4 2 7 2 802 801 2546 2347
2590 4 2 7 2 821 2569 822 2346
2591 4 2 7 2 2262 2284 2278 2325
2592 4 2 7 2 2278 2283 2262 2325
2593 4 2 7 2 790 789 2532 2377
2594 4 2 7 2 2309 2344 2252 2362
2595 4 2 7 2 2367 2369 909 2394
2596 4 2 7 2 974 2264 2343 2424
2597 4 2 7 2 809 2299 2298 2310
2598 4 2 7 2 382 735 2331 2404
2599 4 2 7 2 933 936 2328 2449
2600 4 2 7 2 2264 2299 2310 2450
2601 4 2 7 2 100 2467 740 2429
2602 4 2 7 2 797 2533 796 2380
2603 4 2 7 2 997 1012 955 2444
2604 4 2 7 2 971 2350 2264 2356
2605 4 2 7 2 2260 2295 2293 2367
2606 4 2 7 2 2261 2292 2304 2396
2607 4 2 7 2 964 2376 2313 2381
2608 4 2 7 2 814 2553 813 2383
2609 4 2 7 2 792 2535 793 2370
2610 4 2 7 2 922 2263 901 2394
2611 4 2 7 2 762 2492 761 2388
2612 4 2 7 2 922 901 2263 2416
2613 4 2 7 2 2276 2327 2321 2381
2614 4 2 7 2 2269 2294 2354 2360
2615 4 2 7 2 349 2362 935 2410
2616 4 2 7 2 2287 2300 1000 2456
2617 4 2 7 2 815 2554 814 2372
2618 4 2 7 2 796 795 2539 2395
2619 4 2 7 2 2309 2367 2260 2438
2620 4 2 7 2 1059 2271 1045 2334
2621 4 2 7 2 2295 2296 2293 2391
2622 4 2 7 2 792 2527 791 2415
2623 4 2 7 2 1016 981 1019 2275
2624 4 2 7 2 379 2362 367 2410
2625 4 2 7 2 796 2380 2301 2395
2626 4 2 7 2 2290 2266 2371 2393
2627 4 2 7 2 778 777 2518 2359
2628 4 2 7 2 781 2522 782 2361
2629 4 2 7 2 1057 2285 2257 2385
2630 4 2 7 2 2252 2309 2260 2344
2631 4 2 7 2 870 878 2297 2443
2632 4 2 7 2 2277 2314 879 2423
2633 4 2 7 2 965 2336 2313 2376
2634 4 2 7 2 814 2316 2553 2383
2635 4 2 7 2 370 356 2265 2449
2636 4 2 7 2 743 2470 742 2396
2637 4 2 7 2 2261 2304 2288 2396
2638 4 2 7 2 338 948 350 2432
2639 4 2 7 2 2328 2335 346 2429
2640 4 2 7 2 815 2299 2372 2402
2641 4 2 7 2 1019 2404 2275 2405
2642 4 2 7 2 2295 2342 2263 2371
2643 4 2 7 2 898 933 936 2328
2644 4 2 7 2 800 2536 799 2397
2645 4 2 7 2 807 2546 801 2343
2646 4 2 7 2 819 1068 2334 2399
2647 4 2 7 2 1032 2417 1067 2437
2648 4 2 7 2 962 2277 961 2381
2649 4 2 7 2 817 2564 818 2392
2650 4 2 7 2 2255 2312 2270 2439
2651 4 2 7 2 741 2468 158 2405
2652 4 2 7 2 1032 1067 876 2437
2653 4 2 7 2 735 2468 741 2405
2654 4 2 7 2 2275 2261 2292 2304
2655 4 2 7 2 794 2529 793 2382
2656 4 2 7 2 2279 2396 2319 2419
2657 4 2 7 2 2277 2314 2313 2362
2658 4 2 7 2 1027 1040 1055 2303
2659 4 2 7 2 2313 2321 2251 2381
2660 4 2 7 2 978 1018 960 2307
2661 4 2 7 2 2271 2334 1059 2408
2662 4 2 7 2 2277 2297 878 2443
2663 4 2 7 2 362 341 370 2328
2664 4 2 7 2 2268 2269 2298 2360
2665 4 2 7 2 809 2547 2299 2310
2666 4 2 7 2 808 2299 2547 2310
2667 4 2 7 2 741 158 2475 2405
2668 4 2 7 2 2338 2394 899 2442
2669 4 2 7 2 364 381 2309 2369
2670 4 2 7 2 2268 2298 2256 2310
2671 4 2 7 2 2288 2296 2260 2387
2672 4 2 7 2 2254 2283 2278 2301
2673 4 2 7 2 982 2389 2339 2448
2674 4 2 7 2 2307 2252 2344 2362
2675 4 2 7 2 743 2478 744 2387
2676 4 2 7 2 815 2562 816 2402
2677 4 2 7 2 817 816 2563 2400
2678 4 2 7 2 2286 2323 811 2392
2679 4 2 7 2 2279 2320 2267 2386
2680 4 2 7 2 1019 2275 981 2405
2681 4 2 7 2 370 2265 356 2335
2682 4 2 7 2 2266 2290 2263 2368
2683 4 2 7 2 2308 2321 2253 2356
2684 4 2 7 2 2261 2366 2292 2389
2685 4 2 7 2 921 891 2270 2326
2686 4 2 7 2 991 2308 949 2350
2687 4 2 7 2 2260 2293 2265 2367
2688 4 2 7 2 735 2331 2404 2405
2689 4 2 7 2 2269 2312 2257 2409
2690 4 2 7 2 2315 2340 2272 2386
2691 4 2 7 2 1061 2271 1059 2421
2692 4 2 7 2 1016 993 954 2366
2693 4 2 7 2 2314 2277 2381 2423
2694 4 2 7 2 1038 2308 2332 2403
2695 4 2 7 2 100 740 2474 2429
2696 4 2 7 2 988 2271 2350 2421
2697 4 2 7 2 378 865 349 2309
2698 4 2 7 2 354 2307 2344 2362
2699 4 2 7 2 354 2344 2309 2362
2700 4 2 7 2 2308 2256 2406 2450
2701 4 2 7 2 746 2481 101 2430
2702 4 2 7 2 356 2329 2335 2438
2703 4 2 7 2 1035 2330 820 2334
2704 4 2 7 2 2251 2313 2258 2376
2705 4 2 7 2 973 2273 1021 2456
2706 4 2 7 2 928 2326 2286 2409
2707 4 2 7 2 966 2376 967 2456
2708 4 2 7 2 2271 2316 2299 2372
2709 4 2 7 2 912 2305 901 2422
2710 4 2 7 2 368 2366 2261 2432
2711 4 2 7 2 973 1009 1021 2273
2712 4 2 7 2 890 938 926 2274
2713 4 2 7 2 905 940 869 2418
2714 4 2 7 2 750 2295 2479 2452
2715 4 2 7 2 900 898 2394 2449
2716 4 2 7 2 2280 2349 2446 2459
2717 4 2 7 2 161 2496 759 2414
2718 4 2 7 2 2559 171 819 2399
2719 4 2 7 2 2288 2260 2319 2387
2720 4 2 7 2 764 2502 104 2416
2721 4 2 7 2 106 2509 776 2445
2722 4 2 7 2 2294 2324 2268 2379
2723 4 2 7 2 2292 2339 2483 2340
2724 4 2 7 2 879 878 2277 2423
2725 4 2 7 2 992 1022 2366 2389
2726 4 2 7 2 352 368 2261 2432
2727 4 2 7 2 356 2329 355 2335
2728 4 2 7 2 1052 1066 1060 2418
2729 4 2 7 2 2309 2252 2367 2368
2730 4 2 7 2 736 344 2331 2365
2731 4 2 7 2 1057 1060 2285 2385
2732 4 2 7 2 2263 2295 2293 2342
2733 4 2 7 2 102 2481 752 2442
2734 4 2 7 2 1019 956 993 2404
2735 4 2 7 2 898 933 2328 2449
2736 4 2 7 2 752 2488 102 2442
2737 4 2 7 2 2252 2336 2267 2378
2738 4 2 7 2 882 2375 2314 2412
2739 4 2 7 2 2479 2296 744 2452
2740 4 2 7 2 813 170 2559 2425
2741 4 2 7 2 819 171 2566 2399
2742 4 2 7 2 795 2531 167 2424
2743 4 2 7 2 2280 2267 2388 2446
2744 4 2 7 2 2270 2269 2351 2409
2745 4 2 7 2 1038 2332 1043 2403
2746 4 2 7 2 879 2314 881 2423
2747 4 2 7 2 2256 2310 2299 2450
2748 4 2 7 2 101 2474 746 2430
2749 4 2 7 2 905 869 2285 2418
2750 4 2 7 2 2265 2369 2394 2449
2751 4 2 7 2 2273 2376 1021 2456
2752 4 2 7 2 870 2410 878 2443
2753 4 2 7 2 351 366 338 2307
2754 4 2 7 2 793 2302 2370 2382
2755 4 2 7 2 338 1018 948 2307
2756 4 2 7 2 342 349 935 2410
2757 4 2 7 2 807 2316 2546 2343
2758 4 2 7 2 2258 2280 2267 2378
2759 4 2 7 2 2270 921 2431 2439
2760 4 2 7 2 2341 2386 2340 2420
2761 4 2 7 2 746 740 2473 2328
2762 4 2 7 2 796 2539 802 2347
2763 4 2 7 2 950 2405 981 2448
2764 4 2 7 2 2292 2340 2483 2341
2765 4 2 7 2 2487 2338 2293 2342
2766 4 2 7 2 351 2344 2307 2432
2767 4 2 7 2 926 885 912 2305
2768 4 2 7 2 983 981 2366 2389
2769 4 2 7 2 1056 1043 2332 2403
2770 4 2 7 2 882 2314 886 2412
2771 4 2 7 2 2269 2294 2268 2379
2772 4 2 7 2 747 2475 159 2448
2773 4 2 7 2 2254 2300 2301 2413
2774 4 2 7 2 1032 2417 2437 2440
2775 4 2 7 2 353 365 354 2344
2776 4 2 7 2 2252 2313 2307 2336
2777 4 2 7 2 969 2307 978 2336
2778 4 2 7 2 2297 2381 2277 2423
2779 4 2 7 2 970 967 2356 2456
2780 4 2 7 2 2274 2305 2259 2412
2781 4 2 7 2 747 159 2482 2448
2782 4 2 7 2 976 955 2297 2444
2783 4 2 7 2 893 2297 872 2444
2784 4 2 7 2 342 367 349 2362
2785 4 2 7 2 992 2366 985 2432
2786 4 2 7 2 973 1009 2273 2355
2787 4 2 7 2 2328 2293 2391 2430
2788 4 2 7 2 1042 1040 1041 2345
2789 4 2 7 2 2290 2263 2342 2371
2790 4 2 7 2 823 1033 2333 2364
2791 4 2 7 2 2258 2336 2313 2378
2792 4 2 7 2 951 2552 2343 2425
2793 4 2 7 2 2254 2413 2356 2456
2794 4 2 7 2 2298 2299 2256 2310
2795 4 2 7 2 2567 819 178 1068
2796 4 2 7 2 890 2274 926 2358
2797 4 2 7 2 1066 2333 1060 2418
2798 4 2 7 2 2253 2321 2308 2403
2799 4 2 7 2 892 905 919 2385
2800 4 2 7 2 1004 2287 1000 2456
2801 4 2 7 2 2508 2305 770 2435
2802 4 2 7 2 763 2500 769 2374
2803 4 2 7 2 2255 2270 2312 2379
2804 4 2 7 2 979 972 1017 2308
2805 4 2 7 2 371 2265 356 2449
2806 4 2 7 2 1057 2311 2285 2333
2807 4 2 7 2 974 970 971 2356
2808 4 2 7 2 979 1038 2308 2332
2809 4 2 7 2 820 2567 1035 2334
2810 4 2 7 2 908 2312 888 2409
2811 4 2 7 2 984 2384 2291 2407
2812 4 2 7 2 353 354 351 2344
2813 4 2 7 2 2269 2257 2286 2409
2814 4 2 7 2 376 2366 368 2432
2815 4 2 7 2 865 909 2309 2369
2816 4 2 7 2 2542 799 2294 2351
2817 4 2 7 2 2265 2328 370 2449
2818 4 2 7 2 2303 2327 2276 2440
2819 4 2 7 2 2297 2417 2276 2437
2820 4 2 7 2 2273 2318 2359 2401
2821 4 2 7 2 818 2333 824 2418
2822 4 2 7 2 2265 2335 2329 2438
2823 4 2 7 2 909 903 886 2394
2824 4 2 7 2 1057 2285 1060 2333
2825 4 2 7 2 362 910 341 2429
2826 4 2 7 2 2303 2440 2276 2447
2827 4 2 7 2 776 2305 2508 2436
2828 4 2 7 2 1043 1042 1054 2345
2829 4 2 7 2 113 2558 818 2428
2830 4 2 7 2 2282 2436 2361 2459
2831 4 2 7 2 338 351 2307 2432
2832 4 2 7 2 823 1033 2571 2333
2833 4 2 7 2 338 2307 948 2432
2834 4 2 7 2 974 1004 970 2287
2835 4 2 7 2 2321 2356 967 2376
2836 4 2 7 2 2280 2446 2357 2459
2837 4 2 7 2 2290 2342 2317 2393
2838 4 2 7 2 379 343 347 2410
2839 4 2 7 2 362 2328 346 2429
2840 4 2 7 2 951 1020 2552 2425
2841 4 2 7 2 1027 1064 896 2303
2842 4 2 7 2 890 2274 2358 2439
2843 4 2 7 2 1043 1040 1042 2345
2844 4 2 7 2 2274 2305 926 2445
2845 4 2 7 2 2283 2353 2300 2359
2846 4 2 7 2 2259 2314 2368 2378
2847 4 2 7 2 2286 2311 2257 2323
2848 4 2 7 2 2251 2313 2314 2378
2849 4 2 7 2 2264 2256 2299 2450
2850 4 2 7 2 1043 2403 1056 2447
2851 4 2 7 2 985 948 2307 2432
2852 4 2 7 2 1035 1045 2330 2334
2853 4 2 7 2 2278 2284 2262 2427
2854 4 2 7 2 996 1003 947 2332
2855 4 2 7 2 1042 1041 1050 2345
2856 4 2 7 2 2253 2308 2356 2450
2857 4 2 7 2 738 2329 337 2348
2858 4 2 7 2 735 2404 2468 2405
2859 4 2 7 2 2251 2375 2255 2434
2860 4 2 7 2 900 2394 2369 2449
2861 4 2 7 2 902 865 378 2369
2862 4 2 7 2 969 986 992 2389
2863 4 2 7 2 2256 2298 2289 2402
2864 4 2 7 2 1026 821 2330 2346
2865 4 2 7 2 2356 2413 2254 2450
2866 4 2 7 2 801 2539 795 2424
2867 4 2 7 2 1055 1064 1027 2303
2868 4 2 7 2 2255 2284 2278 2427
2869 4 2 7 2 2274 926 2358 2445
2870 4 2 7 2 2302 2352 2284 2361
2871 4 2 7 2 2259 2368 2266 2378
2872 4 2 7 2 2256 2299 2298 2402
2873 4 2 7 2 997 369 957 2444
2874 4 2 7 2 1013 2297 959 2417
2875 4 2 7 2 874 369 914 2444
2876 4 2 7 2 162 1008 2503 2384
2877 4 2 7 2 2253 2345 2308 2450
2878 4 2 7 2 864 1036 927 2440
2879 4 2 7 2 2255 2278 2294 2379
2880 4 2 7 2 818 2565 113 2428
2881 4 2 7 2 791 2526 2301 2426
2882 4 2 7 2 1021 2376 2273 2407
2883 4 2 7 2 884 883 887 2439
2884 4 2 7 2 1026 1065 2289 2346
2885 4 2 7 2 2353 2359 2281 2458
2886 4 2 7 2 961 962 960 2277
2887 4 2 7 2 2307 2313 978 2336
2888 4 2 7 2 2282 2361 2352 2459
2889 4 2 7 2 2258 2262 2280 2378
2890 4 2 7 2 2314 2375 2251 2378
2891 4 2 7 2 2270 2382 2302 2431
2892 4 2 7 2 2265 371 2438 2449
2893 4 2 7 2 2384 2401 2318 2407
2894 4 2 7 2 1016 983 981 2366
2895 4 2 7 2 2280 2322 2267 2446
2896 4 2 7 2 1013 959 1003 2417
2897 4 2 7 2 347 2362 379 2410
2898 4 2 7 2 821 1026 2569 2346
2899 4 2 7 2 2391 2430 2293 2442
2900 4 2 7 2 365 364 381 2309
2901 4 2 7 2 969 978 2313 2336
2902 4 2 7 2 817 2563 823 2311
2903 4 2 7 2 865 902 909 2369
2904 4 2 7 2 2298 2323 2289 2402
2905 4 2 7 2 372 363 382 2275
2906 4 2 7 2 2284 2325 2282 2352
2907 4 2 7 2 2281 2325 2283 2353
2908 4 2 7 2 992 985 2307 2432
2909 4 2 7 2 337 375 2288 2348
2910 4 2 7 2 1072 2308 1054 2406
2911 4 2 7 2 736 344 2462 2331
2912 4 2 7 2 2309 2369 2367 2438
2913 4 2 7 2 163 2510 771 2401
2914 4 2 7 2 872 1037 929 1012
2915 4 2 7 2 2349 2353 2281 2458
2916 4 2 7 2 2553 813 2383 2425
2917 4 2 7 2 2282 2352 2349 2459
2918 4 2 7 2 1060 1062 1029 2385
2919 4 2 7 2 346 2328 370 2335
2920 4 2 7 2 2276 2437 2417 2440
2921 4 2 7 2 996 947 1017 2332
2922 4 2 7 2 338 374 1018 2307
2923 4 2 7 2 2308 2350 991 2356
2924 4 2 7 2 922 901 903 2394
2925 4 2 7 2 2263 2293 2295 2367
2926 4 2 7 2 961 2297 2277 2443
2927 4 2 7 2 370 371 356 2449
2928 4 2 7 2 2258 2267 2336 2378
2929 4 2 7 2 2296 2329 2265 2335
2930 4 2 7 2 375 364 361 2438
2931 4 2 7 2 934 913 889 2440
2932 4 2 7 2 2280 2349 2322 2446
2933 4 2 7 2 738 337 2464 2348
2934 4 2 7 2 1043 2303 2403 2447
2935 4 2 7 2 353 352 361 2344
2936 4 2 7 2 2560 813 819 2383
2937 4 2 7 2 814 2560 820 2383
2938 4 2 7 2 939 900 2369 2449
2939 4 2 7 2 1057 1041 1062 2385
2940 4 2 7 2 870 878 893 2297
2941 4 2 7 2 1035 1059 1045 2334
2942 4 2 7 2 1032 2437 927 2440
2943 4 2 7 2 356 2335 2265 2438
2944 4 2 7 2 1057 1062 1060 2385
2945 4 2 7 2 2259 2280 2262 2378
2946 4 2 7 2 891 921 2270 2439
2947 4 2 7 2 2252 2336 2307 2344
2948 4 2 7 2 2257 2286 2285 2311
2949 4 2 7 2 934 1064 864 2440
2950 4 2 7 2 2553 2316 807 2425
2951 4 2 7 2 984 1005 986 2389
2952 4 2 7 2 2290 2305 2259 2373
2953 4 2 7 2 2256 2306 2299 2402
2954 4 2 7 2 961 1013 963 2381
2955 4 2 7 2 930 2297 878 2423
2956 4 2 7 2 2350 2406 2256 2450
2957 4 2 7 2 925 2422 2509 2445
2958 4 2 7 2 162 2496 1008 2384
2959 4 2 7 2 2286 2351 2326 2398
2960 4 2 7 2 350 985 380 2432
2961 4 2 7 2 880 2327 913 2440
2962 4 2 7 2 371 2369 364 2438
2963 4 2 7 2 2538 2343 801 2424
2964 4 2 7 2 2265 2296 2260 2438
2965 4 2 7 2 876 927 1032 2437
2966 4 2 7 2 955 959 976 2297
2967 4 2 7 2 2269 2294 2270 2351
2968 4 2 7 2 796 2347 2380 2395
2969 4 2 7 2 818 2392 2333 2428
2970 4 2 7 2 353 351 352 2432
2971 4 2 7 2 753 160 2489 2453
2972 4 2 7 2 753 2482 160 2453
2973 4 2 7 2 2257 2311 2289 2323
2974 4 2 7 2 1021 2273 1009 2407
2975 4 2 7 2 366 2307 354 2362
2976 4 2 7 2 812 2286 2363 2398
2977 4 2 7 2 758 2495 103 2457
2978 4 2 7 2 105 2502 770 2422
2979 4 2 7 2 2302 2358 2274 2439
2980 4 2 7 2 103 2488 758 2457
2981 4 2 7 2 1060 2333 2285 2418
2982 4 2 7 2 346 370 356 2335
2983 4 2 7 2 818 2333 2418 2428
2984 4 2 7 2 2251 2427 2376 2433
2985 4 2 7 2 901 2305 2412 2416
2986 4 2 7 2 2326 2351 2286 2409
2987 4 2 7 2 1054 1072 1038 2308
2988 4 2 7 2 2253 2411 2345 2450
2989 4 2 7 2 880 2423 2327 2440
2990 4 2 7 2 1056 2403 2332 2447
2991 4 2 7 2 105 770 2509 2422
2992 4 2 7 2 969 2313 965 2336
2993 4 2 7 2 867 899 2430 2442
2994 4 2 7 2 884 887 888 2312
2995 4 2 7 2 2303 2253 2345 2403
2996 4 2 7 2 788 2530 2358 2431
2997 4 2 7 2 2273 973 2355 2456
2998 4 2 7 2 1064 2440 2303 2447
2999 4 2 7 2 1032 927 1036 2440
3000 4 2 7 2 356 2265 371 2438
3001 4 2 7 2 2324 2380 2301 2415
3002 4 2 7 2 2268 2301 2278 2324
3003 4 2 7 2 1043 1055 2303 2447
3004 4 2 7 2 996 2321 964 2381
3005 4 2 7 2 753 2483 747 2339
3006 4 2 7 2 1045 2271 1061 2406
3007 4 2 7 2 353 352 2344 2432
3008 4 2 7 2 356 355 346 2335
3009 4 2 7 2 378 339 902 2369
3010 4 2 7 2 2569 821 180 1026
3011 4 2 7 2 956 363 993 2404
3012 4 2 7 2 812 2363 2286 2392
3013 4 2 7 2 891 2270 2409 2439
3014 4 2 7 2 2487 758 752 2338
3015 4 2 7 2 2323 2354 2286 2398
3016 4 2 7 2 988 975 1002 2350
3017 4 2 7 2 2280 2266 2357 2388
3018 4 2 7 2 2267 2315 2272 2386
3019 4 2 7 2 1038 1056 1043 2332
3020 4 2 7 2 2256 2289 2306 2402
3021 4 2 7 2 984 2384 998 2414
3022 4 2 7 2 871 341 910 2449
3023 4 2 7 2 1004 970 2287 2456
3024 4 2 7 2 2350 2406 2308 2421
3025 4 2 7 2 1055 1064 2303 2447
3026 4 2 7 2 744 2296 2387 2452
3027 4 2 7 2 807 801 2545 2343
3028 4 2 7 2 2268 2310 2256 2450
3029 4 2 7 2 2252 2368 2314 2378
3030 4 2 7 2 896 889 908 2303
3031 4 2 7 2 183 2572 824 2418
3032 4 2 7 2 2252 2313 2336 2378
3033 4 2 7 2 791 797 2534 2415
3034 4 2 7 2 354 2309 349 2362
3035 4 2 7 2 988 2350 1002 2421
3036 4 2 7 2 2267 2322 2315 2386
3037 4 2 7 2 2474 740 746 2328
3038 4 2 7 2 2273 2283 2254 2300
3039 4 2 7 2 2278 2284 2370 2460
3040 4 2 7 2 771 2503 163 2401
3041 4 2 7 2 982 981 2405 2448
3042 4 2 7 2 870 2297 893 2443
3043 4 2 7 2 898 900 933 2449
3044 4 2 7 2 998 2384 2496 2414
3045 4 2 7 2 979 1038 1069 2308
3046 4 2 7 2 337 2329 375 2348
3047 4 2 7 2 1070 1056 2332 2447
3048 4 2 7 2 1058 874 957 894
3049 4 2 7 2 2264 2310 2299 2316
3050 4 2 7 2 979 1069 949 2308
3051 4 2 7 2 2263 2412 2317 2416
3052 4 2 7 2 2289 2323 2311 2400
3053 4 2 7 2 817 2557 811 2392
3054 4 2 7 2 170 1020 2559 2425
3055 4 2 7 2 1048 2289 1057 2364
3056 4 2 7 2 895 877 935 2410
3057 4 2 7 2 746 2328 2473 2391
3058 4 2 7 2 338 350 351 2432
3059 4 2 7 2 2255 2284 2274 2302
3060 4 2 7 2 2273 2318 2401 2407
3061 4 2 7 2 888 908 889 2312
3062 4 2 7 2 2320 2386 2279 2420
3063 4 2 7 2 2292 2405 2390 2448
3064 4 2 7 2 2542 2351 2294 2354
3065 4 2 7 2 801 2343 2546 2347
3066 4 2 7 2 353 2344 351 2432
3067 4 2 7 2 2281 2291 2258 2322
3068 4 2 7 2 1003 947 2332 2417
3069 4 2 7 2 2265 2369 2367 2394
3070 4 2 7 2 2305 2317 2290 2412
3071 4 2 7 2 822 1048 2570 2364
3072 4 2 7 2 2254 2300 2283 2301
3073 4 2 7 2 43 2464 738 337
3074 4 2 7 2 750 2486 2295 2454
3075 4 2 7 2 735 2462 40 382
3076 4 2 7 2 2255 2294 2270 2379
3077 4 2 7 2 359 2288 368 2365
3078 4 2 7 2 2522 2302 788 2358
3079 4 2 7 2 870 358 2410 2443
3080 4 2 7 2 2322 2349 2281 2458
3081 4 2 7 2 2251 2255 2427 2434
3082 4 2 7 2 982 950 981 2448
3083 4 2 7 2 972 2308 991 2356
3084 4 2 7 2 2546 2343 2316 2347
3085 4 2 7 2 2572 932 114 2418
3086 4 2 7 2 1044 1045 1065 2330
3087 4 2 7 2 791 2301 2415 2426
3088 4 2 7 2 737 359 2463 2365
3089 4 2 7 2 2258 2291 2281 2318
3090 4 2 7 2 2264 2287 2347 2424
3091 4 2 7 2 1072 1069 1038 2308
3092 4 2 7 2 740 2335 2328 2429
3093 4 2 7 2 912 2305 885 2412
3094 4 2 7 2 2278 2337 2284 2460
3095 4 2 7 2 2265 2438 2369 2449
3096 4 2 7 2 2281 2359 2318 2458
3097 4 2 7 2 970 966 967 2456
3098 4 2 7 2 2266 2295 2371 2454
3099 4 2 7 2 1017 947 979 2332
3100 4 2 7 2 2369 2438 371 2449
3101 4 2 7 2 992 983 1022 2389
3102 4 2 7 2 909 895 865 2309
3103 4 2 7 2 1011 2343 999 2424
3104 4 2 7 2 881 884 2327 2375
3105 4 2 7 2 2531 2287 945 2424
3106 4 2 7 2 2310 2316 2264 2347
3107 4 2 7 2 737 2348 359 2365
3108 4 2 7 2 2278 2301 2283 2426
3109 4 2 7 2 346 362 370 2328
3110 4 2 7 2 2269 2354 2298 2360
3111 4 2 7 2 2262 2283 2278 2427
3112 4 2 7 2 806 2550 812 2398
3113 4 2 7 2 905 2285 904 2385
3114 4 2 7 2 2283 2273 2353 2359
3115 4 2 7 2 2274 2284 2352 2361
3116 4 2 7 2 2283 2300 2273 2359
3117 4 2 7 2 2390 2396 2292 2419
3118 4 2 7 2 2289 2400 816 2402
3119 4 2 7 2 2293 2296 2265 2391
3120 4 2 7 2 362 873 910 2429
3121 4 2 7 2 968 984 969 2407
3122 4 2 7 2 2294 2278 2370 2415
3123 4 2 7 2 347 343 960 2443
3124 4 2 7 2 2274 2259 2305 2373
3125 4 2 7 2 2261 2292 2272 2389
3126 4 2 7 2 822 2346 1048 2364
3127 4 2 7 2 2564 2333 818 2392
3128 4 2 7 2 2271 1061 2406 2421
3129 4 2 7 2 2282 2349 2280 2459
3130 4 2 7 2 2268 2413 2310 2450
3131 4 2 7 2 2282 2290 2373 2374
3132 4 2 7 2 2516 782 2358 2445
3133 4 2 7 2 868 928 916 2326
3134 4 2 7 2 820 2567 179 1035
3135 4 2 7 2 880 881 2327 2423
3136 4 2 7 2 2253 2379 2312 2411
3137 4 2 7 2 2274 2302 2284 2361
3138 4 2 7 2 907 1052 869 2418
3139 4 2 7 2 820 2334 2330 2383
3140 4 2 7 2 2278 2324 2294 2379
3141 4 2 7 2 2297 2423 930 2437
3142 4 2 7 2 2327 2381 2276 2423
3143 4 2 7 2 2290 2357 2266 2393
3144 4 2 7 2 2265 2329 2296 2438
3145 4 2 7 2 2260 2295 2319 2452
3146 4 2 7 2 771 765 2503 2384
3147 4 2 7 2 867 899 898 2430
3148 4 2 7 2 985 1022 1024 2366
3149 4 2 7 2 876 1067 191 872
3150 4 2 7 2 2263 2368 2290 2412
3151 4 2 7 2 2542 805 799 2351
3152 4 2 7 2 2509 106 925 2445
3153 4 2 7 2 870 2443 893 2444
3154 4 2 7 2 2315 2384 2291 2414
3155 4 2 7 2 1047 1010 1067 2417
3156 4 2 7 2 2483 2339 753 2340
3157 4 2 7 2 2262 2281 2280 2349
3158 4 2 7 2 2280 2282 2262 2349
3159 4 2 7 2 2262 2427 2284 2434
3160 4 2 7 2 2263 2317 2290 2342
3161 4 2 7 2 896 864 934 1064
3162 4 2 7 2 2304 2292 2390 2396
3163 4 2 7 2 892 908 888 2409
3164 4 2 7 2 347 366 367 2362
3165 4 2 7 2 979 200 1038 2332
3166 4 2 7 2 892 919 908 2385
3167 4 2 7 2 2262 2282 2284 2325
3168 4 2 7 2 2262 2283 2281 2325
3169 4 2 7 2 764 2416 2317 2422
3170 4 2 7 2 763 2290 2317 2393
3171 4 2 7 2 973 1000 2355 2456
3172 4 2 7 2 1009 2273 2401 2407
3173 4 2 7 2 2315 2322 2291 2441
3174 4 2 7 2 891 2409 887 2439
3175 4 2 7 2 378 349 381 2309
3176 4 2 7 2 748 2483 754 2341
3177 4 2 7 2 991 979 949 2308
3178 4 2 7 2 2373 2436 2282 2459
3179 4 2 7 2 372 368 376 2366
3180 4 2 7 2 971 991 2350 2356
3181 4 2 7 2 2251 2378 2262 2433
3182 4 2 7 2 819 2334 2383 2399
3183 4 2 7 2 1031 1038 200 2332
3184 4 2 7 2 913 884 889 2327
3185 4 2 7 2 1035 1045 1044 2330
3186 4 2 7 2 2316 2343 807 2425
3187 4 2 7 2 2296 2335 2265 2391
3188 4 2 7 2 2567 1068 1035 2334
3189 4 2 7 2 2255 2284 2427 2434
3190 4 2 7 2 2255 2302 2274 2439
3191 4 2 7 2 104 2416 2502 2422
3192 4 2 7 2 2285 2363 906 2428
3193 4 2 7 2 917 2358 2530 2431
3194 4 2 7 2 823 2333 2311 2364
3195 4 2 7 2 763 2317 2290 2374
3196 4 2 7 2 2300 2353 2283 2451
3197 4 2 7 2 1033 1057 1060 2333
3198 4 2 7 2 1031 1070 1056 2332
3199 4 2 7 2 960 961 2277 2443
3200 4 2 7 2 2552 813 807 2425
3201 4 2 7 2 758 2338 2487 2342
3202 4 2 7 2 984 995 2384 2407
3203 4 2 7 2 2470 2304 742 2396
3204 4 2 7 2 182 2571 823 1033
3205 4 2 7 2 2320 2357 2388 2393
3206 4 2 7 2 896 934 889 2303
3207 4 2 7 2 985 948 992 2307
3208 4 2 7 2 364 371 381 2369
3209 4 2 7 2 2275 2304 2292 2390
3210 4 2 7 2 1005 2339 2414 2453
3211 4 2 7 2 2270 2351 2326 2409
3212 4 2 7 2 2281 2349 2325 2353
3213 4 2 7 2 2325 2349 2282 2352
3214 4 2 7 2 2284 2352 2302 2460
3215 4 2 7 2 344 2463 359 2365
3216 4 2 7 2 952 1030 990 2408
3217 4 2 7 2 972 967 2321 2356
3218 4 2 7 2 800 806 2544 2326
3219 4 2 7 2 2264 2310 2413 2450
3220 4 2 7 2 369 348 60 2444
3221 4 2 7 2 891 2270 2326 2409
3222 4 2 7 2 2276 2423 2297 2437
3223 4 2 7 2 2367 2369 2265 2438
3224 4 2 7 2 969 992 978 2307
3225 4 2 7 2 2294 2324 2278 2415
3226 4 2 7 2 382 2331 2275 2404
3227 4 2 7 2 352 376 368 2432
3228 4 2 7 2 2317 2422 2305 2435
3229 4 2 7 2 922 2416 2338 2457
3230 4 2 7 2 2518 2355 2300 2359
3231 4 2 7 2 775 2436 2373 2459
3232 4 2 7 2 2274 2282 2259 2373
3233 4 2 7 2 980 2404 1019 2405
3234 4 2 7 2 2290 2317 2263 2412
3235 4 2 7 2 915 912 901 2422
3236 4 2 7 2 2268 2301 2324 2380
3237 4 2 7 2 2327 2423 2276 2440
3238 4 2 7 2 2323 2392 2311 2400
3239 4 2 7 2 355 375 2329 2438
3240 4 2 7 2 2301 2377 2395 2413
3241 4 2 7 2 1026 2306 1065 2346
3242 4 2 7 2 2482 753 747 2339
3243 4 2 7 2 2278 2283 2254 2427
3244 4 2 7 2 205 977 894 1063
3245 4 2 7 2 2308 2345 2253 2403
3246 4 2 7 2 883 2375 938 2439
3247 4 2 7 2 947 1031 2332 2417
3248 4 2 7 2 2259 2305 2290 2412
3249 4 2 7 2 2251 2262 2378 2434
3250 4 2 7 2 344 382 2462 2331
3251 4 2 7 2 884 888 889 2312
3252 4 2 7 2 758 2488 752 2338
3253 4 2 7 2 783 2518 777 2355
3254 4 2 7 2 901 2412 2263 2416
3255 4 2 7 2 880 920 2437 2440
3256 4 2 7 2 14 194 1049 923
3257 4 2 7 2 923 4 62 360
3258 4 2 7 2 2302 2431 2358 2439
3259 4 2 7 2 2278 2268 2324 2379
3260 4 2 7 2 382 372 2275 2331
3261 4 2 7 2 2302 2358 2522 2361
3262 4 2 7 2 349 365 381 2309
3263 4 2 7 2 925 2305 2422 2445
3264 4 2 7 2 874 957 369 2444
3265 4 2 7 2 367 2362 342 2410
3266 4 2 7 2 755 2420 2320 2455
3267 4 2 7 2 782 2522 788 2358
3268 4 2 7 2 2538 999 2343 2424
3269 4 2 7 2 1041 1039 1062 2385
3270 4 2 7 2 770 2502 764 2422
3271 4 2 7 2 1050 1026 1065 2289
3272 4 2 7 2 977 1058 957 894
3273 4 2 7 2 348 369 87 2444
3274 4 2 7 2 2273 2355 2300 2456
3275 4 2 7 2 991 972 979 2308
3276 4 2 7 2 2319 2419 749 2455
3277 4 2 7 2 2473 2328 740 2335
3278 4 2 7 2 368 372 344 2331
3279 4 2 7 2 2268 2298 2269 2411
3280 4 2 7 2 2516 2358 918 2445
3281 4 2 7 2 2483 2340 754 2341
3282 4 2 7 2 890 2358 2431 2439
3283 4 2 7 2 369 997 87 2444
3284 4 2 7 2 2274 2375 2255 2439
3285 4 2 7 2 801 2347 2539 2424
3286 4 2 7 2 914 369 60 2444
3287 4 2 7 2 2286 2354 2351 2398
3288 4 2 7 2 2282 2374 2373 2459
3289 4 2 7 2 962 964 2313 2381
3290 4 2 7 2 62 977 373 894
3291 4 2 7 2 890 917 921 2431
3292 4 2 7 2 2268 2256 2298 2411
3293 4 2 7 2 874 929 1058 1012
3294 4 2 7 2 2332 2403 2276 2447
3295 4 2 7 2 2267 2258 2291 2322
3296 4 2 7 2 2267 2291 2272 2315
3297 4 2 7 2 890 2358 917 2431
3298 4 2 7 2 796 2539 2347 2395
3299 4 2 7 2 979 947 200 2332
3300 4 2 7 2 972 991 971 2356
3301 4 2 7 2 974 1004 2287 2424
3302 4 2 7 2 181 2570 822 1048
3303 4 2 7 2 880 879 881 2423
3304 4 2 7 2 1029 1071 904 2385
3305 4 2 7 2 2282 2290 2259 2373
3306 4 2 7 2 1002 2350 949 2421
3307 4 2 7 2 2266 2320 2371 2393
3308 4 2 7 2 756 2320 2371 2454
3309 4 2 7 2 770 2305 2422 2435
3310 4 2 7 2 368 344 2304 2331
3311 4 2 7 2 893 2443 2297 2444
3312 4 2 7 2 929 874 914 1012
3313 4 2 7 2 2262 2258 2281 2433
3314 4 2 7 2 2259 2262 2282 2434
3315 4 2 7 2 2273 2281 2353 2359
3316 4 2 7 2 2274 2352 2282 2361
3317 4 2 7 2 2527 2415 2337 2426
3318 4 2 7 2 912 901 2305 2412
3319 4 2 7 2 762 2388 2357 2393
3320 4 2 7 2 2281 2322 2280 2349
3321 4 2 7 2 1031 200 947 2332
3322 4 2 7 2 2262 2378 2258 2433
3323 4 2 7 2 965 2313 964 2376
3324 4 2 7 2 880 2437 2423 2440
3325 4 2 7 2 788 2302 2529 2431
3326 4 2 7 2 938 942 885 2375
3327 4 2 7 2 880 881 913 2327
3328 4 2 7 2 2266 2357 2320 2393
3329 4 2 7 2 960 347 85 343
3330 4 2 7 2 2553 2383 2316 2425
3331 4 2 7 2 2266 2371 2320 2454
3332 4 2 7 2 2252 2266 2368 2378
3333 4 2 7 2 995 2401 2384 2407
3334 4 2 7 2 881 2314 882 2375
3335 4 2 7 2 2323 2400 2289 2402
3336 4 2 7 2 1066 2571 1033 2333
3337 4 2 7 2 2291 2315 2267 2322
3338 4 2 7 2 750 2295 2452 2454
3339 4 2 7 2 355 2329 356 2438
3340 4 2 7 2 337 355 375 2329
3341 4 2 7 2 963 996 964 2381
3342 4 2 7 2 42 359 2463 737
3343 4 2 7 2 2484 2341 2420 2455
3344 4 2 7 2 818 2363 2392 2428
3345 4 2 7 2 2269 2379 2268 2411
3346 4 2 7 2 2260 2367 2265 2438
3347 4 2 7 2 951 2545 999 2343
3348 4 2 7 2 1048 1050 1057 2289
3349 4 2 7 2 973 1004 1000 2456
3350 4 2 7 2 2538 801 795 2424
3351 4 2 7 2 2319 2320 2279 2455
3352 4 2 7 2 2301 2380 2268 2413
3353 4 2 7 2 2484 2419 2341 2455
3354 4 2 7 2 2288 2387 2319 2396
3355 4 2 7 2 900 909 2369 2394
3356 4 2 7 2 897 898 936 2328
3357 4 2 7 2 2282 2325 2262 2349
3358 4 2 7 2 2262 2325 2281 2349
3359 4 2 7 2 805 2351 2542 2354
3360 4 2 7 2 771 2318 2384 2401
3361 4 2 7 2 2274 2284 2282 2352
3362 4 2 7 2 2281 2283 2273 2353
3363 4 2 7 2 2461 735 40 2404
3364 4 2 7 2 170 2552 1020 2425
3365 4 2 7 2 974 2343 1011 2424
3366 4 2 7 2 2328 2391 746 2430
3367 4 2 7 2 964 2321 967 2376
3368 4 2 7 2 2304 2331 344 2365
3369 4 2 7 2 2334 2399 1068 2408
3370 4 2 7 2 2273 2300 2254 2456
3371 4 2 7 2 2258 2281 2273 2318
3372 4 2 7 2 1067 191 1032 876
3373 4 2 7 2 2264 2413 2356 2450
3374 4 2 7 2 2268 2380 2310 2413
3375 4 2 7 2 41 344 2462 736
3376 4 2 7 2 337 375 361 2288
3377 4 2 7 2 2260 2296 2295 2452
3378 4 2 7 2 2270 2431 2302 2439
3379 4 2 7 2 2275 2390 2292 2405
3380 4 2 7 2 1068 1059 2334 2408
3381 4 2 7 2 2310 2268 2360 2380
3382 4 2 7 2 762 768 2500 2357
3383 4 2 7 2 2324 2360 2268 2380
3384 4 2 7 2 2278 2379 2255 2427
3385 4 2 7 2 2272 2339 2292 2340
3386 4 2 7 2 1067 1010 959 2417
3387 4 2 7 2 2320 2420 2279 2455
3388 4 2 7 2 890 883 938 2439
3389 4 2 7 2 1070 2332 2417 2447
3390 4 2 7 2 994 982 1005 2339
3391 4 2 7 2 740 2328 2474 2429
3392 4 2 7 2 927 2437 920 2440
3393 4 2 7 2 2279 2419 2319 2455
3394 4 2 7 2 2264 2347 2287 2413
3395 4 2 7 2 2308 2406 2350 2450
3396 4 2 7 2 2272 2340 2292 2341
3397 4 2 7 2 89 5 1006 360
3398 4 2 7 2 205 15 1049 1006
3399 4 2 7 2 2259 2290 2368 2412
3400 4 2 7 2 2278 2283 2337 2426
3401 4 2 7 2 864 1064 1036 2440
3402 4 2 7 2 1045 1053 1065 2406
3403 4 2 7 2 922 899 911 2338
3404 4 2 7 2 1057 1033 2311 2333
3405 4 2 7 2 972 967 996 2321
3406 4 2 7 2 1025 2376 1021 2407
3407 4 2 7 2 925 2305 912 2422
3408 4 2 7 2 2399 2408 2334 2425
3409 4 2 7 2 939 900 909 2369
3410 4 2 7 2 1030 952 1046 2408
3411 4 2 7 2 2496 998 1008 2384
3412 4 2 7 2 343 347 2410 2443
3413 4 2 7 2 899 900 898 2394
3414 4 2 7 2 1020 170 2559 958
3415 4 2 7 2 357 941 339 2449
3416 4 2 7 2 941 2369 339 2449
3417 4 2 7 2 936 897 2328 2429
3418 4 2 7 2 941 902 339 2369
3419 4 2 7 2 735 382 40 2404
3420 4 2 7 2 161 946 2496 2414
3421 4 2 7 2 899 2338 922 2394
3422 4 2 7 2 891 887 921 2439
3423 4 2 7 2 945 2287 1004 2424
3424 4 2 7 2 2310 2380 2347 2413
3425 4 2 7 2 994 2339 1005 2453
3426 4 2 7 2 998 984 995 2384
3427 4 2 7 2 817 2563 2311 2400
3428 4 2 7 2 2306 2372 2299 2402
3429 4 2 7 2 2538 167 999 2424
3430 4 2 7 2 754 2341 2340 2420
3431 4 2 7 2 994 982 2339 2448
3432 4 2 7 2 2298 2310 2268 2360
3433 4 2 7 2 981 983 982 2389
3434 4 2 7 2 2275 2404 2331 2405
3435 4 2 7 2 754 2484 748 2341
3436 4 2 7 2 742 2304 2390 2396
3437 4 2 7 2 2474 2328 746 2430
3438 4 2 7 2 340 380 954 2366
3439 4 2 7 2 982 1005 2339 2389
3440 4 2 7 2 183 1066 2572 2418
3441 4 2 7 2 969 978 965 2313
3442 4 2 7 2 998 162 2496 1008
3443 4 2 7 2 812 818 2558 2363
3444 4 2 7 2 886 882 895 2314
3445 4 2 7 2 922 2338 911 2457
3446 4 2 7 2 874 1058 193 894
3447 4 2 7 2 204 1058 957 977
3448 4 2 7 2 750 2319 2485 2454
3449 4 2 7 2 2269 2286 2257 2323
3450 4 2 7 2 1036 2440 1064 2447
3451 4 2 7 2 2311 2333 1033 2364
3452 4 2 7 2 2337 785 2426 2451
3453 4 2 7 2 368 359 361 2288
3454 4 2 7 2 756 2485 2320 2454
3455 4 2 7 2 911 2338 899 2442
3456 4 2 7 2 891 888 887 2409
3457 4 2 7 2 890 2431 921 2439
3458 4 2 7 2 2527 2337 785 2426
3459 4 2 7 2 2485 2319 749 2455
3460 4 2 7 2 918 2358 926 2445
3461 4 2 7 2 2572 1066 1034 2418
3462 4 2 7 2 755 2320 2485 2455
3463 4 2 7 2 2258 2291 2318 2407
3464 4 2 7 2 870 377 358 2443
3465 4 2 7 2 2474 2328 897 2429
3466 4 2 7 2 1066 1033 1060 2333
3467 4 2 7 2 931 52 2467 2429
3468 4 2 7 2 753 2340 2339 2453
3469 4 2 7 2 378 381 339 2369
3470 4 2 7 2 962 961 963 2381
3471 4 2 7 2 344 41 359 2463
3472 4 2 7 2 2264 2347 2343 2424
3473 4 2 7 2 769 775 2508 2373
3474 4 2 7 2 2461 382 345 2404
3475 4 2 7 2 2328 2335 2473 2391
3476 4 2 7 2 777 2355 2518 2359
3477 4 2 7 2 2259 2378 2262 2434
3478 4 2 7 2 2293 2338 2263 2342
3479 4 2 7 2 870 893 924 2444
3480 4 2 7 2 2522 2358 782 2361
3481 4 2 7 2 2305 2274 2373 2436
3482 4 2 7 2 878 930 893 2297
3483 4 2 7 2 1013 961 976 2297
3484 4 2 7 2 1070 2332 1031 2417
3485 4 2 7 2 2287 2395 2377 2413
3486 4 2 7 2 921 862 891 2326
3487 4 2 7 2 343 953 960 2443
3488 4 2 7 2 2286 2269 2351 2354
3489 4 2 7 2 861 2516 918 2445
3490 4 2 7 2 876 191 1032 927
3491 4 2 7 2 912 2305 925 2445
3492 4 2 7 2 994 2339 2482 2448
3493 4 2 7 2 978 948 1018 2307
3494 4 2 7 2 2474 897 2328 2430
3495 4 2 7 2 1029 869 186 1052
3496 4 2 7 2 2302 2370 2284 2460
3497 4 2 7 2 2290 2374 2317 2435
3498 4 2 7 2 777 2517 783 2355
3499 4 2 7 2 2254 2376 2273 2456
3500 4 2 7 2 973 1001 1009 2355
3501 4 2 7 2 355 356 375 2438
3502 4 2 7 2 907 1034 1052 2418
3503 4 2 7 2 2488 2338 911 2442
3504 4 2 7 2 114 875 2565 2418
3505 4 2 7 2 941 357 871 2449
3506 4 2 7 2 890 926 918 2358
3507 4 2 7 2 2269 2323 2298 2354
3508 4 2 7 2 2523 782 788 2358
3509 4 2 7 2 2338 2342 758 2457
3510 4 2 7 2 996 967 964 2321
3511 4 2 7 2 1039 866 1071 2385
3512 4 2 7 2 2273 2376 2258 2407
3513 4 2 7 2 367 354 349 2362
3514 4 2 7 2 2301 2395 2380 2413
3515 4 2 7 2 1061 1072 2406 2421
3516 4 2 7 2 357 341 871 2449
3517 4 2 7 2 2380 2395 2347 2413
3518 4 2 7 2 998 2496 161 946
3519 4 2 7 2 2264 2356 2350 2450
3520 4 2 7 2 957 874 1058 1012
3521 4 2 7 2 2286 2323 2269 2354
3522 4 2 7 2 358 343 379 2410
3523 4 2 7 2 962 964 965 2313
3524 4 2 7 2 871 910 933 2449
3525 4 2 7 2 161 2489 946 2414
3526 4 2 7 2 882 881 879 2314
3527 4 2 7 2 371 357 339 2449
3528 4 2 7 2 2291 2322 2318 2441
3529 4 2 7 2 104 863 2495 2416
3530 4 2 7 2 2423 2437 2276 2440
3531 4 2 7 2 966 1021 2376 2456
3532 4 2 7 2 974 1011 999 2424
3533 4 2 7 2 1023 2408 2399 2425
3534 4 2 7 2 369 874 61 957
3535 4 2 7 2 968 1025 1021 2407
3536 4 2 7 2 2486 756 2371 2454
3537 4 2 7 2 2560 819 2334 2383
3538 4 2 7 2 2560 2334 820 2383
3539 4 2 7 2 2273 2376 2254 2433
3540 4 2 7 2 2265 2328 2293 2391
3541 4 2 7 2 1039 188 896 1027
3542 4 2 7 2 2502 2416 764 2422
3543 4 2 7 2 1020 2552 169 951
3544 4 2 7 2 2262 2283 2427 2433
3545 4 2 7 2 2306 2330 821 2346
3546 4 2 7 2 769 2374 2373 2435
3547 4 2 7 2 966 964 967 2376
3548 4 2 7 2 2255 2375 2274 2434
3549 4 2 7 2 926 2305 912 2445
3550 4 2 7 2 2264 2310 2347 2413
3551 4 2 7 2 1023 990 2399 2408
3552 4 2 7 2 881 883 884 2375
3553 4 2 7 2 1037 1058 929 1012
3554 4 2 7 2 2563 823 2311 2364
3555 4 2 7 2 945 1000 1004 2287
3556 4 2 7 2 2275 2331 2304 2390
3557 4 2 7 2 188 896 866 1039
3558 4 2 7 2 1062 1071 1029 2385
3559 4 2 7 2 1026 2330 2306 2346
3560 4 2 7 2 2254 2283 2273 2433
3561 4 2 7 2 928 868 906 2363
3562 4 2 7 2 2383 2399 2334 2425
3563 4 2 7 2 2274 2284 2255 2434
3564 4 2 7 2 2337 2352 2284 2460
3565 4 2 7 2 2305 2436 776 2445
3566 4 2 7 2 875 114 932 2418
3567 4 2 7 2 941 939 2369 2449
3568 4 2 7 2 2258 2318 2273 2407
3569 4 2 7 2 106 2516 861 2445
3570 4 2 7 2 2275 2331 2390 2405
3571 4 2 7 2 791 2527 785 2426
3572 4 2 7 2 374 347 85 1018
3573 4 2 7 2 204 1058 977 894
3574 4 2 7 2 2270 2302 2255 2439
3575 4 2 7 2 340 372 376 2366
3576 4 2 7 2 2320 2357 2266 2388
3577 4 2 7 2 2516 776 782 2445
3578 4 2 7 2 1067 1037 191 872
3579 4 2 7 2 880 913 920 2440
3580 4 2 7 2 805 2351 2354 2398
3581 4 2 7 2 817 2311 2392 2400
3582 4 2 7 2 771 2384 2503 2401
3583 4 2 7 2 897 898 2328 2430
3584 4 2 7 2 371 339 2369 2449
3585 4 2 7 2 1023 952 990 2408
3586 4 2 7 2 107 861 2516 918
3587 4 2 7 2 2510 944 164 1001
3588 4 2 7 2 382 344 372 2331
3589 4 2 7 2 747 2482 2339 2448
3590 4 2 7 2 2318 2322 2281 2458
3591 4 2 7 2 2482 2339 994 2453
3592 4 2 7 2 2461 40 382 2404
3593 4 2 7 2 2256 2411 2268 2450
3594 4 2 7 2 2572 1034 932 2418
3595 4 2 7 2 943 4 14 923
3596 4 2 7 2 791 2415 2527 2426
3597 4 2 7 2 980 1019 981 2405
3598 4 2 7 2 1051 1068 2399 2408
3599 4 2 7 2 2319 2452 2295 2454
3600 4 2 7 2 752 2338 2488 2442
3601 4 2 7 2 2545 999 168 951
3602 4 2 7 2 2285 2286 2363 2392
3603 4 2 7 2 885 882 886 2412
3604 4 2 7 2 971 970 967 2356
3605 4 2 7 2 911 2338 2488 2457
3606 4 2 7 2 884 913 881 2327
3607 4 2 7 2 1046 1059 2408 2421
3608 4 2 7 2 2489 946 2414 2453
3609 4 2 7 2 2281 2283 2262 2433
3610 4 2 7 2 2262 2284 2282 2434
3611 4 2 7 2 952 987 1046 2408
3612 4 2 7 2 958 2559 1020 2425
3613 4 2 7 2 2273 2318 2281 2359
3614 4 2 7 2 1035 1068 1059 2334
3615 4 2 7 2 947 1010 1031 2417
3616 4 2 7 2 863 2495 2416 2457
3617 4 2 7 2 815 2372 2306 2402
3618 4 2 7 2 85 960 343 953
3619 4 2 7 2 951 2343 989 2425
3620 4 2 7 2 1051 1030 1068 2408
3621 4 2 7 2 2278 2324 2301 2415
3622 4 2 7 2 2486 2371 2295 2454
3623 4 2 7 2 750 2478 2319 2452
3624 4 2 7 2 377 1007 2443 2444
3625 4 2 7 2 1013 976 959 2297
3626 4 2 7 2 179 180 2568 1044
3627 4 2 7 2 1056 1038 1031 2332
3628 4 2 7 2 985 380 83 350
3629 4 2 7 2 2271 2334 2408 2425
3630 4 2 7 2 81 340 993 363
3631 4 2 7 2 2253 2268 2379 2411
3632 4 2 7 2 974 945 1004 2424
3633 4 2 7 2 2272 2339 2340 2414
3634 4 2 7 2 2478 744 2387 2452
3635 4 2 7 2 2253 2268 2411 2450
3636 4 2 7 2 1058 204 193 894
3637 4 2 7 2 977 62 205 894
3638 4 2 7 2 755 2484 2420 2455
3639 4 2 7 2 2292 2339 2272 2389
3640 4 2 7 2 753 2414 2340 2453
3641 4 2 7 2 2287 2395 2347 2424
3642 4 2 7 2 62 205 923 1006
3643 4 2 7 2 749 2419 2484 2455
3644 4 2 7 2 976 2297 961 2443
3645 4 2 7 2 2283 2353 2337 2451
3646 4 2 7 2 2283 2337 2426 2451
3647 4 2 7 2 2271 2383 2334 2425
3648 4 2 7 2 2496 946 998 2414
3649 4 2 7 2 1072 1054 1053 2406
3650 4 2 7 2 905 904 919 2385
3651 4 2 7 2 2300 2355 2273 2359
3652 4 2 7 2 972 971 967 2356
3653 4 2 7 2 2326 2270 2382 2397
3654 4 2 7 2 975 971 991 2350
3655 4 2 7 2 2343 2347 801 2424
3656 4 2 7 2 914 893 872 2444
3657 4 2 7 2 976 997 955 2444
3658 4 2 7 2 750 744 2478 2452
3659 4 2 7 2 750 756 2486 2454
3660 4 2 7 2 1035 2567 178 1068
3661 4 2 7 2 956 345 363 2404
3662 4 2 7 2 755 749 2484 2455
3663 4 2 7 2 989 951 1011 2343
3664 4 2 7 2 1000 1001 973 2355
3665 4 2 7 2 788 2358 2302 2431
3666 4 2 7 2 788 2529 794 2431
3667 4 2 7 2 2274 2358 2302 2361
3668 4 2 7 2 917 890 918 2358
3669 4 2 7 2 2263 2338 2293 2394
3670 4 2 7 2 2342 2416 758 2457
3671 4 2 7 2 794 2529 2382 2431
3672 4 2 7 2 991 949 1002 2350
3673 4 2 7 2 2301 2278 2415 2426
3674 4 2 7 2 2470 2365 2304 2396
3675 4 2 7 2 928 891 2326 2409
3676 4 2 7 2 2270 2351 2294 2382
3677 4 2 7 2 43 44 355 2465
3678 4 2 7 2 1009 2401 995 2407
3679 4 2 7 2 960 85 347 1018
3680 4 2 7 2 1024 954 380 2366
3681 4 2 7 2 349 378 57 865
3682 4 2 7 2 962 963 964 2381
3683 4 2 7 2 2294 2351 2269 2354
3684 4 2 7 2 753 2339 2482 2453
3685 4 2 7 2 2265 2367 2293 2394
3686 4 2 7 2 1061 1028 1072 2421
3687 4 2 7 2 978 962 965 2313
3688 4 2 7 2 342 935 877 2410
3689 4 2 7 2 879 895 882 2314
3690 4 2 7 2 2488 2338 758 2457
3691 4 2 7 2 893 2297 930 2437
3692 4 2 7 2 2251 2427 2262 2434
3693 4 2 7 2 861 925 106 2445
3694 4 2 7 2 2271 2406 2350 2421
3695 4 2 7 2 864 927 920 2440
3696 4 2 7 2 2558 937 2363 2428
3697 4 2 7 2 2263 2342 2338 2416
3698 4 2 7 2 2347 2395 2287 2413
3699 4 2 7 2 2254 2427 2283 2433
3700 4 2 7 2 81 340 954 993
3701 4 2 7 2 104 863 2416 2422
3702 4 2 7 2 370 341 357 2449
3703 4 2 7 2 2273 2283 2281 2433
3704 4 2 7 2 2282 2284 2274 2434
3705 4 2 7 2 762 2357 2500 2393
3706 4 2 7 2 86 953 343 2443
3707 4 2 7 2 1024 380 83 985
3708 4 2 7 2 948 978 992 2307
3709 4 2 7 2 988 2408 1023 2425
3710 4 2 7 2 178 179 2567 1035
3711 4 2 7 2 907 869 940 2418
3712 4 2 7 2 158 950 2475 2405
3713 4 2 7 2 2350 2356 2308 2450
3714 4 2 7 2 180 181 2569 1026
3715 4 2 7 2 2461 1014 157 2404
3716 4 2 7 2 2297 2443 976 2444
3717 4 2 7 2 878 870 877 2410
3718 4 2 7 2 367 366 354 2362
3719 4 2 7 2 157 980 2468 2404
3720 4 2 7 2 894 194 205 1063
3721 4 2 7 2 2251 2262 2427 2433
3722 4 2 7 2 2468 980 158 2405
3723 4 2 7 2 2258 2376 2273 2433
3724 4 2 7 2 167 2531 945 2424
3725 4 2 7 2 2296 2348 2329 2387
3726 4 2 7 2 2276 2417 2332 2447
3727 4 2 7 2 2274 2375 2259 2434
3728 4 2 7 2 2464 43 42 337
3729 4 2 7 2 2365 2387 2288 2396
3730 4 2 7 2 2484 2341 754 2420
3731 4 2 7 2 879 880 878 2423
3732 4 2 7 2 86 343 377 2443
3733 4 2 7 2 2293 2367 2263 2394
3734 4 2 7 2 748 2341 2484 2419
3735 4 2 7 2 2316 2343 2264 2347
3736 4 2 7 2 891 862 916 2326
3737 4 2 7 2 959 202 1067 955
3738 4 2 7 2 89 62 977 373
3739 4 2 7 2 346 44 45 2466
3740 4 2 7 2 861 912 925 2445
3741 4 2 7 2 941 939 902 2369
3742 4 2 7 2 2358 2361 2274 2445
3743 4 2 7 2 791 785 2526 2426
3744 4 2 7 2 2467 52 9 362
3745 4 2 7 2 966 973 1021 2456
3746 4 2 7 2 377 1007 86 2443
3747 4 2 7 2 1048 1026 1050 2289
3748 4 2 7 2 379 367 342 2410
3749 4 2 7 2 1046 2408 987 2421
3750 4 2 7 2 61 88 369 957
3751 4 2 7 2 1030 952 197 1046
3752 4 2 7 2 965 964 1025 2376
3753 4 2 7 2 15 5 943 1006
3754 4 2 7 2 869 907 185 1052
3755 4 2 7 2 942 881 882 2375
3756 4 2 7 2 953 86 1007 2443
3757 4 2 7 2 928 891 916 2326
3758 4 2 7 2 769 2373 2508 2435
3759 4 2 7 2 2341 2279 2420 2455
3760 4 2 7 2 907 932 1034 2418
3761 4 2 7 2 186 904 869 1029
3762 4 2 7 2 906 868 937 2363
3763 4 2 7 2 182 183 2571 1033
3764 4 2 7 2 358 343 2410 2443
3765 4 2 7 2 2341 2419 2279 2455
3766 4 2 7 2 987 2408 988 2421
3767 4 2 7 2 921 917 862 2431
3768 4 2 7 2 9 45 2467 362
3769 4 2 7 2 2488 911 102 2442
3770 4 2 7 2 2508 2373 775 2436
3771 4 2 7 2 893 930 876 2437
3772 4 2 7 2 2468 2404 980 2405
3773 4 2 7 2 2325 2337 2283 2353
3774 4 2 7 2 2284 2337 2325 2352
3775 4 2 7 2 359 2348 2288 2365
3776 4 2 7 2 2558 2363 818 2428
3777 4 2 7 2 1036 190 864 927
3778 4 2 7 2 880 930 878 2423
3779 4 2 7 2 1003 1010 947 2417
3780 4 2 7 2 341 54 871 910
3781 4 2 7 2 782 2361 2358 2445
3782 4 2 7 2 936 873 897 2429
3783 4 2 7 2 2291 2384 2315 2441
3784 4 2 7 2 2304 2365 2288 2396
3785 4 2 7 2 337 361 359 2288
3786 4 2 7 2 908 919 866 2385
3787 4 2 7 2 1043 1056 1055 2447
3788 4 2 7 2 994 2482 159 2448
3789 4 2 7 2 918 926 861 2445
3790 4 2 7 2 1061 1072 1053 2406
3791 4 2 7 2 2289 2311 2364 2400
3792 4 2 7 2 2337 2415 2278 2426
3793 4 2 7 2 951 989 1020 2425
3794 4 2 7 2 1052 1034 1066 2418
3795 4 2 7 2 1048 2346 2289 2364
3796 4 2 7 2 2316 2383 2271 2425
3797 4 2 7 2 1006 923 62 360
3798 4 2 7 2 205 1049 923 1006
3799 4 2 7 2 2302 2382 2529 2431
3800 4 2 7 2 2291 2384 2318 2407
3801 4 2 7 2 381 371 339 2369
3802 4 2 7 2 894 977 204 1063
3803 4 2 7 2 941 871 939 2449
3804 4 2 7 2 750 2479 744 2452
3805 4 2 7 2 756 750 2485 2454
3806 4 2 7 2 958 2399 2559 2425
3807 4 2 7 2 2478 2387 2319 2452
3808 4 2 7 2 166 2524 1000 945
3809 4 2 7 2 1019 980 956 2404
3810 4 2 7 2 2475 2405 950 2448
3811 4 2 7 2 755 2485 749 2455
3812 4 2 7 2 915 863 104 2422
3813 4 2 7 2 2474 101 897 2430
3814 4 2 7 2 380 340 376 2366
3815 4 2 7 2 2272 2340 2315 2414
3816 4 2 7 2 344 40 41 2462
3817 4 2 7 2 2500 2357 768 2374
3818 4 2 7 2 794 2530 788 2431
3819 4 2 7 2 904 1071 866 2385
3820 4 2 7 2 2340 2414 2339 2453
3821 4 2 7 2 999 945 974 2424
3822 4 2 7 2 1066 2571 183 1033
3823 4 2 7 2 952 196 990 1030
3824 4 2 7 2 901 886 903 2412
3825 4 2 7 2 337 2288 359 2348
3826 4 2 7 2 980 950 158 2405
3827 4 2 7 2 2326 2351 2270 2397
3828 4 2 7 2 960 953 961 2443
3829 4 2 7 2 183 2572 1066 1034
3830 4 2 7 2 957 874 61 894
3831 4 2 7 2 750 2452 2319 2454
3832 4 2 7 2 1039 1071 1062 2385
3833 4 2 7 2 2461 40 8 345
3834 4 2 7 2 52 362 2467 2429
3835 4 2 7 2 2351 2382 2270 2397
3836 4 2 7 2 342 877 58 2410
3837 4 2 7 2 2503 2384 1008 2401
3838 4 2 7 2 880 930 2423 2437
3839 4 2 7 2 1022 954 1024 2366
3840 4 2 7 2 932 907 875 2418
3841 4 2 7 2 995 1008 2384 2401
3842 4 2 7 2 1015 1051 2566 2399
3843 4 2 7 2 1053 1045 1061 2406
3844 4 2 7 2 356 371 364 2438
3845 4 2 7 2 183 10 2572 1034
3846 4 2 7 2 1030 1046 1059 2408
3847 4 2 7 2 204 193 894 1063
3848 4 2 7 2 13 178 2566 1051
3849 4 2 7 2 929 1058 193 874
3850 4 2 7 2 1026 2289 1048 2346
3851 4 2 7 2 2338 2416 2342 2457
3852 4 2 7 2 2265 2335 2328 2391
3853 4 2 7 2 957 1058 204 1012
3854 4 2 7 2 958 1023 2399 2425
3855 4 2 7 2 181 182 2570 1048
3856 4 2 7 2 345 2461 40 382
3857 4 2 7 2 382 363 345 2404
3858 4 2 7 2 911 102 103 2488
3859 4 2 7 2 2565 2418 875 2428
3860 4 2 7 2 157 1014 980 2404
3861 4 2 7 2 987 198 1046 2421
3862 4 2 7 2 994 950 982 2448
3863 4 2 7 2 2474 897 100 2429
3864 4 2 7 2 902 939 909 2369
3865 4 2 7 2 997 369 87 957
3866 4 2 7 2 867 911 899 2442
3867 4 2 7 2 900 939 933 2449
3868 4 2 7 2 903 909 900 2394
3869 4 2 7 2 1022 983 1016 2366
3870 4 2 7 2 369 60 874 914
3871 4 2 7 2 41 42 359 2463
3872 4 2 7 2 373 977 61 894
3873 4 2 7 2 1046 1061 1059 2421
3874 4 2 7 2 60 348 924 2444
3875 4 2 7 2 954 1022 1016 2366
3876 4 2 7 2 1007 976 2443 2444
3877 4 2 7 2 2289 2346 2306 2402
3878 4 2 7 2 1067 1047 202 1010
3879 4 2 7 2 1052 907 185 1034
3880 4 2 7 2 2563 2364 2311 2400
3881 4 2 7 2 888 891 892 2409
3882 4 2 7 2 2462 344 40 382
3883 4 2 7 2 2290 2373 2374 2435
3884 4 2 7 2 2280 2388 2357 2446
3885 4 2 7 2 2273 2281 2258 2433
3886 4 2 7 2 2259 2282 2274 2434
3887 4 2 7 2 159 160 2482 994
3888 4 2 7 2 160 2482 994 2453
3889 4 2 7 2 873 53 362 910
3890 4 2 7 2 870 58 877 2410
3891 4 2 7 2 992 986 983 2389
3892 4 2 7 2 103 911 2488 2457
3893 4 2 7 2 892 891 928 2409
3894 4 2 7 2 102 101 2481 867
3895 4 2 7 2 953 1007 976 2443
3896 4 2 7 2 2263 2317 2342 2416
3897 4 2 7 2 935 877 58 342
3898 4 2 7 2 1047 1031 1010 2417
3899 4 2 7 2 976 961 953 2443
3900 4 2 7 2 60 924 914 2444
3901 4 2 7 2 1007 87 997 2444
3902 4 2 7 2 1051 990 196 1030
3903 4 2 7 2 339 902 56 378
3904 4 2 7 2 880 920 930 2437
3905 4 2 7 2 904 866 919 2385
3906 4 2 7 2 357 371 370 2449
3907 4 2 7 2 1007 348 87 2444
3908 4 2 7 2 198 1028 1046 2421
3909 4 2 7 2 377 348 1007 2444
3910 4 2 7 2 57 349 935 342
3911 4 2 7 2 959 1067 202 1010
3912 4 2 7 2 1039 866 188 1071
3913 4 2 7 2 1002 987 988 2421
3914 4 2 7 2 1003 959 1010 2417
3915 4 2 7 2 341 362 53 910
3916 4 2 7 2 2475 158 159 950
3917 4 2 7 2 964 966 1025 2376
3918 4 2 7 2 870 358 58 2410
3919 4 2 7 2 57 349 865 935
3920 4 2 7 2 1005 2414 946 2453
3921 4 2 7 2 977 61 88 373
3922 4 2 7 2 881 942 883 2375
3923 4 2 7 2 863 2416 922 2457
3924 4 2 7 2 342 58 358 2410
3925 4 2 7 2 194 205 62 894
3926 4 2 7 2 89 62 205 977
3927 4 2 7 2 62 205 194 923
3928 4 2 7 2 205 62 89 1006
3929 4 2 7 2 947 201 1031 1010
3930 4 2 7 2 987 197 952 1046
3931 4 2 7 2 202 1037 1067 955
3932 4 2 7 2 897 100 101 2474
3933 4 2 7 2 980 158 157 2468
3934 4 2 7 2 993 956 80 363
3935 4 2 7 2 946 1005 984 2414
3936 4 2 7 2 922 863 901 2416
3937 4 2 7 2 1036 864 190 1064
3938 4 2 7 2 933 939 871 2449
3939 4 2 7 2 977 957 61 894
3940 4 2 7 2 2526 2426 785 2451
3941 4 2 7 2 902 56 941 339
3942 4 2 7 2 968 995 984 2407
3943 4 2 7 2 1002 975 991 2350
3944 4 2 7 2 952 988 987 2408
3945 4 2 7 2 350 352 351 2432
3946 4 2 7 2 912 885 901 2412
3947 4 2 7 2 1015 2566 171 2399
3948 4 2 7 2 167 945 999 2424
3949 4 2 7 2 1055 1036 1064 2447
3950 4 2 7 2 999 1011 951 2343
3951 4 2 7 2 980 1014 956 2404
3952 4 2 7 2 2503 1008 163 2401
3953 4 2 7 2 380 82 340 954
3954 4 2 7 2 2285 2333 2311 2392
3955 4 2 7 2 2288 2365 2348 2387
3956 4 2 7 2 9 52 2467 931
3957 4 2 7 2 376 352 350 2432
3958 4 2 7 2 990 1051 1015 2399
3959 4 2 7 2 2517 164 165 1001
3960 4 2 7 2 918 107 108 2523
3961 4 2 7 2 916 110 111 2544
3962 4 2 7 2 934 864 913 2440
3963 4 2 7 2 861 926 912 2445
3964 4 2 7 2 357 54 871 341
3965 4 2 7 2 957 61 88 977
3966 4 2 7 2 864 920 913 2440
3967 4 2 7 2 101 2481 867 2430
3968 4 2 7 2 868 111 112 2551
3969 4 2 7 2 946 984 998 2414
3970 4 2 7 2 903 899 922 2394
3971 4 2 7 2 102 867 2481 2442
3972 4 2 7 2 897 867 898 2430
3973 4 2 7 2 342 358 379 2410
3974 4 2 7 2 931 873 52 2429
3975 4 2 7 2 982 986 1005 2389
3976 4 2 7 2 995 944 1008 2401
3977 4 2 7 2 950 980 981 2405
3978 4 2 7 2 101 867 897 2430
3979 4 2 7 2 377 348 86 1007
3980 4 2 7 2 1047 1070 1031 2417
3981 4 2 7 2 911 867 102 2442
3982 4 2 7 2 159 2475 950 2448
3983 4 2 7 2 1049 943 923 1006
3984 4 2 7 2 943 923 1006 360
3985 4 2 7 2 1070 1036 1056 2447
3986 4 2 7 2 1029 187 904 1071
3987 4 2 7 2 189 864 896 1064
3988 4 2 7 2 168 167 999 2538
3989 4 2 7 2 906 2363 937 2428
3990 4 2 7 2 1021 1025 966 2376
3991 4 2 7 2 994 159 950 2448
3992 4 2 7 2 883 942 938 2375
3993 4 2 7 2 358 377 343 2443
3994 4 2 7 2 161 162 2496 998
3995 4 2 7 2 988 1023 989 2425
3996 4 2 7 2 887 883 890 2439
3997 4 2 7 2 956 345 80 363
3998 4 2 7 2 198 987 949 2421
3999 4 2 7 2 357 871 55 941
4000 4 2 7 2 105 2509 925 2422
4001 4 2 7 2 1069 979 200 1038
4002 4 2 7 2 356 364 375 2438
4003 4 2 7 2 190 1036 1032 927
4004 4 2 7 2 948 338 84 1018
4005 4 2 7 2 941 55 357 339
4006 4 2 7 2 1028 1061 1046 2421
4007 4 2 7 2 994 1005 946 2453
4008 4 2 7 2 106 105 2509 925
4009 4 2 7 2 863 922 911 2457
4010 4 2 7 2 377 924 348 2444
4011 4 2 7 2 1008 998 995 2384
4012 4 2 7 2 1049 194 205 923
4013 4 2 7 2 1006 62 89 360
4014 4 2 7 2 113 937 2558 2428
4015 4 2 7 2 104 103 2495 863
4016 4 2 7 2 946 161 160 2489
4017 4 2 7 2 198 949 1028 2421
4018 4 2 7 2 1047 1031 201 1010
4019 4 2 7 2 162 163 2503 1008
4020 4 2 7 2 1028 949 199 1069
4021 4 2 7 2 861 106 107 2516
4022 4 2 7 2 2318 2384 2291 2441
4023 4 2 7 2 1058 192 1037 929
4024 4 2 7 2 192 1037 929 872
4025 4 2 7 2 164 163 944 2510
4026 4 2 7 2 1068 1030 1059 2408
4027 4 2 7 2 958 989 1023 2425
4028 4 2 7 2 940 906 875 2428
4029 4 2 7 2 901 885 886 2412
4030 4 2 7 2 915 925 912 2422
4031 4 2 7 2 2481 867 2430 2442
4032 4 2 7 2 168 169 2545 951
4033 4 2 7 2 1009 944 995 2401
4034 4 2 7 2 1056 1036 1055 2447
4035 4 2 7 2 82 380 1024 954
4036 4 2 7 2 1067 1032 1047 2417
4037 4 2 7 2 378 902 56 865
4038 4 2 7 2 970 973 966 2456
4039 4 2 7 2 1027 189 896 1064
4040 4 2 7 2 1004 973 970 2456
4041 4 2 7 2 1058 1037 203 1012
4042 4 2 7 2 897 931 100 2429
4043 4 2 7 2 112 113 937 2558
4044 4 2 7 2 1021 1009 968 2407
4045 4 2 7 2 165 166 2524 1000
4046 4 2 7 2 917 108 109 2530
4047 4 2 7 2 946 2489 160 2453
4048 4 2 7 2 103 2495 863 2457
4049 4 2 7 2 1070 1047 1032 2417
4050 4 2 7 2 952 1023 988 2408
4051 4 2 7 2 870 924 59 377
4052 4 2 7 2 955 203 1037 1012
4053 4 2 7 2 875 907 940 2418
4054 4 2 7 2 1037 192 191 872
4055 4 2 7 2 1020 989 958 2425
4056 4 2 7 2 894 193 194 1063
4057 4 2 7 2 977 205 204 1063
4058 4 2 7 2 921 887 890 2439
4059 4 2 7 2 976 1007 997 2444
4060 4 2 7 2 893 914 924 2444
4061 4 2 7 2 876 920 927 2437
4062 4 2 7 2 358 870 59 377
4063 4 2 7 2 113 114 875 2565
4064 4 2 7 2 84 83 338 948
4065 4 2 7 2 873 931 897 2429
4066 4 2 7 2 2559 958 171 2399
4067 4 2 7 2 170 171 2559 958
4068 4 2 7 2 940 875 2418 2428
4069 4 2 7 2 1002 949 987 2421
4070 4 2 7 2 949 979 199 1069
4071 4 2 7 2 374 84 338 1018
4072 4 2 7 2 100 931 2467 2429
4073 4 2 7 2 977 88 89 373
4074 4 2 7 2 61 62 373 894
4075 4 2 7 2 201 200 947 1031
4076 4 2 7 2 169 170 2552 1020
4077 4 2 7 2 1009 995 968 2407
4078 4 2 7 2 875 906 937 2428
4079 4 2 7 2 187 866 904 1071
4080 4 2 7 2 1037 202 203 955
4081 4 2 7 2 343 86 85 953
4082 4 2 7 2 924 348 59 377
4083 4 2 7 2 899 903 900 2394
4084 4 2 7 2 946 160 994 2453
4085 4 2 7 2 103 863 911 2457
4086 4 2 7 2 1015 958 990 2399
4087 4 2 7 2 983 986 982 2389
4088 4 2 7 2 362 52 873 2429
4089 4 2 7 2 923 943 4 360
4090 4 2 7 2 14 1049 943 923
4091 4 2 7 2 1015 171 958 2399
4092 4 2 7 2 163 944 2510 2401
4093 4 2 7 2 1015 195 13 1051
4094 4 2 7 2 932 10 184 1034
4095 4 2 7 2 2566 1015 13 1051
4096 4 2 7 2 191 190 1032 927
4097 4 2 7 2 932 2572 10 1034
4098 4 2 7 2 87 86 348 1007
4099 4 2 7 2 935 58 57 342
4100 4 2 7 2 56 57 378 865
4101 4 2 7 2 185 186 869 1052
4102 4 2 7 2 864 189 190 1064
4103 4 2 7 2 943 1049 15 1006
4104 4 2 7 2 1006 5 943 360
4105 4 2 7 2 88 87 369 957
4106 4 2 7 2 874 61 60 369
4107 4 2 7 2 870 59 58 358
4108 4 2 7 2 904 186 187 1029
4109 4 2 7 2 875 113 2565 2428
4110 4 2 7 2 2572 10 114 932
4111 4 2 7 2 171 13 2566 1015
4112 4 2 7 2 930 920 876 2437
4113 4 2 7 2 990 958 1023 2399
4114 4 2 7 2 348 59 60 924
4115 4 2 7 2 163 1008 944 2401
4116 4 2 7 2 2467 100 9 931
4117 4 2 7 2 8 157 2461 1014
4118 4 2 7 2 875 937 113 2428
4119 4 2 7 2 993 80 81 363
4120 4 2 7 2 1015 990 195 1051
4121 4 2 7 2 2531 166 167 945
4122 4 2 7 2 2537 110 109 862
4123 4 2 7 2 188 189 896 1027
4124 4 2 7 2 105 925 915 2422
4125 4 2 7 2 952 197 196 1030
4126 4 2 7 2 345 80 79 956
4127 4 2 7 2 341 53 54 910
4128 4 2 7 2 340 82 81 954
4129 4 2 7 2 932 184 907 1034
4130 4 2 7 2 1058 193 192 929
4131 4 2 7 2 1058 203 204 1012
4132 4 2 7 2 56 55 941 339
4133 4 2 7 2 85 84 374 1018
4134 4 2 7 2 1047 201 202 1010
4135 4 2 7 2 871 55 54 357
4136 4 2 7 2 990 196 195 1051
4137 4 2 7 2 83 82 380 1024
4138 4 2 7 2 987 198 197 1046
4139 4 2 7 2 199 198 949 1028
4140 4 2 7 2 52 53 362 873
4141 4 2 7 2 907 184 185 1034
4142 4 2 7 2 187 188 866 1071
4143 4 2 7 2 979 200 199 1069
4144 4 2 7 2 5 4 943 360
4145 4 2 7 2 1049 15 14 943
4146 4 2 7 2 2558 812 2551 112
4147 4 2 7 2 2558 2551 812 2363
4148 4 2 7 2 868 2558 2551 112
4149 4 2 7 2 868 2551 2558 2363
4150 4 2 7 2 937 2558 868 112
4151 4 2 7 2 937 868 2558 2363
4152 4 2 7 2 2377 2524 2287 1000
4153 4 2 7 2 945 2287 2524 1000
4154 4 2 7 2 2512 2353 2359 778
4155 4 2 7 2 2359 2353 2512 2458
4156 4 2 7 2 2349 773 2512 2458
4157 4 2 7 2 2512 2353 2349 2458
4158 4 2 7 2 2436 775 2514 2459
4159 4 2 7 2 2361 2436 2514 2459
4160 4 2 7 2 2514 2361 2352 781
4161 4 2 7 2 2352 2361 2514 2459
4162 4 2 7 2 2349 2352 2514 2459
4163 4 2 7 2 2514 774 2349 2459
4164 4 2 7 2 2487 757 2295 751
4165 4 2 7 2 2295 757 2487 2342
4166 4 2 7 2 2487 2293 2295 2342
4167 4 2 7 2 2349 2458 2506 773
4168 4 2 7 2 2349 2506 2459 774
4169 4 2 7 2 2349 2459 2506 2446
4170 4 2 7 2 2337 2460 2527 786
4171 4 2 7 2 2337 2527 2460 2415
4172 4 2 7 2 2546 802 2310 808
4173 4 2 7 2 2310 802 2546 2347
4174 4 2 7 2 2310 2316 2546 808
4175 4 2 7 2 2546 2316 2310 2347
4176 4 2 7 2 2300 2518 2451 784
4177 4 2 7 2 781 2352 2522 2361
4178 4 2 7 2 2302 2522 2352 2361
4179 4 2 7 2 777 2517 2510 164
4180 4 2 7 2 777 2510 2517 2355
4181 4 2 7 2 1001 2510 2517 164
4182 4 2 7 2 1001 2517 2510 2355
4183 4 2 7 2 918 2523 2516 107
4184 4 2 7 2 918 2516 2523 2358
4185 4 2 7 2 782 2516 2523 107
4186 4 2 7 2 782 2523 2516 2358
4187 4 2 7 2 2544 800 2537 110
4188 4 2 7 2 2544 2537 800 2326
4189 4 2 7 2 862 2544 2537 110
4190 4 2 7 2 862 2537 2544 2326
4191 4 2 7 2 916 2544 862 110
4192 4 2 7 2 916 862 2544 2326
4193 4 2 7 2 2545 999 2538 168
4194 4 2 7 2 2538 999 2545 2343
4195 4 2 7 2 2538 801 2545 168
4196 4 2 7 2 2545 801 2538 2343
4197 4 2 7 2 2517 783 2524 165
4198 4 2 7 2 2517 2524 783 2355
4199 4 2 7 2 1000 2517 2524 165
4200 4 2 7 2 1000 2524 2517 2355
4201 4 2 7 2 1001 2517 1000 165
4202 4 2 7 2 1001 1000 2517 2355
4203 4 2 7 2 788 2523 2530 108
4204 4 2 7 2 788 2530 2523 2358
4205 4 2 7 2 2530 2523 917 108
4206 4 2 7 2 2530 917 2523 2358
4207 4 2 7 2 917 2523 918 108
4208 4 2 7 2 917 918 2523 2358
4209 4 2 7 2 2437 872 893 2297
4210 4 2 7 2 2437 893 872 876
4211 4 2 7 2 2326 2544 2551 806
4212 4 2 7 2 111 2551 2544 806
4213 4 2 7 2 794 2530 2537 109
4214 4 2 7 2 794 2537 2530 2431
4215 4 2 7 2 2537 2530 862 109
4216 4 2 7 2 2537 862 2530 2431
4217 4 2 7 2 862 2530 917 109
4218 4 2 7 2 862 917 2530 2431
4219 4 2 7 2 969 2407 965 968
4220 4 2 7 2 965 2407 969 2336
4221 4 2 7 2 2545 2343 2552 807
4222 4 2 7 2 2552 2343 2545 951
4223 4 2 7 2 2552 169 2545 807
4224 4 2 7 2 2545 169 2552 951
4225 4 2 7 2 2292 2419 2261 2341
4226 4 2 7 2 2261 2419 2292 2396
4227 4 2 7 2 2294 2360 2542 2354
4228 4 2 7 2 2409 2285 2363 892
4229 4 2 7 2 2409 2363 2285 2286
4230 4 2 7 2 2287 2524 2531 945
4231 4 2 7 2 166 2524 2531 789
4232 4 2 7 2 166 2531 2524 945
4233 4 2 7 2 2448 2292 2389 2339
4234 4 2 7 2 2448 2389 2292 2405
4235 4 2 7 2 2427 2327 2255 2251
4236 4 2 7 2 2427 2255 2327 2379
4237 4 2 7 2 2288 352 2344 361
4238 4 2 7 2 2288 2344 352 2261
4239 4 2 7 2 2550 2286 2323 811
4240 4 2 7 2 2323 2286 2550 2398
4241 4 2 7 2 2350 2256 2299 2264
4242 4 2 7 2 2299 2256 2350 2271
4243 4 2 7 2 2299 2316 2350 2264
4244 4 2 7 2 2350 2316 2299 2271
4245 4 2 7 2 2378 2375 2434 2259
4246 4 2 7 2 2378 2434 2375 2251
4247 4 2 7 2 2497 2441 2384 765
4248 4 2 7 2 2384 2441 2497 2315
4249 4 2 7 2 2384 759 2497 765
4250 4 2 7 2 2497 759 2384 2315
4251 4 2 7 2 2497 760 2386 766
4252 4 2 7 2 2497 2386 760 2315
4253 4 2 7 2 2322 2497 2386 766
4254 4 2 7 2 2322 2386 2497 2315
4255 4 2 7 2 2441 2497 2322 766
4256 4 2 7 2 2441 2322 2497 2315
4257 4 2 7 2 975 2425 988 989
4258 4 2 7 2 988 2425 975 2350
4259 4 2 7 2 2427 2450 2356 2254
4260 4 2 7 2 2356 2450 2427 2253
4261 4 2 7 2 2356 2321 2427 2254
4262 4 2 7 2 2427 2321 2356 2253
4263 4 2 7 2 2336 2432 2344 2261
4264 4 2 7 2 2344 2432 2336 2307
4265 4 2 7 2 337 2464 359 42
4266 4 2 7 2 337 359 2464 2348
4267 4 2 7 2 737 359 2464 42
4268 4 2 7 2 737 2464 359 2348
4269 4 2 7 2 2570 823 1033 182
4270 4 2 7 2 1033 823 2570 2364
4271 4 2 7 2 1033 1048 2570 182
4272 4 2 7 2 2570 1048 1033 2364
4273 4 2 7 2 2569 822 1048 181
4274 4 2 7 2 1048 822 2569 2346
4275 4 2 7 2 1048 1026 2569 181
4276 4 2 7 2 2569 1026 1048 2346
4277 4 2 7 2 2419 749 2478 2319
4278 4 2 7 2 2396 2419 2478 2319
4279 4 2 7 2 2478 2396 2387 743
4280 4 2 7 2 2387 2396 2478 2319
4281 4 2 7 2 2393 2388 2492 762
4282 4 2 7 2 2492 2388 2393 2320
4283 4 2 7 2 755 2420 2492 2320
4284 4 2 7 2 2420 2386 2492 2320
4285 4 2 7 2 2386 2492 2388 761
4286 4 2 7 2 2386 2388 2492 2320
4287 4 2 7 2 2270 862 921 2326
4288 4 2 7 2 2270 921 862 2431
4289 4 2 7 2 2382 2537 2270 2326
4290 4 2 7 2 2382 2270 2537 2431
4291 4 2 7 2 2537 862 2270 2326
4292 4 2 7 2 2537 2270 862 2431
4293 4 2 7 2 2343 975 974 1011
4294 4 2 7 2 2343 974 975 2264
4295 4 2 7 2 2526 2426 2283 2301
4296 4 2 7 2 2283 2426 2526 2451
4297 4 2 7 2 2526 2283 2300 2301
4298 4 2 7 2 2300 2283 2526 2451
4299 4 2 7 2 2526 2300 2377 2301
4300 4 2 7 2 2465 2329 337 738
4301 4 2 7 2 337 2329 2465 355
4302 4 2 7 2 337 43 2465 738
4303 4 2 7 2 2465 43 337 355
4304 4 2 7 2 2370 2255 2278 2294
4305 4 2 7 2 2370 2278 2255 2284
4306 4 2 7 2 2568 2330 1026 821
4307 4 2 7 2 1026 2330 2568 1044
4308 4 2 7 2 1026 180 2568 821
4309 4 2 7 2 2568 180 1026 1044
4310 4 2 7 2 2338 2480 2487 2293
4311 4 2 7 2 2338 2487 2480 752
4312 4 2 7 2 2487 751 2480 752
4313 4 2 7 2 2391 2295 2480 2293
4314 4 2 7 2 2487 2295 2480 751
4315 4 2 7 2 2487 2480 2295 2293
4316 4 2 7 2 2469 2390 2405 741
4317 4 2 7 2 2405 2390 2469 2331
4318 4 2 7 2 2405 735 2469 741
4319 4 2 7 2 2469 735 2405 2331
4320 4 2 7 2 2304 2390 2469 742
4321 4 2 7 2 2469 2390 2304 2331
4322 4 2 7 2 2330 2568 1035 820
4323 4 2 7 2 2330 1035 2568 1044
4324 4 2 7 2 179 1035 2568 820
4325 4 2 7 2 179 2568 1035 1044
4326 4 2 7 2 2446 2386 2267 2388
4327 4 2 7 2 2446 2267 2386 2322
4328 4 2 7 2 2341 2476 2483 2292
4329 4 2 7 2 2341 2483 2476 748
4330 4 2 7 2 2483 747 2476 748
4331 4 2 7 2 2483 2339 2476 747
4332 4 2 7 2 2483 2476 2339 2292
4333 4 2 7 2 739 2329 2473 2335
4334 4 2 7 2 2329 2296 2473 2335
4335 4 2 7 2 2296 2473 2391 745
4336 4 2 7 2 2296 2391 2473 2335
4337 4 2 7 2 2444 1012 957 997
4338 4 2 7 2 2296 2387 2472 744
4339 4 2 7 2 2296 2472 2387 2329
4340 4 2 7 2 2296 2472 2473 745
4341 4 2 7 2 2296 2473 2472 2329
4342 4 2 7 2 739 2473 2472 745
4343 4 2 7 2 739 2472 2473 2329
4344 4 2 7 2 2335 2466 2429 740
4345 4 2 7 2 2335 2429 2466 346
4346 4 2 7 2 2564 823 2311 817
4347 4 2 7 2 2311 823 2564 2333
4348 4 2 7 2 2311 2392 2564 817
4349 4 2 7 2 2564 2392 2311 2333
4350 4 2 7 2 2520 2325 2352 780
4351 4 2 7 2 2352 2325 2520 2337
4352 4 2 7 2 2451 785 2520 2337
4353 4 2 7 2 2353 2451 2520 2337
4354 4 2 7 2 2520 2353 2325 779
4355 4 2 7 2 2325 2353 2520 2337
4356 4 2 7 2 2387 2396 2470 743
4357 4 2 7 2 2470 2396 2387 2365
4358 4 2 7 2 2563 2346 822 2364
4359 4 2 7 2 2289 2346 2563 2364
4360 4 2 7 2 2400 2563 2289 816
4361 4 2 7 2 2400 2289 2563 2364
4362 4 2 7 2 2329 2465 2335 739
4363 4 2 7 2 2329 2335 2465 355
4364 4 2 7 2 2335 346 2465 355
4365 4 2 7 2 346 44 2465 355
4366 4 2 7 2 2555 2298 2323 810
4367 4 2 7 2 2555 2323 2298 2402
4368 4 2 7 2 2400 2323 2555 2402
4369 4 2 7 2 816 2400 2555 2402
4370 4 2 7 2 2298 2555 2299 809
4371 4 2 7 2 2298 2299 2555 2402
4372 4 2 7 2 815 2299 2555 809
4373 4 2 7 2 815 2555 2299 2402
4374 4 2 7 2 2407 1025 965 968
4375 4 2 7 2 2407 965 1025 2376
4376 4 2 7 2 2326 868 2544 916
4377 4 2 7 2 2326 2544 868 2551
4378 4 2 7 2 111 2544 868 916
4379 4 2 7 2 111 868 2544 2551
4380 4 2 7 2 822 2562 2563 816
4381 4 2 7 2 2563 2562 822 2346
4382 4 2 7 2 2562 2289 2563 816
4383 4 2 7 2 2563 2289 2562 2346
4384 4 2 7 2 2562 2402 2289 816
4385 4 2 7 2 2289 2402 2562 2346
4386 4 2 7 2 2402 2562 2306 815
4387 4 2 7 2 2402 2306 2562 2346
4388 4 2 7 2 821 2306 2562 815
4389 4 2 7 2 821 2562 2306 2346
4390 4 2 7 2 2466 2335 2465 739
4391 4 2 7 2 2465 2335 2466 346
4392 4 2 7 2 2465 44 2466 739
4393 4 2 7 2 2466 44 2465 346
4394 4 2 7 2 2513 774 2514 780
4395 4 2 7 2 2514 774 2513 2349
4396 4 2 7 2 2513 2514 2352 780
4397 4 2 7 2 2352 2514 2513 2349
4398 4 2 7 2 2513 2352 2325 780
4399 4 2 7 2 2325 2352 2513 2349
4400 4 2 7 2 773 2513 2512 779
4401 4 2 7 2 2512 2513 773 2349
4402 4 2 7 2 2513 2353 2512 779
4403 4 2 7 2 2512 2353 2513 2349
4404 4 2 7 2 2513 2325 2353 779
4405 4 2 7 2 2353 2325 2513 2349
4406 4 2 7 2 2521 781 2522 787
4407 4 2 7 2 2521 2522 781 2352
4408 4 2 7 2 2302 2460 2522 787
4409 4 2 7 2 2302 2522 2460 2352
4410 4 2 7 2 2460 2521 2522 787
4411 4 2 7 2 2460 2522 2521 2352
4412 4 2 7 2 780 2521 2520 786
4413 4 2 7 2 780 2520 2521 2352
4414 4 2 7 2 2520 2521 2337 786
4415 4 2 7 2 2520 2337 2521 2352
4416 4 2 7 2 2337 2521 2460 786
4417 4 2 7 2 2337 2460 2521 2352
4418 4 2 7 2 753 2490 2414 759
4419 4 2 7 2 753 2414 2490 2340
4420 4 2 7 2 2315 2414 2490 759
4421 4 2 7 2 2315 2490 2414 2340
4422 4 2 7 2 2490 2420 754 2340
4423 4 2 7 2 2386 2420 2490 2340
4424 4 2 7 2 2315 2490 2386 760
4425 4 2 7 2 2315 2386 2490 2340
4426 4 2 7 2 2440 889 2327 913
4427 4 2 7 2 2440 2327 889 2303
4428 4 2 7 2 2317 2393 2494 763
4429 4 2 7 2 2317 2494 2393 2342
4430 4 2 7 2 2494 758 2416 764
4431 4 2 7 2 2416 758 2494 2342
4432 4 2 7 2 2416 2317 2494 764
4433 4 2 7 2 2494 2317 2416 2342
4434 4 2 7 2 804 2541 2542 798
4435 4 2 7 2 804 2542 2541 2360
4436 4 2 7 2 2542 2541 2294 798
4437 4 2 7 2 2542 2294 2541 2360
4438 4 2 7 2 2294 2541 2324 798
4439 4 2 7 2 2294 2324 2541 2360
4440 4 2 7 2 2541 2324 2380 2360
4441 4 2 7 2 879 2410 878 877
4442 4 2 7 2 878 2410 879 2277
4443 4 2 7 2 350 948 83 985
4444 4 2 7 2 83 948 350 338
4445 4 2 7 2 2549 2323 2298 810
4446 4 2 7 2 2298 2323 2549 2354
4447 4 2 7 2 2298 804 2549 810
4448 4 2 7 2 2549 804 2298 2354
4449 4 2 7 2 2549 805 2550 811
4450 4 2 7 2 2550 2323 2549 811
4451 4 2 7 2 790 2525 2526 784
4452 4 2 7 2 790 2526 2525 2377
4453 4 2 7 2 2526 2525 2451 784
4454 4 2 7 2 2451 2525 2300 784
4455 4 2 7 2 2460 2278 2415 2370
4456 4 2 7 2 2460 2415 2278 2337
4457 4 2 7 2 2401 2318 2511 771
4458 4 2 7 2 2511 2318 2401 2359
4459 4 2 7 2 778 2511 2512 772
4460 4 2 7 2 778 2512 2511 2359
4461 4 2 7 2 2512 2511 2458 772
4462 4 2 7 2 2512 2458 2511 2359
4463 4 2 7 2 2458 2511 2318 772
4464 4 2 7 2 2458 2318 2511 2359
4465 4 2 7 2 2375 885 882 942
4466 4 2 7 2 2375 882 885 2412
4467 4 2 7 2 1051 2566 1068 178
4468 4 2 7 2 1051 1068 2566 2399
4469 4 2 7 2 819 1068 2566 178
4470 4 2 7 2 819 2566 1068 2399
4471 4 2 7 2 2540 797 2541 803
4472 4 2 7 2 2540 2541 797 2380
4473 4 2 7 2 2360 2540 2541 803
4474 4 2 7 2 2360 2541 2540 2380
4475 4 2 7 2 2310 2540 2360 803
4476 4 2 7 2 2310 2360 2540 2380
4477 4 2 7 2 796 2540 2347 802
4478 4 2 7 2 796 2347 2540 2380
4479 4 2 7 2 2310 2347 2540 802
4480 4 2 7 2 2310 2540 2347 2380
4481 4 2 7 2 914 1012 872 929
4482 4 2 7 2 914 872 1012 2444
4483 4 2 7 2 2376 2427 2321 2254
4484 4 2 7 2 2321 2427 2376 2251
4485 4 2 7 2 2561 815 2306 821
4486 4 2 7 2 2306 815 2561 2372
4487 4 2 7 2 2306 2330 2561 821
4488 4 2 7 2 2561 2330 2306 2372
4489 4 2 7 2 814 2561 2383 820
4490 4 2 7 2 814 2383 2561 2372
4491 4 2 7 2 2330 2383 2561 820
4492 4 2 7 2 2330 2561 2383 2372
4493 4 2 7 2 793 2536 2294 799
4494 4 2 7 2 793 2294 2536 2382
4495 4 2 7 2 2294 2536 2351 799
4496 4 2 7 2 2294 2351 2536 2382
4497 4 2 7 2 2351 2536 2397 799
4498 4 2 7 2 2351 2397 2536 2382
4499 4 2 7 2 2536 794 2537 800
4500 4 2 7 2 2536 2537 794 2382
4501 4 2 7 2 2326 2397 2537 800
4502 4 2 7 2 2326 2537 2397 2382
4503 4 2 7 2 2397 2536 2537 800
4504 4 2 7 2 2397 2537 2536 2382
4505 4 2 7 2 2357 2459 2282 2280
4506 4 2 7 2 2282 2459 2357 2374
4507 4 2 7 2 2282 2290 2357 2280
4508 4 2 7 2 2357 2290 2282 2374
4509 4 2 7 2 2559 2425 2383 813
4510 4 2 7 2 2383 2425 2559 2399
4511 4 2 7 2 2383 819 2559 813
4512 4 2 7 2 2559 819 2383 2399
4513 4 2 7 2 2339 2448 2476 747
4514 4 2 7 2 2341 2476 2419 748
4515 4 2 7 2 2338 2480 2442 752
4516 4 2 7 2 2480 2295 2479 751
4517 4 2 7 2 2479 2295 2480 2391
4518 4 2 7 2 2479 745 2480 751
4519 4 2 7 2 2480 745 2479 2391
4520 4 2 7 2 2355 2510 2359 777
4521 4 2 7 2 2359 2510 2511 777
4522 4 2 7 2 2359 2511 2510 2401
4523 4 2 7 2 2511 2510 771 777
4524 4 2 7 2 2511 771 2510 2401
4525 4 2 7 2 2389 984 969 986
4526 4 2 7 2 2389 969 984 2272
4527 4 2 7 2 2324 2534 2294 798
4528 4 2 7 2 2324 2294 2534 2415
4529 4 2 7 2 792 2294 2534 798
4530 4 2 7 2 792 2534 2294 2415
4531 4 2 7 2 744 2471 2472 738
4532 4 2 7 2 744 2472 2471 2387
4533 4 2 7 2 2472 2471 2329 738
4534 4 2 7 2 2472 2329 2471 2387
4535 4 2 7 2 2329 2471 2348 738
4536 4 2 7 2 2329 2348 2471 2387
4537 4 2 7 2 2471 743 2470 737
4538 4 2 7 2 2471 2470 743 2387
4539 4 2 7 2 2365 2471 2470 737
4540 4 2 7 2 2365 2470 2471 2387
4541 4 2 7 2 2348 2471 2365 737
4542 4 2 7 2 2348 2365 2471 2387
4543 4 2 7 2 763 2493 2494 757
4544 4 2 7 2 2494 2493 763 2393
4545 4 2 7 2 2493 2342 2494 757
4546 4 2 7 2 2494 2342 2493 2393
4547 4 2 7 2 2493 2371 2342 757
4548 4 2 7 2 2342 2371 2493 2393
4549 4 2 7 2 2493 762 2492 756
4550 4 2 7 2 2493 2492 762 2393
4551 4 2 7 2 2320 2371 2492 756
4552 4 2 7 2 2320 2492 2371 2393
4553 4 2 7 2 2371 2493 2492 756
4554 4 2 7 2 2371 2492 2493 2393
4555 4 2 7 2 2323 2556 2555 810
4556 4 2 7 2 2323 2555 2556 2400
4557 4 2 7 2 816 2555 2556 810
4558 4 2 7 2 816 2556 2555 2400
4559 4 2 7 2 2556 2323 2392 811
4560 4 2 7 2 2392 2323 2556 2400
4561 4 2 7 2 2392 817 2556 811
4562 4 2 7 2 2556 817 2392 2400
4563 4 2 7 2 2532 795 2424 789
4564 4 2 7 2 2532 2424 795 2395
4565 4 2 7 2 2287 2424 2377 2395
4566 4 2 7 2 2377 2532 2424 789
4567 4 2 7 2 2377 2424 2532 2395
4568 4 2 7 2 796 2532 2301 790
4569 4 2 7 2 796 2301 2532 2395
4570 4 2 7 2 2377 2301 2532 790
4571 4 2 7 2 2377 2532 2301 2395
4572 4 2 7 2 2394 901 2412 2263
4573 4 2 7 2 2394 2412 901 903
4574 4 2 7 2 2447 1032 1070 1036
4575 4 2 7 2 2447 1070 1032 2417
4576 4 2 7 2 747 2475 2476 741
4577 4 2 7 2 2476 2475 747 2448
4578 4 2 7 2 2475 2390 2476 741
4579 4 2 7 2 2476 2390 2475 2448
4580 4 2 7 2 2475 2405 2390 741
4581 4 2 7 2 2390 2405 2475 2448
4582 4 2 7 2 2481 752 2480 746
4583 4 2 7 2 2480 752 2481 2442
4584 4 2 7 2 2481 2480 2391 746
4585 4 2 7 2 2391 2480 2481 2442
4586 4 2 7 2 2481 2391 2430 746
4587 4 2 7 2 2430 2391 2481 2442
4588 4 2 7 2 765 2504 2384 771
4589 4 2 7 2 765 2384 2504 2441
4590 4 2 7 2 2318 2384 2504 771
4591 4 2 7 2 2318 2504 2384 2441
4592 4 2 7 2 2318 2504 2458 772
4593 4 2 7 2 799 2543 2351 805
4594 4 2 7 2 799 2351 2543 2397
4595 4 2 7 2 2398 2351 2543 805
4596 4 2 7 2 2543 800 2326 806
4597 4 2 7 2 2326 800 2543 2397
4598 4 2 7 2 2326 2398 2543 806
4599 4 2 7 2 768 2499 2357 762
4600 4 2 7 2 768 2357 2499 2446
4601 4 2 7 2 2388 2357 2499 762
4602 4 2 7 2 2388 2499 2357 2446
4603 4 2 7 2 2499 767 2498 761
4604 4 2 7 2 2499 2498 767 2446
4605 4 2 7 2 2386 2499 2498 761
4606 4 2 7 2 2386 2498 2499 2446
4607 4 2 7 2 2388 2499 2386 761
4608 4 2 7 2 2388 2386 2499 2446
4609 4 2 7 2 773 2505 2506 767
4610 4 2 7 2 773 2506 2505 2458
4611 4 2 7 2 2506 2505 2446 767
4612 4 2 7 2 2446 2505 2322 767
4613 4 2 7 2 2505 772 2504 766
4614 4 2 7 2 2504 772 2505 2458
4615 4 2 7 2 2505 2504 2441 766
4616 4 2 7 2 2505 2441 2322 766
4617 4 2 7 2 2507 2374 2373 769
4618 4 2 7 2 2373 2374 2507 2459
4619 4 2 7 2 2373 775 2507 769
4620 4 2 7 2 2507 775 2373 2459
4621 4 2 7 2 2374 2507 2357 768
4622 4 2 7 2 2374 2357 2507 2459
4623 4 2 7 2 2507 774 2506 768
4624 4 2 7 2 2507 2506 774 2459
4625 4 2 7 2 2446 2507 2506 768
4626 4 2 7 2 2446 2506 2507 2459
4627 4 2 7 2 2357 2507 2446 768
4628 4 2 7 2 2357 2446 2507 2459
4629 4 2 7 2 2370 2528 2302 793
4630 4 2 7 2 2370 2302 2528 2460
4631 4 2 7 2 787 2302 2528 793
4632 4 2 7 2 787 2528 2302 2460
4633 4 2 7 2 786 2528 2527 792
4634 4 2 7 2 2527 2528 786 2460
4635 4 2 7 2 2528 2415 2527 792
4636 4 2 7 2 2527 2415 2528 2460
4637 4 2 7 2 2528 2370 2415 792
4638 4 2 7 2 2415 2370 2528 2460
4639 4 2 7 2 2386 2491 2492 761
4640 4 2 7 2 2386 2492 2491 2420
4641 4 2 7 2 755 2492 2491 761
4642 4 2 7 2 755 2491 2492 2420
4643 4 2 7 2 2491 2386 2490 760
4644 4 2 7 2 2490 2386 2491 2420
4645 4 2 7 2 2490 754 2491 760
4646 4 2 7 2 2491 754 2490 2420
4647 4 2 7 2 2377 2525 2355 2300
4648 4 2 7 2 2355 2525 2518 2300
4649 4 2 7 2 2355 2518 2525 783
4650 4 2 7 2 2518 2525 784 2300
4651 4 2 7 2 2518 784 2525 783
4652 4 2 7 2 2477 748 2476 742
4653 4 2 7 2 2476 748 2477 2419
4654 4 2 7 2 2477 2476 2390 742
4655 4 2 7 2 2390 2476 2477 2419
4656 4 2 7 2 2477 2390 2396 742
4657 4 2 7 2 2396 2390 2477 2419
4658 4 2 7 2 749 2477 2478 743
4659 4 2 7 2 749 2478 2477 2419
4660 4 2 7 2 2396 2478 2477 743
4661 4 2 7 2 2396 2477 2478 2419
4662 4 2 7 2 2456 2413 2300 2254
4663 4 2 7 2 2456 2300 2413 2287
4664 4 2 7 2 2445 776 770 2509
4665 4 2 7 2 770 776 2445 2305
4666 4 2 7 2 770 2422 2445 2509
4667 4 2 7 2 2445 2422 770 2305
4668 4 2 7 2 770 2501 2422 764
4669 4 2 7 2 770 2422 2501 2435
4670 4 2 7 2 2317 2422 2501 764
4671 4 2 7 2 2317 2501 2422 2435
4672 4 2 7 2 2317 2501 2374 763
4673 4 2 7 2 2317 2374 2501 2435
4674 4 2 7 2 769 2374 2501 763
4675 4 2 7 2 769 2501 2374 2435
4676 4 2 7 2 2508 2373 2305 2435
4677 4 2 7 2 2305 2373 2508 2436
4678 4 2 7 2 2515 2361 2514 781
4679 4 2 7 2 2514 2361 2515 2436
4680 4 2 7 2 2514 775 2515 781
4681 4 2 7 2 2515 775 2514 2436
4682 4 2 7 2 2515 776 2445 782
4683 4 2 7 2 2445 776 2515 2436
4684 4 2 7 2 2445 2361 2515 782
4685 4 2 7 2 2515 2361 2445 2436
4686 4 2 7 2 2489 753 2414 759
4687 4 2 7 2 2414 753 2489 2453
4688 4 2 7 2 758 2495 2416 764
4689 4 2 7 2 758 2416 2495 2457
4690 4 2 7 2 2436 2282 2274 2373
4691 4 2 7 2 2436 2274 2282 2361
4692 4 2 7 2 2408 1051 990 2399
4693 4 2 7 2 2408 990 1051 1030
4694 4 2 7 2 818 2565 2418 824
4695 4 2 7 2 2418 2565 818 2428
4696 4 2 7 2 785 2519 2520 779
4697 4 2 7 2 785 2520 2519 2451
4698 4 2 7 2 2353 2520 2519 779
4699 4 2 7 2 2353 2519 2520 2451
4700 4 2 7 2 2519 784 2518 778
4701 4 2 7 2 2519 2518 784 2451
4702 4 2 7 2 2359 2519 2518 778
4703 4 2 7 2 2353 2519 2359 778
4704 4 2 7 2 2357 2500 2290 2374
4705 4 2 7 2 2357 2290 2500 2393
4706 4 2 7 2 763 2290 2500 2374
4707 4 2 7 2 763 2500 2290 2393
4708 4 2 7 2 2444 870 377 924
4709 4 2 7 2 2444 377 870 2443
4710 4 2 7 2 2444 874 1012 914
4711 4 2 7 2 2444 1012 874 957
4712 4 2 7 2 2424 2539 2395 2347
4713 4 2 7 2 2424 2395 2539 795
4714 4 2 7 2 2331 2365 2469 736
4715 4 2 7 2 2469 2365 2331 2304
4716 4 2 7 2 2470 742 2469 736
4717 4 2 7 2 2469 742 2470 2304
4718 4 2 7 2 2365 2470 2469 736
4719 4 2 7 2 2469 2470 2365 2304
4720 4 2 7 2 380 2432 376 350
4721 4 2 7 2 376 2432 380 2366
4722 4 2 7 2 2333 2418 2571 824
4723 4 2 7 2 2333 2571 2418 1066
4724 4 2 7 2 183 2571 2418 824
4725 4 2 7 2 183 2418 2571 1066
4726 4 2 7 2 2428 2418 906 2285
4727 4 2 7 2 2428 906 2418 940
4728 4 2 7 2 905 906 2418 2285
4729 4 2 7 2 905 2418 906 940
4730 4 2 7 2 2392 812 818 2557
4731 4 2 7 2 2392 818 812 2363
4732 4 2 7 2 2415 2534 2380 797
4733 4 2 7 2 2415 2380 2534 2324
4734 4 2 7 2 2380 2534 2541 797
4735 4 2 7 2 2380 2541 2534 2324
4736 4 2 7 2 2541 2534 798 797
4737 4 2 7 2 2541 798 2534 2324
4738 4 2 7 2 2383 2330 2271 2334
4739 4 2 7 2 2383 2271 2330 2372
4740 4 2 7 2 2330 1026 1065 1044
4741 4 2 7 2 2330 1065 1026 2306
4742 4 2 7 2 2428 2285 2333 2418
4743 4 2 7 2 2467 740 2466 45
4744 4 2 7 2 2466 740 2467 2429
4745 4 2 7 2 2467 2466 346 45
4746 4 2 7 2 346 2466 2467 2429
4747 4 2 7 2 2467 346 362 45
4748 4 2 7 2 362 346 2467 2429
4749 4 2 7 2 2510 2355 1009 1001
4750 4 2 7 2 1009 944 2510 1001
4751 4 2 7 2 2510 944 1009 2401
4752 4 2 7 2 2364 1033 1057 1048
4753 4 2 7 2 2364 1057 1033 2311
4754 4 2 7 2 368 2365 344 359
4755 4 2 7 2 344 2365 368 2304
4756 4 2 7 2 2435 2290 2305 2317
4757 4 2 7 2 2435 2305 2290 2373
4758 4 2 7 2 2436 2274 2445 2305
4759 4 2 7 2 2436 2445 2274 2361
4760 4 2 7 2 2485 2319 2320 2454
4761 4 2 7 2 2485 2320 2319 2455
4762 4 2 7 2 2404 2461 956 345
4763 4 2 7 2 2404 956 2461 1014
4764 4 2 7 2 956 2461 79 345
4765 4 2 7 2 956 79 2461 1014
4766 4 2 7 2 79 2461 8 345
4767 4 2 7 2 79 8 2461 1014
4768 4 2 7 2 2422 104 105 2502
4769 4 2 7 2 2422 105 104 915
4770 4 2 7 2 2422 863 901 915
4771 4 2 7 2 2422 901 863 2416
4772 4 2 7 2 2355 2525 2524 783
4773 4 2 7 2 2355 2524 2525 2377
4774 4 2 7 2 789 2524 2525 783
4775 4 2 7 2 789 2525 2524 2377
4776 4 2 7 2 2398 805 2549 2354
4777 4 2 7 2 2549 805 2398 2550
4778 4 2 7 2 2549 2323 2398 2354
4779 4 2 7 2 2398 2323 2549 2550
4780 4 2 7 2 2480 2293 2442 2391
4781 4 2 7 2 2442 2293 2480 2338
4782 4 2 7 2 2476 2292 2419 2390
4783 4 2 7 2 2419 2292 2476 2341
4784 4 2 7 2 2476 2292 2448 2339
4785 4 2 7 2 2448 2292 2476 2390
4786 4 2 7 2 2526 2525 2300 2451
4787 4 2 7 2 2300 2525 2526 2377
4788 4 2 7 2 2424 2377 2531 2287
4789 4 2 7 2 2424 2531 2377 789
4790 4 2 7 2 2524 2531 2377 2287
4791 4 2 7 2 2524 2377 2531 789
4792 4 2 7 2 2351 2543 2326 2398
4793 4 2 7 2 2351 2326 2543 2397
4794 4 2 7 2 2506 2505 2322 2446
4795 4 2 7 2 2322 2505 2506 2458
4796 4 2 7 2 2322 2349 2506 2446
4797 4 2 7 2 2506 2349 2322 2458
4798 4 2 7 2 2322 2505 2318 2441
4799 4 2 7 2 2322 2318 2505 2458
4800 4 2 7 2 2504 2318 2505 2441
4801 4 2 7 2 2504 2505 2318 2458
4802 4 2 7 2 2392 2285 2428 2363
4803 4 2 7 2 2392 2428 2285 2333
4804 4 2 7 2 2519 2518 2353 2359
4805 4 2 7 2 2519 2353 2518 2451
4806 4 2 7 2 2300 2353 2518 2359
4807 4 2 7 2 2300 2518 2353 2451
4808 4 2 7 2 2510 2359 2273 2355
4809 4 2 7 2 2273 2359 2510 2401
4810 4 2 7 2 2273 1009 2510 2355
4811 4 2 7 2 2510 1009 2273 2401
4812 4 2 7 3 672 2766 678 2601
4813 4 2 7 3 725 2821 724 2687
4814 4 2 7 3 1182 2586 2585 2612
4815 4 2 7 3 1190 2585 1176 2607
4816 4 2 7 3 729 172 2834 2681
4817 4 2 7 3 1142 2582 1239 2690
4818 4 2 7 3 718 719 2814 2605
4819 4 2 7 3 2746 660 661 2674
4820 4 2 7 3 1206 2595 2586 2627
4821 4 2 7 3 1197 2586 1182 2612
4822 4 2 7 3 729 2833 172 2681
4823 4 2 7 3 1099 2576 2578 2589
4824 4 2 7 3 1124 2580 2591 2605
4825 4 2 7 3 654 2745 660 2608
4826 4 2 7 3 2579 2599 2574 2608
4827 4 2 7 3 1190 2607 1176 2638
4828 4 2 7 3 648 2738 654 2621
4829 4 2 7 3 2579 2617 1207 2637
4830 4 2 7 3 661 2753 667 2607
4831 4 2 7 3 1172 2579 1173 2599
4832 4 2 7 3 1124 2605 2591 2649
4833 4 2 7 3 1228 1142 1239 2690
4834 4 2 7 3 672 678 2767 2601
4835 4 2 7 3 2591 2668 2580 2721
4836 4 2 7 3 719 2815 713 2609
4837 4 2 7 3 647 2730 2598 2701
4838 4 2 7 3 411 403 385 2617
4839 4 2 7 3 726 2672 2823 2722
4840 4 2 7 3 1090 2591 2669 2721
4841 4 2 7 3 2575 2588 2580 2669
4842 4 2 7 3 647 2730 646 2598
4843 4 2 7 3 2746 2674 661 2725
4844 4 2 7 3 1187 2595 1206 2627
4845 4 2 7 3 1239 1213 1231 2618
4846 4 2 7 3 1124 2580 2588 2669
4847 4 2 7 3 2821 724 2687 2702
4848 4 2 7 3 1172 2579 2599 2624
4849 4 2 7 3 1134 2583 2573 2602
4850 4 2 7 3 1176 2607 2599 2638
4851 4 2 7 3 1172 1176 2573 2599
4852 4 2 7 3 702 2795 696 2615
4853 4 2 7 3 2573 2599 2579 2624
4854 4 2 7 3 1176 2573 2599 2607
4855 4 2 7 3 720 2823 2682 2722
4856 4 2 7 3 2578 2584 1114 2594
4857 4 2 7 3 679 2768 673 2612
4858 4 2 7 3 712 2813 718 2613
4859 4 2 7 3 1124 1090 2591 2669
4860 4 2 7 3 690 2787 696 2614
4861 4 2 7 3 1099 2578 2576 2694
4862 4 2 7 3 2574 2579 2573 2599
4863 4 2 7 3 1124 2588 2580 2605
4864 4 2 7 3 1099 2578 1136 2589
4865 4 2 7 3 1207 1177 2617 2718
4866 4 2 7 3 2578 2586 1161 2595
4867 4 2 7 3 1159 2577 2578 2581
4868 4 2 7 3 1124 2588 1123 2669
4869 4 2 7 3 1136 2589 2578 2594
4870 4 2 7 3 1142 2582 2690 2712
4871 4 2 7 3 695 2793 701 2616
4872 4 2 7 3 1161 2578 2576 2586
4873 4 2 7 3 678 2773 684 2628
4874 4 2 7 3 2585 2607 1190 2638
4875 4 2 7 3 1207 2617 2579 2718
4876 4 2 7 3 1124 2591 2580 2669
4877 4 2 7 3 729 2827 723 2625
4878 4 2 7 3 731 732 2829 2603
4879 4 2 7 3 649 2739 655 2626
4880 4 2 7 3 2573 2585 1164 2719
4881 4 2 7 3 392 2598 2730 2701
4882 4 2 7 3 660 2746 654 2608
4883 4 2 7 3 172 1218 2834 2681
4884 4 2 7 3 1131 1124 2591 2649
4885 4 2 7 3 708 2808 714 2632
4886 4 2 7 3 666 2759 672 2636
4887 4 2 7 3 729 2834 730 2681
4888 4 2 7 3 731 2836 732 2676
4889 4 2 7 3 1195 2585 1182 2586
4890 4 2 7 3 654 2739 648 2621
4891 4 2 7 3 650 2740 656 2637
4892 4 2 7 3 391 2598 407 2715
4893 4 2 7 3 2746 2608 660 2674
4894 4 2 7 3 661 667 2754 2607
4895 4 2 7 3 2729 645 646 2715
4896 4 2 7 3 403 394 2664 2705
4897 4 2 7 3 728 2831 734 2645
4898 4 2 7 3 656 2747 662 2651
4899 4 2 7 3 1112 1103 2588 2593
4900 4 2 7 3 731 2639 2836 2676
4901 4 2 7 3 653 2738 647 2660
4902 4 2 7 3 713 2814 719 2609
4903 4 2 7 3 712 2613 2814 2711
4904 4 2 7 3 655 2746 661 2725
4905 4 2 7 3 2684 2687 724 2702
4906 4 2 7 3 727 2830 733 2631
4907 4 2 7 3 1197 1195 1182 2586
4908 4 2 7 3 2745 654 653 2608
4909 4 2 7 3 2745 659 660 2608
4910 4 2 7 3 645 651 2736 2652
4911 4 2 7 3 394 403 411 2705
4912 4 2 7 3 407 2598 393 2705
4913 4 2 7 3 1172 2599 2573 2624
4914 4 2 7 3 2586 2601 2585 2612
4915 4 2 7 3 1176 2585 2573 2607
4916 4 2 7 3 1132 2597 2577 2630
4917 4 2 7 3 1195 2585 2576 2719
4918 4 2 7 3 395 407 393 2705
4919 4 2 7 3 662 2754 668 2638
4920 4 2 7 3 651 657 2743 2656
4921 4 2 7 3 723 2820 717 2649
4922 4 2 7 3 1190 2573 1176 2585
4923 4 2 7 3 1221 2639 2668 2676
4924 4 2 7 3 702 2801 708 2661
4925 4 2 7 3 2814 2605 719 2609
4926 4 2 7 3 2574 2599 2573 2608
4927 4 2 7 3 686 2782 692 2646
4928 4 2 7 3 2582 1222 2668 2676
4929 4 2 7 3 718 2821 719 2605
4930 4 2 7 3 1171 2587 1160 2592
4931 4 2 7 3 2584 2597 1132 2635
4932 4 2 7 3 722 2824 728 2659
4933 4 2 7 3 666 2753 660 2674
4934 4 2 7 3 726 732 2830 2672
4935 4 2 7 3 668 2761 674 2647
4936 4 2 7 3 692 2789 698 2640
4937 4 2 7 3 679 2612 2767 2710
4938 4 2 7 3 731 732 2603 2676
4939 4 2 7 3 2576 2586 2578 2595
4940 4 2 7 3 673 2767 2612 2706
4941 4 2 7 3 716 2817 722 2670
4942 4 2 7 3 1187 2578 2595 2600
4943 4 2 7 3 680 2775 686 2650
4944 4 2 7 3 1172 1173 1176 2599
4945 4 2 7 3 385 401 1148 2617
4946 4 2 7 3 1195 1164 2585 2719
4947 4 2 7 3 698 2796 704 2644
4948 4 2 7 3 711 2806 705 2648
4949 4 2 7 3 710 2810 716 2671
4950 4 2 7 3 730 2828 724 2684
4951 4 2 7 3 696 2794 702 2615
4952 4 2 7 3 721 727 2824 2665
4953 4 2 7 3 2587 2588 2577 2593
4954 4 2 7 3 407 2598 2705 2708
4955 4 2 7 3 673 2767 679 2612
4956 4 2 7 3 1196 2578 1187 2600
4957 4 2 7 3 2575 2606 2588 2669
4958 4 2 7 3 718 2814 712 2613
4959 4 2 7 3 1180 2582 1142 2712
4960 4 2 7 3 718 2605 2814 2613
4961 4 2 7 3 1196 2581 2578 2600
4962 4 2 7 3 690 696 2788 2614
4963 4 2 7 3 1173 2579 1172 2718
4964 4 2 7 3 704 2803 710 2654
4965 4 2 7 3 713 2815 714 2609
4966 4 2 7 3 2815 719 720 2609
4967 4 2 7 3 2604 2605 2580 2609
4968 4 2 7 3 725 2822 719 2687
4969 4 2 7 3 1131 1124 1090 2591
4970 4 2 7 3 1104 1123 1124 2588
4971 4 2 7 3 670 2758 664 2658
4972 4 2 7 3 2577 2597 2593 2630
4973 4 2 7 3 1172 2573 1151 2624
4974 4 2 7 3 733 2837 176 2689
4975 4 2 7 3 2834 2639 730 2681
4976 4 2 7 3 2591 2580 2669 2721
4977 4 2 7 3 2578 2584 2577 2693
4978 4 2 7 3 655 2740 649 2626
4979 4 2 7 3 1103 2593 1112 2630
4980 4 2 7 3 653 2744 659 2679
4981 4 2 7 3 2587 2606 2575 2712
4982 4 2 7 3 674 2768 680 2655
4983 4 2 7 3 2588 2605 1124 2649
4984 4 2 7 3 701 2794 695 2616
4985 4 2 7 3 649 2733 38 2686
4986 4 2 7 3 1187 2578 1161 2595
4987 4 2 7 3 2575 2587 2604 2609
4988 4 2 7 3 724 2827 730 2684
4989 4 2 7 3 1193 1152 1097 2643
4990 4 2 7 3 2613 2649 1124 2683
4991 4 2 7 3 723 2826 729 2625
4992 4 2 7 3 1173 2579 1207 2637
4993 4 2 7 3 689 2663 2779 2696
4994 4 2 7 3 652 2737 646 2700
4995 4 2 7 3 1163 2606 2587 2712
4996 4 2 7 3 678 684 2774 2628
4997 4 2 7 3 2603 2668 2639 2676
4998 4 2 7 3 1199 2693 1162 2727
4999 4 2 7 3 720 2822 726 2722
5000 4 2 7 3 38 2732 649 2686
5001 4 2 7 3 689 2780 683 2663
5002 4 2 7 3 1229 1213 1147 2618
5003 4 2 7 3 1104 1123 2588 2669
5004 4 2 7 3 699 705 2799 2642
5005 4 2 7 3 2577 2588 1103 2593
5006 4 2 7 3 1160 2587 2577 2592
5007 4 2 7 3 1221 1211 2639 2676
5008 4 2 7 3 1177 385 2617 2718
5009 4 2 7 3 411 2617 385 2718
5010 4 2 7 3 671 2765 677 2677
5011 4 2 7 3 657 663 2750 2657
5012 4 2 7 3 1140 387 1150 2624
5013 4 2 7 3 650 2734 39 2688
5014 4 2 7 3 2826 1122 729 2625
5015 4 2 7 3 1221 2668 1222 2676
5016 4 2 7 3 661 2747 655 2725
5017 4 2 7 3 717 2813 711 2683
5018 4 2 7 3 1195 2576 2585 2586
5019 4 2 7 3 714 720 2816 2682
5020 4 2 7 3 718 2820 724 2702
5021 4 2 7 3 1134 2602 2573 2719
5022 4 2 7 3 702 2615 2794 2661
5023 4 2 7 3 395 407 2705 2708
5024 4 2 7 3 707 713 2808 2709
5025 4 2 7 3 1171 1163 1160 2587
5026 4 2 7 3 663 669 2757 2675
5027 4 2 7 3 708 714 2809 2632
5028 4 2 7 3 647 2737 653 2660
5029 4 2 7 3 1093 2573 1134 2583
5030 4 2 7 3 666 672 2760 2636
5031 4 2 7 3 2582 2668 2603 2676
5032 4 2 7 3 675 2764 669 2653
5033 4 2 7 3 646 2736 652 2700
5034 4 2 7 3 654 653 2608 2660
5035 4 2 7 3 658 2744 652 2703
5036 4 2 7 3 1147 1213 1203 2618
5037 4 2 7 3 2573 2579 2574 2624
5038 4 2 7 3 405 391 407 2715
5039 4 2 7 3 2598 2660 647 2701
5040 4 2 7 3 726 2823 720 2722
5041 4 2 7 3 2833 729 1122 2681
5042 4 2 7 3 1239 1222 1224 2690
5043 4 2 7 3 2587 2588 2575 2606
5044 4 2 7 3 2795 702 703 2615
5045 4 2 7 3 2795 697 696 2615
5046 4 2 7 3 650 656 2741 2637
5047 4 2 7 3 699 2792 693 2666
5048 4 2 7 3 648 2732 37 2701
5049 4 2 7 3 734 177 2839 2695
5050 4 2 7 3 689 2787 690 2614
5051 4 2 7 3 696 2787 695 2614
5052 4 2 7 3 703 2796 697 2692
5053 4 2 7 3 685 2781 691 2704
5054 4 2 7 3 2577 2587 1160 2606
5055 4 2 7 3 734 2832 728 2645
5056 4 2 7 3 2668 2669 2580 2721
5057 4 2 7 3 656 662 2748 2651
5058 4 2 7 3 682 2778 688 2662
5059 4 2 7 3 715 2816 721 2714
5060 4 2 7 3 733 2831 727 2631
5061 4 2 7 3 1173 2599 2579 2637
5062 4 2 7 3 2599 2607 2573 2608
5063 4 2 7 3 2574 2583 2573 2673
5064 4 2 7 3 407 391 393 2598
5065 4 2 7 3 176 2838 733 2689
5066 4 2 7 3 1156 2693 1098 2694
5067 4 2 7 3 679 2774 685 2710
5068 4 2 7 3 726 2603 2829 2672
5069 4 2 7 3 2829 2603 732 2672
5070 4 2 7 3 2793 695 694 2616
5071 4 2 7 3 701 2793 700 2616
5072 4 2 7 3 712 2807 706 2711
5073 4 2 7 3 1159 1160 2577 2581
5074 4 2 7 3 726 2829 732 2672
5075 4 2 7 3 667 2760 673 2706
5076 4 2 7 3 652 2743 658 2703
5077 4 2 7 3 690 2781 684 2717
5078 4 2 7 3 677 2772 683 2691
5079 4 2 7 3 687 693 2785 2697
5080 4 2 7 3 719 2821 725 2687
5081 4 2 7 3 709 2809 715 2713
5082 4 2 7 3 687 2778 681 2667
5083 4 2 7 3 691 2788 697 2707
5084 4 2 7 3 1228 1239 1224 2690
5085 4 2 7 3 1241 2641 1228 2690
5086 4 2 7 3 401 385 403 2617
5087 4 2 7 3 724 2821 718 2702
5088 4 2 7 3 2585 2638 1190 2647
5089 4 2 7 3 703 2802 709 2716
5090 4 2 7 3 684 2780 690 2717
5091 4 2 7 3 1201 1171 1160 2592
5092 4 2 7 3 665 2758 671 2699
5093 4 2 7 3 1184 1160 2581 2592
5094 4 2 7 3 645 2735 651 2652
5095 4 2 7 3 664 2751 658 2726
5096 4 2 7 3 689 2786 695 2696
5097 4 2 7 3 2588 1124 2613 2649
5098 4 2 7 3 2729 392 390 2715
5099 4 2 7 3 411 2579 2617 2718
5100 4 2 7 3 1239 2582 1222 2690
5101 4 2 7 3 700 706 2800 2723
5102 4 2 7 3 691 2782 685 2704
5103 4 2 7 3 734 2838 177 2695
5104 4 2 7 3 1228 2641 1142 2690
5105 4 2 7 3 668 2755 662 2638
5106 4 2 7 3 37 2731 648 2701
5107 4 2 7 3 651 2742 657 2656
5108 4 2 7 3 694 2792 700 2698
5109 4 2 7 3 717 2819 723 2649
5110 4 2 7 3 685 2775 679 2710
5111 4 2 7 3 653 659 2745 2679
5112 4 2 7 3 706 2806 712 2711
5113 4 2 7 3 667 673 2761 2706
5114 4 2 7 3 1184 2592 2581 2619
5115 4 2 7 3 721 2817 715 2714
5116 4 2 7 3 1163 1160 2587 2606
5117 4 2 7 3 1231 1230 1222 2676
5118 4 2 7 3 1155 2578 1159 2693
5119 4 2 7 3 715 2810 709 2713
5120 4 2 7 3 2575 2604 2580 2609
5121 4 2 7 3 697 2789 691 2707
5122 4 2 7 3 2773 678 677 2628
5123 4 2 7 3 683 684 2773 2628
5124 4 2 7 3 1112 2593 2588 2630
5125 4 2 7 3 1164 2643 2573 2719
5126 4 2 7 3 1148 1207 1177 2617
5127 4 2 7 3 660 2752 666 2674
5128 4 2 7 3 1229 1231 1213 2618
5129 4 2 7 3 658 2750 664 2726
5130 4 2 7 3 1103 2588 2577 2606
5131 4 2 7 3 708 2802 702 2661
5132 4 2 7 3 2598 646 2700 2715
5133 4 2 7 3 703 709 2803 2716
5134 4 2 7 3 692 2783 686 2646
5135 4 2 7 3 39 2733 650 2688
5136 4 2 7 3 670 2764 676 2720
5137 4 2 7 3 1112 1103 1104 2588
5138 4 2 7 3 721 2823 727 2665
5139 4 2 7 3 223 224 1170 1240
5140 4 2 7 3 1134 1106 2602 2719
5141 4 2 7 3 700 2799 706 2723
5142 4 2 7 3 1217 1218 2833 2681
5143 4 2 7 3 1172 1164 1151 2573
5144 4 2 7 3 389 2728 390 2715
5145 4 2 7 3 681 2771 675 2685
5146 4 2 7 3 722 728 2825 2659
5147 4 2 7 3 1171 2610 2587 2622
5148 4 2 7 3 665 2752 659 2726
5149 4 2 7 3 1219 2639 2681 2721
5150 4 2 7 3 714 2815 720 2682
5151 4 2 7 3 1155 1161 1159 2578
5152 4 2 7 3 731 2603 2639 2676
5153 4 2 7 3 668 674 2762 2647
5154 4 2 7 3 670 676 2765 2720
5155 4 2 7 3 692 698 2790 2640
5156 4 2 7 3 1142 2690 1188 2712
5157 4 2 7 3 2599 2637 1173 2651
5158 4 2 7 3 2577 2588 2587 2606
5159 4 2 7 3 1221 1222 1211 2676
5160 4 2 7 3 2621 2664 2701 2705
5161 4 2 7 3 403 394 402 2664
5162 4 2 7 3 2814 2613 2609 2711
5163 4 2 7 3 1207 2579 1173 2718
5164 4 2 7 3 2752 2596 659 2726
5165 4 2 7 3 665 2596 2752 2726
5166 4 2 7 3 1104 2588 2606 2669
5167 4 2 7 3 1112 2630 2588 2648
5168 4 2 7 3 722 2818 716 2670
5169 4 2 7 3 2588 2580 2605 2609
5170 4 2 7 3 686 2776 680 2650
5171 4 2 7 3 1155 2578 2693 2694
5172 4 2 7 3 1154 1165 1097 1208
5173 4 2 7 3 672 2759 671 2636
5174 4 2 7 3 666 665 2759 2636
5175 4 2 7 3 705 2805 711 2648
5176 4 2 7 3 698 704 2797 2644
5177 4 2 7 3 716 2811 710 2671
5178 4 2 7 3 2598 2680 407 2715
5179 4 2 7 3 1103 2577 2593 2630
5180 4 2 7 3 414 2624 398 2673
5181 4 2 7 3 707 2807 713 2709
5182 4 2 7 3 2575 2588 2587 2609
5183 4 2 7 3 1165 1097 1193 1152
5184 4 2 7 3 2588 2613 2605 2649
5185 4 2 7 3 710 2804 704 2654
5186 4 2 7 3 683 2773 677 2691
5187 4 2 7 3 1217 2833 1095 2681
5188 4 2 7 3 2577 2581 1160 2592
5189 4 2 7 3 1211 2836 2639 2676
5190 4 2 7 3 1228 1241 1209 2641
5191 4 2 7 3 1099 1100 2578 2694
5192 4 2 7 3 1174 1163 1171 2587
5193 4 2 7 3 671 2759 665 2699
5194 4 2 7 3 664 2757 670 2658
5195 4 2 7 3 697 2795 703 2692
5196 4 2 7 3 1132 2584 2577 2597
5197 4 2 7 3 680 2769 674 2655
5198 4 2 7 3 683 2779 689 2663
5199 4 2 7 3 1201 2592 1184 2619
5200 4 2 7 3 1184 1201 1160 2592
5201 4 2 7 3 1103 1104 2588 2606
5202 4 2 7 3 1221 2639 1219 2721
5203 4 2 7 3 2585 2586 2576 2601
5204 4 2 7 3 2746 654 2608 2724
5205 4 2 7 3 1103 1112 1132 2630
5206 4 2 7 3 2582 2668 1222 2690
5207 4 2 7 3 407 2680 2598 2708
5208 4 2 7 3 2641 2669 1227 2727
5209 4 2 7 3 1163 2641 2606 2712
5210 4 2 7 3 2578 2594 2589 2595
5211 4 2 7 3 1174 1163 2587 2712
5212 4 2 7 3 648 647 2660 2701
5213 4 2 7 3 677 2766 671 2677
5214 4 2 7 3 2606 2641 2575 2712
5215 4 2 7 3 1150 1151 1140 2624
5216 4 2 7 3 405 407 2680 2715
5217 4 2 7 3 2579 2624 1172 2718
5218 4 2 7 3 2593 2588 2630 2648
5219 4 2 7 3 385 1148 1177 2617
5220 4 2 7 3 391 392 2598 2715
5221 4 2 7 3 653 2745 2608 2679
5222 4 2 7 3 659 2608 2745 2679
5223 4 2 7 3 2767 2612 2601 2710
5224 4 2 7 3 1140 1152 1193 2643
5225 4 2 7 3 714 713 2609 2709
5226 4 2 7 3 699 2798 705 2642
5227 4 2 7 3 393 2598 2701 2705
5228 4 2 7 3 2592 1201 2622 2671
5229 4 2 7 3 1097 1165 1154 1152
5230 4 2 7 3 2601 2612 2767 2706
5231 4 2 7 3 726 2603 2672 2722
5232 4 2 7 3 1100 2693 2578 2694
5233 4 2 7 3 657 2749 663 2657
5234 4 2 7 3 729 2625 1122 2681
5235 4 2 7 3 2621 2660 2598 2701
5236 4 2 7 3 1093 2573 2583 2673
5237 4 2 7 3 1228 1209 1142 2641
5238 4 2 7 3 1227 2641 1242 2669
5239 4 2 7 3 711 2812 717 2683
5240 4 2 7 3 1197 1161 1195 2586
5241 4 2 7 3 1195 1153 1164 2719
5242 4 2 7 3 689 695 2787 2696
5243 4 2 7 3 1151 1140 2624 2643
5244 4 2 7 3 1199 1158 1162 2693
5245 4 2 7 3 719 2605 2821 2687
5246 4 2 7 3 1159 2578 2577 2693
5247 4 2 7 3 1190 1164 1176 2573
5248 4 2 7 3 1151 2624 2573 2643
5249 4 2 7 3 405 2680 1135 2715
5250 4 2 7 3 2594 2629 2595 2663
5251 4 2 7 3 1171 1144 2610 2622
5252 4 2 7 3 1207 1173 1177 2718
5253 4 2 7 3 393 2701 383 2705
5254 4 2 7 3 2598 2660 2621 2678
5255 4 2 7 3 669 2763 675 2653
5256 4 2 7 3 649 648 2739 2626
5257 4 2 7 3 1105 1154 1156 2694
5258 4 2 7 3 700 2793 694 2698
5259 4 2 7 3 732 2672 2603 2676
5260 4 2 7 3 1223 1222 2668 2690
5261 4 2 7 3 1167 1141 1202 2641
5262 4 2 7 3 663 2756 669 2675
5263 4 2 7 3 2605 2687 2684 2702
5264 4 2 7 3 1164 2573 1190 2585
5265 4 2 7 3 723 1130 2625 2649
5266 4 2 7 3 682 688 2779 2662
5267 4 2 7 3 693 2791 699 2666
5268 4 2 7 3 2821 2605 718 2702
5269 4 2 7 3 1114 2594 2584 2620
5270 4 2 7 3 394 411 396 2705
5271 4 2 7 3 2591 2625 1131 2649
5272 4 2 7 3 1090 1124 1123 2669
5273 4 2 7 3 2606 2669 2641 2727
5274 4 2 7 3 1195 2576 1161 2694
5275 4 2 7 3 1119 2590 2653 2675
5276 4 2 7 3 1154 1105 1097 2694
5277 4 2 7 3 2624 2643 398 2673
5278 4 2 7 3 1223 1224 1222 2690
5279 4 2 7 3 1135 2680 1108 2715
5280 4 2 7 3 2603 2684 2605 2687
5281 4 2 7 3 1197 2650 2612 2655
5282 4 2 7 3 2573 2673 1093 2719
5283 4 2 7 3 1164 1151 2573 2643
5284 4 2 7 3 681 2777 687 2667
5285 4 2 7 3 687 2784 693 2697
5286 4 2 7 3 1158 2693 1199 2727
5287 4 2 7 3 1112 2588 2613 2648
5288 4 2 7 3 2833 1122 1095 2681
5289 4 2 7 3 2610 2622 1144 2670
5290 4 2 7 3 1103 1132 2577 2630
5291 4 2 7 3 1099 1100 1136 2578
5292 4 2 7 3 1176 1164 1172 2573
5293 4 2 7 3 2573 2602 2590 2719
5294 4 2 7 3 2596 2608 659 2679
5295 4 2 7 3 2605 2609 2814 2613
5296 4 2 7 3 2591 2605 2603 2684
5297 4 2 7 3 2576 2578 2589 2595
5298 4 2 7 3 1112 2648 2613 2683
5299 4 2 7 3 2596 2679 659 2726
5300 4 2 7 3 701 2616 700 2723
5301 4 2 7 3 1143 1173 2637 2651
5302 4 2 7 3 656 1143 2637 2651
5303 4 2 7 3 1100 2578 1114 2594
5304 4 2 7 3 2573 2583 2596 2602
5305 4 2 7 3 2575 2580 2588 2609
5306 4 2 7 3 661 2674 2607 2725
5307 4 2 7 3 649 650 2733 2617
5308 4 2 7 3 405 384 1135 2680
5309 4 2 7 3 411 2705 2579 2718
5310 4 2 7 3 1176 2638 2599 2651
5311 4 2 7 3 398 1140 1193 2643
5312 4 2 7 3 1164 1153 2643 2719
5313 4 2 7 3 1206 2627 2586 2650
5314 4 2 7 3 1235 1238 2668 2721
5315 4 2 7 3 2815 2609 720 2682
5316 4 2 7 3 714 2609 2815 2682
5317 4 2 7 3 2589 2590 1133 2719
5318 4 2 7 3 1101 1098 1156 2693
5319 4 2 7 3 1182 1195 1164 2585
5320 4 2 7 3 393 391 392 2598
5321 4 2 7 3 2586 2612 1197 2650
5322 4 2 7 3 648 2660 2664 2701
5323 4 2 7 3 2605 2684 2591 2702
5324 4 2 7 3 2621 2701 2598 2705
5325 4 2 7 3 2614 2615 2581 2616
5326 4 2 7 3 716 715 2817 2670
5327 4 2 7 3 2573 2643 2673 2719
5328 4 2 7 3 2583 2673 2574 2680
5329 4 2 7 3 654 2738 653 2660
5330 4 2 7 3 2738 648 647 2660
5331 4 2 7 3 1097 1105 1154 1208
5332 4 2 7 3 1174 2587 1171 2610
5333 4 2 7 3 1134 2573 1093 2719
5334 4 2 7 3 675 2770 681 2685
5335 4 2 7 3 1161 2576 1195 2586
5336 4 2 7 3 2592 2654 1201 2671
5337 4 2 7 3 665 2699 2596 2726
5338 4 2 7 3 1107 2728 389 2715
5339 4 2 7 3 2599 2608 2579 2724
5340 4 2 7 3 1098 1105 1156 2694
5341 4 2 7 3 2606 2693 1102 2727
5342 4 2 7 3 656 2748 1143 2651
5343 4 2 7 3 1219 2639 1220 2681
5344 4 2 7 3 405 407 384 2680
5345 4 2 7 3 2573 2624 2574 2673
5346 4 2 7 3 1217 172 2833 1218
5347 4 2 7 3 649 648 2626 2664
5348 4 2 7 3 2622 2682 2632 2713
5349 4 2 7 3 733 2838 734 2618
5350 4 2 7 3 1197 1181 2650 2655
5351 4 2 7 3 650 2741 1178 2637
5352 4 2 7 3 2608 2621 2579 2724
5353 4 2 7 3 1112 2588 1124 2613
5354 4 2 7 3 695 694 2616 2696
5355 4 2 7 3 1140 398 2624 2643
5356 4 2 7 3 1180 2618 2582 2645
5357 4 2 7 3 723 1130 2826 2625
5358 4 2 7 3 2753 661 660 2674
5359 4 2 7 3 384 407 410 2680
5360 4 2 7 3 1229 2618 1147 2695
5361 4 2 7 3 1162 2693 2606 2727
5362 4 2 7 3 2612 2647 1182 2655
5363 4 2 7 3 722 1144 2818 2670
5364 4 2 7 3 1118 1227 1078 2669
5365 4 2 7 3 2604 2609 2587 2682
5366 4 2 7 3 2625 2591 2684 2702
5367 4 2 7 3 1110 1124 2649 2683
5368 4 2 7 3 686 1189 2776 2650
5369 4 2 7 3 414 397 413 2708
5370 4 2 7 3 1108 2680 2652 2715
5371 4 2 7 3 1142 2641 1188 2690
5372 4 2 7 3 2779 2663 2662 2696
5373 4 2 7 3 1139 1190 2638 2647
5374 4 2 7 3 2585 2576 2590 2601
5375 4 2 7 3 2581 2615 2597 2616
5376 4 2 7 3 1130 1131 2625 2649
5377 4 2 7 3 719 2609 2605 2687
5378 4 2 7 3 2597 2615 2581 2661
5379 4 2 7 3 2776 163 1189 686
5380 4 2 7 3 680 2768 679 2655
5381 4 2 7 3 674 673 2768 2655
5382 4 2 7 3 1101 2693 1158 2727
5383 4 2 7 3 649 2664 2626 2686
5384 4 2 7 3 2575 2604 2587 2712
5385 4 2 7 3 1192 1158 1199 2727
5386 4 2 7 3 392 2730 383 2701
5387 4 2 7 3 389 34 390 2728
5388 4 2 7 3 1221 2668 2639 2721
5389 4 2 7 3 1188 2641 1163 2712
5390 4 2 7 3 1159 2577 1160 2693
5391 4 2 7 3 401 1148 2617 2688
5392 4 2 7 3 653 2608 2660 2678
5393 4 2 7 3 670 2757 669 2675
5394 4 2 7 3 2757 664 663 2675
5395 4 2 7 3 1130 1122 2826 2625
5396 4 2 7 3 716 2818 1144 2670
5397 4 2 7 3 650 2637 1178 2688
5398 4 2 7 3 1218 1219 1220 2681
5399 4 2 7 3 720 2682 2609 2722
5400 4 2 7 3 2590 2633 2589 2653
5401 4 2 7 3 650 2617 2637 2688
5402 4 2 7 3 2596 2573 2607 2608
5403 4 2 7 3 648 2621 2739 2626
5404 4 2 7 3 1238 2669 1225 2690
5405 4 2 7 3 1118 1227 2669 2727
5406 4 2 7 3 1128 1097 1080 2643
5407 4 2 7 3 1161 1187 1159 2578
5408 4 2 7 3 1108 2611 1091 2652
5409 4 2 7 3 1194 2582 2623 2645
5410 4 2 7 3 1090 2669 1115 2721
5411 4 2 7 3 1147 1203 1180 2618
5412 4 2 7 3 1206 2586 1197 2650
5413 4 2 7 3 1181 2769 162 680
5414 4 2 7 3 680 1181 2769 2655
5415 4 2 7 3 1103 1100 2577 2584
5416 4 2 7 3 1155 2693 1156 2694
5417 4 2 7 3 2577 2606 1160 2693
5418 4 2 7 3 1175 2638 1176 2651
5419 4 2 7 3 2607 2674 2599 2725
5420 4 2 7 3 2576 2694 1195 2719
5421 4 2 7 3 714 2609 2682 2709
5422 4 2 7 3 1088 1233 1214 2681
5423 4 2 7 3 2615 2616 2794 2661
5424 4 2 7 3 706 2799 705 2642
5425 4 2 7 3 2574 2579 2708 2718
5426 4 2 7 3 697 2615 2795 2692
5427 4 2 7 3 2795 2615 703 2692
5428 4 2 7 3 1119 2602 2590 2675
5429 4 2 7 3 1136 2578 1100 2594
5430 4 2 7 3 1238 2669 2668 2721
5431 4 2 7 3 649 2626 2617 2686
5432 4 2 7 3 1139 1182 2647 2655
5433 4 2 7 3 2634 2679 2596 2726
5434 4 2 7 3 1189 2627 686 2646
5435 4 2 7 3 1105 1156 1154 1208
5436 4 2 7 3 387 398 414 2624
5437 4 2 7 3 2590 2602 1106 2719
5438 4 2 7 3 1100 2584 2578 2693
5439 4 2 7 3 1182 2585 1190 2647
5440 4 2 7 3 1100 1114 2578 2584
5441 4 2 7 3 1077 1110 1124 2649
5442 4 2 7 3 1159 1184 1160 2581
5443 4 2 7 3 411 396 2705 2718
5444 4 2 7 3 2779 683 682 2629
5445 4 2 7 3 2596 665 2636 2699
5446 4 2 7 3 158 1143 656 2748
5447 4 2 7 3 1182 2612 2585 2647
5448 4 2 7 3 2592 2619 1201 2654
5449 4 2 7 3 734 2645 2618 2695
5450 4 2 7 3 1131 2591 1089 2625
5451 4 2 7 3 1224 1241 1228 2690
5452 4 2 7 3 1134 2583 2602 2634
5453 4 2 7 3 1109 2611 2583 2656
5454 4 2 7 3 2592 2597 2581 2661
5455 4 2 7 3 1190 1176 1175 2638
5456 4 2 7 3 2639 2591 2681 2721
5457 4 2 7 3 714 2682 2632 2709
5458 4 2 7 3 2605 2609 2604 2687
5459 4 2 7 3 1156 1105 1101 1158
5460 4 2 7 3 399 398 2643 2673
5461 4 2 7 3 1109 2583 2634 2656
5462 4 2 7 3 387 1140 398 2624
5463 4 2 7 3 169 2818 722 1144
5464 4 2 7 3 1189 686 2627 2650
5465 4 2 7 3 689 2787 2614 2696
5466 4 2 7 3 695 2614 2787 2696
5467 4 2 7 3 1139 1190 1175 2638
5468 4 2 7 3 1174 2587 2610 2712
5469 4 2 7 3 1238 1223 2668 2690
5470 4 2 7 3 1187 2627 1206 2646
5471 4 2 7 3 97 96 1205 412
5472 4 2 7 3 1089 1131 1090 2591
5473 4 2 7 3 2576 2590 2589 2719
5474 4 2 7 3 1182 1190 1139 2647
5475 4 2 7 3 1100 2577 2584 2693
5476 4 2 7 3 1174 1171 1144 2610
5477 4 2 7 3 1117 2669 2606 2727
5478 4 2 7 3 168 716 2818 1144
5479 4 2 7 3 1109 2634 1129 2656
5480 4 2 7 3 1206 1161 1197 2586
5481 4 2 7 3 680 2650 1181 2655
5482 4 2 7 3 1231 1216 1230 2689
5483 4 2 7 3 2573 2596 2590 2602
5484 4 2 7 3 1235 1212 1238 2721
5485 4 2 7 3 388 2617 403 2686
5486 4 2 7 3 1101 1158 1116 2727
5487 4 2 7 3 2604 2665 2631 2672
5488 4 2 7 3 734 1169 2832 2645
5489 4 2 7 3 2621 2626 2579 2724
5490 4 2 7 3 1156 1166 1105 1158
5491 4 2 7 3 397 413 2708 2718
5492 4 2 7 3 2590 2596 2585 2636
5493 4 2 7 3 2586 2595 2589 2628
5494 4 2 7 3 2585 2590 2576 2719
5495 4 2 7 3 1103 2606 2577 2693
5496 4 2 7 3 653 2608 2678 2679
5497 4 2 7 3 1128 1193 1097 2643
5498 4 2 7 3 1238 1212 2669 2721
5499 4 2 7 3 1192 1081 1158 2727
5500 4 2 7 3 2611 2652 1108 2680
5501 4 2 7 3 1108 2652 1091 2715
5502 4 2 7 3 1115 2669 1212 2721
5503 4 2 7 3 2595 2629 2628 2663
5504 4 2 7 3 1169 2645 734 2695
5505 4 2 7 3 1078 1227 1232 2669
5506 4 2 7 3 1136 1100 1114 2594
5507 4 2 7 3 410 2680 407 2708
5508 4 2 7 3 1098 1097 1105 2694
5509 4 2 7 3 2785 693 694 2697
5510 4 2 7 3 2636 671 2677 2699
5511 4 2 7 3 1164 1153 1151 2643
5512 4 2 7 3 648 2660 2621 2664
5513 4 2 7 3 1157 1156 1155 2693
5514 4 2 7 3 1134 1093 1106 2719
5515 4 2 7 3 649 2617 2733 2686
5516 4 2 7 3 700 2616 2793 2698
5517 4 2 7 3 2793 2616 694 2698
5518 4 2 7 3 2574 2579 2608 2621
5519 4 2 7 3 1163 1202 2606 2641
5520 4 2 7 3 1156 1158 1101 2693
5521 4 2 7 3 402 388 403 2686
5522 4 2 7 3 2589 2595 2594 2629
5523 4 2 7 3 2605 2613 718 2702
5524 4 2 7 3 395 394 396 2705
5525 4 2 7 3 1189 1197 1181 2650
5526 4 2 7 3 2589 2628 2595 2629
5527 4 2 7 3 1188 1180 1142 2712
5528 4 2 7 3 2573 2643 2624 2673
5529 4 2 7 3 388 2733 2617 2686
5530 4 2 7 3 387 413 400 2718
5531 4 2 7 3 1089 2625 2591 2681
5532 4 2 7 3 2575 2641 2606 2669
5533 4 2 7 3 1159 1187 1196 2578
5534 4 2 7 3 1117 1118 1078 2669
5535 4 2 7 3 1159 2578 1196 2581
5536 4 2 7 3 157 650 2741 1178
5537 4 2 7 3 1117 1118 2669 2727
5538 4 2 7 3 1131 1077 1124 2649
5539 4 2 7 3 1235 1221 1219 2721
5540 4 2 7 3 2579 2617 2626 2664
5541 4 2 7 3 1133 2590 2589 2653
5542 4 2 7 3 2753 2607 661 2674
5543 4 2 7 3 399 414 398 2673
5544 4 2 7 3 710 2811 1185 2671
5545 4 2 7 3 1075 2648 1112 2683
5546 4 2 7 3 1178 1207 1148 2617
5547 4 2 7 3 2604 2672 2603 2722
5548 4 2 7 3 695 2616 2614 2696
5549 4 2 7 3 1206 1197 1189 2650
5550 4 2 7 3 645 1091 2735 2652
5551 4 2 7 3 714 2808 713 2709
5552 4 2 7 3 2606 2641 1202 2727
5553 4 2 7 3 1089 1122 2625 2681
5554 4 2 7 3 683 2628 2773 2691
5555 4 2 7 3 2773 2628 677 2691
5556 4 2 7 3 395 2705 396 2708
5557 4 2 7 3 1089 2681 2591 2721
5558 4 2 7 3 150 729 2826 1122
5559 4 2 7 3 1188 2690 2641 2712
5560 4 2 7 3 1231 2618 1216 2689
5561 4 2 7 3 1221 1223 1222 2668
5562 4 2 7 3 2580 2603 2605 2687
5563 4 2 7 3 2835 731 730 2639
5564 4 2 7 3 1178 2617 1148 2688
5565 4 2 7 3 2593 2613 2588 2648
5566 4 2 7 3 2598 2621 2574 2678
5567 4 2 7 3 388 401 403 2617
5568 4 2 7 3 1103 1114 1100 2584
5569 4 2 7 3 384 410 2673 2680
5570 4 2 7 3 1178 1173 1207 2637
5571 4 2 7 3 1112 1075 2630 2648
5572 4 2 7 3 2607 2638 2585 2647
5573 4 2 7 3 2580 2604 2603 2687
5574 4 2 7 3 2621 2626 648 2664
5575 4 2 7 3 400 1145 1150 2718
5576 4 2 7 3 2604 2603 2687 2722
5577 4 2 7 3 2599 2579 2626 2724
5578 4 2 7 3 397 396 413 2718
5579 4 2 7 3 1119 2590 1133 2653
5580 4 2 7 3 1090 1089 2591 2721
5581 4 2 7 3 390 386 389 2715
5582 4 2 7 3 1182 1164 1190 2585
5583 4 2 7 3 2579 2599 2626 2637
5584 4 2 7 3 1136 2594 1114 2620
5585 4 2 7 3 2621 2664 2660 2701
5586 4 2 7 3 2791 1113 145 699
5587 4 2 7 3 2598 2583 2611 2678
5588 4 2 7 3 2580 2603 2591 2605
5589 4 2 7 3 36 383 392 2730
5590 4 2 7 3 2733 388 2617 2688
5591 4 2 7 3 1136 2594 2620 2697
5592 4 2 7 3 1091 2652 645 2715
5593 4 2 7 3 1178 1143 1173 2637
5594 4 2 7 3 2733 2617 650 2688
5595 4 2 7 3 2838 2618 733 2689
5596 4 2 7 3 671 2636 2759 2699
5597 4 2 7 3 2759 2636 665 2699
5598 4 2 7 3 1187 2640 2600 2646
5599 4 2 7 3 2607 2608 2599 2674
5600 4 2 7 3 2574 2621 2608 2678
5601 4 2 7 3 1093 2673 2583 2680
5602 4 2 7 3 1216 2618 2838 2689
5603 4 2 7 3 2619 2661 2615 2716
5604 4 2 7 3 1178 1207 2617 2637
5605 4 2 7 3 1117 1123 1104 2669
5606 4 2 7 3 1219 1221 1220 2639
5607 4 2 7 3 1231 1229 1216 2618
5608 4 2 7 3 2615 2692 697 2707
5609 4 2 7 3 1093 2673 2643 2719
5610 4 2 7 3 1241 1225 1242 2690
5611 4 2 7 3 1160 1163 1162 2606
5612 4 2 7 3 1153 1195 2694 2719
5613 4 2 7 3 2609 2604 2687 2722
5614 4 2 7 3 401 2617 388 2688
5615 4 2 7 3 1133 1099 2589 2719
5616 4 2 7 3 703 2692 2615 2716
5617 4 2 7 3 2573 2590 2585 2719
5618 4 2 7 3 1139 1181 1182 2655
5619 4 2 7 3 1216 2838 2618 2695
5620 4 2 7 3 1152 2643 1153 2694
5621 4 2 7 3 734 2618 2838 2695
5622 4 2 7 3 654 2621 2738 2660
5623 4 2 7 3 2738 2621 648 2660
5624 4 2 7 3 2634 2703 2679 2726
5625 4 2 7 3 2626 2664 2617 2686
5626 4 2 7 3 2597 2616 2615 2661
5627 4 2 7 3 2595 2710 2704 2717
5628 4 2 7 3 2605 2591 2649 2702
5629 4 2 7 3 1105 1101 1098 1156
5630 4 2 7 3 1157 1155 1159 2693
5631 4 2 7 3 1103 2577 1132 2584
5632 4 2 7 3 657 1079 2634 2656
5633 4 2 7 3 1175 1176 1143 2651
5634 4 2 7 3 695 2786 694 2696
5635 4 2 7 3 2704 2707 2595 2717
5636 4 2 7 3 1238 1225 1223 2690
5637 4 2 7 3 1216 2618 1229 2695
5638 4 2 7 3 1136 2667 2594 2697
5639 4 2 7 3 2609 2682 2604 2722
5640 4 2 7 3 1087 1097 1165 1208
5641 4 2 7 3 1238 2668 2669 2690
5642 4 2 7 3 391 390 392 2715
5643 4 2 7 3 2579 2705 2708 2718
5644 4 2 7 3 2651 2724 2637 2725
5645 4 2 7 3 2652 2680 2598 2715
5646 4 2 7 3 2682 2713 2622 2714
5647 4 2 7 3 175 2836 1211 2689
5648 4 2 7 3 2580 2603 2582 2668
5649 4 2 7 3 1147 2618 1169 2695
5650 4 2 7 3 2628 2633 677 2691
5651 4 2 7 3 1130 1131 1089 2625
5652 4 2 7 3 2576 2589 1099 2719
5653 4 2 7 3 1214 1218 1217 2681
5654 4 2 7 3 2832 171 1169 734
5655 4 2 7 3 1141 1202 2641 2727
5656 4 2 7 3 150 2833 729 1122
5657 4 2 7 3 1232 1212 1115 2669
5658 4 2 7 3 2735 136 1091 645
5659 4 2 7 3 1178 2637 2617 2688
5660 4 2 7 3 2625 2649 2591 2702
5661 4 2 7 3 2584 2614 2581 2616
5662 4 2 7 3 1151 1152 1140 2643
5663 4 2 7 3 1188 1142 1209 2641
5664 4 2 7 3 1242 1225 2669 2690
5665 4 2 7 3 2639 2668 2591 2721
5666 4 2 7 3 677 2633 2628 2677
5667 4 2 7 3 2574 2579 2705 2708
5668 4 2 7 3 699 2791 1113 2666
5669 4 2 7 3 1102 1117 2606 2727
5670 4 2 7 3 2600 2640 1196 2644
5671 4 2 7 3 1116 1158 1081 2727
5672 4 2 7 3 648 2731 647 2701
5673 4 2 7 3 1167 1226 1141 2641
5674 4 2 7 3 2610 2659 1179 2712
5675 4 2 7 3 2580 2605 2604 2687
5676 4 2 7 3 2618 2631 733 2689
5677 4 2 7 3 2622 2632 2592 2713
5678 4 2 7 3 2626 2637 2599 2724
5679 4 2 7 3 394 393 383 2705
5680 4 2 7 3 1109 1093 2583 2680
5681 4 2 7 3 1137 1187 1206 2646
5682 4 2 7 3 2598 2700 2652 2715
5683 4 2 7 3 1160 2606 1162 2693
5684 4 2 7 3 1235 1238 1223 2668
5685 4 2 7 3 1080 399 398 2643
5686 4 2 7 3 396 2708 2705 2718
5687 4 2 7 3 1119 1106 2590 2602
5688 4 2 7 3 1194 1180 2582 2645
5689 4 2 7 3 386 1107 389 2715
5690 4 2 7 3 2575 2641 2690 2712
5691 4 2 7 3 694 2616 2696 2698
5692 4 2 7 3 700 2616 2698 2723
5693 4 2 7 3 1112 1104 1124 2588
5694 4 2 7 3 2573 2596 2583 2608
5695 4 2 7 3 1108 1083 1135 2715
5696 4 2 7 3 705 2630 1111 2648
5697 4 2 7 3 2573 2583 2574 2608
5698 4 2 7 3 2581 2600 1196 2644
5699 4 2 7 3 1162 2606 1202 2727
5700 4 2 7 3 1130 1077 1131 2649
5701 4 2 7 3 1112 1075 1132 2630
5702 4 2 7 3 2574 2624 2579 2718
5703 4 2 7 3 2581 2597 2584 2616
5704 4 2 7 3 1165 1097 1128 1193
5705 4 2 7 3 1109 1129 2611 2656
5706 4 2 7 3 2604 2610 2587 2712
5707 4 2 7 3 2603 2672 2582 2676
5708 4 2 7 3 2579 2626 2621 2664
5709 4 2 7 3 2587 2593 2592 2632
5710 4 2 7 3 387 2624 413 2718
5711 4 2 7 3 2609 2613 2593 2711
5712 4 2 7 3 683 2663 2628 2691
5713 4 2 7 3 1106 1133 2590 2719
5714 4 2 7 3 723 149 2826 1130
5715 4 2 7 3 710 167 1185 2811
5716 4 2 7 3 399 2643 1080 2673
5717 4 2 7 3 1226 1242 1227 2641
5718 4 2 7 3 397 2708 396 2718
5719 4 2 7 3 1214 1233 1219 2681
5720 4 2 7 3 657 2634 1079 2657
5721 4 2 7 3 1082 1233 1088 2681
5722 4 2 7 3 2583 2596 2634 2679
5723 4 2 7 3 392 390 35 2729
5724 4 2 7 3 1218 173 2834 1220
5725 4 2 7 3 1130 1089 1122 2625
5726 4 2 7 3 2587 2632 2622 2682
5727 4 2 7 3 1155 1195 1161 2694
5728 4 2 7 3 2596 2602 2583 2634
5729 4 2 7 3 1134 1109 2583 2634
5730 4 2 7 3 665 2751 664 2726
5731 4 2 7 3 658 2751 659 2726
5732 4 2 7 3 2821 2687 2605 2702
5733 4 2 7 3 1235 2668 1221 2721
5734 4 2 7 3 2587 2577 2592 2593
5735 4 2 7 3 2673 2680 410 2708
5736 4 2 7 3 701 700 2800 2723
5737 4 2 7 3 1192 1081 1210 1158
5738 4 2 7 3 2602 2634 2596 2726
5739 4 2 7 3 386 405 1083 2715
5740 4 2 7 3 2709 2711 2597 2723
5741 4 2 7 3 1099 2694 2576 2719
5742 4 2 7 3 384 410 404 2673
5743 4 2 7 3 1215 1209 1241 2641
5744 4 2 7 3 1145 1173 1172 2718
5745 4 2 7 3 705 2798 1111 2642
5746 4 2 7 3 2631 2676 733 2689
5747 4 2 7 3 1136 2589 2594 2667
5748 4 2 7 3 1136 2620 1074 2697
5749 4 2 7 3 1156 1157 1158 2693
5750 4 2 7 3 1076 384 2673 2680
5751 4 2 7 3 2603 2604 2582 2672
5752 4 2 7 3 1133 2653 2589 2685
5753 4 2 7 3 2836 2676 1211 2689
5754 4 2 7 3 689 2614 2663 2696
5755 4 2 7 3 1162 1202 1199 2727
5756 4 2 7 3 1113 699 2635 2642
5757 4 2 7 3 2587 2609 2632 2682
5758 4 2 7 3 2585 2601 2636 2706
5759 4 2 7 3 2619 2592 2661 2716
5760 4 2 7 3 2595 2628 2710 2717
5761 4 2 7 3 410 407 395 2708
5762 4 2 7 3 1238 1242 1225 2669
5763 4 2 7 3 705 1111 2630 2642
5764 4 2 7 3 2671 2713 2592 2716
5765 4 2 7 3 175 1211 1243 2689
5766 4 2 7 3 1184 2619 2581 2644
5767 4 2 7 3 1185 2622 1201 2671
5768 4 2 7 3 1222 1230 1211 2676
5769 4 2 7 3 1167 1215 1226 2641
5770 4 2 7 3 1194 2582 1180 2712
5771 4 2 7 3 2777 681 142 1120
5772 4 2 7 3 2591 2603 2580 2668
5773 4 2 7 3 2817 2670 715 2714
5774 4 2 7 3 414 413 2624 2708
5775 4 2 7 3 1100 1098 2693 2694
5776 4 2 7 3 2588 2593 2587 2609
5777 4 2 7 3 657 1079 2749 2657
5778 4 2 7 3 1156 1105 1166 1208
5779 4 2 7 3 1221 1211 1220 2639
5780 4 2 7 3 219 1203 1213 1228
5781 4 2 7 3 2574 2621 2598 2705
5782 4 2 7 3 2624 2708 413 2718
5783 4 2 7 3 1153 2694 2643 2719
5784 4 2 7 3 683 2629 2779 2663
5785 4 2 7 3 675 2763 1073 2653
5786 4 2 7 3 1169 2618 1180 2645
5787 4 2 7 3 1214 215 1088 1217
5788 4 2 7 3 1227 1242 1232 2669
5789 4 2 7 3 2576 2589 2586 2595
5790 4 2 7 3 2580 2668 2582 2690
5791 4 2 7 3 1102 2606 1103 2693
5792 4 2 7 3 1081 1101 1105 1158
5793 4 2 7 3 2599 2651 2638 2725
5794 4 2 7 3 2591 2639 2603 2668
5795 4 2 7 3 1163 1202 1162 2606
5796 4 2 7 3 2575 2690 2582 2712
5797 4 2 7 3 1169 2618 2645 2695
5798 4 2 7 3 1135 1083 405 2715
5799 4 2 7 3 1169 1147 1180 2618
5800 4 2 7 3 1129 2652 2611 2656
5801 4 2 7 3 2583 2608 2596 2679
5802 4 2 7 3 2678 2679 2634 2703
5803 4 2 7 3 2598 2611 2583 2680
5804 4 2 7 3 2599 2638 2607 2725
5805 4 2 7 3 1194 2623 2582 2712
5806 4 2 7 3 1209 1228 1215 1241
5807 4 2 7 3 385 1177 1145 2718
5808 4 2 7 3 2589 2653 2633 2685
5809 4 2 7 3 1163 1188 1202 2641
5810 4 2 7 3 2638 2647 2607 2706
5811 4 2 7 3 1114 2584 1132 2635
5812 4 2 7 3 1133 2589 1121 2685
5813 4 2 7 3 1103 2577 1100 2693
5814 4 2 7 3 727 2631 2623 2665
5815 4 2 7 3 1113 1114 2635 2666
5816 4 2 7 3 384 404 1076 2673
5817 4 2 7 3 2579 2664 2621 2705
5818 4 2 7 3 385 92 1145 1177
5819 4 2 7 3 2595 2627 2704 2710
5820 4 2 7 3 1189 2627 1206 2650
5821 4 2 7 3 2574 2579 2621 2705
5822 4 2 7 3 1090 1123 1115 2669
5823 4 2 7 3 1238 1212 1232 2669
5824 4 2 7 3 1117 1104 2606 2669
5825 4 2 7 3 1087 1105 1097 1208
5826 4 2 7 3 673 2612 2768 2655
5827 4 2 7 3 2768 2612 679 2655
5828 4 2 7 3 1109 1093 1134 2583
5829 4 2 7 3 675 2763 141 1073
5830 4 2 7 3 2609 2593 2709 2711
5831 4 2 7 3 2641 2669 2575 2690
5832 4 2 7 3 1183 2619 1184 2644
5833 4 2 7 3 1154 1152 1153 2694
5834 4 2 7 3 2600 2704 2646 2707
5835 4 2 7 3 1134 1129 1109 2634
5836 4 2 7 3 681 1120 2777 2667
5837 4 2 7 3 2583 2598 2574 2678
5838 4 2 7 3 2587 2609 2593 2632
5839 4 2 7 3 2596 2699 2658 2726
5840 4 2 7 3 1183 1184 1196 2644
5841 4 2 7 3 1162 1158 1157 2693
5842 4 2 7 3 2613 2648 2593 2711
5843 4 2 7 3 2637 2651 2599 2724
5844 4 2 7 3 1159 1196 1184 2581
5845 4 2 7 3 2585 2612 2601 2706
5846 4 2 7 3 1075 147 146 2805
5847 4 2 7 3 158 157 2741 1178
5848 4 2 7 3 1103 1132 1114 2584
5849 4 2 7 3 2739 654 655 2724
5850 4 2 7 3 699 1113 2635 2666
5851 4 2 7 3 2598 2652 2611 2680
5852 4 2 7 3 387 400 1150 2718
5853 4 2 7 3 1089 1082 2681 2721
5854 4 2 7 3 2607 2636 2596 2674
5855 4 2 7 3 682 2779 2629 2662
5856 4 2 7 3 2629 2667 2589 2685
5857 4 2 7 3 1119 1106 1133 2590
5858 4 2 7 3 2819 148 149 1077
5859 4 2 7 3 1088 1089 1082 2681
5860 4 2 7 3 2632 2682 2609 2709
5861 4 2 7 3 2625 2639 2591 2681
5862 4 2 7 3 2661 2709 2597 2723
5863 4 2 7 3 1210 1081 1170 1166
5864 4 2 7 3 176 1216 2838 2689
5865 4 2 7 3 2636 2674 2607 2706
5866 4 2 7 3 1105 1126 1166 1208
5867 4 2 7 3 1225 1224 1223 2690
5868 4 2 7 3 657 1079 138 2749
5869 4 2 7 3 675 2653 1073 2685
5870 4 2 7 3 2590 2601 2589 2633
5871 4 2 7 3 2798 1111 146 705
5872 4 2 7 3 1175 159 160 2755
5873 4 2 7 3 2582 2631 2618 2676
5874 4 2 7 3 2579 2626 2617 2637
5875 4 2 7 3 2662 2667 2629 2685
5876 4 2 7 3 2600 2595 2704 2707
5877 4 2 7 3 1145 1150 93 400
5878 4 2 7 3 1102 1104 1103 2606
5879 4 2 7 3 1184 2581 1196 2644
5880 4 2 7 3 1105 1166 1081 1158
5881 4 2 7 3 1216 177 2838 2695
5882 4 2 7 3 1145 1177 1173 2718
5883 4 2 7 3 2614 2595 2707 2717
5884 4 2 7 3 162 163 1189 2776
5885 4 2 7 3 2596 2608 2607 2674
5886 4 2 7 3 1078 1232 1115 2669
5887 4 2 7 3 1143 158 159 2748
5888 4 2 7 3 1091 1108 1109 2611
5889 4 2 7 3 706 705 2630 2642
5890 4 2 7 3 2583 2611 1109 2680
5891 4 2 7 3 2603 2639 2591 2684
5892 4 2 7 3 1101 1081 1116 1158
5893 4 2 7 3 1157 1159 1160 2693
5894 4 2 7 3 1120 2667 681 2685
5895 4 2 7 3 2574 2708 2624 2718
5896 4 2 7 3 694 2696 2620 2698
5897 4 2 7 3 2654 2671 2592 2716
5898 4 2 7 3 387 1150 94 1140
5899 4 2 7 3 1110 1075 1112 2683
5900 4 2 7 3 2589 2667 1136 2685
5901 4 2 7 3 2799 2642 706 2723
5902 4 2 7 3 700 2642 2799 2723
5903 4 2 7 3 395 393 394 2705
5904 4 2 7 3 1201 1185 1171 2622
5905 4 2 7 3 2614 2616 2594 2696
5906 4 2 7 3 1219 2681 1233 2721
5907 4 2 7 3 2733 39 388 2688
5908 4 2 7 3 386 391 405 2715
5909 4 2 7 3 1144 1171 1185 2622
5910 4 2 7 3 1242 2669 2641 2690
5911 4 2 7 3 2585 2607 2647 2706
5912 4 2 7 3 163 164 1137 2783
5913 4 2 7 3 401 91 385 1148
5914 4 2 7 3 1122 1088 1095 2681
5915 4 2 7 3 658 2703 2634 2726
5916 4 2 7 3 2585 2590 2573 2596
5917 4 2 7 3 2582 2603 2580 2604
5918 4 2 7 3 2611 2678 652 2700
5919 4 2 7 3 408 1080 398 2643
5920 4 2 7 3 170 171 1169 2832
5921 4 2 7 3 1082 1233 2681 2721
5922 4 2 7 3 1129 138 137 2742
5923 4 2 7 3 2592 2713 2661 2716
5924 4 2 7 3 1241 1242 2641 2690
5925 4 2 7 3 149 150 2826 1130
5926 4 2 7 3 1201 2619 1138 2654
5927 4 2 7 3 1233 1082 213 2721
5928 4 2 7 3 714 2632 2808 2709
5929 4 2 7 3 1202 1141 1199 2727
5930 4 2 7 3 1214 1088 214 1233
5931 4 2 7 3 1235 1223 1221 2668
5932 4 2 7 3 1174 1188 1163 2712
5933 4 2 7 3 1095 1088 215 1217
5934 4 2 7 3 2595 2646 2600 2704
5935 4 2 7 3 2584 2635 1114 2666
5936 4 2 7 3 2769 162 161 1181
5937 4 2 7 3 2604 2631 2582 2672
5938 4 2 7 3 1226 2641 1227 2727
5939 4 2 7 3 1098 1100 1099 2694
5940 4 2 7 3 1136 1074 2667 2697
5941 4 2 7 3 1151 1153 1152 2643
5942 4 2 7 3 1135 384 1076 2680
5943 4 2 7 3 685 2704 2627 2710
5944 4 2 7 3 2596 2607 2585 2636
5945 4 2 7 3 397 395 396 2708
5946 4 2 7 3 161 160 2762 1139
5947 4 2 7 3 387 414 413 2624
5948 4 2 7 3 1091 137 136 2735
5949 4 2 7 3 1108 1109 2611 2680
5950 4 2 7 3 1145 2624 1150 2718
5951 4 2 7 3 1165 1097 1087 1128
5952 4 2 7 3 1203 219 1142 1228
5953 4 2 7 3 2611 652 2678 2703
5954 4 2 7 3 2600 2646 2640 2707
5955 4 2 7 3 2739 655 2626 2724
5956 4 2 7 3 2583 2678 2608 2679
5957 4 2 7 3 2601 2628 2589 2633
5958 4 2 7 3 2623 2631 2604 2665
5959 4 2 7 3 1083 1108 1091 2715
5960 4 2 7 3 2590 2602 2596 2658
5961 4 2 7 3 2574 2673 2624 2708
5962 4 2 7 3 1166 1081 1170 1126
5963 4 2 7 3 1150 1172 1151 2624
5964 4 2 7 3 2586 2612 2650 2710
5965 4 2 7 3 38 2733 388 2686
5966 4 2 7 3 2610 2665 2604 2714
5967 4 2 7 3 2598 2678 2611 2700
5968 4 2 7 3 715 2622 2713 2714
5969 4 2 7 3 1224 1225 1241 2690
5970 4 2 7 3 1113 1114 1132 2635
5971 4 2 7 3 670 2658 2675 2720
5972 4 2 7 3 2582 2672 2631 2676
5973 4 2 7 3 1145 1172 2624 2718
5974 4 2 7 3 2595 2600 2578 2614
5975 4 2 7 3 145 144 1113 2791
5976 4 2 7 3 2629 2633 2628 2691
5977 4 2 7 3 2600 2692 2615 2707
5978 4 2 7 3 2599 2724 2651 2725
5979 4 2 7 3 2621 2660 2608 2678
5980 4 2 7 3 2602 2658 664 2726
5981 4 2 7 3 683 2629 2663 2691
5982 4 2 7 3 1202 1188 1167 2641
5983 4 2 7 3 1215 1167 1209 2641
5984 4 2 7 3 1134 1079 2634 2657
5985 4 2 7 3 2587 2592 2622 2632
5986 4 2 7 3 1185 2670 2622 2671
5987 4 2 7 3 2618 2676 2631 2689
5988 4 2 7 3 1232 212 1115 1212
5989 4 2 7 3 2619 2644 1138 2654
5990 4 2 7 3 1188 1194 1180 2712
5991 4 2 7 3 670 2658 2757 2675
5992 4 2 7 3 664 2757 2658 2675
5993 4 2 7 3 1229 218 1147 1213
5994 4 2 7 3 1089 1088 1122 2681
5995 4 2 7 3 408 398 1193 2643
5996 4 2 7 3 2616 2661 2597 2723
5997 4 2 7 3 1136 1114 1074 2620
5998 4 2 7 3 2596 2658 2602 2726
5999 4 2 7 3 2592 2632 2597 2661
6000 4 2 7 3 1094 2643 1097 2694
6001 4 2 7 3 2790 165 164 1186
6002 4 2 7 3 2585 2601 2590 2636
6003 4 2 7 3 414 410 397 2708
6004 4 2 7 3 1174 2610 1179 2712
6005 4 2 7 3 1117 1078 1123 2669
6006 4 2 7 3 1238 1232 1242 2669
6007 4 2 7 3 2586 2576 2601 2628
6008 4 2 7 3 400 92 1145 385
6009 4 2 7 3 1216 1237 177 2695
6010 4 2 7 3 721 2665 2610 2714
6011 4 2 7 3 1091 2611 1129 2652
6012 4 2 7 3 2585 2636 2607 2706
6013 4 2 7 3 706 2630 2711 2723
6014 4 2 7 3 169 168 2818 1144
6015 4 2 7 3 1134 2634 2602 2657
6016 4 2 7 3 1226 1141 2641 2727
6017 4 2 7 3 2612 2585 2647 2706
6018 4 2 7 3 2574 2598 2583 2680
6019 4 2 7 3 1119 1133 1073 2653
6020 4 2 7 3 1141 1192 1199 2727
6021 4 2 7 3 387 1150 2624 2718
6022 4 2 7 3 2586 2595 2628 2710
6023 4 2 7 3 2597 2711 2630 2723
6024 4 2 7 3 1157 1160 1162 2693
6025 4 2 7 3 1119 1134 1106 2602
6026 4 2 7 3 406 97 98 1149
6027 4 2 7 3 2591 2639 2625 2684
6028 4 2 7 3 1094 1093 2643 2719
6029 4 2 7 3 1121 2589 1136 2685
6030 4 2 7 3 400 385 1145 2718
6031 4 2 7 3 1166 1210 1081 1158
6032 4 2 7 3 2594 2614 2584 2616
6033 4 2 7 3 1179 2659 2610 2670
6034 4 2 7 3 39 409 388 2688
6035 4 2 7 3 1135 75 384 405
6036 4 2 7 3 1155 1156 1154 2694
6037 4 2 7 3 72 71 1128 408
6038 4 2 7 3 1126 1105 1087 1208
6039 4 2 7 3 2629 2662 2779 2663
6040 4 2 7 3 384 404 74 1076
6041 4 2 7 3 2632 2661 2592 2713
6042 4 2 7 3 1233 213 1212 2721
6043 4 2 7 3 2581 2584 2578 2614
6044 4 2 7 3 1133 1106 1099 2719
6045 4 2 7 3 703 2619 2692 2716
6046 4 2 7 3 2586 2627 2595 2710
6047 4 2 7 3 169 170 1179 2825
6048 4 2 7 3 1076 1108 1135 2680
6049 4 2 7 3 2577 2581 2592 2597
6050 4 2 7 3 388 38 39 2733
6051 4 2 7 3 2838 176 177 1216
6052 4 2 7 3 1102 1116 1117 2727
6053 4 2 7 3 1149 224 225 1234
6054 4 2 7 3 146 145 1111 2798
6055 4 2 7 3 2597 2661 2632 2709
6056 4 2 7 3 139 140 2756 1119
6057 4 2 7 3 386 1083 1107 2715
6058 4 2 7 3 166 165 2797 1183
6059 4 2 7 3 2600 2615 2614 2707
6060 4 2 7 3 2622 2670 2610 2714
6061 4 2 7 3 2594 2662 2629 2663
6062 4 2 7 3 1218 1214 1219 2681
6063 4 2 7 3 2658 2677 2590 2720
6064 4 2 7 3 2600 2614 2595 2707
6065 4 2 7 3 2662 2663 2594 2696
6066 4 2 7 3 2616 2620 2594 2696
6067 4 2 7 3 2595 2663 2628 2717
6068 4 2 7 3 1216 1229 1237 2695
6069 4 2 7 3 1236 1081 1192 2727
6070 4 2 7 3 2622 2592 2671 2713
6071 4 2 7 3 1090 1082 1089 2721
6072 4 2 7 3 2746 655 654 2724
6073 4 2 7 3 414 2624 2673 2708
6074 4 2 7 3 2593 2597 2709 2711
6075 4 2 7 3 217 1229 1147 2695
6076 4 2 7 3 1133 1099 1136 2589
6077 4 2 7 3 1183 1138 2619 2644
6078 4 2 7 3 1115 213 1082 2721
6079 4 2 7 3 2653 2658 2590 2720
6080 4 2 7 3 2585 2596 2573 2607
6081 4 2 7 3 401 388 409 2688
6082 4 2 7 3 390 34 35 2729
6083 4 2 7 3 172 173 2834 1218
6084 4 2 7 3 1078 212 1115 1232
6085 4 2 7 3 2777 142 143 1120
6086 4 2 7 3 399 1092 404 2673
6087 4 2 7 3 222 1192 1141 2727
6088 4 2 7 3 2593 2597 2592 2632
6089 4 2 7 3 1198 1178 1148 2688
6090 4 2 7 3 1215 1242 1226 2641
6091 4 2 7 3 411 385 400 2718
6092 4 2 7 3 700 2698 2635 2723
6093 4 2 7 3 216 2833 1095 1217
6094 4 2 7 3 1094 2694 1099 2719
6095 4 2 7 3 2583 2574 2608 2678
6096 4 2 7 3 1107 136 6 2728
6097 4 2 7 3 715 2670 2622 2714
6098 4 2 7 3 2590 2636 2677 2699
6099 4 2 7 3 2605 2649 2613 2702
6100 4 2 7 3 1094 1106 1093 2719
6101 4 2 7 3 2589 2601 2576 2628
6102 4 2 7 3 2582 2604 2575 2712
6103 4 2 7 3 2604 2623 2582 2631
6104 4 2 7 3 1134 1079 1129 2634
6105 4 2 7 3 1130 150 2826 1122
6106 4 2 7 3 1194 1169 1180 2645
6107 4 2 7 3 386 405 76 1083
6108 4 2 7 3 2578 2581 2577 2584
6109 4 2 7 3 1188 1209 1167 2641
6110 4 2 7 3 2577 2584 2581 2597
6111 4 2 7 3 166 167 1138 2804
6112 4 2 7 3 2812 147 148 1110
6113 4 2 7 3 2582 2623 2604 2712
6114 4 2 7 3 2580 2582 2575 2690
6115 4 2 7 3 1114 2620 2584 2666
6116 4 2 7 3 1094 2643 2694 2719
6117 4 2 7 3 2600 2640 2692 2707
6118 4 2 7 3 1091 1107 1083 2715
6119 4 2 7 3 141 142 2770 1121
6120 4 2 7 3 2574 2680 2673 2708
6121 4 2 7 3 389 386 77 1107
6122 4 2 7 3 400 1150 93 387
6123 4 2 7 3 1078 1115 1123 2669
6124 4 2 7 3 1215 221 1167 1226
6125 4 2 7 3 1079 2657 2602 2675
6126 4 2 7 3 1091 1109 1129 2611
6127 4 2 7 3 1172 1150 1145 2624
6128 4 2 7 3 2593 2609 2588 2613
6129 4 2 7 3 2581 2614 2600 2615
6130 4 2 7 3 2614 2663 2595 2717
6131 4 2 7 3 1113 2620 1114 2666
6132 4 2 7 3 1148 91 385 1177
6133 4 2 7 3 2615 2692 2619 2716
6134 4 2 7 3 2586 2589 2576 2628
6135 4 2 7 3 2581 2578 2600 2614
6136 4 2 7 3 2653 2675 2658 2720
6137 4 2 7 3 1120 1136 1074 2667
6138 4 2 7 3 2581 2600 2644 2692
6139 4 2 7 3 2589 2590 2576 2601
6140 4 2 7 3 1081 1170 209 1210
6141 4 2 7 3 1093 1080 2643 2673
6142 4 2 7 3 2595 2614 2594 2663
6143 4 2 7 3 386 390 391 2715
6144 4 2 7 3 176 1243 1216 2689
6145 4 2 7 3 2594 2667 2662 2697
6146 4 2 7 3 1134 2602 1079 2657
6147 4 2 7 3 1129 2634 1079 2656
6148 4 2 7 3 1075 1111 2630 2648
6149 4 2 7 3 2628 2633 2601 2677
6150 4 2 7 3 2835 173 174 1220
6151 4 2 7 3 392 35 36 2730
6152 4 2 7 3 2583 2634 2678 2679
6153 4 2 7 3 706 2642 2630 2723
6154 4 2 7 3 1170 1240 209 1210
6155 4 2 7 3 167 168 1185 2811
6156 4 2 7 3 1236 1192 1081 1210
6157 4 2 7 3 1082 214 1088 1233
6158 4 2 7 3 1075 1111 1132 2630
6159 4 2 7 3 1194 1174 1179 2712
6160 4 2 7 3 1092 399 1080 2673
6161 4 2 7 3 1183 1138 1184 2619
6162 4 2 7 3 1219 1233 1235 2721
6163 4 2 7 3 1093 1076 2673 2680
6164 4 2 7 3 1138 1201 1184 2619
6165 4 2 7 3 2584 2594 2578 2614
6166 4 2 7 3 1102 1103 1100 2693
6167 4 2 7 3 664 2658 2602 2675
6168 4 2 7 3 1215 1241 1242 2641
6169 4 2 7 3 1144 1179 1174 2610
6170 4 2 7 3 1115 1212 213 2721
6171 4 2 7 3 2588 2609 2605 2613
6172 4 2 7 3 1132 2630 1111 2642
6173 4 2 7 3 2656 2678 2634 2703
6174 4 2 7 3 1122 150 2833 1095
6175 4 2 7 3 1074 144 143 2784
6176 4 2 7 3 2628 2663 2629 2691
6177 4 2 7 3 655 2724 2746 2725
6178 4 2 7 3 1233 1212 1235 2721
6179 4 2 7 3 1121 1133 1136 2589
6180 4 2 7 3 2833 150 12 1095
6181 4 2 7 3 1195 1155 1153 2694
6182 4 2 7 3 1126 1166 1081 1105
6183 4 2 7 3 2602 2657 2634 2726
6184 4 2 7 3 1203 1147 218 1213
6185 4 2 7 3 1237 1229 217 2695
6186 4 2 7 3 2635 2698 2616 2723
6187 4 2 7 3 2581 2615 2600 2692
6188 4 2 7 3 2582 2618 2631 2645
6189 4 2 7 3 1119 2653 1073 2675
6190 4 2 7 3 1170 1166 1126 1146
6191 4 2 7 3 1117 1104 1102 2606
6192 4 2 7 3 2763 140 141 1073
6193 4 2 7 3 2590 2658 2653 2675
6194 4 2 7 3 2620 2696 2616 2698
6195 4 2 7 3 2594 2595 2578 2614
6196 4 2 7 3 222 1141 1226 2727
6197 4 2 7 3 1134 1119 1079 2602
6198 4 2 7 3 2597 2632 2593 2709
6199 4 2 7 3 409 90 401 2688
6200 4 2 7 3 2732 415 37 2701
6201 4 2 7 3 2592 2593 2577 2597
6202 4 2 7 3 2583 2656 2611 2678
6203 4 2 7 3 414 2673 410 2708
6204 4 2 7 3 1092 1076 404 2673
6205 4 2 7 3 1236 1116 1081 2727
6206 4 2 7 3 2583 2634 2656 2678
6207 4 2 7 3 1093 1109 1076 2680
6208 4 2 7 3 1185 1144 2622 2670
6209 4 2 7 3 2593 2630 2597 2711
6210 4 2 7 3 410 414 404 2673
6211 4 2 7 3 2590 2636 2601 2677
6212 4 2 7 3 2593 2632 2609 2709
6213 4 2 7 3 399 404 414 2673
6214 4 2 7 3 2586 2650 2627 2710
6215 4 2 7 3 90 1148 401 2688
6216 4 2 7 3 1082 1090 1115 2721
6217 4 2 7 3 1243 1230 1216 2689
6218 4 2 7 3 1142 220 1209 1228
6219 4 2 7 3 1155 1154 1153 2694
6220 4 2 7 3 1084 97 1146 412
6221 4 2 7 3 1100 1098 1101 2693
6222 4 2 7 3 1149 1085 224 1234
6223 4 2 7 3 1141 1167 221 1226
6224 4 2 7 3 171 13 1200 2839
6225 4 2 7 3 1081 1096 1170 1126
6226 4 2 7 3 1097 1094 1080 2643
6227 4 2 7 3 1093 1092 1080 2673
6228 4 2 7 3 1179 2610 1144 2670
6229 4 2 7 3 94 387 1140 398
6230 4 2 7 3 2649 2683 2613 2702
6231 4 2 7 3 2575 2582 2580 2604
6232 4 2 7 3 388 415 38 2686
6233 4 2 7 3 2600 2640 2644 2692
6234 4 2 7 3 2627 2646 2595 2704
6235 4 2 7 3 2590 2677 2658 2699
6236 4 2 7 3 413 396 400 2718
6237 4 2 7 3 37 383 2731 2701
6238 4 2 7 3 1094 1098 1099 2694
6239 4 2 7 3 2836 174 175 1211
6240 4 2 7 3 383 36 37 2731
6241 4 2 7 3 1094 1097 1098 2694
6242 4 2 7 3 8 157 1198 2734
6243 4 2 7 3 415 388 402 2686
6244 4 2 7 3 1079 139 138 2749
6245 4 2 7 3 1080 1094 1093 2643
6246 4 2 7 3 2628 2629 2589 2633
6247 4 2 7 3 1083 77 386 1107
6248 4 2 7 3 2611 2652 2598 2700
6249 4 2 7 3 1146 1204 97 1084
6250 4 2 7 3 2594 2663 2614 2696
6251 4 2 7 3 1085 207 208 1234
6252 4 2 7 3 2594 2616 2584 2620
6253 4 2 7 3 97 1205 1146 412
6254 4 2 7 3 39 2734 409 2688
6255 4 2 7 3 1191 226 17 1127
6256 4 2 7 3 383 415 402 2701
6257 4 2 7 3 2635 2642 700 2723
6258 4 2 7 3 78 389 1107 2728
6259 4 2 7 3 2633 2685 2653 2720
6260 4 2 7 3 1125 406 98 1149
6261 4 2 7 3 405 1135 76 1083
6262 4 2 7 3 177 1237 2839 2695
6263 4 2 7 3 2582 2631 2623 2645
6264 4 2 7 3 397 410 395 2708
6265 4 2 7 3 2597 2635 2616 2723
6266 4 2 7 3 17 3 2 1191
6267 4 2 7 3 2593 2648 2630 2711
6268 4 2 7 3 1117 1116 1118 2727
6269 4 2 7 3 1191 3 68 1127
6270 4 2 7 3 1079 2602 1119 2675
6271 4 2 7 3 2 68 99 1191
6272 4 2 7 3 1128 1205 1165 1193
6273 4 2 7 3 97 406 1125 1149
6274 4 2 7 3 37 38 415 2732
6275 4 2 7 3 1188 1174 1194 2712
6276 4 2 7 3 2630 2642 2597 2723
6277 4 2 7 3 1113 1074 1114 2620
6278 4 2 7 3 1094 1099 1106 2719
6279 4 2 7 3 217 218 1147 1229
6280 4 2 7 3 1074 2620 2666 2697
6281 4 2 7 3 396 411 400 2718
6282 4 2 7 3 404 1092 74 1076
6283 4 2 7 3 1076 75 384 1135
6284 4 2 7 3 1084 1204 97 1125
6285 4 2 7 3 1236 210 209 1081
6286 4 2 7 3 2601 2633 2590 2677
6287 4 2 7 3 211 1078 1227 1232
6288 4 2 7 3 406 69 70 1125
6289 4 2 7 3 2611 2678 2656 2703
6290 4 2 7 3 409 2734 1198 2688
6291 4 2 7 3 68 2 3 1191
6292 4 2 7 3 2619 2654 2592 2716
6293 4 2 7 3 1100 1101 1102 2693
6294 4 2 7 3 1208 1126 1166 1146
6295 4 2 7 3 6 34 389 2728
6296 4 2 7 3 1228 220 1209 1215
6297 4 2 7 3 2581 2644 2619 2692
6298 4 2 7 3 225 1085 1149 1234
6299 4 2 7 3 2732 38 415 2686
6300 4 2 7 3 389 78 6 2728
6301 4 2 7 3 221 1167 1209 1215
6302 4 2 7 3 1126 1096 1170 1146
6303 4 2 7 3 1208 1087 1126 1146
6304 4 2 7 3 209 1096 1170 1081
6305 4 2 7 3 1170 223 1240 1210
6306 4 2 7 3 1076 1092 1093 2673
6307 4 2 7 3 1165 1087 1208 1205
6308 4 2 7 3 1076 1109 1108 2680
6309 4 2 7 3 1074 2620 1113 2666
6310 4 2 7 3 2602 2658 2590 2675
6311 4 2 7 3 1086 1168 68 1127
6312 4 2 7 3 70 97 1084 412
6313 4 2 7 3 2589 2633 2629 2685
6314 4 2 7 3 1165 1087 1205 1128
6315 4 2 7 3 2584 2635 2666 2698
6316 4 2 7 3 383 37 415 2701
6317 4 2 7 3 1146 1126 1096 1084
6318 4 2 7 3 1081 223 1236 1210
6319 4 2 7 3 2597 2642 2635 2723
6320 4 2 7 3 226 206 17 1127
6321 4 2 7 3 2581 2619 2615 2692
6322 4 2 7 3 76 77 386 1083
6323 4 2 7 3 98 69 406 1125
6324 4 2 7 3 1080 72 398 399
6325 4 2 7 3 1205 71 1087 1084
6326 4 2 7 3 209 223 1081 1210
6327 4 2 7 3 2584 2616 2635 2698
6328 4 2 7 3 398 1140 95 1193
6329 4 2 7 3 223 209 1240 1210
6330 4 2 7 3 399 1080 73 1092
6331 4 2 7 3 206 1168 1086 1127
6332 4 2 7 3 69 99 1168 98
6333 4 2 7 3 73 399 1092 404
6334 4 2 7 3 401 90 91 1148
6335 4 2 7 3 208 224 1085 1234
6336 4 2 7 3 93 92 1145 400
6337 4 2 7 3 1118 211 1078 1227
6338 4 2 7 3 206 16 17 1127
6339 4 2 7 3 1096 1204 1084 1125
6340 4 2 7 3 2584 2616 2597 2635
6341 4 2 7 3 91 92 385 1177
6342 4 2 7 3 208 224 1096 1085
6343 4 2 7 3 224 1240 1096 1170
6344 4 2 7 3 1125 1204 97 1149
6345 4 2 7 3 1205 1087 71 1128
6346 4 2 7 3 2584 2666 2620 2698
6347 4 2 7 3 224 1204 1085 1149
6348 4 2 7 3 1142 219 220 1228
6349 4 2 7 3 1084 1205 71 412
6350 4 2 7 3 1078 211 212 1232
6351 4 2 7 3 1191 1168 226 1127
6352 4 2 7 3 1107 6 78 2728
6353 4 2 7 3 1146 1087 1126 1084
6354 4 2 7 3 2584 2620 2616 2698
6355 4 2 7 3 1148 90 1198 2688
6356 4 2 7 3 97 70 1084 1125
6357 4 2 7 3 1084 1146 1205 412
6358 4 2 7 3 1096 1204 1125 1085
6359 4 2 7 3 1204 1096 224 1085
6360 4 2 7 3 2833 216 12 1217
6361 4 2 7 3 409 1198 90 2688
6362 4 2 7 3 1096 1240 209 1170
6363 4 2 7 3 1088 214 215 1214
6364 4 2 7 3 98 1168 1086 1149
6365 4 2 7 3 1085 1125 1086 1149
6366 4 2 7 3 1084 71 70 412
6367 4 2 7 3 1205 1128 408 1193
6368 4 2 7 3 1086 1125 69 1149
6369 4 2 7 3 210 1236 1116 1081
6370 4 2 7 3 69 98 1086 1149
6371 4 2 7 3 1115 212 213 1212
6372 4 2 7 3 1085 1086 225 1149
6373 4 2 7 3 2833 12 172 1217
6374 4 2 7 3 210 1226 1227 2727
6375 4 2 7 3 98 69 1125 1149
6376 4 2 7 3 226 225 207 1086
6377 4 2 7 3 8 39 2734 409
6378 4 2 7 3 1204 224 1096 1170
6379 4 2 7 3 210 1227 1118 2727
6380 4 2 7 3 209 223 1236 1081
6381 4 2 7 3 1086 1168 225 1149
6382 4 2 7 3 222 1236 1192 2727
6383 4 2 7 3 215 216 1095 1217
6384 4 2 7 3 1168 68 69 1086
6385 4 2 7 3 1082 213 214 1233
6386 4 2 7 3 1118 1116 210 2727
6387 4 2 7 3 225 226 1168 1086
6388 4 2 7 3 1150 94 93 387
6389 4 2 7 3 384 74 75 1076
6390 4 2 7 3 177 13 2839 1237
6391 4 2 7 3 1146 1205 1087 1084
6392 4 2 7 3 99 69 1168 68
6393 4 2 7 3 1240 208 224 1096
6394 4 2 7 3 1096 1204 1146 1084
6395 4 2 7 3 409 2734 8 1198
6396 4 2 7 3 206 226 1168 1127
6397 4 2 7 3 220 221 1209 1215
6398 4 2 7 3 1236 210 1116 2727
6399 4 2 7 3 69 98 1168 1086
6400 4 2 7 3 76 75 1135 405
6401 4 2 7 3 1087 1208 1205 1146
6402 4 2 7 3 222 1226 1236 2727
6403 4 2 7 3 1092 74 73 404
6404 4 2 7 3 225 207 1085 1234
6405 4 2 7 3 1096 1204 1170 1146
6406 4 2 7 3 218 219 1203 1213
6407 4 2 7 3 209 208 1240 1096
6408 4 2 7 3 389 77 78 1107
6409 4 2 7 3 1204 1125 1085 1149
6410 4 2 7 3 1192 1236 223 1210
6411 4 2 7 3 70 97 406 1125
6412 4 2 7 3 409 8 90 1198
6413 4 2 7 3 12 216 2833 1095
6414 4 2 7 3 1140 95 94 398
6415 4 2 7 3 1080 398 72 408
6416 4 2 7 3 1086 225 207 1085
6417 4 2 7 3 207 206 226 1086
6418 4 2 7 3 1141 221 222 1226
6419 4 2 7 3 1128 1080 72 408
6420 4 2 7 3 96 71 1205 412
6421 4 2 7 3 408 398 95 1193
6422 4 2 7 3 1168 226 206 1086
6423 4 2 7 3 210 1236 1226 2727
6424 4 2 7 3 96 1205 408 1193
6425 4 2 7 3 73 72 1080 399
6426 4 2 7 3 1118 210 211 1227
6427 4 2 7 3 1236 223 222 1192
6428 4 2 7 3 95 96 408 1193
6429 4 2 7 3 172 2833 1218 2681
6430 4 2 7 3 659 2751 665 2726
6431 4 2 7 3 2835 731 2836 174
6432 4 2 7 3 2835 2836 731 2639
6433 4 2 7 3 1211 2835 2836 174
6434 4 2 7 3 1211 2836 2835 2639
6435 4 2 7 3 1220 2835 1211 174
6436 4 2 7 3 1220 1211 2835 2639
6437 4 2 7 3 383 2731 2730 36
6438 4 2 7 3 383 2730 2731 2701
6439 4 2 7 3 647 2730 2731 36
6440 4 2 7 3 647 2731 2730 2701
6441 4 2 7 3 2729 2715 2728 645
6442 4 2 7 3 2728 2715 2729 390
6443 4 2 7 3 2728 34 2729 645
6444 4 2 7 3 2729 34 2728 390
6445 4 2 7 3 694 2785 2786 688
6446 4 2 7 3 694 2786 2785 2697
6447 4 2 7 3 2786 2785 2662 688
6448 4 2 7 3 2786 2662 2785 2697
6449 4 2 7 3 2794 695 2614 696
6450 4 2 7 3 2614 695 2794 2616
6451 4 2 7 3 2614 2615 2794 696
6452 4 2 7 3 2794 2615 2614 2616
6453 4 2 7 3 682 2771 2772 676
6454 4 2 7 3 2633 2771 2720 676
6455 4 2 7 3 2633 2720 2771 2685
6456 4 2 7 3 2772 2771 2633 676
6457 4 2 7 3 2772 2633 2771 2685
6458 4 2 7 3 2639 2835 2834 730
6459 4 2 7 3 2639 2834 2835 1220
6460 4 2 7 3 173 2834 2835 730
6461 4 2 7 3 173 2835 2834 1220
6462 4 2 7 3 35 2730 2729 646
6463 4 2 7 3 2729 2730 35 392
6464 4 2 7 3 2598 2715 2729 646
6465 4 2 7 3 2729 2715 2598 392
6466 4 2 7 3 2730 2598 2729 646
6467 4 2 7 3 2729 2598 2730 392
6468 4 2 7 3 660 2752 2608 659
6469 4 2 7 3 660 2608 2752 2674
6470 4 2 7 3 2596 2608 2752 659
6471 4 2 7 3 2596 2752 2608 2674
6472 4 2 7 3 2596 2752 2636 665
6473 4 2 7 3 2596 2636 2752 2674
6474 4 2 7 3 666 2636 2752 665
6475 4 2 7 3 666 2752 2636 2674
6476 4 2 7 3 2837 175 2836 732
6477 4 2 7 3 2837 2836 175 2689
6478 4 2 7 3 2595 1206 1161 1187
6479 4 2 7 3 2595 1161 1206 2586
6480 4 2 7 3 677 2766 2628 678
6481 4 2 7 3 677 2628 2766 2677
6482 4 2 7 3 2601 2628 2766 678
6483 4 2 7 3 2601 2766 2628 2677
6484 4 2 7 3 2601 2766 2636 672
6485 4 2 7 3 2601 2636 2766 2677
6486 4 2 7 3 671 2636 2766 672
6487 4 2 7 3 671 2766 2636 2677
6488 4 2 7 3 2664 2617 2705 2579
6489 4 2 7 3 2664 2705 2617 403
6490 4 2 7 3 411 2705 2617 2579
6491 4 2 7 3 411 2617 2705 403
6492 4 2 7 3 2618 1239 2676 1231
6493 4 2 7 3 2618 2676 1239 2582
6494 4 2 7 3 1222 2676 1239 1231
6495 4 2 7 3 1222 1239 2676 2582
6496 4 2 7 3 2714 2665 2823 721
6497 4 2 7 3 2724 2746 2599 2608
6498 4 2 7 3 2724 2599 2746 2725
6499 4 2 7 3 2674 2599 2746 2608
6500 4 2 7 3 2674 2746 2599 2725
6501 4 2 7 3 2694 1152 1097 1154
6502 4 2 7 3 2694 1097 1152 2643
6503 4 2 7 3 2672 2823 2604 2665
6504 4 2 7 3 2672 2604 2823 2722
6505 4 2 7 3 2682 2823 2604 2722
6506 4 2 7 3 2637 2741 1143 656
6507 4 2 7 3 2637 1143 2741 1178
6508 4 2 7 3 158 1143 2741 656
6509 4 2 7 3 158 2741 1143 1178
6510 4 2 7 3 2684 2828 2687 2603
6511 4 2 7 3 2722 2687 726 2603
6512 4 2 7 3 730 2828 2639 731
6513 4 2 7 3 730 2639 2828 2684
6514 4 2 7 3 2603 2639 2828 731
6515 4 2 7 3 2603 2828 2639 2684
6516 4 2 7 3 1179 2645 2832 1169
6517 4 2 7 3 2832 170 1179 1169
6518 4 2 7 3 2592 1171 2622 1201
6519 4 2 7 3 2592 2622 1171 2587
6520 4 2 7 3 2683 1124 1112 1110
6521 4 2 7 3 2683 1112 1124 2613
6522 4 2 7 3 1129 2652 2735 1091
6523 4 2 7 3 2735 137 1129 1091
6524 4 2 7 3 2646 2595 1187 2627
6525 4 2 7 3 2646 1187 2595 2600
6526 4 2 7 3 2684 2827 2702 724
6527 4 2 7 3 2684 2702 2827 2625
6528 4 2 7 3 729 2827 2681 730
6529 4 2 7 3 2681 2827 729 2625
6530 4 2 7 3 2827 2639 2681 730
6531 4 2 7 3 2681 2639 2827 2625
6532 4 2 7 3 2827 2684 2639 730
6533 4 2 7 3 2639 2684 2827 2625
6534 4 2 7 3 2651 1175 2748 1143
6535 4 2 7 3 159 2748 1175 1143
6536 4 2 7 3 1161 2694 2578 1155
6537 4 2 7 3 2578 2694 1161 2576
6538 4 2 7 3 2701 393 392 2598
6539 4 2 7 3 2701 392 393 383
6540 4 2 7 3 2638 1139 2755 1175
6541 4 2 7 3 160 2755 1139 1175
6542 4 2 7 3 2724 2740 2725 655
6543 4 2 7 3 2724 2725 2740 2637
6544 4 2 7 3 2626 2740 2724 655
6545 4 2 7 3 2626 2724 2740 2637
6546 4 2 7 3 650 2740 2617 649
6547 4 2 7 3 650 2617 2740 2637
6548 4 2 7 3 2626 2617 2740 649
6549 4 2 7 3 2626 2740 2617 2637
6550 4 2 7 3 2831 734 2618 733
6551 4 2 7 3 2618 734 2831 2645
6552 4 2 7 3 2618 2631 2831 733
6553 4 2 7 3 2831 2631 2618 2645
6554 4 2 7 3 2831 2631 2623 727
6555 4 2 7 3 2623 2631 2831 2645
6556 4 2 7 3 2623 728 2831 727
6557 4 2 7 3 2831 728 2623 2645
6558 4 2 7 3 2640 1183 2790 1186
6559 4 2 7 3 165 2790 1183 1186
6560 4 2 7 3 1137 2640 2790 1186
6561 4 2 7 3 2790 164 1137 1186
6562 4 2 7 3 1220 2681 2834 1218
6563 4 2 7 3 2834 2681 1220 2639
6564 4 2 7 3 2736 2700 2611 652
6565 4 2 7 3 2611 2700 2736 2652
6566 4 2 7 3 2700 2736 2715 646
6567 4 2 7 3 2700 2715 2736 2652
6568 4 2 7 3 645 2715 2736 646
6569 4 2 7 3 645 2736 2715 2652
6570 4 2 7 3 403 2686 2664 402
6571 4 2 7 3 2664 2686 403 2617
6572 4 2 7 3 2703 2743 2611 652
6573 4 2 7 3 2703 2611 2743 2656
6574 4 2 7 3 657 2743 2634 658
6575 4 2 7 3 657 2634 2743 2656
6576 4 2 7 3 2703 2634 2743 658
6577 4 2 7 3 2703 2743 2634 2656
6578 4 2 7 3 2647 668 2754 2638
6579 4 2 7 3 2706 2647 2754 2638
6580 4 2 7 3 2754 2706 2607 667
6581 4 2 7 3 2607 2706 2754 2638
6582 4 2 7 3 2754 2607 2725 661
6583 4 2 7 3 2725 2607 2754 2638
6584 4 2 7 3 2647 2762 2655 674
6585 4 2 7 3 2647 2655 2762 1139
6586 4 2 7 3 2655 1181 2762 1139
6587 4 2 7 3 1181 161 2762 1139
6588 4 2 7 3 2762 2647 2638 668
6589 4 2 7 3 2638 2647 2762 1139
6590 4 2 7 3 2762 2638 2755 668
6591 4 2 7 3 2755 2638 2762 1139
6592 4 2 7 3 2762 2755 160 668
6593 4 2 7 3 160 2755 2762 1139
6594 4 2 7 3 2783 2646 1189 686
6595 4 2 7 3 1189 2646 2783 1137
6596 4 2 7 3 1189 163 2783 686
6597 4 2 7 3 2783 163 1189 1137
6598 4 2 7 3 2646 2783 2640 692
6599 4 2 7 3 2646 2640 2783 1137
6600 4 2 7 3 2640 2783 2790 692
6601 4 2 7 3 2640 2790 2783 1137
6602 4 2 7 3 2790 2783 164 692
6603 4 2 7 3 2790 164 2783 1137
6604 4 2 7 3 2797 2644 2640 698
6605 4 2 7 3 2640 2644 2797 1183
6606 4 2 7 3 2797 2640 2790 698
6607 4 2 7 3 2790 2640 2797 1183
6608 4 2 7 3 2797 2790 165 698
6609 4 2 7 3 165 2790 2797 1183
6610 4 2 7 3 2644 1138 2797 1183
6611 4 2 7 3 166 2797 1138 1183
6612 4 2 7 3 1119 2756 1073 140
6613 4 2 7 3 1119 1073 2756 2675
6614 4 2 7 3 2776 2650 1181 680
6615 4 2 7 3 1181 2650 2776 1189
6616 4 2 7 3 1181 162 2776 680
6617 4 2 7 3 2776 162 1181 1189
6618 4 2 7 3 2819 2649 1130 723
6619 4 2 7 3 1130 2649 2819 1077
6620 4 2 7 3 1130 149 2819 723
6621 4 2 7 3 2819 149 1130 1077
6622 4 2 7 3 2649 1110 2819 1077
6623 4 2 7 3 148 2819 1110 1077
6624 4 2 7 3 2704 2782 2707 691
6625 4 2 7 3 2704 2707 2782 2646
6626 4 2 7 3 686 2782 2627 685
6627 4 2 7 3 686 2627 2782 2646
6628 4 2 7 3 2704 2627 2782 685
6629 4 2 7 3 2704 2782 2627 2646
6630 4 2 7 3 2769 2655 2762 674
6631 4 2 7 3 2762 2655 2769 1181
6632 4 2 7 3 2762 161 2769 674
6633 4 2 7 3 2769 161 2762 1181
6634 4 2 7 3 145 2798 1113 1111
6635 4 2 7 3 145 1113 2798 699
6636 4 2 7 3 2642 1113 2798 1111
6637 4 2 7 3 2642 2798 1113 699
6638 4 2 7 3 2648 2805 1111 705
6639 4 2 7 3 2648 1111 2805 1075
6640 4 2 7 3 146 1111 2805 705
6641 4 2 7 3 146 2805 1111 1075
6642 4 2 7 3 2689 1231 2676 1230
6643 4 2 7 3 2689 2676 1231 2618
6644 4 2 7 3 2742 2656 1079 657
6645 4 2 7 3 1079 2656 2742 1129
6646 4 2 7 3 1079 138 2742 657
6647 4 2 7 3 2742 138 1079 1129
6648 4 2 7 3 2707 2789 2692 697
6649 4 2 7 3 2707 2692 2789 2640
6650 4 2 7 3 692 2789 2782 691
6651 4 2 7 3 2707 2782 2789 691
6652 4 2 7 3 2761 674 2655 673
6653 4 2 7 3 2655 674 2761 2647
6654 4 2 7 3 2655 2612 2706 673
6655 4 2 7 3 2706 2612 2655 2647
6656 4 2 7 3 2761 2655 2706 673
6657 4 2 7 3 2706 2655 2761 2647
6658 4 2 7 3 2761 2706 2754 667
6659 4 2 7 3 2754 2706 2761 2647
6660 4 2 7 3 2754 668 2761 667
6661 4 2 7 3 2761 668 2754 2647
6662 4 2 7 3 2755 159 2748 1175
6663 4 2 7 3 2755 2748 159 662
6664 4 2 7 3 2651 2755 2748 1175
6665 4 2 7 3 2651 2748 2755 662
6666 4 2 7 3 2638 2755 2651 1175
6667 4 2 7 3 2638 2651 2755 662
6668 4 2 7 3 1119 1079 2756 139
6669 4 2 7 3 1119 2756 1079 2675
6670 4 2 7 3 2805 147 1110 1075
6671 4 2 7 3 2805 1110 2683 1075
6672 4 2 7 3 2805 2683 2648 1075
6673 4 2 7 3 2648 2683 2805 711
6674 4 2 7 3 2775 686 2627 685
6675 4 2 7 3 2627 686 2775 2650
6676 4 2 7 3 2627 2710 2775 685
6677 4 2 7 3 2775 2710 2627 2650
6678 4 2 7 3 680 2775 2655 679
6679 4 2 7 3 2655 2775 680 2650
6680 4 2 7 3 2710 2612 2655 679
6681 4 2 7 3 2655 2612 2710 2650
6682 4 2 7 3 2775 2710 2655 679
6683 4 2 7 3 2655 2710 2775 2650
6684 4 2 7 3 2621 654 2608 2660
6685 4 2 7 3 2621 2608 654 2724
6686 4 2 7 3 2713 2810 2622 715
6687 4 2 7 3 2713 2622 2810 2671
6688 4 2 7 3 2810 710 2654 2671
6689 4 2 7 3 2806 705 2630 706
6690 4 2 7 3 2630 705 2806 2648
6691 4 2 7 3 2630 2711 2806 706
6692 4 2 7 3 2806 2711 2630 2648
6693 4 2 7 3 711 2683 2806 2648
6694 4 2 7 3 2683 2613 2806 2648
6695 4 2 7 3 2613 2806 2711 712
6696 4 2 7 3 2613 2711 2806 2648
6697 4 2 7 3 2607 2706 2753 667
6698 4 2 7 3 2607 2753 2706 2674
6699 4 2 7 3 2803 2716 2619 703
6700 4 2 7 3 2619 2716 2803 2654
6701 4 2 7 3 2651 1173 1176 1143
6702 4 2 7 3 2651 1176 1173 2599
6703 4 2 7 3 2653 2763 2675 669
6704 4 2 7 3 2653 2675 2763 1073
6705 4 2 7 3 2675 2763 2756 669
6706 4 2 7 3 2675 2756 2763 1073
6707 4 2 7 3 2756 2763 140 669
6708 4 2 7 3 2756 140 2763 1073
6709 4 2 7 3 144 2791 1074 1113
6710 4 2 7 3 2666 1074 2791 1113
6711 4 2 7 3 2659 2610 2824 2665
6712 4 2 7 3 721 2824 2610 2665
6713 4 2 7 3 727 2824 2623 728
6714 4 2 7 3 727 2623 2824 2665
6715 4 2 7 3 2659 2623 2824 728
6716 4 2 7 3 2659 2824 2623 2665
6717 4 2 7 3 2654 2804 2671 710
6718 4 2 7 3 2654 2671 2804 1138
6719 4 2 7 3 2671 2804 1185 710
6720 4 2 7 3 2671 1185 2804 1138
6721 4 2 7 3 1185 2804 167 710
6722 4 2 7 3 1185 167 2804 1138
6723 4 2 7 3 2804 2654 2644 704
6724 4 2 7 3 2644 2654 2804 1138
6725 4 2 7 3 2804 2644 2797 704
6726 4 2 7 3 2797 2644 2804 1138
6727 4 2 7 3 2804 2797 166 704
6728 4 2 7 3 166 2797 2804 1138
6729 4 2 7 3 2742 137 2735 651
6730 4 2 7 3 2742 2735 137 1129
6731 4 2 7 3 2652 2742 2735 651
6732 4 2 7 3 2652 2735 2742 1129
6733 4 2 7 3 2656 2742 2652 651
6734 4 2 7 3 2656 2652 2742 1129
6735 4 2 7 3 2613 2813 2806 712
6736 4 2 7 3 2613 2806 2813 2683
6737 4 2 7 3 711 2806 2813 712
6738 4 2 7 3 711 2813 2806 2683
6739 4 2 7 3 2613 2702 2813 718
6740 4 2 7 3 2613 2813 2702 2683
6741 4 2 7 3 2750 657 2634 658
6742 4 2 7 3 2634 657 2750 2657
6743 4 2 7 3 2634 2726 2750 658
6744 4 2 7 3 2750 2726 2634 2657
6745 4 2 7 3 663 2750 2675 664
6746 4 2 7 3 663 2675 2750 2657
6747 4 2 7 3 2675 2750 2602 664
6748 4 2 7 3 2675 2602 2750 2657
6749 4 2 7 3 2602 2750 2726 664
6750 4 2 7 3 2602 2726 2750 2657
6751 4 2 7 3 2723 2709 2801 2661
6752 4 2 7 3 2801 2723 2616 701
6753 4 2 7 3 2616 2723 2801 2661
6754 4 2 7 3 2801 2616 2794 701
6755 4 2 7 3 2794 2616 2801 2661
6756 4 2 7 3 2801 2794 702 701
6757 4 2 7 3 702 2794 2801 2661
6758 4 2 7 3 732 2830 2676 733
6759 4 2 7 3 732 2676 2830 2672
6760 4 2 7 3 2631 2676 2830 733
6761 4 2 7 3 2631 2830 2676 2672
6762 4 2 7 3 2830 726 2823 727
6763 4 2 7 3 2830 2823 726 2672
6764 4 2 7 3 2665 2830 2823 727
6765 4 2 7 3 2665 2823 2830 2672
6766 4 2 7 3 2631 2830 2665 727
6767 4 2 7 3 2631 2665 2830 2672
6768 4 2 7 3 2708 2598 2574 2680
6769 4 2 7 3 2708 2574 2598 2705
6770 4 2 7 3 2825 2659 2670 722
6771 4 2 7 3 2670 2659 2825 1179
6772 4 2 7 3 2825 2670 1144 722
6773 4 2 7 3 1144 2670 2825 1179
6774 4 2 7 3 2825 1144 169 722
6775 4 2 7 3 169 1144 2825 1179
6776 4 2 7 3 2659 2825 2623 728
6777 4 2 7 3 2659 2623 2825 1179
6778 4 2 7 3 2623 2825 2645 728
6779 4 2 7 3 2623 2645 2825 1179
6780 4 2 7 3 2645 2825 2832 728
6781 4 2 7 3 2645 2832 2825 1179
6782 4 2 7 3 2832 2825 170 728
6783 4 2 7 3 2832 170 2825 1179
6784 4 2 7 3 2724 2739 2621 2626
6785 4 2 7 3 2724 2621 2739 654
6786 4 2 7 3 2717 2780 2628 684
6787 4 2 7 3 2717 2628 2780 2663
6788 4 2 7 3 683 2628 2780 684
6789 4 2 7 3 683 2780 2628 2663
6790 4 2 7 3 2780 2717 2614 690
6791 4 2 7 3 2614 2717 2780 2663
6792 4 2 7 3 2614 689 2780 690
6793 4 2 7 3 2780 689 2614 2663
6794 4 2 7 3 2720 2765 2633 676
6795 4 2 7 3 2720 2633 2765 2677
6796 4 2 7 3 677 2633 2765 676
6797 4 2 7 3 677 2765 2633 2677
6798 4 2 7 3 671 2699 2765 2677
6799 4 2 7 3 2699 2658 2765 2677
6800 4 2 7 3 2658 2765 2720 670
6801 4 2 7 3 2658 2720 2765 2677
6802 4 2 7 3 2671 2811 2670 716
6803 4 2 7 3 2671 2670 2811 1185
6804 4 2 7 3 2670 2811 1144 716
6805 4 2 7 3 2670 1144 2811 1185
6806 4 2 7 3 1144 2811 168 716
6807 4 2 7 3 1144 168 2811 1185
6808 4 2 7 3 2788 2614 2717 690
6809 4 2 7 3 2717 2614 2788 2707
6810 4 2 7 3 2614 2788 2615 696
6811 4 2 7 3 2614 2615 2788 2707
6812 4 2 7 3 697 2615 2788 696
6813 4 2 7 3 697 2788 2615 2707
6814 4 2 7 3 2655 1197 1182 2612
6815 4 2 7 3 2655 1182 1197 1181
6816 4 2 7 3 2667 2685 2778 681
6817 4 2 7 3 2667 2778 2685 2662
6818 4 2 7 3 2778 688 2785 687
6819 4 2 7 3 2778 2785 688 2662
6820 4 2 7 3 2697 2667 2785 687
6821 4 2 7 3 2697 2785 2667 2662
6822 4 2 7 3 2667 2778 2785 687
6823 4 2 7 3 2667 2785 2778 2662
6824 4 2 7 3 2670 2671 2810 2622
6825 4 2 7 3 2810 2671 2670 716
6826 4 2 7 3 2810 715 2670 2622
6827 4 2 7 3 2670 715 2810 716
6828 4 2 7 3 2710 2601 2586 2612
6829 4 2 7 3 2710 2586 2601 2628
6830 4 2 7 3 2808 707 2801 708
6831 4 2 7 3 2801 707 2808 2709
6832 4 2 7 3 2808 2801 2661 708
6833 4 2 7 3 2661 2801 2808 2709
6834 4 2 7 3 2808 2661 2632 708
6835 4 2 7 3 2632 2661 2808 2709
6836 4 2 7 3 709 2810 2716 2713
6837 4 2 7 3 2671 2810 2716 2654
6838 4 2 7 3 2671 2716 2810 2713
6839 4 2 7 3 2714 2604 2823 2665
6840 4 2 7 3 2714 2823 2604 2682
6841 4 2 7 3 2749 2657 2675 663
6842 4 2 7 3 2675 2657 2749 1079
6843 4 2 7 3 2749 2675 2756 663
6844 4 2 7 3 2756 2675 2749 1079
6845 4 2 7 3 2749 2756 139 663
6846 4 2 7 3 139 2756 2749 1079
6847 4 2 7 3 2667 2777 1074 1120
6848 4 2 7 3 143 1074 2777 1120
6849 4 2 7 3 2828 724 2687 725
6850 4 2 7 3 2687 724 2828 2684
6851 4 2 7 3 1206 2646 1189 1137
6852 4 2 7 3 1189 2646 1206 2627
6853 4 2 7 3 2656 2652 2743 651
6854 4 2 7 3 2656 2743 2652 2611
6855 4 2 7 3 652 2743 2736 651
6856 4 2 7 3 652 2736 2743 2611
6857 4 2 7 3 2743 2652 2736 651
6858 4 2 7 3 2743 2736 2652 2611
6859 4 2 7 3 2796 697 2789 698
6860 4 2 7 3 2789 697 2796 2692
6861 4 2 7 3 2796 2789 2640 698
6862 4 2 7 3 2640 2789 2796 2692
6863 4 2 7 3 2796 2640 2644 698
6864 4 2 7 3 2644 2640 2796 2692
6865 4 2 7 3 2619 2644 2796 2692
6866 4 2 7 3 2796 703 2619 2692
6867 4 2 7 3 652 2737 2678 653
6868 4 2 7 3 652 2678 2737 2700
6869 4 2 7 3 2660 2678 2737 653
6870 4 2 7 3 2737 646 2598 647
6871 4 2 7 3 2598 646 2737 2700
6872 4 2 7 3 2598 2660 2737 647
6873 4 2 7 3 2820 724 2827 723
6874 4 2 7 3 2820 2827 724 2702
6875 4 2 7 3 2625 2820 2827 723
6876 4 2 7 3 2625 2827 2820 2702
6877 4 2 7 3 2649 2820 2625 723
6878 4 2 7 3 2649 2625 2820 2702
6879 4 2 7 3 718 2820 2813 717
6880 4 2 7 3 718 2813 2820 2702
6881 4 2 7 3 2813 2820 2683 717
6882 4 2 7 3 2813 2683 2820 2702
6883 4 2 7 3 2683 2820 2649 717
6884 4 2 7 3 2683 2649 2820 2702
6885 4 2 7 3 2822 726 2687 725
6886 4 2 7 3 2687 726 2822 2722
6887 4 2 7 3 720 2822 2609 719
6888 4 2 7 3 720 2609 2822 2722
6889 4 2 7 3 2687 2609 2822 719
6890 4 2 7 3 2687 2822 2609 2722
6891 4 2 7 3 689 2786 2779 688
6892 4 2 7 3 689 2779 2786 2696
6893 4 2 7 3 2662 2779 2786 688
6894 4 2 7 3 2662 2786 2779 2696
6895 4 2 7 3 694 2786 2620 2696
6896 4 2 7 3 694 2620 2786 2697
6897 4 2 7 3 2689 175 176 1243
6898 4 2 7 3 2689 176 175 2837
6899 4 2 7 3 658 2744 2726 659
6900 4 2 7 3 658 2726 2744 2703
6901 4 2 7 3 2679 2726 2744 659
6902 4 2 7 3 2679 2744 2726 2703
6903 4 2 7 3 2679 2744 2678 653
6904 4 2 7 3 2679 2678 2744 2703
6905 4 2 7 3 652 2678 2744 653
6906 4 2 7 3 652 2744 2678 2703
6907 4 2 7 3 2727 1101 1102 1116
6908 4 2 7 3 2727 1102 1101 2693
6909 4 2 7 3 2778 681 2771 682
6910 4 2 7 3 2771 681 2778 2685
6911 4 2 7 3 2662 2778 2771 682
6912 4 2 7 3 2771 2778 2662 2685
6913 4 2 7 3 2772 2629 2771 682
6914 4 2 7 3 2771 2629 2772 2685
6915 4 2 7 3 2629 2662 2771 682
6916 4 2 7 3 2771 2662 2629 2685
6917 4 2 7 3 677 2772 2633 676
6918 4 2 7 3 677 2633 2772 2691
6919 4 2 7 3 2772 683 2629 682
6920 4 2 7 3 2772 2629 683 2691
6921 4 2 7 3 2666 2792 2635 699
6922 4 2 7 3 2666 2635 2792 2698
6923 4 2 7 3 700 2635 2792 699
6924 4 2 7 3 700 2792 2635 2698
6925 4 2 7 3 2620 2666 2792 2698
6926 4 2 7 3 2792 694 2620 2698
6927 4 2 7 3 1217 1088 2681 1095
6928 4 2 7 3 1217 2681 1088 1214
6929 4 2 7 3 2658 2758 2765 670
6930 4 2 7 3 2658 2765 2758 2699
6931 4 2 7 3 671 2765 2758 670
6932 4 2 7 3 671 2758 2765 2699
6933 4 2 7 3 665 2758 2726 664
6934 4 2 7 3 665 2726 2758 2699
6935 4 2 7 3 2658 2726 2758 664
6936 4 2 7 3 2658 2758 2726 2699
6937 4 2 7 3 2713 2682 2816 2714
6938 4 2 7 3 2816 715 2713 2714
6939 4 2 7 3 2682 2816 2823 720
6940 4 2 7 3 2682 2823 2816 2714
6941 4 2 7 3 721 2823 2816 720
6942 4 2 7 3 721 2816 2823 2714
6943 4 2 7 3 2767 2628 2601 678
6944 4 2 7 3 2767 2601 2628 2710
6945 4 2 7 3 679 2774 2767 678
6946 4 2 7 3 679 2767 2774 2710
6947 4 2 7 3 2774 2628 2767 678
6948 4 2 7 3 2774 2767 2628 2710
6949 4 2 7 3 2628 2774 2717 684
6950 4 2 7 3 2628 2717 2774 2710
6951 4 2 7 3 2709 2723 2807 2711
6952 4 2 7 3 706 2807 2723 2711
6953 4 2 7 3 712 2807 2814 713
6954 4 2 7 3 2814 2807 712 2711
6955 4 2 7 3 2709 2609 2814 713
6956 4 2 7 3 2814 2609 2709 2711
6957 4 2 7 3 2807 2709 2814 713
6958 4 2 7 3 2814 2709 2807 2711
6959 4 2 7 3 2683 2812 2805 711
6960 4 2 7 3 2683 2805 2812 1110
6961 4 2 7 3 147 2805 2812 711
6962 4 2 7 3 147 2812 2805 1110
6963 4 2 7 3 2760 673 2767 672
6964 4 2 7 3 2760 2767 673 2706
6965 4 2 7 3 2601 2636 2767 672
6966 4 2 7 3 2601 2767 2636 2706
6967 4 2 7 3 2636 2760 2767 672
6968 4 2 7 3 2636 2767 2760 2706
6969 4 2 7 3 667 2760 2753 666
6970 4 2 7 3 2753 2760 667 2706
6971 4 2 7 3 2760 2674 2753 666
6972 4 2 7 3 2753 2674 2760 2706
6973 4 2 7 3 2760 2636 2674 666
6974 4 2 7 3 2674 2636 2760 2706
6975 4 2 7 3 2581 2661 2619 2592
6976 4 2 7 3 2619 2661 2581 2615
6977 4 2 7 3 2809 715 2816 714
6978 4 2 7 3 2809 2816 715 2713
6979 4 2 7 3 2682 2809 2816 714
6980 4 2 7 3 2682 2816 2809 2713
6981 4 2 7 3 2632 2809 2682 714
6982 4 2 7 3 2632 2682 2809 2713
6983 4 2 7 3 2661 2809 2632 708
6984 4 2 7 3 2661 2632 2809 2713
6985 4 2 7 3 2643 408 1128 1193
6986 4 2 7 3 2643 1128 408 1080
6987 4 2 7 3 703 2802 2615 702
6988 4 2 7 3 703 2615 2802 2716
6989 4 2 7 3 2661 2615 2802 702
6990 4 2 7 3 2661 2802 2615 2716
6991 4 2 7 3 2802 709 2809 708
6992 4 2 7 3 2809 2661 2802 708
6993 4 2 7 3 148 2812 2819 717
6994 4 2 7 3 148 2819 2812 1110
6995 4 2 7 3 2819 2812 2649 717
6996 4 2 7 3 2819 2649 2812 1110
6997 4 2 7 3 2649 2812 2683 717
6998 4 2 7 3 2649 2683 2812 1110
6999 4 2 7 3 690 2781 2788 691
7000 4 2 7 3 2788 2781 690 2717
7001 4 2 7 3 2781 2707 2788 691
7002 4 2 7 3 2788 2707 2781 2717
7003 4 2 7 3 2781 2704 2707 691
7004 4 2 7 3 2707 2704 2781 2717
7005 4 2 7 3 2781 684 2774 685
7006 4 2 7 3 2781 2774 684 2717
7007 4 2 7 3 2710 2781 2774 685
7008 4 2 7 3 2710 2774 2781 2717
7009 4 2 7 3 2704 2781 2710 685
7010 4 2 7 3 2704 2710 2781 2717
7011 4 2 7 3 2667 2629 2594 2662
7012 4 2 7 3 2667 2594 2629 2589
7013 4 2 7 3 2685 2770 1073 675
7014 4 2 7 3 2685 1073 2770 1121
7015 4 2 7 3 141 1073 2770 675
7016 4 2 7 3 141 2770 1073 1121
7017 4 2 7 3 2770 2685 1120 681
7018 4 2 7 3 1120 2685 2770 1121
7019 4 2 7 3 1120 142 2770 681
7020 4 2 7 3 2770 142 1120 1121
7021 4 2 7 3 2800 701 2801 707
7022 4 2 7 3 2801 701 2800 2723
7023 4 2 7 3 706 2800 2807 707
7024 4 2 7 3 2807 2800 706 2723
7025 4 2 7 3 2747 655 2740 656
7026 4 2 7 3 2747 2740 655 2725
7027 4 2 7 3 2637 2747 2740 656
7028 4 2 7 3 2637 2740 2747 2725
7029 4 2 7 3 2651 2747 2637 656
7030 4 2 7 3 2651 2637 2747 2725
7031 4 2 7 3 661 2747 2754 662
7032 4 2 7 3 2754 2747 661 2725
7033 4 2 7 3 2747 2638 2754 662
7034 4 2 7 3 2754 2638 2747 2725
7035 4 2 7 3 2747 2651 2638 662
7036 4 2 7 3 2638 2651 2747 2725
7037 4 2 7 3 2714 2817 2610 721
7038 4 2 7 3 2714 2610 2817 2670
7039 4 2 7 3 2701 2705 394 383
7040 4 2 7 3 394 2705 2701 2664
7041 4 2 7 3 394 402 2701 383
7042 4 2 7 3 2701 402 394 2664
7043 4 2 7 3 2764 676 2771 675
7044 4 2 7 3 2764 2771 676 2720
7045 4 2 7 3 2685 2764 2771 675
7046 4 2 7 3 2685 2771 2764 2720
7047 4 2 7 3 2653 2764 2685 675
7048 4 2 7 3 2653 2685 2764 2720
7049 4 2 7 3 670 2764 2675 669
7050 4 2 7 3 670 2675 2764 2720
7051 4 2 7 3 2653 2675 2764 669
7052 4 2 7 3 2653 2764 2675 2720
7053 4 2 7 3 2685 1073 1133 2653
7054 4 2 7 3 2685 1133 1073 1121
7055 4 2 7 3 1203 1228 1239 1213
7056 4 2 7 3 1239 1228 1203 1142
7057 4 2 7 3 2728 2715 1091 645
7058 4 2 7 3 1091 2715 2728 1107
7059 4 2 7 3 1091 136 2728 645
7060 4 2 7 3 2728 136 1091 1107
7061 4 2 7 3 143 2784 2777 1074
7062 4 2 7 3 2777 2784 143 687
7063 4 2 7 3 2784 2667 2777 1074
7064 4 2 7 3 2777 2667 2784 687
7065 4 2 7 3 2784 2697 2667 1074
7066 4 2 7 3 2667 2697 2784 687
7067 4 2 7 3 2664 2732 648 2701
7068 4 2 7 3 2732 402 2664 2686
7069 4 2 7 3 2664 402 2732 2701
7070 4 2 7 3 2732 415 402 2686
7071 4 2 7 3 402 415 2732 2701
7072 4 2 7 3 2640 1137 1187 1186
7073 4 2 7 3 2640 1187 1137 2646
7074 4 2 7 3 2640 1187 1196 1186
7075 4 2 7 3 2640 1196 1187 2600
7076 4 2 7 3 2784 144 2791 1074
7077 4 2 7 3 2784 2791 144 693
7078 4 2 7 3 2666 2784 2791 1074
7079 4 2 7 3 2666 2791 2784 693
7080 4 2 7 3 2697 2784 2666 1074
7081 4 2 7 3 2697 2666 2784 693
7082 4 2 7 3 2716 2803 2810 709
7083 4 2 7 3 2716 2810 2803 2654
7084 4 2 7 3 710 2810 2803 709
7085 4 2 7 3 710 2803 2810 2654
7086 4 2 7 3 1183 2640 1196 1186
7087 4 2 7 3 1196 2640 1183 2644
7088 4 2 7 3 2604 2714 2622 2610
7089 4 2 7 3 2622 2714 2604 2682
7090 4 2 7 3 2622 2587 2604 2610
7091 4 2 7 3 2604 2587 2622 2682
7092 4 2 7 3 2645 1179 1194 1169
7093 4 2 7 3 2645 1194 1179 2623
7094 4 2 7 3 650 2734 1178 157
7095 4 2 7 3 650 1178 2734 2688
7096 4 2 7 3 1198 1178 2734 157
7097 4 2 7 3 1198 2734 1178 2688
7098 4 2 7 3 2590 2720 2633 2653
7099 4 2 7 3 2633 2720 2590 2677
7100 4 2 7 3 2671 1138 1201 1185
7101 4 2 7 3 2671 1201 1138 2654
7102 4 2 7 3 700 2642 699 2799
7103 4 2 7 3 699 2642 700 2635
7104 4 2 7 3 2690 2580 2669 2575
7105 4 2 7 3 2690 2669 2580 2668
7106 4 2 7 3 2623 1179 2712 1194
7107 4 2 7 3 2623 2712 1179 2659
7108 4 2 7 3 2670 2659 2824 722
7109 4 2 7 3 2670 2824 2659 2610
7110 4 2 7 3 721 2817 2824 722
7111 4 2 7 3 721 2824 2817 2610
7112 4 2 7 3 2817 2670 2824 722
7113 4 2 7 3 2817 2824 2670 2610
7114 4 2 7 3 2689 1211 1230 2676
7115 4 2 7 3 2689 1230 1211 1243
7116 4 2 7 3 2695 2839 217 1237
7117 4 2 7 3 13 217 2839 1237
7118 4 2 7 3 13 2839 217 1200
7119 4 2 7 3 2685 1120 1136 1121
7120 4 2 7 3 2685 1136 1120 2667
7121 4 2 7 3 2712 2604 2665 2623
7122 4 2 7 3 2665 2604 2712 2610
7123 4 2 7 3 2665 2659 2712 2623
7124 4 2 7 3 2712 2659 2665 2610
7125 4 2 7 3 2644 2654 2796 704
7126 4 2 7 3 2796 2654 2644 2619
7127 4 2 7 3 2803 703 2796 704
7128 4 2 7 3 2796 703 2803 2619
7129 4 2 7 3 2654 2803 2796 704
7130 4 2 7 3 2796 2803 2654 2619
7131 4 2 7 3 2642 1113 1132 2635
7132 4 2 7 3 2642 1132 1113 1111
7133 4 2 7 3 2642 2597 1132 2630
7134 4 2 7 3 2642 1132 2597 2635
7135 4 2 7 3 2697 694 2792 693
7136 4 2 7 3 2792 694 2697 2620
7137 4 2 7 3 2792 2666 2697 693
7138 4 2 7 3 2697 2666 2792 2620
7139 4 2 7 3 2699 2590 2596 2658
7140 4 2 7 3 2699 2596 2590 2636
7141 4 2 7 3 17 1127 3 1191
7142 4 2 7 3 3 1127 17 16
7143 4 2 7 3 68 1191 1168 99
7144 4 2 7 3 1168 1191 68 1127
7145 4 2 7 3 1205 408 71 96
7146 4 2 7 3 71 408 1205 1128
7147 4 2 7 3 2732 649 2664 648
7148 4 2 7 3 2732 2664 649 2686
7149 4 2 7 3 2772 2633 2629 2691
7150 4 2 7 3 2772 2629 2633 2685
7151 4 2 7 3 2689 733 732 2676
7152 4 2 7 3 732 733 2689 2837
7153 4 2 7 3 732 2836 2689 2676
7154 4 2 7 3 2689 2836 732 2837
7155 4 2 7 3 2828 725 2829 731
7156 4 2 7 3 2829 2603 2828 731
7157 4 2 7 3 2828 2603 725 2687
7158 4 2 7 3 2828 725 2603 2829
7159 4 2 7 3 726 725 2603 2687
7160 4 2 7 3 726 2603 725 2829
7161 4 2 7 3 2789 2707 2646 2782
7162 4 2 7 3 2646 2707 2789 2640
7163 4 2 7 3 2646 692 2789 2782
7164 4 2 7 3 2789 692 2646 2640
7165 4 2 7 3 2678 2737 2598 2660
7166 4 2 7 3 2678 2598 2737 2700
7167 4 2 7 3 2662 2696 2697 2786
7168 4 2 7 3 2662 2697 2696 2594
7169 4 2 7 3 2620 2697 2696 2786
7170 4 2 7 3 2620 2696 2697 2594
7171 4 2 7 3 2713 709 2802 2716
7172 4 2 7 3 2802 709 2713 2809
7173 4 2 7 3 2802 2661 2713 2716
7174 4 2 7 3 2713 2661 2802 2809
7175 4 2 7 3 2723 2807 2801 2709
7176 4 2 7 3 2723 2801 2807 2800
7177 4 2 7 3 707 2801 2807 2709
7178 4 2 7 3 707 2807 2801 2800
7179 4 2 7 3 2618 2582 1203 1180
7180 4 2 7 3 1169 734 2839 2695
7181 4 2 7 3 2839 1169 1147 1200
7182 4 2 7 3 1147 1169 2839 2695
7183 4 2 7 3 2839 1147 217 1200
7184 4 2 7 3 217 1147 2839 2695
7185 4 2 7 3 171 2839 1169 734
7186 4 2 7 3 171 1169 2839 1200
7187 4 2 7 3 2582 1203 1142 1239
7188 4 2 7 3 2582 1142 1203 1180
7189 4 2 7 3 1239 1203 2618 2582
7190 4 2 7 3 2618 1203 1239 1213
7191 4 2 7 4 964 966 967 2845
7192 4 2 7 4 1251 1298 416 2849
7193 4 2 7 4 1177 435 431 1207
7194 4 2 7 4 1298 463 416 2849
7195 4 2 7 4 422 435 956 2846
7196 4 2 7 4 1156 2841 1157 2842
7197 4 2 7 4 429 1298 1264 2849
7198 4 2 7 4 429 463 1298 2849
7199 4 2 7 4 457 463 429 2849
7200 4 2 7 4 1264 1298 1292 2849
7201 4 2 7 4 1167 1209 1188 1273
7202 4 2 7 4 1264 1265 429 2867
7203 4 2 7 4 1177 1148 435 1207
7204 4 2 7 4 1251 1292 1298 2849
7205 4 2 7 4 416 463 457 2849
7206 4 2 7 4 969 965 978 2872
7207 4 2 7 4 430 1265 455 2867
7208 4 2 7 4 964 967 2841 2845
7209 4 2 7 4 430 429 1265 2867
7210 4 2 7 4 1146 2855 2840 2860
7211 4 2 7 4 1014 956 435 1148
7212 4 2 7 4 1208 2855 1146 2860
7213 4 2 7 4 1290 1279 444 2867
7214 4 2 7 4 1014 956 1148 1178
7215 4 2 7 4 1157 1156 1158 2841
7216 4 2 7 4 1290 455 1265 2867
7217 4 2 7 4 1209 1142 1188 1254
7218 4 2 7 4 957 416 1251 1298
7219 4 2 7 4 451 2840 2850 2858
7220 4 2 7 4 429 2849 1264 2856
7221 4 2 7 4 1142 1188 1254 2851
7222 4 2 7 4 1209 1167 1297 1273
7223 4 2 7 4 964 2842 966 2845
7224 4 2 7 4 1254 1188 1209 1273
7225 4 2 7 4 421 444 1149 2867
7226 4 2 7 4 1279 1256 1149 2867
7227 4 2 7 4 1160 1162 2844 2845
7228 4 2 7 4 1157 2842 2841 2845
7229 4 2 7 4 1163 1160 1162 2844
7230 4 2 7 4 964 967 996 2852
7231 4 2 7 4 459 455 444 2867
7232 4 2 7 4 1294 1279 1290 2867
7233 4 2 7 4 1188 1273 1254 2851
7234 4 2 7 4 1160 2844 1163 2854
7235 4 2 7 4 957 1251 416 2849
7236 4 2 7 4 1290 444 455 2867
7237 4 2 7 4 454 435 422 2846
7238 4 2 7 4 957 997 1012 2849
7239 4 2 7 4 962 965 964 2850
7240 4 2 7 4 959 2852 1253 2858
7241 4 2 7 4 1167 1273 1188 2844
7242 4 2 7 4 1179 1169 958 2863
7243 4 2 7 4 452 2840 1146 2855
7244 4 2 7 4 1168 1149 444 2867
7245 4 2 7 4 1168 1279 1149 2867
7246 4 2 7 4 964 963 962 2852
7247 4 2 7 4 1014 1148 1198 1178
7248 4 2 7 4 1295 1286 1263 2852
7249 4 2 7 4 964 2841 2842 2845
7250 4 2 7 4 1168 444 1279 2867
7251 4 2 7 4 451 460 2840 2858
7252 4 2 7 4 431 1207 435 2846
7253 4 2 7 4 956 1014 980 1178
7254 4 2 7 4 964 962 2850 2852
7255 4 2 7 4 957 1012 1251 2849
7256 4 2 7 4 996 2841 967 2859
7257 4 2 7 4 1025 968 1021 2857
7258 4 2 7 4 428 2840 452 2855
7259 4 2 7 4 1264 429 2856 2867
7260 4 2 7 4 964 2850 2842 2852
7261 4 2 7 4 1172 1164 2847 2861
7262 4 2 7 4 964 2842 2841 2852
7263 4 2 7 4 2841 2845 967 2868
7264 4 2 7 4 959 1253 1280 2858
7265 4 2 7 4 965 2842 964 2850
7266 4 2 7 4 1153 1154 1155 2842
7267 4 2 7 4 1155 1156 1157 2842
7268 4 2 7 4 449 2843 439 2872
7269 4 2 7 4 1146 2856 1170 2860
7270 4 2 7 4 2844 2845 1162 2853
7271 4 2 7 4 1160 2845 2844 2854
7272 4 2 7 4 971 991 972 2868
7273 4 2 7 4 957 416 997 2849
7274 4 2 7 4 1156 1155 1154 2842
7275 4 2 7 4 2841 2842 1156 2860
7276 4 2 7 4 1157 2841 1158 2853
7277 4 2 7 4 1267 1254 1273 2851
7278 4 2 7 4 1153 2842 2848 2865
7279 4 2 7 4 1170 2856 1260 2860
7280 4 2 7 4 981 950 982 2847
7281 4 2 7 4 1295 1253 2852 2858
7282 4 2 7 4 1167 1188 1202 2844
7283 4 2 7 4 996 967 972 2859
7284 4 2 7 4 2840 2856 1146 2860
7285 4 2 7 4 1178 980 956 2846
7286 4 2 7 4 1279 1294 1256 2867
7287 4 2 7 4 444 421 459 2867
7288 4 2 7 4 437 1298 1296 463
7289 4 2 7 4 969 968 965 2848
7290 4 2 7 4 967 2841 996 2852
7291 4 2 7 4 449 439 2843 2865
7292 4 2 7 4 950 2846 1143 2847
7293 4 2 7 4 1025 966 964 2842
7294 4 2 7 4 964 2841 967 2852
7295 4 2 7 4 1290 1285 444 1279
7296 4 2 7 4 1262 1295 1263 2840
7297 4 2 7 4 460 427 428 2840
7298 4 2 7 4 1156 2842 2855 2860
7299 4 2 7 4 981 2846 950 2847
7300 4 2 7 4 1176 2846 1172 2847
7301 4 2 7 4 451 2840 428 2850
7302 4 2 7 4 986 2843 983 2847
7303 4 2 7 4 460 2849 2840 2858
7304 4 2 7 4 1265 1264 429 1269
7305 4 2 7 4 1162 1160 1157 2845
7306 4 2 7 4 967 972 2859 2868
7307 4 2 7 4 980 1019 956 2846
7308 4 2 7 4 421 1149 2856 2867
7309 4 2 7 4 1256 2856 1149 2867
7310 4 2 7 4 1295 2840 1262 2849
7311 4 2 7 4 2844 2854 2845 2868
7312 4 2 7 4 1298 429 1264 1269
7313 4 2 7 4 427 2840 460 2849
7314 4 2 7 4 1153 2848 2843 2865
7315 4 2 7 4 434 1298 429 463
7316 4 2 7 4 460 428 451 2840
7317 4 2 7 4 1295 1263 2840 2852
7318 4 2 7 4 1265 429 430 1269
7319 4 2 7 4 1012 955 1280 2849
7320 4 2 7 4 2845 2854 1160 2862
7321 4 2 7 4 947 1271 1010 2852
7322 4 2 7 4 431 1177 1207 2846
7323 4 2 7 4 1017 947 996 2852
7324 4 2 7 4 1273 1188 2844 2851
7325 4 2 7 4 1195 1153 1155 2848
7326 4 2 7 4 2843 2848 2842 2865
7327 4 2 7 4 1157 1159 1155 2845
7328 4 2 7 4 1188 2851 1174 2854
7329 4 2 7 4 1143 950 980 2846
7330 4 2 7 4 1151 1164 1172 2861
7331 4 2 7 4 1284 2841 1263 2852
7332 4 2 7 4 1174 1163 1188 2854
7333 4 2 7 4 1012 997 955 2849
7334 4 2 7 4 1254 1266 1142 2851
7335 4 2 7 4 1265 430 455 448
7336 4 2 7 4 959 1003 1010 2852
7337 4 2 7 4 1175 994 950 2847
7338 4 2 7 4 444 455 450 1290
7339 4 2 7 4 1143 980 1178 2846
7340 4 2 7 4 993 1019 1016 2846
7341 4 2 7 4 1281 1299 952 2863
7342 4 2 7 4 1005 986 2847 2864
7343 4 2 7 4 947 1010 1003 2852
7344 4 2 7 4 1017 947 2852 2859
7345 4 2 7 4 1157 1158 1162 2853
7346 4 2 7 4 1149 1256 1204 2856
7347 4 2 7 4 2843 2847 986 2848
7348 4 2 7 4 1296 1272 1298 437
7349 4 2 7 4 1192 1199 1158 2853
7350 4 2 7 4 960 953 418 2858
7351 4 2 7 4 1025 964 965 2842
7352 4 2 7 4 2843 983 2847 2866
7353 4 2 7 4 1175 1139 994 2847
7354 4 2 7 4 1164 1151 1153 2843
7355 4 2 7 4 965 2850 978 2872
7356 4 2 7 4 429 427 2849 2856
7357 4 2 7 4 1262 1264 2849 2856
7358 4 2 7 4 960 418 2850 2858
7359 4 2 7 4 2841 2852 1284 2859
7360 4 2 7 4 421 1149 1204 2856
7361 4 2 7 4 455 1290 1265 448
7362 4 2 7 4 1176 1173 1172 2846
7363 4 2 7 4 1177 431 1145 2846
7364 4 2 7 4 1145 431 419 2846
7365 4 2 7 4 1296 461 437 463
7366 4 2 7 4 1017 2852 996 2859
7367 4 2 7 4 1295 2849 1253 2858
7368 4 2 7 4 1164 2843 1153 2848
7369 4 2 7 4 1273 2844 1167 2853
7370 4 2 7 4 2842 2850 965 2872
7371 4 2 7 4 1297 1254 1209 1273
7372 4 2 7 4 1176 1143 1173 2846
7373 4 2 7 4 1003 959 1013 2852
7374 4 2 7 4 1175 950 1143 2847
7375 4 2 7 4 1007 976 997 2858
7376 4 2 7 4 434 1296 1298 463
7377 4 2 7 4 454 431 435 2846
7378 4 2 7 4 986 2848 2847 2864
7379 4 2 7 4 967 971 972 2868
7380 4 2 7 4 1156 2842 1154 2855
7381 4 2 7 4 445 997 416 2849
7382 4 2 7 4 1286 1295 1253 2852
7383 4 2 7 4 949 1255 2859 2870
7384 4 2 7 4 452 2840 428 2856
7385 4 2 7 4 1160 1163 1171 2854
7386 4 2 7 4 969 2843 986 2848
7387 4 2 7 4 1263 1262 2840 2856
7388 4 2 7 4 1205 1146 1208 2855
7389 4 2 7 4 1263 2856 2840 2860
7390 4 2 7 4 428 2840 427 2856
7391 4 2 7 4 2854 2862 2845 2868
7392 4 2 7 4 959 1010 1253 2852
7393 4 2 7 4 967 2859 2841 2868
7394 4 2 7 4 436 960 418 2850
7395 4 2 7 4 1143 2846 1176 2847
7396 4 2 7 4 1146 2840 452 2856
7397 4 2 7 4 960 961 953 2858
7398 4 2 7 4 464 446 993 2846
7399 4 2 7 4 1161 1195 1155 2848
7400 4 2 7 4 2841 2852 2840 2860
7401 4 2 7 4 1202 2844 1163 2853
7402 4 2 7 4 455 424 450 1290
7403 4 2 7 4 1262 2849 2840 2856
7404 4 2 7 4 1156 2855 1208 2860
7405 4 2 7 4 2840 2849 427 2856
7406 4 2 7 4 992 986 969 2843
7407 4 2 7 4 981 980 950 2846
7408 4 2 7 4 432 419 431 2846
7409 4 2 7 4 1204 425 421 2856
7410 4 2 7 4 1168 444 1285 1279
7411 4 2 7 4 951 1144 1179 2854
7412 4 2 7 4 1284 1263 1286 2852
7413 4 2 7 4 1167 1297 1273 1252
7414 4 2 7 4 975 2854 2851 2870
7415 4 2 7 4 1253 2849 1280 2858
7416 4 2 7 4 991 2844 975 2870
7417 4 2 7 4 1174 1194 1179 2854
7418 4 2 7 4 953 1007 418 2858
7419 4 2 7 4 955 976 959 2858
7420 4 2 7 4 451 2850 418 2858
7421 4 2 7 4 2846 2847 983 2866
7422 4 2 7 4 455 424 1290 448
7423 4 2 7 4 1263 2852 2841 2860
7424 4 2 7 4 966 970 967 2845
7425 4 2 7 4 962 961 960 2850
7426 4 2 7 4 983 986 992 2843
7427 4 2 7 4 1004 2862 973 2869
7428 4 2 7 4 1153 1154 2842 2855
7429 4 2 7 4 989 2851 975 2854
7430 4 2 7 4 1188 1163 1202 2844
7431 4 2 7 4 1005 984 986 2864
7432 4 2 7 4 1172 1164 1176 2847
7433 4 2 7 4 960 2850 961 2858
7434 4 2 7 4 1266 1180 1142 2851
7435 4 2 7 4 1202 1163 1162 2853
7436 4 2 7 4 1164 1153 1195 2848
7437 4 2 7 4 964 996 963 2852
7438 4 2 7 4 1137 1186 1001 2871
7439 4 2 7 4 449 2850 2843 2872
7440 4 2 7 4 2841 2853 1284 2860
7441 4 2 7 4 1171 1160 2854 2862
7442 4 2 7 4 2841 2845 2844 2853
7443 4 2 7 4 989 988 975 2851
7444 4 2 7 4 1153 1152 1154 2865
7445 4 2 7 4 970 967 2845 2868
7446 4 2 7 4 1156 1158 2841 2860
7447 4 2 7 4 429 427 457 2849
7448 4 2 7 4 1292 1262 1264 2849
7449 4 2 7 4 1254 1267 1266 2851
7450 4 2 7 4 2843 2847 1164 2861
7451 4 2 7 4 1284 2852 1286 2859
7452 4 2 7 4 949 2859 991 2870
7453 4 2 7 4 962 978 965 2850
7454 4 2 7 4 1172 2847 2846 2861
7455 4 2 7 4 968 2842 965 2848
7456 4 2 7 4 1299 2851 952 2863
7457 4 2 7 4 1170 1204 1260 2856
7458 4 2 7 4 1170 1146 1204 2856
7459 4 2 7 4 2844 2853 1274 2859
7460 4 2 7 4 1276 1275 2844 2870
7461 4 2 7 4 996 2852 2841 2859
7462 4 2 7 4 2843 2850 2842 2872
7463 4 2 7 4 436 418 451 2850
7464 4 2 7 4 1002 991 975 2870
7465 4 2 7 4 1271 2852 947 2859
7466 4 2 7 4 968 1025 965 2842
7467 4 2 7 4 994 1139 946 2847
7468 4 2 7 4 1202 1167 2844 2853
7469 4 2 7 4 983 2843 992 2866
7470 4 2 7 4 994 159 1175 950
7471 4 2 7 4 1157 1155 2842 2845
7472 4 2 7 4 2840 2842 2841 2860
7473 4 2 7 4 1204 1256 1260 2856
7474 4 2 7 4 1153 2855 2842 2865
7475 4 2 7 4 449 2843 2850 2865
7476 4 2 7 4 1011 989 975 2854
7477 4 2 7 4 1289 1266 1267 2863
7478 4 2 7 4 1194 2851 1179 2854
7479 4 2 7 4 1280 1251 1012 2849
7480 4 2 7 4 1155 1159 1161 2857
7481 4 2 7 4 991 975 2844 2868
7482 4 2 7 4 1164 2847 2843 2848
7483 4 2 7 4 1296 434 461 463
7484 4 2 7 4 1265 430 448 1269
7485 4 2 7 4 989 958 1023 2863
7486 4 2 7 4 1181 1197 1189 2871
7487 4 2 7 4 994 1175 160 1139
7488 4 2 7 4 984 2848 986 2864
7489 4 2 7 4 1282 1272 437 977
7490 4 2 7 4 1269 429 430 434
7491 4 2 7 4 991 2859 972 2868
7492 4 2 7 4 1259 1285 424 1290
7493 4 2 7 4 1177 1173 1207 2846
7494 4 2 7 4 1285 444 450 1290
7495 4 2 7 4 1208 1146 1166 2860
7496 4 2 7 4 1153 2842 1155 2848
7497 4 2 7 4 1269 1298 429 434
7498 4 2 7 4 1253 1295 1280 2849
7499 4 2 7 4 991 2859 2844 2870
7500 4 2 7 4 1156 1154 1208 2855
7501 4 2 7 4 1261 1264 2856 2867
7502 4 2 7 4 426 2856 429 2867
7503 4 2 7 4 979 947 1017 2859
7504 4 2 7 4 1175 1190 1139 2847
7505 4 2 7 4 1259 424 1245 1246
7506 4 2 7 4 2843 2847 2846 2866
7507 4 2 7 4 1007 997 2849 2858
7508 4 2 7 4 158 980 1178 1143
7509 4 2 7 4 1151 2843 1164 2861
7510 4 2 7 4 2840 2855 2842 2860
7511 4 2 7 4 158 980 1143 950
7512 4 2 7 4 1137 1187 1186 2871
7513 4 2 7 4 1263 2841 1284 2860
7514 4 2 7 4 424 1259 1290 1283
7515 4 2 7 4 433 446 993 464
7516 4 2 7 4 1197 1161 1206 2871
7517 4 2 7 4 1007 997 445 2849
7518 4 2 7 4 458 1293 1258 1248
7519 4 2 7 4 1142 1203 1180 1266
7520 4 2 7 4 2841 2842 2840 2852
7521 4 2 7 4 982 986 983 2847
7522 4 2 7 4 2844 2859 991 2868
7523 4 2 7 4 969 986 984 2848
7524 4 2 7 4 1166 1146 1170 2860
7525 4 2 7 4 445 416 457 2849
7526 4 2 7 4 1280 1292 1251 2849
7527 4 2 7 4 1271 1286 2852 2859
7528 4 2 7 4 947 1003 996 2852
7529 4 2 7 4 981 2846 983 2866
7530 4 2 7 4 1013 2852 959 2858
7531 4 2 7 4 1163 2844 1162 2853
7532 4 2 7 4 425 1204 1146 2856
7533 4 2 7 4 963 1013 961 2858
7534 4 2 7 4 434 423 1296 461
7535 4 2 7 4 975 974 1011 2854
7536 4 2 7 4 982 950 994 2847
7537 4 2 7 4 1273 1167 1252 2853
7538 4 2 7 4 1170 1260 1287 2860
7539 4 2 7 4 159 1143 1175 950
7540 4 2 7 4 1283 1265 1290 448
7541 4 2 7 4 1007 2849 445 2858
7542 4 2 7 4 975 2851 988 2870
7543 4 2 7 4 1163 2844 1188 2854
7544 4 2 7 4 1188 2844 2851 2854
7545 4 2 7 4 980 981 1019 2846
7546 4 2 7 4 1190 1164 1182 2864
7547 4 2 7 4 1017 996 972 2859
7548 4 2 7 4 952 2851 1023 2863
7549 4 2 7 4 1190 2847 1164 2864
7550 4 2 7 4 1025 2842 968 2857
7551 4 2 7 4 951 989 1011 2854
7552 4 2 7 4 1158 2853 2841 2860
7553 4 2 7 4 1196 1159 1184 2869
7554 4 2 7 4 1199 1162 1158 2853
7555 4 2 7 4 424 1259 442 1246
7556 4 2 7 4 447 1248 1258 1282
7557 4 2 7 4 978 2850 1018 2872
7558 4 2 7 4 449 439 441 2872
7559 4 2 7 4 1285 450 424 1290
7560 4 2 7 4 1278 1192 1210 2860
7561 4 2 7 4 1272 1296 1282 437
7562 4 2 7 4 1178 1173 1143 2846
7563 4 2 7 4 425 452 428 2856
7564 4 2 7 4 991 971 975 2868
7565 4 2 7 4 451 418 460 2858
7566 4 2 7 4 423 447 1296 461
7567 4 2 7 4 2847 2848 1164 2864
7568 4 2 7 4 1185 2854 999 2862
7569 4 2 7 4 1153 2843 1151 2865
7570 4 2 7 4 1253 1010 1271 2852
7571 4 2 7 4 1174 2851 1194 2854
7572 4 2 7 4 1177 1145 1173 2846
7573 4 2 7 4 1258 458 1248 423
7574 4 2 7 4 2842 2850 2840 2852
7575 4 2 7 4 1271 1284 1286 2859
7576 4 2 7 4 440 439 438 2861
7577 4 2 7 4 1296 1298 1269 434
7578 4 2 7 4 423 1248 1258 447
7579 4 2 7 4 428 2850 2840 2855
7580 4 2 7 4 949 1255 979 2859
7581 4 2 7 4 1281 1268 952 1299
7582 4 2 7 4 461 447 1296 437
7583 4 2 7 4 1256 1261 2856 2867
7584 4 2 7 4 421 2856 426 2867
7585 4 2 7 4 1002 975 988 2870
7586 4 2 7 4 2846 2847 2843 2861
7587 4 2 7 4 1188 1194 1174 2851
7588 4 2 7 4 1274 1276 2844 2859
7589 4 2 7 4 1153 1154 2855 2865
7590 4 2 7 4 963 2852 1013 2858
7591 4 2 7 4 1276 2844 2859 2870
7592 4 2 7 4 1263 1260 2856 2860
7593 4 2 7 4 1268 952 1299 2870
7594 4 2 7 4 975 2844 2854 2870
7595 4 2 7 4 999 1144 951 2854
7596 4 2 7 4 966 2845 2842 2857
7597 4 2 7 4 444 1149 98 421
7598 4 2 7 4 1278 1284 2853 2860
7599 4 2 7 4 1171 1201 1160 2862
7600 4 2 7 4 2844 2845 2841 2868
7601 4 2 7 4 432 2861 2846 2866
7602 4 2 7 4 1283 1290 424 448
7603 4 2 7 4 1022 983 992 2866
7604 4 2 7 4 1279 225 1149 1256
7605 4 2 7 4 424 66 1245 1246
7606 4 2 7 4 1245 228 1259 1246
7607 4 2 7 4 424 1283 442 1259
7608 4 2 7 4 1156 1208 1166 2860
7609 4 2 7 4 1007 445 418 2858
7610 4 2 7 4 999 951 1011 2854
7611 4 2 7 4 1263 2840 2852 2860
7612 4 2 7 4 425 1146 452 2856
7613 4 2 7 4 1019 981 1016 2846
7614 4 2 7 4 973 1004 970 2845
7615 4 2 7 4 429 426 427 2856
7616 4 2 7 4 1262 1261 1264 2856
7617 4 2 7 4 973 1021 1009 2857
7618 4 2 7 4 447 230 1248 1282
7619 4 2 7 4 1004 2845 973 2862
7620 4 2 7 4 1210 1166 1170 2860
7621 4 2 7 4 994 946 1005 2847
7622 4 2 7 4 1276 2859 1255 2870
7623 4 2 7 4 1253 1271 1286 2852
7624 4 2 7 4 1269 1258 1296 434
7625 4 2 7 4 1268 987 952 2870
7626 4 2 7 4 1159 1196 1187 2869
7627 4 2 7 4 1160 1159 1157 2845
7628 4 2 7 4 992 2843 969 2872
7629 4 2 7 4 952 2851 1299 2870
7630 4 2 7 4 1265 1294 1290 2867
7631 4 2 7 4 459 430 455 2867
7632 4 2 7 4 1180 2851 1266 2863
7633 4 2 7 4 946 994 160 1139
7634 4 2 7 4 1144 1174 1179 2854
7635 4 2 7 4 985 2866 1022 2872
7636 4 2 7 4 1285 424 1245 1259
7637 4 2 7 4 1207 1173 1178 2846
7638 4 2 7 4 993 464 2846 2866
7639 4 2 7 4 1248 63 230 447
7640 4 2 7 4 1269 448 1258 434
7641 4 2 7 4 1003 1013 963 2852
7642 4 2 7 4 1009 1021 968 2857
7643 4 2 7 4 2842 2848 968 2857
7644 4 2 7 4 1260 1256 1261 2856
7645 4 2 7 4 421 425 426 2856
7646 4 2 7 4 231 1293 458 1248
7647 4 2 7 4 1182 1164 2848 2864
7648 4 2 7 4 440 2843 2861 2866
7649 4 2 7 4 999 1185 1144 2854
7650 4 2 7 4 1274 1276 1275 2844
7651 4 2 7 4 1258 1283 442 448
7652 4 2 7 4 1176 1175 1143 2847
7653 4 2 7 4 1168 444 450 1285
7654 4 2 7 4 993 1016 954 2866
7655 4 2 7 4 993 2846 1016 2866
7656 4 2 7 4 995 1009 968 2857
7657 4 2 7 4 978 962 960 2850
7658 4 2 7 4 464 454 446 2846
7659 4 2 7 4 2841 2853 2844 2859
7660 4 2 7 4 1181 2864 1197 2871
7661 4 2 7 4 1024 985 420 2866
7662 4 2 7 4 975 2854 2844 2868
7663 4 2 7 4 432 2846 464 2866
7664 4 2 7 4 1018 456 948 2872
7665 4 2 7 4 1182 2848 1197 2864
7666 4 2 7 4 1270 1147 1266 2863
7667 4 2 7 4 970 2845 1004 2862
7668 4 2 7 4 452 1146 1205 2855
7669 4 2 7 4 440 2843 439 2861
7670 4 2 7 4 430 448 1269 434
7671 4 2 7 4 987 988 952 2870
7672 4 2 7 4 978 960 1018 2850
7673 4 2 7 4 966 973 970 2845
7674 4 2 7 4 2845 2857 973 2869
7675 4 2 7 4 1291 979 1255 2859
7676 4 2 7 4 1259 1277 442 1246
7677 4 2 7 4 1188 1142 1180 2851
7678 4 2 7 4 995 1009 2857 2871
7679 4 2 7 4 1258 1283 1277 442
7680 4 2 7 4 448 1269 1258 1283
7681 4 2 7 4 998 2864 1181 2871
7682 4 2 7 4 1001 944 1137 2871
7683 4 2 7 4 1274 1275 1273 2844
7684 4 2 7 4 1139 161 946 1181
7685 4 2 7 4 2845 2862 1184 2869
7686 4 2 7 4 63 1248 423 447
7687 4 2 7 4 230 1258 1248 1282
7688 4 2 7 4 445 460 418 2858
7689 4 2 7 4 960 436 1018 2850
7690 4 2 7 4 995 998 1008 2871
7691 4 2 7 4 1186 2869 1001 2871
7692 4 2 7 4 1018 2850 436 2872
7693 4 2 7 4 949 979 991 2859
7694 4 2 7 4 1192 2853 1158 2860
7695 4 2 7 4 97 1204 425 421
7696 4 2 7 4 1001 1137 164 1186
7697 4 2 7 4 1258 1277 1293 458
7698 4 2 7 4 1283 424 442 448
7699 4 2 7 4 974 999 2854 2862
7700 4 2 7 4 986 982 1005 2847
7701 4 2 7 4 1267 1299 2851 2870
7702 4 2 7 4 1154 1165 1208 2855
7703 4 2 7 4 989 1023 2851 2863
7704 4 2 7 4 458 1258 1277 442
7705 4 2 7 4 2846 2861 2843 2866
7706 4 2 7 4 66 424 442 1246
7707 4 2 7 4 1277 1259 228 1246
7708 4 2 7 4 1189 162 1181 1008
7709 4 2 7 4 981 1016 2846 2866
7710 4 2 7 4 1184 2845 1160 2862
7711 4 2 7 4 1141 1199 1192 2853
7712 4 2 7 4 424 1285 1245 450
7713 4 2 7 4 2851 2854 2844 2870
7714 4 2 7 4 64 231 458 1248
7715 4 2 7 4 999 1011 974 2854
7716 4 2 7 4 968 969 984 2848
7717 4 2 7 4 448 1283 1265 1269
7718 4 2 7 4 1172 2846 1173 2861
7719 4 2 7 4 984 995 968 2848
7720 4 2 7 4 995 2857 2848 2871
7721 4 2 7 4 1197 1195 1161 2848
7722 4 2 7 4 1198 157 1014 1178
7723 4 2 7 4 995 968 2848 2857
7724 4 2 7 4 1289 1299 1281 2863
7725 4 2 7 4 1180 1266 1203 2863
7726 4 2 7 4 440 2843 2866 2872
7727 4 2 7 4 447 1282 437 977
7728 4 2 7 4 1145 2846 419 2861
7729 4 2 7 4 439 2843 440 2872
7730 4 2 7 4 1277 1283 1259 442
7731 4 2 7 4 1152 1193 1165 2865
7732 4 2 7 4 988 1023 952 2851
7733 4 2 7 4 1174 1171 1163 2854
7734 4 2 7 4 165 1000 1186 1183
7735 4 2 7 4 993 954 433 2866
7736 4 2 7 4 981 983 1016 2866
7737 4 2 7 4 98 1168 1149 444
7738 4 2 7 4 445 2849 460 2858
7739 4 2 7 4 448 442 1258 423
7740 4 2 7 4 1197 2848 1161 2857
7741 4 2 7 4 431 454 432 2846
7742 4 2 7 4 1203 1266 1147 2863
7743 4 2 7 4 1266 2851 1267 2863
7744 4 2 7 4 1248 458 64 423
7745 4 2 7 4 1293 231 1258 1248
7746 4 2 7 4 1150 1151 2861 2865
7747 4 2 7 4 1149 1168 225 1279
7748 4 2 7 4 1024 1022 985 2866
7749 4 2 7 4 1185 999 945 2862
7750 4 2 7 4 1278 2853 1192 2860
7751 4 2 7 4 1200 1270 1288 2863
7752 4 2 7 4 449 2850 2855 2865
7753 4 2 7 4 442 458 1258 423
7754 4 2 7 4 1274 2844 1273 2853
7755 4 2 7 4 1159 1187 2857 2869
7756 4 2 7 4 1288 1257 1015 2863
7757 4 2 7 4 157 980 1014 1178
7758 4 2 7 4 976 1007 953 2858
7759 4 2 7 4 995 2848 2864 2871
7760 4 2 7 4 1258 423 1296 434
7761 4 2 7 4 993 433 464 2866
7762 4 2 7 4 1190 1176 1164 2847
7763 4 2 7 4 441 436 449 2872
7764 4 2 7 4 1258 447 1282 1296
7765 4 2 7 4 1202 1141 1167 2853
7766 4 2 7 4 419 2846 432 2861
7767 4 2 7 4 423 1258 448 434
7768 4 2 7 4 2845 973 2862 2869
7769 4 2 7 4 1291 1255 1276 2859
7770 4 2 7 4 1009 1001 2869 2871
7771 4 2 7 4 425 1204 97 1146
7772 4 2 7 4 1187 2869 1186 2871
7773 4 2 7 4 440 2866 420 2872
7774 4 2 7 4 1182 1164 1195 2848
7775 4 2 7 4 988 2851 952 2870
7776 4 2 7 4 1274 1284 1276 2859
7777 4 2 7 4 447 1249 230 1282
7778 4 2 7 4 449 2850 428 2855
7779 4 2 7 4 1139 2847 1190 2864
7780 4 2 7 4 995 2864 998 2871
7781 4 2 7 4 995 2848 984 2864
7782 4 2 7 4 2848 1197 2864 2871
7783 4 2 7 4 1003 963 996 2852
7784 4 2 7 4 2848 2857 1197 2871
7785 4 2 7 4 439 438 2861 2865
7786 4 2 7 4 1258 423 447 1296
7787 4 2 7 4 1244 450 1245 1285
7788 4 2 7 4 1018 436 456 2872
7789 4 2 7 4 948 978 1018 2872
7790 4 2 7 4 1171 1144 1185 2854
7791 4 2 7 4 1185 945 1138 2862
7792 4 2 7 4 985 420 2866 2872
7793 4 2 7 4 1015 1200 1288 2863
7794 4 2 7 4 161 998 946 1181
7795 4 2 7 4 1272 1282 205 977
7796 4 2 7 4 230 63 1249 447
7797 4 2 7 4 162 998 1181 1008
7798 4 2 7 4 1139 946 2847 2864
7799 4 2 7 4 447 1282 1296 437
7800 4 2 7 4 1182 1195 1197 2848
7801 4 2 7 4 1263 1260 1262 2856
7802 4 2 7 4 428 427 425 2856
7803 4 2 7 4 436 960 85 418
7804 4 2 7 4 1138 945 1183 2862
7805 4 2 7 4 437 89 447 977
7806 4 2 7 4 449 443 439 2865
7807 4 2 7 4 441 439 440 2872
7808 4 2 7 4 1148 435 91 1177
7809 4 2 7 4 1168 450 1191 1285
7810 4 2 7 4 1271 201 947 1010
7811 4 2 7 4 1173 2846 1145 2861
7812 4 2 7 4 1152 1165 2855 2865
7813 4 2 7 4 440 2861 432 2866
7814 4 2 7 4 456 83 985 420
7815 4 2 7 4 994 1005 982 2847
7816 4 2 7 4 1197 2857 1161 2871
7817 4 2 7 4 451 428 449 2850
7818 4 2 7 4 171 1200 1015 958
7819 4 2 7 4 1159 2845 1184 2869
7820 4 2 7 4 1180 1194 1188 2851
7821 4 2 7 4 1001 165 1000 1186
7822 4 2 7 4 975 974 2854 2868
7823 4 2 7 4 1288 1270 1257 2863
7824 4 2 7 4 973 2857 1009 2869
7825 4 2 7 4 1150 1140 1151 2865
7826 4 2 7 4 1142 219 1203 1266
7827 4 2 7 4 94 1150 462 1140
7828 4 2 7 4 985 456 420 2872
7829 4 2 7 4 992 2866 2843 2872
7830 4 2 7 4 992 985 1022 2872
7831 4 2 7 4 1159 1187 1161 2857
7832 4 2 7 4 1159 1160 1184 2845
7833 4 2 7 4 2841 2859 2844 2868
7834 4 2 7 4 2843 2861 1151 2865
7835 4 2 7 4 1192 1158 1210 2860
7836 4 2 7 4 2840 2850 2842 2855
7837 4 2 7 4 1152 2855 1154 2865
7838 4 2 7 4 1250 231 1293 458
7839 4 2 7 4 439 2861 2843 2865
7840 4 2 7 4 1276 1255 1275 2870
7841 4 2 7 4 992 969 978 2872
7842 4 2 7 4 457 427 460 2849
7843 4 2 7 4 1292 1295 1262 2849
7844 4 2 7 4 1015 958 1200 2863
7845 4 2 7 4 1261 1265 1264 2867
7846 4 2 7 4 430 426 429 2867
7847 4 2 7 4 944 1137 164 1001
7848 4 2 7 4 957 1251 204 977
7849 4 2 7 4 1193 1205 1165 2855
7850 4 2 7 4 1013 959 976 2858
7851 4 2 7 4 1176 1190 1175 2847
7852 4 2 7 4 951 999 168 1144
7853 4 2 7 4 1009 944 1001 2871
7854 4 2 7 4 450 1245 67 1244
7855 4 2 7 4 1244 1245 229 1285
7856 4 2 7 4 1204 97 1149 421
7857 4 2 7 4 1201 1185 1138 2862
7858 4 2 7 4 953 85 960 418
7859 4 2 7 4 1205 1208 1165 2855
7860 4 2 7 4 1193 1140 417 2865
7861 4 2 7 4 2840 2852 2850 2858
7862 4 2 7 4 951 169 1020 1179
7863 4 2 7 4 1147 1270 1200 2863
7864 4 2 7 4 992 1022 2866 2872
7865 4 2 7 4 1293 1247 458 1246
7866 4 2 7 4 1159 2857 2845 2869
7867 4 2 7 4 1138 166 1183 945
7868 4 2 7 4 89 205 447 977
7869 4 2 7 4 1253 1280 202 959
7870 4 2 7 4 1271 979 1291 2859
7871 4 2 7 4 974 945 999 2862
7872 4 2 7 4 1152 1165 1154 2855
7873 4 2 7 4 1141 1252 1167 2853
7874 4 2 7 4 970 2862 1004 2868
7875 4 2 7 4 435 431 91 1177
7876 4 2 7 4 974 1004 2862 2868
7877 4 2 7 4 1183 945 1000 2862
7878 4 2 7 4 436 441 456 2872
7879 4 2 7 4 64 231 1250 458
7880 4 2 7 4 1002 949 991 2870
7881 4 2 7 4 431 1145 92 1177
7882 4 2 7 4 1260 224 1204 1170
7883 4 2 7 4 457 460 445 2849
7884 4 2 7 4 1292 1280 1295 2849
7885 4 2 7 4 974 970 1004 2868
7886 4 2 7 4 447 205 89 1006
7887 4 2 7 4 1005 2847 946 2864
7888 4 2 7 4 979 1271 947 2859
7889 4 2 7 4 1277 1293 458 1246
7890 4 2 7 4 1001 973 1009 2869
7891 4 2 7 4 1282 447 205 977
7892 4 2 7 4 1267 1275 1299 2870
7893 4 2 7 4 422 79 956 453
7894 4 2 7 4 1257 1015 195 1288
7895 4 2 7 4 1277 458 442 1246
7896 4 2 7 4 1247 1293 227 1246
7897 4 2 7 4 458 1247 65 1246
7898 4 2 7 4 163 1008 1189 2871
7899 4 2 7 4 1288 1200 217 1270
7900 4 2 7 4 87 445 997 416
7901 4 2 7 4 454 464 432 2846
7902 4 2 7 4 990 1015 1257 2863
7903 4 2 7 4 459 421 426 2867
7904 4 2 7 4 1256 1294 1261 2867
7905 4 2 7 4 970 971 967 2868
7906 4 2 7 4 436 2850 449 2872
7907 4 2 7 4 1141 1192 1278 2853
7908 4 2 7 4 987 1268 198 2870
7909 4 2 7 4 440 432 464 2866
7910 4 2 7 4 1282 205 447 1006
7911 4 2 7 4 1182 1197 1181 2864
7912 4 2 7 4 959 1280 202 955
7913 4 2 7 4 1200 171 1169 958
7914 4 2 7 4 1180 1169 1194 2863
7915 4 2 7 4 1285 1245 229 1259
7916 4 2 7 4 424 1245 67 450
7917 4 2 7 4 456 985 948 2872
7918 4 2 7 4 1201 1184 1160 2862
7919 4 2 7 4 1272 204 1251 977
7920 4 2 7 4 446 993 81 433
7921 4 2 7 4 993 954 81 433
7922 4 2 7 4 1018 960 85 436
7923 4 2 7 4 1181 946 1139 2864
7924 4 2 7 4 1184 1138 1183 2862
7925 4 2 7 4 456 985 83 948
7926 4 2 7 4 1166 1158 1156 2860
7927 4 2 7 4 1183 2862 1000 2869
7928 4 2 7 4 1257 1281 990 2863
7929 4 2 7 4 999 1185 168 1144
7930 4 2 7 4 1200 958 1169 2863
7931 4 2 7 4 231 230 1258 1248
7932 4 2 7 4 1248 64 63 423
7933 4 2 7 4 1140 417 95 1193
7934 4 2 7 4 1263 1284 1278 2860
7935 4 2 7 4 1000 1186 1183 2869
7936 4 2 7 4 1268 952 197 1281
7937 4 2 7 4 1137 163 1189 2871
7938 4 2 7 4 1172 1173 1145 2861
7939 4 2 7 4 224 1260 1204 1256
7940 4 2 7 4 1210 1170 1287 2860
7941 4 2 7 4 953 961 976 2858
7942 4 2 7 4 1271 979 200 1291
7943 4 2 7 4 449 2855 443 2865
7944 4 2 7 4 1252 1274 1273 2853
7945 4 2 7 4 1144 1171 1174 2854
7946 4 2 7 4 1282 447 1249 1006
7947 4 2 7 4 1162 1199 1202 2853
7948 4 2 7 4 1266 1142 219 1254
7949 4 2 7 4 1202 1199 1141 2853
7950 4 2 7 4 1153 1151 1152 2865
7951 4 2 7 4 1193 2855 1165 2865
7952 4 2 7 4 989 1023 988 2851
7953 4 2 7 4 979 972 991 2859
7954 4 2 7 4 975 971 974 2868
7955 4 2 7 4 1206 1189 1197 2871
7956 4 2 7 4 166 1000 1183 945
7957 4 2 7 4 1263 1287 1260 2860
7958 4 2 7 4 160 159 1175 994
7959 4 2 7 4 224 223 1170 1287
7960 4 2 7 4 1180 1203 1147 2863
7961 4 2 7 4 419 1145 92 431
7962 4 2 7 4 1193 443 1205 2855
7963 4 2 7 4 990 1281 952 2863
7964 4 2 7 4 1009 2869 2857 2871
7965 4 2 7 4 1139 1190 1182 2864
7966 4 2 7 4 88 416 957 437
7967 4 2 7 4 1278 1252 1141 2853
7968 4 2 7 4 1172 1150 1151 2861
7969 4 2 7 4 449 428 443 2855
7970 4 2 7 4 451 449 436 2850
7971 4 2 7 4 169 951 1144 1179
7972 4 2 7 4 999 167 1185 945
7973 4 2 7 4 99 1168 444 450
7974 4 2 7 4 427 426 425 2856
7975 4 2 7 4 1262 1260 1261 2856
7976 4 2 7 4 226 1168 1285 1279
7977 4 2 7 4 163 944 1008 2871
7978 4 2 7 4 970 2845 2862 2868
7979 4 2 7 4 435 90 453 1148
7980 4 2 7 4 167 1138 1185 945
7981 4 2 7 4 1200 1147 217 1270
7982 4 2 7 4 974 2862 2854 2868
7983 4 2 7 4 97 452 425 1146
7984 4 2 7 4 1004 945 974 2862
7985 4 2 7 4 1169 1147 1200 2863
7986 4 2 7 4 200 947 979 1271
7987 4 2 7 4 93 1150 1145 419
7988 4 2 7 4 439 417 438 2865
7989 4 2 7 4 418 953 86 1007
7990 4 2 7 4 99 1168 450 1191
7991 4 2 7 4 440 420 441 2872
7992 4 2 7 4 1180 1194 2851 2863
7993 4 2 7 4 1191 226 1168 1285
7994 4 2 7 4 440 438 432 2861
7995 4 2 7 4 1270 1266 1289 2863
7996 4 2 7 4 1181 998 946 2864
7997 4 2 7 4 998 995 984 2864
7998 4 2 7 4 1000 1001 1186 2869
7999 4 2 7 4 1145 419 1150 2861
8000 4 2 7 4 1206 1187 1137 2871
8001 4 2 7 4 954 1024 433 2866
8002 4 2 7 4 202 1253 959 1010
8003 4 2 7 4 1017 972 979 2859
8004 4 2 7 4 1274 1278 1284 2853
8005 4 2 7 4 1244 1191 450 1285
8006 4 2 7 4 1143 159 158 950
8007 4 2 7 4 87 445 1007 997
8008 4 2 7 4 1196 1184 1183 2869
8009 4 2 7 4 987 952 197 1268
8010 4 2 7 4 443 2855 1193 2865
8011 4 2 7 4 1278 1141 222 1192
8012 4 2 7 4 1137 944 163 2871
8013 4 2 7 4 419 462 1150 2861
8014 4 2 7 4 447 5 1249 1006
8015 4 2 7 4 1282 1249 15 1006
8016 4 2 7 4 1184 2862 1183 2869
8017 4 2 7 4 1015 195 990 1257
8018 4 2 7 4 980 157 158 1178
8019 4 2 7 4 93 1150 419 462
8020 4 2 7 4 201 1271 1253 1010
8021 4 2 7 4 79 1014 956 453
8022 4 2 7 4 164 165 1001 1186
8023 4 2 7 4 204 1251 957 1012
8024 4 2 7 4 2857 2869 1187 2871
8025 4 2 7 4 1192 223 1278 1210
8026 4 2 7 4 1249 15 230 1282
8027 4 2 7 4 1249 63 5 447
8028 4 2 7 4 1265 1261 1294 2867
8029 4 2 7 4 459 426 430 2867
8030 4 2 7 4 976 961 1013 2858
8031 4 2 7 4 1000 2862 1004 2869
8032 4 2 7 4 437 957 88 977
8033 4 2 7 4 987 198 949 2870
8034 4 2 7 4 442 458 65 1246
8035 4 2 7 4 1293 1277 227 1246
8036 4 2 7 4 1015 990 958 2863
8037 4 2 7 4 990 952 1023 2863
8038 4 2 7 4 198 1268 1255 2870
8039 4 2 7 4 420 433 1024 2866
8040 4 2 7 4 428 452 443 2855
8041 4 2 7 4 1252 1141 222 1278
8042 4 2 7 4 1293 1247 1250 458
8043 4 2 7 4 1187 1196 1186 2869
8044 4 2 7 4 462 417 94 1140
8045 4 2 7 4 416 997 87 957
8046 4 2 7 4 1148 90 453 1198
8047 4 2 7 4 1000 1004 973 2869
8048 4 2 7 4 1149 224 1204 1256
8049 4 2 7 4 1210 1158 1166 2860
8050 4 2 7 4 1167 221 1297 1252
8051 4 2 7 4 161 162 998 1181
8052 4 2 7 4 1281 990 196 1257
8053 4 2 7 4 1278 1210 1287 2860
8054 4 2 7 4 1004 1000 945 2862
8055 4 2 7 4 1180 1147 1169 2863
8056 4 2 7 4 163 162 1189 1008
8057 4 2 7 4 954 1022 1024 2866
8058 4 2 7 4 1257 1289 1281 2863
8059 4 2 7 4 946 160 161 1139
8060 4 2 7 4 951 168 169 1144
8061 4 2 7 4 5 89 1006 447
8062 4 2 7 4 205 15 1006 1282
8063 4 2 7 4 1181 1139 1182 2864
8064 4 2 7 4 955 1280 203 1012
8065 4 2 7 4 1293 18 231 1250
8066 4 2 7 4 1 64 1250 458
8067 4 2 7 4 970 974 971 2868
8068 4 2 7 4 1140 1152 1151 2865
8069 4 2 7 4 446 80 956 422
8070 4 2 7 4 1137 164 163 944
8071 4 2 7 4 1140 1193 1152 2865
8072 4 2 7 4 1271 1276 1284 2859
8073 4 2 7 4 948 992 978 2872
8074 4 2 7 4 1271 1291 1276 2859
8075 4 2 7 4 1005 946 984 2864
8076 4 2 7 4 438 419 432 2861
8077 4 2 7 4 1257 1270 1289 2863
8078 4 2 7 4 1191 450 2 1244
8079 4 2 7 4 168 167 1185 999
8080 4 2 7 4 1186 1196 1183 2869
8081 4 2 7 4 1000 165 166 1183
8082 4 2 7 4 995 1008 944 2871
8083 4 2 7 4 1016 983 1022 2866
8084 4 2 7 4 419 438 462 2861
8085 4 2 7 4 1201 1138 1184 2862
8086 4 2 7 4 1022 954 1016 2866
8087 4 2 7 4 1002 988 987 2870
8088 4 2 7 4 445 418 86 1007
8089 4 2 7 4 2 99 450 1191
8090 4 2 7 4 17 1191 1244 1285
8091 4 2 7 4 221 1167 1141 1252
8092 4 2 7 4 456 441 420 2872
8093 4 2 7 4 224 1260 1287 1170
8094 4 2 7 4 97 1205 452 1146
8095 4 2 7 4 1193 417 443 2865
8096 4 2 7 4 1191 17 226 1285
8097 4 2 7 4 83 1024 985 420
8098 4 2 7 4 954 1024 82 433
8099 4 2 7 4 96 97 1205 452
8100 4 2 7 4 1245 67 66 424
8101 4 2 7 4 1245 228 229 1259
8102 4 2 7 4 1145 1150 1172 2861
8103 4 2 7 4 992 948 985 2872
8104 4 2 7 4 198 1255 949 2870
8105 4 2 7 4 952 990 196 1281
8106 4 2 7 4 1149 97 98 421
8107 4 2 7 4 450 67 2 1244
8108 4 2 7 4 1001 1000 973 2869
8109 4 2 7 4 1251 203 1280 1012
8110 4 2 7 4 65 66 442 1246
8111 4 2 7 4 1277 228 227 1246
8112 4 2 7 4 1191 2 17 1244
8113 4 2 7 4 1149 225 224 1256
8114 4 2 7 4 18 1293 1247 1250
8115 4 2 7 4 1250 1247 1 458
8116 4 2 7 4 170 171 958 1169
8117 4 2 7 4 1023 958 990 2863
8118 4 2 7 4 1244 229 17 1285
8119 4 2 7 4 1147 218 217 1270
8120 4 2 7 4 80 956 993 446
8121 4 2 7 4 420 440 433 2866
8122 4 2 7 4 1142 1209 220 1254
8123 4 2 7 4 984 946 998 2864
8124 4 2 7 4 987 949 1002 2870
8125 4 2 7 4 1206 1137 1189 2871
8126 4 2 7 4 1193 417 95 443
8127 4 2 7 4 431 92 91 1177
8128 4 2 7 4 15 5 1006 1249
8129 4 2 7 4 169 170 1020 1179
8130 4 2 7 4 990 195 196 1257
8131 4 2 7 4 443 452 1205 2855
8132 4 2 7 4 1209 1167 221 1297
8133 4 2 7 4 420 82 1024 433
8134 4 2 7 4 439 443 417 2865
8135 4 2 7 4 1254 1209 220 1297
8136 4 2 7 4 433 440 464 2866
8137 4 2 7 4 995 944 1009 2871
8138 4 2 7 4 1263 1278 1287 2860
8139 4 2 7 4 948 84 456 1018
8140 4 2 7 4 947 200 201 1271
8141 4 2 7 4 1293 227 18 1247
8142 4 2 7 4 1247 65 1 458
8143 4 2 7 4 1299 1275 1268 2870
8144 4 2 7 4 1018 84 456 436
8145 4 2 7 4 1168 98 99 444
8146 4 2 7 4 1168 226 225 1279
8147 4 2 7 4 1 18 1247 1250
8148 4 2 7 4 80 79 956 422
8149 4 2 7 4 1145 92 93 419
8150 4 2 7 4 91 90 435 1148
8151 4 2 7 4 1278 1274 1252 2853
8152 4 2 7 4 1275 1255 1268 2870
8153 4 2 7 4 85 84 1018 436
8154 4 2 7 4 1272 205 204 977
8155 4 2 7 4 1138 167 166 945
8156 4 2 7 4 1142 220 219 1254
8157 4 2 7 4 83 84 456 948
8158 4 2 7 4 203 202 1280 955
8159 4 2 7 4 86 85 953 418
8160 4 2 7 4 437 88 89 977
8161 4 2 7 4 1203 219 218 1266
8162 4 2 7 4 416 87 88 957
8163 4 2 7 4 96 1205 1193 443
8164 4 2 7 4 13 171 1200 1015
8165 4 2 7 4 1253 202 201 1010
8166 4 2 7 4 1150 93 94 462
8167 4 2 7 4 1200 217 13 1288
8168 4 2 7 4 223 1287 1278 1210
8169 4 2 7 4 1015 1200 13 1288
8170 4 2 7 4 83 82 1024 420
8171 4 2 7 4 987 197 198 1268
8172 4 2 7 4 1251 204 203 1012
8173 4 2 7 4 1209 221 220 1297
8174 4 2 7 4 86 87 445 1007
8175 4 2 7 4 157 8 1198 1014
8176 4 2 7 4 82 81 954 433
8177 4 2 7 4 417 95 94 1140
8178 4 2 7 4 949 198 199 1255
8179 4 2 7 4 952 196 197 1281
8180 4 2 7 4 979 199 200 1291
8181 4 2 7 4 1015 13 195 1288
8182 4 2 7 4 1287 223 1170 1210
8183 4 2 7 4 1141 222 221 1252
8184 4 2 7 4 993 81 80 446
8185 4 2 7 4 79 8 1014 453
8186 4 2 7 4 453 90 8 1198
8187 4 2 7 4 8 1014 453 1198
8188 4 2 7 4 96 1205 443 452
8189 4 2 7 4 222 223 1278 1192
8190 4 2 7 4 95 96 1193 443
8191 4 2 7 4 956 435 453 1014
8192 4 2 7 4 453 435 956 422
8193 4 2 7 4 1178 1207 956 1148
8194 4 2 7 4 1178 956 1207 2846
8195 4 2 7 4 435 956 1207 1148
8196 4 2 7 4 435 1207 956 2846
8197 4 2 7 4 1298 416 437 957
8198 4 2 7 4 1298 437 416 463
8199 4 2 7 4 1148 1014 453 435
8200 4 2 7 4 453 1014 1148 1198
8201 4 2 7 4 422 2846 446 454
8202 4 2 7 4 446 2846 422 956
8203 4 2 7 4 2847 981 983 982
8204 4 2 7 4 2847 983 981 2846
8205 4 2 7 4 2853 1157 2845 1162
8206 4 2 7 4 2853 2845 1157 2841
8207 4 2 7 4 993 2846 956 1019
8208 4 2 7 4 956 2846 993 446
8209 4 2 7 4 965 2848 2843 969
8210 4 2 7 4 2843 2848 965 2842
8211 4 2 7 4 2843 2872 965 969
8212 4 2 7 4 965 2872 2843 2842
8213 4 2 7 4 2857 1025 966 1021
8214 4 2 7 4 2857 966 1025 2842
8215 4 2 7 4 1280 2858 955 959
8216 4 2 7 4 955 2858 1280 2849
8217 4 2 7 4 2863 1179 1194 2851
8218 4 2 7 4 2863 1194 1179 1169
8219 4 2 7 4 2857 966 973 1021
8220 4 2 7 4 2857 973 966 2845
8221 4 2 7 4 2858 1295 2840 2852
8222 4 2 7 4 2858 2840 1295 2849
8223 4 2 7 4 1181 1008 2871 1189
8224 4 2 7 4 2871 1008 1181 998
8225 4 2 7 4 2851 1020 2854 989
8226 4 2 7 4 2851 2854 1020 1179
8227 4 2 7 4 951 2854 1020 989
8228 4 2 7 4 951 1020 2854 1179
8229 4 2 7 4 2850 2858 962 961
8230 4 2 7 4 2850 962 2858 2852
8231 4 2 7 4 963 962 2858 961
8232 4 2 7 4 963 2858 962 2852
8233 4 2 7 4 2845 1155 2857 1159
8234 4 2 7 4 2845 2857 1155 2842
8235 4 2 7 4 2858 997 955 976
8236 4 2 7 4 2858 955 997 2849
8237 4 2 7 4 2859 2853 1284 2841
8238 4 2 7 4 2859 1284 2853 1274
8239 4 2 7 4 958 1179 170 1169
8240 4 2 7 4 958 170 1179 1020
8241 4 2 7 4 2857 1155 2848 1161
8242 4 2 7 4 2857 2848 1155 2842
8243 4 2 7 4 437 977 1298 957
8244 4 2 7 4 437 1298 977 1272
8245 4 2 7 4 1251 1298 977 957
8246 4 2 7 4 1251 977 1298 1272
8247 4 2 7 4 2862 1171 1185 2854
8248 4 2 7 4 2862 1185 1171 1201
8249 4 2 7 4 1179 2863 1020 2851
8250 4 2 7 4 1179 1020 2863 958
8251 4 2 7 4 989 1020 2863 2851
8252 4 2 7 4 989 2863 1020 958
8253 4 2 7 4 2865 2850 2842 2843
8254 4 2 7 4 2865 2842 2850 2855
8255 4 2 7 4 1147 1266 218 1270
8256 4 2 7 4 218 1266 1147 1203
8257 4 2 7 4 979 1255 199 1291
8258 4 2 7 4 199 1255 979 949
8259 4 2 7 4 1267 2863 1299 1289
8260 4 2 7 4 1299 2863 1267 2851
8261 4 2 7 4 2871 1161 1187 2857
8262 4 2 7 4 2871 1187 1161 1206
8263 4 2 7 4 2844 2870 1273 2851
8264 4 2 7 4 2844 1273 2870 1275
8265 4 2 7 4 1267 1273 2870 2851
8266 4 2 7 4 1267 2870 1273 1275
8267 4 2 7 4 1140 462 2865 1150
8268 4 2 7 4 1140 2865 462 417
8269 4 2 7 4 2861 2865 462 1150
8270 4 2 7 4 2865 438 462 417
8271 4 2 7 4 2865 462 438 2861
8272 4 2 7 5 2874 2878 1449 2888
8273 4 2 7 5 2878 2887 1449 2888
8274 4 2 7 5 2874 2902 2897 2932
8275 4 2 7 5 2895 2902 2874 2932
8276 4 2 7 5 1434 2902 1353 2931
8277 4 2 7 5 2873 2895 1470 2924
8278 4 2 7 5 2873 2878 1470 2895
8279 4 2 7 5 1382 2902 1387 2949
8280 4 2 7 5 1387 2902 1306 2949
8281 4 2 7 5 1434 1353 1443 2931
8282 4 2 7 5 1449 2878 2874 2895
8283 4 2 7 5 2970 838 2912 2918
8284 4 2 7 5 2970 838 832 2912
8285 4 2 7 5 848 2980 842 2885
8286 4 2 7 5 1460 2897 1446 2932
8287 4 2 7 5 1358 2895 1357 2931
8288 4 2 7 5 2878 2873 2880 2895
8289 4 2 7 5 1421 2885 2894 2936
8290 4 2 7 5 1446 2902 2895 2932
8291 4 2 7 5 1446 2897 2902 2932
8292 4 2 7 5 1347 1443 1353 2931
8293 4 2 7 5 1353 1434 1306 2902
8294 4 2 7 5 1358 2902 2895 2931
8295 4 2 7 5 842 2886 836 2894
8296 4 2 7 5 1467 2908 2875 2916
8297 4 2 7 5 842 2885 2980 2886
8298 4 2 7 5 2889 2925 2878 2946
8299 4 2 7 5 2878 2880 2879 2895
8300 4 2 7 5 2873 2882 1380 2901
8301 4 2 7 5 1421 2894 1403 2903
8302 4 2 7 5 846 2898 2986 2934
8303 4 2 7 5 1458 1470 2895 2924
8304 4 2 7 5 1449 2895 2874 2932
8305 4 2 7 5 2873 2880 1380 2882
8306 4 2 7 5 1447 2904 2895 2931
8307 4 2 7 5 2897 2902 2874 2953
8308 4 2 7 5 1382 1353 1387 2902
8309 4 2 7 5 2874 2879 2878 2889
8310 4 2 7 5 2885 2903 2894 2936
8311 4 2 7 5 1372 1436 1461 2931
8312 4 2 7 5 1335 1306 2902 2949
8313 4 2 7 5 1345 2904 1395 2931
8314 4 2 7 5 1368 1330 1313 2913
8315 4 2 7 5 854 2923 2905 2927
8316 4 2 7 5 2904 2924 2873 2943
8317 4 2 7 5 1360 2895 2873 2943
8318 4 2 7 5 1468 2876 2886 2899
8319 4 2 7 5 1468 2876 1470 2924
8320 4 2 7 5 1387 1353 1306 2902
8321 4 2 7 5 2873 1360 2880 2895
8322 4 2 7 5 1395 2904 1442 2931
8323 4 2 7 5 1421 2894 2903 2936
8324 4 2 7 5 1446 2895 1449 2932
8325 4 2 7 5 1347 1372 1461 2931
8326 4 2 7 5 1447 2895 2902 2931
8327 4 2 7 5 1403 1421 1410 2894
8328 4 2 7 5 1459 1470 2878 2895
8329 4 2 7 5 2886 2899 2876 2940
8330 4 2 7 5 1347 1353 1372 2931
8331 4 2 7 5 1459 2878 1449 2895
8332 4 2 7 5 1442 1436 1354 2931
8333 4 2 7 5 1461 1443 1347 2931
8334 4 2 7 5 2874 2879 1359 2895
8335 4 2 7 5 1471 1442 1476 2904
8336 4 2 7 5 1470 2876 2873 2924
8337 4 2 7 5 1434 1443 1461 2931
8338 4 2 7 5 1442 2904 1471 2931
8339 4 2 7 5 1434 1353 1306 1443
8340 4 2 7 5 1476 1442 1395 2904
8341 4 2 7 5 854 2892 2923 2927
8342 4 2 7 5 2873 2904 2895 2924
8343 4 2 7 5 830 2903 2966 2950
8344 4 2 7 5 854 2905 2892 2927
8345 4 2 7 5 1354 1436 1372 2931
8346 4 2 7 5 2874 2877 1379 2891
8347 4 2 7 5 1468 2878 2876 2899
8348 4 2 7 5 1302 1330 1368 2913
8349 4 2 7 5 2879 2880 1360 2895
8350 4 2 7 5 2887 2878 2925 2946
8351 4 2 7 5 1380 2873 1360 2880
8352 4 2 7 5 1335 2902 1444 2949
8353 4 2 7 5 2878 2879 2874 2895
8354 4 2 7 5 1385 2913 1368 2915
8355 4 2 7 5 842 2885 2886 2894
8356 4 2 7 5 2966 2903 2886 2950
8357 4 2 7 5 2895 2904 2873 2943
8358 4 2 7 5 1370 1359 2874 2879
8359 4 2 7 5 2874 2902 2895 2953
8360 4 2 7 5 1377 2890 2877 2913
8361 4 2 7 5 1358 1357 1356 2931
8362 4 2 7 5 1460 1446 2897 2902
8363 4 2 7 5 1466 2903 2886 2936
8364 4 2 7 5 1382 1383 1353 2902
8365 4 2 7 5 1468 1466 1437 2886
8366 4 2 7 5 851 2910 845 2911
8367 4 2 7 5 1353 2902 1383 2931
8368 4 2 7 5 2877 2890 1379 2891
8369 4 2 7 5 1379 2891 2890 2930
8370 4 2 7 5 1449 2878 1459 2887
8371 4 2 7 5 1306 1434 1335 2902
8372 4 2 7 5 829 2966 1437 2950
8373 4 2 7 5 2898 2922 2876 2940
8374 4 2 7 5 1421 2903 1403 2936
8375 4 2 7 5 1379 2877 1377 2890
8376 4 2 7 5 1380 1364 1360 2873
8377 4 2 7 5 838 2909 832 2912
8378 4 2 7 5 1305 1473 2897 2949
8379 4 2 7 5 1368 1313 1330 1302
8380 4 2 7 5 1360 1371 2895 2943
8381 4 2 7 5 1360 2873 1364 2943
8382 4 2 7 5 1467 2875 2908 2919
8383 4 2 7 5 1421 1425 1420 2885
8384 4 2 7 5 1451 1468 1470 2924
8385 4 2 7 5 1421 1403 1419 2936
8386 4 2 7 5 1467 2916 2875 2932
8387 4 2 7 5 2895 2904 1458 2924
8388 4 2 7 5 1437 1468 2886 2899
8389 4 2 7 5 1425 1420 2885 2927
8390 4 2 7 5 2980 2922 2885 2923
8391 4 2 7 5 1364 2873 1380 2901
8392 4 2 7 5 2878 2876 2899 2940
8393 4 2 7 5 1368 2913 1313 2915
8394 4 2 7 5 1344 1368 1377 2913
8395 4 2 7 5 2874 2888 1449 2932
8396 4 2 7 5 2896 2914 2884 2944
8397 4 2 7 5 1305 1473 1307 2897
8398 4 2 7 5 1304 1316 1315 2883
8399 4 2 7 5 2882 2892 1378 2927
8400 4 2 7 5 1380 2882 2880 2933
8401 4 2 7 5 1403 2894 1410 2907
8402 4 2 7 5 2895 2902 1359 2953
8403 4 2 7 5 856 2929 850 2930
8404 4 2 7 5 857 851 2992 2910
8405 4 2 7 5 836 2894 2886 2903
8406 4 2 7 5 1385 2890 2913 2915
8407 4 2 7 5 1377 2877 1379 2926
8408 4 2 7 5 1437 2886 1466 2903
8409 4 2 7 5 1357 2904 2895 2943
8410 4 2 7 5 1395 1345 1424 2904
8411 4 2 7 5 1421 2928 2885 2936
8412 4 2 7 5 830 836 2966 2903
8413 4 2 7 5 1403 2903 2894 2907
8414 4 2 7 5 2905 2923 2885 2927
8415 4 2 7 5 1445 2902 1434 2931
8416 4 2 7 5 2980 2886 2885 2922
8417 4 2 7 5 2876 2886 2885 2903
8418 4 2 7 5 1357 2895 1371 2943
8419 4 2 7 5 1360 1359 2879 2895
8420 4 2 7 5 1455 2912 2888 2941
8421 4 2 7 5 1404 1346 2892 2927
8422 4 2 7 5 1377 2913 2877 2926
8423 4 2 7 5 1444 2897 1473 2949
8424 4 2 7 5 2874 2895 1359 2953
8425 4 2 7 5 1469 2888 2912 2932
8426 4 2 7 5 1469 2912 2916 2932
8427 4 2 7 5 1302 1368 1344 2913
8428 4 2 7 5 1385 1377 1368 2913
8429 4 2 7 5 1335 1327 1306 2949
8430 4 2 7 5 13 178 1438 2906
8431 4 2 7 5 1307 2897 1432 2919
8432 4 2 7 5 1458 1470 1448 2895
8433 4 2 7 5 1335 1444 1305 2949
8434 4 2 7 5 1390 1404 1412 2901
8435 4 2 7 5 1354 1395 1401 1442
8436 4 2 7 5 1312 1306 1353 1443
8437 4 2 7 5 1469 2916 1467 2932
8438 4 2 7 5 842 2973 836 2886
8439 4 2 7 5 1461 1372 1347 1462
8440 4 2 7 5 1335 1434 1444 2902
8441 4 2 7 5 1461 1436 1442 2931
8442 4 2 7 5 1459 1448 1470 2895
8443 4 2 7 5 1387 1306 1327 2949
8444 4 2 7 5 2881 2909 2896 2918
8445 4 2 7 5 1313 2913 1314 2915
8446 4 2 7 5 1358 1359 2895 2902
8447 4 2 7 5 1425 1408 1420 2927
8448 4 2 7 5 2992 2910 851 2911
8449 4 2 7 5 1404 1412 2901 2927
8450 4 2 7 5 1469 2912 1440 2916
8451 4 2 7 5 1379 2877 2874 2953
8452 4 2 7 5 1448 1459 1449 2895
8453 4 2 7 5 1401 1373 1354 1436
8454 4 2 7 5 1347 1312 1443 1462
8455 4 2 7 5 1318 2900 2938 2944
8456 4 2 7 5 1450 1431 1422 2924
8457 4 2 7 5 1444 2902 2897 2949
8458 4 2 7 5 1399 1422 1397 2924
8459 4 2 7 5 1305 2897 1307 2949
8460 4 2 7 5 1458 2895 1447 2904
8461 4 2 7 5 2873 2901 1364 2943
8462 4 2 7 5 2890 2891 2877 2929
8463 4 2 7 5 1447 2895 1446 2902
8464 4 2 7 5 2972 834 2899 2925
8465 4 2 7 5 1476 1395 1416 2904
8466 4 2 7 5 1460 2897 1444 2902
8467 4 2 7 5 856 850 2991 2930
8468 4 2 7 5 2890 2891 2929 2930
8469 4 2 7 5 1308 1307 2897 2949
8470 4 2 7 5 850 2929 2984 2930
8471 4 2 7 5 1469 1440 1467 2916
8472 4 2 7 5 1305 1444 1473 2949
8473 4 2 7 5 1360 1364 1371 2943
8474 4 2 7 5 1444 1460 1473 2897
8475 4 2 7 5 1315 2883 1316 2908
8476 4 2 7 5 857 2910 2992 2921
8477 4 2 7 5 1404 2901 1346 2927
8478 4 2 7 5 841 847 2979 2922
8479 4 2 7 5 834 2972 840 2925
8480 4 2 7 5 1446 1448 1449 2895
8481 4 2 7 5 1370 1360 1359 2879
8482 4 2 7 5 1385 2890 1377 2913
8483 4 2 7 5 1449 2888 2887 2941
8484 4 2 7 5 845 2985 851 2911
8485 4 2 7 5 1308 2897 1309 2926
8486 4 2 7 5 1379 2926 2877 2953
8487 4 2 7 5 1442 1401 1354 1436
8488 4 2 7 5 1347 1312 1353 1443
8489 4 2 7 5 1380 2882 1378 2901
8490 4 2 7 5 1370 2874 1379 2891
8491 4 2 7 5 1358 1359 2902 2953
8492 4 2 7 5 2876 2903 2885 2936
8493 4 2 7 5 2878 2898 2876 2940
8494 4 2 7 5 1399 1450 1422 2924
8495 4 2 7 5 2897 2926 1308 2949
8496 4 2 7 5 837 2976 843 2896
8497 4 2 7 5 1473 1432 1307 2897
8498 4 2 7 5 1405 1412 1404 2927
8499 4 2 7 5 1308 1305 1307 2949
8500 4 2 7 5 1448 1447 1458 2895
8501 4 2 7 5 1313 1330 1314 2913
8502 4 2 7 5 2886 2894 2885 2903
8503 4 2 7 5 2965 834 828 2899
8504 4 2 7 5 1423 1428 1390 2901
8505 4 2 7 5 1318 2884 1331 2944
8506 4 2 7 5 1402 1392 1457 2903
8507 4 2 7 5 1356 2904 1345 2931
8508 4 2 7 5 845 2911 2910 2918
8509 4 2 7 5 1378 2892 1346 2927
8510 4 2 7 5 2882 2923 2892 2927
8511 4 2 7 5 2993 858 852 2920
8512 4 2 7 5 2996 855 1385 2915
8513 4 2 7 5 2966 2886 1437 2950
8514 4 2 7 5 1357 1360 1371 2895
8515 4 2 7 5 1358 1359 1357 2895
8516 4 2 7 5 1459 1470 1468 2878
8517 4 2 7 5 1308 2926 1310 2949
8518 4 2 7 5 1394 2904 1384 2943
8519 4 2 7 5 1320 135 1328 2915
8520 4 2 7 5 1402 1403 1392 2903
8521 4 2 7 5 1344 2913 1377 2926
8522 4 2 7 5 1378 2882 1351 2892
8523 4 2 7 5 1443 1461 1347 1462
8524 4 2 7 5 1373 1372 1354 1436
8525 4 2 7 5 2984 2929 2918 2930
8526 4 2 7 5 1405 1404 2892 2927
8527 4 2 7 5 1469 2888 1449 2912
8528 4 2 7 5 1421 1419 1400 2928
8529 4 2 7 5 1476 1416 1431 2904
8530 4 2 7 5 1315 1452 1435 2908
8531 4 2 7 5 836 2886 2966 2903
8532 4 2 7 5 844 2984 850 2929
8533 4 2 7 5 2995 2892 854 2905
8534 4 2 7 5 1467 2875 2919 2932
8535 4 2 7 5 2993 858 2920 2935
8536 4 2 7 5 2993 2920 852 2934
8537 4 2 7 5 1397 2924 2904 2943
8538 4 2 7 5 1423 1428 2901 2943
8539 4 2 7 5 1421 1419 2928 2936
8540 4 2 7 5 1472 1442 1471 2931
8541 4 2 7 5 2881 2918 2896 2929
8542 4 2 7 5 1361 1310 2926 2949
8543 4 2 7 5 1431 1458 2904 2924
8544 4 2 7 5 2962 2916 2909 2939
8545 4 2 7 5 1370 2891 1379 2930
8546 4 2 7 5 2883 2916 825 2917
8547 4 2 7 5 1446 1449 1460 2932
8548 4 2 7 5 2876 2898 2873 2922
8549 4 2 7 5 830 1474 2903 2950
8550 4 2 7 5 1302 1330 2913 2926
8551 4 2 7 5 2884 2914 2913 2944
8552 4 2 7 5 2875 2914 2896 2944
8553 4 2 7 5 1339 1307 1432 2919
8554 4 2 7 5 1370 2910 2891 2930
8555 4 2 7 5 2995 860 854 2892
8556 4 2 7 5 2886 2903 2876 2936
8557 4 2 7 5 135 2996 1328 2915
8558 4 2 7 5 1390 1428 1363 2901
8559 4 2 7 5 1310 1308 1309 2926
8560 4 2 7 5 1424 1416 1395 2904
8561 4 2 7 5 1334 2897 2919 2945
8562 4 2 7 5 2877 2881 2896 2929
8563 4 2 7 5 2888 2909 2881 2918
8564 4 2 7 5 1338 2913 1330 2926
8565 4 2 7 5 1421 2885 1420 2894
8566 4 2 7 5 2875 2913 2914 2944
8567 4 2 7 5 1460 1432 2897 2919
8568 4 2 7 5 1320 2989 135 2915
8569 4 2 7 5 1403 2903 1402 2936
8570 4 2 7 5 1355 1345 1356 2904
8571 4 2 7 5 2901 2873 2928 2943
8572 4 2 7 5 1362 1377 1379 2926
8573 4 2 7 5 1417 1392 1409 2907
8574 4 2 7 5 1355 1424 1345 2904
8575 4 2 7 5 1449 1455 2888 2941
8576 4 2 7 5 1302 2913 1344 2926
8577 4 2 7 5 1361 2949 2926 2953
8578 4 2 7 5 2994 1351 859 2933
8579 4 2 7 5 1402 2903 1457 2936
8580 4 2 7 5 1318 1300 2884 2938
8581 4 2 7 5 2886 2903 1437 2950
8582 4 2 7 5 1398 2928 2924 2943
8583 4 2 7 5 856 2890 2929 2930
8584 4 2 7 5 1338 1311 1330 2913
8585 4 2 7 5 1318 2900 1300 2938
8586 4 2 7 5 2937 2938 2900 2944
8587 4 2 7 5 843 2896 2983 2914
8588 4 2 7 5 1355 1394 1424 2904
8589 4 2 7 5 1327 1335 1305 2949
8590 4 2 7 5 1373 1347 1372 1462
8591 4 2 7 5 1425 2885 1421 2928
8592 4 2 7 5 2882 2885 2923 2927
8593 4 2 7 5 1425 1413 1408 2927
8594 4 2 7 5 1431 1450 1458 2924
8595 4 2 7 5 1451 1466 1468 2936
8596 4 2 7 5 1423 2901 1413 2928
8597 4 2 7 5 1311 2913 1338 2945
8598 4 2 7 5 1372 1345 1354 2931
8599 4 2 7 5 846 2898 2934 2947
8600 4 2 7 5 2877 2896 2881 2909
8601 4 2 7 5 1332 1311 1336 2944
8602 4 2 7 5 841 835 2973 2940
8603 4 2 7 5 1447 2902 1445 2931
8604 4 2 7 5 1446 1447 1448 2895
8605 4 2 7 5 1380 1351 2882 2933
8606 4 2 7 5 1394 1397 2904 2943
8607 4 2 7 5 1324 1323 2908 2919
8608 4 2 7 5 1334 1309 1307 2945
8609 4 2 7 5 1370 2874 1359 2953
8610 4 2 7 5 2885 2927 2882 2928
8611 4 2 7 5 1416 1422 1431 2904
8612 4 2 7 5 1358 2902 1369 2953
8613 4 2 7 5 1460 1432 1473 2897
8614 4 2 7 5 1373 1401 261 1436
8615 4 2 7 5 1312 1347 239 1462
8616 4 2 7 5 1474 1437 1466 2903
8617 4 2 7 5 856 1348 2890 2930
8618 4 2 7 5 2896 2937 2875 2944
8619 4 2 7 5 2876 2885 2882 2928
8620 4 2 7 5 1420 2905 2885 2927
8621 4 2 7 5 1351 1378 1380 2882
8622 4 2 7 5 1423 1413 1398 2928
8623 4 2 7 5 1334 1307 2897 2945
8624 4 2 7 5 849 2989 2893 2915
8625 4 2 7 5 1476 1431 1471 2904
8626 4 2 7 5 1469 1449 1455 2912
8627 4 2 7 5 2897 1309 2926 2945
8628 4 2 7 5 1383 2902 1358 2931
8629 4 2 7 5 853 2923 2933 2934
8630 4 2 7 5 152 151 2997 1348
8631 4 2 7 5 13 2960 178 2906
8632 4 2 7 5 1420 2885 1389 2894
8633 4 2 7 5 2885 2922 2882 2923
8634 4 2 7 5 2877 2881 2875 2909
8635 4 2 7 5 1397 1398 2924 2943
8636 4 2 7 5 831 837 2937 2939
8637 4 2 7 5 1334 2897 1307 2919
8638 4 2 7 5 2890 2914 2913 2915
8639 4 2 7 5 1420 1389 2885 2905
8640 4 2 7 5 844 2918 2984 2929
8641 4 2 7 5 2882 2885 2876 2922
8642 4 2 7 5 1313 1303 1368 2915
8643 4 2 7 5 1357 1359 1360 2895
8644 4 2 7 5 839 2970 833 2946
8645 4 2 7 5 826 1440 2912 2916
8646 4 2 7 5 1449 2888 1455 2912
8647 4 2 7 5 849 2893 2914 2915
8648 4 2 7 5 1320 2893 2989 2915
8649 4 2 7 5 1324 2908 2944 2945
8650 4 2 7 5 2910 2911 2992 2920
8651 4 2 7 5 1302 1338 1330 2926
8652 4 2 7 5 2924 2928 2873 2943
8653 4 2 7 5 1394 1355 1384 2904
8654 4 2 7 5 1370 2879 2874 2891
8655 4 2 7 5 1425 2927 2885 2928
8656 4 2 7 5 1457 1392 1438 2903
8657 4 2 7 5 1419 1403 1402 2936
8658 4 2 7 5 1347 239 1374 1312
8659 4 2 7 5 1436 1401 261 1463
8660 4 2 7 5 1420 1407 2905 2927
8661 4 2 7 5 1362 2926 1379 2953
8662 4 2 7 5 2962 831 2916 2939
8663 4 2 7 5 1360 2880 2879 2920
8664 4 2 7 5 1381 1370 1359 2953
8665 4 2 7 5 842 836 2974 2894
8666 4 2 7 5 831 2937 2916 2939
8667 4 2 7 5 2902 2949 1369 2953
8668 4 2 7 5 1416 1397 1422 2904
8669 4 2 7 5 2882 1378 2901 2927
8670 4 2 7 5 1321 2913 2893 2915
8671 4 2 7 5 1363 1346 1404 2901
8672 4 2 7 5 1419 1427 1400 2936
8673 4 2 7 5 2996 151 11 1349
8674 4 2 7 5 1469 1449 2888 2932
8675 4 2 7 5 1403 1392 2903 2907
8676 4 2 7 5 1427 2928 1400 2936
8677 4 2 7 5 1358 1369 1359 2953
8678 4 2 7 5 1369 2902 1382 2949
8679 4 2 7 5 2876 2878 2873 2898
8680 4 2 7 5 2910 2920 2992 2921
8681 4 2 7 5 1393 1404 1346 2892
8682 4 2 7 5 1357 1355 1356 2904
8683 4 2 7 5 1378 1346 2901 2927
8684 4 2 7 5 1318 1316 2900 2908
8685 4 2 7 5 1416 1424 1394 2904
8686 4 2 7 5 2908 2916 2883 2917
8687 4 2 7 5 2876 2885 2928 2936
8688 4 2 7 5 1419 1400 2928 2936
8689 4 2 7 5 2972 2925 2899 2940
8690 4 2 7 5 2972 2898 2925 2940
8691 4 2 7 5 1420 1408 1407 2927
8692 4 2 7 5 1459 2878 1468 2899
8693 4 2 7 5 1397 1416 1394 2904
8694 4 2 7 5 2926 2949 2897 2953
8695 4 2 7 5 1385 855 151 2997
8696 4 2 7 5 1324 1301 1323 2919
8697 4 2 7 5 1443 1312 239 1462
8698 4 2 7 5 1373 261 1401 1354
8699 4 2 7 5 1440 826 2912 2942
8700 4 2 7 5 1360 1366 2880 2920
8701 4 2 7 5 841 2898 2972 2940
8702 4 2 7 5 1351 155 156 3001
8703 4 2 7 5 1343 2901 1428 2943
8704 4 2 7 5 1444 1434 1445 2902
8705 4 2 7 5 1370 2879 2891 2910
8706 4 2 7 5 172 2995 1406 1418
8707 4 2 7 5 1447 1445 1472 2931
8708 4 2 7 5 2875 2909 2888 2932
8709 4 2 7 5 858 2921 2920 2935
8710 4 2 7 5 1339 1334 1307 2919
8711 4 2 7 5 1427 1391 2924 2936
8712 4 2 7 5 1310 1361 1333 2949
8713 4 2 7 5 857 2991 851 2910
8714 4 2 7 5 1397 1396 1398 2943
8715 4 2 7 5 2885 2886 2876 2922
8716 4 2 7 5 156 12 1367 3002
8717 4 2 7 5 1445 1434 1461 2931
8718 4 2 7 5 2988 854 848 2905
8719 4 2 7 5 1398 1396 1423 2943
8720 4 2 7 5 1369 1358 1382 2902
8721 4 2 7 5 1460 2919 2897 2932
8722 4 2 7 5 2880 2873 2898 2922
8723 4 2 7 5 1458 1447 1471 2904
8724 4 2 7 5 153 2910 857 2921
8725 4 2 7 5 2896 2937 837 2939
8726 4 2 7 5 2883 2908 1456 2916
8727 4 2 7 5 2881 2888 2875 2909
8728 4 2 7 5 1316 2900 2908 2917
8729 4 2 7 5 1406 2892 2995 2905
8730 4 2 7 5 1318 2908 2900 2944
8731 4 2 7 5 1394 1396 1397 2943
8732 4 2 7 5 2880 2882 2873 2922
8733 4 2 7 5 179 1437 829 2952
8734 4 2 7 5 272 1401 1436 1463
8735 4 2 7 5 1374 250 1347 1312
8736 4 2 7 5 1310 1333 1308 2949
8737 4 2 7 5 183 10 1456 2954
8738 4 2 7 5 2889 2946 2918 2947
8739 4 2 7 5 1384 2904 1355 2943
8740 4 2 7 5 2909 2912 2888 2932
8741 4 2 7 5 1390 1363 1404 2901
8742 4 2 7 5 856 1348 2997 2890
8743 4 2 7 5 1327 1333 1342 2949
8744 4 2 7 5 1460 1444 1446 2902
8745 4 2 7 5 1467 1435 1452 2908
8746 4 2 7 5 1336 2944 1311 2945
8747 4 2 7 5 1307 1309 1308 2897
8748 4 2 7 5 1324 1323 1319 2908
8749 4 2 7 5 1319 1324 2908 2944
8750 4 2 7 5 1433 2924 1391 2936
8751 4 2 7 5 1304 1315 1456 2883
8752 4 2 7 5 2874 2897 2877 2932
8753 4 2 7 5 2888 2887 2941 2946
8754 4 2 7 5 1318 1319 1316 2908
8755 4 2 7 5 1342 1387 1327 2949
8756 4 2 7 5 1321 1337 1320 2893
8757 4 2 7 5 2994 859 853 2933
8758 4 2 7 5 2908 2875 2944 2945
8759 4 2 7 5 1300 1331 1318 2884
8760 4 2 7 5 828 1430 2899 2948
8761 4 2 7 5 1412 1408 1413 2927
8762 4 2 7 5 2878 2880 2873 2898
8763 4 2 7 5 2897 2926 2877 2945
8764 4 2 7 5 1347 1374 239 1462
8765 4 2 7 5 1436 261 1373 1463
8766 4 2 7 5 1332 2913 1311 2944
8767 4 2 7 5 2877 2913 2890 2914
8768 4 2 7 5 1363 1428 1343 2901
8769 4 2 7 5 2976 2896 837 2939
8770 4 2 7 5 1445 1447 1446 2902
8771 4 2 7 5 2875 2913 2944 2945
8772 4 2 7 5 2878 2889 2880 2898
8773 4 2 7 5 182 183 1440 2955
8774 4 2 7 5 855 2989 849 2915
8775 4 2 7 5 2913 2926 1338 2945
8776 4 2 7 5 1383 1382 1358 2902
8777 4 2 7 5 2913 1311 2944 2945
8778 4 2 7 5 1314 2913 1321 2915
8779 4 2 7 5 1319 2908 1318 2944
8780 4 2 7 5 1407 1406 1429 2905
8781 4 2 7 5 2984 2918 2910 2930
8782 4 2 7 5 1356 1383 1358 2931
8783 4 2 7 5 1323 1315 1316 2908
8784 4 2 7 5 1423 1396 1428 2943
8785 4 2 7 5 841 2979 2898 2922
8786 4 2 7 5 1332 2884 2893 2913
8787 4 2 7 5 1389 2894 2885 2905
8788 4 2 7 5 2881 2918 2889 2946
8789 4 2 7 5 1458 1451 1470 2924
8790 4 2 7 5 1332 2893 1321 2913
8791 4 2 7 5 835 2886 2973 2940
8792 4 2 7 5 1313 1314 1303 2915
8793 4 2 7 5 1342 1333 1361 2949
8794 4 2 7 5 1400 1427 1398 2928
8795 4 2 7 5 1467 1456 2908 2916
8796 4 2 7 5 1317 1318 1316 2900
8797 4 2 7 5 1404 1393 1405 2892
8798 4 2 7 5 1379 2890 1348 2930
8799 4 2 7 5 2897 2949 2902 2953
8800 4 2 7 5 2875 2913 2877 2914
8801 4 2 7 5 1456 1435 1467 2908
8802 4 2 7 5 1309 2897 1307 2945
8803 4 2 7 5 1319 1318 1331 2944
8804 4 2 7 5 2924 2928 1427 2936
8805 4 2 7 5 1407 2892 1406 2905
8806 4 2 7 5 852 846 2986 2934
8807 4 2 7 5 2876 2882 2873 2928
8808 4 2 7 5 1405 2892 1407 2927
8809 4 2 7 5 2877 2891 2881 2929
8810 4 2 7 5 1441 1386 1475 1414
8811 4 2 7 5 853 2933 2993 2934
8812 4 2 7 5 859 2993 2933 2935
8813 4 2 7 5 1317 2900 1316 2917
8814 4 2 7 5 1457 1391 1402 2936
8815 4 2 7 5 2983 2890 2914 2929
8816 4 2 7 5 853 859 2993 2933
8817 4 2 7 5 1421 1420 1389 2894
8818 4 2 7 5 1336 1324 2944 2945
8819 4 2 7 5 1403 1409 1392 2907
8820 4 2 7 5 2922 2933 2923 2934
8821 4 2 7 5 2910 2911 2891 2918
8822 4 2 7 5 2882 2901 2873 2928
8823 4 2 7 5 1375 1475 1322 1386
8824 4 2 7 5 825 2916 831 2917
8825 4 2 7 5 1475 1375 1411 1386
8826 4 2 7 5 843 2983 849 2914
8827 4 2 7 5 1316 2908 2883 2917
8828 4 2 7 5 1349 1368 1303 2915
8829 4 2 7 5 2919 2932 2875 2945
8830 4 2 7 5 2877 2926 2897 2953
8831 4 2 7 5 2877 2897 2874 2953
8832 4 2 7 5 1400 1425 1421 2928
8833 4 2 7 5 1412 1413 1390 2901
8834 4 2 7 5 847 2922 2980 2923
8835 4 2 7 5 855 151 2996 1385
8836 4 2 7 5 1361 1369 2949 2953
8837 4 2 7 5 2918 2929 2891 2930
8838 4 2 7 5 1324 2919 2908 2945
8839 4 2 7 5 1372 1353 1383 2931
8840 4 2 7 5 2900 2937 2968 2938
8841 4 2 7 5 2882 2927 2901 2928
8842 4 2 7 5 261 1415 1373 1463
8843 4 2 7 5 1326 239 1374 1462
8844 4 2 7 5 1320 1321 2893 2915
8845 4 2 7 5 1405 1407 1408 2927
8846 4 2 7 5 2996 1385 1349 2915
8847 4 2 7 5 2889 2918 2911 2947
8848 4 2 7 5 1319 1336 1324 2944
8849 4 2 7 5 1458 1471 1431 2904
8850 4 2 7 5 1425 1413 2927 2928
8851 4 2 7 5 1407 1405 1406 2892
8852 4 2 7 5 1364 1380 1378 2901
8853 4 2 7 5 1318 1340 1300 2900
8854 4 2 7 5 1343 1428 1396 2943
8855 4 2 7 5 1439 1326 1374 1462
8856 4 2 7 5 1415 1350 1373 1463
8857 4 2 7 5 155 859 2933 2935
8858 4 2 7 5 1438 2903 1392 2906
8859 4 2 7 5 1303 1320 1328 2915
8860 4 2 7 5 1437 2903 1474 2950
8861 4 2 7 5 275 274 1464 1411
8862 4 2 7 5 1375 1322 253 252
8863 4 2 7 5 2892 2905 1407 2927
8864 4 2 7 5 2913 2914 2893 2915
8865 4 2 7 5 838 2977 844 2918
8866 4 2 7 5 1332 2884 2913 2944
8867 4 2 7 5 178 1474 1438 2906
8868 4 2 7 5 1378 1367 1346 2892
8869 4 2 7 5 2962 831 825 2916
8870 4 2 7 5 2896 2909 2875 2937
8871 4 2 7 5 1459 1468 1454 2899
8872 4 2 7 5 2900 2908 2917 2937
8873 4 2 7 5 1381 1362 1379 2953
8874 4 2 7 5 1402 1391 1419 2936
8875 4 2 7 5 1460 1453 2919 2932
8876 4 2 7 5 2891 2911 2889 2918
8877 4 2 7 5 1427 2924 1398 2928
8878 4 2 7 5 2876 2922 2886 2940
8879 4 2 7 5 2954 1329 232 2883
8880 4 2 7 5 180 181 1430 2957
8881 4 2 7 5 2884 2893 2913 2914
8882 4 2 7 5 2987 853 847 2923
8883 4 2 7 5 2983 2914 2896 2929
8884 4 2 7 5 1396 1428 1343 1384
8885 4 2 7 5 1339 1307 1473 1432
8886 4 2 7 5 2879 2880 2878 2889
8887 4 2 7 5 2961 2883 825 2917
8888 4 2 7 5 1463 1350 1373 1462
8889 4 2 7 5 1341 1366 1360 2920
8890 4 2 7 5 1412 1413 2901 2927
8891 4 2 7 5 1385 2997 1348 2890
8892 4 2 7 5 1406 1418 2995 2892
8893 4 2 7 5 2875 2916 2908 2937
8894 4 2 7 5 1361 2926 1362 2953
8895 4 2 7 5 2876 2873 2882 2922
8896 4 2 7 5 2881 2891 2889 2918
8897 4 2 7 5 1467 2908 1452 2919
8898 4 2 7 5 1342 1382 1387 2949
8899 4 2 7 5 2971 834 840 2925
8900 4 2 7 5 2961 825 831 2917
8901 4 2 7 5 1341 1360 2879 2920
8902 4 2 7 5 1412 1405 1408 2927
8903 4 2 7 5 1314 1332 1321 2913
8904 4 2 7 5 1463 1373 1436 1462
8905 4 2 7 5 1373 1374 1347 1462
8906 4 2 7 5 155 1351 859 3001
8907 4 2 7 5 841 2980 847 2922
8908 4 2 7 5 1437 1454 1468 2899
8909 4 2 7 5 828 1430 1454 2899
8910 4 2 7 5 831 2917 2916 2937
8911 4 2 7 5 2911 2934 2898 2947
8912 4 2 7 5 1301 1339 1452 2919
8913 4 2 7 5 1317 131 2900 2917
8914 4 2 7 5 263 1411 264 1375
8915 4 2 7 5 241 242 1464 1322
8916 4 2 7 5 2916 2937 2909 2939
8917 4 2 7 5 1365 1370 1379 2930
8918 4 2 7 5 2971 2925 840 2947
8919 4 2 7 5 2908 2919 2875 2945
8920 4 2 7 5 1390 1413 1423 2901
8921 4 2 7 5 857 2991 2930 2951
8922 4 2 7 5 856 2930 2991 2951
8923 4 2 7 5 1394 1384 1396 2943
8924 4 2 7 5 2875 2877 2896 2914
8925 4 2 7 5 1427 1391 1399 2924
8926 4 2 7 5 1459 2887 2878 2899
8927 4 2 7 5 1391 1433 1399 2924
8928 4 2 7 5 1336 1311 1324 2945
8929 4 2 7 5 1378 1351 1367 2892
8930 4 2 7 5 1365 1379 1348 2930
8931 4 2 7 5 1332 1331 2884 2944
8932 4 2 7 5 2997 856 152 1348
8933 4 2 7 5 1477 1350 1439 1388
8934 4 2 7 5 2875 2877 2913 2945
8935 4 2 7 5 1380 1360 1366 2880
8936 4 2 7 5 1301 1324 1334 2919
8937 4 2 7 5 1477 1439 1441 1388
8938 4 2 7 5 1477 1352 1350 1388
8939 4 2 7 5 1346 1404 1393 255
8940 4 2 7 5 2908 2937 2900 2944
8941 4 2 7 5 2882 2923 2922 2933
8942 4 2 7 5 852 858 2992 2920
8943 4 2 7 5 2994 853 2923 2933
8944 4 2 7 5 1380 2880 1366 2933
8945 4 2 7 5 857 2930 2910 2951
8946 4 2 7 5 2968 831 837 2937
8947 4 2 7 5 2898 2925 2889 2947
8948 4 2 7 5 1401 272 261 1463
8949 4 2 7 5 250 1374 239 1312
8950 4 2 7 5 1467 1453 1469 2932
8951 4 2 7 5 2875 2937 2908 2944
8952 4 2 7 5 1339 1301 1334 2919
8953 4 2 7 5 1461 1442 1472 2931
8954 4 2 7 5 1363 1378 1346 2901
8955 4 2 7 5 242 1376 20 1465
8956 4 2 7 5 1467 2919 1453 2932
8957 4 2 7 5 2875 2909 2916 2937
8958 4 2 7 5 829 2899 2965 2952
8959 4 2 7 5 826 2955 182 1440
8960 4 2 7 5 1369 1342 1361 2949
8961 4 2 7 5 1316 1319 1323 2908
8962 4 2 7 5 1399 1450 269 1422
8963 4 2 7 5 1310 1361 247 1333
8964 4 2 7 5 1317 131 1340 2900
8965 4 2 7 5 2881 2891 2918 2929
8966 4 2 7 5 1309 1338 1310 2926
8967 4 2 7 5 1463 1439 1350 1462
8968 4 2 7 5 840 846 2978 2947
8969 4 2 7 5 1305 1308 1327 2949
8970 4 2 7 5 155 859 1351 2933
8971 4 2 7 5 1309 1338 2926 2945
8972 4 2 7 5 1399 1397 1398 2924
8973 4 2 7 5 1460 1453 1432 2919
8974 4 2 7 5 1367 860 156 3002
8975 4 2 7 5 248 1333 1342 1327
8976 4 2 7 5 1422 1431 270 1416
8977 4 2 7 5 239 1326 1439 1462
8978 4 2 7 5 261 1415 1350 1373
8979 4 2 7 5 1330 1311 1332 2913
8980 4 2 7 5 1328 2996 1349 2915
8981 4 2 7 5 1313 1368 245 1302
8982 4 2 7 5 1391 1457 1402 267
8983 4 2 7 5 841 2922 2898 2940
8984 4 2 7 5 1310 1302 1344 2926
8985 4 2 7 5 2916 2917 2908 2937
8986 4 2 7 5 1332 1314 1330 2913
8987 4 2 7 5 1427 1419 1391 2936
8988 4 2 7 5 1320 134 135 2989
8989 4 2 7 5 2877 2926 2913 2945
8990 4 2 7 5 1457 1433 1391 2936
8991 4 2 7 5 2887 2925 2899 2948
8992 4 2 7 5 1364 2901 1343 2943
8993 4 2 7 5 2890 2877 2914 2929
8994 4 2 7 5 1433 1451 2924 2936
8995 4 2 7 5 1389 2981 2894 2905
8996 4 2 7 5 2877 2875 2896 2909
8997 4 2 7 5 858 2992 2920 2921
8998 4 2 7 5 2888 2918 2881 2946
8999 4 2 7 5 1393 1346 1367 2892
9000 4 2 7 5 1396 1384 1343 2943
9001 4 2 7 5 2896 2914 2877 2929
9002 4 2 7 5 1365 2910 1370 2930
9003 4 2 7 5 2880 2933 2922 2934
9004 4 2 7 5 857 2991 2910 2930
9005 4 2 7 5 2983 844 850 2929
9006 4 2 7 5 1326 1374 239 250
9007 4 2 7 5 1415 261 272 1463
9008 4 2 7 5 1374 1326 1439 1388
9009 4 2 7 5 1415 1350 1463 1477
9010 4 2 7 5 1334 2919 1324 2945
9011 4 2 7 5 1441 1352 1386 1414
9012 4 2 7 5 1379 1377 1348 2890
9013 4 2 7 5 1361 247 1333 1342
9014 4 2 7 5 269 1450 1431 1422
9015 4 2 7 5 2897 2932 2919 2945
9016 4 2 7 5 2889 2898 2878 2925
9017 4 2 7 5 1457 1438 1474 2903
9018 4 2 7 5 1410 1421 1389 2894
9019 4 2 7 5 1475 1375 1322 1464
9020 4 2 7 5 2889 2911 2898 2947
9021 4 2 7 5 2882 2922 2880 2933
9022 4 2 7 5 2876 2928 2924 2936
9023 4 2 7 5 1342 1369 1382 2949
9024 4 2 7 5 178 1474 830 2950
9025 4 2 7 5 1464 1375 1411 1475
9026 4 2 7 5 2909 2937 2896 2939
9027 4 2 7 5 1352 1441 1477 1414
9028 4 2 7 5 1325 1352 1441 1388
9029 4 2 7 5 1473 1305 237 1444
9030 4 2 7 5 1355 1394 1384 259
9031 4 2 7 5 1305 1335 237 1444
9032 4 2 7 5 1394 1355 1424 259
9033 4 2 7 5 1303 1328 1349 2915
9034 4 2 7 5 1390 257 1363 1428
9035 4 2 7 5 235 1301 1339 1452
9036 4 2 7 5 1445 1461 1472 2931
9037 4 2 7 5 1414 1477 1352 262
9038 4 2 7 5 1441 240 1325 1388
9039 4 2 7 5 1413 1400 1398 2928
9040 4 2 7 5 2878 2925 2898 2940
9041 4 2 7 5 155 1351 1366 2935
9042 4 2 7 5 1372 1356 1345 2931
9043 4 2 7 5 1430 1449 1459 2887
9044 4 2 7 5 2887 2899 1430 2948
9045 4 2 7 5 2874 2881 2877 2891
9046 4 2 7 5 2910 2918 2891 2930
9047 4 2 7 5 2898 2911 2880 2934
9048 4 2 7 5 1444 1445 1446 2902
9049 4 2 7 5 131 2968 1340 2900
9050 4 2 7 5 1384 1428 1343 258
9051 4 2 7 5 1339 1473 236 1432
9052 4 2 7 5 1409 1426 176 2907
9053 4 2 7 5 1303 1368 244 1313
9054 4 2 7 5 1433 1466 1451 2936
9055 4 2 7 5 828 1430 180 1454
9056 4 2 7 5 2878 2899 2925 2940
9057 4 2 7 5 1401 1395 271 1442
9058 4 2 7 5 1306 249 1312 1353
9059 4 2 7 5 1310 1338 1302 2926
9060 4 2 7 5 1344 1377 1362 2926
9061 4 2 7 5 2964 833 827 2948
9062 4 2 7 5 1332 1336 1331 2944
9063 4 2 7 5 236 1307 1473 1339
9064 4 2 7 5 1396 1428 1384 258
9065 4 2 7 5 2876 2873 2924 2928
9066 4 2 7 5 1344 1302 1310 246
9067 4 2 7 5 1399 1391 268 1433
9068 4 2 7 5 1365 2910 153 2921
9069 4 2 7 5 1320 1314 1321 2915
9070 4 2 7 5 831 2969 837 2939
9071 4 2 7 5 1367 254 1418 3002
9072 4 2 7 5 2901 2927 1413 2928
9073 4 2 7 5 833 2941 827 2948
9074 4 2 7 5 1317 1316 1304 2883
9075 4 2 7 5 2963 827 833 2941
9076 4 2 7 5 1439 1326 240 1388
9077 4 2 7 5 1415 1350 1477 262
9078 4 2 7 5 2880 2898 2889 2911
9079 4 2 7 5 270 1431 1476 1416
9080 4 2 7 5 1342 1387 248 1327
9081 4 2 7 5 2995 173 172 1406
9082 4 2 7 5 1360 1370 1341 2879
9083 4 2 7 5 1425 1400 1413 2928
9084 4 2 7 5 2911 2920 2880 2934
9085 4 2 7 5 1339 1432 1452 2919
9086 4 2 7 5 1303 1314 1320 2915
9087 4 2 7 5 835 841 2972 2940
9088 4 2 7 5 1332 1331 1300 2884
9089 4 2 7 5 2971 2946 833 2948
9090 4 2 7 5 1454 1437 179 2952
9091 4 2 7 5 1349 1385 1368 2915
9092 4 2 7 5 2997 151 1385 1348
9093 4 2 7 5 1363 1343 1364 2901
9094 4 2 7 5 2880 2922 2898 2934
9095 4 2 7 5 1411 263 1475 1386
9096 4 2 7 5 1475 241 1322 1386
9097 4 2 7 5 1361 1362 1369 2953
9098 4 2 7 5 1371 1384 1355 2943
9099 4 2 7 5 1450 1399 1433 2924
9100 4 2 7 5 1420 1407 1389 2905
9101 4 2 7 5 1456 10 232 2954
9102 4 2 7 5 254 1367 12 3002
9103 4 2 7 5 266 1402 1392 1457
9104 4 2 7 5 155 2933 1351 2935
9105 4 2 7 5 1347 1312 249 1353
9106 4 2 7 5 271 1401 1442 1436
9107 4 2 7 5 1457 1391 1433 267
9108 4 2 7 5 1302 1368 245 1344
9109 4 2 7 5 1433 1457 1466 2936
9110 4 2 7 5 833 2971 839 2946
9111 4 2 7 5 1477 1441 1352 1388
9112 4 2 7 5 1474 2903 1438 2906
9113 4 2 7 5 1458 1450 1451 2924
9114 4 2 7 5 1319 1331 1336 2944
9115 4 2 7 5 1306 238 1335 1434
9116 4 2 7 5 1310 1344 1361 2926
9117 4 2 7 5 1467 1440 1456 2916
9118 4 2 7 5 1463 1350 1439 1477
9119 4 2 7 5 1439 1350 1374 1388
9120 4 2 7 5 1427 1399 1398 2924
9121 4 2 7 5 2878 2899 2887 2925
9122 4 2 7 5 1317 1316 2883 2917
9123 4 2 7 5 1381 1359 1369 2953
9124 4 2 7 5 244 1349 1368 1303
9125 4 2 7 5 264 1465 21 1376
9126 4 2 7 5 2880 2920 1366 2935
9127 4 2 7 5 1349 2996 151 1385
9128 4 2 7 5 1456 1440 183 2916
9129 4 2 7 5 1340 1318 1317 2900
9130 4 2 7 5 2910 2930 1365 2951
9131 4 2 7 5 1477 1350 1352 262
9132 4 2 7 5 1441 1439 240 1388
9133 4 2 7 5 2982 134 133 1337
9134 4 2 7 5 1450 1433 1451 2924
9135 4 2 7 5 132 131 2968 1340
9136 4 2 7 5 1409 1403 1410 2907
9137 4 2 7 5 1395 260 1424 1345
9138 4 2 7 5 257 1343 1363 1428
9139 4 2 7 5 1452 1339 235 1432
9140 4 2 7 5 1386 1475 241 1325
9141 4 2 7 5 263 1475 1386 1414
9142 4 2 7 5 1426 1409 1410 2907
9143 4 2 7 5 1334 1324 1309 2945
9144 4 2 7 5 259 1355 1424 1345
9145 4 2 7 5 1444 1335 237 1434
9146 4 2 7 5 2971 2946 2925 2947
9147 4 2 7 5 2974 176 175 1426
9148 4 2 7 5 1418 254 12 3002
9149 4 2 7 5 2954 10 232 1329
9150 4 2 7 5 1393 1418 1406 2892
9151 4 2 7 5 1453 1460 1449 2932
9152 4 2 7 5 1309 1311 1338 2945
9153 4 2 7 5 1406 1405 1393 2892
9154 4 2 7 5 1380 1366 1351 2933
9155 4 2 7 5 1376 242 20 253
9156 4 2 7 5 1440 2912 1455 2942
9157 4 2 7 5 1356 1372 1383 2931
9158 4 2 7 5 1341 2879 1370 2910
9159 4 2 7 5 1367 1346 1393 255
9160 4 2 7 5 271 1395 1476 1442
9161 4 2 7 5 1387 249 1306 1353
9162 4 2 7 5 266 1392 1438 1457
9163 4 2 7 5 2920 2921 1341 2935
9164 4 2 7 5 178 1437 1474 2950
9165 4 2 7 5 1327 1308 1333 2949
9166 4 2 7 5 1384 1394 1396 258
9167 4 2 7 5 1307 1305 236 1473
9168 4 2 7 5 1426 1410 2894 2907
9169 4 2 7 5 1361 1344 1310 246
9170 4 2 7 5 268 1450 1399 1433
9171 4 2 7 5 1371 1364 1343 2943
9172 4 2 7 5 1469 1455 1440 2912
9173 4 2 7 5 1325 240 251 1388
9174 4 2 7 5 1414 273 1477 262
9175 4 2 7 5 1389 174 175 2981
9176 4 2 7 5 2971 2925 2946 2948
9177 4 2 7 5 1315 234 1435 1452
9178 4 2 7 5 1363 1404 1346 256
9179 4 2 7 5 2880 1366 2933 2935
9180 4 2 7 5 1341 2920 2910 2921
9181 4 2 7 5 1337 1321 1300 2893
9182 4 2 7 5 1317 1329 130 2883
9183 4 2 7 5 833 2946 2941 2948
9184 4 2 7 5 1453 1449 1469 2932
9185 4 2 7 5 1351 2933 1366 2935
9186 4 2 7 5 130 1329 2954 2883
9187 4 2 7 5 1363 1364 1378 2901
9188 4 2 7 5 256 1363 1404 1390
9189 4 2 7 5 234 1315 1301 1452
9190 4 2 7 5 1352 263 1414 262
9191 4 2 7 5 241 240 1325 1441
9192 4 2 7 5 20 19 242 1465
9193 4 2 7 5 232 1329 1304 2883
9194 4 2 7 5 1410 1389 1426 2894
9195 4 2 7 5 2891 2910 2879 2911
9196 4 2 7 5 1407 1429 1389 2905
9197 4 2 7 5 1393 1367 254 1418
9198 4 2 7 5 2880 2889 2879 2911
9199 4 2 7 5 2954 232 1456 2883
9200 4 2 7 5 155 3000 859 2935
9201 4 2 7 5 1344 1362 1361 2926
9202 4 2 7 5 1352 1325 252 251
9203 4 2 7 5 273 1441 274 1414
9204 4 2 7 5 1367 1418 1393 2892
9205 4 2 7 5 1324 1311 1309 2945
9206 4 2 7 5 1348 1377 1385 2890
9207 4 2 7 5 1343 1384 1371 2943
9208 4 2 7 5 1341 1365 153 2921
9209 4 2 7 5 1430 2941 2887 2948
9210 4 2 7 5 2889 2891 2879 2911
9211 4 2 7 5 1341 2910 1365 2921
9212 4 2 7 5 2879 2911 2910 2920
9213 4 2 7 5 1341 1370 1365 2910
9214 4 2 7 5 273 1477 1441 1414
9215 4 2 7 5 251 1352 1325 1388
9216 4 2 7 5 1476 270 1416 1395
9217 4 2 7 5 1387 248 1327 1306
9218 4 2 7 5 1381 1369 1362 2953
9219 4 2 7 5 2879 2910 1341 2920
9220 4 2 7 5 1455 2941 1430 2942
9221 4 2 7 5 273 1415 1477 262
9222 4 2 7 5 251 240 1326 1388
9223 4 2 7 5 2880 2911 2879 2920
9224 4 2 7 5 1467 1452 1453 2919
9225 4 2 7 5 1432 1453 1452 2919
9226 4 2 7 5 22 264 275 1465
9227 4 2 7 5 1478 20 21 1376
9228 4 2 7 5 1366 2920 1341 2935
9229 4 2 7 5 263 1411 1375 1386
9230 4 2 7 5 1464 241 1322 1475
9231 4 2 7 5 1322 1375 1386 252
9232 4 2 7 5 1464 1411 274 1475
9233 4 2 7 5 20 1478 1465 1376
9234 4 2 7 5 1317 1304 1329 2883
9235 4 2 7 5 2999 153 857 2921
9236 4 2 7 5 1326 240 239 1439
9237 4 2 7 5 1350 1415 261 262
9238 4 2 7 5 1352 263 1386 1414
9239 4 2 7 5 1325 1475 241 1441
9240 4 2 7 5 19 22 1465 1478
9241 4 2 7 5 237 236 1305 1473
9242 4 2 7 5 258 1384 1394 259
9243 4 2 7 5 1325 252 1386 1352
9244 4 2 7 5 1441 1475 274 1414
9245 4 2 7 5 1335 238 237 1434
9246 4 2 7 5 1401 271 272 1436
9247 4 2 7 5 250 1347 1312 249
9248 4 2 7 5 2925 2946 2889 2947
9249 4 2 7 5 1411 263 274 1475
9250 4 2 7 5 241 1322 1386 252
9251 4 2 7 5 272 1415 1463 273
9252 4 2 7 5 250 1326 1374 251
9253 4 2 7 5 11 1328 2996 1349
9254 4 2 7 5 264 242 1375 1464
9255 4 2 7 5 242 1322 1375 1464
9256 4 2 7 5 1375 1411 264 1464
9257 4 2 7 5 1438 265 1417 1392
9258 4 2 7 5 243 1328 1349 1303
9259 4 2 7 5 260 259 1424 1345
9260 4 2 7 5 2954 130 10 1329
9261 4 2 7 5 1418 12 172 3002
9262 4 2 7 5 239 238 1312 1443
9263 4 2 7 5 1328 135 11 2996
9264 4 2 7 5 2960 13 177 1417
9265 4 2 7 5 1476 270 1395 271
9266 4 2 7 5 248 1387 249 1306
9267 4 2 7 5 2887 2946 2925 2948
9268 4 2 7 5 1328 11 243 1349
9269 4 2 7 5 2941 2946 2887 2948
9270 4 2 7 5 1417 1438 1392 2906
9271 4 2 7 5 2912 2941 1455 2942
9272 4 2 7 5 260 1401 261 1354
9273 4 2 7 5 1339 236 235 1432
9274 4 2 7 5 257 1343 1428 258
9275 4 2 7 5 1465 264 242 1376
9276 4 2 7 5 1326 1374 251 1388
9277 4 2 7 5 1477 1463 1415 273
9278 4 2 7 5 22 264 1465 21
9279 4 2 7 5 252 1386 241 1325
9280 4 2 7 5 263 274 1475 1414
9281 4 2 7 5 1393 1367 255 254
9282 4 2 7 5 247 1333 1342 248
9283 4 2 7 5 1431 269 1422 270
9284 4 2 7 5 232 1304 1456 2883
9285 4 2 7 5 1368 245 244 1313
9286 4 2 7 5 13 1417 2960 2906
9287 4 2 7 5 1456 232 233 1304
9288 4 2 7 5 257 1363 256 1390
9289 4 2 7 5 1301 235 234 1452
9290 4 2 7 5 1465 1478 21 1376
9291 4 2 7 5 255 1346 1404 256
9292 4 2 7 5 1349 244 243 1303
9293 4 2 7 5 266 1402 1457 267
9294 4 2 7 5 829 2958 179 2952
9295 4 2 7 5 1435 233 234 1315
9296 4 2 7 5 1310 1361 246 247
9297 4 2 7 5 1399 1450 268 269
9298 4 2 7 5 1391 268 1433 267
9299 4 2 7 5 245 1302 1344 246
9300 4 2 7 5 2959 178 830 2950
9301 4 2 7 5 1438 265 1392 266
9302 4 2 7 5 19 20 1478 1465
9303 4 2 7 5 253 1376 242 264
9304 4 2 7 5 264 1465 242 275
9305 4 2 7 5 242 264 275 1464
9306 4 2 7 5 242 253 264 1375
9307 4 2 7 5 253 242 1322 1375
9308 4 2 7 5 1411 275 264 1464
9309 4 2 7 5 21 22 1478 1465
9310 4 2 7 5 825 2961 130 2883
9311 4 2 7 5 130 2954 825 2883
9312 4 2 7 5 836 2973 835 2886
9313 4 2 7 5 836 835 2966 2886
9314 4 2 7 5 855 2996 135 2915
9315 4 2 7 5 135 2989 855 2915
9316 4 2 7 5 131 2961 831 2917
9317 4 2 7 5 844 2977 845 2918
9318 4 2 7 5 845 2984 844 2918
9319 4 2 7 5 858 857 2992 2921
9320 4 2 7 5 858 2999 857 2921
9321 4 2 7 5 854 853 2987 2923
9322 4 2 7 5 854 2994 853 2923
9323 4 2 7 5 853 2993 852 2934
9324 4 2 7 5 852 2986 853 2934
9325 4 2 7 5 859 858 2993 2935
9326 4 2 7 5 859 3000 858 2935
9327 4 2 7 5 2982 133 843 2938
9328 4 2 7 5 133 2975 843 2938
9329 4 2 7 5 1318 2938 2884 2944
9330 4 2 7 5 828 2964 827 2948
9331 4 2 7 5 827 2957 828 2948
9332 4 2 7 5 830 2966 829 2950
9333 4 2 7 5 830 829 2959 2950
9334 4 2 7 5 856 2991 857 2951
9335 4 2 7 5 857 2998 856 2951
9336 4 2 7 5 835 2966 2940 829
9337 4 2 7 5 835 2940 2966 2886
9338 4 2 7 5 2940 2966 2899 829
9339 4 2 7 5 2940 2899 2966 2886
9340 4 2 7 5 2899 2966 1437 829
9341 4 2 7 5 2899 1437 2966 2886
9342 4 2 7 5 2876 1470 2878 1468
9343 4 2 7 5 2876 2878 1470 2873
9344 4 2 7 5 1395 2931 1354 1345
9345 4 2 7 5 1354 2931 1395 1442
9346 4 2 7 5 2898 2922 2986 2934
9347 4 2 7 5 2923 2922 853 847
9348 4 2 7 5 2923 853 2922 2934
9349 4 2 7 5 2922 2986 853 847
9350 4 2 7 5 2922 853 2986 2934
9351 4 2 7 5 3001 2994 859 860
9352 4 2 7 5 3001 859 2994 1351
9353 4 2 7 5 156 1367 3001 860
9354 4 2 7 5 156 3001 1367 1351
9355 4 2 7 5 2892 2994 3001 860
9356 4 2 7 5 2892 3001 2994 1351
9357 4 2 7 5 1367 2892 3001 860
9358 4 2 7 5 1367 3001 2892 1351
9359 4 2 7 5 829 2959 1437 179
9360 4 2 7 5 829 1437 2959 2950
9361 4 2 7 5 178 1437 2959 179
9362 4 2 7 5 178 2959 1437 2950
9363 4 2 7 5 2900 2937 831 2968
9364 4 2 7 5 831 2937 2900 2917
9365 4 2 7 5 831 131 2900 2968
9366 4 2 7 5 2900 131 831 2917
9367 4 2 7 5 2938 2914 2896 843
9368 4 2 7 5 2938 2896 2914 2884
9369 4 2 7 5 845 2984 2910 851
9370 4 2 7 5 845 2910 2984 2918
9371 4 2 7 5 2931 1357 2904 2895
9372 4 2 7 5 2931 2904 1357 1356
9373 4 2 7 5 2924 1422 2904 1431
9374 4 2 7 5 2924 2904 1422 1397
9375 4 2 7 5 854 2994 2892 860
9376 4 2 7 5 854 2892 2994 2923
9377 4 2 7 5 2946 2878 2888 2887
9378 4 2 7 5 2924 1468 2936 1451
9379 4 2 7 5 2924 2936 1468 2876
9380 4 2 7 5 2916 826 2909 2912
9381 4 2 7 5 2916 2909 826 2962
9382 4 2 7 5 832 2909 826 2912
9383 4 2 7 5 832 826 2909 2962
9384 4 2 7 5 2928 1423 2943 1398
9385 4 2 7 5 2928 2943 1423 2901
9386 4 2 7 5 153 2998 1365 152
9387 4 2 7 5 828 2958 1454 180
9388 4 2 7 5 179 1454 2958 180
9389 4 2 7 5 179 2958 1454 2952
9390 4 2 7 5 2936 1468 2886 1466
9391 4 2 7 5 2936 2886 1468 2876
9392 4 2 7 5 2912 2918 2909 2888
9393 4 2 7 5 2909 2918 2912 838
9394 4 2 7 5 2929 856 2990 2890
9395 4 2 7 5 2929 2990 856 850
9396 4 2 7 5 849 2990 2983 850
9397 4 2 7 5 2983 2929 2990 2890
9398 4 2 7 5 2983 2990 2929 850
9399 4 2 7 5 2916 826 825 2962
9400 4 2 7 5 1471 2931 1447 1472
9401 4 2 7 5 1447 2931 1471 2904
9402 4 2 7 5 2940 829 2965 835
9403 4 2 7 5 2940 2965 829 2899
9404 4 2 7 5 834 2972 2965 835
9405 4 2 7 5 834 2965 2972 2899
9406 4 2 7 5 2972 2940 2965 835
9407 4 2 7 5 2972 2965 2940 2899
9408 4 2 7 5 2943 1357 1355 1371
9409 4 2 7 5 2943 1355 1357 2904
9410 4 2 7 5 2920 2985 2992 852
9411 4 2 7 5 2920 2992 2985 2911
9412 4 2 7 5 2992 2985 851 852
9413 4 2 7 5 2992 851 2985 2911
9414 4 2 7 5 2934 846 2920 852
9415 4 2 7 5 846 2985 2920 852
9416 4 2 7 5 2912 2918 2946 2970
9417 4 2 7 5 2946 2918 2912 2888
9418 4 2 7 5 2912 2941 2946 2888
9419 4 2 7 5 2929 2976 2983 844
9420 4 2 7 5 2929 2983 2976 2896
9421 4 2 7 5 2983 2976 843 844
9422 4 2 7 5 2983 843 2976 2896
9423 4 2 7 5 2918 838 2929 844
9424 4 2 7 5 838 2976 2929 844
9425 4 2 7 5 1462 1372 1436 1461
9426 4 2 7 5 1462 1436 1372 1373
9427 4 2 7 5 2933 2994 2882 2923
9428 4 2 7 5 2933 2882 2994 1351
9429 4 2 7 5 2892 2882 2994 2923
9430 4 2 7 5 2892 2994 2882 1351
9431 4 2 7 5 1452 2919 1315 1301
9432 4 2 7 5 1452 1315 2919 2908
9433 4 2 7 5 1323 1315 2919 1301
9434 4 2 7 5 1323 2919 1315 2908
9435 4 2 7 5 132 2968 1300 1340
9436 4 2 7 5 2900 1300 2968 1340
9437 4 2 7 5 2900 2968 1300 2938
9438 4 2 7 5 155 3000 1366 154
9439 4 2 7 5 155 1366 3000 2935
9440 4 2 7 5 1366 3000 1341 154
9441 4 2 7 5 1366 1341 3000 2935
9442 4 2 7 5 1341 2921 3000 2935
9443 4 2 7 5 2921 858 3000 2935
9444 4 2 7 5 1395 1354 260 1345
9445 4 2 7 5 260 1354 1395 1401
9446 4 2 7 5 1443 1306 238 1312
9447 4 2 7 5 1443 238 1306 1434
9448 4 2 7 5 2899 2952 1437 1454
9449 4 2 7 5 1437 2952 2899 829
9450 4 2 7 5 2982 849 2914 843
9451 4 2 7 5 2914 849 2982 2893
9452 4 2 7 5 2914 2938 2982 843
9453 4 2 7 5 2932 2909 2916 2875
9454 4 2 7 5 2932 2916 2909 2912
9455 4 2 7 5 2999 153 1341 154
9456 4 2 7 5 2999 1341 153 2921
9457 4 2 7 5 3000 2999 1341 154
9458 4 2 7 5 3000 1341 2999 2921
9459 4 2 7 5 858 2999 3000 154
9460 4 2 7 5 858 3000 2999 2921
9461 4 2 7 5 2953 1370 1379 1381
9462 4 2 7 5 2953 1379 1370 2874
9463 4 2 7 5 2973 2940 2922 841
9464 4 2 7 5 2922 2940 2973 2886
9465 4 2 7 5 2973 2922 2980 841
9466 4 2 7 5 2980 2922 2973 2886
9467 4 2 7 5 2973 2980 842 841
9468 4 2 7 5 842 2980 2973 2886
9469 4 2 7 5 2889 2891 2874 2879
9470 4 2 7 5 2874 2891 2889 2881
9471 4 2 7 5 2951 1348 2930 1365
9472 4 2 7 5 2951 2930 1348 856
9473 4 2 7 5 2956 181 1455 182
9474 4 2 7 5 2908 1456 1315 2883
9475 4 2 7 5 2908 1315 1456 1435
9476 4 2 7 5 2939 2909 2976 2896
9477 4 2 7 5 2909 2976 2918 838
9478 4 2 7 5 2909 2918 2976 2896
9479 4 2 7 5 2918 2976 2929 838
9480 4 2 7 5 2918 2929 2976 2896
9481 4 2 7 5 2894 830 2903 836
9482 4 2 7 5 176 2967 2974 836
9483 4 2 7 5 2974 2967 2894 836
9484 4 2 7 5 2967 830 2894 836
9485 4 2 7 5 2922 2979 2986 847
9486 4 2 7 5 2922 2986 2979 2898
9487 4 2 7 5 846 2986 2979 847
9488 4 2 7 5 846 2979 2986 2898
9489 4 2 7 5 2945 2932 2877 2897
9490 4 2 7 5 2945 2877 2932 2875
9491 4 2 7 5 2894 2905 848 2885
9492 4 2 7 5 848 2905 2894 2981
9493 4 2 7 5 848 842 2894 2885
9494 4 2 7 5 2894 842 848 2981
9495 4 2 7 5 1466 2903 1457 1474
9496 4 2 7 5 1466 1457 2903 2936
9497 4 2 7 5 2877 2874 2875 2881
9498 4 2 7 5 2877 2875 2874 2932
9499 4 2 7 5 2888 2875 2874 2881
9500 4 2 7 5 2888 2874 2875 2932
9501 4 2 7 5 2893 1332 1300 2884
9502 4 2 7 5 2893 1300 1332 1321
9503 4 2 7 5 2946 2881 2878 2889
9504 4 2 7 5 2946 2878 2881 2888
9505 4 2 7 5 2874 2878 2881 2889
9506 4 2 7 5 2874 2881 2878 2888
9507 4 2 7 5 2957 828 1430 180
9508 4 2 7 5 1430 828 2957 2948
9509 4 2 7 5 131 2961 1317 130
9510 4 2 7 5 131 1317 2961 2917
9511 4 2 7 5 2883 1317 2961 130
9512 4 2 7 5 2883 2961 1317 2917
9513 4 2 7 5 1456 1315 233 1435
9514 4 2 7 5 233 1315 1456 1304
9515 4 2 7 5 1462 1350 1374 1439
9516 4 2 7 5 1462 1374 1350 1373
9517 4 2 7 5 2957 1430 2941 181
9518 4 2 7 5 2941 1430 2957 2948
9519 4 2 7 5 2941 827 2957 181
9520 4 2 7 5 2957 827 2941 2948
9521 4 2 7 5 2935 2880 2993 2933
9522 4 2 7 5 2935 2993 2880 2920
9523 4 2 7 5 2934 2993 2880 2933
9524 4 2 7 5 2934 2880 2993 2920
9525 4 2 7 5 2946 2978 2971 839
9526 4 2 7 5 2946 2971 2978 2947
9527 4 2 7 5 2971 2978 840 839
9528 4 2 7 5 2971 840 2978 2947
9529 4 2 7 5 845 2978 2946 839
9530 4 2 7 5 826 2916 2955 1440
9531 4 2 7 5 826 2955 2916 825
9532 4 2 7 5 183 2955 2916 1440
9533 4 2 7 5 183 2916 2955 825
9534 4 2 7 5 2976 2969 837 838
9535 4 2 7 5 2976 837 2969 2939
9536 4 2 7 5 2893 2982 1300 1337
9537 4 2 7 5 133 1300 2982 1337
9538 4 2 7 5 133 2982 1300 2938
9539 4 2 7 5 2899 1430 1459 2887
9540 4 2 7 5 2899 1459 1430 1454
9541 4 2 7 5 1386 1441 1325 1352
9542 4 2 7 5 1325 1441 1386 1475
9543 4 2 7 5 2941 1430 1449 1455
9544 4 2 7 5 2941 1449 1430 2887
9545 4 2 7 5 1438 13 1417 265
9546 4 2 7 5 1438 1417 13 2906
9547 4 2 7 5 3002 172 2995 860
9548 4 2 7 5 3002 2995 172 1418
9549 4 2 7 5 2892 3002 2995 860
9550 4 2 7 5 2892 2995 3002 1418
9551 4 2 7 5 1367 3002 2892 860
9552 4 2 7 5 1367 2892 3002 1418
9553 4 2 7 5 856 2990 2997 855
9554 4 2 7 5 856 2997 2990 2890
9555 4 2 7 5 2997 2990 1385 855
9556 4 2 7 5 2997 1385 2990 2890
9557 4 2 7 5 1385 2990 2915 855
9558 4 2 7 5 1385 2915 2990 2890
9559 4 2 7 5 2915 2990 849 855
9560 4 2 7 5 849 2982 2989 134
9561 4 2 7 5 849 2989 2982 2893
9562 4 2 7 5 1320 2989 1337 134
9563 4 2 7 5 1320 1337 2989 2893
9564 4 2 7 5 2989 2982 1337 134
9565 4 2 7 5 2989 1337 2982 2893
9566 4 2 7 5 2974 842 2981 175
9567 4 2 7 5 2974 2981 842 2894
9568 4 2 7 5 1389 1426 2981 175
9569 4 2 7 5 1389 2981 1426 2894
9570 4 2 7 5 1426 2974 2981 175
9571 4 2 7 5 1426 2981 2974 2894
9572 4 2 7 5 2947 846 2925 840
9573 4 2 7 5 2947 2925 846 2898
9574 4 2 7 5 2979 841 2972 840
9575 4 2 7 5 2979 2972 841 2898
9576 4 2 7 5 2925 2979 2972 840
9577 4 2 7 5 2925 2972 2979 2898
9578 4 2 7 5 846 2979 2925 840
9579 4 2 7 5 846 2925 2979 2898
9580 4 2 7 5 174 2988 1429 173
9581 4 2 7 5 2988 854 2995 173
9582 4 2 7 5 2988 2995 854 2905
9583 4 2 7 5 1406 2988 2995 173
9584 4 2 7 5 1406 2995 2988 2905
9585 4 2 7 5 1429 2988 1406 173
9586 4 2 7 5 1429 1406 2988 2905
9587 4 2 7 5 830 2967 2960 177
9588 4 2 7 5 2960 2967 1417 177
9589 4 2 7 5 2960 1417 2967 2907
9590 4 2 7 5 838 2977 2970 839
9591 4 2 7 5 838 2970 2977 2918
9592 4 2 7 5 2970 2977 2946 839
9593 4 2 7 5 2970 2946 2977 2918
9594 4 2 7 5 2946 2977 845 839
9595 4 2 7 5 2946 845 2977 2918
9596 4 2 7 5 847 2987 2980 848
9597 4 2 7 5 847 2980 2987 2923
9598 4 2 7 5 2980 2987 2885 848
9599 4 2 7 5 2980 2885 2987 2923
9600 4 2 7 5 2885 2987 2905 848
9601 4 2 7 5 2885 2905 2987 2923
9602 4 2 7 5 2905 2987 854 848
9603 4 2 7 5 2905 854 2987 2923
9604 4 2 7 5 850 2991 2984 851
9605 4 2 7 5 850 2984 2991 2930
9606 4 2 7 5 2910 2984 2991 851
9607 4 2 7 5 2910 2991 2984 2930
9608 4 2 7 5 132 2975 2968 837
9609 4 2 7 5 2896 2937 843 837
9610 4 2 7 5 2896 843 2937 2938
9611 4 2 7 5 831 2969 2962 832
9612 4 2 7 5 831 2962 2969 2939
9613 4 2 7 5 2962 2969 2909 832
9614 4 2 7 5 2962 2909 2969 2939
9615 4 2 7 5 2909 2976 2969 2939
9616 4 2 7 5 833 2963 2970 832
9617 4 2 7 5 2970 2963 2912 832
9618 4 2 7 5 2912 2942 2963 2941
9619 4 2 7 5 2956 826 2963 827
9620 4 2 7 5 2956 2963 826 2942
9621 4 2 7 5 2941 2956 2963 827
9622 4 2 7 5 2941 2963 2956 2942
9623 4 2 7 5 181 2956 2941 827
9624 4 2 7 5 2938 2944 2896 2884
9625 4 2 7 5 2896 2944 2938 2937
9626 4 2 7 5 846 2978 2985 845
9627 4 2 7 5 2985 2978 2911 845
9628 4 2 7 5 2911 2978 2918 845
9629 4 2 7 5 2911 2918 2978 2947
9630 4 2 7 5 2918 2978 2946 845
9631 4 2 7 5 2918 2946 2978 2947
9632 4 2 7 5 2899 828 2925 834
9633 4 2 7 5 2899 2925 828 2948
9634 4 2 7 5 2964 833 2971 834
9635 4 2 7 5 2964 2971 833 2948
9636 4 2 7 5 2925 2964 2971 834
9637 4 2 7 5 2925 2971 2964 2948
9638 4 2 7 5 828 2964 2925 834
9639 4 2 7 5 828 2925 2964 2948
9640 4 2 7 5 829 2958 2965 828
9641 4 2 7 5 829 2965 2958 2952
9642 4 2 7 5 2965 2958 2899 828
9643 4 2 7 5 2965 2899 2958 2952
9644 4 2 7 5 2899 2958 1454 828
9645 4 2 7 5 2899 1454 2958 2952
9646 4 2 7 5 848 2988 2981 174
9647 4 2 7 5 848 2981 2988 2905
9648 4 2 7 5 1389 2981 1429 174
9649 4 2 7 5 1389 1429 2981 2905
9650 4 2 7 5 2981 2988 1429 174
9651 4 2 7 5 2981 1429 2988 2905
9652 4 2 7 5 2963 826 2912 832
9653 4 2 7 5 2963 2912 826 2942
9654 4 2 7 5 2998 1365 857 153
9655 4 2 7 5 2998 857 1365 2951
9656 4 2 7 5 2910 857 1365 153
9657 4 2 7 5 2910 1365 857 2951
9658 4 2 7 5 856 2951 152 1348
9659 4 2 7 5 856 152 2951 2998
9660 4 2 7 5 1365 152 2951 1348
9661 4 2 7 5 1365 2951 152 2998
9662 4 2 7 5 2920 2934 2985 846
9663 4 2 7 5 2920 2985 2934 2911
9664 4 2 7 5 2946 2912 2963 2941
9665 4 2 7 5 2963 2912 2946 2970
9666 4 2 7 5 2963 833 2946 2941
9667 4 2 7 5 2946 833 2963 2970
9668 4 2 7 5 2982 2914 2884 2938
9669 4 2 7 5 2884 2914 2982 2893
9670 4 2 7 5 2884 1300 2982 2938
9671 4 2 7 5 2982 1300 2884 2893
9672 4 2 7 5 2968 2975 1300 2938
9673 4 2 7 5 2968 1300 2975 132
9674 4 2 7 5 133 1300 2975 2938
9675 4 2 7 5 133 2975 1300 132
9676 4 2 7 5 1417 2960 1392 2907
9677 4 2 7 5 1417 1392 2960 2906
9678 4 2 7 5 2903 1392 2960 2907
9679 4 2 7 5 2903 2960 1392 2906
9680 4 2 7 5 178 2906 830 1474
9681 4 2 7 5 178 830 2906 2960
9682 4 2 7 5 2903 830 2906 1474
9683 4 2 7 5 2903 2906 830 2960
9684 4 2 7 5 2956 2941 1430 181
9685 4 2 7 5 1430 2941 2956 2942
9686 4 2 7 5 1430 1455 2956 181
9687 4 2 7 5 2956 1455 1430 2942
9688 4 2 7 5 2942 826 182 1440
9689 4 2 7 5 182 826 2942 2956
9690 4 2 7 5 182 1455 2942 1440
9691 4 2 7 5 2942 1455 182 2956
9692 4 2 7 5 176 2967 1426 2974
9693 4 2 7 5 176 1426 2967 2907
9694 4 2 7 5 2894 1426 2967 2974
9695 4 2 7 5 2894 2967 1426 2907
9696 4 2 7 5 2967 2960 2903 830
9697 4 2 7 5 2903 2960 2967 2907
9698 4 2 7 5 2903 2894 2967 830
9699 4 2 7 5 2967 2894 2903 2907
9700 4 2 7 5 2883 2954 2916 1456
9701 4 2 7 5 2883 2916 2954 825
9702 4 2 7 5 183 2916 2954 1456
9703 4 2 7 5 183 2954 2916 825
9704 4 2 7 5 2969 838 2909 832
9705 4 2 7 5 2909 838 2969 2976
9706 4 2 7 5 2990 2983 2914 849
9707 4 2 7 5 2914 2983 2990 2890
9708 4 2 7 5 2914 2915 2990 849
9709 4 2 7 5 2990 2915 2914 2890
9710 4 2 7 5 176 2907 177 1409
9711 4 2 7 5 176 177 2907 2967
9712 4 2 7 5 1417 177 2907 1409
9713 4 2 7 5 1417 2907 177 2967
9714 4 2 7 5 837 2937 2938 2968
9715 4 2 7 5 2938 2937 837 843
9716 4 2 7 5 2938 2975 837 2968
9717 4 2 7 5 837 2975 2938 843
9718 4 2 7 5 2978 2911 846 2985
9719 4 2 7 5 2978 846 2911 2947
9720 4 2 7 5 2934 846 2911 2985
9721 4 2 7 5 2934 2911 846 2947
9722 4 2 7 6 1455 3005 1469 3008
9723 4 2 7 6 1550 1579 3006 3010
9724 4 2 7 6 1448 3004 1449 3013
9725 4 2 7 6 1550 3006 3003 3010
9726 4 2 7 6 1455 3005 1048 3013
9727 4 2 7 6 1053 1042 1054 3016
9728 4 2 7 6 1048 3005 1455 3008
9729 4 2 7 6 3003 3006 1494 3012
9730 4 2 7 6 1449 1448 1446 3005
9731 4 2 7 6 1449 3004 1448 3005
9732 4 2 7 6 3004 3005 1449 3013
9733 4 2 7 6 1448 3005 3004 3014
9734 4 2 7 6 1046 1587 1059 3009
9735 4 2 7 6 1048 3005 1050 3013
9736 4 2 7 6 1053 1054 3004 3016
9737 4 2 7 6 1455 1449 1469 3005
9738 4 2 7 6 1070 1047 1031 3006
9739 4 2 7 6 1542 1587 1046 3009
9740 4 2 7 6 1056 3010 1043 3012
9741 4 2 7 6 1476 1442 1471 3011
9742 4 2 7 6 1057 3005 1048 3008
9743 4 2 7 6 1492 1494 1515 3005
9744 4 2 7 6 1448 1446 3005 3014
9745 4 2 7 6 1050 1053 1065 3013
9746 4 2 7 6 1448 3004 3011 3014
9747 4 2 7 6 1048 1057 1050 3005
9748 4 2 7 6 1523 1494 3006 3012
9749 4 2 7 6 1494 3006 3003 3022
9750 4 2 7 6 1031 1056 3006 3010
9751 4 2 7 6 1494 1515 3005 3012
9752 4 2 7 6 1455 1449 3005 3013
9753 4 2 7 6 1472 1471 1442 3011
9754 4 2 7 6 1053 3004 1054 3017
9755 4 2 7 6 1448 1447 1446 3011
9756 4 2 7 6 1053 1050 1042 3016
9757 4 2 7 6 1059 1587 1030 3019
9758 4 2 7 6 1477 1441 1439 3023
9759 4 2 7 6 1452 1453 1482 3008
9760 4 2 7 6 1445 1461 1434 3014
9761 4 2 7 6 3004 3015 3010 3017
9762 4 2 7 6 1059 3009 1587 3019
9763 4 2 7 6 1482 1491 1490 3008
9764 4 2 7 6 1050 3004 1053 3013
9765 4 2 7 6 1045 1065 1053 3013
9766 4 2 7 6 1468 3009 1470 3013
9767 4 2 7 6 1576 1550 1579 3006
9768 4 2 7 6 1053 3004 1050 3016
9769 4 2 7 6 1459 1448 1449 3013
9770 4 2 7 6 1036 1056 1055 3012
9771 4 2 7 6 3010 3015 1548 3017
9772 4 2 7 6 1524 1434 3007 3014
9773 4 2 7 6 3004 3011 3010 3015
9774 4 2 7 6 1050 3004 3013 3016
9775 4 2 7 6 1492 1494 3005 3014
9776 4 2 7 6 1031 1047 1563 3006
9777 4 2 7 6 1482 1452 1432 1453
9778 4 2 7 6 1033 1048 1455 3008
9779 4 2 7 6 1059 1046 3009 3017
9780 4 2 7 6 3005 3012 3003 3014
9781 4 2 7 6 1440 1033 1455 3008
9782 4 2 7 6 1494 3012 3005 3014
9783 4 2 7 6 1469 1440 1455 3008
9784 4 2 7 6 3010 3011 1548 3015
9785 4 2 7 6 1056 1070 1031 3006
9786 4 2 7 6 1031 1038 1056 3010
9787 4 2 7 6 1057 1041 1050 3005
9788 4 2 7 6 1059 1061 1046 3017
9789 4 2 7 6 1050 3013 3005 3016
9790 4 2 7 6 1495 3003 1494 3014
9791 4 2 7 6 1471 1431 1476 3011
9792 4 2 7 6 1448 3004 1470 3015
9793 4 2 7 6 1563 1031 3006 3010
9794 4 2 7 6 1043 1055 1056 3012
9795 4 2 7 6 1029 1060 1052 3008
9796 4 2 7 6 1461 1443 1434 3007
9797 4 2 7 6 1579 1563 3006 3010
9798 4 2 7 6 1046 1542 3009 3017
9799 4 2 7 6 1448 3011 1446 3014
9800 4 2 7 6 1555 1583 1499 3020
9801 4 2 7 6 1469 3005 1453 3008
9802 4 2 7 6 1470 1468 1451 3009
9803 4 2 7 6 1542 1565 1587 3009
9804 4 2 7 6 1030 1059 1046 1587
9805 4 2 7 6 1056 3006 3010 3012
9806 4 2 7 6 1495 3007 3003 3014
9807 4 2 7 6 1571 3010 1548 3017
9808 4 2 7 6 1033 1057 1048 3008
9809 4 2 7 6 1446 1460 1449 3005
9810 4 2 7 6 1494 3003 1495 3022
9811 4 2 7 6 1472 1447 3011 3014
9812 4 2 7 6 1535 1441 1477 3023
9813 4 2 7 6 1070 1032 1047 3006
9814 4 2 7 6 1059 3009 1061 3017
9815 4 2 7 6 1446 1460 3005 3025
9816 4 2 7 6 1555 1499 1554 3022
9817 4 2 7 6 1482 3008 1453 3025
9818 4 2 7 6 1043 3012 3010 3016
9819 4 2 7 6 1537 1476 1431 3011
9820 4 2 7 6 1472 1445 1447 3014
9821 4 2 7 6 1045 1061 3009 3017
9822 4 2 7 6 3005 3013 3004 3016
9823 4 2 7 6 1435 3008 1489 3018
9824 4 2 7 6 1499 1498 1554 3022
9825 4 2 7 6 1026 1048 1050 3013
9826 4 2 7 6 1458 1448 1470 3015
9827 4 2 7 6 1053 1061 1045 3017
9828 4 2 7 6 1494 3003 3012 3014
9829 4 2 7 6 1470 3009 3004 3013
9830 4 2 7 6 1479 1475 1505 1535
9831 4 2 7 6 1054 3010 3004 3016
9832 4 2 7 6 1482 1491 3008 3025
9833 4 2 7 6 1469 1449 1453 3005
9834 4 2 7 6 1455 1048 1430 3013
9835 4 2 7 6 1454 1035 1437 3009
9836 4 2 7 6 1432 1482 1453 3025
9837 4 2 7 6 1555 3020 1499 3022
9838 4 2 7 6 1446 3011 1447 3014
9839 4 2 7 6 3005 3012 1515 3021
9840 4 2 7 6 1029 1052 1531 3008
9841 4 2 7 6 1524 1495 1493 3014
9842 4 2 7 6 1587 3019 3009 3024
9843 4 2 7 6 1527 1499 1583 3020
9844 4 2 7 6 1455 1430 1449 3013
9845 4 2 7 6 1509 1490 1491 3008
9846 4 2 7 6 1550 1548 3010 3011
9847 4 2 7 6 1550 3003 3007 3011
9848 4 2 7 6 1050 3005 1041 3016
9849 4 2 7 6 1499 3020 1525 3022
9850 4 2 7 6 1581 3020 1555 3022
9851 4 2 7 6 1520 1523 1494 3006
9852 4 2 7 6 1454 1044 1035 3009
9853 4 2 7 6 1576 3006 1581 3022
9854 4 2 7 6 1509 3008 1491 3025
9855 4 2 7 6 1461 3007 1434 3014
9856 4 2 7 6 1489 1452 1482 3008
9857 4 2 7 6 1508 1485 1039 3021
9858 4 2 7 6 1555 1554 1499 1556
9859 4 2 7 6 1497 1499 1525 3022
9860 4 2 7 6 1553 1581 1555 3022
9861 4 2 7 6 1045 3009 3004 3017
9862 4 2 7 6 1506 1527 1562 3020
9863 4 2 7 6 1527 1583 1562 3020
9864 4 2 7 6 1548 3015 1565 3017
9865 4 2 7 6 1045 1053 3004 3013
9866 4 2 7 6 1433 1538 1450 3024
9867 4 2 7 6 1498 1499 1554 1556
9868 4 2 7 6 1550 1548 1571 3010
9869 4 2 7 6 3004 3009 1045 3013
9870 4 2 7 6 1443 1461 1462 3007
9871 4 2 7 6 3004 3010 1054 3017
9872 4 2 7 6 3004 3005 3003 3014
9873 4 2 7 6 1476 1580 1442 3011
9874 4 2 7 6 1563 1038 1031 3010
9875 4 2 7 6 1550 3010 3003 3011
9876 4 2 7 6 1468 1470 1459 3013
9877 4 2 7 6 1561 1505 1475 1535
9878 4 2 7 6 1059 1045 1061 3009
9879 4 2 7 6 1490 1489 1482 3008
9880 4 2 7 6 1053 1045 3004 3017
9881 4 2 7 6 1509 3021 3008 3025
9882 4 2 7 6 1448 3011 3004 3015
9883 4 2 7 6 1499 1527 1506 3020
9884 4 2 7 6 1562 1583 1555 3020
9885 4 2 7 6 1492 3014 3005 3025
9886 4 2 7 6 1470 3004 3009 3015
9887 4 2 7 6 1026 1430 1048 3013
9888 4 2 7 6 1499 1497 1498 3022
9889 4 2 7 6 1553 1555 1554 3022
9890 4 2 7 6 1550 3007 1549 3011
9891 4 2 7 6 1535 1477 1584 3023
9892 4 2 7 6 1453 1449 1460 3005
9893 4 2 7 6 1452 1467 1453 3008
9894 4 2 7 6 1493 1495 1494 3014
9895 4 2 7 6 1495 3003 3007 3022
9896 4 2 7 6 1030 1587 1567 3019
9897 4 2 7 6 1546 1565 3015 3024
9898 4 2 7 6 1057 1041 3005 3021
9899 4 2 7 6 1520 1525 3006 3022
9900 4 2 7 6 1524 3007 1495 3014
9901 4 2 7 6 3009 3015 1565 3024
9902 4 2 7 6 3004 3003 3011 3014
9903 4 2 7 6 1036 3006 1056 3012
9904 4 2 7 6 1576 1579 1563 3006
9905 4 2 7 6 1550 1576 1551 3022
9906 4 2 7 6 1498 1554 3022 3023
9907 4 2 7 6 1542 1565 3009 3017
9908 4 2 7 6 1036 1064 1507 3012
9909 4 2 7 6 1039 1027 1040 3012
9910 4 2 7 6 1515 1492 3005 3021
9911 4 2 7 6 1039 3012 3016 3021
9912 4 2 7 6 1470 3009 1451 3015
9913 4 2 7 6 3003 3010 3006 3012
9914 4 2 7 6 1531 1052 1511 3018
9915 4 2 7 6 1054 1042 1043 3016
9916 4 2 7 6 1453 3005 1460 3025
9917 4 2 7 6 1445 3007 1461 3014
9918 4 2 7 6 1467 3008 1435 3018
9919 4 2 7 6 1485 3012 1039 3021
9920 4 2 7 6 1472 3007 1445 3014
9921 4 2 7 6 1515 1509 1492 3021
9922 4 2 7 6 1056 1038 1043 3010
9923 4 2 7 6 1571 1548 1565 3017
9924 4 2 7 6 1437 3019 1474 3024
9925 4 2 7 6 1554 1498 1556 1568
9926 4 2 7 6 1054 1043 3010 3016
9927 4 2 7 6 1057 3005 3008 3021
9928 4 2 7 6 1453 3008 3005 3025
9929 4 2 7 6 1498 1499 1556 1500
9930 4 2 7 6 1479 1439 1441 3023
9931 4 2 7 6 1563 1047 1540 3006
9932 4 2 7 6 1507 1523 3006 3012
9933 4 2 7 6 1468 1454 1437 3009
9934 4 2 7 6 1446 3005 3014 3025
9935 4 2 7 6 1036 1507 3006 3012
9936 4 2 7 6 1466 1437 1474 3024
9937 4 2 7 6 3008 3021 3005 3025
9938 4 2 7 6 1540 1581 1576 3006
9939 4 2 7 6 1055 1064 1036 3012
9940 4 2 7 6 1454 1044 3009 3013
9941 4 2 7 6 1056 1036 1070 3006
9942 4 2 7 6 3006 3020 1581 3022
9943 4 2 7 6 1506 1037 1562 1483
9944 4 2 7 6 1057 1062 1041 3021
9945 4 2 7 6 1472 3011 3007 3014
9946 4 2 7 6 1563 1541 1038 3010
9947 4 2 7 6 3005 3016 3012 3021
9948 4 2 7 6 1068 1059 1030 3019
9949 4 2 7 6 1433 1450 1451 3024
9950 4 2 7 6 1039 3012 1040 3016
9951 4 2 7 6 1565 3015 3009 3017
9952 4 2 7 6 1538 3015 1450 3024
9953 4 2 7 6 1458 3011 1448 3015
9954 4 2 7 6 1508 1515 1485 3021
9955 4 2 7 6 1583 1555 1499 1556
9956 4 2 7 6 1029 1060 3008 3021
9957 4 2 7 6 1461 1445 1472 3007
9958 4 2 7 6 1568 1498 1584 1554
9959 4 2 7 6 1525 3020 3006 3022
9960 4 2 7 6 3003 3005 3004 3016
9961 4 2 7 6 1039 1485 1027 3012
9962 4 2 7 6 1472 1442 3007 3011
9963 4 2 7 6 3010 3012 3003 3016
9964 4 2 7 6 3003 3010 3004 3011
9965 4 2 7 6 1437 1454 179 1035
9966 4 2 7 6 1057 1060 1062 3021
9967 4 2 7 6 1546 3015 1547 3024
9968 4 2 7 6 1514 1439 1528 3023
9969 4 2 7 6 1584 1528 1498 1512
9970 4 2 7 6 1507 1484 1036 3006
9971 4 2 7 6 1443 1480 3007 3023
9972 4 2 7 6 3003 3012 3005 3016
9973 4 2 7 6 1037 1539 1483 1058
9974 4 2 7 6 1505 1479 1535 1512
9975 4 2 7 6 1059 1068 3009 3019
9976 4 2 7 6 1057 3008 1060 3021
9977 4 2 7 6 1044 1045 1035 3009
9978 4 2 7 6 1444 3014 1481 3025
9979 4 2 7 6 1471 1472 1447 3011
9980 4 2 7 6 1535 1479 1441 3023
9981 4 2 7 6 1044 179 1454 1035
9982 4 2 7 6 1466 1451 1468 3009
9983 4 2 7 6 1437 3009 1035 3019
9984 4 2 7 6 1527 1506 1562 1483
9985 4 2 7 6 1583 1527 1562 1539
9986 4 2 7 6 1498 1584 1554 3023
9987 4 2 7 6 1466 1451 3009 3024
9988 4 2 7 6 1028 1542 1046 3017
9989 4 2 7 6 1539 1562 1037 1483
9990 4 2 7 6 1489 1490 1519 3018
9991 4 2 7 6 1563 1540 1576 3006
9992 4 2 7 6 1043 1040 3012 3016
9993 4 2 7 6 1486 1029 1531 3021
9994 4 2 7 6 1443 3007 1462 3023
9995 4 2 7 6 1446 1444 1460 3025
9996 4 2 7 6 1493 1494 1492 3014
9997 4 2 7 6 1482 1432 1530 3025
9998 4 2 7 6 1458 1431 3011 3015
9999 4 2 7 6 1029 1062 1060 3021
10000 4 2 7 6 1440 1469 1467 3008
10001 4 2 7 6 1517 1561 1505 1464
10002 4 2 7 6 1468 1454 3009 3013
10003 4 2 7 6 1550 1549 1548 3011
10004 4 2 7 6 1528 1584 1498 3023
10005 4 2 7 6 1044 1045 3009 3013
10006 4 2 7 6 1498 1556 1568 1500
10007 4 2 7 6 1436 1462 1461 3007
10008 4 2 7 6 1479 1528 1439 3023
10009 4 2 7 6 1040 1055 1043 3012
10010 4 2 7 6 1584 1535 1528 1512
10011 4 2 7 6 1070 1036 1032 3006
10012 4 2 7 6 1535 1584 1528 3023
10013 4 2 7 6 1053 1054 1072 3017
10014 4 2 7 6 1443 1462 1480 3023
10015 4 2 7 6 1537 3011 1431 3015
10016 4 2 7 6 1469 1453 1467 3008
10017 4 2 7 6 1029 3008 1531 3021
10018 4 2 7 6 1561 1505 1464 1475
10019 4 2 7 6 1498 3022 1496 3023
10020 4 2 7 6 1554 1552 3022 3023
10021 4 2 7 6 1480 1495 1524 3007
10022 4 2 7 6 1547 3015 1538 3024
10023 4 2 7 6 1458 1447 1448 3011
10024 4 2 7 6 1477 1570 1584 3023
10025 4 2 7 6 1060 1052 3008 3018
10026 4 2 7 6 1561 1505 1535 1512
10027 4 2 7 6 1575 3019 1587 3024
10028 4 2 7 6 1531 3008 1052 3018
10029 4 2 7 6 1515 3012 1485 3021
10030 4 2 7 6 1041 3016 3005 3021
10031 4 2 7 6 3009 3015 3004 3017
10032 4 2 7 6 3004 3010 3003 3016
10033 4 2 7 6 1479 1528 1535 1512
10034 4 2 7 6 1539 1527 1562 1483
10035 4 2 7 6 1583 1499 1527 1556
10036 4 2 7 6 1509 1491 1492 3025
10037 4 2 7 6 1480 1495 3007 3023
10038 4 2 7 6 1458 1431 1471 3011
10039 4 2 7 6 1479 1441 1475 1535
10040 4 2 7 6 1528 1479 1535 3023
10041 4 2 7 6 3009 3019 1437 3024
10042 4 2 7 6 1538 1586 1450 3015
10043 4 2 7 6 1042 1050 1041 3016
10044 4 2 7 6 1556 1499 1527 1500
10045 4 2 7 6 178 1474 1437 3019
10046 4 2 7 6 1060 1066 1052 3018
10047 4 2 7 6 1033 1060 1057 3008
10048 4 2 7 6 1563 1579 1541 3010
10049 4 2 7 6 1446 1447 1445 3014
10050 4 2 7 6 1028 1046 1061 3017
10051 4 2 7 6 1506 1562 1037 3020
10052 4 2 7 6 1466 3009 1437 3024
10053 4 2 7 6 1513 1500 1556 1503
10054 4 2 7 6 1455 1440 182 1033
10055 4 2 7 6 1035 3009 1068 3019
10056 4 2 7 6 1035 1059 1068 3009
10057 4 2 7 6 1540 3006 1047 3020
10058 4 2 7 6 1039 3016 1041 3021
10059 4 2 7 6 1546 1547 1538 3024
10060 4 2 7 6 1454 180 1044 3013
10061 4 2 7 6 1047 3006 1032 3020
10062 4 2 7 6 1512 1498 1568 1500
10063 4 2 7 6 1451 3015 3009 3024
10064 4 2 7 6 1062 1039 1041 3021
10065 4 2 7 6 1036 1484 1032 3006
10066 4 2 7 6 1540 1581 3006 3020
10067 4 2 7 6 1556 1513 1568 1500
10068 4 2 7 6 1568 1561 1535 1512
10069 4 2 7 6 1450 1431 1458 3015
10070 4 2 7 6 1520 1525 1484 3006
10071 4 2 7 6 1547 1546 1565 3015
10072 4 2 7 6 1450 3015 1451 3024
10073 4 2 7 6 1437 1466 1468 3009
10074 4 2 7 6 1045 1059 1035 3009
10075 4 2 7 6 1434 1444 1445 3014
10076 4 2 7 6 1482 1530 1491 3025
10077 4 2 7 6 1538 1547 1586 3015
10078 4 2 7 6 1483 1539 204 1058
10079 4 2 7 6 1576 1581 1553 3022
10080 4 2 7 6 1520 1497 1525 3022
10081 4 2 7 6 1442 1536 1436 3007
10082 4 2 7 6 1539 1527 1559 1583
10083 4 2 7 6 1436 3007 1536 3023
10084 4 2 7 6 1044 1065 1045 3013
10085 4 2 7 6 1514 1439 1479 1528
10086 4 2 7 6 1430 1459 1449 3013
10087 4 2 7 6 1038 1054 1043 3010
10088 4 2 7 6 1537 1431 1450 3015
10089 4 2 7 6 1436 1536 1463 3023
10090 4 2 7 6 1040 1027 1055 3012
10091 4 2 7 6 1026 1044 180 3013
10092 4 2 7 6 1498 1568 1584 1512
10093 4 2 7 6 1495 3022 3007 3023
10094 4 2 7 6 1485 1064 1027 3012
10095 4 2 7 6 1574 1543 1557 3019
10096 4 2 7 6 1489 1501 1435 3018
10097 4 2 7 6 1026 1050 1065 3013
10098 4 2 7 6 1537 1580 1476 3011
10099 4 2 7 6 1520 1507 1523 3006
10100 4 2 7 6 1580 3007 1442 3011
10101 4 2 7 6 1557 1545 1457 3019
10102 4 2 7 6 1586 1537 1450 3015
10103 4 2 7 6 1489 3008 1490 3018
10104 4 2 7 6 1483 192 1037 1058
10105 4 2 7 6 1442 1436 1461 3007
10106 4 2 7 6 1559 1527 1556 1583
10107 4 2 7 6 1537 1548 3011 3015
10108 4 2 7 6 1052 186 1531 1511
10109 4 2 7 6 1553 1554 1552 3022
10110 4 2 7 6 1496 1498 1497 3022
10111 4 2 7 6 1494 1523 1515 3012
10112 4 2 7 6 1041 1039 1040 3016
10113 4 2 7 6 178 1437 1035 3019
10114 4 2 7 6 1568 1512 1500 1513
10115 4 2 7 6 1444 1524 1481 3014
10116 4 2 7 6 1517 1573 1561 1464
10117 4 2 7 6 1524 1444 1434 3014
10118 4 2 7 6 1527 1556 1500 1503
10119 4 2 7 6 1440 1033 3008 3018
10120 4 2 7 6 1527 1539 1559 1483
10121 4 2 7 6 1481 3014 1493 3025
10122 4 2 7 6 1471 1447 1458 3011
10123 4 2 7 6 1535 1584 1568 1512
10124 4 2 7 6 1490 1509 1531 3008
10125 4 2 7 6 1575 1567 1587 3019
10126 4 2 7 6 1539 1037 203 1058
10127 4 2 7 6 1436 1462 3007 3023
10128 4 2 7 6 182 1455 1033 1048
10129 4 2 7 6 1563 1541 200 1038
10130 4 2 7 6 186 1531 1029 1052
10131 4 2 7 6 1575 1587 1546 3024
10132 4 2 7 6 1061 1053 1072 3017
10133 4 2 7 6 1501 1487 1518 3018
10134 4 2 7 6 1492 1493 3014 3025
10135 4 2 7 6 1442 1461 1472 3007
10136 4 2 7 6 1550 1571 1579 3010
10137 4 2 7 6 1055 1027 1064 3012
10138 4 2 7 6 1072 3010 1069 3017
10139 4 2 7 6 1031 1563 200 1038
10140 4 2 7 6 1569 1513 1556 1503
10141 4 2 7 6 1549 3007 1580 3011
10142 4 2 7 6 1520 1484 1507 3006
10143 4 2 7 6 1567 1030 197 1587
10144 4 2 7 6 1484 3006 1525 3020
10145 4 2 7 6 1049 194 14 1529
10146 4 2 7 6 1032 3006 1484 3020
10147 4 2 7 6 1565 1548 1547 3015
10148 4 2 7 6 1559 1569 1556 1503
10149 4 2 7 6 1440 1066 1033 3018
10150 4 2 7 6 1060 1033 1066 3008
10151 4 2 7 6 1531 1511 1519 3018
10152 4 2 7 6 1031 201 1563 1047
10153 4 2 7 6 1513 1556 1568 1569
10154 4 2 7 6 1446 3014 1444 3025
10155 4 2 7 6 1054 3010 1072 3017
10156 4 2 7 6 1463 1477 1439 3023
10157 4 2 7 6 1441 240 1439 1479
10158 4 2 7 6 1564 1028 1069 3017
10159 4 2 7 6 1492 1481 1493 3025
10160 4 2 7 6 3007 3011 3003 3014
10161 4 2 7 6 1578 1522 1590 278
10162 4 2 7 6 1071 1508 1039 3021
10163 4 2 7 6 239 1480 1443 1462
10164 4 2 7 6 1490 3008 1519 3018
10165 4 2 7 6 1485 1039 188 1508
10166 4 2 7 6 1526 23 277 1532
10167 4 2 7 6 1543 1051 1567 3019
10168 4 2 7 6 1560 1521 1572 1504
10169 4 2 7 6 1444 1481 1473 3025
10170 4 2 7 6 1550 1551 1549 3007
10171 4 2 7 6 278 1590 1578 283
10172 4 2 7 6 1580 1536 1442 3007
10173 4 2 7 6 1486 1071 1029 3021
10174 4 2 7 6 1551 1552 3007 3022
10175 4 2 7 6 1480 1496 1495 3023
10176 4 2 7 6 1514 1439 240 1479
10177 4 2 7 6 188 1039 1485 1027
10178 4 2 7 6 1035 1068 178 3019
10179 4 2 7 6 1483 204 193 1058
10180 4 2 7 6 1535 1477 1570 1584
10181 4 2 7 6 1066 1440 183 3018
10182 4 2 7 6 1060 3008 1066 3018
10183 4 2 7 6 1578 1522 1510 1590
10184 4 2 7 6 1026 181 1048 1430
10185 4 2 7 6 1502 1560 1504 1529
10186 4 2 7 6 205 15 1585 1049
10187 4 2 7 6 277 1534 276 1521
10188 4 2 7 6 1534 1577 282 281
10189 4 2 7 6 1043 1042 1040 3016
10190 4 2 7 6 1542 1028 1564 3017
10191 4 2 7 6 1507 1064 1485 3012
10192 4 2 7 6 1545 1457 1433 267
10193 4 2 7 6 1522 1573 1517 278
10194 4 2 7 6 1436 1463 1462 3023
10195 4 2 7 6 1037 1506 192 1483
10196 4 2 7 6 1430 180 1454 3013
10197 4 2 7 6 1591 279 1488 280
10198 4 2 7 6 1559 1527 1483 1503
10199 4 2 7 6 1468 1459 1454 3013
10200 4 2 7 6 1566 1578 1510 1590
10201 4 2 7 6 1036 1507 190 1484
10202 4 2 7 6 1510 1590 278 279
10203 4 2 7 6 1442 1536 271 1436
10204 4 2 7 6 1560 1529 1521 1504
10205 4 2 7 6 284 1591 279 1544
10206 4 2 7 6 1054 1038 1072 3010
10207 4 2 7 6 1537 1549 1580 3011
10208 4 2 7 6 1561 1505 1512 1522
10209 4 2 7 6 1501 233 1489 1435
10210 4 2 7 6 1529 276 14 1533
10211 4 2 7 6 1543 1051 196 1567
10212 4 2 7 6 283 1590 1566 284
10213 4 2 7 6 1548 1549 1537 3011
10214 4 2 7 6 1552 1536 1551 3007
10215 4 2 7 6 1029 1071 1062 3021
10216 4 2 7 6 1476 1537 1431 270
10217 4 2 7 6 1573 275 1561 1464
10218 4 2 7 6 1547 1537 1586 3015
10219 4 2 7 6 1066 3008 1033 3018
10220 4 2 7 6 1562 1037 203 1539
10221 4 2 7 6 1458 1470 1451 3015
10222 4 2 7 6 181 1455 1048 1430
10223 4 2 7 6 1072 1038 1069 3010
10224 4 2 7 6 266 1557 1545 1457
10225 4 2 7 6 1539 1483 1502 1559
10226 4 2 7 6 1541 1069 3010 3017
10227 4 2 7 6 1511 1034 1487 3018
10228 4 2 7 6 1495 1496 3022 3023
10229 4 2 7 6 1488 279 1591 1544
10230 4 2 7 6 191 1032 1484 3020
10231 4 2 7 6 1069 1038 1541 3010
10232 4 2 7 6 1528 1498 1496 3023
10233 4 2 7 6 1554 1584 1552 3023
10234 4 2 7 6 1524 1493 1481 3014
10235 4 2 7 6 284 1591 1544 285
10236 4 2 7 6 1527 1559 1556 1503
10237 4 2 7 6 1487 1511 185 1034
10238 4 2 7 6 1440 1066 183 1033
10239 4 2 7 6 1430 1026 180 3013
10240 4 2 7 6 1531 1519 1490 3008
10241 4 2 7 6 282 24 1582 1532
10242 4 2 7 6 1536 272 1436 1463
10243 4 2 7 6 1440 3008 1467 3018
10244 4 2 7 6 1517 1588 19 278
10245 4 2 7 6 1523 1507 1485 3012
10246 4 2 7 6 1589 1526 23 280
10247 4 2 7 6 1531 1519 3008 3018
10248 4 2 7 6 1588 1517 1573 278
10249 4 2 7 6 1457 1438 1557 3019
10250 4 2 7 6 1046 197 1030 1587
10251 4 2 7 6 191 1067 1032 3020
10252 4 2 7 6 1512 1568 1561 1522
10253 4 2 7 6 1541 1564 1069 3017
10254 4 2 7 6 15 281 1585 1533
10255 4 2 7 6 1505 242 1517 1464
10256 4 2 7 6 1552 3007 3022 3023
10257 4 2 7 6 1438 1574 1557 3019
10258 4 2 7 6 1531 3008 1509 3021
10259 4 2 7 6 1570 1477 1463 3023
10260 4 2 7 6 1536 3007 1552 3023
10261 4 2 7 6 1568 1513 1522 1512
10262 4 2 7 6 1034 1456 10 1518
10263 4 2 7 6 1542 1046 198 1028
10264 4 2 7 6 1566 1578 1590 283
10265 4 2 7 6 1522 1510 1590 278
10266 4 2 7 6 1551 1576 1553 3022
10267 4 2 7 6 1497 1520 1495 3022
10268 4 2 7 6 1559 1502 1504 1503
10269 4 2 7 6 1559 1504 1516 1503
10270 4 2 7 6 1501 1456 1435 3018
10271 4 2 7 6 1557 1575 1545 3019
10272 4 2 7 6 1475 1505 241 1479
10273 4 2 7 6 274 1561 1475 1535
10274 4 2 7 6 1028 1072 1069 3017
10275 4 2 7 6 1071 188 1039 1508
10276 4 2 7 6 1586 1450 1537 269
10277 4 2 7 6 1042 1041 1040 3016
10278 4 2 7 6 1051 1543 1574 3019
10279 4 2 7 6 1446 1445 1444 3014
10280 4 2 7 6 1572 1504 1559 1560
10281 4 2 7 6 1504 1560 1502 1559
10282 4 2 7 6 1543 1567 1575 3019
10283 4 2 7 6 1560 1502 1558 1529
10284 4 2 7 6 1579 1571 1541 3010
10285 4 2 7 6 1585 1560 1558 1529
10286 4 2 7 6 1580 1536 271 1442
10287 4 2 7 6 205 1502 1558 1063
10288 4 2 7 6 1505 1561 1517 1522
10289 4 2 7 6 1571 1564 1541 3017
10290 4 2 7 6 179 180 1044 1454
10291 4 2 7 6 1464 1505 241 1475
10292 4 2 7 6 1483 1502 1559 1503
10293 4 2 7 6 1529 1560 1521 1585
10294 4 2 7 6 1572 1516 1504 1521
10295 4 2 7 6 1560 1521 1577 1572
10296 4 2 7 6 274 1561 1464 1475
10297 4 2 7 6 1545 1457 3019 3024
10298 4 2 7 6 1578 1513 1568 1569
10299 4 2 7 6 1571 1541 3010 3017
10300 4 2 7 6 1488 1591 280 285
10301 4 2 7 6 1456 10 1518 232
10302 4 2 7 6 1515 1523 1485 3012
10303 4 2 7 6 1501 1489 1519 3018
10304 4 2 7 6 1537 1547 1548 3015
10305 4 2 7 6 1431 1537 1450 269
10306 4 2 7 6 1522 1578 1573 278
10307 4 2 7 6 1570 1477 1535 273
10308 4 2 7 6 1030 1567 1051 3019
10309 4 2 7 6 1513 1569 1516 1503
10310 4 2 7 6 1457 1545 1433 3024
10311 4 2 7 6 1032 1036 190 1484
10312 4 2 7 6 1532 1526 23 1589
10313 4 2 7 6 1572 1544 1488 1577
10314 4 2 7 6 1509 1515 1508 3021
10315 4 2 7 6 1559 1516 1569 1503
10316 4 2 7 6 1578 1573 278 283
10317 4 2 7 6 1516 1572 1488 1521
10318 4 2 7 6 1521 1572 1488 1577
10319 4 2 7 6 1564 1565 1542 3017
10320 4 2 7 6 1466 1433 1451 3024
10321 4 2 7 6 237 1473 1444 1481
10322 4 2 7 6 1487 1519 1511 3018
10323 4 2 7 6 1545 1433 1538 267
10324 4 2 7 6 186 1531 1486 1029
10325 4 2 7 6 1487 1034 1518 3018
10326 4 2 7 6 1067 1540 1047 3020
10327 4 2 7 6 1521 1585 1560 1577
10328 4 2 7 6 1071 1039 1062 3021
10329 4 2 7 6 1545 3019 1575 3024
10330 4 2 7 6 1571 1565 1564 3017
10331 4 2 7 6 24 1582 1589 285
10332 4 2 7 6 1557 266 1438 1457
10333 4 2 7 6 1065 1044 1026 3013
10334 4 2 7 6 1591 1488 1544 285
10335 4 2 7 6 1551 1580 1549 3007
10336 4 2 7 6 178 179 1035 1437
10337 4 2 7 6 1450 1458 1451 3015
10338 4 2 7 6 1456 1467 1435 3018
10339 4 2 7 6 1524 237 1444 1481
10340 4 2 7 6 1052 1034 1511 3018
10341 4 2 7 6 1573 1517 242 1464
10342 4 2 7 6 1067 1047 1032 3020
10343 4 2 7 6 239 1480 1462 1514
10344 4 2 7 6 1480 1462 1514 3023
10345 4 2 7 6 1518 1456 1501 3018
10346 4 2 7 6 1511 1052 185 1034
10347 4 2 7 6 1521 1534 276 1577
10348 4 2 7 6 1525 1499 1506 3020
10349 4 2 7 6 1555 1581 1562 3020
10350 4 2 7 6 1577 1534 276 281
10351 4 2 7 6 235 1482 1452 1432
10352 4 2 7 6 276 1521 1585 1529
10353 4 2 7 6 1030 196 1051 1567
10354 4 2 7 6 205 194 1502 1063
10355 4 2 7 6 1438 1051 1574 3019
10356 4 2 7 6 1535 1477 1441 273
10357 4 2 7 6 1435 1501 233 1456
10358 4 2 7 6 1432 1453 1460 3025
10359 4 2 7 6 1510 1513 1569 1516
10360 4 2 7 6 1558 1502 1560 1559
10361 4 2 7 6 22 1588 1573 283
10362 4 2 7 6 1457 1474 3019 3024
10363 4 2 7 6 1582 1488 1521 1526
10364 4 2 7 6 1575 1557 1543 3019
10365 4 2 7 6 1438 1474 178 3019
10366 4 2 7 6 1546 1545 1575 3024
10367 4 2 7 6 278 1573 1588 283
10368 4 2 7 6 1051 1438 178 3019
10369 4 2 7 6 1551 1553 1552 3022
10370 4 2 7 6 1497 1495 1496 3022
10371 4 2 7 6 1564 1028 199 1069
10372 4 2 7 6 1456 183 1440 3018
10373 4 2 7 6 1517 1465 1588 1573
10374 4 2 7 6 1532 24 1582 1589
10375 4 2 7 6 275 1573 242 1464
10376 4 2 7 6 1577 1544 1488 1582
10377 4 2 7 6 276 1521 1577 1585
10378 4 2 7 6 1521 277 1534 1577
10379 4 2 7 6 1585 1577 276 281
10380 4 2 7 6 1577 277 1534 282
10381 4 2 7 6 1047 201 1563 1540
10382 4 2 7 6 1061 1072 1028 3017
10383 4 2 7 6 1536 1570 1463 3023
10384 4 2 7 6 1486 1531 1509 3021
10385 4 2 7 6 1071 1486 1508 3021
10386 4 2 7 6 279 1566 284 1544
10387 4 2 7 6 1577 1488 1521 1582
10388 4 2 7 6 1456 1440 1467 3018
10389 4 2 7 6 1561 1573 1517 1522
10390 4 2 7 6 284 1590 1566 279
10391 4 2 7 6 13 1438 1051 1574
10392 4 2 7 6 1518 1034 1456 3018
10393 4 2 7 6 204 1539 1483 1502
10394 4 2 7 6 1462 1463 1439 3023
10395 4 2 7 6 1541 1069 200 1038
10396 4 2 7 6 1582 1526 1532 1589
10397 4 2 7 6 198 1542 1028 1564
10398 4 2 7 6 1504 1572 1559 1516
10399 4 2 7 6 1539 1502 1558 1559
10400 4 2 7 6 183 182 1440 1033
10401 4 2 7 6 1488 1566 279 1544
10402 4 2 7 6 197 1046 1542 1587
10403 4 2 7 6 1538 1433 1545 3024
10404 4 2 7 6 1580 1551 1536 3007
10405 4 2 7 6 178 1068 1051 3019
10406 4 2 7 6 1435 234 1489 1452
10407 4 2 7 6 1566 1488 279 1510
10408 4 2 7 6 1501 1519 1487 3018
10409 4 2 7 6 1590 1510 1566 279
10410 4 2 7 6 1524 1444 237 1434
10411 4 2 7 6 1578 1513 1569 1510
10412 4 2 7 6 1465 19 242 1517
10413 4 2 7 6 1558 1502 205 1529
10414 4 2 7 6 1506 1037 1067 3020
10415 4 2 7 6 1585 1558 205 1529
10416 4 2 7 6 1457 1466 1474 3024
10417 4 2 7 6 1530 1432 1473 3025
10418 4 2 7 6 1514 1462 1439 3023
10419 4 2 7 6 1456 1501 232 1518
10420 4 2 7 6 1036 190 1507 1064
10421 4 2 7 6 1027 1485 189 1064
10422 4 2 7 6 181 180 1430 1026
10423 4 2 7 6 1506 1067 191 3020
10424 4 2 7 6 181 182 1048 1455
10425 4 2 7 6 1482 235 1530 1432
10426 4 2 7 6 1513 1578 1568 1522
10427 4 2 7 6 1578 1561 1568 1522
10428 4 2 7 6 1434 238 1524 1443
10429 4 2 7 6 183 1034 1066 3018
10430 4 2 7 6 1460 1444 1473 3025
10431 4 2 7 6 1529 1585 276 1533
10432 4 2 7 6 1457 1474 1438 3019
10433 4 2 7 6 1462 1439 239 1514
10434 4 2 7 6 1516 1559 1569 1572
10435 4 2 7 6 1029 1486 187 1071
10436 4 2 7 6 1465 1588 19 1517
10437 4 2 7 6 1037 1562 1067 3020
10438 4 2 7 6 1582 1521 277 1526
10439 4 2 7 6 183 1456 1034 3018
10440 4 2 7 6 1037 191 1506 1067
10441 4 2 7 6 280 1526 1488 285
10442 4 2 7 6 194 205 1502 1529
10443 4 2 7 6 1456 1034 10 183
10444 4 2 7 6 13 178 1051 1438
10445 4 2 7 6 242 1465 1517 1573
10446 4 2 7 6 280 1589 1526 285
10447 4 2 7 6 1488 1582 285 1526
10448 4 2 7 6 1483 193 204 1502
10449 4 2 7 6 1533 1585 276 281
10450 4 2 7 6 1577 1521 277 1582
10451 4 2 7 6 282 1577 277 1582
10452 4 2 7 6 1507 189 1485 1064
10453 4 2 7 6 1529 14 1049 1533
10454 4 2 7 6 1502 193 204 1063
10455 4 2 7 6 1430 1454 1459 3013
10456 4 2 7 6 1582 1526 1589 285
10457 4 2 7 6 1582 1488 285 1544
10458 4 2 7 6 1441 1475 241 1479
10459 4 2 7 6 1480 1524 238 1443
10460 4 2 7 6 1049 1585 1529 1533
10461 4 2 7 6 1482 1489 234 1452
10462 4 2 7 6 1562 1540 1067 3020
10463 4 2 7 6 1569 1566 1510 1572
10464 4 2 7 6 1572 1510 1569 1516
10465 4 2 7 6 1506 191 1484 3020
10466 4 2 7 6 1441 274 1475 1535
10467 4 2 7 6 1069 199 1564 1541
10468 4 2 7 6 1573 1561 1578 1522
10469 4 2 7 6 1463 1536 272 1570
10470 4 2 7 6 22 275 1573 1465
10471 4 2 7 6 1067 202 1047 1540
10472 4 2 7 6 1473 1432 1460 3025
10473 4 2 7 6 242 1465 1573 275
10474 4 2 7 6 1526 277 1582 1532
10475 4 2 7 6 1481 1530 1473 3025
10476 4 2 7 6 1585 1049 15 1533
10477 4 2 7 6 1457 1545 266 267
10478 4 2 7 6 1052 1066 1034 3018
10479 4 2 7 6 1544 1488 1566 1572
10480 4 2 7 6 1522 1513 1578 1510
10481 4 2 7 6 1457 1433 1466 3024
10482 4 2 7 6 1572 1510 1488 1566
10483 4 2 7 6 1510 1572 1488 1516
10484 4 2 7 6 277 282 1582 1532
10485 4 2 7 6 1051 195 13 1574
10486 4 2 7 6 1518 184 10 1034
10487 4 2 7 6 1580 1537 1476 270
10488 4 2 7 6 1030 1051 1068 3019
10489 4 2 7 6 1569 1566 1578 1510
10490 4 2 7 6 1540 1067 202 1562
10491 4 2 7 6 1538 1545 1546 3024
10492 4 2 7 6 1585 205 1049 1529
10493 4 2 7 6 1071 1486 187 1508
10494 4 2 7 6 1481 1492 1491 3025
10495 4 2 7 6 1480 1514 1496 3023
10496 4 2 7 6 1536 1552 1570 3023
10497 4 2 7 6 204 1539 1502 1558
10498 4 2 7 6 274 275 1464 1561
10499 4 2 7 6 1491 1530 1481 3025
10500 4 2 7 6 1509 1508 1486 3021
10501 4 2 7 6 1558 1502 204 1063
10502 4 2 7 6 1438 1574 265 1557
10503 4 2 7 6 236 1473 1481 1530
10504 4 2 7 6 272 271 1536 1436
10505 4 2 7 6 1574 1051 195 1543
10506 4 2 7 6 1486 187 186 1029
10507 4 2 7 6 1562 1581 1540 3020
10508 4 2 7 6 1484 1525 1506 3020
10509 4 2 7 6 241 242 1505 1464
10510 4 2 7 6 1465 22 1588 1573
10511 4 2 7 6 1487 184 1518 1034
10512 4 2 7 6 271 1476 1580 1442
10513 4 2 7 6 1563 200 201 1031
10514 4 2 7 6 236 1473 1530 1432
10515 4 2 7 6 205 194 1049 1529
10516 4 2 7 6 1032 190 191 1484
10517 4 2 7 6 1067 1037 202 1562
10518 4 2 7 6 241 240 1441 1479
10519 4 2 7 6 1028 199 198 1564
10520 4 2 7 6 185 186 1052 1511
10521 4 2 7 6 1574 13 1438 265
10522 4 2 7 6 193 192 1483 1058
10523 4 2 7 6 1539 203 204 1058
10524 4 2 7 6 1489 233 234 1435
10525 4 2 7 6 1485 189 188 1027
10526 4 2 7 6 238 239 1480 1443
10527 4 2 7 6 1441 274 1535 273
10528 4 2 7 6 1501 232 233 1456
10529 4 2 7 6 1502 194 193 1063
10530 4 2 7 6 1558 204 205 1063
10531 4 2 7 6 1071 187 188 1508
10532 4 2 7 6 266 1438 265 1557
10533 4 2 7 6 198 197 1046 1542
10534 4 2 7 6 190 189 1507 1064
10535 4 2 7 6 197 196 1030 1567
10536 4 2 7 6 1538 1433 268 267
10537 4 2 7 6 202 201 1047 1540
10538 4 2 7 6 1506 192 191 1037
10539 4 2 7 6 237 236 1473 1481
10540 4 2 7 6 269 1431 1537 270
10541 4 2 7 6 1552 1584 1570 3023
10542 4 2 7 6 1496 1514 1528 3023
10543 4 2 7 6 1477 1570 1463 273
10544 4 2 7 6 1069 200 199 1541
10545 4 2 7 6 1037 203 202 1562
10546 4 2 7 6 196 195 1051 1543
10547 4 2 7 6 1439 240 239 1514
10548 4 2 7 6 1530 235 236 1432
10549 4 2 7 6 185 184 1487 1034
10550 4 2 7 6 234 235 1482 1452
10551 4 2 7 6 1570 272 1463 273
10552 4 2 7 6 1524 237 238 1434
10553 4 2 7 6 14 15 1049 1533
10554 4 2 7 6 1586 268 1450 269
10555 4 2 7 6 23 24 1532 1589
10556 4 2 7 6 22 19 1465 1588
10557 4 2 7 6 270 1476 1580 271
10558 4 2 7 6 3006 1550 3022 1576
10559 4 2 7 6 3006 3022 1550 3003
10560 4 2 7 6 3007 1550 3022 3003
10561 4 2 7 6 3007 3022 1550 1551
10562 4 2 7 6 3008 1435 1452 1467
10563 4 2 7 6 3008 1452 1435 1489
10564 4 2 7 6 3024 1565 1587 1546
10565 4 2 7 6 3024 1587 1565 3009
10566 4 2 7 6 3013 1448 1470 1459
10567 4 2 7 6 3013 1470 1448 3004
10568 4 2 7 6 1443 1524 3007 1480
10569 4 2 7 6 1443 3007 1524 1434
10570 4 2 7 6 3022 1494 1520 1495
10571 4 2 7 6 3022 1520 1494 3006
10572 4 2 7 6 3025 3021 1492 1509
10573 4 2 7 6 3025 1492 3021 3005
10574 4 2 7 6 1538 1450 268 1433
10575 4 2 7 6 1538 268 1450 1586
10576 4 2 7 7 1230 1426 1410 1389
10577 4 2 7 7 1223 1222 1224 3028
10578 4 2 7 7 1223 1222 3028 3032
10579 4 2 7 7 1225 1223 1224 3031
10580 4 2 7 7 1404 1412 1405 3034
10581 4 2 7 7 1223 3028 1224 3031
10582 4 2 7 7 1223 3028 3026 3032
10583 4 2 7 7 1225 1223 3031 3037
10584 4 2 7 7 1402 1403 1419 3030
10585 4 2 7 7 1410 1230 1389 3032
10586 4 2 7 7 1661 3028 1213 3030
10587 4 2 7 7 1405 1408 1407 3032
10588 4 2 7 7 1225 3031 1242 3037
10589 4 2 7 7 1213 3028 1239 3030
10590 4 2 7 7 1426 1409 1216 3030
10591 4 2 7 7 1220 1407 1406 1429
10592 4 2 7 7 1231 1213 1239 3030
10593 4 2 7 7 1426 1230 1410 3030
10594 4 2 7 7 1235 1233 1219 3034
10595 4 2 7 7 1410 3028 1230 3032
10596 4 2 7 7 1239 1224 1222 3028
10597 4 2 7 7 1223 3032 3026 3037
10598 4 2 7 7 1223 3026 3028 3031
10599 4 2 7 7 1410 1409 1426 3030
10600 4 2 7 7 1211 1389 1230 3032
10601 4 2 7 7 3026 3033 1607 3038
10602 4 2 7 7 1407 1220 1406 3034
10603 4 2 7 7 1230 3028 1410 3030
10604 4 2 7 7 1405 3032 1407 3034
10605 4 2 7 7 3026 3033 3029 3035
10606 4 2 7 7 1221 1223 1235 3037
10607 4 2 7 7 1231 1239 3028 3030
10608 4 2 7 7 1221 3032 1223 3037
10609 4 2 7 7 1403 3028 1419 3030
10610 4 2 7 7 1217 1604 1418 3034
10611 4 2 7 7 1425 1420 1408 3039
10612 4 2 7 7 3029 3033 1665 3035
10613 4 2 7 7 1239 1213 1228 3031
10614 4 2 7 7 3029 3033 3026 3038
10615 4 2 7 7 1666 1609 1630 3033
10616 4 2 7 7 1238 1225 1242 3037
10617 4 2 7 7 1404 3027 1412 3034
10618 4 2 7 7 3026 3032 3028 3039
10619 4 2 7 7 3026 3035 3029 3038
10620 4 2 7 7 3026 3031 1223 3037
10621 4 2 7 7 1661 1228 1213 3031
10622 4 2 7 7 1404 1390 1412 3040
10623 4 2 7 7 1635 1623 1631 3029
10624 4 2 7 7 1235 1233 3034 3037
10625 4 2 7 7 1223 1221 1222 3032
10626 4 2 7 7 1421 1400 1419 3039
10627 4 2 7 7 1412 3027 1404 3040
10628 4 2 7 7 1224 3028 1239 3031
10629 4 2 7 7 1622 3027 3026 3040
10630 4 2 7 7 1609 1666 1657 3033
10631 4 2 7 7 1410 1421 3028 3032
10632 4 2 7 7 1405 1407 1406 3034
10633 4 2 7 7 1222 1230 3028 3032
10634 4 2 7 7 1410 1389 1421 3032
10635 4 2 7 7 1420 1421 1389 3032
10636 4 2 7 7 3026 3027 3032 3039
10637 4 2 7 7 1230 1231 1222 3028
10638 4 2 7 7 1402 1639 3030 3036
10639 4 2 7 7 1397 1396 1394 3038
10640 4 2 7 7 1231 3028 1230 3030
10641 4 2 7 7 1598 1604 1217 3034
10642 4 2 7 7 1225 1238 1223 3037
10643 4 2 7 7 1241 1242 1225 3031
10644 4 2 7 7 1660 3030 1639 3036
10645 4 2 7 7 1421 1420 1425 3039
10646 4 2 7 7 1402 3030 1419 3036
10647 4 2 7 7 1221 3032 3027 3034
10648 4 2 7 7 1673 1665 1653 3035
10649 4 2 7 7 1222 1231 1239 3028
10650 4 2 7 7 1621 3027 1404 3034
10651 4 2 7 7 1622 3026 3027 3037
10652 4 2 7 7 1407 3032 1220 3034
10653 4 2 7 7 1604 1603 1418 3034
10654 4 2 7 7 1407 1429 1220 3032
10655 4 2 7 7 1221 1235 3027 3037
10656 4 2 7 7 1214 1233 1598 3034
10657 4 2 7 7 1427 1400 1398 3036
10658 4 2 7 7 1657 3029 1609 3033
10659 4 2 7 7 1237 1417 1667 3030
10660 4 2 7 7 1404 1621 1390 3040
10661 4 2 7 7 3026 3032 3027 3037
10662 4 2 7 7 1217 1418 1218 3034
10663 4 2 7 7 1217 1214 1598 3034
10664 4 2 7 7 1232 1238 1242 3037
10665 4 2 7 7 1405 1393 1404 3034
10666 4 2 7 7 1231 1230 1216 3030
10667 4 2 7 7 1417 1237 1409 3030
10668 4 2 7 7 1661 3028 1678 3031
10669 4 2 7 7 1612 3027 1605 3034
10670 4 2 7 7 1421 1419 3028 3039
10671 4 2 7 7 1232 3033 1597 3037
10672 4 2 7 7 1655 1678 3028 3036
10673 4 2 7 7 1403 1421 1419 3028
10674 4 2 7 7 1392 1667 1417 3030
10675 4 2 7 7 1221 3027 3032 3037
10676 4 2 7 7 1421 1403 1410 3028
10677 4 2 7 7 1422 1399 1397 3035
10678 4 2 7 7 1652 3031 1672 3033
10679 4 2 7 7 1393 1603 1621 3034
10680 4 2 7 7 1222 1211 1230 3032
10681 4 2 7 7 1220 1218 1406 3034
10682 4 2 7 7 1400 1398 3036 3039
10683 4 2 7 7 1621 1404 3027 3040
10684 4 2 7 7 1402 1649 1392 3030
10685 4 2 7 7 1420 3032 1408 3039
10686 4 2 7 7 1649 1667 1392 3030
10687 4 2 7 7 1241 1215 1242 3031
10688 4 2 7 7 1237 1216 1409 3030
10689 4 2 7 7 1678 3031 3028 3036
10690 4 2 7 7 1408 3027 1412 3040
10691 4 2 7 7 1413 1408 1412 3040
10692 4 2 7 7 3031 3035 3026 3036
10693 4 2 7 7 1612 3034 1233 3037
10694 4 2 7 7 1217 1218 1214 3034
10695 4 2 7 7 1421 3032 1420 3039
10696 4 2 7 7 1418 1603 1393 3034
10697 4 2 7 7 1635 1631 1657 3029
10698 4 2 7 7 1609 1607 3033 3038
10699 4 2 7 7 1229 1213 1231 3030
10700 4 2 7 7 1408 1420 1407 3032
10701 4 2 7 7 1235 3034 3027 3037
10702 4 2 7 7 1422 1637 1399 3035
10703 4 2 7 7 1237 1667 1644 3030
10704 4 2 7 7 1403 1410 3028 3030
10705 4 2 7 7 1660 1639 1655 3036
10706 4 2 7 7 1607 3026 1622 3037
10707 4 2 7 7 1228 1661 1640 3031
10708 4 2 7 7 1417 177 1409 1237
10709 4 2 7 7 3026 3033 3031 3037
10710 4 2 7 7 1398 1400 1413 3039
10711 4 2 7 7 1649 1402 1639 3030
10712 4 2 7 7 3031 3033 1242 3037
10713 4 2 7 7 1425 1408 1413 3039
10714 4 2 7 7 1623 1635 1395 3029
10715 4 2 7 7 1393 1621 1404 3034
10716 4 2 7 7 1419 3030 3028 3036
10717 4 2 7 7 1673 3035 3031 3036
10718 4 2 7 7 1598 1603 1604 3034
10719 4 2 7 7 1418 1406 1218 3034
10720 4 2 7 7 1631 1609 1657 3029
10721 4 2 7 7 1418 1393 1406 3034
10722 4 2 7 7 1621 1605 3027 3034
10723 4 2 7 7 1232 1242 3033 3037
10724 4 2 7 7 1426 176 1216 1409
10725 4 2 7 7 1219 1233 1214 3034
10726 4 2 7 7 1609 3033 3029 3038
10727 4 2 7 7 223 224 1240 1645
10728 4 2 7 7 1229 1237 1644 3030
10729 4 2 7 7 177 1216 1409 1237
10730 4 2 7 7 1224 1241 1225 3031
10731 4 2 7 7 1655 1673 1678 3036
10732 4 2 7 7 1609 1657 1666 1630
10733 4 2 7 7 1216 1243 176 1426
10734 4 2 7 7 1652 1215 3031 3033
10735 4 2 7 7 3028 3031 3026 3036
10736 4 2 7 7 1220 1219 1218 3034
10737 4 2 7 7 1400 3036 1419 3039
10738 4 2 7 7 1392 1417 1409 3030
10739 4 2 7 7 1666 1236 1641 3033
10740 4 2 7 7 1398 3039 1413 3040
10741 4 2 7 7 1393 1405 1406 3034
10742 4 2 7 7 1416 1424 1395 3029
10743 4 2 7 7 218 1229 1644 1213
10744 4 2 7 7 1421 3028 3032 3039
10745 4 2 7 7 1627 1607 1609 3038
10746 4 2 7 7 1228 1224 1239 3031
10747 4 2 7 7 1673 3031 1678 3036
10748 4 2 7 7 1607 3033 3026 3037
10749 4 2 7 7 1612 3027 3034 3037
10750 4 2 7 7 1400 1421 1425 3039
10751 4 2 7 7 1657 1609 1631 1630
10752 4 2 7 7 1408 3032 3027 3039
10753 4 2 7 7 1395 1401 1635 1594
10754 4 2 7 7 261 1671 1620 1415
10755 4 2 7 7 1678 1640 1661 3031
10756 4 2 7 7 1237 1229 1216 3030
10757 4 2 7 7 1426 1243 175 1389
10758 4 2 7 7 1398 1396 1397 3038
10759 4 2 7 7 1630 1236 1666 3033
10760 4 2 7 7 1649 1644 1667 3030
10761 4 2 7 7 1623 1395 1424 3029
10762 4 2 7 7 1603 255 1393 1621
10763 4 2 7 7 1398 3035 3039 3040
10764 4 2 7 7 1607 1597 3033 3037
10765 4 2 7 7 1604 215 1598 1217
10766 4 2 7 7 1242 3031 1215 3033
10767 4 2 7 7 1597 1232 1227 3033
10768 4 2 7 7 1213 1661 219 1228
10769 4 2 7 7 1233 1235 1212 3037
10770 4 2 7 7 1413 3039 1408 3040
10771 4 2 7 7 1403 1409 1410 3030
10772 4 2 7 7 1623 1635 1631 1594
10773 4 2 7 7 261 272 1671 1415
10774 4 2 7 7 1424 1593 1394 259
10775 4 2 7 7 1635 1623 1395 1594
10776 4 2 7 7 1649 1639 1660 3030
10777 4 2 7 7 1220 1429 1211 3032
10778 4 2 7 7 1644 1660 1661 3030
10779 4 2 7 7 1408 3039 3027 3040
10780 4 2 7 7 1630 1608 1236 3033
10781 4 2 7 7 1653 1657 1666 3033
10782 4 2 7 7 1214 1598 215 1217
10783 4 2 7 7 1402 1392 1403 3030
10784 4 2 7 7 1400 1425 1413 3039
10785 4 2 7 7 1419 3036 3028 3039
10786 4 2 7 7 1422 1656 1637 3035
10787 4 2 7 7 1422 1397 1416 3029
10788 4 2 7 7 1391 1639 1402 3036
10789 4 2 7 7 1228 1215 1241 3031
10790 4 2 7 7 1406 173 1220 1429
10791 4 2 7 7 1390 1621 1595 3040
10792 4 2 7 7 1396 1593 1394 3038
10793 4 2 7 7 1612 1622 1605 3027
10794 4 2 7 7 272 1671 1401 261
10795 4 2 7 7 1396 1615 1428 258
10796 4 2 7 7 1397 1394 3029 3038
10797 4 2 7 7 1216 1229 1231 3030
10798 4 2 7 7 275 274 1411 1642
10799 4 2 7 7 1228 1640 1215 3031
10800 4 2 7 7 1658 1657 1631 1651
10801 4 2 7 7 1667 217 1237 1644
10802 4 2 7 7 1398 1413 1423 3040
10803 4 2 7 7 1406 173 1218 1220
10804 4 2 7 7 1635 1657 1631 1658
10805 4 2 7 7 1418 1406 172 1218
10806 4 2 7 7 254 1418 1604 1603
10807 4 2 7 7 1391 1402 1419 3036
10808 4 2 7 7 265 1417 1392 1667
10809 4 2 7 7 1211 1429 1389 3032
10810 4 2 7 7 1222 1221 1211 3032
10811 4 2 7 7 1398 1397 3035 3038
10812 4 2 7 7 255 1404 1393 1621
10813 4 2 7 7 1407 1389 1429 3032
10814 4 2 7 7 1595 1428 1390 3040
10815 4 2 7 7 1217 1418 172 1218
10816 4 2 7 7 1416 1395 1635 3029
10817 4 2 7 7 1233 1212 1612 3037
10818 4 2 7 7 1649 265 1392 1667
10819 4 2 7 7 1608 1630 1609 3033
10820 4 2 7 7 269 1637 1399 1422
10821 4 2 7 7 1211 1220 174 1429
10822 4 2 7 7 1673 1672 1678 3031
10823 4 2 7 7 1661 218 1644 1213
10824 4 2 7 7 1606 1212 1232 3037
10825 4 2 7 7 1428 1615 1396 3038
10826 4 2 7 7 1416 1397 1394 3029
10827 4 2 7 7 1390 1428 1423 3040
10828 4 2 7 7 1229 1237 217 1644
10829 4 2 7 7 264 1411 263 1613
10830 4 2 7 7 1394 1424 1416 3029
10831 4 2 7 7 1243 1211 175 1389
10832 4 2 7 7 1612 1598 1233 3034
10833 4 2 7 7 1418 254 1393 1603
10834 4 2 7 7 1604 1418 216 1217
10835 4 2 7 7 1407 1420 1389 3032
10836 4 2 7 7 1651 1631 1616 1630
10837 4 2 7 7 1228 1241 1224 3031
10838 4 2 7 7 1218 1219 1214 3034
10839 4 2 7 7 1658 1631 1635 1594
10840 4 2 7 7 1392 1409 1403 3030
10841 4 2 7 7 1429 174 1211 1389
10842 4 2 7 7 1622 1621 3027 3040
10843 4 2 7 7 1232 1242 1227 3033
10844 4 2 7 7 1615 1593 1396 3038
10845 4 2 7 7 1427 1398 3035 3036
10846 4 2 7 7 1605 1621 1603 3034
10847 4 2 7 7 1398 1423 3038 3040
10848 4 2 7 7 1641 1236 1226 3033
10849 4 2 7 7 1652 1672 1653 3033
10850 4 2 7 7 267 1402 1391 1639
10851 4 2 7 7 3029 3035 1397 3038
10852 4 2 7 7 212 1232 1606 1212
10853 4 2 7 7 1396 1615 258 1593
10854 4 2 7 7 1226 1215 1652 3033
10855 4 2 7 7 3035 3036 1398 3039
10856 4 2 7 7 1616 1658 1631 1651
10857 4 2 7 7 1656 1665 1637 3035
10858 4 2 7 7 1671 1635 1401 1594
10859 4 2 7 7 3028 3036 3026 3039
10860 4 2 7 7 1398 1423 1396 3038
10861 4 2 7 7 1235 1223 1238 3037
10862 4 2 7 7 1615 1428 1595 3040
10863 4 2 7 7 1232 1597 1606 3037
10864 4 2 7 7 1228 1661 219 1640
10865 4 2 7 7 1656 1422 1416 3029
10866 4 2 7 7 1636 1620 1671 1415
10867 4 2 7 7 1400 1427 1419 3036
10868 4 2 7 7 1622 1621 1605 3027
10869 4 2 7 7 220 1228 1640 1215
10870 4 2 7 7 258 1394 1396 1593
10871 4 2 7 7 176 177 1216 1409
10872 4 2 7 7 1399 1654 1391 3036
10873 4 2 7 7 1612 1622 3027 3037
10874 4 2 7 7 270 1656 1422 1416
10875 4 2 7 7 1606 1607 1622 3037
10876 4 2 7 7 1593 3029 1394 3038
10877 4 2 7 7 1635 1656 1416 3029
10878 4 2 7 7 1401 1671 1594 261
10879 4 2 7 7 1608 1609 1607 3033
10880 4 2 7 7 1428 3038 1423 3040
10881 4 2 7 7 1652 1215 1640 3031
10882 4 2 7 7 1635 1401 1395 271
10883 4 2 7 7 221 1215 1652 1226
10884 4 2 7 7 1398 3038 3035 3040
10885 4 2 7 7 1622 1595 1621 3040
10886 4 2 7 7 1391 1399 268 1654
10887 4 2 7 7 1597 1607 1606 3037
10888 4 2 7 7 1598 1612 1605 3034
10889 4 2 7 7 260 1424 1623 1395
10890 4 2 7 7 1649 1660 1644 3030
10891 4 2 7 7 1656 3029 1665 3035
10892 4 2 7 7 1399 1391 1427 3036
10893 4 2 7 7 1406 173 172 1218
10894 4 2 7 7 1227 210 1608 3033
10895 4 2 7 7 1238 1232 1212 3037
10896 4 2 7 7 1227 1226 210 3033
10897 4 2 7 7 1227 1608 1597 3033
10898 4 2 7 7 272 1636 1671 1415
10899 4 2 7 7 1220 1211 1221 3032
10900 4 2 7 7 1398 1397 1399 3035
10901 4 2 7 7 1428 1396 1423 3038
10902 4 2 7 7 1615 3038 1428 3040
10903 4 2 7 7 1658 1635 1671 1594
10904 4 2 7 7 1392 1402 266 1649
10905 4 2 7 7 1658 1594 1680 1616
10906 4 2 7 7 212 1232 1597 1606
10907 4 2 7 7 1390 1595 257 1428
10908 4 2 7 7 1599 1602 1616 1651
10909 4 2 7 7 1654 1639 1391 3036
10910 4 2 7 7 1412 1390 1413 3040
10911 4 2 7 7 1226 1242 1215 3033
10912 4 2 7 7 1620 1594 1671 261
10913 4 2 7 7 1595 1627 1615 3040
10914 4 2 7 7 1635 1656 270 1416
10915 4 2 7 7 1609 1593 1627 3038
10916 4 2 7 7 225 224 1638 1234
10917 4 2 7 7 1236 1630 1666 1677
10918 4 2 7 7 1673 1637 1665 3035
10919 4 2 7 7 213 1612 1233 1212
10920 4 2 7 7 1415 1636 1620 262
10921 4 2 7 7 1672 1652 1640 3031
10922 4 2 7 7 1603 1598 1605 3034
10923 4 2 7 7 1645 1601 1629 1638
10924 4 2 7 7 1630 1651 1666 1677
10925 4 2 7 7 1654 1399 1637 3036
10926 4 2 7 7 1594 1658 1631 1616
10927 4 2 7 7 1645 1629 1646 1638
10928 4 2 7 7 1597 1227 211 1608
10929 4 2 7 7 1620 1671 1594 1680
10930 4 2 7 7 1596 208 207 1234
10931 4 2 7 7 3026 3027 3039 3040
10932 4 2 7 7 1655 1639 1654 3036
10933 4 2 7 7 1596 1638 1662 1647
10934 4 2 7 7 271 1635 1401 1671
10935 4 2 7 7 1595 1622 1627 3040
10936 4 2 7 7 1399 1427 1398 3035
10937 4 2 7 7 1424 1623 1593 259
10938 4 2 7 7 1612 1606 1622 3037
10939 4 2 7 7 1606 1612 1212 3037
10940 4 2 7 7 1215 1640 220 1652
10941 4 2 7 7 1649 1402 266 1639
10942 4 2 7 7 1416 270 1635 1395
10943 4 2 7 7 269 1656 1637 1422
10944 4 2 7 7 1609 3029 1593 3038
10945 4 2 7 7 1654 267 1391 1639
10946 4 2 7 7 1232 1227 211 1597
10947 4 2 7 7 1653 1666 1641 3033
10948 4 2 7 7 1414 1592 273 262
10949 4 2 7 7 1650 1617 1646 1602
10950 4 2 7 7 274 263 1411 1613
10951 4 2 7 7 224 208 1596 1234
10952 4 2 7 7 3026 3036 3035 3039
10953 4 2 7 7 1671 1620 1636 1680
10954 4 2 7 7 1607 1597 1608 3033
10955 4 2 7 7 288 1625 1663 289
10956 4 2 7 7 1629 1646 1638 1647
10957 4 2 7 7 1636 1415 273 262
10958 4 2 7 7 1634 1647 1676 1633
10959 4 2 7 7 1654 1399 268 1637
10960 4 2 7 7 1399 1427 3035 3036
10961 4 2 7 7 1631 1623 1609 3029
10962 4 2 7 7 1672 1640 1678 3031
10963 4 2 7 7 1637 1673 1654 3036
10964 4 2 7 7 1651 1599 1602 1645
10965 4 2 7 7 1613 1411 274 1642
10966 4 2 7 7 1423 1413 1390 3040
10967 4 2 7 7 1662 1610 1596 1647
10968 4 2 7 7 1654 1673 1655 3036
10969 4 2 7 7 1614 1592 1674 1613
10970 4 2 7 7 1671 1658 1594 1680
10971 4 2 7 7 1647 1646 1648 1618
10972 4 2 7 7 1619 1648 1669 1670
10973 4 2 7 7 1595 1615 257 1428
10974 4 2 7 7 1616 1680 1658 1650
10975 4 2 7 7 1602 1617 1646 1618
10976 4 2 7 7 1636 1620 1592 1659
10977 4 2 7 7 1627 3038 1615 3040
10978 4 2 7 7 1399 3035 1637 3036
10979 4 2 7 7 1593 1609 1623 3029
10980 4 2 7 7 1236 1666 1641 1677
10981 4 2 7 7 1596 1638 224 1234
10982 4 2 7 7 22 289 1628 21
10983 4 2 7 7 1226 1652 1641 3033
10984 4 2 7 7 25 293 1675 26
10985 4 2 7 7 1646 1659 1648 1618
10986 4 2 7 7 224 1601 1645 1638
10987 4 2 7 7 286 291 1643 290
10988 4 2 7 7 1226 1227 1242 3033
10989 4 2 7 7 1602 1650 1616 1651
10990 4 2 7 7 1647 1610 1596 1611
10991 4 2 7 7 1664 17 16 290
10992 4 2 7 7 1680 1620 1636 1617
10993 4 2 7 7 1235 1238 1212 3037
10994 4 2 7 7 1602 1646 1650 1645
10995 4 2 7 7 1611 1647 1634 1633
10996 4 2 7 7 224 208 1601 1596
10997 4 2 7 7 1646 1647 1611 1618
10998 4 2 7 7 1220 173 174 1429
10999 4 2 7 7 1414 263 1592 262
11000 4 2 7 7 1651 1616 1599 1630
11001 4 2 7 7 25 293 288 1675
11002 4 2 7 7 291 25 1675 26
11003 4 2 7 7 1608 210 1236 3033
11004 4 2 7 7 1419 1427 1391 3036
11005 4 2 7 7 1632 1675 25 288
11006 4 2 7 7 1612 213 1606 1212
11007 4 2 7 7 17 206 226 1664
11008 4 2 7 7 254 255 1393 1603
11009 4 2 7 7 1676 1610 1647 1634
11010 4 2 7 7 1613 1674 1614 1642
11011 4 2 7 7 1626 206 16 1664
11012 4 2 7 7 1602 1629 1646 1645
11013 4 2 7 7 292 288 1663 289
11014 4 2 7 7 288 292 1663 293
11015 4 2 7 7 1637 3035 1673 3036
11016 4 2 7 7 1593 258 1394 259
11017 4 2 7 7 1629 1602 1601 1645
11018 4 2 7 7 1599 210 209 1236
11019 4 2 7 7 174 175 1211 1389
11020 4 2 7 7 1620 1636 1617 1659
11021 4 2 7 7 263 1674 1592 1613
11022 4 2 7 7 1652 1653 1641 3033
11023 4 2 7 7 1229 217 218 1644
11024 4 2 7 7 1638 224 1601 1596
11025 4 2 7 7 263 274 1674 1613
11026 4 2 7 7 1679 1614 1674 1642
11027 4 2 7 7 1674 273 274 1414
11028 4 2 7 7 1650 1646 1617 1659
11029 4 2 7 7 1677 223 209 1240
11030 4 2 7 7 1596 225 1638 1234
11031 4 2 7 7 206 17 16 1664
11032 4 2 7 7 1626 1610 1676 1634
11033 4 2 7 7 1596 1638 225 1662
11034 4 2 7 7 1629 1646 1611 1618
11035 4 2 7 7 1592 1620 1636 262
11036 4 2 7 7 1638 1601 1629 1596
11037 4 2 7 7 1647 1662 1610 1676
11038 4 2 7 7 1648 1659 1614 1618
11039 4 2 7 7 1630 1608 210 1236
11040 4 2 7 7 1658 1616 1650 1651
11041 4 2 7 7 273 1674 1592 1414
11042 4 2 7 7 1617 1614 1659 1618
11043 4 2 7 7 1641 221 1652 1226
11044 4 2 7 7 1611 1647 1610 1634
11045 4 2 7 7 265 1392 266 1649
11046 4 2 7 7 1627 1593 1615 3038
11047 4 2 7 7 1613 274 1674 1642
11048 4 2 7 7 1599 209 1601 1645
11049 4 2 7 7 1599 1651 1677 1645
11050 4 2 7 7 1664 1610 1662 1676
11051 4 2 7 7 1651 1602 1650 1645
11052 4 2 7 7 1617 1680 1594 1616
11053 4 2 7 7 215 214 1598 1214
11054 4 2 7 7 1659 1646 1617 1618
11055 4 2 7 7 1668 1624 292 1670
11056 4 2 7 7 1648 1611 1647 1618
11057 4 2 7 7 1630 1599 1651 1677
11058 4 2 7 7 1636 273 1592 262
11059 4 2 7 7 1614 1659 1648 1679
11060 4 2 7 7 1601 209 1240 1645
11061 4 2 7 7 1676 1634 1633 1600
11062 4 2 7 7 1601 1602 1599 1645
11063 4 2 7 7 1599 223 209 1677
11064 4 2 7 7 291 1600 1643 1632
11065 4 2 7 7 1628 1624 289 1668
11066 4 2 7 7 207 225 226 1662
11067 4 2 7 7 1236 1599 1630 1677
11068 4 2 7 7 1226 1236 210 3033
11069 4 2 7 7 211 212 1232 1597
11070 4 2 7 7 1620 261 1415 262
11071 4 2 7 7 1614 1592 1617 1659
11072 4 2 7 7 1240 1677 223 1645
11073 4 2 7 7 1621 255 1404 256
11074 4 2 7 7 1665 1656 1657 3029
11075 4 2 7 7 1594 1620 1680 1617
11076 4 2 7 7 1610 207 206 1662
11077 4 2 7 7 1618 1648 1611 1619
11078 4 2 7 7 1647 1676 1633 1669
11079 4 2 7 7 1601 1240 224 1645
11080 4 2 7 7 1592 1620 1617 1659
11081 4 2 7 7 1619 1624 1614 1679
11082 4 2 7 7 1676 1633 1669 1643
11083 4 2 7 7 1661 219 218 1213
11084 4 2 7 7 1606 213 212 1212
11085 4 2 7 7 291 287 1600 1632
11086 4 2 7 7 1613 275 1411 1642
11087 4 2 7 7 1610 1596 207 1662
11088 4 2 7 7 1659 1614 1674 1679
11089 4 2 7 7 1629 1646 1647 1611
11090 4 2 7 7 1592 1674 263 1414
11091 4 2 7 7 1656 1635 1657 3029
11092 4 2 7 7 1617 1636 1680 1659
11093 4 2 7 7 225 207 1596 1662
11094 4 2 7 7 1671 1401 271 272
11095 4 2 7 7 1643 286 1626 1600
11096 4 2 7 7 1613 1668 275 1642
11097 4 2 7 7 1633 1669 1625 1619
11098 4 2 7 7 1604 216 215 1217
11099 4 2 7 7 1602 1646 1629 1618
11100 4 2 7 7 1626 1664 290 1643
11101 4 2 7 7 260 1401 1594 261
11102 4 2 7 7 1428 1615 257 258
11103 4 2 7 7 1625 1663 1632 288
11104 4 2 7 7 224 208 1240 1601
11105 4 2 7 7 175 176 1243 1426
11106 4 2 7 7 1415 272 1636 273
11107 4 2 7 7 1595 257 256 1390
11108 4 2 7 7 274 263 1674 1414
11109 4 2 7 7 1675 291 1643 1632
11110 4 2 7 7 22 264 1628 275
11111 4 2 7 7 22 275 1628 1668
11112 4 2 7 7 219 220 1228 1640
11113 4 2 7 7 1616 1617 1680 1650
11114 4 2 7 7 1636 273 1674 1592
11115 4 2 7 7 1643 1676 1633 1600
11116 4 2 7 7 259 1424 1623 260
11117 4 2 7 7 1674 1592 1614 1659
11118 4 2 7 7 1596 207 225 1234
11119 4 2 7 7 290 286 1626 1643
11120 4 2 7 7 1664 1626 1676 1643
11121 4 2 7 7 1669 1675 1632 1663
11122 4 2 7 7 1395 270 1635 271
11123 4 2 7 7 12 216 1418 1217
11124 4 2 7 7 1237 1417 13 1667
11125 4 2 7 7 1610 1664 1626 1676
11126 4 2 7 7 1624 1668 1613 1642
11127 4 2 7 7 292 289 1624 1668
11128 4 2 7 7 216 12 1418 1604
11129 4 2 7 7 1592 1674 1636 1659
11130 4 2 7 7 1240 208 209 1601
11131 4 2 7 7 1599 209 223 1236
11132 4 2 7 7 1422 269 1656 270
11133 4 2 7 7 1215 220 221 1652
11134 4 2 7 7 1637 1399 268 269
11135 4 2 7 7 210 1599 1630 1236
11136 4 2 7 7 207 226 206 1662
11137 4 2 7 7 267 266 1402 1639
11138 4 2 7 7 1614 1648 1618 1619
11139 4 2 7 7 1237 13 217 1667
11140 4 2 7 7 1236 223 1599 1677
11141 4 2 7 7 1663 1675 1632 288
11142 4 2 7 7 1664 1626 206 1610
11143 4 2 7 7 1418 172 12 1217
11144 4 2 7 7 264 275 1411 1613
11145 4 2 7 7 1650 1616 1617 1602
11146 4 2 7 7 1226 1641 222 1236
11147 4 2 7 7 288 1663 1675 293
11148 4 2 7 7 1417 265 13 1667
11149 4 2 7 7 1417 13 177 1237
11150 4 2 7 7 1624 1619 1670 1679
11151 4 2 7 7 1391 268 267 1654
11152 4 2 7 7 264 22 1628 21
11153 4 2 7 7 1668 1624 1670 1642
11154 4 2 7 7 1236 1641 222 1677
11155 4 2 7 7 1418 12 254 1604
11156 4 2 7 7 1668 1628 1624 1613
11157 4 2 7 7 1670 1619 1648 1679
11158 4 2 7 7 1614 1648 1619 1679
11159 4 2 7 7 1679 1670 1624 1642
11160 4 2 7 7 1650 1617 1680 1659
11161 4 2 7 7 1227 210 211 1608
11162 4 2 7 7 214 213 1612 1233
11163 4 2 7 7 1641 222 221 1226
11164 4 2 7 7 222 223 1236 1677
11165 4 2 7 7 1213 3028 3031 1239
11166 4 2 7 7 3031 3028 1213 1661
11167 4 2 7 7 1426 1230 1216 1243
11168 4 2 7 7 1216 1230 1426 3030
11169 4 2 7 7 1230 1389 1243 1426
11170 4 2 7 7 1243 1389 1230 1211
11171 4 2 7 7 3035 1653 3033 1665
11172 4 2 7 7 3034 1235 1221 1219
11173 4 2 7 7 3034 1221 1235 3027
11174 4 2 7 7 1665 3033 1657 1653
11175 4 2 7 7 1657 3033 1665 3029
11176 4 2 7 7 3032 3034 1408 3027
11177 4 2 7 7 3032 1408 3034 1405
11178 4 2 7 7 1412 1408 3034 3027
11179 4 2 7 7 1412 3034 1408 1405
11180 4 2 7 7 3034 1221 1220 1219
11181 4 2 7 7 3034 1220 1221 3032
11182 4 2 7 7 3030 1661 1678 1660
11183 4 2 7 7 1678 1661 3030 3028
11184 4 2 7 7 1644 1213 3030 1661
11185 4 2 7 7 3030 1213 1644 1229
11186 4 2 7 7 3035 1422 3029 1397
11187 4 2 7 7 3035 3029 1422 1656
11188 4 2 7 7 3036 1660 3028 1655
11189 4 2 7 7 3036 3028 1660 3030
11190 4 2 7 7 1678 3028 1660 1655
11191 4 2 7 7 1678 1660 3028 3030
11192 4 2 7 7 1657 1630 1651 1666
11193 4 2 7 7 1651 1630 1657 1631
11194 4 2 7 7 3038 1607 3040 1627
11195 4 2 7 7 3038 3040 1607 3026
11196 4 2 7 7 1622 3040 1607 1627
11197 4 2 7 7 1622 1607 3040 3026
11198 4 2 7 7 1594 1395 260 1623
11199 4 2 7 7 1594 260 1395 1401
11200 4 2 7 7 1621 1390 256 1404
11201 4 2 7 7 256 1390 1621 1595
11202 4 2 7 7 3033 1672 3026 3031
11203 4 2 7 7 3035 3026 1673 3031
11204 4 2 7 7 3026 1672 1673 3031
11205 4 2 7 7 1593 1424 3029 1623
11206 4 2 7 7 3029 1424 1593 1394
11207 4 2 7 7 3040 3035 3026 3038
11208 4 2 7 7 3040 3026 3035 3039
11209 4 2 7 7 1598 1233 214 1612
11210 4 2 7 7 214 1233 1598 1214
11211 4 2 7 7 1645 209 1677 1599
11212 4 2 7 7 1645 1677 209 1240
11213 4 2 7 7 1669 1625 1632 1633
11214 4 2 7 7 1632 1625 1669 1663
11215 4 2 7 7 1596 1647 1629 1638
11216 4 2 7 7 1596 1629 1647 1611
11217 4 2 7 7 1600 291 286 287
11218 4 2 7 7 286 291 1600 1643
11219 4 2 7 7 1647 1648 1619 1611
11220 4 2 7 7 1619 1648 1647 1669
11221 4 2 7 7 1619 1633 1647 1611
11222 4 2 7 7 1647 1633 1619 1669
11223 4 2 7 7 1663 289 1624 292
11224 4 2 7 7 1624 289 1663 1625
11225 4 2 7 7 1624 1670 1663 292
11226 4 2 7 7 1642 1614 1624 1679
11227 4 2 7 7 1642 1624 1614 1613
11228 4 2 7 7 1676 1600 1626 1634
11229 4 2 7 7 1626 1600 1676 1643
11230 4 2 7 7 1633 1632 1643 1600
11231 4 2 7 7 1669 1632 1643 1633
11232 4 2 7 7 1643 1632 1669 1675
11233 4 2 7 7 1668 289 22 292
11234 4 2 7 7 1668 22 289 1628
11235 4 2 7 7 206 1662 1664 1610
11236 4 2 7 7 1664 1662 206 226
11237 4 2 7 7 290 1626 16 1664
11238 4 2 7 7 290 16 1626 286
11239 4 2 7 7 291 1632 25 287
11240 4 2 7 7 25 1632 291 1675
11241 4 2 7 7 1628 275 1613 1668
11242 4 2 7 7 1613 275 1628 264
11243 4 2 7 7 3033 3035 1673 1653
11244 4 2 7 7 1673 3035 3033 3026
11245 4 2 7 7 1673 1672 3033 1653
11246 4 2 7 7 3033 1672 1673 3026
11247 4 2 7 7 1663 1624 1619 1670
11248 4 2 7 7 1619 1624 1663 1625
11249 4 2 7 7 1619 1669 1663 1670
11250 4 2 7 7 1663 1669 1619 1625
11251 4 2 7 8 1581 1295 1253 3043
11252 4 2 7 8 1540 1581 1253 3043
11253 4 2 7 8 1682 1685 1259 3046
11254 4 2 7 8 1553 3042 1581 3043
11255 4 2 7 8 1253 1295 1286 3043
11256 4 2 7 8 1545 1655 1546 3051
11257 4 2 7 8 1279 3046 1662 3049
11258 4 2 7 8 1540 1576 3043 3056
11259 4 2 7 8 1555 1581 1553 3042
11260 4 2 7 8 1678 1661 1266 3051
11261 4 2 7 8 3041 3049 1648 3053
11262 4 2 7 8 3041 1648 3049 3052
11263 4 2 7 8 1642 1573 1561 3052
11264 4 2 7 8 1682 1259 1277 3046
11265 4 2 7 8 1540 1576 1581 3043
11266 4 2 7 8 3041 3053 3052 3055
11267 4 2 7 8 3052 3053 1701 3055
11268 4 2 7 8 1277 3046 1259 3059
11269 4 2 7 8 1696 3045 1582 3055
11270 4 2 7 8 1545 1639 1655 3051
11271 4 2 7 8 1572 1569 3041 3050
11272 4 2 7 8 1264 3049 3042 3050
11273 4 2 7 8 3041 3052 1569 3055
11274 4 2 7 8 1652 1653 1672 3047
11275 4 2 7 8 1581 1295 3043 3058
11276 4 2 7 8 1676 1669 1647 3049
11277 4 2 7 8 1262 1260 1263 3043
11278 4 2 7 8 1662 3046 1676 3049
11279 4 2 7 8 1272 3045 1296 3050
11280 4 2 7 8 1279 1294 1290 3049
11281 4 2 7 8 1277 3054 3046 3059
11282 4 2 7 8 1277 1682 3046 3054
11283 4 2 7 8 1684 3046 3048 3053
11284 4 2 7 8 1260 3042 1645 3043
11285 4 2 7 8 1542 1255 1268 3047
11286 4 2 7 8 1279 1290 3046 3049
11287 4 2 7 8 1582 3045 1577 3055
11288 4 2 7 8 1701 3052 1710 3053
11289 4 2 7 8 1261 3042 1264 3049
11290 4 2 7 8 1645 3042 1650 3043
11291 4 2 7 8 1670 1710 3052 3053
11292 4 2 7 8 1569 3050 1556 3052
11293 4 2 7 8 1261 1262 1264 3042
11294 4 2 7 8 1556 3050 3042 3052
11295 4 2 7 8 1582 1696 1577 3045
11296 4 2 7 8 1698 1708 1688 3048
11297 4 2 7 8 1688 1686 1698 3048
11298 4 2 7 8 1676 3046 1669 3049
11299 4 2 7 8 1648 3052 3041 3053
11300 4 2 7 8 1569 3041 3050 3052
11301 4 2 7 8 1669 1648 3049 3053
11302 4 2 7 8 1700 1708 1698 3048
11303 4 2 7 8 1709 1700 1696 3055
11304 4 2 7 8 1558 3045 1272 3050
11305 4 2 7 8 1687 3046 1682 3054
11306 4 2 7 8 1273 3044 1652 3047
11307 4 2 7 8 1560 3045 1558 3050
11308 4 2 7 8 1694 3048 3045 3055
11309 4 2 7 8 1554 3052 3042 3057
11310 4 2 7 8 1681 3046 1684 3053
11311 4 2 7 8 1645 3042 1260 3049
11312 4 2 7 8 1696 1582 1709 3055
11313 4 2 7 8 1262 1261 1260 3042
11314 4 2 7 8 1692 1698 1686 3048
11315 4 2 7 8 1566 1569 3052 3055
11316 4 2 7 8 1694 3045 1696 3055
11317 4 2 7 8 1278 3043 1666 3044
11318 4 2 7 8 1669 1648 1647 3049
11319 4 2 7 8 1683 1688 1703 3048
11320 4 2 7 8 1563 1576 1540 3056
11321 4 2 7 8 1581 1562 1253 1295
11322 4 2 7 8 1662 1279 1664 3046
11323 4 2 7 8 1687 3048 3046 3054
11324 4 2 7 8 1582 1577 1544 3055
11325 4 2 7 8 1656 1549 1537 3060
11326 4 2 7 8 3046 3054 3048 3059
11327 4 2 7 8 1572 3041 1569 3055
11328 4 2 7 8 1254 1672 1640 3047
11329 4 2 7 8 1262 1263 1295 3043
11330 4 2 7 8 1283 1277 1259 3059
11331 4 2 7 8 1685 1682 1687 3046
11332 4 2 7 8 1686 1692 3048 3054
11333 4 2 7 8 1554 1555 1553 3057
11334 4 2 7 8 3041 1572 3050 3055
11335 4 2 7 8 1668 1573 1642 3052
11336 4 2 7 8 1577 1696 1693 3045
11337 4 2 7 8 1261 1264 1265 3049
11338 4 2 7 8 1650 1645 1646 3042
11339 4 2 7 8 1255 1542 1564 3047
11340 4 2 7 8 1646 3042 1645 3049
11341 4 2 7 8 3042 3050 1556 3058
11342 4 2 7 8 1688 1683 1686 3048
11343 4 2 7 8 1694 1700 3048 3055
11344 4 2 7 8 1701 1566 3052 3055
11345 4 2 7 8 1573 1668 1710 3052
11346 4 2 7 8 3046 3049 3041 3053
11347 4 2 7 8 1684 3046 1687 3048
11348 4 2 7 8 1262 3042 1260 3043
11349 4 2 7 8 1568 3052 1554 3057
11350 4 2 7 8 1703 1688 1708 3048
11351 4 2 7 8 1652 1640 1254 1672
11352 4 2 7 8 1554 1556 1555 3042
11353 4 2 7 8 3041 3048 3045 3059
11354 4 2 7 8 1581 3043 3042 3058
11355 4 2 7 8 3045 3048 1694 3054
11356 4 2 7 8 1669 3049 3046 3053
11357 4 2 7 8 1262 1295 3042 3043
11358 4 2 7 8 1694 1696 1700 3055
11359 4 2 7 8 1662 1664 1676 3046
11360 4 2 7 8 1264 3049 3050 3059
11361 4 2 7 8 1264 3050 3042 3058
11362 4 2 7 8 1264 3042 1262 3058
11363 4 2 7 8 1700 1698 1694 3048
11364 4 2 7 8 1681 1643 3046 3053
11365 4 2 7 8 1562 1253 1540 1581
11366 4 2 7 8 1269 3050 3045 3059
11367 4 2 7 8 3042 3049 3041 3050
11368 4 2 7 8 1650 3043 3042 3057
11369 4 2 7 8 1684 3048 1702 3053
11370 4 2 7 8 1681 1684 1689 3053
11371 4 2 7 8 1698 1692 1694 3048
11372 4 2 7 8 1255 1564 3044 3047
11373 4 2 7 8 3045 3050 3041 3059
11374 4 2 7 8 1578 1701 1566 3052
11375 4 2 7 8 1654 1655 1545 1639
11376 4 2 7 8 1651 1645 1650 3043
11377 4 2 7 8 1692 1694 3048 3054
11378 4 2 7 8 1260 3042 1261 3049
11379 4 2 7 8 1560 1572 3045 3050
11380 4 2 7 8 1581 3042 1555 3058
11381 4 2 7 8 1269 3045 1258 3059
11382 4 2 7 8 1553 1581 1576 3043
11383 4 2 7 8 1635 1549 1656 3060
11384 4 2 7 8 1266 1661 1678 1640
11385 4 2 7 8 1283 3054 1277 3059
11386 4 2 7 8 1645 1260 1638 3049
11387 4 2 7 8 1648 1659 1646 3052
11388 4 2 7 8 1260 1645 1287 3043
11389 4 2 7 8 1560 1559 1572 3050
11390 4 2 7 8 1705 1701 1710 3053
11391 4 2 7 8 1544 1709 1582 3055
11392 4 2 7 8 3045 3050 1572 3055
11393 4 2 7 8 1684 1702 1689 3053
11394 4 2 7 8 3048 3054 3045 3059
11395 4 2 7 8 1650 3042 1646 3057
11396 4 2 7 8 1573 1710 1578 3052
11397 4 2 7 8 1573 1578 1561 3052
11398 4 2 7 8 1555 3042 1553 3057
11399 4 2 7 8 1563 1253 1271 3056
11400 4 2 7 8 1540 1253 1563 3056
11401 4 2 7 8 3041 3050 3045 3055
11402 4 2 7 8 3045 3054 1258 3059
11403 4 2 7 8 1578 1710 1701 3052
11404 4 2 7 8 1671 3057 1536 3061
11405 4 2 7 8 1577 3045 1572 3055
11406 4 2 7 8 1700 1703 1708 3048
11407 4 2 7 8 1670 1705 1710 3053
11408 4 2 7 8 1269 1296 3045 3050
11409 4 2 7 8 1283 1269 1258 3059
11410 4 2 7 8 1569 1559 1556 3050
11411 4 2 7 8 3046 3049 1290 3059
11412 4 2 7 8 1565 1564 1542 3047
11413 4 2 7 8 1555 3042 1556 3058
11414 4 2 7 8 1561 1535 1674 3052
11415 4 2 7 8 1577 1585 1560 3045
11416 4 2 7 8 3042 3043 1553 3057
11417 4 2 7 8 1703 1684 1683 3048
11418 4 2 7 8 3042 3043 1295 3058
11419 4 2 7 8 1279 1290 1285 3046
11420 4 2 7 8 1705 3053 1706 3055
11421 4 2 7 8 1268 1255 1275 3047
11422 4 2 7 8 1681 1687 1684 3046
11423 4 2 7 8 1544 1577 1572 3055
11424 4 2 7 8 1707 1689 1702 3053
11425 4 2 7 8 1696 1694 1693 3045
11426 4 2 7 8 1670 1710 1668 3052
11427 4 2 7 8 1255 3044 1275 3047
11428 4 2 7 8 1662 1676 1647 3049
11429 4 2 7 8 1645 1638 1646 3049
11430 4 2 7 8 1260 1287 1263 3043
11431 4 2 7 8 3041 3046 3048 3059
11432 4 2 7 8 1283 1258 3054 3059
11433 4 2 7 8 1535 1674 3052 3057
11434 4 2 7 8 1670 3052 1648 3053
11435 4 2 7 8 1295 1263 1286 3043
11436 4 2 7 8 1564 1565 3044 3047
11437 4 2 7 8 1701 3053 1705 3055
11438 4 2 7 8 1278 1677 1666 3043
11439 4 2 7 8 1652 3044 1653 3047
11440 4 2 7 8 1572 1559 1569 3050
11441 4 2 7 8 3041 3049 3042 3052
11442 4 2 7 8 1678 1266 3047 3051
11443 4 2 7 8 1704 1709 1544 3055
11444 4 2 7 8 1279 1285 1664 3046
11445 4 2 7 8 1294 1290 3049 3059
11446 4 2 7 8 1578 1566 1569 3052
11447 4 2 7 8 1264 1265 3049 3059
11448 4 2 7 8 1254 1297 1652 1273
11449 4 2 7 8 1666 3044 3043 3061
11450 4 2 7 8 1560 1585 1282 3045
11451 4 2 7 8 1266 1289 1267 3051
11452 4 2 7 8 1271 1253 1286 3056
11453 4 2 7 8 1552 1553 1551 3061
11454 4 2 7 8 1681 1675 1643 3053
11455 4 2 7 8 1572 1577 1560 3045
11456 4 2 7 8 1709 1704 1700 3055
11457 4 2 7 8 1703 1702 1684 3048
11458 4 2 7 8 1675 1681 1689 3053
11459 4 2 7 8 1260 1256 1638 3049
11460 4 2 7 8 3041 3048 3046 3053
11461 4 2 7 8 1294 1279 1256 3049
11462 4 2 7 8 1255 1291 1276 1541
11463 4 2 7 8 1278 1284 3043 3044
11464 4 2 7 8 1676 1643 1669 3046
11465 4 2 7 8 3042 3050 3041 3052
11466 4 2 7 8 1701 1705 1706 3055
11467 4 2 7 8 1280 1253 1562 1295
11468 4 2 7 8 1266 1267 3047 3051
11469 4 2 7 8 1262 3042 1295 3058
11470 4 2 7 8 1551 1576 1550 3061
11471 4 2 7 8 1564 1565 1571 3044
11472 4 2 7 8 1567 1587 1281 3051
11473 4 2 7 8 1576 1579 1550 3056
11474 4 2 7 8 1299 1267 1289 3051
11475 4 2 7 8 1562 1295 1581 3058
11476 4 2 7 8 1266 1267 1678 3047
11477 4 2 7 8 1655 3047 1546 3051
11478 4 2 7 8 1651 1677 1287 3043
11479 4 2 7 8 1651 1287 1645 3043
11480 4 2 7 8 3041 3050 3049 3059
11481 4 2 7 8 1554 3042 1555 3057
11482 4 2 7 8 1298 1272 1296 3050
11483 4 2 7 8 3041 3049 3046 3059
11484 4 2 7 8 1549 3044 1548 3060
11485 4 2 7 8 1697 1585 1577 3045
11486 4 2 7 8 1274 1278 1252 3044
11487 4 2 7 8 1552 1536 3057 3061
11488 4 2 7 8 3045 3048 3041 3055
11489 4 2 7 8 1292 1264 1262 3058
11490 4 2 7 8 1706 3053 3048 3055
11491 4 2 7 8 1642 1670 1668 3052
11492 4 2 7 8 1638 1256 1662 3049
11493 4 2 7 8 1279 1662 1256 3049
11494 4 2 7 8 1272 1251 1539 3050
11495 4 2 7 8 1642 1561 1674 3052
11496 4 2 7 8 1278 1666 1641 3044
11497 4 2 7 8 1587 1299 1281 3051
11498 4 2 7 8 1705 1670 1663 3053
11499 4 2 7 8 1267 1273 1254 3047
11500 4 2 7 8 1259 228 1685 1682
11501 4 2 7 8 1547 1546 1538 3047
11502 4 2 7 8 1261 1265 1294 3049
11503 4 2 7 8 1570 1536 1671 3057
11504 4 2 7 8 1673 3047 1672 3060
11505 4 2 7 8 1535 3052 1568 3057
11506 4 2 7 8 1687 1686 3048 3054
11507 4 2 7 8 1284 3043 3044 3056
11508 4 2 7 8 3048 3053 3041 3055
11509 4 2 7 8 1574 1288 1667 3051
11510 4 2 7 8 1686 1683 1687 3048
11511 4 2 7 8 1702 3048 1706 3053
11512 4 2 7 8 1666 1677 1651 3043
11513 4 2 7 8 1690 1259 1685 3046
11514 4 2 7 8 1576 1550 3043 3056
11515 4 2 7 8 1574 1667 1649 3051
11516 4 2 7 8 1583 1556 3050 3058
11517 4 2 7 8 1252 1278 1641 3044
11518 4 2 7 8 1561 1568 1535 3052
11519 4 2 7 8 1275 3044 1273 3047
11520 4 2 7 8 1568 1569 1556 3052
11521 4 2 7 8 1297 1652 1273 1252
11522 4 2 7 8 1700 1706 3048 3055
11523 4 2 7 8 1284 1286 3043 3056
11524 4 2 7 8 1278 1274 1284 3044
11525 4 2 7 8 1258 1282 1697 3045
11526 4 2 7 8 1669 3046 1643 3053
11527 4 2 7 8 297 1703 1684 1683
11528 4 2 7 8 1285 1259 1690 3046
11529 4 2 7 8 1292 1298 1264 3058
11530 4 2 7 8 1655 1660 1678 3051
11531 4 2 7 8 1552 3043 1553 3061
11532 4 2 7 8 1296 1258 1269 3045
11533 4 2 7 8 1564 1541 1255 3056
11534 4 2 7 8 1290 1259 3046 3059
11535 4 2 7 8 1535 1568 1584 3057
11536 4 2 7 8 1566 1572 1569 3055
11537 4 2 7 8 1707 1675 1689 3053
11538 4 2 7 8 1659 3052 1674 3057
11539 4 2 7 8 1273 1274 1252 3044
11540 4 2 7 8 1694 1695 3045 3054
11541 4 2 7 8 1656 1580 1537 1549
11542 4 2 7 8 1678 1640 1672 3047
11543 4 2 7 8 1678 1660 1661 3051
11544 4 2 7 8 1647 1648 1646 3049
11545 4 2 7 8 1268 1299 1587 3047
11546 4 2 7 8 1683 1684 1687 3048
11547 4 2 7 8 1550 3056 3044 3061
11548 4 2 7 8 1545 1546 1575 3051
11549 4 2 7 8 1676 1664 1643 3046
11550 4 2 7 8 1255 3044 1564 3056
11551 4 2 7 8 1560 1558 1559 3050
11552 4 2 7 8 1660 1655 1639 3051
11553 4 2 7 8 1666 1657 3044 3061
11554 4 2 7 8 1693 1697 1577 3045
11555 4 2 7 8 1268 1587 1542 3047
11556 4 2 7 8 1282 1585 1697 3045
11557 4 2 7 8 1649 1639 1557 3051
11558 4 2 7 8 1682 1259 228 1277
11559 4 2 7 8 1587 3047 1299 3051
11560 4 2 7 8 1255 1276 1275 3044
11561 4 2 7 8 1641 1666 1653 3044
11562 4 2 7 8 1287 1677 1278 3043
11563 4 2 7 8 1672 3047 1653 3060
11564 4 2 7 8 1659 1648 1679 3052
11565 4 2 7 8 1272 1298 1251 3050
11566 4 2 7 8 1680 3057 1671 3061
11567 4 2 7 8 1269 1298 1296 3050
11568 4 2 7 8 1669 1670 1648 3053
11569 4 2 7 8 1690 1643 1664 3046
11570 4 2 7 8 1259 1285 1290 3046
11571 4 2 7 8 1587 1575 1546 3051
11572 4 2 7 8 1264 3050 1269 3059
11573 4 2 7 8 1674 1679 1642 3052
11574 4 2 7 8 1548 1549 1550 3044
11575 4 2 7 8 1270 1661 1644 3051
11576 4 2 7 8 1260 1261 1256 3049
11577 4 2 7 8 1658 1651 1650 3061
11578 4 2 7 8 1680 1658 1650 3061
11579 4 2 7 8 1557 1574 1649 3051
11580 4 2 7 8 1690 1681 1643 3046
11581 4 2 7 8 1687 1682 1686 3054
11582 4 2 7 8 1684 1702 1703 297
11583 4 2 7 8 1637 1538 1654 3060
11584 4 2 7 8 1258 1697 1695 3045
11585 4 2 7 8 1650 1646 1659 3057
11586 4 2 7 8 1558 1282 1560 1585
11587 4 2 7 8 1674 1659 1679 3052
11588 4 2 7 8 1251 1539 3050 3058
11589 4 2 7 8 1288 1644 1667 3051
11590 4 2 7 8 1570 1552 1536 3057
11591 4 2 7 8 1574 1543 1288 3051
11592 4 2 7 8 1571 1541 1564 3056
11593 4 2 7 8 1538 3047 1654 3060
11594 4 2 7 8 1641 1653 1252 3044
11595 4 2 7 8 1576 3043 1550 3061
11596 4 2 7 8 1583 1556 1559 3050
11597 4 2 7 8 1584 1568 1554 3057
11598 4 2 7 8 1666 3043 1651 3061
11599 4 2 7 8 1700 1706 1703 3048
11600 4 2 7 8 1690 1664 1285 3046
11601 4 2 7 8 1564 3044 1571 3056
11602 4 2 7 8 1550 1571 1548 3044
11603 4 2 7 8 1694 1692 1695 3054
11604 4 2 7 8 1264 1269 1265 3059
11605 4 2 7 8 1553 3043 1552 3057
11606 4 2 7 8 1282 1258 1296 3045
11607 4 2 7 8 1299 1268 1275 3047
11608 4 2 7 8 1280 1295 1562 3058
11609 4 2 7 8 1667 1644 1649 3051
11610 4 2 7 8 1657 1635 1656 3060
11611 4 2 7 8 1654 1655 1673 3047
11612 4 2 7 8 1705 1663 1707 3053
11613 4 2 7 8 1287 1278 1263 3043
11614 4 2 7 8 1282 230 1258 1697
11615 4 2 7 8 1673 1672 1653 3060
11616 4 2 7 8 1702 1706 1705 3053
11617 4 2 7 8 1289 1281 1299 3051
11618 4 2 7 8 1567 1257 1543 3051
11619 4 2 7 8 1257 1288 1543 3051
11620 4 2 7 8 1549 3060 1635 3061
11621 4 2 7 8 1570 1671 1636 1680
11622 4 2 7 8 1548 1571 1565 3044
11623 4 2 7 8 1264 1298 1269 3050
11624 4 2 7 8 1550 3043 3056 3061
11625 4 2 7 8 1645 1260 224 1638
11626 4 2 7 8 1263 1278 1284 3043
11627 4 2 7 8 1294 3049 1265 3059
11628 4 2 7 8 1298 3050 1264 3058
11629 4 2 7 8 3044 3060 1549 3061
11630 4 2 7 8 1671 1680 1570 3057
11631 4 2 7 8 1274 1273 1275 3044
11632 4 2 7 8 1555 1556 1583 3058
11633 4 2 7 8 1648 1670 1679 3052
11634 4 2 7 8 1696 1709 299 1700
11635 4 2 7 8 1580 1656 1635 1549
11636 4 2 7 8 1262 1295 1292 3058
11637 4 2 7 8 1552 3057 3043 3061
11638 4 2 7 8 1270 1266 1661 3051
11639 4 2 7 8 1677 1651 1287 1645
11640 4 2 7 8 1584 1636 1535 3057
11641 4 2 7 8 1662 1647 1638 3049
11642 4 2 7 8 1653 1252 1652 1641
11643 4 2 7 8 1566 1704 1544 3055
11644 4 2 7 8 1708 300 1700 1698
11645 4 2 7 8 1694 1695 1693 3045
11646 4 2 7 8 1557 1639 1545 3051
11647 4 2 7 8 1685 1687 1681 3046
11648 4 2 7 8 1655 1678 3047 3051
11649 4 2 7 8 1583 3050 1539 3058
11650 4 2 7 8 292 1663 1705 1670
11651 4 2 7 8 1539 1558 1272 3050
11652 4 2 7 8 1703 1706 1702 3048
11653 4 2 7 8 1644 1270 218 1661
11654 4 2 7 8 1651 3043 1650 3061
11655 4 2 7 8 1707 1663 1675 3053
11656 4 2 7 8 1682 1277 1691 3054
11657 4 2 7 8 1292 1251 1298 3058
11658 4 2 7 8 1274 3044 1276 3056
11659 4 2 7 8 1566 1701 1704 3055
11660 4 2 7 8 1686 1691 1699 3054
11661 4 2 7 8 1251 3050 1298 3058
11662 4 2 7 8 1642 1679 1670 3052
11663 4 2 7 8 1550 3044 1549 3061
11664 4 2 7 8 1286 1263 1284 3043
11665 4 2 7 8 1649 266 1557 1639
11666 4 2 7 8 1299 3047 1267 3051
11667 4 2 7 8 1270 1644 1288 3051
11668 4 2 7 8 1548 3044 1565 3060
11669 4 2 7 8 1587 1268 1281 1299
11670 4 2 7 8 1574 1557 1543 3051
11671 4 2 7 8 1710 292 1705 1670
11672 4 2 7 8 1255 1276 3044 3056
11673 4 2 7 8 1256 224 1260 1638
11674 4 2 7 8 1565 1542 1587 3047
11675 4 2 7 8 1695 1258 3045 3054
11676 4 2 7 8 3043 3057 1650 3061
11677 4 2 7 8 1666 1651 1657 3061
11678 4 2 7 8 1695 1258 230 1697
11679 4 2 7 8 1261 1294 1256 3049
11680 4 2 7 8 1547 3047 1538 3060
11681 4 2 7 8 1680 1650 3057 3061
11682 4 2 7 8 1290 1283 1259 3059
11683 4 2 7 8 1700 1704 1706 3055
11684 4 2 7 8 1255 1541 1276 3056
11685 4 2 7 8 3044 3047 1565 3060
11686 4 2 7 8 1554 1553 1552 3057
11687 4 2 7 8 1685 1690 229 1259
11688 4 2 7 8 1267 1275 1273 3047
11689 4 2 7 8 1686 1699 1692 3054
11690 4 2 7 8 1587 1546 3047 3051
11691 4 2 7 8 1546 1547 1565 3047
11692 4 2 7 8 1669 1643 1675 3053
11693 4 2 7 8 197 1567 1587 1281
11694 4 2 7 8 1638 1647 1646 3049
11695 4 2 7 8 1583 1559 1539 3050
11696 4 2 7 8 1587 1567 1575 3051
11697 4 2 7 8 1277 1293 1691 3054
11698 4 2 7 8 1710 1573 1578 283
11699 4 2 7 8 1571 3044 1550 3056
11700 4 2 7 8 1690 1285 229 1259
11701 4 2 7 8 1702 1705 1707 3053
11702 4 2 7 8 1636 1674 1535 3057
11703 4 2 7 8 1579 1576 1563 3056
11704 4 2 7 8 1653 3047 3044 3060
11705 4 2 7 8 1537 1549 1548 3060
11706 4 2 7 8 1685 1681 1690 3046
11707 4 2 7 8 1566 1704 284 1544
11708 4 2 7 8 1694 1696 299 1700
11709 4 2 7 8 1574 265 1649 1667
11710 4 2 7 8 1585 1697 1577 281
11711 4 2 7 8 1703 1683 296 1688
11712 4 2 7 8 1294 1265 1290 3059
11713 4 2 7 8 1653 1666 1657 3044
11714 4 2 7 8 1704 1701 1566 284
11715 4 2 7 8 283 1578 1710 1701
11716 4 2 7 8 1684 298 1689 1702
11717 4 2 7 8 1638 1256 225 1662
11718 4 2 7 8 1658 1680 1671 3061
11719 4 2 7 8 1566 1578 283 1701
11720 4 2 7 8 300 1694 1700 1698
11721 4 2 7 8 231 1293 1258 3054
11722 4 2 7 8 1669 1663 1670 3053
11723 4 2 7 8 274 1561 1535 1674
11724 4 2 7 8 1274 1276 1284 3056
11725 4 2 7 8 227 1682 1277 1691
11726 4 2 7 8 1698 1688 295 1686
11727 4 2 7 8 294 1686 1691 1699
11728 4 2 7 8 1566 1544 1572 3055
11729 4 2 7 8 231 1699 1293 3054
11730 4 2 7 8 1663 1705 1707 293
11731 4 2 7 8 1686 1682 1691 3054
11732 4 2 7 8 1256 1279 225 1662
11733 4 2 7 8 1558 1539 1559 3050
11734 4 2 7 8 1288 1257 1270 3051
11735 4 2 7 8 1637 1654 1673 3060
11736 4 2 7 8 1258 1277 1283 3054
11737 4 2 7 8 1274 1275 1276 3044
11738 4 2 7 8 203 1280 1562 1251
11739 4 2 7 8 1649 1660 1639 3051
11740 4 2 7 8 1571 1550 1579 3056
11741 4 2 7 8 1697 1693 1695 3045
11742 4 2 7 8 1541 1291 1276 3056
11743 4 2 7 8 1708 1703 296 1688
11744 4 2 7 8 298 1707 1689 1702
11745 4 2 7 8 1660 1644 1661 3051
11746 4 2 7 8 1661 1270 218 1266
11747 4 2 7 8 1251 1280 1562 3058
11748 4 2 7 8 1654 3047 1673 3060
11749 4 2 7 8 1562 1581 1555 3058
11750 4 2 7 8 1636 1584 1570 3057
11751 4 2 7 8 1568 1578 1569 3052
11752 4 2 7 8 1582 282 1577 1696
11753 4 2 7 8 1274 1284 3044 3056
11754 4 2 7 8 1547 1548 1565 3060
11755 4 2 7 8 1536 1552 1551 3061
11756 4 2 7 8 1692 1698 295 1686
11757 4 2 7 8 1686 294 1692 1699
11758 4 2 7 8 3044 3056 3043 3061
11759 4 2 7 8 1574 265 1557 1649
11760 4 2 7 8 1568 1561 1578 3052
11761 4 2 7 8 1697 1693 1577 281
11762 4 2 7 8 1699 1691 1293 3054
11763 4 2 7 8 1570 1636 1535 1584
11764 4 2 7 8 1695 231 1258 3054
11765 4 2 7 8 1266 219 1661 1640
11766 4 2 7 8 1691 1277 227 1293
11767 4 2 7 8 1563 201 1271 1253
11768 4 2 7 8 195 1574 1543 1288
11769 4 2 7 8 1547 1565 3047 3060
11770 4 2 7 8 1546 1565 1587 3047
11771 4 2 7 8 217 1667 1288 1644
11772 4 2 7 8 231 1695 1699 3054
11773 4 2 7 8 1545 1557 266 1639
11774 4 2 7 8 285 1582 1544 1709
11775 4 2 7 8 1653 1665 1673 3060
11776 4 2 7 8 1663 1707 1675 293
11777 4 2 7 8 1267 1299 1275 3047
11778 4 2 7 8 1680 1636 1570 3057
11779 4 2 7 8 1567 1281 1257 3051
11780 4 2 7 8 1693 1577 282 1696
11781 4 2 7 8 204 1251 1539 1272
11782 4 2 7 8 1541 200 1291 3056
11783 4 2 7 8 1564 199 1255 1541
11784 4 2 7 8 1292 1295 1280 3058
11785 4 2 7 8 1678 1673 1655 3047
11786 4 2 7 8 290 1690 1681 1643
11787 4 2 7 8 196 1543 1567 1257
11788 4 2 7 8 274 1561 1674 1642
11789 4 2 7 8 1279 1664 226 1662
11790 4 2 7 8 285 1544 1704 1709
11791 4 2 7 8 1561 275 1573 1642
11792 4 2 7 8 1657 3060 3044 3061
11793 4 2 7 8 1657 1651 1658 3061
11794 4 2 7 8 1272 205 1282 1558
11795 4 2 7 8 1268 197 1587 1281
11796 4 2 7 8 1257 195 1543 1288
11797 4 2 7 8 1690 290 1664 1643
11798 4 2 7 8 1557 1545 1575 3051
11799 4 2 7 8 1668 292 1710 1670
11800 4 2 7 8 1270 1289 1266 3051
11801 4 2 7 8 1701 1706 1704 3055
11802 4 2 7 8 1268 1542 198 1255
11803 4 2 7 8 1657 1635 3060 3061
11804 4 2 7 8 1251 1562 203 1539
11805 4 2 7 8 1678 1672 1673 3047
11806 4 2 7 8 1567 1543 1575 3051
11807 4 2 7 8 1539 1251 1562 3058
11808 4 2 7 8 1580 1549 1635 3061
11809 4 2 7 8 1654 1545 267 1639
11810 4 2 7 8 201 1563 1540 1253
11811 4 2 7 8 1656 1665 1657 3060
11812 4 2 7 8 1536 1580 1635 3061
11813 4 2 7 8 1270 217 1288 1644
11814 4 2 7 8 1683 297 1703 296
11815 4 2 7 8 1666 1278 1641 1677
11816 4 2 7 8 1558 205 1282 1585
11817 4 2 7 8 1537 1637 1586 269
11818 4 2 7 8 1535 1636 1570 273
11819 4 2 7 8 199 1291 1255 1541
11820 4 2 7 8 1671 1536 1635 3061
11821 4 2 7 8 1649 1644 1660 3051
11822 4 2 7 8 1675 1663 1669 3053
11823 4 2 7 8 1536 1635 1580 271
11824 4 2 7 8 1702 1684 298 297
11825 4 2 7 8 1685 229 228 1259
11826 4 2 7 8 1258 1293 1277 3054
11827 4 2 7 8 1586 1637 1537 3060
11828 4 2 7 8 219 1266 1254 1640
11829 4 2 7 8 1674 1636 1659 3057
11830 4 2 7 8 228 227 1682 1277
11831 4 2 7 8 1695 1692 1699 3054
11832 4 2 7 8 271 1536 1635 1671
11833 4 2 7 8 1701 283 1566 284
11834 4 2 7 8 1540 202 1253 1562
11835 4 2 7 8 1258 230 231 1695
11836 4 2 7 8 1251 1292 1280 3058
11837 4 2 7 8 1544 1704 284 285
11838 4 2 7 8 294 1692 295 1686
11839 4 2 7 8 1552 1584 1554 3057
11840 4 2 7 8 226 1285 1664 1279
11841 4 2 7 8 1284 1271 1286 3056
11842 4 2 7 8 1664 1285 17 1690
11843 4 2 7 8 1550 1549 1551 3061
11844 4 2 7 8 1557 1575 1543 3051
11845 4 2 7 8 1643 1681 290 291
11846 4 2 7 8 1562 1555 1583 3058
11847 4 2 7 8 282 1577 1693 281
11848 4 2 7 8 1697 1282 15 1585
11849 4 2 7 8 1680 1659 1636 3057
11850 4 2 7 8 1255 1542 198 1564
11851 4 2 7 8 1675 1689 26 1707
11852 4 2 7 8 1541 1563 200 3056
11853 4 2 7 8 1668 1573 275 1642
11854 4 2 7 8 1587 1542 197 1268
11855 4 2 7 8 1281 1289 1257 3051
11856 4 2 7 8 1265 1283 1290 3059
11857 4 2 7 8 1650 1659 1680 3057
11858 4 2 7 8 1539 1562 1583 3058
11859 4 2 7 8 1652 1297 221 1252
11860 4 2 7 8 1570 1584 1552 3057
11861 4 2 7 8 1551 1549 1580 3061
11862 4 2 7 8 1699 1691 18 1293
11863 4 2 7 8 1586 1537 1547 3060
11864 4 2 7 8 1289 1270 1257 3051
11865 4 2 7 8 299 300 1694 1700
11866 4 2 7 8 267 1538 1545 1654
11867 4 2 7 8 1698 1708 27 1688
11868 4 2 7 8 1272 1539 204 1558
11869 4 2 7 8 1541 1571 1579 3056
11870 4 2 7 8 200 1271 1291 3056
11871 4 2 7 8 1283 1265 1269 3059
11872 4 2 7 8 273 1535 1636 1674
11873 4 2 7 8 1582 24 1696 1709
11874 4 2 7 8 1285 229 17 1690
11875 4 2 7 8 15 230 1282 1697
11876 4 2 7 8 26 291 1689 1675
11877 4 2 7 8 272 1536 1671 1570
11878 4 2 7 8 1663 1705 293 292
11879 4 2 7 8 1287 1260 224 1645
11880 4 2 7 8 1536 1551 1580 3061
11881 4 2 7 8 1537 1580 1656 270
11882 4 2 7 8 1281 196 1567 1257
11883 4 2 7 8 1253 202 1280 1562
11884 4 2 7 8 1688 27 1698 295
11885 4 2 7 8 18 294 1691 1699
11886 4 2 7 8 24 282 1582 1696
11887 4 2 7 8 290 1664 17 1690
11888 4 2 7 8 1637 1656 1537 3060
11889 4 2 7 8 1671 1635 1658 3061
11890 4 2 7 8 1691 227 18 1293
11891 4 2 7 8 17 226 1285 1664
11892 4 2 7 8 1537 1548 1547 3060
11893 4 2 7 8 281 15 1585 1697
11894 4 2 7 8 1537 1656 1637 269
11895 4 2 7 8 26 1675 1707 293
11896 4 2 7 8 265 266 1557 1649
11897 4 2 7 8 1707 1689 26 298
11898 4 2 7 8 222 1641 1278 1677
11899 4 2 7 8 1699 18 231 1293
11900 4 2 7 8 1708 296 27 1688
11901 4 2 7 8 1668 1710 22 1573
11902 4 2 7 8 15 205 1585 1282
11903 4 2 7 8 1708 27 300 1698
11904 4 2 7 8 1579 1563 1541 3056
11905 4 2 7 8 1709 24 1696 299
11906 4 2 7 8 223 224 1645 1287
11907 4 2 7 8 1641 1252 222 1278
11908 4 2 7 8 1710 22 292 1668
11909 4 2 7 8 24 1582 285 1709
11910 4 2 7 8 218 219 1661 1266
11911 4 2 7 8 1673 1665 1637 3060
11912 4 2 7 8 1637 1665 1656 3060
11913 4 2 7 8 1270 218 217 1644
11914 4 2 7 8 200 1563 1271 3056
11915 4 2 7 8 1573 1710 22 283
11916 4 2 7 8 267 1545 266 1639
11917 4 2 7 8 1671 1636 272 1570
11918 4 2 7 8 275 274 1642 1561
11919 4 2 7 8 196 195 1543 1257
11920 4 2 7 8 225 224 1256 1638
11921 4 2 7 8 1279 226 225 1662
11922 4 2 7 8 1635 1657 1658 3061
11923 4 2 7 8 1635 1656 1580 270
11924 4 2 7 8 1252 221 1652 1641
11925 4 2 7 8 200 201 1271 1563
11926 4 2 7 8 1271 1284 1276 3056
11927 4 2 7 8 1271 1276 1291 3056
11928 4 2 7 8 1671 271 1536 272
11929 4 2 7 8 275 22 1573 1668
11930 4 2 7 8 198 199 1255 1564
11931 4 2 7 8 220 219 1254 1640
11932 4 2 7 8 1542 198 197 1268
11933 4 2 7 8 1251 203 204 1539
11934 4 2 7 8 1297 221 220 1652
11935 4 2 7 8 1667 1574 13 1288
11936 4 2 7 8 202 201 1540 1253
11937 4 2 7 8 1677 1287 223 1645
11938 4 2 7 8 273 274 1535 1674
11939 4 2 7 8 199 200 1291 1541
11940 4 2 7 8 1272 204 205 1558
11941 4 2 7 8 268 1538 267 1654
11942 4 2 7 8 1537 1656 269 270
11943 4 2 7 8 195 13 1574 1288
11944 4 2 7 8 1667 13 217 1288
11945 4 2 7 8 197 196 1567 1281
11946 4 2 7 8 265 1574 13 1667
11947 4 2 7 8 202 203 1280 1562
11948 4 2 7 8 268 1586 1637 269
11949 4 2 7 8 1570 1636 272 273
11950 4 2 7 8 1278 1287 223 1677
11951 4 2 7 8 222 221 1252 1641
11952 4 2 7 8 270 1580 1635 271
11953 4 2 7 8 1278 223 222 1677
11954 4 2 7 8 3043 1253 3056 1286
11955 4 2 7 8 3043 3056 1253 1540
11956 4 2 7 8 3045 1282 1272 1296
11957 4 2 7 8 3057 1646 3052 3042
11958 4 2 7 8 3057 3052 1646 1659
11959 4 2 7 8 1646 3052 3049 1648
11960 4 2 7 8 3049 3052 1646 3042
11961 4 2 7 8 3045 1558 1282 1560
11962 4 2 7 8 3045 1282 1558 1272
11963 4 2 7 8 1652 3047 1254 1273
11964 4 2 7 8 1254 3047 1652 1672
11965 4 2 7 8 3052 1554 1556 1568
11966 4 2 7 8 3052 1556 1554 3042
11967 4 2 7 8 3044 1652 1252 1273
11968 4 2 7 8 3044 1252 1652 1653
11969 4 2 7 8 3047 1654 1546 1538
11970 4 2 7 8 3047 1546 1654 1655
11971 4 2 7 8 1545 1546 1654 1538
11972 4 2 7 8 1545 1654 1546 1655
11973 4 2 7 8 3060 1653 1657 3044
11974 4 2 7 8 3060 1657 1653 1665
11975 4 2 7 8 3061 1553 1576 3043
11976 4 2 7 8 3061 1576 1553 1551
11977 4 2 7 8 3047 1640 1267 1678
11978 4 2 7 8 3047 1267 1640 1254
11979 4 2 7 8 1266 1267 1640 1678
11980 4 2 7 8 1266 1640 1267 1254
11981 4 2 7 8 1675 1681 291 1689
11982 4 2 7 8 1675 291 1681 1643
11983 4 2 7 8 1652 1254 220 1297
11984 4 2 7 8 1652 220 1254 1640
11985 4 2 7 8 3060 1586 1538 1547
11986 4 2 7 8 3060 1538 1586 1637
11987 4 2 7 8 1637 1538 268 1654
11988 4 2 7 8 1637 268 1538 1586
11989 5 2 6 1 465 100 9 46 1711 740 45 301
11990 5 2 6 1 1711 740 45 301 1712 739 44 302
11991 5 2 6 1 1712 739 44 302 1713 738 43 303
11992 5 2 6 1 1713 738 43 303 1714 737 42 304
11993 5 2 6 1 1714 737 42 304 1715 736 41 305
11994 5 2 6 1 1715 736 41 305 1716 735 40 306
11995 5 2 6 1 1716 735 40 306 650 157 8 39
11996 5 2 6 1 466 465 46 47 1717 1711 301 307
11997 5 2 6 1 1717 1711 301 307 1718 1712 302 308
11998 5 2 6 1 1718 1712 302 308 1719 1713 303 309
11999 5 2 6 1 1719 1713 303 309 1720 1714 304 310
12000 5 2 6 1 1720 1714 304 310 1721 1715 305 311
12001 5 2 6 1 1721 1715 305 311 1722 1716 306 312
12002 5 2 6 1 1722 1716 306 312 649 650 39 38
12003 5 2 6 1 467 466 47 48 1723 1717 307 313
12004 5 2 6 1 1723 1717 307 313 1724 1718 308 314
12005 5 2 6 1 1724 1718 308 314 1725 1719 309 315
12006 5 2 6 1 1725 1719 309 315 1726 1720 310 316
12007 5 2 6 1 1726 1720 310 316 1727 1721 311 317
12008 5 2 6 1 1727 1721 311 317 1728 1722 312 318
12009 5 2 6 1 1728 1722 312 318 648 649 38 37
12010 5 2 6 1 468 467 48 49 1729 1723 313 319
12011 5 2 6 1 1729 1723 313 319 1730 1724 314 320
12012 5 2 6 1 1730 1724 314 320 1731 1725 315 321
12013 5 2 6 1 1731 1725 315 321 1732 1726 316 322
12014 5 2 6 1 1732 1726 316 322 1733 1727 317 323
12015 5 2 6 1 1733 1727 317 323 1734 1728 318 324
12016 5 2 6 1 1734 1728 318 324 647 648 37 36
12017 5 2 6 1 469 468 49 50 1735 1729 319 325
12018 5 2 6 1 1735 1729 319 325 1736 1730 320 326
12019 5 2 6 1 1736 1730 320 326 1737 1731 321 327
12020 5 2 6 1 1737 1731 321 327 1738 1732 322 328
12021 5 2 6 1 1738 1732 322 328 1739 1733 323 329
12022 5 2 6 1 1739 1733 323 329 1740 1734 324 330
12023 5 2 6 1 1740 1734 324 330 646 647 36 35
12024 5 2 6 1 470 469 50 51 1741 1735 325 331
12025 5 2 6 1 1741 1735 325 331 1742 1736 326 332
12026 5 2 6 1 1742 1736 326 332 1743 1737 327 333
12027 5 2 6 1 1743 1737 327 333 1744 1738 328 334
12028 5 2 6 1 1744 1738 328 334 1745 1739 329 335
12029 5 2 6 1 1745 1739 329 335 1746 1740 330 336
12030 5 2 6 1 1746 1740 330 336 645 646 35 34
12031 5 2 6 1 115 470 51 7 555 1741 331 28
12032 5 2 6 1 555 1741 331 28 556 1742 332 29
12033 5 2 6 1 556 1742 332 29 557 1743 333 30
12034 5 2 6 1 557 1743 333 30 558 1744 334 31
12035 5 2 6 1 558 1744 334 31 559 1745 335 32
12036 5 2 6 1 559 1745 335 32 560 1746 336 33
12037 5 2 6 1 560 1746 336 33 136 645 34 6
12038 5 2 6 1 471 101 100 465 1747 746 740 1711
12039 5 2 6 1 1747 746 740 1711 1748 745 739 1712
12040 5 2 6 1 1748 745 739 1712 1749 744 738 1713
12041 5 2 6 1 1749 744 738 1713 1750 743 737 1714
12042 5 2 6 1 1750 743 737 1714 1751 742 736 1715
12043 5 2 6 1 1751 742 736 1715 1752 741 735 1716
12044 5 2 6 1 1752 741 735 1716 656 158 157 650
12045 5 2 6 1 472 471 465 466 1753 1747 1711 1717
12046 5 2 6 1 1753 1747 1711 1717 1754 1748 1712 1718
12047 5 2 6 1 1754 1748 1712 1718 1755 1749 1713 1719
12048 5 2 6 1 1755 1749 1713 1719 1756 1750 1714 1720
12049 5 2 6 1 1756 1750 1714 1720 1757 1751 1715 1721
12050 5 2 6 1 1757 1751 1715 1721 1758 1752 1716 1722
12051 5 2 6 1 1758 1752 1716 1722 655 656 650 649
12052 5 2 6 1 473 472 466 467 1759 1753 1717 1723
12053 5 2 6 1 1759 1753 1717 1723 1760 1754 1718 1724
12054 5 2 6 1 1760 1754 1718 1724 1761 1755 1719 1725
12055 5 2 6 1 1761 1755 1719 1725 1762 1756 1720 1726
12056 5 2 6 1 1762 1756 1720 1726 1763 1757 1721 1727
12057 5 2 6 1 1763 1757 1721 1727 1764 1758 1722 1728
12058 5 2 6 1 1764 1758 1722 1728 654 655 649 648
12059 5 2 6 1 474 473 467 468 1765 1759 1723 1729
12060 5 2 6 1 1765 1759 1723 1729 1766 1760 1724 1730
12061 5 2 6 1 1766 1760 1724 1730 1767 1761 1725 1731
12062 5 2 6 1 1767 1761 1725 1731 1768 1762 1726 1732
12063 5 2 6 1 1768 1762 1726 1732 1769 1763 1727 1733
12064 5 2 6 1 1769 1763 1727 1733 1770 1764 1728 1734
12065 5 2 6 1 1770 1764 1728 1734 653 654 648 647
12066 5 2 6 1 475 474 468 469 1771 1765 1729 1735
12067 5 2 6 1 1771 1765 1729 1735 1772 1766 1730 1736
12068 5 2 6 1 1772 1766 1730 1736 1773 1767 1731 1737
12069 5 2 6 1 1773 1767 1731 1737 1774 1768 1732 1738
12070 5 2 6 1 1774 1768 1732 1738 1775 1769 1733 1739
12071 5 2 6 1 1775 1769 1733 1739 1776 1770 1734 1740
12072 5 2 6 1 1776 1770 1734 1740 652 653 647 646
12073 5 2 6 1 476 475 469 470 1777 1771 1735 1741
12074 5 2 6 1 1777 1771 1735 1741 1778 1772 1736 1742
12075 5 2 6 1 1778 1772 1736 1742 1779 1773 1737 1743
12076 5 2 6 1 1779 1773 1737 1743 1780 1774 1738 1744
12077 5 2 6 1 1780 1774 1738 1744 1781 1775 1739 1745
12078 5 2 6 1 1781 1775 1739 1745 1782 1776 1740 1746
12079 5 2 6 1 1782 1776 1740 1746 651 652 646 645
12080 5 2 6 1 116 476 470 115 561 1777 1741 555
12081 5 2 6 1 561 1777 1741 555 562 1778 1742 556
12082 5 2 6 1 562 1778 1742 556 563 1779 1743 557
12083 5 2 6 1 563 1779 1743 557 564 1780 1744 558
12084 5 2 6 1 564 1780 1744 558 565 1781 1745 559
12085 5 2 6 1 565 1781 1745 559 566 1782 1746 560
12086 5 2 6 1 566 1782 1746 560 137 651 645 136
12087 5 2 6 1 477 102 101 471 1783 752 746 1747
12088 5 2 6 1 1783 752 746 1747 1784 751 745 1748
12089 5 2 6 1 1784 751 745 1748 1785 750 744 1749
12090 5 2 6 1 1785 750 744 1749 1786 749 743 1750
12091 5 2 6 1 1786 749 743 1750 1787 748 742 1751
12092 5 2 6 1 1787 748 742 1751 1788 747 741 1752
12093 5 2 6 1 1788 747 741 1752 662 159 158 656
12094 5 2 6 1 478 477 471 472 1789 1783 1747 1753
12095 5 2 6 1 1789 1783 1747 1753 1790 1784 1748 1754
12096 5 2 6 1 1790 1784 1748 1754 1791 1785 1749 1755
12097 5 2 6 1 1791 1785 1749 1755 1792 1786 1750 1756
12098 5 2 6 1 1792 1786 1750 1756 1793 1787 1751 1757
12099 5 2 6 1 1793 1787 1751 1757 1794 1788 1752 1758
12100 5 2 6 1 1794 1788 1752 1758 661 662 656 655
12101 5 2 6 1 479 478 472 473 1795 1789 1753 1759
12102 5 2 6 1 1795 1789 1753 1759 1796 1790 1754 1760
12103 5 2 6 1 1796 1790 1754 1760 1797 1791 1755 1761
12104 5 2 6 1 1797 1791 1755 1761 1798 1792 1756 1762
12105 5 2 6 1 1798 1792 1756 1762 1799 1793 1757 1763
12106 5 2 6 1 1799 1793 1757 1763 1800 1794 1758 1764
12107 5 2 6 1 1800 1794 1758 1764 660 661 655 654
12108 5 2 6 1 480 479 473 474 1801 1795 1759 1765
12109 5 2 6 1 1801 1795 1759 1765 1802 1796 1760 1766
12110 5 2 6 1 1802 1796 1760 1766 1803 1797 1761 1767
12111 5 2 6 1 1803 1797 1761 1767 1804 1798 1762 1768
12112 5 2 6 1 1804 1798 1762 1768 1805 1799 1763 1769
12113 5 2 6 1 1805 1799 1763 1769 1806 1800 1764 1770
12114 5 2 6 1 1806 1800 1764 1770 659 660 654 653
12115 5 2 6 1 481 480 474 475 1807 1801 1765 1771
12116 5 2 6 1 1807 1801 1765 1771 1808 1802 1766 1772
12117 5 2 6 1 1808 1802 1766 1772 1809 1803 1767 1773
12118 5 2 6 1 1809 1803 1767 1773 1810 1804 1768 1774
12119 5 2 6 1 1810 1804 1768 1774 1811 1805 1769 1775
12120 5 2 6 1 1811 1805 1769 1775 1812 1806 1770 1776
12121 5 2 6 1 1812 1806 1770 1776 658 659 653 652
12122 5 2 6 1 482 481 475 476 1813 1807 1771 1777
12123 5 2 6 1 1813 1807 1771 1777 1814 1808 1772 1778
12124 5 2 6 1 1814 1808 1772 1778 1815 1809 1773 1779
12125 5 2 6 1 1815 1809 1773 1779 1816 1810 1774 1780
12126 5 2 6 1 1816 1810 1774 1780 1817 1811 1775 1781
12127 5 2 6 1 1817 1811 1775 1781 1818 1812 1776 1782
12128 5 2 6 1 1818 1812 1776 1782 657 658 652 651
12129 5 2 6 1 117 482 476 116 567 1813 1777 561
12130 5 2 6 1 567 1813 1777 561 568 1814 1778 562
12131 5 2 6 1 568 1814 1778 562 569 1815 1779 563
12132 5 2 6 1 569 1815 1779 563 570 1816 1780 564
12133 5 2 6 1 570 1816 1780 564 571 1817 1781 565
12134 5 2 6 1 571 1817 1781 565 572 1818 1782 566
12135 5 2 6 1 572 1818 1782 566 138 657 651 137
12136 5 2 6 1 483 103 102 477 1819 758 752 1783
12137 5 2 6 1 1819 758 752 1783 1820 757 751 1784
12138 5 2 6 1 1820 757 751 1784 1821 756 750 1785
12139 5 2 6 1 1821 756 750 1785 1822 755 749 1786
12140 5 2 6 1 1822 755 749 1786 1823 754 748 1787
12141 5 2 6 1 1823 754 748 1787 1824 753 747 1788
12142 5 2 6 1 1824 753 747 1788 668 160 159 662
12143 5 2 6 1 484 483 477 478 1825 1819 1783 1789
12144 5 2 6 1 1825 1819 1783 1789 1826 1820 1784 1790
12145 5 2 6 1 1826 1820 1784 1790 1827 1821 1785 1791
12146 5 2 6 1 1827 1821 1785 1791 1828 1822 1786 1792
12147 5 2 6 1 1828 1822 1786 1792 1829 1823 1787 1793
12148 5 2 6 1 1829 1823 1787 1793 1830 1824 1788 1794
12149 5 2 6 1 1830 1824 1788 1794 667 668 662 661
12150 5 2 6 1 485 484 478 479 1831 1825 1789 1795
12151 5 2 6 1 1831 1825 1789 1795 1832 1826 1790 1796
12152 5 2 6 1 1832 1826 1790 1796 1833 1827 1791 1797
12153 5 2 6 1 1833 1827 1791 1797 1834 1828 1792 1798
12154 5 2 6 1 1834 1828 1792 1798 1835 1829 1793 1799
12155 5 2 6 1 1835 1829 1793 1799 1836 1830 1794 1800
12156 5 2 6 1 1836 1830 1794 1800 666 667 661 660
12157 5 2 6 1 486 485 479 480 1837 1831 1795 1801
12158 5 2 6 1 1837 1831 1795 1801 1838 1832 1796 1802
12159 5 2 6 1 1838 1832 1796 1802 1839 1833 1797 1803
12160 5 2 6 1 1839 1833 1797 1803 1840 1834 1798 1804
12161 5 2 6 1 1840 1834 1798 1804 1841 1835 1799 1805
12162 5 2 6 1 1841 1835 1799 1805 1842 1836 1800 1806
12163 5 2 6 1 1842 1836 1800 1806 665 666 660 659
12164 5 2 6 1 487 486 480 481 1843 1837 1801 1807
12165 5 2 6 1 1843 1837 1801 1807 1844 1838 1802 1808
12166 5 2 6 1 1844 1838 1802 1808 1845 1839 1803 1809
12167 5 2 6 1 1845 1839 1803 1809 1846 1840 1804 1810
12168 5 2 6 1 1846 1840 1804 1810 1847 1841 1805 1811
12169 5 2 6 1 1847 1841 1805 1811 1848 1842 1806 1812
12170 5 2 6 1 1848 1842 1806 1812 664 665 659 658
12171 5 2 6 1 488 487 481 482 1849 1843 1807 1813
12172 5 2 6 1 1849 1843 1807 1813 1850 1844 1808 1814
12173 5 2 6 1 1850 1844 1808 1814 1851 1845 1809 1815
12174 5 2 6 1 1851 1845 1809 1815 1852 1846 1810 1816
12175 5 2 6 1 1852 1846 1810 1816 1853 1847 1811 1817
12176 5 2 6 1 1853 1847 1811 1817 1854 1848 1812 1818
12177 5 2 6 1 1854 1848 1812 1818 663 664 658 657
12178 5 2 6 1 118 488 482 117 573 1849 1813 567
12179 5 2 6 1 573 1849 1813 567 574 1850 1814 568
12180 5 2 6 1 574 1850 1814 568 575 1851 1815 569
12181 5 2 6 1 575 1851 1815 569 576 1852 1816 570
12182 5 2 6 1 576 1852 1816 570 577 1853 1817 571
12183 5 2 6 1 577 1853 1817 571 578 1854 1818 572
12184 5 2 6 1 578 1854 1818 572 139 663 657 138
12185 5 2 6 1 489 104 103 483 1855 764 758 1819
12186 5 2 6 1 1855 764 758 1819 1856 763 757 1820
12187 5 2 6 1 1856 763 757 1820 1857 762 756 1821
12188 5 2 6 1 1857 762 756 1821 1858 761 755 1822
12189 5 2 6 1 1858 761 755 1822 1859 760 754 1823
12190 5 2 6 1 1859 760 754 1823 1860 759 753 1824
12191 5 2 6 1 1860 759 753 1824 674 161 160 668
12192 5 2 6 1 490 489 483 484 1861 1855 1819 1825
12193 5 2 6 1 1861 1855 1819 1825 1862 1856 1820 1826
12194 5 2 6 1 1862 1856 1820 1826 1863 1857 1821 1827
12195 5 2 6 1 1863 1857 1821 1827 1864 1858 1822 1828
12196 5 2 6 1 1864 1858 1822 1828 1865 1859 1823 1829
12197 5 2 6 1 1865 1859 1823 1829 1866 1860 1824 1830
12198 5 2 6 1 1866 1860 1824 1830 673 674 668 667
12199 5 2 6 1 491 490 484 485 1867 1861 1825 1831
12200 5 2 6 1 1867 1861 1825 1831 1868 1862 1826 1832
12201 5 2 6 1 1868 1862 1826 1832 1869 1863 1827 1833
12202 5 2 6 1 1869 1863 1827 1833 1870 1864 1828 1834
12203 5 2 6 1 1870 1864 1828 1834 1871 1865 1829 1835
12204 5 2 6 1 1871 1865 1829 1835 1872 1866 1830 1836
12205 5 2 6 1 1872 1866 1830 1836 672 673 667 666
12206 5 2 6 1 492 491 485 486 1873 1867 1831 1837
12207 5 2 6 1 1873 1867 1831 1837 1874 1868 1832 1838
12208 5 2 6 1 1874 1868 1832 1838 1875 1869 1833 1839
12209 5 2 6 1 1875 1869 1833 1839 1876 1870 1834 1840
12210 5 2 6 1 1876 1870 1834 1840 1877 1871 1835 1841
12211 5 2 6 1 1877 1871 1835 1841 1878 1872 1836 1842
12212 5 2 6 1 1878 1872 1836 1842 671 672 666 665
12213 5 2 6 1 493 492 486 487 1879 1873 1837 1843
12214 5 2 6 1 1879 1873 1837 1843 1880 1874 1838 1844
12215 5 2 6 1 1880 1874 1838 1844 1881 1875 1839 1845
12216 5 2 6 1 1881 1875 1839 1845 1882 1876 1840 1846
12217 5 2 6 1 1882 1876 1840 1846 1883 1877 1841 1847
12218 5 2 6 1 1883 1877 1841 1847 1884 1878 1842 1848
12219 5 2 6 1 1884 1878 1842 1848 670 671 665 664
12220 5 2 6 1 494 493 487 488 1885 1879 1843 1849
12221 5 2 6 1 1885 1879 1843 1849 1886 1880 1844 1850
12222 5 2 6 1 1886 1880 1844 1850 1887 1881 1845 1851
12223 5 2 6 1 1887 1881 1845 1851 1888 1882 1846 1852
12224 5 2 6 1 1888 1882 1846 1852 1889 1883 1847 1853
12225 5 2 6 1 1889 1883 1847 1853 1890 1884 1848 1854
12226 5 2 6 1 1890 1884 1848 1854 669 670 664 663
12227 5 2 6 1 119 494 488 118 579 1885 1849 573
12228 5 2 6 1 579 1885 1849 573 580 1886 1850 574
12229 5 2 6 1 580 1886 1850 574 581 1887 1851 575
12230 5 2 6 1 581 1887 1851 575 582 1888 1852 576
12231 5 2 6 1 582 1888 1852 576 583 1889 1853 577
12232 5 2 6 1 583 1889 1853 577 584 1890 1854 578
12233 5 2 6 1 584 1890 1854 578 140 669 663 139
12234 5 2 6 1 495 105 104 489 1891 770 764 1855
12235 5 2 6 1 1891 770 764 1855 1892 769 763 1856
12236 5 2 6 1 1892 769 763 1856 1893 768 762 1857
12237 5 2 6 1 1893 768 762 1857 1894 767 761 1858
12238 5 2 6 1 1894 767 761 1858 1895 766 760 1859
12239 5 2 6 1 1895 766 760 1859 1896 765 759 1860
12240 5 2 6 1 1896 765 759 1860 680 162 161 674
12241 5 2 6 1 496 495 489 490 1897 1891 1855 1861
12242 5 2 6 1 1897 1891 1855 1861 1898 1892 1856 1862
12243 5 2 6 1 1898 1892 1856 1862 1899 1893 1857 1863
12244 5 2 6 1 1899 1893 1857 1863 1900 1894 1858 1864
12245 5 2 6 1 1900 1894 1858 1864 1901 1895 1859 1865
12246 5 2 6 1 1901 1895 1859 1865 1902 1896 1860 1866
12247 5 2 6 1 1902 1896 1860 1866 679 680 674 673
12248 5 2 6 1 497 496 490 491 1903 1897 1861 1867
12249 5 2 6 1 1903 1897 1861 1867 1904 1898 1862 1868
12250 5 2 6 1 1904 1898 1862 1868 1905 1899 1863 1869
12251 5 2 6 1 1905 1899 1863 1869 1906 1900 1864 1870
12252 5 2 6 1 1906 1900 1864 1870 1907 1901 1865 1871
12253 5 2 6 1 1907 1901 1865 1871 1908 1902 1866 1872
12254 5 2 6 1 1908 1902 1866 1872 678 679 673 672
12255 5 2 6 1 498 497 491 492 1909 1903 1867 1873
12256 5 2 6 1 1909 1903 1867 1873 1910 1904 1868 1874
12257 5 2 6 1 1910 1904 1868 1874 1911 1905 1869 1875
12258 5 2 6 1 1911 1905 1869 1875 1912 1906 1870 1876
12259 5 2 6 1 1912 1906 1870 1876 1913 1907 1871 1877
12260 5 2 6 1 1913 1907 1871 1877 1914 1908 1872 1878
12261 5 2 6 1 1914 1908 1872 1878 677 678 672 671
12262 5 2 6 1 499 498 492 493 1915 1909 1873 1879
12263 5 2 6 1 1915 1909 1873 1879 1916 1910 1874 1880
12264 5 2 6 1 1916 1910 1874 1880 1917 1911 1875 1881
12265 5 2 6 1 1917 1911 1875 1881 1918 1912 1876 1882
12266 5 2 6 1 1918 1912 1876 1882 1919 1913 1877 1883
12267 5 2 6 1 1919 1913 1877 1883 1920 1914 1878 1884
12268 5 2 6 1 1920 1914 1878 1884 676 677 671 670
12269 5 2 6 1 500 499 493 494 1921 1915 1879 1885
12270 5 2 6 1 1921 1915 1879 1885 1922 1916 1880 1886
12271 5 2 6 1 1922 1916 1880 1886 1923 1917 1881 1887
12272 5 2 6 1 1923 1917 1881 1887 1924 1918 1882 1888
12273 5 2 6 1 1924 1918 1882 1888 1925 1919 1883 1889
12274 5 2 6 1 1925 1919 1883 1889 1926 1920 1884 1890
12275 5 2 6 1 1926 1920 1884 1890 675 676 670 669
12276 5 2 6 1 120 500 494 119 585 1921 1885 579
12277 5 2 6 1 585 1921 1885 579 586 1922 1886 580
12278 5 2 6 1 586 1922 1886 580 587 1923 1887 581
12279 5 2 6 1 587 1923 1887 581 588 1924 1888 582
12280 5 2 6 1 588 1924 1888 582 589 1925 1889 583
12281 5 2 6 1 589 1925 1889 583 590 1926 1890 584
12282 5 2 6 1 590 1926 1890 584 141 675 669 140
12283 5 2 6 1 501 106 105 495 1927 776 770 1891
12284 5 2 6 1 1927 776 770 1891 1928 775 769 1892
12285 5 2 6 1 1928 775 769 1892 1929 774 768 1893
12286 5 2 6 1 1929 774 768 1893 1930 773 767 1894
12287 5 2 6 1 1930 773 767 1894 1931 772 766 1895
12288 5 2 6 1 1931 772 766 1895 1932 771 765 1896
12289 5 2 6 1 1932 771 765 1896 686 163 162 680
12290 5 2 6 1 502 501 495 496 1933 1927 1891 1897
12291 5 2 6 1 1933 1927 1891 1897 1934 1928 1892 1898
12292 5 2 6 1 1934 1928 1892 1898 1935 1929 1893 1899
12293 5 2 6 1 1935 1929 1893 1899 1936 1930 1894 1900
12294 5 2 6 1 1936 1930 1894 1900 1937 1931 1895 1901
12295 5 2 6 1 1937 1931 1895 1901 1938 1932 1896 1902
12296 5 2 6 1 1938 1932 1896 1902 685 686 680 679
12297 5 2 6 1 503 502 496 497 1939 1933 1897 1903
12298 5 2 6 1 1939 1933 1897 1903 1940 1934 1898 1904
12299 5 2 6 1 1940 1934 1898 1904 1941 1935 1899 1905
12300 5 2 6 1 1941 1935 1899 1905 1942 1936 1900 1906
12301 5 2 6 1 1942 1936 1900 1906 1943 1937 1901 1907
12302 5 2 6 1 1943 1937 1901 1907 1944 1938 1902 1908
12303 5 2 6 1 1944 1938 1902 1908 684 685 679 678
12304 5 2 6 1 504 503 497 498 1945 1939 1903 1909
12305 5 2 6 1 1945 1939 1903 1909 1946 1940 1904 1910
12306 5 2 6 1 1946 1940 1904 1910 1947 1941 1905 1911
12307 5 2 6 1 1947 1941 1905 1911 1948 1942 1906 1912
12308 5 2 6 1 1948 1942 1906 1912 1949 1943 1907 1913
12309 5 2 6 1 1949 1943 1907 1913 1950 1944 1908 1914
12310 5 2 6 1 1950 1944 1908 1914 683 684 678 677
12311 5 2 6 1 505 504 498 499 1951 1945 1909 1915
12312 5 2 6 1 1951 1945 1909 1915 1952 1946 1910 1916
12313 5 2 6 1 1952 1946 1910 1916 1953 1947 1911 1917
12314 5 2 6 1 1953 1947 1911 1917 1954 1948 1912 1918
12315 5 2 6 1 1954 1948 1912 1918 1955 1949 1913 1919
12316 5 2 6 1 1955 1949 1913 1919 1956 1950 1914 1920
12317 5 2 6 1 1956 1950 1914 1920 682 683 677 676
12318 5 2 6 1 506 505 499 500 1957 1951 1915 1921
12319 5 2 6 1 1957 1951 1915 1921 1958 1952 1916 1922
12320 5 2 6 1 1958 1952 1916 1922 1959 1953 1917 1923
12321 5 2 6 1 1959 1953 1917 1923 1960 1954 1918 1924
12322 5 2 6 1 1960 1954 1918 1924 1961 1955 1919 1925
12323 5 2 6 1 1961 1955 1919 1925 1962 1956 1920 1926
12324 5 2 6 1 1962 1956 1920 1926 681 682 676 675
12325 5 2 6 1 121 506 500 120 591 1957 1921 585
12326 5 2 6 1 591 1957 1921 585 592 1958 1922 586
12327 5 2 6 1 592 1958 1922 586 593 1959 1923 587
12328 5 2 6 1 593 1959 1923 587 594 1960 1924 588
12329 5 2 6 1 594 1960 1924 588 595 1961 1925 589
12330 5 2 6 1 595 1961 1925 589 596 1962 1926 590
12331 5 2 6 1 596 1962 1926 590 142 681 675 141
12332 5 2 6 1 507 107 106 501 1963 782 776 1927
12333 5 2 6 1 1963 782 776 1927 1964 781 775 1928
12334 5 2 6 1 1964 781 775 1928 1965 780 774 1929
12335 5 2 6 1 1965 780 774 1929 1966 779 773 1930
12336 5 2 6 1 1966 779 773 1930 1967 778 772 1931
12337 5 2 6 1 1967 778 772 1931 1968 777 771 1932
12338 5 2 6 1 1968 777 771 1932 692 164 163 686
12339 5 2 6 1 508 507 501 502 1969 1963 1927 1933
12340 5 2 6 1 1969 1963 1927 1933 1970 1964 1928 1934
12341 5 2 6 1 1970 1964 1928 1934 1971 1965 1929 1935
12342 5 2 6 1 1971 1965 1929 1935 1972 1966 1930 1936
12343 5 2 6 1 1972 1966 1930 1936 1973 1967 1931 1937
12344 5 2 6 1 1973 1967 1931 1937 1974 1968 1932 1938
12345 5 2 6 1 1974 1968 1932 1938 691 692 686 685
12346 5 2 6 1 509 508 502 503 1975 1969 1933 1939
12347 5 2 6 1 1975 1969 1933 1939 1976 1970 1934 1940
12348 5 2 6 1 1976 1970 1934 1940 1977 1971 1935 1941
12349 5 2 6 1 1977 1971 1935 1941 1978 1972 1936 1942
12350 5 2 6 1 1978 1972 1936 1942 1979 1973 1937 1943
12351 5 2 6 1 1979 1973 1937 1943 1980 1974 1938 1944
12352 5 2 6 1 1980 1974 1938 1944 690 691 685 684
12353 5 2 6 1 510 509 503 504 1981 1975 1939 1945
12354 5 2 6 1 1981 1975 1939 1945 1982 1976 1940 1946
12355 5 2 6 1 1982 1976 1940 1946 1983 1977 1941 1947
12356 5 2 6 1 1983 1977 1941 1947 1984 1978 1942 1948
12357 5 2 6 1 1984 1978 1942 1948 1985 1979 1943 1949
12358 5 2 6 1 1985 1979 1943 1949 1986 1980 1944 1950
12359 5 2 6 1 1986 1980 1944 1950 689 690 684 683
12360 5 2 6 1 511 510 504 505 1987 1981 1945 1951
12361 5 2 6 1 1987 1981 1945 1951 1988 1982 1946 1952
12362 5 2 6 1 1988 1982 1946 1952 1989 1983 1947 1953
12363 5 2 6 1 1989 1983 1947 1953 1990 1984 1948 1954
12364 5 2 6 1 1990 1984 1948 1954 1991 1985 1949 1955
12365 5 2 6 1 1991 1985 1949 1955 1992 1986 1950 1956
12366 5 2 6 1 1992 1986 1950 1956 688 689 683 682
12367 5 2 6 1 512 511 505 506 1993 1987 1951 1957
12368 5 2 6 1 1993 1987 1951 1957 1994 1988 1952 1958
12369 5 2 6 1 1994 1988 1952 1958 1995 1989 1953 1959
12370 5 2 6 1 1995 1989 1953 1959 1996 1990 1954 1960
12371 5 2 6 1 1996 1990 1954 1960 1997 1991 1955 1961
12372 5 2 6 1 1997 1991 1955 1961 1998 1992 1956 1962
12373 5 2 6 1 1998 1992 1956 1962 687 688 682 681
12374 5 2 6 1 122 512 506 121 597 1993 1957 591
12375 5 2 6 1 597 1993 1957 591 598 1994 1958 592
12376 5 2 6 1 598 1994 1958 592 599 1995 1959 593
12377 5 2 6 1 599 1995 1959 593 600 1996 1960 594
12378 5 2 6 1 600 1996 1960 594 601 1997 1961 595
12379 5 2 6 1 601 1997 1961 595 602 1998 1962 596
12380 5 2 6 1 602 1998 1962 596 143 687 681 142
12381 5 2 6 1 513 108 107 507 1999 788 782 1963
12382 5 2 6 1 1999 788 782 1963 2000 787 781 1964
12383 5 2 6 1 2000 787 781 1964 2001 786 780 1965
12384 5 2 6 1 2001 786 780 1965 2002 785 779 1966
12385 5 2 6 1 2002 785 779 1966 2003 784 778 1967
12386 5 2 6 1 2003 784 778 1967 2004 783 777 1968
12387 5 2 6 1 2004 783 777 1968 698 165 164 692
12388 5 2 6 1 514 513 507 508 2005 1999 1963 1969
12389 5 2 6 1 2005 1999 1963 1969 2006 2000 1964 1970
12390 5 2 6 1 2006 2000 1964 1970 2007 2001 1965 1971
12391 5 2 6 1 2007 2001 1965 1971 2008 2002 1966 1972
12392 5 2 6 1 2008 2002 1966 1972 2009 2003 1967 1973
12393 5 2 6 1 2009 2003 1967 1973 2010 2004 1968 1974
12394 5 2 6 1 2010 2004 1968 1974 697 698 692 691
12395 5 2 6 1 515 514 508 509 2011 2005 1969 1975
12396 5 2 6 1 2011 2005 1969 1975 2012 2006 1970 1976
12397 5 2 6 1 2012 2006 1970 1976 2013 2007 1971 1977
12398 5 2 6 1 2013 2007 1971 1977 2014 2008 1972 1978
12399 5 2 6 1 2014 2008 1972 1978 2015 2009 1973 1979
12400 5 2 6 1 2015 2009 1973 1979 2016 2010 1974 1980
12401 5 2 6 1 2016 2010 1974 1980 696 697 691 690
12402 5 2 6 1 516 515 509 510 2017 2011 1975 1981
12403 5 2 6 1 2017 2011 1975 1981 2018 2012 1976 1982
12404 5 2 6 1 2018 2012 1976 1982 2019 2013 1977 1983
12405 5 2 6 1 2019 2013 1977 1983 2020 2014 1978 1984
12406 5 2 6 1 2020 2014 1978 1984 2021 2015 1979 1985
12407 5 2 6 1 2021 2015 1979 1985 2022 2016 1980 1986
12408 5 2 6 1 2022 2016 1980 1986 695 696 690 689
12409 5 2 6 1 517 516 510 511 2023 2017 1981 1987
12410 5 2 6 1 2023 2017 1981 1987 2024 2018 1982 1988
12411 5 2 6 1 2024 2018 1982 1988 2025 2019 1983 1989
12412 5 2 6 1 2025 2019 1983 1989 2026 2020 1984 1990
12413 5 2 6 1 2026 2020 1984 1990 2027 2021 1985 1991
12414 5 2 6 1 2027 2021 1985 1991 2028 2022 1986 1992
12415 5 2 6 1 2028 2022 1986 1992 694 695 689 688
12416 5 2 6 1 518 517 511 512 2029 2023 1987 1993
12417 5 2 6 1 2029 2023 1987 1993 2030 2024 1988 1994
12418 5 2 6 1 2030 2024 1988 1994 2031 2025 1989 1995
12419 5 2 6 1 2031 2025 1989 1995 2032 2026 1990 1996
12420 5 2 6 1 2032 2026 1990 1996 2033 2027 1991 1997
12421 5 2 6 1 2033 2027 1991 1997 2034 2028 1992 1998
12422 5 2 6 1 2034 2028 1992 1998 693 694 688 687
12423 5 2 6 1 123 518 512 122 603 2029 1993 597
12424 5 2 6 1 603 2029 1993 597 604 2030 1994 598
12425 5 2 6 1 604 2030 1994 598 605 2031 1995 599
12426 5 2 6 1 605 2031 1995 599 606 2032 1996 600
12427 5 2 6 1 606 2032 1996 600 607 2033 1997 601
12428 5 2 6 1 607 2033 1997 601 608 2034 1998 602
12429 5 2 6 1 608 2034 1998 602 144 693 687 143
12430 5 2 6 1 519 109 108 513 2035 794 788 1999
12431 5 2 6 1 2035 794 788 1999 2036 793 787 2000
12432 5 2 6 1 2036 793 787 2000 2037 792 786 2001
12433 5 2 6 1 2037 792 786 2001 2038 791 785 2002
12434 5 2 6 1 2038 791 785 2002 2039 790 784 2003
12435 5 2 6 1 2039 790 784 2003 2040 789 783 2004
12436 5 2 6 1 2040 789 783 2004 704 166 165 698
12437 5 2 6 1 520 519 513 514 2041 2035 1999 2005
12438 5 2 6 1 2041 2035 1999 2005 2042 2036 2000 2006
12439 5 2 6 1 2042 2036 2000 2006 2043 2037 2001 2007
12440 5 2 6 1 2043 2037 2001 2007 2044 2038 2002 2008
12441 5 2 6 1 2044 2038 2002 2008 2045 2039 2003 2009
12442 5 2 6 1 2045 2039 2003 2009 2046 2040 2004 2010
12443 5 2 6 1 2046 2040 2004 2010 703 704 698 697
12444 5 2 6 1 521 520 514 515 2047 2041 2005 2011
12445 5 2 6 1 2047 2041 2005 2011 2048 2042 2006 2012
12446 5 2 6 1 2048 2042 2006 2012 2049 2043 2007 2013
12447 5 2 6 1 2049 2043 2007 2013 2050 2044 2008 2014
12448 5 2 6 1 2050 2044 2008 2014 2051 2045 2009 2015
12449 5 2 6 1 2051 2045 2009 2015 2052 2046 2010 2016
12450 5 2 6 1 2052 2046 2010 2016 702 703 697 696
12451 5 2 6 1 522 521 515 516 2053 2047 2011 2017
12452 5 2 6 1 2053 2047 2011 2017 2054 2048 2012 2018
12453 5 2 6 1 2054 2048 2012 2018 2055 2049 2013 2019
12454 5 2 6 1 2055 2049 2013 2019 2056 2050 2014 2020
12455 5 2 6 1 2056 2050 2014 2020 2057 2051 2015 2021
12456 5 2 6 1 2057 2051 2015 2021 2058 2052 2016 2022
12457 5 2 6 1 2058 2052 2016 2022 701 702 696 695
12458 5 2 6 1 523 522 516 517 2059 2053 2017 2023
12459 5 2 6 1 2059 2053 2017 2023 2060 2054 2018 2024
12460 5 2 6 1 2060 2054 2018 2024 2061 2055 2019 2025
12461 5 2 6 1 2061 2055 2019 2025 2062 2056 2020 2026
12462 5 2 6 1 2062 2056 2020 2026 2063 2057 2021 2027
12463 5 2 6 1 2063 2057 2021 2027 2064 2058 2022 2028
12464 5 2 6 1 2064 2058 2022 2028 700 701 695 694
12465 5 2 6 1 524 523 517 518 2065 2059 2023 2029
12466 5 2 6 1 2065 2059 2023 2029 2066 2060 2024 2030
12467 5 2 6 1 2066 2060 2024 2030 2067 2061 2025 2031
12468 5 2 6 1 2067 2061 2025 2031 2068 2062 2026 2032
12469 5 2 6 1 2068 2062 2026 2032 2069 2063 2027 2033
12470 5 2 6 1 2069 2063 2027 2033 2070 2064 2028 2034
12471 5 2 6 1 2070 2064 2028 2034 699 700 694 693
12472 5 2 6 1 124 524 518 123 609 2065 2029 603
12473 5 2 6 1 609 2065 2029 603 610 2066 2030 604
12474 5 2 6 1 610 2066 2030 604 611 2067 2031 605
12475 5 2 6 1 611 2067 2031 605 612 2068 2032 606
12476 5 2 6 1 612 2068 2032 606 613 2069 2033 607
12477 5 2 6 1 613 2069 2033 607 614 2070 2034 608
12478 5 2 6 1 614 2070 2034 608 145 699 693 144
12479 5 2 6 1 525 110 109 519 2071 800 794 2035
12480 5 2 6 1 2071 800 794 2035 2072 799 793 2036
12481 5 2 6 1 2072 799 793 2036 2073 798 792 2037
12482 5 2 6 1 2073 798 792 2037 2074 797 791 2038
12483 5 2 6 1 2074 797 791 2038 2075 796 790 2039
12484 5 2 6 1 2075 796 790 2039 2076 795 789 2040
12485 5 2 6 1 2076 795 789 2040 710 167 166 704
12486 5 2 6 1 526 525 519 520 2077 2071 2035 2041
12487 5 2 6 1 2077 2071 2035 2041 2078 2072 2036 2042
12488 5 2 6 1 2078 2072 2036 2042 2079 2073 2037 2043
12489 5 2 6 1 2079 2073 2037 2043 2080 2074 2038 2044
12490 5 2 6 1 2080 2074 2038 2044 2081 2075 2039 2045
12491 5 2 6 1 2081 2075 2039 2045 2082 2076 2040 2046
12492 5 2 6 1 2082 2076 2040 2046 709 710 704 703
12493 5 2 6 1 527 526 520 521 2083 2077 2041 2047
12494 5 2 6 1 2083 2077 2041 2047 2084 2078 2042 2048
12495 5 2 6 1 2084 2078 2042 2048 2085 2079 2043 2049
12496 5 2 6 1 2085 2079 2043 2049 2086 2080 2044 2050
12497 5 2 6 1 2086 2080 2044 2050 2087 2081 2045 2051
12498 5 2 6 1 2087 2081 2045 2051 2088 2082 2046 2052
12499 5 2 6 1 2088 2082 2046 2052 708 709 703 702
12500 5 2 6 1 528 527 521 522 2089 2083 2047 2053
12501 5 2 6 1 2089 2083 2047 2053 2090 2084 2048 2054
12502 5 2 6 1 2090 2084 2048 2054 2091 2085 2049 2055
12503 5 2 6 1 2091 2085 2049 2055 2092 2086 2050 2056
12504 5 2 6 1 2092 2086 2050 2056 2093 2087 2051 2057
12505 5 2 6 1 2093 2087 2051 2057 2094 2088 2052 2058
12506 5 2 6 1 2094 2088 2052 2058 707 708 702 701
12507 5 2 6 1 529 528 522 523 2095 2089 2053 2059
12508 5 2 6 1 2095 2089 2053 2059 2096 2090 2054 2060
12509 5 2 6 1 2096 2090 2054 2060 2097 2091 2055 2061
12510 5 2 6 1 2097 2091 2055 2061 2098 2092 2056 2062
12511 5 2 6 1 2098 2092 2056 2062 2099 2093 2057 2063
12512 5 2 6 1 2099 2093 2057 2063 2100 2094 2058 2064
12513 5 2 6 1 2100 2094 2058 2064 706 707 701 700
12514 5 2 6 1 530 529 523 524 2101 2095 2059 2065
12515 5 2 6 1 2101 2095 2059 2065 2102 2096 2060 2066
12516 5 2 6 1 2102 2096 2060 2066 2103 2097 2061 2067
12517 5 2 6 1 2103 2097 2061 2067 2104 2098 2062 2068
12518 5 2 6 1 2104 2098 2062 2068 2105 2099 2063 2069
12519 5 2 6 1 2105 2099 2063 2069 2106 2100 2064 2070
12520 5 2 6 1 2106 2100 2064 2070 705 706 700 699
12521 5 2 6 1 125 530 524 124 615 2101 2065 609
12522 5 2 6 1 615 2101 2065 609 616 2102 2066 610
12523 5 2 6 1 616 2102 2066 610 617 2103 2067 611
12524 5 2 6 1 617 2103 2067 611 618 2104 2068 612
12525 5 2 6 1 618 2104 2068 612 619 2105 2069 613
12526 5 2 6 1 619 2105 2069 613 620 2106 2070 614
12527 5 2 6 1 620 2106 2070 614 146 705 699 145
12528 5 2 6 1 531 111 110 525 2107 806 800 2071
12529 5 2 6 1 2107 806 800 2071 2108 805 799 2072
12530 5 2 6 1 2108 805 799 2072 2109 804 798 2073
12531 5 2 6 1 2109 804 798 2073 2110 803 797 2074
12532 5 2 6 1 2110 803 797 2074 2111 802 796 2075
12533 5 2 6 1 2111 802 796 2075 2112 801 795 2076
12534 5 2 6 1 2112 801 795 2076 716 168 167 710
12535 5 2 6 1 532 531 525 526 2113 2107 2071 2077
12536 5 2 6 1 2113 2107 2071 2077 2114 2108 2072 2078
12537 5 2 6 1 2114 2108 2072 2078 2115 2109 2073 2079
12538 5 2 6 1 2115 2109 2073 2079 2116 2110 2074 2080
12539 5 2 6 1 2116 2110 2074 2080 2117 2111 2075 2081
12540 5 2 6 1 2117 2111 2075 2081 2118 2112 2076 2082
12541 5 2 6 1 2118 2112 2076 2082 715 716 710 709
12542 5 2 6 1 533 532 526 527 2119 2113 2077 2083
12543 5 2 6 1 2119 2113 2077 2083 2120 2114 2078 2084
12544 5 2 6 1 2120 2114 2078 2084 2121 2115 2079 2085
12545 5 2 6 1 2121 2115 2079 2085 2122 2116 2080 2086
12546 5 2 6 1 2122 2116 2080 2086 2123 2117 2081 2087
12547 5 2 6 1 2123 2117 2081 2087 2124 2118 2082 2088
12548 5 2 6 1 2124 2118 2082 2088 714 715 709 708
12549 5 2 6 1 534 533 527 528 2125 2119 2083 2089
12550 5 2 6 1 2125 2119 2083 2089 2126 2120 2084 2090
12551 5 2 6 1 2126 2120 2084 2090 2127 2121 2085 2091
12552 5 2 6 1 2127 2121 2085 2091 2128 2122 2086 2092
12553 5 2 6 1 2128 2122 2086 2092 2129 2123 2087 2093
12554 5 2 6 1 2129 2123 2087 2093 2130 2124 2088 2094
12555 5 2 6 1 2130 2124 2088 2094 713 714 708 707
12556 5 2 6 1 535 534 528 529 2131 2125 2089 2095
12557 5 2 6 1 2131 2125 2089 2095 2132 2126 2090 2096
12558 5 2 6 1 2132 2126 2090 2096 2133 2127 2091 2097
12559 5 2 6 1 2133 2127 2091 2097 2134 2128 2092 2098
12560 5 2 6 1 2134 2128 2092 2098 2135 2129 2093 2099
12561 5 2 6 1 2135 2129 2093 2099 2136 2130 2094 2100
12562 5 2 6 1 2136 2130 2094 2100 712 713 707 706
12563 5 2 6 1 536 535 529 530 2137 2131 2095 2101
12564 5 2 6 1 2137 2131 2095 2101 2138 2132 2096 2102
12565 5 2 6 1 2138 2132 2096 2102 2139 2133 2097 2103
12566 5 2 6 1 2139 2133 2097 2103 2140 2134 2098 2104
12567 5 2 6 1 2140 2134 2098 2104 2141 2135 2099 2105
12568 5 2 6 1 2141 2135 2099 2105 2142 2136 2100 2106
12569 5 2 6 1 2142 2136 2100 2106 711 712 706 705
12570 5 2 6 1 126 536 530 125 621 2137 2101 615
12571 5 2 6 1 621 2137 2101 615 622 2138 2102 616
12572 5 2 6 1 622 2138 2102 616 623 2139 2103 617
12573 5 2 6 1 623 2139 2103 617 624 2140 2104 618
12574 5 2 6 1 624 2140 2104 618 625 2141 2105 619
12575 5 2 6 1 625 2141 2105 619 626 2142 2106 620
12576 5 2 6 1 626 2142 2106 620 147 711 705 146
12577 5 2 6 1 537 112 111 531 2143 812 806 2107
12578 5 2 6 1 2143 812 806 2107 2144 811 805 2108
12579 5 2 6 1 2144 811 805 2108 2145 810 804 2109
12580 5 2 6 1 2145 810 804 2109 2146 809 803 2110
12581 5 2 6 1 2146 809 803 2110 2147 808 802 2111
12582 5 2 6 1 2147 808 802 2111 2148 807 801 2112
12583 5 2 6 1 2148 807 801 2112 722 169 168 716
12584 5 2 6 1 538 537 531 532 2149 2143 2107 2113
12585 5 2 6 1 2149 2143 2107 2113 2150 2144 2108 2114
12586 5 2 6 1 2150 2144 2108 2114 2151 2145 2109 2115
12587 5 2 6 1 2151 2145 2109 2115 2152 2146 2110 2116
12588 5 2 6 1 2152 2146 2110 2116 2153 2147 2111 2117
12589 5 2 6 1 2153 2147 2111 2117 2154 2148 2112 2118
12590 5 2 6 1 2154 2148 2112 2118 721 722 716 715
12591 5 2 6 1 539 538 532 533 2155 2149 2113 2119
12592 5 2 6 1 2155 2149 2113 2119 2156 2150 2114 2120
12593 5 2 6 1 2156 2150 2114 2120 2157 2151 2115 2121
12594 5 2 6 1 2157 2151 2115 2121 2158 2152 2116 2122
12595 5 2 6 1 2158 2152 2116 2122 2159 2153 2117 2123
12596 5 2 6 1 2159 2153 2117 2123 2160 2154 2118 2124
12597 5 2 6 1 2160 2154 2118 2124 720 721 715 714
12598 5 2 6 1 540 539 533 534 2161 2155 2119 2125
12599 5 2 6 1 2161 2155 2119 2125 2162 2156 2120 2126
12600 5 2 6 1 2162 2156 2120 2126 2163 2157 2121 2127
12601 5 2 6 1 2163 2157 2121 2127 2164 2158 2122 2128
12602 5 2 6 1 2164 2158 2122 2128 2165 2159 2123 2129
12603 5 2 6 1 2165 2159 2123 2129 2166 2160 2124 2130
12604 5 2 6 1 2166 2160 2124 2130 719 720 714 713
12605 5 2 6 1 541 540 534 535 2167 2161 2125 2131
12606 5 2 6 1 2167 2161 2125 2131 2168 2162 2126 2132
12607 5 2 6 1 2168 2162 2126 2132 2169 2163 2127 2133
12608 5 2 6 1 2169 2163 2127 2133 2170 2164 2128 2134
12609 5 2 6 1 2170 2164 2128 2134 2171 2165 2129 2135
12610 5 2 6 1 2171 2165 2129 2135 2172 2166 2130 2136
12611 5 2 6 1 2172 2166 2130 2136 718 719 713 712
12612 5 2 6 1 542 541 535 536 2173 2167 2131 2137
12613 5 2 6 1 2173 2167 2131 2137 2174 2168 2132 2138
12614 5 2 6 1 2174 2168 2132 2138 2175 2169 2133 2139
12615 5 2 6 1 2175 2169 2133 2139 2176 2170 2134 2140
12616 5 2 6 1 2176 2170 2134 2140 2177 2171 2135 2141
12617 5 2 6 1 2177 2171 2135 2141 2178 2172 2136 2142
12618 5 2 6 1 2178 2172 2136 2142 717 718 712 711
12619 5 2 6 1 127 542 536 126 627 2173 2137 621
12620 5 2 6 1 627 2173 2137 621 628 2174 2138 622
12621 5 2 6 1 628 2174 2138 622 629 2175 2139 623
12622 5 2 6 1 629 2175 2139 623 630 2176 2140 624
12623 5 2 6 1 630 2176 2140 624 631 2177 2141 625
12624 5 2 6 1 631 2177 2141 625 632 2178 2142 626
12625 5 2 6 1 632 2178 2142 626 148 717 711 147
12626 5 2 6 1 543 113 112 537 2179 818 812 2143
12627 5 2 6 1 2179 818 812 2143 2180 817 811 2144
12628 5 2 6 1 2180 817 811 2144 2181 816 810 2145
12629 5 2 6 1 2181 816 810 2145 2182 815 809 2146
12630 5 2 6 1 2182 815 809 2146 2183 814 808 2147
12631 5 2 6 1 2183 814 808 2147 2184 813 807 2148
12632 5 2 6 1 2184 813 807 2148 728 170 169 722
12633 5 2 6 1 544 543 537 538 2185 2179 2143 2149
12634 5 2 6 1 2185 2179 2143 2149 2186 2180 2144 2150
12635 5 2 6 1 2186 2180 2144 2150 2187 2181 2145 2151
12636 5 2 6 1 2187 2181 2145 2151 2188 2182 2146 2152
12637 5 2 6 1 2188 2182 2146 2152 2189 2183 2147 2153
12638 5 2 6 1 2189 2183 2147 2153 2190 2184 2148 2154
12639 5 2 6 1 2190 2184 2148 2154 727 728 722 721
12640 5 2 6 1 545 544 538 539 2191 2185 2149 2155
12641 5 2 6 1 2191 2185 2149 2155 2192 2186 2150 2156
12642 5 2 6 1 2192 2186 2150 2156 2193 2187 2151 2157
12643 5 2 6 1 2193 2187 2151 2157 2194 2188 2152 2158
12644 5 2 6 1 2194 2188 2152 2158 2195 2189 2153 2159
12645 5 2 6 1 2195 2189 2153 2159 2196 2190 2154 2160
12646 5 2 6 1 2196 2190 2154 2160 726 727 721 720
12647 5 2 6 1 546 545 539 540 2197 2191 2155 2161
12648 5 2 6 1 2197 2191 2155 2161 2198 2192 2156 2162
12649 5 2 6 1 2198 2192 2156 2162 2199 2193 2157 2163
12650 5 2 6 1 2199 2193 2157 2163 2200 2194 2158 2164
12651 5 2 6 1 2200 2194 2158 2164 2201 2195 2159 2165
12652 5 2 6 1 2201 2195 2159 2165 2202 2196 2160 2166
12653 5 2 6 1 2202 2196 2160 2166 725 726 720 719
12654 5 2 6 1 547 546 540 541 2203 2197 2161 2167
12655 5 2 6 1 2203 2197 2161 2167 2204 2198 2162 2168
12656 5 2 6 1 2204 2198 2162 2168 2205 2199 2163 2169
12657 5 2 6 1 2205 2199 2163 2169 2206 2200 2164 2170
12658 5 2 6 1 2206 2200 2164 2170 2207 2201 2165 2171
12659 5 2 6 1 2207 2201 2165 2171 2208 2202 2166 2172
12660 5 2 6 1 2208 2202 2166 2172 724 725 719 718
12661 5 2 6 1 548 547 541 542 2209 2203 2167 2173
12662 5 2 6 1 2209 2203 2167 2173 2210 2204 2168 2174
12663 5 2 6 1 2210 2204 2168 2174 2211 2205 2169 2175
12664 5 2 6 1 2211 2205 2169 2175 2212 2206 2170 2176
12665 5 2 6 1 2212 2206 2170 2176 2213 2207 2171 2177
12666 5 2 6 1 2213 2207 2171 2177 2214 2208 2172 2178
12667 5 2 6 1 2214 2208 2172 2178 723 724 718 717
12668 5 2 6 1 128 548 542 127 633 2209 2173 627
12669 5 2 6 1 633 2209 2173 627 634 2210 2174 628
12670 5 2 6 1 634 2210 2174 628 635 2211 2175 629
12671 5 2 6 1 635 2211 2175 629 636 2212 2176 630
12672 5 2 6 1 636 2212 2176 630 637 2213 2177 631
12673 5 2 6 1 637 2213 2177 631 638 2214 2178 632
12674 5 2 6 1 638 2214 2178 632 149 723 717 148
12675 5 2 6 1 549 114 113 543 2215 824 818 2179
12676 5 2 6 1 2215 824 818 2179 2216 823 817 2180
12677 5 2 6 1 2216 823 817 2180 2217 822 816 2181
12678 5 2 6 1 2217 822 816 2181 2218 821 815 2182
12679 5 2 6 1 2218 821 815 2182 2219 820 814 2183
12680 5 2 6 1 2219 820 814 2183 2220 819 813 2184
12681 5 2 6 1 2220 819 813 2184 734 171 170 728
12682 5 2 6 1 550 549 543 544 2221 2215 2179 2185
12683 5 2 6 1 2221 2215 2179 2185 2222 2216 2180 2186
12684 5 2 6 1 2222 2216 2180 2186 2223 2217 2181 2187
12685 5 2 6 1 2223 2217 2181 2187 2224 2218 2182 2188
12686 5 2 6 1 2224 2218 2182 2188 2225 2219 2183 2189
12687 5 2 6 1 2225 2219 2183 2189 2226 2220 2184 2190
12688 5 2 6 1 2226 2220 2184 2190 733 734 728 727
12689 5 2 6 1 551 550 544 545 2227 2221 2185 2191
12690 5 2 6 1 2227 2221 2185 2191 2228 2222 2186 2192
12691 5 2 6 1 2228 2222 2186 2192 2229 2223 2187 2193
12692 5 2 6 1 2229 2223 2187 2193 2230 2224 2188 2194
12693 5 2 6 1 2230 2224 2188 2194 2231 2225 2189 2195
12694 5 2 6 1 2231 2225 2189 2195 2232 2226 2190 2196
12695 5 2 6 1 2232 2226 2190 2196 732 733 727 726
12696 5 2 6 1 552 551 545 546 2233 2227 2191 2197
12697 5 2 6 1 2233 2227 2191 2197 2234 2228 2192 2198
12698 5 2 6 1 2234 2228 2192 2198 2235 2229 2193 2199
12699 5 2 6 1 2235 2229 2193 2199 2236 2230 2194 2200
12700 5 2 6 1 2236 2230 2194 2200 2237 2231 2195 2201
12701 5 2 6 1 2237 2231 2195 2201 2238 2232 2196 2202
12702 5 2 6 1 2238 2232 2196 2202 731 732 726 725
12703 5 2 6 1 553 552 546 547 2239 2233 2197 2203
12704 5 2 6 1 2239 2233 2197 2203 2240 2234 2198 2204
12705 5 2 6 1 2240 2234 2198 2204 2241 2235 2199 2205
12706 5 2 6 1 2241 2235 2199 2205 2242 2236 2200 2206
12707 5 2 6 1 2242 2236 2200 2206 2243 2237 2201 2207
12708 5 2 6 1 2243 2237 2201 2207 2244 2238 2202 2208
12709 5 2 6 1 2244 2238 2202 2208 730 731 725 724
12710 5 2 6 1 554 553 547 548 2245 2239 2203 2209
12711 5 2 6 1 2245 2239 2203 2209 2246 2240 2204 2210
12712 5 2 6 1 2246 2240 2204 2210 2247 2241 2205 2211
12713 5 2 6 1 2247 2241 2205 2211 2248 2242 2206 2212
12714 5 2 6 1 2248 2242 2206 2212 2249 2243 2207 2213
12715 5 2 6 1 2249 2243 2207 2213 2250 2244 2208 2214
12716 5 2 6 1 2250 2244 2208 2214 729 730 724 723
12717 5 2 6 1 129 554 548 128 639 2245 2209 633
12718 5 2 6 1 639 2245 2209 633 640 2246 2210 634
12719 5 2 6 1 640 2246 2210 634 641 2247 2211 635
12720 5 2 6 1 641 2247 2211 635 642 2248 2212 636
12721 5 2 6 1 642 2248 2212 636 643 2249 2213 637
12722 5 2 6 1 643 2249 2213 637 644 2250 2214 638
12723 5 2 6 1 644 2250 2214 638 150 729 723 149
12724 5 2 6 1 130 10 114 549 825 183 824 2215
12725 5 2 6 1 825 183 824 2215 826 182 823 2216
12726 5 2 6 1 826 182 823 2216 827 181 822 2217
12727 5 2 6 1 827 181 822 2217 828 180 821 2218
12728 5 2 6 1 828 180 821 2218 829 179 820 2219
12729 5 2 6 1 829 179 820 2219 830 178 819 2220
12730 5 2 6 1 830 178 819 2220 177 13 171 734
12731 5 2 6 1 131 130 549 550 831 825 2215 2221
12732 5 2 6 1 831 825 2215 2221 832 826 2216 2222
12733 5 2 6 1 832 826 2216 2222 833 827 2217 2223
12734 5 2 6 1 833 827 2217 2223 834 828 2218 2224
12735 5 2 6 1 834 828 2218 2224 835 829 2219 2225
12736 5 2 6 1 835 829 2219 2225 836 830 2220 2226
12737 5 2 6 1 836 830 2220 2226 176 177 734 733
12738 5 2 6 1 132 131 550 551 837 831 2221 2227
12739 5 2 6 1 837 831 2221 2227 838 832 2222 2228
12740 5 2 6 1 838 832 2222 2228 839 833 2223 2229
12741 5 2 6 1 839 833 2223 2229 840 834 2224 2230
12742 5 2 6 1 840 834 2224 2230 841 835 2225 2231
12743 5 2 6 1 841 835 2225 2231 842 836 2226 2232
12744 5 2 6 1 842 836 2226 2232 175 176 733 732
12745 5 2 6 1 133 132 551 552 843 837 2227 2233
12746 5 2 6 1 843 837 2227 2233 844 838 2228 2234
12747 5 2 6 1 844 838 2228 2234 845 839 2229 2235
12748 5 2 6 1 845 839 2229 2235 846 840 2230 2236
12749 5 2 6 1 846 840 2230 2236 847 841 2231 2237
12750 5 2 6 1 847 841 2231 2237 848 842 2232 2238
12751 5 2 6 1 848 842 2232 2238 174 175 732 731
12752 5 2 6 1 134 133 552 553 849 843 2233 2239
12753 5 2 6 1 849 843 2233 2239 850 844 2234 2240
12754 5 2 6 1 850 844 2234 2240 851 845 2235 2241
12755 5 2 6 1 851 845 2235 2241 852 846 2236 2242
12756 5 2 6 1 852 846 2236 2242 853 847 2237 2243
12757 5 2 6 1 853 847 2237 2243 854 848 2238 2244
12758 5 2 6 1 854 848 2238 2244 173 174 731 730
12759 5 2 6 1 135 134 553 554 855 849 2239 2245
12760 5 2 6 1 855 849 2239 2245 856 850 2240 2246
12761 5 2 6 1 856 850 2240 2246 857 851 2241 2247
12762 5 2 6 1 857 851 2241 2247 858 852 2242 2248
12763 5 2 6 1 858 852 2242 2248 859 853 2243 2249
12764 5 2 6 1 859 853 2243 2249 860 854 2244 2250
12765 5 2 6 1 860 854 2244 2250 172 173 730 729
12766 5 2 6 1 11 135 554 129 151 855 2245 639
12767 5 2 6 1 151 855 2245 639 152 856 2246 640
12768 5 2 6 1 152 856 2246 640 153 857 2247 641
12769 5 2 6 1 153 857 2247 641 154 858 2248 642
12770 5 2 6 1 154 858 2248 642 155 859 2249 643
12771 5 2 6 1 155 859 2249 643 156 860 2250 644
12772 5 2 6 1 156 860 2250 644 12 172 729 150
12773 7 2 7 2 8 157 735 40 2461
12774 7 2 7 2 40 735 736 41 2462
12775 7 2 7 2 41 736 737 42 2463
12776 7 2 7 2 42 737 738 43 2464
12777 7 2 7 2 43 738 739 44 2465
12778 7 2 7 2 44 739 740 45 2466
12779 7 2 7 2 45 740 100 9 2467
12780 7 2 7 2 157 158 741 735 2468
12781 7 2 7 2 735 741 742 736 2469
12782 7 2 7 2 736 742 743 737 2470
12783 7 2 7 2 737 743 744 738 2471
12784 7 2 7 2 738 744 745 739 2472
12785 7 2 7 2 739 745 746 740 2473
12786 7 2 7 2 740 746 101 100 2474
12787 7 2 7 2 158 159 747 741 2475
12788 7 2 7 2 741 747 748 742 2476
12789 7 2 7 2 742 748 749 743 2477
12790 7 2 7 2 743 749 750 744 2478
12791 7 2 7 2 744 750 751 745 2479
12792 7 2 7 2 745 751 752 746 2480
12793 7 2 7 2 746 752 102 101 2481
12794 7 2 7 2 159 160 753 747 2482
12795 7 2 7 2 747 753 754 748 2483
12796 7 2 7 2 748 754 755 749 2484
12797 7 2 7 2 749 755 756 750 2485
12798 7 2 7 2 750 756 757 751 2486
12799 7 2 7 2 751 757 758 752 2487
12800 7 2 7 2 752 758 103 102 2488
12801 7 2 7 2 160 161 759 753 2489
12802 7 2 7 2 753 759 760 754 2490
12803 7 2 7 2 754 760 761 755 2491
12804 7 2 7 2 755 761 762 756 2492
12805 7 2 7 2 756 762 763 757 2493
12806 7 2 7 2 757 763 764 758 2494
12807 7 2 7 2 758 764 104 103 2495
12808 7 2 7 2 161 162 765 759 2496
12809 7 2 7 2 759 765 766 760 2497
12810 7 2 7 2 760 766 767 761 2498
12811 7 2 7 2 761 767 768 762 2499
12812 7 2 7 2 762 768 769 763 2500
12813 7 2 7 2 763 769 770 764 2501
12814 7 2 7 2 764 770 105 104 2502
12815 7 2 7 2 162 163 771 765 2503
12816 7 2 7 2 765 771 772 766 2504
12817 7 2 7 2 766 772 773 767 2505
12818 7 2 7 2 767 773 774 768 2506
12819 7 2 7 2 768 774 775 769 2507
12820 7 2 7 2 769 775 776 770 2508
12821 7 2 7 2 770 776 106 105 2509
12822 7 2 7 2 163 164 777 771 2510
12823 7 2 7 2 771 777 778 772 2511
12824 7 2 7 2 772 778 779 773 2512
12825 7 2 7 2 773 779 780 774 2513
12826 7 2 7 2 774 780 781 775 2514
12827 7 2 7 2 775 781 782 776 2515
12828 7 2 7 2 776 782 107 106 2516
12829 7 2 7 2 164 165 783 777 2517
12830 7 2 7 2 777 783 784 778 2518
12831 7 2 7 2 778 784 785 779 2519
12832 7 2 7 2 779 785 786 780 2520
12833 7 2 7 2 780 786 787 781 2521
12834 7 2 7 2 781 787 788 782 2522
12835 7 2 7 2 782 788 108 107 2523
12836 7 2 7 2 165 166 789 783 2524
12837 7 2 7 2 783 789 790 784 2525
12838 7 2 7 2 784 790 791 785 2526
12839 7 2 7 2 785 791 792 786 2527
12840 7 2 7 2 786 792 793 787 2528
12841 7 2 7 2 787 793 794 788 2529
12842 7 2 7 2 788 794 109 108 2530
12843 7 2 7 2 166 167 795 789 2531
12844 7 2 7 2 789 795 796 790 2532
12845 7 2 7 2 790 796 797 791 2533
12846 7 2 7 2 791 797 798 792 2534
12847 7 2 7 2 792 798 799 793 2535
12848 7 2 7 2 793 799 800 794 2536
12849 7 2 7 2 794 800 110 109 2537
12850 7 2 7 2 167 168 801 795 2538
12851 7 2 7 2 795 801 802 796 2539
12852 7 2 7 2 796 802 803 797 2540
12853 7 2 7 2 797 803 804 798 2541
12854 7 2 7 2 798 804 805 799 2542
12855 7 2 7 2 799 805 806 800 2543
12856 7 2 7 2 800 806 111 110 2544
12857 7 2 7 2 168 169 807 801 2545
12858 7 2 7 2 801 807 808 802 2546
12859 7 2 7 2 802 808 809 803 2547
12860 7 2 7 2 803 809 810 804 2548
12861 7 2 7 2 804 810 811 805 2549
12862 7 2 7 2 805 811 812 806 2550
12863 7 2 7 2 806 812 112 111 2551
12864 7 2 7 2 169 170 813 807 2552
12865 7 2 7 2 807 813 814 808 2553
12866 7 2 7 2 808 814 815 809 2554
12867 7 2 7 2 809 815 816 810 2555
12868 7 2 7 2 810 816 817 811 2556
12869 7 2 7 2 811 817 818 812 2557
12870 7 2 7 2 812 818 113 112 2558
12871 7 2 7 2 170 171 819 813 2559
12872 7 2 7 2 813 819 820 814 2560
12873 7 2 7 2 814 820 821 815 2561
12874 7 2 7 2 815 821 822 816 2562
12875 7 2 7 2 816 822 823 817 2563
12876 7 2 7 2 817 823 824 818 2564
12877 7 2 7 2 818 824 114 113 2565
12878 7 2 7 2 171 13 178 819 2566
12879 7 2 7 2 819 178 179 820 2567
12880 7 2 7 2 820 179 180 821 2568
12881 7 2 7 2 821 180 181 822 2569
12882 7 2 7 2 822 181 182 823 2570
12883 7 2 7 2 823 182 183 824 2571
12884 7 2 7 2 824 183 10 114 2572
12885 7 2 7 3 6 136 645 34 2728
12886 7 2 7 3 34 645 646 35 2729
12887 7 2 7 3 35 646 647 36 2730
12888 7 2 7 3 36 647 648 37 2731
12889 7 2 7 3 37 648 649 38 2732
12890 7 2 7 3 38 649 650 39 2733
12891 7 2 7 3 39 650 157 8 2734
12892 7 2 7 3 136 137 651 645 2735
12893 7 2 7 3 645 651 652 646 2736
12894 7 2 7 3 646 652 653 647 2737
12895 7 2 7 3 647 653 654 648 2738
12896 7 2 7 3 648 654 655 649 2739
12897 7 2 7 3 649 655 656 650 2740
12898 7 2 7 3 650 656 158 157 2741
12899 7 2 7 3 137 138 657 651 2742
12900 7 2 7 3 651 657 658 652 2743
12901 7 2 7 3 652 658 659 653 2744
12902 7 2 7 3 653 659 660 654 2745
12903 7 2 7 3 654 660 661 655 2746
12904 7 2 7 3 655 661 662 656 2747
12905 7 2 7 3 656 662 159 158 2748
12906 7 2 7 3 138 139 663 657 2749
12907 7 2 7 3 657 663 664 658 2750
12908 7 2 7 3 658 664 665 659 2751
12909 7 2 7 3 659 665 666 660 2752
12910 7 2 7 3 660 666 667 661 2753
12911 7 2 7 3 661 667 668 662 2754
12912 7 2 7 3 662 668 160 159 2755
12913 7 2 7 3 139 140 669 663 2756
12914 7 2 7 3 663 669 670 664 2757
12915 7 2 7 3 664 670 671 665 2758
12916 7 2 7 3 665 671 672 666 2759
12917 7 2 7 3 666 672 673 667 2760
12918 7 2 7 3 667 673 674 668 2761
12919 7 2 7 3 668 674 161 160 2762
12920 7 2 7 3 140 141 675 669 2763
12921 7 2 7 3 669 675 676 670 2764
12922 7 2 7 3 670 676 677 671 2765
12923 7 2 7 3 671 677 678 672 2766
12924 7 2 7 3 672 678 679 673 2767
12925 7 2 7 3 673 679 680 674 2768
12926 7 2 7 3 674 680 162 161 2769
12927 7 2 7 3 141 142 681 675 2770
12928 7 2 7 3 675 681 682 676 2771
12929 7 2 7 3 676 682 683 677 2772
12930 7 2 7 3 677 683 684 678 2773
12931 7 2 7 3 678 684 685 679 2774
12932 7 2 7 3 679 685 686 680 2775
12933 7 2 7 3 680 686 163 162 2776
12934 7 2 7 3 142 143 687 681 2777
12935 7 2 7 3 681 687 688 682 2778
12936 7 2 7 3 682 688 689 683 2779
12937 7 2 7 3 683 689 690 684 2780
12938 7 2 7 3 684 690 691 685 2781
12939 7 2 7 3 685 691 692 686 2782
12940 7 2 7 3 686 692 164 163 2783
12941 7 2 7 3 143 144 693 687 2784
12942 7 2 7 3 687 693 694 688 2785
12943 7 2 7 3 688 694 695 689 2786
12944 7 2 7 3 689 695 696 690 2787
12945 7 2 7 3 690 696 697 691 2788
12946 7 2 7 3 691 697 698 692 2789
12947 7 2 7 3 692 698 165 164 2790
12948 7 2 7 3 144 145 699 693 2791
12949 7 2 7 3 693 699 700 694 2792
12950 7 2 7 3 694 700 701 695 2793
12951 7 2 7 3 695 701 702 696 2794
12952 7 2 7 3 696 702 703 697 2795
12953 7 2 7 3 697 703 704 698 2796
12954 7 2 7 3 698 704 166 165 2797
12955 7 2 7 3 145 146 705 699 2798
12956 7 2 7 3 699 705 706 700 2799
12957 7 2 7 3 700 706 707 701 2800
12958 7 2 7 3 701 707 708 702 2801
12959 7 2 7 3 702 708 709 703 2802
12960 7 2 7 3 703 709 710 704 2803
12961 7 2 7 3 704 710 167 166 2804
12962 7 2 7 3 146 147 711 705 2805
12963 7 2 7 3 705 711 712 706 2806
12964 7 2 7 3 706 712 713 707 2807
12965 7 2 7 3 707 713 714 708 2808
12966 7 2 7 3 708 714 715 709 2809
12967 7 2 7 3 709 715 716 710 2810
12968 7 2 7 3 710 716 168 167 2811
12969 7 2 7 3 147 148 717 711 2812
12970 7 2 7 3 711 717 718 712 2813
12971 7 2 7 3 712 718 719 713 2814
12972 7 2 7 3 713 719 720 714 2815
12973 7 2 7 3 714 720 721 715 2816
12974 7 2 7 3 715 721 722 716 2817
12975 7 2 7 3 716 722 169 168 2818
12976 7 2 7 3 148 149 723 717 2819
12977 7 2 7 3 717 723 724 718 2820
12978 7 2 7 3 718 724 725 719 2821
12979 7 2 7 3 719 725 726 720 2822
12980 7 2 7 3 720 726 727 721 2823
12981 7 2 7 3 721 727 728 722 2824
12982 7 2 7 3 722 728 170 169 2825
12983 7 2 7 3 149 150 729 723 2826
12984 7 2 7 3 723 729 730 724 2827
12985 7 2 7 3 724 730 731 725 2828
12986 7 2 7 3 725 731 732 726 2829
12987 7 2 7 3 726 732 733 727 2830
12988 7 2 7 3 727 733 734 728 2831
12989 7 2 7 3 728 734 171 170 2832
12990 7 2 7 3 150 12 172 729 2833
12991 7 2 7 3 729 172 173 730 2834
12992 7 2 7 3 730 173 174 731 2835
12993 7 2 7 3 731 174 175 732 2836
12994 7 2 7 3 732 175 176 733 2837
12995 7 2 7 3 733 176 177 734 2838
12996 7 2 7 3 734 177 13 171 2839
12997 7 2 7 5 825 130 10 183 2954
12998 7 2 7 5 826 825 183 182 2955
12999 7 2 7 5 827 826 182 181 2956
13000 7 2 7 5 828 827 181 180 2957
13001 7 2 7 5 829 828 180 179 2958
13002 7 2 7 5 830 829 179 178 2959
13003 7 2 7 5 177 830 178 13 2960
13004 7 2 7 5 831 131 130 825 2961
13005 7 2 7 5 832 831 825 826 2962
13006 7 2 7 5 833 832 826 827 2963
13007 7 2 7 5 834 833 827 828 2964
13008 7 2 7 5 835 834 828 829 2965
13009 7 2 7 5 836 835 829 830 2966
13010 7 2 7 5 176 836 830 177 2967
13011 7 2 7 5 837 132 131 831 2968
13012 7 2 7 5 838 837 831 832 2969
13013 7 2 7 5 839 838 832 833 2970
13014 7 2 7 5 840 839 833 834 2971
13015 7 2 7 5 841 840 834 835 2972
13016 7 2 7 5 842 841 835 836 2973
13017 7 2 7 5 175 842 836 176 2974
13018 7 2 7 5 843 133 132 837 2975
13019 7 2 7 5 844 843 837 838 2976
13020 7 2 7 5 845 844 838 839 2977
13021 7 2 7 5 846 845 839 840 2978
13022 7 2 7 5 847 846 840 841 2979
13023 7 2 7 5 848 847 841 842 2980
13024 7 2 7 5 174 848 842 175 2981
13025 7 2 7 5 849 134 133 843 2982
13026 7 2 7 5 850 849 843 844 2983
13027 7 2 7 5 851 850 844 845 2984
13028 7 2 7 5 852 851 845 846 2985
13029 7 2 7 5 853 852 846 847 2986
13030 7 2 7 5 854 853 847 848 2987
13031 7 2 7 5 173 854 848 174 2988
13032 7 2 7 5 855 135 134 849 2989
13033 7 2 7 5 856 855 849 850 2990
13034 7 2 7 5 857 856 850 851 2991
13035 7 2 7 5 858 857 851 852 2992
13036 7 2 7 5 859 858 852 853 2993
13037 7 2 7 5 860 859 853 854 2994
13038 7 2 7 5 172 860 854 173 2995
13039 7 2 7 5 151 11 135 855 2996
13040 7 2 7 5 152 151 855 856 2997
13041 7 2 7 5 153 152 856 857 2998
13042 7 2 7 5 154 153 857 858 2999
13043 7 2 7 5 155 154 858 859 3000
13044 7 2 7 5 156 155 859 860 3001
13045 7 2 7 5 12 156 860 172 3002
$EndElements
